timestamp,sensor1,sensor2,sensor3,mqtt_state
2026-07-19 10:22:24,340,570,611,0
2026-07-19 10:22:25,397,568,622,0
2026-07-19 10:22:26,398,571,608,0
2026-07-19 10:22:27,403,596,597,0
2026-07-19 10:22:28,424,594,586,0
2026-07-19 10:22:29,389,603,572,0
2026-07-19 10:22:30,398,579,555,0
2026-07-19 10:22:31,400,582,558,0
2026-07-19 10:22:32,396,585,578,0
2026-07-19 10:22:33,397,583,580,0
2026-07-19 10:22:34,400,568,574,0
2026-07-19 10:22:35,392,600,559,0
2026-07-19 10:22:36,350,591,561,0
2026-07-19 10:22:37,341,580,552,0
2026-07-19 10:22:38,341,592,574,0
2026-07-19 10:22:39,337,579,577,0
2026-07-19 10:22:40,351,578,582,0
2026-07-19 10:22:41,387,580,563,0
2026-07-19 10:22:42,428,580,544,0
2026-07-19 10:22:43,393,578,524,0
2026-07-19 10:22:44,423,593,515,0
2026-07-19 10:22:45,406,578,510,0
2026-07-19 10:22:46,395,590,528,0
2026-07-19 10:22:47,431,593,535,0
2026-07-19 10:22:48,413,578,555,0
2026-07-19 10:22:49,400,592,563,0
2026-07-19 10:22:50,380,582,585,0
2026-07-19 10:22:51,356,599,583,0
2026-07-19 10:22:52,371,596,597,0
2026-07-19 10:22:53,359,571,598,0
2026-07-19 10:22:54,364,576,619,0
2026-07-19 10:22:55,363,585,597,0
2026-07-19 10:22:56,374,588,623,0
2026-07-19 10:22:57,412,581,611,0
2026-07-19 10:22:58,409,580,574,0
2026-07-19 10:22:59,424,573,583,0
2026-07-19 10:23:00,419,573,573,0
2026-07-19 10:23:01,413,590,550,0
2026-07-19 10:23:02,418,607,535,0
2026-07-19 10:23:03,397,598,560,0
2026-07-19 10:23:04,392,596,575,0
2026-07-19 10:23:05,391,577,573,0
2026-07-19 10:23:06,396,590,574,0
2026-07-19 10:23:07,416,578,572,0
2026-07-19 10:23:08,378,600,569,0
2026-07-19 10:23:09,388,599,567,0
2026-07-19 10:23:10,369,589,568,0
2026-07-19 10:23:11,373,591,568,0
2026-07-19 10:23:12,350,575,557,0
2026-07-19 10:23:13,354,579,549,0
2026-07-19 10:23:14,343,594,574,0
2026-07-19 10:23:15,350,577,575,0
2026-07-19 10:23:16,357,578,570,0
2026-07-19 10:23:17,347,585,569,0
2026-07-19 10:23:18,351,586,564,0
2026-07-19 10:23:19,353,581,561,0
2026-07-19 10:23:20,350,571,572,0
2026-07-19 10:23:21,345,574,542,0
2026-07-19 10:23:22,354,572,566,0
2026-07-19 10:23:23,354,577,560,0
2026-07-19 10:23:24,355,576,555,0
2026-07-19 10:23:25,359,577,562,0
2026-07-19 10:23:26,374,580,555,0
2026-07-19 10:23:27,351,590,567,0
2026-07-19 10:23:28,335,579,571,0
2026-07-19 10:23:29,337,574,557,0
2026-07-19 10:23:30,347,573,567,0
2026-07-19 10:23:31,383,573,541,0
2026-07-19 10:23:32,368,579,564,0
2026-07-19 10:23:33,356,571,553,0
2026-07-19 10:23:34,356,574,533,0
2026-07-19 10:23:35,340,570,548,0
2026-07-19 10:23:36,349,586,555,0
2026-07-19 10:23:37,362,575,568,0
2026-07-19 10:23:38,353,590,570,0
2026-07-19 10:23:39,359,575,562,0
2026-07-19 10:23:40,353,593,579,0
2026-07-19 10:23:41,363,572,562,0
2026-07-19 10:23:42,353,603,552,0
2026-07-19 10:23:43,346,598,569,0
2026-07-19 10:23:44,373,586,556,0
2026-07-19 10:23:45,372,602,585,0
2026-07-19 10:23:46,384,579,560,0
2026-07-19 10:23:47,386,600,561,0
2026-07-19 10:23:48,416,604,563,0
2026-07-19 10:23:49,415,591,560,0
2026-07-19 10:23:50,436,572,575,0
2026-07-19 10:23:51,399,579,581,0
2026-07-19 10:23:52,425,581,571,0
2026-07-19 10:23:53,387,596,582,0
2026-07-19 10:23:54,399,585,581,0
2026-07-19 10:23:55,420,589,563,0
2026-07-19 10:23:56,416,591,580,0
2026-07-19 10:23:57,401,590,597,0
2026-07-19 10:23:58,396,601,577,0
2026-07-19 10:23:59,388,564,562,0
2026-07-19 10:24:00,428,606,556,0
2026-07-19 10:24:01,418,577,550,0
2026-07-19 10:24:02,391,605,575,0
2026-07-19 10:24:03,399,575,568,0
2026-07-19 10:24:04,410,571,556,0
2026-07-19 10:24:05,399,600,564,0
2026-07-19 10:24:06,412,577,544,0
2026-07-19 10:24:07,402,591,555,0
2026-07-19 10:24:08,402,602,558,0
2026-07-19 10:24:09,411,601,555,0
2026-07-19 10:24:10,420,604,537,0
2026-07-19 10:24:11,418,600,525,0
2026-07-19 10:24:12,375,588,601,0
2026-07-19 10:24:13,415,592,564,0
2026-07-19 10:24:14,403,580,566,0
2026-07-19 10:24:15,421,577,541,0
2026-07-19 10:24:16,423,597,598,0
2026-07-19 10:24:17,409,594,578,0
2026-07-19 10:24:18,419,600,584,0
2026-07-19 10:24:19,418,592,591,0
2026-07-19 10:24:20,427,582,575,0
2026-07-19 10:24:21,438,602,566,0
2026-07-19 10:24:22,398,570,565,0
2026-07-19 10:24:23,390,582,580,0
2026-07-19 10:24:24,381,574,574,0
2026-07-19 10:24:25,362,580,575,0
2026-07-19 10:24:26,353,591,575,0
2026-07-19 10:24:27,340,573,561,0
2026-07-19 10:24:28,375,581,545,0
2026-07-19 10:24:29,397,582,568,0
2026-07-19 10:24:30,394,579,536,0
2026-07-19 10:24:31,425,592,510,0
2026-07-19 10:24:32,397,595,500,0
2026-07-19 10:24:33,405,590,514,0
2026-07-19 10:24:34,408,577,531,0
2026-07-19 10:24:35,409,595,554,0
2026-07-19 10:24:36,381,613,555,0
2026-07-19 10:24:37,398,585,567,0
2026-07-19 10:24:38,423,584,561,0
2026-07-19 10:24:39,371,583,567,0
2026-07-19 10:24:40,340,584,596,0
2026-07-19 10:24:41,353,585,603,0
2026-07-19 10:24:42,334,577,599,0
2026-07-19 10:24:43,369,581,600,0
2026-07-19 10:24:44,379,573,598,0
2026-07-19 10:24:45,393,581,612,0
2026-07-19 10:24:46,408,592,626,0
2026-07-19 10:24:47,404,593,596,0
2026-07-19 10:24:48,398,602,553,0
2026-07-19 10:24:49,403,606,557,0
2026-07-19 10:24:50,406,602,586,0
2026-07-19 10:24:51,401,581,562,0
2026-07-19 10:24:52,387,586,572,0
2026-07-19 10:24:53,414,588,594,0
2026-07-19 10:24:54,434,582,579,0
2026-07-19 10:24:55,404,575,579,0
2026-07-19 10:24:56,415,593,575,0
2026-07-19 10:24:57,394,595,563,0
2026-07-19 10:24:58,377,595,549,0
2026-07-19 10:24:59,358,589,555,0
2026-07-19 10:25:00,347,596,557,0
2026-07-19 10:25:01,367,593,575,0
2026-07-19 10:25:02,353,576,565,0
2026-07-19 10:25:03,364,570,554,0
2026-07-19 10:25:04,358,573,570,0
2026-07-19 10:25:05,331,597,589,0
2026-07-19 10:25:06,342,566,560,0
2026-07-19 10:25:07,393,589,563,0
2026-07-19 10:25:08,357,581,559,0
2026-07-19 10:25:09,392,598,548,0
2026-07-19 10:25:10,393,590,573,0
2026-07-19 10:25:11,400,583,588,0
2026-07-19 10:25:12,400,594,587,0
2026-07-19 10:25:13,415,583,591,0
2026-07-19 10:25:14,382,597,564,0
2026-07-19 10:25:15,400,597,589,0
2026-07-19 10:25:16,422,571,573,0
2026-07-19 10:25:17,406,570,582,0
2026-07-19 10:25:18,374,574,618,0
2026-07-19 10:30:45,378,583,501,0
2026-07-19 10:32:12,408,576,563,0
2026-07-19 10:32:13,386,591,553,0
2026-07-19 10:32:14,353,574,560,0
2026-07-19 10:32:15,342,567,555,0
2026-07-19 10:32:16,333,565,585,0
2026-07-19 10:32:17,345,563,562,0
2026-07-19 10:32:18,343,577,558,0
2026-07-19 10:32:19,356,580,557,0
2026-07-19 10:32:20,345,575,537,0
2026-07-19 10:32:21,371,578,540,0
2026-07-19 10:32:22,379,578,569,0
2026-07-19 10:32:23,391,580,539,0
2026-07-19 10:32:24,423,579,544,0
2026-07-19 10:32:25,367,570,515,0
2026-07-19 10:32:26,376,589,504,0
2026-07-19 10:32:27,374,593,502,0
2026-07-19 10:32:28,422,594,512,0
2026-07-19 10:32:29,403,587,501,0
2026-07-19 10:32:30,398,567,525,0
2026-07-19 10:32:31,400,571,528,0
2026-07-19 10:32:32,388,589,520,0
2026-07-19 10:32:33,404,583,554,0
2026-07-19 10:32:34,416,598,544,0
2026-07-19 10:32:35,415,583,551,0
2026-07-19 10:32:36,403,593,541,0
2026-07-19 10:32:37,411,597,548,0
2026-07-19 10:32:38,398,582,566,0
2026-07-19 10:32:39,394,585,567,0
2026-07-19 10:32:40,395,580,549,0
2026-07-19 10:32:41,404,596,559,0
2026-07-19 10:32:42,384,556,569,0
2026-07-19 10:32:43,383,597,567,0
2026-07-19 10:32:44,384,587,589,0
2026-07-19 10:32:45,369,585,568,0
2026-07-19 10:32:46,371,587,580,0
2026-07-19 10:32:47,377,574,556,0
2026-07-19 10:32:48,355,583,581,0
2026-07-19 10:32:49,371,582,560,0
2026-07-19 10:32:50,341,579,591,0
2026-07-19 10:32:51,348,576,559,0
2026-07-19 10:32:52,353,569,574,0
2026-07-19 10:32:53,388,602,567,0
2026-07-19 10:32:54,386,577,552,0
2026-07-19 10:32:55,389,582,565,0
2026-07-19 10:32:56,388,568,560,0
2026-07-19 10:32:57,391,584,567,0
2026-07-19 10:32:58,395,585,553,0
2026-07-19 10:32:59,413,589,558,0
2026-07-19 10:33:00,387,598,547,0
2026-07-19 10:33:01,434,601,532,0
2026-07-19 10:33:02,398,568,511,0
2026-07-19 10:33:03,400,588,509,0
2026-07-19 10:33:04,402,592,506,0
2026-07-19 10:33:05,396,576,506,0
2026-07-19 10:33:06,378,581,511,0
2026-07-19 10:33:07,372,591,511,0
2026-07-19 10:33:08,394,589,503,0
2026-07-19 10:33:09,403,583,503,0
2026-07-19 10:33:10,402,578,516,0
2026-07-19 10:33:11,394,586,529,0
2026-07-19 10:33:12,369,582,544,0
2026-07-19 10:33:13,382,570,557,0
2026-07-19 10:33:14,364,580,554,0
2026-07-19 10:33:15,375,573,569,0
2026-07-19 10:33:16,327,578,538,0
2026-07-19 10:33:17,345,570,556,0
2026-07-19 10:33:18,363,568,569,0
2026-07-19 10:33:19,351,577,564,0
2026-07-19 10:33:20,343,568,553,0
2026-07-19 10:33:21,359,568,561,0
2026-07-19 10:33:22,333,595,572,0
2026-07-19 10:33:23,334,574,570,0
2026-07-19 10:33:24,355,587,558,0
2026-07-19 10:33:25,359,584,559,0
2026-07-19 10:33:26,382,582,557,0
2026-07-19 10:33:27,404,568,556,0
2026-07-19 10:33:28,396,596,580,0
2026-07-19 10:33:29,404,588,557,0
2026-07-19 10:33:30,415,577,580,0
2026-07-19 10:33:31,426,596,582,0
2026-07-19 10:33:32,392,584,563,0
2026-07-19 10:33:33,380,581,557,0
2026-07-19 10:33:34,410,581,541,0
2026-07-19 10:33:35,406,580,555,0
2026-07-19 10:33:36,403,582,560,0
2026-07-19 10:33:37,381,600,545,0
2026-07-19 10:33:38,417,583,534,0
2026-07-19 10:33:39,390,589,557,0
2026-07-19 10:33:40,433,586,562,0
2026-07-19 10:33:41,380,580,537,0
2026-07-19 10:33:42,413,581,548,0
2026-07-19 10:33:43,404,566,539,0
2026-07-19 10:33:44,403,577,531,0
2026-07-19 10:33:45,392,590,549,0
2026-07-19 10:33:46,401,566,557,0
2026-07-19 10:33:47,410,575,548,0
2026-07-19 10:33:48,396,591,569,0
2026-07-19 10:33:49,394,612,574,0
2026-07-19 10:33:50,407,592,563,0
2026-07-19 10:33:51,421,596,587,0
2026-07-19 10:33:52,408,592,556,0
2026-07-19 10:33:53,371,569,579,0
2026-07-19 10:33:54,343,590,568,0
2026-07-19 10:33:55,348,588,567,0
2026-07-19 10:33:56,348,582,527,0
2026-07-19 10:33:57,343,574,549,0
2026-07-19 10:33:58,387,579,546,0
2026-07-19 10:33:59,384,578,556,0
2026-07-19 10:34:00,414,575,520,0
2026-07-19 10:34:01,377,579,504,0
2026-07-19 10:34:02,386,596,529,0
2026-07-19 10:34:03,393,577,510,0
2026-07-19 10:34:04,410,585,502,0
2026-07-19 10:34:05,401,585,556,0
2026-07-19 10:34:06,396,597,562,0
2026-07-19 10:34:07,396,584,563,0
2026-07-19 10:34:08,375,571,574,0
2026-07-19 10:34:09,335,595,569,0
2026-07-19 10:34:10,335,602,598,0
2026-07-19 10:34:11,346,556,587,0
2026-07-19 10:34:12,367,568,618,0
2026-07-19 10:34:13,372,570,623,0
2026-07-19 10:34:14,411,567,595,0
2026-07-19 10:34:15,402,581,602,0
2026-07-19 10:34:16,394,583,565,0
2026-07-19 10:34:17,389,589,594,0
2026-07-19 10:34:18,396,573,568,0
2026-07-19 10:34:19,392,570,556,0
2026-07-19 10:34:20,412,601,560,0
2026-07-19 10:34:21,392,597,571,0
2026-07-19 10:34:22,387,593,612,0
2026-07-19 10:34:23,407,592,586,0
2026-07-19 10:34:24,400,596,555,0
2026-07-19 10:34:25,415,578,547,0
2026-07-19 10:34:26,385,593,566,0
2026-07-19 10:34:27,347,573,560,0
2026-07-19 10:34:28,357,567,559,0
2026-07-19 10:34:29,337,575,569,0
2026-07-19 10:34:30,336,574,562,0
2026-07-19 10:34:31,363,576,566,0
2026-07-19 10:34:32,375,579,557,0
2026-07-19 10:34:33,390,573,538,0
2026-07-19 10:34:34,421,576,541,0
2026-07-19 10:34:35,409,589,505,0
2026-07-19 10:34:36,384,583,495,0
2026-07-19 10:34:37,409,592,528,0
2026-07-19 10:34:38,407,570,527,0
2026-07-19 10:34:39,408,582,524,0
2026-07-19 10:34:40,398,605,539,0
2026-07-19 10:34:41,397,598,559,0
2026-07-19 10:34:42,400,596,543,0
2026-07-19 10:34:43,391,574,561,0
2026-07-19 10:34:44,389,585,567,0
2026-07-19 10:34:45,387,600,561,0
2026-07-19 10:34:46,389,582,559,0
2026-07-19 10:34:47,394,608,557,0
2026-07-19 10:34:48,354,591,582,0
2026-07-19 10:34:49,359,586,587,0
2026-07-19 10:34:50,356,594,592,0
2026-07-19 10:34:51,336,574,614,0
2026-07-19 10:34:52,354,569,592,0
2026-07-19 10:34:53,347,569,613,0
2026-07-19 10:34:54,355,581,580,0
2026-07-19 10:34:55,355,566,621,0
2026-07-19 10:34:56,350,568,598,0
2026-07-19 10:34:57,389,584,572,0
2026-07-19 10:34:58,421,575,591,0
2026-07-19 10:34:59,398,569,639,0
2026-07-19 10:35:00,398,584,595,0
2026-07-19 10:35:01,382,598,556,0
2026-07-19 10:35:02,415,580,578,0
2026-07-19 10:35:03,379,567,546,0
2026-07-19 10:35:04,397,589,531,0
2026-07-19 10:35:05,400,580,578,0
2026-07-19 10:35:06,414,569,585,0
2026-07-19 10:35:07,415,603,569,0
2026-07-19 10:35:08,404,574,558,0
2026-07-19 10:35:09,384,578,558,0
2026-07-19 10:35:10,369,562,560,0
2026-07-19 10:35:11,345,574,558,0
2026-07-19 10:35:12,336,596,553,0
2026-07-19 10:35:13,349,579,546,0
2026-07-19 10:35:14,339,570,568,0
2026-07-19 10:35:15,341,568,575,0
2026-07-19 10:35:16,367,572,555,0
2026-07-19 10:35:17,369,580,562,0
2026-07-19 10:35:18,394,581,524,0
2026-07-19 10:35:19,378,577,513,0
2026-07-19 10:35:20,407,567,517,0
2026-07-19 10:35:21,384,576,503,0
2026-07-19 10:35:22,399,605,500,0
2026-07-19 10:35:23,385,593,524,0
2026-07-19 10:35:24,382,583,500,0
2026-07-19 10:35:25,385,588,508,0
2026-07-19 10:35:26,403,590,532,0
2026-07-19 10:35:27,428,572,513,0
2026-07-19 10:35:28,386,570,554,0
2026-07-19 10:35:29,399,587,564,0
2026-07-19 10:35:30,388,595,555,0
2026-07-19 10:35:31,390,580,552,0
2026-07-19 10:35:32,365,598,577,0
2026-07-19 10:35:33,367,581,579,0
2026-07-19 10:35:34,347,580,580,0
2026-07-19 10:35:35,341,594,577,0
2026-07-19 10:35:36,364,559,633,0
2026-07-19 10:35:37,355,574,559,0
2026-07-19 10:35:38,379,567,607,0
2026-07-19 10:35:39,393,575,575,0
2026-07-19 10:35:40,397,584,598,0
2026-07-19 10:35:41,402,587,539,0
2026-07-19 10:35:42,398,561,570,0
2026-07-19 10:35:43,410,598,558,0
2026-07-19 10:35:44,385,594,569,0
2026-07-19 10:35:45,405,586,570,0
2026-07-19 10:35:46,417,574,571,0
2026-07-19 10:35:47,397,597,556,0
2026-07-19 10:35:48,336,593,563,0
2026-07-19 10:35:49,354,567,564,0
2026-07-19 10:35:50,342,580,555,0
2026-07-19 10:35:51,339,576,555,0
2026-07-19 10:35:52,360,572,557,0
2026-07-19 10:35:53,388,576,547,0
2026-07-19 10:35:54,400,576,537,0
2026-07-19 10:35:55,373,590,512,0
2026-07-19 10:35:56,379,575,513,0
2026-07-19 10:35:57,381,595,505,0
2026-07-19 10:35:58,384,585,524,0
2026-07-19 10:35:59,382,574,539,0
2026-07-19 10:36:00,406,596,537,0
2026-07-19 10:36:01,405,597,560,0
2026-07-19 10:36:02,371,557,567,0
2026-07-19 10:36:03,349,575,567,0
2026-07-19 10:36:04,332,576,603,0
2026-07-19 10:36:05,345,574,597,0
2026-07-19 10:36:06,348,578,597,0
2026-07-19 10:36:07,371,573,594,0
2026-07-19 10:36:08,401,570,616,0
2026-07-19 10:36:09,388,574,630,0
2026-07-19 10:36:10,406,585,567,0
2026-07-19 10:36:11,404,579,576,0
2026-07-19 10:36:12,400,577,554,0
2026-07-19 10:36:13,387,573,539,0
2026-07-19 10:36:14,372,600,557,0
2026-07-19 10:36:15,392,586,600,0
2026-07-19 10:36:16,389,593,533,0
2026-07-19 10:36:17,383,576,552,0
2026-07-19 10:36:18,361,592,559,0
2026-07-19 10:36:19,353,594,557,0
2026-07-19 10:36:20,345,582,557,0
2026-07-19 10:36:21,339,574,558,0
2026-07-19 10:36:22,346,570,556,0
2026-07-19 10:36:23,379,578,540,0
2026-07-19 10:36:24,369,568,538,0
2026-07-19 10:36:25,399,568,503,0
2026-07-19 10:36:26,399,578,502,0
2026-07-19 10:36:27,407,588,507,0
2026-07-19 10:36:28,394,577,524,0
2026-07-19 10:36:29,418,599,531,0
2026-07-19 10:36:30,384,603,563,0
2026-07-19 10:36:31,399,565,560,0
2026-07-19 10:36:32,399,604,550,0
2026-07-19 10:36:33,379,579,564,0
2026-07-19 10:36:34,388,580,551,0
2026-07-19 10:36:35,362,572,580,0
2026-07-19 10:36:36,338,553,593,0
2026-07-19 10:36:37,356,566,597,0
2026-07-19 10:36:38,338,569,610,0
2026-07-19 10:36:39,348,586,589,0
2026-07-19 10:36:40,387,565,585,0
2026-07-19 10:36:41,381,570,582,0
2026-07-19 10:36:42,411,562,584,0
2026-07-19 10:36:43,406,561,568,0
2026-07-19 10:36:44,394,578,541,0
2026-07-19 10:36:45,412,587,530,0
2026-07-19 10:36:46,399,587,559,0
2026-07-19 10:36:47,387,585,568,0
2026-07-19 10:36:48,414,582,598,0
2026-07-19 10:36:49,387,591,548,0
2026-07-19 10:36:50,399,575,563,0
2026-07-19 10:36:51,408,571,570,0
2026-07-19 10:36:52,370,574,559,0
2026-07-19 10:36:53,364,575,566,0
2026-07-19 10:36:54,342,586,568,0
2026-07-19 10:36:55,345,585,563,0
2026-07-19 10:36:56,349,572,548,0
2026-07-19 10:36:57,349,576,566,0
2026-07-19 10:36:58,349,578,566,0
2026-07-19 10:36:59,361,576,559,0
2026-07-19 10:37:00,386,574,557,0
2026-07-19 10:37:01,403,577,551,0
2026-07-19 10:37:02,401,563,530,0
2026-07-19 10:37:03,428,574,508,0
2026-07-19 10:37:04,388,596,502,0
2026-07-19 10:37:05,390,595,509,0
2026-07-19 10:37:06,375,598,510,0
2026-07-19 10:37:07,408,591,508,0
2026-07-19 10:37:08,392,602,529,0
2026-07-19 10:37:09,411,588,544,0
2026-07-19 10:37:10,423,571,550,0
2026-07-19 10:37:11,413,588,567,0
2026-07-19 10:37:12,431,560,549,0
2026-07-19 10:37:13,413,564,569,0
2026-07-19 10:37:14,376,581,582,0
2026-07-19 10:37:15,361,590,580,0
2026-07-19 10:37:16,356,586,580,0
2026-07-19 10:37:17,331,575,595,0
2026-07-19 10:37:18,350,592,599,0
2026-07-19 10:37:19,365,591,604,0
2026-07-19 10:37:20,336,593,622,0
2026-07-19 10:37:21,366,585,590,0
2026-07-19 10:37:22,376,570,580,0
2026-07-19 10:37:23,407,580,595,0
2026-07-19 10:37:24,394,581,570,0
2026-07-19 10:37:25,415,568,585,0
2026-07-19 10:37:26,415,568,557,0
2026-07-19 10:37:27,386,590,563,0
2026-07-19 10:37:28,393,595,508,0
2026-07-19 10:37:29,381,580,538,0
2026-07-19 10:37:30,421,582,544,0
2026-07-19 10:37:31,398,578,590,0
2026-07-19 10:37:32,394,587,594,0
2026-07-19 10:37:33,398,599,562,0
2026-07-19 10:37:34,405,586,560,0
2026-07-19 10:37:35,371,561,563,0
2026-07-19 10:37:36,360,576,551,0
2026-07-19 10:37:37,363,572,568,0
2026-07-19 10:37:38,341,592,562,0
2026-07-19 10:37:39,348,565,556,0
2026-07-19 10:37:40,352,582,580,0
2026-07-19 10:37:41,343,570,566,0
2026-07-19 10:37:42,334,571,557,0
2026-07-19 10:37:43,360,567,545,0
2026-07-19 10:37:44,369,571,569,0
2026-07-19 10:37:45,382,578,562,0
2026-07-19 10:37:46,397,575,567,0
2026-07-19 10:37:47,375,579,550,0
2026-07-19 10:37:48,408,569,517,0
2026-07-19 10:37:49,398,570,513,0
2026-07-19 10:37:50,419,567,514,0
2026-07-19 10:37:51,413,589,503,0
2026-07-19 10:37:52,403,589,505,0
2026-07-19 10:37:53,369,591,518,0
2026-07-19 10:37:54,383,572,502,0
2026-07-19 10:37:55,382,584,501,0
2026-07-19 10:37:56,405,599,508,0
2026-07-19 10:37:57,407,583,515,0
2026-07-19 10:37:58,417,590,533,0
2026-07-19 10:37:59,372,579,521,0
2026-07-19 10:38:00,407,583,521,0
2026-07-19 10:38:01,419,573,509,0
2026-07-19 10:38:02,388,588,530,0
2026-07-19 10:38:03,416,586,510,0
2026-07-19 10:38:04,400,595,491,0
2026-07-19 10:38:05,399,603,516,0
2026-07-19 10:38:06,417,588,504,0
2026-07-19 10:38:07,393,574,526,0
2026-07-19 10:38:08,389,586,523,0
2026-07-19 10:38:09,374,583,499,0
2026-07-19 10:38:10,421,574,517,0
2026-07-19 10:38:11,418,571,523,0
2026-07-19 10:38:12,384,578,516,0
2026-07-19 10:38:13,392,582,544,0
2026-07-19 10:38:14,377,580,549,0
2026-07-19 10:38:15,354,574,554,0
2026-07-19 10:38:16,353,570,565,0
2026-07-19 10:38:17,342,590,546,0
2026-07-19 10:38:18,351,591,552,0
2026-07-19 10:38:19,397,581,564,0
2026-07-19 10:38:20,408,571,562,0
2026-07-19 10:38:21,387,582,574,0
2026-07-19 10:38:22,397,597,585,0
2026-07-19 10:38:23,401,594,563,0
2026-07-19 10:38:24,417,586,553,0
2026-07-19 10:38:25,381,583,578,0
2026-07-19 10:38:26,415,590,550,0
2026-07-19 10:38:27,424,581,563,0
2026-07-19 10:38:28,383,570,572,0
2026-07-19 10:38:29,337,564,600,0
2026-07-19 10:38:30,345,575,610,0
2026-07-19 10:38:31,363,604,610,0
2026-07-19 10:38:32,332,595,581,0
2026-07-19 10:38:33,358,600,578,0
2026-07-19 10:38:34,389,593,571,0
2026-07-19 10:38:35,410,604,561,0
2026-07-19 10:38:36,400,599,559,0
2026-07-19 10:38:37,392,568,542,0
2026-07-19 10:38:38,407,565,516,0
2026-07-19 10:38:39,422,583,521,0
2026-07-19 10:38:40,419,570,514,0
2026-07-19 10:38:41,382,579,513,0
2026-07-19 10:38:42,403,596,521,0
2026-07-19 10:38:43,376,577,516,0
2026-07-19 10:38:44,416,579,534,0
2026-07-19 10:38:45,375,572,548,0
2026-07-19 10:38:46,398,573,561,0
2026-07-19 10:38:47,360,571,563,0
2026-07-19 10:38:48,347,567,547,0
2026-07-19 10:38:49,347,573,552,0
2026-07-19 10:38:50,355,572,545,0
2026-07-19 10:38:51,351,572,550,0
2026-07-19 10:38:52,354,582,552,0
2026-07-19 10:38:53,336,591,558,0
2026-07-19 10:38:54,331,582,561,0
2026-07-19 10:38:55,353,574,570,0
2026-07-19 10:38:56,341,597,563,0
2026-07-19 10:38:57,358,581,558,0
2026-07-19 10:38:58,367,572,564,0
2026-07-19 10:38:59,345,578,549,0
2026-07-19 10:39:00,350,570,541,0
2026-07-19 10:39:01,353,575,573,0
2026-07-19 10:39:02,393,576,556,0
2026-07-19 10:39:03,394,580,536,0
2026-07-19 10:39:04,412,578,535,0
2026-07-19 10:39:05,386,576,510,0
2026-07-19 10:39:06,386,577,496,0
2026-07-19 10:39:07,408,581,496,0
2026-07-19 10:39:08,406,602,499,0
2026-07-19 10:39:09,399,595,537,0
2026-07-19 10:39:10,400,587,549,0
2026-07-19 10:39:11,389,579,558,0
2026-07-19 10:39:12,403,578,555,0
2026-07-19 10:39:13,387,585,560,0
2026-07-19 10:39:14,353,596,575,0
2026-07-19 10:39:15,319,558,554,0
2026-07-19 10:39:16,337,563,587,0
2026-07-19 10:39:17,363,565,578,0
2026-07-19 10:39:18,362,587,611,0
2026-07-19 10:39:19,399,573,624,0
2026-07-19 10:39:20,398,564,577,0
2026-07-19 10:39:21,412,585,571,0
2026-07-19 10:39:22,391,572,595,0
2026-07-19 10:39:23,408,593,582,0
2026-07-19 10:39:24,416,568,546,0
2026-07-19 10:39:25,380,579,571,0
2026-07-19 10:39:26,377,597,563,0
2026-07-19 10:39:27,396,591,560,0
2026-07-19 10:39:28,398,567,572,0
2026-07-19 10:39:29,363,593,565,0
2026-07-19 10:39:30,355,589,548,0
2026-07-19 10:39:31,346,578,555,0
2026-07-19 10:39:32,345,574,545,0
2026-07-19 10:39:33,352,572,564,0
2026-07-19 10:39:34,369,572,560,0
2026-07-19 10:39:35,403,571,545,0
2026-07-19 10:39:36,377,579,520,0
2026-07-19 10:39:37,420,587,500,0
2026-07-19 10:39:38,392,591,520,0
2026-07-19 10:39:39,389,584,517,0
2026-07-19 10:39:40,417,600,518,0
2026-07-19 10:39:41,385,580,549,0
2026-07-19 10:39:42,409,612,565,0
2026-07-19 10:39:43,429,589,569,0
2026-07-19 10:39:44,387,588,571,0
2026-07-19 10:39:45,365,582,548,0
2026-07-19 10:39:46,336,572,559,0
2026-07-19 10:39:47,356,582,574,0
2026-07-19 10:39:48,374,567,579,0
2026-07-19 10:39:49,334,586,609,0
2026-07-19 10:39:50,370,571,589,0
2026-07-19 10:39:51,379,566,571,0
2026-07-19 10:39:52,385,580,604,0
2026-07-19 10:39:53,410,574,570,0
2026-07-19 10:39:54,386,568,561,0
2026-07-19 10:39:55,393,566,527,0
2026-07-19 10:39:56,414,608,548,0
2026-07-19 10:39:57,398,589,553,0
2026-07-19 10:39:58,409,571,566,0
2026-07-19 10:39:59,378,598,572,0
2026-07-19 10:40:00,398,578,563,0
2026-07-19 10:40:01,385,578,563,0
2026-07-19 10:40:02,398,593,555,0
2026-07-19 10:40:03,373,575,544,0
2026-07-19 10:40:04,351,586,542,0
2026-07-19 10:40:05,346,587,553,0
2026-07-19 10:40:06,358,577,549,0
2026-07-19 10:40:07,334,579,574,0
2026-07-19 10:40:08,347,570,558,0
2026-07-19 10:40:09,366,574,549,0
2026-07-19 10:40:10,380,578,540,0
2026-07-19 10:40:11,376,572,527,0
2026-07-19 10:40:12,396,581,517,0
2026-07-19 10:40:13,393,579,512,0
2026-07-19 10:40:14,384,582,514,0
2026-07-19 10:40:15,412,594,509,0
2026-07-19 10:40:16,377,589,514,0
2026-07-19 10:40:17,388,584,522,0
2026-07-19 10:40:18,409,588,536,0
2026-07-19 10:40:19,415,605,555,0
2026-07-19 10:40:20,387,590,537,0
2026-07-19 10:40:21,390,586,541,0
2026-07-19 10:40:22,406,581,553,0
2026-07-19 10:40:23,396,608,569,0
2026-07-19 10:40:24,376,595,566,0
2026-07-19 10:40:25,358,558,591,0
2026-07-19 10:40:26,325,575,588,0
2026-07-19 10:40:27,357,563,589,0
2026-07-19 10:40:28,340,603,585,0
2026-07-19 10:40:29,338,576,596,0
2026-07-19 10:40:30,353,558,605,0
2026-07-19 10:40:31,343,570,606,0
2026-07-19 10:40:32,388,581,604,0
2026-07-19 10:40:33,386,574,587,0
2026-07-19 10:40:34,388,580,599,0
2026-07-19 10:40:35,402,568,541,0
2026-07-19 10:40:36,413,557,552,0
2026-07-19 10:40:37,407,587,560,0
2026-07-19 10:40:38,402,584,527,0
2026-07-19 10:40:39,384,569,557,0
2026-07-19 10:40:40,418,573,580,0
2026-07-19 10:40:41,376,597,554,0
2026-07-19 10:40:42,396,595,580,0
2026-07-19 10:40:43,390,572,549,0
2026-07-19 10:40:44,365,597,567,0
2026-07-19 10:40:45,346,583,554,0
2026-07-19 10:40:46,358,565,559,0
2026-07-19 10:40:47,346,581,549,0
2026-07-19 10:40:48,343,574,557,0
2026-07-19 10:40:49,341,579,567,0
2026-07-19 10:40:50,360,579,559,0
2026-07-19 10:40:51,394,568,548,0
2026-07-19 10:40:52,373,573,515,0
2026-07-19 10:40:53,429,586,509,0
2026-07-19 10:40:54,381,578,505,0
2026-07-19 10:40:55,415,586,518,0
2026-07-19 10:40:56,377,593,525,0
2026-07-19 10:40:57,407,584,525,0
2026-07-19 10:40:58,379,600,529,0
2026-07-19 10:40:59,380,583,546,0
2026-07-19 10:41:00,371,586,557,0
2026-07-19 10:41:01,408,599,555,0
2026-07-19 10:41:02,394,589,551,0
2026-07-19 10:41:03,406,601,559,0
2026-07-19 10:41:04,377,591,559,0
2026-07-19 10:41:05,407,582,561,0
2026-07-19 10:41:06,409,572,552,0
2026-07-19 10:41:07,413,581,557,0
2026-07-19 10:41:08,427,561,567,0
2026-07-19 10:41:09,411,585,553,0
2026-07-19 10:41:10,402,583,554,0
2026-07-19 10:41:11,398,600,553,0
2026-07-19 10:41:12,395,595,552,0
2026-07-19 10:41:13,389,577,542,0
2026-07-19 10:41:14,378,604,538,0
2026-07-19 10:41:15,407,596,524,0
2026-07-19 10:41:16,392,583,507,0
2026-07-19 10:41:17,391,571,505,0
2026-07-19 10:41:18,381,579,517,0
2026-07-19 10:41:19,424,583,517,0
2026-07-19 10:41:20,387,563,556,0
2026-07-19 10:41:21,365,568,544,0
2026-07-19 10:41:22,364,574,554,0
2026-07-19 10:41:23,347,577,557,0
2026-07-19 10:41:24,356,572,574,0
2026-07-19 10:41:25,348,573,557,0
2026-07-19 10:41:26,375,579,552,0
2026-07-19 10:41:27,403,597,550,0
2026-07-19 10:41:28,404,586,557,0
2026-07-19 10:41:29,390,574,564,0
2026-07-19 10:41:30,412,597,573,0
2026-07-19 10:41:31,382,588,582,0
2026-07-19 10:41:32,408,581,568,0
2026-07-19 10:41:33,400,570,522,0
2026-07-19 10:41:34,401,562,577,0
2026-07-19 10:41:35,413,573,587,0
2026-07-19 10:41:36,374,586,612,0
2026-07-19 10:41:37,362,563,644,0
2026-07-19 10:41:38,363,566,626,0
2026-07-19 10:41:39,350,558,581,0
2026-07-19 10:41:40,348,602,580,0
2026-07-19 10:41:41,367,599,548,0
2026-07-19 10:41:42,376,590,556,0
2026-07-19 10:41:43,397,600,554,0
2026-07-19 10:41:44,397,566,543,0
2026-07-19 10:41:45,386,609,569,0
2026-07-19 10:41:46,399,580,541,0
2026-07-19 10:41:47,413,581,511,0
2026-07-19 10:41:48,382,581,520,0
2026-07-19 10:41:49,420,580,505,0
2026-07-19 10:41:50,395,569,508,0
2026-07-19 10:41:51,395,575,516,0
2026-07-19 10:41:52,405,576,558,0
2026-07-19 10:41:53,365,574,566,0
2026-07-19 10:41:54,350,571,543,0
2026-07-19 10:41:55,345,571,575,0
2026-07-19 10:41:56,350,584,568,0
2026-07-19 10:41:57,356,562,560,0
2026-07-19 10:41:58,388,585,555,0
2026-07-19 10:41:59,392,583,572,0
2026-07-19 10:42:00,387,582,562,0
2026-07-19 10:42:01,395,574,565,0
2026-07-19 10:42:02,391,571,586,0
2026-07-19 10:42:03,397,571,541,0
2026-07-19 10:42:04,415,567,529,0
2026-07-19 10:42:05,381,605,558,0
2026-07-19 10:42:06,409,578,536,0
2026-07-19 10:42:07,342,556,624,0
2026-07-19 10:42:08,352,558,606,0
2026-07-19 10:42:09,362,573,578,0
2026-07-19 10:42:10,362,566,590,0
2026-07-19 10:42:11,362,572,548,0
2026-07-19 10:42:12,392,600,565,0
2026-07-19 10:42:13,378,603,563,0
2026-07-19 10:42:14,386,610,549,0
2026-07-19 10:42:15,398,605,548,0
2026-07-19 10:42:16,405,600,523,0
2026-07-19 10:42:17,399,588,514,0
2026-07-19 10:42:18,395,589,503,0
2026-07-19 10:42:19,399,594,501,0
2026-07-19 10:42:20,391,577,496,0
2026-07-19 10:42:21,385,573,517,0
2026-07-19 10:42:22,401,582,529,0
2026-07-19 10:42:23,382,583,555,0
2026-07-19 10:42:24,363,570,539,0
2026-07-19 10:42:25,358,565,555,0
2026-07-19 10:42:26,359,571,554,0
2026-07-19 10:42:27,359,563,560,0
2026-07-19 10:42:28,345,577,561,0
2026-07-19 10:42:29,351,589,565,0
2026-07-19 10:42:30,367,593,568,0
2026-07-19 10:42:31,371,566,560,0
2026-07-19 10:42:32,400,586,573,0
2026-07-19 10:42:33,407,597,568,0
2026-07-19 10:42:34,425,586,584,0
2026-07-19 10:42:35,393,591,579,0
2026-07-19 10:42:36,386,591,583,0
2026-07-19 10:42:37,413,589,546,0
2026-07-19 10:42:38,390,577,546,0
2026-07-19 10:42:39,411,590,527,0
2026-07-19 10:42:40,384,581,535,0
2026-07-19 10:42:41,409,581,575,0
2026-07-19 10:42:42,393,578,575,0
2026-07-19 10:42:43,413,588,548,0
2026-07-19 10:42:44,398,591,580,0
2026-07-19 10:42:45,382,597,568,0
2026-07-19 10:42:46,388,570,541,0
2026-07-19 10:42:47,387,584,572,0
2026-07-19 10:42:48,412,579,520,0
2026-07-19 10:42:49,409,564,577,0
2026-07-19 10:42:50,409,575,588,0
2026-07-19 10:42:51,394,564,593,0
2026-07-19 10:42:52,373,571,616,0
2026-07-19 10:42:53,383,574,602,0
2026-07-19 10:42:54,358,587,595,0
2026-07-19 10:42:55,355,569,581,0
2026-07-19 10:42:56,365,575,562,0
2026-07-19 10:42:57,378,567,575,0
2026-07-19 10:42:58,387,585,560,0
2026-07-19 10:42:59,406,563,568,0
2026-07-19 10:43:00,404,580,567,0
2026-07-19 10:43:03,391,604,563,0
2026-07-19 10:43:03,406,576,545,0
2026-07-19 10:43:03,379,580,515,0
2026-07-19 10:43:04,404,582,494,0
2026-07-19 10:43:05,424,573,502,0
2026-07-19 10:43:06,402,584,514,0
2026-07-19 10:43:07,423,570,517,0
2026-07-19 10:43:08,398,571,551,0
2026-07-19 10:43:09,346,566,574,0
2026-07-19 10:43:10,355,572,574,0
2026-07-19 10:43:11,338,569,570,0
2026-07-19 10:43:12,360,581,559,0
2026-07-19 10:43:13,353,591,551,0
2026-07-19 10:43:14,390,557,576,0
2026-07-19 10:43:15,390,566,562,0
2026-07-19 10:43:16,411,574,576,0
2026-07-19 10:43:17,421,577,588,0
2026-07-19 10:43:18,415,571,571,0
2026-07-19 10:43:20,391,601,554,0
2026-07-19 10:43:20,403,582,582,0
2026-07-19 10:43:21,387,595,555,0
2026-07-19 10:43:22,391,581,572,0
2026-07-19 10:43:23,405,580,614,0
2026-07-19 10:43:24,363,574,665,0
2026-07-19 10:43:25,368,571,613,0
2026-07-19 10:43:26,378,572,615,0
2026-07-19 10:43:27,350,595,561,0
2026-07-19 10:43:28,365,572,557,0
2026-07-19 10:43:29,379,580,567,0
2026-07-19 10:43:30,402,596,554,0
2026-07-19 10:43:31,392,592,556,0
2026-07-19 10:43:32,419,583,566,0
2026-07-19 10:43:33,386,578,526,0
2026-07-19 10:43:34,407,593,497,0
2026-07-19 10:43:35,416,575,513,0
2026-07-19 10:43:36,391,576,525,0
2026-07-19 10:43:37,395,578,517,0
2026-07-19 10:43:38,428,578,529,0
2026-07-19 10:43:39,396,575,556,0
2026-07-19 10:43:40,384,571,570,0
2026-07-19 10:43:41,343,583,558,0
2026-07-19 10:43:42,339,586,561,0
2026-07-19 10:43:43,355,562,546,0
2026-07-19 10:43:44,415,560,584,0
2026-07-19 10:43:45,398,592,576,0
2026-07-19 10:43:46,388,598,578,0
2026-07-19 10:43:47,383,588,548,0
2026-07-19 10:43:48,384,592,573,0
2026-07-19 10:43:49,386,574,534,0
2026-07-19 10:43:50,378,592,578,0
2026-07-19 10:43:51,417,585,546,0
2026-07-19 10:43:52,410,584,590,0
2026-07-19 10:43:53,376,567,612,0
2026-07-19 10:43:54,369,571,591,0
2026-07-19 10:43:55,345,568,579,0
2026-07-19 10:43:56,352,565,578,0
2026-07-19 10:43:57,349,572,544,0
2026-07-19 10:43:58,369,572,561,0
2026-07-19 10:43:59,415,600,558,0
2026-07-19 10:44:00,393,575,559,0
2026-07-19 10:44:01,410,599,557,0
2026-07-19 10:44:02,413,576,544,0
2026-07-19 10:44:03,408,579,520,0
2026-07-19 10:44:04,374,576,510,0
2026-07-19 10:44:05,415,588,521,0
2026-07-19 10:44:06,394,586,514,0
2026-07-19 10:44:07,432,577,528,0
2026-07-19 10:44:08,402,580,554,0
2026-07-19 10:44:09,359,569,545,0
2026-07-19 10:44:10,350,578,559,0
2026-07-19 10:44:11,345,571,549,0
2026-07-19 10:44:12,343,584,562,0
2026-07-19 10:44:13,347,580,574,0
2026-07-19 10:44:14,375,573,554,0
2026-07-19 10:44:15,398,591,569,0
2026-07-19 10:44:16,386,567,563,0
2026-07-19 10:44:17,401,595,570,0
2026-07-19 10:44:18,405,582,566,0
2026-07-19 10:44:19,384,592,540,0
2026-07-19 10:44:20,376,576,554,0
2026-07-19 10:44:21,397,600,623,0
2026-07-19 10:44:22,401,572,560,0
2026-07-19 10:44:23,386,575,599,0
2026-07-19 10:44:24,400,570,609,0
2026-07-19 10:44:25,365,569,589,0
2026-07-19 10:44:26,368,575,625,0
2026-07-19 10:44:27,355,558,558,0
2026-07-19 10:44:28,367,578,576,0
2026-07-19 10:44:29,387,579,572,0
2026-07-19 10:44:30,426,579,562,0
2026-07-19 10:44:31,411,596,542,0
2026-07-19 10:44:32,385,569,534,0
2026-07-19 10:44:33,417,597,529,0
2026-07-19 10:44:34,383,587,495,0
2026-07-19 10:44:35,393,570,523,0
2026-07-19 10:44:36,371,579,517,0
2026-07-19 10:44:37,403,575,508,0
2026-07-19 10:44:38,378,571,569,0
2026-07-19 10:44:39,371,574,569,0
2026-07-19 10:44:40,371,566,543,0
2026-07-19 10:44:41,340,570,541,0
2026-07-19 10:44:42,337,570,560,0
2026-07-19 10:44:43,359,571,568,0
2026-07-19 10:44:44,343,568,576,0
2026-07-19 10:44:45,369,582,554,0
2026-07-19 10:44:46,371,585,547,0
2026-07-19 10:44:47,396,563,555,0
2026-07-19 10:44:48,419,585,568,0
2026-07-19 10:44:49,392,591,558,0
2026-07-19 10:44:50,404,586,589,0
2026-07-19 10:44:51,402,595,588,0
2026-07-19 10:44:52,384,588,578,0
2026-07-19 10:44:53,390,584,552,0
2026-07-19 10:44:54,373,583,527,0
2026-07-19 10:44:55,414,603,582,0
2026-07-19 10:44:56,408,570,583,0
2026-07-19 10:44:57,382,596,544,0
2026-07-19 10:44:58,407,586,551,0
2026-07-19 10:44:59,411,567,587,0
2026-07-19 10:45:00,411,585,572,0
2026-07-19 10:45:01,372,578,530,0
2026-07-19 10:45:02,379,594,558,0
2026-07-19 10:45:03,401,563,539,0
2026-07-19 10:45:04,400,564,566,0
2026-07-19 10:45:05,407,587,550,0
2026-07-19 10:45:06,426,571,555,0
2026-07-19 10:45:07,393,606,523,0
2026-07-19 10:45:08,391,574,597,0
2026-07-19 10:45:09,398,583,562,0
2026-07-19 10:45:10,389,568,565,0
2026-07-19 10:45:11,387,577,585,0
2026-07-19 10:45:12,388,588,582,0
2026-07-19 10:45:13,386,593,548,0
2026-07-19 10:45:14,379,595,563,0
2026-07-19 10:45:15,416,586,549,0
2026-07-19 10:45:16,354,592,560,0
2026-07-19 10:45:17,355,584,557,0
2026-07-19 10:45:18,323,572,578,0
2026-07-19 10:45:19,340,573,581,0
2026-07-19 10:45:20,405,575,563,0
2026-07-19 10:45:21,409,578,554,0
2026-07-19 10:45:22,442,578,525,0
2026-07-19 10:45:23,398,566,524,0
2026-07-19 10:45:24,418,583,514,0
2026-07-19 10:45:25,414,590,516,0
2026-07-19 10:45:26,410,575,513,0
2026-07-19 10:45:27,438,594,537,0
2026-07-19 10:45:28,413,569,526,0
2026-07-19 10:45:29,457,603,534,0
2026-07-19 10:45:30,421,595,567,0
2026-07-19 10:45:31,418,594,559,0
2026-07-19 10:45:32,420,586,565,0
2026-07-19 10:45:33,406,591,546,0
2026-07-19 10:45:34,397,596,549,0
2026-07-19 10:45:35,440,572,538,0
2026-07-19 10:45:36,398,573,574,0
2026-07-19 10:45:37,433,580,561,0
2026-07-19 10:45:38,418,589,576,0
2026-07-19 10:45:39,435,559,556,0
2026-07-19 10:45:40,438,569,563,0
2026-07-19 10:45:41,422,576,563,0
2026-07-19 10:45:42,413,584,534,0
2026-07-19 10:45:43,432,597,561,0
2026-07-19 10:45:44,438,579,541,0
2026-07-19 10:45:45,391,589,516,0
2026-07-19 10:45:46,409,593,503,0
2026-07-19 10:45:47,421,590,519,0
2026-07-19 10:45:48,409,573,513,0
2026-07-19 10:45:49,408,569,515,0
2026-07-19 10:45:50,424,574,553,0
2026-07-19 10:45:51,360,560,541,0
2026-07-19 10:45:52,318,575,546,0
2026-07-19 10:45:53,344,566,553,0
2026-07-19 10:45:54,339,561,561,0
2026-07-19 10:45:55,383,578,549,0
2026-07-19 10:45:56,432,567,562,0
2026-07-19 10:45:57,435,585,546,0
2026-07-19 10:45:58,492,588,556,0
2026-07-19 10:45:59,475,589,583,0
2026-07-19 10:46:00,469,599,571,0
2026-07-19 10:46:01,417,586,555,0
2026-07-19 10:46:02,406,596,596,0
2026-07-19 10:46:03,450,599,562,0
2026-07-19 10:46:04,403,564,584,0
2026-07-19 10:46:05,437,570,635,0
2026-07-19 10:46:06,419,564,606,0
2026-07-19 10:46:07,353,582,628,0
2026-07-19 10:46:08,351,564,600,0
2026-07-19 10:46:09,297,562,587,0
2026-07-19 10:46:10,313,597,584,0
2026-07-19 10:46:11,385,591,555,0
2026-07-19 10:46:12,395,555,572,0
2026-07-19 10:46:13,446,587,543,0
2026-07-19 10:46:14,435,600,548,0
2026-07-19 10:46:15,440,571,559,0
2026-07-19 10:46:16,408,592,536,0
2026-07-19 10:46:17,427,590,503,0
2026-07-19 10:46:18,381,588,514,0
2026-07-19 10:46:19,428,577,510,0
2026-07-19 10:46:20,380,575,529,0
2026-07-19 10:46:21,411,578,505,0
2026-07-19 10:46:22,392,570,511,0
2026-07-19 10:46:23,389,587,501,0
2026-07-19 10:46:24,400,578,520,0
2026-07-19 10:46:25,427,576,517,0
2026-07-19 10:46:26,421,595,491,0
2026-07-19 10:46:27,421,571,522,0
2026-07-19 10:46:28,433,583,515,0
2026-07-19 10:46:29,421,588,509,0
2026-07-19 10:46:30,398,597,520,0
2026-07-19 10:46:31,419,581,501,0
2026-07-19 10:46:32,396,586,498,0
2026-07-19 10:46:33,432,578,526,0
2026-07-19 10:46:34,434,558,557,0
2026-07-19 10:46:35,429,602,567,0
2026-07-19 10:46:36,439,577,553,0
2026-07-19 10:46:37,353,597,573,0
2026-07-19 10:46:38,315,589,567,0
2026-07-19 10:46:39,310,567,581,0
2026-07-19 10:46:40,316,585,592,0
2026-07-19 10:46:41,324,580,591,0
2026-07-19 10:46:42,397,566,605,0
2026-07-19 10:46:43,430,582,614,0
2026-07-19 10:46:44,426,566,593,0
2026-07-19 10:46:45,440,579,576,0
2026-07-19 10:46:46,399,584,530,0
2026-07-19 10:46:47,476,578,563,0
2026-07-19 10:46:48,470,592,573,0
2026-07-19 10:46:49,462,584,567,0
2026-07-19 10:46:50,479,573,560,0
2026-07-19 10:46:51,419,564,562,0
2026-07-19 10:46:52,414,585,555,0
2026-07-19 10:46:53,339,574,565,0
2026-07-19 10:46:54,371,592,561,0
2026-07-19 10:46:55,335,566,571,0
2026-07-19 10:46:56,346,574,551,0
2026-07-19 10:46:57,365,565,555,0
2026-07-19 10:46:58,405,568,567,0
2026-07-19 10:46:59,429,564,540,0
2026-07-19 10:47:00,409,575,514,0
2026-07-19 10:47:01,423,581,492,0
2026-07-19 10:47:02,419,600,512,0
2026-07-19 10:47:03,402,592,509,0
2026-07-19 10:47:04,421,582,497,0
2026-07-19 10:47:05,415,590,538,0
2026-07-19 10:47:06,452,575,550,0
2026-07-19 10:47:07,413,585,563,0
2026-07-19 10:47:08,432,601,552,0
2026-07-19 10:47:09,386,589,549,0
2026-07-19 10:47:10,341,591,576,0
2026-07-19 10:47:11,340,593,558,0
2026-07-19 10:47:12,306,575,593,0
2026-07-19 10:47:13,309,579,618,0
2026-07-19 10:47:14,322,564,575,0
2026-07-19 10:47:15,368,565,596,0
2026-07-19 10:47:16,379,590,640,0
2026-07-19 10:47:17,344,561,611,0
2026-07-19 10:47:18,416,568,572,0
2026-07-19 10:47:19,406,574,572,0
2026-07-19 10:47:20,420,585,564,0
2026-07-19 10:47:21,417,583,556,0
2026-07-19 10:47:22,421,605,545,0
2026-07-19 10:47:23,445,585,553,0
2026-07-19 10:47:24,464,596,586,0
2026-07-19 10:47:25,455,587,533,0
2026-07-19 10:47:26,417,603,579,0
2026-07-19 10:47:27,420,586,580,0
2026-07-19 10:47:28,441,587,575,0
2026-07-19 10:47:29,448,595,577,0
2026-07-19 10:47:30,391,589,548,0
2026-07-19 10:47:31,402,586,547,0
2026-07-19 10:47:32,411,576,588,0
2026-07-19 10:47:33,416,584,567,0
2026-07-19 10:47:34,397,563,603,0
2026-07-19 10:47:35,354,563,582,0
2026-07-19 10:47:36,353,581,578,0
2026-07-19 10:47:37,354,568,610,0
2026-07-19 10:47:38,336,588,568,0
2026-07-19 10:47:40,355,574,576,0
2026-07-19 10:47:40,421,562,554,0
2026-07-19 10:47:41,449,589,554,0
2026-07-19 10:47:42,430,579,554,0
2026-07-19 10:47:43,428,586,513,0
2026-07-19 10:47:44,405,579,513,0
2026-07-19 10:47:45,407,576,513,0
2026-07-19 10:47:46,396,581,519,0
2026-07-19 10:47:47,423,584,524,0
2026-07-19 10:47:48,431,578,524,0
2026-07-19 10:47:49,365,574,556,0
2026-07-19 10:47:50,376,574,558,0
2026-07-19 10:47:51,352,583,565,0
2026-07-19 10:47:52,327,571,570,0
2026-07-19 10:47:53,346,571,559,0
2026-07-19 10:47:54,355,575,560,0
2026-07-19 10:47:55,333,586,538,0
2026-07-19 10:47:56,367,582,559,0
2026-07-19 10:47:57,369,579,547,0
2026-07-19 10:47:58,408,557,543,0
2026-07-19 10:47:59,396,561,559,0
2026-07-19 10:48:00,428,586,553,0
2026-07-19 10:48:01,362,567,561,0
2026-07-19 10:48:02,370,587,552,0
2026-07-19 10:48:03,366,584,562,0
2026-07-19 10:48:04,355,586,551,0
2026-07-19 10:48:05,347,584,547,0
2026-07-19 10:48:06,343,573,559,0
2026-07-19 10:48:07,330,580,559,0
2026-07-19 10:48:08,364,572,574,0
2026-07-19 10:48:09,361,570,555,0
2026-07-19 10:48:10,420,576,557,0
2026-07-19 10:48:11,429,573,513,0
2026-07-19 10:48:12,428,580,514,0
2026-07-19 10:48:13,401,598,513,0
2026-07-19 10:48:14,402,588,512,0
2026-07-19 10:48:15,409,586,532,0
2026-07-19 10:48:16,428,560,544,0
2026-07-19 10:48:17,399,585,563,0
2026-07-19 10:48:18,399,577,571,0
2026-07-19 10:48:19,365,586,554,0
2026-07-19 10:48:20,333,591,609,0
2026-07-19 10:48:21,351,583,590,0
2026-07-19 10:48:22,300,569,581,0
2026-07-19 10:48:23,350,569,597,0
2026-07-19 10:48:24,377,572,572,0
2026-07-19 10:48:25,428,566,566,0
2026-07-19 10:48:26,423,566,575,0
2026-07-19 10:48:27,437,574,567,0
2026-07-19 10:48:28,455,591,555,0
2026-07-19 10:48:29,436,586,576,0
2026-07-19 10:48:30,419,589,523,0
2026-07-19 10:48:31,476,598,563,0
2026-07-19 10:48:32,473,589,574,0
2026-07-19 10:48:33,436,597,555,0
2026-07-19 10:48:34,450,589,558,0
2026-07-19 10:48:35,379,587,557,0
2026-07-19 10:48:36,347,588,554,0
2026-07-19 10:48:37,343,573,553,0
2026-07-19 10:48:38,350,570,553,0
2026-07-19 10:48:39,369,575,565,0
2026-07-19 10:48:40,429,571,557,0
2026-07-19 10:48:41,443,587,535,0
2026-07-19 10:48:42,402,586,505,0
2026-07-19 10:48:43,388,584,527,0
2026-07-19 10:48:44,426,587,504,0
2026-07-19 10:48:45,416,580,508,0
2026-07-19 10:48:46,409,578,545,0
2026-07-19 10:48:47,434,593,557,0
2026-07-19 10:48:48,436,577,570,0
2026-07-19 10:48:49,419,602,567,0
2026-07-19 10:48:50,386,573,551,0
2026-07-19 10:48:51,384,583,570,0
2026-07-19 10:48:52,299,597,622,0
2026-07-19 10:48:53,308,570,569,0
2026-07-19 10:48:54,313,567,587,0
2026-07-19 10:48:55,344,571,585,0
2026-07-19 10:48:56,415,582,581,0
2026-07-19 10:48:57,438,574,583,0
2026-07-19 10:48:58,415,564,539,0
2026-07-19 10:48:59,438,578,543,0
2026-07-19 10:49:00,438,570,559,0
2026-07-19 10:49:01,448,576,569,0
2026-07-19 10:49:02,456,592,583,0
2026-07-19 10:49:03,457,575,576,0
2026-07-19 10:49:04,441,565,547,0
2026-07-19 10:49:05,433,571,566,0
2026-07-19 10:49:06,383,576,554,0
2026-07-19 10:49:07,351,582,569,0
2026-07-19 10:49:08,373,568,536,0
2026-07-19 10:49:09,346,564,557,0
2026-07-19 10:49:10,306,566,542,0
2026-07-19 10:49:11,413,566,553,0
2026-07-19 10:49:12,427,572,538,0
2026-07-19 10:49:13,432,576,528,0
2026-07-19 10:49:14,416,568,506,0
2026-07-19 10:49:15,406,565,519,0
2026-07-19 10:49:16,407,583,506,0
2026-07-19 10:49:17,414,566,510,0
2026-07-19 10:49:18,401,591,545,0
2026-07-19 10:49:19,406,604,559,0
2026-07-19 10:49:20,453,571,546,0
2026-07-19 10:49:21,411,572,556,0
2026-07-19 10:49:22,367,595,599,0
2026-07-19 10:49:23,321,597,581,0
2026-07-19 10:49:24,335,566,606,0
2026-07-19 10:49:25,289,561,600,0
2026-07-19 10:49:26,388,561,637,0
2026-07-19 10:49:27,450,581,626,0
2026-07-19 10:49:28,420,570,561,0
2026-07-19 10:49:29,418,572,565,0
2026-07-19 10:49:30,431,595,540,0
2026-07-19 10:49:31,441,586,554,0
2026-07-19 10:49:32,456,581,551,0
2026-07-19 10:49:33,456,594,558,0
2026-07-19 10:49:34,464,579,572,0
2026-07-19 10:49:35,491,575,571,0
2026-07-19 10:49:36,431,576,554,0
2026-07-19 10:49:37,381,563,536,0
2026-07-19 10:49:38,369,574,561,0
2026-07-19 10:49:39,356,577,558,0
2026-07-19 10:49:40,335,564,532,0
2026-07-19 10:49:41,387,577,556,0
2026-07-19 10:49:42,365,563,551,0
2026-07-19 10:49:43,395,583,543,0
2026-07-19 10:49:44,418,574,518,0
2026-07-19 10:49:45,430,563,486,0
2026-07-19 10:49:46,411,594,500,0
2026-07-19 10:49:47,391,596,515,0
2026-07-19 10:49:48,412,581,510,0
2026-07-19 10:49:49,430,573,535,0
2026-07-19 10:49:50,455,591,556,0
2026-07-19 10:49:51,413,592,544,0
2026-07-19 10:49:52,434,591,542,0
2026-07-19 10:49:53,375,566,560,0
2026-07-19 10:49:54,325,581,590,0
2026-07-19 10:49:55,333,565,576,0
2026-07-19 10:49:56,315,583,619,0
2026-07-19 10:49:57,318,568,592,0
2026-07-19 10:49:58,390,565,636,0
2026-07-19 10:49:59,384,567,562,0
2026-07-19 10:50:00,385,571,576,0
2026-07-19 10:50:01,427,590,593,0
2026-07-19 10:50:02,397,570,541,0
2026-07-19 10:50:03,448,598,573,0
2026-07-19 10:50:04,436,581,561,0
2026-07-19 10:50:05,455,581,592,0
2026-07-19 10:50:06,443,587,582,0
2026-07-19 10:50:07,464,561,537,0
2026-07-19 10:50:08,432,579,577,0
2026-07-19 10:50:09,370,586,561,0
2026-07-19 10:50:10,413,562,542,0
2026-07-19 10:50:11,331,579,569,0
2026-07-19 10:50:12,303,575,557,0
2026-07-19 10:50:13,335,562,555,0
2026-07-19 10:50:14,379,569,554,0
2026-07-19 10:50:15,430,575,547,0
2026-07-19 10:50:16,428,578,536,0
2026-07-19 10:50:17,423,562,518,0
2026-07-19 10:50:18,436,583,508,0
2026-07-19 10:50:19,390,583,509,0
2026-07-19 10:50:20,425,583,517,0
2026-07-19 10:50:21,395,586,534,0
2026-07-19 10:50:22,415,582,570,0
2026-07-19 10:50:23,413,574,551,0
2026-07-19 10:50:24,417,587,570,0
2026-07-19 10:50:25,359,580,558,0
2026-07-19 10:50:26,308,569,536,0
2026-07-19 10:50:27,308,557,602,0
2026-07-19 10:50:28,316,564,612,0
2026-07-19 10:50:29,326,567,620,0
2026-07-19 10:50:30,396,562,635,0
2026-07-19 10:50:31,453,576,631,0
2026-07-19 10:50:32,433,565,599,0
2026-07-19 10:50:33,402,585,572,0
2026-07-19 10:50:34,413,580,574,0
2026-07-19 10:50:35,393,563,568,0
2026-07-19 10:50:36,394,561,559,0
2026-07-19 10:50:37,415,571,543,0
2026-07-19 10:50:38,450,580,560,0
2026-07-19 10:50:39,420,567,562,0
2026-07-19 10:50:40,451,588,550,0
2026-07-19 10:50:41,453,583,571,0
2026-07-19 10:50:42,453,591,590,0
2026-07-19 10:50:43,454,575,586,0
2026-07-19 10:50:44,463,586,559,0
2026-07-19 10:50:45,471,559,589,0
2026-07-19 10:50:46,464,584,555,0
2026-07-19 10:50:47,439,560,588,0
2026-07-19 10:50:48,462,591,548,0
2026-07-19 10:50:49,474,573,564,0
2026-07-19 10:50:50,466,576,586,0
2026-07-19 10:50:51,480,566,560,0
2026-07-19 10:50:52,464,579,580,0
2026-07-19 10:50:53,480,569,565,0
2026-07-19 10:50:54,429,563,544,0
2026-07-19 10:50:55,461,589,552,0
2026-07-19 10:50:56,453,583,539,0
2026-07-19 10:50:57,458,573,548,0
2026-07-19 10:50:58,468,610,563,0
2026-07-19 10:50:59,454,563,559,0
2026-07-19 10:51:00,451,566,554,0
2026-07-19 10:51:01,432,589,568,0
2026-07-19 10:51:02,431,590,569,0
2026-07-19 10:51:03,416,568,566,0
2026-07-19 10:51:04,427,582,570,0
2026-07-19 10:51:05,365,570,562,0
2026-07-19 10:51:06,394,566,572,0
2026-07-19 10:51:07,352,572,529,0
2026-07-19 10:51:08,340,586,576,0
2026-07-19 10:51:09,346,572,558,0
2026-07-19 10:51:10,354,578,557,0
2026-07-19 10:51:11,344,571,548,0
2026-07-19 10:51:12,355,572,560,0
2026-07-19 10:51:13,360,564,546,0
2026-07-19 10:51:14,418,563,552,0
2026-07-19 10:51:15,433,564,522,0
2026-07-19 10:51:16,414,579,523,0
2026-07-19 10:51:17,380,593,507,0
2026-07-19 10:51:18,427,585,502,0
2026-07-19 10:51:19,404,559,493,0
2026-07-19 10:51:20,415,583,513,0
2026-07-19 10:51:21,408,565,555,0
2026-07-19 10:51:22,423,591,562,0
2026-07-19 10:51:23,409,555,562,0
2026-07-19 10:51:24,352,572,581,0
2026-07-19 10:51:25,338,572,568,0
2026-07-19 10:51:26,315,555,590,0
2026-07-19 10:51:27,321,562,597,0
2026-07-19 10:51:28,337,568,607,0
2026-07-19 10:51:29,386,562,617,0
2026-07-19 10:51:30,397,578,580,0
2026-07-19 10:51:31,425,571,609,0
2026-07-19 10:51:32,402,585,536,0
2026-07-19 10:51:33,412,591,577,0
2026-07-19 10:51:34,433,590,571,0
2026-07-19 10:51:35,444,576,550,0
2026-07-19 10:51:36,451,585,566,0
2026-07-19 10:51:37,499,575,582,0
2026-07-19 10:51:38,466,567,559,0
2026-07-19 10:51:39,463,569,557,0
2026-07-19 10:51:40,403,577,551,0
2026-07-19 10:51:41,378,586,561,0
2026-07-19 10:51:42,345,567,575,0
2026-07-19 10:51:43,359,575,569,0
2026-07-19 10:51:44,338,574,554,0
2026-07-19 10:51:45,363,569,557,0
2026-07-19 10:51:46,404,566,549,0
2026-07-19 10:51:47,391,568,539,0
2026-07-19 10:51:48,414,576,536,0
2026-07-19 10:51:49,415,583,504,0
2026-07-19 10:51:50,403,592,515,0
2026-07-19 10:51:51,397,602,507,0
2026-07-19 10:51:52,403,589,513,0
2026-07-19 10:51:53,421,581,524,0
2026-07-19 10:51:54,417,591,521,0
2026-07-19 10:51:55,427,588,558,0
2026-07-19 10:51:56,439,599,559,0
2026-07-19 10:51:57,447,552,555,0
2026-07-19 10:51:58,396,580,558,0
2026-07-19 10:51:59,354,572,569,0
2026-07-19 10:52:00,322,550,574,0
2026-07-19 10:52:01,314,578,584,0
2026-07-19 10:52:02,288,592,586,0
2026-07-19 10:52:03,308,590,589,0
2026-07-19 10:52:04,301,570,585,0
2026-07-19 10:52:05,336,580,601,0
2026-07-19 10:52:06,420,567,624,0
2026-07-19 10:52:07,434,571,597,0
2026-07-19 10:52:08,421,568,578,0
2026-07-19 10:52:09,428,561,599,0
2026-07-19 10:52:10,412,564,543,0
2026-07-19 10:52:11,439,588,575,0
2026-07-19 10:52:12,454,586,524,0
2026-07-19 10:52:13,460,570,550,0
2026-07-19 10:52:14,434,570,565,0
2026-07-19 10:52:15,458,567,569,0
2026-07-19 10:52:16,444,584,568,0
2026-07-19 10:52:17,467,588,563,0
2026-07-19 10:52:18,445,580,571,0
2026-07-19 10:52:19,420,584,564,0
2026-07-19 10:52:20,341,591,559,0
2026-07-19 10:52:21,336,564,548,0
2026-07-19 10:52:22,346,576,566,0
2026-07-19 10:52:23,322,564,566,0
2026-07-19 10:52:24,356,569,555,0
2026-07-19 10:52:25,358,572,546,0
2026-07-19 10:52:26,385,572,547,0
2026-07-19 10:52:27,435,568,549,0
2026-07-19 10:52:28,429,565,530,0
2026-07-19 10:52:29,409,571,524,0
2026-07-19 10:52:30,375,586,499,0
2026-07-19 10:52:31,403,578,509,0
2026-07-19 10:52:32,421,593,516,0
2026-07-19 10:52:33,408,580,513,0
2026-07-19 10:52:34,444,593,525,0
2026-07-19 10:52:35,404,594,521,0
2026-07-19 10:52:36,430,598,546,0
2026-07-19 10:52:37,389,576,554,0
2026-07-19 10:52:38,388,553,573,0
2026-07-19 10:52:39,324,597,583,0
2026-07-19 10:52:40,326,573,570,0
2026-07-19 10:52:41,309,592,596,0
2026-07-19 10:52:42,323,572,603,0
2026-07-19 10:52:43,310,588,582,0
2026-07-19 10:52:44,332,581,622,0
2026-07-19 10:52:45,294,584,604,0
2026-07-19 10:52:46,370,572,590,0
2026-07-19 10:52:47,446,552,559,0
2026-07-19 10:52:48,424,566,545,0
2026-07-19 10:52:49,425,564,553,0
2026-07-19 10:52:50,415,576,559,0
2026-07-19 10:52:51,427,579,530,0
2026-07-19 10:52:52,424,603,542,0
2026-07-19 10:52:53,446,583,508,0
2026-07-19 10:52:54,449,585,576,0
2026-07-19 10:52:55,465,567,571,0
2026-07-19 10:52:56,483,584,554,0
2026-07-19 10:52:57,468,565,559,0
2026-07-19 10:52:58,431,588,573,0
2026-07-19 10:52:59,399,583,562,0
2026-07-19 10:53:00,345,565,560,0
2026-07-19 10:53:01,370,582,540,0
2026-07-19 10:53:02,359,572,543,0
2026-07-19 10:53:03,319,565,550,0
2026-07-19 10:53:04,377,569,558,0
2026-07-19 10:53:05,428,571,547,0
2026-07-19 10:53:06,412,572,530,0
2026-07-19 10:53:07,394,564,517,0
2026-07-19 10:53:08,390,601,511,0
2026-07-19 10:53:09,387,577,511,0
2026-07-19 10:53:10,456,587,516,0
2026-07-19 10:53:11,418,587,536,0
2026-07-19 10:53:12,411,583,571,0
2026-07-19 10:53:13,423,569,542,0
2026-07-19 10:53:14,423,586,550,0
2026-07-19 10:53:15,410,569,549,0
2026-07-19 10:53:16,327,590,567,0
2026-07-19 10:53:17,339,563,603,0
2026-07-19 10:53:18,325,592,577,0
2026-07-19 10:53:19,339,553,571,0
2026-07-19 10:53:20,322,553,612,0
2026-07-19 10:53:21,332,573,596,0
2026-07-19 10:53:22,343,555,614,0
2026-07-19 10:53:23,381,580,594,0
2026-07-19 10:53:24,437,567,624,0
2026-07-19 10:53:25,424,561,565,0
2026-07-19 10:53:26,441,568,529,0
2026-07-19 10:53:27,418,584,532,0
2026-07-19 10:53:28,437,590,559,0
2026-07-19 10:53:29,427,571,543,0
2026-07-19 10:53:30,417,554,549,0
2026-07-19 10:53:31,441,593,531,0
2026-07-19 10:53:32,460,587,568,0
2026-07-19 10:53:33,470,570,580,0
2026-07-19 10:53:34,429,584,566,0
2026-07-19 10:53:35,437,576,528,0
2026-07-19 10:53:36,461,584,528,0
2026-07-19 10:53:37,463,583,544,0
2026-07-19 10:53:38,465,592,542,0
2026-07-19 10:53:39,423,578,573,0
2026-07-19 10:53:40,447,592,561,0
2026-07-19 10:53:41,442,588,565,0
2026-07-19 10:53:42,460,589,579,0
2026-07-19 10:53:43,455,579,515,0
2026-07-19 10:53:44,439,589,546,0
2026-07-19 10:53:45,448,571,556,0
2026-07-19 10:53:46,458,583,568,0
2026-07-19 10:53:47,435,590,549,0
2026-07-19 10:53:48,460,572,556,0
2026-07-19 10:53:49,444,576,575,0
2026-07-19 10:53:50,453,600,537,0
2026-07-19 10:53:51,437,580,572,0
2026-07-19 10:53:52,445,585,569,0
2026-07-19 10:53:53,424,582,523,0
2026-07-19 10:53:54,448,580,568,0
2026-07-19 10:53:55,440,557,533,0
2026-07-19 10:53:56,423,589,540,0
2026-07-19 10:53:57,421,587,548,0
2026-07-19 10:53:58,390,576,555,0
2026-07-19 10:53:59,411,565,573,0
2026-07-19 10:54:00,420,586,572,0
2026-07-19 10:54:01,355,575,598,0
2026-07-19 10:54:02,307,555,550,0
2026-07-19 10:54:03,321,558,571,0
2026-07-19 10:54:04,303,570,603,0
2026-07-19 10:54:05,344,550,594,0
2026-07-19 10:54:06,432,591,579,0
2026-07-19 10:54:07,414,587,548,0
2026-07-19 10:54:08,423,570,556,0
2026-07-19 10:54:09,397,585,523,0
2026-07-19 10:54:10,421,594,503,0
2026-07-19 10:54:11,411,585,487,0
2026-07-19 10:54:12,395,577,497,0
2026-07-19 10:54:13,427,579,500,0
2026-07-19 10:54:14,434,574,526,0
2026-07-19 10:54:15,411,567,563,0
2026-07-19 10:54:16,370,573,550,0
2026-07-19 10:54:17,328,566,551,0
2026-07-19 10:54:18,337,577,551,0
2026-07-19 10:54:19,347,585,540,0
2026-07-19 10:54:20,358,580,551,0
2026-07-19 10:54:21,412,574,561,0
2026-07-19 10:54:22,485,572,556,0
2026-07-19 10:54:23,501,587,582,0
2026-07-19 10:54:24,487,572,572,0
2026-07-19 10:54:25,452,571,564,0
2026-07-19 10:54:26,408,581,554,0
2026-07-19 10:54:27,427,566,590,0
2026-07-19 10:54:28,387,587,552,0
2026-07-19 10:54:29,438,569,582,0
2026-07-19 10:54:30,401,567,632,0
2026-07-19 10:54:31,351,557,585,0
2026-07-19 10:54:32,335,562,593,0
2026-07-19 10:54:33,331,561,568,0
2026-07-19 10:54:34,368,561,567,0
2026-07-19 10:54:35,308,563,585,0
2026-07-19 10:54:36,382,564,580,0
2026-07-19 10:54:37,426,572,560,0
2026-07-19 10:54:38,399,580,539,0
2026-07-19 10:54:39,399,592,548,0
2026-07-19 10:54:40,427,595,538,0
2026-07-19 10:54:41,424,581,508,0
2026-07-19 10:54:42,407,577,508,0
2026-07-19 10:54:43,442,579,519,0
2026-07-19 10:54:44,418,584,520,0
2026-07-19 10:54:45,447,569,510,0
2026-07-19 10:54:46,417,572,507,0
2026-07-19 10:54:47,417,567,545,0
2026-07-19 10:54:48,387,570,562,0
2026-07-19 10:54:49,353,571,554,0
2026-07-19 10:54:50,351,568,558,0
2026-07-19 10:54:51,381,572,562,0
2026-07-19 10:54:52,354,567,549,0
2026-07-19 10:54:53,379,580,559,0
2026-07-19 10:54:54,439,592,567,0
2026-07-19 10:54:55,459,587,544,0
2026-07-19 10:54:56,459,571,576,0
2026-07-19 10:54:57,448,589,558,0
2026-07-19 10:54:58,450,583,555,0
2026-07-19 10:54:59,422,588,531,0
2026-07-19 10:55:00,448,590,557,0
2026-07-19 10:55:01,440,586,573,0
2026-07-19 10:55:02,436,560,520,0
2026-07-19 10:55:03,391,577,607,0
2026-07-19 10:55:04,368,571,609,0
2026-07-19 10:55:05,366,565,619,0
2026-07-19 10:55:06,341,557,587,0
2026-07-19 10:55:07,328,574,584,0
2026-07-19 10:55:08,310,588,561,0
2026-07-19 10:55:09,336,577,567,0
2026-07-19 10:55:10,368,577,557,0
2026-07-19 10:55:11,404,573,558,0
2026-07-19 10:55:12,435,572,551,0
2026-07-19 10:55:13,398,587,550,0
2026-07-19 10:55:14,426,580,533,0
2026-07-19 10:55:15,398,585,519,0
2026-07-19 10:55:16,401,595,510,0
2026-07-19 10:55:17,405,574,517,0
2026-07-19 10:55:18,386,566,556,0
2026-07-19 10:55:19,337,564,548,0
2026-07-19 10:55:20,346,568,561,0
2026-07-19 10:55:21,365,577,565,0
2026-07-19 10:55:22,336,561,541,0
2026-07-19 10:55:23,384,591,548,0
2026-07-19 10:55:24,400,585,563,0
2026-07-19 10:55:25,445,590,550,0
2026-07-19 10:55:26,450,567,568,0
2026-07-19 10:55:27,449,568,550,0
2026-07-19 10:55:28,421,575,543,0
2026-07-19 10:55:29,449,558,581,0
2026-07-19 10:55:30,425,574,546,0
2026-07-19 10:55:31,414,586,574,0
2026-07-19 10:55:32,410,570,606,0
2026-07-19 10:55:33,411,564,568,0
2026-07-19 10:55:34,402,578,618,0
2026-07-19 10:55:35,330,564,617,0
2026-07-19 10:55:36,339,559,574,0
2026-07-19 10:55:37,313,565,563,0
2026-07-19 10:55:38,359,564,570,0
2026-07-19 10:55:39,385,575,561,0
2026-07-19 10:55:40,401,581,552,0
2026-07-19 10:55:41,410,594,571,0
2026-07-19 10:55:42,401,589,541,0
2026-07-19 10:55:43,398,569,527,0
2026-07-19 10:55:44,413,578,523,0
2026-07-19 10:55:45,422,578,508,0
2026-07-19 10:55:46,420,584,521,0
2026-07-19 10:55:47,426,577,490,0
2026-07-19 10:55:48,403,580,512,0
2026-07-19 10:55:49,426,588,498,0
2026-07-19 10:55:50,376,578,497,0
2026-07-19 10:55:51,438,584,490,0
2026-07-19 10:55:52,414,581,509,0
2026-07-19 10:55:53,401,582,491,0
2026-07-19 10:55:54,410,583,494,0
2026-07-19 10:55:55,395,580,520,0
2026-07-19 10:55:56,395,590,502,0
2026-07-19 10:55:57,438,580,519,0
2026-07-19 10:55:58,407,577,510,0
2026-07-19 10:55:59,391,595,511,0
2026-07-19 10:56:00,418,579,542,0
2026-07-19 10:56:01,414,585,539,0
2026-07-19 10:56:02,403,571,546,0
2026-07-19 10:56:03,400,579,549,0
2026-07-19 10:56:04,410,589,544,0
2026-07-19 10:56:05,386,594,561,0
2026-07-19 10:56:06,399,589,564,0
2026-07-19 10:56:07,412,562,550,0
2026-07-19 10:56:08,333,575,554,0
2026-07-19 10:56:09,314,561,587,0
2026-07-19 10:56:10,317,565,566,0
2026-07-19 10:56:11,329,561,584,0
2026-07-19 10:56:12,325,582,597,0
2026-07-19 10:56:13,332,556,592,0
2026-07-19 10:56:14,320,581,599,0
2026-07-19 10:56:15,337,569,616,0
2026-07-19 10:56:16,358,567,613,0
2026-07-19 10:56:17,380,559,569,0
2026-07-19 10:56:18,419,568,560,0
2026-07-19 10:56:19,404,563,545,0
2026-07-19 10:56:20,391,586,557,0
2026-07-19 10:56:21,434,586,554,0
2026-07-19 10:56:22,417,561,575,0
2026-07-19 10:56:23,399,563,532,0
2026-07-19 10:56:24,434,563,533,0
2026-07-19 10:56:25,415,572,555,0
2026-07-19 10:56:26,446,580,553,0
2026-07-19 10:56:27,465,589,593,0
2026-07-19 10:56:28,437,576,582,0
2026-07-19 10:56:29,455,582,556,0
2026-07-19 10:56:30,465,581,572,0
2026-07-19 10:56:31,438,566,549,0
2026-07-19 10:56:32,442,562,576,0
2026-07-19 10:56:33,419,583,552,0
2026-07-19 10:56:34,376,575,563,0
2026-07-19 10:56:36,385,588,563,0
2026-07-19 10:56:36,350,588,563,0
2026-07-19 10:56:37,401,581,565,0
2026-07-19 10:56:38,332,583,562,0
2026-07-19 10:56:39,344,586,553,0
2026-07-19 10:56:40,343,570,562,0
2026-07-19 10:56:41,340,583,557,0
2026-07-19 10:56:42,361,564,549,0
2026-07-19 10:56:43,342,575,555,0
2026-07-19 10:56:44,331,577,534,0
2026-07-19 10:56:45,354,565,551,0
2026-07-19 10:56:46,346,576,560,0
2026-07-19 10:56:47,351,566,548,0
2026-07-19 10:56:48,348,567,554,0
2026-07-19 10:56:49,354,582,536,0
2026-07-19 10:56:50,360,585,553,0
2026-07-19 10:56:51,380,578,539,0
2026-07-19 10:56:52,419,580,548,0
2026-07-19 10:56:53,474,588,549,0
2026-07-19 10:56:54,434,593,570,0
2026-07-19 10:56:55,461,570,571,0
2026-07-19 10:56:56,440,568,564,0
2026-07-19 10:56:57,439,587,531,0
2026-07-19 10:56:58,406,561,597,0
2026-07-19 10:56:59,406,585,544,0
2026-07-19 10:57:00,407,570,550,0
2026-07-19 10:57:01,393,574,551,0
2026-07-19 10:57:02,374,566,617,0
2026-07-19 10:57:03,333,552,629,0
2026-07-19 10:57:04,306,576,591,0
2026-07-19 10:57:05,314,557,595,0
2026-07-19 10:57:06,312,582,571,0
2026-07-19 10:57:07,301,570,581,0
2026-07-19 10:57:08,358,586,572,0
2026-07-19 10:57:09,391,546,559,0
2026-07-19 10:57:10,413,571,548,0
2026-07-19 10:57:11,432,563,540,0
2026-07-19 10:57:12,411,579,525,0
2026-07-19 10:57:13,422,565,527,0
2026-07-19 10:57:14,386,564,522,0
2026-07-19 10:57:15,417,584,491,0
2026-07-19 10:57:16,409,566,501,0
2026-07-19 10:57:17,418,567,528,0
2026-07-19 10:57:18,384,569,549,0
2026-07-19 10:57:19,389,570,543,0
2026-07-19 10:57:20,346,570,543,0
2026-07-19 10:57:21,351,562,570,0
2026-07-19 10:57:22,334,561,568,0
2026-07-19 10:57:23,352,574,544,0
2026-07-19 10:57:24,365,558,563,0
2026-07-19 10:57:25,366,561,561,0
2026-07-19 10:57:26,405,574,563,0
2026-07-19 10:57:27,432,567,547,0
2026-07-19 10:57:28,458,576,556,0
2026-07-19 10:57:29,448,584,595,0
2026-07-19 10:57:30,482,588,593,0
2026-07-19 10:57:31,457,600,578,0
2026-07-19 10:57:32,452,582,564,0
2026-07-19 10:57:33,435,572,554,0
2026-07-19 10:57:34,420,571,573,0
2026-07-19 10:57:35,442,598,536,0
2026-07-19 10:57:36,419,567,543,0
2026-07-19 10:57:37,464,594,562,0
2026-07-19 10:57:38,437,587,551,0
2026-07-19 10:57:39,437,594,564,0
2026-07-19 10:57:40,455,572,533,0
2026-07-19 10:57:41,455,570,552,0
2026-07-19 10:57:42,431,590,577,0
2026-07-19 10:57:43,432,577,543,0
2026-07-19 10:57:44,453,599,564,0
2026-07-19 10:57:45,449,590,554,0
2026-07-19 10:57:46,442,591,568,0
2026-07-19 10:57:47,481,588,587,0
2026-07-19 10:57:48,461,584,588,0
2026-07-19 10:57:49,448,590,571,0
2026-07-19 10:57:50,442,564,587,0
2026-07-19 10:57:51,469,562,571,0
2026-07-19 10:57:52,441,566,552,0
2026-07-19 10:57:53,454,564,551,0
2026-07-19 10:57:54,390,581,557,0
2026-07-19 10:57:55,394,567,558,0
2026-07-19 10:57:56,368,586,555,0
2026-07-19 10:57:57,327,585,553,0
2026-07-19 10:57:58,327,567,554,0
2026-07-19 10:57:59,327,566,553,0
2026-07-19 10:58:00,334,577,569,0
2026-07-19 10:58:01,335,568,562,0
2026-07-19 10:58:02,318,570,548,0
2026-07-19 10:58:03,345,559,559,0
2026-07-19 10:58:04,328,567,545,0
2026-07-19 10:58:05,347,573,565,0
2026-07-19 10:58:06,340,578,564,0
2026-07-19 10:58:07,379,563,544,0
2026-07-19 10:58:08,392,569,552,0
2026-07-19 10:58:09,379,573,536,0
2026-07-19 10:58:10,416,575,523,0
2026-07-19 10:58:11,420,572,508,0
2026-07-19 10:58:12,420,579,504,0
2026-07-19 10:58:13,401,580,515,0
2026-07-19 10:58:14,393,563,495,0
2026-07-19 10:58:15,388,586,508,0
2026-07-19 10:58:16,441,590,493,0
2026-07-19 10:58:17,395,585,502,0
2026-07-19 10:58:18,404,599,511,0
2026-07-19 10:58:19,372,591,515,0
2026-07-19 10:58:20,420,594,503,0
2026-07-19 10:58:21,431,579,503,0
2026-07-19 10:58:22,412,581,499,0
2026-07-19 10:58:23,418,558,504,0
2026-07-19 10:58:24,397,556,495,0
2026-07-19 10:58:25,390,577,505,0
2026-07-19 10:58:26,423,584,523,0
2026-07-19 10:58:27,415,564,544,0
2026-07-19 10:58:28,429,574,519,0
2026-07-19 10:58:29,432,569,551,0
2026-07-19 10:58:30,407,574,546,0
2026-07-19 10:58:31,379,569,559,0
2026-07-19 10:58:32,339,564,569,0
2026-07-19 10:58:33,337,567,549,0
2026-07-19 10:58:34,354,560,545,0
2026-07-19 10:58:35,374,563,539,0
2026-07-19 10:58:36,423,581,559,0
2026-07-19 10:58:37,456,564,545,0
2026-07-19 10:58:38,452,585,555,0
2026-07-19 10:58:39,423,593,565,0
2026-07-19 10:58:40,444,585,549,0
2026-07-19 10:58:41,400,579,552,0
2026-07-19 10:58:42,423,569,554,0
2026-07-19 10:58:43,395,571,521,0
2026-07-19 10:58:44,421,572,577,0
2026-07-19 10:58:45,417,564,585,0
2026-07-19 10:58:46,406,552,624,0
2026-07-19 10:58:47,374,561,581,0
2026-07-19 10:58:48,330,550,623,0
2026-07-19 10:58:49,291,564,577,0
2026-07-19 10:58:50,335,553,580,0
2026-07-19 10:58:51,311,545,595,0
2026-07-19 10:58:52,300,582,580,0
2026-07-19 10:58:53,353,579,570,0
2026-07-19 10:58:54,359,557,563,0
2026-07-19 10:58:55,395,593,574,0
2026-07-19 10:58:56,401,593,556,0
2026-07-19 10:58:57,393,583,567,0
2026-07-19 10:58:58,396,592,562,0
2026-07-19 10:58:59,433,585,535,0
2026-07-19 10:59:00,400,559,535,0
2026-07-19 10:59:01,406,576,518,0
2026-07-19 10:59:02,410,578,500,0
2026-07-19 10:59:03,422,568,506,0
2026-07-19 10:59:04,391,577,501,0
2026-07-19 10:59:05,412,586,490,0
2026-07-19 10:59:06,427,587,510,0
2026-07-19 10:59:07,402,591,503,0
2026-07-19 10:59:08,405,566,510,0
2026-07-19 10:59:09,413,581,518,0
2026-07-19 10:59:10,391,576,503,0
2026-07-19 10:59:11,397,563,501,0
2026-07-19 10:59:12,416,567,500,0
2026-07-19 10:59:13,430,570,523,0
2026-07-19 10:59:14,417,572,533,0
2026-07-19 10:59:15,416,574,528,0
2026-07-19 10:59:16,405,575,520,0
2026-07-19 10:59:17,407,564,525,0
2026-07-19 10:59:18,414,568,524,0
2026-07-19 10:59:19,397,568,524,0
2026-07-19 10:59:20,393,574,499,0
2026-07-19 10:59:21,387,572,520,0
2026-07-19 10:59:22,417,562,507,0
2026-07-19 10:59:23,393,585,507,0
2026-07-19 10:59:24,405,559,499,0
2026-07-19 10:59:25,390,585,496,0
2026-07-19 10:59:26,424,567,503,0
2026-07-19 10:59:27,403,580,503,0
2026-07-19 10:59:28,393,581,503,0
2026-07-19 10:59:29,434,585,498,0
2026-07-19 10:59:30,383,590,499,0
2026-07-19 10:59:31,418,591,515,0
2026-07-19 10:59:32,430,562,515,0
2026-07-19 10:59:33,422,580,529,0
2026-07-19 10:59:34,424,577,511,0
2026-07-19 10:59:35,427,576,528,0
2026-07-19 10:59:36,435,587,540,0
2026-07-19 10:59:37,384,561,532,0
2026-07-19 10:59:38,418,587,554,0
2026-07-19 10:59:39,431,584,566,0
2026-07-19 10:59:40,429,587,555,0
2026-07-19 10:59:41,398,556,534,0
2026-07-19 10:59:42,418,573,560,0
2026-07-19 10:59:43,406,577,552,0
2026-07-19 10:59:44,392,576,550,0
2026-07-19 10:59:45,420,589,557,0
2026-07-19 10:59:46,406,579,535,0
2026-07-19 10:59:47,430,591,563,0
2026-07-19 10:59:48,419,599,554,0
2026-07-19 10:59:49,406,576,542,0
2026-07-19 10:59:50,414,586,545,0
2026-07-19 10:59:51,397,566,532,0
2026-07-19 10:59:52,430,567,535,0
2026-07-19 10:59:53,402,564,550,0
2026-07-19 10:59:54,435,584,540,0
2026-07-19 10:59:55,403,582,543,0
2026-07-19 10:59:56,441,572,531,0
2026-07-19 10:59:57,394,581,541,0
2026-07-19 10:59:58,401,580,561,0
2026-07-19 10:59:59,422,571,541,0
2026-07-19 11:00:00,412,565,528,0
2026-07-19 11:00:01,422,570,525,0
2026-07-19 11:00:02,370,575,524,0
2026-07-19 11:00:03,414,593,510,0
2026-07-19 11:00:04,403,567,516,0
2026-07-19 11:00:05,413,586,510,0
2026-07-19 11:00:06,398,577,496,0
2026-07-19 11:00:07,423,587,496,0
2026-07-19 11:00:08,409,587,499,0
2026-07-19 11:00:09,387,587,500,0
2026-07-19 11:00:10,403,566,515,0
2026-07-19 11:00:11,397,585,514,0
2026-07-19 11:00:12,400,575,531,0
2026-07-19 11:00:13,383,569,521,0
2026-07-19 11:00:14,390,567,543,0
2026-07-19 11:00:15,380,568,553,0
2026-07-19 11:00:16,374,566,548,0
2026-07-19 11:00:17,343,573,550,0
2026-07-19 11:00:18,380,571,542,0
2026-07-19 11:00:19,344,572,551,0
2026-07-19 11:00:20,342,570,555,0
2026-07-19 11:00:21,361,565,562,0
2026-07-19 11:00:22,377,574,557,0
2026-07-19 11:00:23,349,563,564,0
2026-07-19 11:00:24,319,559,549,0
2026-07-19 11:00:25,355,564,557,0
2026-07-19 11:00:26,334,567,550,0
2026-07-19 11:00:27,334,562,546,0
2026-07-19 11:00:28,331,570,562,0
2026-07-19 11:00:29,344,565,555,0
2026-07-19 11:00:30,310,566,551,0
2026-07-19 11:00:31,343,570,569,0
2026-07-19 11:00:32,340,570,533,0
2026-07-19 11:00:33,333,561,537,0
2026-07-19 11:00:34,331,566,562,0
2026-07-19 11:00:35,331,564,555,0
2026-07-19 11:00:36,335,563,561,0
2026-07-19 11:00:37,337,571,546,0
2026-07-19 11:00:38,345,576,547,0
2026-07-19 11:00:39,342,568,559,0
2026-07-19 11:00:40,342,577,551,0
2026-07-19 11:00:41,350,575,558,0
2026-07-19 11:00:42,332,568,535,0
2026-07-19 11:00:43,352,570,543,0
2026-07-19 11:00:44,351,572,556,0
2026-07-19 11:00:45,328,565,565,0
2026-07-19 11:00:46,331,571,557,0
2026-07-19 11:00:47,337,564,545,0
2026-07-19 11:00:48,342,565,548,0
2026-07-19 11:00:49,335,574,548,0
2026-07-19 11:00:50,370,568,565,0
2026-07-19 11:00:51,347,562,553,0
2026-07-19 11:00:52,333,570,564,0
2026-07-19 11:00:53,366,570,564,0
2026-07-19 11:00:54,404,561,553,0
2026-07-19 11:00:55,385,566,541,0
2026-07-19 11:00:56,385,572,549,0
2026-07-19 11:00:57,407,572,521,0
2026-07-19 11:00:58,413,575,505,0
2026-07-19 11:00:59,401,588,474,0
2026-07-19 11:01:00,384,585,520,0
2026-07-19 11:01:01,412,584,503,0
2026-07-19 11:01:02,425,586,499,0
2026-07-19 11:01:03,390,584,532,0
2026-07-19 11:01:04,434,571,540,0
2026-07-19 11:01:05,417,570,541,0
2026-07-19 11:01:06,363,562,558,0
2026-07-19 11:01:07,325,567,583,0
2026-07-19 11:01:08,332,593,578,0
2026-07-19 11:01:09,303,587,556,0
2026-07-19 11:01:10,292,571,577,0
2026-07-19 11:01:11,333,551,602,0
2026-07-19 11:01:12,381,556,604,0
2026-07-19 11:01:13,424,565,595,0
2026-07-19 11:01:14,400,564,547,0
2026-07-19 11:01:15,426,578,593,0
2026-07-19 11:01:16,402,560,549,0
2026-07-19 11:01:17,410,580,561,0
2026-07-19 11:01:18,426,572,526,0
2026-07-19 11:01:19,436,568,565,0
2026-07-19 11:01:20,462,567,581,0
2026-07-19 11:01:21,443,591,572,0
2026-07-19 11:01:22,433,561,553,0
2026-07-19 11:01:23,389,571,549,0
2026-07-19 11:01:24,353,588,558,0
2026-07-19 11:01:25,352,571,570,0
2026-07-19 11:01:26,350,567,562,0
2026-07-19 11:01:27,332,561,559,0
2026-07-19 11:01:28,422,557,545,0
2026-07-19 11:01:29,399,562,532,0
2026-07-19 11:01:30,395,579,524,0
2026-07-19 11:01:31,390,559,506,0
2026-07-19 11:01:32,395,590,499,0
2026-07-19 11:01:33,394,581,500,0
2026-07-19 11:01:34,378,577,539,0
2026-07-19 11:01:35,414,576,545,0
2026-07-19 11:01:36,418,586,545,0
2026-07-19 11:01:37,413,569,575,0
2026-07-19 11:01:38,359,583,534,0
2026-07-19 11:01:39,330,575,589,0
2026-07-19 11:01:40,315,554,587,0
2026-07-19 11:01:41,316,569,605,0
2026-07-19 11:01:42,311,555,611,0
2026-07-19 11:01:43,360,562,592,0
2026-07-19 11:01:44,407,557,595,0
2026-07-19 11:01:45,326,566,598,0
2026-07-19 11:01:46,412,585,588,0
2026-07-19 11:01:47,456,567,546,0
2026-07-19 11:01:48,413,570,554,0
2026-07-19 11:01:49,443,585,555,0
2026-07-19 11:01:50,416,564,571,0
2026-07-19 11:01:51,475,564,561,0
2026-07-19 11:01:52,452,579,556,0
2026-07-19 11:01:53,404,590,565,0
2026-07-19 11:01:54,338,560,550,0
2026-07-19 11:01:55,336,562,536,0
2026-07-19 11:01:56,357,564,551,0
2026-07-19 11:01:57,331,565,566,0
2026-07-19 11:01:58,352,569,559,0
2026-07-19 11:01:59,388,561,562,0
2026-07-19 11:02:00,427,563,559,0
2026-07-19 11:02:01,387,560,518,0
2026-07-19 11:02:02,395,563,502,0
2026-07-19 11:02:03,396,594,517,0
2026-07-19 11:02:04,417,559,505,0
2026-07-19 11:02:05,403,588,494,0
2026-07-19 11:02:06,405,590,526,0
2026-07-19 11:02:07,401,586,532,0
2026-07-19 11:02:08,397,585,524,0
2026-07-19 11:02:09,402,581,554,0
2026-07-19 11:02:10,406,551,555,0
2026-07-19 11:02:11,436,561,540,0
2026-07-19 11:02:12,383,573,548,0
2026-07-19 11:02:13,426,552,560,0
2026-07-19 11:02:14,355,562,572,0
2026-07-19 11:02:15,356,556,552,0
2026-07-19 11:02:16,366,581,551,0
2026-07-19 11:02:17,320,550,573,0
2026-07-19 11:02:18,315,557,595,0
2026-07-19 11:02:19,315,587,564,0
2026-07-19 11:02:20,314,598,565,0
2026-07-19 11:02:21,322,544,564,0
2026-07-19 11:02:22,292,588,591,0
2026-07-19 11:02:23,295,564,591,0
2026-07-19 11:02:24,323,555,582,0
2026-07-19 11:02:25,323,551,610,0
2026-07-19 11:02:26,286,543,586,0
2026-07-19 11:02:27,299,575,580,0
2026-07-19 11:02:28,340,573,613,0
2026-07-19 11:02:29,300,562,596,0
2026-07-19 11:02:30,335,572,585,0
2026-07-19 11:02:31,321,558,602,0
2026-07-19 11:02:32,332,580,588,0
2026-07-19 11:02:33,326,557,610,0
2026-07-19 11:02:34,373,559,620,0
2026-07-19 11:02:35,370,561,587,0
2026-07-19 11:02:36,337,577,631,0
2026-07-19 11:02:37,358,553,608,0
2026-07-19 11:02:38,373,558,606,0
2026-07-19 11:02:39,376,555,610,0
2026-07-19 11:02:40,380,553,570,0
2026-07-19 11:02:41,376,553,575,0
2026-07-19 11:02:42,438,555,609,0
2026-07-19 11:02:43,378,559,589,0
2026-07-19 11:02:44,384,571,596,0
2026-07-19 11:02:45,420,557,577,0
2026-07-19 11:02:46,434,564,591,0
2026-07-19 11:02:47,413,568,582,0
2026-07-19 11:02:48,419,559,573,0
2026-07-19 11:02:49,400,575,566,0
2026-07-19 11:02:50,442,579,565,0
2026-07-19 11:02:51,404,562,565,0
2026-07-19 11:02:52,448,572,548,0
2026-07-19 11:02:53,417,586,567,0
2026-07-19 11:02:54,396,582,527,0
2026-07-19 11:02:55,432,564,530,0
2026-07-19 11:02:56,433,576,569,0
2026-07-19 11:02:57,472,580,564,0
2026-07-19 11:02:58,420,567,555,0
2026-07-19 11:02:59,398,592,555,0
2026-07-19 11:03:00,359,578,567,0
2026-07-19 11:03:01,363,574,545,0
2026-07-19 11:03:02,318,574,566,0
2026-07-19 11:03:03,333,564,551,0
2026-07-19 11:03:04,354,572,543,0
2026-07-19 11:03:05,399,575,541,0
2026-07-19 11:03:06,401,562,523,0
2026-07-19 11:03:07,401,579,512,0
2026-07-19 11:03:08,390,593,508,0
2026-07-19 11:03:09,386,590,517,0
2026-07-19 11:03:10,397,566,515,0
2026-07-19 11:03:11,412,578,527,0
2026-07-19 11:03:12,419,573,540,0
2026-07-19 11:03:13,409,586,554,0
2026-07-19 11:03:14,368,586,558,0
2026-07-19 11:03:15,328,581,579,0
2026-07-19 11:03:16,320,556,577,0
2026-07-19 11:03:17,318,561,568,0
2026-07-19 11:03:18,333,553,612,0
2026-07-19 11:03:19,378,560,594,0
2026-07-19 11:03:20,385,567,581,0
2026-07-19 11:03:21,420,567,546,0
2026-07-19 11:03:22,426,563,544,0
2026-07-19 11:03:23,404,569,532,0
2026-07-19 11:03:24,436,566,594,0
2026-07-19 11:03:25,406,564,594,0
2026-07-19 11:03:26,439,577,590,0
2026-07-19 11:03:27,439,570,555,0
2026-07-19 11:03:28,406,590,556,0
2026-07-19 11:03:29,347,583,550,0
2026-07-19 11:03:30,332,585,554,0
2026-07-19 11:03:31,327,566,566,0
2026-07-19 11:03:32,316,565,543,0
2026-07-19 11:03:33,399,567,542,0
2026-07-19 11:03:34,424,575,536,0
2026-07-19 11:03:35,405,565,526,0
2026-07-19 11:03:36,389,569,506,0
2026-07-19 11:03:37,379,569,499,0
2026-07-19 11:03:38,413,576,505,0
2026-07-19 11:03:39,412,588,517,0
2026-07-19 11:03:40,393,592,543,0
2026-07-19 11:03:41,397,589,550,0
2026-07-19 11:03:42,414,561,576,0
2026-07-19 11:03:43,387,582,561,0
2026-07-19 11:03:44,322,562,568,0
2026-07-19 11:03:45,297,563,570,0
2026-07-19 11:03:46,301,552,595,0
2026-07-19 11:03:47,288,577,584,0
2026-07-19 11:03:48,333,564,611,0
2026-07-19 11:03:49,352,562,580,0
2026-07-19 11:03:50,410,561,583,0
2026-07-19 11:03:51,415,568,567,0
2026-07-19 11:03:52,407,582,590,0
2026-07-19 11:03:53,411,562,576,0
2026-07-19 11:03:54,434,569,559,0
2026-07-19 11:03:55,434,593,529,0
2026-07-19 11:03:56,441,595,552,0
2026-07-19 11:03:57,459,575,557,0
2026-07-19 11:03:58,436,553,552,0
2026-07-19 11:03:59,450,587,577,0
2026-07-19 11:04:00,427,585,550,0
2026-07-19 11:04:01,379,576,546,0
2026-07-19 11:04:02,366,578,540,0
2026-07-19 11:04:03,323,561,532,0
2026-07-19 11:04:04,339,562,541,0
2026-07-19 11:04:05,335,571,537,0
2026-07-19 11:04:06,382,565,553,0
2026-07-19 11:04:07,394,567,516,0
2026-07-19 11:04:08,390,567,498,0
2026-07-19 11:04:09,376,589,492,0
2026-07-19 11:04:10,393,581,488,0
2026-07-19 11:04:11,403,585,478,0
2026-07-19 11:04:12,387,565,521,0
2026-07-19 11:04:13,390,574,542,0
2026-07-19 11:04:14,393,592,552,0
2026-07-19 11:04:15,407,560,554,0
2026-07-19 11:04:16,378,563,559,0
2026-07-19 11:04:17,307,559,557,0
2026-07-19 11:04:18,324,572,598,0
2026-07-19 11:04:19,309,553,587,0
2026-07-19 11:04:20,305,563,595,0
2026-07-19 11:04:21,381,561,571,0
2026-07-19 11:04:22,391,574,579,0
2026-07-19 11:04:23,388,565,583,0
2026-07-19 11:04:24,431,558,578,0
2026-07-19 11:04:25,419,563,532,0
2026-07-19 11:04:26,397,584,551,0
2026-07-19 11:04:27,397,561,566,0
2026-07-19 11:04:28,422,579,545,0
2026-07-19 11:04:29,441,561,579,0
2026-07-19 11:04:30,442,582,586,0
2026-07-19 11:04:31,425,587,568,0
2026-07-19 11:04:32,404,558,549,0
2026-07-19 11:04:33,388,582,552,0
2026-07-19 11:04:34,347,576,574,0
2026-07-19 11:04:35,335,559,549,0
2026-07-19 11:04:36,339,559,551,0
2026-07-19 11:04:37,327,565,568,0
2026-07-19 11:04:38,343,558,568,0
2026-07-19 11:04:39,415,574,562,0
2026-07-19 11:04:40,414,573,525,0
2026-07-19 11:04:41,393,564,495,0
2026-07-19 11:04:42,388,591,509,0
2026-07-19 11:04:43,399,570,487,0
2026-07-19 11:04:44,387,577,512,0
2026-07-19 11:04:45,431,587,537,0
2026-07-19 11:04:46,426,566,540,0
2026-07-19 11:04:47,418,581,561,0
2026-07-19 11:04:48,435,555,561,0
2026-07-19 11:04:49,370,589,557,0
2026-07-19 11:04:50,295,594,558,0
2026-07-19 11:04:51,323,561,554,0
2026-07-19 11:04:52,292,584,600,0
2026-07-19 11:04:53,298,572,607,0
2026-07-19 11:04:54,333,555,573,0
2026-07-19 11:04:55,365,564,613,0
2026-07-19 11:04:56,413,564,536,0
2026-07-19 11:04:57,407,558,552,0
2026-07-19 11:04:58,444,550,564,0
2026-07-19 11:04:59,404,570,533,0
2026-07-19 11:05:00,432,574,551,0
2026-07-19 11:05:01,467,586,554,0
2026-07-19 11:05:02,448,585,573,0
2026-07-19 11:05:03,436,580,560,0
2026-07-19 11:05:04,457,553,561,0
2026-07-19 11:05:05,386,573,559,0
2026-07-19 11:05:06,356,564,534,0
2026-07-19 11:05:07,312,571,558,0
2026-07-19 11:05:08,346,568,561,0
2026-07-19 11:05:09,316,557,543,0
2026-07-19 11:05:10,370,569,544,0
2026-07-19 11:05:11,400,563,559,0
2026-07-19 11:05:12,403,560,536,0
2026-07-19 11:05:13,413,564,515,0
2026-07-19 11:05:14,433,572,506,0
2026-07-19 11:05:15,391,581,503,0
2026-07-19 11:05:16,404,571,525,0
2026-07-19 11:05:17,428,586,531,0
2026-07-19 11:05:18,396,573,559,0
2026-07-19 11:05:19,401,582,551,0
2026-07-19 11:05:20,388,557,565,0
2026-07-19 11:05:21,348,560,540,0
2026-07-19 11:05:22,282,586,589,0
2026-07-19 11:05:23,288,560,567,0
2026-07-19 11:05:24,316,561,565,0
2026-07-19 11:05:25,348,555,584,0
2026-07-19 11:05:26,408,576,583,0
2026-07-19 11:05:27,404,558,558,0
2026-07-19 11:05:28,408,555,518,0
2026-07-19 11:05:29,429,546,570,0
2026-07-19 11:05:30,403,583,541,0
2026-07-19 11:05:31,418,574,524,0
2026-07-19 11:05:32,425,578,545,0
2026-07-19 11:05:33,440,579,564,0
2026-07-19 11:05:34,438,582,582,0
2026-07-19 11:05:35,422,564,543,0
2026-07-19 11:05:36,444,560,549,0
2026-07-19 11:05:37,367,579,551,0
2026-07-19 11:05:38,376,566,570,0
2026-07-19 11:05:39,342,563,565,0
2026-07-19 11:05:40,334,556,537,0
2026-07-19 11:05:41,335,569,555,0
2026-07-19 11:05:42,340,575,559,0
2026-07-19 11:05:43,315,559,542,0
2026-07-19 11:05:44,315,560,533,0
2026-07-19 11:05:45,363,562,573,0
2026-07-19 11:05:46,404,572,548,0
2026-07-19 11:05:47,382,567,547,0
2026-07-19 11:05:48,378,566,533,0
2026-07-19 11:05:49,406,565,541,0
2026-07-19 11:05:50,411,572,546,0
2026-07-19 11:05:51,402,562,525,0
2026-07-19 11:05:52,425,559,539,0
2026-07-19 11:05:53,378,570,547,0
2026-07-19 11:05:54,380,567,536,0
2026-07-19 11:05:55,350,573,547,0
2026-07-19 11:05:56,384,562,567,0
2026-07-19 11:05:57,367,562,541,0
2026-07-19 11:05:58,330,562,535,0
2026-07-19 11:05:59,327,570,550,0
2026-07-19 11:06:00,360,565,574,0
2026-07-19 11:06:01,340,576,561,0
2026-07-19 11:06:02,351,562,549,0
2026-07-19 11:06:03,361,576,545,0
2026-07-19 11:06:04,389,583,565,0
2026-07-19 11:06:05,431,577,552,0
2026-07-19 11:06:06,457,566,546,0
2026-07-19 11:06:07,467,574,550,0
2026-07-19 11:06:08,421,568,574,0
2026-07-19 11:06:09,420,582,547,0
2026-07-19 11:06:10,429,580,521,0
2026-07-19 11:06:11,459,575,543,0
2026-07-19 11:06:12,430,557,522,0
2026-07-19 11:06:13,407,552,530,0
2026-07-19 11:06:14,400,578,612,0
2026-07-19 11:06:15,360,562,619,0
2026-07-19 11:06:16,350,558,578,0
2026-07-19 11:06:17,307,564,604,0
2026-07-19 11:06:18,297,576,582,0
2026-07-19 11:06:19,304,587,590,0
2026-07-19 11:06:20,314,574,564,0
2026-07-19 11:06:21,363,560,558,0
2026-07-19 11:06:22,384,598,548,0
2026-07-19 11:06:23,422,553,543,0
2026-07-19 11:06:24,393,575,531,0
2026-07-19 11:06:25,375,582,507,0
2026-07-19 11:06:26,414,590,501,0
2026-07-19 11:06:27,406,573,518,0
2026-07-19 11:06:28,397,579,493,0
2026-07-19 11:06:29,407,572,523,0
2026-07-19 11:06:30,377,567,541,0
2026-07-19 11:06:31,390,565,543,0
2026-07-19 11:06:32,365,567,539,0
2026-07-19 11:06:33,346,568,544,0
2026-07-19 11:06:34,341,569,533,0
2026-07-19 11:06:35,331,575,546,0
2026-07-19 11:06:36,342,570,558,0
2026-07-19 11:06:37,358,579,547,0
2026-07-19 11:06:38,409,581,560,0
2026-07-19 11:06:39,409,581,555,0
2026-07-19 11:06:40,433,554,559,0
2026-07-19 11:06:41,444,580,555,0
2026-07-19 11:06:42,458,566,549,0
2026-07-19 11:06:43,482,587,572,0
2026-07-19 11:06:44,469,572,585,0
2026-07-19 11:06:45,425,586,566,0
2026-07-19 11:06:46,441,574,581,0
2026-07-19 11:06:47,436,581,540,0
2026-07-19 11:06:48,399,564,524,0
2026-07-19 11:06:49,407,580,533,0
2026-07-19 11:06:50,431,562,551,0
2026-07-19 11:06:51,411,577,515,0
2026-07-19 11:06:52,376,558,536,0
2026-07-19 11:06:53,413,556,529,0
2026-07-19 11:06:54,448,553,533,0
2026-07-19 11:06:55,433,584,593,0
2026-07-19 11:06:56,399,579,508,0
2026-07-19 11:06:57,410,563,527,0
2026-07-19 11:06:58,422,558,617,0
2026-07-19 11:06:59,386,563,561,0
2026-07-19 11:07:00,372,548,629,0
2026-07-19 11:07:01,338,559,587,0
2026-07-19 11:07:02,304,548,567,0
2026-07-19 11:07:03,294,579,605,0
2026-07-19 11:07:04,316,557,591,0
2026-07-19 11:07:05,332,568,564,0
2026-07-19 11:07:06,320,550,564,0
2026-07-19 11:07:07,339,561,588,0
2026-07-19 11:07:08,365,595,550,0
2026-07-19 11:07:09,397,566,558,0
2026-07-19 11:07:10,395,573,552,0
2026-07-19 11:07:11,391,576,527,0
2026-07-19 11:07:12,409,572,519,0
2026-07-19 11:07:13,400,599,537,0
2026-07-19 11:07:14,385,578,489,0
2026-07-19 11:07:15,407,562,497,0
2026-07-19 11:07:16,392,550,488,0
2026-07-19 11:07:17,392,564,507,0
2026-07-19 11:07:18,429,565,535,0
2026-07-19 11:07:19,372,564,557,0
2026-07-19 11:07:20,300,560,566,0
2026-07-19 11:07:21,317,560,539,0
2026-07-19 11:07:22,323,566,568,0
2026-07-19 11:07:23,357,562,547,0
2026-07-19 11:07:24,385,562,545,0
2026-07-19 11:07:25,395,559,557,0
2026-07-19 11:07:26,427,580,563,0
2026-07-19 11:07:27,426,566,581,0
2026-07-19 11:07:28,399,572,584,0
2026-07-19 11:07:29,405,577,548,0
2026-07-19 11:07:30,427,568,557,0
2026-07-19 11:07:31,459,562,575,0
2026-07-19 11:07:32,393,576,549,0
2026-07-19 11:07:33,414,559,539,0
2026-07-19 11:07:34,409,563,598,0
2026-07-19 11:07:35,378,550,614,0
2026-07-19 11:07:36,326,564,589,0
2026-07-19 11:07:37,311,559,568,0
2026-07-19 11:07:38,325,571,601,0
2026-07-19 11:07:39,316,579,590,0
2026-07-19 11:07:40,333,571,569,0
2026-07-19 11:07:41,389,550,553,0
2026-07-19 11:07:42,425,567,540,0
2026-07-19 11:07:43,400,548,538,0
2026-07-19 11:07:44,416,565,520,0
2026-07-19 11:07:45,426,571,508,0
2026-07-19 11:07:46,398,583,499,0
2026-07-19 11:07:47,406,588,516,0
2026-07-19 11:07:48,420,554,490,0
2026-07-19 11:07:49,400,558,536,0
2026-07-19 11:07:50,382,562,542,0
2026-07-19 11:07:51,350,570,559,0
2026-07-19 11:07:52,319,563,546,0
2026-07-19 11:07:53,343,564,558,0
2026-07-19 11:07:54,340,561,546,0
2026-07-19 11:07:55,357,578,559,0
2026-07-19 11:07:56,412,552,565,0
2026-07-19 11:07:57,448,565,545,0
2026-07-19 11:07:58,431,573,558,0
2026-07-19 11:07:59,453,559,577,0
2026-07-19 11:08:00,445,587,561,0
2026-07-19 11:08:01,406,579,547,0
2026-07-19 11:08:02,438,588,558,0
2026-07-19 11:08:03,424,573,536,0
2026-07-19 11:08:04,427,557,538,0
2026-07-19 11:08:05,408,553,562,0
2026-07-19 11:08:06,420,567,533,0
2026-07-19 11:08:07,386,552,579,0
2026-07-19 11:08:08,370,550,611,0
2026-07-19 11:08:09,292,572,587,0
2026-07-19 11:08:10,299,558,578,0
2026-07-19 11:08:11,307,565,573,0
2026-07-19 11:08:12,295,574,572,0
2026-07-19 11:08:13,303,574,577,0
2026-07-19 11:08:14,272,580,577,0
2026-07-19 11:08:15,309,575,571,0
2026-07-19 11:08:16,331,576,575,0
2026-07-19 11:08:17,351,547,558,0
2026-07-19 11:08:18,366,579,554,0
2026-07-19 11:08:19,377,584,546,0
2026-07-19 11:08:20,442,595,550,0
2026-07-19 11:08:21,399,552,531,0
2026-07-19 11:08:22,393,576,520,0
2026-07-19 11:08:23,427,581,496,0
2026-07-19 11:08:24,418,569,489,0
2026-07-19 11:08:25,407,578,502,0
2026-07-19 11:08:26,424,561,524,0
2026-07-19 11:08:27,395,561,546,0
2026-07-19 11:08:28,380,564,549,0
2026-07-19 11:08:29,330,566,544,0
2026-07-19 11:08:30,347,562,559,0
2026-07-19 11:08:31,335,572,550,0
2026-07-19 11:08:32,380,567,537,0
2026-07-19 11:08:33,399,578,557,0
2026-07-19 11:08:34,409,573,546,0
2026-07-19 11:08:35,446,563,544,0
2026-07-19 11:08:36,467,563,551,0
2026-07-19 11:08:37,415,572,557,0
2026-07-19 11:08:38,412,564,565,0
2026-07-19 11:08:39,386,598,532,0
2026-07-19 11:08:40,445,566,586,0
2026-07-19 11:08:41,417,553,546,0
2026-07-19 11:08:42,390,556,556,0
2026-07-19 11:08:43,378,573,556,0
2026-07-19 11:08:44,341,567,621,0
2026-07-19 11:08:45,320,541,605,0
2026-07-19 11:08:46,297,549,594,0
2026-07-19 11:08:47,298,571,565,0
2026-07-19 11:08:48,334,570,551,0
2026-07-19 11:08:49,383,569,551,0
2026-07-19 11:08:50,429,573,553,0
2026-07-19 11:08:51,430,570,545,0
2026-07-19 11:08:52,396,589,533,0
2026-07-19 11:08:53,390,583,511,0
2026-07-19 11:08:54,428,579,497,0
2026-07-19 11:08:55,387,570,496,0
2026-07-19 11:08:56,385,555,506,0
2026-07-19 11:08:57,401,562,507,0
2026-07-19 11:08:58,398,572,530,0
2026-07-19 11:08:59,345,558,525,0
2026-07-19 11:09:00,340,568,557,0
2026-07-19 11:09:01,311,562,551,0
2026-07-19 11:09:02,317,563,538,0
2026-07-19 11:09:03,339,570,556,0
2026-07-19 11:09:04,367,564,556,0
2026-07-19 11:09:05,395,546,556,0
2026-07-19 11:09:06,448,563,556,0
2026-07-19 11:09:07,461,578,571,0
2026-07-19 11:09:08,464,581,569,0
2026-07-19 11:09:09,446,579,575,0
2026-07-19 11:09:10,421,577,563,0
2026-07-19 11:09:11,425,588,510,0
2026-07-19 11:09:12,396,583,544,0
2026-07-19 11:09:13,411,567,576,0
2026-07-19 11:09:14,385,565,549,0
2026-07-19 11:09:15,393,557,561,0
2026-07-19 11:09:16,391,561,571,0
2026-07-19 11:09:17,346,566,596,0
2026-07-19 11:09:18,311,559,576,0
2026-07-19 11:09:19,315,545,598,0
2026-07-19 11:09:20,286,574,580,0
2026-07-19 11:09:21,305,569,567,0
2026-07-19 11:09:22,359,570,554,0
2026-07-19 11:09:23,385,538,555,0
2026-07-19 11:09:24,374,549,544,0
2026-07-19 11:09:25,380,581,537,0
2026-07-19 11:09:26,427,564,525,0
2026-07-19 11:09:27,414,574,523,0
2026-07-19 11:09:28,396,592,516,0
2026-07-19 11:09:29,398,566,511,0
2026-07-19 11:09:30,403,569,495,0
2026-07-19 11:09:31,387,558,515,0
2026-07-19 11:09:32,372,566,560,0
2026-07-19 11:09:33,331,568,555,0
2026-07-19 11:09:34,321,563,556,0
2026-07-19 11:09:35,294,569,547,0
2026-07-19 11:09:36,316,554,535,0
2026-07-19 11:09:37,396,584,551,0
2026-07-19 11:09:38,427,555,548,0
2026-07-19 11:09:39,490,573,556,0
2026-07-19 11:09:40,410,565,561,0
2026-07-19 11:09:41,414,580,541,0
2026-07-19 11:09:42,406,569,549,0
2026-07-19 11:09:43,430,559,518,0
2026-07-19 11:09:44,424,563,524,0
2026-07-19 11:09:45,392,561,520,0
2026-07-19 11:09:46,407,563,541,0
2026-07-19 11:09:47,407,565,552,0
2026-07-19 11:09:48,339,570,557,0
2026-07-19 11:09:49,276,551,615,0
2026-07-19 11:09:50,310,551,582,0
2026-07-19 11:09:51,283,560,574,0
2026-07-19 11:09:52,275,559,576,0
2026-07-19 11:09:53,361,592,577,0
2026-07-19 11:09:54,371,573,550,0
2026-07-19 11:09:55,368,565,546,0
2026-07-19 11:09:56,391,545,546,0
2026-07-19 11:09:57,439,570,538,0
2026-07-19 11:09:58,368,563,551,0
2026-07-19 11:09:59,396,575,519,0
2026-07-19 11:10:00,390,568,520,0
2026-07-19 11:10:01,383,572,497,0
2026-07-19 11:10:02,396,585,506,0
2026-07-19 11:10:03,398,564,497,0
2026-07-19 11:10:04,390,566,533,0
2026-07-19 11:10:05,385,558,549,0
2026-07-19 11:10:06,326,559,549,0
2026-07-19 11:10:07,320,565,555,0
2026-07-19 11:10:08,330,566,552,0
2026-07-19 11:10:09,357,558,557,0
2026-07-19 11:10:10,334,564,553,0
2026-07-19 11:10:11,417,576,573,0
2026-07-19 11:10:12,484,564,555,0
2026-07-19 11:10:13,431,571,537,0
2026-07-19 11:10:14,438,574,563,0
2026-07-19 11:10:15,413,568,529,0
2026-07-19 11:10:16,426,573,523,0
2026-07-19 11:10:17,367,552,561,0
2026-07-19 11:10:18,397,569,570,0
2026-07-19 11:10:19,403,561,579,0
2026-07-19 11:10:20,356,543,596,0
2026-07-19 11:10:21,312,547,561,0
2026-07-19 11:10:22,328,559,591,0
2026-07-19 11:10:23,304,558,574,0
2026-07-19 11:10:24,295,565,591,0
2026-07-19 11:10:25,365,553,580,0
2026-07-19 11:10:26,420,556,536,0
2026-07-19 11:10:27,437,579,556,0
2026-07-19 11:10:28,411,579,549,0
2026-07-19 11:10:29,393,568,531,0
2026-07-19 11:10:30,390,565,502,0
2026-07-19 11:10:31,429,570,501,0
2026-07-19 11:10:32,374,581,505,0
2026-07-19 11:10:33,389,567,517,0
2026-07-19 11:10:34,385,556,519,0
2026-07-19 11:10:35,357,560,545,0
2026-07-19 11:10:36,336,564,550,0
2026-07-19 11:10:37,323,562,550,0
2026-07-19 11:10:38,327,570,569,0
2026-07-19 11:10:39,348,550,545,0
2026-07-19 11:10:40,419,574,559,0
2026-07-19 11:10:41,416,568,547,0
2026-07-19 11:10:42,431,555,577,0
2026-07-19 11:10:43,460,566,577,0
2026-07-19 11:10:44,409,578,562,0
2026-07-19 11:10:45,411,584,578,0
2026-07-19 11:10:46,437,591,520,0
2026-07-19 11:10:47,405,573,556,0
2026-07-19 11:10:48,434,560,563,0
2026-07-19 11:10:49,388,552,556,0
2026-07-19 11:10:50,346,545,570,0
2026-07-19 11:10:51,349,568,556,0
2026-07-19 11:10:52,288,548,607,0
2026-07-19 11:10:53,327,582,544,0
2026-07-19 11:10:54,316,585,547,0
2026-07-19 11:10:55,356,572,560,0
2026-07-19 11:10:56,376,544,557,0
2026-07-19 11:10:57,410,549,552,0
2026-07-19 11:10:58,373,578,556,0
2026-07-19 11:10:59,398,575,529,0
2026-07-19 11:11:00,405,551,515,0
2026-07-19 11:11:01,408,577,501,0
2026-07-19 11:11:02,370,553,505,0
2026-07-19 11:11:03,381,578,502,0
2026-07-19 11:11:04,393,556,482,0
2026-07-19 11:11:05,416,583,477,0
2026-07-19 11:11:06,390,550,513,0
2026-07-19 11:11:07,386,560,527,0
2026-07-19 11:11:08,407,553,539,0
2026-07-19 11:11:09,387,549,534,0
2026-07-19 11:11:10,357,560,566,0
2026-07-19 11:11:11,330,563,561,0
2026-07-19 11:11:12,320,564,552,0
2026-07-19 11:11:13,326,565,538,0
2026-07-19 11:11:14,344,569,548,0
2026-07-19 11:11:15,352,575,549,0
2026-07-19 11:11:16,333,556,543,0
2026-07-19 11:11:17,363,563,537,0
2026-07-19 11:11:18,440,567,559,0
2026-07-19 11:11:19,481,593,553,0
2026-07-19 11:11:20,438,567,574,0
2026-07-19 11:11:21,442,565,541,0
2026-07-19 11:11:22,420,582,566,0
2026-07-19 11:11:23,429,569,565,0
2026-07-19 11:11:24,403,560,571,0
2026-07-19 11:11:25,400,562,540,0
2026-07-19 11:11:26,354,549,620,0
2026-07-19 11:11:27,321,554,600,0
2026-07-19 11:11:28,300,559,593,0
2026-07-19 11:11:29,298,563,605,0
2026-07-19 11:11:30,305,542,563,0
2026-07-19 11:11:31,366,556,551,0
2026-07-19 11:11:32,396,556,524,0
2026-07-19 11:11:33,374,562,553,0
2026-07-19 11:11:34,435,580,533,0
2026-07-19 11:11:35,403,585,511,0
2026-07-19 11:11:36,391,562,500,0
2026-07-19 11:11:37,394,572,498,0
2026-07-19 11:11:38,396,554,507,0
2026-07-19 11:11:39,368,561,508,0
2026-07-19 11:11:40,381,562,541,0
2026-07-19 11:11:41,365,567,553,0
2026-07-19 11:11:42,300,559,531,0
2026-07-19 11:11:43,316,559,549,0
2026-07-19 11:11:44,329,569,546,0
2026-07-19 11:11:45,323,559,534,0
2026-07-19 11:11:46,396,567,553,0
2026-07-19 11:11:47,420,568,554,0
2026-07-19 11:11:48,459,563,573,0
2026-07-19 11:11:49,447,572,570,0
2026-07-19 11:11:50,444,569,559,0
2026-07-19 11:11:51,442,565,517,0
2026-07-19 11:11:52,398,584,556,0
2026-07-19 11:11:53,414,552,535,0
2026-07-19 11:11:54,404,558,583,0
2026-07-19 11:11:55,412,557,592,0
2026-07-19 11:11:56,338,557,567,0
2026-07-19 11:11:57,281,559,611,0
2026-07-19 11:11:58,298,555,588,0
2026-07-19 11:11:59,292,549,570,0
2026-07-19 11:12:00,300,555,573,0
2026-07-19 11:12:01,362,551,561,0
2026-07-19 11:12:02,416,579,541,0
2026-07-19 11:12:03,396,581,551,0
2026-07-19 11:12:04,413,559,537,0
2026-07-19 11:12:05,383,580,516,0
2026-07-19 11:12:06,407,566,511,0
2026-07-19 11:12:07,404,555,478,0
2026-07-19 11:12:08,386,561,499,0
2026-07-19 11:12:09,398,572,508,0
2026-07-19 11:12:10,394,560,514,0
2026-07-19 11:12:11,393,571,537,0
2026-07-19 11:12:12,367,555,539,0
2026-07-19 11:12:13,353,561,553,0
2026-07-19 11:12:14,337,553,537,0
2026-07-19 11:12:15,334,567,572,0
2026-07-19 11:12:16,333,562,565,0
2026-07-19 11:12:17,351,579,553,0
2026-07-19 11:12:18,425,563,541,0
2026-07-19 11:12:19,410,565,559,0
2026-07-19 11:12:20,452,564,565,0
2026-07-19 11:12:21,397,563,566,0
2026-07-19 11:12:22,432,588,564,0
2026-07-19 11:12:23,402,581,526,0
2026-07-19 11:12:24,392,583,538,0
2026-07-19 11:12:25,412,556,556,0
2026-07-19 11:12:26,417,562,588,0
2026-07-19 11:12:27,380,555,591,0
2026-07-19 11:12:28,338,549,604,0
2026-07-19 11:12:29,312,546,607,0
2026-07-19 11:12:30,304,580,598,0
2026-07-19 11:12:31,304,554,559,0
2026-07-19 11:12:32,345,561,541,0
2026-07-19 11:12:33,389,554,553,0
2026-07-19 11:12:34,419,587,536,0
2026-07-19 11:12:35,372,574,522,0
2026-07-19 11:12:36,408,566,490,0
2026-07-19 11:12:37,404,567,501,0
2026-07-19 11:12:38,389,573,501,0
2026-07-19 11:12:39,413,574,494,0
2026-07-19 11:12:40,387,568,494,0
2026-07-19 11:12:41,392,572,479,0
2026-07-19 11:12:42,390,562,524,0
2026-07-19 11:12:43,388,561,532,0
2026-07-19 11:12:44,398,566,533,0
2026-07-19 11:12:45,353,559,547,0
2026-07-19 11:12:46,353,563,534,0
2026-07-19 11:12:47,342,564,551,0
2026-07-19 11:12:48,347,562,562,0
2026-07-19 11:12:49,315,552,547,0
2026-07-19 11:12:50,324,556,526,0
2026-07-19 11:12:51,343,557,538,0
2026-07-19 11:12:52,321,561,556,0
2026-07-19 11:12:53,359,554,541,0
2026-07-19 11:12:54,339,552,557,0
2026-07-19 11:12:55,350,555,548,0
2026-07-19 11:12:56,318,559,549,0
2026-07-19 11:12:57,320,554,544,0
2026-07-19 11:12:58,317,565,547,0
2026-07-19 11:12:59,357,558,539,0
2026-07-19 11:13:00,336,557,553,0
2026-07-19 11:13:01,328,559,538,0
2026-07-19 11:13:02,335,559,548,0
2026-07-19 11:13:03,357,552,540,0
2026-07-19 11:13:04,371,555,534,0
2026-07-19 11:13:05,343,560,549,0
2026-07-19 11:13:06,381,566,550,0
2026-07-19 11:13:07,382,563,543,0
2026-07-19 11:13:08,395,572,544,0
2026-07-19 11:13:09,387,569,544,0
2026-07-19 11:13:10,387,569,539,0
2026-07-19 11:13:11,393,562,538,0
2026-07-19 11:13:12,405,560,528,0
2026-07-19 11:13:13,392,566,521,0
2026-07-19 11:13:14,402,563,505,0
2026-07-19 11:13:15,395,562,518,0
2026-07-19 11:13:16,379,567,506,0
2026-07-19 11:13:17,386,558,504,0
2026-07-19 11:13:18,397,557,502,0
2026-07-19 11:13:19,386,557,485,0
2026-07-19 11:13:20,375,590,490,0
2026-07-19 11:13:21,402,569,501,0
2026-07-19 11:13:22,380,580,504,0
2026-07-19 11:13:23,379,573,509,0
2026-07-19 11:13:24,390,583,493,0
2026-07-19 11:13:25,399,575,501,0
2026-07-19 11:13:26,370,555,486,0
2026-07-19 11:13:27,385,579,492,0
2026-07-19 11:13:28,422,566,502,0
2026-07-19 11:13:29,398,569,503,0
2026-07-19 11:13:30,367,569,511,0
2026-07-19 11:13:31,395,576,512,0
2026-07-19 11:13:32,391,575,488,0
2026-07-19 11:13:33,388,573,501,0
2026-07-19 11:13:34,392,580,491,0
2026-07-19 11:13:35,404,550,488,0
2026-07-19 11:13:36,364,568,476,0
2026-07-19 11:13:37,386,574,504,0
2026-07-19 11:13:38,375,577,500,0
2026-07-19 11:13:39,393,575,507,0
2026-07-19 11:13:40,414,567,488,0
2026-07-19 11:13:41,398,588,489,0
2026-07-19 11:13:42,388,545,500,0
2026-07-19 11:13:43,403,561,504,0
2026-07-19 11:13:44,400,564,512,0
2026-07-19 11:13:45,369,566,547,0
2026-07-19 11:13:46,370,562,541,0
2026-07-19 11:13:47,350,561,553,0
2026-07-19 11:13:48,340,556,557,0
2026-07-19 11:13:49,314,558,552,0
2026-07-19 11:13:50,358,570,563,0
2026-07-19 11:13:51,358,567,556,0
2026-07-19 11:13:52,386,561,558,0
2026-07-19 11:13:53,411,562,563,0
2026-07-19 11:13:54,396,575,549,0
2026-07-19 11:13:55,449,586,565,0
2026-07-19 11:13:56,400,574,539,0
2026-07-19 11:13:57,400,570,536,0
2026-07-19 11:13:58,425,572,562,0
2026-07-19 11:13:59,418,565,535,0
2026-07-19 11:14:00,390,553,533,0
2026-07-19 11:14:01,386,553,555,0
2026-07-19 11:14:02,403,549,558,0
2026-07-19 11:14:03,417,556,617,0
2026-07-19 11:14:04,380,543,572,0
2026-07-19 11:14:05,295,544,571,0
2026-07-19 11:14:06,309,551,589,0
2026-07-19 11:14:07,283,557,592,0
2026-07-19 11:14:08,299,545,584,0
2026-07-19 11:14:09,288,549,578,0
2026-07-19 11:14:10,334,575,586,0
2026-07-19 11:14:11,348,580,553,0
2026-07-19 11:14:12,350,565,572,0
2026-07-19 11:14:13,375,596,547,0
2026-07-19 11:14:14,426,559,550,0
2026-07-19 11:14:15,388,546,547,0
2026-07-19 11:14:16,370,575,527,0
2026-07-19 11:14:17,418,571,501,0
2026-07-19 11:14:18,410,568,492,0
2026-07-19 11:14:19,406,571,491,0
2026-07-19 11:14:20,374,578,485,0
2026-07-19 11:14:21,403,567,506,0
2026-07-19 11:14:22,397,568,534,0
2026-07-19 11:14:23,351,556,548,0
2026-07-19 11:14:24,322,570,542,0
2026-07-19 11:14:25,316,559,554,0
2026-07-19 11:14:26,338,560,557,0
2026-07-19 11:14:27,303,558,552,0
2026-07-19 11:14:28,356,566,552,0
2026-07-19 11:14:29,371,572,558,0
2026-07-19 11:14:30,375,572,552,0
2026-07-19 11:14:31,419,574,558,0
2026-07-19 11:14:32,448,573,549,0
2026-07-19 11:14:33,419,554,543,0
2026-07-19 11:14:34,402,583,552,0
2026-07-19 11:14:35,417,557,568,0
2026-07-19 11:14:36,459,573,546,0
2026-07-19 11:14:37,481,568,552,0
2026-07-19 11:14:38,460,580,534,0
2026-07-19 11:14:39,439,556,566,0
2026-07-19 11:14:40,446,584,560,0
2026-07-19 11:14:41,440,555,539,0
2026-07-19 11:14:42,432,556,562,0
2026-07-19 11:14:43,457,578,564,0
2026-07-19 11:14:44,424,551,549,0
2026-07-19 11:14:45,420,556,543,0
2026-07-19 11:14:46,381,569,534,0
2026-07-19 11:14:47,384,554,564,0
2026-07-19 11:14:48,370,557,539,0
2026-07-19 11:14:49,322,568,541,0
2026-07-19 11:14:50,315,564,535,0
2026-07-19 11:14:51,351,570,550,0
2026-07-19 11:14:52,333,558,533,0
2026-07-19 11:14:53,322,559,560,0
2026-07-19 11:14:54,342,563,552,0
2026-07-19 11:14:55,375,563,545,0
2026-07-19 11:14:56,373,567,519,0
2026-07-19 11:14:57,396,568,501,0
2026-07-19 11:14:58,383,558,500,0
2026-07-19 11:14:59,396,576,496,0
2026-07-19 11:15:00,404,584,480,0
2026-07-19 11:15:01,380,556,502,0
2026-07-19 11:15:02,391,567,515,0
2026-07-19 11:15:03,366,551,520,0
2026-07-19 11:15:04,394,570,532,0
2026-07-19 11:15:05,410,591,537,0
2026-07-19 11:15:06,410,544,533,0
2026-07-19 11:15:07,393,570,542,0
2026-07-19 11:15:08,400,555,562,0
2026-07-19 11:15:09,330,561,556,0
2026-07-19 11:15:10,302,538,575,0
2026-07-19 11:15:11,283,542,588,0
2026-07-19 11:15:12,278,540,550,0
2026-07-19 11:15:13,298,552,585,0
2026-07-19 11:15:14,314,543,570,0
2026-07-19 11:15:15,290,554,577,0
2026-07-19 11:15:16,345,547,603,0
2026-07-19 11:15:17,358,557,623,0
2026-07-19 11:15:18,377,558,614,0
2026-07-19 11:15:19,367,553,578,0
2026-07-19 11:15:20,346,546,611,0
2026-07-19 11:15:21,356,562,608,0
2026-07-19 11:15:22,302,551,555,0
2026-07-19 11:15:23,348,547,597,0
2026-07-19 11:15:24,291,550,598,0
2026-07-19 11:15:25,300,552,621,0
2026-07-19 11:15:26,329,568,602,0
2026-07-19 11:15:27,269,562,569,0
2026-07-19 11:15:28,332,558,576,0
2026-07-19 11:15:29,320,547,533,0
2026-07-19 11:15:30,338,559,546,0
2026-07-19 11:15:31,363,560,560,0
2026-07-19 11:15:32,401,565,540,0
2026-07-19 11:15:33,398,566,539,0
2026-07-19 11:15:34,384,583,493,0
2026-07-19 11:15:35,377,572,504,0
2026-07-19 11:15:36,430,584,503,0
2026-07-19 11:15:37,391,558,490,0
2026-07-19 11:15:38,399,566,530,0
2026-07-19 11:15:39,371,564,548,0
2026-07-19 11:15:40,346,550,559,0
2026-07-19 11:15:41,326,562,555,0
2026-07-19 11:15:42,321,559,548,0
2026-07-19 11:15:43,352,552,538,0
2026-07-19 11:15:44,325,554,539,0
2026-07-19 11:15:45,419,579,551,0
2026-07-19 11:15:46,410,587,574,0
2026-07-19 11:15:47,443,561,581,0
2026-07-19 11:15:48,432,571,551,0
2026-07-19 11:15:49,398,559,563,0
2026-07-19 11:15:50,414,567,524,0
2026-07-19 11:15:51,413,553,521,0
2026-07-19 11:15:52,370,561,591,0
2026-07-19 11:15:53,383,558,574,0
2026-07-19 11:15:54,343,560,556,0
2026-07-19 11:15:55,260,545,610,0
2026-07-19 11:15:56,300,562,608,0
2026-07-19 11:15:57,322,582,552,0
2026-07-19 11:15:58,311,587,556,0
2026-07-19 11:15:59,352,586,561,0
2026-07-19 11:16:00,374,593,547,0
2026-07-19 11:16:01,403,592,525,0
2026-07-19 11:16:02,403,563,531,0
2026-07-19 11:16:03,419,566,501,0
2026-07-19 11:16:04,374,562,493,0
2026-07-19 11:16:05,382,586,492,0
2026-07-19 11:16:06,383,559,484,0
2026-07-19 11:16:07,370,560,556,0
2026-07-19 11:16:08,334,557,554,0
2026-07-19 11:16:09,328,567,547,0
2026-07-19 11:16:10,314,565,551,0
2026-07-19 11:16:11,346,560,527,0
2026-07-19 11:16:12,370,574,557,0
2026-07-19 11:16:13,472,554,546,0
2026-07-19 11:16:14,461,574,554,0
2026-07-19 11:16:15,486,581,591,0
2026-07-19 11:16:16,445,570,521,0
2026-07-19 11:16:17,429,569,557,0
2026-07-19 11:16:18,389,578,561,0
2026-07-19 11:16:19,398,569,555,0
2026-07-19 11:16:20,406,560,530,0
2026-07-19 11:16:21,415,556,567,0
2026-07-19 11:16:22,387,553,568,0
2026-07-19 11:16:23,365,563,615,0
2026-07-19 11:16:24,327,566,588,0
2026-07-19 11:16:25,287,551,613,0
2026-07-19 11:16:26,295,563,610,0
2026-07-19 11:16:27,316,575,576,0
2026-07-19 11:16:28,320,554,598,0
2026-07-19 11:16:29,339,538,558,0
2026-07-19 11:16:30,302,586,556,0
2026-07-19 11:16:31,310,537,559,0
2026-07-19 11:16:32,317,566,556,0
2026-07-19 11:16:33,324,535,547,0
2026-07-19 11:16:34,298,538,557,0
2026-07-19 11:16:35,325,548,552,0
2026-07-19 11:16:36,358,560,545,0
2026-07-19 11:16:37,379,576,554,0
2026-07-19 11:16:38,336,550,562,0
2026-07-19 11:16:39,333,555,559,0
2026-07-19 11:16:40,329,587,588,0
2026-07-19 11:16:41,283,558,564,0
2026-07-19 11:16:42,311,559,547,0
2026-07-19 11:16:44,317,561,577,0
2026-07-19 11:16:44,291,579,597,0
2026-07-19 11:16:45,313,570,598,0
2026-07-19 11:16:46,319,565,549,0
2026-07-19 11:16:47,296,550,592,0
2026-07-19 11:16:48,317,549,558,0
2026-07-19 11:16:49,364,545,587,0
2026-07-19 11:16:50,401,556,585,0
2026-07-19 11:16:51,385,566,562,0
2026-07-19 11:16:52,379,570,530,0
2026-07-19 11:16:53,435,572,571,0
2026-07-19 11:16:54,447,568,518,0
2026-07-19 11:16:55,490,570,551,0
2026-07-19 11:16:56,450,549,572,0
2026-07-19 11:16:57,500,575,548,0
2026-07-19 11:16:58,458,561,555,0
2026-07-19 11:16:59,409,550,566,0
2026-07-19 11:17:00,347,555,540,0
2026-07-19 11:17:01,378,553,546,0
2026-07-19 11:17:02,342,562,550,0
2026-07-19 11:17:03,345,562,552,0
2026-07-19 11:17:04,378,565,542,0
2026-07-19 11:17:05,382,561,498,0
2026-07-19 11:17:06,398,560,500,0
2026-07-19 11:17:07,394,548,507,0
2026-07-19 11:17:08,384,569,496,0
2026-07-19 11:17:09,427,565,499,0
2026-07-19 11:17:10,405,562,521,0
2026-07-19 11:17:11,379,566,554,0
2026-07-19 11:17:12,376,559,540,0
2026-07-19 11:17:13,428,561,561,0
2026-07-19 11:17:14,344,548,551,0
2026-07-19 11:17:15,326,551,588,0
2026-07-19 11:17:16,270,550,581,0
2026-07-19 11:17:17,300,552,567,0
2026-07-19 11:17:18,276,559,601,0
2026-07-19 11:17:19,353,556,619,0
2026-07-19 11:17:20,404,557,594,0
2026-07-19 11:17:21,390,559,567,0
2026-07-19 11:17:22,396,569,559,0
2026-07-19 11:17:23,391,560,569,0
2026-07-19 11:17:24,431,566,533,0
2026-07-19 11:17:25,425,582,528,0
2026-07-19 11:17:26,446,574,558,0
2026-07-19 11:17:27,424,565,573,0
2026-07-19 11:17:28,418,572,572,0
2026-07-19 11:17:29,429,550,550,0
2026-07-19 11:17:30,426,578,552,0
2026-07-19 11:17:31,370,567,553,0
2026-07-19 11:17:32,354,571,535,0
2026-07-19 11:17:33,354,562,544,0
2026-07-19 11:17:34,323,558,546,0
2026-07-19 11:17:35,349,556,546,0
2026-07-19 11:17:36,337,563,551,0
2026-07-19 11:17:37,404,557,538,0
2026-07-19 11:17:38,400,562,538,0
2026-07-19 11:17:39,402,566,535,0
2026-07-19 11:17:40,401,554,507,0
2026-07-19 11:17:41,393,580,482,0
2026-07-19 11:17:42,386,587,490,0
2026-07-19 11:17:43,386,568,497,0
2026-07-19 11:17:44,395,570,513,0
2026-07-19 11:17:45,390,565,519,0
2026-07-19 11:17:46,398,566,492,0
2026-07-19 11:17:47,393,562,490,0
2026-07-19 11:17:48,403,588,532,0
2026-07-19 11:17:49,388,577,529,0
2026-07-19 11:17:50,392,557,536,0
2026-07-19 11:17:51,416,545,557,0
2026-07-19 11:17:52,451,574,561,0
2026-07-19 11:17:53,427,584,551,0
2026-07-19 11:17:54,392,561,552,0
2026-07-19 11:17:55,372,577,535,0
2026-07-19 11:17:56,405,563,536,0
2026-07-19 11:17:57,382,584,534,0
2026-07-19 11:17:58,412,575,521,0
2026-07-19 11:17:59,411,536,528,0
2026-07-19 11:18:00,415,571,553,0
2026-07-19 11:18:01,385,587,523,0
2026-07-19 11:18:02,413,576,516,0
2026-07-19 11:18:03,434,571,532,0
2026-07-19 11:18:04,424,561,529,0
2026-07-19 11:18:05,403,590,547,0
2026-07-19 11:18:06,406,596,544,0
2026-07-19 11:18:07,385,557,548,0
2026-07-19 11:18:08,408,560,535,0
2026-07-19 11:18:09,424,587,535,0
2026-07-19 11:18:10,404,557,542,0
2026-07-19 11:18:11,398,594,535,0
2026-07-19 11:18:12,378,544,541,0
2026-07-19 11:18:13,397,559,547,0
2026-07-19 11:18:14,389,551,544,0
2026-07-19 11:18:15,384,581,544,0
2026-07-19 11:18:16,376,557,547,0
2026-07-19 11:18:17,405,556,540,0
2026-07-19 11:18:18,383,560,552,0
2026-07-19 11:18:19,337,552,554,0
2026-07-19 11:18:20,324,550,542,0
2026-07-19 11:18:21,317,556,588,0
2026-07-19 11:18:22,336,562,579,0
2026-07-19 11:18:23,314,550,572,0
2026-07-19 11:18:24,341,563,579,0
2026-07-19 11:18:25,373,556,605,0
2026-07-19 11:18:26,406,556,587,0
2026-07-19 11:18:27,416,557,571,0
2026-07-19 11:18:28,439,576,522,0
2026-07-19 11:18:29,392,588,535,0
2026-07-19 11:18:30,420,569,516,0
2026-07-19 11:18:31,421,583,547,0
2026-07-19 11:18:32,496,576,569,0
2026-07-19 11:18:33,423,554,580,0
2026-07-19 11:18:34,444,583,553,0
2026-07-19 11:18:35,410,556,548,0
2026-07-19 11:18:36,345,566,558,0
2026-07-19 11:18:37,319,557,528,0
2026-07-19 11:18:38,331,560,544,0
2026-07-19 11:18:39,359,555,549,0
2026-07-19 11:18:40,363,564,555,0
2026-07-19 11:18:41,402,567,527,0
2026-07-19 11:18:42,413,552,521,0
2026-07-19 11:18:43,403,573,497,0
2026-07-19 11:18:44,389,578,522,0
2026-07-19 11:18:45,381,554,496,0
2026-07-19 11:18:46,393,567,492,0
2026-07-19 11:18:47,387,571,533,0
2026-07-19 11:18:48,414,577,534,0
2026-07-19 11:18:49,391,575,524,0
2026-07-19 11:18:50,373,570,554,0
2026-07-19 11:18:51,396,561,557,0
2026-07-19 11:18:52,305,552,568,0
2026-07-19 11:18:53,325,554,563,0
2026-07-19 11:18:54,310,569,573,0
2026-07-19 11:18:55,325,556,567,0
2026-07-19 11:18:56,375,556,599,0
2026-07-19 11:18:57,372,548,568,0
2026-07-19 11:18:58,411,559,542,0
2026-07-19 11:18:59,409,555,561,0
2026-07-19 11:19:00,398,555,565,0
2026-07-19 11:19:01,402,568,548,0
2026-07-19 11:19:02,442,586,499,0
2026-07-19 11:19:03,429,563,576,0
2026-07-19 11:19:04,434,577,566,0
2026-07-19 11:19:05,470,567,548,0
2026-07-19 11:19:06,475,581,544,0
2026-07-19 11:19:07,392,549,559,0
2026-07-19 11:19:08,384,574,544,0
2026-07-19 11:19:09,367,547,551,0
2026-07-19 11:19:10,332,571,551,0
2026-07-19 11:19:11,327,554,551,0
2026-07-19 11:19:12,332,564,548,0
2026-07-19 11:19:13,354,560,557,0
2026-07-19 11:19:14,326,551,552,0
2026-07-19 11:19:15,361,563,544,0
2026-07-19 11:19:16,396,564,538,0
2026-07-19 11:19:17,408,565,503,0
2026-07-19 11:19:18,393,569,498,0
2026-07-19 11:19:19,365,555,487,0
2026-07-19 11:19:20,387,596,506,0
2026-07-19 11:19:21,398,564,488,0
2026-07-19 11:19:22,415,570,488,0
2026-07-19 11:19:23,384,576,515,0
2026-07-19 11:19:24,396,571,507,0
2026-07-19 11:19:25,386,558,552,0
2026-07-19 11:19:26,403,575,504,0
2026-07-19 11:19:27,416,569,553,0
2026-07-19 11:19:28,370,556,550,0
2026-07-19 11:19:29,410,560,554,0
2026-07-19 11:19:30,357,569,547,0
2026-07-19 11:19:31,327,562,571,0
2026-07-19 11:19:32,316,563,568,0
2026-07-19 11:19:33,310,573,560,0
2026-07-19 11:19:34,312,565,546,0
2026-07-19 11:19:35,294,552,571,0
2026-07-19 11:19:36,301,551,593,0
2026-07-19 11:19:37,285,589,562,0
2026-07-19 11:19:38,327,566,587,0
2026-07-19 11:19:39,311,546,573,0
2026-07-19 11:19:40,339,583,574,0
2026-07-19 11:19:41,341,548,537,0
2026-07-19 11:19:42,356,553,556,0
2026-07-19 11:19:43,357,592,540,0
2026-07-19 11:19:44,378,570,539,0
2026-07-19 11:19:45,412,557,562,0
2026-07-19 11:19:46,425,581,543,0
2026-07-19 11:19:47,387,570,533,0
2026-07-19 11:19:48,405,588,535,0
2026-07-19 11:19:49,414,577,528,0
2026-07-19 11:19:50,389,582,507,0
2026-07-19 11:19:51,388,570,482,0
2026-07-19 11:19:52,379,585,501,0
2026-07-19 11:19:53,385,570,497,0
2026-07-19 11:19:54,414,563,524,0
2026-07-19 11:19:55,413,559,550,0
2026-07-19 11:19:56,336,551,553,0
2026-07-19 11:19:57,342,551,536,0
2026-07-19 11:19:58,324,571,539,0
2026-07-19 11:19:59,325,571,554,0
2026-07-19 11:20:00,342,561,541,0
2026-07-19 11:20:01,414,555,541,0
2026-07-19 11:20:02,435,571,556,0
2026-07-19 11:20:03,459,570,569,0
2026-07-19 11:20:04,451,560,567,0
2026-07-19 11:20:05,390,556,533,0
2026-07-19 11:20:06,429,573,556,0
2026-07-19 11:20:07,411,554,539,0
2026-07-19 11:20:08,408,553,529,0
2026-07-19 11:20:09,395,547,567,0
2026-07-19 11:20:10,389,555,582,0
2026-07-19 11:20:11,351,552,595,0
2026-07-19 11:20:12,349,549,581,0
2026-07-19 11:20:13,292,553,600,0
2026-07-19 11:20:14,305,554,595,0
2026-07-19 11:20:15,311,563,551,0
2026-07-19 11:20:16,312,554,607,0
2026-07-19 11:20:17,321,581,535,0
2026-07-19 11:20:18,374,546,553,0
2026-07-19 11:20:19,393,540,547,0
2026-07-19 11:20:20,394,547,573,0
2026-07-19 11:20:21,428,570,556,0
2026-07-19 11:20:22,405,554,547,0
2026-07-19 11:20:23,396,568,533,0
2026-07-19 11:20:24,415,575,526,0
2026-07-19 11:20:25,389,573,527,0
2026-07-19 11:20:26,374,570,517,0
2026-07-19 11:20:27,410,568,532,0
2026-07-19 11:20:28,388,553,509,0
2026-07-19 11:20:29,415,570,530,0
2026-07-19 11:20:30,383,580,530,0
2026-07-19 11:20:31,398,572,514,0
2026-07-19 11:20:32,416,563,540,0
2026-07-19 11:20:33,387,546,540,0
2026-07-19 11:20:34,415,555,532,0
2026-07-19 11:20:35,417,564,546,0
2026-07-19 11:20:36,383,546,540,0
2026-07-19 11:20:37,401,574,553,0
2026-07-19 11:20:38,374,545,563,0
2026-07-19 11:20:39,322,531,571,0
2026-07-19 11:20:40,280,537,554,0
2026-07-19 11:20:41,309,584,558,0
2026-07-19 11:20:42,291,545,625,0
2026-07-19 11:20:43,300,548,573,0
2026-07-19 11:20:44,360,547,638,0
2026-07-19 11:20:45,381,548,551,0
2026-07-19 11:20:46,391,552,583,0
2026-07-19 11:20:47,408,553,552,0
2026-07-19 11:20:48,410,546,522,0
2026-07-19 11:20:49,390,549,542,0
2026-07-19 11:20:50,453,585,549,0
2026-07-19 11:20:51,428,576,553,0
2026-07-19 11:20:52,455,556,575,0
2026-07-19 11:20:53,474,557,554,0
2026-07-19 11:20:54,427,560,552,0
2026-07-19 11:20:55,421,557,563,0
2026-07-19 11:20:56,432,570,550,0
2026-07-19 11:20:57,429,580,545,0
2026-07-19 11:20:58,336,553,546,0
2026-07-19 11:20:59,322,572,565,0
2026-07-19 11:21:00,348,561,557,0
2026-07-19 11:21:01,326,549,551,0
2026-07-19 11:21:02,296,562,559,0
2026-07-19 11:21:03,331,557,549,0
2026-07-19 11:21:04,325,555,529,0
2026-07-19 11:21:05,375,554,546,0
2026-07-19 11:21:06,394,554,553,0
2026-07-19 11:21:07,407,557,511,0
2026-07-19 11:21:08,406,557,493,0
2026-07-19 11:21:09,392,562,484,0
2026-07-19 11:21:10,409,561,491,0
2026-07-19 11:21:11,376,579,499,0
2026-07-19 11:21:12,406,579,500,0
2026-07-19 11:21:13,402,579,528,0
2026-07-19 11:21:14,423,544,538,0
2026-07-19 11:21:15,411,560,535,0
2026-07-19 11:21:16,377,545,544,0
2026-07-19 11:21:17,379,548,565,0
2026-07-19 11:21:18,305,557,585,0
2026-07-19 11:21:19,301,544,591,0
2026-07-19 11:21:20,292,553,591,0
2026-07-19 11:21:21,280,552,587,0
2026-07-19 11:21:22,299,554,607,0
2026-07-19 11:21:23,304,567,562,0
2026-07-19 11:21:24,320,550,571,0
2026-07-19 11:21:25,357,549,624,0
2026-07-19 11:21:26,368,544,598,0
2026-07-19 11:21:27,331,553,572,0
2026-07-19 11:21:28,368,555,575,0
2026-07-19 11:21:29,355,567,576,0
2026-07-19 11:21:30,367,549,598,0
2026-07-19 11:21:31,308,548,597,0
2026-07-19 11:21:32,317,548,558,0
2026-07-19 11:21:33,337,552,580,0
2026-07-19 11:21:34,303,544,548,0
2026-07-19 11:21:35,304,562,599,0
2026-07-19 11:21:36,287,560,582,0
2026-07-19 11:21:37,309,540,557,0
2026-07-19 11:21:38,358,560,558,0
2026-07-19 11:21:39,380,551,553,0
2026-07-19 11:21:40,431,565,525,0
2026-07-19 11:21:41,376,548,542,0
2026-07-19 11:21:42,417,563,502,0
2026-07-19 11:21:43,406,566,494,0
2026-07-19 11:21:44,364,582,508,0
2026-07-19 11:21:45,381,570,502,0
2026-07-19 11:21:46,387,560,505,0
2026-07-19 11:21:47,377,558,538,0
2026-07-19 11:21:48,355,563,538,0
2026-07-19 11:21:49,344,547,566,0
2026-07-19 11:21:50,349,563,531,0
2026-07-19 11:21:51,322,554,544,0
2026-07-19 11:21:52,330,569,542,0
2026-07-19 11:21:53,376,573,551,0
2026-07-19 11:21:54,417,572,554,0
2026-07-19 11:21:55,437,557,543,0
2026-07-19 11:21:56,483,570,556,0
2026-07-19 11:21:59,461,558,543,0
2026-07-19 11:21:59,441,575,578,0
2026-07-19 11:21:59,388,574,573,0
2026-07-19 11:22:00,458,562,537,0
2026-07-19 11:22:01,463,568,576,0
2026-07-19 11:22:02,415,581,555,0
2026-07-19 11:22:03,438,553,538,0
2026-07-19 11:22:04,385,582,555,0
2026-07-19 11:22:05,398,563,557,0
2026-07-19 11:22:06,417,550,549,0
2026-07-19 11:22:07,418,566,534,0
2026-07-19 11:22:08,377,556,550,0
2026-07-19 11:22:09,391,555,566,0
2026-07-19 11:22:10,400,561,552,0
2026-07-19 11:22:11,403,552,575,0
2026-07-19 11:22:12,408,564,610,0
2026-07-19 11:22:13,386,561,575,0
2026-07-19 11:22:14,385,568,580,0
2026-07-19 11:22:15,391,566,591,0
2026-07-19 11:22:16,370,563,604,0
2026-07-19 11:22:17,419,551,562,0
2026-07-19 11:22:18,347,556,579,0
2026-07-19 11:22:19,361,566,587,0
2026-07-19 11:22:20,380,547,572,0
2026-07-19 11:22:21,363,550,592,0
2026-07-19 11:22:22,348,559,563,0
2026-07-19 11:22:23,373,561,608,0
2026-07-19 11:22:24,358,545,596,0
2026-07-19 11:22:25,350,559,622,0
2026-07-19 11:22:26,341,551,596,0
2026-07-19 11:22:27,341,558,580,0
2026-07-19 11:22:28,293,557,602,0
2026-07-19 11:22:29,339,546,556,0
2026-07-19 11:22:30,284,546,576,0
2026-07-19 11:22:31,366,544,616,0
2026-07-19 11:22:32,306,547,571,0
2026-07-19 11:22:33,358,546,627,0
2026-07-19 11:22:34,353,556,632,0
2026-07-19 11:22:35,365,564,579,0
2026-07-19 11:22:36,401,543,592,0
2026-07-19 11:22:37,375,548,569,0
2026-07-19 11:22:38,400,561,563,0
2026-07-19 11:22:39,400,549,545,0
2026-07-19 11:22:40,435,575,574,0
2026-07-19 11:22:41,389,552,564,0
2026-07-19 11:22:42,396,554,536,0
2026-07-19 11:22:43,402,556,548,0
2026-07-19 11:22:44,413,569,534,0
2026-07-19 11:22:45,392,552,556,0
2026-07-19 11:22:46,423,560,531,0
2026-07-19 11:22:47,450,569,565,0
2026-07-19 11:22:48,421,573,555,0
2026-07-19 11:22:49,416,572,542,0
2026-07-19 11:22:50,352,571,541,0
2026-07-19 11:22:51,340,554,525,0
2026-07-19 11:22:52,365,555,547,0
2026-07-19 11:22:53,321,558,547,0
2026-07-19 11:22:54,330,553,559,0
2026-07-19 11:22:55,358,564,542,0
2026-07-19 11:22:56,387,565,525,0
2026-07-19 11:22:57,400,558,497,0
2026-07-19 11:22:58,386,568,486,0
2026-07-19 11:22:59,400,580,490,0
2026-07-19 11:23:00,370,571,478,0
2026-07-19 11:23:01,373,563,510,0
2026-07-19 11:23:02,426,559,551,0
2026-07-19 11:23:03,409,544,534,0
2026-07-19 11:23:04,375,596,546,0
2026-07-19 11:23:05,366,548,554,0
2026-07-19 11:23:06,325,546,568,0
2026-07-19 11:23:07,325,546,575,0
2026-07-19 11:23:08,358,581,564,0
2026-07-19 11:23:09,296,554,556,0
2026-07-19 11:23:10,300,555,574,0
2026-07-19 11:23:11,278,556,605,0
2026-07-19 11:23:12,320,548,553,0
2026-07-19 11:23:13,296,547,606,0
2026-07-19 11:23:14,303,560,608,0
2026-07-19 11:23:15,298,561,571,0
2026-07-19 11:23:16,353,549,640,0
2026-07-19 11:23:17,289,564,561,0
2026-07-19 11:23:18,314,571,583,0
2026-07-19 11:23:19,307,554,555,0
2026-07-19 11:23:20,339,551,566,0
2026-07-19 11:23:21,325,568,618,0
2026-07-19 11:23:22,327,559,543,0
2026-07-19 11:23:23,295,545,589,0
2026-07-19 11:23:24,296,551,596,0
2026-07-19 11:23:25,291,566,577,0
2026-07-19 11:23:26,286,565,581,0
2026-07-19 11:23:27,324,551,572,0
2026-07-19 11:23:28,345,547,560,0
2026-07-19 11:23:29,389,558,552,0
2026-07-19 11:23:30,385,580,546,0
2026-07-19 11:23:31,386,548,538,0
2026-07-19 11:23:32,400,581,506,0
2026-07-19 11:23:33,376,569,486,0
2026-07-19 11:23:34,359,545,503,0
2026-07-19 11:23:35,408,575,511,0
2026-07-19 11:23:36,415,551,529,0
2026-07-19 11:23:37,374,561,560,0
2026-07-19 11:23:40,343,552,543,0
2026-07-19 11:23:40,325,553,541,0
2026-07-19 11:23:40,342,572,551,0
2026-07-19 11:23:41,338,551,543,0
2026-07-19 11:23:42,366,567,538,0
2026-07-19 11:23:43,399,549,551,0
2026-07-19 11:23:44,441,578,559,0
2026-07-19 11:23:45,464,560,563,0
2026-07-19 11:23:46,438,570,552,0
2026-07-19 11:23:47,411,582,546,0
2026-07-19 11:23:48,385,588,521,0
2026-07-19 11:23:49,379,552,551,0
2026-07-19 11:23:50,401,563,533,0
2026-07-19 11:23:51,404,557,532,0
2026-07-19 11:23:52,361,554,612,0
2026-07-19 11:23:53,299,567,569,0
2026-07-19 11:23:54,308,551,589,0
2026-07-19 11:23:55,309,549,564,0
2026-07-19 11:23:56,299,561,559,0
2026-07-19 11:23:57,348,580,548,0
2026-07-19 11:23:58,381,573,549,0
2026-07-19 11:23:59,409,558,545,0
2026-07-19 11:24:00,370,575,536,0
2026-07-19 11:24:01,409,544,509,0
2026-07-19 11:24:02,396,563,505,0
2026-07-19 11:24:03,413,580,489,0
2026-07-19 11:24:04,384,570,492,0
2026-07-19 11:24:05,401,554,496,0
2026-07-19 11:24:06,397,546,531,0
2026-07-19 11:24:07,346,554,532,0
2026-07-19 11:24:08,320,553,544,0
2026-07-19 11:24:09,313,551,553,0
2026-07-19 11:24:10,340,558,546,0
2026-07-19 11:24:11,307,573,546,0
2026-07-19 11:24:12,418,561,546,0
2026-07-19 11:24:13,398,571,550,0
2026-07-19 11:24:14,440,559,525,0
2026-07-19 11:24:15,443,552,543,0
2026-07-19 11:24:16,447,574,549,0
2026-07-19 11:24:17,436,577,563,0
2026-07-19 11:24:18,409,563,531,0
2026-07-19 11:24:19,408,547,539,0
2026-07-19 11:24:20,396,575,536,0
2026-07-19 11:24:21,395,560,521,0
2026-07-19 11:24:22,391,560,564,0
2026-07-19 11:24:23,368,551,594,0
2026-07-19 11:24:24,280,550,563,0
2026-07-19 11:24:25,295,565,606,0
2026-07-19 11:24:26,330,574,591,0
2026-07-19 11:24:27,328,576,554,0
2026-07-19 11:24:28,351,552,565,0
2026-07-19 11:24:29,375,582,550,0
2026-07-19 11:24:30,367,588,565,0
2026-07-19 11:24:31,424,595,534,0
2026-07-19 11:24:32,374,565,518,0
2026-07-19 11:24:33,385,559,504,0
2026-07-19 11:24:34,361,583,495,0
2026-07-19 11:24:35,404,559,495,0
2026-07-19 11:24:36,423,550,517,0
2026-07-19 11:24:37,353,552,550,0
2026-07-19 11:24:38,347,551,556,0
2026-07-19 11:24:39,306,552,546,0
2026-07-19 11:24:40,307,565,545,0
2026-07-19 11:24:41,335,551,548,0
2026-07-19 11:24:42,399,557,533,0
2026-07-19 11:24:43,427,567,544,0
2026-07-19 11:24:44,416,569,556,0
2026-07-19 11:24:45,419,555,533,0
2026-07-19 11:24:46,414,576,549,0
2026-07-19 11:24:47,415,553,539,0
2026-07-19 11:24:48,426,549,575,0
2026-07-19 11:24:49,388,549,546,0
2026-07-19 11:24:50,371,556,543,0
2026-07-19 11:24:51,412,562,584,0
2026-07-19 11:24:52,342,548,588,0
2026-07-19 11:24:53,336,559,615,0
2026-07-19 11:24:54,318,545,619,0
2026-07-19 11:24:55,294,550,575,0
2026-07-19 11:24:56,295,554,597,0
2026-07-19 11:24:57,312,558,543,0
2026-07-19 11:24:58,330,542,562,0
2026-07-19 11:24:59,330,554,567,0
2026-07-19 11:25:00,319,551,559,0
2026-07-19 11:25:01,312,554,586,0
2026-07-19 11:25:02,335,586,549,0
2026-07-19 11:25:03,367,558,546,0
2026-07-19 11:25:04,340,580,570,0
2026-07-19 11:25:05,354,564,557,0
2026-07-19 11:25:06,373,545,546,0
2026-07-19 11:25:07,374,594,574,0
2026-07-19 11:25:08,360,548,542,0
2026-07-19 11:25:09,403,550,562,0
2026-07-19 11:25:10,405,555,564,0
2026-07-19 11:25:11,389,552,554,0
2026-07-19 11:25:12,387,542,548,0
2026-07-19 11:25:13,393,552,561,0
2026-07-19 11:25:14,386,554,540,0
2026-07-19 11:25:15,373,553,540,0
2026-07-19 11:25:16,399,550,533,0
2026-07-19 11:25:17,386,571,544,0
2026-07-19 11:25:18,400,574,555,0
2026-07-19 11:25:19,416,552,542,0
2026-07-19 11:25:20,437,545,542,0
2026-07-19 11:25:21,396,584,543,0
2026-07-19 11:25:22,387,564,527,0
2026-07-19 11:25:23,388,584,536,0
2026-07-19 11:25:24,376,570,530,0
2026-07-19 11:25:25,431,552,536,0
2026-07-19 11:25:26,390,589,530,0
2026-07-19 11:25:27,382,551,546,0
2026-07-19 11:25:28,374,559,535,0
2026-07-19 11:25:29,404,559,553,0
2026-07-19 11:25:30,429,567,542,0
2026-07-19 11:25:31,424,552,537,0
2026-07-19 11:25:32,389,576,520,0
2026-07-19 11:25:33,374,560,532,0
2026-07-19 11:25:34,389,563,554,0
2026-07-19 11:25:35,381,552,526,0
2026-07-19 11:25:36,404,558,538,0
2026-07-19 11:25:37,378,571,527,0
2026-07-19 11:25:38,382,563,510,0
2026-07-19 11:25:39,395,562,532,0
2026-07-19 11:25:40,384,564,508,0
2026-07-19 11:25:41,395,570,501,0
2026-07-19 11:25:42,422,586,500,0
2026-07-19 11:25:43,398,571,500,0
2026-07-19 11:25:44,401,577,494,0
2026-07-19 11:25:45,391,560,494,0
2026-07-19 11:25:46,338,550,528,0
2026-07-19 11:25:47,355,549,538,0
2026-07-19 11:25:48,349,555,546,0
2026-07-19 11:25:49,338,559,544,0
2026-07-19 11:25:50,327,557,547,0
2026-07-19 11:25:51,347,577,565,0
2026-07-19 11:25:52,380,559,540,0
2026-07-19 11:25:53,434,575,560,0
2026-07-19 11:25:54,442,576,557,0
2026-07-19 11:25:55,435,561,565,0
2026-07-19 11:25:56,425,573,530,0
2026-07-19 11:25:57,378,554,532,0
2026-07-19 11:25:58,415,569,526,0
2026-07-19 11:25:59,392,567,536,0
2026-07-19 11:26:00,404,562,561,0
2026-07-19 11:26:01,361,563,578,0
2026-07-19 11:26:02,340,564,555,0
2026-07-19 11:26:03,298,548,587,0
2026-07-19 11:26:04,286,560,591,0
2026-07-19 11:26:05,282,582,590,0
2026-07-19 11:26:06,336,591,574,0
2026-07-19 11:26:07,364,588,549,0
2026-07-19 11:26:08,398,559,533,0
2026-07-19 11:26:09,394,590,552,0
2026-07-19 11:26:10,363,575,535,0
2026-07-19 11:26:11,403,555,500,0
2026-07-19 11:26:12,393,569,512,0
2026-07-19 11:26:13,389,579,498,0
2026-07-19 11:26:14,385,587,495,0
2026-07-19 11:26:15,399,572,491,0
2026-07-19 11:26:16,376,556,516,0
2026-07-19 11:26:17,398,554,542,0
2026-07-19 11:26:18,336,556,522,0
2026-07-19 11:26:19,326,553,528,0
2026-07-19 11:26:20,316,551,574,0
2026-07-19 11:26:21,317,565,520,0
2026-07-19 11:26:22,307,547,537,0
2026-07-19 11:26:23,363,549,544,0
2026-07-19 11:26:24,406,554,538,0
2026-07-19 11:26:25,433,567,540,0
2026-07-19 11:26:26,436,549,553,0
2026-07-19 11:26:27,429,554,581,0
2026-07-19 11:26:28,391,545,522,0
2026-07-19 11:26:29,386,581,550,0
2026-07-19 11:26:30,441,554,537,0
2026-07-19 11:26:31,413,577,533,0
2026-07-19 11:26:32,392,546,510,0
2026-07-19 11:26:33,396,553,524,0
2026-07-19 11:26:34,360,552,564,0
2026-07-19 11:26:35,343,547,608,0
2026-07-19 11:26:36,332,546,580,0
2026-07-19 11:26:37,325,544,556,0
2026-07-19 11:26:38,312,550,564,0
2026-07-19 11:26:39,281,535,566,0
2026-07-19 11:26:40,272,544,569,0
2026-07-19 11:26:41,327,539,551,0
2026-07-19 11:26:42,293,551,560,0
2026-07-19 11:26:43,296,544,593,0
2026-07-19 11:26:44,339,555,571,0
2026-07-19 11:26:45,377,562,564,0
2026-07-19 11:26:46,394,545,554,0
2026-07-19 11:26:47,380,584,546,0
2026-07-19 11:26:48,414,540,556,0
2026-07-19 11:26:49,343,539,534,0
2026-07-19 11:26:50,402,577,504,0
2026-07-19 11:26:51,399,565,530,0
2026-07-19 11:26:52,416,550,539,0
2026-07-19 11:26:53,398,564,520,0
2026-07-19 11:26:54,381,551,524,0
2026-07-19 11:26:55,372,568,522,0
2026-07-19 11:26:56,394,552,512,0
2026-07-19 11:26:57,387,562,507,0
2026-07-19 11:26:58,406,549,489,0
2026-07-19 11:26:59,407,575,500,0
2026-07-19 11:27:00,398,563,494,0
2026-07-19 11:27:01,413,578,511,0
2026-07-19 11:27:02,386,573,511,0
2026-07-19 11:27:03,387,559,512,0
2026-07-19 11:27:04,403,560,491,0
2026-07-19 11:27:05,408,568,510,0
2026-07-19 11:27:06,398,585,497,0
2026-07-19 11:27:07,401,566,512,0
2026-07-19 11:27:08,345,567,511,0
2026-07-19 11:27:09,381,558,496,0
2026-07-19 11:27:10,417,559,506,0
2026-07-19 11:27:11,383,561,492,0
2026-07-19 11:27:12,399,578,483,0
2026-07-19 11:27:13,356,569,490,0
2026-07-19 11:27:14,356,564,502,0
2026-07-19 11:27:15,389,558,496,0
2026-07-19 11:27:16,392,565,516,0
2026-07-19 11:27:17,392,566,503,0
2026-07-19 11:27:18,398,562,494,0
2026-07-19 11:27:19,385,537,496,0
2026-07-19 11:27:20,372,560,513,0
2026-07-19 11:27:21,384,551,515,0
2026-07-19 11:27:22,317,544,531,0
2026-07-19 11:27:23,319,553,550,0
2026-07-19 11:27:24,352,552,546,0
2026-07-19 11:27:25,328,549,548,0
2026-07-19 11:27:26,327,561,553,0
2026-07-19 11:27:27,408,563,525,0
2026-07-19 11:27:28,405,547,556,0
2026-07-19 11:27:29,435,548,559,0
2026-07-19 11:27:30,436,567,554,0
2026-07-19 11:27:31,418,550,527,0
2026-07-19 11:27:32,419,565,524,0
2026-07-19 11:27:33,364,566,538,0
2026-07-19 11:27:34,400,559,571,0
2026-07-19 11:27:35,412,548,541,0
2026-07-19 11:27:36,360,540,571,0
2026-07-19 11:27:37,339,540,586,0
2026-07-19 11:27:38,308,544,579,0
2026-07-19 11:27:39,295,528,554,0
2026-07-19 11:27:40,291,544,575,0
2026-07-19 11:27:41,323,566,553,0
2026-07-19 11:27:42,378,548,548,0
2026-07-19 11:27:43,403,567,541,0
2026-07-19 11:27:44,391,530,537,0
2026-07-19 11:27:45,394,554,537,0
2026-07-19 11:27:46,424,557,501,0
2026-07-19 11:27:47,389,559,486,0
2026-07-19 11:27:48,384,566,491,0
2026-07-19 11:27:49,373,571,501,0
2026-07-19 11:27:50,392,550,508,0
2026-07-19 11:27:51,357,548,523,0
2026-07-19 11:27:52,323,549,551,0
2026-07-19 11:27:53,310,554,539,0
2026-07-19 11:27:54,328,550,535,0
2026-07-19 11:27:55,342,568,561,0
2026-07-19 11:27:56,318,553,548,0
2026-07-19 11:27:57,399,551,543,0
2026-07-19 11:27:58,460,562,549,0
2026-07-19 11:27:59,393,541,577,0
2026-07-19 11:28:00,404,557,546,0
2026-07-19 11:28:01,445,551,548,0
2026-07-19 11:28:02,375,574,545,0
2026-07-19 11:28:03,400,559,534,0
2026-07-19 11:28:04,401,540,560,0
2026-07-19 11:28:05,394,553,544,0
2026-07-19 11:28:06,418,547,593,0
2026-07-19 11:28:07,319,542,572,0
2026-07-19 11:28:08,294,545,606,0
2026-07-19 11:28:09,300,564,568,0
2026-07-19 11:28:10,320,539,537,0
2026-07-19 11:28:11,317,561,559,0
2026-07-19 11:28:12,376,543,559,0
2026-07-19 11:28:13,367,588,562,0
2026-07-19 11:28:14,410,577,535,0
2026-07-19 11:28:15,379,558,519,0
2026-07-19 11:28:16,363,561,489,0
2026-07-19 11:28:17,379,574,492,0
2026-07-19 11:28:18,418,534,506,0
2026-07-19 11:28:19,392,545,516,0
2026-07-19 11:28:20,371,546,533,0
2026-07-19 11:28:21,349,542,547,0
2026-07-19 11:28:22,324,551,559,0
2026-07-19 11:28:23,333,551,538,0
2026-07-19 11:28:24,353,560,547,0
2026-07-19 11:28:25,357,561,546,0
2026-07-19 11:28:26,396,571,555,0
2026-07-19 11:28:27,422,563,530,0
2026-07-19 11:28:28,393,561,549,0
2026-07-19 11:28:29,432,549,573,0
2026-07-19 11:28:30,445,562,536,0
2026-07-19 11:28:31,418,568,530,0
2026-07-19 11:28:32,400,560,517,0
2026-07-19 11:28:33,381,555,536,0
2026-07-19 11:28:34,406,539,555,0
2026-07-19 11:28:35,359,533,577,0
2026-07-19 11:28:36,300,547,596,0
2026-07-19 11:28:37,282,529,560,0
2026-07-19 11:28:38,294,570,560,0
2026-07-19 11:28:39,342,560,556,0
2026-07-19 11:28:40,362,540,551,0
2026-07-19 11:28:41,392,581,550,0
2026-07-19 11:28:42,412,580,528,0
2026-07-19 11:28:43,399,575,533,0
2026-07-19 11:28:44,374,560,492,0
2026-07-19 11:28:45,382,568,505,0
2026-07-19 11:28:46,376,571,489,0
2026-07-19 11:28:47,383,554,500,0
2026-07-19 11:28:48,395,553,508,0
2026-07-19 11:28:49,360,546,542,0
2026-07-19 11:28:50,324,546,550,0
2026-07-19 11:28:51,304,541,537,0
2026-07-19 11:28:52,292,554,537,0
2026-07-19 11:28:53,334,565,555,0
2026-07-19 11:28:54,379,548,538,0
2026-07-19 11:28:55,411,547,546,0
2026-07-19 11:28:56,426,556,569,0
2026-07-19 11:28:57,463,547,550,0
2026-07-19 11:28:58,440,548,550,0
2026-07-19 11:28:59,402,546,523,0
2026-07-19 11:29:00,399,561,527,0
2026-07-19 11:29:01,378,561,537,0
2026-07-19 11:29:02,394,538,564,0
2026-07-19 11:29:03,348,540,558,0
2026-07-19 11:29:04,303,572,561,0
2026-07-19 11:29:05,288,572,558,0
2026-07-19 11:29:06,337,580,547,0
2026-07-19 11:29:07,364,555,548,0
2026-07-19 11:29:08,381,580,536,0
2026-07-19 11:29:09,408,578,543,0
2026-07-19 11:29:10,422,551,503,0
2026-07-19 11:29:11,394,583,504,0
2026-07-19 11:29:12,391,569,489,0
2026-07-19 11:29:13,404,552,502,0
2026-07-19 11:29:14,387,552,505,0
2026-07-19 11:29:15,385,538,522,0
2026-07-19 11:29:16,355,552,539,0
2026-07-19 11:29:17,312,545,533,0
2026-07-19 11:29:18,344,549,565,0
2026-07-19 11:29:19,325,564,546,0
2026-07-19 11:29:20,337,545,550,0
2026-07-19 11:29:21,425,567,546,0
2026-07-19 11:29:22,406,565,542,0
2026-07-19 11:29:23,449,564,566,0
2026-07-19 11:29:24,413,553,509,0
2026-07-19 11:29:25,399,549,549,0
2026-07-19 11:29:26,394,553,542,0
2026-07-19 11:29:27,372,536,506,0
2026-07-19 11:29:28,381,553,544,0
2026-07-19 11:29:29,359,547,602,0
2026-07-19 11:29:30,322,546,571,0
2026-07-19 11:29:31,332,538,579,0
2026-07-19 11:29:32,297,559,571,0
2026-07-19 11:29:33,289,542,566,0
2026-07-19 11:29:34,316,579,534,0
2026-07-19 11:29:35,358,547,564,0
2026-07-19 11:29:36,405,570,533,0
2026-07-19 11:29:37,404,572,541,0
2026-07-19 11:29:38,392,570,523,0
2026-07-19 11:29:39,428,572,499,0
2026-07-19 11:29:40,372,561,498,0
2026-07-19 11:29:41,365,559,488,0
2026-07-19 11:29:42,381,565,500,0
2026-07-19 11:29:43,378,546,520,0
2026-07-19 11:29:44,375,550,551,0
2026-07-19 11:29:45,330,542,554,0
2026-07-19 11:29:46,324,559,532,0
2026-07-19 11:29:47,338,552,557,0
2026-07-19 11:29:48,360,546,546,0
2026-07-19 11:29:49,361,548,539,0
2026-07-19 11:29:50,418,544,552,0
2026-07-19 11:29:51,416,559,544,0
2026-07-19 11:29:52,416,568,583,0
2026-07-19 11:29:53,385,580,507,0
2026-07-19 11:29:54,396,567,537,0
2026-07-19 11:29:55,375,569,575,0
2026-07-19 11:29:56,405,562,546,0
2026-07-19 11:29:57,400,541,567,0
2026-07-19 11:29:58,335,545,614,0
2026-07-19 11:29:59,278,554,583,0
2026-07-19 11:30:00,287,550,581,0
2026-07-19 11:30:01,320,565,570,0
2026-07-19 11:30:02,310,542,563,0
2026-07-19 11:30:03,329,555,562,0
2026-07-19 11:30:04,400,545,532,0
2026-07-19 11:30:05,393,590,513,0
2026-07-19 11:30:06,352,553,523,0
2026-07-19 11:30:07,393,555,508,0
2026-07-19 11:30:08,427,571,487,0
2026-07-19 11:30:09,385,556,479,0
2026-07-19 11:30:10,393,553,501,0
2026-07-19 11:30:11,405,549,529,0
2026-07-19 11:30:12,384,544,551,0
2026-07-19 11:30:13,324,556,548,0
2026-07-19 11:30:14,334,550,537,0
2026-07-19 11:30:15,315,545,533,0
2026-07-19 11:30:16,367,545,539,0
2026-07-19 11:30:17,438,544,551,0
2026-07-19 11:30:18,401,559,545,0
2026-07-19 11:30:19,458,570,557,0
2026-07-19 11:30:20,430,563,573,0
2026-07-19 11:30:21,420,554,556,0
2026-07-19 11:30:22,451,570,539,0
2026-07-19 11:30:23,421,547,532,0
2026-07-19 11:30:24,384,553,548,0
2026-07-19 11:30:25,412,538,549,0
2026-07-19 11:30:26,378,549,540,0
2026-07-19 11:30:27,395,543,546,0
2026-07-19 11:30:28,322,551,595,0
2026-07-19 11:30:29,280,537,572,0
2026-07-19 11:30:30,294,541,574,0
2026-07-19 11:30:31,300,568,571,0
2026-07-19 11:30:32,396,565,570,0
2026-07-19 11:30:33,343,571,548,0
2026-07-19 11:30:34,390,549,532,0
2026-07-19 11:30:35,356,583,528,0
2026-07-19 11:30:36,396,570,527,0
2026-07-19 11:30:37,373,560,499,0
2026-07-19 11:30:38,375,554,493,0
2026-07-19 11:30:39,365,561,482,0
2026-07-19 11:30:40,377,561,490,0
2026-07-19 11:30:41,392,544,496,0
2026-07-19 11:30:42,369,554,538,0
2026-07-19 11:30:43,382,544,554,0
2026-07-19 11:30:44,317,544,539,0
2026-07-19 11:30:45,317,537,552,0
2026-07-19 11:30:46,337,561,552,0
2026-07-19 11:30:47,337,547,532,0
2026-07-19 11:30:48,360,563,536,0
2026-07-19 11:30:49,399,543,534,0
2026-07-19 11:30:50,397,554,530,0
2026-07-19 11:30:51,400,561,531,0
2026-07-19 11:30:52,384,539,555,0
2026-07-19 11:30:53,434,541,538,0
2026-07-19 11:30:54,370,551,512,0
2026-07-19 11:30:55,401,556,568,0
2026-07-19 11:30:56,398,564,562,0
2026-07-19 11:30:57,413,547,535,0
2026-07-19 11:30:58,374,536,565,0
2026-07-19 11:30:59,328,538,578,0
2026-07-19 11:31:00,339,554,572,0
2026-07-19 11:31:01,316,549,575,0
2026-07-19 11:31:02,271,546,572,0
2026-07-19 11:31:03,323,564,559,0
2026-07-19 11:31:04,332,556,559,0
2026-07-19 11:31:05,378,535,553,0
2026-07-19 11:31:06,377,542,558,0
2026-07-19 11:31:07,385,529,545,0
2026-07-19 11:31:08,429,570,532,0
2026-07-19 11:31:09,375,572,534,0
2026-07-19 11:31:10,387,551,544,0
2026-07-19 11:31:11,370,573,520,0
2026-07-19 11:31:12,383,569,499,0
2026-07-19 11:31:13,389,566,495,0
2026-07-19 11:31:14,372,549,478,0
2026-07-19 11:31:15,370,542,506,0
2026-07-19 11:31:16,381,551,498,0
2026-07-19 11:31:17,322,548,544,0
2026-07-19 11:31:18,303,551,546,0
2026-07-19 11:31:19,296,540,529,0
2026-07-19 11:31:20,318,544,547,0
2026-07-19 11:31:21,364,545,548,0
2026-07-19 11:31:22,397,564,564,0
2026-07-19 11:31:23,434,564,554,0
2026-07-19 11:31:24,416,562,549,0
2026-07-19 11:31:25,428,552,542,0
2026-07-19 11:31:26,402,567,512,0
2026-07-19 11:31:27,397,558,516,0
2026-07-19 11:31:28,373,557,562,0
2026-07-19 11:31:29,380,564,530,0
2026-07-19 11:31:30,362,544,559,0
2026-07-19 11:31:31,392,543,557,0
2026-07-19 11:31:32,332,545,585,0
2026-07-19 11:31:33,299,543,581,0
2026-07-19 11:31:34,312,548,570,0
2026-07-19 11:31:35,319,530,554,0
2026-07-19 11:31:36,336,595,561,0
2026-07-19 11:31:37,355,583,560,0
2026-07-19 11:31:38,371,542,557,0
2026-07-19 11:31:39,377,554,513,0
2026-07-19 11:31:40,385,539,539,0
2026-07-19 11:31:41,377,565,532,0
2026-07-19 11:31:42,389,569,488,0
2026-07-19 11:31:43,389,578,481,0
2026-07-19 11:31:44,388,556,501,0
2026-07-19 11:31:45,396,552,518,0
2026-07-19 11:31:46,369,562,531,0
2026-07-19 11:31:47,338,547,541,0
2026-07-19 11:31:48,334,547,547,0
2026-07-19 11:31:49,324,545,539,0
2026-07-19 11:31:50,329,541,532,0
2026-07-19 11:31:51,321,554,538,0
2026-07-19 11:31:52,319,552,543,0
2026-07-19 11:31:53,332,543,554,0
2026-07-19 11:31:54,400,553,549,0
2026-07-19 11:31:55,406,569,537,0
2026-07-19 11:31:56,419,567,556,0
2026-07-19 11:31:57,396,545,575,0
2026-07-19 11:31:58,414,563,538,0
2026-07-19 11:31:59,419,556,530,0
2026-07-19 11:32:00,437,567,508,0
2026-07-19 11:32:01,429,551,496,0
2026-07-19 11:32:02,426,555,553,0
2026-07-19 11:32:03,397,556,544,0
2026-07-19 11:32:04,379,571,541,0
2026-07-19 11:32:05,386,564,542,0
2026-07-19 11:32:06,413,552,544,0
2026-07-19 11:32:07,403,548,514,0
2026-07-19 11:32:08,368,556,576,0
2026-07-19 11:32:09,377,547,570,0
2026-07-19 11:32:10,362,547,574,0
2026-07-19 11:32:11,336,551,580,0
2026-07-19 11:32:12,323,538,573,0
2026-07-19 11:32:13,281,544,561,0
2026-07-19 11:32:14,340,540,575,0
2026-07-19 11:32:15,308,545,592,0
2026-07-19 11:32:16,322,540,564,0
2026-07-19 11:32:17,293,551,563,0
2026-07-19 11:32:18,300,548,566,0
2026-07-19 11:32:19,315,546,564,0
2026-07-19 11:32:20,319,530,592,0
2026-07-19 11:32:21,323,562,573,0
2026-07-19 11:32:22,326,558,611,0
2026-07-19 11:32:23,295,550,583,0
2026-07-19 11:32:24,307,557,609,0
2026-07-19 11:32:25,296,529,574,0
2026-07-19 11:32:26,310,559,563,0
2026-07-19 11:32:27,331,549,569,0
2026-07-19 11:32:28,325,543,572,0
2026-07-19 11:32:29,292,535,559,0
2026-07-19 11:32:30,321,537,562,0
2026-07-19 11:32:31,306,535,565,0
2026-07-19 11:32:32,319,531,551,0
2026-07-19 11:32:33,300,565,560,0
2026-07-19 11:32:34,300,545,578,0
2026-07-19 11:32:35,299,553,558,0
2026-07-19 11:32:36,331,547,547,0
2026-07-19 11:32:37,320,530,578,0
2026-07-19 11:32:38,291,540,552,0
2026-07-19 11:32:39,290,533,571,0
2026-07-19 11:32:40,336,564,590,0
2026-07-19 11:32:41,327,543,544,0
2026-07-19 11:32:42,326,537,562,0
2026-07-19 11:32:43,354,560,541,0
2026-07-19 11:32:44,387,571,559,0
2026-07-19 11:32:45,391,561,550,0
2026-07-19 11:32:46,390,583,532,0
2026-07-19 11:32:47,377,547,544,0
2026-07-19 11:32:48,387,544,536,0
2026-07-19 11:32:49,358,568,520,0
2026-07-19 11:32:50,400,550,507,0
2026-07-19 11:32:51,353,553,488,0
2026-07-19 11:32:52,402,558,497,0
2026-07-19 11:32:53,388,562,495,0
2026-07-19 11:32:54,408,545,521,0
2026-07-19 11:32:55,377,547,521,0
2026-07-19 11:32:56,337,544,540,0
2026-07-19 11:32:57,332,545,544,0
2026-07-19 11:32:58,335,545,534,0
2026-07-19 11:32:59,337,562,550,0
2026-07-19 11:33:00,333,545,556,0
2026-07-19 11:33:01,362,565,545,0
2026-07-19 11:33:02,396,552,538,0
2026-07-19 11:33:03,411,572,550,0
2026-07-19 11:33:04,412,562,591,0
2026-07-19 11:33:05,413,552,543,0
2026-07-19 11:33:06,456,557,559,0
2026-07-19 11:33:07,403,535,488,0
2026-07-19 11:33:08,420,554,511,0
2026-07-19 11:33:09,386,561,559,0
2026-07-19 11:33:10,396,543,525,0
2026-07-19 11:33:11,376,547,603,0
2026-07-19 11:33:12,332,536,558,0
2026-07-19 11:33:13,306,529,568,0
2026-07-19 11:33:14,278,537,568,0
2026-07-19 11:33:15,302,544,585,0
2026-07-19 11:33:16,299,530,569,0
2026-07-19 11:33:17,368,542,553,0
2026-07-19 11:33:18,381,551,542,0
2026-07-19 11:33:19,398,541,531,0
2026-07-19 11:33:20,368,544,531,0
2026-07-19 11:33:21,368,541,526,0
2026-07-19 11:33:22,381,555,481,0
2026-07-19 11:33:23,387,579,482,0
2026-07-19 11:33:24,386,554,482,0
2026-07-19 11:33:25,372,548,496,0
2026-07-19 11:33:26,379,563,502,0
2026-07-19 11:33:27,374,559,498,0
2026-07-19 11:33:28,406,553,495,0
2026-07-19 11:33:29,401,551,519,0
2026-07-19 11:33:30,398,557,520,0
2026-07-19 11:33:31,360,552,529,0
2026-07-19 11:33:32,369,556,524,0
2026-07-19 11:33:33,320,553,532,0
2026-07-19 11:33:34,367,543,548,0
2026-07-19 11:33:35,351,546,541,0
2026-07-19 11:33:36,365,547,527,0
2026-07-19 11:33:37,339,543,529,0
2026-07-19 11:33:38,356,550,546,0
2026-07-19 11:33:39,344,546,532,0
2026-07-19 11:33:40,370,534,523,0
2026-07-19 11:33:41,403,545,543,0
2026-07-19 11:33:42,369,548,534,0
2026-07-19 11:33:43,398,539,529,0
2026-07-19 11:33:44,378,545,503,0
2026-07-19 11:33:45,376,548,494,0
2026-07-19 11:33:46,383,575,456,0
2026-07-19 11:33:47,395,558,493,0
2026-07-19 11:33:48,390,553,475,0
2026-07-19 11:33:49,393,573,516,0
2026-07-19 11:33:50,374,549,530,0
2026-07-19 11:33:51,367,561,544,0
2026-07-19 11:33:52,376,551,548,0
2026-07-19 11:33:53,348,569,552,0
2026-07-19 11:33:54,324,541,560,0
2026-07-19 11:33:55,346,571,547,0
2026-07-19 11:33:56,302,551,581,0
2026-07-19 11:33:57,329,534,558,0
2026-07-19 11:33:58,324,551,599,0
2026-07-19 11:33:59,396,552,555,0
2026-07-19 11:34:00,405,540,519,0
2026-07-19 11:34:01,381,539,510,0
2026-07-19 11:34:02,392,558,532,0
2026-07-19 11:34:03,391,556,529,0
2026-07-19 11:34:04,429,557,529,0
2026-07-19 11:34:05,398,565,557,0
2026-07-19 11:34:07,421,559,539,0
2026-07-19 11:34:08,372,572,534,0
2026-07-19 11:34:09,323,546,539,0
2026-07-19 11:34:10,333,562,523,0
2026-07-19 11:34:11,297,554,533,0
2026-07-19 11:34:12,295,546,520,0
2026-07-19 11:34:13,301,549,551,0
2026-07-19 11:34:14,310,543,522,0
2026-07-19 11:34:15,334,554,530,0
2026-07-19 11:34:16,402,542,544,0
2026-07-19 11:34:17,407,549,547,0
2026-07-19 11:34:18,378,545,517,0
2026-07-19 11:34:19,387,549,486,0
2026-07-19 11:34:20,379,540,491,0
2026-07-19 11:34:21,370,547,492,0
2026-07-19 11:34:22,385,558,493,0
2026-07-19 11:34:23,363,545,494,0
2026-07-19 11:34:24,405,546,491,0
2026-07-19 11:34:25,395,563,490,0
2026-07-19 11:34:26,356,567,493,0
2026-07-19 11:34:27,379,564,507,0
2026-07-19 11:34:28,379,559,497,0
2026-07-19 11:34:29,373,557,505,0
2026-07-19 11:34:30,368,553,516,0
2026-07-19 11:34:31,358,569,526,0
2026-07-19 11:34:32,361,556,523,0
2026-07-19 11:34:33,406,571,523,0
2026-07-19 11:34:34,405,552,521,0
2026-07-19 11:34:35,380,565,543,0
2026-07-19 11:34:36,387,543,528,0
2026-07-19 11:34:37,364,538,541,0
2026-07-19 11:34:38,382,549,541,0
2026-07-19 11:34:39,349,544,525,0
2026-07-19 11:34:40,371,575,536,0
2026-07-19 11:34:41,359,550,534,0
2026-07-19 11:34:42,396,548,537,0
2026-07-19 11:34:43,410,546,551,0
2026-07-19 11:34:44,424,564,531,0
2026-07-19 11:34:45,421,546,548,0
2026-07-19 11:34:46,349,546,557,0
2026-07-19 11:34:47,389,576,522,0
2026-07-19 11:34:48,388,561,532,0
2026-07-19 11:34:49,380,533,516,0
2026-07-19 11:34:50,396,556,536,0
2026-07-19 11:34:51,405,564,543,0
2026-07-19 11:34:52,384,582,540,0
2026-07-19 11:34:53,361,561,551,0
2026-07-19 11:34:54,366,575,538,0
2026-07-19 11:34:55,335,546,533,0
2026-07-19 11:34:56,338,539,554,0
2026-07-19 11:34:57,362,554,544,0
2026-07-19 11:34:58,321,552,577,0
2026-07-19 11:34:59,313,563,545,0
2026-07-19 11:35:00,318,538,567,0
2026-07-19 11:35:01,314,577,573,0
2026-07-19 11:35:02,265,569,591,0
2026-07-19 11:35:03,282,553,575,0
2026-07-19 11:35:04,273,538,576,0
2026-07-19 11:35:05,274,536,611,0
2026-07-19 11:35:06,355,554,594,0
2026-07-19 11:35:07,377,549,581,0
2026-07-19 11:35:08,389,538,572,0
2026-07-19 11:35:09,397,544,540,0
2026-07-19 11:35:10,401,542,543,0
2026-07-19 11:35:11,410,569,535,0
2026-07-19 11:35:12,416,547,533,0
2026-07-19 11:35:13,381,548,545,0
2026-07-19 11:35:14,420,567,570,0
2026-07-19 11:35:15,428,566,553,0
2026-07-19 11:35:16,432,555,574,0
2026-07-19 11:35:17,409,561,568,0
2026-07-19 11:35:18,430,551,544,0
2026-07-19 11:35:19,387,567,529,0
2026-07-19 11:35:20,307,546,548,0
2026-07-19 11:35:21,299,553,530,0
2026-07-19 11:35:22,334,541,526,0
2026-07-19 11:35:23,312,559,535,0
2026-07-19 11:35:24,365,554,527,0
2026-07-19 11:35:25,369,543,509,0
2026-07-19 11:35:26,362,543,494,0
2026-07-19 11:35:27,391,540,495,0
2026-07-19 11:35:28,400,560,478,0
2026-07-19 11:35:29,384,541,501,0
2026-07-19 11:35:30,359,561,498,0
2026-07-19 11:35:31,406,557,541,0
2026-07-19 11:35:32,364,550,528,0
2026-07-19 11:35:33,362,562,534,0
2026-07-19 11:35:34,314,559,533,0
2026-07-19 11:35:35,294,554,561,0
2026-07-19 11:35:36,281,526,602,0
2026-07-19 11:35:37,313,545,603,0
2026-07-19 11:35:38,282,533,586,0
2026-07-19 11:35:39,330,530,588,0
2026-07-19 11:35:40,392,536,564,0
2026-07-19 11:35:41,362,536,543,0
2026-07-19 11:35:42,409,551,524,0
2026-07-19 11:35:43,374,531,544,0
2026-07-19 11:35:44,387,543,556,0
2026-07-19 11:35:45,431,570,537,0
2026-07-19 11:35:46,426,534,542,0
2026-07-19 11:35:47,421,557,552,0
2026-07-19 11:35:48,447,570,533,0
2026-07-19 11:35:49,412,564,538,0
2026-07-19 11:35:50,406,555,536,0
2026-07-19 11:35:51,339,545,549,0
2026-07-19 11:35:52,361,557,535,0
2026-07-19 11:35:53,353,548,535,0
2026-07-19 11:35:54,312,544,526,0
2026-07-19 11:35:55,298,550,555,0
2026-07-19 11:35:56,312,549,571,0
2026-07-19 11:35:57,340,547,573,0
2026-07-19 11:35:58,386,549,527,0
2026-07-19 11:35:59,382,550,509,0
2026-07-19 11:36:00,376,569,490,0
2026-07-19 11:36:01,383,554,488,0
2026-07-19 11:36:02,355,558,447,0
2026-07-19 11:36:03,406,571,491,0
2026-07-19 11:36:04,399,572,473,0
2026-07-19 11:36:05,392,555,518,0
2026-07-19 11:36:06,424,558,537,0
2026-07-19 11:36:07,405,551,539,0
2026-07-19 11:36:08,369,550,558,0
2026-07-19 11:36:09,365,543,535,0
2026-07-19 11:36:10,387,548,567,0
2026-07-19 11:36:11,416,542,540,0
2026-07-19 11:36:12,369,547,567,0
2026-07-19 11:36:13,342,528,557,0
2026-07-19 11:36:14,329,583,565,0
2026-07-19 11:36:15,307,524,561,0
2026-07-19 11:36:16,300,582,603,0
2026-07-19 11:36:17,313,552,599,0
2026-07-19 11:36:18,314,552,605,0
2026-07-19 11:36:19,300,543,586,0
2026-07-19 11:36:20,288,538,628,0
2026-07-19 11:36:21,306,540,608,0
2026-07-19 11:36:22,297,534,593,0
2026-07-19 11:36:23,389,531,635,0
2026-07-19 11:36:24,380,547,575,0
2026-07-19 11:36:25,381,544,541,0
2026-07-19 11:36:26,401,547,539,0
2026-07-19 11:36:27,391,550,509,0
2026-07-19 11:36:28,360,542,562,0
2026-07-19 11:36:29,403,567,514,0
2026-07-19 11:36:30,440,566,589,0
2026-07-19 11:36:31,423,535,583,0
2026-07-19 11:36:32,417,537,565,0
2026-07-19 11:36:33,354,550,537,0
2026-07-19 11:36:34,335,551,568,0
2026-07-19 11:36:35,304,538,552,0
2026-07-19 11:36:36,344,534,575,0
2026-07-19 11:36:37,322,551,556,0
2026-07-19 11:36:38,370,543,531,0
2026-07-19 11:36:39,369,552,549,0
2026-07-19 11:36:40,373,536,511,0
2026-07-19 11:36:41,371,555,474,0
2026-07-19 11:36:42,390,556,484,0
2026-07-19 11:36:43,382,575,483,0
2026-07-19 11:36:44,373,575,521,0
2026-07-19 11:36:45,379,559,561,0
2026-07-19 11:36:46,410,549,574,0
2026-07-19 11:36:47,375,536,579,0
2026-07-19 11:36:48,354,551,582,0
2026-07-19 11:36:49,321,552,569,0
2026-07-19 11:36:50,278,577,630,0
2026-07-19 11:36:51,288,548,603,0
2026-07-19 11:36:52,338,542,574,0
2026-07-19 11:36:53,314,556,627,0
2026-07-19 11:36:54,384,556,602,0
2026-07-19 11:36:55,402,534,508,0
2026-07-19 11:36:56,393,560,552,0
2026-07-19 11:36:57,396,558,550,0
2026-07-19 11:36:58,397,555,526,0
2026-07-19 11:36:59,422,551,572,0
2026-07-19 11:37:00,405,550,578,0
2026-07-19 11:37:01,417,559,586,0
2026-07-19 11:37:02,422,540,598,0
2026-07-19 11:37:03,409,562,590,0
2026-07-19 11:37:04,383,561,559,0
2026-07-19 11:37:05,350,533,567,0
2026-07-19 11:37:06,337,569,599,0
2026-07-19 11:37:07,336,557,591,0
2026-07-19 11:37:08,328,539,588,0
2026-07-19 11:37:09,333,548,599,0
2026-07-19 11:37:10,371,546,596,0
2026-07-19 11:37:11,377,545,537,0
2026-07-19 11:37:12,374,564,481,0
2026-07-19 11:37:13,371,532,479,0
2026-07-19 11:37:14,379,554,479,0
2026-07-19 11:37:15,350,558,507,0
2026-07-19 11:37:16,406,554,570,0
2026-07-19 11:37:17,372,536,574,0
2026-07-19 11:37:18,381,548,584,0
2026-07-19 11:37:19,374,541,592,0
2026-07-19 11:37:20,298,543,596,0
2026-07-19 11:37:21,305,532,590,0
2026-07-19 11:37:22,300,562,635,0
2026-07-19 11:37:23,345,543,601,0
2026-07-19 11:37:24,334,555,621,0
2026-07-19 11:37:25,365,541,631,0
2026-07-19 11:37:26,341,544,654,0
2026-07-19 11:37:27,374,545,618,0
2026-07-19 11:37:28,379,547,551,0
2026-07-19 11:37:29,396,564,558,0
2026-07-19 11:37:30,405,557,556,0
2026-07-19 11:37:31,400,538,522,0
2026-07-19 11:37:32,395,572,530,0
2026-07-19 11:37:33,426,550,552,0
2026-07-19 11:37:34,406,563,608,0
2026-07-19 11:37:36,427,545,561,0
2026-07-19 11:37:36,421,553,574,0
2026-07-19 11:37:37,360,539,585,0
2026-07-19 11:37:38,356,540,599,0
2026-07-19 11:37:39,339,546,602,0
2026-07-19 11:37:40,343,535,581,0
2026-07-19 11:37:41,318,537,591,0
2026-07-19 11:37:42,326,549,616,0
2026-07-19 11:37:43,358,552,609,0
2026-07-19 11:37:44,363,540,565,0
2026-07-19 11:37:45,387,551,550,0
2026-07-19 11:37:46,365,554,497,0
2026-07-19 11:37:47,365,573,478,0
2026-07-19 11:37:48,382,549,493,0
2026-07-19 11:37:49,373,562,486,0
2026-07-19 11:37:50,369,574,520,0
2026-07-19 11:37:51,365,539,524,0
2026-07-19 11:37:52,387,551,559,0
2026-07-19 11:37:53,360,552,585,0
2026-07-19 11:37:54,372,548,577,0
2026-07-19 11:37:55,383,551,566,0
2026-07-19 11:37:56,345,540,606,0
2026-07-19 11:37:57,325,554,611,0
2026-07-19 11:37:58,285,571,550,0
2026-07-19 11:37:59,311,537,632,0
2026-07-19 11:38:00,289,565,657,0
2026-07-19 11:38:01,301,543,650,0
2026-07-19 11:38:02,299,544,633,0
2026-07-19 11:38:03,341,557,669,0
2026-07-19 11:38:04,369,544,632,0
2026-07-19 11:38:05,406,553,567,0
2026-07-19 11:38:06,389,553,584,0
2026-07-19 11:38:07,401,539,560,0
2026-07-19 11:38:08,371,559,527,0
2026-07-19 11:38:09,408,559,556,0
2026-07-19 11:38:10,421,551,506,0
2026-07-19 11:38:11,398,544,525,0
2026-07-19 11:38:12,405,557,573,0
2026-07-19 11:38:13,383,554,580,0
2026-07-19 11:38:14,447,554,615,0
2026-07-19 11:38:15,401,548,617,0
2026-07-19 11:38:16,413,568,598,0
2026-07-19 11:38:17,379,545,555,0
2026-07-19 11:38:18,438,558,568,0
2026-07-19 11:38:19,412,560,571,0
2026-07-19 11:38:20,356,544,601,0
2026-07-19 11:38:21,351,555,601,0
2026-07-19 11:38:22,329,557,571,0
2026-07-19 11:38:23,297,562,567,0
2026-07-19 11:38:24,305,546,585,0
2026-07-19 11:38:25,302,549,573,0
2026-07-19 11:38:26,297,544,592,0
2026-07-19 11:38:27,315,536,579,0
2026-07-19 11:38:28,351,545,578,0
2026-07-19 11:38:29,361,549,583,0
2026-07-19 11:38:30,366,552,549,0
2026-07-19 11:38:31,382,553,556,0
2026-07-19 11:38:32,387,550,512,0
2026-07-19 11:38:33,385,540,496,0
2026-07-19 11:38:34,376,577,532,0
2026-07-19 11:38:35,376,559,526,0
2026-07-19 11:38:36,405,559,530,0
2026-07-19 11:38:37,391,566,518,0
2026-07-19 11:38:38,346,554,549,0
2026-07-19 11:38:39,361,562,536,0
2026-07-19 11:38:40,386,577,598,0
2026-07-19 11:38:41,395,592,567,0
2026-07-19 11:38:42,376,575,586,0
2026-07-19 11:38:43,415,553,565,0
2026-07-19 11:38:44,409,575,585,0
2026-07-19 11:38:45,364,562,560,0
2026-07-19 11:38:46,361,548,572,0
2026-07-19 11:38:47,326,544,609,0
2026-07-19 11:38:48,315,567,645,0
2026-07-19 11:38:49,295,574,620,0
2026-07-19 11:38:50,319,546,644,0
2026-07-19 11:38:51,271,575,595,0
2026-07-19 11:38:52,308,526,639,0
2026-07-19 11:38:53,307,544,585,0
2026-07-19 11:38:54,315,556,609,0
2026-07-19 11:38:55,358,538,614,0
2026-07-19 11:38:56,401,543,629,0
2026-07-19 11:38:57,378,552,570,0
2026-07-19 11:38:58,404,545,549,0
2026-07-19 11:38:59,434,553,530,0
2026-07-19 11:39:00,370,551,533,0
2026-07-19 11:39:01,402,542,539,0
2026-07-19 11:39:02,423,566,571,0
2026-07-19 11:39:03,419,557,578,0
2026-07-19 11:39:04,421,554,583,0
2026-07-19 11:39:05,367,553,592,0
2026-07-19 11:39:06,324,544,576,0
2026-07-19 11:39:07,307,556,606,0
2026-07-19 11:39:08,321,554,589,0
2026-07-19 11:39:09,309,540,602,0
2026-07-19 11:39:10,310,543,585,0
2026-07-19 11:39:11,342,546,583,0
2026-07-19 11:39:12,381,544,563,0
2026-07-19 11:39:13,387,552,521,0
2026-07-19 11:39:14,375,565,503,0
2026-07-19 11:39:15,369,561,508,0
2026-07-19 11:39:16,351,570,525,0
2026-07-19 11:39:17,381,551,510,0
2026-07-19 11:39:18,356,569,565,0
2026-07-19 11:39:19,349,563,582,0
2026-07-19 11:39:20,398,557,554,0
2026-07-19 11:39:21,370,545,589,0
2026-07-19 11:39:22,331,564,573,0
2026-07-19 11:39:23,322,547,613,0
2026-07-19 11:39:24,302,583,594,0
2026-07-19 11:39:25,287,551,634,0
2026-07-19 11:39:26,306,542,637,0
2026-07-19 11:39:27,365,547,623,0
2026-07-19 11:39:28,412,543,661,0
2026-07-19 11:39:29,396,539,588,0
2026-07-19 11:39:30,405,548,577,0
2026-07-19 11:39:31,360,533,518,0
2026-07-19 11:39:32,379,565,531,0
2026-07-19 11:39:33,419,557,563,0
2026-07-19 11:39:34,414,538,571,0
2026-07-19 11:39:35,406,570,598,0
2026-07-19 11:39:36,403,569,600,0
2026-07-19 11:39:37,388,557,595,0
2026-07-19 11:39:38,326,536,583,0
2026-07-19 11:39:39,306,554,599,0
2026-07-19 11:39:40,351,557,573,0
2026-07-19 11:39:41,309,549,614,0
2026-07-19 11:39:42,282,548,612,0
2026-07-19 11:39:43,378,543,602,0
2026-07-19 11:39:44,379,542,570,0
2026-07-19 11:39:45,391,555,544,0
2026-07-19 11:39:46,381,555,506,0
2026-07-19 11:39:47,390,549,504,0
2026-07-19 11:39:48,360,567,515,0
2026-07-19 11:39:49,388,560,523,0
2026-07-19 11:39:50,352,564,515,0
2026-07-19 11:39:51,359,554,541,0
2026-07-19 11:39:52,374,557,568,0
2026-07-19 11:39:53,366,550,627,0
2026-07-19 11:39:54,388,569,584,0
2026-07-19 11:39:55,349,558,601,0
2026-07-19 11:39:56,347,588,582,0
2026-07-19 11:39:57,340,551,569,0
2026-07-19 11:39:58,298,550,593,0
2026-07-19 11:39:59,345,537,630,0
2026-07-19 11:40:00,318,585,627,0
2026-07-19 11:40:01,280,549,589,0
2026-07-19 11:40:02,328,541,590,0
2026-07-19 11:40:03,257,565,652,0
2026-07-19 11:40:04,299,563,602,0
2026-07-19 11:40:05,315,553,645,0
2026-07-19 11:40:06,306,553,622,0
2026-07-19 11:40:07,336,554,625,0
2026-07-19 11:40:08,343,549,616,0
2026-07-19 11:40:09,359,553,640,0
2026-07-19 11:40:10,376,552,669,0
2026-07-19 11:40:11,378,550,585,0
2026-07-19 11:40:12,398,564,579,0
2026-07-19 11:40:13,378,552,578,0
2026-07-19 11:40:14,376,563,559,0
2026-07-19 11:40:15,403,546,558,0
2026-07-19 11:40:16,394,567,536,0
2026-07-19 11:40:17,438,541,561,0
2026-07-19 11:40:18,374,562,554,0
2026-07-19 11:40:19,390,560,550,0
2026-07-19 11:40:20,439,567,609,0
2026-07-19 11:40:21,405,550,597,0
2026-07-19 11:40:22,420,567,625,0
2026-07-19 11:40:23,391,558,597,0
2026-07-19 11:40:24,405,540,613,0
2026-07-19 11:40:25,344,543,587,0
2026-07-19 11:40:26,313,540,603,0
2026-07-19 11:40:27,377,559,566,0
2026-07-19 11:40:28,313,540,581,0
2026-07-19 11:40:29,293,549,607,0
2026-07-19 11:40:30,327,548,611,0
2026-07-19 11:40:31,348,550,573,0
2026-07-19 11:40:32,383,556,581,0
2026-07-19 11:40:33,363,549,526,0
2026-07-19 11:40:34,386,579,493,0
2026-07-19 11:40:35,371,539,528,0
2026-07-19 11:40:36,389,563,499,0
2026-07-19 11:40:37,388,538,535,0
2026-07-19 11:40:38,379,549,593,0
2026-07-19 11:40:39,376,538,557,0
2026-07-19 11:40:40,409,555,557,0
2026-07-19 11:40:41,361,550,573,0
2026-07-19 11:40:42,329,583,591,0
2026-07-19 11:40:43,296,545,640,0
2026-07-19 11:40:44,311,543,646,0
2026-07-19 11:40:45,277,548,591,0
2026-07-19 11:40:46,272,562,644,0
2026-07-19 11:40:47,333,564,610,0
2026-07-19 11:40:48,377,551,610,0
2026-07-19 11:40:49,378,560,559,0
2026-07-19 11:40:50,369,532,561,0
2026-07-19 11:40:51,403,534,538,0
2026-07-19 11:40:52,437,558,548,0
2026-07-19 11:40:53,414,558,536,0
2026-07-19 11:40:54,425,550,544,0
2026-07-19 11:40:55,409,570,593,0
2026-07-19 11:40:56,415,539,610,0
2026-07-19 11:40:57,431,537,594,0
2026-07-19 11:40:58,355,548,585,0
2026-07-19 11:40:59,326,558,585,0
2026-07-19 11:41:00,327,547,610,0
2026-07-19 11:41:01,326,549,588,0
2026-07-19 11:41:02,315,550,584,0
2026-07-19 11:41:03,306,541,616,0
2026-07-19 11:41:04,368,554,632,0
2026-07-19 11:41:05,346,557,609,0
2026-07-19 11:41:06,364,558,579,0
2026-07-19 11:41:07,389,553,576,0
2026-07-19 11:41:08,358,546,584,0
2026-07-19 11:41:09,370,550,546,0
2026-07-19 11:41:10,381,544,558,0
2026-07-19 11:41:11,374,556,527,0
2026-07-19 11:41:12,375,539,547,0
2026-07-19 11:41:13,376,552,532,0
2026-07-19 11:41:14,368,543,540,0
2026-07-19 11:41:15,376,554,532,0
2026-07-19 11:41:16,394,554,564,0
2026-07-19 11:41:17,378,542,571,0
2026-07-19 11:41:18,357,540,574,0
2026-07-19 11:41:19,343,543,575,0
2026-07-19 11:41:20,316,543,584,0
2026-07-19 11:41:21,310,542,591,0
2026-07-19 11:41:22,323,554,584,0
2026-07-19 11:41:23,305,546,582,0
2026-07-19 11:41:24,326,556,582,0
2026-07-19 11:41:25,361,551,589,0
2026-07-19 11:41:26,407,558,579,0
2026-07-19 11:41:27,391,556,571,0
2026-07-19 11:41:28,389,553,597,0
2026-07-19 11:41:29,384,549,599,0
2026-07-19 11:41:30,395,547,571,0
2026-07-19 11:41:31,360,548,515,0
2026-07-19 11:41:32,378,563,558,0
2026-07-19 11:41:33,398,579,551,0
2026-07-19 11:41:34,413,556,541,0
2026-07-19 11:41:35,385,577,547,0
2026-07-19 11:41:36,377,551,539,0
2026-07-19 11:41:37,360,561,526,0
2026-07-19 11:41:38,396,563,554,0
2026-07-19 11:41:39,369,534,552,0
2026-07-19 11:41:40,382,565,557,0
2026-07-19 11:41:41,388,572,579,0
2026-07-19 11:41:42,397,546,531,0
2026-07-19 11:41:43,393,555,553,0
2026-07-19 11:41:44,375,547,544,0
2026-07-19 11:41:45,400,560,543,0
2026-07-19 11:41:46,380,541,546,0
2026-07-19 11:41:47,386,548,575,0
2026-07-19 11:41:48,410,546,550,0
2026-07-19 11:41:49,396,538,544,0
2026-07-19 11:41:50,368,531,558,0
2026-07-19 11:41:51,378,559,543,0
2026-07-19 11:41:52,379,556,518,0
2026-07-19 11:41:53,388,576,536,0
2026-07-19 11:41:54,382,538,565,0
2026-07-19 11:41:55,403,560,580,0
2026-07-19 11:41:56,419,555,598,0
2026-07-19 11:41:57,397,565,597,0
2026-07-19 11:41:58,381,532,577,0
2026-07-19 11:41:59,352,560,575,0
2026-07-19 11:42:00,368,543,589,0
2026-07-19 11:42:01,299,555,575,0
2026-07-19 11:42:02,303,551,585,0
2026-07-19 11:42:03,310,558,583,0
2026-07-19 11:42:04,377,547,582,0
2026-07-19 11:42:05,378,547,560,0
2026-07-19 11:42:06,388,545,515,0
2026-07-19 11:42:07,374,574,508,0
2026-07-19 11:42:08,350,556,492,0
2026-07-19 11:42:09,378,559,529,0
2026-07-19 11:42:10,407,549,513,0
2026-07-19 11:42:11,391,554,547,0
2026-07-19 11:42:12,361,551,574,0
2026-07-19 11:42:13,420,553,568,0
2026-07-19 11:42:14,412,548,548,0
2026-07-19 11:42:15,353,542,569,0
2026-07-19 11:42:16,353,576,566,0
2026-07-19 11:42:17,313,548,598,0
2026-07-19 11:42:18,336,565,586,0
2026-07-19 11:42:19,329,595,604,0
2026-07-19 11:42:20,317,570,606,0
2026-07-19 11:42:21,304,562,621,0
2026-07-19 11:42:22,301,551,605,0
2026-07-19 11:42:23,312,560,619,0
2026-07-19 11:42:24,352,544,659,0
2026-07-19 11:42:25,330,555,590,0
2026-07-19 11:42:26,378,571,582,0
2026-07-19 11:42:27,355,542,596,0
2026-07-19 11:42:28,392,556,568,0
2026-07-19 11:42:29,387,562,553,0
2026-07-19 11:42:30,376,548,583,0
2026-07-19 11:42:31,382,539,535,0
2026-07-19 11:42:32,403,555,567,0
2026-07-19 11:42:33,415,537,539,0
2026-07-19 11:42:34,385,573,571,0
2026-07-19 11:42:35,422,552,539,0
2026-07-19 11:42:36,403,554,503,0
2026-07-19 11:42:37,420,536,544,0
2026-07-19 11:42:38,386,538,555,0
2026-07-19 11:42:39,389,538,631,0
2026-07-19 11:42:40,423,557,577,0
2026-07-19 11:42:41,445,560,617,0
2026-07-19 11:42:42,403,547,632,0
2026-07-19 11:42:43,408,544,615,0
2026-07-19 11:42:44,360,532,594,0
2026-07-19 11:42:45,354,556,589,0
2026-07-19 11:42:46,319,555,583,0
2026-07-19 11:42:47,323,551,582,0
2026-07-19 11:42:48,312,535,600,0
2026-07-19 11:42:49,306,538,612,0
2026-07-19 11:42:50,306,550,598,0
2026-07-19 11:42:51,334,553,606,0
2026-07-19 11:42:52,353,551,605,0
2026-07-19 11:42:53,396,548,564,0
2026-07-19 11:42:54,383,546,533,0
2026-07-19 11:42:55,381,558,520,0
2026-07-19 11:42:56,373,549,502,0
2026-07-19 11:42:57,380,576,509,0
2026-07-19 11:42:58,354,577,503,0
2026-07-19 11:42:59,396,562,489,0
2026-07-19 11:43:00,380,570,520,0
2026-07-19 11:43:01,400,577,508,0
2026-07-19 11:43:02,402,557,500,0
2026-07-19 11:43:03,397,560,500,0
2026-07-19 11:43:04,356,557,529,0
2026-07-19 11:43:05,370,583,520,0
2026-07-19 11:43:06,360,536,492,0
2026-07-19 11:43:07,404,574,519,0
2026-07-19 11:43:08,357,533,499,0
2026-07-19 11:43:09,418,562,515,0
2026-07-19 11:43:10,386,551,518,0
2026-07-19 11:43:11,371,558,515,0
2026-07-19 11:43:12,415,566,512,0
2026-07-19 11:43:13,355,562,490,0
2026-07-19 11:43:14,375,551,518,0
2026-07-19 11:43:16,397,555,503,0
2026-07-19 11:43:16,393,546,505,0
2026-07-19 11:43:17,391,577,497,0
2026-07-19 11:43:18,374,555,498,0
2026-07-19 11:43:19,397,543,502,0
2026-07-19 11:43:20,368,572,520,0
2026-07-19 11:43:21,375,535,501,0
2026-07-19 11:43:22,368,550,549,0
2026-07-19 11:43:23,357,563,512,0
2026-07-19 11:43:24,396,546,497,0
2026-07-19 11:43:25,371,568,504,0
2026-07-19 11:43:26,363,542,507,0
2026-07-19 11:43:27,364,536,502,0
2026-07-19 11:43:28,373,534,517,0
2026-07-19 11:43:29,384,537,533,0
2026-07-19 11:43:30,379,558,498,0
2026-07-19 11:43:31,379,563,524,0
2026-07-19 11:43:32,373,569,504,0
2026-07-19 11:43:33,382,538,528,0
2026-07-19 11:43:34,371,541,496,0
2026-07-19 11:43:35,389,543,501,0
2026-07-19 11:43:36,386,536,495,0
2026-07-19 11:43:37,377,552,501,0
2026-07-19 11:43:38,382,546,496,0
2026-07-19 11:43:39,370,561,504,0
2026-07-19 11:43:40,365,562,527,0
2026-07-19 11:43:41,385,545,523,0
2026-07-19 11:43:42,346,548,522,0
2026-07-19 11:43:43,364,548,527,0
2026-07-19 11:43:44,375,550,536,0
2026-07-19 11:43:45,356,543,541,0
2026-07-19 11:43:46,359,547,570,0
2026-07-19 11:43:47,370,545,606,0
2026-07-19 11:43:48,356,551,570,0
2026-07-19 11:43:49,355,549,609,0
2026-07-19 11:43:50,313,557,572,0
2026-07-19 11:43:51,298,545,594,0
2026-07-19 11:43:52,282,543,587,0
2026-07-19 11:43:53,306,547,606,0
2026-07-19 11:43:54,302,542,590,0
2026-07-19 11:43:55,307,538,582,0
2026-07-19 11:43:56,323,554,599,0
2026-07-19 11:43:57,346,558,586,0
2026-07-19 11:43:58,399,553,574,0
2026-07-19 11:43:59,427,545,612,0
2026-07-19 11:44:00,426,538,630,0
2026-07-19 11:44:01,382,565,585,0
2026-07-19 11:44:02,398,548,626,0
2026-07-19 11:44:03,432,565,561,0
2026-07-19 11:44:04,402,540,515,0
2026-07-19 11:44:05,405,544,537,0
2026-07-19 11:44:06,394,568,529,0
2026-07-19 11:44:07,388,550,562,0
2026-07-19 11:44:08,377,549,519,0
2026-07-19 11:44:09,394,548,550,0
2026-07-19 11:44:10,389,545,580,0
2026-07-19 11:44:11,386,547,594,0
2026-07-19 11:44:12,397,551,562,0
2026-07-19 11:44:13,366,540,612,0
2026-07-19 11:44:14,405,562,589,0
2026-07-19 11:44:15,386,548,623,0
2026-07-19 11:44:16,358,552,587,0
2026-07-19 11:44:17,360,568,586,0
2026-07-19 11:44:18,367,558,573,0
2026-07-19 11:44:19,392,549,605,0
2026-07-19 11:44:20,367,548,563,0
2026-07-19 11:44:21,389,541,586,0
2026-07-19 11:44:22,381,539,551,0
2026-07-19 11:44:23,406,544,558,0
2026-07-19 11:44:24,373,559,555,0
2026-07-19 11:44:25,362,548,552,0
2026-07-19 11:44:26,373,560,538,0
2026-07-19 11:44:27,353,546,523,0
2026-07-19 11:44:28,384,552,544,0
2026-07-19 11:44:29,368,545,533,0
2026-07-19 11:44:30,409,556,571,0
2026-07-19 11:44:31,428,554,552,0
2026-07-19 11:44:32,398,557,565,0
2026-07-19 11:44:33,388,549,564,0
2026-07-19 11:44:34,371,559,577,0
2026-07-19 11:44:35,352,539,610,0
2026-07-19 11:44:36,352,562,553,0
2026-07-19 11:44:37,314,556,579,0
2026-07-19 11:44:38,302,560,580,0
2026-07-19 11:44:39,297,562,572,0
2026-07-19 11:44:40,309,537,607,0
2026-07-19 11:44:41,300,559,597,0
2026-07-19 11:44:42,309,542,588,0
2026-07-19 11:44:43,314,535,583,0
2026-07-19 11:44:44,370,541,607,0
2026-07-19 11:44:45,378,546,580,0
2026-07-19 11:44:46,379,545,514,0
2026-07-19 11:44:47,362,581,505,0
2026-07-19 11:44:48,361,563,506,0
2026-07-19 11:44:49,386,557,513,0
2026-07-19 11:44:50,373,581,520,0
2026-07-19 11:44:51,399,589,552,0
2026-07-19 11:44:52,376,557,613,0
2026-07-19 11:44:53,391,555,568,0
2026-07-19 11:44:54,351,567,597,0
2026-07-19 11:44:55,340,559,638,0
2026-07-19 11:44:56,312,576,609,0
2026-07-19 11:44:58,303,582,616,0
2026-07-19 11:44:58,268,551,620,0
2026-07-19 11:44:59,324,568,580,0
2026-07-19 11:45:00,338,550,627,0
2026-07-19 11:45:01,383,555,618,0
2026-07-19 11:45:02,404,557,590,0
2026-07-19 11:45:03,388,547,575,0
2026-07-19 11:45:04,385,546,539,0
2026-07-19 11:45:05,386,551,558,0
2026-07-19 11:45:06,376,557,556,0
2026-07-19 11:45:07,391,539,528,0
2026-07-19 11:45:08,429,546,540,0
2026-07-19 11:45:09,409,563,537,0
2026-07-19 11:45:10,409,575,551,0
2026-07-19 11:45:11,430,550,605,0
2026-07-19 11:45:12,426,557,574,0
2026-07-19 11:45:13,403,556,550,0
2026-07-19 11:45:14,386,538,568,0
2026-07-19 11:45:15,375,556,576,0
2026-07-19 11:45:16,339,531,574,0
2026-07-19 11:45:17,330,566,565,0
2026-07-19 11:45:18,304,547,578,0
2026-07-19 11:45:19,292,538,596,0
2026-07-19 11:45:20,301,557,569,0
2026-07-19 11:45:21,298,538,582,0
2026-07-19 11:45:22,292,542,589,0
2026-07-19 11:45:23,308,536,597,0
2026-07-19 11:45:24,297,547,621,0
2026-07-19 11:45:25,324,539,583,0
2026-07-19 11:45:26,320,547,579,0
2026-07-19 11:45:27,314,549,600,0
2026-07-19 11:45:28,352,544,608,0
2026-07-19 11:45:29,335,546,587,0
2026-07-19 11:45:30,303,549,620,0
2026-07-19 11:45:31,354,547,597,0
2026-07-19 11:45:32,328,536,581,0
2026-07-19 11:45:33,356,542,570,0
2026-07-19 11:45:34,350,542,604,0
2026-07-19 11:45:35,381,555,599,0
2026-07-19 11:45:36,357,542,570,0
2026-07-19 11:45:37,381,549,595,0
2026-07-19 11:45:38,382,544,585,0
2026-07-19 11:45:39,341,541,611,0
2026-07-19 11:45:40,357,539,579,0
2026-07-19 11:45:41,347,549,597,0
2026-07-19 11:45:42,357,552,591,0
2026-07-19 11:45:43,339,543,579,0
2026-07-19 11:45:44,326,543,596,0
2026-07-19 11:45:45,310,542,608,0
2026-07-19 11:45:46,325,542,606,0
2026-07-19 11:45:47,299,547,604,0
2026-07-19 11:45:48,329,548,608,0
2026-07-19 11:45:49,317,549,572,0
2026-07-19 11:45:50,319,534,602,0
2026-07-19 11:45:51,315,543,591,0
2026-07-19 11:45:52,314,548,572,0
2026-07-19 11:45:53,312,538,587,0
2026-07-19 11:45:54,305,547,580,0
2026-07-19 11:45:55,307,548,585,0
2026-07-19 11:45:56,316,530,591,0
2026-07-19 11:45:57,330,547,582,0
2026-07-19 11:45:58,303,550,599,0
2026-07-19 11:45:59,320,548,586,0
2026-07-19 11:46:00,321,544,592,0
2026-07-19 11:46:01,318,546,597,0
2026-07-19 11:46:02,359,543,584,0
2026-07-19 11:46:03,344,546,592,0
2026-07-19 11:46:04,372,552,565,0
2026-07-19 11:46:05,382,549,553,0
2026-07-19 11:46:06,385,561,530,0
2026-07-19 11:46:07,349,538,516,0
2026-07-19 11:46:08,385,565,480,0
2026-07-19 11:46:09,406,555,500,0
2026-07-19 11:46:10,380,581,533,0
2026-07-19 11:46:11,349,557,496,0
2026-07-19 11:46:12,367,556,559,0
2026-07-19 11:46:13,381,542,565,0
2026-07-19 11:46:14,307,551,570,0
2026-07-19 11:46:15,323,557,597,0
2026-07-19 11:46:16,306,573,599,0
2026-07-19 11:46:17,281,580,639,0
2026-07-19 11:46:18,296,543,637,0
2026-07-19 11:46:19,319,548,628,0
2026-07-19 11:46:20,382,574,611,0
2026-07-19 11:46:21,386,552,589,0
2026-07-19 11:46:22,392,549,531,0
2026-07-19 11:46:23,368,532,536,0
2026-07-19 11:46:24,355,541,518,0
2026-07-19 11:46:25,405,559,543,0
2026-07-19 11:46:26,436,545,559,0
2026-07-19 11:46:27,400,545,623,0
2026-07-19 11:46:28,400,553,604,0
2026-07-19 11:46:29,383,557,561,0
2026-07-19 11:46:30,331,548,595,0
2026-07-19 11:46:31,323,549,591,0
2026-07-19 11:46:32,302,536,598,0
2026-07-19 11:46:33,295,539,618,0
2026-07-19 11:46:34,291,540,583,0
2026-07-19 11:46:35,296,543,584,0
2026-07-19 11:46:36,342,539,571,0
2026-07-19 11:46:37,378,542,590,0
2026-07-19 11:46:38,368,549,526,0
2026-07-19 11:46:39,365,531,520,0
2026-07-19 11:46:40,370,558,502,0
2026-07-19 11:46:41,409,551,502,0
2026-07-19 11:46:42,365,542,520,0
2026-07-19 11:46:43,384,573,560,0
2026-07-19 11:46:44,352,559,549,0
2026-07-19 11:46:45,408,539,593,0
2026-07-19 11:46:46,355,553,584,0
2026-07-19 11:46:47,299,566,553,0
2026-07-19 11:46:48,310,544,580,0
2026-07-19 11:46:49,326,555,575,0
2026-07-19 11:46:50,290,559,618,0
2026-07-19 11:46:51,324,561,591,0
2026-07-19 11:46:52,371,555,637,0
2026-07-19 11:46:53,385,562,591,0
2026-07-19 11:46:54,386,555,542,0
2026-07-19 11:46:55,374,566,563,0
2026-07-19 11:46:56,392,555,519,0
2026-07-19 11:46:57,374,555,510,0
2026-07-19 11:46:58,391,562,548,0
2026-07-19 11:46:59,385,558,585,0
2026-07-19 11:47:00,411,565,611,0
2026-07-19 11:47:01,400,552,576,0
2026-07-19 11:47:02,400,560,600,0
2026-07-19 11:47:03,343,535,594,0
2026-07-19 11:47:04,321,552,566,0
2026-07-19 11:47:05,284,539,552,0
2026-07-19 11:47:06,335,539,569,0
2026-07-19 11:47:07,309,538,587,0
2026-07-19 11:47:08,328,550,587,0
2026-07-19 11:47:09,344,543,585,0
2026-07-19 11:47:10,365,548,562,0
2026-07-19 11:47:11,369,536,512,0
2026-07-19 11:47:12,382,588,487,0
2026-07-19 11:47:13,376,577,488,0
2026-07-19 11:47:14,338,561,490,0
2026-07-19 11:47:15,369,554,527,0
2026-07-19 11:47:16,375,586,535,0
2026-07-19 11:47:17,383,576,558,0
2026-07-19 11:47:18,419,551,553,0
2026-07-19 11:47:19,325,550,579,0
2026-07-19 11:47:20,308,558,585,0
2026-07-19 11:47:21,325,593,601,0
2026-07-19 11:47:22,322,530,595,0
2026-07-19 11:47:23,296,533,642,0
2026-07-19 11:47:24,329,558,596,0
2026-07-19 11:47:25,357,563,626,0
2026-07-19 11:47:26,373,544,523,0
2026-07-19 11:47:27,401,538,556,0
2026-07-19 11:47:28,389,540,523,0
2026-07-19 11:47:29,371,556,540,0
2026-07-19 11:47:30,349,569,512,0
2026-07-19 11:47:31,384,563,502,0
2026-07-19 11:47:32,401,531,618,0
2026-07-19 11:47:33,395,564,600,0
2026-07-19 11:47:34,424,548,580,0
2026-07-19 11:47:35,404,561,581,0
2026-07-19 11:47:36,390,537,580,0
2026-07-19 11:47:37,350,539,566,0
2026-07-19 11:47:38,325,549,551,0
2026-07-19 11:47:39,318,535,590,0
2026-07-19 11:47:40,317,547,578,0
2026-07-19 11:47:41,288,549,593,0
2026-07-19 11:47:42,292,538,604,0
2026-07-19 11:47:43,305,549,582,0
2026-07-19 11:47:44,312,555,595,0
2026-07-19 11:47:45,312,540,599,0
2026-07-19 11:47:46,328,547,568,0
2026-07-19 11:47:47,338,542,581,0
2026-07-19 11:47:48,335,546,568,0
2026-07-19 11:47:49,366,549,604,0
2026-07-19 11:47:50,375,542,583,0
2026-07-19 11:47:51,362,545,581,0
2026-07-19 11:47:52,381,548,577,0
2026-07-19 11:47:53,353,544,576,0
2026-07-19 11:47:54,343,541,597,0
2026-07-19 11:47:55,356,546,568,0
2026-07-19 11:47:56,332,548,586,0
2026-07-19 11:47:57,333,553,598,0
2026-07-19 11:47:58,339,541,578,0
2026-07-19 11:47:59,334,545,582,0
2026-07-19 11:48:00,328,540,587,0
2026-07-19 11:48:01,322,549,588,0
2026-07-19 11:48:02,338,547,590,0
2026-07-19 11:48:03,342,552,606,0
2026-07-19 11:48:04,328,550,585,0
2026-07-19 11:48:05,329,550,582,0
2026-07-19 11:48:06,324,537,574,0
2026-07-19 11:48:07,327,542,632,0
2026-07-19 11:48:08,341,536,588,0
2026-07-19 11:48:10,347,544,619,0
2026-07-19 11:48:10,341,544,584,0
2026-07-19 11:48:11,346,549,556,0
2026-07-19 11:48:12,364,542,562,0
2026-07-19 11:48:13,396,539,569,0
2026-07-19 11:48:14,359,540,548,0
2026-07-19 11:48:15,381,542,556,0
2026-07-19 11:48:16,376,550,527,0
2026-07-19 11:48:17,375,552,560,0
2026-07-19 11:48:18,377,552,528,0
2026-07-19 11:48:19,362,558,516,0
2026-07-19 11:48:20,395,556,512,0
2026-07-19 11:48:21,364,554,492,0
2026-07-19 11:48:22,371,532,489,0
2026-07-19 11:48:23,369,539,495,0
2026-07-19 11:48:24,368,557,479,0
2026-07-19 11:48:25,368,567,493,0
2026-07-19 11:48:26,360,551,486,0
2026-07-19 11:48:27,408,562,501,0
2026-07-19 11:48:28,388,577,517,0
2026-07-19 11:48:29,355,567,515,0
2026-07-19 11:48:30,354,556,534,0
2026-07-19 11:48:31,373,561,537,0
2026-07-19 11:48:32,350,544,572,0
2026-07-19 11:48:33,353,563,543,0
2026-07-19 11:48:34,410,544,580,0
2026-07-19 11:48:35,351,595,594,0
2026-07-19 11:48:36,373,544,573,0
2026-07-19 11:48:37,330,570,579,0
2026-07-19 11:48:38,305,555,577,0
2026-07-19 11:48:39,302,561,593,0
2026-07-19 11:48:40,326,539,593,0
2026-07-19 11:48:41,295,557,596,0
2026-07-19 11:48:42,322,569,607,0
2026-07-19 11:48:43,322,562,588,0
2026-07-19 11:48:44,345,543,632,0
2026-07-19 11:48:45,368,564,577,0
2026-07-19 11:48:46,387,536,551,0
2026-07-19 11:48:47,387,546,536,0
2026-07-19 11:48:48,385,564,496,0
2026-07-19 11:48:49,397,546,500,0
2026-07-19 11:48:50,387,549,547,0
2026-07-19 11:48:51,402,547,592,0
2026-07-19 11:48:52,419,547,553,0
2026-07-19 11:48:53,433,558,594,0
2026-07-19 11:48:54,365,539,555,0
2026-07-19 11:48:55,311,554,582,0
2026-07-19 11:48:56,310,543,564,0
2026-07-19 11:48:57,312,536,580,0
2026-07-19 11:48:58,303,544,585,0
2026-07-19 11:48:59,351,545,591,0
2026-07-19 11:49:00,367,550,575,0
2026-07-19 11:49:01,372,553,511,0
2026-07-19 11:49:02,368,521,505,0
2026-07-19 11:49:03,378,525,500,0
2026-07-19 11:49:04,370,552,493,0
2026-07-19 11:49:05,396,547,500,0
2026-07-19 11:49:06,364,559,505,0
2026-07-19 11:49:07,399,553,531,0
2026-07-19 11:49:08,364,578,575,0
2026-07-19 11:49:09,383,557,584,0
2026-07-19 11:49:10,378,559,547,0
2026-07-19 11:49:11,388,564,562,0
2026-07-19 11:49:12,348,544,565,0
2026-07-19 11:49:13,328,554,581,0
2026-07-19 11:49:14,309,560,559,0
2026-07-19 11:49:15,301,584,592,0
2026-07-19 11:49:16,314,577,604,0
2026-07-19 11:49:17,321,542,607,0
2026-07-19 11:49:18,327,554,599,0
2026-07-19 11:49:19,314,540,592,0
2026-07-19 11:49:20,316,561,594,0
2026-07-19 11:49:21,311,550,624,0
2026-07-19 11:49:22,339,544,590,0
2026-07-19 11:49:23,325,545,597,0
2026-07-19 11:49:24,364,552,577,0
2026-07-19 11:49:25,358,557,601,0
2026-07-19 11:49:26,373,565,586,0
2026-07-19 11:49:27,362,576,593,0
2026-07-19 11:49:28,387,569,614,0
2026-07-19 11:49:29,377,560,562,0
2026-07-19 11:49:30,360,537,583,0
2026-07-19 11:49:31,400,556,583,0
2026-07-19 11:49:32,406,541,597,0
2026-07-19 11:49:33,361,562,547,0
2026-07-19 11:49:34,374,556,563,0
2026-07-19 11:49:35,373,554,560,0
2026-07-19 11:49:36,366,554,552,0
2026-07-19 11:49:37,388,549,557,0
2026-07-19 11:49:38,378,552,585,0
2026-07-19 11:49:39,379,550,571,0
2026-07-19 11:49:40,391,539,555,0
2026-07-19 11:49:41,409,559,566,0
2026-07-19 11:49:42,371,557,529,0
2026-07-19 11:49:43,368,544,528,0
2026-07-19 11:49:44,405,555,536,0
2026-07-19 11:49:45,383,546,528,0
2026-07-19 11:49:46,384,547,560,0
2026-07-19 11:49:47,374,540,518,0
2026-07-19 11:49:48,399,552,592,0
2026-07-19 11:49:49,356,558,533,0
2026-07-19 11:49:50,372,557,537,0
2026-07-19 11:49:51,409,560,546,0
2026-07-19 11:49:52,369,543,589,0
2026-07-19 11:49:53,376,557,579,0
2026-07-19 11:49:54,369,546,592,0
2026-07-19 11:49:55,373,539,595,0
2026-07-19 11:49:56,349,556,623,0
2026-07-19 11:49:57,349,555,606,0
2026-07-19 11:49:58,338,565,597,0
2026-07-19 11:49:59,322,547,599,0
2026-07-19 11:50:00,321,567,577,0
2026-07-19 11:50:01,293,546,639,0
2026-07-19 11:50:02,266,555,641,0
2026-07-19 11:50:03,288,556,606,0
2026-07-19 11:50:04,300,577,597,0
2026-07-19 11:50:05,318,563,570,0
2026-07-19 11:50:06,272,569,605,0
2026-07-19 11:50:07,287,568,586,0
2026-07-19 11:50:08,330,555,589,0
2026-07-19 11:50:09,296,553,602,0
2026-07-19 11:50:10,299,552,603,0
2026-07-19 11:50:11,312,534,599,0
2026-07-19 11:50:12,310,542,613,0
2026-07-19 11:50:13,345,547,577,0
2026-07-19 11:50:14,369,555,606,0
2026-07-19 11:50:15,385,540,533,0
2026-07-19 11:50:16,354,558,574,0
2026-07-19 11:50:17,393,545,510,0
2026-07-19 11:50:18,384,530,502,0
2026-07-19 11:50:19,350,555,503,0
2026-07-19 11:50:20,395,544,567,0
2026-07-19 11:50:21,409,547,557,0
2026-07-19 11:50:22,413,549,582,0
2026-07-19 11:50:23,405,559,591,0
2026-07-19 11:50:24,338,557,598,0
2026-07-19 11:50:25,293,565,560,0
2026-07-19 11:50:26,293,551,579,0
2026-07-19 11:50:27,288,537,574,0
2026-07-19 11:50:28,298,549,596,0
2026-07-19 11:50:29,365,545,580,0
2026-07-19 11:50:30,385,540,550,0
2026-07-19 11:50:31,371,543,487,0
2026-07-19 11:50:32,361,560,491,0
2026-07-19 11:50:33,357,574,480,0
2026-07-19 11:50:34,365,562,494,0
2026-07-19 11:50:35,404,553,485,0
2026-07-19 11:50:36,348,552,496,0
2026-07-19 11:50:37,358,549,549,0
2026-07-19 11:50:38,375,576,555,0
2026-07-19 11:50:39,364,578,579,0
2026-07-19 11:50:40,351,552,580,0
2026-07-19 11:50:41,343,551,552,0
2026-07-19 11:50:42,327,588,603,0
2026-07-19 11:50:43,304,586,577,0
2026-07-19 11:50:44,316,559,599,0
2026-07-19 11:50:45,322,568,623,0
2026-07-19 11:50:46,320,569,580,0
2026-07-19 11:50:47,350,541,605,0
2026-07-19 11:50:48,383,553,558,0
2026-07-19 11:50:49,367,543,526,0
2026-07-19 11:50:50,376,539,507,0
2026-07-19 11:50:51,348,558,535,0
2026-07-19 11:50:52,380,550,511,0
2026-07-19 11:50:53,377,567,510,0
2026-07-19 11:50:54,391,542,583,0
2026-07-19 11:50:55,396,543,582,0
2026-07-19 11:50:56,424,556,561,0
2026-07-19 11:50:57,372,535,584,0
2026-07-19 11:50:58,350,562,583,0
2026-07-19 11:50:59,286,544,553,0
2026-07-19 11:51:00,286,545,591,0
2026-07-19 11:51:01,325,538,567,0
2026-07-19 11:51:02,297,547,581,0
2026-07-19 11:51:03,317,543,577,0
2026-07-19 11:51:04,326,544,581,0
2026-07-19 11:51:05,355,545,579,0
2026-07-19 11:51:06,360,544,577,0
2026-07-19 11:51:07,348,542,552,0
2026-07-19 11:51:08,369,549,562,0
2026-07-19 11:51:09,377,544,548,0
2026-07-19 11:51:10,381,541,521,0
2026-07-19 11:51:11,352,546,505,0
2026-07-19 11:51:12,381,542,536,0
2026-07-19 11:51:13,368,545,532,0
2026-07-19 11:51:14,355,542,543,0
2026-07-19 11:51:15,382,548,561,0
2026-07-19 11:51:16,355,539,568,0
2026-07-19 11:51:17,330,550,592,0
2026-07-19 11:51:18,294,540,580,0
2026-07-19 11:51:19,300,553,562,0
2026-07-19 11:51:20,280,540,560,0
2026-07-19 11:51:21,333,532,607,0
2026-07-19 11:51:22,354,556,548,0
2026-07-19 11:51:23,402,557,555,0
2026-07-19 11:51:24,406,558,568,0
2026-07-19 11:51:25,394,543,548,0
2026-07-19 11:51:26,394,560,541,0
2026-07-19 11:51:27,380,556,507,0
2026-07-19 11:51:28,396,542,550,0
2026-07-19 11:51:29,374,533,512,0
2026-07-19 11:51:30,390,541,517,0
2026-07-19 11:51:31,391,547,549,0
2026-07-19 11:51:32,353,569,589,0
2026-07-19 11:51:33,300,545,631,0
2026-07-19 11:51:34,299,562,618,0
2026-07-19 11:51:35,316,573,593,0
2026-07-19 11:51:36,307,566,605,0
2026-07-19 11:51:37,302,558,559,0
2026-07-19 11:51:38,335,561,582,0
2026-07-19 11:51:39,411,553,556,0
2026-07-19 11:51:40,350,593,566,0
2026-07-19 11:51:41,348,565,537,0
2026-07-19 11:51:42,379,561,550,0
2026-07-19 11:51:43,385,551,520,0
2026-07-19 11:51:44,357,567,495,0
2026-07-19 11:51:45,385,549,475,0
2026-07-19 11:51:46,375,573,505,0
2026-07-19 11:51:47,368,536,489,0
2026-07-19 11:51:48,366,556,529,0
2026-07-19 11:51:49,381,540,549,0
2026-07-19 11:51:50,356,540,569,0
2026-07-19 11:51:51,334,544,576,0
2026-07-19 11:51:52,313,542,574,0
2026-07-19 11:51:53,297,540,555,0
2026-07-19 11:51:54,307,546,607,0
2026-07-19 11:51:55,330,551,591,0
2026-07-19 11:51:56,304,534,581,0
2026-07-19 11:51:57,344,555,581,0
2026-07-19 11:51:58,385,539,556,0
2026-07-19 11:51:59,392,551,539,0
2026-07-19 11:52:00,389,548,586,0
2026-07-19 11:52:01,421,564,556,0
2026-07-19 11:52:02,430,550,571,0
2026-07-19 11:52:03,394,560,580,0
2026-07-19 11:52:04,421,553,516,0
2026-07-19 11:52:05,383,539,567,0
2026-07-19 11:52:06,409,567,476,0
2026-07-19 11:52:07,383,537,522,0
2026-07-19 11:52:08,393,536,520,0
2026-07-19 11:52:09,373,540,507,0
2026-07-19 11:52:10,401,532,489,0
2026-07-19 11:52:11,380,536,529,0
2026-07-19 11:52:12,358,552,532,0
2026-07-19 11:52:13,368,555,511,0
2026-07-19 11:52:14,388,562,565,0
2026-07-19 11:52:15,404,547,582,0
2026-07-19 11:52:16,392,571,568,0
2026-07-19 11:52:17,365,568,590,0
2026-07-19 11:52:18,331,560,603,0
2026-07-19 11:52:19,342,568,594,0
2026-07-19 11:52:20,311,557,606,0
2026-07-19 11:52:21,302,553,604,0
2026-07-19 11:52:22,284,541,625,0
2026-07-19 11:52:23,267,566,574,0
2026-07-19 11:52:24,284,585,567,0
2026-07-19 11:52:25,321,547,569,0
2026-07-19 11:52:26,357,568,585,0
2026-07-19 11:52:27,374,547,587,0
2026-07-19 11:52:28,396,550,542,0
2026-07-19 11:52:29,373,548,542,0
2026-07-19 11:52:30,395,592,562,0
2026-07-19 11:52:31,383,575,542,0
2026-07-19 11:52:32,354,591,542,0
2026-07-19 11:52:33,406,532,523,0
2026-07-19 11:52:34,365,555,483,0
2026-07-19 11:52:35,406,556,457,0
2026-07-19 11:52:36,365,533,488,0
2026-07-19 11:52:37,368,579,492,0
2026-07-19 11:52:38,369,530,491,0
2026-07-19 11:52:39,378,560,501,0
2026-07-19 11:52:40,378,548,513,0
2026-07-19 11:52:41,380,554,566,0
2026-07-19 11:52:42,373,556,563,0
2026-07-19 11:52:43,326,535,608,0
2026-07-19 11:52:44,294,553,605,0
2026-07-19 11:52:45,306,545,591,0
2026-07-19 11:52:46,302,541,601,0
2026-07-19 11:52:47,321,536,600,0
2026-07-19 11:52:48,374,555,578,0
2026-07-19 11:52:49,400,565,564,0
2026-07-19 11:52:50,371,543,575,0
2026-07-19 11:52:51,391,556,525,0
2026-07-19 11:52:52,403,551,592,0
2026-07-19 11:52:53,389,555,510,0
2026-07-19 11:52:54,370,532,532,0
2026-07-19 11:52:55,383,543,510,0
2026-07-19 11:52:56,393,547,508,0
2026-07-19 11:52:57,394,553,558,0
2026-07-19 11:52:58,384,555,602,0
2026-07-19 11:52:59,319,556,573,0
2026-07-19 11:53:00,317,553,595,0
2026-07-19 11:53:01,281,533,587,0
2026-07-19 11:53:02,334,590,612,0
2026-07-19 11:53:03,310,593,584,0
2026-07-19 11:53:04,310,566,578,0
2026-07-19 11:53:05,314,541,578,0
2026-07-19 11:53:06,358,553,577,0
2026-07-19 11:53:07,361,551,552,0
2026-07-19 11:53:08,378,567,563,0
2026-07-19 11:53:09,360,570,535,0
2026-07-19 11:53:10,369,540,559,0
2026-07-19 11:53:11,373,549,552,0
2026-07-19 11:53:12,402,548,476,0
2026-07-19 11:53:13,390,557,512,0
2026-07-19 11:53:14,383,576,499,0
2026-07-19 11:53:15,377,533,476,0
2026-07-19 11:53:16,389,558,499,0
2026-07-19 11:53:17,351,547,482,0
2026-07-19 11:53:18,358,549,492,0
2026-07-19 11:53:19,367,551,477,0
2026-07-19 11:53:20,383,546,482,0
2026-07-19 11:53:21,355,558,471,0
2026-07-19 11:53:22,389,553,485,0
2026-07-19 11:53:23,351,553,478,0
2026-07-19 11:53:24,401,548,485,0
2026-07-19 11:53:25,393,567,517,0
2026-07-19 11:53:26,365,556,517,0
2026-07-19 11:53:27,386,565,515,0
2026-07-19 11:53:28,360,573,486,0
2026-07-19 11:53:29,359,543,499,0
2026-07-19 11:53:30,391,570,484,0
2026-07-19 11:53:31,359,556,518,0
2026-07-19 11:53:32,358,567,499,0
2026-07-19 11:53:33,360,554,489,0
2026-07-19 11:53:34,376,543,548,0
2026-07-19 11:53:35,354,561,539,0
2026-07-19 11:53:36,352,574,517,0
2026-07-19 11:53:37,403,596,566,0
2026-07-19 11:53:38,360,559,552,0
2026-07-19 11:53:39,391,545,557,0
2026-07-19 11:53:40,375,576,565,0
2026-07-19 11:53:41,358,573,574,0
2026-07-19 11:53:42,353,601,536,0
2026-07-19 11:53:43,314,587,582,0
2026-07-19 11:53:44,288,559,566,0
2026-07-19 11:53:45,294,567,569,0
2026-07-19 11:53:46,338,538,596,0
2026-07-19 11:53:47,326,544,618,0
2026-07-19 11:53:48,311,580,590,0
2026-07-19 11:53:49,281,589,559,0
2026-07-19 11:53:50,286,592,588,0
2026-07-19 11:53:51,325,545,588,0
2026-07-19 11:53:52,327,555,547,0
2026-07-19 11:53:53,299,573,568,0
2026-07-19 11:53:54,304,559,532,0
2026-07-19 11:53:55,304,557,590,0
2026-07-19 11:53:56,341,570,537,0
2026-07-19 11:53:57,337,545,538,0
2026-07-19 11:53:58,352,599,541,0
2026-07-19 11:53:59,384,556,545,0
2026-07-19 11:54:00,358,588,540,0
2026-07-19 11:54:01,393,542,567,0
2026-07-19 11:54:02,403,593,550,0
2026-07-19 11:54:03,402,578,551,0
2026-07-19 11:54:04,374,582,539,0
2026-07-19 11:54:05,378,556,550,0
2026-07-19 11:54:06,400,571,518,0
2026-07-19 11:54:07,341,559,492,0
2026-07-19 11:54:08,349,581,467,0
2026-07-19 11:54:09,394,561,475,0
2026-07-19 11:54:10,375,573,481,0
2026-07-19 11:54:11,371,535,507,0
2026-07-19 11:54:12,361,567,493,0
2026-07-19 11:54:13,357,541,481,0
2026-07-19 11:54:14,370,542,533,0
2026-07-19 11:54:15,364,541,555,0
2026-07-19 11:54:16,351,558,564,0
2026-07-19 11:54:17,334,544,565,0
2026-07-19 11:54:18,316,534,558,0
2026-07-19 11:54:19,292,540,587,0
2026-07-19 11:54:20,303,537,599,0
2026-07-19 11:54:21,307,545,559,0
2026-07-19 11:54:22,299,541,553,0
2026-07-19 11:54:23,299,540,585,0
2026-07-19 11:54:24,319,541,580,0
2026-07-19 11:54:25,321,541,573,0
2026-07-19 11:54:26,326,555,576,0
2026-07-19 11:54:27,287,552,595,0
2026-07-19 11:54:28,331,548,554,0
2026-07-19 11:54:29,292,555,550,0
2026-07-19 11:54:30,325,564,579,0
2026-07-19 11:54:31,309,541,568,0
2026-07-19 11:54:32,317,541,570,0
2026-07-19 11:54:33,329,530,551,0
2026-07-19 11:54:34,360,551,553,0
2026-07-19 11:54:35,355,555,561,0
2026-07-19 11:54:36,366,539,544,0
2026-07-19 11:54:37,362,548,578,0
2026-07-19 11:54:38,348,529,557,0
2026-07-19 11:54:39,345,551,575,0
2026-07-19 11:54:40,373,535,565,0
2026-07-19 11:54:41,366,568,561,0
2026-07-19 11:54:42,336,531,592,0
2026-07-19 11:54:43,318,555,592,0
2026-07-19 11:54:44,323,547,549,0
2026-07-19 11:54:45,300,551,594,0
2026-07-19 11:54:46,320,548,597,0
2026-07-19 11:54:47,313,555,563,0
2026-07-19 11:54:48,286,553,535,0
2026-07-19 11:54:49,290,537,560,0
2026-07-19 11:54:50,283,545,585,0
2026-07-19 11:54:51,319,551,555,0
2026-07-19 11:54:52,289,552,611,0
2026-07-19 11:54:53,316,551,553,0
2026-07-19 11:54:54,307,543,580,0
2026-07-19 11:54:55,296,534,585,0
2026-07-19 11:54:56,313,540,564,0
2026-07-19 11:54:57,335,537,575,0
2026-07-19 11:54:58,353,551,534,0
2026-07-19 11:54:59,367,556,548,0
2026-07-19 11:55:00,359,540,533,0
2026-07-19 11:55:01,369,540,527,0
2026-07-19 11:55:02,357,552,500,0
2026-07-19 11:55:03,370,564,482,0
2026-07-19 11:55:04,369,565,465,0
2026-07-19 11:55:05,373,553,477,0
2026-07-19 11:55:06,374,572,497,0
2026-07-19 11:55:07,357,554,492,0
2026-07-19 11:55:08,387,548,477,0
2026-07-19 11:55:09,381,564,486,0
2026-07-19 11:55:10,377,557,502,0
2026-07-19 11:55:11,387,552,495,0
2026-07-19 11:55:12,404,551,521,0
2026-07-19 11:55:13,372,552,527,0
2026-07-19 11:55:14,347,568,493,0
2026-07-19 11:55:15,383,551,513,0
2026-07-19 11:55:16,363,555,551,0
2026-07-19 11:55:17,392,562,501,0
2026-07-19 11:55:18,377,555,559,0
2026-07-19 11:55:19,354,550,554,0
2026-07-19 11:55:20,372,567,518,0
2026-07-19 11:55:21,365,564,534,0
2026-07-19 11:55:22,370,544,541,0
2026-07-19 11:55:23,388,556,561,0
2026-07-19 11:55:24,407,584,535,0
2026-07-19 11:55:25,408,570,520,0
2026-07-19 11:55:26,396,586,557,0
2026-07-19 11:55:27,393,554,554,0
2026-07-19 11:55:28,394,555,546,0
2026-07-19 11:55:29,349,548,537,0
2026-07-19 11:55:30,340,574,483,0
2026-07-19 11:55:31,353,530,497,0
2026-07-19 11:55:32,366,542,472,0
2026-07-19 11:55:33,348,559,492,0
2026-07-19 11:55:34,366,552,512,0
2026-07-19 11:55:35,378,573,489,0
2026-07-19 11:55:36,376,557,501,0
2026-07-19 11:55:37,373,546,513,0
2026-07-19 11:55:38,378,544,570,0
2026-07-19 11:55:39,308,544,551,0
2026-07-19 11:55:40,301,548,565,0
2026-07-19 11:55:41,297,543,599,0
2026-07-19 11:55:42,283,544,593,0
2026-07-19 11:55:43,321,526,563,0
2026-07-19 11:55:44,347,554,546,0
2026-07-19 11:55:45,388,535,578,0
2026-07-19 11:55:46,399,547,555,0
2026-07-19 11:55:47,434,560,537,0
2026-07-19 11:55:48,409,561,541,0
2026-07-19 11:55:49,359,553,530,0
2026-07-19 11:55:50,384,544,478,0
2026-07-19 11:55:51,373,538,514,0
2026-07-19 11:55:52,392,543,541,0
2026-07-19 11:55:53,399,547,571,0
2026-07-19 11:55:54,364,565,604,0
2026-07-19 11:55:55,318,552,582,0
2026-07-19 11:55:56,280,551,595,0
2026-07-19 11:55:57,316,525,563,0
2026-07-19 11:55:58,327,547,597,0
2026-07-19 11:55:59,336,588,583,0
2026-07-19 11:56:00,375,580,572,0
2026-07-19 11:56:01,356,573,549,0
2026-07-19 11:56:02,399,581,576,0
2026-07-19 11:56:03,372,527,527,0
2026-07-19 11:56:04,394,558,524,0
2026-07-19 11:56:05,351,551,500,0
2026-07-19 11:56:06,382,556,466,0
2026-07-19 11:56:07,363,531,488,0
2026-07-19 11:56:08,357,563,517,0
2026-07-19 11:56:09,381,549,523,0
2026-07-19 11:56:10,364,549,559,0
2026-07-19 11:56:11,329,548,560,0
2026-07-19 11:56:12,291,545,584,0
2026-07-19 11:56:13,317,540,547,0
2026-07-19 11:56:14,283,547,562,0
2026-07-19 11:56:15,320,538,584,0
2026-07-19 11:56:16,338,549,570,0
2026-07-19 11:56:17,377,544,585,0
2026-07-19 11:56:18,378,554,567,0
2026-07-19 11:56:19,421,549,576,0
2026-07-19 11:56:20,403,561,535,0
2026-07-19 11:56:21,429,537,469,0
2026-07-19 11:56:22,367,545,489,0
2026-07-19 11:56:23,397,541,543,0
2026-07-19 11:56:24,390,532,505,0
2026-07-19 11:56:25,372,553,550,0
2026-07-19 11:56:26,371,568,588,0
2026-07-19 11:56:27,358,551,568,0
2026-07-19 11:56:28,314,541,562,0
2026-07-19 11:56:29,286,551,583,0
2026-07-19 11:56:30,291,534,555,0
2026-07-19 11:56:31,286,536,579,0
2026-07-19 11:56:32,329,545,540,0
2026-07-19 11:56:33,324,579,588,0
2026-07-19 11:56:34,391,565,530,0
2026-07-19 11:56:35,393,583,547,0
2026-07-19 11:56:36,381,553,549,0
2026-07-19 11:56:37,405,557,542,0
2026-07-19 11:56:38,409,580,521,0
2026-07-19 11:56:39,367,592,544,0
2026-07-19 11:56:40,377,556,523,0
2026-07-19 11:56:41,381,567,507,0
2026-07-19 11:56:42,354,542,495,0
2026-07-19 11:56:43,366,548,531,0
2026-07-19 11:56:44,412,552,501,0
2026-07-19 11:56:45,340,539,481,0
2026-07-19 11:56:46,392,554,503,0
2026-07-19 11:56:47,364,557,529,0
2026-07-19 11:56:48,350,536,523,0
2026-07-19 11:56:49,388,544,530,0
2026-07-19 11:56:50,383,564,541,0
2026-07-19 11:56:51,387,582,572,0
2026-07-19 11:56:52,359,594,588,0
2026-07-19 11:56:53,372,536,572,0
2026-07-19 11:56:54,326,587,540,0
2026-07-19 11:56:55,306,561,560,0
2026-07-19 11:56:56,329,547,589,0
2026-07-19 11:56:57,319,575,568,0
2026-07-19 11:56:58,285,553,573,0
2026-07-19 11:56:59,315,548,562,0
2026-07-19 11:57:00,372,556,549,0
2026-07-19 11:57:01,377,545,545,0
2026-07-19 11:57:02,392,555,493,0
2026-07-19 11:57:03,383,566,497,0
2026-07-19 11:57:04,357,538,488,0
2026-07-19 11:57:05,418,546,485,0
2026-07-19 11:57:06,381,561,545,0
2026-07-19 11:57:07,424,542,529,0
2026-07-19 11:57:08,398,551,538,0
2026-07-19 11:57:09,380,545,567,0
2026-07-19 11:57:10,350,534,563,0
2026-07-19 11:57:11,322,537,553,0
2026-07-19 11:57:12,299,552,563,0
2026-07-19 11:57:13,287,540,559,0
2026-07-19 11:57:14,310,523,588,0
2026-07-19 11:57:15,310,548,586,0
2026-07-19 11:57:16,305,535,577,0
2026-07-19 11:57:17,306,536,582,0
2026-07-19 11:57:18,344,544,565,0
2026-07-19 11:57:19,302,542,585,0
2026-07-19 11:57:20,313,545,542,0
2026-07-19 11:57:21,309,542,550,0
2026-07-19 11:57:22,285,542,570,0
2026-07-19 11:57:23,298,543,574,0
2026-07-19 11:57:24,295,546,563,0
2026-07-19 11:57:25,308,529,572,0
2026-07-19 11:57:26,294,539,583,0
2026-07-19 11:57:27,314,536,548,0
2026-07-19 11:57:28,341,542,580,0
2026-07-19 11:57:29,403,559,563,0
2026-07-19 11:57:30,418,570,561,0
2026-07-19 11:57:31,371,561,551,0
2026-07-19 11:57:32,392,557,501,0
2026-07-19 11:57:33,393,537,489,0
2026-07-19 11:57:34,400,537,496,0
2026-07-19 11:57:37,363,557,496,0
2026-07-19 11:57:37,372,548,546,0
2026-07-19 11:57:37,391,551,555,0
2026-07-19 11:57:38,316,568,602,0
2026-07-19 11:57:39,312,535,608,0
2026-07-19 11:57:40,304,559,583,0
2026-07-19 11:57:41,320,551,560,0
2026-07-19 11:57:42,286,585,553,0
2026-07-19 11:57:43,395,586,537,0
2026-07-19 11:57:44,337,578,549,0
2026-07-19 11:57:45,350,558,576,0
2026-07-19 11:57:46,358,576,537,0
2026-07-19 11:57:47,384,553,532,0
2026-07-19 11:57:48,400,532,483,0
2026-07-19 11:57:49,361,534,481,0
2026-07-19 11:57:50,371,560,465,0
2026-07-19 11:57:51,377,544,508,0
2026-07-19 11:57:52,382,546,556,0
2026-07-19 11:57:53,324,535,578,0
2026-07-19 11:57:54,322,538,567,0
2026-07-19 11:57:55,319,541,583,0
2026-07-19 11:57:56,316,536,578,0
2026-07-19 11:57:57,316,541,583,0
2026-07-19 11:57:58,358,553,547,0
2026-07-19 11:57:59,398,540,544,0
2026-07-19 11:58:00,383,532,584,0
2026-07-19 11:58:01,393,542,547,0
2026-07-19 11:58:02,403,548,570,0
2026-07-19 11:58:03,352,547,460,0
2026-07-19 11:58:04,360,548,478,0
2026-07-19 11:58:05,388,552,480,0
2026-07-19 11:58:06,386,537,512,0
2026-07-19 11:58:07,393,555,573,0
2026-07-19 11:58:08,363,541,544,0
2026-07-19 11:58:09,301,554,559,0
2026-07-19 11:58:10,291,563,578,0
2026-07-19 11:58:11,310,556,581,0
2026-07-19 11:58:12,312,573,563,0
2026-07-19 11:58:13,317,557,578,0
2026-07-19 11:58:14,334,543,570,0
2026-07-19 11:58:15,350,561,547,0
2026-07-19 11:58:16,415,560,543,0
2026-07-19 11:58:17,349,547,556,0
2026-07-19 11:58:18,380,557,514,0
2026-07-19 11:58:19,390,532,504,0
2026-07-19 11:58:20,399,547,476,0
2026-07-19 11:58:21,387,553,499,0
2026-07-19 11:58:22,363,536,480,0
2026-07-19 11:58:23,355,533,495,0
2026-07-19 11:58:24,378,543,534,0
2026-07-19 11:58:25,333,551,564,0
2026-07-19 11:58:26,311,544,555,0
2026-07-19 11:58:27,311,545,566,0
2026-07-19 11:58:28,298,540,569,0
2026-07-19 11:58:29,298,539,561,0
2026-07-19 11:58:30,311,553,549,0
2026-07-19 11:58:31,334,550,533,0
2026-07-19 11:58:32,350,545,589,0
2026-07-19 11:58:33,393,539,551,0
2026-07-19 11:58:34,391,541,562,0
2026-07-19 11:58:35,387,561,570,0
2026-07-19 11:58:36,401,571,567,0
2026-07-19 11:58:37,367,547,532,0
2026-07-19 11:58:38,365,533,516,0
2026-07-19 11:58:39,412,560,505,0
2026-07-19 11:58:40,410,560,440,0
2026-07-19 11:58:41,404,548,462,0
2026-07-19 11:58:42,399,562,489,0
2026-07-19 11:58:43,358,552,521,0
2026-07-19 11:58:44,373,535,499,0
2026-07-19 11:58:45,372,548,561,0
2026-07-19 11:58:46,381,559,601,0
2026-07-19 11:58:47,344,544,597,0
2026-07-19 11:58:48,304,551,576,0
2026-07-19 11:58:49,303,556,586,0
2026-07-19 11:58:50,299,561,576,0
2026-07-19 11:58:51,312,575,548,0
2026-07-19 11:58:52,322,572,586,0
2026-07-19 11:58:53,356,582,537,0
2026-07-19 11:58:54,365,543,554,0
2026-07-19 11:58:55,378,555,547,0
2026-07-19 11:58:56,403,549,489,0
2026-07-19 11:58:57,387,546,462,0
2026-07-19 11:58:58,372,559,486,0
2026-07-19 11:58:59,359,529,478,0
2026-07-19 11:59:00,365,539,508,0
2026-07-19 11:59:01,360,538,545,0
2026-07-19 11:59:02,326,546,572,0
2026-07-19 11:59:03,294,533,584,0
2026-07-19 11:59:04,287,543,521,0
2026-07-19 11:59:05,324,545,563,0
2026-07-19 11:59:06,342,531,541,0
2026-07-19 11:59:07,381,549,534,0
2026-07-19 11:59:08,383,549,541,0
2026-07-19 11:59:09,424,556,544,0
2026-07-19 11:59:10,370,556,543,0
2026-07-19 11:59:11,376,536,494,0
2026-07-19 11:59:12,352,553,519,0
2026-07-19 11:59:13,397,562,516,0
2026-07-19 11:59:14,359,545,514,0
2026-07-19 11:59:15,370,543,498,0
2026-07-19 11:59:16,363,545,550,0
2026-07-19 11:59:17,338,540,562,0
2026-07-19 11:59:18,323,536,570,0
2026-07-19 11:59:19,298,550,607,0
2026-07-19 11:59:20,309,563,558,0
2026-07-19 11:59:21,305,537,556,0
2026-07-19 11:59:22,322,575,578,0
2026-07-19 11:59:23,319,541,578,0
2026-07-19 11:59:24,342,561,549,0
2026-07-19 11:59:25,357,555,550,0
2026-07-19 11:59:26,384,559,569,0
2026-07-19 11:59:27,396,548,552,0
2026-07-19 11:59:28,392,589,534,0
2026-07-19 11:59:29,353,549,554,0
2026-07-19 11:59:30,361,573,523,0
2026-07-19 11:59:31,372,556,484,0
2026-07-19 11:59:32,404,551,494,0
2026-07-19 11:59:33,345,552,457,0
2026-07-19 11:59:34,381,568,490,0
2026-07-19 11:59:35,373,543,498,0
2026-07-19 11:59:36,382,553,479,0
2026-07-19 11:59:37,352,560,473,0
2026-07-19 11:59:38,365,567,490,0
2026-07-19 11:59:39,355,530,470,0
2026-07-19 11:59:40,358,528,495,0
2026-07-19 11:59:41,360,534,489,0
2026-07-19 11:59:42,354,547,497,0
2026-07-19 11:59:43,381,548,489,0
2026-07-19 11:59:44,353,541,516,0
2026-07-19 11:59:45,361,544,519,0
2026-07-19 11:59:46,375,533,554,0
2026-07-19 11:59:47,368,537,574,0
2026-07-19 11:59:48,317,537,560,0
2026-07-19 11:59:49,323,549,589,0
2026-07-19 11:59:50,309,534,545,0
2026-07-19 11:59:51,299,529,555,0
2026-07-19 11:59:52,294,527,556,0
2026-07-19 11:59:53,289,540,546,0
2026-07-19 11:59:54,294,536,541,0
2026-07-19 11:59:55,317,551,569,0
2026-07-19 11:59:56,342,550,540,0
2026-07-19 11:59:57,362,567,578,0
2026-07-19 11:59:58,409,551,544,0
2026-07-19 11:59:59,396,528,559,0
2026-07-19 12:00:00,401,558,582,0
2026-07-19 12:00:01,410,540,567,0
2026-07-19 12:00:02,371,564,525,0
2026-07-19 12:00:03,362,548,515,0
2026-07-19 12:00:04,337,557,463,0
2026-07-19 12:00:05,386,530,526,0
2026-07-19 12:00:06,376,531,493,0
2026-07-19 12:00:07,359,556,527,0
2026-07-19 12:00:08,406,553,521,0
2026-07-19 12:00:09,404,566,459,0
2026-07-19 12:00:10,403,560,501,0
2026-07-19 12:00:11,401,537,530,0
2026-07-19 12:00:12,416,539,561,0
2026-07-19 12:00:13,370,533,559,0
2026-07-19 12:00:14,374,537,567,0
2026-07-19 12:00:15,341,553,563,0
2026-07-19 12:00:16,311,544,523,0
2026-07-19 12:00:17,290,533,564,0
2026-07-19 12:00:18,309,554,562,0
2026-07-19 12:00:19,319,541,548,0
2026-07-19 12:00:20,355,540,565,0
2026-07-19 12:00:21,380,549,511,0
2026-07-19 12:00:22,358,532,498,0
2026-07-19 12:00:23,359,536,478,0
2026-07-19 12:00:24,381,560,470,0
2026-07-19 12:00:25,372,577,494,0
2026-07-19 12:00:26,352,546,499,0
2026-07-19 12:00:27,405,542,519,0
2026-07-19 12:00:28,338,554,550,0
2026-07-19 12:00:29,376,555,553,0
2026-07-19 12:00:30,360,580,566,0
2026-07-19 12:00:31,275,573,539,0
2026-07-19 12:00:32,291,515,576,0
2026-07-19 12:00:33,312,552,573,0
2026-07-19 12:00:34,310,563,590,0
2026-07-19 12:00:35,289,565,584,0
2026-07-19 12:00:36,395,559,560,0
2026-07-19 12:00:37,367,548,537,0
2026-07-19 12:00:38,369,543,510,0
2026-07-19 12:00:39,401,537,527,0
2026-07-19 12:00:40,399,522,458,0
2026-07-19 12:00:41,368,561,530,0
2026-07-19 12:00:42,409,561,543,0
2026-07-19 12:00:43,411,550,556,0
2026-07-19 12:00:44,380,565,546,0
2026-07-19 12:00:45,376,549,523,0
2026-07-19 12:00:46,320,538,569,0
2026-07-19 12:00:47,291,531,542,0
2026-07-19 12:00:48,301,544,550,0
2026-07-19 12:00:49,313,545,603,0
2026-07-19 12:00:50,308,547,564,0
2026-07-19 12:00:51,365,541,547,0
2026-07-19 12:00:52,384,541,524,0
2026-07-19 12:00:53,356,531,499,0
2026-07-19 12:00:54,369,562,475,0
2026-07-19 12:00:55,376,540,421,0
2026-07-19 12:00:56,401,576,464,0
2026-07-19 12:00:57,405,544,533,0
2026-07-19 12:00:58,379,556,568,0
2026-07-19 12:00:59,410,556,557,0
2026-07-19 12:01:00,401,538,545,0
2026-07-19 12:01:01,328,556,538,0
2026-07-19 12:01:02,280,580,574,0
2026-07-19 12:01:03,281,570,571,0
2026-07-19 12:01:04,268,550,579,0
2026-07-19 12:01:05,314,562,588,0
2026-07-19 12:01:06,338,553,567,0
2026-07-19 12:01:07,383,544,545,0
2026-07-19 12:01:08,368,552,499,0
2026-07-19 12:01:09,373,526,481,0
2026-07-19 12:01:10,396,562,499,0
2026-07-19 12:01:11,380,552,503,0
2026-07-19 12:01:12,380,548,513,0
2026-07-19 12:01:13,416,551,585,0
2026-07-19 12:01:14,369,563,534,0
2026-07-19 12:01:15,388,535,551,0
2026-07-19 12:01:16,343,535,530,0
2026-07-19 12:01:17,314,540,552,0
2026-07-19 12:01:18,309,546,564,0
2026-07-19 12:01:19,297,539,526,0
2026-07-19 12:01:20,295,538,580,0
2026-07-19 12:01:21,353,537,536,0
2026-07-19 12:01:22,347,545,547,0
2026-07-19 12:01:23,360,549,513,0
2026-07-19 12:01:24,373,563,471,0
2026-07-19 12:01:25,370,566,459,0
2026-07-19 12:01:26,352,564,476,0
2026-07-19 12:01:27,365,560,446,0
2026-07-19 12:01:30,370,551,521,0
2026-07-19 12:01:30,412,553,502,0
2026-07-19 12:01:30,368,537,567,0
2026-07-19 12:01:31,361,557,534,0
2026-07-19 12:01:32,369,568,543,0
2026-07-19 12:01:33,317,548,561,0
2026-07-19 12:01:34,327,551,560,0
2026-07-19 12:01:35,327,539,569,0
2026-07-19 12:01:36,308,526,560,0
2026-07-19 12:01:37,289,559,536,0
2026-07-19 12:01:38,306,531,559,0
2026-07-19 12:01:39,274,554,602,0
2026-07-19 12:01:40,363,543,565,0
2026-07-19 12:01:41,345,555,562,0
2026-07-19 12:01:42,394,551,554,0
2026-07-19 12:01:43,367,545,497,0
2026-07-19 12:01:44,366,537,502,0
2026-07-19 12:01:45,384,565,518,0
2026-07-19 12:01:46,366,535,476,0
2026-07-19 12:01:47,353,560,515,0
2026-07-19 12:01:48,388,544,452,0
2026-07-19 12:01:49,390,542,434,0
2026-07-19 12:01:50,382,552,546,0
2026-07-19 12:01:51,382,554,508,0
2026-07-19 12:01:52,420,568,531,0
2026-07-19 12:01:53,388,546,519,0
2026-07-19 12:01:54,394,566,556,0
2026-07-19 12:01:55,410,526,547,0
2026-07-19 12:01:56,368,531,557,0
2026-07-19 12:01:57,406,561,528,0
2026-07-19 12:01:58,399,542,527,0
2026-07-19 12:01:59,418,535,570,0
2026-07-19 12:02:00,398,539,535,0
2026-07-19 12:02:01,399,560,534,0
2026-07-19 12:02:02,393,539,542,0
2026-07-19 12:02:03,373,554,532,0
2026-07-19 12:02:04,364,553,541,0
2026-07-19 12:02:05,358,554,530,0
2026-07-19 12:02:06,347,531,558,0
2026-07-19 12:02:07,344,545,534,0
2026-07-19 12:02:08,323,555,550,0
2026-07-19 12:02:09,342,536,527,0
2026-07-19 12:02:10,309,554,546,0
2026-07-19 12:02:11,332,547,546,0
2026-07-19 12:02:12,307,548,537,0
2026-07-19 12:02:13,331,535,558,0
2026-07-19 12:02:14,345,540,529,0
2026-07-19 12:02:15,313,534,555,0
2026-07-19 12:02:16,342,554,536,0
2026-07-19 12:02:17,359,553,561,0
2026-07-19 12:02:18,370,543,548,0
2026-07-19 12:02:19,378,553,551,0
2026-07-19 12:02:20,366,549,578,0
2026-07-19 12:02:21,406,538,546,0
2026-07-19 12:02:22,401,554,544,0
2026-07-19 12:02:23,368,540,559,0
2026-07-19 12:02:24,394,539,542,0
2026-07-19 12:02:25,392,555,550,0
2026-07-19 12:02:26,386,555,505,0
2026-07-19 12:02:27,368,553,496,0
2026-07-19 12:02:28,407,556,520,0
2026-07-19 12:02:29,371,538,454,0
2026-07-19 12:02:30,385,535,514,0
2026-07-19 12:02:31,363,559,473,0
2026-07-19 12:02:32,386,548,531,0
2026-07-19 12:02:33,398,538,560,0
2026-07-19 12:02:34,314,547,586,0
2026-07-19 12:02:35,283,538,574,0
2026-07-19 12:02:36,285,567,581,0
2026-07-19 12:02:37,307,540,558,0
2026-07-19 12:02:38,299,574,571,0
2026-07-19 12:02:39,348,555,555,0
2026-07-19 12:02:40,360,552,525,0
2026-07-19 12:02:41,386,570,532,0
2026-07-19 12:02:42,347,561,544,0
2026-07-19 12:02:43,383,555,479,0
2026-07-19 12:02:44,384,556,476,0
2026-07-19 12:02:45,357,554,473,0
2026-07-19 12:02:46,359,521,495,0
2026-07-19 12:02:47,350,536,467,0
2026-07-19 12:02:48,360,547,546,0
2026-07-19 12:02:49,368,541,569,0
2026-07-19 12:02:50,321,544,549,0
2026-07-19 12:02:51,300,542,582,0
2026-07-19 12:02:52,313,541,552,0
2026-07-19 12:02:53,299,550,520,0
2026-07-19 12:02:54,327,536,552,0
2026-07-19 12:02:55,380,531,546,0
2026-07-19 12:02:56,379,536,546,0
2026-07-19 12:02:57,369,535,557,0
2026-07-19 12:02:58,395,536,525,0
2026-07-19 12:02:59,383,547,502,0
2026-07-19 12:03:00,365,555,499,0
2026-07-19 12:03:01,404,556,494,0
2026-07-19 12:03:02,395,559,487,0
2026-07-19 12:03:03,366,539,528,0
2026-07-19 12:03:04,355,548,525,0
2026-07-19 12:03:05,351,550,594,0
2026-07-19 12:03:06,331,569,602,0
2026-07-19 12:03:07,296,536,580,0
2026-07-19 12:03:08,319,561,519,0
2026-07-19 12:03:09,301,575,528,0
2026-07-19 12:03:10,334,565,565,0
2026-07-19 12:03:11,353,562,499,0
2026-07-19 12:03:12,386,556,527,0
2026-07-19 12:03:13,348,584,546,0
2026-07-19 12:03:14,388,595,520,0
2026-07-19 12:03:15,356,567,482,0
2026-07-19 12:03:16,357,570,470,0
2026-07-19 12:03:17,368,549,474,0
2026-07-19 12:03:18,383,542,466,0
2026-07-19 12:03:19,362,567,473,0
2026-07-19 12:03:20,348,540,482,0
2026-07-19 12:03:21,374,550,546,0
2026-07-19 12:03:22,326,540,565,0
2026-07-19 12:03:23,318,538,544,0
2026-07-19 12:03:24,310,542,552,0
2026-07-19 12:03:25,298,548,559,0
2026-07-19 12:03:26,312,536,572,0
2026-07-19 12:03:27,346,549,561,0
2026-07-19 12:03:28,355,545,528,0
2026-07-19 12:03:29,384,546,525,0
2026-07-19 12:03:30,392,557,571,0
2026-07-19 12:03:31,375,539,529,0
2026-07-19 12:03:32,404,524,495,0
2026-07-19 12:03:33,392,559,478,0
2026-07-19 12:03:34,367,572,449,0
2026-07-19 12:03:35,372,564,491,0
2026-07-19 12:03:36,375,556,470,0
2026-07-19 12:03:37,384,543,505,0
2026-07-19 12:03:38,352,549,569,0
2026-07-19 12:03:39,334,542,551,0
2026-07-19 12:03:40,307,543,584,0
2026-07-19 12:03:41,294,526,590,0
2026-07-19 12:03:42,330,577,589,0
2026-07-19 12:03:43,304,543,589,0
2026-07-19 12:03:44,308,526,554,0
2026-07-19 12:03:45,317,541,545,0
2026-07-19 12:03:46,355,532,524,0
2026-07-19 12:03:47,355,548,542,0
2026-07-19 12:03:48,374,585,542,0
2026-07-19 12:03:49,387,573,537,0
2026-07-19 12:03:50,400,564,535,0
2026-07-19 12:03:51,351,553,515,0
2026-07-19 12:03:52,349,561,485,0
2026-07-19 12:03:53,370,553,443,0
2026-07-19 12:03:54,376,556,456,0
2026-07-19 12:03:55,365,548,450,0
2026-07-19 12:03:56,380,545,481,0
2026-07-19 12:03:57,358,542,475,0
2026-07-19 12:03:58,369,541,452,0
2026-07-19 12:03:59,357,551,455,0
2026-07-19 12:04:00,360,546,454,0
2026-07-19 12:04:01,373,539,470,0
2026-07-19 12:04:02,343,531,485,0
2026-07-19 12:04:03,379,560,448,0
2026-07-19 12:04:04,376,562,490,0
2026-07-19 12:04:05,349,550,477,0
2026-07-19 12:04:06,365,555,458,0
2026-07-19 12:04:07,387,563,503,0
2026-07-19 12:04:08,399,530,517,0
2026-07-19 12:04:09,351,557,500,0
2026-07-19 12:04:10,392,561,522,0
2026-07-19 12:04:11,394,557,515,0
2026-07-19 12:04:12,379,552,522,0
2026-07-19 12:04:13,323,542,577,0
2026-07-19 12:04:14,304,583,536,0
2026-07-19 12:04:15,266,527,571,0
2026-07-19 12:04:16,279,566,529,0
2026-07-19 12:04:17,303,561,566,0
2026-07-19 12:04:18,362,544,574,0
2026-07-19 12:04:19,349,543,565,0
2026-07-19 12:04:20,382,536,481,0
2026-07-19 12:04:21,370,551,479,0
2026-07-19 12:04:22,378,562,452,0
2026-07-19 12:04:23,379,539,487,0
2026-07-19 12:04:24,385,539,464,0
2026-07-19 12:04:25,388,556,515,0
2026-07-19 12:04:26,391,553,535,0
2026-07-19 12:04:27,404,532,552,0
2026-07-19 12:04:28,368,534,567,0
2026-07-19 12:04:29,341,548,555,0
2026-07-19 12:04:30,323,548,576,0
2026-07-19 12:04:31,285,546,553,0
2026-07-19 12:04:32,304,524,574,0
2026-07-19 12:04:33,298,537,571,0
2026-07-19 12:04:34,321,544,561,0
2026-07-19 12:04:35,363,539,534,0
2026-07-19 12:04:36,372,531,506,0
2026-07-19 12:04:37,364,553,460,0
2026-07-19 12:04:38,347,569,464,0
2026-07-19 12:04:39,376,575,451,0
2026-07-19 12:04:40,376,531,504,0
2026-07-19 12:04:41,380,550,512,0
2026-07-19 12:04:42,365,552,530,0
2026-07-19 12:04:43,354,602,552,0
2026-07-19 12:04:44,393,566,531,0
2026-07-19 12:04:45,357,577,558,0
2026-07-19 12:04:46,328,569,551,0
2026-07-19 12:04:47,340,576,570,0
2026-07-19 12:04:48,305,551,548,0
2026-07-19 12:04:49,296,552,553,0
2026-07-19 12:04:50,304,565,597,0
2026-07-19 12:04:51,302,563,554,0
2026-07-19 12:04:52,279,555,595,0
2026-07-19 12:04:53,322,530,565,0
2026-07-19 12:04:54,332,561,587,0
2026-07-19 12:04:55,338,535,554,0
2026-07-19 12:04:56,388,541,556,0
2026-07-19 12:04:57,341,533,538,0
2026-07-19 12:04:58,394,540,528,0
2026-07-19 12:04:59,380,526,529,0
2026-07-19 12:05:00,351,548,493,0
2026-07-19 12:05:01,391,558,543,0
2026-07-19 12:05:02,350,540,480,0
2026-07-19 12:05:03,367,554,540,0
2026-07-19 12:05:04,390,556,531,0
2026-07-19 12:05:05,396,543,538,0
2026-07-19 12:05:06,380,555,531,0
2026-07-19 12:05:07,353,561,528,0
2026-07-19 12:05:08,368,553,556,0
2026-07-19 12:05:09,324,547,585,0
2026-07-19 12:05:10,321,552,551,0
2026-07-19 12:05:11,299,554,565,0
2026-07-19 12:05:12,303,548,567,0
2026-07-19 12:05:13,297,573,529,0
2026-07-19 12:05:14,307,567,556,0
2026-07-19 12:05:15,343,549,538,0
2026-07-19 12:05:16,261,554,535,0
2026-07-19 12:05:17,318,552,555,0
2026-07-19 12:05:18,303,572,562,0
2026-07-19 12:05:19,348,556,559,0
2026-07-19 12:05:20,348,547,534,0
2026-07-19 12:05:21,336,581,563,0
2026-07-19 12:05:22,395,577,548,0
2026-07-19 12:05:23,369,538,514,0
2026-07-19 12:05:24,389,544,531,0
2026-07-19 12:05:25,387,558,550,0
2026-07-19 12:05:26,383,556,540,0
2026-07-19 12:05:27,392,571,548,0
2026-07-19 12:05:28,347,568,532,0
2026-07-19 12:05:29,408,538,555,0
2026-07-19 12:05:30,337,578,508,0
2026-07-19 12:05:31,357,564,548,0
2026-07-19 12:05:32,365,581,537,0
2026-07-19 12:05:33,387,563,529,0
2026-07-19 12:05:34,369,542,554,0
2026-07-19 12:05:35,342,586,566,0
2026-07-19 12:05:36,352,577,516,0
2026-07-19 12:05:37,314,591,553,0
2026-07-19 12:05:38,400,538,525,0
2026-07-19 12:05:39,292,582,527,0
2026-07-19 12:05:40,326,548,541,0
2026-07-19 12:05:41,270,533,541,0
2026-07-19 12:05:42,291,566,567,0
2026-07-19 12:05:43,310,520,563,0
2026-07-19 12:05:44,304,557,571,0
2026-07-19 12:05:45,309,530,561,0
2026-07-19 12:05:46,338,551,575,0
2026-07-19 12:05:47,363,538,559,0
2026-07-19 12:05:48,369,550,495,0
2026-07-19 12:05:49,350,537,524,0
2026-07-19 12:05:50,374,553,450,0
2026-07-19 12:05:51,382,526,477,0
2026-07-19 12:05:52,368,543,490,0
2026-07-19 12:05:53,393,530,513,0
2026-07-19 12:05:54,397,551,543,0
2026-07-19 12:05:55,381,551,528,0
2026-07-19 12:05:56,392,554,561,0
2026-07-19 12:05:57,399,551,538,0
2026-07-19 12:05:58,400,526,541,0
2026-07-19 12:05:59,351,525,555,0
2026-07-19 12:06:00,331,537,562,0
2026-07-19 12:06:01,296,529,529,0
2026-07-19 12:06:02,297,539,568,0
2026-07-19 12:06:03,304,537,568,0
2026-07-19 12:06:04,303,545,570,0
2026-07-19 12:06:05,322,542,558,0
2026-07-19 12:06:06,321,544,551,0
2026-07-19 12:06:07,383,539,552,0
2026-07-19 12:06:08,363,544,486,0
2026-07-19 12:06:09,365,525,468,0
2026-07-19 12:06:10,344,556,478,0
2026-07-19 12:06:11,392,545,450,0
2026-07-19 12:06:12,342,552,476,0
2026-07-19 12:06:13,382,550,472,0
2026-07-19 12:06:14,360,543,542,0
2026-07-19 12:06:15,356,536,543,0
2026-07-19 12:06:16,378,541,545,0
2026-07-19 12:06:17,349,554,529,0
2026-07-19 12:06:18,294,582,559,0
2026-07-19 12:06:19,287,584,567,0
2026-07-19 12:06:20,281,582,577,0
2026-07-19 12:06:21,276,512,538,0
2026-07-19 12:06:22,317,558,585,0
2026-07-19 12:06:23,323,562,567,0
2026-07-19 12:06:24,347,543,557,0
2026-07-19 12:06:25,360,553,541,0
2026-07-19 12:06:26,357,542,519,0
2026-07-19 12:06:27,366,537,505,0
2026-07-19 12:06:28,384,552,512,0
2026-07-19 12:06:29,379,538,514,0
2026-07-19 12:06:30,364,546,499,0
2026-07-19 12:06:31,376,553,460,0
2026-07-19 12:06:32,359,534,463,0
2026-07-19 12:06:33,385,556,495,0
2026-07-19 12:06:45,374,561,481,0
2026-07-19 12:07:13,396,563,483,0
2026-07-19 12:07:13,400,551,473,0
2026-07-19 12:07:13,345,548,460,0
2026-07-19 12:07:13,422,542,488,0
2026-07-19 12:07:13,389,553,448,0
2026-07-19 12:07:13,379,539,448,0
2026-07-19 12:07:13,369,565,503,0
2026-07-19 12:07:13,385,527,453,0
2026-07-19 12:07:13,398,548,516,0
2026-07-19 12:07:13,398,563,514,0
2026-07-19 12:07:13,362,556,505,0
2026-07-19 12:07:27,363,549,517,0
2026-07-19 12:07:27,383,553,518,0
2026-07-19 12:07:27,418,532,517,0
2026-07-19 12:07:27,387,558,549,0
2026-07-19 12:07:27,399,554,545,0
2026-07-19 12:07:27,408,541,541,0
2026-07-19 12:07:27,399,541,536,0
2026-07-19 12:07:27,403,536,547,0
2026-07-19 12:07:27,410,544,549,0
2026-07-19 12:07:27,413,539,565,0
2026-07-19 12:07:27,429,552,547,0
2026-07-19 12:07:27,381,532,503,0
2026-07-19 12:07:27,393,538,535,0
2026-07-19 12:07:27,367,545,521,0
2026-07-19 12:07:27,388,564,520,0
2026-07-19 12:07:27,355,532,490,0
2026-07-19 12:07:27,354,535,461,0
2026-07-19 12:07:27,375,542,477,0
2026-07-19 12:07:27,377,534,478,0
2026-07-19 12:07:27,374,532,517,0
2026-07-19 12:07:27,378,529,547,0
2026-07-19 12:07:27,340,554,571,0
2026-07-19 12:07:27,286,550,571,0
2026-07-19 12:07:27,311,555,527,0
2026-07-19 12:07:27,280,541,568,0
2026-07-19 12:07:27,300,586,553,0
2026-07-19 12:07:27,312,576,522,0
2026-07-19 12:07:27,368,572,510,0
2026-07-19 12:07:27,345,549,547,0
2026-07-19 12:07:27,391,569,516,0
2026-07-19 12:07:27,351,554,491,0
2026-07-19 12:07:27,387,557,475,0
2026-07-19 12:07:27,357,565,480,0
2026-07-19 12:07:27,380,544,448,0
2026-07-19 12:07:27,359,541,493,0
2026-07-19 12:07:27,351,532,521,0
2026-07-19 12:07:27,360,546,538,0
2026-07-19 12:07:27,332,532,579,0
2026-07-19 12:07:27,312,530,582,0
2026-07-19 12:07:27,306,539,540,0
2026-07-19 12:07:27,311,542,542,0
2026-07-19 12:07:27,346,536,536,0
2026-07-19 12:07:28,393,537,520,0
2026-07-19 12:07:29,392,548,534,0
2026-07-19 12:07:30,360,554,547,0
2026-07-19 12:07:31,377,563,505,0
2026-07-19 12:07:32,371,537,514,0
2026-07-19 12:07:33,409,532,439,0
2026-07-19 12:07:34,395,559,501,0
2026-07-19 12:07:35,382,536,532,0
2026-07-19 12:07:36,388,555,521,0
2026-07-19 12:07:37,352,563,547,0
2026-07-19 12:07:38,324,537,557,0
2026-07-19 12:07:39,267,517,566,0
2026-07-19 12:07:40,257,586,582,0
2026-07-19 12:07:41,285,576,598,0
2026-07-19 12:07:42,309,573,529,0
2026-07-19 12:07:43,384,595,509,0
2026-07-19 12:07:44,388,544,539,0
2026-07-19 12:07:45,395,562,508,0
2026-07-19 12:07:46,376,559,528,0
2026-07-19 12:07:47,389,556,496,0
2026-07-19 12:07:48,354,567,479,0
2026-07-19 12:07:49,380,557,450,0
2026-07-19 12:07:50,376,554,482,0
2026-07-19 12:07:51,364,552,457,0
2026-07-19 12:07:52,357,538,482,0
2026-07-19 12:07:53,351,534,530,0
2026-07-19 12:07:54,331,545,533,0
2026-07-19 12:07:55,328,535,548,0
2026-07-19 12:07:56,297,538,556,0
2026-07-19 12:07:57,313,539,546,0
2026-07-19 12:07:58,321,550,575,0
2026-07-19 12:07:59,311,531,549,0
2026-07-19 12:08:00,302,540,571,0
2026-07-19 12:08:01,317,538,563,0
2026-07-19 12:08:02,328,534,507,0
2026-07-19 12:08:03,336,542,548,0
2026-07-19 12:08:04,350,535,564,0
2026-07-19 12:08:05,351,553,565,0
2026-07-19 12:08:06,372,551,540,0
2026-07-19 12:08:07,373,546,522,0
2026-07-19 12:08:08,406,552,553,0
2026-07-19 12:08:09,393,556,558,0
2026-07-19 12:08:10,400,533,556,0
2026-07-19 12:08:11,384,545,547,0
2026-07-19 12:08:12,400,538,544,0
2026-07-19 12:08:13,411,557,520,0
2026-07-19 12:08:14,386,542,535,0
2026-07-19 12:08:15,397,525,543,0
2026-07-19 12:08:16,401,542,571,0
2026-07-19 12:08:17,376,542,559,0
2026-07-19 12:08:18,413,536,563,0
2026-07-19 12:08:19,372,553,573,0
2026-07-19 12:08:20,379,540,520,0
2026-07-19 12:08:21,417,544,502,0
2026-07-19 12:08:22,387,550,466,0
2026-07-19 12:08:23,379,547,506,0
2026-07-19 12:08:24,389,550,461,0
2026-07-19 12:08:25,366,551,471,0
2026-07-19 12:08:26,399,551,482,0
2026-07-19 12:08:27,397,523,465,0
2026-07-19 12:08:28,394,547,513,0
2026-07-19 12:08:29,381,537,537,0
2026-07-19 12:08:30,354,553,568,0
2026-07-19 12:08:31,275,547,562,0
2026-07-19 12:08:32,277,557,561,0
2026-07-19 12:08:33,294,561,533,0
2026-07-19 12:08:34,310,540,553,0
2026-07-19 12:08:35,337,553,566,0
2026-07-19 12:08:36,355,575,512,0
2026-07-19 12:08:37,396,552,535,0
2026-07-19 12:08:38,375,547,523,0
2026-07-19 12:08:39,400,555,516,0
2026-07-19 12:08:40,390,541,476,0
2026-07-19 12:08:41,365,535,467,0
2026-07-19 12:08:42,367,569,477,0
2026-07-19 12:08:43,353,535,496,0
2026-07-19 12:08:44,362,534,508,0
2026-07-19 12:08:45,319,539,586,0
2026-07-19 12:08:46,305,546,563,0
2026-07-19 12:08:47,282,536,568,0
2026-07-19 12:08:48,318,532,549,0
2026-07-19 12:08:49,308,531,536,0
2026-07-19 12:08:50,364,547,507,0
2026-07-19 12:08:51,384,555,519,0
2026-07-19 12:08:52,398,537,562,0
2026-07-19 12:08:53,414,551,511,0
2026-07-19 12:08:54,395,560,491,0
2026-07-19 12:08:55,399,544,468,0
2026-07-19 12:08:56,365,555,475,0
2026-07-19 12:08:57,366,559,471,0
2026-07-19 12:08:58,367,526,478,0
2026-07-19 12:08:59,374,552,531,0
2026-07-19 12:09:00,349,552,553,0
2026-07-19 12:09:01,323,538,569,0
2026-07-19 12:09:02,306,530,570,0
2026-07-19 12:09:03,283,539,557,0
2026-07-19 12:09:04,326,573,543,0
2026-07-19 12:09:05,283,575,539,0
2026-07-19 12:09:06,338,541,555,0
2026-07-19 12:09:07,384,556,553,0
2026-07-19 12:09:08,419,554,546,0
2026-07-19 12:09:09,357,556,532,0
2026-07-19 12:09:10,385,556,497,0
2026-07-19 12:09:11,386,544,464,0
2026-07-19 12:09:12,354,558,463,0
2026-07-19 12:09:13,367,517,463,0
2026-07-19 12:09:14,359,550,482,0
2026-07-19 12:09:15,364,539,497,0
2026-07-19 12:09:16,380,544,554,0
2026-07-19 12:09:17,304,540,559,0
2026-07-19 12:09:18,296,532,556,0
2026-07-19 12:09:19,316,539,516,0
2026-07-19 12:09:20,297,546,535,0
2026-07-19 12:09:21,323,533,559,0
2026-07-19 12:09:22,380,540,527,0
2026-07-19 12:09:23,411,527,525,0
2026-07-19 12:09:24,383,531,540,0
2026-07-19 12:09:25,399,527,537,0
2026-07-19 12:09:26,398,556,457,0
2026-07-19 12:09:27,392,527,446,0
2026-07-19 12:09:28,378,554,455,0
2026-07-19 12:09:29,386,526,449,0
2026-07-19 12:09:30,373,518,502,0
2026-07-19 12:09:31,387,545,512,0
2026-07-19 12:09:32,372,556,549,0
2026-07-19 12:09:33,311,540,576,0
2026-07-19 12:09:34,302,555,546,0
2026-07-19 12:09:35,315,574,581,0
2026-07-19 12:09:36,304,542,583,0
2026-07-19 12:09:37,323,572,559,0
2026-07-19 12:09:38,375,555,524,0
2026-07-19 12:09:39,365,565,527,0
2026-07-19 12:09:40,374,570,541,0
2026-07-19 12:09:41,347,560,529,0
2026-07-19 12:09:42,400,549,507,0
2026-07-19 12:09:43,374,536,490,0
2026-07-19 12:09:44,398,550,454,0
2026-07-19 12:09:45,374,570,476,0
2026-07-19 12:09:46,354,564,500,0
2026-07-19 12:09:47,367,551,438,0
2026-07-19 12:09:48,354,569,457,0
2026-07-19 12:09:49,360,527,440,0
2026-07-19 12:09:50,364,537,459,0
2026-07-19 12:09:51,365,531,480,0
2026-07-19 12:09:52,364,542,507,0
2026-07-19 12:09:53,381,528,537,0
2026-07-19 12:09:54,375,532,512,0
2026-07-19 12:09:55,347,540,527,0
2026-07-19 12:09:56,351,546,572,0
2026-07-19 12:09:57,299,536,571,0
2026-07-19 12:09:58,295,531,520,0
2026-07-19 12:09:59,306,537,552,0
2026-07-19 12:10:00,285,541,531,0
2026-07-19 12:10:01,291,537,589,0
2026-07-19 12:10:02,291,545,542,0
2026-07-19 12:10:03,321,540,567,0
2026-07-19 12:10:04,314,540,558,0
2026-07-19 12:10:05,300,551,573,0
2026-07-19 12:10:06,345,549,534,0
2026-07-19 12:10:07,334,537,564,0
2026-07-19 12:10:08,354,541,542,0
2026-07-19 12:10:09,391,551,527,0
2026-07-19 12:10:10,383,525,520,0
2026-07-19 12:10:11,409,549,526,0
2026-07-19 12:10:12,389,545,541,0
2026-07-19 12:10:13,417,534,516,0
2026-07-19 12:10:14,370,548,480,0
2026-07-19 12:10:15,395,543,456,0
2026-07-19 12:10:16,395,563,474,0
2026-07-19 12:10:17,374,540,477,0
2026-07-19 12:10:18,310,524,572,0
2026-07-19 12:10:19,374,542,531,0
2026-07-19 12:10:20,303,550,565,0
2026-07-19 12:10:21,312,534,554,0
2026-07-19 12:10:22,300,522,538,0
2026-07-19 12:10:23,308,556,569,0
2026-07-19 12:10:24,302,547,571,0
2026-07-19 12:10:25,347,536,559,0
2026-07-19 12:10:26,356,571,530,0
2026-07-19 12:10:27,369,561,538,0
2026-07-19 12:10:28,365,538,504,0
2026-07-19 12:10:29,407,526,507,0
2026-07-19 12:10:30,377,536,458,0
2026-07-19 12:10:31,360,540,458,0
2026-07-19 12:10:32,357,522,446,0
2026-07-19 12:10:33,362,560,454,0
2026-07-19 12:10:34,375,539,490,0
2026-07-19 12:10:35,359,537,503,0
2026-07-19 12:10:36,351,539,568,0
2026-07-19 12:10:37,334,535,560,0
2026-07-19 12:10:38,309,540,542,0
2026-07-19 12:10:39,297,539,552,0
2026-07-19 12:10:40,282,546,534,0
2026-07-19 12:10:41,304,552,539,0
2026-07-19 12:10:42,333,550,563,0
2026-07-19 12:10:43,371,556,557,0
2026-07-19 12:10:44,396,539,536,0
2026-07-19 12:10:45,401,562,537,0
2026-07-19 12:10:46,401,541,537,0
2026-07-19 12:10:47,411,547,494,0
2026-07-19 12:10:48,357,556,454,0
2026-07-19 12:10:49,361,526,433,0
2026-07-19 12:10:50,380,528,501,0
2026-07-19 12:10:51,389,551,513,0
2026-07-19 12:10:52,361,555,544,0
2026-07-19 12:10:53,328,534,609,0
2026-07-19 12:10:54,318,548,582,0
2026-07-19 12:10:55,322,554,594,0
2026-07-19 12:10:56,318,562,561,0
2026-07-19 12:10:57,262,591,560,0
2026-07-19 12:10:58,285,565,569,0
2026-07-19 12:10:59,356,565,553,0
2026-07-19 12:11:00,341,543,514,0
2026-07-19 12:11:01,393,544,518,0
2026-07-19 12:11:02,359,572,522,0
2026-07-19 12:11:03,362,548,463,0
2026-07-19 12:11:04,370,542,479,0
2026-07-19 12:11:05,351,531,448,0
2026-07-19 12:11:06,369,514,475,0
2026-07-19 12:11:07,346,548,479,0
2026-07-19 12:11:08,360,546,517,0
2026-07-19 12:11:09,326,537,570,0
2026-07-19 12:11:10,293,530,575,0
2026-07-19 12:11:11,294,539,578,0
2026-07-19 12:11:12,312,528,562,0
2026-07-19 12:11:13,341,528,555,0
2026-07-19 12:11:14,355,531,534,0
2026-07-19 12:11:15,414,536,546,0
2026-07-19 12:11:16,420,530,521,0
2026-07-19 12:11:17,400,554,513,0
2026-07-19 12:11:18,402,546,489,0
2026-07-19 12:11:19,361,530,515,0
2026-07-19 12:11:20,392,514,446,0
2026-07-19 12:11:21,355,526,461,0
2026-07-19 12:11:22,326,538,574,0
2026-07-19 12:11:23,354,559,550,0
2026-07-19 12:11:24,282,547,542,0
2026-07-19 12:11:25,281,529,550,0
2026-07-19 12:11:26,314,540,543,0
2026-07-19 12:11:27,293,565,528,0
2026-07-19 12:11:28,345,535,542,0
2026-07-19 12:11:29,358,548,528,0
2026-07-19 12:11:30,383,580,505,0
2026-07-19 12:11:31,387,550,504,0
2026-07-19 12:11:32,374,552,510,0
2026-07-19 12:11:33,384,551,463,0
2026-07-19 12:11:34,370,544,441,0
2026-07-19 12:11:35,385,523,450,0
2026-07-19 12:11:36,342,536,474,0
2026-07-19 12:11:37,362,528,558,0
2026-07-19 12:11:38,317,535,564,0
2026-07-19 12:11:39,303,535,549,0
2026-07-19 12:11:40,295,535,535,0
2026-07-19 12:11:41,326,550,562,0
2026-07-19 12:11:42,345,540,556,0
2026-07-19 12:11:43,366,552,551,0
2026-07-19 12:11:44,399,553,526,0
2026-07-19 12:11:45,387,548,518,0
2026-07-19 12:11:46,402,531,502,0
2026-07-19 12:11:47,365,542,467,0
2026-07-19 12:11:48,360,552,461,0
2026-07-19 12:11:49,387,550,478,0
2026-07-19 12:11:50,366,548,460,0
2026-07-19 12:11:51,351,537,509,0
2026-07-19 12:11:52,334,564,554,0
2026-07-19 12:11:53,266,540,540,0
2026-07-19 12:11:54,293,555,577,0
2026-07-19 12:11:55,316,540,582,0
2026-07-19 12:11:56,311,539,536,0
2026-07-19 12:11:57,344,537,526,0
2026-07-19 12:11:58,371,588,535,0
2026-07-19 12:11:59,398,574,520,0
2026-07-19 12:12:00,393,539,518,0
2026-07-19 12:12:01,365,556,467,0
2026-07-19 12:12:02,352,556,469,0
2026-07-19 12:12:03,389,542,470,0
2026-07-19 12:12:04,356,540,434,0
2026-07-19 12:12:05,356,532,483,0
2026-07-19 12:12:06,360,545,551,0
2026-07-19 12:12:07,335,535,559,0
2026-07-19 12:12:08,322,530,520,0
2026-07-19 12:12:09,317,534,538,0
2026-07-19 12:12:10,301,538,570,0
2026-07-19 12:12:11,340,537,505,0
2026-07-19 12:12:12,386,531,531,0
2026-07-19 12:12:13,378,549,531,0
2026-07-19 12:12:14,408,541,551,0
2026-07-19 12:12:15,368,530,500,0
2026-07-19 12:12:16,394,546,450,0
2026-07-19 12:12:17,368,547,500,0
2026-07-19 12:12:18,394,529,467,0
2026-07-19 12:12:19,365,533,464,0
2026-07-19 12:12:20,392,528,513,0
2026-07-19 12:12:21,341,526,572,0
2026-07-19 12:12:22,322,530,569,0
2026-07-19 12:12:23,292,563,589,0
2026-07-19 12:12:24,281,552,558,0
2026-07-19 12:12:25,290,569,565,0
2026-07-19 12:12:26,372,555,553,0
2026-07-19 12:12:27,352,574,502,0
2026-07-19 12:12:28,378,541,511,0
2026-07-19 12:12:29,362,573,516,0
2026-07-19 12:12:30,396,549,461,0
2026-07-19 12:12:31,355,545,485,0
2026-07-19 12:12:32,389,555,445,0
2026-07-19 12:12:33,347,564,450,0
2026-07-19 12:12:34,375,541,468,0
2026-07-19 12:12:35,343,531,532,0
2026-07-19 12:12:36,339,530,595,0
2026-07-19 12:12:37,295,530,577,0
2026-07-19 12:12:38,306,528,526,0
2026-07-19 12:12:39,321,542,571,0
2026-07-19 12:12:40,319,534,542,0
2026-07-19 12:12:41,366,548,528,0
2026-07-19 12:12:42,391,548,525,0
2026-07-19 12:12:43,417,553,525,0
2026-07-19 12:12:44,357,542,504,0
2026-07-19 12:12:45,376,554,463,0
2026-07-19 12:12:46,365,548,452,0
2026-07-19 12:12:47,400,527,511,0
2026-07-19 12:12:48,391,542,483,0
2026-07-19 12:12:49,379,547,502,0
2026-07-19 12:12:50,369,563,531,0
2026-07-19 12:12:51,293,537,541,0
2026-07-19 12:12:52,311,556,539,0
2026-07-19 12:12:53,273,574,562,0
2026-07-19 12:12:54,318,560,527,0
2026-07-19 12:12:55,316,579,558,0
2026-07-19 12:12:56,385,595,531,0
2026-07-19 12:12:57,341,573,499,0
2026-07-19 12:12:58,392,578,510,0
2026-07-19 12:12:59,351,540,476,0
2026-07-19 12:13:00,369,540,450,0
2026-07-19 12:13:01,376,531,429,0
2026-07-19 12:13:02,363,538,457,0
2026-07-19 12:13:03,359,540,489,0
2026-07-19 12:13:04,370,532,547,0
2026-07-19 12:13:05,316,547,538,0
2026-07-19 12:13:06,309,531,563,0
2026-07-19 12:13:07,302,535,540,0
2026-07-19 12:13:08,309,525,558,0
2026-07-19 12:13:09,317,521,504,0
2026-07-19 12:13:10,342,533,549,0
2026-07-19 12:13:11,375,539,531,0
2026-07-19 12:13:12,387,532,550,0
2026-07-19 12:13:13,389,537,519,0
2026-07-19 12:13:14,394,539,453,0
2026-07-19 12:13:15,399,528,474,0
2026-07-19 12:13:16,393,553,499,0
2026-07-19 12:13:17,374,542,473,0
2026-07-19 12:13:18,383,548,504,0
2026-07-19 12:13:19,386,564,541,0
2026-07-19 12:13:20,320,545,547,0
2026-07-19 12:13:21,287,552,535,0
2026-07-19 12:13:22,315,571,565,0
2026-07-19 12:13:23,290,580,507,0
2026-07-19 12:13:24,352,535,552,0
2026-07-19 12:13:25,383,573,517,0
2026-07-19 12:13:26,359,553,530,0
2026-07-19 12:13:27,361,537,536,0
2026-07-19 12:13:28,374,568,476,0
2026-07-19 12:13:29,363,567,446,0
2026-07-19 12:13:30,361,526,458,0
2026-07-19 12:13:31,367,538,462,0
2026-07-19 12:13:32,381,536,495,0
2026-07-19 12:13:33,359,545,498,0
2026-07-19 12:13:34,354,537,535,0
2026-07-19 12:13:35,318,529,564,0
2026-07-19 12:13:36,291,533,580,0
2026-07-19 12:13:37,292,528,539,0
2026-07-19 12:13:38,314,537,554,0
2026-07-19 12:13:39,366,527,520,0
2026-07-19 12:13:40,388,547,547,0
2026-07-19 12:13:41,391,542,532,0
2026-07-19 12:13:42,395,535,517,0
2026-07-19 12:13:43,379,552,494,0
2026-07-19 12:13:44,425,568,529,0
2026-07-19 12:13:45,353,561,434,0
2026-07-19 12:13:46,375,556,466,0
2026-07-19 12:13:47,364,545,493,0
2026-07-19 12:13:48,373,531,481,0
2026-07-19 12:13:49,340,542,571,0
2026-07-19 12:13:50,315,537,553,0
2026-07-19 12:13:51,291,538,521,0
2026-07-19 12:13:52,307,524,543,0
2026-07-19 12:13:53,308,538,561,0
2026-07-19 12:13:54,325,554,511,0
2026-07-19 12:13:55,337,569,548,0
2026-07-19 12:13:56,408,582,519,0
2026-07-19 12:13:57,402,550,517,0
2026-07-19 12:13:58,347,560,488,0
2026-07-19 12:13:59,374,545,443,0
2026-07-19 12:14:00,384,544,475,0
2026-07-19 12:14:01,376,569,468,0
2026-07-19 12:14:02,383,553,450,0
2026-07-19 12:14:03,370,538,505,0
2026-07-19 12:14:04,337,538,559,0
2026-07-19 12:14:05,318,534,536,0
2026-07-19 12:14:06,313,537,564,0
2026-07-19 12:14:07,301,530,529,0
2026-07-19 12:14:08,303,544,530,0
2026-07-19 12:14:09,319,547,539,0
2026-07-19 12:14:10,366,558,522,0
2026-07-19 12:14:11,401,542,544,0
2026-07-19 12:14:12,386,526,457,0
2026-07-19 12:14:13,380,540,479,0
2026-07-19 12:14:14,342,562,444,0
2026-07-19 12:14:15,382,552,477,0
2026-07-19 12:14:16,376,531,491,0
2026-07-19 12:14:17,357,534,531,0
2026-07-19 12:14:18,353,553,564,0
2026-07-19 12:14:19,308,537,568,0
2026-07-19 12:14:20,276,547,585,0
2026-07-19 12:14:21,308,529,563,0
2026-07-19 12:14:22,282,541,529,0
2026-07-19 12:14:23,316,539,546,0
2026-07-19 12:14:24,345,548,535,0
2026-07-19 12:14:25,363,536,510,0
2026-07-19 12:14:26,367,574,528,0
2026-07-19 12:14:27,384,548,488,0
2026-07-19 12:14:28,387,526,487,0
2026-07-19 12:14:29,361,537,432,0
2026-07-19 12:14:30,366,545,458,0
2026-07-19 12:14:31,348,526,461,0
2026-07-19 12:14:32,372,553,455,0
2026-07-19 12:14:33,365,542,490,0
2026-07-19 12:14:34,305,532,553,0
2026-07-19 12:14:35,284,536,531,0
2026-07-19 12:14:36,301,534,525,0
2026-07-19 12:14:37,329,544,543,0
2026-07-19 12:14:38,299,537,556,0
2026-07-19 12:14:39,323,542,548,0
2026-07-19 12:14:40,368,541,530,0
2026-07-19 12:14:41,398,544,550,0
2026-07-19 12:14:42,366,525,501,0
2026-07-19 12:14:43,409,534,525,0
2026-07-19 12:14:44,418,537,430,0
2026-07-19 12:14:45,378,556,512,0
2026-07-19 12:14:46,374,543,486,0
2026-07-19 12:14:47,373,546,490,0
2026-07-19 12:14:48,368,537,496,0
2026-07-19 12:14:49,342,534,545,0
2026-07-19 12:14:50,310,545,561,0
2026-07-19 12:14:51,278,525,564,0
2026-07-19 12:14:52,297,563,547,0
2026-07-19 12:14:53,319,586,564,0
2026-07-19 12:14:54,316,542,556,0
2026-07-19 12:14:55,380,557,509,0
2026-07-19 12:14:56,365,551,517,0
2026-07-19 12:14:57,354,536,489,0
2026-07-19 12:14:58,399,525,495,0
2026-07-19 12:14:59,363,535,444,0
2026-07-19 12:15:00,362,570,460,0
2026-07-19 12:15:01,361,562,430,0
2026-07-19 12:15:02,368,550,434,0
2026-07-19 12:15:03,370,536,494,0
2026-07-19 12:15:04,381,544,519,0
2026-07-19 12:15:05,337,530,528,0
2026-07-19 12:15:06,301,530,529,0
2026-07-19 12:15:07,303,539,522,0
2026-07-19 12:15:08,309,527,520,0
2026-07-19 12:15:09,316,531,560,0
2026-07-19 12:15:10,330,541,548,0
2026-07-19 12:15:11,380,546,533,0
2026-07-19 12:15:12,412,539,529,0
2026-07-19 12:15:13,383,554,559,0
2026-07-19 12:15:14,381,556,513,0
2026-07-19 12:15:15,387,548,510,0
2026-07-19 12:15:16,363,549,476,0
2026-07-19 12:15:17,372,535,473,0
2026-07-19 12:15:18,407,547,520,0
2026-07-19 12:15:19,358,552,458,0
2026-07-19 12:15:20,359,541,428,0
2026-07-19 12:15:21,362,534,477,0
2026-07-19 12:15:22,372,532,506,0
2026-07-19 12:15:23,382,555,545,0
2026-07-19 12:15:24,351,535,526,0
2026-07-19 12:15:25,321,549,527,0
2026-07-19 12:15:26,304,536,549,0
2026-07-19 12:15:27,294,549,539,0
2026-07-19 12:15:28,302,551,538,0
2026-07-19 12:15:29,323,562,549,0
2026-07-19 12:15:30,284,560,548,0
2026-07-19 12:15:31,281,533,528,0
2026-07-19 12:15:32,294,559,515,0
2026-07-19 12:15:33,302,535,517,0
2026-07-19 12:15:34,326,562,561,0
2026-07-19 12:15:35,354,564,537,0
2026-07-19 12:15:36,347,549,547,0
2026-07-19 12:15:37,393,527,524,0
2026-07-19 12:15:38,379,532,495,0
2026-07-19 12:15:39,403,558,538,0
2026-07-19 12:15:40,373,551,526,0
2026-07-19 12:15:41,389,555,458,0
2026-07-19 12:15:42,383,552,442,0
2026-07-19 12:15:43,371,562,468,0
2026-07-19 12:15:44,352,546,450,0
2026-07-19 12:15:45,353,546,494,0
2026-07-19 12:15:46,365,529,537,0
2026-07-19 12:15:47,323,538,539,0
2026-07-19 12:15:48,307,535,501,0
2026-07-19 12:15:49,322,534,523,0
2026-07-19 12:15:50,295,542,503,0
2026-07-19 12:15:51,322,536,546,0
2026-07-19 12:15:52,399,551,537,0
2026-07-19 12:15:53,406,545,521,0
2026-07-19 12:15:54,387,537,531,0
2026-07-19 12:15:55,365,558,495,0
2026-07-19 12:15:56,361,540,433,0
2026-07-19 12:15:57,366,551,429,0
2026-07-19 12:15:58,368,548,434,0
2026-07-19 12:15:59,384,533,483,0
2026-07-19 12:16:00,355,537,532,0
2026-07-19 12:16:01,363,532,505,0
2026-07-19 12:16:02,311,527,572,0
2026-07-19 12:16:03,294,562,566,0
2026-07-19 12:16:04,272,576,523,0
2026-07-19 12:16:05,336,517,542,0
2026-07-19 12:16:06,334,551,511,0
2026-07-19 12:16:07,402,551,506,0
2026-07-19 12:16:08,355,546,521,0
2026-07-19 12:16:09,374,542,526,0
2026-07-19 12:16:10,396,554,478,0
2026-07-19 12:16:11,398,555,449,0
2026-07-19 12:16:12,382,541,475,0
2026-07-19 12:16:13,360,527,461,0
2026-07-19 12:16:14,368,531,505,0
2026-07-19 12:16:15,348,522,536,0
2026-07-19 12:16:16,302,540,532,0
2026-07-19 12:16:17,301,537,557,0
2026-07-19 12:16:18,300,530,560,0
2026-07-19 12:16:19,310,546,532,0
2026-07-19 12:16:20,337,547,530,0
2026-07-19 12:16:21,375,535,520,0
2026-07-19 12:16:22,379,533,508,0
2026-07-19 12:16:23,421,524,522,0
2026-07-19 12:16:24,408,553,498,0
2026-07-19 12:16:25,372,547,509,0
2026-07-19 12:16:26,393,545,448,0
2026-07-19 12:16:27,377,521,465,0
2026-07-19 12:16:28,389,535,463,0
2026-07-19 12:16:29,378,538,523,0
2026-07-19 12:16:30,344,556,559,0
2026-07-19 12:16:31,311,540,541,0
2026-07-19 12:16:32,308,547,493,0
2026-07-19 12:16:33,317,516,546,0
2026-07-19 12:16:34,291,553,520,0
2026-07-19 12:16:35,318,551,543,0
2026-07-19 12:16:36,353,584,544,0
2026-07-19 12:16:37,399,588,540,0
2026-07-19 12:16:38,349,582,545,0
2026-07-19 12:16:39,383,562,501,0
2026-07-19 12:16:40,355,557,430,0
2026-07-19 12:16:41,383,566,443,0
2026-07-19 12:16:42,359,539,441,0
2026-07-19 12:16:43,375,546,482,0
2026-07-19 12:16:44,394,538,498,0
2026-07-19 12:16:45,327,532,560,0
2026-07-19 12:16:46,323,524,548,0
2026-07-19 12:16:47,316,533,548,0
2026-07-19 12:16:48,314,537,553,0
2026-07-19 12:16:49,285,541,547,0
2026-07-19 12:16:50,330,533,553,0
2026-07-19 12:16:51,372,529,531,0
2026-07-19 12:16:52,384,534,521,0
2026-07-19 12:16:53,395,554,529,0
2026-07-19 12:16:54,369,543,495,0
2026-07-19 12:16:55,396,535,443,0
2026-07-19 12:16:56,347,525,436,0
2026-07-19 12:16:57,350,539,486,0
2026-07-19 12:16:58,392,525,440,0
2026-07-19 12:16:59,387,528,484,0
2026-07-19 12:17:00,386,539,504,0
2026-07-19 12:17:01,316,536,553,0
2026-07-19 12:17:02,304,527,579,0
2026-07-19 12:17:03,306,556,550,0
2026-07-19 12:17:04,304,526,554,0
2026-07-19 12:17:05,363,538,555,0
2026-07-19 12:17:06,387,549,525,0
2026-07-19 12:17:07,392,566,524,0
2026-07-19 12:17:08,371,547,509,0
2026-07-19 12:17:09,363,543,474,0
2026-07-19 12:17:10,363,548,424,0
2026-07-19 12:17:11,363,562,452,0
2026-07-19 12:17:12,373,541,497,0
2026-07-19 12:17:13,362,535,455,0
2026-07-19 12:17:14,354,541,530,0
2026-07-19 12:17:15,334,534,563,0
2026-07-19 12:17:16,312,539,538,0
2026-07-19 12:17:17,300,533,526,0
2026-07-19 12:17:18,285,538,520,0
2026-07-19 12:17:19,321,544,509,0
2026-07-19 12:17:20,349,530,511,0
2026-07-19 12:17:21,388,540,533,0
2026-07-19 12:17:22,368,526,516,0
2026-07-19 12:17:23,390,537,492,0
2026-07-19 12:17:24,370,521,453,0
2026-07-19 12:17:25,377,537,485,0
2026-07-19 12:17:26,355,542,472,0
2026-07-19 12:17:27,368,542,434,0
2026-07-19 12:17:28,372,537,509,0
2026-07-19 12:17:29,370,559,557,0
2026-07-19 12:17:30,304,545,543,0
2026-07-19 12:17:31,281,547,565,0
2026-07-19 12:17:32,290,550,542,0
2026-07-19 12:17:33,287,549,524,0
2026-07-19 12:17:34,306,544,496,0
2026-07-19 12:17:35,359,528,530,0
2026-07-19 12:17:36,360,550,542,0
2026-07-19 12:17:37,381,542,547,0
2026-07-19 12:17:38,396,539,480,0
2026-07-19 12:17:39,366,547,437,0
2026-07-19 12:17:40,352,562,471,0
2026-07-19 12:17:41,373,559,443,0
2026-07-19 12:17:42,337,524,462,0
2026-07-19 12:17:43,350,544,496,0
2026-07-19 12:17:44,329,527,534,0
2026-07-19 12:17:45,303,532,540,0
2026-07-19 12:17:46,299,526,561,0
2026-07-19 12:17:47,292,534,549,0
2026-07-19 12:17:48,294,542,504,0
2026-07-19 12:17:49,298,535,534,0
2026-07-19 12:17:50,316,528,522,0
2026-07-19 12:17:51,377,544,524,0
2026-07-19 12:17:52,405,533,508,0
2026-07-19 12:17:53,393,541,514,0
2026-07-19 12:17:54,386,543,448,0
2026-07-19 12:17:55,390,549,455,0
2026-07-19 12:17:56,395,519,442,0
2026-07-19 12:17:57,388,544,469,0
2026-07-19 12:17:58,364,539,504,0
2026-07-19 12:17:59,356,538,524,0
2026-07-19 12:18:00,327,552,537,0
2026-07-19 12:18:01,310,554,555,0
2026-07-19 12:18:02,305,507,526,0
2026-07-19 12:18:03,317,573,550,0
2026-07-19 12:18:04,332,533,499,0
2026-07-19 12:18:05,321,579,498,0
2026-07-19 12:18:06,405,577,514,0
2026-07-19 12:18:07,363,546,536,0
2026-07-19 12:18:08,373,577,473,0
2026-07-19 12:18:09,361,544,450,0
2026-07-19 12:18:10,388,553,479,0
2026-07-19 12:18:11,385,550,444,0
2026-07-19 12:18:12,366,558,443,0
2026-07-19 12:18:13,380,533,479,0
2026-07-19 12:18:14,375,537,513,0
2026-07-19 12:18:15,335,525,530,0
2026-07-19 12:18:16,299,522,578,0
2026-07-19 12:18:17,283,527,527,0
2026-07-19 12:18:18,318,517,522,0
2026-07-19 12:18:19,379,547,540,0
2026-07-19 12:18:20,366,542,543,0
2026-07-19 12:18:21,411,552,500,0
2026-07-19 12:18:22,375,562,504,0
2026-07-19 12:18:23,391,550,431,0
2026-07-19 12:18:24,407,524,434,0
2026-07-19 12:18:25,373,534,448,0
2026-07-19 12:18:26,370,538,467,0
2026-07-19 12:18:27,394,527,484,0
2026-07-19 12:18:28,351,540,517,0
2026-07-19 12:18:29,370,556,551,0
2026-07-19 12:18:30,336,549,562,0
2026-07-19 12:18:31,307,531,568,0
2026-07-19 12:18:32,286,549,550,0
2026-07-19 12:18:33,302,538,543,0
2026-07-19 12:18:34,292,564,568,0
2026-07-19 12:18:35,293,539,555,0
2026-07-19 12:18:36,300,519,515,0
2026-07-19 12:18:37,301,539,530,0
2026-07-19 12:18:38,289,572,491,0
2026-07-19 12:18:39,356,570,489,0
2026-07-19 12:18:40,353,561,517,0
2026-07-19 12:18:41,391,570,520,0
2026-07-19 12:18:42,377,559,523,0
2026-07-19 12:18:43,377,552,499,0
2026-07-19 12:18:44,325,536,491,0
2026-07-19 12:18:45,371,550,498,0
2026-07-19 12:18:46,400,553,471,0
2026-07-19 12:18:47,395,550,471,0
2026-07-19 12:18:48,378,571,433,0
2026-07-19 12:18:49,343,543,435,0
2026-07-19 12:18:50,345,546,451,0
2026-07-19 12:18:51,371,566,440,0
2026-07-19 12:18:52,363,554,439,0
2026-07-19 12:18:53,354,528,460,0
2026-07-19 12:18:54,367,530,523,0
2026-07-19 12:18:55,350,533,541,0
2026-07-19 12:18:56,312,527,509,0
2026-07-19 12:18:57,296,534,539,0
2026-07-19 12:18:58,283,540,541,0
2026-07-19 12:18:59,316,554,514,0
2026-07-19 12:19:00,352,533,536,0
2026-07-19 12:19:01,375,542,515,0
2026-07-19 12:19:02,379,543,512,0
2026-07-19 12:19:03,392,550,519,0
2026-07-19 12:19:04,378,531,455,0
2026-07-19 12:19:05,362,548,487,0
2026-07-19 12:19:06,386,527,486,0
2026-07-19 12:19:07,389,534,480,0
2026-07-19 12:19:08,372,538,479,0
2026-07-19 12:19:09,358,546,523,0
2026-07-19 12:19:10,333,560,559,0
2026-07-19 12:19:11,295,552,559,0
2026-07-19 12:19:12,305,550,535,0
2026-07-19 12:19:13,279,530,556,0
2026-07-19 12:19:14,274,580,527,0
2026-07-19 12:19:15,300,543,538,0
2026-07-19 12:19:16,344,537,515,0
2026-07-19 12:19:17,360,545,539,0
2026-07-19 12:19:18,356,544,524,0
2026-07-19 12:19:19,361,550,518,0
2026-07-19 12:19:20,346,539,445,0
2026-07-19 12:19:21,393,564,441,0
2026-07-19 12:19:22,373,535,444,0
2026-07-19 12:19:23,356,553,426,0
2026-07-19 12:19:24,369,543,471,0
2026-07-19 12:19:25,357,533,514,0
2026-07-19 12:19:26,297,535,552,0
2026-07-19 12:19:27,327,539,542,0
2026-07-19 12:19:28,301,538,539,0
2026-07-19 12:19:29,284,529,563,0
2026-07-19 12:19:30,282,537,520,0
2026-07-19 12:19:31,286,536,505,0
2026-07-19 12:19:32,311,536,552,0
2026-07-19 12:19:33,317,543,536,0
2026-07-19 12:19:34,356,541,495,0
2026-07-19 12:19:35,372,551,521,0
2026-07-19 12:19:36,375,550,530,0
2026-07-19 12:19:37,367,536,534,0
2026-07-19 12:19:38,386,535,522,0
2026-07-19 12:19:39,384,537,529,0
2026-07-19 12:19:40,412,525,526,0
2026-07-19 12:19:41,420,532,521,0
2026-07-19 12:19:42,388,546,516,0
2026-07-19 12:19:43,393,522,488,0
2026-07-19 12:19:44,391,548,484,0
2026-07-19 12:19:45,346,529,489,0
2026-07-19 12:19:46,351,528,473,0
2026-07-19 12:19:47,394,559,496,0
2026-07-19 12:19:48,368,531,483,0
2026-07-19 12:19:49,374,560,460,0
2026-07-19 12:19:50,361,530,496,0
2026-07-19 12:19:51,372,522,496,0
2026-07-19 12:19:52,368,551,487,0
2026-07-19 12:19:53,390,548,535,0
2026-07-19 12:19:54,368,548,508,0
2026-07-19 12:19:55,390,531,538,0
2026-07-19 12:19:56,417,536,522,0
2026-07-19 12:19:57,412,539,517,0
2026-07-19 12:19:58,383,553,533,0
2026-07-19 12:19:59,374,523,526,0
2026-07-19 12:20:00,375,557,540,0
2026-07-19 12:20:01,328,550,543,0
2026-07-19 12:20:02,330,543,562,0
2026-07-19 12:20:03,314,544,535,0
2026-07-19 12:20:04,308,522,539,0
2026-07-19 12:20:05,316,536,525,0
2026-07-19 12:20:06,325,534,511,0
2026-07-19 12:20:07,293,526,534,0
2026-07-19 12:20:08,277,529,543,0
2026-07-19 12:20:09,322,530,542,0
2026-07-19 12:20:10,367,534,541,0
2026-07-19 12:20:11,357,537,533,0
2026-07-19 12:20:12,362,541,514,0
2026-07-19 12:20:13,367,533,477,0
2026-07-19 12:20:14,357,546,465,0
2026-07-19 12:20:15,360,521,449,0
2026-07-19 12:20:16,369,522,442,0
2026-07-19 12:20:17,356,556,436,0
2026-07-19 12:20:18,387,552,462,0
2026-07-19 12:20:19,363,550,440,0
2026-07-19 12:20:20,350,550,429,0
2026-07-19 12:20:21,352,552,433,0
2026-07-19 12:20:22,395,558,484,0
2026-07-19 12:20:23,370,546,505,0
2026-07-19 12:20:24,352,573,507,0
2026-07-19 12:20:25,368,575,537,0
2026-07-19 12:20:26,382,582,495,0
2026-07-19 12:20:27,329,568,556,0
2026-07-19 12:20:28,326,557,513,0
2026-07-19 12:20:29,312,541,535,0
2026-07-19 12:20:30,283,523,539,0
2026-07-19 12:20:31,280,544,548,0
2026-07-19 12:20:32,336,538,546,0
2026-07-19 12:20:33,350,541,525,0
2026-07-19 12:20:34,358,529,488,0
2026-07-19 12:20:35,361,546,483,0
2026-07-19 12:20:36,384,526,466,0
2026-07-19 12:20:37,377,548,473,0
2026-07-19 12:20:38,398,544,465,0
2026-07-19 12:20:39,400,549,470,0
2026-07-19 12:20:40,411,553,507,0
2026-07-19 12:20:41,403,525,522,0
2026-07-19 12:20:42,399,545,545,0
2026-07-19 12:20:43,378,544,497,0
2026-07-19 12:20:44,337,536,509,0
2026-07-19 12:20:45,305,542,517,0
2026-07-19 12:20:46,287,533,514,0
2026-07-19 12:20:47,311,521,552,0
2026-07-19 12:20:48,294,539,543,0
2026-07-19 12:20:49,291,530,537,0
2026-07-19 12:20:50,317,536,547,0
2026-07-19 12:20:51,317,528,542,0
2026-07-19 12:20:52,330,541,518,0
2026-07-19 12:20:53,345,528,531,0
2026-07-19 12:20:54,360,532,493,0
2026-07-19 12:20:55,383,532,475,0
2026-07-19 12:20:56,376,529,461,0
2026-07-19 12:20:57,375,549,446,0
2026-07-19 12:20:58,367,522,431,0
2026-07-19 12:20:59,365,506,450,0
2026-07-19 12:21:00,359,521,434,0
2026-07-19 12:21:01,373,566,433,0
2026-07-19 12:21:02,376,534,438,0
2026-07-19 12:21:03,370,549,439,0
2026-07-19 12:21:04,379,543,474,0
2026-07-19 12:21:05,383,548,452,0
2026-07-19 12:21:06,361,528,450,0
2026-07-19 12:21:07,353,539,457,0
2026-07-19 12:21:08,379,557,436,0
2026-07-19 12:21:09,361,542,444,0
2026-07-19 12:21:10,359,514,430,0
2026-07-19 12:21:11,362,559,441,0
2026-07-19 12:21:12,349,549,478,0
2026-07-19 12:21:13,369,538,507,0
2026-07-19 12:21:14,347,534,536,0
2026-07-19 12:21:15,307,537,552,0
2026-07-19 12:21:16,292,531,529,0
2026-07-19 12:21:17,290,526,499,0
2026-07-19 12:21:18,278,540,494,0
2026-07-19 12:21:19,341,543,493,0
2026-07-19 12:21:20,360,530,521,0
2026-07-19 12:21:21,407,546,545,0
2026-07-19 12:21:22,367,548,538,0
2026-07-19 12:21:23,355,532,482,0
2026-07-19 12:21:24,378,541,458,0
2026-07-19 12:21:25,398,539,440,0
2026-07-19 12:21:26,361,557,477,0
2026-07-19 12:21:27,383,534,475,0
2026-07-19 12:21:28,390,530,510,0
2026-07-19 12:21:29,368,548,518,0
2026-07-19 12:21:30,308,542,537,0
2026-07-19 12:21:31,293,548,518,0
2026-07-19 12:21:32,278,540,530,0
2026-07-19 12:21:33,309,525,528,0
2026-07-19 12:21:34,313,552,569,0
2026-07-19 12:21:35,326,547,518,0
2026-07-19 12:21:36,358,539,516,0
2026-07-19 12:21:37,360,548,507,0
2026-07-19 12:21:38,368,561,533,0
2026-07-19 12:21:39,357,536,497,0
2026-07-19 12:21:40,384,536,467,0
2026-07-19 12:21:41,361,561,456,0
2026-07-19 12:21:42,374,541,459,0
2026-07-19 12:21:43,370,525,444,0
2026-07-19 12:21:44,377,516,478,0
2026-07-19 12:21:45,373,535,466,0
2026-07-19 12:21:46,370,532,529,0
2026-07-19 12:21:47,351,540,533,0
2026-07-19 12:21:48,322,536,548,0
2026-07-19 12:21:49,289,532,541,0
2026-07-19 12:21:50,307,528,515,0
2026-07-19 12:21:51,291,540,551,0
2026-07-19 12:21:52,277,526,520,0
2026-07-19 12:21:53,307,536,552,0
2026-07-19 12:21:54,329,523,538,0
2026-07-19 12:21:55,362,533,492,0
2026-07-19 12:21:56,392,533,516,0
2026-07-19 12:21:57,383,535,540,0
2026-07-19 12:21:58,403,537,532,0
2026-07-19 12:21:59,395,557,518,0
2026-07-19 12:22:00,404,552,521,0
2026-07-19 12:22:01,394,531,544,0
2026-07-19 12:22:02,387,546,542,0
2026-07-19 12:22:03,378,520,513,0
2026-07-19 12:22:04,385,542,525,0
2026-07-19 12:22:05,373,535,528,0
2026-07-19 12:22:06,395,549,531,0
2026-07-19 12:22:07,385,523,533,0
2026-07-19 12:22:08,375,526,515,0
2026-07-19 12:22:09,406,541,507,0
2026-07-19 12:22:10,379,542,519,0
2026-07-19 12:22:11,375,536,536,0
2026-07-19 12:22:12,358,531,560,0
2026-07-19 12:22:13,310,524,529,0
2026-07-19 12:22:14,302,531,571,0
2026-07-19 12:22:15,306,525,553,0
2026-07-19 12:22:16,308,535,524,0
2026-07-19 12:22:17,323,527,550,0
2026-07-19 12:22:18,339,533,549,0
2026-07-19 12:22:19,360,541,515,0
2026-07-19 12:22:20,379,536,453,0
2026-07-19 12:22:21,342,532,433,0
2026-07-19 12:22:22,388,550,421,0
2026-07-19 12:22:23,340,550,445,0
2026-07-19 12:22:24,365,540,476,0
2026-07-19 12:22:25,403,549,502,0
2026-07-19 12:22:26,348,574,507,0
2026-07-19 12:22:27,369,550,511,0
2026-07-19 12:22:28,346,556,533,0
2026-07-19 12:22:29,313,564,543,0
2026-07-19 12:22:30,310,526,548,0
2026-07-19 12:22:31,270,514,543,0
2026-07-19 12:22:32,291,554,573,0
2026-07-19 12:22:33,317,546,556,0
2026-07-19 12:22:34,356,538,555,0
2026-07-19 12:22:35,359,548,505,0
2026-07-19 12:22:36,365,531,493,0
2026-07-19 12:22:37,372,551,436,0
2026-07-19 12:22:38,386,537,452,0
2026-07-19 12:22:39,402,546,471,0
2026-07-19 12:22:40,377,534,455,0
2026-07-19 12:22:41,363,545,460,0
2026-07-19 12:22:42,391,548,463,0
2026-07-19 12:22:43,411,539,519,0
2026-07-19 12:22:44,384,559,511,0
2026-07-19 12:22:45,397,545,518,0
2026-07-19 12:22:46,377,522,536,0
2026-07-19 12:22:47,347,544,514,0
2026-07-19 12:22:48,328,518,513,0
2026-07-19 12:22:49,296,528,540,0
2026-07-19 12:22:50,316,532,531,0
2026-07-19 12:22:51,303,540,502,0
2026-07-19 12:22:52,293,553,501,0
2026-07-19 12:22:53,317,534,537,0
2026-07-19 12:22:54,314,532,531,0
2026-07-19 12:22:55,283,529,523,0
2026-07-19 12:22:56,288,536,530,0
2026-07-19 12:22:57,306,526,540,0
2026-07-19 12:22:58,289,529,537,0
2026-07-19 12:22:59,308,526,549,0
2026-07-19 12:23:00,285,527,515,0
2026-07-19 12:23:01,303,531,537,0
2026-07-19 12:23:02,320,538,517,0
2026-07-19 12:23:03,278,536,523,0
2026-07-19 12:23:04,287,536,497,0
2026-07-19 12:23:05,315,530,550,0
2026-07-19 12:23:06,296,535,519,0
2026-07-19 12:23:07,303,539,540,0
2026-07-19 12:23:09,307,529,497,0
2026-07-19 12:23:09,292,527,556,0
2026-07-19 12:23:10,294,541,537,0
2026-07-19 12:23:11,310,532,515,0
2026-07-19 12:23:12,334,535,543,0
2026-07-19 12:23:13,314,534,528,0
2026-07-19 12:23:14,325,531,528,0
2026-07-19 12:23:15,363,526,523,0
2026-07-19 12:23:16,363,529,491,0
2026-07-19 12:23:17,346,535,517,0
2026-07-19 12:23:18,356,558,442,0
2026-07-19 12:23:19,370,518,452,0
2026-07-19 12:23:20,345,534,433,0
2026-07-19 12:23:21,338,554,423,0
2026-07-19 12:23:22,359,541,481,0
2026-07-19 12:23:23,379,547,503,0
2026-07-19 12:23:24,372,528,485,0
2026-07-19 12:23:25,355,558,501,0
2026-07-19 12:23:26,349,535,512,0
2026-07-19 12:23:27,323,532,528,0
2026-07-19 12:23:28,308,552,540,0
2026-07-19 12:23:29,312,542,532,0
2026-07-19 12:23:30,306,547,536,0
2026-07-19 12:23:31,297,535,539,0
2026-07-19 12:23:32,355,529,525,0
2026-07-19 12:23:33,352,547,525,0
2026-07-19 12:23:34,377,539,468,0
2026-07-19 12:23:35,370,523,466,0
2026-07-19 12:23:36,384,522,472,0
2026-07-19 12:23:37,404,539,469,0
2026-07-19 12:23:38,403,526,471,0
2026-07-19 12:23:39,381,534,500,0
2026-07-19 12:23:40,394,537,499,0
2026-07-19 12:23:41,372,538,493,0
2026-07-19 12:23:42,354,528,521,0
2026-07-19 12:23:43,333,536,503,0
2026-07-19 12:23:44,298,528,547,0
2026-07-19 12:23:45,314,523,545,0
2026-07-19 12:23:46,301,537,549,0
2026-07-19 12:23:47,310,537,523,0
2026-07-19 12:23:48,363,525,512,0
2026-07-19 12:23:49,346,534,516,0
2026-07-19 12:23:50,368,532,466,0
2026-07-19 12:23:51,355,535,454,0
2026-07-19 12:23:52,390,559,431,0
2026-07-19 12:23:53,369,562,428,0
2026-07-19 12:23:54,366,565,442,0
2026-07-19 12:23:55,354,551,487,0
2026-07-19 12:23:56,382,551,503,0
2026-07-19 12:23:57,413,543,521,0
2026-07-19 12:23:58,389,534,493,0
2026-07-19 12:23:59,338,537,534,0
2026-07-19 12:24:00,315,549,553,0
2026-07-19 12:24:01,261,531,532,0
2026-07-19 12:24:02,284,510,534,0
2026-07-19 12:24:03,301,544,560,0
2026-07-19 12:24:04,312,533,563,0
2026-07-19 12:24:05,356,539,555,0
2026-07-19 12:24:06,369,544,515,0
2026-07-19 12:24:07,391,544,445,0
2026-07-19 12:24:08,355,550,475,0
2026-07-19 12:24:09,401,541,442,0
2026-07-19 12:24:10,422,550,466,0
2026-07-19 12:24:11,369,526,493,0
2026-07-19 12:24:12,387,528,513,0
2026-07-19 12:24:13,403,523,489,0
2026-07-19 12:24:14,390,535,526,0
2026-07-19 12:24:15,327,538,535,0
2026-07-19 12:24:16,307,524,525,0
2026-07-19 12:24:17,320,536,519,0
2026-07-19 12:24:18,280,530,528,0
2026-07-19 12:24:19,290,533,538,0
2026-07-19 12:24:20,353,516,568,0
2026-07-19 12:24:21,302,522,559,0
2026-07-19 12:24:22,339,539,500,0
2026-07-19 12:24:23,352,544,438,0
2026-07-19 12:24:24,357,542,438,0
2026-07-19 12:24:25,360,531,449,0
2026-07-19 12:24:26,365,541,463,0
2026-07-19 12:24:27,390,543,474,0
2026-07-19 12:24:28,356,552,493,0
2026-07-19 12:24:29,381,546,460,0
2026-07-19 12:24:30,373,541,512,0
2026-07-19 12:24:31,345,540,516,0
2026-07-19 12:24:32,287,534,502,0
2026-07-19 12:24:33,275,528,549,0
2026-07-19 12:24:34,287,555,538,0
2026-07-19 12:24:35,270,538,518,0
2026-07-19 12:24:36,305,535,565,0
2026-07-19 12:24:37,383,559,511,0
2026-07-19 12:24:38,363,551,484,0
2026-07-19 12:24:39,378,530,440,0
2026-07-19 12:24:40,387,563,473,0
2026-07-19 12:24:41,370,535,438,0
2026-07-19 12:24:42,383,531,500,0
2026-07-19 12:24:43,361,533,508,0
2026-07-19 12:24:44,405,545,507,0
2026-07-19 12:24:45,357,541,506,0
2026-07-19 12:24:46,354,529,515,0
2026-07-19 12:24:47,319,525,497,0
2026-07-19 12:24:48,319,537,511,0
2026-07-19 12:24:49,310,526,481,0
2026-07-19 12:24:50,287,528,546,0
2026-07-19 12:24:51,304,527,537,0
2026-07-19 12:24:52,331,538,527,0
2026-07-19 12:24:53,363,528,515,0
2026-07-19 12:24:54,377,535,452,0
2026-07-19 12:24:55,356,555,453,0
2026-07-19 12:24:56,346,555,422,0
2026-07-19 12:24:57,350,537,414,0
2026-07-19 12:24:58,351,534,471,0
2026-07-19 12:24:59,339,567,524,0
2026-07-19 12:25:00,367,537,508,0
2026-07-19 12:25:01,370,547,522,0
2026-07-19 12:25:02,338,562,522,0
2026-07-19 12:25:03,303,579,543,0
2026-07-19 12:25:04,283,572,540,0
2026-07-19 12:25:05,302,513,542,0
2026-07-19 12:25:06,318,538,546,0
2026-07-19 12:25:07,369,553,542,0
2026-07-19 12:25:08,362,528,498,0
2026-07-19 12:25:09,372,535,465,0
2026-07-19 12:25:10,395,534,444,0
2026-07-19 12:25:11,352,541,463,0
2026-07-19 12:25:12,365,555,453,0
2026-07-19 12:25:13,368,532,469,0
2026-07-19 12:25:14,372,544,527,0
2026-07-19 12:25:15,394,540,539,0
2026-07-19 12:25:16,381,545,538,0
2026-07-19 12:25:17,335,524,499,0
2026-07-19 12:25:18,307,531,521,0
2026-07-19 12:25:19,307,535,499,0
2026-07-19 12:25:20,284,528,530,0
2026-07-19 12:25:21,337,540,526,0
2026-07-19 12:25:22,360,528,529,0
2026-07-19 12:25:23,346,537,483,0
2026-07-19 12:25:24,362,520,456,0
2026-07-19 12:25:25,370,534,465,0
2026-07-19 12:25:26,393,538,432,0
2026-07-19 12:25:27,359,524,417,0
2026-07-19 12:25:28,391,548,460,0
2026-07-19 12:25:29,348,551,521,0
2026-07-19 12:25:30,354,543,498,0
2026-07-19 12:25:31,384,531,496,0
2026-07-19 12:25:32,323,553,519,0
2026-07-19 12:25:33,351,538,516,0
2026-07-19 12:25:34,309,534,500,0
2026-07-19 12:25:35,317,561,544,0
2026-07-19 12:25:36,277,525,524,0
2026-07-19 12:25:37,267,527,557,0
2026-07-19 12:25:38,299,539,551,0
2026-07-19 12:25:39,312,524,516,0
2026-07-19 12:25:40,327,534,538,0
2026-07-19 12:25:41,357,542,518,0
2026-07-19 12:25:42,386,545,507,0
2026-07-19 12:25:43,386,534,462,0
2026-07-19 12:25:44,367,527,462,0
2026-07-19 12:25:45,353,524,459,0
2026-07-19 12:25:46,404,528,442,0
2026-07-19 12:25:47,348,545,429,0
2026-07-19 12:25:48,391,529,426,0
2026-07-19 12:25:49,373,529,456,0
2026-07-19 12:25:50,374,527,458,0
2026-07-19 12:25:51,379,542,531,0
2026-07-19 12:25:52,398,539,510,0
2026-07-19 12:25:53,390,545,505,0
2026-07-19 12:25:54,378,532,522,0
2026-07-19 12:25:55,351,516,521,0
2026-07-19 12:25:56,304,532,517,0
2026-07-19 12:25:57,299,525,506,0
2026-07-19 12:25:58,294,531,512,0
2026-07-19 12:25:59,292,524,562,0
2026-07-19 12:26:00,309,534,517,0
2026-07-19 12:26:01,324,532,511,0
2026-07-19 12:26:02,372,526,518,0
2026-07-19 12:26:03,379,535,489,0
2026-07-19 12:26:04,343,547,425,0
2026-07-19 12:26:05,336,513,434,0
2026-07-19 12:26:06,336,542,454,0
2026-07-19 12:26:07,394,543,441,0
2026-07-19 12:26:08,352,534,453,0
2026-07-19 12:26:09,354,548,497,0
2026-07-19 12:26:10,387,541,515,0
2026-07-19 12:26:11,335,553,507,0
2026-07-19 12:26:12,373,559,508,0
2026-07-19 12:26:13,335,537,499,0
2026-07-19 12:26:14,324,534,517,0
2026-07-19 12:26:15,314,535,497,0
2026-07-19 12:26:16,300,544,512,0
2026-07-19 12:26:17,307,563,508,0
2026-07-19 12:26:18,292,511,560,0
2026-07-19 12:26:19,298,538,512,0
2026-07-19 12:26:20,326,531,551,0
2026-07-19 12:26:21,295,515,536,0
2026-07-19 12:26:22,338,557,498,0
2026-07-19 12:26:23,367,546,552,0
2026-07-19 12:26:24,348,545,529,0
2026-07-19 12:26:25,360,532,482,0
2026-07-19 12:26:26,377,540,475,0
2026-07-19 12:26:27,365,543,484,0
2026-07-19 12:26:28,369,536,461,0
2026-07-19 12:26:29,346,530,471,0
2026-07-19 12:26:30,377,533,456,0
2026-07-19 12:26:31,354,528,473,0
2026-07-19 12:26:32,355,538,468,0
2026-07-19 12:26:33,382,548,429,0
2026-07-19 12:26:34,377,550,430,0
2026-07-19 12:26:35,388,537,468,0
2026-07-19 12:26:36,363,521,464,0
2026-07-19 12:26:37,366,529,432,0
2026-07-19 12:26:38,408,547,449,0
2026-07-19 12:26:39,370,548,469,0
2026-07-19 12:26:40,365,538,459,0
2026-07-19 12:26:41,350,531,447,0
2026-07-19 12:26:42,375,535,443,0
2026-07-19 12:26:43,389,515,411,0
2026-07-19 12:26:44,415,536,424,0
2026-07-19 12:26:45,366,532,468,0
2026-07-19 12:26:46,376,541,445,0
2026-07-19 12:26:47,384,551,469,0
2026-07-19 12:26:48,381,551,416,0
2026-07-19 12:26:49,388,533,423,0
2026-07-19 12:26:50,381,549,458,0
2026-07-19 12:26:51,390,537,439,0
2026-07-19 12:26:52,383,543,432,0
2026-07-19 12:26:53,414,542,444,0
2026-07-19 12:26:54,394,545,448,0
2026-07-19 12:26:55,375,548,447,0
2026-07-19 12:26:56,363,533,448,0
2026-07-19 12:26:57,381,539,427,0
2026-07-19 12:26:58,343,524,466,0
2026-07-19 12:26:59,347,537,459,0
2026-07-19 12:27:00,352,540,432,0
2026-07-19 12:27:01,382,525,452,0
2026-07-19 12:27:02,361,536,424,0
2026-07-19 12:27:03,363,536,515,0
2026-07-19 12:27:04,357,542,516,0
2026-07-19 12:27:05,325,524,538,0
2026-07-19 12:27:06,295,545,528,0
2026-07-19 12:27:07,293,541,530,0
2026-07-19 12:27:08,307,554,524,0
2026-07-19 12:27:09,280,535,518,0
2026-07-19 12:27:10,295,578,510,0
2026-07-19 12:27:11,366,533,513,0
2026-07-19 12:27:12,351,549,520,0
2026-07-19 12:27:13,384,533,491,0
2026-07-19 12:27:14,362,563,495,0
2026-07-19 12:27:15,361,576,503,0
2026-07-19 12:27:16,361,541,480,0
2026-07-19 12:27:17,394,556,433,0
2026-07-19 12:27:18,382,549,453,0
2026-07-19 12:27:19,349,550,407,0
2026-07-19 12:27:20,349,565,453,0
2026-07-19 12:27:21,367,547,432,0
2026-07-19 12:27:22,337,531,431,0
2026-07-19 12:27:23,366,551,468,0
2026-07-19 12:27:24,351,537,463,0
2026-07-19 12:27:25,353,546,419,0
2026-07-19 12:27:26,340,536,456,0
2026-07-19 12:27:27,350,525,453,0
2026-07-19 12:27:28,360,548,445,0
2026-07-19 12:27:29,365,534,439,0
2026-07-19 12:27:30,348,546,446,0
2026-07-19 12:27:31,364,556,442,0
2026-07-19 12:27:32,354,557,443,0
2026-07-19 12:27:33,375,550,444,0
2026-07-19 12:27:34,376,546,451,0
2026-07-19 12:27:35,379,542,456,0
2026-07-19 12:27:36,372,539,460,0
2026-07-19 12:27:37,368,539,495,0
2026-07-19 12:27:38,367,541,512,0
2026-07-19 12:27:39,369,538,487,0
2026-07-19 12:27:40,352,537,518,0
2026-07-19 12:27:41,297,542,502,0
2026-07-19 12:27:42,288,535,476,0
2026-07-19 12:27:43,298,518,507,0
2026-07-19 12:27:44,259,532,512,0
2026-07-19 12:27:45,318,546,534,0
2026-07-19 12:27:46,379,547,526,0
2026-07-19 12:27:47,375,536,529,0
2026-07-19 12:27:48,379,538,438,0
2026-07-19 12:27:49,383,530,446,0
2026-07-19 12:27:50,350,550,460,0
2026-07-19 12:27:51,376,537,432,0
2026-07-19 12:27:52,392,548,495,0
2026-07-19 12:27:53,378,534,522,0
2026-07-19 12:27:54,378,525,501,0
2026-07-19 12:27:55,369,528,508,0
2026-07-19 12:27:56,351,551,506,0
2026-07-19 12:27:57,330,516,497,0
2026-07-19 12:27:58,308,525,516,0
2026-07-19 12:27:59,299,544,547,0
2026-07-19 12:28:00,299,528,520,0
2026-07-19 12:28:01,300,525,524,0
2026-07-19 12:28:02,311,529,551,0
2026-07-19 12:28:03,332,532,550,0
2026-07-19 12:28:04,329,530,501,0
2026-07-19 12:28:05,335,534,511,0
2026-07-19 12:28:06,378,525,505,0
2026-07-19 12:28:07,366,540,504,0
2026-07-19 12:28:08,357,535,461,0
2026-07-19 12:28:09,352,546,460,0
2026-07-19 12:28:10,349,524,425,0
2026-07-19 12:28:11,368,517,423,0
2026-07-19 12:28:12,346,530,450,0
2026-07-19 12:28:13,361,536,446,0
2026-07-19 12:28:14,361,532,491,0
2026-07-19 12:28:15,346,533,522,0
2026-07-19 12:28:16,342,523,503,0
2026-07-19 12:28:17,348,522,543,0
2026-07-19 12:28:18,326,536,560,0
2026-07-19 12:28:19,301,528,503,0
2026-07-19 12:28:20,308,523,494,0
2026-07-19 12:28:21,297,525,521,0
2026-07-19 12:28:22,313,530,538,0
2026-07-19 12:28:23,342,538,523,0
2026-07-19 12:28:24,378,555,508,0
2026-07-19 12:28:25,363,519,503,0
2026-07-19 12:28:26,389,527,500,0
2026-07-19 12:28:27,373,544,473,0
2026-07-19 12:28:28,353,516,430,0
2026-07-19 12:28:29,399,519,434,0
2026-07-19 12:28:30,365,523,428,0
2026-07-19 12:28:31,361,534,443,0
2026-07-19 12:28:32,343,532,490,0
2026-07-19 12:28:33,331,554,533,0
2026-07-19 12:28:34,310,549,551,0
2026-07-19 12:28:35,312,533,527,0
2026-07-19 12:28:36,284,522,538,0
2026-07-19 12:28:37,324,544,500,0
2026-07-19 12:28:38,343,541,493,0
2026-07-19 12:28:39,346,575,491,0
2026-07-19 12:28:40,372,534,518,0
2026-07-19 12:28:41,383,572,477,0
2026-07-19 12:28:42,359,556,417,0
2026-07-19 12:28:43,340,550,430,0
2026-07-19 12:28:44,367,524,444,0
2026-07-19 12:28:45,384,540,436,0
2026-07-19 12:28:46,374,558,444,0
2026-07-19 12:28:47,358,522,452,0
2026-07-19 12:28:48,347,522,496,0
2026-07-19 12:28:49,342,533,520,0
2026-07-19 12:28:50,320,524,517,0
2026-07-19 12:28:51,306,536,524,0
2026-07-19 12:28:52,285,535,548,0
2026-07-19 12:28:53,305,537,536,0
2026-07-19 12:28:54,307,525,487,0
2026-07-19 12:28:55,303,534,541,0
2026-07-19 12:28:56,290,538,502,0
2026-07-19 12:28:57,309,529,518,0
2026-07-19 12:28:58,314,546,485,0
2026-07-19 12:28:59,327,526,515,0
2026-07-19 12:29:00,354,521,492,0
2026-07-19 12:29:01,366,555,524,0
2026-07-19 12:29:02,361,543,505,0
2026-07-19 12:29:03,398,539,503,0
2026-07-19 12:29:04,370,544,504,0
2026-07-19 12:29:05,366,526,517,0
2026-07-19 12:29:06,388,553,514,0
2026-07-19 12:29:07,383,555,510,0
2026-07-19 12:29:08,376,532,506,0
2026-07-19 12:29:09,406,527,544,0
2026-07-19 12:29:10,370,540,507,0
2026-07-19 12:29:11,383,550,518,0
2026-07-19 12:29:12,370,533,504,0
2026-07-19 12:29:13,380,536,497,0
2026-07-19 12:29:14,376,542,510,0
2026-07-19 12:29:15,398,534,506,0
2026-07-19 12:29:16,390,545,500,0
2026-07-19 12:29:17,384,536,502,0
2026-07-19 12:29:18,358,539,509,0
2026-07-19 12:29:19,357,546,503,0
2026-07-19 12:29:20,332,527,530,0
2026-07-19 12:29:21,304,556,539,0
2026-07-19 12:29:22,302,527,491,0
2026-07-19 12:29:23,292,523,510,0
2026-07-19 12:29:24,316,537,542,0
2026-07-19 12:29:25,302,533,540,0
2026-07-19 12:29:26,293,530,525,0
2026-07-19 12:29:27,286,529,495,0
2026-07-19 12:29:28,325,532,512,0
2026-07-19 12:29:29,334,528,526,0
2026-07-19 12:29:30,389,538,519,0
2026-07-19 12:29:31,360,544,480,0
2026-07-19 12:29:32,363,527,550,0
2026-07-19 12:29:33,351,530,492,0
2026-07-19 12:29:34,363,536,478,0
2026-07-19 12:29:35,354,540,459,0
2026-07-19 12:29:36,358,537,405,0
2026-07-19 12:29:37,345,519,408,0
2026-07-19 12:29:38,369,532,433,0
2026-07-19 12:29:39,381,542,433,0
2026-07-19 12:29:40,361,542,427,0
2026-07-19 12:29:41,385,533,458,0
2026-07-19 12:29:42,347,520,450,0
2026-07-19 12:29:43,343,554,444,0
2026-07-19 12:29:44,370,525,457,0
2026-07-19 12:29:45,379,550,456,0
2026-07-19 12:29:46,348,549,437,0
2026-07-19 12:29:47,347,541,441,0
2026-07-19 12:29:48,343,538,429,0
2026-07-19 12:29:49,400,547,451,0
2026-07-19 12:29:50,353,544,453,0
2026-07-19 12:29:51,362,563,416,0
2026-07-19 12:29:52,350,562,433,0
2026-07-19 12:29:53,347,551,421,0
2026-07-19 12:29:54,347,535,447,0
2026-07-19 12:29:55,357,527,450,0
2026-07-19 12:29:56,369,544,451,0
2026-07-19 12:29:57,372,556,447,0
2026-07-19 12:29:58,350,530,450,0
2026-07-19 12:29:59,363,530,399,0
2026-07-19 12:30:00,360,520,418,0
2026-07-19 12:30:01,339,543,442,0
2026-07-19 12:30:02,348,525,432,0
2026-07-19 12:30:03,356,541,457,0
2026-07-19 12:30:04,356,532,459,0
2026-07-19 12:30:05,341,522,483,0
2026-07-19 12:30:06,338,527,533,0
2026-07-19 12:30:07,342,523,559,0
2026-07-19 12:30:08,311,531,503,0
2026-07-19 12:30:09,278,538,546,0
2026-07-19 12:30:10,299,519,525,0
2026-07-19 12:30:11,311,537,542,0
2026-07-19 12:30:12,292,539,521,0
2026-07-19 12:30:13,312,521,546,0
2026-07-19 12:30:14,361,546,504,0
2026-07-19 12:30:15,380,542,521,0
2026-07-19 12:30:16,370,546,494,0
2026-07-19 12:30:17,391,538,495,0
2026-07-19 12:30:18,366,515,464,0
2026-07-19 12:30:19,365,540,454,0
2026-07-19 12:30:20,398,523,420,0
2026-07-19 12:30:21,352,540,418,0
2026-07-19 12:30:22,375,538,486,0
2026-07-19 12:30:23,348,533,547,0
2026-07-19 12:30:24,308,539,519,0
2026-07-19 12:30:25,310,534,544,0
2026-07-19 12:30:26,282,552,516,0
2026-07-19 12:30:27,301,572,531,0
2026-07-19 12:30:28,299,528,545,0
2026-07-19 12:30:29,304,530,488,0
2026-07-19 12:30:30,330,543,483,0
2026-07-19 12:30:31,372,548,471,0
2026-07-19 12:30:32,385,544,501,0
2026-07-19 12:30:33,386,540,508,0
2026-07-19 12:30:34,362,569,521,0
2026-07-19 12:30:35,388,551,461,0
2026-07-19 12:30:36,337,537,463,0
2026-07-19 12:30:37,387,516,466,0
2026-07-19 12:30:38,379,540,436,0
2026-07-19 12:30:39,377,563,430,0
2026-07-19 12:30:40,354,542,442,0
2026-07-19 12:30:41,362,536,436,0
2026-07-19 12:30:42,355,519,455,0
2026-07-19 12:30:43,373,523,435,0
2026-07-19 12:30:44,354,524,458,0
2026-07-19 12:30:45,355,534,483,0
2026-07-19 12:30:46,365,531,482,0
2026-07-19 12:30:47,352,524,544,0
2026-07-19 12:30:48,338,533,505,0
2026-07-19 12:30:49,297,531,501,0
2026-07-19 12:30:50,335,531,544,0
2026-07-19 12:30:51,310,527,534,0
2026-07-19 12:30:52,343,518,496,0
2026-07-19 12:30:53,288,520,538,0
2026-07-19 12:30:54,302,518,535,0
2026-07-19 12:30:55,306,524,506,0
2026-07-19 12:30:56,298,532,531,0
2026-07-19 12:30:57,305,530,519,0
2026-07-19 12:30:58,319,525,560,0
2026-07-19 12:30:59,289,524,532,0
2026-07-19 12:31:00,276,526,514,0
2026-07-19 12:31:01,304,531,493,0
2026-07-19 12:31:02,278,520,544,0
2026-07-19 12:31:03,300,531,512,0
2026-07-19 12:31:04,304,523,544,0
2026-07-19 12:31:05,291,527,537,0
2026-07-19 12:31:06,314,528,547,0
2026-07-19 12:31:07,291,520,542,0
2026-07-19 12:31:08,316,521,558,0
2026-07-19 12:31:09,297,537,534,0
2026-07-19 12:31:10,330,533,540,0
2026-07-19 12:31:11,347,518,541,0
2026-07-19 12:31:12,353,538,510,0
2026-07-19 12:31:13,363,540,452,0
2026-07-19 12:31:14,366,521,480,0
2026-07-19 12:31:15,372,537,489,0
2026-07-19 12:31:16,372,560,432,0
2026-07-19 12:31:17,346,546,449,0
2026-07-19 12:31:18,358,529,449,0
2026-07-19 12:31:19,383,545,427,0
2026-07-19 12:31:20,387,539,483,0
2026-07-19 12:31:21,353,529,515,0
2026-07-19 12:31:22,350,559,512,0
2026-07-19 12:31:23,388,523,498,0
2026-07-19 12:31:24,300,560,517,0
2026-07-19 12:31:25,282,526,494,0
2026-07-19 12:31:26,312,516,500,0
2026-07-19 12:31:27,323,546,506,0
2026-07-19 12:31:28,302,555,519,0
2026-07-19 12:31:29,335,555,502,0
2026-07-19 12:31:30,382,526,480,0
2026-07-19 12:31:31,375,530,433,0
2026-07-19 12:31:32,358,524,425,0
2026-07-19 12:31:33,396,528,409,0
2026-07-19 12:31:34,390,552,429,0
2026-07-19 12:31:35,363,543,468,0
2026-07-19 12:31:36,380,546,507,0
2026-07-19 12:31:37,379,526,500,0
2026-07-19 12:31:38,378,535,515,0
2026-07-19 12:31:39,399,525,502,0
2026-07-19 12:31:40,351,519,505,0
2026-07-19 12:31:41,321,522,530,0
2026-07-19 12:31:42,308,512,529,0
2026-07-19 12:31:43,310,541,544,0
2026-07-19 12:31:44,275,531,513,0
2026-07-19 12:31:45,309,534,530,0
2026-07-19 12:31:46,300,537,533,0
2026-07-19 12:31:47,281,534,527,0
2026-07-19 12:31:48,296,524,511,0
2026-07-19 12:31:49,316,525,544,0
2026-07-19 12:31:50,330,528,521,0
2026-07-19 12:31:51,341,522,519,0
2026-07-19 12:31:52,345,539,494,0
2026-07-19 12:31:53,349,526,478,0
2026-07-19 12:31:54,361,521,428,0
2026-07-19 12:31:55,368,514,441,0
2026-07-19 12:31:56,372,521,422,0
2026-07-19 12:31:57,353,551,441,0
2026-07-19 12:31:58,364,527,427,0
2026-07-19 12:31:59,359,520,439,0
2026-07-19 12:32:00,350,547,452,0
2026-07-19 12:32:01,357,552,452,0
2026-07-19 12:32:02,340,562,444,0
2026-07-19 12:32:03,379,510,428,0
2026-07-19 12:32:04,368,542,456,0
2026-07-19 12:32:05,373,529,451,0
2026-07-19 12:32:06,364,551,462,0
2026-07-19 12:32:07,355,542,418,0
2026-07-19 12:32:08,359,552,444,0
2026-07-19 12:32:09,342,514,462,0
2026-07-19 12:32:10,351,514,419,0
2026-07-19 12:32:11,364,542,432,0
2026-07-19 12:32:12,362,538,467,0
2026-07-19 12:32:13,375,532,445,0
2026-07-19 12:32:14,344,529,478,0
2026-07-19 12:32:15,363,532,515,0
2026-07-19 12:32:16,367,524,542,0
2026-07-19 12:32:17,326,528,510,0
2026-07-19 12:32:18,314,525,526,0
2026-07-19 12:32:19,304,528,554,0
2026-07-19 12:32:20,292,524,553,0
2026-07-19 12:32:21,311,536,526,0
2026-07-19 12:32:22,320,513,487,0
2026-07-19 12:32:23,366,515,508,0
2026-07-19 12:32:24,354,542,524,0
2026-07-19 12:32:25,400,532,504,0
2026-07-19 12:32:26,386,528,477,0
2026-07-19 12:32:27,361,511,466,0
2026-07-19 12:32:28,377,519,472,0
2026-07-19 12:32:29,356,536,434,0
2026-07-19 12:32:30,367,534,459,0
2026-07-19 12:32:31,355,525,430,0
2026-07-19 12:32:32,379,539,480,0
2026-07-19 12:32:33,326,536,510,0
2026-07-19 12:32:34,343,526,505,0
2026-07-19 12:32:35,322,548,545,0
2026-07-19 12:32:36,296,517,521,0
2026-07-19 12:32:37,315,528,532,0
2026-07-19 12:32:38,251,524,499,0
2026-07-19 12:32:39,316,552,512,0
2026-07-19 12:32:40,336,553,524,0
2026-07-19 12:32:41,336,535,531,0
2026-07-19 12:32:42,349,530,496,0
2026-07-19 12:32:43,333,561,506,0
2026-07-19 12:32:44,381,541,502,0
2026-07-19 12:32:45,344,532,462,0
2026-07-19 12:32:46,382,528,443,0
2026-07-19 12:32:47,341,537,437,0
2026-07-19 12:32:48,370,543,428,0
2026-07-19 12:32:49,369,560,450,0
2026-07-19 12:32:50,358,557,462,0
2026-07-19 12:32:51,357,531,445,0
2026-07-19 12:32:52,366,507,452,0
2026-07-19 12:32:53,366,515,401,0
2026-07-19 12:32:54,355,515,444,0
2026-07-19 12:32:56,358,525,444,0
2026-07-19 12:32:56,349,520,424,0
2026-07-19 12:32:57,362,535,448,0
2026-07-19 12:32:58,371,518,444,0
2026-07-19 12:32:59,342,550,434,0
2026-07-19 12:33:00,368,563,419,0
2026-07-19 12:33:01,358,543,450,0
2026-07-19 12:33:02,325,540,438,0
2026-07-19 12:33:03,373,539,438,0
2026-07-19 12:33:04,346,534,417,0
2026-07-19 12:33:05,372,535,502,0
2026-07-19 12:33:06,349,565,508,0
2026-07-19 12:33:07,392,534,530,0
2026-07-19 12:33:08,366,580,495,0
2026-07-19 12:33:09,326,544,515,0
2026-07-19 12:33:10,326,529,498,0
2026-07-19 12:33:11,272,538,547,0
2026-07-19 12:33:12,288,522,519,0
2026-07-19 12:33:13,319,526,506,0
2026-07-19 12:33:14,371,546,512,0
2026-07-19 12:33:15,351,534,501,0
2026-07-19 12:33:16,360,537,439,0
2026-07-19 12:33:17,375,517,445,0
2026-07-19 12:33:18,372,535,451,0
2026-07-19 12:33:19,367,526,399,0
2026-07-19 12:33:20,357,554,448,0
2026-07-19 12:33:21,390,530,517,0
2026-07-19 12:33:22,364,528,511,0
2026-07-19 12:33:23,358,512,511,0
2026-07-19 12:33:24,334,544,516,0
2026-07-19 12:33:25,290,539,517,0
2026-07-19 12:35:03,280,529,497,0
2026-07-19 12:35:03,314,529,513,0
2026-07-19 12:35:03,312,522,512,0
2026-07-19 12:35:03,320,524,523,0
2026-07-19 12:35:03,379,535,492,0
2026-07-19 12:35:03,376,530,512,0
2026-07-19 12:35:03,357,501,432,0
2026-07-19 12:35:03,369,546,423,0
2026-07-19 12:35:03,357,542,434,0
2026-07-19 12:35:03,384,547,453,0
2026-07-19 12:35:05,347,568,493,0
2026-07-19 12:35:06,328,533,501,0
2026-07-19 12:35:07,326,532,488,0
2026-07-19 12:35:08,274,524,505,0
2026-07-19 12:35:09,267,519,528,0
2026-07-19 12:35:10,302,527,518,0
2026-07-19 12:35:11,317,536,558,0
2026-07-19 12:35:12,343,548,508,0
2026-07-19 12:35:13,390,536,484,0
2026-07-19 12:35:14,355,539,465,0
2026-07-19 12:35:15,361,534,445,0
2026-07-19 12:35:16,373,547,444,0
2026-07-19 12:35:17,359,536,435,0
2026-07-19 12:35:18,383,538,454,0
2026-07-19 12:35:19,359,518,495,0
2026-07-19 12:35:20,382,532,482,0
2026-07-19 12:35:21,364,516,504,0
2026-07-19 12:35:22,362,536,482,0
2026-07-19 12:35:23,316,523,509,0
2026-07-19 12:35:24,303,538,499,0
2026-07-19 12:35:25,305,522,515,0
2026-07-19 12:35:26,280,519,527,0
2026-07-19 12:35:27,296,527,537,0
2026-07-19 12:35:28,294,535,505,0
2026-07-19 12:35:29,322,519,539,0
2026-07-19 12:35:30,332,525,507,0
2026-07-19 12:35:31,301,521,544,0
2026-07-19 12:35:32,352,527,508,0
2026-07-19 12:35:33,323,523,505,0
2026-07-19 12:35:34,364,534,539,0
2026-07-19 12:35:35,353,535,492,0
2026-07-19 12:35:36,370,526,491,0
2026-07-19 12:35:37,357,535,478,0
2026-07-19 12:35:38,347,531,459,0
2026-07-19 12:35:39,348,533,443,0
2026-07-19 12:35:40,351,519,437,0
2026-07-19 12:35:41,382,525,439,0
2026-07-19 12:35:42,368,550,439,0
2026-07-19 12:35:43,346,556,453,0
2026-07-19 12:35:44,352,512,455,0
2026-07-19 12:35:45,343,524,438,0
2026-07-19 12:35:46,365,521,445,0
2026-07-19 12:35:47,359,523,445,0
2026-07-19 12:35:48,389,539,419,0
2026-07-19 12:35:49,384,546,430,0
2026-07-19 12:35:50,382,553,444,0
2026-07-19 12:35:51,384,534,462,0
2026-07-19 12:35:52,386,535,476,0
2026-07-19 12:35:53,352,542,456,0
2026-07-19 12:35:54,374,546,465,0
2026-07-19 12:35:55,329,563,495,0
2026-07-19 12:35:56,387,562,496,0
2026-07-19 12:35:57,340,541,489,0
2026-07-19 12:35:58,341,544,512,0
2026-07-19 12:35:59,380,568,492,0
2026-07-19 12:36:00,368,540,477,0
2026-07-19 12:36:01,349,546,499,0
2026-07-19 12:36:02,306,532,511,0
2026-07-19 12:36:03,317,541,504,0
2026-07-19 12:36:04,291,514,495,0
2026-07-19 12:36:05,310,551,532,0
2026-07-19 12:36:06,284,523,516,0
2026-07-19 12:36:07,343,541,481,0
2026-07-19 12:36:08,376,521,497,0
2026-07-19 12:36:09,379,518,429,0
2026-07-19 12:36:10,373,532,451,0
2026-07-19 12:36:11,357,512,438,0
2026-07-19 12:36:12,372,540,399,0
2026-07-19 12:36:13,387,517,459,0
2026-07-19 12:36:14,372,541,501,0
2026-07-19 12:36:15,392,530,502,0
2026-07-19 12:36:16,370,538,494,0
2026-07-19 12:36:17,352,534,505,0
2026-07-19 12:36:18,303,525,499,0
2026-07-19 12:36:19,303,521,514,0
2026-07-19 12:36:20,340,534,483,0
2026-07-19 12:36:21,321,540,521,0
2026-07-19 12:36:22,297,520,486,0
2026-07-19 12:36:23,300,527,512,0
2026-07-19 12:36:24,312,524,514,0
2026-07-19 12:36:25,333,533,547,0
2026-07-19 12:36:26,336,524,503,0
2026-07-19 12:36:27,348,538,419,0
2026-07-19 12:36:28,357,515,413,0
2026-07-19 12:36:29,333,518,442,0
2026-07-19 12:36:30,391,548,406,0
2026-07-19 12:36:31,376,541,424,0
2026-07-19 12:36:32,360,534,417,0
2026-07-19 12:36:33,339,540,431,0
2026-07-19 12:36:34,389,558,511,0
2026-07-19 12:36:35,397,541,489,0
2026-07-19 12:36:36,361,535,503,0
2026-07-19 12:36:37,316,550,517,0
2026-07-19 12:36:38,312,554,514,0
2026-07-19 12:36:39,292,566,512,0
2026-07-19 12:36:40,295,557,517,0
2026-07-19 12:36:41,313,534,522,0
2026-07-19 12:36:42,354,523,483,0
2026-07-19 12:36:43,386,549,503,0
2026-07-19 12:36:44,390,528,461,0
2026-07-19 12:36:45,364,537,452,0
2026-07-19 12:36:46,391,509,431,0
2026-07-19 12:36:47,348,520,426,0
2026-07-19 12:36:48,356,514,414,0
2026-07-19 12:36:49,380,538,479,0
2026-07-19 12:36:50,393,527,492,0
2026-07-19 12:36:51,403,527,491,0
2026-07-19 12:36:52,363,522,508,0
2026-07-19 12:36:53,326,548,507,0
2026-07-19 12:36:54,313,540,492,0
2026-07-19 12:36:55,301,537,520,0
2026-07-19 12:36:56,295,522,518,0
2026-07-19 12:36:57,311,522,531,0
2026-07-19 12:36:58,315,524,531,0
2026-07-19 12:36:59,351,536,520,0
2026-07-19 12:37:00,359,528,477,0
2026-07-19 12:37:01,371,541,415,0
2026-07-19 12:37:02,368,515,452,0
2026-07-19 12:37:03,345,542,445,0
2026-07-19 12:37:04,345,546,443,0
2026-07-19 12:37:05,366,541,491,0
2026-07-19 12:37:06,345,553,520,0
2026-07-19 12:37:07,351,547,489,0
2026-07-19 12:37:08,351,521,509,0
2026-07-19 12:37:09,312,528,475,0
2026-07-19 12:37:10,337,523,517,0
2026-07-19 12:37:11,309,552,493,0
2026-07-19 12:37:12,270,532,547,0
2026-07-19 12:37:13,290,559,489,0
2026-07-19 12:37:14,363,537,562,0
2026-07-19 12:37:15,367,528,517,0
2026-07-19 12:37:16,364,542,474,0
2026-07-19 12:37:17,362,513,471,0
2026-07-19 12:37:18,360,509,424,0
2026-07-19 12:37:19,380,532,405,0
2026-07-19 12:37:20,388,541,410,0
2026-07-19 12:37:21,389,538,401,0
2026-07-19 12:37:22,347,516,461,0
2026-07-19 12:37:23,379,523,455,0
2026-07-19 12:37:24,394,535,479,0
2026-07-19 12:37:25,386,534,497,0
2026-07-19 12:37:26,382,539,479,0
2026-07-19 12:37:27,400,519,486,0
2026-07-19 12:37:28,348,542,513,0
2026-07-19 12:37:29,333,526,498,0
2026-07-19 12:37:30,289,513,475,0
2026-07-19 12:37:31,276,533,497,0
2026-07-19 12:37:32,292,526,497,0
2026-07-19 12:37:33,277,524,486,0
2026-07-19 12:37:34,334,528,543,0
2026-07-19 12:37:35,351,526,537,0
2026-07-19 12:37:36,377,521,493,0
2026-07-19 12:37:37,373,533,427,0
2026-07-19 12:37:38,355,559,430,0
2026-07-19 12:37:39,353,546,413,0
2026-07-19 12:37:40,324,559,394,0
2026-07-19 12:37:41,395,538,435,0
2026-07-19 12:37:42,384,539,483,0
2026-07-19 12:37:43,372,539,469,0
2026-07-19 12:37:44,359,540,474,0
2026-07-19 12:37:45,411,528,481,0
2026-07-19 12:37:46,345,530,509,0
2026-07-19 12:37:47,324,532,514,0
2026-07-19 12:37:48,311,515,498,0
2026-07-19 12:37:49,317,527,499,0
2026-07-19 12:37:50,273,523,538,0
2026-07-19 12:37:51,353,531,531,0
2026-07-19 12:37:52,348,528,507,0
2026-07-19 12:37:53,392,531,470,0
2026-07-19 12:37:54,365,528,440,0
2026-07-19 12:37:55,365,521,469,0
2026-07-19 12:37:56,361,512,422,0
2026-07-19 12:37:57,373,527,384,0
2026-07-19 12:37:58,339,521,420,0
2026-07-19 12:37:59,386,541,481,0
2026-07-19 12:38:00,379,542,484,0
2026-07-19 12:38:01,403,535,503,0
2026-07-19 12:38:02,379,537,485,0
2026-07-19 12:38:03,356,532,477,0
2026-07-19 12:38:04,303,523,500,0
2026-07-19 12:38:05,302,517,529,0
2026-07-19 12:38:06,309,523,522,0
2026-07-19 12:38:07,298,521,497,0
2026-07-19 12:38:08,305,525,496,0
2026-07-19 12:38:09,310,527,522,0
2026-07-19 12:38:10,296,535,529,0
2026-07-19 12:38:11,327,525,549,0
2026-07-19 12:38:12,358,538,498,0
2026-07-19 12:38:13,356,533,456,0
2026-07-19 12:38:14,366,520,439,0
2026-07-19 12:38:15,350,516,422,0
2026-07-19 12:38:16,368,522,430,0
2026-07-19 12:38:17,363,529,434,0
2026-07-19 12:38:18,358,549,441,0
2026-07-19 12:38:19,340,536,418,0
2026-07-19 12:38:20,375,550,452,0
2026-07-19 12:38:21,360,561,487,0
2026-07-19 12:38:22,340,529,502,0
2026-07-19 12:38:23,387,525,498,0
2026-07-19 12:38:24,350,525,519,0
2026-07-19 12:38:25,314,535,504,0
2026-07-19 12:38:26,290,517,480,0
2026-07-19 12:38:27,284,551,529,0
2026-07-19 12:38:28,275,526,515,0
2026-07-19 12:38:29,308,525,499,0
2026-07-19 12:38:30,366,519,508,0
2026-07-19 12:38:31,381,526,455,0
2026-07-19 12:38:32,366,523,426,0
2026-07-19 12:38:33,365,541,391,0
2026-07-19 12:38:34,391,540,425,0
2026-07-19 12:38:35,367,531,407,0
2026-07-19 12:38:36,397,535,489,0
2026-07-19 12:38:37,395,534,487,0
2026-07-19 12:38:38,394,521,512,0
2026-07-19 12:38:39,355,524,487,0
2026-07-19 12:38:40,301,512,502,0
2026-07-19 12:38:41,270,525,499,0
2026-07-19 12:38:42,304,525,529,0
2026-07-19 12:38:43,274,517,524,0
2026-07-19 12:38:44,321,518,529,0
2026-07-19 12:38:45,318,523,504,0
2026-07-19 12:38:46,369,528,491,0
2026-07-19 12:38:47,356,521,434,0
2026-07-19 12:38:48,376,516,436,0
2026-07-19 12:38:49,350,547,429,0
2026-07-19 12:38:50,333,539,459,0
2026-07-19 12:38:51,332,537,439,0
2026-07-19 12:38:52,354,535,490,0
2026-07-19 12:38:53,357,527,496,0
2026-07-19 12:38:54,363,524,509,0
2026-07-19 12:38:55,387,527,483,0
2026-07-19 12:38:56,355,528,473,0
2026-07-19 12:38:57,319,515,513,0
2026-07-19 12:38:58,272,543,489,0
2026-07-19 12:38:59,262,523,530,0
2026-07-19 12:39:00,297,537,513,0
2026-07-19 12:39:01,315,550,511,0
2026-07-19 12:39:02,367,531,516,0
2026-07-19 12:39:03,336,522,490,0
2026-07-19 12:39:04,366,530,451,0
2026-07-19 12:39:05,381,527,412,0
2026-07-19 12:39:06,373,544,447,0
2026-07-19 12:39:07,368,532,453,0
2026-07-19 12:39:08,387,541,406,0
2026-07-19 12:39:09,395,527,393,0
2026-07-19 12:39:10,370,521,446,0
2026-07-19 12:39:11,366,517,490,0
2026-07-19 12:39:12,384,532,487,0
2026-07-19 12:39:13,351,534,496,0
2026-07-19 12:39:14,400,544,503,0
2026-07-19 12:39:15,403,523,518,0
2026-07-19 12:39:16,403,536,505,0
2026-07-19 12:39:17,409,540,491,0
2026-07-19 12:39:18,368,541,469,0
2026-07-19 12:39:19,376,537,503,0
2026-07-19 12:39:20,378,543,490,0
2026-07-19 12:39:21,373,523,497,0
2026-07-19 12:39:22,374,522,500,0
2026-07-19 12:39:23,367,529,493,0
2026-07-19 12:39:24,365,547,519,0
2026-07-19 12:39:25,368,536,502,0
2026-07-19 12:39:26,361,537,498,0
2026-07-19 12:39:27,382,516,483,0
2026-07-19 12:39:28,362,527,513,0
2026-07-19 12:39:29,385,527,488,0
2026-07-19 12:39:30,381,521,507,0
2026-07-19 12:39:31,389,531,497,0
2026-07-19 12:39:32,393,542,483,0
2026-07-19 12:39:33,397,554,497,0
2026-07-19 12:39:34,382,521,472,0
2026-07-19 12:39:35,354,518,415,0
2026-07-19 12:39:36,377,536,397,0
2026-07-19 12:39:37,359,536,397,0
2026-07-19 12:39:38,364,539,447,0
2026-07-19 12:39:39,375,530,443,0
2026-07-19 12:39:40,391,534,505,0
2026-07-19 12:39:41,325,540,488,0
2026-07-19 12:39:42,308,534,500,0
2026-07-19 12:39:43,310,548,500,0
2026-07-19 12:39:44,303,571,503,0
2026-07-19 12:39:45,314,526,496,0
2026-07-19 12:39:46,332,523,488,0
2026-07-19 12:39:47,369,579,478,0
2026-07-19 12:39:48,358,555,472,0
2026-07-19 12:39:49,356,586,491,0
2026-07-19 12:39:50,365,544,497,0
2026-07-19 12:39:51,367,518,448,0
2026-07-19 12:39:52,384,534,425,0
2026-07-19 12:39:53,332,539,435,0
2026-07-19 12:39:54,335,524,417,0
2026-07-19 12:39:55,357,540,431,0
2026-07-19 12:39:56,365,529,447,0
2026-07-19 12:39:57,347,531,540,0
2026-07-19 12:39:58,305,521,517,0
2026-07-19 12:39:59,296,524,512,0
2026-07-19 12:40:00,283,521,532,0
2026-07-19 12:40:01,305,535,516,0
2026-07-19 12:40:02,359,530,497,0
2026-07-19 12:40:03,390,537,506,0
2026-07-19 12:40:04,357,537,498,0
2026-07-19 12:40:05,362,519,492,0
2026-07-19 12:40:06,393,517,430,0
2026-07-19 12:40:07,386,527,420,0
2026-07-19 12:40:08,356,512,416,0
2026-07-19 12:40:09,399,520,435,0
2026-07-19 12:40:10,384,532,455,0
2026-07-19 12:40:11,378,527,506,0
2026-07-19 12:40:12,329,543,500,0
2026-07-19 12:40:13,324,532,526,0
2026-07-19 12:40:14,268,555,527,0
2026-07-19 12:40:15,279,529,492,0
2026-07-19 12:40:16,299,536,492,0
2026-07-19 12:40:17,353,548,468,0
2026-07-19 12:40:18,345,565,465,0
2026-07-19 12:40:19,338,536,488,0
2026-07-19 12:40:20,372,536,479,0
2026-07-19 12:40:21,343,544,440,0
2026-07-19 12:40:22,368,517,428,0
2026-07-19 12:40:23,331,531,449,0
2026-07-19 12:40:24,374,542,432,0
2026-07-19 12:40:25,352,519,436,0
2026-07-19 12:40:26,363,527,486,0
2026-07-19 12:40:27,352,526,515,0
2026-07-19 12:40:28,304,531,495,0
2026-07-19 12:40:29,292,530,492,0
2026-07-19 12:40:30,277,526,489,0
2026-07-19 12:40:31,289,528,512,0
2026-07-19 12:40:32,311,546,523,0
2026-07-19 12:40:33,363,534,496,0
2026-07-19 12:40:34,407,530,484,0
2026-07-19 12:40:35,369,529,522,0
2026-07-19 12:40:36,381,533,465,0
2026-07-19 12:40:37,354,532,416,0
2026-07-19 12:40:38,367,525,424,0
2026-07-19 12:40:39,366,521,448,0
2026-07-19 12:40:40,360,521,437,0
2026-07-19 12:40:41,388,525,473,0
2026-07-19 12:40:42,342,546,497,0
2026-07-19 12:40:43,303,511,501,0
2026-07-19 12:40:44,288,532,512,0
2026-07-19 12:40:45,268,508,509,0
2026-07-19 12:40:46,273,572,503,0
2026-07-19 12:40:47,298,558,497,0
2026-07-19 12:40:48,329,554,494,0
2026-07-19 12:40:49,360,578,487,0
2026-07-19 12:40:50,359,557,498,0
2026-07-19 12:40:51,380,537,451,0
2026-07-19 12:40:52,399,531,443,0
2026-07-19 12:40:53,343,538,423,0
2026-07-19 12:40:54,351,540,423,0
2026-07-19 12:40:55,335,537,420,0
2026-07-19 12:40:56,364,529,433,0
2026-07-19 12:40:57,335,527,490,0
2026-07-19 12:40:58,292,524,517,0
2026-07-19 12:40:59,310,529,532,0
2026-07-19 12:41:00,287,527,508,0
2026-07-19 12:41:01,291,505,536,0
2026-07-19 12:41:02,319,531,502,0
2026-07-19 12:41:03,375,519,493,0
2026-07-19 12:41:04,388,534,494,0
2026-07-19 12:41:05,377,534,489,0
2026-07-19 12:41:06,400,545,477,0
2026-07-19 12:41:07,342,535,428,0
2026-07-19 12:41:08,372,537,430,0
2026-07-19 12:41:09,351,539,452,0
2026-07-19 12:41:10,375,527,438,0
2026-07-19 12:41:11,389,513,466,0
2026-07-19 12:41:12,327,551,503,0
2026-07-19 12:41:13,302,530,517,0
2026-07-19 12:41:14,294,509,516,0
2026-07-19 12:41:15,296,536,498,0
2026-07-19 12:41:16,275,541,508,0
2026-07-19 12:41:17,319,524,517,0
2026-07-19 12:41:18,331,562,460,0
2026-07-19 12:41:19,383,531,488,0
2026-07-19 12:41:20,334,573,496,0
2026-07-19 12:41:21,342,537,458,0
2026-07-19 12:41:22,368,550,450,0
2026-07-19 12:41:23,348,526,423,0
2026-07-19 12:41:24,347,551,402,0
2026-07-19 12:41:25,344,535,421,0
2026-07-19 12:41:26,355,526,440,0
2026-07-19 12:41:27,365,534,488,0
2026-07-19 12:41:28,295,524,520,0
2026-07-19 12:41:29,308,525,535,0
2026-07-19 12:41:30,305,516,507,0
2026-07-19 12:41:31,299,534,496,0
2026-07-19 12:41:32,301,521,519,0
2026-07-19 12:41:33,361,533,507,0
2026-07-19 12:41:34,392,522,497,0
2026-07-19 12:41:35,374,526,492,0
2026-07-19 12:41:36,402,534,490,0
2026-07-19 12:41:37,390,535,444,0
2026-07-19 12:41:38,406,543,385,0
2026-07-19 12:41:39,391,536,411,0
2026-07-19 12:41:40,377,517,417,0
2026-07-19 12:41:41,386,535,406,0
2026-07-19 12:41:42,356,533,466,0
2026-07-19 12:41:43,338,542,507,0
2026-07-19 12:41:44,298,541,498,0
2026-07-19 12:41:45,295,508,487,0
2026-07-19 12:41:46,264,531,535,0
2026-07-19 12:41:47,279,553,476,0
2026-07-19 12:41:48,301,549,517,0
2026-07-19 12:41:49,346,544,477,0
2026-07-19 12:41:50,371,543,495,0
2026-07-19 12:41:51,373,532,452,0
2026-07-19 12:41:52,350,541,465,0
2026-07-19 12:41:53,369,546,453,0
2026-07-19 12:41:54,373,559,426,0
2026-07-19 12:41:55,331,545,411,0
2026-07-19 12:41:56,336,542,422,0
2026-07-19 12:41:57,367,519,477,0
2026-07-19 12:41:58,338,523,534,0
2026-07-19 12:41:59,310,520,535,0
2026-07-19 12:42:00,293,523,539,0
2026-07-19 12:42:01,286,520,515,0
2026-07-19 12:42:02,299,515,526,0
2026-07-19 12:42:03,306,518,515,0
2026-07-19 12:42:04,356,519,487,0
2026-07-19 12:42:05,396,540,506,0
2026-07-19 12:42:06,407,529,501,0
2026-07-19 12:42:07,356,536,460,0
2026-07-19 12:42:08,385,530,447,0
2026-07-19 12:42:09,364,529,405,0
2026-07-19 12:42:10,379,520,439,0
2026-07-19 12:42:11,362,518,415,0
2026-07-19 12:42:12,348,530,442,0
2026-07-19 12:42:13,370,553,461,0
2026-07-19 12:42:14,322,549,508,0
2026-07-19 12:42:15,269,533,490,0
2026-07-19 12:42:16,306,546,489,0
2026-07-19 12:42:17,303,554,506,0
2026-07-19 12:42:18,293,572,491,0
2026-07-19 12:42:19,346,537,525,0
2026-07-19 12:42:20,339,535,512,0
2026-07-19 12:42:21,384,569,487,0
2026-07-19 12:42:22,401,556,474,0
2026-07-19 12:42:23,362,537,431,0
2026-07-19 12:42:24,339,539,435,0
2026-07-19 12:42:25,400,536,387,0
2026-07-19 12:42:26,370,536,408,0
2026-07-19 12:42:27,357,543,409,0
2026-07-19 12:42:28,351,524,477,0
2026-07-19 12:42:29,348,519,477,0
2026-07-19 12:42:30,315,511,532,0
2026-07-19 12:42:31,281,518,482,0
2026-07-19 12:42:32,285,518,532,0
2026-07-19 12:42:33,303,534,537,0
2026-07-19 12:42:34,346,511,485,0
2026-07-19 12:42:35,379,525,497,0
2026-07-19 12:42:36,379,534,497,0
2026-07-19 12:42:37,370,517,503,0
2026-07-19 12:42:38,396,527,470,0
2026-07-19 12:42:39,392,535,470,0
2026-07-19 12:42:40,360,524,401,0
2026-07-19 12:42:41,378,547,449,0
2026-07-19 12:42:42,363,520,427,0
2026-07-19 12:42:43,358,515,466,0
2026-07-19 12:42:44,377,532,487,0
2026-07-19 12:42:45,328,531,527,0
2026-07-19 12:42:46,299,536,496,0
2026-07-19 12:42:47,287,507,494,0
2026-07-19 12:42:48,332,526,499,0
2026-07-19 12:42:49,308,531,476,0
2026-07-19 12:42:50,370,532,523,0
2026-07-19 12:42:51,390,567,503,0
2026-07-19 12:42:52,338,574,490,0
2026-07-19 12:42:53,376,559,488,0
2026-07-19 12:42:54,398,528,445,0
2026-07-19 12:42:55,368,538,411,0
2026-07-19 12:42:56,341,540,440,0
2026-07-19 12:42:57,356,539,418,0
2026-07-19 12:42:58,342,525,455,0
2026-07-19 12:42:59,348,526,468,0
2026-07-19 12:43:00,323,522,540,0
2026-07-19 12:43:01,305,527,512,0
2026-07-19 12:43:02,299,517,487,0
2026-07-19 12:43:03,314,512,513,0
2026-07-19 12:43:04,312,540,521,0
2026-07-19 12:43:05,353,539,511,0
2026-07-19 12:43:06,384,526,523,0
2026-07-19 12:43:07,390,539,482,0
2026-07-19 12:43:08,364,537,482,0
2026-07-19 12:43:09,391,549,418,0
2026-07-19 12:43:10,351,533,408,0
2026-07-19 12:43:11,376,548,417,0
2026-07-19 12:43:12,357,540,403,0
2026-07-19 12:43:13,356,525,433,0
2026-07-19 12:43:14,377,536,491,0
2026-07-19 12:43:15,329,522,481,0
2026-07-19 12:43:16,298,537,497,0
2026-07-19 12:43:17,295,505,476,0
2026-07-19 12:43:18,306,518,480,0
2026-07-19 12:43:19,277,539,460,0
2026-07-19 12:43:20,334,535,490,0
2026-07-19 12:43:21,353,534,508,0
2026-07-19 12:43:22,371,537,477,0
2026-07-19 12:43:23,355,527,495,0
2026-07-19 12:43:24,398,531,474,0
2026-07-19 12:43:25,379,539,402,0
2026-07-19 12:43:26,378,529,391,0
2026-07-19 12:43:27,372,564,442,0
2026-07-19 12:43:28,360,518,440,0
2026-07-19 12:43:29,331,526,525,0
2026-07-19 12:43:30,321,519,519,0
2026-07-19 12:43:31,328,522,503,0
2026-07-19 12:43:32,303,516,570,0
2026-07-19 12:43:33,286,522,529,0
2026-07-19 12:43:34,308,529,539,0
2026-07-19 12:43:35,317,531,516,0
2026-07-19 12:43:36,362,532,495,0
2026-07-19 12:43:37,377,533,487,0
2026-07-19 12:43:38,399,526,510,0
2026-07-19 12:43:39,393,511,494,0
2026-07-19 12:43:40,371,514,437,0
2026-07-19 12:43:41,378,542,402,0
2026-07-19 12:43:42,386,528,439,0
2026-07-19 12:43:43,386,530,465,0
2026-07-19 12:43:44,377,543,428,0
2026-07-19 12:43:45,363,527,492,0
2026-07-19 12:43:46,282,518,487,0
2026-07-19 12:43:47,287,545,496,0
2026-07-19 12:43:48,277,514,499,0
2026-07-19 12:43:49,270,538,495,0
2026-07-19 12:43:50,314,537,509,0
2026-07-19 12:43:51,331,541,523,0
2026-07-19 12:43:52,354,536,478,0
2026-07-19 12:43:53,375,556,494,0
2026-07-19 12:43:54,394,565,472,0
2026-07-19 12:43:55,372,524,420,0
2026-07-19 12:43:56,340,538,424,0
2026-07-19 12:43:57,335,527,418,0
2026-07-19 12:43:58,373,506,417,0
2026-07-19 12:43:59,357,519,432,0
2026-07-19 12:44:00,350,526,462,0
2026-07-19 12:44:01,341,529,493,0
2026-07-19 12:44:02,311,523,546,0
2026-07-19 12:44:03,287,514,536,0
2026-07-19 12:44:04,322,523,470,0
2026-07-19 12:44:05,280,529,529,0
2026-07-19 12:44:06,284,537,505,0
2026-07-19 12:44:07,312,516,500,0
2026-07-19 12:44:08,377,517,497,0
2026-07-19 12:44:09,405,524,488,0
2026-07-19 12:44:10,382,530,486,0
2026-07-19 12:44:11,374,528,479,0
2026-07-19 12:44:12,392,551,437,0
2026-07-19 12:44:13,360,523,404,0
2026-07-19 12:44:14,358,544,402,0
2026-07-19 12:44:15,354,524,467,0
2026-07-19 12:44:16,379,526,417,0
2026-07-19 12:44:17,384,533,433,0
2026-07-19 12:44:18,363,536,503,0
2026-07-19 12:44:19,304,534,530,0
2026-07-19 12:44:20,265,527,513,0
2026-07-19 12:44:21,315,547,501,0
2026-07-19 12:44:22,290,567,529,0
2026-07-19 12:44:23,315,539,522,0
2026-07-19 12:44:24,338,539,485,0
2026-07-19 12:44:25,352,551,507,0
2026-07-19 12:44:26,330,555,501,0
2026-07-19 12:44:27,358,536,479,0
2026-07-19 12:44:28,342,546,444,0
2026-07-19 12:44:29,347,536,434,0
2026-07-19 12:44:30,349,547,422,0
2026-07-19 12:44:31,377,533,441,0
2026-07-19 12:44:32,348,505,444,0
2026-07-19 12:44:33,348,529,445,0
2026-07-19 12:44:34,327,519,523,0
2026-07-19 12:44:35,308,510,528,0
2026-07-19 12:44:36,289,522,541,0
2026-07-19 12:44:37,295,529,522,0
2026-07-19 12:44:38,284,529,508,0
2026-07-19 12:44:39,303,526,526,0
2026-07-19 12:44:40,342,549,497,0
2026-07-19 12:44:41,360,551,497,0
2026-07-19 12:44:42,379,524,492,0
2026-07-19 12:44:43,398,540,512,0
2026-07-19 12:44:44,382,551,463,0
2026-07-19 12:44:45,353,515,454,0
2026-07-19 12:44:46,394,514,421,0
2026-07-19 12:44:47,351,513,426,0
2026-07-19 12:44:48,367,514,407,0
2026-07-19 12:44:49,383,517,445,0
2026-07-19 12:44:50,357,520,449,0
2026-07-19 12:44:51,397,536,469,0
2026-07-19 12:44:52,353,529,555,0
2026-07-19 12:44:53,303,544,511,0
2026-07-19 12:44:54,307,524,534,0
2026-07-19 12:44:55,291,519,518,0
2026-07-19 12:44:56,300,530,526,0
2026-07-19 12:44:57,295,532,532,0
2026-07-19 12:44:58,276,529,508,0
2026-07-19 12:44:59,273,518,514,0
2026-07-19 12:45:00,281,512,514,0
2026-07-19 12:45:01,278,509,486,0
2026-07-19 12:45:02,289,542,514,0
2026-07-19 12:45:03,310,547,520,0
2026-07-19 12:45:04,293,545,491,0
2026-07-19 12:45:05,301,541,469,0
2026-07-19 12:45:06,283,510,529,0
2026-07-19 12:45:07,297,536,534,0
2026-07-19 12:45:08,284,509,522,0
2026-07-19 12:45:09,317,545,464,0
2026-07-19 12:45:10,319,535,533,0
2026-07-19 12:45:11,271,567,487,0
2026-07-19 12:45:12,291,532,472,0
2026-07-19 12:45:13,300,521,516,0
2026-07-19 12:45:14,297,547,474,0
2026-07-19 12:45:15,332,520,512,0
2026-07-19 12:45:16,328,525,497,0
2026-07-19 12:45:17,337,530,483,0
2026-07-19 12:45:18,385,541,500,0
2026-07-19 12:45:19,345,542,485,0
2026-07-19 12:45:20,357,534,445,0
2026-07-19 12:45:21,372,538,443,0
2026-07-19 12:45:22,350,535,425,0
2026-07-19 12:45:23,320,523,434,0
2026-07-19 12:45:24,340,506,424,0
2026-07-19 12:45:25,354,560,430,0
2026-07-19 12:45:26,355,537,417,0
2026-07-19 12:45:27,363,525,453,0
2026-07-19 12:45:28,318,527,516,0
2026-07-19 12:45:29,345,527,511,0
2026-07-19 12:45:30,298,521,505,0
2026-07-19 12:45:31,311,520,522,0
2026-07-19 12:45:32,297,527,523,0
2026-07-19 12:45:33,299,535,534,0
2026-07-19 12:45:34,344,531,506,0
2026-07-19 12:45:35,383,513,492,0
2026-07-19 12:45:36,394,525,483,0
2026-07-19 12:45:37,372,525,472,0
2026-07-19 12:45:38,370,524,439,0
2026-07-19 12:45:39,370,528,407,0
2026-07-19 12:45:40,356,529,382,0
2026-07-19 12:45:41,383,513,371,0
2026-07-19 12:45:42,364,519,414,0
2026-07-19 12:45:43,358,530,484,0
2026-07-19 12:45:44,358,514,499,0
2026-07-19 12:45:45,300,536,475,0
2026-07-19 12:45:46,301,538,486,0
2026-07-19 12:45:47,309,554,518,0
2026-07-19 12:45:48,283,548,488,0
2026-07-19 12:45:49,313,523,514,0
2026-07-19 12:45:50,347,533,481,0
2026-07-19 12:45:51,352,519,479,0
2026-07-19 12:45:52,343,540,495,0
2026-07-19 12:45:53,367,557,499,0
2026-07-19 12:45:54,340,537,426,0
2026-07-19 12:45:55,368,535,386,0
2026-07-19 12:45:56,352,518,420,0
2026-07-19 12:45:57,358,516,419,0
2026-07-19 12:45:58,364,521,456,0
2026-07-19 12:45:59,342,516,485,0
2026-07-19 12:46:00,293,529,540,0
2026-07-19 12:46:01,294,522,506,0
2026-07-19 12:46:02,288,524,524,0
2026-07-19 12:46:03,308,513,504,0
2026-07-19 12:46:04,331,533,477,0
2026-07-19 12:46:05,362,525,503,0
2026-07-19 12:46:06,383,528,485,0
2026-07-19 12:46:07,376,539,473,0
2026-07-19 12:46:08,370,532,451,0
2026-07-19 12:46:09,342,536,410,0
2026-07-19 12:46:10,372,523,420,0
2026-07-19 12:46:11,363,519,444,0
2026-07-19 12:46:12,374,524,434,0
2026-07-19 12:46:13,357,520,486,0
2026-07-19 12:46:14,308,526,487,0
2026-07-19 12:46:15,313,528,496,0
2026-07-19 12:46:16,300,519,513,0
2026-07-19 12:46:17,280,523,502,0
2026-07-19 12:46:18,305,516,489,0
2026-07-19 12:46:19,324,542,481,0
2026-07-19 12:46:20,379,527,485,0
2026-07-19 12:46:21,381,532,493,0
2026-07-19 12:46:22,369,545,488,0
2026-07-19 12:46:23,355,558,412,0
2026-07-19 12:46:24,386,551,446,0
2026-07-19 12:46:25,365,536,400,0
2026-07-19 12:46:26,371,549,422,0
2026-07-19 12:46:27,358,521,438,0
2026-07-19 12:46:28,330,531,502,0
2026-07-19 12:46:29,323,521,532,0
2026-07-19 12:46:30,300,525,490,0
2026-07-19 12:46:31,313,517,515,0
2026-07-19 12:46:32,275,518,477,0
2026-07-19 12:46:33,332,535,503,0
2026-07-19 12:46:34,379,532,484,0
2026-07-19 12:46:35,402,524,486,0
2026-07-19 12:46:36,404,523,486,0
2026-07-19 12:46:37,359,535,477,0
2026-07-19 12:46:38,373,552,434,0
2026-07-19 12:46:39,389,535,468,0
2026-07-19 12:46:40,346,523,425,0
2026-07-19 12:46:41,358,516,439,0
2026-07-19 12:46:42,384,525,441,0
2026-07-19 12:46:43,367,524,478,0
2026-07-19 12:46:44,311,527,507,0
2026-07-19 12:46:45,311,533,490,0
2026-07-19 12:46:46,294,547,474,0
2026-07-19 12:46:47,265,549,516,0
2026-07-19 12:46:48,301,554,488,0
2026-07-19 12:46:49,354,534,476,0
2026-07-19 12:46:50,333,566,465,0
2026-07-19 12:46:51,385,512,502,0
2026-07-19 12:46:52,359,532,443,0
2026-07-19 12:46:53,379,535,413,0
2026-07-19 12:46:54,335,529,408,0
2026-07-19 12:46:55,350,509,375,0
2026-07-19 12:46:56,337,543,409,0
2026-07-19 12:46:57,362,517,431,0
2026-07-19 12:46:58,347,518,473,0
2026-07-19 12:46:59,321,525,507,0
2026-07-19 12:47:00,300,516,478,0
2026-07-19 12:47:01,277,518,499,0
2026-07-19 12:47:02,283,523,502,0
2026-07-19 12:47:03,312,535,469,0
2026-07-19 12:47:04,337,519,499,0
2026-07-19 12:47:05,376,515,471,0
2026-07-19 12:47:06,405,532,487,0
2026-07-19 12:47:07,392,516,493,0
2026-07-19 12:47:08,381,540,424,0
2026-07-19 12:47:09,351,532,421,0
2026-07-19 12:47:10,388,533,468,0
2026-07-19 12:47:11,372,540,441,0
2026-07-19 12:47:12,363,519,447,0
2026-07-19 12:47:13,373,542,459,0
2026-07-19 12:47:14,345,518,518,0
2026-07-19 12:47:15,302,523,478,0
2026-07-19 12:47:16,253,542,515,0
2026-07-19 12:47:17,308,559,497,0
2026-07-19 12:47:18,292,560,480,0
2026-07-19 12:47:19,313,530,496,0
2026-07-19 12:47:20,331,540,483,0
2026-07-19 12:47:21,349,535,453,0
2026-07-19 12:47:22,329,567,462,0
2026-07-19 12:47:23,377,531,466,0
2026-07-19 12:47:24,371,524,396,0
2026-07-19 12:47:25,349,536,435,0
2026-07-19 12:47:26,352,562,399,0
2026-07-19 12:47:27,365,518,430,0
2026-07-19 12:47:28,352,515,476,0
2026-07-19 12:47:29,342,520,462,0
2026-07-19 12:47:30,296,522,507,0
2026-07-19 12:47:31,293,519,486,0
2026-07-19 12:47:32,293,519,517,0
2026-07-19 12:47:33,301,537,481,0
2026-07-19 12:47:34,326,528,495,0
2026-07-19 12:47:35,373,516,481,0
2026-07-19 12:47:36,385,540,481,0
2026-07-19 12:47:37,392,516,496,0
2026-07-19 12:47:38,385,517,457,0
2026-07-19 12:47:39,370,513,422,0
2026-07-19 12:47:40,388,528,425,0
2026-07-19 12:47:41,350,541,442,0
2026-07-19 12:47:42,375,520,451,0
2026-07-19 12:47:43,369,536,452,0
2026-07-19 12:47:44,350,542,489,0
2026-07-19 12:47:45,322,536,521,0
2026-07-19 12:47:46,274,529,519,0
2026-07-19 12:47:47,271,536,482,0
2026-07-19 12:47:48,320,513,478,0
2026-07-19 12:47:49,298,570,458,0
2026-07-19 12:47:50,332,521,470,0
2026-07-19 12:47:51,336,534,484,0
2026-07-19 12:47:52,357,527,466,0
2026-07-19 12:47:53,318,538,474,0
2026-07-19 12:47:54,342,561,436,0
2026-07-19 12:47:55,344,549,385,0
2026-07-19 12:47:56,356,538,397,0
2026-07-19 12:47:57,352,543,428,0
2026-07-19 12:47:58,344,527,405,0
2026-07-19 12:47:59,365,514,443,0
2026-07-19 12:48:00,347,525,485,0
2026-07-19 12:48:01,328,514,509,0
2026-07-19 12:48:02,300,517,485,0
2026-07-19 12:48:03,298,525,479,0
2026-07-19 12:48:04,283,516,492,0
2026-07-19 12:48:05,331,522,495,0
2026-07-19 12:48:06,357,536,482,0
2026-07-19 12:48:07,364,522,465,0
2026-07-19 12:48:08,365,515,469,0
2026-07-19 12:48:09,345,529,476,0
2026-07-19 12:48:10,358,533,421,0
2026-07-19 12:48:11,374,527,422,0
2026-07-19 12:48:12,343,529,404,0
2026-07-19 12:48:13,373,518,418,0
2026-07-19 12:48:14,377,534,441,0
2026-07-19 12:48:15,342,517,510,0
2026-07-19 12:48:16,312,533,464,0
2026-07-19 12:48:17,309,555,507,0
2026-07-19 12:48:18,278,510,483,0
2026-07-19 12:48:19,315,547,491,0
2026-07-19 12:48:20,314,551,481,0
2026-07-19 12:48:21,364,525,486,0
2026-07-19 12:48:22,354,547,475,0
2026-07-19 12:48:23,391,546,500,0
2026-07-19 12:48:24,364,536,436,0
2026-07-19 12:48:25,346,539,436,0
2026-07-19 12:48:26,365,543,397,0
2026-07-19 12:48:27,359,534,427,0
2026-07-19 12:48:28,373,546,418,0
2026-07-19 12:48:29,343,525,441,0
2026-07-19 12:48:30,331,525,470,0
2026-07-19 12:48:31,320,524,477,0
2026-07-19 12:48:32,291,516,496,0
2026-07-19 12:48:33,303,524,516,0
2026-07-19 12:48:34,301,523,497,0
2026-07-19 12:48:35,309,521,486,0
2026-07-19 12:48:36,305,522,486,0
2026-07-19 12:48:37,341,529,479,0
2026-07-19 12:48:38,371,516,475,0
2026-07-19 12:48:39,389,534,492,0
2026-07-19 12:48:40,380,538,477,0
2026-07-19 12:48:41,365,517,481,0
2026-07-19 12:48:42,383,533,419,0
2026-07-19 12:48:43,375,540,416,0
2026-07-19 12:48:44,380,527,404,0
2026-07-19 12:48:45,361,537,397,0
2026-07-19 12:48:46,375,538,418,0
2026-07-19 12:48:47,381,524,422,0
2026-07-19 12:48:48,363,523,444,0
2026-07-19 12:48:49,359,526,438,0
2026-07-19 12:48:50,371,531,458,0
2026-07-19 12:48:51,340,519,486,0
2026-07-19 12:48:52,315,524,500,0
2026-07-19 12:48:53,317,545,493,0
2026-07-19 12:48:54,298,514,469,0
2026-07-19 12:48:55,329,529,470,0
2026-07-19 12:48:56,279,524,481,0
2026-07-19 12:48:57,296,513,494,0
2026-07-19 12:48:58,301,508,440,0
2026-07-19 12:48:59,268,532,513,0
2026-07-19 12:49:00,290,525,476,0
2026-07-19 12:49:01,293,537,493,0
2026-07-19 12:49:02,286,534,470,0
2026-07-19 12:49:03,328,528,468,0
2026-07-19 12:49:04,296,517,460,0
2026-07-19 12:49:05,350,526,471,0
2026-07-19 12:49:06,354,536,506,0
2026-07-19 12:49:07,383,525,446,0
2026-07-19 12:49:08,390,518,432,0
2026-07-19 12:49:09,371,519,387,0
2026-07-19 12:49:10,348,523,424,0
2026-07-19 12:49:11,355,536,416,0
2026-07-19 12:49:12,389,530,428,0
2026-07-19 12:49:13,412,526,431,0
2026-07-19 12:49:14,409,530,478,0
2026-07-19 12:49:15,375,544,480,0
2026-07-19 12:49:16,366,541,502,0
2026-07-19 12:49:17,314,530,476,0
2026-07-19 12:49:18,300,539,471,0
2026-07-19 12:49:19,302,519,492,0
2026-07-19 12:49:20,294,517,500,0
2026-07-19 12:49:21,295,510,477,0
2026-07-19 12:49:22,347,534,490,0
2026-07-19 12:49:23,353,528,453,0
2026-07-19 12:49:24,343,521,419,0
2026-07-19 12:49:25,338,513,415,0
2026-07-19 12:49:26,348,540,397,0
2026-07-19 12:49:27,353,520,422,0
2026-07-19 12:49:28,356,534,396,0
2026-07-19 12:49:29,331,546,455,0
2026-07-19 12:49:30,371,525,474,0
2026-07-19 12:49:31,343,549,477,0
2026-07-19 12:49:32,369,555,467,0
2026-07-19 12:49:33,328,562,480,0
2026-07-19 12:49:34,302,531,450,0
2026-07-19 12:49:35,275,559,480,0
2026-07-19 12:49:36,296,536,482,0
2026-07-19 12:49:37,299,510,500,0
2026-07-19 12:49:38,365,521,452,0
2026-07-19 12:49:39,365,536,447,0
2026-07-19 12:49:40,351,528,433,0
2026-07-19 12:49:41,374,521,388,0
2026-07-19 12:49:42,376,513,429,0
2026-07-19 12:49:43,389,537,426,0
2026-07-19 12:49:44,370,541,444,0
2026-07-19 12:49:45,401,525,480,0
2026-07-19 12:49:46,368,512,486,0
2026-07-19 12:49:47,373,525,492,0
2026-07-19 12:49:48,350,525,474,0
2026-07-19 12:49:49,350,541,479,0
2026-07-19 12:49:50,345,502,458,0
2026-07-19 12:49:51,295,520,482,0
2026-07-19 12:49:52,283,517,491,0
2026-07-19 12:49:53,281,520,487,0
2026-07-19 12:49:54,290,526,466,0
2026-07-19 12:49:55,293,524,480,0
2026-07-19 12:49:56,293,521,463,0
2026-07-19 12:49:57,295,518,472,0
2026-07-19 12:49:58,294,524,463,0
2026-07-19 12:49:59,293,524,483,0
2026-07-19 12:50:00,293,520,497,0
2026-07-19 12:50:01,307,522,484,0
2026-07-19 12:50:02,278,513,467,0
2026-07-19 12:50:03,303,529,484,0
2026-07-19 12:50:04,306,530,493,0
2026-07-19 12:50:05,329,528,470,0
2026-07-19 12:50:06,380,530,473,0
2026-07-19 12:50:07,385,511,475,0
2026-07-19 12:50:08,395,517,479,0
2026-07-19 12:50:09,379,535,473,0
2026-07-19 12:50:10,406,533,416,0
2026-07-19 12:50:11,375,518,400,0
2026-07-19 12:50:12,360,535,437,0
2026-07-19 12:50:13,370,531,397,0
2026-07-19 12:50:14,366,518,429,0
2026-07-19 12:50:15,353,541,458,0
2026-07-19 12:50:16,305,535,457,0
2026-07-19 12:50:17,260,511,477,0
2026-07-19 12:50:18,252,545,443,0
2026-07-19 12:50:19,291,518,455,0
2026-07-19 12:50:20,308,530,463,0
2026-07-19 12:50:21,355,550,477,0
2026-07-19 12:50:22,377,535,472,0
2026-07-19 12:50:23,363,561,470,0
2026-07-19 12:50:24,393,528,480,0
2026-07-19 12:50:25,363,538,409,0
2026-07-19 12:50:26,333,551,401,0
2026-07-19 12:50:27,362,523,416,0
2026-07-19 12:50:28,351,553,412,0
2026-07-19 12:50:29,365,526,431,0
2026-07-19 12:50:30,356,530,463,0
2026-07-19 12:50:31,313,513,500,0
2026-07-19 12:50:32,294,512,495,0
2026-07-19 12:50:33,294,519,469,0
2026-07-19 12:50:34,310,520,495,0
2026-07-19 12:50:35,306,514,480,0
2026-07-19 12:50:36,345,530,482,0
2026-07-19 12:50:37,383,536,490,0
2026-07-19 12:50:38,370,537,476,0
2026-07-19 12:50:39,365,524,471,0
2026-07-19 12:50:40,375,526,434,0
2026-07-19 12:50:41,370,529,439,0
2026-07-19 12:50:42,400,514,388,0
2026-07-19 12:50:43,371,518,427,0
2026-07-19 12:50:44,373,524,419,0
2026-07-19 12:50:45,379,514,440,0
2026-07-19 12:50:46,331,542,465,0
2026-07-19 12:50:47,301,522,461,0
2026-07-19 12:50:48,289,541,504,0
2026-07-19 12:50:49,307,550,478,0
2026-07-19 12:50:50,266,540,466,0
2026-07-19 12:50:51,317,539,455,0
2026-07-19 12:50:52,334,527,465,0
2026-07-19 12:50:53,354,538,463,0
2026-07-19 12:50:54,377,523,477,0
2026-07-19 12:50:55,402,531,448,0
2026-07-19 12:50:56,396,514,444,0
2026-07-19 12:50:57,328,517,402,0
2026-07-19 12:50:58,348,532,429,0
2026-07-19 12:50:59,352,538,401,0
2026-07-19 12:51:00,339,509,415,0
2026-07-19 12:51:01,344,516,430,0
2026-07-19 12:51:02,359,516,481,0
2026-07-19 12:51:03,351,525,489,0
2026-07-19 12:51:04,316,523,470,0
2026-07-19 12:51:05,296,514,466,0
2026-07-19 12:51:06,287,525,486,0
2026-07-19 12:51:07,311,515,500,0
2026-07-19 12:51:08,300,531,476,0
2026-07-19 12:51:09,344,516,478,0
2026-07-19 12:51:10,364,527,468,0
2026-07-19 12:51:11,396,552,470,0
2026-07-19 12:51:12,386,528,458,0
2026-07-19 12:51:13,380,529,487,0
2026-07-19 12:51:14,380,536,420,0
2026-07-19 12:51:15,371,547,407,0
2026-07-19 12:51:16,370,512,401,0
2026-07-19 12:51:17,388,510,399,0
2026-07-19 12:51:18,384,535,410,0
2026-07-19 12:51:19,371,509,380,0
2026-07-19 12:51:20,372,513,412,0
2026-07-19 12:51:21,368,516,420,0
2026-07-19 12:51:22,367,531,439,0
2026-07-19 12:51:23,365,528,418,0
2026-07-19 12:51:24,352,532,424,0
2026-07-19 12:51:25,370,527,458,0
2026-07-19 12:51:26,341,526,488,0
2026-07-19 12:51:27,352,536,477,0
2026-07-19 12:51:28,359,529,484,0
2026-07-19 12:51:29,372,525,444,0
2026-07-19 12:51:30,368,546,475,0
2026-07-19 12:51:31,350,529,467,0
2026-07-19 12:51:32,321,513,485,0
2026-07-19 12:51:33,368,530,456,0
2026-07-19 12:51:34,348,531,465,0
2026-07-19 12:51:35,382,519,461,0
2026-07-19 12:51:36,343,533,475,0
2026-07-19 12:51:37,364,527,444,0
2026-07-19 12:51:38,363,535,414,0
2026-07-19 12:51:39,380,527,421,0
2026-07-19 12:51:40,379,521,421,0
2026-07-19 12:51:41,359,534,402,0
2026-07-19 12:51:42,371,530,412,0
2026-07-19 12:51:43,369,534,407,0
2026-07-19 12:51:44,360,525,403,0
2026-07-19 12:51:45,378,529,432,0
2026-07-19 12:51:46,349,540,423,0
2026-07-19 12:51:47,367,537,419,0
2026-07-19 12:51:48,347,510,411,0
2026-07-19 12:51:49,351,514,412,0
2026-07-19 12:51:50,350,536,409,0
2026-07-19 12:51:51,361,522,409,0
2026-07-19 12:51:52,361,529,432,0
2026-07-19 12:51:53,392,521,434,0
2026-07-19 12:51:54,359,535,400,0
2026-07-19 12:51:55,397,530,406,0
2026-07-19 12:51:56,373,523,410,0
2026-07-19 12:51:57,344,506,396,0
2026-07-19 12:51:58,349,537,427,0
2026-07-19 12:51:59,355,510,443,0
2026-07-19 12:52:00,395,530,435,0
2026-07-19 12:52:01,374,529,476,0
2026-07-19 12:52:02,359,513,462,0
2026-07-19 12:52:03,334,526,482,0
2026-07-19 12:52:04,316,521,484,0
2026-07-19 12:52:05,312,527,489,0
2026-07-19 12:52:06,313,534,482,0
2026-07-19 12:52:07,297,547,460,0
2026-07-19 12:52:08,288,547,483,0
2026-07-19 12:52:09,301,525,486,0
2026-07-19 12:52:10,300,530,464,0
2026-07-19 12:52:11,313,533,459,0
2026-07-19 12:52:12,320,515,454,0
2026-07-19 12:52:13,374,529,460,0
2026-07-19 12:52:14,391,526,473,0
2026-07-19 12:52:15,386,563,445,0
2026-07-19 12:52:16,342,532,415,0
2026-07-19 12:52:17,374,519,410,0
2026-07-19 12:52:18,386,542,404,0
2026-07-19 12:52:19,358,533,403,0
2026-07-19 12:52:20,348,527,407,0
2026-07-19 12:52:21,342,521,474,0
2026-07-19 12:52:22,317,518,473,0
2026-07-19 12:52:23,302,516,473,0
2026-07-19 12:52:24,291,514,504,0
2026-07-19 12:52:25,299,524,474,0
2026-07-19 12:52:26,277,511,476,0
2026-07-19 12:52:27,300,529,478,0
2026-07-19 12:52:28,361,521,472,0
2026-07-19 12:52:29,413,530,480,0
2026-07-19 12:52:30,378,515,457,0
2026-07-19 12:52:31,375,538,476,0
2026-07-19 12:52:32,373,521,427,0
2026-07-19 12:52:33,369,516,427,0
2026-07-19 12:52:34,376,533,442,0
2026-07-19 12:52:35,352,512,414,0
2026-07-19 12:52:36,359,537,397,0
2026-07-19 12:52:37,352,520,395,0
2026-07-19 12:52:38,359,539,395,0
2026-07-19 12:52:39,376,520,391,0
2026-07-19 12:52:40,368,508,415,0
2026-07-19 12:52:41,349,511,390,0
2026-07-19 12:52:42,358,511,416,0
2026-07-19 12:52:43,366,507,396,0
2026-07-19 12:52:44,369,525,412,0
2026-07-19 12:52:45,382,520,438,0
2026-07-19 12:52:46,368,510,394,0
2026-07-19 12:52:47,364,533,445,0
2026-07-19 12:52:48,378,542,428,0
2026-07-19 12:52:49,390,519,459,0
2026-07-19 12:52:50,365,519,460,0
2026-07-19 12:52:51,366,524,462,0
2026-07-19 12:52:52,363,516,473,0
2026-07-19 12:52:53,295,527,476,0
2026-07-19 12:52:54,303,526,482,0
2026-07-19 12:52:55,286,520,499,0
2026-07-19 12:52:56,301,524,476,0
2026-07-19 12:52:57,297,517,478,0
2026-07-19 12:52:58,327,519,482,0
2026-07-19 12:52:59,347,528,442,0
2026-07-19 12:53:00,346,526,415,0
2026-07-19 12:53:01,338,521,399,0
2026-07-19 12:53:02,347,540,406,0
2026-07-19 12:53:03,347,513,380,0
2026-07-19 12:53:04,373,534,390,0
2026-07-19 12:53:05,386,528,442,0
2026-07-19 12:53:06,378,532,440,0
2026-07-19 12:53:07,342,508,472,0
2026-07-19 12:53:08,355,558,489,0
2026-07-19 12:53:09,383,531,449,0
2026-07-19 12:53:10,332,531,461,0
2026-07-19 12:53:11,340,546,453,0
2026-07-19 12:53:12,341,533,454,0
2026-07-19 12:53:13,338,551,453,0
2026-07-19 12:53:14,342,523,455,0
2026-07-19 12:53:15,311,528,487,0
2026-07-19 12:53:16,359,539,452,0
2026-07-19 12:53:17,318,525,455,0
2026-07-19 12:53:18,321,559,459,0
2026-07-19 12:53:19,311,565,466,0
2026-07-19 12:53:20,306,519,489,0
2026-07-19 12:53:21,301,521,475,0
2026-07-19 12:53:22,283,522,444,0
2026-07-19 12:53:23,305,530,492,0
2026-07-19 12:53:24,318,525,482,0
2026-07-19 12:53:25,280,511,471,0
2026-07-19 12:53:26,285,525,485,0
2026-07-19 12:53:28,270,538,470,0
2026-07-19 12:53:28,282,502,493,0
2026-07-19 12:53:29,271,531,466,0
2026-07-19 12:53:30,269,511,500,0
2026-07-19 12:53:31,262,533,456,0
2026-07-19 12:53:32,273,522,490,0
2026-07-19 12:53:33,303,522,442,0
2026-07-19 12:53:34,329,527,469,0
2026-07-19 12:53:35,355,521,450,0
2026-07-19 12:53:36,368,526,425,0
2026-07-19 12:53:37,363,529,412,0
2026-07-19 12:53:38,358,534,394,0
2026-07-19 12:53:39,368,535,418,0
2026-07-19 12:53:40,383,524,401,0
2026-07-19 12:53:41,364,531,422,0
2026-07-19 12:53:42,393,512,447,0
2026-07-19 12:53:43,381,520,465,0
2026-07-19 12:53:44,360,518,463,0
2026-07-19 12:53:45,320,532,483,0
2026-07-19 12:53:46,290,508,493,0
2026-07-19 12:53:47,303,517,455,0
2026-07-19 12:53:48,303,520,461,0
2026-07-19 12:53:49,309,520,460,0
2026-07-19 12:53:50,343,523,466,0
2026-07-19 12:53:51,337,525,460,0
2026-07-19 12:53:52,360,526,427,0
2026-07-19 12:53:53,358,508,400,0
2026-07-19 12:53:54,363,548,386,0
2026-07-19 12:53:55,361,545,390,0
2026-07-19 12:53:56,336,521,413,0
2026-07-19 12:53:57,381,530,440,0
2026-07-19 12:53:58,369,531,465,0
2026-07-19 12:53:59,350,527,493,0
2026-07-19 12:54:00,331,526,473,0
2026-07-19 12:54:01,328,555,463,0
2026-07-19 12:54:02,296,544,478,0
2026-07-19 12:54:03,294,544,483,0
2026-07-19 12:54:05,279,547,481,0
2026-07-19 12:54:05,282,508,472,0
2026-07-19 12:54:06,323,521,473,0
2026-07-19 12:54:07,338,524,479,0
2026-07-19 12:54:08,365,517,497,0
2026-07-19 12:54:09,371,524,434,0
2026-07-19 12:54:10,371,524,436,0
2026-07-19 12:54:11,365,513,413,0
2026-07-19 12:54:12,354,518,404,0
2026-07-19 12:54:13,352,530,403,0
2026-07-19 12:54:14,367,512,411,0
2026-07-19 12:54:15,352,513,401,0
2026-07-19 12:54:16,346,534,408,0
2026-07-19 12:54:17,374,526,413,0
2026-07-19 12:54:18,357,535,373,0
2026-07-19 12:54:19,374,513,397,0
2026-07-19 12:54:20,371,533,421,0
2026-07-19 12:54:21,348,533,383,0
2026-07-19 12:54:22,367,538,412,0
2026-07-19 12:54:23,368,513,388,0
2026-07-19 12:54:24,371,526,458,0
2026-07-19 12:54:25,360,524,410,0
2026-07-19 12:54:26,385,522,446,0
2026-07-19 12:54:27,352,529,470,0
2026-07-19 12:54:28,336,541,468,0
2026-07-19 12:54:29,320,516,506,0
2026-07-19 12:54:30,251,540,479,0
2026-07-19 12:54:31,294,520,451,0
2026-07-19 12:54:32,323,530,438,0
2026-07-19 12:54:33,320,551,471,0
2026-07-19 12:54:34,368,559,460,0
2026-07-19 12:54:35,397,517,463,0
2026-07-19 12:54:36,373,559,441,0
2026-07-19 12:54:37,343,533,429,0
2026-07-19 12:54:38,394,526,409,0
2026-07-19 12:54:39,382,543,407,0
2026-07-19 12:54:40,337,529,392,0
2026-07-19 12:54:41,355,510,380,0
2026-07-19 12:54:42,363,517,425,0
2026-07-19 12:54:43,348,526,460,0
2026-07-19 12:54:44,316,512,470,0
2026-07-19 12:54:45,300,510,472,0
2026-07-19 12:54:46,306,522,462,0
2026-07-19 12:54:47,278,515,459,0
2026-07-19 12:54:48,289,503,486,0
2026-07-19 12:54:49,284,530,468,0
2026-07-19 12:54:50,291,535,483,0
2026-07-19 12:54:51,310,529,473,0
2026-07-19 12:54:52,366,534,467,0
2026-07-19 12:54:53,385,521,465,0
2026-07-19 12:54:54,387,529,465,0
2026-07-19 12:54:55,373,506,470,0
2026-07-19 12:54:56,379,516,456,0
2026-07-19 12:54:57,389,536,455,0
2026-07-19 12:54:58,382,533,477,0
2026-07-19 12:54:59,350,533,464,0
2026-07-19 12:55:00,374,519,454,0
2026-07-19 12:55:01,362,525,416,0
2026-07-19 12:55:02,391,537,402,0
2026-07-19 12:55:03,392,515,405,0
2026-07-19 12:55:04,329,517,412,0
2026-07-19 12:55:05,389,520,384,0
2026-07-19 12:55:06,375,533,428,0
2026-07-19 12:55:07,386,517,410,0
2026-07-19 12:55:08,362,520,403,0
2026-07-19 12:55:09,364,531,404,0
2026-07-19 12:55:10,390,513,403,0
2026-07-19 12:55:11,340,517,418,0
2026-07-19 12:55:12,381,509,467,0
2026-07-19 12:55:13,393,516,464,0
2026-07-19 12:55:14,346,512,482,0
2026-07-19 12:55:15,317,515,468,0
2026-07-19 12:55:16,307,523,459,0
2026-07-19 12:55:17,285,520,476,0
2026-07-19 12:55:18,312,510,452,0
2026-07-19 12:55:19,284,550,479,0
2026-07-19 12:55:20,283,515,463,0
2026-07-19 12:55:21,296,517,464,0
2026-07-19 12:55:22,312,547,485,0
2026-07-19 12:55:23,345,525,442,0
2026-07-19 12:55:24,358,530,446,0
2026-07-19 12:55:25,343,530,455,0
2026-07-19 12:55:26,334,524,459,0
2026-07-19 12:55:27,347,538,453,0
2026-07-19 12:55:28,356,559,455,0
2026-07-19 12:55:29,378,552,439,0
2026-07-19 12:55:30,378,524,448,0
2026-07-19 12:55:31,375,528,409,0
2026-07-19 12:55:32,382,542,411,0
2026-07-19 12:55:33,346,528,420,0
2026-07-19 12:55:34,357,525,416,0
2026-07-19 12:55:35,402,536,430,0
2026-07-19 12:55:36,356,523,430,0
2026-07-19 12:55:37,346,548,440,0
2026-07-19 12:55:38,386,527,448,0
2026-07-19 12:55:39,363,515,451,0
2026-07-19 12:55:40,378,522,437,0
2026-07-19 12:55:41,330,538,450,0
2026-07-19 12:55:42,351,530,444,0
2026-07-19 12:55:43,343,511,474,0
2026-07-19 12:55:44,334,535,447,0
2026-07-19 12:55:45,314,535,445,0
2026-07-19 12:55:46,308,529,463,0
2026-07-19 12:55:47,273,514,463,0
2026-07-19 12:55:48,275,505,463,0
2026-07-19 12:55:49,294,520,475,0
2026-07-19 12:55:50,362,525,497,0
2026-07-19 12:55:51,363,534,443,0
2026-07-19 12:55:52,343,520,422,0
2026-07-19 12:55:53,379,511,407,0
2026-07-19 12:55:54,377,526,413,0
2026-07-19 12:55:55,363,534,404,0
2026-07-19 12:55:56,379,528,399,0
2026-07-19 12:55:57,375,517,447,0
2026-07-19 12:55:58,364,526,488,0
2026-07-19 12:55:59,370,529,456,0
2026-07-19 12:56:00,311,509,475,0
2026-07-19 12:56:01,296,515,470,0
2026-07-19 12:56:02,314,517,464,0
2026-07-19 12:56:03,308,519,455,0
2026-07-19 12:56:04,301,515,466,0
2026-07-19 12:56:05,342,518,491,0
2026-07-19 12:56:06,343,519,456,0
2026-07-19 12:56:07,358,528,419,0
2026-07-19 12:56:08,352,517,443,0
2026-07-19 12:56:09,349,556,396,0
2026-07-19 12:56:10,370,548,400,0
2026-07-19 12:56:11,344,529,409,0
2026-07-19 12:56:12,349,533,413,0
2026-07-19 12:56:13,359,510,455,0
2026-07-19 12:56:14,361,524,445,0
2026-07-19 12:56:15,351,536,457,0
2026-07-19 12:56:16,343,529,469,0
2026-07-19 12:56:17,363,532,468,0
2026-07-19 12:56:18,318,531,468,0
2026-07-19 12:56:19,311,518,464,0
2026-07-19 12:56:20,303,524,455,0
2026-07-19 12:56:21,303,526,471,0
2026-07-19 12:56:22,309,542,471,0
2026-07-19 12:56:23,288,544,490,0
2026-07-19 12:56:24,294,549,464,0
2026-07-19 12:56:25,322,551,487,0
2026-07-19 12:56:26,294,519,454,0
2026-07-19 12:56:27,286,553,485,0
2026-07-19 12:56:28,299,520,458,0
2026-07-19 12:56:29,314,520,466,0
2026-07-19 12:56:30,294,523,475,0
2026-07-19 12:56:31,304,521,475,0
2026-07-19 12:56:32,268,516,466,0
2026-07-19 12:56:33,288,528,483,0
2026-07-19 12:56:34,302,518,478,0
2026-07-19 12:56:35,294,519,469,0
2026-07-19 12:56:36,350,523,462,0
2026-07-19 12:56:37,347,524,428,0
2026-07-19 12:56:38,350,518,478,0
2026-07-19 12:56:39,346,510,426,0
2026-07-19 12:56:40,373,530,418,0
2026-07-19 12:56:41,359,529,431,0
2026-07-19 12:56:42,363,523,387,0
2026-07-19 12:56:43,357,515,415,0
2026-07-19 12:56:44,370,515,426,0
2026-07-19 12:56:45,358,520,399,0
2026-07-19 12:56:46,378,517,434,0
2026-07-19 12:56:47,370,511,452,0
2026-07-19 12:56:48,358,527,472,0
2026-07-19 12:56:49,359,526,465,0
2026-07-19 12:56:50,351,541,455,0
2026-07-19 12:56:51,339,513,465,0
2026-07-19 12:56:52,304,522,450,0
2026-07-19 12:56:53,280,541,456,0
2026-07-19 12:56:54,280,531,455,0
2026-07-19 12:56:55,319,520,476,0
2026-07-19 12:56:56,308,521,457,0
2026-07-19 12:56:57,350,539,464,0
2026-07-19 12:56:58,360,527,440,0
2026-07-19 12:56:59,351,516,457,0
2026-07-19 12:57:00,386,531,432,0
2026-07-19 12:57:01,364,545,401,0
2026-07-19 12:57:02,361,531,392,0
2026-07-19 12:57:03,339,507,390,0
2026-07-19 12:57:04,351,513,401,0
2026-07-19 12:57:05,342,517,415,0
2026-07-19 12:57:06,336,521,451,0
2026-07-19 12:57:07,318,520,461,0
2026-07-19 12:57:08,268,513,449,0
2026-07-19 12:57:09,301,517,455,0
2026-07-19 12:57:10,314,505,472,0
2026-07-19 12:57:11,319,530,457,0
2026-07-19 12:57:12,367,510,455,0
2026-07-19 12:57:13,362,518,449,0
2026-07-19 12:57:14,378,534,481,0
2026-07-19 12:57:15,395,524,448,0
2026-07-19 12:57:16,373,539,410,0
2026-07-19 12:57:17,375,525,396,0
2026-07-19 12:57:18,360,517,389,0
2026-07-19 12:57:19,380,517,414,0
2026-07-19 12:57:20,334,522,470,0
2026-07-19 12:57:21,289,499,463,0
2026-07-19 12:57:22,291,529,448,0
2026-07-19 12:57:23,284,550,484,0
2026-07-19 12:57:24,283,526,454,0
2026-07-19 12:57:25,293,546,466,0
2026-07-19 12:57:26,309,524,459,0
2026-07-19 12:57:27,340,562,445,0
2026-07-19 12:57:28,355,550,466,0
2026-07-19 12:57:29,334,549,436,0
2026-07-19 12:57:30,379,559,414,0
2026-07-19 12:57:31,369,551,391,0
2026-07-19 12:57:32,332,544,406,0
2026-07-19 12:57:33,360,514,385,0
2026-07-19 12:57:34,352,544,392,0
2026-07-19 12:57:35,340,530,413,0
2026-07-19 12:57:36,365,513,440,0
2026-07-19 12:57:37,330,521,455,0
2026-07-19 12:57:38,303,519,463,0
2026-07-19 12:57:39,283,510,457,0
2026-07-19 12:57:40,289,523,469,0
2026-07-19 12:57:41,305,527,484,0
2026-07-19 12:57:42,287,515,457,0
2026-07-19 12:57:43,280,529,458,0
2026-07-19 12:57:44,301,514,451,0
2026-07-19 12:57:45,301,533,472,0
2026-07-19 12:57:46,323,529,460,0
2026-07-19 12:57:47,324,524,457,0
2026-07-19 12:57:48,317,513,469,0
2026-07-19 12:57:49,351,515,464,0
2026-07-19 12:57:50,338,532,452,0
2026-07-19 12:57:51,363,517,458,0
2026-07-19 12:57:52,379,527,449,0
2026-07-19 12:57:53,347,499,459,0
2026-07-19 12:57:54,363,502,455,0
2026-07-19 12:57:55,342,508,445,0
2026-07-19 12:57:56,332,520,444,0
2026-07-19 12:57:57,325,540,476,0
2026-07-19 12:57:58,296,516,462,0
2026-07-19 12:57:59,368,531,450,0
2026-07-19 12:58:00,280,526,464,0
2026-07-19 12:58:01,284,519,473,0
2026-07-19 12:58:02,288,517,456,0
2026-07-19 12:58:03,279,524,455,0
2026-07-19 12:58:04,311,516,472,0
2026-07-19 12:58:05,363,515,460,0
2026-07-19 12:58:06,349,524,419,0
2026-07-19 12:58:07,334,527,391,0
2026-07-19 12:58:08,353,534,384,0
2026-07-19 12:58:09,357,532,418,0
2026-07-19 12:58:10,384,537,386,0
2026-07-19 12:58:11,369,507,461,0
2026-07-19 12:58:12,357,559,463,0
2026-07-19 12:58:13,335,519,442,0
2026-07-19 12:58:14,322,527,470,0
2026-07-19 12:58:15,292,517,442,0
2026-07-19 12:58:16,306,517,436,0
2026-07-19 12:58:17,277,543,426,0
2026-07-19 12:58:18,278,532,465,0
2026-07-19 12:58:19,298,510,451,0
2026-07-19 12:58:20,297,519,455,0
2026-07-19 12:58:21,341,518,426,0
2026-07-19 12:58:22,358,514,441,0
2026-07-19 12:58:23,353,514,410,0
2026-07-19 12:58:24,371,523,386,0
2026-07-19 12:58:25,367,516,402,0
2026-07-19 12:58:26,356,527,384,0
2026-07-19 12:58:27,359,527,390,0
2026-07-19 12:58:28,365,498,399,0
2026-07-19 12:58:29,369,540,397,0
2026-07-19 12:58:30,349,515,413,0
2026-07-19 12:58:31,351,517,394,0
2026-07-19 12:58:32,349,537,404,0
2026-07-19 12:58:33,368,544,410,0
2026-07-19 12:58:34,374,514,411,0
2026-07-19 12:58:35,345,514,402,0
2026-07-19 12:58:36,356,518,428,0
2026-07-19 12:58:37,377,515,484,0
2026-07-19 12:58:38,301,526,478,0
2026-07-19 12:58:39,271,521,480,0
2026-07-19 12:58:40,295,531,452,0
2026-07-19 12:58:41,301,514,485,0
2026-07-19 12:58:42,306,539,455,0
2026-07-19 12:58:43,316,554,442,0
2026-07-19 12:58:44,351,535,470,0
2026-07-19 12:58:45,355,526,472,0
2026-07-19 12:58:46,379,557,438,0
2026-07-19 12:58:47,359,515,411,0
2026-07-19 12:58:48,339,533,385,0
2026-07-19 12:58:49,357,541,400,0
2026-07-19 12:58:50,334,509,388,0
2026-07-19 12:58:51,350,524,399,0
2026-07-19 12:58:52,353,518,444,0
2026-07-19 12:58:53,325,515,467,0
2026-07-19 12:58:54,291,516,471,0
2026-07-19 12:58:55,296,509,449,0
2026-07-19 12:58:56,310,526,467,0
2026-07-19 12:58:57,315,512,474,0
2026-07-19 12:58:58,332,533,461,0
2026-07-19 12:58:59,364,539,453,0
2026-07-19 12:59:00,348,508,452,0
2026-07-19 12:59:01,348,538,440,0
2026-07-19 12:59:02,363,516,450,0
2026-07-19 12:59:03,385,526,401,0
2026-07-19 12:59:04,371,509,394,0
2026-07-19 12:59:05,336,511,395,0
2026-07-19 12:59:06,386,519,392,0
2026-07-19 12:59:07,381,514,428,0
2026-07-19 12:59:08,380,521,417,0
2026-07-19 12:59:09,351,536,462,0
2026-07-19 12:59:10,300,534,440,0
2026-07-19 12:59:11,278,509,474,0
2026-07-19 12:59:12,269,501,474,0
2026-07-19 12:59:13,289,513,450,0
2026-07-19 12:59:14,288,521,457,0
2026-07-19 12:59:15,358,505,455,0
2026-07-19 12:59:16,377,515,435,0
2026-07-19 12:59:17,391,551,442,0
2026-07-19 12:59:18,371,522,435,0
2026-07-19 12:59:19,374,528,420,0
2026-07-19 12:59:20,327,502,412,0
2026-07-19 12:59:21,361,533,404,0
2026-07-19 12:59:22,365,554,396,0
2026-07-19 12:59:23,353,538,390,0
2026-07-19 12:59:24,368,514,395,0
2026-07-19 12:59:25,354,522,442,0
2026-07-19 12:59:26,353,524,448,0
2026-07-19 12:59:27,280,518,470,0
2026-07-19 12:59:28,319,514,475,0
2026-07-19 12:59:29,296,513,467,0
2026-07-19 12:59:30,310,525,463,0
2026-07-19 12:59:31,306,514,465,0
2026-07-19 12:59:32,312,522,445,0
2026-07-19 12:59:33,354,515,460,0
2026-07-19 12:59:34,353,530,452,0
2026-07-19 12:59:35,366,513,447,0
2026-07-19 12:59:36,392,525,452,0
2026-07-19 12:59:37,366,530,445,0
2026-07-19 12:59:38,367,524,456,0
2026-07-19 12:59:39,404,521,462,0
2026-07-19 12:59:40,369,530,442,0
2026-07-19 12:59:41,365,533,410,0
2026-07-19 12:59:42,371,525,404,0
2026-07-19 12:59:43,356,522,374,0
2026-07-19 12:59:44,354,521,405,0
2026-07-19 12:59:45,363,530,404,0
2026-07-19 12:59:46,368,520,391,0
2026-07-19 12:59:47,351,505,396,0
2026-07-19 12:59:48,365,526,376,0
2026-07-19 12:59:49,352,516,386,0
2026-07-19 12:59:50,367,527,397,0
2026-07-19 12:59:51,375,513,401,0
2026-07-19 12:59:52,369,519,418,0
2026-07-19 12:59:53,389,516,434,0
2026-07-19 12:59:54,359,514,424,0
2026-07-19 12:59:55,346,514,409,0
2026-07-19 12:59:56,365,534,420,0
2026-07-19 12:59:57,367,512,412,0
2026-07-19 12:59:58,370,511,428,0
2026-07-19 12:59:59,364,507,413,0
2026-07-19 13:00:00,367,517,403,0
2026-07-19 13:00:01,363,542,384,0
2026-07-19 13:00:02,356,516,406,0
2026-07-19 13:00:03,366,525,441,0
2026-07-19 13:00:04,384,527,458,0
2026-07-19 13:00:05,404,528,443,0
2026-07-19 13:00:06,359,534,458,0
2026-07-19 13:00:07,363,525,440,0
2026-07-19 13:00:08,344,529,442,0
2026-07-19 13:00:09,306,520,449,0
2026-07-19 13:00:10,290,532,460,0
2026-07-19 13:00:11,290,511,464,0
2026-07-19 13:00:12,295,512,450,0
2026-07-19 13:00:13,331,517,445,0
2026-07-19 13:00:14,341,507,460,0
2026-07-19 13:00:15,356,521,427,0
2026-07-19 13:00:16,352,506,391,0
2026-07-19 13:00:17,332,498,391,0
2026-07-19 13:00:18,345,538,404,0
2026-07-19 13:00:19,362,528,385,0
2026-07-19 13:00:20,373,512,431,0
2026-07-19 13:00:21,397,551,426,0
2026-07-19 13:00:22,349,538,456,0
2026-07-19 13:00:23,356,528,454,0
2026-07-19 13:00:24,294,525,452,0
2026-07-19 13:00:25,275,509,451,0
2026-07-19 13:00:26,267,532,472,0
2026-07-19 13:00:27,280,537,457,0
2026-07-19 13:00:28,290,509,463,0
2026-07-19 13:00:29,307,509,470,0
2026-07-19 13:00:30,364,505,467,0
2026-07-19 13:00:31,352,512,440,0
2026-07-19 13:00:32,377,512,421,0
2026-07-19 13:00:33,339,524,401,0
2026-07-19 13:00:34,354,534,415,0
2026-07-19 13:00:35,357,544,388,0
2026-07-19 13:00:36,382,517,395,0
2026-07-19 13:00:37,382,512,402,0
2026-07-19 13:00:38,377,516,406,0
2026-07-19 13:00:39,345,510,423,0
2026-07-19 13:00:40,355,541,459,0
2026-07-19 13:00:41,383,527,443,0
2026-07-19 13:00:42,387,527,472,0
2026-07-19 13:00:43,379,532,452,0
2026-07-19 13:00:44,345,534,466,0
2026-07-19 13:00:45,359,539,448,0
2026-07-19 13:00:46,368,529,467,0
2026-07-19 13:00:47,360,512,451,0
2026-07-19 13:00:48,364,520,454,0
2026-07-19 13:00:49,381,525,460,0
2026-07-19 13:00:50,390,523,458,0
2026-07-19 13:00:51,410,520,482,0
2026-07-19 13:00:52,390,514,469,0
2026-07-19 13:00:53,389,541,454,0
2026-07-19 13:00:54,368,507,405,0
2026-07-19 13:00:55,388,536,473,0
2026-07-19 13:00:56,388,530,461,0
2026-07-19 13:00:57,396,540,446,0
2026-07-19 13:00:58,390,519,455,0
2026-07-19 13:00:59,368,510,458,0
2026-07-19 13:01:00,367,532,442,0
2026-07-19 13:01:01,357,524,445,0
2026-07-19 13:01:02,359,508,451,0
2026-07-19 13:01:03,374,521,456,0
2026-07-19 13:01:04,375,524,436,0
2026-07-19 13:01:05,386,524,437,0
2026-07-19 13:01:06,370,532,448,0
2026-07-19 13:01:07,365,529,414,0
2026-07-19 13:01:08,381,533,447,0
2026-07-19 13:01:09,381,531,430,0
2026-07-19 13:01:10,374,507,452,0
2026-07-19 13:01:11,371,518,456,0
2026-07-19 13:01:12,373,531,436,0
2026-07-19 13:01:13,373,518,469,0
2026-07-19 13:01:14,369,544,461,0
2026-07-19 13:01:15,377,543,450,0
2026-07-19 13:01:16,393,533,473,0
2026-07-19 13:01:17,360,522,462,0
2026-07-19 13:01:18,355,528,450,0
2026-07-19 13:01:19,317,535,439,0
2026-07-19 13:01:20,301,508,464,0
2026-07-19 13:01:21,284,506,446,0
2026-07-19 13:01:22,289,518,454,0
2026-07-19 13:01:23,288,516,456,0
2026-07-19 13:01:24,293,506,462,0
2026-07-19 13:01:25,311,521,450,0
2026-07-19 13:01:26,349,517,461,0
2026-07-19 13:01:27,366,516,404,0
2026-07-19 13:01:28,352,511,395,0
2026-07-19 13:01:29,355,538,400,0
2026-07-19 13:01:30,339,536,376,0
2026-07-19 13:01:31,377,525,420,0
2026-07-19 13:01:32,355,505,431,0
2026-07-19 13:01:33,352,541,440,0
2026-07-19 13:01:34,357,541,450,0
2026-07-19 13:01:35,347,531,451,0
2026-07-19 13:01:36,292,510,440,0
2026-07-19 13:01:37,281,513,461,0
2026-07-19 13:01:38,304,537,447,0
2026-07-19 13:01:39,296,515,462,0
2026-07-19 13:01:40,324,519,443,0
2026-07-19 13:01:41,376,518,408,0
2026-07-19 13:01:42,352,516,406,0
2026-07-19 13:01:43,386,529,404,0
2026-07-19 13:01:44,344,534,407,0
2026-07-19 13:01:45,370,530,401,0
2026-07-19 13:01:46,363,532,413,0
2026-07-19 13:01:47,390,539,455,0
2026-07-19 13:01:48,400,515,452,0
2026-07-19 13:01:49,365,533,472,0
2026-07-19 13:01:50,339,520,444,0
2026-07-19 13:01:51,294,515,448,0
2026-07-19 13:01:52,274,509,471,0
2026-07-19 13:01:53,297,507,466,0
2026-07-19 13:01:54,285,518,483,0
2026-07-19 13:01:55,327,518,456,0
2026-07-19 13:01:56,351,513,431,0
2026-07-19 13:01:57,341,514,410,0
2026-07-19 13:01:58,369,525,402,0
2026-07-19 13:01:59,362,530,378,0
2026-07-19 13:02:00,386,525,380,0
2026-07-19 13:02:01,338,527,410,0
2026-07-19 13:02:02,342,542,427,0
2026-07-19 13:02:03,380,520,455,0
2026-07-19 13:02:04,355,515,437,0
2026-07-19 13:02:05,334,514,458,0
2026-07-19 13:02:06,286,526,433,0
2026-07-19 13:02:07,272,533,441,0
2026-07-19 13:02:08,291,532,436,0
2026-07-19 13:02:09,284,526,473,0
2026-07-19 13:02:10,271,530,464,0
2026-07-19 13:02:11,311,508,462,0
2026-07-19 13:02:12,351,528,448,0
2026-07-19 13:02:13,378,521,422,0
2026-07-19 13:02:14,351,516,425,0
2026-07-19 13:02:15,355,534,414,0
2026-07-19 13:02:16,373,527,410,0
2026-07-19 13:02:17,371,525,390,0
2026-07-19 13:02:18,369,533,420,0
2026-07-19 13:02:19,359,519,468,0
2026-07-19 13:02:20,379,537,454,0
2026-07-19 13:02:21,357,535,463,0
2026-07-19 13:02:22,374,532,452,0
2026-07-19 13:02:23,344,529,455,0
2026-07-19 13:02:24,344,522,471,0
2026-07-19 13:02:25,341,515,450,0
2026-07-19 13:02:26,297,515,466,0
2026-07-19 13:02:27,307,523,451,0
2026-07-19 13:02:28,318,510,458,0
2026-07-19 13:02:29,303,514,469,0
2026-07-19 13:02:30,321,524,453,0
2026-07-19 13:02:31,327,517,459,0
2026-07-19 13:02:32,350,526,462,0
2026-07-19 13:02:33,369,532,454,0
2026-07-19 13:02:34,373,508,473,0
2026-07-19 13:02:35,368,518,458,0
2026-07-19 13:02:36,393,527,453,0
2026-07-19 13:02:37,403,520,440,0
2026-07-19 13:02:38,395,504,449,0
2026-07-19 13:02:39,391,525,407,0
2026-07-19 13:02:40,376,523,410,0
2026-07-19 13:02:41,343,518,394,0
2026-07-19 13:02:42,394,517,368,0
2026-07-19 13:02:43,358,520,413,0
2026-07-19 13:02:44,337,499,392,0
2026-07-19 13:02:45,355,527,408,0
2026-07-19 13:02:46,341,520,417,0
2026-07-19 13:02:47,381,515,430,0
2026-07-19 13:02:48,353,524,444,0
2026-07-19 13:02:49,334,504,460,0
2026-07-19 13:02:50,293,506,459,0
2026-07-19 13:02:51,273,510,477,0
2026-07-19 13:02:52,275,502,426,0
2026-07-19 13:02:53,299,501,444,0
2026-07-19 13:02:54,304,516,478,0
2026-07-19 13:02:55,323,520,441,0
2026-07-19 13:02:56,360,530,441,0
2026-07-19 13:02:57,353,537,446,0
2026-07-19 13:02:58,393,557,445,0
2026-07-19 13:02:59,389,510,418,0
2026-07-19 13:03:00,383,526,393,0
2026-07-19 13:03:01,330,522,403,0
2026-07-19 13:03:02,365,515,424,0
2026-07-19 13:03:03,372,520,459,0
2026-07-19 13:03:04,301,524,454,0
2026-07-19 13:03:05,309,517,455,0
2026-07-19 13:03:06,280,520,451,0
2026-07-19 13:03:07,298,504,471,0
2026-07-19 13:03:08,335,513,473,0
2026-07-19 13:03:09,350,508,450,0
2026-07-19 13:03:10,379,529,460,0
2026-07-19 13:03:11,363,508,453,0
2026-07-19 13:03:12,365,532,461,0
2026-07-19 13:03:13,365,534,414,0
2026-07-19 13:03:14,382,529,412,0
2026-07-19 13:03:15,378,520,404,0
2026-07-19 13:03:16,364,530,388,0
2026-07-19 13:03:17,349,512,419,0
2026-07-19 13:03:18,362,513,411,0
2026-07-19 13:03:19,353,508,450,0
2026-07-19 13:03:20,349,529,441,0
2026-07-19 13:03:21,276,526,476,0
2026-07-19 13:03:22,282,500,450,0
2026-07-19 13:03:23,276,540,487,0
2026-07-19 13:03:24,287,523,458,0
2026-07-19 13:03:25,311,521,443,0
2026-07-19 13:03:26,325,528,450,0
2026-07-19 13:03:27,355,515,450,0
2026-07-19 13:03:28,339,525,443,0
2026-07-19 13:03:29,385,513,421,0
2026-07-19 13:03:30,338,548,432,0
2026-07-19 13:03:31,320,521,415,0
2026-07-19 13:03:32,332,534,401,0
2026-07-19 13:03:33,343,535,381,0
2026-07-19 13:03:34,337,547,392,0
2026-07-19 13:03:35,343,542,403,0
2026-07-19 13:03:36,361,522,390,0
2026-07-19 13:03:37,334,517,381,0
2026-07-19 13:03:38,359,520,395,0
2026-07-19 13:03:39,358,517,424,0
2026-07-19 13:03:40,337,516,442,0
2026-07-19 13:03:41,363,511,472,0
2026-07-19 13:03:42,339,516,451,0
2026-07-19 13:03:43,341,517,448,0
2026-07-19 13:03:44,329,511,438,0
2026-07-19 13:03:45,351,517,452,0
2026-07-19 13:03:46,314,511,471,0
2026-07-19 13:03:47,314,511,444,0
2026-07-19 13:03:48,320,509,440,0
2026-07-19 13:03:49,294,516,475,0
2026-07-19 13:03:50,337,506,448,0
2026-07-19 13:03:51,346,515,448,0
2026-07-19 13:03:52,360,510,414,0
2026-07-19 13:03:53,364,522,416,0
2026-07-19 13:03:54,361,510,402,0
2026-07-19 13:03:55,366,533,374,0
2026-07-19 13:03:56,346,515,396,0
2026-07-19 13:03:57,374,523,401,0
2026-07-19 13:03:58,338,528,384,0
2026-07-19 13:03:59,361,506,378,0
2026-07-19 13:04:00,365,528,371,0
2026-07-19 13:04:01,358,526,394,0
2026-07-19 13:04:02,365,536,396,0
2026-07-19 13:04:03,360,529,425,0
2026-07-19 13:04:04,357,523,416,0
2026-07-19 13:04:05,394,533,454,0
2026-07-19 13:04:06,342,518,445,0
2026-07-19 13:04:07,346,507,450,0
2026-07-19 13:04:08,345,502,455,0
2026-07-19 13:04:09,278,537,442,0
2026-07-19 13:04:10,270,547,471,0
2026-07-19 13:04:11,266,522,467,0
2026-07-19 13:04:12,297,512,466,0
2026-07-19 13:04:13,275,527,471,0
2026-07-19 13:04:14,285,514,483,0
2026-07-19 13:04:15,355,517,462,0
2026-07-19 13:04:16,358,514,438,0
2026-07-19 13:04:17,380,525,401,0
2026-07-19 13:04:18,374,532,383,0
2026-07-19 13:04:19,361,510,379,0
2026-07-19 13:04:20,363,529,402,0
2026-07-19 13:04:21,387,505,431,0
2026-07-19 13:04:22,406,510,444,0
2026-07-19 13:04:23,379,527,448,0
2026-07-19 13:04:24,372,502,459,0
2026-07-19 13:04:25,350,529,465,0
2026-07-19 13:04:26,283,531,444,0
2026-07-19 13:04:27,286,531,464,0
2026-07-19 13:04:28,306,516,453,0
2026-07-19 13:04:29,287,508,468,0
2026-07-19 13:04:30,292,519,461,0
2026-07-19 13:04:31,303,518,458,0
2026-07-19 13:04:32,286,517,441,0
2026-07-19 13:04:33,285,516,457,0
2026-07-19 13:04:34,293,521,460,0
2026-07-19 13:04:35,295,523,466,0
2026-07-19 13:04:36,298,518,466,0
2026-07-19 13:04:37,309,512,446,0
2026-07-19 13:04:38,289,517,443,0
2026-07-19 13:04:39,305,522,457,0
2026-07-19 13:04:40,281,521,460,0
2026-07-19 13:04:41,273,513,443,0
2026-07-19 13:04:42,292,512,453,0
2026-07-19 13:04:43,315,535,449,0
2026-07-19 13:04:44,318,528,448,0
2026-07-19 13:04:45,355,515,455,0
2026-07-19 13:04:46,385,529,462,0
2026-07-19 13:04:47,371,512,462,0
2026-07-19 13:04:48,370,512,459,0
2026-07-19 13:04:49,392,515,452,0
2026-07-19 13:04:50,387,530,404,0
2026-07-19 13:04:51,375,528,400,0
2026-07-19 13:04:52,345,535,374,0
2026-07-19 13:04:53,362,525,391,0
2026-07-19 13:04:54,362,515,394,0
2026-07-19 13:04:55,343,513,404,0
2026-07-19 13:04:56,363,514,446,0
2026-07-19 13:04:57,318,509,460,0
2026-07-19 13:04:58,251,505,441,0
2026-07-19 13:04:59,261,502,455,0
2026-07-19 13:05:00,264,516,452,0
2026-07-19 13:05:01,283,543,447,0
2026-07-19 13:05:02,283,510,442,0
2026-07-19 13:05:03,300,532,468,0
2026-07-19 13:05:04,320,503,443,0
2026-07-19 13:05:05,355,521,438,0
2026-07-19 13:05:06,355,522,443,0
2026-07-19 13:05:07,353,518,453,0
2026-07-19 13:05:08,330,523,436,0
2026-07-19 13:05:09,348,505,444,0
2026-07-19 13:05:10,355,528,433,0
2026-07-19 13:05:11,371,526,407,0
2026-07-19 13:05:12,351,516,409,0
2026-07-19 13:05:13,330,528,385,0
2026-07-19 13:05:14,344,525,366,0
2026-07-19 13:05:15,345,531,386,0
2026-07-19 13:05:16,368,545,390,0
2026-07-19 13:05:17,356,541,394,0
2026-07-19 13:05:18,361,518,406,0
2026-07-19 13:05:19,349,516,449,0
2026-07-19 13:05:20,323,522,443,0
2026-07-19 13:05:21,279,511,450,0
2026-07-19 13:05:22,291,501,456,0
2026-07-19 13:05:23,299,526,454,0
2026-07-19 13:05:24,313,503,442,0
2026-07-19 13:05:25,372,528,446,0
2026-07-19 13:05:26,397,507,465,0
2026-07-19 13:05:27,389,525,448,0
2026-07-19 13:05:28,370,510,441,0
2026-07-19 13:05:29,385,520,408,0
2026-07-19 13:05:30,362,507,385,0
2026-07-19 13:05:31,357,526,406,0
2026-07-19 13:05:32,370,511,420,0
2026-07-19 13:05:33,332,514,468,0
2026-07-19 13:05:34,334,515,465,0
2026-07-19 13:05:35,302,515,470,0
2026-07-19 13:05:37,290,505,476,0
2026-07-19 13:05:38,280,557,456,0
2026-07-19 13:05:39,327,548,432,0
2026-07-19 13:05:40,323,515,459,0
2026-07-19 13:05:41,350,531,451,0
2026-07-19 13:05:42,347,520,438,0
2026-07-19 13:05:43,364,533,445,0
2026-07-19 13:05:44,391,513,437,0
2026-07-19 13:05:45,378,536,432,0
2026-07-19 13:05:46,386,518,433,0
2026-07-19 13:05:47,383,534,425,0
2026-07-19 13:05:48,387,525,415,0
2026-07-19 13:05:49,359,535,429,0
2026-07-19 13:05:50,350,525,408,0
2026-07-19 13:05:51,366,525,387,0
2026-07-19 13:05:52,373,524,409,0
2026-07-19 13:05:53,334,524,395,0
2026-07-19 13:05:54,402,528,411,0
2026-07-19 13:05:55,346,542,409,0
2026-07-19 13:05:56,363,518,420,0
2026-07-19 13:05:57,342,528,425,0
2026-07-19 13:05:58,363,538,400,0
2026-07-19 13:05:59,347,528,424,0
2026-07-19 13:06:00,368,518,444,0
2026-07-19 13:06:01,385,538,456,0
2026-07-19 13:06:02,360,547,437,0
2026-07-19 13:06:03,330,521,449,0
2026-07-19 13:06:04,362,558,433,0
2026-07-19 13:06:05,361,547,431,0
2026-07-19 13:06:06,330,515,442,0
2026-07-19 13:06:07,331,538,463,0
2026-07-19 13:06:08,310,515,441,0
2026-07-19 13:06:09,312,515,442,0
2026-07-19 13:06:10,271,502,474,0
2026-07-19 13:06:11,312,513,448,0
2026-07-19 13:06:12,317,512,460,0
2026-07-19 13:06:13,385,509,449,0
2026-07-19 13:06:14,357,506,409,0
2026-07-19 13:06:15,364,505,416,0
2026-07-19 13:06:16,382,515,418,0
2026-07-19 13:06:17,353,523,371,0
2026-07-19 13:06:18,397,536,402,0
2026-07-19 13:06:19,379,514,453,0
2026-07-19 13:06:20,400,532,448,0
2026-07-19 13:06:21,369,508,452,0
2026-07-19 13:06:22,382,505,447,0
2026-07-19 13:06:23,330,533,445,0
2026-07-19 13:06:24,300,515,465,0
2026-07-19 13:06:25,293,515,448,0
2026-07-19 13:06:26,267,506,467,0
2026-07-19 13:06:27,284,514,466,0
2026-07-19 13:06:28,326,512,459,0
2026-07-19 13:06:29,359,519,435,0
2026-07-19 13:06:30,353,523,392,0
2026-07-19 13:06:31,363,538,395,0
2026-07-19 13:06:32,352,531,377,0
2026-07-19 13:06:33,373,536,397,0
2026-07-19 13:06:34,368,531,394,0
2026-07-19 13:06:35,353,523,448,0
2026-07-19 13:06:36,361,547,463,0
2026-07-19 13:06:37,361,543,465,0
2026-07-19 13:06:38,305,547,455,0
2026-07-19 13:06:39,282,515,474,0
2026-07-19 13:06:40,273,514,474,0
2026-07-19 13:06:41,285,526,460,0
2026-07-19 13:06:42,306,508,451,0
2026-07-19 13:06:43,360,522,467,0
2026-07-19 13:06:44,386,525,448,0
2026-07-19 13:06:45,362,511,387,0
2026-07-19 13:06:46,363,530,375,0
2026-07-19 13:06:47,363,515,389,0
2026-07-19 13:06:48,363,511,412,0
2026-07-19 13:06:49,364,517,426,0
2026-07-19 13:06:50,386,533,449,0
2026-07-19 13:06:51,393,526,466,0
2026-07-19 13:06:52,359,523,455,0
2026-07-19 13:06:53,315,507,460,0
2026-07-19 13:06:54,309,511,451,0
2026-07-19 13:06:55,281,509,462,0
2026-07-19 13:06:57,286,513,460,0
2026-07-19 13:06:57,307,512,451,0
2026-07-19 13:06:58,347,501,457,0
2026-07-19 13:06:59,345,516,428,0
2026-07-19 13:07:00,352,510,395,0
2026-07-19 13:07:01,361,521,386,0
2026-07-19 13:07:02,364,525,369,0
2026-07-19 13:07:03,375,530,398,0
2026-07-19 13:07:04,354,514,413,0
2026-07-19 13:07:05,367,518,448,0
2026-07-19 13:07:06,359,523,447,0
2026-07-19 13:07:07,325,530,441,0
2026-07-19 13:07:08,326,528,457,0
2026-07-19 13:07:09,304,519,455,0
2026-07-19 13:07:10,300,511,430,0
2026-07-19 13:07:11,274,533,454,0
2026-07-19 13:07:12,294,506,448,0
2026-07-19 13:07:13,305,514,450,0
2026-07-19 13:07:14,288,511,485,0
2026-07-19 13:07:15,301,506,477,0
2026-07-19 13:07:16,323,500,474,0
2026-07-19 13:07:17,354,511,443,0
2026-07-19 13:07:18,396,514,421,0
2026-07-19 13:07:19,374,512,419,0
2026-07-19 13:07:20,345,534,405,0
2026-07-19 13:07:21,359,526,389,0
2026-07-19 13:07:22,360,505,402,0
2026-07-19 13:07:23,362,540,398,0
2026-07-19 13:07:24,366,512,390,0
2026-07-19 13:07:25,381,515,383,0
2026-07-19 13:07:26,393,525,366,0
2026-07-19 13:07:27,370,526,377,0
2026-07-19 13:07:28,392,506,408,0
2026-07-19 13:07:29,367,528,393,0
2026-07-19 13:07:30,391,501,407,0
2026-07-19 13:07:31,374,523,422,0
2026-07-19 13:07:32,360,526,426,0
2026-07-19 13:07:33,362,535,448,0
2026-07-19 13:07:34,378,517,457,0
2026-07-19 13:07:35,361,536,467,0
2026-07-19 13:07:36,389,512,454,0
2026-07-19 13:07:37,362,508,451,0
2026-07-19 13:07:38,389,525,458,0
2026-07-19 13:07:39,366,536,457,0
2026-07-19 13:07:40,319,504,464,0
2026-07-19 13:07:41,302,521,447,0
2026-07-19 13:07:42,313,521,456,0
2026-07-19 13:07:43,292,514,448,0
2026-07-19 13:07:44,299,514,444,0
2026-07-19 13:07:45,294,524,458,0
2026-07-19 13:07:46,318,509,456,0
2026-07-19 13:07:47,338,517,434,0
2026-07-19 13:07:48,364,520,406,0
2026-07-19 13:07:49,362,523,385,0
2026-07-19 13:07:50,334,512,398,0
2026-07-19 13:07:51,355,525,368,0
2026-07-19 13:07:52,340,521,403,0
2026-07-19 13:07:53,328,516,437,0
2026-07-19 13:07:54,354,515,443,0
2026-07-19 13:07:55,361,513,448,0
2026-07-19 13:07:56,361,514,444,0
2026-07-19 13:07:57,302,503,454,0
2026-07-19 13:07:58,286,535,458,0
2026-07-19 13:07:59,269,501,465,0
2026-07-19 13:08:00,264,526,465,0
2026-07-19 13:08:01,301,496,487,0
2026-07-19 13:08:02,338,524,455,0
2026-07-19 13:08:03,337,518,415,0
2026-07-19 13:08:04,377,518,420,0
2026-07-19 13:08:05,355,511,397,0
2026-07-19 13:08:06,358,517,393,0
2026-07-19 13:08:07,363,516,374,0
2026-07-19 13:08:08,378,527,379,0
2026-07-19 13:08:09,372,521,462,0
2026-07-19 13:08:10,359,517,459,0
2026-07-19 13:08:11,394,524,453,0
2026-07-19 13:08:12,358,502,451,0
2026-07-19 13:08:13,317,523,445,0
2026-07-19 13:08:14,320,518,439,0
2026-07-19 13:08:15,280,519,440,0
2026-07-19 13:08:16,300,515,436,0
2026-07-19 13:08:17,282,509,458,0
2026-07-19 13:08:18,314,511,456,0
2026-07-19 13:08:19,346,508,445,0
2026-07-19 13:08:20,333,508,417,0
2026-07-19 13:08:21,356,510,389,0
2026-07-19 13:08:22,369,498,394,0
2026-07-19 13:08:23,344,542,395,0
2026-07-19 13:08:24,346,516,377,0
2026-07-19 13:08:25,369,526,381,0
2026-07-19 13:08:26,358,528,414,0
2026-07-19 13:08:27,357,542,415,0
2026-07-19 13:08:28,361,513,431,0
2026-07-19 13:08:29,336,518,441,0
2026-07-19 13:08:30,377,546,455,0
2026-07-19 13:08:31,351,532,433,0
2026-07-19 13:08:32,335,502,434,0
2026-07-19 13:08:33,318,512,463,0
2026-07-19 13:08:34,304,542,442,0
2026-07-19 13:08:35,299,514,444,0
2026-07-19 13:08:36,248,504,475,0
2026-07-19 13:08:37,296,544,480,0
2026-07-19 13:08:38,273,526,484,0
2026-07-19 13:08:39,281,512,447,0
2026-07-19 13:08:40,291,512,478,0
2026-07-19 13:08:41,308,519,444,0
2026-07-19 13:08:42,331,509,449,0
2026-07-19 13:08:43,355,517,448,0
2026-07-19 13:08:44,363,519,431,0
2026-07-19 13:08:45,346,511,408,0
2026-07-19 13:08:46,380,503,394,0
2026-07-19 13:08:47,374,508,417,0
2026-07-19 13:08:48,346,510,419,0
2026-07-19 13:08:49,364,507,407,0
2026-07-19 13:08:50,362,534,399,0
2026-07-19 13:08:51,374,511,407,0
2026-07-19 13:08:52,348,504,403,0
2026-07-19 13:08:53,329,510,410,0
2026-07-19 13:08:54,363,512,421,0
2026-07-19 13:08:55,362,509,413,0
2026-07-19 13:08:56,367,513,418,0
2026-07-19 13:08:57,374,510,391,0
2026-07-19 13:08:58,356,510,407,0
2026-07-19 13:08:59,374,517,417,0
2026-07-19 13:09:00,365,522,449,0
2026-07-19 13:09:01,314,511,461,0
2026-07-19 13:09:02,288,506,468,0
2026-07-19 13:09:03,292,518,450,0
2026-07-19 13:09:04,283,498,476,0
2026-07-19 13:09:05,298,527,453,0
2026-07-19 13:09:06,276,552,447,0
2026-07-19 13:09:07,294,518,440,0
2026-07-19 13:09:08,310,533,448,0
2026-07-19 13:09:09,348,517,443,0
2026-07-19 13:09:10,362,518,437,0
2026-07-19 13:09:11,319,519,432,0
2026-07-19 13:09:12,365,528,372,0
2026-07-19 13:09:13,341,544,392,0
2026-07-19 13:09:14,339,526,382,0
2026-07-19 13:09:15,354,529,377,0
2026-07-19 13:09:16,349,491,386,0
2026-07-19 13:09:17,339,502,390,0
2026-07-19 13:09:18,348,524,380,0
2026-07-19 13:09:19,349,519,413,0
2026-07-19 13:09:20,362,511,418,0
2026-07-19 13:09:21,309,519,440,0
2026-07-19 13:09:22,314,518,444,0
2026-07-19 13:09:23,286,515,449,0
2026-07-19 13:09:24,294,514,437,0
2026-07-19 13:09:25,301,515,443,0
2026-07-19 13:09:26,301,517,447,0
2026-07-19 13:09:27,309,530,444,0
2026-07-19 13:09:28,372,511,455,0
2026-07-19 13:09:29,356,515,437,0
2026-07-19 13:09:30,363,523,451,0
2026-07-19 13:09:31,381,518,451,0
2026-07-19 13:09:32,359,502,432,0
2026-07-19 13:09:33,363,516,377,0
2026-07-19 13:09:34,359,519,392,0
2026-07-19 13:09:35,389,514,407,0
2026-07-19 13:09:36,352,512,408,0
2026-07-19 13:09:37,348,513,408,0
2026-07-19 13:09:38,350,501,475,0
2026-07-19 13:09:39,311,515,456,0
2026-07-19 13:09:40,284,510,460,0
2026-07-19 13:09:41,275,491,457,0
2026-07-19 13:09:42,309,520,447,0
2026-07-19 13:09:43,312,500,427,0
2026-07-19 13:09:44,339,519,440,0
2026-07-19 13:09:45,329,501,438,0
2026-07-19 13:09:46,353,513,429,0
2026-07-19 13:09:47,344,563,450,0
2026-07-19 13:09:48,354,533,434,0
2026-07-19 13:09:49,366,542,428,0
2026-07-19 13:09:50,323,518,435,0
2026-07-19 13:09:51,355,526,444,0
2026-07-19 13:09:52,337,496,422,0
2026-07-19 13:09:53,357,525,408,0
2026-07-19 13:09:54,366,537,397,0
2026-07-19 13:09:55,331,528,394,0
2026-07-19 13:09:56,356,516,397,0
2026-07-19 13:09:57,375,514,399,0
2026-07-19 13:09:58,345,526,376,0
2026-07-19 13:09:59,348,529,381,0
2026-07-19 13:10:00,347,531,383,0
2026-07-19 13:10:01,373,524,385,0
2026-07-19 13:10:02,349,517,383,0
2026-07-19 13:10:03,334,523,383,0
2026-07-19 13:10:04,347,523,380,0
2026-07-19 13:10:05,368,525,383,0
2026-07-19 13:10:06,339,511,381,0
2026-07-19 13:10:07,349,529,388,0
2026-07-19 13:10:08,350,529,395,0
2026-07-19 13:10:09,362,545,382,0
2026-07-19 13:10:10,380,528,406,0
2026-07-19 13:10:11,371,518,431,0
2026-07-19 13:10:12,341,536,438,0
2026-07-19 13:10:13,356,518,422,0
2026-07-19 13:10:14,352,512,440,0
2026-07-19 13:10:15,350,527,450,0
2026-07-19 13:10:16,366,520,442,0
2026-07-19 13:10:17,293,489,444,0
2026-07-19 13:10:18,286,537,474,0
2026-07-19 13:10:19,273,490,445,0
2026-07-19 13:10:20,262,510,444,0
2026-07-19 13:10:21,358,520,464,0
2026-07-19 13:10:22,370,519,452,0
2026-07-19 13:10:23,381,518,407,0
2026-07-19 13:10:24,358,511,400,0
2026-07-19 13:10:25,370,530,400,0
2026-07-19 13:10:26,393,526,398,0
2026-07-19 13:10:27,362,511,403,0
2026-07-19 13:10:28,364,526,423,0
2026-07-19 13:10:29,375,520,429,0
2026-07-19 13:10:30,388,534,463,0
2026-07-19 13:10:31,367,505,442,0
2026-07-19 13:10:32,357,530,461,0
2026-07-19 13:10:33,296,508,457,0
2026-07-19 13:10:34,294,526,447,0
2026-07-19 13:10:35,292,515,455,0
2026-07-19 13:10:36,286,505,460,0
2026-07-19 13:10:37,281,508,460,0
2026-07-19 13:10:38,310,508,453,0
2026-07-19 13:10:39,363,513,433,0
2026-07-19 13:10:40,355,518,419,0
2026-07-19 13:10:41,360,507,401,0
2026-07-19 13:10:42,347,502,397,0
2026-07-19 13:10:43,340,513,383,0
2026-07-19 13:10:44,366,521,388,0
2026-07-19 13:10:45,345,527,408,0
2026-07-19 13:10:46,350,535,376,0
2026-07-19 13:10:47,333,515,403,0
2026-07-19 13:10:48,346,518,383,0
2026-07-19 13:10:49,350,523,399,0
2026-07-19 13:10:50,362,547,428,0
2026-07-19 13:10:51,390,509,432,0
2026-07-19 13:10:52,382,540,440,0
2026-07-19 13:10:53,382,524,438,0
2026-07-19 13:10:54,339,513,428,0
2026-07-19 13:10:55,331,515,447,0
2026-07-19 13:10:56,362,534,448,0
2026-07-19 13:10:57,356,519,439,0
2026-07-19 13:10:58,324,518,434,0
2026-07-19 13:10:59,338,525,443,0
2026-07-19 13:11:00,371,505,426,0
2026-07-19 13:11:01,340,508,428,0
2026-07-19 13:11:02,365,506,423,0
2026-07-19 13:11:03,355,528,416,0
2026-07-19 13:11:04,358,525,375,0
2026-07-19 13:11:05,383,512,392,0
2026-07-19 13:11:06,351,536,400,0
2026-07-19 13:11:07,356,526,396,0
2026-07-19 13:11:08,371,506,376,0
2026-07-19 13:11:09,341,515,424,0
2026-07-19 13:11:10,345,518,473,0
2026-07-19 13:11:11,292,517,450,0
2026-07-19 13:11:12,297,521,468,0
2026-07-19 13:11:13,291,516,431,0
2026-07-19 13:11:14,297,525,441,0
2026-07-19 13:11:15,343,496,445,0
2026-07-19 13:11:16,353,507,436,0
2026-07-19 13:11:17,385,515,436,0
2026-07-19 13:11:18,360,526,455,0
2026-07-19 13:11:19,380,531,406,0
2026-07-19 13:11:20,376,518,400,0
2026-07-19 13:11:21,370,511,412,0
2026-07-19 13:11:22,372,526,399,0
2026-07-19 13:11:23,341,504,396,0
2026-07-19 13:11:24,365,513,439,0
2026-07-19 13:11:25,303,508,461,0
2026-07-19 13:11:26,281,522,460,0
2026-07-19 13:11:27,283,508,468,0
2026-07-19 13:11:28,304,536,444,0
2026-07-19 13:11:29,281,515,430,0
2026-07-19 13:11:30,328,507,448,0
2026-07-19 13:11:31,364,492,446,0
2026-07-19 13:11:32,366,535,440,0
2026-07-19 13:11:33,346,519,421,0
2026-07-19 13:11:34,349,545,403,0
2026-07-19 13:11:35,367,527,387,0
2026-07-19 13:11:36,336,533,381,0
2026-07-19 13:11:37,343,502,384,0
2026-07-19 13:11:38,355,513,410,0
2026-07-19 13:11:39,323,516,462,0
2026-07-19 13:11:40,294,502,450,0
2026-07-19 13:11:41,280,509,457,0
2026-07-19 13:11:42,306,514,464,0
2026-07-19 13:11:43,292,500,458,0
2026-07-19 13:11:44,329,512,454,0
2026-07-19 13:11:45,352,525,433,0
2026-07-19 13:11:46,380,519,461,0
2026-07-19 13:11:47,364,518,431,0
2026-07-19 13:11:48,388,516,430,0
2026-07-19 13:11:49,374,528,415,0
2026-07-19 13:11:50,363,502,406,0
2026-07-19 13:11:51,366,513,372,0
2026-07-19 13:11:52,366,521,453,0
2026-07-19 13:11:53,370,508,420,0
2026-07-19 13:11:54,347,512,457,0
2026-07-19 13:11:55,321,508,473,0
2026-07-19 13:11:56,302,518,444,0
2026-07-19 13:11:57,287,510,477,0
2026-07-19 13:11:58,276,506,465,0
2026-07-19 13:11:59,314,531,442,0
2026-07-19 13:12:00,323,524,442,0
2026-07-19 13:12:01,375,521,433,0
2026-07-19 13:12:02,389,542,430,0
2026-07-19 13:12:03,367,516,418,0
2026-07-19 13:12:04,340,526,371,0
2026-07-19 13:12:05,343,521,375,0
2026-07-19 13:12:06,369,540,375,0
2026-07-19 13:12:07,364,504,396,0
2026-07-19 13:12:08,346,510,412,0
2026-07-19 13:12:09,334,517,454,0
2026-07-19 13:12:10,305,514,465,0
2026-07-19 13:12:11,287,514,465,0
2026-07-19 13:12:12,282,511,442,0
2026-07-19 13:12:13,285,518,463,0
2026-07-19 13:12:14,370,525,450,0
2026-07-19 13:12:15,347,526,435,0
2026-07-19 13:12:16,376,531,450,0
2026-07-19 13:12:17,352,524,452,0
2026-07-19 13:12:18,357,517,459,0
2026-07-19 13:12:19,368,511,401,0
2026-07-19 13:12:20,363,513,405,0
2026-07-19 13:12:21,361,533,395,0
2026-07-19 13:12:22,373,508,424,0
2026-07-19 13:12:23,351,514,403,0
2026-07-19 13:12:24,268,519,466,0
2026-07-19 13:12:25,310,521,461,0
2026-07-19 13:12:26,264,522,462,0
2026-07-19 13:12:27,313,499,455,0
2026-07-19 13:12:28,281,530,467,0
2026-07-19 13:12:29,265,506,438,0
2026-07-19 13:12:30,344,545,442,0
2026-07-19 13:12:31,349,534,434,0
2026-07-19 13:12:32,339,510,434,0
2026-07-19 13:12:33,356,527,416,0
2026-07-19 13:12:34,359,514,387,0
2026-07-19 13:12:35,359,515,386,0
2026-07-19 13:12:36,367,512,403,0
2026-07-19 13:12:37,348,506,387,0
2026-07-19 13:12:38,365,508,437,0
2026-07-19 13:12:39,343,511,458,0
2026-07-19 13:12:40,299,517,450,0
2026-07-19 13:12:41,312,523,458,0
2026-07-19 13:12:42,324,518,460,0
2026-07-19 13:12:43,373,532,459,0
2026-07-19 13:12:44,367,527,448,0
2026-07-19 13:12:45,352,511,445,0
2026-07-19 13:12:46,372,523,440,0
2026-07-19 13:12:47,355,544,398,0
2026-07-19 13:12:48,378,521,391,0
2026-07-19 13:12:49,376,540,416,0
2026-07-19 13:12:50,357,505,393,0
2026-07-19 13:12:51,393,511,435,0
2026-07-19 13:12:52,300,515,448,0
2026-07-19 13:12:53,304,501,461,0
2026-07-19 13:12:54,287,518,462,0
2026-07-19 13:12:55,288,508,476,0
2026-07-19 13:12:56,353,516,434,0
2026-07-19 13:12:57,376,534,443,0
2026-07-19 13:12:58,350,527,440,0
2026-07-19 13:12:59,339,512,420,0
2026-07-19 13:13:00,336,524,408,0
2026-07-19 13:13:01,374,540,382,0
2026-07-19 13:13:02,347,527,386,0
2026-07-19 13:13:03,339,529,371,0
2026-07-19 13:13:04,285,514,432,0
2026-07-19 13:13:05,277,515,461,0
2026-07-19 13:13:06,294,507,438,0
2026-07-19 13:13:07,303,528,450,0
2026-07-19 13:13:08,373,499,441,0
2026-07-19 13:13:09,349,497,458,0
2026-07-19 13:13:10,351,513,443,0
2026-07-19 13:13:11,374,509,430,0
2026-07-19 13:13:12,368,510,407,0
2026-07-19 13:13:13,366,517,397,0
2026-07-19 13:13:14,355,536,403,0
2026-07-19 13:13:15,338,500,377,0
2026-07-19 13:13:16,372,515,410,0
2026-07-19 13:13:17,342,509,441,0
2026-07-19 13:13:18,319,505,470,0
2026-07-19 13:13:19,307,508,435,0
2026-07-19 13:13:20,299,520,450,0
2026-07-19 13:13:21,278,526,448,0
2026-07-19 13:13:22,279,492,446,0
2026-07-19 13:13:23,344,511,430,0
2026-07-19 13:13:24,388,529,447,0
2026-07-19 13:13:25,378,529,435,0
2026-07-19 13:13:26,385,529,441,0
2026-07-19 13:13:27,334,508,405,0
2026-07-19 13:13:28,365,533,367,0
2026-07-19 13:13:29,381,506,368,0
2026-07-19 13:13:30,360,495,396,0
2026-07-19 13:13:31,329,513,376,0
2026-07-19 13:13:32,358,519,428,0
2026-07-19 13:13:33,356,518,445,0
2026-07-19 13:13:34,291,518,440,0
2026-07-19 13:13:35,297,511,448,0
2026-07-19 13:13:36,303,513,456,0
2026-07-19 13:13:37,288,516,437,0
2026-07-19 13:13:38,294,514,457,0
2026-07-19 13:13:39,334,509,456,0
2026-07-19 13:13:40,372,510,434,0
2026-07-19 13:13:41,356,517,468,0
2026-07-19 13:13:42,359,517,417,0
2026-07-19 13:13:43,387,528,420,0
2026-07-19 13:13:44,377,519,379,0
2026-07-19 13:13:45,348,532,396,0
2026-07-19 13:13:46,371,498,406,0
2026-07-19 13:13:47,370,488,389,0
2026-07-19 13:13:48,356,524,401,0
2026-07-19 13:13:49,374,504,424,0
2026-07-19 13:13:50,379,505,457,0
2026-07-19 13:13:51,282,494,451,0
2026-07-19 13:13:52,311,502,440,0
2026-07-19 13:13:53,269,533,454,0
2026-07-19 13:13:54,333,517,441,0
2026-07-19 13:13:55,357,528,446,0
2026-07-19 13:13:56,356,518,437,0
2026-07-19 13:13:57,352,513,426,0
2026-07-19 13:13:58,360,535,418,0
2026-07-19 13:13:59,343,523,371,0
2026-07-19 13:14:00,343,507,382,0
2026-07-19 13:14:01,352,505,394,0
2026-07-19 13:14:02,348,509,408,0
2026-07-19 13:14:03,328,509,409,0
2026-07-19 13:14:04,338,503,447,0
2026-07-19 13:14:05,319,501,439,0
2026-07-19 13:14:06,292,514,459,0
2026-07-19 13:14:07,298,514,453,0
2026-07-19 13:14:08,287,513,452,0
2026-07-19 13:14:09,299,509,436,0
2026-07-19 13:14:10,307,521,450,0
2026-07-19 13:14:11,289,519,455,0
2026-07-19 13:14:12,266,506,448,0
2026-07-19 13:14:13,291,528,457,0
2026-07-19 13:14:14,294,507,443,0
2026-07-19 13:14:15,262,526,439,0
2026-07-19 13:14:16,294,523,465,0
2026-07-19 13:14:17,291,514,460,0
2026-07-19 13:14:18,300,520,442,0
2026-07-19 13:14:19,298,512,441,0
2026-07-19 13:14:20,299,506,436,0
2026-07-19 13:14:21,332,521,437,0
2026-07-19 13:14:22,298,502,437,0
2026-07-19 13:14:23,347,496,457,0
2026-07-19 13:14:24,361,517,451,0
2026-07-19 13:14:25,349,530,439,0
2026-07-19 13:14:26,366,501,446,0
2026-07-19 13:14:27,364,508,434,0
2026-07-19 13:14:28,380,525,441,0
2026-07-19 13:14:29,374,527,441,0
2026-07-19 13:14:30,354,528,444,0
2026-07-19 13:14:31,369,537,434,0
2026-07-19 13:14:32,381,524,441,0
2026-07-19 13:14:33,382,516,448,0
2026-07-19 13:14:34,352,507,444,0
2026-07-19 13:14:35,355,509,442,0
2026-07-19 13:14:36,357,512,443,0
2026-07-19 13:14:37,388,503,461,0
2026-07-19 13:14:38,376,524,463,0
2026-07-19 13:14:39,343,514,451,0
2026-07-19 13:14:40,391,525,463,0
2026-07-19 13:14:41,370,504,434,0
2026-07-19 13:14:42,372,510,450,0
2026-07-19 13:14:43,360,509,442,0
2026-07-19 13:14:44,371,513,460,0
2026-07-19 13:14:45,395,514,449,0
2026-07-19 13:14:46,358,527,436,0
2026-07-19 13:14:47,386,511,454,0
2026-07-19 13:14:48,373,508,452,0
2026-07-19 13:14:49,384,519,459,0
2026-07-19 13:14:50,350,517,438,0
2026-07-19 13:14:51,368,507,446,0
2026-07-19 13:14:52,365,510,440,0
2026-07-19 13:14:53,372,519,443,0
2026-07-19 13:14:54,386,538,448,0
2026-07-19 13:14:55,372,504,453,0
2026-07-19 13:14:56,361,509,442,0
2026-07-19 13:14:57,379,522,431,0
2026-07-19 13:14:58,342,536,463,0
2026-07-19 13:14:59,347,505,446,0
2026-07-19 13:15:00,322,529,443,0
2026-07-19 13:15:01,339,510,436,0
2026-07-19 13:15:02,315,519,442,0
2026-07-19 13:15:03,350,514,461,0
2026-07-19 13:15:04,295,504,461,0
2026-07-19 13:15:05,301,508,443,0
2026-07-19 13:15:06,341,526,435,0
2026-07-19 13:15:07,318,515,447,0
2026-07-19 13:15:08,330,499,459,0
2026-07-19 13:15:09,321,497,449,0
2026-07-19 13:15:10,358,497,455,0
2026-07-19 13:15:11,361,513,464,0
2026-07-19 13:15:12,360,515,452,0
2026-07-19 13:15:13,383,521,448,0
2026-07-19 13:15:14,374,512,460,0
2026-07-19 13:15:15,349,497,447,0
2026-07-19 13:15:16,368,506,446,0
2026-07-19 13:15:17,381,507,442,0
2026-07-19 13:15:18,395,515,445,0
2026-07-19 13:15:19,365,505,449,0
2026-07-19 13:15:20,361,505,450,0
2026-07-19 13:15:21,381,533,437,0
2026-07-19 13:15:22,391,526,392,0
2026-07-19 13:15:23,362,534,407,0
2026-07-19 13:15:24,377,504,393,0
2026-07-19 13:15:25,375,523,407,0
2026-07-19 13:15:26,337,518,399,0
2026-07-19 13:15:27,345,493,399,0
2026-07-19 13:15:28,364,508,388,0
2026-07-19 13:15:29,367,529,390,0
2026-07-19 13:15:30,357,519,399,0
2026-07-19 13:15:31,353,504,398,0
2026-07-19 13:15:32,357,517,380,0
2026-07-19 13:15:33,378,507,407,0
2026-07-19 13:15:34,363,510,398,0
2026-07-19 13:15:35,363,500,434,0
2026-07-19 13:15:36,368,522,397,0
2026-07-19 13:15:37,379,513,397,0
2026-07-19 13:15:38,361,515,391,0
2026-07-19 13:15:39,352,503,395,0
2026-07-19 13:15:40,367,511,408,0
2026-07-19 13:15:41,362,517,405,0
2026-07-19 13:15:42,359,502,441,0
2026-07-19 13:15:43,384,526,404,0
2026-07-19 13:15:44,390,512,392,0
2026-07-19 13:15:45,369,518,370,0
2026-07-19 13:15:46,380,517,382,0
2026-07-19 13:15:47,397,519,399,0
2026-07-19 13:15:48,361,514,436,0
2026-07-19 13:15:49,380,527,461,0
2026-07-19 13:15:50,382,525,464,0
2026-07-19 13:15:51,396,530,437,0
2026-07-19 13:15:52,380,528,437,0
2026-07-19 13:15:53,336,509,452,0
2026-07-19 13:15:54,301,514,447,0
2026-07-19 13:15:55,279,513,469,0
2026-07-19 13:15:56,271,507,452,0
2026-07-19 13:15:57,273,506,453,0
2026-07-19 13:15:58,307,507,455,0
2026-07-19 13:15:59,353,519,438,0
2026-07-19 13:16:00,330,513,436,0
2026-07-19 13:16:01,360,516,404,0
2026-07-19 13:16:02,369,506,397,0
2026-07-19 13:16:03,356,520,376,0
2026-07-19 13:16:04,347,500,381,0
2026-07-19 13:16:05,358,518,388,0
2026-07-19 13:16:06,359,525,410,0
2026-07-19 13:16:07,341,511,428,0
2026-07-19 13:16:08,335,537,430,0
2026-07-19 13:16:09,338,507,431,0
2026-07-19 13:16:10,329,517,460,0
2026-07-19 13:16:11,295,496,442,0
2026-07-19 13:16:12,258,540,483,0
2026-07-19 13:16:13,269,508,458,0
2026-07-19 13:16:14,297,508,459,0
2026-07-19 13:16:15,305,523,475,0
2026-07-19 13:16:16,321,515,446,0
2026-07-19 13:16:17,405,503,455,0
2026-07-19 13:16:18,382,503,416,0
2026-07-19 13:16:19,379,508,394,0
2026-07-19 13:16:20,336,514,391,0
2026-07-19 13:16:21,381,513,402,0
2026-07-19 13:16:22,380,511,411,0
2026-07-19 13:16:23,356,501,442,0
2026-07-19 13:16:24,376,526,448,0
2026-07-19 13:16:25,371,507,451,0
2026-07-19 13:16:26,340,524,443,0
2026-07-19 13:16:27,311,501,464,0
2026-07-19 13:16:28,287,497,452,0
2026-07-19 13:16:29,285,522,455,0
2026-07-19 13:16:30,289,523,457,0
2026-07-19 13:16:31,288,511,453,0
2026-07-19 13:16:32,297,514,469,0
2026-07-19 13:16:33,341,503,439,0
2026-07-19 13:16:34,355,512,420,0
2026-07-19 13:16:35,346,513,404,0
2026-07-19 13:16:36,357,504,402,0
2026-07-19 13:16:37,344,500,377,0
2026-07-19 13:16:38,374,539,389,0
2026-07-19 13:16:39,369,547,398,0
2026-07-19 13:16:40,369,515,362,0
2026-07-19 13:16:41,320,508,360,0
2026-07-19 13:16:42,364,539,382,0
2026-07-19 13:16:43,361,499,359,0
2026-07-19 13:16:44,337,509,371,0
2026-07-19 13:16:45,349,503,397,0
2026-07-19 13:16:46,332,506,395,0
2026-07-19 13:16:47,352,521,381,0
2026-07-19 13:16:48,344,534,361,0
2026-07-19 13:16:49,358,504,379,0
2026-07-19 13:16:50,324,531,374,0
2026-07-19 13:16:51,372,517,394,0
2026-07-19 13:16:52,378,516,381,0
2026-07-19 13:16:53,361,539,394,0
2026-07-19 13:16:54,354,492,396,0
2026-07-19 13:16:55,352,513,380,0
2026-07-19 13:16:56,350,520,394,0
2026-07-19 13:16:57,371,507,402,0
2026-07-19 13:16:58,351,513,406,0
2026-07-19 13:16:59,341,504,441,0
2026-07-19 13:17:00,338,505,438,0
2026-07-19 13:17:01,361,517,455,0
2026-07-19 13:17:02,354,511,464,0
2026-07-19 13:17:03,321,507,442,0
2026-07-19 13:17:04,317,512,460,0
2026-07-19 13:17:05,328,510,448,0
2026-07-19 13:17:06,307,505,456,0
2026-07-19 13:17:07,299,510,444,0
2026-07-19 13:17:08,309,509,446,0
2026-07-19 13:17:09,338,513,440,0
2026-07-19 13:17:10,315,504,456,0
2026-07-19 13:17:11,316,504,440,0
2026-07-19 13:17:12,320,511,448,0
2026-07-19 13:17:13,303,516,457,0
2026-07-19 13:17:14,332,500,458,0
2026-07-19 13:17:15,351,516,451,0
2026-07-19 13:17:16,357,511,461,0
2026-07-19 13:17:17,332,515,447,0
2026-07-19 13:17:18,341,510,450,0
2026-07-19 13:17:19,322,512,450,0
2026-07-19 13:17:20,320,518,454,0
2026-07-19 13:17:21,311,512,458,0
2026-07-19 13:17:22,301,504,458,0
2026-07-19 13:17:23,299,507,453,0
2026-07-19 13:17:24,284,507,436,0
2026-07-19 13:17:25,299,517,442,0
2026-07-19 13:17:26,263,517,440,0
2026-07-19 13:17:27,293,523,446,0
2026-07-19 13:17:28,351,522,454,0
2026-07-19 13:17:29,363,524,446,0
2026-07-19 13:17:30,351,509,453,0
2026-07-19 13:17:31,402,516,429,0
2026-07-19 13:17:32,368,525,418,0
2026-07-19 13:17:33,399,531,397,0
2026-07-19 13:17:34,359,520,385,0
2026-07-19 13:17:35,375,517,399,0
2026-07-19 13:17:36,379,521,422,0
2026-07-19 13:17:37,365,505,413,0
2026-07-19 13:17:38,355,509,457,0
2026-07-19 13:17:39,329,508,445,0
2026-07-19 13:17:40,281,516,442,0
2026-07-19 13:17:41,274,505,463,0
2026-07-19 13:17:42,266,521,471,0
2026-07-19 13:17:43,327,532,436,0
2026-07-19 13:17:44,324,521,448,0
2026-07-19 13:17:45,356,524,437,0
2026-07-19 13:17:46,346,506,439,0
2026-07-19 13:17:47,348,531,431,0
2026-07-19 13:17:48,353,519,412,0
2026-07-19 13:17:49,359,529,393,0
2026-07-19 13:17:50,354,516,376,0
2026-07-19 13:17:51,357,521,385,0
2026-07-19 13:17:52,351,518,436,0
2026-07-19 13:17:53,348,504,444,0
2026-07-19 13:17:54,346,515,470,0
2026-07-19 13:17:55,282,509,479,0
2026-07-19 13:17:56,301,518,471,0
2026-07-19 13:17:57,273,506,473,0
2026-07-19 13:17:58,303,519,471,0
2026-07-19 13:17:59,315,495,454,0
2026-07-19 13:18:00,318,508,448,0
2026-07-19 13:18:01,357,517,453,0
2026-07-19 13:18:02,371,503,451,0
2026-07-19 13:18:03,364,513,440,0
2026-07-19 13:18:04,404,528,453,0
2026-07-19 13:18:05,384,518,454,0
2026-07-19 13:18:06,386,525,448,0
2026-07-19 13:18:07,375,518,441,0
2026-07-19 13:18:08,390,503,463,0
2026-07-19 13:18:09,405,511,427,0
2026-07-19 13:18:10,397,519,422,0
2026-07-19 13:18:11,377,518,414,0
2026-07-19 13:18:12,352,528,398,0
2026-07-19 13:18:13,373,526,360,0
2026-07-19 13:18:14,387,535,394,0
2026-07-19 13:18:15,340,520,400,0
2026-07-19 13:18:16,368,512,397,0
2026-07-19 13:18:17,359,516,391,0
2026-07-19 13:18:18,373,511,377,0
2026-07-19 13:18:19,386,527,394,0
2026-07-19 13:18:20,350,531,398,0
2026-07-19 13:18:21,371,522,398,0
2026-07-19 13:18:22,346,526,398,0
2026-07-19 13:18:23,366,527,401,0
2026-07-19 13:18:24,352,520,405,0
2026-07-19 13:18:25,370,526,408,0
2026-07-19 13:18:26,365,505,394,0
2026-07-19 13:18:27,381,516,399,0
2026-07-19 13:18:28,381,524,436,0
2026-07-19 13:18:29,370,523,411,0
2026-07-19 13:18:30,386,513,424,0
2026-07-19 13:18:31,394,519,429,0
2026-07-19 13:18:32,345,534,433,0
2026-07-19 13:18:33,354,516,439,0
2026-07-19 13:18:34,367,509,414,0
2026-07-19 13:18:35,367,504,419,0
2026-07-19 13:18:36,374,511,438,0
2026-07-19 13:18:37,382,522,445,0
2026-07-19 13:18:38,354,524,444,0
2026-07-19 13:18:39,347,515,421,0
2026-07-19 13:18:40,391,518,428,0
2026-07-19 13:18:41,379,529,428,0
2026-07-19 13:18:42,338,508,411,0
2026-07-19 13:18:43,353,502,404,0
2026-07-19 13:18:44,392,500,420,0
2026-07-19 13:18:45,374,515,399,0
2026-07-19 13:18:46,358,509,400,0
2026-07-19 13:18:47,361,516,413,0
2026-07-19 13:18:48,370,520,375,0
2026-07-19 13:18:49,390,519,401,0
2026-07-19 13:18:50,384,497,409,0
2026-07-19 13:18:51,340,510,388,0
2026-07-19 13:18:52,360,521,407,0
2026-07-19 13:18:53,360,519,411,0
2026-07-19 13:18:54,374,507,396,0
2026-07-19 13:18:55,364,499,399,0
2026-07-19 13:18:56,364,508,387,0
2026-07-19 13:18:57,363,516,428,0
2026-07-19 13:18:58,351,511,441,0
2026-07-19 13:18:59,351,506,441,0
2026-07-19 13:19:00,368,511,451,0
2026-07-19 13:19:01,307,501,471,0
2026-07-19 13:19:02,321,500,469,0
2026-07-19 13:19:03,302,496,475,0
2026-07-19 13:19:04,289,500,457,0
2026-07-19 13:19:05,282,507,443,0
2026-07-19 13:19:06,261,496,457,0
2026-07-19 13:19:07,281,499,469,0
2026-07-19 13:19:08,276,511,469,0
2026-07-19 13:19:09,317,533,455,0
2026-07-19 13:19:10,334,539,425,0
2026-07-19 13:19:11,355,526,443,0
2026-07-19 13:19:12,350,491,437,0
2026-07-19 13:19:13,364,522,442,0
2026-07-19 13:19:14,336,517,404,0
2026-07-19 13:19:15,352,514,395,0
2026-07-19 13:19:16,341,515,380,0
2026-07-19 13:19:17,387,524,363,0
2026-07-19 13:19:18,336,512,383,0
2026-07-19 13:19:19,370,521,389,0
2026-07-19 13:19:20,348,506,397,0
2026-07-19 13:19:21,349,518,418,0
2026-07-19 13:19:22,344,514,427,0
2026-07-19 13:19:23,325,516,466,0
2026-07-19 13:19:24,312,515,448,0
2026-07-19 13:19:25,283,505,439,0
2026-07-19 13:19:26,301,509,457,0
2026-07-19 13:19:27,307,517,458,0
2026-07-19 13:19:28,304,517,442,0
2026-07-19 13:19:29,313,518,454,0
2026-07-19 13:19:30,288,501,440,0
2026-07-19 13:19:31,288,512,441,0
2026-07-19 13:19:32,305,523,460,0
2026-07-19 13:19:33,302,504,441,0
2026-07-19 13:19:34,339,530,462,0
2026-07-19 13:19:35,372,506,442,0
2026-07-19 13:19:36,382,528,445,0
2026-07-19 13:19:37,396,504,436,0
2026-07-19 13:19:38,371,510,443,0
2026-07-19 13:19:39,350,528,420,0
2026-07-19 13:19:40,382,526,440,0
2026-07-19 13:19:41,371,514,440,0
2026-07-19 13:19:42,366,522,444,0
2026-07-19 13:19:43,348,503,418,0
2026-07-19 13:19:44,347,531,401,0
2026-07-19 13:19:45,349,513,405,0
2026-07-19 13:19:46,369,516,402,0
2026-07-19 13:19:47,369,513,384,0
2026-07-19 13:19:48,345,496,390,0
2026-07-19 13:19:49,368,532,389,0
2026-07-19 13:19:50,350,494,381,0
2026-07-19 13:19:51,386,526,380,0
2026-07-19 13:19:52,349,512,391,0
2026-07-19 13:19:53,361,531,387,0
2026-07-19 13:19:54,351,517,400,0
2026-07-19 13:19:55,362,516,412,0
2026-07-19 13:19:56,361,514,401,0
2026-07-19 13:19:57,354,514,396,0
2026-07-19 13:19:58,370,504,413,0
2026-07-19 13:19:59,335,510,416,0
2026-07-19 13:20:00,340,507,406,0
2026-07-19 13:20:01,349,502,438,0
2026-07-19 13:20:02,333,498,463,0
2026-07-19 13:20:03,351,522,435,0
2026-07-19 13:20:04,317,504,451,0
2026-07-19 13:20:05,293,495,477,0
2026-07-19 13:20:06,279,504,448,0
2026-07-19 13:20:07,268,504,464,0
2026-07-19 13:20:08,302,511,435,0
2026-07-19 13:20:09,278,507,438,0
2026-07-19 13:20:10,311,504,433,0
2026-07-19 13:20:11,322,541,434,0
2026-07-19 13:20:12,378,488,437,0
2026-07-19 13:20:13,359,513,427,0
2026-07-19 13:20:14,349,510,402,0
2026-07-19 13:20:15,323,526,379,0
2026-07-19 13:20:16,355,492,373,0
2026-07-19 13:20:17,332,516,386,0
2026-07-19 13:20:18,366,520,372,0
2026-07-19 13:20:19,340,505,415,0
2026-07-19 13:20:20,291,503,455,0
2026-07-19 13:20:21,302,507,448,0
2026-07-19 13:20:22,286,514,440,0
2026-07-19 13:20:23,295,510,427,0
2026-07-19 13:20:24,302,505,440,0
2026-07-19 13:20:25,330,513,458,0
2026-07-19 13:20:26,361,510,447,0
2026-07-19 13:20:27,381,520,460,0
2026-07-19 13:20:28,352,507,432,0
2026-07-19 13:20:29,360,499,412,0
2026-07-19 13:20:30,359,516,367,0
2026-07-19 13:20:31,352,529,408,0
2026-07-19 13:20:32,338,531,406,0
2026-07-19 13:20:33,378,503,397,0
2026-07-19 13:20:34,332,507,465,0
2026-07-19 13:20:35,340,520,447,0
2026-07-19 13:20:36,285,504,435,0
2026-07-19 13:20:37,293,511,458,0
2026-07-19 13:20:38,298,503,442,0
2026-07-19 13:20:39,277,506,429,0
2026-07-19 13:20:40,314,538,439,0
2026-07-19 13:20:41,353,508,442,0
2026-07-19 13:20:42,331,522,422,0
2026-07-19 13:20:43,336,522,430,0
2026-07-19 13:20:44,334,501,422,0
2026-07-19 13:20:45,342,525,371,0
2026-07-19 13:20:46,348,516,376,0
2026-07-19 13:20:47,354,502,396,0
2026-07-19 13:20:48,344,516,395,0
2026-07-19 13:20:49,336,514,457,0
2026-07-19 13:20:50,304,505,452,0
2026-07-19 13:20:51,296,504,469,0
2026-07-19 13:20:52,307,497,430,0
2026-07-19 13:20:53,281,517,449,0
2026-07-19 13:20:54,315,500,437,0
2026-07-19 13:20:55,351,498,457,0
2026-07-19 13:20:56,364,513,460,0
2026-07-19 13:20:57,361,519,435,0
2026-07-19 13:20:58,395,520,436,0
2026-07-19 13:20:59,372,527,403,0
2026-07-19 13:21:00,356,523,401,0
2026-07-19 13:21:01,377,497,416,0
2026-07-19 13:21:02,360,509,420,0
2026-07-19 13:21:03,344,503,440,0
2026-07-19 13:21:04,292,496,473,0
2026-07-19 13:21:05,308,501,463,0
2026-07-19 13:21:06,286,497,464,0
2026-07-19 13:21:07,286,524,470,0
2026-07-19 13:21:08,311,534,451,0
2026-07-19 13:21:09,340,508,454,0
2026-07-19 13:21:10,365,507,445,0
2026-07-19 13:21:11,334,518,438,0
2026-07-19 13:21:12,358,511,405,0
2026-07-19 13:21:13,330,512,376,0
2026-07-19 13:21:14,373,526,364,0
2026-07-19 13:21:15,343,507,360,0
2026-07-19 13:21:16,363,522,388,0
2026-07-19 13:21:17,361,512,433,0
2026-07-19 13:21:18,333,513,442,0
2026-07-19 13:21:19,299,509,431,0
2026-07-19 13:21:20,294,508,471,0
2026-07-19 13:21:21,293,522,441,0
2026-07-19 13:21:22,297,503,449,0
2026-07-19 13:21:23,355,511,437,0
2026-07-19 13:21:24,395,519,460,0
2026-07-19 13:21:25,374,498,439,0
2026-07-19 13:21:26,365,507,422,0
2026-07-19 13:21:27,371,499,410,0
2026-07-19 13:21:28,356,525,393,0
2026-07-19 13:21:29,371,506,408,0
2026-07-19 13:21:30,358,518,414,0
2026-07-19 13:21:31,369,496,435,0
2026-07-19 13:21:32,343,516,458,0
2026-07-19 13:21:33,299,501,443,0
2026-07-19 13:21:34,274,516,459,0
2026-07-19 13:21:35,264,535,454,0
2026-07-19 13:21:36,273,511,460,0
2026-07-19 13:21:37,332,529,456,0
2026-07-19 13:21:38,358,515,436,0
2026-07-19 13:21:39,354,525,437,0
2026-07-19 13:21:40,356,531,426,0
2026-07-19 13:21:41,339,527,401,0
2026-07-19 13:21:42,349,546,369,0
2026-07-19 13:21:43,330,529,359,0
2026-07-19 13:21:44,363,529,381,0
2026-07-19 13:21:45,360,506,394,0
2026-07-19 13:21:46,331,504,403,0
2026-07-19 13:21:47,323,503,427,0
2026-07-19 13:21:48,302,511,458,0
2026-07-19 13:21:49,292,503,450,0
2026-07-19 13:21:50,293,503,460,0
2026-07-19 13:21:51,291,523,446,0
2026-07-19 13:21:52,310,524,445,0
2026-07-19 13:21:53,370,503,446,0
2026-07-19 13:21:54,380,507,450,0
2026-07-19 13:21:55,362,508,460,0
2026-07-19 13:21:56,372,514,376,0
2026-07-19 13:21:57,373,515,395,0
2026-07-19 13:21:58,385,521,399,0
2026-07-19 13:21:59,363,518,395,0
2026-07-19 13:22:00,357,499,418,0
2026-07-19 13:22:01,353,508,432,0
2026-07-19 13:22:02,325,502,472,0
2026-07-19 13:22:03,312,508,480,0
2026-07-19 13:22:04,289,510,465,0
2026-07-19 13:22:05,308,531,469,0
2026-07-19 13:22:06,295,504,424,0
2026-07-19 13:22:07,333,516,446,0
2026-07-19 13:22:08,396,504,444,0
2026-07-19 13:22:09,332,541,435,0
2026-07-19 13:22:10,330,506,419,0
2026-07-19 13:22:11,347,505,387,0
2026-07-19 13:22:12,332,519,383,0
2026-07-19 13:22:13,353,517,372,0
2026-07-19 13:22:14,335,514,372,0
2026-07-19 13:22:15,339,518,402,0
2026-07-19 13:22:16,334,517,441,0
2026-07-19 13:22:17,324,513,450,0
2026-07-19 13:22:18,277,516,455,0
2026-07-19 13:22:19,303,510,448,0
2026-07-19 13:22:20,299,521,449,0
2026-07-19 13:22:21,342,507,452,0
2026-07-19 13:22:22,356,517,420,0
2026-07-19 13:22:23,346,507,443,0
2026-07-19 13:22:24,361,498,439,0
2026-07-19 13:22:25,348,533,411,0
2026-07-19 13:22:26,359,502,407,0
2026-07-19 13:22:27,356,500,400,0
2026-07-19 13:22:28,342,509,405,0
2026-07-19 13:22:29,327,506,397,0
2026-07-19 13:22:30,355,510,447,0
2026-07-19 13:22:31,340,496,463,0
2026-07-19 13:22:32,269,508,484,0
2026-07-19 13:22:33,288,490,460,0
2026-07-19 13:22:34,260,526,437,0
2026-07-19 13:22:35,309,534,452,0
2026-07-19 13:22:36,341,508,453,0
2026-07-19 13:22:37,350,520,442,0
2026-07-19 13:22:38,333,538,425,0
2026-07-19 13:22:40,336,503,427,0
2026-07-19 13:22:40,342,516,374,0
2026-07-19 13:22:41,330,533,391,0
2026-07-19 13:22:42,362,501,386,0
2026-07-19 13:22:43,354,507,386,0
2026-07-19 13:22:44,348,511,448,0
2026-07-19 13:22:45,308,503,446,0
2026-07-19 13:22:46,300,505,455,0
2026-07-19 13:22:47,297,511,446,0
2026-07-19 13:22:48,296,503,453,0
2026-07-19 13:22:49,306,519,450,0
2026-07-19 13:22:50,347,503,429,0
2026-07-19 13:22:51,387,508,446,0
2026-07-19 13:22:52,385,496,444,0
2026-07-19 13:22:53,350,510,393,0
2026-07-19 13:22:54,378,512,393,0
2026-07-19 13:22:55,375,516,378,0
2026-07-19 13:22:56,368,501,399,0
2026-07-19 13:22:57,349,503,397,0
2026-07-19 13:22:58,359,504,451,0
2026-07-19 13:22:59,318,498,444,0
2026-07-19 13:23:00,262,519,458,0
2026-07-19 13:23:01,249,498,457,0
2026-07-19 13:23:02,273,532,448,0
2026-07-19 13:23:03,267,517,442,0
2026-07-19 13:23:04,296,528,430,0
2026-07-19 13:23:05,347,488,431,0
2026-07-19 13:23:06,374,515,420,0
2026-07-19 13:23:07,362,510,431,0
2026-07-19 13:23:08,353,532,399,0
2026-07-19 13:23:09,385,509,402,0
2026-07-19 13:23:10,355,503,364,0
2026-07-19 13:23:11,347,501,388,0
2026-07-19 13:23:12,352,507,418,0
2026-07-19 13:23:13,337,512,444,0
2026-07-19 13:23:14,305,507,449,0
2026-07-19 13:23:15,280,499,447,0
2026-07-19 13:23:16,287,511,445,0
2026-07-19 13:23:17,277,503,435,0
2026-07-19 13:23:18,292,510,436,0
2026-07-19 13:23:19,365,516,443,0
2026-07-19 13:23:20,374,522,461,0
2026-07-19 13:23:21,383,524,452,0
2026-07-19 13:23:22,369,524,422,0
2026-07-19 13:23:23,369,518,403,0
2026-07-19 13:23:24,368,515,410,0
2026-07-19 13:23:25,363,523,400,0
2026-07-19 13:23:26,366,517,399,0
2026-07-19 13:23:27,344,502,442,0
2026-07-19 13:23:28,344,505,478,0
2026-07-19 13:23:29,291,499,456,0
2026-07-19 13:23:30,265,522,471,0
2026-07-19 13:23:31,277,495,461,0
2026-07-19 13:23:32,291,511,448,0
2026-07-19 13:23:33,322,512,451,0
2026-07-19 13:23:34,335,505,440,0
2026-07-19 13:23:35,365,526,449,0
2026-07-19 13:23:36,363,510,427,0
2026-07-19 13:23:37,354,514,397,0
2026-07-19 13:23:38,327,526,378,0
2026-07-19 13:23:39,339,533,396,0
2026-07-19 13:23:40,343,506,379,0
2026-07-19 13:23:41,345,512,421,0
2026-07-19 13:23:42,344,501,437,0
2026-07-19 13:23:43,290,506,442,0
2026-07-19 13:23:44,297,505,447,0
2026-07-19 13:23:45,288,522,452,0
2026-07-19 13:23:46,288,524,460,0
2026-07-19 13:23:47,324,493,438,0
2026-07-19 13:23:48,371,522,443,0
2026-07-19 13:23:49,365,515,432,0
2026-07-19 13:23:50,367,525,441,0
2026-07-19 13:23:51,357,520,430,0
2026-07-19 13:23:52,359,535,370,0
2026-07-19 13:23:53,353,503,424,0
2026-07-19 13:23:54,358,500,394,0
2026-07-19 13:23:55,347,506,440,0
2026-07-19 13:23:56,334,507,437,0
2026-07-19 13:23:57,260,514,475,0
2026-07-19 13:23:58,309,512,479,0
2026-07-19 13:23:59,267,500,469,0
2026-07-19 13:24:00,248,527,452,0
2026-07-19 13:24:01,291,525,456,0
2026-07-19 13:24:02,353,522,419,0
2026-07-19 13:24:03,345,525,444,0
2026-07-19 13:24:04,347,514,432,0
2026-07-19 13:24:05,339,534,424,0
2026-07-19 13:24:06,341,512,375,0
2026-07-19 13:24:07,338,515,384,0
2026-07-19 13:24:08,354,511,363,0
2026-07-19 13:24:09,332,512,388,0
2026-07-19 13:24:10,363,509,419,0
2026-07-19 13:24:11,308,500,458,0
2026-07-19 13:24:12,285,506,466,0
2026-07-19 13:24:13,292,506,448,0
2026-07-19 13:24:14,302,519,440,0
2026-07-19 13:24:15,300,499,453,0
2026-07-19 13:24:16,332,503,442,0
2026-07-19 13:24:17,389,509,448,0
2026-07-19 13:24:18,360,529,446,0
2026-07-19 13:24:19,379,522,434,0
2026-07-19 13:24:20,369,517,425,0
2026-07-19 13:24:21,350,517,394,0
2026-07-19 13:24:22,353,503,376,0
2026-07-19 13:24:23,359,526,412,0
2026-07-19 13:24:24,370,507,418,0
2026-07-19 13:24:25,365,501,462,0
2026-07-19 13:24:26,328,512,462,0
2026-07-19 13:24:27,304,500,477,0
2026-07-19 13:24:28,311,510,466,0
2026-07-19 13:24:29,281,505,479,0
2026-07-19 13:24:30,274,485,458,0
2026-07-19 13:24:31,319,533,439,0
2026-07-19 13:24:32,344,495,445,0
2026-07-19 13:24:33,329,501,423,0
2026-07-19 13:24:34,329,497,428,0
2026-07-19 13:24:35,372,518,377,0
2026-07-19 13:24:36,355,540,399,0
2026-07-19 13:24:37,344,518,399,0
2026-07-19 13:24:38,365,524,356,0
2026-07-19 13:24:39,346,526,380,0
2026-07-19 13:24:40,372,512,430,0
2026-07-19 13:24:41,347,502,439,0
2026-07-19 13:24:42,289,509,449,0
2026-07-19 13:24:43,289,507,431,0
2026-07-19 13:24:44,288,510,463,0
2026-07-19 13:24:45,295,504,440,0
2026-07-19 13:24:46,335,533,433,0
2026-07-19 13:24:47,360,520,448,0
2026-07-19 13:24:48,368,528,428,0
2026-07-19 13:24:49,354,530,442,0
2026-07-19 13:24:50,387,520,436,0
2026-07-19 13:24:51,366,501,390,0
2026-07-19 13:24:52,344,507,414,0
2026-07-19 13:24:53,345,495,394,0
2026-07-19 13:24:54,360,518,413,0
2026-07-19 13:24:55,374,509,432,0
2026-07-19 13:24:56,324,512,450,0
2026-07-19 13:24:57,296,508,472,0
2026-07-19 13:24:58,255,539,469,0
2026-07-19 13:24:59,262,495,424,0
2026-07-19 13:25:00,292,508,457,0
2026-07-19 13:25:01,335,541,443,0
2026-07-19 13:25:02,356,497,432,0
2026-07-19 13:25:03,350,517,435,0
2026-07-19 13:25:04,330,497,438,0
2026-07-19 13:25:05,354,518,382,0
2026-07-19 13:25:06,362,519,375,0
2026-07-19 13:25:07,335,500,386,0
2026-07-19 13:25:08,344,521,391,0
2026-07-19 13:25:09,351,506,421,0
2026-07-19 13:25:10,324,503,433,0
2026-07-19 13:25:11,282,515,449,0
2026-07-19 13:25:12,294,510,451,0
2026-07-19 13:25:13,289,505,458,0
2026-07-19 13:25:14,307,496,459,0
2026-07-19 13:25:15,321,522,438,0
2026-07-19 13:25:16,382,506,436,0
2026-07-19 13:25:17,338,504,444,0
2026-07-19 13:25:18,370,521,436,0
2026-07-19 13:25:19,373,521,386,0
2026-07-19 13:25:20,360,510,413,0
2026-07-19 13:25:21,367,500,394,0
2026-07-19 13:25:22,374,517,416,0
2026-07-19 13:25:23,352,503,440,0
2026-07-19 13:25:24,337,515,452,0
2026-07-19 13:25:25,300,502,509,0
2026-07-19 13:25:26,286,518,461,0
2026-07-19 13:25:27,293,496,472,0
2026-07-19 13:25:28,260,514,446,0
2026-07-19 13:25:29,326,526,432,0
2026-07-19 13:25:30,338,524,446,0
2026-07-19 13:25:31,363,513,429,0
2026-07-19 13:25:32,342,527,409,0
2026-07-19 13:25:33,353,516,398,0
2026-07-19 13:25:34,377,518,375,0
2026-07-19 13:25:35,334,518,392,0
2026-07-19 13:25:36,372,504,388,0
2026-07-19 13:25:37,344,518,403,0
2026-07-19 13:25:38,340,514,458,0
2026-07-19 13:25:39,326,506,458,0
2026-07-19 13:25:40,279,507,461,0
2026-07-19 13:25:41,295,504,449,0
2026-07-19 13:25:42,275,521,444,0
2026-07-19 13:25:43,307,524,452,0
2026-07-19 13:25:44,346,502,442,0
2026-07-19 13:25:45,359,521,446,0
2026-07-19 13:25:46,380,518,453,0
2026-07-19 13:25:47,376,523,448,0
2026-07-19 13:25:48,356,501,414,0
2026-07-19 13:25:49,353,535,385,0
2026-07-19 13:25:50,349,501,384,0
2026-07-19 13:25:51,353,504,404,0
2026-07-19 13:25:52,369,512,408,0
2026-07-19 13:25:53,385,498,442,0
2026-07-19 13:25:54,283,502,447,0
2026-07-19 13:25:55,273,490,465,0
2026-07-19 13:25:56,300,498,452,0
2026-07-19 13:25:57,302,503,454,0
2026-07-19 13:25:58,323,512,434,0
2026-07-19 13:25:59,321,515,456,0
2026-07-19 13:26:00,365,514,423,0
2026-07-19 13:26:01,370,511,445,0
2026-07-19 13:26:02,367,517,415,0
2026-07-19 13:26:03,355,510,406,0
2026-07-19 13:26:04,334,523,379,0
2026-07-19 13:26:05,364,525,369,0
2026-07-19 13:26:06,357,506,382,0
2026-07-19 13:26:07,348,514,385,0
2026-07-19 13:26:08,337,507,428,0
2026-07-19 13:26:09,354,517,444,0
2026-07-19 13:26:10,290,506,452,0
2026-07-19 13:26:11,282,507,427,0
2026-07-19 13:26:12,286,505,443,0
2026-07-19 13:26:13,289,526,428,0
2026-07-19 13:26:14,300,506,446,0
2026-07-19 13:26:15,380,497,442,0
2026-07-19 13:26:16,375,521,444,0
2026-07-19 13:26:17,400,493,439,0
2026-07-19 13:26:18,364,523,435,0
2026-07-19 13:26:19,347,526,384,0
2026-07-19 13:26:20,347,498,396,0
2026-07-19 13:26:21,352,519,397,0
2026-07-19 13:26:22,374,516,427,0
2026-07-19 13:26:23,351,506,414,0
2026-07-19 13:26:24,361,503,468,0
2026-07-19 13:26:25,292,495,487,0
2026-07-19 13:26:26,270,515,468,0
2026-07-19 13:26:27,269,535,452,0
2026-07-19 13:26:28,273,517,462,0
2026-07-19 13:26:29,294,528,466,0
2026-07-19 13:26:30,342,504,438,0
2026-07-19 13:26:31,350,517,438,0
2026-07-19 13:26:32,360,513,441,0
2026-07-19 13:26:33,358,489,424,0
2026-07-19 13:26:34,321,503,409,0
2026-07-19 13:26:35,334,511,384,0
2026-07-19 13:26:36,363,520,396,0
2026-07-19 13:26:37,363,514,378,0
2026-07-19 13:26:38,346,529,358,0
2026-07-19 13:26:39,356,515,389,0
2026-07-19 13:26:40,374,508,423,0
2026-07-19 13:26:41,318,506,462,0
2026-07-19 13:26:42,306,510,437,0
2026-07-19 13:26:43,282,511,449,0
2026-07-19 13:26:44,288,503,459,0
2026-07-19 13:26:45,288,504,444,0
2026-07-19 13:26:46,312,517,438,0
2026-07-19 13:26:47,370,529,441,0
2026-07-19 13:26:48,388,502,446,0
2026-07-19 13:26:49,360,498,446,0
2026-07-19 13:26:50,372,522,431,0
2026-07-19 13:26:51,366,495,421,0
2026-07-19 13:26:52,367,528,400,0
2026-07-19 13:26:53,390,520,409,0
2026-07-19 13:26:54,368,501,392,0
2026-07-19 13:26:55,353,506,385,0
2026-07-19 13:26:56,352,501,448,0
2026-07-19 13:26:57,300,512,442,0
2026-07-19 13:26:58,295,511,438,0
2026-07-19 13:26:59,274,498,458,0
2026-07-19 13:27:00,290,522,459,0
2026-07-19 13:27:01,296,509,451,0
2026-07-19 13:27:02,299,506,436,0
2026-07-19 13:27:03,339,505,425,0
2026-07-19 13:27:04,346,517,458,0
2026-07-19 13:27:05,362,513,425,0
2026-07-19 13:27:06,379,514,437,0
2026-07-19 13:27:07,354,522,405,0
2026-07-19 13:27:08,373,498,400,0
2026-07-19 13:27:09,326,505,386,0
2026-07-19 13:27:10,344,535,384,0
2026-07-19 13:27:11,350,511,392,0
2026-07-19 13:27:12,340,505,431,0
2026-07-19 13:27:13,319,501,435,0
2026-07-19 13:27:14,310,506,449,0
2026-07-19 13:27:15,287,510,448,0
2026-07-19 13:27:16,297,496,426,0
2026-07-19 13:27:17,297,506,465,0
2026-07-19 13:27:18,271,506,438,0
2026-07-19 13:27:19,309,500,451,0
2026-07-19 13:27:20,306,530,438,0
2026-07-19 13:27:21,325,507,441,0
2026-07-19 13:27:22,311,523,444,0
2026-07-19 13:27:23,352,502,465,0
2026-07-19 13:27:24,355,531,461,0
2026-07-19 13:27:25,352,520,435,0
2026-07-19 13:27:26,323,528,439,0
2026-07-19 13:27:27,289,497,446,0
2026-07-19 13:27:28,301,508,450,0
2026-07-19 13:27:29,277,509,436,0
2026-07-19 13:27:30,268,507,453,0
2026-07-19 13:27:31,292,518,455,0
2026-07-19 13:27:32,322,503,455,0
2026-07-19 13:27:33,333,504,428,0
2026-07-19 13:27:34,339,512,419,0
2026-07-19 13:27:35,346,527,379,0
2026-07-19 13:27:36,364,522,375,0
2026-07-19 13:27:37,344,518,369,0
2026-07-19 13:27:38,374,507,399,0
2026-07-19 13:27:39,321,519,401,0
2026-07-19 13:27:40,338,534,440,0
2026-07-19 13:27:41,348,498,438,0
2026-07-19 13:27:42,357,515,443,0
2026-07-19 13:27:43,318,505,450,0
2026-07-19 13:27:44,299,510,457,0
2026-07-19 13:27:45,289,496,463,0
2026-07-19 13:27:46,288,518,457,0
2026-07-19 13:27:47,309,502,444,0
2026-07-19 13:27:48,332,525,464,0
2026-07-19 13:27:49,361,504,433,0
2026-07-19 13:27:50,364,511,388,0
2026-07-19 13:27:51,353,501,405,0
2026-07-19 13:27:52,364,504,427,0
2026-07-19 13:27:53,358,504,402,0
2026-07-19 13:27:54,353,523,402,0
2026-07-19 13:27:55,379,499,451,0
2026-07-19 13:27:56,388,530,456,0
2026-07-19 13:27:57,371,507,438,0
2026-07-19 13:27:58,345,506,445,0
2026-07-19 13:27:59,293,523,439,0
2026-07-19 13:28:00,292,497,446,0
2026-07-19 13:28:01,284,510,459,0
2026-07-19 13:28:02,273,509,442,0
2026-07-19 13:28:03,289,515,445,0
2026-07-19 13:28:04,317,516,457,0
2026-07-19 13:28:05,336,515,448,0
2026-07-19 13:28:06,337,511,416,0
2026-07-19 13:28:07,366,514,395,0
2026-07-19 13:28:08,349,503,379,0
2026-07-19 13:28:09,350,488,391,0
2026-07-19 13:28:10,361,526,368,0
2026-07-19 13:28:11,342,494,364,0
2026-07-19 13:28:12,342,519,395,0
2026-07-19 13:28:13,333,515,387,0
2026-07-19 13:28:14,350,521,368,0
2026-07-19 13:28:15,364,518,395,0
2026-07-19 13:28:16,317,519,394,0
2026-07-19 13:28:17,338,521,369,0
2026-07-19 13:28:18,335,525,381,0
2026-07-19 13:28:19,364,523,387,0
2026-07-19 13:28:20,326,513,369,0
2026-07-19 13:28:21,335,541,398,0
2026-07-19 13:28:22,350,525,390,0
2026-07-19 13:28:23,322,520,394,0
2026-07-19 13:28:24,345,500,373,0
2026-07-19 13:28:25,338,514,395,0
2026-07-19 13:28:26,353,511,435,0
2026-07-19 13:28:27,332,511,452,0
2026-07-19 13:28:28,299,505,446,0
2026-07-19 13:28:29,282,509,453,0
2026-07-19 13:28:30,271,502,442,0
2026-07-19 13:28:31,299,508,435,0
2026-07-19 13:28:32,283,495,434,0
2026-07-19 13:28:33,292,518,461,0
2026-07-19 13:28:34,354,524,442,0
2026-07-19 13:28:35,360,523,444,0
2026-07-19 13:28:36,352,523,449,0
2026-07-19 13:28:37,373,528,413,0
2026-07-19 13:28:38,379,525,411,0
2026-07-19 13:28:39,359,503,377,0
2026-07-19 13:28:40,349,506,375,0
2026-07-19 13:28:41,354,505,399,0
2026-07-19 13:28:42,365,497,455,0
2026-07-19 13:28:43,338,506,479,0
2026-07-19 13:28:44,313,506,455,0
2026-07-19 13:28:45,286,510,447,0
2026-07-19 13:28:46,287,520,440,0
2026-07-19 13:28:47,272,517,461,0
2026-07-19 13:28:48,281,511,446,0
2026-07-19 13:28:49,273,524,473,0
2026-07-19 13:28:50,276,501,466,0
2026-07-19 13:28:51,278,532,463,0
2026-07-19 13:28:52,295,533,451,0
2026-07-19 13:28:53,302,531,454,0
2026-07-19 13:28:54,324,527,461,0
2026-07-19 13:28:55,285,515,452,0
2026-07-19 13:28:56,289,487,457,0
2026-07-19 13:28:57,305,486,444,0
2026-07-19 13:28:58,305,528,436,0
2026-07-19 13:28:59,280,499,469,0
2026-07-19 13:29:00,287,517,451,0
2026-07-19 13:29:01,265,524,452,0
2026-07-19 13:29:02,267,492,482,0
2026-07-19 13:29:03,304,488,468,0
2026-07-19 13:29:04,288,487,454,0
2026-07-19 13:29:05,345,499,450,0
2026-07-19 13:29:06,351,512,415,0
2026-07-19 13:29:07,353,503,406,0
2026-07-19 13:29:08,352,500,405,0
2026-07-19 13:29:09,383,500,411,0
2026-07-19 13:29:10,378,533,408,0
2026-07-19 13:29:11,365,502,443,0
2026-07-19 13:29:12,361,522,432,0
2026-07-19 13:29:13,367,528,455,0
2026-07-19 13:29:14,381,531,451,0
2026-07-19 13:29:15,326,499,456,0
2026-07-19 13:29:16,283,502,448,0
2026-07-19 13:29:17,321,493,449,0
2026-07-19 13:29:18,307,506,456,0
2026-07-19 13:29:19,307,510,444,0
2026-07-19 13:29:20,343,518,451,0
2026-07-19 13:29:21,340,512,415,0
2026-07-19 13:29:22,364,526,379,0
2026-07-19 13:29:23,348,531,370,0
2026-07-19 13:29:24,345,520,383,0
2026-07-19 13:29:25,365,528,383,0
2026-07-19 13:29:26,355,509,408,0
2026-07-19 13:29:27,345,521,432,0
2026-07-19 13:29:28,315,517,426,0
2026-07-19 13:29:29,359,499,415,0
2026-07-19 13:29:30,302,501,441,0
2026-07-19 13:29:31,306,498,470,0
2026-07-19 13:29:32,268,497,459,0
2026-07-19 13:29:33,291,491,432,0
2026-07-19 13:29:34,289,481,458,0
2026-07-19 13:29:35,287,492,459,0
2026-07-19 13:29:36,351,504,477,0
2026-07-19 13:29:37,386,511,428,0
2026-07-19 13:29:38,358,504,416,0
2026-07-19 13:29:39,347,512,374,0
2026-07-19 13:29:40,372,528,402,0
2026-07-19 13:29:41,362,498,414,0
2026-07-19 13:29:42,367,494,423,0
2026-07-19 13:29:43,364,521,463,0
2026-07-19 13:29:44,380,514,444,0
2026-07-19 13:29:45,355,506,458,0
2026-07-19 13:29:46,316,490,446,0
2026-07-19 13:29:47,283,511,449,0
2026-07-19 13:29:48,273,502,440,0
2026-07-19 13:29:49,269,509,436,0
2026-07-19 13:29:50,321,501,458,0
2026-07-19 13:29:51,336,509,447,0
2026-07-19 13:29:52,372,511,421,0
2026-07-19 13:29:53,334,503,377,0
2026-07-19 13:29:54,331,521,394,0
2026-07-19 13:29:55,365,523,373,0
2026-07-19 13:29:56,343,522,399,0
2026-07-19 13:29:57,379,529,419,0
2026-07-19 13:29:58,374,512,437,0
2026-07-19 13:29:59,356,512,447,0
2026-07-19 13:30:00,317,517,438,0
2026-07-19 13:30:01,297,513,460,0
2026-07-19 13:30:02,282,532,469,0
2026-07-19 13:30:03,266,533,459,0
2026-07-19 13:30:04,282,493,476,0
2026-07-19 13:30:05,320,504,450,0
2026-07-19 13:30:06,335,512,439,0
2026-07-19 13:30:07,368,505,431,0
2026-07-19 13:30:08,346,498,401,0
2026-07-19 13:30:09,364,500,409,0
2026-07-19 13:30:10,342,506,408,0
2026-07-19 13:30:11,346,507,403,0
2026-07-19 13:30:12,370,509,442,0
2026-07-19 13:30:13,389,521,455,0
2026-07-19 13:30:14,356,527,452,0
2026-07-19 13:30:15,325,514,433,0
2026-07-19 13:30:16,284,527,454,0
2026-07-19 13:30:17,254,509,448,0
2026-07-19 13:30:18,291,503,450,0
2026-07-19 13:30:19,280,500,464,0
2026-07-19 13:30:20,301,516,452,0
2026-07-19 13:30:21,309,501,450,0
2026-07-19 13:30:22,335,511,429,0
2026-07-19 13:30:23,333,511,417,0
2026-07-19 13:30:24,353,522,389,0
2026-07-19 13:30:25,363,504,384,0
2026-07-19 13:30:26,354,519,375,0
2026-07-19 13:30:27,364,519,393,0
2026-07-19 13:30:28,354,528,440,0
2026-07-19 13:30:29,340,510,406,0
2026-07-19 13:30:30,368,500,447,0
2026-07-19 13:30:31,327,492,451,0
2026-07-19 13:30:32,280,526,459,0
2026-07-19 13:30:33,294,523,474,0
2026-07-19 13:30:34,290,494,450,0
2026-07-19 13:30:35,296,514,472,0
2026-07-19 13:30:36,314,520,468,0
2026-07-19 13:30:37,361,503,444,0
2026-07-19 13:30:38,372,502,421,0
2026-07-19 13:30:39,360,503,401,0
2026-07-19 13:30:40,369,502,415,0
2026-07-19 13:30:41,359,498,395,0
2026-07-19 13:30:42,369,512,433,0
2026-07-19 13:30:43,393,501,443,0
2026-07-19 13:30:44,368,510,442,0
2026-07-19 13:30:45,357,524,451,0
2026-07-19 13:30:46,345,521,454,0
2026-07-19 13:30:47,287,520,450,0
2026-07-19 13:30:48,318,511,436,0
2026-07-19 13:30:49,291,512,456,0
2026-07-19 13:30:50,274,506,437,0
2026-07-19 13:30:51,319,504,458,0
2026-07-19 13:30:52,341,510,435,0
2026-07-19 13:30:53,360,503,398,0
2026-07-19 13:30:54,357,523,381,0
2026-07-19 13:30:55,362,512,383,0
2026-07-19 13:30:56,342,522,398,0
2026-07-19 13:30:57,348,517,385,0
2026-07-19 13:30:58,361,518,402,0
2026-07-19 13:30:59,387,520,446,0
2026-07-19 13:31:00,354,536,429,0
2026-07-19 13:31:01,322,504,434,0
2026-07-19 13:31:02,287,512,470,0
2026-07-19 13:31:03,299,511,455,0
2026-07-19 13:31:04,289,507,460,0
2026-07-19 13:31:05,277,499,453,0
2026-07-19 13:31:06,322,509,464,0
2026-07-19 13:31:07,338,505,469,0
2026-07-19 13:31:08,347,506,462,0
2026-07-19 13:31:09,348,522,429,0
2026-07-19 13:31:10,360,512,397,0
2026-07-19 13:31:11,351,511,399,0
2026-07-19 13:31:12,373,513,406,0
2026-07-19 13:31:13,368,505,452,0
2026-07-19 13:31:14,357,522,428,0
2026-07-19 13:31:15,370,523,449,0
2026-07-19 13:31:16,372,508,458,0
2026-07-19 13:31:17,386,497,448,0
2026-07-19 13:31:18,325,520,457,0
2026-07-19 13:31:19,307,495,455,0
2026-07-19 13:31:20,280,519,448,0
2026-07-19 13:31:21,278,510,450,0
2026-07-19 13:31:22,285,498,460,0
2026-07-19 13:31:23,345,492,435,0
2026-07-19 13:31:24,380,503,430,0
2026-07-19 13:31:25,351,496,395,0
2026-07-19 13:31:26,359,528,377,0
2026-07-19 13:31:27,349,509,374,0
2026-07-19 13:31:28,335,514,383,0
2026-07-19 13:31:29,372,518,406,0
2026-07-19 13:31:30,340,528,413,0
2026-07-19 13:31:31,328,503,438,0
2026-07-19 13:31:32,352,504,445,0
2026-07-19 13:31:33,322,506,449,0
2026-07-19 13:31:34,285,514,436,0
2026-07-19 13:31:35,289,528,433,0
2026-07-19 13:31:36,259,494,448,0
2026-07-19 13:31:37,290,498,477,0
2026-07-19 13:31:38,351,510,477,0
2026-07-19 13:31:39,331,508,463,0
2026-07-19 13:31:40,366,505,439,0
2026-07-19 13:31:41,359,524,412,0
2026-07-19 13:31:42,358,510,418,0
2026-07-19 13:31:43,372,517,393,0
2026-07-19 13:31:44,385,517,424,0
2026-07-19 13:31:45,363,499,452,0
2026-07-19 13:31:46,377,507,448,0
2026-07-19 13:31:47,384,520,432,0
2026-07-19 13:31:48,319,501,446,0
2026-07-19 13:31:49,322,519,446,0
2026-07-19 13:31:50,293,503,442,0
2026-07-19 13:31:51,288,504,472,0
2026-07-19 13:31:52,289,503,448,0
2026-07-19 13:31:53,305,498,454,0
2026-07-19 13:31:54,328,512,433,0
2026-07-19 13:31:55,372,512,393,0
2026-07-19 13:31:56,344,496,381,0
2026-07-19 13:31:57,340,513,389,0
2026-07-19 13:31:58,348,521,378,0
2026-07-19 13:31:59,329,513,422,0
2026-07-19 13:32:00,374,493,426,0
2026-07-19 13:32:01,349,508,440,0
2026-07-19 13:32:02,329,532,439,0
2026-07-19 13:32:03,324,499,441,0
2026-07-19 13:32:04,282,516,441,0
2026-07-19 13:32:05,280,534,470,0
2026-07-19 13:32:06,271,523,443,0
2026-07-19 13:32:07,267,489,471,0
2026-07-19 13:32:08,309,498,487,0
2026-07-19 13:32:09,347,500,444,0
2026-07-19 13:32:10,347,494,408,0
2026-07-19 13:32:11,330,514,391,0
2026-07-19 13:32:12,361,497,413,0
2026-07-19 13:32:13,371,501,398,0
2026-07-19 13:32:14,373,515,371,0
2026-07-19 13:32:15,366,495,410,0
2026-07-19 13:32:16,353,522,428,0
2026-07-19 13:32:17,347,535,451,0
2026-07-19 13:32:18,344,524,460,0
2026-07-19 13:32:19,340,493,438,0
2026-07-19 13:32:20,308,521,452,0
2026-07-19 13:32:21,307,501,439,0
2026-07-19 13:32:22,293,501,447,0
2026-07-19 13:32:23,302,504,436,0
2026-07-19 13:32:24,286,509,446,0
2026-07-19 13:32:25,368,514,422,0
2026-07-19 13:32:26,327,504,405,0
2026-07-19 13:32:27,343,495,367,0
2026-07-19 13:32:28,351,508,376,0
2026-07-19 13:32:29,371,505,381,0
2026-07-19 13:32:30,333,500,401,0
2026-07-19 13:32:31,350,537,421,0
2026-07-19 13:32:32,327,496,439,0
2026-07-19 13:32:33,337,497,434,0
2026-07-19 13:32:34,336,532,453,0
2026-07-19 13:32:35,300,533,441,0
2026-07-19 13:32:36,289,532,440,0
2026-07-19 13:32:37,276,505,451,0
2026-07-19 13:32:38,265,500,470,0
2026-07-19 13:32:39,323,497,454,0
2026-07-19 13:32:40,326,508,466,0
2026-07-19 13:32:41,343,495,419,0
2026-07-19 13:32:42,358,498,404,0
2026-07-19 13:32:43,351,510,406,0
2026-07-19 13:32:44,362,518,411,0
2026-07-19 13:32:45,356,513,400,0
2026-07-19 13:32:46,358,498,442,0
2026-07-19 13:32:47,357,511,443,0
2026-07-19 13:32:48,378,522,466,0
2026-07-19 13:32:49,360,503,435,0
2026-07-19 13:32:50,337,508,429,0
2026-07-19 13:32:51,309,516,450,0
2026-07-19 13:32:52,289,519,452,0
2026-07-19 13:32:53,285,505,460,0
2026-07-19 13:32:54,273,506,443,0
2026-07-19 13:32:55,317,501,440,0
2026-07-19 13:32:56,305,502,463,0
2026-07-19 13:32:57,353,509,435,0
2026-07-19 13:32:58,324,504,406,0
2026-07-19 13:32:59,341,494,411,0
2026-07-19 13:33:00,350,504,395,0
2026-07-19 13:33:01,351,518,379,0
2026-07-19 13:33:02,351,512,394,0
2026-07-19 13:33:03,371,526,377,0
2026-07-19 13:33:04,348,524,380,0
2026-07-19 13:33:05,360,523,394,0
2026-07-19 13:33:06,328,530,437,0
2026-07-19 13:33:07,362,508,440,0
2026-07-19 13:33:08,375,526,434,0
2026-07-19 13:33:09,340,508,430,0
2026-07-19 13:33:10,332,519,449,0
2026-07-19 13:33:11,357,499,438,0
2026-07-19 13:33:12,316,490,449,0
2026-07-19 13:33:13,320,505,468,0
2026-07-19 13:33:14,315,513,458,0
2026-07-19 13:33:15,283,519,444,0
2026-07-19 13:33:16,277,506,441,0
2026-07-19 13:33:17,281,483,461,0
2026-07-19 13:33:18,286,516,450,0
2026-07-19 13:33:19,246,503,452,0
2026-07-19 13:33:20,301,505,457,0
2026-07-19 13:33:21,277,498,453,0
2026-07-19 13:33:22,270,513,450,0
2026-07-19 13:33:23,251,504,432,0
2026-07-19 13:33:24,297,524,434,0
2026-07-19 13:33:25,281,505,469,0
2026-07-19 13:33:26,292,531,431,0
2026-07-19 13:33:27,299,514,441,0
2026-07-19 13:33:28,305,529,471,0
2026-07-19 13:33:29,345,515,433,0
2026-07-19 13:33:30,351,525,441,0
2026-07-19 13:33:31,331,525,437,0
2026-07-19 13:33:32,333,517,439,0
2026-07-19 13:33:33,342,489,398,0
2026-07-19 13:33:34,330,507,384,0
2026-07-19 13:33:35,326,494,389,0
2026-07-19 13:33:36,344,518,390,0
2026-07-19 13:33:37,357,509,415,0
2026-07-19 13:33:38,313,506,454,0
2026-07-19 13:33:39,307,503,444,0
2026-07-19 13:33:40,292,506,439,0
2026-07-19 13:33:41,298,500,447,0
2026-07-19 13:33:42,268,507,460,0
2026-07-19 13:33:43,312,519,448,0
2026-07-19 13:33:44,358,509,435,0
2026-07-19 13:33:45,349,520,443,0
2026-07-19 13:33:46,373,508,398,0
2026-07-19 13:33:47,377,509,434,0
2026-07-19 13:33:48,341,511,405,0
2026-07-19 13:33:49,367,504,405,0
2026-07-19 13:33:50,345,519,421,0
2026-07-19 13:33:51,337,525,391,0
2026-07-19 13:33:52,336,518,399,0
2026-07-19 13:33:53,339,510,456,0
2026-07-19 13:33:54,292,491,471,0
2026-07-19 13:33:55,279,493,454,0
2026-07-19 13:33:56,273,530,485,0
2026-07-19 13:33:57,273,509,447,0
2026-07-19 13:33:58,327,500,448,0
2026-07-19 13:33:59,334,524,436,0
2026-07-19 13:34:00,345,515,433,0
2026-07-19 13:34:01,340,510,424,0
2026-07-19 13:34:02,350,504,408,0
2026-07-19 13:34:03,346,515,400,0
2026-07-19 13:34:04,353,523,356,0
2026-07-19 13:34:05,321,524,389,0
2026-07-19 13:34:06,354,514,369,0
2026-07-19 13:34:07,313,507,397,0
2026-07-19 13:34:08,338,506,452,0
2026-07-19 13:34:09,302,509,433,0
2026-07-19 13:34:10,296,504,448,0
2026-07-19 13:34:11,272,507,454,0
2026-07-19 13:34:12,265,514,444,0
2026-07-19 13:34:13,290,492,456,0
2026-07-19 13:34:14,320,523,449,0
2026-07-19 13:34:15,343,523,464,0
2026-07-19 13:34:16,387,505,457,0
2026-07-19 13:34:17,377,517,449,0
2026-07-19 13:34:18,372,499,451,0
2026-07-19 13:34:19,358,511,389,0
2026-07-19 13:34:20,364,516,390,0
2026-07-19 13:34:21,340,494,406,0
2026-07-19 13:34:22,328,502,411,0
2026-07-19 13:34:23,365,495,420,0
2026-07-19 13:34:24,370,510,442,0
2026-07-19 13:34:25,359,505,480,0
2026-07-19 13:34:26,281,494,453,0
2026-07-19 13:34:27,295,498,475,0
2026-07-19 13:34:28,302,495,482,0
2026-07-19 13:34:29,261,526,450,0
2026-07-19 13:34:30,243,498,442,0
2026-07-19 13:34:31,282,529,464,0
2026-07-19 13:34:32,264,524,469,0
2026-07-19 13:34:33,267,482,450,0
2026-07-19 13:34:34,284,520,437,0
2026-07-19 13:34:35,307,517,454,0
2026-07-19 13:34:36,299,515,433,0
2026-07-19 13:34:37,303,519,432,0
2026-07-19 13:34:38,321,514,461,0
2026-07-19 13:34:39,315,510,440,0
2026-07-19 13:34:40,319,511,429,0
2026-07-19 13:34:41,288,522,470,0
2026-07-19 13:34:42,303,498,441,0
2026-07-19 13:34:43,287,504,464,0
2026-07-19 13:34:44,281,516,458,0
2026-07-19 13:34:45,264,506,453,0
2026-07-19 13:34:46,268,521,482,0
2026-07-19 13:34:47,271,507,455,0
2026-07-19 13:34:48,309,497,448,0
2026-07-19 13:34:49,333,502,456,0
2026-07-19 13:34:50,291,490,464,0
2026-07-19 13:34:51,355,515,449,0
2026-07-19 13:34:52,337,502,418,0
2026-07-19 13:34:53,374,523,390,0
2026-07-19 13:34:54,345,506,412,0
2026-07-19 13:34:55,369,531,406,0
2026-07-19 13:34:56,364,521,413,0
2026-07-19 13:34:57,362,515,420,0
2026-07-19 13:34:58,369,498,450,0
2026-07-19 13:34:59,386,519,445,0
2026-07-19 13:35:00,372,528,432,0
2026-07-19 13:35:01,341,504,453,0
2026-07-19 13:35:02,320,498,435,0
2026-07-19 13:35:03,293,516,429,0
2026-07-19 13:35:04,301,525,446,0
2026-07-19 13:35:05,281,506,438,0
2026-07-19 13:35:06,310,499,443,0
2026-07-19 13:35:07,280,498,462,0
2026-07-19 13:35:08,276,506,446,0
2026-07-19 13:35:09,269,503,453,0
2026-07-19 13:35:10,290,508,449,0
2026-07-19 13:35:11,294,502,449,0
2026-07-19 13:35:12,285,504,465,0
2026-07-19 13:35:13,275,506,458,0
2026-07-19 13:35:14,290,504,452,0
2026-07-19 13:35:15,301,503,425,0
2026-07-19 13:35:16,307,502,435,0
2026-07-19 13:35:17,288,501,433,0
2026-07-19 13:35:18,290,512,437,0
2026-07-19 13:35:19,311,500,442,0
2026-07-19 13:35:20,270,508,442,0
2026-07-19 13:35:21,303,501,441,0
2026-07-19 13:35:22,348,512,439,0
2026-07-19 13:35:23,380,529,461,0
2026-07-19 13:35:24,361,523,441,0
2026-07-19 13:35:25,339,494,402,0
2026-07-19 13:35:26,345,523,416,0
2026-07-19 13:35:27,374,498,403,0
2026-07-19 13:35:28,364,520,402,0
2026-07-19 13:35:29,346,497,416,0
2026-07-19 13:35:30,370,496,451,0
2026-07-19 13:35:31,324,489,474,0
2026-07-19 13:35:32,305,491,472,0
2026-07-19 13:35:33,289,510,486,0
2026-07-19 13:35:34,278,523,476,0
2026-07-19 13:35:35,306,506,447,0
2026-07-19 13:35:36,292,478,445,0
2026-07-19 13:35:37,340,486,437,0
2026-07-19 13:35:38,328,500,429,0
2026-07-19 13:35:39,369,525,447,0
2026-07-19 13:35:40,338,528,432,0
2026-07-19 13:35:41,319,530,423,0
2026-07-19 13:35:42,355,496,418,0
2026-07-19 13:35:43,339,497,392,0
2026-07-19 13:35:44,369,507,384,0
2026-07-19 13:35:45,326,519,380,0
2026-07-19 13:35:46,326,508,397,0
2026-07-19 13:35:47,356,503,404,0
2026-07-19 13:35:48,317,508,439,0
2026-07-19 13:35:49,339,508,439,0
2026-07-19 13:35:50,269,495,445,0
2026-07-19 13:35:51,290,498,458,0
2026-07-19 13:35:52,297,496,451,0
2026-07-19 13:35:53,301,525,447,0
2026-07-19 13:35:54,324,494,434,0
2026-07-19 13:35:55,353,524,440,0
2026-07-19 13:35:56,348,529,448,0
2026-07-19 13:35:57,379,500,448,0
2026-07-19 13:35:58,370,520,448,0
2026-07-19 13:35:59,384,512,430,0
2026-07-19 13:36:00,348,513,428,0
2026-07-19 13:36:01,377,494,398,0
2026-07-19 13:36:02,360,523,404,0
2026-07-19 13:36:03,352,505,417,0
2026-07-19 13:36:04,381,495,402,0
2026-07-19 13:36:05,341,520,406,0
2026-07-19 13:36:06,332,516,385,0
2026-07-19 13:36:07,356,518,415,0
2026-07-19 13:36:08,372,512,413,0
2026-07-19 13:36:09,369,489,432,0
2026-07-19 13:36:10,360,505,436,0
2026-07-19 13:36:11,362,502,404,0
2026-07-19 13:36:12,370,491,418,0
2026-07-19 13:36:13,363,503,408,0
2026-07-19 13:36:14,375,498,428,0
2026-07-19 13:36:15,349,508,414,0
2026-07-19 13:36:16,374,512,426,0
2026-07-19 13:36:17,343,498,427,0
2026-07-19 13:36:18,346,505,423,0
2026-07-19 13:36:19,345,503,417,0
2026-07-19 13:36:20,336,519,390,0
2026-07-19 13:36:21,351,514,407,0
2026-07-19 13:36:22,382,515,410,0
2026-07-19 13:36:23,351,524,400,0
2026-07-19 13:36:24,368,514,405,0
2026-07-19 13:36:25,364,503,422,0
2026-07-19 13:36:26,369,500,424,0
2026-07-19 13:36:27,367,507,444,0
2026-07-19 13:36:28,347,499,446,0
2026-07-19 13:36:29,345,504,455,0
2026-07-19 13:36:30,350,505,455,0
2026-07-19 13:36:31,326,520,430,0
2026-07-19 13:36:32,303,495,431,0
2026-07-19 13:36:33,276,494,432,0
2026-07-19 13:36:34,315,502,428,0
2026-07-19 13:36:35,280,513,450,0
2026-07-19 13:36:36,280,502,459,0
2026-07-19 13:36:37,283,494,445,0
2026-07-19 13:36:38,308,493,452,0
2026-07-19 13:36:39,328,505,451,0
2026-07-19 13:36:40,318,507,455,0
2026-07-19 13:36:41,294,501,435,0
2026-07-19 13:36:42,292,505,443,0
2026-07-19 13:36:43,314,508,454,0
2026-07-19 13:36:44,305,500,437,0
2026-07-19 13:36:45,325,510,421,0
2026-07-19 13:36:46,364,508,411,0
2026-07-19 13:36:47,337,506,405,0
2026-07-19 13:36:48,363,510,396,0
2026-07-19 13:36:49,348,507,383,0
2026-07-19 13:36:50,364,507,383,0
2026-07-19 13:36:51,351,523,395,0
2026-07-19 13:36:52,337,504,370,0
2026-07-19 13:36:53,356,513,372,0
2026-07-19 13:36:54,328,520,369,0
2026-07-19 13:36:55,350,520,395,0
2026-07-19 13:36:56,339,512,384,0
2026-07-19 13:36:57,328,516,394,0
2026-07-19 13:36:58,365,505,383,0
2026-07-19 13:36:59,335,504,408,0
2026-07-19 13:37:00,366,514,427,0
2026-07-19 13:37:01,339,512,451,0
2026-07-19 13:37:02,335,501,441,0
2026-07-19 13:37:03,277,510,433,0
2026-07-19 13:37:04,286,510,451,0
2026-07-19 13:37:05,287,505,437,0
2026-07-19 13:37:06,276,504,440,0
2026-07-19 13:37:07,286,513,440,0
2026-07-19 13:37:08,294,522,441,0
2026-07-19 13:37:09,341,485,443,0
2026-07-19 13:37:10,374,518,444,0
2026-07-19 13:37:11,367,511,467,0
2026-07-19 13:37:12,363,529,436,0
2026-07-19 13:37:13,377,514,414,0
2026-07-19 13:37:14,338,503,389,0
2026-07-19 13:37:15,362,492,391,0
2026-07-19 13:37:16,373,523,388,0
2026-07-19 13:37:17,381,515,416,0
2026-07-19 13:37:18,378,501,431,0
2026-07-19 13:37:19,343,493,485,0
2026-07-19 13:37:20,276,484,455,0
2026-07-19 13:37:21,282,500,449,0
2026-07-19 13:37:22,284,526,456,0
2026-07-19 13:37:23,272,482,457,0
2026-07-19 13:37:24,286,513,429,0
2026-07-19 13:37:25,312,501,457,0
2026-07-19 13:37:26,311,502,447,0
2026-07-19 13:37:27,335,527,436,0
2026-07-19 13:37:28,363,500,444,0
2026-07-19 13:37:29,374,508,454,0
2026-07-19 13:37:30,340,516,438,0
2026-07-19 13:37:31,379,498,448,0
2026-07-19 13:37:32,334,492,440,0
2026-07-19 13:37:33,378,520,427,0
2026-07-19 13:37:34,375,515,421,0
2026-07-19 13:37:35,351,519,393,0
2026-07-19 13:37:36,337,523,384,0
2026-07-19 13:37:37,347,509,404,0
2026-07-19 13:37:38,340,509,408,0
2026-07-19 13:37:39,373,523,406,0
2026-07-19 13:37:40,371,521,409,0
2026-07-19 13:37:41,362,509,427,0
2026-07-19 13:37:42,330,513,416,0
2026-07-19 13:37:43,339,497,418,0
2026-07-19 13:37:44,330,497,424,0
2026-07-19 13:37:45,370,520,394,0
2026-07-19 13:37:46,355,516,415,0
2026-07-19 13:37:47,332,513,411,0
2026-07-19 13:37:48,350,530,398,0
2026-07-19 13:37:49,346,518,393,0
2026-07-19 13:37:50,362,529,408,0
2026-07-19 13:37:51,348,518,403,0
2026-07-19 13:37:52,335,512,413,0
2026-07-19 13:37:53,361,518,397,0
2026-07-19 13:37:54,363,523,389,0
2026-07-19 13:37:55,346,496,403,0
2026-07-19 13:37:56,353,522,401,0
2026-07-19 13:37:57,362,495,409,0
2026-07-19 13:37:58,373,520,422,0
2026-07-19 13:37:59,347,507,424,0
2026-07-19 13:38:00,342,529,432,0
2026-07-19 13:38:01,369,526,433,0
2026-07-19 13:38:02,365,501,448,0
2026-07-19 13:38:03,353,527,447,0
2026-07-19 13:38:04,342,525,429,0
2026-07-19 13:38:05,358,532,452,0
2026-07-19 13:38:06,349,502,449,0
2026-07-19 13:38:07,308,507,445,0
2026-07-19 13:38:08,281,508,431,0
2026-07-19 13:38:09,290,525,466,0
2026-07-19 13:38:10,267,524,443,0
2026-07-19 13:38:11,279,501,481,0
2026-07-19 13:38:12,290,488,461,0
2026-07-19 13:38:13,284,506,465,0
2026-07-19 13:38:14,313,492,471,0
2026-07-19 13:38:15,322,512,453,0
2026-07-19 13:38:16,373,494,436,0
2026-07-19 13:38:17,363,496,383,0
2026-07-19 13:38:18,354,505,422,0
2026-07-19 13:38:19,370,520,408,0
2026-07-19 13:38:20,373,506,425,0
2026-07-19 13:38:21,375,523,405,0
2026-07-19 13:38:22,363,498,397,0
2026-07-19 13:38:23,369,495,459,0
2026-07-19 13:38:24,383,508,452,0
2026-07-19 13:38:25,364,521,451,0
2026-07-19 13:38:26,373,499,441,0
2026-07-19 13:38:27,348,517,453,0
2026-07-19 13:38:28,335,498,433,0
2026-07-19 13:38:29,329,503,449,0
2026-07-19 13:38:30,291,507,456,0
2026-07-19 13:38:31,285,500,438,0
2026-07-19 13:38:32,365,500,444,0
2026-07-19 13:38:33,326,516,463,0
2026-07-19 13:38:34,329,498,463,0
2026-07-19 13:38:35,334,524,442,0
2026-07-19 13:38:36,351,521,442,0
2026-07-19 13:38:37,361,524,448,0
2026-07-19 13:38:38,360,501,441,0
2026-07-19 13:38:39,365,506,470,0
2026-07-19 13:38:40,365,497,449,0
2026-07-19 13:38:41,374,497,426,0
2026-07-19 13:38:42,347,529,400,0
2026-07-19 13:38:43,363,506,416,0
2026-07-19 13:38:44,339,489,389,0
2026-07-19 13:38:45,359,508,410,0
2026-07-19 13:38:46,334,511,446,0
2026-07-19 13:38:47,295,495,454,0
2026-07-19 13:38:48,286,493,479,0
2026-07-19 13:38:49,293,499,473,0
2026-07-19 13:38:50,272,503,470,0
2026-07-19 13:38:51,291,500,444,0
2026-07-19 13:38:52,331,494,454,0
2026-07-19 13:38:53,349,513,439,0
2026-07-19 13:38:54,358,511,421,0
2026-07-19 13:38:55,348,523,436,0
2026-07-19 13:38:56,362,513,402,0
2026-07-19 13:38:57,339,512,389,0
2026-07-19 13:38:58,339,526,365,0
2026-07-19 13:38:59,331,527,371,0
2026-07-19 13:39:00,344,509,405,0
2026-07-19 13:39:01,321,500,413,0
2026-07-19 13:39:02,334,502,457,0
2026-07-19 13:39:03,288,500,447,0
2026-07-19 13:39:04,293,504,470,0
2026-07-19 13:39:05,291,498,441,0
2026-07-19 13:39:06,291,501,458,0
2026-07-19 13:39:07,316,503,456,0
2026-07-19 13:39:08,362,491,454,0
2026-07-19 13:39:09,397,522,442,0
2026-07-19 13:39:10,357,527,454,0
2026-07-19 13:39:11,369,509,405,0
2026-07-19 13:39:12,376,500,421,0
2026-07-19 13:39:13,376,501,404,0
2026-07-19 13:39:14,335,523,383,0
2026-07-19 13:39:15,329,521,425,0
2026-07-19 13:39:16,354,503,438,0
2026-07-19 13:39:17,336,490,430,0
2026-07-19 13:39:18,353,494,480,0
2026-07-19 13:39:19,265,521,478,0
2026-07-19 13:39:20,282,504,435,0
2026-07-19 13:39:21,255,523,473,0
2026-07-19 13:39:22,291,489,446,0
2026-07-19 13:39:23,292,517,457,0
2026-07-19 13:39:24,293,501,478,0
2026-07-19 13:39:25,316,505,447,0
2026-07-19 13:39:26,334,491,427,0
2026-07-19 13:39:27,351,514,439,0
2026-07-19 13:39:28,346,511,449,0
2026-07-19 13:39:29,341,516,445,0
2026-07-19 13:39:30,367,507,414,0
2026-07-19 13:39:31,360,526,395,0
2026-07-19 13:39:32,376,514,379,0
2026-07-19 13:39:33,349,518,370,0
2026-07-19 13:39:34,331,528,382,0
2026-07-19 13:39:35,342,495,358,0
2026-07-19 13:39:36,327,518,389,0
2026-07-19 13:39:37,345,506,407,0
2026-07-19 13:39:38,349,506,431,0
2026-07-19 13:39:39,353,505,445,0
2026-07-19 13:39:40,346,510,447,0
2026-07-19 13:39:41,307,504,469,0
2026-07-19 13:39:42,281,505,435,0
2026-07-19 13:39:43,282,511,463,0
2026-07-19 13:39:44,284,501,442,0
2026-07-19 13:39:45,293,506,469,0
2026-07-19 13:39:46,295,502,455,0
2026-07-19 13:39:47,306,503,453,0
2026-07-19 13:39:48,294,509,452,0
2026-07-19 13:39:49,268,502,439,0
2026-07-19 13:39:50,293,507,446,0
2026-07-19 13:39:51,272,507,451,0
2026-07-19 13:39:52,279,498,464,0
2026-07-19 13:39:53,295,493,444,0
2026-07-19 13:39:54,307,499,478,0
2026-07-19 13:39:55,316,497,443,0
2026-07-19 13:39:56,353,497,440,0
2026-07-19 13:39:57,355,504,396,0
2026-07-19 13:39:58,370,510,382,0
2026-07-19 13:39:59,356,496,393,0
2026-07-19 13:40:00,326,520,355,0
2026-07-19 13:40:01,347,511,398,0
2026-07-19 13:40:02,392,528,422,0
2026-07-19 13:40:03,349,509,434,0
2026-07-19 13:40:04,370,515,455,0
2026-07-19 13:40:05,348,509,466,0
2026-07-19 13:40:06,282,516,476,0
2026-07-19 13:40:07,290,520,465,0
2026-07-19 13:40:08,281,537,453,0
2026-07-19 13:40:09,281,508,487,0
2026-07-19 13:40:10,297,513,469,0
2026-07-19 13:40:11,334,515,468,0
2026-07-19 13:40:12,375,498,439,0
2026-07-19 13:40:13,367,517,390,0
2026-07-19 13:40:14,349,519,417,0
2026-07-19 13:40:15,357,513,398,0
2026-07-19 13:40:16,385,519,400,0
2026-07-19 13:40:17,359,519,443,0
2026-07-19 13:40:18,371,517,460,0
2026-07-19 13:40:19,374,502,429,0
2026-07-19 13:40:20,341,514,455,0
2026-07-19 13:40:21,312,499,453,0
2026-07-19 13:40:22,274,502,445,0
2026-07-19 13:40:23,284,502,439,0
2026-07-19 13:40:24,271,496,461,0
2026-07-19 13:40:25,292,498,439,0
2026-07-19 13:40:26,324,500,462,0
2026-07-19 13:40:27,367,495,425,0
2026-07-19 13:40:28,353,501,391,0
2026-07-19 13:40:29,345,535,388,0
2026-07-19 13:40:30,349,521,380,0
2026-07-19 13:40:31,333,504,389,0
2026-07-19 13:40:32,363,488,403,0
2026-07-19 13:40:33,351,522,437,0
2026-07-19 13:40:34,359,519,429,0
2026-07-19 13:40:35,336,489,450,0
2026-07-19 13:40:36,284,527,457,0
2026-07-19 13:40:37,270,514,441,0
2026-07-19 13:40:38,256,495,442,0
2026-07-19 13:40:39,276,515,476,0
2026-07-19 13:40:40,313,495,468,0
2026-07-19 13:40:41,352,496,471,0
2026-07-19 13:40:42,381,506,445,0
2026-07-19 13:40:43,372,520,385,0
2026-07-19 13:40:44,374,516,404,0
2026-07-19 13:40:45,372,515,384,0
2026-07-19 13:40:46,386,509,407,0
2026-07-19 13:40:47,364,492,460,0
2026-07-19 13:40:48,371,520,450,0
2026-07-19 13:40:49,347,528,452,0
2026-07-19 13:40:50,346,519,458,0
2026-07-19 13:40:51,290,515,439,0
2026-07-19 13:40:52,286,514,460,0
2026-07-19 13:40:53,290,500,439,0
2026-07-19 13:40:54,297,504,446,0
2026-07-19 13:40:55,307,503,454,0
2026-07-19 13:40:56,339,504,449,0
2026-07-19 13:40:57,361,504,421,0
2026-07-19 13:40:58,366,517,407,0
2026-07-19 13:40:59,327,521,374,0
2026-07-19 13:41:00,356,512,368,0
2026-07-19 13:41:01,352,524,377,0
2026-07-19 13:41:02,350,519,394,0
2026-07-19 13:41:03,348,511,395,0
2026-07-19 13:41:04,351,512,435,0
2026-07-19 13:41:05,357,512,429,0
2026-07-19 13:41:06,347,482,450,0
2026-07-19 13:41:07,323,520,431,0
2026-07-19 13:41:08,325,525,435,0
2026-07-19 13:41:09,279,507,450,0
2026-07-19 13:41:10,279,515,443,0
2026-07-19 13:41:18,301,498,450,0
2026-07-19 13:41:18,285,526,423,0
2026-07-19 13:41:18,274,486,474,0
2026-07-19 13:41:18,270,500,453,0
2026-07-19 13:41:18,281,503,456,0
2026-07-19 13:41:18,279,491,490,0
2026-07-19 13:41:18,304,492,487,0
2026-07-19 13:41:18,312,498,463,0
2026-07-19 13:41:19,354,495,445,0
2026-07-19 13:41:20,367,499,448,0
2026-07-19 13:41:21,372,498,451,0
2026-07-19 13:41:22,362,497,453,0
2026-07-19 13:41:23,376,512,395,0
2026-07-19 13:41:24,361,493,420,0
2026-07-19 13:41:25,342,497,388,0
2026-07-19 13:41:26,354,509,415,0
2026-07-19 13:41:27,358,517,412,0
2026-07-19 13:41:28,343,523,399,0
2026-07-19 13:41:29,344,505,384,0
2026-07-19 13:41:30,355,501,415,0
2026-07-19 13:41:31,353,510,446,0
2026-07-19 13:41:32,379,510,443,0
2026-07-19 13:41:33,388,517,463,0
2026-07-19 13:41:34,361,495,441,0
2026-07-19 13:41:35,359,508,447,0
2026-07-19 13:41:36,382,520,455,0
2026-07-19 13:41:37,369,517,450,0
2026-07-19 13:41:38,356,494,452,0
2026-07-19 13:41:39,313,521,439,0
2026-07-19 13:41:40,307,516,436,0
2026-07-19 13:41:41,291,523,459,0
2026-07-19 13:41:42,288,509,442,0
2026-07-19 13:41:43,303,506,446,0
2026-07-19 13:41:44,290,503,434,0
2026-07-19 13:41:45,299,497,435,0
2026-07-19 13:41:46,310,509,438,0
2026-07-19 13:41:47,341,499,446,0
2026-07-19 13:41:48,320,502,423,0
2026-07-19 13:41:49,361,512,432,0
2026-07-19 13:41:50,348,507,416,0
2026-07-19 13:41:51,314,497,395,0
2026-07-19 13:41:52,321,518,393,0
2026-07-19 13:41:53,349,495,376,0
2026-07-19 13:41:54,366,494,376,0
2026-07-19 13:41:55,356,513,381,0
2026-07-19 13:41:56,349,525,381,0
2026-07-19 13:41:57,356,502,382,0
2026-07-19 13:41:58,359,505,412,0
2026-07-19 13:41:59,348,509,415,0
2026-07-19 13:42:00,375,523,452,0
2026-07-19 13:42:01,355,491,432,0
2026-07-19 13:42:02,309,495,439,0
2026-07-19 13:42:03,285,493,443,0
2026-07-19 13:42:04,283,517,428,0
2026-07-19 13:42:05,271,486,482,0
2026-07-19 13:42:06,284,520,453,0
2026-07-19 13:42:07,354,507,446,0
2026-07-19 13:42:08,337,505,443,0
2026-07-19 13:42:09,335,496,399,0
2026-07-19 13:42:10,355,528,432,0
2026-07-19 13:42:11,341,514,394,0
2026-07-19 13:42:12,353,490,394,0
2026-07-19 13:42:13,358,520,405,0
2026-07-19 13:42:14,369,503,402,0
2026-07-19 13:42:15,371,519,444,0
2026-07-19 13:42:16,357,522,458,0
2026-07-19 13:42:17,338,502,446,0
2026-07-19 13:42:18,304,498,439,0
2026-07-19 13:42:19,299,524,451,0
2026-07-19 13:42:20,286,511,458,0
2026-07-19 13:42:21,300,494,431,0
2026-07-19 13:42:22,317,508,466,0
2026-07-19 13:42:23,297,506,436,0
2026-07-19 13:42:24,285,507,445,0
2026-07-19 13:42:25,325,495,456,0
2026-07-19 13:42:26,360,497,434,0
2026-07-19 13:42:27,346,509,398,0
2026-07-19 13:42:28,328,505,399,0
2026-07-19 13:42:29,358,524,388,0
2026-07-19 13:42:30,332,517,382,0
2026-07-19 13:42:31,368,491,394,0
2026-07-19 13:42:32,350,526,416,0
2026-07-19 13:42:33,346,525,422,0
2026-07-19 13:42:34,370,501,423,0
2026-07-19 13:42:35,357,530,439,0
2026-07-19 13:42:36,324,500,435,0
2026-07-19 13:42:37,288,518,434,0
2026-07-19 13:42:38,283,502,478,0
2026-07-19 13:42:39,286,486,439,0
2026-07-19 13:42:40,274,489,468,0
2026-07-19 13:42:41,261,507,429,0
2026-07-19 13:42:42,301,507,454,0
2026-07-19 13:42:43,360,501,443,0
2026-07-19 13:42:44,334,496,422,0
2026-07-19 13:42:45,361,501,408,0
2026-07-19 13:42:46,356,520,395,0
2026-07-19 13:42:47,367,517,410,0
2026-07-19 13:42:48,366,520,401,0
2026-07-19 13:42:49,370,504,431,0
2026-07-19 13:42:50,356,510,465,0
2026-07-19 13:42:51,345,495,439,0
2026-07-19 13:42:52,351,514,438,0
2026-07-19 13:42:53,318,516,458,0
2026-07-19 13:42:54,309,525,442,0
2026-07-19 13:42:55,278,496,437,0
2026-07-19 13:42:56,292,511,438,0
2026-07-19 13:42:57,267,506,441,0
2026-07-19 13:42:58,277,501,440,0
2026-07-19 13:42:59,291,506,435,0
2026-07-19 13:43:00,311,498,449,0
2026-07-19 13:43:01,319,507,445,0
2026-07-19 13:43:02,302,499,442,0
2026-07-19 13:43:03,345,498,452,0
2026-07-19 13:43:04,348,501,452,0
2026-07-19 13:43:05,309,499,437,0
2026-07-19 13:43:06,331,506,417,0
2026-07-19 13:43:08,362,507,407,0
2026-07-19 13:43:08,353,501,405,0
2026-07-19 13:43:09,354,498,409,0
2026-07-19 13:43:10,347,507,413,0
2026-07-19 13:43:11,358,506,417,0
2026-07-19 13:43:12,351,503,406,0
2026-07-19 13:43:13,353,503,402,0
2026-07-19 13:43:14,339,515,409,0
2026-07-19 13:43:15,357,503,415,0
2026-07-19 13:43:16,326,498,427,0
2026-07-19 13:43:17,357,508,444,0
2026-07-19 13:43:18,309,506,444,0
2026-07-19 13:43:19,324,503,454,0
2026-07-19 13:43:20,289,504,460,0
2026-07-19 13:43:21,296,507,442,0
2026-07-19 13:43:22,279,508,435,0
2026-07-19 13:43:23,269,496,460,0
2026-07-19 13:43:24,300,516,431,0
2026-07-19 13:43:25,314,522,438,0
2026-07-19 13:43:26,352,495,456,0
2026-07-19 13:43:27,373,511,456,0
2026-07-19 13:43:28,350,504,434,0
2026-07-19 13:43:29,366,518,426,0
2026-07-19 13:43:30,363,516,400,0
2026-07-19 13:43:31,349,515,403,0
2026-07-19 13:43:32,335,489,391,0
2026-07-19 13:43:33,341,503,408,0
2026-07-19 13:43:34,365,496,435,0
2026-07-19 13:43:35,341,499,454,0
2026-07-19 13:43:36,291,511,483,0
2026-07-19 13:43:37,285,490,430,0
2026-07-19 13:43:38,278,496,462,0
2026-07-19 13:43:39,257,499,426,0
2026-07-19 13:43:40,278,514,451,0
2026-07-19 13:43:41,316,516,455,0
2026-07-19 13:43:42,347,498,462,0
2026-07-19 13:43:43,356,512,443,0
2026-07-19 13:43:44,329,498,421,0
2026-07-19 13:43:45,343,505,412,0
2026-07-19 13:43:46,373,507,387,0
2026-07-19 13:43:47,370,519,389,0
2026-07-19 13:43:48,343,504,373,0
2026-07-19 13:43:49,329,505,389,0
2026-07-19 13:43:50,374,508,402,0
2026-07-19 13:43:51,350,502,439,0
2026-07-19 13:43:52,323,501,456,0
2026-07-19 13:43:53,303,494,457,0
2026-07-19 13:43:54,284,506,434,0
2026-07-19 13:43:55,289,508,451,0
2026-07-19 13:43:56,290,494,436,0
2026-07-19 13:43:57,307,495,436,0
2026-07-19 13:43:58,319,498,457,0
2026-07-19 13:43:59,360,529,446,0
2026-07-19 13:44:00,347,499,470,0
2026-07-19 13:44:01,358,524,436,0
2026-07-19 13:44:02,373,518,429,0
2026-07-19 13:44:03,371,506,456,0
2026-07-19 13:44:04,348,501,437,0
2026-07-19 13:44:05,372,511,439,0
2026-07-19 13:44:06,413,509,449,0
2026-07-19 13:44:07,375,510,460,0
2026-07-19 13:44:08,353,511,419,0
2026-07-19 13:44:09,353,490,447,0
2026-07-19 13:44:10,338,503,477,0
2026-07-19 13:44:11,368,508,435,0
2026-07-19 13:44:12,360,520,439,0
2026-07-19 13:44:13,393,492,446,0
2026-07-19 13:44:14,372,518,456,0
2026-07-19 13:44:15,345,520,437,0
2026-07-19 13:44:16,369,508,446,0
2026-07-19 13:44:17,337,519,449,0
2026-07-19 13:44:18,302,500,451,0
2026-07-19 13:44:19,306,516,462,0
2026-07-19 13:44:20,280,498,452,0
2026-07-19 13:44:21,281,496,461,0
2026-07-19 13:44:22,290,504,447,0
2026-07-19 13:44:23,295,505,445,0
2026-07-19 13:44:24,308,498,458,0
2026-07-19 13:44:25,354,504,430,0
2026-07-19 13:44:26,328,505,388,0
2026-07-19 13:44:27,369,510,373,0
2026-07-19 13:44:28,330,527,383,0
2026-07-19 13:44:29,350,532,374,0
2026-07-19 13:44:30,349,520,406,0
2026-07-19 13:44:31,352,510,423,0
2026-07-19 13:44:32,344,528,430,0
2026-07-19 13:44:33,339,505,438,0
2026-07-19 13:44:34,324,492,434,0
2026-07-19 13:44:35,292,516,461,0
2026-07-19 13:44:36,273,504,466,0
2026-07-19 13:44:37,278,518,492,0
2026-07-19 13:44:38,274,501,441,0
2026-07-19 13:44:39,320,501,476,0
2026-07-19 13:44:40,335,509,449,0
2026-07-19 13:44:41,344,503,441,0
2026-07-19 13:44:42,363,520,396,0
2026-07-19 13:44:43,349,512,405,0
2026-07-19 13:44:44,359,515,381,0
2026-07-19 13:44:45,341,513,438,0
2026-07-19 13:44:46,347,497,466,0
2026-07-19 13:44:47,385,511,463,0
2026-07-19 13:44:48,352,500,433,0
2026-07-19 13:44:49,311,505,457,0
2026-07-19 13:44:50,301,518,444,0
2026-07-19 13:44:51,286,497,448,0
2026-07-19 13:44:52,286,503,441,0
2026-07-19 13:44:53,283,507,420,0
2026-07-19 13:44:54,307,499,460,0
2026-07-19 13:44:55,351,508,450,0
2026-07-19 13:44:56,360,500,392,0
2026-07-19 13:44:57,344,517,391,0
2026-07-19 13:44:58,359,510,393,0
2026-07-19 13:44:59,340,532,385,0
2026-07-19 13:45:00,358,532,393,0
2026-07-19 13:45:01,352,514,406,0
2026-07-19 13:45:02,361,521,433,0
2026-07-19 13:45:03,343,524,435,0
2026-07-19 13:45:04,335,520,432,0
2026-07-19 13:45:05,302,521,437,0
2026-07-19 13:45:06,282,504,451,0
2026-07-19 13:45:07,261,502,436,0
2026-07-19 13:45:08,299,496,475,0
2026-07-19 13:45:09,272,506,467,0
2026-07-19 13:45:10,307,495,491,0
2026-07-19 13:45:11,301,521,464,0
2026-07-19 13:45:12,344,506,475,0
2026-07-19 13:45:13,376,502,401,0
2026-07-19 13:45:14,350,514,411,0
2026-07-19 13:45:15,354,521,411,0
2026-07-19 13:45:16,351,521,390,0
2026-07-19 13:45:17,363,514,395,0
2026-07-19 13:45:18,376,502,435,0
2026-07-19 13:45:19,353,523,464,0
2026-07-19 13:45:20,388,520,454,0
2026-07-19 13:45:21,345,512,433,0
2026-07-19 13:45:22,324,504,441,0
2026-07-19 13:45:23,285,516,433,0
2026-07-19 13:45:24,300,510,442,0
2026-07-19 13:45:25,281,506,448,0
2026-07-19 13:45:26,291,500,454,0
2026-07-19 13:45:27,310,501,450,0
2026-07-19 13:45:28,324,501,427,0
2026-07-19 13:45:29,354,502,410,0
2026-07-19 13:45:30,352,526,392,0
2026-07-19 13:45:31,344,505,390,0
2026-07-19 13:45:32,371,513,373,0
2026-07-19 13:45:33,357,534,384,0
2026-07-19 13:45:34,328,505,438,0
2026-07-19 13:45:35,354,515,434,0
2026-07-19 13:45:36,338,515,439,0
2026-07-19 13:45:37,368,518,432,0
2026-07-19 13:45:38,343,520,439,0
2026-07-19 13:45:39,324,523,448,0
2026-07-19 13:45:40,321,505,459,0
2026-07-19 13:45:41,302,510,458,0
2026-07-19 13:45:42,294,490,447,0
2026-07-19 13:45:43,265,496,466,0
2026-07-19 13:45:44,311,521,452,0
2026-07-19 13:45:45,294,502,465,0
2026-07-19 13:45:46,307,503,458,0
2026-07-19 13:45:47,270,516,450,0
2026-07-19 13:45:48,288,511,475,0
2026-07-19 13:45:49,268,504,464,0
2026-07-19 13:45:50,268,493,464,0
2026-07-19 13:45:51,280,519,476,0
2026-07-19 13:45:52,281,523,443,0
2026-07-19 13:45:53,274,494,486,0
2026-07-19 13:45:54,282,505,453,0
2026-07-19 13:45:55,281,481,466,0
2026-07-19 13:45:56,298,517,447,0
2026-07-19 13:45:57,322,505,449,0
2026-07-19 13:45:58,341,498,435,0
2026-07-19 13:45:59,358,488,441,0
2026-07-19 13:46:00,323,516,411,0
2026-07-19 13:46:01,327,517,394,0
2026-07-19 13:46:02,326,518,387,0
2026-07-19 13:46:03,336,502,377,0
2026-07-19 13:46:04,332,514,376,0
2026-07-19 13:46:05,318,505,409,0
2026-07-19 13:46:06,343,502,426,0
2026-07-19 13:46:07,311,505,468,0
2026-07-19 13:46:08,284,505,461,0
2026-07-19 13:46:09,283,510,445,0
2026-07-19 13:46:10,294,513,449,0
2026-07-19 13:46:11,305,499,438,0
2026-07-19 13:46:12,337,508,433,0
2026-07-19 13:46:13,375,533,453,0
2026-07-19 13:46:14,380,496,461,0
2026-07-19 13:46:15,356,512,442,0
2026-07-19 13:46:16,365,518,401,0
2026-07-19 13:46:17,347,511,395,0
2026-07-19 13:46:18,353,520,406,0
2026-07-19 13:46:19,365,521,406,0
2026-07-19 13:46:20,332,493,444,0
2026-07-19 13:46:21,288,492,472,0
2026-07-19 13:46:22,262,499,455,0
2026-07-19 13:46:23,280,515,443,0
2026-07-19 13:46:24,293,523,469,0
2026-07-19 13:46:25,295,507,458,0
2026-07-19 13:46:26,313,500,464,0
2026-07-19 13:46:27,321,508,463,0
2026-07-19 13:46:28,377,508,435,0
2026-07-19 13:46:29,341,521,427,0
2026-07-19 13:46:30,355,508,422,0
2026-07-19 13:46:31,347,513,394,0
2026-07-19 13:46:32,354,513,381,0
2026-07-19 13:46:33,371,514,357,0
2026-07-19 13:46:34,349,510,370,0
2026-07-19 13:46:35,365,531,378,0
2026-07-19 13:46:36,332,522,394,0
2026-07-19 13:46:37,339,513,374,0
2026-07-19 13:46:38,355,506,399,0
2026-07-19 13:46:39,353,511,402,0
2026-07-19 13:46:40,328,512,415,0
2026-07-19 13:46:41,380,512,420,0
2026-07-19 13:46:42,348,507,438,0
2026-07-19 13:46:43,343,497,439,0
2026-07-19 13:46:44,346,500,437,0
2026-07-19 13:46:45,302,501,453,0
2026-07-19 13:46:46,349,504,449,0
2026-07-19 13:46:47,304,499,436,0
2026-07-19 13:46:48,325,505,462,0
2026-07-19 13:46:49,316,498,460,0
2026-07-19 13:46:50,298,506,461,0
2026-07-19 13:46:51,284,499,463,0
2026-07-19 13:46:52,303,507,438,0
2026-07-19 13:46:53,269,501,448,0
2026-07-19 13:46:54,295,505,461,0
2026-07-19 13:46:55,282,502,453,0
2026-07-19 13:46:56,292,502,433,0
2026-07-19 13:46:57,290,503,436,0
2026-07-19 13:46:58,290,491,450,0
2026-07-19 13:46:59,287,502,443,0
2026-07-19 13:47:00,285,523,452,0
2026-07-19 13:47:01,300,510,450,0
2026-07-19 13:47:02,319,501,460,0
2026-07-19 13:47:03,360,518,444,0
2026-07-19 13:47:04,355,519,434,0
2026-07-19 13:47:05,371,502,428,0
2026-07-19 13:47:06,360,516,441,0
2026-07-19 13:47:07,359,527,423,0
2026-07-19 13:47:08,354,508,425,0
2026-07-19 13:47:09,353,497,421,0
2026-07-19 13:47:10,356,491,393,0
2026-07-19 13:47:11,365,509,426,0
2026-07-19 13:47:12,346,508,425,0
2026-07-19 13:47:13,392,505,460,0
2026-07-19 13:47:14,369,492,448,0
2026-07-19 13:47:15,346,494,483,0
2026-07-19 13:47:16,290,504,445,0
2026-07-19 13:47:17,265,498,466,0
2026-07-19 13:47:18,260,508,463,0
2026-07-19 13:47:19,268,514,451,0
2026-07-19 13:47:20,297,516,446,0
2026-07-19 13:47:21,281,504,464,0
2026-07-19 13:47:22,314,494,434,0
2026-07-19 13:47:23,340,501,427,0
2026-07-19 13:47:24,365,514,434,0
2026-07-19 13:47:25,327,526,448,0
2026-07-19 13:47:26,350,508,437,0
2026-07-19 13:47:27,365,497,403,0
2026-07-19 13:47:28,352,496,389,0
2026-07-19 13:47:29,334,520,385,0
2026-07-19 13:47:30,360,532,380,0
2026-07-19 13:47:31,353,500,366,0
2026-07-19 13:47:32,361,502,381,0
2026-07-19 13:47:33,349,510,434,0
2026-07-19 13:47:34,333,491,456,0
2026-07-19 13:47:35,307,508,432,0
2026-07-19 13:47:36,300,512,444,0
2026-07-19 13:47:37,275,497,455,0
2026-07-19 13:47:38,288,505,437,0
2026-07-19 13:47:39,307,494,439,0
2026-07-19 13:47:40,282,497,440,0
2026-07-19 13:47:41,293,502,439,0
2026-07-19 13:47:42,324,518,455,0
2026-07-19 13:47:43,350,501,436,0
2026-07-19 13:47:44,380,492,450,0
2026-07-19 13:47:45,370,528,445,0
2026-07-19 13:47:46,356,517,457,0
2026-07-19 13:47:47,354,514,462,0
2026-07-19 13:47:48,371,524,402,0
2026-07-19 13:47:49,359,520,398,0
2026-07-19 13:47:50,342,515,407,0
2026-07-19 13:47:51,360,515,402,0
2026-07-19 13:47:52,370,536,425,0
2026-07-19 13:47:53,369,498,409,0
2026-07-19 13:47:54,336,512,411,0
2026-07-19 13:47:55,374,492,401,0
2026-07-19 13:47:56,350,511,394,0
2026-07-19 13:47:57,351,511,394,0
2026-07-19 13:47:58,332,488,409,0
2026-07-19 13:47:59,345,488,403,0
2026-07-19 13:48:00,377,493,406,0
2026-07-19 13:48:01,342,528,418,0
2026-07-19 13:48:02,321,527,415,0
2026-07-19 13:48:03,352,523,390,0
2026-07-19 13:48:04,375,524,390,0
2026-07-19 13:48:05,355,496,404,0
2026-07-19 13:48:06,337,511,446,0
2026-07-19 13:48:07,363,525,428,0
2026-07-19 13:48:08,349,518,429,0
2026-07-19 13:48:09,305,504,443,0
2026-07-19 13:48:10,319,526,460,0
2026-07-19 13:48:11,284,511,451,0
2026-07-19 13:48:12,276,494,450,0
2026-07-19 13:48:13,292,500,443,0
2026-07-19 13:48:14,291,506,461,0
2026-07-19 13:48:15,327,501,409,0
2026-07-19 13:48:16,324,509,393,0
2026-07-19 13:48:17,366,500,371,0
2026-07-19 13:48:18,338,513,382,0
2026-07-19 13:48:19,346,505,386,0
2026-07-19 13:48:20,354,512,423,0
2026-07-19 13:48:21,343,517,421,0
2026-07-19 13:48:22,353,506,439,0
2026-07-19 13:48:23,312,498,434,0
2026-07-19 13:48:24,286,518,444,0
2026-07-19 13:48:25,282,505,444,0
2026-07-19 13:48:26,282,514,426,0
2026-07-19 13:48:27,276,488,475,0
2026-07-19 13:48:28,296,499,451,0
2026-07-19 13:48:29,336,494,459,0
2026-07-19 13:48:30,371,504,436,0
2026-07-19 13:48:31,375,494,407,0
2026-07-19 13:48:32,351,491,410,0
2026-07-19 13:48:33,353,506,414,0
2026-07-19 13:48:34,343,509,395,0
2026-07-19 13:48:35,341,506,453,0
2026-07-19 13:48:36,383,509,473,0
2026-07-19 13:48:37,356,494,435,0
2026-07-19 13:48:38,332,522,433,0
2026-07-19 13:48:39,281,507,439,0
2026-07-19 13:48:40,277,508,449,0
2026-07-19 13:48:41,283,500,450,0
2026-07-19 13:48:42,285,507,462,0
2026-07-19 13:48:43,343,496,451,0
2026-07-19 13:48:44,327,497,430,0
2026-07-19 13:48:45,349,504,376,0
2026-07-19 13:48:46,323,504,386,0
2026-07-19 13:48:47,340,503,395,0
2026-07-19 13:48:48,373,506,386,0
2026-07-19 13:48:49,352,514,400,0
2026-07-19 13:48:50,349,514,442,0
2026-07-19 13:48:51,338,507,433,0
2026-07-19 13:48:52,330,510,441,0
2026-07-19 13:48:53,336,516,449,0
2026-07-19 13:48:54,296,520,430,0
2026-07-19 13:48:55,293,513,465,0
2026-07-19 13:48:56,296,489,475,0
2026-07-19 13:48:57,267,511,478,0
2026-07-19 13:48:58,267,489,492,0
2026-07-19 13:48:59,337,507,444,0
2026-07-19 13:49:00,353,493,457,0
2026-07-19 13:49:01,331,493,433,0
2026-07-19 13:49:02,379,503,436,0
2026-07-19 13:49:03,363,488,409,0
2026-07-19 13:49:04,376,500,414,0
2026-07-19 13:49:05,324,505,396,0
2026-07-19 13:49:06,356,510,433,0
2026-07-19 13:49:07,375,506,457,0
2026-07-19 13:49:08,348,512,417,0
2026-07-19 13:49:09,392,524,436,0
2026-07-19 13:49:10,341,491,441,0
2026-07-19 13:49:12,334,519,456,0
2026-07-19 13:49:12,262,515,434,0
2026-07-19 13:49:13,294,500,449,0
2026-07-19 13:49:14,288,498,448,0
2026-07-19 13:49:15,298,505,442,0
2026-07-19 13:49:16,322,512,449,0
2026-07-19 13:49:17,352,503,456,0
2026-07-19 13:49:18,303,495,421,0
2026-07-19 13:49:19,350,509,393,0
2026-07-19 13:49:20,336,494,388,0
2026-07-19 13:49:21,358,509,387,0
2026-07-19 13:49:22,336,505,385,0
2026-07-19 13:49:23,361,492,383,0
2026-07-19 13:49:24,349,512,391,0
2026-07-19 13:49:25,346,511,404,0
2026-07-19 13:49:26,361,487,428,0
2026-07-19 13:49:27,337,520,413,0
2026-07-19 13:49:28,367,515,448,0
2026-07-19 13:49:29,335,521,439,0
2026-07-19 13:49:30,315,505,435,0
2026-07-19 13:49:31,277,504,458,0
2026-07-19 13:49:32,284,505,461,0
2026-07-19 13:49:33,276,495,467,0
2026-07-19 13:49:34,271,491,442,0
2026-07-19 13:49:35,301,504,438,0
2026-07-19 13:49:36,332,496,428,0
2026-07-19 13:49:37,360,500,435,0
2026-07-19 13:49:38,358,509,437,0
2026-07-19 13:49:39,353,518,424,0
2026-07-19 13:49:40,366,514,413,0
2026-07-19 13:49:41,383,515,425,0
2026-07-19 13:49:42,369,524,443,0
2026-07-19 13:49:43,374,490,433,0
2026-07-19 13:49:44,362,502,439,0
2026-07-19 13:49:45,338,499,457,0
2026-07-19 13:49:46,306,493,440,0
2026-07-19 13:49:47,307,512,467,0
2026-07-19 13:49:48,286,514,452,0
2026-07-19 13:49:49,302,503,444,0
2026-07-19 13:49:50,295,494,461,0
2026-07-19 13:49:51,327,495,441,0
2026-07-19 13:49:52,342,504,406,0
2026-07-19 13:49:53,348,511,397,0
2026-07-19 13:49:54,343,502,388,0
2026-07-19 13:49:55,340,511,359,0
2026-07-19 13:49:56,348,517,370,0
2026-07-19 13:49:57,336,506,428,0
2026-07-19 13:49:58,324,515,436,0
2026-07-19 13:49:59,344,523,422,0
2026-07-19 13:50:00,308,516,443,0
2026-07-19 13:50:01,294,501,449,0
2026-07-19 13:50:02,293,510,451,0
2026-07-19 13:50:03,264,489,454,0
2026-07-19 13:50:04,264,499,466,0
2026-07-19 13:50:05,299,494,470,0
2026-07-19 13:50:06,355,492,465,0
2026-07-19 13:50:07,365,495,449,0
2026-07-19 13:50:08,354,514,401,0
2026-07-19 13:50:09,341,495,374,0
2026-07-19 13:50:10,349,497,428,0
2026-07-19 13:50:11,346,510,403,0
2026-07-19 13:50:12,346,505,420,0
2026-07-19 13:50:13,378,509,442,0
2026-07-19 13:50:14,361,512,452,0
2026-07-19 13:50:15,349,503,441,0
2026-07-19 13:50:16,344,514,439,0
2026-07-19 13:50:17,319,501,448,0
2026-07-19 13:50:18,284,489,458,0
2026-07-19 13:50:19,280,493,449,0
2026-07-19 13:50:20,292,499,452,0
2026-07-19 13:50:21,273,498,463,0
2026-07-19 13:50:22,296,499,455,0
2026-07-19 13:50:23,305,504,443,0
2026-07-19 13:50:24,322,500,446,0
2026-07-19 13:50:25,346,497,455,0
2026-07-19 13:50:26,353,507,405,0
2026-07-19 13:50:27,348,505,401,0
2026-07-19 13:50:28,367,505,417,0
2026-07-19 13:50:29,320,504,387,0
2026-07-19 13:50:30,340,510,397,0
2026-07-19 13:50:31,365,500,367,0
2026-07-19 13:50:32,342,516,389,0
2026-07-19 13:50:33,336,506,368,0
2026-07-19 13:50:34,342,505,378,0
2026-07-19 13:50:35,349,514,401,0
2026-07-19 13:50:36,333,515,422,0
2026-07-19 13:50:37,351,488,443,0
2026-07-19 13:50:38,316,494,441,0
2026-07-19 13:50:39,333,507,435,0
2026-07-19 13:50:40,346,521,421,0
2026-07-19 13:50:41,349,519,435,0
2026-07-19 13:50:42,336,517,446,0
2026-07-19 13:50:43,341,516,427,0
2026-07-19 13:50:44,345,518,449,0
2026-07-19 13:50:45,333,515,434,0
2026-07-19 13:50:46,328,503,439,0
2026-07-19 13:50:47,317,515,435,0
2026-07-19 13:50:48,305,518,458,0
2026-07-19 13:50:49,297,493,445,0
2026-07-19 13:50:50,303,518,447,0
2026-07-19 13:50:51,285,488,460,0
2026-07-19 13:50:52,289,505,476,0
2026-07-19 13:50:53,294,523,443,0
2026-07-19 13:50:54,289,493,458,0
2026-07-19 13:50:55,284,505,475,0
2026-07-19 13:50:56,279,497,445,0
2026-07-19 13:50:57,282,508,465,0
2026-07-19 13:50:58,282,498,463,0
2026-07-19 13:50:59,311,519,448,0
2026-07-19 13:51:00,341,526,463,0
2026-07-19 13:51:01,312,508,436,0
2026-07-19 13:51:02,338,508,433,0
2026-07-19 13:51:03,339,519,456,0
2026-07-19 13:51:04,321,503,444,0
2026-07-19 13:51:05,358,514,428,0
2026-07-19 13:51:06,384,522,429,0
2026-07-19 13:51:07,349,518,448,0
2026-07-19 13:51:08,352,516,420,0
2026-07-19 13:51:09,345,507,432,0
2026-07-19 13:51:10,369,522,410,0
2026-07-19 13:51:11,351,517,393,0
2026-07-19 13:51:12,354,499,380,0
2026-07-19 13:51:13,371,498,387,0
2026-07-19 13:51:14,347,523,392,0
2026-07-19 13:51:15,331,504,368,0
2026-07-19 13:51:16,328,499,405,0
2026-07-19 13:51:17,354,525,376,0
2026-07-19 13:51:18,328,497,392,0
2026-07-19 13:51:19,347,495,394,0
2026-07-19 13:51:20,324,500,386,0
2026-07-19 13:51:21,333,496,377,0
2026-07-19 13:51:22,346,509,384,0
2026-07-19 13:51:23,361,506,385,0
2026-07-19 13:51:24,357,498,401,0
2026-07-19 13:51:25,331,501,377,0
2026-07-19 13:51:26,345,507,395,0
2026-07-19 13:51:27,342,499,392,0
2026-07-19 13:51:28,359,496,372,0
2026-07-19 13:51:29,364,533,389,0
2026-07-19 13:51:30,344,501,378,0
2026-07-19 13:51:31,321,520,372,0
2026-07-19 13:51:32,344,505,362,0
2026-07-19 13:51:33,321,521,382,0
2026-07-19 13:51:34,352,513,370,0
2026-07-19 13:51:35,374,508,390,0
2026-07-19 13:51:36,340,516,399,0
2026-07-19 13:51:37,351,515,416,0
2026-07-19 13:51:38,343,509,437,0
2026-07-19 13:51:39,371,502,445,0
2026-07-19 13:51:40,337,513,451,0
2026-07-19 13:51:41,326,504,447,0
2026-07-19 13:51:42,283,500,438,0
2026-07-19 13:51:43,278,515,434,0
2026-07-19 13:51:44,289,502,477,0
2026-07-19 13:51:45,296,490,476,0
2026-07-19 13:51:46,334,510,502,0
2026-07-19 13:51:47,336,517,467,0
2026-07-19 13:51:48,342,499,445,0
2026-07-19 13:51:49,347,513,414,0
2026-07-19 13:51:50,341,514,397,0
2026-07-19 13:51:51,376,500,423,0
2026-07-19 13:51:52,336,498,441,0
2026-07-19 13:51:53,386,523,445,0
2026-07-19 13:51:54,399,501,449,0
2026-07-19 13:51:55,374,520,455,0
2026-07-19 13:51:56,319,525,446,0
2026-07-19 13:51:57,287,514,466,0
2026-07-19 13:51:58,300,514,453,0
2026-07-19 13:51:59,267,500,436,0
2026-07-19 13:52:00,295,504,452,0
2026-07-19 13:52:01,301,512,442,0
2026-07-19 13:52:02,321,501,449,0
2026-07-19 13:52:03,353,494,378,0
2026-07-19 13:52:04,342,516,377,0
2026-07-19 13:52:05,355,502,372,0
2026-07-19 13:52:06,363,512,391,0
2026-07-19 13:52:07,370,511,381,0
2026-07-19 13:52:08,352,524,408,0
2026-07-19 13:52:09,347,515,435,0
2026-07-19 13:52:10,353,506,450,0
2026-07-19 13:52:11,343,497,436,0
2026-07-19 13:52:12,334,490,442,0
2026-07-19 13:52:13,328,506,458,0
2026-07-19 13:52:14,289,513,430,0
2026-07-19 13:52:15,275,500,465,0
2026-07-19 13:52:16,239,511,484,0
2026-07-19 13:52:17,277,523,455,0
2026-07-19 13:52:18,281,502,487,0
2026-07-19 13:52:19,282,492,493,0
2026-07-19 13:52:20,259,487,447,0
2026-07-19 13:52:21,286,487,484,0
2026-07-19 13:52:22,266,508,456,0
2026-07-19 13:52:23,259,495,446,0
2026-07-19 13:52:24,279,507,462,0
2026-07-19 13:52:25,278,500,457,0
2026-07-19 13:52:26,301,525,446,0
2026-07-19 13:52:27,271,524,469,0
2026-07-19 13:52:28,294,492,445,0
2026-07-19 13:52:29,295,513,435,0
2026-07-19 13:52:30,321,518,454,0
2026-07-19 13:52:31,345,508,450,0
2026-07-19 13:52:32,361,504,420,0
2026-07-19 13:52:33,357,507,436,0
2026-07-19 13:52:34,358,514,403,0
2026-07-19 13:52:35,379,504,390,0
2026-07-19 13:52:36,361,508,390,0
2026-07-19 13:52:37,319,509,396,0
2026-07-19 13:52:38,359,495,382,0
2026-07-19 13:52:39,348,508,404,0
2026-07-19 13:52:40,318,499,437,0
2026-07-19 13:52:41,313,502,446,0
2026-07-19 13:52:42,281,511,452,0
2026-07-19 13:52:43,288,506,458,0
2026-07-19 13:52:44,281,503,454,0
2026-07-19 13:52:45,295,497,437,0
2026-07-19 13:52:46,321,512,452,0
2026-07-19 13:52:47,362,497,448,0
2026-07-19 13:52:48,369,491,449,0
2026-07-19 13:52:49,356,520,459,0
2026-07-19 13:52:50,363,499,427,0
2026-07-19 13:52:51,371,495,431,0
2026-07-19 13:52:52,371,503,406,0
2026-07-19 13:52:53,341,491,416,0
2026-07-19 13:52:54,351,497,412,0
2026-07-19 13:52:55,344,506,425,0
2026-07-19 13:52:56,356,492,436,0
2026-07-19 13:52:57,341,497,465,0
2026-07-19 13:52:58,312,494,450,0
2026-07-19 13:52:59,316,487,467,0
2026-07-19 13:53:00,249,493,479,0
2026-07-19 13:53:01,290,525,480,0
2026-07-19 13:53:02,289,519,468,0
2026-07-19 13:53:03,267,480,431,0
2026-07-19 13:53:04,291,519,434,0
2026-07-19 13:53:05,298,504,433,0
2026-07-19 13:53:06,321,495,434,0
2026-07-19 13:53:07,339,507,452,0
2026-07-19 13:53:08,338,524,430,0
2026-07-19 13:53:09,341,504,444,0
2026-07-19 13:53:10,348,515,440,0
2026-07-19 13:53:11,373,525,440,0
2026-07-19 13:53:12,350,520,403,0
2026-07-19 13:53:13,340,509,400,0
2026-07-19 13:53:14,360,485,386,0
2026-07-19 13:53:15,350,534,394,0
2026-07-19 13:53:16,321,527,374,0
2026-07-19 13:53:17,329,497,411,0
2026-07-19 13:53:18,333,518,389,0
2026-07-19 13:53:19,335,519,384,0
2026-07-19 13:53:20,331,519,412,0
2026-07-19 13:53:21,336,518,407,0
2026-07-19 13:53:22,338,507,429,0
2026-07-19 13:53:23,350,511,431,0
2026-07-19 13:53:24,341,513,452,0
2026-07-19 13:53:25,337,510,446,0
2026-07-19 13:53:26,326,496,448,0
2026-07-19 13:53:27,280,498,455,0
2026-07-19 13:53:28,269,517,472,0
2026-07-19 13:53:29,269,494,481,0
2026-07-19 13:53:30,299,486,467,0
2026-07-19 13:53:31,315,496,462,0
2026-07-19 13:53:32,317,497,432,0
2026-07-19 13:53:33,371,492,412,0
2026-07-19 13:53:34,381,519,420,0
2026-07-19 13:53:35,369,521,438,0
2026-07-19 13:53:36,382,503,420,0
2026-07-19 13:53:37,367,507,432,0
2026-07-19 13:53:38,368,511,482,0
2026-07-19 13:53:39,372,521,446,0
2026-07-19 13:53:40,345,507,432,0
2026-07-19 13:53:41,321,497,449,0
2026-07-19 13:53:42,292,496,438,0
2026-07-19 13:53:43,291,500,445,0
2026-07-19 13:53:44,299,502,453,0
2026-07-19 13:53:45,285,502,445,0
2026-07-19 13:53:46,285,503,443,0
2026-07-19 13:53:47,330,499,462,0
2026-07-19 13:53:48,344,496,438,0
2026-07-19 13:53:49,342,507,423,0
2026-07-19 13:53:50,357,511,414,0
2026-07-19 13:53:51,355,520,374,0
2026-07-19 13:53:52,343,529,374,0
2026-07-19 13:53:53,355,515,388,0
2026-07-19 13:53:54,350,515,383,0
2026-07-19 13:53:55,332,513,396,0
2026-07-19 13:53:56,341,511,381,0
2026-07-19 13:53:57,354,512,385,0
2026-07-19 13:53:58,358,507,406,0
2026-07-19 13:53:59,349,505,417,0
2026-07-19 13:54:00,349,518,406,0
2026-07-19 13:54:01,353,496,413,0
2026-07-19 13:54:02,343,513,421,0
2026-07-19 13:54:03,348,517,407,0
2026-07-19 13:54:04,341,505,413,0
2026-07-19 13:54:05,345,520,399,0
2026-07-19 13:54:06,344,512,423,0
2026-07-19 13:54:07,362,518,405,0
2026-07-19 13:54:08,362,525,408,0
2026-07-19 13:54:09,319,518,400,0
2026-07-19 13:54:10,335,509,389,0
2026-07-19 13:54:11,330,510,388,0
2026-07-19 13:54:12,374,527,371,0
2026-07-19 13:54:13,329,504,393,0
2026-07-19 13:54:14,349,496,396,0
2026-07-19 13:54:15,347,494,383,0
2026-07-19 13:54:16,336,498,394,0
2026-07-19 13:54:17,335,498,384,0
2026-07-19 13:54:18,313,505,386,0
2026-07-19 13:54:19,357,504,414,0
2026-07-19 13:54:20,323,503,425,0
2026-07-19 13:54:21,320,508,438,0
2026-07-19 13:54:22,331,502,439,0
2026-07-19 13:54:23,297,498,446,0
2026-07-19 13:54:24,295,497,443,0
2026-07-19 13:54:25,277,496,447,0
2026-07-19 13:54:26,275,492,455,0
2026-07-19 13:54:27,301,497,445,0
2026-07-19 13:54:28,263,507,448,0
2026-07-19 13:54:29,286,498,455,0
2026-07-19 13:54:30,307,498,452,0
2026-07-19 13:54:31,285,499,452,0
2026-07-19 13:54:32,270,510,454,0
2026-07-19 13:54:33,292,498,429,0
2026-07-19 13:54:34,282,496,451,0
2026-07-19 13:54:35,292,501,426,0
2026-07-19 13:54:36,286,500,458,0
2026-07-19 13:54:37,290,501,453,0
2026-07-19 13:54:38,294,500,453,0
2026-07-19 13:54:39,271,504,439,0
2026-07-19 13:54:40,264,502,453,0
2026-07-19 13:54:41,285,505,425,0
2026-07-19 13:54:42,326,509,447,0
2026-07-19 13:54:43,324,508,461,0
2026-07-19 13:54:44,319,498,453,0
2026-07-19 13:54:45,361,503,413,0
2026-07-19 13:54:46,365,505,390,0
2026-07-19 13:54:47,358,496,384,0
2026-07-19 13:54:48,327,519,383,0
2026-07-19 13:54:49,349,517,360,0
2026-07-19 13:54:50,333,493,366,0
2026-07-19 13:54:51,373,510,380,0
2026-07-19 13:54:52,335,499,387,0
2026-07-19 13:54:53,327,511,387,0
2026-07-19 13:54:54,363,509,420,0
2026-07-19 13:54:55,328,505,435,0
2026-07-19 13:54:56,360,490,441,0
2026-07-19 13:54:57,342,509,431,0
2026-07-19 13:54:58,334,494,445,0
2026-07-19 13:54:59,334,498,415,0
2026-07-19 13:55:00,325,513,447,0
2026-07-19 13:55:01,300,525,449,0
2026-07-19 13:55:02,296,521,452,0
2026-07-19 13:55:03,285,510,459,0
2026-07-19 13:55:04,297,501,459,0
2026-07-19 13:55:05,271,496,458,0
2026-07-19 13:55:06,274,499,476,0
2026-07-19 13:55:07,286,493,468,0
2026-07-19 13:55:08,325,505,424,0
2026-07-19 13:55:09,334,488,441,0
2026-07-19 13:55:10,350,501,467,0
2026-07-19 13:55:11,371,491,439,0
2026-07-19 13:55:12,339,488,399,0
2026-07-19 13:55:13,356,527,385,0
2026-07-19 13:55:14,366,509,429,0
2026-07-19 13:55:15,364,523,394,0
2026-07-19 13:55:16,357,507,419,0
2026-07-19 13:55:17,355,496,441,0
2026-07-19 13:55:18,383,519,453,0
2026-07-19 13:55:19,336,501,440,0
2026-07-19 13:55:20,355,494,449,0
2026-07-19 13:55:21,307,519,426,0
2026-07-19 13:55:22,292,523,447,0
2026-07-19 13:55:23,283,518,468,0
2026-07-19 13:55:24,287,495,441,0
2026-07-19 13:55:25,267,508,438,0
2026-07-19 13:55:26,293,499,456,0
2026-07-19 13:55:27,281,502,454,0
2026-07-19 13:55:28,282,498,451,0
2026-07-19 13:55:29,289,506,446,0
2026-07-19 13:55:30,315,503,443,0
2026-07-19 13:55:31,326,503,446,0
2026-07-19 13:55:32,338,505,445,0
2026-07-19 13:55:33,359,510,443,0
2026-07-19 13:55:34,369,507,426,0
2026-07-19 13:55:35,323,498,418,0
2026-07-19 13:55:36,357,496,396,0
2026-07-19 13:55:37,328,498,386,0
2026-07-19 13:55:38,327,514,378,0
2026-07-19 13:55:39,341,513,369,0
2026-07-19 13:55:40,339,511,360,0
2026-07-19 13:55:41,361,498,371,0
2026-07-19 13:55:42,370,502,383,0
2026-07-19 13:55:43,349,524,373,0
2026-07-19 13:55:44,360,516,385,0
2026-07-19 13:55:45,330,508,369,0
2026-07-19 13:55:46,344,509,384,0
2026-07-19 13:55:47,333,486,382,0
2026-07-19 13:55:48,345,505,393,0
2026-07-19 13:55:49,348,505,386,0
2026-07-19 13:55:50,332,504,389,0
2026-07-19 13:55:51,338,482,370,0
2026-07-19 13:55:52,352,514,369,0
2026-07-19 13:55:53,345,499,388,0
2026-07-19 13:55:54,342,491,389,0
2026-07-19 13:55:55,326,496,394,0
2026-07-19 13:55:56,356,508,393,0
2026-07-19 13:55:57,335,508,415,0
2026-07-19 13:55:58,333,504,432,0
2026-07-19 13:55:59,358,508,447,0
2026-07-19 13:56:00,298,492,463,0
2026-07-19 13:56:01,269,503,439,0
2026-07-19 13:56:02,282,505,443,0
2026-07-19 13:56:03,285,504,452,0
2026-07-19 13:56:04,273,516,456,0
2026-07-19 13:56:05,284,500,449,0
2026-07-19 13:56:06,320,520,442,0
2026-07-19 13:56:07,346,520,458,0
2026-07-19 13:56:08,347,528,447,0
2026-07-19 13:56:09,350,500,452,0
2026-07-19 13:56:10,357,522,432,0
2026-07-19 13:56:11,365,511,396,0
2026-07-19 13:56:12,349,513,409,0
2026-07-19 13:56:13,360,522,398,0
2026-07-19 13:56:14,366,497,420,0
2026-07-19 13:56:15,369,509,438,0
2026-07-19 13:56:16,329,504,439,0
2026-07-19 13:56:17,301,492,483,0
2026-07-19 13:56:18,288,514,488,0
2026-07-19 13:56:19,298,489,448,0
2026-07-19 13:56:20,262,501,440,0
2026-07-19 13:56:21,291,504,461,0
2026-07-19 13:56:22,311,506,433,0
2026-07-19 13:56:23,357,521,434,0
2026-07-19 13:56:24,334,517,444,0
2026-07-19 13:56:25,379,484,420,0
2026-07-19 13:56:26,332,522,410,0
2026-07-19 13:56:27,363,513,424,0
2026-07-19 13:56:28,351,511,386,0
2026-07-19 13:56:29,348,507,387,0
2026-07-19 13:56:30,349,509,376,0
2026-07-19 13:56:31,308,495,367,0
2026-07-19 13:56:32,336,516,389,0
2026-07-19 13:56:33,348,489,382,0
2026-07-19 13:56:34,341,508,384,0
2026-07-19 13:56:35,341,507,388,0
2026-07-19 13:56:36,320,508,420,0
2026-07-19 13:56:37,326,504,419,0
2026-07-19 13:56:38,331,503,399,0
2026-07-19 13:56:39,331,500,394,0
2026-07-19 13:56:40,334,504,413,0
2026-07-19 13:56:41,345,497,400,0
2026-07-19 13:56:42,319,504,377,0
2026-07-19 13:56:43,367,519,368,0
2026-07-19 13:56:44,338,501,382,0
2026-07-19 13:56:45,325,525,390,0
2026-07-19 13:56:46,327,507,368,0
2026-07-19 13:56:47,322,520,377,0
2026-07-19 13:56:48,364,514,412,0
2026-07-19 13:56:49,371,512,430,0
2026-07-19 13:56:50,352,518,441,0
2026-07-19 13:56:51,323,501,422,0
2026-07-19 13:56:52,325,493,441,0
2026-07-19 13:56:53,255,497,475,0
2026-07-19 13:56:54,259,508,480,0
2026-07-19 13:56:55,258,521,464,0
2026-07-19 13:56:56,261,495,486,0
2026-07-19 13:56:57,298,500,473,0
2026-07-19 13:56:58,339,491,448,0
2026-07-19 13:56:59,354,501,451,0
2026-07-19 13:57:00,337,518,392,0
2026-07-19 13:57:01,356,513,395,0
2026-07-19 13:57:02,351,522,415,0
2026-07-19 13:57:03,390,499,436,0
2026-07-19 13:57:04,364,503,446,0
2026-07-19 13:57:05,374,507,452,0
2026-07-19 13:57:06,376,513,445,0
2026-07-19 13:57:07,347,509,447,0
2026-07-19 13:57:08,319,516,433,0
2026-07-19 13:57:09,284,513,454,0
2026-07-19 13:57:10,288,498,438,0
2026-07-19 13:57:11,282,501,451,0
2026-07-19 13:57:12,310,498,445,0
2026-07-19 13:57:13,353,506,444,0
2026-07-19 13:57:14,343,508,421,0
2026-07-19 13:57:15,319,515,384,0
2026-07-19 13:57:16,321,498,375,0
2026-07-19 13:57:17,326,505,390,0
2026-07-19 13:57:18,342,496,401,0
2026-07-19 13:57:19,349,501,420,0
2026-07-19 13:57:20,336,505,432,0
2026-07-19 13:57:21,337,484,441,0
2026-07-19 13:57:22,330,498,430,0
2026-07-19 13:57:23,275,503,464,0
2026-07-19 13:57:24,290,478,432,0
2026-07-19 13:57:25,282,507,491,0
2026-07-19 13:57:26,281,492,471,0
2026-07-19 13:57:27,334,488,486,0
2026-07-19 13:57:28,346,495,481,0
2026-07-19 13:57:29,351,500,426,0
2026-07-19 13:57:30,377,505,401,0
2026-07-19 13:57:31,367,529,413,0
2026-07-19 13:57:32,347,487,421,0
2026-07-19 13:57:33,352,504,411,0
2026-07-19 13:57:34,358,514,419,0
2026-07-19 13:57:35,382,516,446,0
2026-07-19 13:57:36,365,515,455,0
2026-07-19 13:57:37,384,502,448,0
2026-07-19 13:57:38,343,486,447,0
2026-07-19 13:57:39,298,505,462,0
2026-07-19 13:57:40,256,525,431,0
2026-07-19 13:57:41,296,486,474,0
2026-07-19 13:57:42,307,499,456,0
2026-07-19 13:57:43,277,499,464,0
2026-07-19 13:57:44,302,492,445,0
2026-07-19 13:57:45,322,508,422,0
2026-07-19 13:57:46,345,500,416,0
2026-07-19 13:57:47,341,489,364,0
2026-07-19 13:57:48,345,488,374,0
2026-07-19 13:57:49,345,514,370,0
2026-07-19 13:57:50,347,500,375,0
2026-07-19 13:57:51,327,507,423,0
2026-07-19 13:57:52,335,498,445,0
2026-07-19 13:57:53,361,492,440,0
2026-07-19 13:57:54,321,502,436,0
2026-07-19 13:57:55,320,503,450,0
2026-07-19 13:57:56,275,489,440,0
2026-07-19 13:57:57,281,484,408,0
2026-07-19 13:57:58,257,498,472,0
2026-07-19 13:57:59,245,507,468,0
2026-07-19 13:58:00,265,501,457,0
2026-07-19 13:58:01,329,506,488,0
2026-07-19 13:58:02,322,497,492,0
2026-07-19 13:58:03,360,507,446,0
2026-07-19 13:58:04,378,491,423,0
2026-07-19 13:58:05,378,484,388,0
2026-07-19 13:58:06,356,514,431,0
2026-07-19 13:58:07,352,508,409,0
2026-07-19 13:58:08,345,489,415,0
2026-07-19 13:58:09,363,521,468,0
2026-07-19 13:58:10,378,515,453,0
2026-07-19 13:58:11,356,512,438,0
2026-07-19 13:58:12,359,525,457,0
2026-07-19 13:58:13,285,496,437,0
2026-07-19 13:58:14,313,519,444,0
2026-07-19 13:58:15,288,499,460,0
2026-07-19 13:58:16,296,488,434,0
2026-07-19 13:58:17,290,493,446,0
2026-07-19 13:58:18,277,491,434,0
2026-07-19 13:58:19,306,496,455,0
2026-07-19 13:58:20,332,500,447,0
2026-07-19 13:58:21,341,498,447,0
2026-07-19 13:58:22,347,494,410,0
2026-07-19 13:58:23,354,516,393,0
2026-07-19 13:58:24,355,512,367,0
2026-07-19 13:58:25,362,508,383,0
2026-07-19 13:58:26,369,502,384,0
2026-07-19 13:58:27,349,534,396,0
2026-07-19 13:58:28,369,519,408,0
2026-07-19 13:58:29,367,521,421,0
2026-07-19 13:58:30,374,504,418,0
2026-07-19 13:58:31,336,489,424,0
2026-07-19 13:58:32,331,525,438,0
2026-07-19 13:58:33,348,498,432,0
2026-07-19 13:58:34,331,526,431,0
2026-07-19 13:58:35,356,508,445,0
2026-07-19 13:58:36,347,523,428,0
2026-07-19 13:58:37,352,494,444,0
2026-07-19 13:58:38,343,514,426,0
2026-07-19 13:58:39,363,508,435,0
2026-07-19 13:58:40,352,495,424,0
2026-07-19 13:58:41,350,480,450,0
2026-07-19 13:58:42,335,527,434,0
2026-07-19 13:58:43,335,502,452,0
2026-07-19 13:58:44,342,510,417,0
2026-07-19 13:58:45,369,495,428,0
2026-07-19 13:58:46,361,527,426,0
2026-07-19 13:58:47,330,512,421,0
2026-07-19 13:58:48,347,512,410,0
2026-07-19 13:58:49,361,522,392,0
2026-07-19 13:58:50,331,514,377,0
2026-07-19 13:58:51,369,510,394,0
2026-07-19 13:58:52,321,518,399,0
2026-07-19 13:58:53,334,497,380,0
2026-07-19 13:58:54,330,516,374,0
2026-07-19 13:58:55,361,508,370,0
2026-07-19 13:58:56,355,508,390,0
2026-07-19 13:58:57,350,515,406,0
2026-07-19 13:58:58,357,507,385,0
2026-07-19 13:58:59,345,514,391,0
2026-07-19 13:59:00,351,517,386,0
2026-07-19 13:59:01,349,510,387,0
2026-07-19 13:59:02,336,516,375,0
2026-07-19 13:59:03,361,515,370,0
2026-07-19 13:59:04,324,497,383,0
2026-07-19 13:59:05,339,507,392,0
2026-07-19 13:59:06,316,515,391,0
2026-07-19 13:59:07,328,528,365,0
2026-07-19 13:59:08,320,508,392,0
2026-07-19 13:59:09,379,524,379,0
2026-07-19 13:59:10,368,498,383,0
2026-07-19 13:59:11,338,514,360,0
2026-07-19 13:59:12,326,506,385,0
2026-07-19 13:59:13,339,523,389,0
2026-07-19 13:59:14,341,505,391,0
2026-07-19 13:59:15,357,510,382,0
2026-07-19 13:59:16,338,523,375,0
2026-07-19 13:59:17,361,523,382,0
2026-07-19 13:59:18,321,507,379,0
2026-07-19 13:59:19,341,512,388,0
2026-07-19 13:59:20,353,506,371,0
2026-07-19 13:59:21,312,488,373,0
2026-07-19 13:59:22,367,522,382,0
2026-07-19 13:59:23,338,513,408,0
2026-07-19 13:59:24,327,516,395,0
2026-07-19 13:59:25,341,500,452,0
2026-07-19 13:59:26,362,514,435,0
2026-07-19 13:59:27,361,498,433,0
2026-07-19 13:59:28,305,522,460,0
2026-07-19 13:59:29,279,516,450,0
2026-07-19 13:59:30,293,486,466,0
2026-07-19 13:59:31,255,489,472,0
2026-07-19 13:59:32,270,485,479,0
2026-07-19 13:59:33,307,490,480,0
2026-07-19 13:59:34,373,497,460,0
2026-07-19 13:59:35,354,501,414,0
2026-07-19 13:59:36,360,504,404,0
2026-07-19 13:59:37,339,519,402,0
2026-07-19 13:59:38,354,517,387,0
2026-07-19 13:59:39,336,512,411,0
2026-07-19 13:59:40,356,524,440,0
2026-07-19 13:59:41,338,512,454,0
2026-07-19 13:59:42,355,522,448,0
2026-07-19 13:59:43,370,497,441,0
2026-07-19 13:59:44,321,490,443,0
2026-07-19 13:59:45,299,516,456,0
2026-07-19 13:59:46,279,518,451,0
2026-07-19 13:59:47,291,496,451,0
2026-07-19 13:59:48,281,504,471,0
2026-07-19 13:59:49,267,494,458,0
2026-07-19 13:59:50,279,495,434,0
2026-07-19 13:59:51,332,503,457,0
2026-07-19 13:59:52,336,502,435,0
2026-07-19 13:59:53,352,503,414,0
2026-07-19 13:59:54,316,505,396,0
2026-07-19 13:59:55,347,492,396,0
2026-07-19 13:59:56,331,520,382,0
2026-07-19 13:59:57,321,529,369,0
2026-07-19 13:59:58,351,507,398,0
2026-07-19 13:59:59,356,515,377,0
2026-07-19 14:00:00,336,515,370,0
2026-07-19 14:00:01,368,499,400,0
2026-07-19 14:00:02,332,519,393,0
2026-07-19 14:00:03,376,520,389,0
2026-07-19 14:00:04,340,500,388,0
2026-07-19 14:00:05,339,519,388,0
2026-07-19 14:00:06,349,506,368,0
2026-07-19 14:00:07,343,498,376,0
2026-07-19 14:00:08,321,508,395,0
2026-07-19 14:00:09,326,518,394,0
2026-07-19 14:00:10,354,504,386,0
2026-07-19 14:00:11,349,494,382,0
2026-07-19 14:00:12,331,507,386,0
2026-07-19 14:00:13,331,514,375,0
2026-07-19 14:00:14,359,512,386,0
2026-07-19 14:00:15,338,519,390,0
2026-07-19 14:00:16,364,500,392,0
2026-07-19 14:00:17,354,500,412,0
2026-07-19 14:00:18,306,490,451,0
2026-07-19 14:00:19,287,503,466,0
2026-07-19 14:00:20,317,501,449,0
2026-07-19 14:00:21,277,500,461,0
2026-07-19 14:00:22,275,505,445,0
2026-07-19 14:00:23,295,498,448,0
2026-07-19 14:00:24,305,501,455,0
2026-07-19 14:00:25,287,496,438,0
2026-07-19 14:00:26,303,496,440,0
2026-07-19 14:00:27,294,492,440,0
2026-07-19 14:00:28,286,518,434,0
2026-07-19 14:00:29,308,511,463,0
2026-07-19 14:00:30,333,495,453,0
2026-07-19 14:00:31,335,525,445,0
2026-07-19 14:00:32,349,513,450,0
2026-07-19 14:00:33,356,509,438,0
2026-07-19 14:00:34,369,498,440,0
2026-07-19 14:00:35,347,490,445,0
2026-07-19 14:00:36,341,509,450,0
2026-07-19 14:00:37,322,516,463,0
2026-07-19 14:00:38,322,514,453,0
2026-07-19 14:00:39,285,520,445,0
2026-07-19 14:00:40,297,508,450,0
2026-07-19 14:00:41,274,510,447,0
2026-07-19 14:00:42,288,504,448,0
2026-07-19 14:00:43,284,501,451,0
2026-07-19 14:00:44,291,504,464,0
2026-07-19 14:00:45,317,507,434,0
2026-07-19 14:00:46,350,503,404,0
2026-07-19 14:00:47,335,509,384,0
2026-07-19 14:00:48,337,505,366,0
2026-07-19 14:00:49,361,513,377,0
2026-07-19 14:00:50,345,529,397,0
2026-07-19 14:00:51,329,503,433,0
2026-07-19 14:00:52,351,517,424,0
2026-07-19 14:00:53,329,502,456,0
2026-07-19 14:00:54,317,489,466,0
2026-07-19 14:00:55,283,493,472,0
2026-07-19 14:00:56,293,518,467,0
2026-07-19 14:00:57,271,500,482,0
2026-07-19 14:00:58,279,500,455,0
2026-07-19 14:00:59,333,489,462,0
2026-07-19 14:01:00,364,494,451,0
2026-07-19 14:01:01,356,509,412,0
2026-07-19 14:01:02,346,490,387,0
2026-07-19 14:01:03,372,521,421,0
2026-07-19 14:01:04,346,509,416,0
2026-07-19 14:01:05,358,493,425,0
2026-07-19 14:01:06,381,512,467,0
2026-07-19 14:01:07,347,498,444,0
2026-07-19 14:01:08,365,506,443,0
2026-07-19 14:01:09,318,501,446,0
2026-07-19 14:01:10,267,496,451,0
2026-07-19 14:01:11,279,505,463,0
2026-07-19 14:01:12,274,498,448,0
2026-07-19 14:01:13,334,510,456,0
2026-07-19 14:01:14,313,503,431,0
2026-07-19 14:01:15,340,503,407,0
2026-07-19 14:01:16,321,509,403,0
2026-07-19 14:01:17,340,504,371,0
2026-07-19 14:01:18,347,505,385,0
2026-07-19 14:01:19,300,499,402,0
2026-07-19 14:01:20,329,522,434,0
2026-07-19 14:01:21,345,525,427,0
2026-07-19 14:01:22,362,529,438,0
2026-07-19 14:01:23,313,478,459,0
2026-07-19 14:01:24,278,507,440,0
2026-07-19 14:01:25,249,492,470,0
2026-07-19 14:01:26,288,488,484,0
2026-07-19 14:01:27,290,499,442,0
2026-07-19 14:01:28,302,490,447,0
2026-07-19 14:01:29,334,501,480,0
2026-07-19 14:01:30,348,492,458,0
2026-07-19 14:01:31,339,495,406,0
2026-07-19 14:01:32,338,518,367,0
2026-07-19 14:01:33,371,528,416,0
2026-07-19 14:01:34,369,505,383,0
2026-07-19 14:01:35,337,511,450,0
2026-07-19 14:01:36,356,499,451,0
2026-07-19 14:01:37,389,497,463,0
2026-07-19 14:01:38,374,511,450,0
2026-07-19 14:01:39,303,513,459,0
2026-07-19 14:01:40,283,505,450,0
2026-07-19 14:01:41,299,506,453,0
2026-07-19 14:01:42,277,499,460,0
2026-07-19 14:01:43,301,500,465,0
2026-07-19 14:01:44,307,507,448,0
2026-07-19 14:01:45,363,500,425,0
2026-07-19 14:01:46,350,498,390,0
2026-07-19 14:01:47,326,497,384,0
2026-07-19 14:01:48,330,510,373,0
2026-07-19 14:01:49,349,521,375,0
2026-07-19 14:01:50,387,496,378,0
2026-07-19 14:01:51,375,513,424,0
2026-07-19 14:01:52,342,486,430,0
2026-07-19 14:01:53,363,478,438,0
2026-07-19 14:01:54,356,506,457,0
2026-07-19 14:01:55,303,501,466,0
2026-07-19 14:01:56,296,501,456,0
2026-07-19 14:01:57,282,485,456,0
2026-07-19 14:01:58,255,478,473,0
2026-07-19 14:01:59,284,487,454,0
2026-07-19 14:02:00,297,519,487,0
2026-07-19 14:02:01,334,507,444,0
2026-07-19 14:02:02,338,500,442,0
2026-07-19 14:02:03,371,519,456,0
2026-07-19 14:02:04,366,495,404,0
2026-07-19 14:02:05,361,523,426,0
2026-07-19 14:02:06,369,514,411,0
2026-07-19 14:02:07,367,519,463,0
2026-07-19 14:02:08,354,518,458,0
2026-07-19 14:02:09,383,518,449,0
2026-07-19 14:02:10,361,509,445,0
2026-07-19 14:02:11,330,509,457,0
2026-07-19 14:02:12,285,515,460,0
2026-07-19 14:02:13,274,494,466,0
2026-07-19 14:02:14,270,491,444,0
2026-07-19 14:02:15,290,507,464,0
2026-07-19 14:02:16,279,502,444,0
2026-07-19 14:02:17,293,497,468,0
2026-07-19 14:02:18,274,495,442,0
2026-07-19 14:02:19,289,494,449,0
2026-07-19 14:02:20,321,497,456,0
2026-07-19 14:02:21,287,505,438,0
2026-07-19 14:02:22,302,495,464,0
2026-07-19 14:02:23,302,506,469,0
2026-07-19 14:02:24,285,494,434,0
2026-07-19 14:02:25,274,507,441,0
2026-07-19 14:02:26,259,496,458,0
2026-07-19 14:02:27,286,506,466,0
2026-07-19 14:02:28,289,499,442,0
2026-07-19 14:02:29,267,513,432,0
2026-07-19 14:02:30,315,511,451,0
2026-07-19 14:02:31,373,510,453,0
2026-07-19 14:02:32,380,493,463,0
2026-07-19 14:02:33,371,499,472,0
2026-07-19 14:02:34,360,515,440,0
2026-07-19 14:02:35,354,512,432,0
2026-07-19 14:02:36,382,498,416,0
2026-07-19 14:02:37,362,511,431,0
2026-07-19 14:02:38,360,499,416,0
2026-07-19 14:02:39,370,493,478,0
2026-07-19 14:02:40,366,489,452,0
2026-07-19 14:02:41,316,486,452,0
2026-07-19 14:02:42,293,496,457,0
2026-07-19 14:02:43,266,503,485,0
2026-07-19 14:02:44,252,494,454,0
2026-07-19 14:02:45,261,519,445,0
2026-07-19 14:02:46,244,489,467,0
2026-07-19 14:02:47,257,491,446,0
2026-07-19 14:02:48,268,519,439,0
2026-07-19 14:02:49,275,498,456,0
2026-07-19 14:02:50,294,503,460,0
2026-07-19 14:02:51,309,513,455,0
2026-07-19 14:02:52,338,534,440,0
2026-07-19 14:02:53,342,518,451,0
2026-07-19 14:02:54,371,501,448,0
2026-07-19 14:02:55,327,485,441,0
2026-07-19 14:02:56,330,515,450,0
2026-07-19 14:02:57,344,490,440,0
2026-07-19 14:02:58,359,509,450,0
2026-07-19 14:02:59,366,518,443,0
2026-07-19 14:03:00,330,519,434,0
2026-07-19 14:03:01,372,516,416,0
2026-07-19 14:03:02,337,506,399,0
2026-07-19 14:03:03,357,507,403,0
2026-07-19 14:03:04,345,520,414,0
2026-07-19 14:03:05,335,518,384,0
2026-07-19 14:03:06,345,512,364,0
2026-07-19 14:03:07,334,514,392,0
2026-07-19 14:03:08,330,522,378,0
2026-07-19 14:03:09,365,507,390,0
2026-07-19 14:03:10,353,517,390,0
2026-07-19 14:03:11,353,498,392,0
2026-07-19 14:03:12,336,494,395,0
2026-07-19 14:03:13,340,486,389,0
2026-07-19 14:03:14,358,511,371,0
2026-07-19 14:03:15,337,496,384,0
2026-07-19 14:03:16,330,504,381,0
2026-07-19 14:03:17,337,510,402,0
2026-07-19 14:03:18,318,500,406,0
2026-07-19 14:03:19,344,495,420,0
2026-07-19 14:03:20,367,508,423,0
2026-07-19 14:03:21,354,508,436,0
2026-07-19 14:03:22,331,504,409,0
2026-07-19 14:03:23,351,495,433,0
2026-07-19 14:03:24,322,507,440,0
2026-07-19 14:03:25,332,511,447,0
2026-07-19 14:03:26,341,510,444,0
2026-07-19 14:03:27,336,495,452,0
2026-07-19 14:03:28,324,502,458,0
2026-07-19 14:03:29,362,509,456,0
2026-07-19 14:03:30,288,506,459,0
2026-07-19 14:03:31,289,499,454,0
2026-07-19 14:03:32,307,495,450,0
2026-07-19 14:03:33,340,497,454,0
2026-07-19 14:03:34,312,508,469,0
2026-07-19 14:03:35,326,504,442,0
2026-07-19 14:03:36,364,500,445,0
2026-07-19 14:03:37,344,508,460,0
2026-07-19 14:03:38,334,503,440,0
2026-07-19 14:03:39,322,499,443,0
2026-07-19 14:03:40,350,503,416,0
2026-07-19 14:03:41,336,503,402,0
2026-07-19 14:03:42,347,497,419,0
2026-07-19 14:03:43,321,492,384,0
2026-07-19 14:03:44,358,505,394,0
2026-07-19 14:03:45,355,515,390,0
2026-07-19 14:03:46,357,496,391,0
2026-07-19 14:03:47,341,512,376,0
2026-07-19 14:03:48,329,510,391,0
2026-07-19 14:03:49,332,509,386,0
2026-07-19 14:03:50,337,512,406,0
2026-07-19 14:03:51,318,516,417,0
2026-07-19 14:03:52,352,513,439,0
2026-07-19 14:03:53,359,485,433,0
2026-07-19 14:03:54,365,507,429,0
2026-07-19 14:03:55,338,501,448,0
2026-07-19 14:03:56,319,506,465,0
2026-07-19 14:03:57,286,516,456,0
2026-07-19 14:03:58,292,500,487,0
2026-07-19 14:03:59,277,488,478,0
2026-07-19 14:04:00,274,493,485,0
2026-07-19 14:04:01,275,497,482,0
2026-07-19 14:04:02,327,499,481,0
2026-07-19 14:04:03,321,496,448,0
2026-07-19 14:04:04,367,495,433,0
2026-07-19 14:04:05,343,494,423,0
2026-07-19 14:04:06,385,522,438,0
2026-07-19 14:04:07,360,488,421,0
2026-07-19 14:04:08,349,513,417,0
2026-07-19 14:04:09,375,505,430,0
2026-07-19 14:04:10,352,509,421,0
2026-07-19 14:04:11,371,513,447,0
2026-07-19 14:04:12,375,499,444,0
2026-07-19 14:04:13,334,495,431,0
2026-07-19 14:04:14,401,487,427,0
2026-07-19 14:04:15,384,489,457,0
2026-07-19 14:04:16,364,499,458,0
2026-07-19 14:04:17,343,530,447,0
2026-07-19 14:04:18,362,517,444,0
2026-07-19 14:04:19,319,494,451,0
2026-07-19 14:04:20,350,514,461,0
2026-07-19 14:04:21,357,500,448,0
2026-07-19 14:04:22,380,512,450,0
2026-07-19 14:04:23,349,491,456,0
2026-07-19 14:04:24,380,508,445,0
2026-07-19 14:04:25,359,503,452,0
2026-07-19 14:04:26,379,516,440,0
2026-07-19 14:04:27,381,517,460,0
2026-07-19 14:04:28,354,517,440,0
2026-07-19 14:04:29,351,514,423,0
2026-07-19 14:04:30,356,499,418,0
2026-07-19 14:04:31,360,495,429,0
2026-07-19 14:04:32,357,515,413,0
2026-07-19 14:04:33,364,516,417,0
2026-07-19 14:04:34,346,513,398,0
2026-07-19 14:04:35,369,497,476,0
2026-07-19 14:04:36,344,492,476,0
2026-07-19 14:04:37,341,492,481,0
2026-07-19 14:04:38,307,497,473,0
2026-07-19 14:04:39,266,497,467,0
2026-07-19 14:04:40,282,523,463,0
2026-07-19 14:04:41,251,484,450,0
2026-07-19 14:04:42,285,484,432,0
2026-07-19 14:04:43,335,481,436,0
2026-07-19 14:04:44,347,523,440,0
2026-07-19 14:04:45,346,500,424,0
2026-07-19 14:04:46,321,514,439,0
2026-07-19 14:04:47,373,499,418,0
2026-07-19 14:04:48,343,520,397,0
2026-07-19 14:04:49,335,516,375,0
2026-07-19 14:04:50,337,515,383,0
2026-07-19 14:04:51,344,506,399,0
2026-07-19 14:04:52,325,497,426,0
2026-07-19 14:04:53,307,506,458,0
2026-07-19 14:04:54,288,500,453,0
2026-07-19 14:04:55,259,499,442,0
2026-07-19 14:04:56,262,502,443,0
2026-07-19 14:04:57,288,503,447,0
2026-07-19 14:04:58,328,489,447,0
2026-07-19 14:04:59,378,520,448,0
2026-07-19 14:05:00,353,520,445,0
2026-07-19 14:05:01,363,517,443,0
2026-07-19 14:05:02,367,509,436,0
2026-07-19 14:05:03,349,505,430,0
2026-07-19 14:05:04,354,517,399,0
2026-07-19 14:05:05,340,502,413,0
2026-07-19 14:05:06,334,496,462,0
2026-07-19 14:05:07,339,496,445,0
2026-07-19 14:05:08,307,489,457,0
2026-07-19 14:05:09,279,491,465,0
2026-07-19 14:05:10,266,514,459,0
2026-07-19 14:05:11,263,492,437,0
2026-07-19 14:05:12,301,505,456,0
2026-07-19 14:05:13,333,521,425,0
2026-07-19 14:05:14,332,497,466,0
2026-07-19 14:05:15,322,498,428,0
2026-07-19 14:05:16,359,505,438,0
2026-07-19 14:05:17,340,515,391,0
2026-07-19 14:05:18,312,521,392,0
2026-07-19 14:05:19,358,511,374,0
2026-07-19 14:05:20,343,490,381,0
2026-07-19 14:05:21,340,501,455,0
2026-07-19 14:05:22,304,497,433,0
2026-07-19 14:05:23,310,497,449,0
2026-07-19 14:05:24,282,505,460,0
2026-07-19 14:05:25,282,495,441,0
2026-07-19 14:05:26,281,490,451,0
2026-07-19 14:05:27,292,517,443,0
2026-07-19 14:05:28,307,496,449,0
2026-07-19 14:05:29,368,520,445,0
2026-07-19 14:05:30,354,519,461,0
2026-07-19 14:05:31,339,503,469,0
2026-07-19 14:05:32,342,484,459,0
2026-07-19 14:05:33,352,520,409,0
2026-07-19 14:05:34,347,494,397,0
2026-07-19 14:05:35,345,495,429,0
2026-07-19 14:05:36,388,494,421,0
2026-07-19 14:05:37,325,497,430,0
2026-07-19 14:05:38,311,490,445,0
2026-07-19 14:05:39,305,491,444,0
2026-07-19 14:05:40,266,491,452,0
2026-07-19 14:05:41,262,505,460,0
2026-07-19 14:05:42,281,512,455,0
2026-07-19 14:05:43,286,497,474,0
2026-07-19 14:05:44,307,500,450,0
2026-07-19 14:05:45,336,501,461,0
2026-07-19 14:05:46,326,507,442,0
2026-07-19 14:05:47,365,518,442,0
2026-07-19 14:05:48,375,518,434,0
2026-07-19 14:05:49,342,505,418,0
2026-07-19 14:05:50,355,511,387,0
2026-07-19 14:05:51,350,506,367,0
2026-07-19 14:05:52,334,514,371,0
2026-07-19 14:05:53,362,520,383,0
2026-07-19 14:05:54,337,497,407,0
2026-07-19 14:05:55,320,507,399,0
2026-07-19 14:05:56,360,513,426,0
2026-07-19 14:05:57,335,499,448,0
2026-07-19 14:05:58,324,507,447,0
2026-07-19 14:05:59,295,508,474,0
2026-07-19 14:06:00,297,496,456,0
2026-07-19 14:06:01,298,500,468,0
2026-07-19 14:06:02,283,505,443,0
2026-07-19 14:06:03,281,506,453,0
2026-07-19 14:06:04,273,495,454,0
2026-07-19 14:06:05,270,499,447,0
2026-07-19 14:06:06,278,502,440,0
2026-07-19 14:06:07,304,497,444,0
2026-07-19 14:06:08,285,499,454,0
2026-07-19 14:06:09,339,498,440,0
2026-07-19 14:06:10,331,504,462,0
2026-07-19 14:06:11,343,497,435,0
2026-07-19 14:06:12,289,492,423,0
2026-07-19 14:06:13,318,503,413,0
2026-07-19 14:06:14,363,504,364,0
2026-07-19 14:06:15,360,512,388,0
2026-07-19 14:06:16,327,510,387,0
2026-07-19 14:06:17,362,510,379,0
2026-07-19 14:06:18,347,508,385,0
2026-07-19 14:06:19,353,505,401,0
2026-07-19 14:06:20,328,515,411,0
2026-07-19 14:06:21,354,502,435,0
2026-07-19 14:06:22,346,502,449,0
2026-07-19 14:06:23,371,516,443,0
2026-07-19 14:06:24,310,514,445,0
2026-07-19 14:06:25,350,502,429,0
2026-07-19 14:06:26,325,513,453,0
2026-07-19 14:06:27,283,497,450,0
2026-07-19 14:06:28,283,485,466,0
2026-07-19 14:06:29,255,524,481,0
2026-07-19 14:06:30,293,511,496,0
2026-07-19 14:06:31,281,491,475,0
2026-07-19 14:06:32,349,495,476,0
2026-07-19 14:06:33,342,492,479,0
2026-07-19 14:06:34,356,494,413,0
2026-07-19 14:06:35,337,495,386,0
2026-07-19 14:06:36,347,502,400,0
2026-07-19 14:06:37,363,500,386,0
2026-07-19 14:06:38,355,505,413,0
2026-07-19 14:06:39,346,510,469,0
2026-07-19 14:06:40,354,505,453,0
2026-07-19 14:06:41,351,517,437,0
2026-07-19 14:06:42,357,499,440,0
2026-07-19 14:06:43,356,517,456,0
2026-07-19 14:06:44,330,499,439,0
2026-07-19 14:06:45,314,518,440,0
2026-07-19 14:06:46,265,526,441,0
2026-07-19 14:06:47,299,498,442,0
2026-07-19 14:06:48,269,500,459,0
2026-07-19 14:06:49,305,505,459,0
2026-07-19 14:06:50,288,495,459,0
2026-07-19 14:06:51,309,499,432,0
2026-07-19 14:06:52,339,495,439,0
2026-07-19 14:06:53,347,494,439,0
2026-07-19 14:06:54,325,503,418,0
2026-07-19 14:06:55,338,507,394,0
2026-07-19 14:06:56,337,507,380,0
2026-07-19 14:06:57,353,491,392,0
2026-07-19 14:06:58,341,505,390,0
2026-07-19 14:06:59,333,535,367,0
2026-07-19 14:07:00,330,517,390,0
2026-07-19 14:07:01,335,513,396,0
2026-07-19 14:07:02,375,512,374,0
2026-07-19 14:07:03,335,501,371,0
2026-07-19 14:07:04,325,508,375,0
2026-07-19 14:07:05,329,502,380,0
2026-07-19 14:07:06,319,517,380,0
2026-07-19 14:07:07,366,520,396,0
2026-07-19 14:07:08,327,503,379,0
2026-07-19 14:07:09,346,496,393,0
2026-07-19 14:07:10,325,512,377,0
2026-07-19 14:07:11,346,498,389,0
2026-07-19 14:07:12,301,507,458,0
2026-07-19 14:07:13,289,497,464,0
2026-07-19 14:07:14,267,496,435,0
2026-07-19 14:07:15,289,486,444,0
2026-07-19 14:07:16,321,509,445,0
2026-07-19 14:07:17,366,496,462,0
2026-07-19 14:07:18,356,521,415,0
2026-07-19 14:07:19,364,492,427,0
2026-07-19 14:07:20,342,508,395,0
2026-07-19 14:07:21,361,504,418,0
2026-07-19 14:07:22,347,486,418,0
2026-07-19 14:07:23,325,502,421,0
2026-07-19 14:07:24,320,493,478,0
2026-07-19 14:07:25,308,489,482,0
2026-07-19 14:07:26,275,519,495,0
2026-07-19 14:07:27,283,514,468,0
2026-07-19 14:07:28,276,508,463,0
2026-07-19 14:07:29,280,498,442,0
2026-07-19 14:07:30,315,500,435,0
2026-07-19 14:07:31,332,491,441,0
2026-07-19 14:07:32,362,528,442,0
2026-07-19 14:07:33,336,517,437,0
2026-07-19 14:07:34,346,499,411,0
2026-07-19 14:07:35,343,510,398,0
2026-07-19 14:07:36,333,515,379,0
2026-07-19 14:07:37,325,517,398,0
2026-07-19 14:07:38,354,514,377,0
2026-07-19 14:07:39,352,506,392,0
2026-07-19 14:07:40,321,497,445,0
2026-07-19 14:07:41,300,503,459,0
2026-07-19 14:07:42,283,500,467,0
2026-07-19 14:07:43,269,495,444,0
2026-07-19 14:07:44,316,507,430,0
2026-07-19 14:07:45,281,495,456,0
2026-07-19 14:07:46,307,495,436,0
2026-07-19 14:07:47,353,491,448,0
2026-07-19 14:07:48,378,510,430,0
2026-07-19 14:07:49,352,520,431,0
2026-07-19 14:07:50,369,500,447,0
2026-07-19 14:07:51,354,513,439,0
2026-07-19 14:07:52,371,513,417,0
2026-07-19 14:07:53,357,527,385,0
2026-07-19 14:07:54,339,511,403,0
2026-07-19 14:07:55,358,512,418,0
2026-07-19 14:07:56,341,510,428,0
2026-07-19 14:07:57,336,486,419,0
2026-07-19 14:07:58,338,525,424,0
2026-07-19 14:07:59,350,517,397,0
2026-07-19 14:08:00,343,499,417,0
2026-07-19 14:08:01,337,517,431,0
2026-07-19 14:08:02,366,511,404,0
2026-07-19 14:08:03,355,509,399,0
2026-07-19 14:08:04,352,508,427,0
2026-07-19 14:08:05,344,498,407,0
2026-07-19 14:08:06,363,511,416,0
2026-07-19 14:08:07,333,513,431,0
2026-07-19 14:08:08,351,500,404,0
2026-07-19 14:08:09,384,521,418,0
2026-07-19 14:08:10,376,522,466,0
2026-07-19 14:08:11,351,516,446,0
2026-07-19 14:08:12,375,501,449,0
2026-07-19 14:08:13,372,501,480,0
2026-07-19 14:08:14,334,525,449,0
2026-07-19 14:08:15,376,512,455,0
2026-07-19 14:08:16,353,509,443,0
2026-07-19 14:08:17,368,505,458,0
2026-07-19 14:08:18,354,515,457,0
2026-07-19 14:08:19,369,494,436,0
2026-07-19 14:08:20,356,514,440,0
2026-07-19 14:08:21,345,504,463,0
2026-07-19 14:08:22,322,488,445,0
2026-07-19 14:08:23,325,510,450,0
2026-07-19 14:08:24,315,501,457,0
2026-07-19 14:08:25,286,507,451,0
2026-07-19 14:08:26,270,486,446,0
2026-07-19 14:08:27,293,487,453,0
2026-07-19 14:08:28,299,505,452,0
2026-07-19 14:08:29,277,512,465,0
2026-07-19 14:08:30,276,515,454,0
2026-07-19 14:08:31,277,498,440,0
2026-07-19 14:08:32,274,498,453,0
2026-07-19 14:08:33,294,503,454,0
2026-07-19 14:08:34,266,502,462,0
2026-07-19 14:08:35,287,497,466,0
2026-07-19 14:08:36,282,500,458,0
2026-07-19 14:08:37,287,497,448,0
2026-07-19 14:08:38,287,491,450,0
2026-07-19 14:08:39,299,486,463,0
2026-07-19 14:08:40,299,501,457,0
2026-07-19 14:08:41,326,499,443,0
2026-07-19 14:08:42,340,502,440,0
2026-07-19 14:08:43,336,506,425,0
2026-07-19 14:08:44,372,509,384,0
2026-07-19 14:08:45,327,501,395,0
2026-07-19 14:08:46,325,508,385,0
2026-07-19 14:08:47,340,517,391,0
2026-07-19 14:08:48,338,499,398,0
2026-07-19 14:08:49,363,517,409,0
2026-07-19 14:08:50,335,502,444,0
2026-07-19 14:08:51,352,498,444,0
2026-07-19 14:08:52,331,497,451,0
2026-07-19 14:08:53,305,500,464,0
2026-07-19 14:08:54,296,481,464,0
2026-07-19 14:08:55,280,502,466,0
2026-07-19 14:08:56,285,495,489,0
2026-07-19 14:08:57,277,490,458,0
2026-07-19 14:08:58,308,488,484,0
2026-07-19 14:08:59,338,496,449,0
2026-07-19 14:09:00,330,489,451,0
2026-07-19 14:09:01,346,491,425,0
2026-07-19 14:09:02,356,519,392,0
2026-07-19 14:09:03,345,498,409,0
2026-07-19 14:09:04,348,509,402,0
2026-07-19 14:09:05,363,520,431,0
2026-07-19 14:09:06,384,509,447,0
2026-07-19 14:09:07,361,516,463,0
2026-07-19 14:09:08,376,515,460,0
2026-07-19 14:09:09,349,529,448,0
2026-07-19 14:09:10,309,491,443,0
2026-07-19 14:09:11,292,518,458,0
2026-07-19 14:09:12,279,509,443,0
2026-07-19 14:09:13,272,499,446,0
2026-07-19 14:09:14,264,501,456,0
2026-07-19 14:09:15,308,493,453,0
2026-07-19 14:09:16,318,505,432,0
2026-07-19 14:09:17,322,495,391,0
2026-07-19 14:09:18,319,494,388,0
2026-07-19 14:09:19,365,508,391,0
2026-07-19 14:09:20,333,506,388,0
2026-07-19 14:09:21,362,509,384,0
2026-07-19 14:09:22,368,523,438,0
2026-07-19 14:09:23,355,514,425,0
2026-07-19 14:09:24,348,508,437,0
2026-07-19 14:09:25,336,522,425,0
2026-07-19 14:09:26,314,497,449,0
2026-07-19 14:09:27,285,498,455,0
2026-07-19 14:09:28,263,484,460,0
2026-07-19 14:09:29,284,482,456,0
2026-07-19 14:09:30,287,495,500,0
2026-07-19 14:09:31,292,492,457,0
2026-07-19 14:09:32,329,493,459,0
2026-07-19 14:09:33,355,488,452,0
2026-07-19 14:09:34,354,508,427,0
2026-07-19 14:09:35,353,494,411,0
2026-07-19 14:09:36,350,514,414,0
2026-07-19 14:09:37,372,491,405,0
2026-07-19 14:09:38,360,524,428,0
2026-07-19 14:09:39,363,505,449,0
2026-07-19 14:09:40,349,502,468,0
2026-07-19 14:09:41,353,518,450,0
2026-07-19 14:09:42,338,517,448,0
2026-07-19 14:09:43,313,526,457,0
2026-07-19 14:09:44,269,510,425,0
2026-07-19 14:09:45,270,516,455,0
2026-07-19 14:09:46,285,508,444,0
2026-07-19 14:09:47,259,497,455,0
2026-07-19 14:09:48,286,492,435,0
2026-07-19 14:09:49,289,503,464,0
2026-07-19 14:09:50,289,494,436,0
2026-07-19 14:09:51,287,502,459,0
2026-07-19 14:09:52,271,492,453,0
2026-07-19 14:09:53,285,503,437,0
2026-07-19 14:09:54,275,494,437,0
2026-07-19 14:09:55,285,502,467,0
2026-07-19 14:09:56,292,503,450,0
2026-07-19 14:09:57,301,505,463,0
2026-07-19 14:09:58,318,497,447,0
2026-07-19 14:09:59,324,499,436,0
2026-07-19 14:10:00,363,497,435,0
2026-07-19 14:10:01,312,505,408,0
2026-07-19 14:10:02,327,501,407,0
2026-07-19 14:10:03,332,510,386,0
2026-07-19 14:10:04,297,499,377,0
2026-07-19 14:10:05,364,507,387,0
2026-07-19 14:10:06,323,518,394,0
2026-07-19 14:10:07,356,518,379,0
2026-07-19 14:10:08,324,504,386,0
2026-07-19 14:10:09,355,505,395,0
2026-07-19 14:10:10,358,507,375,0
2026-07-19 14:10:11,342,519,390,0
2026-07-19 14:10:12,350,512,372,0
2026-07-19 14:10:13,334,513,392,0
2026-07-19 14:10:14,314,502,415,0
2026-07-19 14:10:15,349,520,394,0
2026-07-19 14:10:16,328,531,427,0
2026-07-19 14:10:17,346,505,443,0
2026-07-19 14:10:18,344,490,426,0
2026-07-19 14:10:19,341,533,434,0
2026-07-19 14:10:20,347,509,433,0
2026-07-19 14:10:21,341,501,451,0
2026-07-19 14:10:22,316,491,437,0
2026-07-19 14:10:23,288,497,444,0
2026-07-19 14:10:24,279,503,469,0
2026-07-19 14:10:25,288,498,461,0
2026-07-19 14:10:26,253,485,475,0
2026-07-19 14:10:27,269,505,445,0
2026-07-19 14:10:28,255,488,451,0
2026-07-19 14:10:29,270,523,469,0
2026-07-19 14:10:30,260,481,460,0
2026-07-19 14:10:31,280,493,512,0
2026-07-19 14:10:32,309,504,514,0
2026-07-19 14:10:33,333,498,485,0
2026-07-19 14:10:34,354,504,471,0
2026-07-19 14:10:35,348,493,439,0
2026-07-19 14:10:36,342,492,389,0
2026-07-19 14:10:37,349,499,403,0
2026-07-19 14:10:38,359,515,429,0
2026-07-19 14:10:39,336,506,460,0
2026-07-19 14:10:40,356,484,449,0
2026-07-19 14:10:41,367,512,443,0
2026-07-19 14:10:42,359,494,445,0
2026-07-19 14:10:43,314,494,451,0
2026-07-19 14:10:44,295,490,443,0
2026-07-19 14:10:45,269,513,446,0
2026-07-19 14:10:46,283,494,451,0
2026-07-19 14:10:47,284,501,460,0
2026-07-19 14:10:48,307,498,465,0
2026-07-19 14:10:49,339,501,442,0
2026-07-19 14:10:50,342,505,387,0
2026-07-19 14:10:51,329,500,373,0
2026-07-19 14:10:52,336,505,384,0
2026-07-19 14:10:53,373,512,393,0
2026-07-19 14:10:54,342,497,394,0
2026-07-19 14:10:55,346,505,423,0
2026-07-19 14:10:56,329,504,435,0
2026-07-19 14:10:57,343,497,439,0
2026-07-19 14:10:58,308,508,446,0
2026-07-19 14:10:59,280,513,459,0
2026-07-19 14:11:00,268,484,454,0
2026-07-19 14:11:01,263,486,483,0
2026-07-19 14:11:02,265,488,510,0
2026-07-19 14:11:03,279,493,471,0
2026-07-19 14:11:04,319,502,460,0
2026-07-19 14:11:05,319,494,429,0
2026-07-19 14:11:06,352,502,438,0
2026-07-19 14:11:07,336,519,412,0
2026-07-19 14:11:08,346,486,400,0
2026-07-19 14:11:09,345,502,407,0
2026-07-19 14:11:10,350,493,422,0
2026-07-19 14:11:11,344,513,416,0
2026-07-19 14:11:12,347,499,471,0
2026-07-19 14:11:13,353,511,461,0
2026-07-19 14:11:14,341,499,446,0
2026-07-19 14:11:15,340,503,443,0
2026-07-19 14:11:16,302,494,443,0
2026-07-19 14:11:17,285,488,456,0
2026-07-19 14:11:18,300,508,441,0
2026-07-19 14:11:19,299,495,450,0
2026-07-19 14:11:20,273,492,443,0
2026-07-19 14:11:21,306,499,447,0
2026-07-19 14:11:22,331,496,444,0
2026-07-19 14:11:23,368,505,415,0
2026-07-19 14:11:24,318,505,440,0
2026-07-19 14:11:25,346,501,372,0
2026-07-19 14:11:26,329,507,363,0
2026-07-19 14:11:27,356,507,407,0
2026-07-19 14:11:28,341,497,392,0
2026-07-19 14:11:29,352,505,425,0
2026-07-19 14:11:30,344,506,431,0
2026-07-19 14:11:31,364,501,417,0
2026-07-19 14:11:32,368,511,458,0
2026-07-19 14:11:33,309,496,466,0
2026-07-19 14:11:34,274,509,451,0
2026-07-19 14:11:35,289,514,472,0
2026-07-19 14:11:36,248,508,455,0
2026-07-19 14:11:37,285,495,494,0
2026-07-19 14:11:38,323,500,477,0
2026-07-19 14:11:39,326,498,455,0
2026-07-19 14:11:40,362,507,414,0
2026-07-19 14:11:41,349,496,433,0
2026-07-19 14:11:42,357,497,451,0
2026-07-19 14:11:43,348,499,441,0
2026-07-19 14:11:44,358,508,403,0
2026-07-19 14:11:45,353,504,404,0
2026-07-19 14:11:46,346,493,421,0
2026-07-19 14:11:47,365,515,456,0
2026-07-19 14:11:48,390,511,447,0
2026-07-19 14:11:49,356,493,460,0
2026-07-19 14:11:50,335,522,445,0
2026-07-19 14:11:51,273,493,449,0
2026-07-19 14:11:52,262,510,463,0
2026-07-19 14:11:53,271,503,426,0
2026-07-19 14:11:54,291,503,451,0
2026-07-19 14:11:55,318,500,457,0
2026-07-19 14:11:56,336,505,445,0
2026-07-19 14:11:57,333,496,397,0
2026-07-19 14:11:58,370,500,374,0
2026-07-19 14:11:59,325,489,375,0
2026-07-19 14:12:00,346,497,368,0
2026-07-19 14:12:01,352,490,394,0
2026-07-19 14:12:02,334,509,440,0
2026-07-19 14:12:03,368,503,442,0
2026-07-19 14:12:04,367,494,446,0
2026-07-19 14:12:05,344,503,440,0
2026-07-19 14:12:06,306,492,456,0
2026-07-19 14:12:07,293,512,462,0
2026-07-19 14:12:08,265,506,441,0
2026-07-19 14:12:09,286,491,470,0
2026-07-19 14:12:10,258,501,479,0
2026-07-19 14:12:11,280,492,474,0
2026-07-19 14:12:12,352,514,447,0
2026-07-19 14:12:13,370,505,427,0
2026-07-19 14:12:14,340,520,410,0
2026-07-19 14:12:15,320,514,432,0
2026-07-19 14:12:16,349,501,401,0
2026-07-19 14:12:17,326,499,407,0
2026-07-19 14:12:18,365,495,456,0
2026-07-19 14:12:19,352,518,470,0
2026-07-19 14:12:20,388,489,441,0
2026-07-19 14:12:21,343,496,446,0
2026-07-19 14:12:22,318,519,450,0
2026-07-19 14:12:23,299,515,445,0
2026-07-19 14:12:24,282,503,443,0
2026-07-19 14:12:25,294,506,451,0
2026-07-19 14:12:26,283,501,441,0
2026-07-19 14:12:27,324,507,460,0
2026-07-19 14:12:28,297,500,457,0
2026-07-19 14:12:29,317,500,408,0
2026-07-19 14:12:30,343,512,401,0
2026-07-19 14:12:31,331,501,402,0
2026-07-19 14:12:32,349,498,374,0
2026-07-19 14:12:33,343,505,379,0
2026-07-19 14:12:34,357,518,382,0
2026-07-19 14:12:35,343,507,425,0
2026-07-19 14:12:36,355,479,420,0
2026-07-19 14:12:37,354,502,452,0
2026-07-19 14:12:38,349,483,447,0
2026-07-19 14:12:39,346,504,441,0
2026-07-19 14:12:40,339,519,432,0
2026-07-19 14:12:41,315,500,455,0
2026-07-19 14:12:42,285,517,470,0
2026-07-19 14:12:43,280,511,460,0
2026-07-19 14:12:44,270,491,475,0
2026-07-19 14:12:45,269,511,462,0
2026-07-19 14:12:46,280,510,488,0
2026-07-19 14:12:47,282,494,509,0
2026-07-19 14:12:48,331,504,481,0
2026-07-19 14:12:49,348,491,430,0
2026-07-19 14:12:50,362,498,442,0
2026-07-19 14:12:51,376,505,433,0
2026-07-19 14:12:52,363,497,415,0
2026-07-19 14:12:53,355,496,413,0
2026-07-19 14:12:54,356,500,428,0
2026-07-19 14:12:55,361,491,430,0
2026-07-19 14:12:56,367,486,434,0
2026-07-19 14:12:57,383,508,447,0
2026-07-19 14:12:58,372,512,446,0
2026-07-19 14:12:59,356,509,449,0
2026-07-19 14:13:00,315,493,436,0
2026-07-19 14:13:01,287,516,445,0
2026-07-19 14:13:02,276,506,448,0
2026-07-19 14:13:03,289,507,450,0
2026-07-19 14:13:04,272,506,450,0
2026-07-19 14:13:05,295,495,442,0
2026-07-19 14:13:06,270,501,462,0
2026-07-19 14:13:07,301,499,456,0
2026-07-19 14:13:08,310,506,448,0
2026-07-19 14:13:09,329,487,427,0
2026-07-19 14:13:10,321,500,419,0
2026-07-19 14:13:11,362,495,397,0
2026-07-19 14:13:12,328,508,375,0
2026-07-19 14:13:13,334,520,385,0
2026-07-19 14:13:14,353,512,391,0
2026-07-19 14:13:15,343,503,403,0
2026-07-19 14:13:16,361,508,423,0
2026-07-19 14:13:17,351,490,443,0
2026-07-19 14:13:18,345,508,432,0
2026-07-19 14:13:19,358,485,451,0
2026-07-19 14:13:20,317,493,444,0
2026-07-19 14:13:21,290,486,458,0
2026-07-19 14:13:22,286,500,466,0
2026-07-19 14:13:23,264,487,485,0
2026-07-19 14:13:24,274,480,476,0
2026-07-19 14:13:25,288,490,442,0
2026-07-19 14:13:26,327,489,506,0
2026-07-19 14:13:27,345,495,436,0
2026-07-19 14:13:28,349,488,477,0
2026-07-19 14:13:29,349,495,407,0
2026-07-19 14:13:30,336,493,425,0
2026-07-19 14:13:31,332,506,434,0
2026-07-19 14:13:32,362,499,446,0
2026-07-19 14:13:33,372,514,413,0
2026-07-19 14:13:34,364,517,413,0
2026-07-19 14:13:35,362,512,412,0
2026-07-19 14:13:36,356,504,417,0
2026-07-19 14:13:37,382,517,411,0
2026-07-19 14:13:38,355,507,416,0
2026-07-19 14:13:39,351,508,386,0
2026-07-19 14:13:40,375,498,393,0
2026-07-19 14:13:41,362,501,405,0
2026-07-19 14:13:42,381,514,398,0
2026-07-19 14:13:43,359,515,413,0
2026-07-19 14:13:44,348,512,412,0
2026-07-19 14:13:45,350,501,430,0
2026-07-19 14:13:46,361,516,440,0
2026-07-19 14:13:47,355,503,449,0
2026-07-19 14:13:48,367,513,431,0
2026-07-19 14:13:49,345,513,462,0
2026-07-19 14:13:50,361,503,426,0
2026-07-19 14:13:51,370,496,421,0
2026-07-19 14:13:52,358,494,440,0
2026-07-19 14:13:53,361,492,440,0
2026-07-19 14:13:54,356,515,436,0
2026-07-19 14:13:55,336,520,426,0
2026-07-19 14:13:56,344,492,444,0
2026-07-19 14:13:57,340,498,429,0
2026-07-19 14:13:58,362,498,422,0
2026-07-19 14:13:59,352,510,399,0
2026-07-19 14:14:00,371,513,410,0
2026-07-19 14:14:01,367,511,450,0
2026-07-19 14:14:02,376,507,429,0
2026-07-19 14:14:03,355,507,432,0
2026-07-19 14:14:04,367,501,468,0
2026-07-19 14:14:05,364,498,451,0
2026-07-19 14:14:06,352,498,439,0
2026-07-19 14:14:07,345,494,448,0
2026-07-19 14:14:08,345,486,450,0
2026-07-19 14:14:09,306,513,453,0
2026-07-19 14:14:10,296,509,458,0
2026-07-19 14:14:11,292,501,444,0
2026-07-19 14:14:12,287,502,448,0
2026-07-19 14:14:13,298,499,466,0
2026-07-19 14:14:14,309,500,462,0
2026-07-19 14:14:15,331,497,441,0
2026-07-19 14:14:16,345,494,415,0
2026-07-19 14:14:17,349,513,387,0
2026-07-19 14:14:18,319,513,376,0
2026-07-19 14:14:19,339,509,375,0
2026-07-19 14:14:20,351,514,394,0
2026-07-19 14:14:21,342,511,432,0
2026-07-19 14:14:22,336,502,456,0
2026-07-19 14:14:23,317,520,433,0
2026-07-19 14:14:24,327,497,440,0
2026-07-19 14:14:25,307,486,448,0
2026-07-19 14:14:26,278,483,451,0
2026-07-19 14:14:27,278,493,472,0
2026-07-19 14:14:28,264,509,470,0
2026-07-19 14:14:29,278,509,462,0
2026-07-19 14:14:30,316,498,466,0
2026-07-19 14:14:31,337,493,490,0
2026-07-19 14:14:32,343,490,451,0
2026-07-19 14:14:33,349,500,417,0
2026-07-19 14:14:34,341,509,405,0
2026-07-19 14:14:35,350,495,423,0
2026-07-19 14:14:36,345,516,394,0
2026-07-19 14:14:37,358,513,413,0
2026-07-19 14:14:38,342,504,434,0
2026-07-19 14:14:39,378,504,450,0
2026-07-19 14:14:40,370,490,448,0
2026-07-19 14:14:41,333,511,448,0
2026-07-19 14:14:42,293,519,446,0
2026-07-19 14:14:43,272,509,436,0
2026-07-19 14:14:44,303,499,464,0
2026-07-19 14:14:45,278,495,454,0
2026-07-19 14:14:46,300,504,467,0
2026-07-19 14:14:47,364,508,418,0
2026-07-19 14:14:48,347,498,398,0
2026-07-19 14:14:49,348,494,393,0
2026-07-19 14:14:50,353,499,381,0
2026-07-19 14:14:51,340,499,376,0
2026-07-19 14:14:52,360,490,396,0
2026-07-19 14:14:53,354,505,428,0
2026-07-19 14:14:54,343,516,441,0
2026-07-19 14:14:55,344,520,446,0
2026-07-19 14:14:56,352,510,435,0
2026-07-19 14:14:57,302,510,443,0
2026-07-19 14:14:58,279,509,473,0
2026-07-19 14:14:59,266,501,477,0
2026-07-19 14:15:00,274,486,483,0
2026-07-19 14:15:01,290,490,473,0
2026-07-19 14:15:02,296,490,452,0
2026-07-19 14:15:03,323,498,498,0
2026-07-19 14:15:04,354,489,428,0
2026-07-19 14:15:05,341,507,424,0
2026-07-19 14:15:06,339,521,397,0
2026-07-19 14:15:07,353,516,407,0
2026-07-19 14:15:08,341,515,389,0
2026-07-19 14:15:09,352,500,441,0
2026-07-19 14:15:10,351,520,481,0
2026-07-19 14:15:11,353,496,453,0
2026-07-19 14:15:12,370,499,460,0
2026-07-19 14:15:13,358,506,447,0
2026-07-19 14:15:14,384,490,450,0
2026-07-19 14:15:15,362,502,450,0
2026-07-19 14:15:16,349,523,464,0
2026-07-19 14:15:17,342,511,449,0
2026-07-19 14:15:18,373,501,451,0
2026-07-19 14:15:19,341,520,461,0
2026-07-19 14:15:20,340,492,451,0
2026-07-19 14:15:21,337,518,445,0
2026-07-19 14:15:22,345,509,464,0
2026-07-19 14:15:23,351,511,455,0
2026-07-19 14:15:24,335,510,456,0
2026-07-19 14:15:25,333,501,464,0
2026-07-19 14:15:26,358,496,450,0
2026-07-19 14:15:27,371,509,457,0
2026-07-19 14:15:28,373,513,445,0
2026-07-19 14:15:29,350,511,455,0
2026-07-19 14:15:30,364,501,451,0
2026-07-19 14:15:31,369,501,468,0
2026-07-19 14:15:32,344,516,470,0
2026-07-19 14:15:33,370,504,439,0
2026-07-19 14:15:34,363,502,423,0
2026-07-19 14:15:35,358,494,428,0
2026-07-19 14:15:36,340,527,406,0
2026-07-19 14:15:37,361,495,395,0
2026-07-19 14:15:38,367,494,419,0
2026-07-19 14:15:39,360,505,402,0
2026-07-19 14:15:40,331,510,413,0
2026-07-19 14:15:41,356,494,415,0
2026-07-19 14:15:42,330,497,432,0
2026-07-19 14:15:43,364,493,463,0
2026-07-19 14:15:44,349,507,489,0
2026-07-19 14:15:45,322,493,500,0
2026-07-19 14:15:46,298,484,503,0
2026-07-19 14:15:47,261,507,476,0
2026-07-19 14:15:48,286,480,502,0
2026-07-19 14:15:49,284,482,488,0
2026-07-19 14:15:50,275,509,457,0
2026-07-19 14:15:51,284,490,468,0
2026-07-19 14:15:52,321,510,448,0
2026-07-19 14:15:53,332,504,455,0
2026-07-19 14:15:54,343,511,426,0
2026-07-19 14:15:55,341,519,428,0
2026-07-19 14:15:56,330,510,400,0
2026-07-19 14:15:57,325,512,386,0
2026-07-19 14:15:58,327,503,381,0
2026-07-19 14:15:59,345,491,395,0
2026-07-19 14:16:00,321,494,418,0
2026-07-19 14:16:01,359,500,436,0
2026-07-19 14:16:02,348,494,447,0
2026-07-19 14:16:03,280,502,441,0
2026-07-19 14:16:04,280,498,459,0
2026-07-19 14:16:05,293,496,463,0
2026-07-19 14:16:06,271,504,448,0
2026-07-19 14:16:07,281,488,433,0
2026-07-19 14:16:08,321,516,445,0
2026-07-19 14:16:09,351,494,441,0
2026-07-19 14:16:10,348,506,458,0
2026-07-19 14:16:11,372,502,445,0
2026-07-19 14:16:12,339,515,454,0
2026-07-19 14:16:13,366,507,411,0
2026-07-19 14:16:14,338,491,440,0
2026-07-19 14:16:15,357,511,420,0
2026-07-19 14:16:16,352,490,395,0
2026-07-19 14:16:17,331,498,438,0
2026-07-19 14:16:18,325,486,447,0
2026-07-19 14:16:19,271,481,459,0
2026-07-19 14:16:20,282,485,462,0
2026-07-19 14:16:21,297,485,478,0
2026-07-19 14:16:22,277,482,443,0
2026-07-19 14:16:23,283,489,452,0
2026-07-19 14:16:24,312,489,441,0
2026-07-19 14:16:25,362,510,436,0
2026-07-19 14:16:26,341,493,440,0
2026-07-19 14:16:27,358,505,434,0
2026-07-19 14:16:28,342,486,390,0
2026-07-19 14:16:29,346,511,382,0
2026-07-19 14:16:30,358,503,391,0
2026-07-19 14:16:31,355,520,382,0
2026-07-19 14:16:32,357,491,400,0
2026-07-19 14:16:33,320,496,414,0
2026-07-19 14:16:34,343,499,460,0
2026-07-19 14:16:35,284,497,454,0
2026-07-19 14:16:36,280,496,457,0
2026-07-19 14:16:37,263,494,441,0
2026-07-19 14:16:38,281,505,442,0
2026-07-19 14:16:39,273,500,444,0
2026-07-19 14:16:40,335,504,442,0
2026-07-19 14:16:41,343,514,438,0
2026-07-19 14:16:42,368,493,448,0
2026-07-19 14:16:43,356,515,453,0
2026-07-19 14:16:44,371,498,430,0
2026-07-19 14:16:45,363,489,433,0
2026-07-19 14:16:46,369,487,408,0
2026-07-19 14:16:47,362,515,418,0
2026-07-19 14:16:48,351,505,413,0
2026-07-19 14:16:49,335,493,462,0
2026-07-19 14:16:50,312,506,482,0
2026-07-19 14:16:51,287,493,457,0
2026-07-19 14:16:52,277,486,478,0
2026-07-19 14:16:53,279,509,471,0
2026-07-19 14:16:54,261,497,452,0
2026-07-19 14:16:55,285,498,469,0
2026-07-19 14:16:56,316,493,447,0
2026-07-19 14:16:57,352,504,449,0
2026-07-19 14:16:58,354,515,432,0
2026-07-19 14:16:59,343,489,447,0
2026-07-19 14:17:00,342,505,406,0
2026-07-19 14:17:01,337,509,372,0
2026-07-19 14:17:02,363,517,383,0
2026-07-19 14:17:03,319,494,383,0
2026-07-19 14:17:04,325,505,426,0
2026-07-19 14:17:05,329,491,452,0
2026-07-19 14:17:06,279,495,446,0
2026-07-19 14:17:07,267,495,452,0
2026-07-19 14:17:08,295,496,455,0
2026-07-19 14:17:09,314,511,444,0
2026-07-19 14:17:10,306,497,455,0
2026-07-19 14:17:11,375,512,463,0
2026-07-19 14:17:12,363,509,473,0
2026-07-19 14:17:13,378,510,474,0
2026-07-19 14:17:14,350,498,405,0
2026-07-19 14:17:15,360,519,417,0
2026-07-19 14:17:16,350,499,424,0
2026-07-19 14:17:17,333,514,410,0
2026-07-19 14:17:18,343,493,459,0
2026-07-19 14:17:19,358,498,481,0
2026-07-19 14:17:20,306,502,461,0
2026-07-19 14:17:21,295,496,445,0
2026-07-19 14:17:22,276,494,475,0
2026-07-19 14:17:23,266,483,466,0
2026-07-19 14:17:24,271,515,462,0
2026-07-19 14:17:25,310,477,428,0
2026-07-19 14:17:26,323,502,440,0
2026-07-19 14:17:27,336,510,453,0
2026-07-19 14:17:28,356,512,435,0
2026-07-19 14:17:29,358,513,382,0
2026-07-19 14:17:30,352,489,380,0
2026-07-19 14:17:31,360,525,393,0
2026-07-19 14:17:32,336,497,409,0
2026-07-19 14:17:33,343,499,422,0
2026-07-19 14:17:34,323,498,453,0
2026-07-19 14:17:35,301,495,458,0
2026-07-19 14:17:36,289,494,441,0
2026-07-19 14:17:37,274,493,463,0
2026-07-19 14:17:38,264,507,453,0
2026-07-19 14:17:39,315,517,456,0
2026-07-19 14:17:40,342,530,444,0
2026-07-19 14:17:41,370,496,442,0
2026-07-19 14:17:42,366,496,468,0
2026-07-19 14:17:43,354,502,421,0
2026-07-19 14:17:44,332,518,406,0
2026-07-19 14:17:45,360,504,406,0
2026-07-19 14:17:46,331,491,414,0
2026-07-19 14:17:47,346,508,419,0
2026-07-19 14:17:48,364,491,468,0
2026-07-19 14:17:49,308,486,461,0
2026-07-19 14:17:50,258,489,500,0
2026-07-19 14:17:51,260,496,473,0
2026-07-19 14:17:52,265,481,439,0
2026-07-19 14:17:53,279,507,479,0
2026-07-19 14:17:54,313,507,439,0
2026-07-19 14:17:55,365,489,435,0
2026-07-19 14:17:56,351,495,446,0
2026-07-19 14:17:57,332,510,431,0
2026-07-19 14:17:58,357,502,394,0
2026-07-19 14:17:59,327,507,383,0
2026-07-19 14:18:00,318,493,377,0
2026-07-19 14:18:01,321,505,390,0
2026-07-19 14:18:02,340,496,428,0
2026-07-19 14:18:03,349,500,448,0
2026-07-19 14:18:04,274,502,439,0
2026-07-19 14:18:05,277,498,441,0
2026-07-19 14:18:06,263,488,451,0
2026-07-19 14:18:07,274,508,457,0
2026-07-19 14:18:08,321,517,451,0
2026-07-19 14:18:09,354,514,460,0
2026-07-19 14:18:10,374,484,456,0
2026-07-19 14:18:11,347,512,452,0
2026-07-19 14:18:12,357,508,446,0
2026-07-19 14:18:13,378,512,407,0
2026-07-19 14:18:14,354,518,383,0
2026-07-19 14:18:15,345,508,384,0
2026-07-19 14:18:16,364,504,408,0
2026-07-19 14:18:17,354,506,449,0
2026-07-19 14:18:18,265,490,458,0
2026-07-19 14:18:19,286,483,478,0
2026-07-19 14:18:20,272,479,460,0
2026-07-19 14:18:21,273,480,451,0
2026-07-19 14:18:22,281,487,448,0
2026-07-19 14:18:23,277,517,440,0
2026-07-19 14:18:24,328,503,447,0
2026-07-19 14:18:25,332,518,431,0
2026-07-19 14:18:26,340,518,433,0
2026-07-19 14:18:27,356,515,433,0
2026-07-19 14:18:28,326,504,383,0
2026-07-19 14:18:29,327,508,398,0
2026-07-19 14:18:30,353,498,402,0
2026-07-19 14:18:31,353,490,388,0
2026-07-19 14:18:32,321,507,394,0
2026-07-19 14:18:33,348,504,423,0
2026-07-19 14:18:34,281,489,456,0
2026-07-19 14:18:35,276,501,458,0
2026-07-19 14:18:36,282,508,424,0
2026-07-19 14:18:37,279,490,438,0
2026-07-19 14:18:38,314,513,470,0
2026-07-19 14:18:39,329,494,453,0
2026-07-19 14:18:40,348,513,457,0
2026-07-19 14:18:41,356,512,448,0
2026-07-19 14:18:42,331,497,439,0
2026-07-19 14:18:43,356,487,439,0
2026-07-19 14:18:44,360,516,452,0
2026-07-19 14:18:45,338,511,455,0
2026-07-19 14:18:46,349,513,451,0
2026-07-19 14:18:47,363,487,449,0
2026-07-19 14:18:48,363,485,465,0
2026-07-19 14:18:49,373,495,461,0
2026-07-19 14:18:50,360,497,463,0
2026-07-19 14:18:51,369,510,466,0
2026-07-19 14:18:52,354,514,455,0
2026-07-19 14:18:53,359,498,467,0
2026-07-19 14:18:54,337,487,465,0
2026-07-19 14:18:55,356,491,461,0
2026-07-19 14:18:56,391,509,439,0
2026-07-19 14:18:57,369,513,464,0
2026-07-19 14:18:58,367,516,456,0
2026-07-19 14:18:59,351,510,451,0
2026-07-19 14:19:00,351,511,448,0
2026-07-19 14:19:01,351,518,449,0
2026-07-19 14:19:02,343,517,452,0
2026-07-19 14:19:03,310,504,448,0
2026-07-19 14:19:04,329,489,443,0
2026-07-19 14:19:05,331,507,455,0
2026-07-19 14:19:06,312,513,443,0
2026-07-19 14:19:07,300,490,454,0
2026-07-19 14:19:08,301,504,450,0
2026-07-19 14:19:09,276,509,470,0
2026-07-19 14:19:10,305,514,457,0
2026-07-19 14:19:11,297,512,455,0
2026-07-19 14:19:12,293,522,473,0
2026-07-19 14:19:13,299,489,453,0
2026-07-19 14:19:14,317,517,456,0
2026-07-19 14:19:15,315,514,444,0
2026-07-19 14:19:16,323,513,444,0
2026-07-19 14:19:17,324,501,445,0
2026-07-19 14:19:18,334,506,445,0
2026-07-19 14:19:19,353,519,435,0
2026-07-19 14:19:20,346,510,454,0
2026-07-19 14:19:21,365,513,447,0
2026-07-19 14:19:22,357,499,451,0
2026-07-19 14:19:23,361,508,441,0
2026-07-19 14:19:24,341,509,401,0
2026-07-19 14:19:25,334,493,395,0
2026-07-19 14:19:26,356,493,421,0
2026-07-19 14:19:27,362,494,424,0
2026-07-19 14:19:28,323,503,458,0
2026-07-19 14:19:29,327,498,474,0
2026-07-19 14:19:30,304,497,454,0
2026-07-19 14:19:31,266,491,461,0
2026-07-19 14:19:32,276,512,478,0
2026-07-19 14:19:33,267,505,441,0
2026-07-19 14:19:34,270,477,450,0
2026-07-19 14:19:35,314,517,457,0
2026-07-19 14:19:36,339,509,458,0
2026-07-19 14:19:37,323,485,445,0
2026-07-19 14:19:38,338,498,429,0
2026-07-19 14:19:39,329,518,417,0
2026-07-19 14:19:40,336,510,392,0
2026-07-19 14:19:41,353,516,366,0
2026-07-19 14:19:42,314,500,404,0
2026-07-19 14:19:43,363,490,389,0
2026-07-19 14:19:44,355,494,408,0
2026-07-19 14:19:45,320,507,436,0
2026-07-19 14:19:46,303,501,450,0
2026-07-19 14:19:47,272,506,452,0
2026-07-19 14:19:48,284,495,451,0
2026-07-19 14:19:49,286,512,447,0
2026-07-19 14:19:50,302,486,456,0
2026-07-19 14:19:51,300,507,454,0
2026-07-19 14:19:52,356,513,449,0
2026-07-19 14:19:53,378,498,444,0
2026-07-19 14:19:54,357,490,443,0
2026-07-19 14:19:55,360,510,479,0
2026-07-19 14:19:56,371,512,449,0
2026-07-19 14:19:57,362,502,435,0
2026-07-19 14:19:58,366,484,416,0
2026-07-19 14:19:59,339,485,412,0
2026-07-19 14:20:00,336,503,420,0
2026-07-19 14:20:01,351,504,413,0
2026-07-19 14:20:02,359,494,425,0
2026-07-19 14:20:03,336,493,423,0
2026-07-19 14:20:04,348,490,432,0
2026-07-19 14:20:05,337,493,460,0
2026-07-19 14:20:06,335,513,463,0
2026-07-19 14:20:07,287,500,474,0
2026-07-19 14:20:08,263,491,479,0
2026-07-19 14:20:09,275,482,456,0
2026-07-19 14:20:10,266,494,476,0
2026-07-19 14:20:11,276,478,464,0
2026-07-19 14:20:12,293,509,448,0
2026-07-19 14:20:13,265,499,472,0
2026-07-19 14:20:14,300,514,465,0
2026-07-19 14:20:15,297,491,456,0
2026-07-19 14:20:16,343,485,431,0
2026-07-19 14:20:17,332,490,430,0
2026-07-19 14:20:18,351,517,427,0
2026-07-19 14:20:19,344,516,429,0
2026-07-19 14:20:20,337,509,392,0
2026-07-19 14:20:21,313,510,384,0
2026-07-19 14:20:22,349,511,380,0
2026-07-19 14:20:23,355,497,400,0
2026-07-19 14:20:24,366,500,430,0
2026-07-19 14:20:25,323,504,458,0
2026-07-19 14:20:26,284,500,452,0
2026-07-19 14:20:27,260,491,453,0
2026-07-19 14:20:28,275,502,471,0
2026-07-19 14:20:29,303,488,454,0
2026-07-19 14:20:30,294,516,460,0
2026-07-19 14:20:31,312,512,437,0
2026-07-19 14:20:32,337,510,440,0
2026-07-19 14:20:33,367,506,463,0
2026-07-19 14:20:34,353,501,475,0
2026-07-19 14:20:35,341,504,446,0
2026-07-19 14:20:36,368,513,415,0
2026-07-19 14:20:37,352,514,402,0
2026-07-19 14:20:38,352,490,404,0
2026-07-19 14:20:39,347,490,445,0
2026-07-19 14:20:40,329,497,432,0
2026-07-19 14:20:41,311,510,462,0
2026-07-19 14:20:42,279,492,514,0
2026-07-19 14:20:43,253,515,483,0
2026-07-19 14:20:44,313,506,454,0
2026-07-19 14:20:45,334,474,456,0
2026-07-19 14:20:46,322,503,445,0
2026-07-19 14:20:47,348,520,433,0
2026-07-19 14:20:48,337,496,425,0
2026-07-19 14:20:49,355,510,401,0
2026-07-19 14:20:50,306,518,406,0
2026-07-19 14:20:51,348,502,383,0
2026-07-19 14:20:52,326,493,385,0
2026-07-19 14:20:53,367,490,412,0
2026-07-19 14:20:54,315,497,444,0
2026-07-19 14:20:55,291,494,472,0
2026-07-19 14:20:56,291,486,439,0
2026-07-19 14:20:57,281,504,456,0
2026-07-19 14:20:58,293,503,448,0
2026-07-19 14:20:59,262,513,448,0
2026-07-19 14:21:00,301,497,440,0
2026-07-19 14:21:01,325,512,441,0
2026-07-19 14:21:02,368,495,457,0
2026-07-19 14:21:03,349,517,431,0
2026-07-19 14:21:04,350,506,437,0
2026-07-19 14:21:05,344,510,421,0
2026-07-19 14:21:06,345,504,416,0
2026-07-19 14:21:07,339,521,433,0
2026-07-19 14:21:08,364,505,409,0
2026-07-19 14:21:09,346,502,440,0
2026-07-19 14:21:10,364,501,447,0
2026-07-19 14:21:11,280,503,449,0
2026-07-19 14:21:12,267,491,466,0
2026-07-19 14:21:13,270,485,439,0
2026-07-19 14:21:14,322,499,464,0
2026-07-19 14:21:15,359,472,430,0
2026-07-19 14:21:16,350,491,447,0
2026-07-19 14:21:17,340,502,451,0
2026-07-19 14:21:18,345,501,414,0
2026-07-19 14:21:19,363,501,396,0
2026-07-19 14:21:20,307,503,387,0
2026-07-19 14:21:21,352,513,382,0
2026-07-19 14:21:22,347,498,374,0
2026-07-19 14:21:23,316,499,391,0
2026-07-19 14:21:24,308,502,430,0
2026-07-19 14:21:26,299,500,445,0
2026-07-19 14:21:26,278,495,463,0
2026-07-19 14:21:27,277,501,438,0
2026-07-19 14:21:28,274,502,457,0
2026-07-19 14:21:29,283,496,444,0
2026-07-19 14:21:30,323,512,437,0
2026-07-19 14:21:31,345,480,451,0
2026-07-19 14:21:32,354,506,449,0
2026-07-19 14:21:33,356,511,435,0
2026-07-19 14:21:34,366,511,443,0
2026-07-19 14:21:35,365,499,410,0
2026-07-19 14:21:36,344,508,428,0
2026-07-19 14:21:37,371,509,418,0
2026-07-19 14:21:38,343,508,416,0
2026-07-19 14:21:39,333,495,457,0
2026-07-19 14:21:40,352,502,462,0
2026-07-19 14:21:41,313,480,473,0
2026-07-19 14:21:42,273,487,515,0
2026-07-19 14:21:43,283,484,462,0
2026-07-19 14:21:44,277,490,464,0
2026-07-19 14:21:45,280,478,466,0
2026-07-19 14:21:46,307,497,447,0
2026-07-19 14:21:47,332,519,447,0
2026-07-19 14:21:48,345,498,430,0
2026-07-19 14:21:49,319,483,445,0
2026-07-19 14:21:50,331,491,424,0
2026-07-19 14:21:51,336,498,407,0
2026-07-19 14:21:52,316,519,360,0
2026-07-19 14:21:53,309,514,391,0
2026-07-19 14:21:54,336,499,389,0
2026-07-19 14:21:55,356,496,387,0
2026-07-19 14:21:56,359,505,410,0
2026-07-19 14:21:57,309,493,440,0
2026-07-19 14:21:58,324,491,457,0
2026-07-19 14:21:59,296,496,431,0
2026-07-19 14:22:00,287,495,443,0
2026-07-19 14:22:01,277,496,443,0
2026-07-19 14:22:02,287,512,439,0
2026-07-19 14:22:03,297,493,448,0
2026-07-19 14:22:04,304,514,459,0
2026-07-19 14:22:05,318,484,449,0
2026-07-19 14:22:06,354,497,451,0
2026-07-19 14:22:07,336,515,463,0
2026-07-19 14:22:08,349,516,469,0
2026-07-19 14:22:09,356,493,456,0
2026-07-19 14:22:10,363,496,445,0
2026-07-19 14:22:11,354,506,435,0
2026-07-19 14:22:12,361,491,418,0
2026-07-19 14:22:13,356,517,397,0
2026-07-19 14:22:14,367,513,412,0
2026-07-19 14:22:15,343,522,425,0
2026-07-19 14:22:16,348,511,428,0
2026-07-19 14:22:17,352,489,398,0
2026-07-19 14:22:18,358,510,410,0
2026-07-19 14:22:19,365,498,450,0
2026-07-19 14:22:20,325,491,428,0
2026-07-19 14:22:21,360,494,433,0
2026-07-19 14:22:22,324,504,433,0
2026-07-19 14:22:23,342,479,465,0
2026-07-19 14:22:24,346,486,449,0
2026-07-19 14:22:25,334,497,483,0
2026-07-19 14:22:26,317,487,479,0
2026-07-19 14:22:27,272,482,483,0
2026-07-19 14:22:28,294,485,456,0
2026-07-19 14:22:29,274,491,461,0
2026-07-19 14:22:30,258,492,492,0
2026-07-19 14:22:31,268,504,479,0
2026-07-19 14:22:32,290,500,478,0
2026-07-19 14:22:33,277,485,485,0
2026-07-19 14:22:34,259,501,488,0
2026-07-19 14:22:35,280,493,438,0
2026-07-19 14:22:36,266,479,479,0
2026-07-19 14:22:37,262,479,488,0
2026-07-19 14:22:38,272,483,468,0
2026-07-19 14:22:39,270,513,486,0
2026-07-19 14:22:40,286,484,481,0
2026-07-19 14:22:41,273,514,457,0
2026-07-19 14:22:42,266,475,472,0
2026-07-19 14:22:43,291,505,476,0
2026-07-19 14:22:44,252,470,472,0
2026-07-19 14:22:45,280,485,488,0
2026-07-19 14:22:46,266,486,496,0
2026-07-19 14:22:47,284,488,460,0
2026-07-19 14:22:48,304,487,493,0
2026-07-19 14:22:49,327,498,492,0
2026-07-19 14:22:50,316,490,464,0
2026-07-19 14:22:51,348,497,464,0
2026-07-19 14:22:52,314,489,463,0
2026-07-19 14:22:53,369,488,413,0
2026-07-19 14:22:54,341,510,420,0
2026-07-19 14:22:55,351,494,411,0
2026-07-19 14:22:56,341,498,391,0
2026-07-19 14:22:57,345,509,426,0
2026-07-19 14:22:58,353,494,452,0
2026-07-19 14:22:59,372,494,449,0
2026-07-19 14:23:00,367,509,450,0
2026-07-19 14:23:01,337,491,464,0
2026-07-19 14:23:02,303,499,433,0
2026-07-19 14:23:03,286,527,457,0
2026-07-19 14:23:04,278,488,462,0
2026-07-19 14:23:05,276,496,454,0
2026-07-19 14:23:06,274,503,441,0
2026-07-19 14:23:07,297,502,454,0
2026-07-19 14:23:08,279,504,454,0
2026-07-19 14:23:09,366,495,441,0
2026-07-19 14:23:10,341,502,427,0
2026-07-19 14:23:11,348,494,402,0
2026-07-19 14:23:12,350,503,417,0
2026-07-19 14:23:13,334,491,373,0
2026-07-19 14:23:14,347,493,396,0
2026-07-19 14:23:15,355,490,400,0
2026-07-19 14:23:16,330,508,381,0
2026-07-19 14:23:17,336,495,391,0
2026-07-19 14:23:18,329,503,394,0
2026-07-19 14:23:19,352,494,426,0
2026-07-19 14:23:20,315,485,441,0
2026-07-19 14:23:21,341,497,427,0
2026-07-19 14:23:22,320,488,455,0
2026-07-19 14:23:23,299,489,440,0
2026-07-19 14:23:24,259,497,444,0
2026-07-19 14:23:25,282,495,435,0
2026-07-19 14:23:26,264,491,445,0
2026-07-19 14:23:27,285,497,443,0
2026-07-19 14:23:28,288,486,460,0
2026-07-19 14:23:29,266,485,443,0
2026-07-19 14:23:30,298,508,451,0
2026-07-19 14:23:31,335,505,453,0
2026-07-19 14:23:32,355,506,448,0
2026-07-19 14:23:33,380,483,453,0
2026-07-19 14:23:34,369,494,431,0
2026-07-19 14:23:35,353,520,448,0
2026-07-19 14:23:36,339,500,473,0
2026-07-19 14:23:37,333,522,445,0
2026-07-19 14:23:38,364,504,420,0
2026-07-19 14:23:39,341,503,403,0
2026-07-19 14:23:40,348,504,415,0
2026-07-19 14:23:41,339,508,423,0
2026-07-19 14:23:42,348,486,418,0
2026-07-19 14:23:43,367,495,420,0
2026-07-19 14:23:44,318,501,455,0
2026-07-19 14:23:45,296,482,477,0
2026-07-19 14:23:46,260,487,478,0
2026-07-19 14:23:47,266,496,471,0
2026-07-19 14:23:48,263,472,452,0
2026-07-19 14:23:49,270,483,450,0
2026-07-19 14:23:50,281,484,448,0
2026-07-19 14:23:51,323,500,434,0
2026-07-19 14:23:52,358,510,448,0
2026-07-19 14:23:53,366,504,433,0
2026-07-19 14:23:54,375,498,431,0
2026-07-19 14:23:55,367,516,416,0
2026-07-19 14:23:56,351,522,402,0
2026-07-19 14:23:57,332,494,393,0
2026-07-19 14:23:58,331,507,402,0
2026-07-19 14:23:59,351,504,398,0
2026-07-19 14:24:00,369,505,378,0
2026-07-19 14:24:01,334,503,399,0
2026-07-19 14:24:02,361,503,387,0
2026-07-19 14:24:03,335,507,377,0
2026-07-19 14:24:04,344,509,392,0
2026-07-19 14:24:05,344,492,396,0
2026-07-19 14:24:06,335,513,403,0
2026-07-19 14:24:07,352,501,380,0
2026-07-19 14:24:08,340,500,404,0
2026-07-19 14:24:09,341,501,400,0
2026-07-19 14:24:10,329,499,397,0
2026-07-19 14:24:11,366,509,436,0
2026-07-19 14:24:12,340,508,434,0
2026-07-19 14:24:13,355,520,440,0
2026-07-19 14:24:14,341,513,437,0
2026-07-19 14:24:15,331,508,423,0
2026-07-19 14:24:16,318,508,457,0
2026-07-19 14:24:17,281,503,455,0
2026-07-19 14:24:18,286,504,478,0
2026-07-19 14:24:19,279,506,468,0
2026-07-19 14:24:20,293,502,508,0
2026-07-19 14:24:21,306,488,465,0
2026-07-19 14:24:22,333,490,460,0
2026-07-19 14:24:23,348,496,453,0
2026-07-19 14:24:24,339,484,443,0
2026-07-19 14:24:25,364,496,436,0
2026-07-19 14:24:26,353,492,410,0
2026-07-19 14:24:27,348,491,452,0
2026-07-19 14:24:28,365,491,445,0
2026-07-19 14:24:29,358,514,479,0
2026-07-19 14:24:30,333,515,441,0
2026-07-19 14:24:31,365,489,453,0
2026-07-19 14:24:32,316,500,444,0
2026-07-19 14:24:33,274,488,446,0
2026-07-19 14:24:34,295,496,441,0
2026-07-19 14:24:35,306,496,448,0
2026-07-19 14:24:36,292,504,438,0
2026-07-19 14:24:37,310,502,466,0
2026-07-19 14:24:38,336,498,422,0
2026-07-19 14:24:39,350,504,415,0
2026-07-19 14:24:40,358,511,395,0
2026-07-19 14:24:41,327,516,384,0
2026-07-19 14:24:42,346,504,379,0
2026-07-19 14:24:43,349,511,403,0
2026-07-19 14:24:44,348,499,425,0
2026-07-19 14:24:45,328,502,418,0
2026-07-19 14:24:46,344,497,434,0
2026-07-19 14:24:47,323,495,444,0
2026-07-19 14:24:48,370,504,431,0
2026-07-19 14:24:49,338,492,453,0
2026-07-19 14:24:50,335,502,453,0
2026-07-19 14:24:51,325,506,428,0
2026-07-19 14:24:52,317,483,451,0
2026-07-19 14:24:53,326,497,449,0
2026-07-19 14:24:54,319,495,444,0
2026-07-19 14:24:55,327,514,455,0
2026-07-19 14:24:56,338,505,451,0
2026-07-19 14:24:57,342,492,440,0
2026-07-19 14:24:58,350,502,454,0
2026-07-19 14:24:59,336,518,434,0
2026-07-19 14:25:00,353,512,398,0
2026-07-19 14:25:01,346,504,373,0
2026-07-19 14:25:02,324,495,381,0
2026-07-19 14:25:03,339,513,387,0
2026-07-19 14:25:04,342,500,423,0
2026-07-19 14:25:05,338,489,441,0
2026-07-19 14:25:06,289,490,449,0
2026-07-19 14:25:07,289,499,456,0
2026-07-19 14:25:08,277,491,451,0
2026-07-19 14:25:09,275,493,466,0
2026-07-19 14:25:10,292,513,464,0
2026-07-19 14:25:11,317,496,433,0
2026-07-19 14:25:12,348,507,471,0
2026-07-19 14:25:13,356,512,461,0
2026-07-19 14:25:14,387,515,462,0
2026-07-19 14:25:15,362,507,426,0
2026-07-19 14:25:16,326,504,394,0
2026-07-19 14:25:17,368,497,429,0
2026-07-19 14:25:18,345,486,448,0
2026-07-19 14:25:19,340,503,408,0
2026-07-19 14:25:20,335,495,469,0
2026-07-19 14:25:21,325,484,499,0
2026-07-19 14:25:22,284,489,435,0
2026-07-19 14:25:23,268,495,467,0
2026-07-19 14:25:24,284,482,445,0
2026-07-19 14:25:25,275,510,430,0
2026-07-19 14:25:26,289,506,462,0
2026-07-19 14:25:27,315,506,435,0
2026-07-19 14:25:28,334,503,450,0
2026-07-19 14:25:29,330,521,426,0
2026-07-19 14:25:30,347,515,394,0
2026-07-19 14:25:31,326,504,385,0
2026-07-19 14:25:32,354,500,390,0
2026-07-19 14:25:33,347,497,390,0
2026-07-19 14:25:34,346,496,396,0
2026-07-19 14:25:35,329,494,433,0
2026-07-19 14:25:36,321,504,450,0
2026-07-19 14:25:37,283,495,446,0
2026-07-19 14:25:38,287,500,456,0
2026-07-19 14:25:39,269,510,457,0
2026-07-19 14:25:40,291,505,460,0
2026-07-19 14:25:41,320,504,461,0
2026-07-19 14:25:42,360,509,459,0
2026-07-19 14:25:43,345,492,464,0
2026-07-19 14:25:44,373,514,450,0
2026-07-19 14:25:45,349,498,431,0
2026-07-19 14:25:46,353,511,402,0
2026-07-19 14:25:47,355,509,415,0
2026-07-19 14:25:48,360,487,395,0
2026-07-19 14:25:49,324,490,454,0
2026-07-19 14:25:50,334,486,466,0
2026-07-19 14:25:51,297,494,503,0
2026-07-19 14:25:52,260,491,452,0
2026-07-19 14:25:53,263,479,461,0
2026-07-19 14:25:54,251,487,461,0
2026-07-19 14:25:55,267,495,463,0
2026-07-19 14:25:56,319,493,441,0
2026-07-19 14:25:57,332,511,437,0
2026-07-19 14:25:58,353,494,443,0
2026-07-19 14:25:59,356,513,431,0
2026-07-19 14:26:00,331,509,429,0
2026-07-19 14:26:01,330,511,400,0
2026-07-19 14:26:02,317,502,388,0
2026-07-19 14:26:03,362,510,392,0
2026-07-19 14:26:04,329,495,381,0
2026-07-19 14:26:05,356,495,402,0
2026-07-19 14:26:06,330,492,439,0
2026-07-19 14:26:07,333,501,436,0
2026-07-19 14:26:08,334,496,446,0
2026-07-19 14:26:09,296,504,442,0
2026-07-19 14:26:10,276,498,457,0
2026-07-19 14:26:11,264,486,456,0
2026-07-19 14:26:12,294,488,463,0
2026-07-19 14:26:13,278,516,438,0
2026-07-19 14:26:14,327,508,452,0
2026-07-19 14:26:15,357,497,443,0
2026-07-19 14:26:16,344,496,436,0
2026-07-19 14:26:17,354,486,462,0
2026-07-19 14:26:18,340,492,403,0
2026-07-19 14:26:19,354,507,409,0
2026-07-19 14:26:20,352,484,406,0
2026-07-19 14:26:21,360,523,409,0
2026-07-19 14:26:22,357,487,415,0
2026-07-19 14:26:23,369,490,459,0
2026-07-19 14:26:24,334,500,479,0
2026-07-19 14:26:25,289,488,467,0
2026-07-19 14:26:26,287,490,477,0
2026-07-19 14:26:27,270,510,496,0
2026-07-19 14:26:28,267,498,451,0
2026-07-19 14:26:29,268,511,468,0
2026-07-19 14:26:30,292,477,472,0
2026-07-19 14:26:31,295,518,454,0
2026-07-19 14:26:32,310,518,462,0
2026-07-19 14:26:33,316,488,454,0
2026-07-19 14:26:34,347,491,451,0
2026-07-19 14:26:35,352,505,450,0
2026-07-19 14:26:36,356,484,431,0
2026-07-19 14:26:37,322,491,425,0
2026-07-19 14:26:38,330,492,420,0
2026-07-19 14:26:39,339,504,386,0
2026-07-19 14:26:40,345,506,386,0
2026-07-19 14:26:41,326,504,375,0
2026-07-19 14:26:42,329,495,391,0
2026-07-19 14:26:43,341,496,388,0
2026-07-19 14:26:44,348,500,419,0
2026-07-19 14:26:45,337,492,437,0
2026-07-19 14:26:46,299,499,444,0
2026-07-19 14:26:47,276,497,453,0
2026-07-19 14:26:48,298,490,473,0
2026-07-19 14:26:49,314,486,446,0
2026-07-19 14:26:50,309,518,455,0
2026-07-19 14:26:51,329,511,464,0
2026-07-19 14:26:52,372,503,462,0
2026-07-19 14:26:53,341,512,477,0
2026-07-19 14:26:54,348,509,442,0
2026-07-19 14:26:55,356,521,420,0
2026-07-19 14:26:56,357,518,426,0
2026-07-19 14:26:57,345,511,420,0
2026-07-19 14:26:58,327,490,450,0
2026-07-19 14:26:59,328,503,478,0
2026-07-19 14:27:00,338,495,484,0
2026-07-19 14:27:01,287,495,446,0
2026-07-19 14:27:02,263,482,505,0
2026-07-19 14:27:03,297,481,457,0
2026-07-19 14:27:04,268,502,475,0
2026-07-19 14:27:05,301,521,465,0
2026-07-19 14:27:06,347,496,452,0
2026-07-19 14:27:07,333,502,449,0
2026-07-19 14:27:08,327,491,432,0
2026-07-19 14:27:09,341,512,410,0
2026-07-19 14:27:10,353,505,378,0
2026-07-19 14:27:11,364,506,408,0
2026-07-19 14:27:12,347,495,372,0
2026-07-19 14:27:13,349,489,377,0
2026-07-19 14:27:14,356,500,405,0
2026-07-19 14:27:15,336,492,433,0
2026-07-19 14:27:16,303,490,465,0
2026-07-19 14:27:17,273,497,441,0
2026-07-19 14:27:18,277,497,457,0
2026-07-19 14:27:19,274,497,461,0
2026-07-19 14:27:20,305,490,458,0
2026-07-19 14:27:21,281,512,446,0
2026-07-19 14:27:22,327,503,444,0
2026-07-19 14:27:23,377,494,444,0
2026-07-19 14:27:24,355,495,449,0
2026-07-19 14:27:25,379,509,475,0
2026-07-19 14:27:26,349,515,454,0
2026-07-19 14:27:27,356,492,426,0
2026-07-19 14:27:28,348,505,414,0
2026-07-19 14:27:29,325,491,410,0
2026-07-19 14:27:30,349,495,416,0
2026-07-19 14:27:31,351,496,468,0
2026-07-19 14:27:32,342,484,449,0
2026-07-19 14:27:33,305,490,452,0
2026-07-19 14:27:34,291,493,472,0
2026-07-19 14:27:35,266,505,492,0
2026-07-19 14:27:36,263,509,467,0
2026-07-19 14:27:37,280,505,463,0
2026-07-19 14:27:38,300,504,459,0
2026-07-19 14:27:39,333,504,445,0
2026-07-19 14:27:40,325,488,435,0
2026-07-19 14:27:41,349,499,434,0
2026-07-19 14:27:42,336,509,414,0
2026-07-19 14:27:43,323,501,394,0
2026-07-19 14:27:44,370,506,392,0
2026-07-19 14:27:45,362,518,389,0
2026-07-19 14:27:46,302,490,394,0
2026-07-19 14:27:47,352,497,415,0
2026-07-19 14:27:48,326,506,452,0
2026-07-19 14:27:49,289,497,456,0
2026-07-19 14:27:50,281,501,452,0
2026-07-19 14:27:51,296,490,469,0
2026-07-19 14:27:52,298,512,465,0
2026-07-19 14:27:53,305,518,466,0
2026-07-19 14:27:54,335,496,438,0
2026-07-19 14:27:55,361,494,439,0
2026-07-19 14:27:56,373,490,468,0
2026-07-19 14:27:57,345,510,459,0
2026-07-19 14:27:58,371,499,445,0
2026-07-19 14:27:59,316,503,420,0
2026-07-19 14:28:00,355,513,397,0
2026-07-19 14:28:01,334,485,399,0
2026-07-19 14:28:02,350,487,412,0
2026-07-19 14:28:03,348,504,456,0
2026-07-19 14:28:04,347,493,474,0
2026-07-19 14:28:05,312,485,487,0
2026-07-19 14:28:06,300,487,477,0
2026-07-19 14:28:07,283,484,487,0
2026-07-19 14:28:08,290,494,492,0
2026-07-19 14:28:09,273,483,451,0
2026-07-19 14:28:10,264,485,518,0
2026-07-19 14:28:11,262,480,490,0
2026-07-19 14:28:12,287,500,484,0
2026-07-19 14:28:13,253,504,471,0
2026-07-19 14:28:14,267,502,463,0
2026-07-19 14:28:15,265,483,456,0
2026-07-19 14:28:16,277,487,499,0
2026-07-19 14:28:17,290,489,454,0
2026-07-19 14:28:18,275,479,450,0
2026-07-19 14:28:19,310,486,483,0
2026-07-19 14:28:20,306,495,481,0
2026-07-19 14:28:21,363,498,468,0
2026-07-19 14:28:22,344,493,448,0
2026-07-19 14:28:23,337,490,432,0
2026-07-19 14:28:24,337,500,469,0
2026-07-19 14:28:25,368,497,400,0
2026-07-19 14:28:26,330,504,398,0
2026-07-19 14:28:27,356,509,405,0
2026-07-19 14:28:28,343,500,430,0
2026-07-19 14:28:29,343,490,476,0
2026-07-19 14:28:30,361,489,464,0
2026-07-19 14:28:31,360,512,444,0
2026-07-19 14:28:32,316,504,458,0
2026-07-19 14:28:33,277,522,446,0
2026-07-19 14:28:34,278,503,444,0
2026-07-19 14:28:35,296,490,449,0
2026-07-19 14:28:36,268,501,437,0
2026-07-19 14:28:37,303,490,464,0
2026-07-19 14:28:38,318,490,452,0
2026-07-19 14:28:39,345,499,444,0
2026-07-19 14:28:40,336,508,395,0
2026-07-19 14:28:41,358,494,400,0
2026-07-19 14:28:42,342,504,385,0
2026-07-19 14:28:43,320,512,399,0
2026-07-19 14:28:44,329,485,383,0
2026-07-19 14:28:45,338,508,375,0
2026-07-19 14:28:46,356,506,397,0
2026-07-19 14:28:47,337,524,398,0
2026-07-19 14:28:48,325,506,402,0
2026-07-19 14:28:49,344,505,417,0
2026-07-19 14:28:50,363,499,432,0
2026-07-19 14:28:51,340,498,446,0
2026-07-19 14:28:52,329,502,434,0
2026-07-19 14:28:53,327,491,444,0
2026-07-19 14:28:54,342,498,426,0
2026-07-19 14:28:55,338,504,424,0
2026-07-19 14:28:56,363,513,424,0
2026-07-19 14:28:57,355,512,432,0
2026-07-19 14:28:58,345,487,429,0
2026-07-19 14:28:59,354,523,442,0
2026-07-19 14:29:00,332,500,423,0
2026-07-19 14:29:01,342,496,405,0
2026-07-19 14:29:02,380,510,420,0
2026-07-19 14:29:03,355,502,441,0
2026-07-19 14:29:04,326,493,421,0
2026-07-19 14:29:05,331,520,412,0
2026-07-19 14:29:06,329,510,452,0
2026-07-19 14:29:07,319,492,440,0
2026-07-19 14:29:08,356,494,436,0
2026-07-19 14:29:09,324,520,444,0
2026-07-19 14:29:10,351,497,448,0
2026-07-19 14:29:11,324,512,433,0
2026-07-19 14:29:12,351,495,426,0
2026-07-19 14:29:13,351,499,441,0
2026-07-19 14:29:20,314,518,426,0
2026-07-19 14:29:20,347,521,434,0
2026-07-19 14:29:20,315,504,430,0
2026-07-19 14:29:20,351,499,444,0
2026-07-19 14:29:20,335,517,429,0
2026-07-19 14:29:20,331,512,410,0
2026-07-19 14:29:20,360,499,437,0
2026-07-19 14:29:21,359,481,425,0
2026-07-19 14:29:22,345,508,437,0
2026-07-19 14:29:23,350,513,434,0
2026-07-19 14:29:24,355,486,449,0
2026-07-19 14:29:25,321,523,446,0
2026-07-19 14:29:26,344,513,447,0
2026-07-19 14:29:27,337,512,440,0
2026-07-19 14:29:28,347,490,416,0
2026-07-19 14:29:29,353,491,420,0
2026-07-19 14:29:30,352,496,446,0
2026-07-19 14:29:31,322,502,447,0
2026-07-19 14:29:32,313,475,444,0
2026-07-19 14:29:33,297,483,459,0
2026-07-19 14:29:34,289,492,470,0
2026-07-19 14:29:35,277,497,448,0
2026-07-19 14:29:36,284,512,509,0
2026-07-19 14:29:37,268,497,512,0
2026-07-19 14:29:38,285,490,490,0
2026-07-19 14:29:39,332,490,480,0
2026-07-19 14:29:40,330,499,441,0
2026-07-19 14:29:41,339,514,433,0
2026-07-19 14:29:42,322,486,418,0
2026-07-19 14:29:43,347,501,426,0
2026-07-19 14:29:44,369,506,434,0
2026-07-19 14:29:45,348,504,462,0
2026-07-19 14:29:46,361,497,456,0
2026-07-19 14:29:47,371,486,424,0
2026-07-19 14:29:48,327,509,446,0
2026-07-19 14:29:49,289,511,453,0
2026-07-19 14:29:50,292,512,473,0
2026-07-19 14:29:51,284,491,460,0
2026-07-19 14:29:52,261,495,471,0
2026-07-19 14:29:53,282,495,465,0
2026-07-19 14:29:54,319,499,446,0
2026-07-19 14:29:55,355,506,423,0
2026-07-19 14:29:56,298,497,402,0
2026-07-19 14:29:57,336,513,381,0
2026-07-19 14:29:58,349,503,393,0
2026-07-19 14:29:59,325,498,397,0
2026-07-19 14:30:00,303,510,386,0
2026-07-19 14:30:01,337,519,394,0
2026-07-19 14:30:02,342,512,414,0
2026-07-19 14:30:03,320,506,456,0
2026-07-19 14:30:04,334,491,431,0
2026-07-19 14:30:05,351,516,441,0
2026-07-19 14:30:06,347,512,439,0
2026-07-19 14:30:07,312,513,433,0
2026-07-19 14:30:08,295,487,436,0
2026-07-19 14:30:09,272,495,461,0
2026-07-19 14:30:10,289,476,492,0
2026-07-19 14:30:11,280,486,491,0
2026-07-19 14:30:12,279,489,471,0
2026-07-19 14:30:13,270,479,493,0
2026-07-19 14:30:14,260,490,438,0
2026-07-19 14:30:15,284,488,489,0
2026-07-19 14:30:16,295,487,490,0
2026-07-19 14:30:17,332,488,477,0
2026-07-19 14:30:18,337,502,479,0
2026-07-19 14:30:19,332,497,457,0
2026-07-19 14:30:20,334,500,448,0
2026-07-19 14:30:21,370,495,449,0
2026-07-19 14:30:22,341,480,412,0
2026-07-19 14:30:23,360,494,423,0
2026-07-19 14:30:24,347,506,426,0
2026-07-19 14:30:25,362,491,412,0
2026-07-19 14:30:26,336,501,421,0
2026-07-19 14:30:27,360,504,445,0
2026-07-19 14:30:28,372,509,447,0
2026-07-19 14:30:29,366,508,453,0
2026-07-19 14:30:30,358,495,469,0
2026-07-19 14:30:31,349,509,434,0
2026-07-19 14:30:32,350,494,394,0
2026-07-19 14:30:33,366,503,429,0
2026-07-19 14:30:34,358,512,424,0
2026-07-19 14:30:35,359,498,430,0
2026-07-19 14:30:36,359,506,410,0
2026-07-19 14:30:37,360,506,413,0
2026-07-19 14:30:38,331,484,417,0
2026-07-19 14:30:39,321,495,463,0
2026-07-19 14:30:40,361,487,449,0
2026-07-19 14:30:41,315,480,500,0
2026-07-19 14:30:42,287,482,459,0
2026-07-19 14:30:43,263,494,467,0
2026-07-19 14:30:44,271,491,448,0
2026-07-19 14:30:45,296,487,465,0
2026-07-19 14:30:46,317,494,439,0
2026-07-19 14:30:47,347,475,445,0
2026-07-19 14:30:48,332,509,436,0
2026-07-19 14:30:49,328,503,432,0
2026-07-19 14:30:50,327,513,398,0
2026-07-19 14:30:51,362,498,392,0
2026-07-19 14:30:52,357,510,388,0
2026-07-19 14:30:53,339,494,384,0
2026-07-19 14:30:54,354,495,400,0
2026-07-19 14:30:55,339,502,439,0
2026-07-19 14:30:56,288,490,447,0
2026-07-19 14:30:57,273,498,450,0
2026-07-19 14:30:58,290,498,452,0
2026-07-19 14:30:59,287,498,453,0
2026-07-19 14:31:00,298,515,455,0
2026-07-19 14:31:01,333,492,439,0
2026-07-19 14:31:02,356,512,462,0
2026-07-19 14:31:03,361,481,462,0
2026-07-19 14:31:04,364,506,444,0
2026-07-19 14:31:05,362,506,407,0
2026-07-19 14:31:06,337,511,400,0
2026-07-19 14:31:07,359,508,430,0
2026-07-19 14:31:08,369,492,457,0
2026-07-19 14:31:09,334,490,413,0
2026-07-19 14:31:10,347,493,459,0
2026-07-19 14:31:11,273,488,460,0
2026-07-19 14:31:12,277,493,499,0
2026-07-19 14:31:13,268,490,458,0
2026-07-19 14:31:14,255,512,484,0
2026-07-19 14:31:15,284,513,474,0
2026-07-19 14:31:16,328,501,454,0
2026-07-19 14:31:17,344,506,450,0
2026-07-19 14:31:18,334,502,453,0
2026-07-19 14:31:19,345,484,419,0
2026-07-19 14:31:20,333,521,401,0
2026-07-19 14:31:21,352,520,397,0
2026-07-19 14:31:22,315,520,376,0
2026-07-19 14:31:23,346,499,384,0
2026-07-19 14:31:24,312,492,402,0
2026-07-19 14:31:25,357,497,447,0
2026-07-19 14:31:26,285,491,450,0
2026-07-19 14:31:27,277,498,450,0
2026-07-19 14:31:28,284,500,461,0
2026-07-19 14:31:29,294,493,467,0
2026-07-19 14:31:30,275,492,451,0
2026-07-19 14:31:31,297,515,458,0
2026-07-19 14:31:32,337,508,449,0
2026-07-19 14:31:33,360,495,457,0
2026-07-19 14:31:34,345,518,464,0
2026-07-19 14:31:35,359,488,471,0
2026-07-19 14:31:36,356,498,471,0
2026-07-19 14:31:37,387,513,418,0
2026-07-19 14:31:38,319,495,418,0
2026-07-19 14:31:39,364,509,436,0
2026-07-19 14:31:40,332,504,423,0
2026-07-19 14:31:41,362,489,429,0
2026-07-19 14:31:42,369,505,420,0
2026-07-19 14:31:43,364,508,410,0
2026-07-19 14:31:44,341,498,419,0
2026-07-19 14:31:45,347,496,413,0
2026-07-19 14:31:46,349,491,448,0
2026-07-19 14:31:47,346,479,411,0
2026-07-19 14:31:48,360,504,410,0
2026-07-19 14:31:49,353,524,409,0
2026-07-19 14:31:50,364,511,424,0
2026-07-19 14:31:51,361,505,430,0
2026-07-19 14:31:52,362,493,450,0
2026-07-19 14:31:53,370,500,462,0
2026-07-19 14:31:54,360,496,468,0
2026-07-19 14:31:55,355,526,451,0
2026-07-19 14:31:56,347,492,458,0
2026-07-19 14:31:57,317,503,461,0
2026-07-19 14:31:58,278,492,453,0
2026-07-19 14:31:59,282,514,468,0
2026-07-19 14:32:00,281,504,459,0
2026-07-19 14:32:01,268,496,471,0
2026-07-19 14:32:02,311,492,466,0
2026-07-19 14:32:03,335,503,446,0
2026-07-19 14:32:04,347,498,407,0
2026-07-19 14:32:05,308,488,389,0
2026-07-19 14:32:06,338,501,390,0
2026-07-19 14:32:07,358,500,387,0
2026-07-19 14:32:08,336,515,396,0
2026-07-19 14:32:09,349,506,428,0
2026-07-19 14:32:10,322,492,438,0
2026-07-19 14:32:11,327,514,434,0
2026-07-19 14:32:12,350,514,425,0
2026-07-19 14:32:13,312,507,470,0
2026-07-19 14:32:14,283,491,453,0
2026-07-19 14:32:15,287,509,446,0
2026-07-19 14:32:16,256,517,477,0
2026-07-19 14:32:17,265,499,491,0
2026-07-19 14:32:18,275,500,485,0
2026-07-19 14:32:19,299,483,475,0
2026-07-19 14:32:20,262,478,443,0
2026-07-19 14:32:21,297,505,448,0
2026-07-19 14:32:22,330,496,491,0
2026-07-19 14:32:23,327,489,445,0
2026-07-19 14:32:24,333,503,481,0
2026-07-19 14:32:25,371,495,441,0
2026-07-19 14:32:26,367,480,436,0
2026-07-19 14:32:27,349,485,411,0
2026-07-19 14:32:28,322,494,441,0
2026-07-19 14:32:29,344,486,460,0
2026-07-19 14:32:30,331,486,425,0
2026-07-19 14:32:31,374,490,431,0
2026-07-19 14:32:32,355,501,391,0
2026-07-19 14:32:33,360,510,399,0
2026-07-19 14:32:34,349,507,409,0
2026-07-19 14:32:35,344,485,420,0
2026-07-19 14:32:36,343,496,401,0
2026-07-19 14:32:37,341,493,425,0
2026-07-19 14:32:38,342,507,415,0
2026-07-19 14:32:39,366,513,414,0
2026-07-19 14:32:40,364,489,429,0
2026-07-19 14:32:41,354,490,404,0
2026-07-19 14:32:42,355,493,419,0
2026-07-19 14:32:43,340,516,434,0
2026-07-19 14:32:44,337,498,420,0
2026-07-19 14:32:45,337,490,446,0
2026-07-19 14:32:46,331,490,474,0
2026-07-19 14:32:47,285,500,488,0
2026-07-19 14:32:48,269,494,474,0
2026-07-19 14:32:49,282,509,457,0
2026-07-19 14:32:50,299,498,447,0
2026-07-19 14:32:51,308,514,454,0
2026-07-19 14:32:52,356,516,446,0
2026-07-19 14:32:53,346,512,426,0
2026-07-19 14:32:54,335,521,437,0
2026-07-19 14:32:55,337,506,435,0
2026-07-19 14:32:56,331,497,387,0
2026-07-19 14:32:57,344,504,384,0
2026-07-19 14:32:58,347,512,392,0
2026-07-19 14:32:59,356,502,388,0
2026-07-19 14:33:00,342,509,398,0
2026-07-19 14:33:01,344,500,408,0
2026-07-19 14:33:02,323,503,447,0
2026-07-19 14:33:03,292,496,447,0
2026-07-19 14:33:04,287,499,442,0
2026-07-19 14:33:05,284,493,457,0
2026-07-19 14:33:06,291,514,464,0
2026-07-19 14:33:07,301,499,449,0
2026-07-19 14:33:08,324,506,449,0
2026-07-19 14:33:09,378,492,457,0
2026-07-19 14:33:10,360,511,468,0
2026-07-19 14:33:11,335,494,445,0
2026-07-19 14:33:12,358,498,422,0
2026-07-19 14:33:13,363,511,408,0
2026-07-19 14:33:14,363,494,431,0
2026-07-19 14:33:15,333,498,454,0
2026-07-19 14:33:16,333,486,458,0
2026-07-19 14:33:17,342,494,492,0
2026-07-19 14:33:18,286,504,456,0
2026-07-19 14:33:19,272,501,500,0
2026-07-19 14:33:20,268,493,460,0
2026-07-19 14:33:21,268,501,480,0
2026-07-19 14:33:22,296,502,450,0
2026-07-19 14:33:23,345,514,442,0
2026-07-19 14:33:24,350,511,430,0
2026-07-19 14:33:25,352,513,438,0
2026-07-19 14:33:26,340,502,415,0
2026-07-19 14:33:27,333,504,389,0
2026-07-19 14:33:28,319,509,391,0
2026-07-19 14:33:29,335,500,393,0
2026-07-19 14:33:30,353,503,413,0
2026-07-19 14:33:31,336,495,442,0
2026-07-19 14:33:32,335,492,454,0
2026-07-19 14:33:33,312,497,450,0
2026-07-19 14:33:34,281,502,453,0
2026-07-19 14:33:35,275,513,450,0
2026-07-19 14:33:36,282,512,454,0
2026-07-19 14:33:37,350,490,451,0
2026-07-19 14:33:38,357,489,444,0
2026-07-19 14:33:39,351,499,461,0
2026-07-19 14:33:40,341,514,463,0
2026-07-19 14:33:41,352,516,402,0
2026-07-19 14:33:42,345,499,424,0
2026-07-19 14:33:43,352,512,423,0
2026-07-19 14:33:44,342,490,434,0
2026-07-19 14:33:45,356,489,457,0
2026-07-19 14:33:46,337,496,452,0
2026-07-19 14:33:47,288,507,483,0
2026-07-19 14:33:48,278,486,492,0
2026-07-19 14:33:49,271,503,471,0
2026-07-19 14:33:50,268,485,448,0
2026-07-19 14:33:51,279,488,466,0
2026-07-19 14:33:52,335,515,459,0
2026-07-19 14:33:53,354,511,448,0
2026-07-19 14:33:54,373,515,441,0
2026-07-19 14:33:55,356,502,423,0
2026-07-19 14:33:56,350,516,391,0
2026-07-19 14:33:57,339,495,371,0
2026-07-19 14:33:58,347,510,368,0
2026-07-19 14:33:59,313,494,384,0
2026-07-19 14:34:00,361,499,402,0
2026-07-19 14:34:01,337,495,437,0
2026-07-19 14:34:02,296,499,439,0
2026-07-19 14:34:03,292,494,450,0
2026-07-19 14:34:04,277,495,464,0
2026-07-19 14:34:05,273,508,461,0
2026-07-19 14:34:06,292,483,442,0
2026-07-19 14:34:07,273,511,454,0
2026-07-19 14:34:08,300,516,466,0
2026-07-19 14:34:09,369,506,457,0
2026-07-19 14:34:10,357,522,457,0
2026-07-19 14:34:11,370,515,450,0
2026-07-19 14:34:12,346,505,452,0
2026-07-19 14:34:13,363,497,441,0
2026-07-19 14:34:14,367,508,434,0
2026-07-19 14:34:15,363,506,449,0
2026-07-19 14:34:16,368,521,419,0
2026-07-19 14:34:17,359,493,428,0
2026-07-19 14:34:18,339,502,427,0
2026-07-19 14:34:19,356,513,432,0
2026-07-19 14:34:20,368,485,392,0
2026-07-19 14:34:21,343,509,428,0
2026-07-19 14:34:22,368,494,478,0
2026-07-19 14:34:23,325,500,462,0
2026-07-19 14:34:24,330,494,496,0
2026-07-19 14:34:25,321,493,457,0
2026-07-19 14:34:26,289,494,523,0
2026-07-19 14:34:27,277,500,509,0
2026-07-19 14:34:28,301,509,486,0
2026-07-19 14:34:29,302,512,462,0
2026-07-19 14:34:30,259,505,454,0
2026-07-19 14:34:31,296,509,455,0
2026-07-19 14:34:32,353,497,452,0
2026-07-19 14:34:33,325,507,447,0
2026-07-19 14:34:34,335,510,447,0
2026-07-19 14:34:35,375,508,416,0
2026-07-19 14:34:36,341,523,397,0
2026-07-19 14:34:37,356,514,392,0
2026-07-19 14:34:38,323,516,392,0
2026-07-19 14:34:39,311,500,392,0
2026-07-19 14:34:40,348,496,442,0
2026-07-19 14:34:41,311,498,460,0
2026-07-19 14:34:42,285,488,425,0
2026-07-19 14:34:43,273,488,445,0
2026-07-19 14:34:44,268,497,448,0
2026-07-19 14:34:45,287,515,450,0
2026-07-19 14:34:46,302,519,450,0
2026-07-19 14:34:47,358,500,451,0
2026-07-19 14:34:48,336,513,469,0
2026-07-19 14:34:49,366,500,453,0
2026-07-19 14:34:50,365,512,399,0
2026-07-19 14:34:51,355,504,433,0
2026-07-19 14:34:52,377,512,418,0
2026-07-19 14:34:53,366,511,422,0
2026-07-19 14:34:54,353,498,461,0
2026-07-19 14:34:55,331,490,463,0
2026-07-19 14:34:56,321,507,486,0
2026-07-19 14:34:57,286,509,466,0
2026-07-19 14:34:58,297,507,483,0
2026-07-19 14:34:59,266,496,475,0
2026-07-19 14:35:00,276,508,478,0
2026-07-19 14:35:01,269,509,470,0
2026-07-19 14:35:02,283,484,437,0
2026-07-19 14:35:03,268,484,458,0
2026-07-19 14:35:04,279,490,484,0
2026-07-19 14:35:05,288,500,475,0
2026-07-19 14:35:06,288,505,444,0
2026-07-19 14:35:07,313,510,460,0
2026-07-19 14:35:08,324,509,449,0
2026-07-19 14:35:09,345,512,452,0
2026-07-19 14:35:10,335,513,453,0
2026-07-19 14:35:11,344,520,434,0
2026-07-19 14:35:12,328,521,448,0
2026-07-19 14:35:13,343,497,458,0
2026-07-19 14:35:14,344,519,447,0
2026-07-19 14:35:15,346,516,407,0
2026-07-19 14:35:16,342,510,411,0
2026-07-19 14:35:17,328,492,402,0
2026-07-19 14:35:18,331,518,395,0
2026-07-19 14:35:19,344,509,385,0
2026-07-19 14:35:20,349,528,388,0
2026-07-19 14:35:21,338,495,413,0
2026-07-19 14:35:22,324,492,390,0
2026-07-19 14:35:23,350,496,394,0
2026-07-19 14:35:24,340,497,392,0
2026-07-19 14:35:25,322,496,420,0
2026-07-19 14:35:26,357,498,403,0
2026-07-19 14:35:27,342,490,419,0
2026-07-19 14:35:28,339,502,450,0
2026-07-19 14:35:29,334,496,446,0
2026-07-19 14:35:30,321,496,446,0
2026-07-19 14:35:31,318,496,470,0
2026-07-19 14:35:32,324,490,468,0
2026-07-19 14:35:33,271,500,447,0
2026-07-19 14:35:34,275,498,460,0
2026-07-19 14:35:35,298,505,465,0
2026-07-19 14:35:36,268,497,453,0
2026-07-19 14:35:37,278,485,443,0
2026-07-19 14:35:38,275,499,462,0
2026-07-19 14:35:39,274,496,453,0
2026-07-19 14:35:40,277,495,464,0
2026-07-19 14:35:41,269,503,456,0
2026-07-19 14:35:42,255,509,468,0
2026-07-19 14:35:43,294,509,456,0
2026-07-19 14:35:44,262,514,457,0
2026-07-19 14:35:45,299,513,445,0
2026-07-19 14:35:46,301,500,459,0
2026-07-19 14:35:47,281,513,468,0
2026-07-19 14:35:48,288,499,458,0
2026-07-19 14:35:49,304,502,464,0
2026-07-19 14:35:50,321,494,451,0
2026-07-19 14:35:51,354,503,455,0
2026-07-19 14:35:52,374,508,468,0
2026-07-19 14:35:53,350,493,456,0
2026-07-19 14:35:54,350,501,472,0
2026-07-19 14:35:55,349,492,450,0
2026-07-19 14:35:56,359,514,480,0
2026-07-19 14:35:57,368,520,475,0
2026-07-19 14:35:58,369,510,444,0
2026-07-19 14:35:59,357,507,466,0
2026-07-19 14:36:00,359,505,415,0
2026-07-19 14:36:01,348,502,449,0
2026-07-19 14:36:02,321,500,424,0
2026-07-19 14:36:03,360,525,418,0
2026-07-19 14:36:04,362,498,433,0
2026-07-19 14:36:05,362,513,411,0
2026-07-19 14:36:06,367,511,406,0
2026-07-19 14:36:07,360,500,414,0
2026-07-19 14:36:08,351,514,418,0
2026-07-19 14:36:09,361,511,445,0
2026-07-19 14:36:10,372,499,440,0
2026-07-19 14:36:11,351,498,468,0
2026-07-19 14:36:12,368,498,460,0
2026-07-19 14:36:13,374,503,462,0
2026-07-19 14:36:14,369,508,482,0
2026-07-19 14:36:15,358,500,486,0
2026-07-19 14:36:16,370,510,478,0
2026-07-19 14:36:17,354,512,451,0
2026-07-19 14:36:18,365,517,463,0
2026-07-19 14:36:19,360,513,455,0
2026-07-19 14:36:20,338,499,460,0
2026-07-19 14:36:21,320,511,459,0
2026-07-19 14:36:22,295,489,443,0
2026-07-19 14:36:23,289,506,461,0
2026-07-19 14:36:24,283,498,470,0
2026-07-19 14:36:25,301,488,458,0
2026-07-19 14:36:26,297,516,470,0
2026-07-19 14:36:27,282,493,438,0
2026-07-19 14:36:28,282,495,457,0
2026-07-19 14:36:29,292,501,468,0
2026-07-19 14:36:30,277,504,460,0
2026-07-19 14:36:31,267,501,449,0
2026-07-19 14:36:32,276,496,468,0
2026-07-19 14:36:33,284,493,462,0
2026-07-19 14:36:34,275,501,440,0
2026-07-19 14:36:35,282,502,464,0
2026-07-19 14:36:36,283,508,460,0
2026-07-19 14:36:37,281,503,454,0
2026-07-19 14:36:38,279,500,471,0
2026-07-19 14:36:39,303,491,454,0
2026-07-19 14:36:40,287,490,450,0
2026-07-19 14:36:41,289,490,434,0
2026-07-19 14:36:42,283,493,472,0
2026-07-19 14:36:43,288,502,446,0
2026-07-19 14:36:44,276,497,445,0
2026-07-19 14:36:45,279,496,469,0
2026-07-19 14:36:46,280,495,472,0
2026-07-19 14:36:47,282,507,466,0
2026-07-19 14:36:48,299,499,453,0
2026-07-19 14:36:49,271,505,431,0
2026-07-19 14:36:50,295,493,465,0
2026-07-19 14:36:51,349,490,465,0
2026-07-19 14:36:52,380,518,459,0
2026-07-19 14:36:53,371,492,459,0
2026-07-19 14:36:54,362,517,438,0
2026-07-19 14:36:55,355,507,445,0
2026-07-19 14:36:56,346,497,430,0
2026-07-19 14:36:57,361,500,430,0
2026-07-19 14:36:58,349,519,436,0
2026-07-19 14:36:59,346,513,440,0
2026-07-19 14:37:00,349,503,434,0
2026-07-19 14:37:01,353,485,447,0
2026-07-19 14:37:02,324,501,502,0
2026-07-19 14:37:03,311,490,487,0
2026-07-19 14:37:04,256,493,508,0
2026-07-19 14:37:05,268,506,470,0
2026-07-19 14:37:06,268,473,474,0
2026-07-19 14:37:07,273,496,488,0
2026-07-19 14:37:08,253,486,472,0
2026-07-19 14:37:09,251,499,455,0
2026-07-19 14:37:10,270,501,477,0
2026-07-19 14:37:11,285,494,442,0
2026-07-19 14:37:12,275,506,456,0
2026-07-19 14:37:13,314,513,468,0
2026-07-19 14:37:14,321,495,464,0
2026-07-19 14:37:15,333,507,471,0
2026-07-19 14:37:16,318,495,455,0
2026-07-19 14:37:17,321,510,452,0
2026-07-19 14:37:18,336,508,440,0
2026-07-19 14:37:19,328,510,463,0
2026-07-19 14:37:20,339,498,430,0
2026-07-19 14:37:21,330,500,453,0
2026-07-19 14:37:22,318,499,458,0
2026-07-19 14:37:23,303,509,450,0
2026-07-19 14:37:24,315,506,436,0
2026-07-19 14:37:25,295,506,465,0
2026-07-19 14:37:26,284,486,475,0
2026-07-19 14:37:27,283,500,476,0
2026-07-19 14:37:28,273,510,471,0
2026-07-19 14:37:29,271,493,449,0
2026-07-19 14:37:30,286,491,471,0
2026-07-19 14:37:31,303,485,484,0
2026-07-19 14:37:32,348,501,444,0
2026-07-19 14:37:33,335,502,475,0
2026-07-19 14:37:34,344,523,421,0
2026-07-19 14:37:35,359,507,426,0
2026-07-19 14:37:36,366,508,439,0
2026-07-19 14:37:37,369,513,417,0
2026-07-19 14:37:38,358,514,446,0
2026-07-19 14:37:39,359,525,469,0
2026-07-19 14:37:40,333,508,448,0
2026-07-19 14:37:41,362,514,463,0
2026-07-19 14:37:42,314,512,443,0
2026-07-19 14:37:43,298,515,449,0
2026-07-19 14:37:44,279,502,455,0
2026-07-19 14:37:45,264,509,471,0
2026-07-19 14:37:46,268,495,479,0
2026-07-19 14:37:47,283,489,464,0
2026-07-19 14:37:48,297,495,470,0
2026-07-19 14:37:49,331,494,446,0
2026-07-19 14:37:50,345,496,415,0
2026-07-19 14:37:51,342,497,410,0
2026-07-19 14:37:52,369,508,401,0
2026-07-19 14:37:53,348,508,372,0
2026-07-19 14:37:54,339,509,370,0
2026-07-19 14:37:55,329,502,393,0
2026-07-19 14:37:56,343,504,401,0
2026-07-19 14:37:57,329,507,406,0
2026-07-19 14:37:58,330,506,444,0
2026-07-19 14:37:59,358,515,455,0
2026-07-19 14:38:00,321,506,459,0
2026-07-19 14:38:01,367,497,460,0
2026-07-19 14:38:02,325,496,463,0
2026-07-19 14:38:03,341,519,444,0
2026-07-19 14:38:04,292,511,476,0
2026-07-19 14:38:05,266,502,468,0
2026-07-19 14:38:06,277,482,499,0
2026-07-19 14:38:07,265,484,479,0
2026-07-19 14:38:08,280,504,483,0
2026-07-19 14:38:09,307,506,479,0
2026-07-19 14:38:10,326,489,513,0
2026-07-19 14:38:11,350,490,483,0
2026-07-19 14:38:12,353,504,464,0
2026-07-19 14:38:13,348,489,423,0
2026-07-19 14:38:14,364,486,443,0
2026-07-19 14:38:15,352,479,439,0
2026-07-19 14:38:16,367,500,414,0
2026-07-19 14:38:17,366,509,446,0
2026-07-19 14:38:18,340,501,425,0
2026-07-19 14:38:19,344,509,412,0
2026-07-19 14:38:20,341,488,417,0
2026-07-19 14:38:21,344,491,471,0
2026-07-19 14:38:22,358,498,478,0
2026-07-19 14:38:23,321,496,501,0
2026-07-19 14:38:24,336,502,501,0
2026-07-19 14:38:25,304,486,501,0
2026-07-19 14:38:26,266,494,495,0
2026-07-19 14:38:27,285,501,504,0
2026-07-19 14:38:28,274,503,491,0
2026-07-19 14:38:29,269,494,455,0
2026-07-19 14:38:30,302,490,465,0
2026-07-19 14:38:31,335,494,427,0
2026-07-19 14:38:32,365,516,445,0
2026-07-19 14:38:33,380,514,427,0
2026-07-19 14:38:34,337,505,406,0
2026-07-19 14:38:35,340,516,389,0
2026-07-19 14:38:36,364,482,403,0
2026-07-19 14:38:37,350,512,395,0
2026-07-19 14:38:38,350,497,409,0
2026-07-19 14:38:39,347,499,455,0
2026-07-19 14:38:40,303,502,459,0
2026-07-19 14:38:41,283,498,437,0
2026-07-19 14:38:42,258,492,446,0
2026-07-19 14:38:43,253,482,457,0
2026-07-19 14:38:44,303,486,455,0
2026-07-19 14:38:45,343,490,469,0
2026-07-19 14:38:46,372,514,450,0
2026-07-19 14:38:47,344,498,458,0
2026-07-19 14:38:48,383,494,423,0
2026-07-19 14:38:49,334,494,403,0
2026-07-19 14:38:50,359,500,440,0
2026-07-19 14:38:51,345,493,426,0
2026-07-19 14:38:52,361,503,420,0
2026-07-19 14:38:53,360,483,445,0
2026-07-19 14:38:54,314,490,486,0
2026-07-19 14:38:55,296,494,495,0
2026-07-19 14:38:56,288,480,472,0
2026-07-19 14:38:57,283,505,460,0
2026-07-19 14:38:58,281,502,467,0
2026-07-19 14:38:59,302,521,462,0
2026-07-19 14:39:00,351,515,444,0
2026-07-19 14:39:01,338,506,449,0
2026-07-19 14:39:02,352,504,452,0
2026-07-19 14:39:03,360,488,426,0
2026-07-19 14:39:04,336,504,399,0
2026-07-19 14:39:05,352,501,386,0
2026-07-19 14:39:06,355,494,390,0
2026-07-19 14:39:07,321,503,450,0
2026-07-19 14:39:08,322,489,431,0
2026-07-19 14:39:09,290,509,456,0
2026-07-19 14:39:10,283,496,452,0
2026-07-19 14:39:11,257,505,441,0
2026-07-19 14:39:12,290,508,449,0
2026-07-19 14:39:13,314,510,447,0
2026-07-19 14:39:14,329,514,455,0
2026-07-19 14:39:15,349,510,461,0
2026-07-19 14:39:16,355,514,465,0
2026-07-19 14:39:17,354,501,470,0
2026-07-19 14:39:18,372,490,436,0
2026-07-19 14:39:19,357,517,429,0
2026-07-19 14:39:20,358,518,438,0
2026-07-19 14:39:21,332,510,432,0
2026-07-19 14:39:22,362,497,421,0
2026-07-19 14:39:23,360,480,466,0
2026-07-19 14:39:24,333,506,458,0
2026-07-19 14:39:25,289,494,454,0
2026-07-19 14:39:26,273,520,509,0
2026-07-19 14:39:27,279,480,472,0
2026-07-19 14:39:28,277,494,477,0
2026-07-19 14:39:29,309,497,451,0
2026-07-19 14:39:30,329,505,465,0
2026-07-19 14:39:31,371,505,442,0
2026-07-19 14:39:32,339,512,453,0
2026-07-19 14:39:33,343,506,431,0
2026-07-19 14:39:34,351,505,410,0
2026-07-19 14:39:35,329,505,384,0
2026-07-19 14:39:36,326,520,415,0
2026-07-19 14:39:37,333,509,395,0
2026-07-19 14:39:38,322,495,408,0
2026-07-19 14:39:39,355,502,413,0
2026-07-19 14:39:40,353,495,466,0
2026-07-19 14:39:41,301,490,439,0
2026-07-19 14:39:42,309,500,436,0
2026-07-19 14:39:43,290,491,453,0
2026-07-19 14:39:44,283,497,450,0
2026-07-19 14:39:45,293,491,464,0
2026-07-19 14:39:46,306,494,470,0
2026-07-19 14:39:47,283,498,457,0
2026-07-19 14:39:48,299,484,452,0
2026-07-19 14:39:49,292,496,445,0
2026-07-19 14:39:50,275,501,460,0
2026-07-19 14:39:51,305,508,450,0
2026-07-19 14:39:52,265,528,463,0
2026-07-19 14:39:53,287,515,453,0
2026-07-19 14:39:54,292,488,469,0
2026-07-19 14:39:55,294,492,455,0
2026-07-19 14:39:56,289,494,442,0
2026-07-19 14:39:57,274,502,449,0
2026-07-19 14:39:58,268,496,443,0
2026-07-19 14:39:59,279,487,460,0
2026-07-19 14:40:00,275,505,452,0
2026-07-19 14:40:01,269,511,470,0
2026-07-19 14:40:02,280,499,449,0
2026-07-19 14:40:03,272,494,460,0
2026-07-19 14:40:04,303,490,463,0
2026-07-19 14:40:05,345,497,451,0
2026-07-19 14:40:06,353,503,446,0
2026-07-19 14:40:07,352,508,400,0
2026-07-19 14:40:08,345,516,380,0
2026-07-19 14:40:09,341,509,402,0
2026-07-19 14:40:10,336,495,396,0
2026-07-19 14:40:11,322,514,372,0
2026-07-19 14:40:12,366,518,433,0
2026-07-19 14:40:13,334,520,454,0
2026-07-19 14:40:14,329,501,442,0
2026-07-19 14:40:15,327,500,458,0
2026-07-19 14:40:16,289,492,437,0
2026-07-19 14:40:17,254,497,488,0
2026-07-19 14:40:18,283,489,455,0
2026-07-19 14:40:19,263,499,475,0
2026-07-19 14:40:20,305,486,492,0
2026-07-19 14:40:21,343,493,521,0
2026-07-19 14:40:22,357,493,460,0
2026-07-19 14:40:23,337,488,445,0
2026-07-19 14:40:24,352,508,403,0
2026-07-19 14:40:25,358,515,435,0
2026-07-19 14:40:26,334,513,464,0
2026-07-19 14:40:27,357,505,449,0
2026-07-19 14:40:28,349,508,449,0
2026-07-19 14:40:29,347,505,456,0
2026-07-19 14:40:30,350,489,463,0
2026-07-19 14:40:31,336,498,455,0
2026-07-19 14:40:32,330,513,445,0
2026-07-19 14:40:33,285,519,458,0
2026-07-19 14:40:34,275,501,434,0
2026-07-19 14:40:35,281,507,438,0
2026-07-19 14:40:36,277,497,445,0
2026-07-19 14:40:37,325,499,462,0
2026-07-19 14:40:38,288,489,462,0
2026-07-19 14:40:39,360,505,400,0
2026-07-19 14:40:40,363,508,397,0
2026-07-19 14:40:41,348,502,393,0
2026-07-19 14:40:42,345,492,384,0
2026-07-19 14:40:43,352,510,406,0
2026-07-19 14:40:44,343,514,424,0
2026-07-19 14:40:45,322,490,434,0
2026-07-19 14:40:46,353,514,448,0
2026-07-19 14:40:47,323,506,468,0
2026-07-19 14:40:48,300,515,452,0
2026-07-19 14:40:49,284,499,456,0
2026-07-19 14:40:50,267,492,454,0
2026-07-19 14:40:51,267,481,479,0
2026-07-19 14:40:52,312,511,468,0
2026-07-19 14:40:53,323,494,501,0
2026-07-19 14:40:54,347,491,452,0
2026-07-19 14:40:55,319,488,471,0
2026-07-19 14:40:56,381,506,425,0
2026-07-19 14:40:57,346,488,444,0
2026-07-19 14:40:58,331,491,413,0
2026-07-19 14:40:59,360,510,452,0
2026-07-19 14:41:00,362,502,472,0
2026-07-19 14:41:01,370,513,447,0
2026-07-19 14:41:02,338,520,443,0
2026-07-19 14:41:03,320,489,426,0
2026-07-19 14:41:04,299,510,462,0
2026-07-19 14:41:05,281,513,470,0
2026-07-19 14:41:06,287,500,446,0
2026-07-19 14:41:07,274,492,454,0
2026-07-19 14:41:08,294,500,452,0
2026-07-19 14:41:09,306,510,441,0
2026-07-19 14:41:10,348,495,418,0
2026-07-19 14:41:11,354,497,401,0
2026-07-19 14:41:12,349,488,373,0
2026-07-19 14:41:13,347,494,419,0
2026-07-19 14:41:14,336,506,400,0
2026-07-19 14:41:15,358,506,384,0
2026-07-19 14:41:16,357,507,387,0
2026-07-19 14:41:17,339,510,385,0
2026-07-19 14:41:18,360,485,392,0
2026-07-19 14:41:19,347,514,416,0
2026-07-19 14:41:20,339,503,399,0
2026-07-19 14:41:21,349,518,402,0
2026-07-19 14:41:22,314,512,418,0
2026-07-19 14:41:23,359,505,426,0
2026-07-19 14:41:24,359,514,414,0
2026-07-19 14:41:25,352,503,411,0
2026-07-19 14:41:26,335,499,396,0
2026-07-19 14:41:27,329,502,391,0
2026-07-19 14:41:28,359,511,383,0
2026-07-19 14:41:29,333,502,382,0
2026-07-19 14:41:30,355,524,401,0
2026-07-19 14:41:31,357,502,391,0
2026-07-19 14:41:32,335,502,389,0
2026-07-19 14:41:33,338,498,434,0
2026-07-19 14:41:34,325,489,463,0
2026-07-19 14:41:35,288,496,462,0
2026-07-19 14:41:36,270,495,450,0
2026-07-19 14:41:37,282,497,461,0
2026-07-19 14:41:38,312,490,451,0
2026-07-19 14:41:39,322,516,461,0
2026-07-19 14:41:40,354,514,447,0
2026-07-19 14:41:41,361,493,462,0
2026-07-19 14:41:42,365,503,431,0
2026-07-19 14:41:43,362,522,394,0
2026-07-19 14:41:44,339,511,423,0
2026-07-19 14:41:45,346,513,430,0
2026-07-19 14:41:46,313,499,431,0
2026-07-19 14:41:47,330,510,481,0
2026-07-19 14:41:48,307,496,506,0
2026-07-19 14:41:49,259,512,482,0
2026-07-19 14:41:50,271,505,467,0
2026-07-19 14:41:51,271,484,484,0
2026-07-19 14:41:52,262,518,466,0
2026-07-19 14:41:53,267,484,484,0
2026-07-19 14:41:54,287,493,444,0
2026-07-19 14:41:55,341,486,449,0
2026-07-19 14:41:56,326,488,449,0
2026-07-19 14:41:57,328,484,446,0
2026-07-19 14:41:58,345,502,453,0
2026-07-19 14:41:59,334,501,438,0
2026-07-19 14:42:00,359,501,418,0
2026-07-19 14:42:01,342,498,397,0
2026-07-19 14:42:02,319,506,389,0
2026-07-19 14:42:03,354,498,412,0
2026-07-19 14:42:04,331,514,390,0
2026-07-19 14:42:05,323,490,406,0
2026-07-19 14:42:06,332,512,399,0
2026-07-19 14:42:07,306,495,389,0
2026-07-19 14:42:08,322,497,418,0
2026-07-19 14:42:09,354,494,436,0
2026-07-19 14:42:10,318,513,454,0
2026-07-19 14:42:11,321,501,463,0
2026-07-19 14:42:12,317,496,462,0
2026-07-19 14:42:13,287,506,469,0
2026-07-19 14:42:14,278,501,462,0
2026-07-19 14:42:15,257,496,475,0
2026-07-19 14:42:16,282,495,459,0
2026-07-19 14:42:17,289,494,464,0
2026-07-19 14:42:18,295,507,452,0
2026-07-19 14:42:19,273,517,462,0
2026-07-19 14:42:20,284,492,454,0
2026-07-19 14:42:21,266,516,466,0
2026-07-19 14:42:22,285,485,446,0
2026-07-19 14:42:23,295,524,457,0
2026-07-19 14:42:24,319,513,461,0
2026-07-19 14:42:25,344,516,460,0
2026-07-19 14:42:26,355,522,447,0
2026-07-19 14:42:27,359,493,457,0
2026-07-19 14:42:28,364,513,453,0
2026-07-19 14:42:29,342,494,453,0
2026-07-19 14:42:30,346,488,391,0
2026-07-19 14:42:31,341,501,421,0
2026-07-19 14:42:32,325,503,454,0
2026-07-19 14:42:33,373,506,440,0
2026-07-19 14:42:34,363,515,441,0
2026-07-19 14:42:35,342,507,451,0
2026-07-19 14:42:36,352,496,478,0
2026-07-19 14:42:37,364,512,466,0
2026-07-19 14:42:38,364,486,467,0
2026-07-19 14:42:39,344,514,441,0
2026-07-19 14:42:40,351,493,462,0
2026-07-19 14:42:41,292,486,450,0
2026-07-19 14:42:42,297,510,468,0
2026-07-19 14:42:43,274,486,463,0
2026-07-19 14:42:44,278,495,456,0
2026-07-19 14:42:45,273,497,470,0
2026-07-19 14:42:46,316,501,449,0
2026-07-19 14:42:47,333,503,451,0
2026-07-19 14:42:48,342,493,436,0
2026-07-19 14:42:49,334,512,395,0
2026-07-19 14:42:50,354,488,396,0
2026-07-19 14:42:51,324,509,375,0
2026-07-19 14:42:52,342,494,385,0
2026-07-19 14:42:53,322,514,420,0
2026-07-19 14:42:54,345,521,457,0
2026-07-19 14:42:55,354,508,448,0
2026-07-19 14:42:56,317,490,452,0
2026-07-19 14:42:57,295,504,452,0
2026-07-19 14:42:58,278,507,484,0
2026-07-19 14:42:59,255,518,486,0
2026-07-19 14:43:00,270,491,476,0
2026-07-19 14:43:01,270,484,513,0
2026-07-19 14:43:02,306,489,487,0
2026-07-19 14:43:03,351,492,496,0
2026-07-19 14:43:04,348,501,463,0
2026-07-19 14:43:05,332,503,453,0
2026-07-19 14:43:06,333,506,429,0
2026-07-19 14:43:07,330,497,422,0
2026-07-19 14:43:08,350,529,434,0
2026-07-19 14:43:09,362,517,446,0
2026-07-19 14:43:10,376,502,436,0
2026-07-19 14:43:11,366,501,470,0
2026-07-19 14:43:12,377,500,468,0
2026-07-19 14:43:13,367,504,460,0
2026-07-19 14:43:14,353,493,483,0
2026-07-19 14:43:15,353,509,466,0
2026-07-19 14:43:16,342,505,466,0
2026-07-19 14:43:17,366,511,439,0
2026-07-19 14:43:18,264,494,451,0
2026-07-19 14:43:19,303,499,463,0
2026-07-19 14:43:20,264,512,461,0
2026-07-19 14:43:21,279,526,450,0
2026-07-19 14:43:22,280,512,444,0
2026-07-19 14:43:24,249,514,457,0
2026-07-19 14:43:24,284,507,447,0
2026-07-19 14:43:25,262,499,456,0
2026-07-19 14:43:26,282,516,459,0
2026-07-19 14:43:27,293,503,460,0
2026-07-19 14:43:28,287,510,450,0
2026-07-19 14:43:29,268,493,461,0
2026-07-19 14:43:30,275,499,455,0
2026-07-19 14:43:31,275,495,448,0
2026-07-19 14:43:32,289,515,453,0
2026-07-19 14:43:33,306,509,445,0
2026-07-19 14:43:34,258,492,483,0
2026-07-19 14:43:35,296,499,448,0
2026-07-19 14:43:36,302,493,456,0
2026-07-19 14:43:37,267,499,447,0
2026-07-19 14:43:38,270,489,441,0
2026-07-19 14:43:39,310,512,476,0
2026-07-19 14:43:40,291,509,448,0
2026-07-19 14:43:41,278,508,458,0
2026-07-19 14:43:42,255,506,464,0
2026-07-19 14:43:43,297,515,467,0
2026-07-19 14:43:44,311,518,448,0
2026-07-19 14:43:45,296,486,466,0
2026-07-19 14:43:46,300,514,448,0
2026-07-19 14:43:47,325,496,455,0
2026-07-19 14:43:48,321,504,459,0
2026-07-19 14:43:49,349,492,450,0
2026-07-19 14:43:50,344,528,451,0
2026-07-19 14:43:51,360,496,443,0
2026-07-19 14:43:52,371,510,460,0
2026-07-19 14:43:53,371,517,455,0
2026-07-19 14:43:54,362,512,468,0
2026-07-19 14:43:55,370,493,467,0
2026-07-19 14:43:56,368,519,434,0
2026-07-19 14:43:57,384,496,405,0
2026-07-19 14:43:58,334,512,422,0
2026-07-19 14:43:59,373,504,426,0
2026-07-19 14:44:00,353,503,421,0
2026-07-19 14:44:01,349,494,425,0
2026-07-19 14:44:02,347,496,463,0
2026-07-19 14:44:03,350,494,434,0
2026-07-19 14:44:04,344,488,491,0
2026-07-19 14:44:05,286,491,504,0
2026-07-19 14:44:06,271,489,493,0
2026-07-19 14:44:07,281,497,497,0
2026-07-19 14:44:08,286,514,449,0
2026-07-19 14:44:09,267,487,487,0
2026-07-19 14:44:10,280,498,481,0
2026-07-19 14:44:11,309,493,454,0
2026-07-19 14:44:12,333,500,459,0
2026-07-19 14:44:13,319,496,444,0
2026-07-19 14:44:14,346,491,455,0
2026-07-19 14:44:15,333,505,435,0
2026-07-19 14:44:16,357,510,441,0
2026-07-19 14:44:17,356,522,463,0
2026-07-19 14:44:18,337,510,447,0
2026-07-19 14:44:19,360,505,430,0
2026-07-19 14:44:20,341,502,444,0
2026-07-19 14:44:21,340,507,448,0
2026-07-19 14:44:22,359,513,426,0
2026-07-19 14:44:23,339,501,409,0
2026-07-19 14:44:24,350,522,425,0
2026-07-19 14:44:25,334,521,445,0
2026-07-19 14:44:26,337,499,434,0
2026-07-19 14:44:27,353,509,429,0
2026-07-19 14:44:28,346,518,448,0
2026-07-19 14:44:29,325,500,457,0
2026-07-19 14:44:30,320,489,450,0
2026-07-19 14:44:31,288,512,454,0
2026-07-19 14:44:32,299,519,472,0
2026-07-19 14:44:33,287,495,473,0
2026-07-19 14:44:34,282,479,480,0
2026-07-19 14:44:35,248,489,497,0
2026-07-19 14:44:36,297,486,514,0
2026-07-19 14:44:37,334,504,518,0
2026-07-19 14:44:38,377,498,450,0
2026-07-19 14:44:39,325,511,448,0
2026-07-19 14:44:40,358,518,405,0
2026-07-19 14:44:41,339,511,448,0
2026-07-19 14:44:42,369,509,436,0
2026-07-19 14:44:43,386,507,434,0
2026-07-19 14:44:44,353,501,458,0
2026-07-19 14:44:45,366,519,441,0
2026-07-19 14:44:46,343,512,457,0
2026-07-19 14:44:47,294,486,443,0
2026-07-19 14:44:48,302,494,450,0
2026-07-19 14:44:49,266,491,460,0
2026-07-19 14:44:50,289,498,448,0
2026-07-19 14:44:51,274,499,449,0
2026-07-19 14:44:52,312,501,452,0
2026-07-19 14:44:53,326,505,435,0
2026-07-19 14:44:54,350,506,425,0
2026-07-19 14:44:55,344,493,390,0
2026-07-19 14:44:56,341,493,408,0
2026-07-19 14:44:57,364,508,415,0
2026-07-19 14:44:58,354,499,391,0
2026-07-19 14:44:59,347,507,393,0
2026-07-19 14:45:00,341,507,409,0
2026-07-19 14:45:01,337,498,405,0
2026-07-19 14:45:02,338,508,424,0
2026-07-19 14:45:03,334,500,444,0
2026-07-19 14:45:04,351,502,448,0
2026-07-19 14:45:05,362,523,448,0
2026-07-19 14:45:06,344,518,448,0
2026-07-19 14:45:07,328,504,436,0
2026-07-19 14:45:08,341,492,444,0
2026-07-19 14:45:09,346,513,448,0
2026-07-19 14:45:10,342,504,395,0
2026-07-19 14:45:11,328,500,403,0
2026-07-19 14:45:12,347,502,390,0
2026-07-19 14:45:13,332,507,383,0
2026-07-19 14:45:14,367,495,420,0
2026-07-19 14:45:15,326,495,433,0
2026-07-19 14:45:16,302,495,453,0
2026-07-19 14:45:17,271,503,456,0
2026-07-19 14:45:18,271,509,451,0
2026-07-19 14:45:19,276,507,453,0
2026-07-19 14:45:20,276,491,450,0
2026-07-19 14:45:21,315,511,441,0
2026-07-19 14:45:22,356,500,480,0
2026-07-19 14:45:23,364,511,449,0
2026-07-19 14:45:24,333,517,440,0
2026-07-19 14:45:25,348,514,421,0
2026-07-19 14:45:26,321,488,451,0
2026-07-19 14:45:27,333,495,486,0
2026-07-19 14:45:28,299,495,527,0
2026-07-19 14:45:29,269,484,476,0
2026-07-19 14:45:30,262,516,506,0
2026-07-19 14:45:31,282,484,499,0
2026-07-19 14:45:32,262,500,484,0
2026-07-19 14:45:33,292,498,462,0
2026-07-19 14:45:34,346,483,467,0
2026-07-19 14:45:35,343,505,441,0
2026-07-19 14:45:36,362,509,421,0
2026-07-19 14:45:37,356,503,437,0
2026-07-19 14:45:38,344,507,400,0
2026-07-19 14:45:39,329,514,390,0
2026-07-19 14:45:40,333,502,399,0
2026-07-19 14:45:41,312,507,388,0
2026-07-19 14:45:42,343,512,389,0
2026-07-19 14:45:43,330,495,412,0
2026-07-19 14:45:44,351,505,438,0
2026-07-19 14:45:45,323,486,446,0
2026-07-19 14:45:46,285,496,461,0
2026-07-19 14:45:47,300,502,485,0
2026-07-19 14:45:48,303,496,460,0
2026-07-19 14:45:49,300,503,447,0
2026-07-19 14:45:50,302,505,445,0
2026-07-19 14:45:51,293,487,456,0
2026-07-19 14:45:52,289,515,457,0
2026-07-19 14:45:53,329,487,452,0
2026-07-19 14:45:54,336,493,446,0
2026-07-19 14:45:55,363,518,453,0
2026-07-19 14:45:56,373,514,456,0
2026-07-19 14:45:57,351,492,458,0
2026-07-19 14:45:58,362,513,477,0
2026-07-19 14:45:59,362,504,491,0
2026-07-19 14:46:00,337,502,470,0
2026-07-19 14:46:01,364,511,457,0
2026-07-19 14:46:02,356,495,421,0
2026-07-19 14:46:03,344,517,401,0
2026-07-19 14:46:04,363,515,443,0
2026-07-19 14:46:05,343,514,447,0
2026-07-19 14:46:06,341,505,417,0
2026-07-19 14:46:07,342,492,427,0
2026-07-19 14:46:08,343,507,473,0
2026-07-19 14:46:09,351,489,443,0
2026-07-19 14:46:10,337,489,462,0
2026-07-19 14:46:11,290,487,462,0
2026-07-19 14:46:12,284,504,511,0
2026-07-19 14:46:13,278,477,458,0
2026-07-19 14:46:14,281,489,461,0
2026-07-19 14:46:15,269,482,461,0
2026-07-19 14:46:16,279,491,477,0
2026-07-19 14:46:17,282,508,494,0
2026-07-19 14:46:18,283,515,478,0
2026-07-19 14:46:19,282,489,483,0
2026-07-19 14:46:20,270,521,475,0
2026-07-19 14:46:21,273,505,456,0
2026-07-19 14:46:22,276,503,468,0
2026-07-19 14:46:23,274,487,476,0
2026-07-19 14:46:24,289,496,462,0
2026-07-19 14:46:25,297,508,450,0
2026-07-19 14:46:26,288,486,465,0
2026-07-19 14:46:27,294,510,463,0
2026-07-19 14:46:28,319,498,454,0
2026-07-19 14:46:29,338,509,461,0
2026-07-19 14:46:30,330,519,434,0
2026-07-19 14:46:31,313,506,473,0
2026-07-19 14:46:32,332,507,457,0
2026-07-19 14:46:33,326,505,460,0
2026-07-19 14:46:34,349,521,440,0
2026-07-19 14:46:35,353,508,471,0
2026-07-19 14:46:36,361,496,429,0
2026-07-19 14:46:37,356,521,428,0
2026-07-19 14:46:38,333,510,429,0
2026-07-19 14:46:39,336,498,419,0
2026-07-19 14:46:40,322,489,396,0
2026-07-19 14:46:41,357,516,394,0
2026-07-19 14:46:42,344,504,389,0
2026-07-19 14:46:43,361,510,376,0
2026-07-19 14:46:44,339,494,417,0
2026-07-19 14:46:45,340,495,440,0
2026-07-19 14:46:46,342,500,450,0
2026-07-19 14:46:47,290,496,464,0
2026-07-19 14:46:48,254,487,452,0
2026-07-19 14:46:49,282,496,458,0
2026-07-19 14:46:50,289,497,457,0
2026-07-19 14:46:51,320,518,448,0
2026-07-19 14:46:52,355,511,454,0
2026-07-19 14:46:53,362,519,448,0
2026-07-19 14:46:54,385,495,447,0
2026-07-19 14:46:55,361,507,424,0
2026-07-19 14:46:56,362,516,417,0
2026-07-19 14:46:57,380,487,445,0
2026-07-19 14:46:58,322,503,461,0
2026-07-19 14:46:59,348,493,422,0
2026-07-19 14:47:00,338,487,480,0
2026-07-19 14:47:01,316,484,505,0
2026-07-19 14:47:02,273,480,502,0
2026-07-19 14:47:03,281,504,464,0
2026-07-19 14:47:04,264,499,462,0
2026-07-19 14:47:05,292,490,468,0
2026-07-19 14:47:06,342,499,471,0
2026-07-19 14:47:07,342,499,443,0
2026-07-19 14:47:08,352,502,428,0
2026-07-19 14:47:09,367,511,446,0
2026-07-19 14:47:10,353,501,416,0
2026-07-19 14:47:11,357,508,395,0
2026-07-19 14:47:12,329,505,378,0
2026-07-19 14:47:13,360,505,389,0
2026-07-19 14:47:14,363,510,392,0
2026-07-19 14:47:15,328,506,388,0
2026-07-19 14:47:16,353,500,407,0
2026-07-19 14:47:17,342,514,439,0
2026-07-19 14:47:18,342,500,423,0
2026-07-19 14:47:19,317,501,454,0
2026-07-19 14:47:20,334,505,461,0
2026-07-19 14:47:21,338,493,450,0
2026-07-19 14:47:22,313,502,442,0
2026-07-19 14:47:23,297,507,464,0
2026-07-19 14:47:24,290,497,450,0
2026-07-19 14:47:25,287,493,457,0
2026-07-19 14:47:26,272,501,467,0
2026-07-19 14:47:27,279,499,467,0
2026-07-19 14:47:28,290,502,471,0
2026-07-19 14:47:29,284,502,461,0
2026-07-19 14:47:30,279,498,455,0
2026-07-19 14:47:31,279,505,464,0
2026-07-19 14:47:32,275,497,469,0
2026-07-19 14:47:33,274,498,466,0
2026-07-19 14:47:34,280,498,478,0
2026-07-19 14:47:35,285,492,460,0
2026-07-19 14:47:36,267,496,471,0
2026-07-19 14:47:37,286,501,471,0
2026-07-19 14:47:38,283,502,465,0
2026-07-19 14:47:39,262,499,451,0
2026-07-19 14:47:40,259,493,459,0
2026-07-19 14:47:41,281,501,444,0
2026-07-19 14:47:42,273,486,464,0
2026-07-19 14:47:43,293,498,447,0
2026-07-19 14:47:44,299,496,460,0
2026-07-19 14:47:45,279,488,451,0
2026-07-19 14:47:46,284,507,449,0
2026-07-19 14:47:47,286,484,464,0
2026-07-19 14:47:48,291,516,460,0
2026-07-19 14:47:49,298,495,467,0
2026-07-19 14:47:50,353,524,468,0
2026-07-19 14:47:51,340,514,450,0
2026-07-19 14:47:52,361,522,494,0
2026-07-19 14:47:53,338,529,431,0
2026-07-19 14:47:54,341,520,433,0
2026-07-19 14:47:55,367,487,439,0
2026-07-19 14:47:56,349,510,450,0
2026-07-19 14:47:57,358,488,459,0
2026-07-19 14:47:58,352,497,502,0
2026-07-19 14:47:59,290,493,485,0
2026-07-19 14:48:00,263,497,484,0
2026-07-19 14:48:01,286,488,466,0
2026-07-19 14:48:02,285,490,482,0
2026-07-19 14:48:03,334,501,462,0
2026-07-19 14:48:04,338,497,447,0
2026-07-19 14:48:05,371,498,445,0
2026-07-19 14:48:06,355,516,428,0
2026-07-19 14:48:07,344,512,411,0
2026-07-19 14:48:08,341,513,392,0
2026-07-19 14:48:09,323,529,385,0
2026-07-19 14:48:10,343,485,384,0
2026-07-19 14:48:11,368,505,412,0
2026-07-19 14:48:12,335,503,452,0
2026-07-19 14:48:13,281,508,460,0
2026-07-19 14:48:14,280,507,456,0
2026-07-19 14:48:15,273,507,458,0
2026-07-19 14:48:16,280,514,451,0
2026-07-19 14:48:17,323,518,447,0
2026-07-19 14:48:18,367,497,451,0
2026-07-19 14:48:19,365,514,478,0
2026-07-19 14:48:20,351,508,495,0
2026-07-19 14:48:21,365,511,437,0
2026-07-19 14:48:22,373,502,422,0
2026-07-19 14:48:23,350,495,411,0
2026-07-19 14:48:24,337,495,461,0
2026-07-19 14:48:25,345,507,429,0
2026-07-19 14:48:26,364,493,475,0
2026-07-19 14:48:27,288,500,479,0
2026-07-19 14:48:28,284,488,502,0
2026-07-19 14:48:29,257,513,499,0
2026-07-19 14:48:30,279,498,459,0
2026-07-19 14:48:31,286,493,464,0
2026-07-19 14:48:32,323,507,455,0
2026-07-19 14:48:33,346,517,453,0
2026-07-19 14:48:34,342,491,455,0
2026-07-19 14:48:35,331,503,430,0
2026-07-19 14:48:36,333,515,408,0
2026-07-19 14:48:37,319,511,392,0
2026-07-19 14:48:38,337,516,392,0
2026-07-19 14:48:39,357,517,393,0
2026-07-19 14:48:40,357,499,418,0
2026-07-19 14:48:41,334,492,435,0
2026-07-19 14:48:42,289,500,456,0
2026-07-19 14:48:43,282,500,478,0
2026-07-19 14:48:44,284,488,465,0
2026-07-19 14:48:45,252,508,469,0
2026-07-19 14:48:46,286,495,457,0
2026-07-19 14:48:47,312,508,439,0
2026-07-19 14:48:48,357,490,457,0
2026-07-19 14:48:49,358,510,466,0
2026-07-19 14:48:50,360,526,453,0
2026-07-19 14:48:51,370,512,444,0
2026-07-19 14:48:52,343,524,470,0
2026-07-19 14:48:53,353,491,412,0
2026-07-19 14:48:54,345,498,415,0
2026-07-19 14:48:55,366,490,433,0
2026-07-19 14:48:56,349,487,416,0
2026-07-19 14:48:57,346,485,437,0
2026-07-19 14:48:58,384,496,483,0
2026-07-19 14:48:59,330,507,449,0
2026-07-19 14:49:00,328,494,499,0
2026-07-19 14:49:01,295,506,513,0
2026-07-19 14:49:02,298,498,476,0
2026-07-19 14:49:03,296,489,495,0
2026-07-19 14:49:04,265,489,502,0
2026-07-19 14:49:05,291,481,489,0
2026-07-19 14:49:06,277,494,489,0
2026-07-19 14:49:07,279,513,478,0
2026-07-19 14:49:08,287,517,453,0
2026-07-19 14:49:09,305,508,488,0
2026-07-19 14:49:10,306,513,454,0
2026-07-19 14:49:11,298,513,471,0
2026-07-19 14:49:12,270,499,482,0
2026-07-19 14:49:13,307,512,471,0
2026-07-19 14:49:14,300,493,466,0
2026-07-19 14:49:15,265,488,463,0
2026-07-19 14:49:16,282,494,480,0
2026-07-19 14:49:17,261,510,478,0
2026-07-19 14:49:18,270,506,467,0
2026-07-19 14:49:19,291,499,488,0
2026-07-19 14:49:20,324,492,460,0
2026-07-19 14:49:21,342,492,495,0
2026-07-19 14:49:22,352,490,430,0
2026-07-19 14:49:23,355,481,411,0
2026-07-19 14:49:24,351,513,423,0
2026-07-19 14:49:25,345,517,399,0
2026-07-19 14:49:26,358,513,427,0
2026-07-19 14:49:27,335,501,443,0
2026-07-19 14:49:28,361,503,450,0
2026-07-19 14:49:29,347,525,452,0
2026-07-19 14:49:30,373,517,445,0
2026-07-19 14:49:31,337,514,459,0
2026-07-19 14:49:32,293,492,451,0
2026-07-19 14:49:33,302,510,468,0
2026-07-19 14:49:34,284,502,457,0
2026-07-19 14:49:35,290,499,445,0
2026-07-19 14:49:36,282,507,470,0
2026-07-19 14:49:37,331,498,454,0
2026-07-19 14:49:38,345,498,436,0
2026-07-19 14:49:39,348,491,408,0
2026-07-19 14:49:40,344,511,400,0
2026-07-19 14:49:41,349,510,394,0
2026-07-19 14:49:42,345,501,394,0
2026-07-19 14:49:43,355,505,401,0
2026-07-19 14:49:44,360,506,440,0
2026-07-19 14:49:45,342,518,455,0
2026-07-19 14:49:46,353,514,431,0
2026-07-19 14:49:47,341,520,451,0
2026-07-19 14:49:48,330,500,461,0
2026-07-19 14:49:49,295,506,479,0
2026-07-19 14:49:50,294,494,450,0
2026-07-19 14:49:51,272,509,482,0
2026-07-19 14:49:52,273,503,509,0
2026-07-19 14:49:53,295,482,495,0
2026-07-19 14:49:54,285,491,482,0
2026-07-19 14:49:55,300,498,520,0
2026-07-19 14:49:56,274,509,477,0
2026-07-19 14:49:57,288,492,488,0
2026-07-19 14:49:58,341,499,486,0
2026-07-19 14:49:59,338,509,506,0
2026-07-19 14:50:00,357,504,438,0
2026-07-19 14:50:01,355,514,455,0
2026-07-19 14:50:02,356,493,457,0
2026-07-19 14:50:03,342,492,423,0
2026-07-19 14:50:04,361,519,407,0
2026-07-19 14:50:05,363,493,462,0
2026-07-19 14:50:06,347,511,497,0
2026-07-19 14:50:07,362,507,474,0
2026-07-19 14:50:08,354,518,468,0
2026-07-19 14:50:09,364,519,462,0
2026-07-19 14:50:10,346,500,466,0
2026-07-19 14:50:11,292,525,455,0
2026-07-19 14:50:12,290,517,465,0
2026-07-19 14:50:13,285,515,477,0
2026-07-19 14:50:14,287,501,465,0
2026-07-19 14:50:15,274,499,475,0
2026-07-19 14:50:16,320,507,454,0
2026-07-19 14:50:17,345,502,461,0
2026-07-19 14:50:18,342,491,449,0
2026-07-19 14:50:19,324,487,408,0
2026-07-19 14:50:20,334,502,406,0
2026-07-19 14:50:21,359,498,385,0
2026-07-19 14:50:22,364,511,380,0
2026-07-19 14:50:23,352,513,405,0
2026-07-19 14:50:24,354,500,413,0
2026-07-19 14:50:25,338,519,402,0
2026-07-19 14:50:26,337,522,395,0
2026-07-19 14:50:27,340,513,384,0
2026-07-19 14:50:28,327,528,389,0
2026-07-19 14:50:29,363,515,387,0
2026-07-19 14:50:30,351,499,398,0
2026-07-19 14:50:31,339,508,399,0
2026-07-19 14:50:32,341,515,389,0
2026-07-19 14:50:33,340,509,386,0
2026-07-19 14:50:34,315,525,400,0
2026-07-19 14:50:35,316,506,406,0
2026-07-19 14:50:36,326,496,439,0
2026-07-19 14:50:37,350,494,460,0
2026-07-19 14:50:38,306,504,449,0
2026-07-19 14:50:39,288,495,457,0
2026-07-19 14:50:40,314,514,462,0
2026-07-19 14:50:41,296,510,458,0
2026-07-19 14:50:42,325,513,443,0
2026-07-19 14:50:43,345,505,443,0
2026-07-19 14:50:44,352,510,451,0
2026-07-19 14:50:45,353,512,473,0
2026-07-19 14:50:46,349,521,460,0
2026-07-19 14:50:47,371,514,431,0
2026-07-19 14:50:48,353,494,427,0
2026-07-19 14:50:49,365,486,434,0
2026-07-19 14:50:50,372,486,434,0
2026-07-19 14:50:51,339,488,472,0
2026-07-19 14:50:52,339,488,492,0
2026-07-19 14:50:53,334,499,486,0
2026-07-19 14:50:54,311,481,491,0
2026-07-19 14:50:55,281,508,480,0
2026-07-19 14:50:56,265,478,491,0
2026-07-19 14:50:57,279,486,464,0
2026-07-19 14:50:58,284,490,475,0
2026-07-19 14:50:59,290,499,444,0
2026-07-19 14:51:00,338,498,454,0
2026-07-19 14:51:01,327,500,450,0
2026-07-19 14:51:02,344,514,456,0
2026-07-19 14:51:03,332,518,450,0
2026-07-19 14:51:04,367,506,454,0
2026-07-19 14:51:05,353,498,429,0
2026-07-19 14:51:06,349,511,433,0
2026-07-19 14:51:07,325,512,395,0
2026-07-19 14:51:08,350,506,394,0
2026-07-19 14:51:09,334,512,390,0
2026-07-19 14:51:10,353,489,402,0
2026-07-19 14:51:11,352,499,399,0
2026-07-19 14:51:12,353,492,418,0
2026-07-19 14:51:13,326,503,454,0
2026-07-19 14:51:14,296,510,465,0
2026-07-19 14:51:15,289,504,461,0
2026-07-19 14:51:16,261,498,462,0
2026-07-19 14:51:17,285,489,451,0
2026-07-19 14:51:18,344,496,470,0
2026-07-19 14:51:19,361,506,469,0
2026-07-19 14:51:20,360,495,464,0
2026-07-19 14:51:21,361,530,465,0
2026-07-19 14:51:22,364,491,445,0
2026-07-19 14:51:23,347,516,427,0
2026-07-19 14:51:24,357,516,426,0
2026-07-19 14:51:25,360,499,427,0
2026-07-19 14:51:26,349,509,436,0
2026-07-19 14:51:27,361,495,507,0
2026-07-19 14:51:28,335,501,432,0
2026-07-19 14:51:29,370,498,471,0
2026-07-19 14:51:30,353,498,462,0
2026-07-19 14:51:31,288,490,461,0
2026-07-19 14:51:32,279,484,481,0
2026-07-19 14:51:33,282,510,464,0
2026-07-19 14:51:34,289,511,469,0
2026-07-19 14:51:35,343,509,459,0
2026-07-19 14:51:36,359,513,449,0
2026-07-19 14:51:37,354,513,455,0
2026-07-19 14:51:38,344,521,435,0
2026-07-19 14:51:39,346,497,420,0
2026-07-19 14:51:40,375,517,408,0
2026-07-19 14:51:41,364,510,407,0
2026-07-19 14:51:42,307,503,382,0
2026-07-19 14:51:43,313,494,398,0
2026-07-19 14:51:44,344,502,412,0
2026-07-19 14:51:45,341,501,452,0
2026-07-19 14:51:46,289,500,456,0
2026-07-19 14:51:47,264,501,454,0
2026-07-19 14:51:48,269,508,454,0
2026-07-19 14:51:49,275,493,459,0
2026-07-19 14:51:50,299,495,459,0
2026-07-19 14:51:51,304,491,469,0
2026-07-19 14:51:52,322,516,449,0
2026-07-19 14:51:53,345,517,470,0
2026-07-19 14:51:54,369,495,467,0
2026-07-19 14:51:55,350,510,455,0
2026-07-19 14:51:56,380,511,446,0
2026-07-19 14:51:57,346,508,453,0
2026-07-19 14:51:58,367,485,466,0
2026-07-19 14:51:59,378,521,477,0
2026-07-19 14:52:00,348,514,459,0
2026-07-19 14:52:01,349,494,466,0
2026-07-19 14:52:02,340,496,469,0
2026-07-19 14:52:03,331,490,463,0
2026-07-19 14:52:04,326,484,462,0
2026-07-19 14:52:05,280,502,460,0
2026-07-19 14:52:06,267,496,447,0
2026-07-19 14:52:07,283,507,463,0
2026-07-19 14:52:08,266,502,461,0
2026-07-19 14:52:09,314,489,448,0
2026-07-19 14:52:10,334,504,464,0
2026-07-19 14:52:11,338,493,422,0
2026-07-19 14:52:12,337,489,398,0
2026-07-19 14:52:13,321,510,387,0
2026-07-19 14:52:14,368,510,397,0
2026-07-19 14:52:15,320,492,400,0
2026-07-19 14:52:16,351,500,433,0
2026-07-19 14:52:17,355,504,453,0
2026-07-19 14:52:18,359,488,452,0
2026-07-19 14:52:19,349,497,468,0
2026-07-19 14:52:20,318,514,476,0
2026-07-19 14:52:21,306,500,459,0
2026-07-19 14:52:22,274,506,495,0
2026-07-19 14:52:23,284,523,489,0
2026-07-19 14:52:24,285,491,494,0
2026-07-19 14:52:25,280,487,485,0
2026-07-19 14:52:26,322,492,515,0
2026-07-19 14:52:27,359,513,481,0
2026-07-19 14:52:28,352,501,461,0
2026-07-19 14:52:29,341,484,429,0
2026-07-19 14:52:30,359,526,435,0
2026-07-19 14:52:31,349,506,433,0
2026-07-19 14:52:32,332,502,443,0
2026-07-19 14:52:33,367,528,446,0
2026-07-19 14:52:34,368,498,465,0
2026-07-19 14:52:35,362,517,457,0
2026-07-19 14:52:36,388,497,469,0
2026-07-19 14:52:37,320,509,457,0
2026-07-19 14:52:38,308,519,455,0
2026-07-19 14:52:39,291,504,451,0
2026-07-19 14:52:40,272,498,438,0
2026-07-19 14:52:41,293,499,449,0
2026-07-19 14:52:42,284,500,453,0
2026-07-19 14:52:43,342,501,457,0
2026-07-19 14:52:44,366,496,413,0
2026-07-19 14:52:45,330,507,406,0
2026-07-19 14:52:46,326,498,374,0
2026-07-19 14:52:47,350,496,405,0
2026-07-19 14:52:48,359,512,400,0
2026-07-19 14:52:49,353,521,421,0
2026-07-19 14:52:50,347,521,450,0
2026-07-19 14:52:51,332,499,465,0
2026-07-19 14:52:52,370,514,463,0
2026-07-19 14:52:53,321,509,463,0
2026-07-19 14:52:54,290,502,459,0
2026-07-19 14:52:55,257,507,458,0
2026-07-19 14:52:56,291,485,531,0
2026-07-19 14:52:57,306,491,503,0
2026-07-19 14:52:58,329,507,484,0
2026-07-19 14:52:59,344,506,516,0
2026-07-19 14:53:00,323,506,451,0
2026-07-19 14:53:01,337,483,426,0
2026-07-19 14:53:02,347,506,440,0
2026-07-19 14:53:03,333,492,439,0
2026-07-19 14:53:04,360,483,436,0
2026-07-19 14:53:05,347,510,473,0
2026-07-19 14:53:06,370,490,489,0
2026-07-19 14:53:07,363,509,457,0
2026-07-19 14:53:08,366,515,443,0
2026-07-19 14:53:09,329,500,472,0
2026-07-19 14:53:10,289,512,461,0
2026-07-19 14:53:11,284,516,445,0
2026-07-19 14:53:12,276,506,472,0
2026-07-19 14:53:13,301,492,455,0
2026-07-19 14:53:14,290,499,444,0
2026-07-19 14:53:15,344,492,465,0
2026-07-19 14:53:16,370,502,429,0
2026-07-19 14:53:17,344,498,413,0
2026-07-19 14:53:18,346,501,385,0
2026-07-19 14:53:19,353,513,391,0
2026-07-19 14:53:20,358,524,381,0
2026-07-19 14:53:21,341,504,403,0
2026-07-19 14:53:22,331,487,393,0
2026-07-19 14:53:23,347,518,441,0
2026-07-19 14:53:24,350,488,445,0
2026-07-19 14:53:25,370,508,438,0
2026-07-19 14:53:26,367,518,452,0
2026-07-19 14:53:27,321,498,468,0
2026-07-19 14:53:28,262,510,485,0
2026-07-19 14:53:29,290,504,473,0
2026-07-19 14:53:30,287,528,495,0
2026-07-19 14:53:31,268,486,489,0
2026-07-19 14:53:32,318,493,466,0
2026-07-19 14:53:33,343,491,524,0
2026-07-19 14:53:34,349,498,467,0
2026-07-19 14:53:35,314,496,504,0
2026-07-19 14:53:36,323,513,469,0
2026-07-19 14:53:37,361,500,463,0
2026-07-19 14:53:38,379,501,438,0
2026-07-19 14:53:39,332,494,439,0
2026-07-19 14:53:40,341,516,441,0
2026-07-19 14:53:41,362,510,450,0
2026-07-19 14:53:42,345,494,444,0
2026-07-19 14:53:43,350,518,394,0
2026-07-19 14:53:44,354,498,456,0
2026-07-19 14:53:45,359,506,430,0
2026-07-19 14:53:46,360,512,410,0
2026-07-19 14:53:47,364,496,410,0
2026-07-19 14:53:48,331,492,447,0
2026-07-19 14:53:49,358,500,442,0
2026-07-19 14:53:50,375,501,420,0
2026-07-19 14:53:51,336,494,466,0
2026-07-19 14:53:52,367,510,433,0
2026-07-19 14:53:53,390,505,442,0
2026-07-19 14:53:54,366,524,423,0
2026-07-19 14:53:55,366,512,420,0
2026-07-19 14:53:56,350,500,436,0
2026-07-19 14:53:57,345,498,458,0
2026-07-19 14:53:58,338,521,430,0
2026-07-19 14:53:59,331,489,463,0
2026-07-19 14:54:00,349,513,446,0
2026-07-19 14:54:01,355,490,475,0
2026-07-19 14:54:02,355,494,524,0
2026-07-19 14:54:03,308,503,509,0
2026-07-19 14:54:04,272,503,514,0
2026-07-19 14:54:05,272,501,476,0
2026-07-19 14:54:06,268,500,489,0
2026-07-19 14:54:07,279,488,464,0
2026-07-19 14:54:08,287,498,467,0
2026-07-19 14:54:09,334,493,466,0
2026-07-19 14:54:10,369,492,450,0
2026-07-19 14:54:11,346,509,442,0
2026-07-19 14:54:12,344,505,463,0
2026-07-19 14:54:13,351,518,415,0
2026-07-19 14:54:14,350,501,398,0
2026-07-19 14:54:15,345,494,392,0
2026-07-19 14:54:16,328,498,402,0
2026-07-19 14:54:17,316,495,432,0
2026-07-19 14:54:18,321,505,462,0
2026-07-19 14:54:19,310,501,461,0
2026-07-19 14:54:20,280,491,463,0
2026-07-19 14:54:21,284,497,477,0
2026-07-19 14:54:22,294,501,464,0
2026-07-19 14:54:23,299,498,468,0
2026-07-19 14:54:24,338,514,458,0
2026-07-19 14:54:25,362,489,456,0
2026-07-19 14:54:26,368,497,456,0
2026-07-19 14:54:27,351,514,479,0
2026-07-19 14:54:28,342,527,454,0
2026-07-19 14:54:29,349,520,409,0
2026-07-19 14:54:30,353,504,424,0
2026-07-19 14:54:31,352,515,448,0
2026-07-19 14:54:32,348,496,442,0
2026-07-19 14:54:33,361,502,410,0
2026-07-19 14:54:34,366,517,443,0
2026-07-19 14:54:35,354,494,437,0
2026-07-19 14:54:36,369,506,475,0
2026-07-19 14:54:37,360,488,467,0
2026-07-19 14:54:38,332,489,453,0
2026-07-19 14:54:39,377,503,456,0
2026-07-19 14:54:40,325,495,505,0
2026-07-19 14:54:41,339,497,458,0
2026-07-19 14:54:42,330,497,466,0
2026-07-19 14:54:43,332,494,457,0
2026-07-19 14:54:44,324,493,452,0
2026-07-19 14:54:45,356,506,422,0
2026-07-19 14:54:46,339,487,457,0
2026-07-19 14:54:47,360,514,447,0
2026-07-19 14:54:48,354,486,446,0
2026-07-19 14:54:49,355,519,455,0
2026-07-19 14:54:50,364,518,443,0
2026-07-19 14:54:51,362,522,465,0
2026-07-19 14:54:52,367,514,458,0
2026-07-19 14:54:53,354,489,466,0
2026-07-19 14:54:54,329,519,467,0
2026-07-19 14:54:55,321,519,479,0
2026-07-19 14:54:56,300,500,454,0
2026-07-19 14:54:57,275,509,442,0
2026-07-19 14:54:58,282,501,457,0
2026-07-19 14:54:59,283,498,471,0
2026-07-19 14:55:00,351,507,461,0
2026-07-19 14:55:01,345,503,446,0
2026-07-19 14:55:02,319,505,404,0
2026-07-19 14:55:03,345,517,388,0
2026-07-19 14:55:04,347,526,400,0
2026-07-19 14:55:05,358,500,413,0
2026-07-19 14:55:06,340,523,458,0
2026-07-19 14:55:07,363,504,450,0
2026-07-19 14:55:08,373,503,453,0
2026-07-19 14:55:09,322,508,480,0
2026-07-19 14:55:10,294,504,479,0
2026-07-19 14:55:11,266,511,478,0
2026-07-19 14:55:12,270,496,493,0
2026-07-19 14:55:13,288,486,469,0
2026-07-19 14:55:14,301,510,502,0
2026-07-19 14:55:15,330,483,488,0
2026-07-19 14:55:16,371,497,477,0
2026-07-19 14:55:17,363,513,435,0
2026-07-19 14:55:18,341,517,432,0
2026-07-19 14:55:19,359,511,418,0
2026-07-19 14:55:20,356,506,444,0
2026-07-19 14:55:21,334,500,444,0
2026-07-19 14:55:22,360,499,473,0
2026-07-19 14:55:23,362,517,477,0
2026-07-19 14:55:24,348,509,448,0
2026-07-19 14:55:25,311,516,459,0
2026-07-19 14:55:26,276,526,455,0
2026-07-19 14:55:27,292,502,459,0
2026-07-19 14:55:28,277,496,460,0
2026-07-19 14:55:29,281,498,477,0
2026-07-19 14:55:30,331,505,455,0
2026-07-19 14:55:31,326,511,419,0
2026-07-19 14:55:32,319,506,403,0
2026-07-19 14:55:33,317,507,394,0
2026-07-19 14:55:34,333,505,389,0
2026-07-19 14:55:35,354,501,402,0
2026-07-19 14:55:36,341,508,436,0
2026-07-19 14:55:37,348,503,458,0
2026-07-19 14:55:38,357,510,446,0
2026-07-19 14:55:39,345,501,465,0
2026-07-19 14:55:40,280,512,454,0
2026-07-19 14:55:41,281,506,480,0
2026-07-19 14:55:42,281,512,486,0
2026-07-19 14:55:43,287,482,490,0
2026-07-19 14:55:44,321,508,490,0
2026-07-19 14:55:45,339,497,466,0
2026-07-19 14:55:46,346,503,502,0
2026-07-19 14:55:47,344,504,451,0
2026-07-19 14:55:48,361,511,434,0
2026-07-19 14:55:49,348,490,458,0
2026-07-19 14:55:50,362,499,399,0
2026-07-19 14:55:51,358,499,449,0
2026-07-19 14:55:52,351,498,437,0
2026-07-19 14:55:53,360,497,461,0
2026-07-19 14:55:54,345,513,490,0
2026-07-19 14:55:55,343,493,481,0
2026-07-19 14:55:56,348,493,467,0
2026-07-19 14:55:57,377,501,481,0
2026-07-19 14:55:58,377,506,468,0
2026-07-19 14:55:59,364,494,475,0
2026-07-19 14:56:00,348,522,469,0
2026-07-19 14:56:01,360,507,480,0
2026-07-19 14:56:02,375,506,459,0
2026-07-19 14:56:03,352,530,464,0
2026-07-19 14:56:04,365,520,450,0
2026-07-19 14:56:05,347,496,469,0
2026-07-19 14:56:06,349,499,476,0
2026-07-19 14:56:07,343,506,450,0
2026-07-19 14:56:08,353,492,462,0
2026-07-19 14:56:09,366,494,472,0
2026-07-19 14:56:10,352,502,472,0
2026-07-19 14:56:11,377,494,474,0
2026-07-19 14:56:12,351,499,480,0
2026-07-19 14:56:13,355,496,448,0
2026-07-19 14:56:14,381,511,475,0
2026-07-19 14:56:15,344,509,456,0
2026-07-19 14:56:16,345,510,427,0
2026-07-19 14:56:17,362,512,437,0
2026-07-19 14:56:18,340,509,422,0
2026-07-19 14:56:19,365,525,434,0
2026-07-19 14:56:20,350,514,438,0
2026-07-19 14:56:21,352,516,443,0
2026-07-19 14:56:22,356,497,438,0
2026-07-19 14:56:23,362,522,449,0
2026-07-19 14:56:24,348,492,474,0
2026-07-19 14:56:25,340,513,458,0
2026-07-19 14:56:26,350,516,432,0
2026-07-19 14:56:27,344,523,427,0
2026-07-19 14:56:28,364,488,454,0
2026-07-19 14:56:29,360,515,414,0
2026-07-19 14:56:30,369,497,445,0
2026-07-19 14:56:31,353,490,484,0
2026-07-19 14:56:32,337,504,453,0
2026-07-19 14:56:33,359,498,437,0
2026-07-19 14:56:34,342,496,436,0
2026-07-19 14:56:35,344,498,485,0
2026-07-19 14:56:36,364,500,446,0
2026-07-19 14:56:37,333,503,438,0
2026-07-19 14:56:38,333,495,431,0
2026-07-19 14:56:39,349,505,445,0
2026-07-19 14:56:40,343,482,436,0
2026-07-19 14:56:41,342,519,444,0
2026-07-19 14:56:42,350,526,431,0
2026-07-19 14:56:43,333,527,411,0
2026-07-19 14:56:44,365,503,421,0
2026-07-19 14:56:45,342,513,437,0
2026-07-19 14:56:46,351,517,442,0
2026-07-19 14:56:47,354,512,444,0
2026-07-19 14:56:48,369,510,480,0
2026-07-19 14:56:49,365,513,458,0
2026-07-19 14:56:50,381,520,463,0
2026-07-19 14:56:51,346,485,443,0
2026-07-19 14:56:52,318,523,465,0
2026-07-19 14:56:53,289,488,468,0
2026-07-19 14:56:54,293,496,459,0
2026-07-19 14:56:55,295,487,469,0
2026-07-19 14:56:56,286,488,440,0
2026-07-19 14:56:57,303,504,451,0
2026-07-19 14:56:58,344,509,445,0
2026-07-19 14:56:59,341,505,405,0
2026-07-19 14:57:00,346,527,408,0
2026-07-19 14:57:01,337,501,382,0
2026-07-19 14:57:02,317,512,398,0
2026-07-19 14:57:03,360,515,417,0
2026-07-19 14:57:04,346,514,455,0
2026-07-19 14:57:05,356,493,449,0
2026-07-19 14:57:06,327,505,466,0
2026-07-19 14:57:07,311,510,464,0
2026-07-19 14:57:08,303,507,467,0
2026-07-19 14:57:09,295,490,505,0
2026-07-19 14:57:10,289,519,489,0
2026-07-19 14:57:11,287,488,484,0
2026-07-19 14:57:12,353,486,502,0
2026-07-19 14:57:13,384,508,476,0
2026-07-19 14:57:14,357,493,436,0
2026-07-19 14:57:15,360,522,440,0
2026-07-19 14:57:16,358,509,440,0
2026-07-19 14:57:17,352,515,436,0
2026-07-19 14:57:18,360,500,434,0
2026-07-19 14:57:19,371,522,445,0
2026-07-19 14:57:20,371,516,457,0
2026-07-19 14:57:21,358,519,468,0
2026-07-19 14:57:22,316,534,458,0
2026-07-19 14:57:23,289,504,473,0
2026-07-19 14:57:24,295,492,440,0
2026-07-19 14:57:25,286,502,460,0
2026-07-19 14:57:26,304,488,461,0
2026-07-19 14:57:27,347,501,444,0
2026-07-19 14:57:28,317,508,439,0
2026-07-19 14:57:29,316,506,397,0
2026-07-19 14:57:30,363,520,388,0
2026-07-19 14:57:31,340,512,382,0
2026-07-19 14:57:32,326,506,404,0
2026-07-19 14:57:33,348,504,421,0
2026-07-19 14:57:34,334,508,398,0
2026-07-19 14:57:35,358,501,435,0
2026-07-19 14:57:36,350,503,440,0
2026-07-19 14:57:37,338,500,455,0
2026-07-19 14:57:38,336,512,468,0
2026-07-19 14:57:39,311,511,449,0
2026-07-19 14:57:40,269,508,447,0
2026-07-19 14:57:41,260,490,488,0
2026-07-19 14:57:42,281,487,529,0
2026-07-19 14:57:43,309,488,486,0
2026-07-19 14:57:44,335,492,491,0
2026-07-19 14:57:45,367,503,455,0
2026-07-19 14:57:46,354,498,438,0
2026-07-19 14:57:47,344,486,414,0
2026-07-19 14:57:48,373,504,431,0
2026-07-19 14:57:49,341,512,449,0
2026-07-19 14:57:50,351,497,445,0
2026-07-19 14:57:51,359,521,470,0
2026-07-19 14:57:52,387,503,480,0
2026-07-19 14:57:53,363,524,468,0
2026-07-19 14:57:54,328,519,470,0
2026-07-19 14:57:55,307,501,446,0
2026-07-19 14:57:56,311,525,451,0
2026-07-19 14:57:57,276,508,459,0
2026-07-19 14:57:58,278,494,467,0
2026-07-19 14:57:59,285,501,441,0
2026-07-19 14:58:00,361,504,444,0
2026-07-19 14:58:01,317,508,440,0
2026-07-19 14:58:02,337,500,400,0
2026-07-19 14:58:03,356,509,386,0
2026-07-19 14:58:04,351,505,392,0
2026-07-19 14:58:05,366,511,413,0
2026-07-19 14:58:06,356,500,434,0
2026-07-19 14:58:07,339,490,444,0
2026-07-19 14:58:08,345,493,454,0
2026-07-19 14:58:09,337,505,467,0
2026-07-19 14:58:10,305,513,441,0
2026-07-19 14:58:11,290,513,468,0
2026-07-19 14:58:12,252,509,493,0
2026-07-19 14:58:13,266,495,514,0
2026-07-19 14:58:14,303,486,495,0
2026-07-19 14:58:15,350,493,470,0
2026-07-19 14:58:16,349,499,476,0
2026-07-19 14:58:17,350,486,475,0
2026-07-19 14:58:18,328,487,443,0
2026-07-19 14:58:19,355,508,439,0
2026-07-19 14:58:20,352,502,455,0
2026-07-19 14:58:21,352,502,427,0
2026-07-19 14:58:22,371,518,450,0
2026-07-19 14:58:23,351,493,490,0
2026-07-19 14:58:24,358,493,460,0
2026-07-19 14:58:25,351,519,469,0
2026-07-19 14:58:26,295,513,472,0
2026-07-19 14:58:27,281,509,467,0
2026-07-19 14:58:28,273,501,446,0
2026-07-19 14:58:29,305,500,443,0
2026-07-19 14:58:30,292,492,462,0
2026-07-19 14:58:31,307,498,476,0
2026-07-19 14:58:32,339,497,427,0
2026-07-19 14:58:33,351,504,418,0
2026-07-19 14:58:35,336,519,387,0
2026-07-19 14:58:35,335,489,398,0
2026-07-19 14:58:36,356,511,405,0
2026-07-19 14:58:37,359,508,412,0
2026-07-19 14:58:38,381,511,451,0
2026-07-19 14:58:39,358,499,471,0
2026-07-19 14:58:40,339,483,452,0
2026-07-19 14:58:41,309,512,467,0
2026-07-19 14:58:42,284,490,475,0
2026-07-19 14:58:43,297,495,453,0
2026-07-19 14:58:44,258,491,502,0
2026-07-19 14:58:45,296,504,502,0
2026-07-19 14:58:46,321,495,503,0
2026-07-19 14:58:47,351,509,462,0
2026-07-19 14:58:48,371,485,449,0
2026-07-19 14:58:49,340,518,449,0
2026-07-19 14:58:50,355,494,427,0
2026-07-19 14:58:51,351,498,438,0
2026-07-19 14:58:52,371,519,454,0
2026-07-19 14:58:53,391,504,463,0
2026-07-19 14:58:54,357,518,454,0
2026-07-19 14:58:55,357,490,474,0
2026-07-19 14:58:56,351,511,463,0
2026-07-19 14:58:57,333,487,469,0
2026-07-19 14:58:58,295,498,447,0
2026-07-19 14:58:59,272,495,449,0
2026-07-19 14:59:00,278,497,442,0
2026-07-19 14:59:01,287,504,451,0
2026-07-19 14:59:02,291,495,452,0
2026-07-19 14:59:03,276,499,479,0
2026-07-19 14:59:04,282,493,447,0
2026-07-19 14:59:05,293,499,460,0
2026-07-19 14:59:06,338,504,442,0
2026-07-19 14:59:07,344,503,430,0
2026-07-19 14:59:08,347,504,422,0
2026-07-19 14:59:09,351,524,393,0
2026-07-19 14:59:10,345,506,405,0
2026-07-19 14:59:11,319,518,407,0
2026-07-19 14:59:12,354,503,423,0
2026-07-19 14:59:13,344,505,444,0
2026-07-19 14:59:14,354,510,445,0
2026-07-19 14:59:15,356,509,443,0
2026-07-19 14:59:16,305,522,463,0
2026-07-19 14:59:17,264,508,475,0
2026-07-19 14:59:18,278,495,477,0
2026-07-19 14:59:19,276,489,533,0
2026-07-19 14:59:20,277,508,506,0
2026-07-19 14:59:21,357,495,485,0
2026-07-19 14:59:22,368,500,489,0
2026-07-19 14:59:23,337,492,466,0
2026-07-19 14:59:24,359,511,434,0
2026-07-19 14:59:25,358,530,419,0
2026-07-19 14:59:26,349,509,467,0
2026-07-19 14:59:27,351,495,477,0
2026-07-19 14:59:28,343,496,470,0
2026-07-19 14:59:29,377,520,467,0
2026-07-19 14:59:30,365,520,460,0
2026-07-19 14:59:31,331,511,469,0
2026-07-19 14:59:32,301,495,459,0
2026-07-19 14:59:33,290,493,461,0
2026-07-19 14:59:34,283,494,464,0
2026-07-19 14:59:35,280,508,454,0
2026-07-19 14:59:36,291,499,453,0
2026-07-19 14:59:37,336,501,450,0
2026-07-19 14:59:38,346,508,471,0
2026-07-19 14:59:39,353,503,422,0
2026-07-19 14:59:40,327,497,387,0
2026-07-19 14:59:41,372,505,401,0
2026-07-19 14:59:42,354,487,393,0
2026-07-19 14:59:43,357,528,410,0
2026-07-19 14:59:44,359,509,413,0
2026-07-19 14:59:45,348,515,452,0
2026-07-19 14:59:46,354,507,444,0
2026-07-19 14:59:47,336,522,463,0
2026-07-19 14:59:48,349,511,437,0
2026-07-19 14:59:49,332,505,448,0
2026-07-19 14:59:50,352,512,470,0
2026-07-19 14:59:51,339,519,462,0
2026-07-19 14:59:52,327,504,472,0
2026-07-19 14:59:53,296,508,471,0
2026-07-19 14:59:54,320,513,458,0
2026-07-19 14:59:55,277,501,461,0
2026-07-19 14:59:56,304,505,467,0
2026-07-19 14:59:57,299,502,479,0
2026-07-19 14:59:58,300,506,455,0
2026-07-19 14:59:59,287,493,460,0
2026-07-19 15:00:00,286,504,478,0
2026-07-19 15:00:01,314,500,468,0
2026-07-19 15:00:02,294,506,466,0
2026-07-19 15:00:03,309,519,463,0
2026-07-19 15:00:04,289,496,454,0
2026-07-19 15:00:05,296,507,479,0
2026-07-19 15:00:06,314,514,463,0
2026-07-19 15:00:07,321,492,470,0
2026-07-19 15:00:08,314,494,473,0
2026-07-19 15:00:09,328,498,453,0
2026-07-19 15:00:10,349,492,479,0
2026-07-19 15:00:11,327,497,470,0
2026-07-19 15:00:12,329,510,445,0
2026-07-19 15:00:13,318,503,474,0
2026-07-19 15:00:14,339,495,468,0
2026-07-19 15:00:15,329,503,473,0
2026-07-19 15:00:16,313,512,470,0
2026-07-19 15:00:17,278,499,454,0
2026-07-19 15:00:18,279,517,447,0
2026-07-19 15:00:19,284,493,480,0
2026-07-19 15:00:20,292,503,466,0
2026-07-19 15:00:21,267,502,486,0
2026-07-19 15:00:22,266,490,485,0
2026-07-19 15:00:23,304,498,517,0
2026-07-19 15:00:24,297,501,509,0
2026-07-19 15:00:25,307,500,518,0
2026-07-19 15:00:26,361,483,451,0
2026-07-19 15:00:27,354,489,471,0
2026-07-19 15:00:28,367,495,434,0
2026-07-19 15:00:29,362,520,454,0
2026-07-19 15:00:30,353,498,449,0
2026-07-19 15:00:31,346,519,410,0
2026-07-19 15:00:32,350,511,430,0
2026-07-19 15:00:33,330,515,443,0
2026-07-19 15:00:34,366,504,469,0
2026-07-19 15:00:35,375,499,480,0
2026-07-19 15:00:36,361,500,466,0
2026-07-19 15:00:37,340,507,468,0
2026-07-19 15:00:38,299,518,463,0
2026-07-19 15:00:39,265,506,471,0
2026-07-19 15:00:40,291,520,465,0
2026-07-19 15:00:41,285,501,470,0
2026-07-19 15:00:42,285,509,457,0
2026-07-19 15:00:43,265,509,464,0
2026-07-19 15:00:44,283,500,469,0
2026-07-19 15:00:45,275,499,477,0
2026-07-19 15:00:46,279,498,469,0
2026-07-19 15:00:47,291,496,474,0
2026-07-19 15:00:48,286,487,459,0
2026-07-19 15:00:49,295,499,436,0
2026-07-19 15:00:50,277,495,482,0
2026-07-19 15:00:51,286,506,456,0
2026-07-19 15:00:52,291,510,466,0
2026-07-19 15:00:53,279,501,462,0
2026-07-19 15:00:54,265,505,471,0
2026-07-19 15:00:55,301,496,453,0
2026-07-19 15:00:56,282,491,471,0
2026-07-19 15:00:57,282,509,445,0
2026-07-19 15:00:58,282,495,461,0
2026-07-19 15:00:59,274,511,461,0
2026-07-19 15:01:00,284,515,469,0
2026-07-19 15:01:01,300,500,475,0
2026-07-19 15:01:02,292,521,468,0
2026-07-19 15:01:03,314,525,456,0
2026-07-19 15:01:04,330,497,470,0
2026-07-19 15:01:05,345,512,473,0
2026-07-19 15:01:06,343,529,482,0
2026-07-19 15:01:07,369,511,480,0
2026-07-19 15:01:08,360,516,474,0
2026-07-19 15:01:09,345,497,470,0
2026-07-19 15:01:10,358,522,471,0
2026-07-19 15:01:11,366,513,483,0
2026-07-19 15:01:12,354,518,463,0
2026-07-19 15:01:13,365,512,477,0
2026-07-19 15:01:14,373,503,497,0
2026-07-19 15:01:15,376,501,478,0
2026-07-19 15:01:16,374,525,455,0
2026-07-19 15:01:17,382,514,482,0
2026-07-19 15:01:18,352,516,485,0
2026-07-19 15:01:19,350,499,478,0
2026-07-19 15:01:20,362,525,471,0
2026-07-19 15:01:21,385,513,474,0
2026-07-19 15:01:22,372,523,475,0
2026-07-19 15:01:23,361,522,467,0
2026-07-19 15:01:24,368,522,477,0
2026-07-19 15:01:25,380,496,490,0
2026-07-19 15:01:26,372,497,459,0
2026-07-19 15:01:27,357,513,476,0
2026-07-19 15:01:28,352,517,479,0
2026-07-19 15:01:29,365,522,492,0
2026-07-19 15:01:30,360,512,461,0
2026-07-19 15:01:31,358,518,477,0
2026-07-19 15:01:32,363,519,451,0
2026-07-19 15:01:33,385,498,467,0
2026-07-19 15:01:34,362,501,471,0
2026-07-19 15:01:35,355,519,479,0
2026-07-19 15:01:36,376,509,466,0
2026-07-19 15:01:37,313,516,457,0
2026-07-19 15:01:38,297,523,459,0
2026-07-19 15:01:39,296,498,468,0
2026-07-19 15:01:40,302,514,470,0
2026-07-19 15:01:41,284,494,475,0
2026-07-19 15:01:42,256,516,458,0
2026-07-19 15:01:43,274,499,475,0
2026-07-19 15:01:44,280,497,448,0
2026-07-19 15:01:45,291,493,471,0
2026-07-19 15:01:46,327,493,462,0
2026-07-19 15:01:47,336,502,436,0
2026-07-19 15:01:48,353,497,419,0
2026-07-19 15:01:49,328,511,382,0
2026-07-19 15:01:50,364,493,392,0
2026-07-19 15:01:51,345,530,414,0
2026-07-19 15:01:52,368,522,392,0
2026-07-19 15:01:53,353,502,418,0
2026-07-19 15:01:54,334,504,404,0
2026-07-19 15:01:55,350,505,432,0
2026-07-19 15:01:56,347,508,451,0
2026-07-19 15:01:57,342,501,450,0
2026-07-19 15:01:58,374,501,443,0
2026-07-19 15:01:59,345,504,448,0
2026-07-19 15:02:00,327,512,447,0
2026-07-19 15:02:01,367,507,455,0
2026-07-19 15:02:02,352,510,461,0
2026-07-19 15:02:03,360,502,455,0
2026-07-19 15:02:04,336,501,447,0
2026-07-19 15:02:05,363,519,458,0
2026-07-19 15:02:06,348,507,454,0
2026-07-19 15:02:07,360,519,455,0
2026-07-19 15:02:08,355,501,467,0
2026-07-19 15:02:09,354,519,439,0
2026-07-19 15:02:10,356,505,445,0
2026-07-19 15:02:11,355,512,447,0
2026-07-19 15:02:12,352,513,420,0
2026-07-19 15:02:13,338,512,428,0
2026-07-19 15:02:14,337,498,389,0
2026-07-19 15:02:15,340,513,393,0
2026-07-19 15:02:16,349,501,393,0
2026-07-19 15:02:17,359,495,409,0
2026-07-19 15:02:18,354,508,408,0
2026-07-19 15:02:19,325,501,469,0
2026-07-19 15:02:20,267,496,477,0
2026-07-19 15:02:21,306,499,460,0
2026-07-19 15:02:22,277,513,457,0
2026-07-19 15:02:23,297,484,471,0
2026-07-19 15:02:24,314,522,468,0
2026-07-19 15:02:25,351,523,464,0
2026-07-19 15:02:26,359,524,465,0
2026-07-19 15:02:27,348,514,441,0
2026-07-19 15:02:28,367,528,440,0
2026-07-19 15:02:29,361,488,447,0
2026-07-19 15:02:30,344,512,450,0
2026-07-19 15:02:31,348,494,421,0
2026-07-19 15:02:32,333,498,457,0
2026-07-19 15:02:33,347,497,437,0
2026-07-19 15:02:34,335,495,496,0
2026-07-19 15:02:35,276,498,488,0
2026-07-19 15:02:36,266,490,479,0
2026-07-19 15:02:37,310,500,474,0
2026-07-19 15:02:38,292,495,469,0
2026-07-19 15:02:39,322,518,475,0
2026-07-19 15:02:40,341,519,466,0
2026-07-19 15:02:41,356,511,457,0
2026-07-19 15:02:42,343,503,428,0
2026-07-19 15:02:43,354,515,425,0
2026-07-19 15:02:44,361,506,413,0
2026-07-19 15:02:45,363,511,383,0
2026-07-19 15:02:46,310,497,390,0
2026-07-19 15:02:47,359,520,381,0
2026-07-19 15:02:48,310,501,423,0
2026-07-19 15:02:49,335,504,458,0
2026-07-19 15:02:50,308,494,482,0
2026-07-19 15:02:51,278,502,448,0
2026-07-19 15:02:52,278,498,453,0
2026-07-19 15:02:53,279,503,463,0
2026-07-19 15:02:54,269,505,468,0
2026-07-19 15:02:55,280,514,456,0
2026-07-19 15:02:56,289,528,468,0
2026-07-19 15:02:57,302,515,451,0
2026-07-19 15:02:58,324,513,460,0
2026-07-19 15:02:59,330,506,452,0
2026-07-19 15:03:00,368,494,467,0
2026-07-19 15:03:01,350,519,470,0
2026-07-19 15:03:02,363,507,449,0
2026-07-19 15:03:03,371,522,448,0
2026-07-19 15:03:04,358,534,462,0
2026-07-19 15:03:05,372,519,466,0
2026-07-19 15:03:06,357,520,474,0
2026-07-19 15:03:07,355,498,480,0
2026-07-19 15:03:08,347,508,459,0
2026-07-19 15:03:09,321,495,472,0
2026-07-19 15:03:10,329,518,473,0
2026-07-19 15:03:11,296,491,457,0
2026-07-19 15:03:12,274,521,448,0
2026-07-19 15:03:13,299,519,443,0
2026-07-19 15:03:14,261,504,449,0
2026-07-19 15:03:15,277,494,476,0
2026-07-19 15:03:16,309,497,476,0
2026-07-19 15:03:17,315,507,467,0
2026-07-19 15:03:18,355,513,437,0
2026-07-19 15:03:19,336,508,414,0
2026-07-19 15:03:20,359,513,395,0
2026-07-19 15:03:21,357,523,388,0
2026-07-19 15:03:22,336,518,412,0
2026-07-19 15:03:23,356,512,415,0
2026-07-19 15:03:24,321,505,424,0
2026-07-19 15:03:25,360,517,445,0
2026-07-19 15:03:26,327,488,446,0
2026-07-19 15:03:27,319,501,468,0
2026-07-19 15:03:28,282,498,483,0
2026-07-19 15:03:29,285,520,462,0
2026-07-19 15:03:30,295,496,494,0
2026-07-19 15:03:31,284,494,465,0
2026-07-19 15:03:32,324,497,513,0
2026-07-19 15:03:33,339,512,466,0
2026-07-19 15:03:34,375,497,475,0
2026-07-19 15:03:35,342,493,461,0
2026-07-19 15:03:36,349,518,437,0
2026-07-19 15:03:37,381,516,425,0
2026-07-19 15:03:38,344,495,430,0
2026-07-19 15:03:39,352,514,497,0
2026-07-19 15:03:40,373,504,458,0
2026-07-19 15:03:41,359,494,470,0
2026-07-19 15:03:42,315,504,456,0
2026-07-19 15:03:43,282,488,456,0
2026-07-19 15:03:44,298,500,467,0
2026-07-19 15:03:45,281,503,460,0
2026-07-19 15:03:46,304,489,470,0
2026-07-19 15:03:47,340,505,461,0
2026-07-19 15:03:48,354,508,433,0
2026-07-19 15:03:49,348,511,408,0
2026-07-19 15:03:50,346,485,391,0
2026-07-19 15:03:51,354,507,387,0
2026-07-19 15:03:52,367,503,400,0
2026-07-19 15:03:53,362,510,433,0
2026-07-19 15:03:54,360,517,449,0
2026-07-19 15:03:55,356,515,451,0
2026-07-19 15:03:56,348,512,469,0
2026-07-19 15:03:57,307,514,474,0
2026-07-19 15:03:58,276,498,454,0
2026-07-19 15:03:59,281,481,459,0
2026-07-19 15:04:00,276,519,483,0
2026-07-19 15:04:01,263,491,499,0
2026-07-19 15:04:02,311,501,486,0
2026-07-19 15:04:03,337,490,434,0
2026-07-19 15:04:04,338,494,438,0
2026-07-19 15:04:05,339,519,446,0
2026-07-19 15:04:06,366,495,449,0
2026-07-19 15:04:07,357,505,427,0
2026-07-19 15:04:08,348,503,460,0
2026-07-19 15:04:09,355,524,479,0
2026-07-19 15:04:10,366,493,466,0
2026-07-19 15:04:11,375,509,454,0
2026-07-19 15:04:12,343,496,473,0
2026-07-19 15:04:13,302,510,461,0
2026-07-19 15:04:14,277,505,461,0
2026-07-19 15:04:15,281,499,468,0
2026-07-19 15:04:16,275,496,458,0
2026-07-19 15:04:17,300,509,501,0
2026-07-19 15:04:18,350,504,446,0
2026-07-19 15:04:19,306,501,408,0
2026-07-19 15:04:20,328,506,413,0
2026-07-19 15:04:21,360,498,396,0
2026-07-19 15:04:22,351,494,401,0
2026-07-19 15:04:23,360,514,433,0
2026-07-19 15:04:24,333,498,452,0
2026-07-19 15:04:25,328,514,442,0
2026-07-19 15:04:26,333,505,462,0
2026-07-19 15:04:27,330,504,458,0
2026-07-19 15:04:28,332,515,467,0
2026-07-19 15:04:29,279,515,482,0
2026-07-19 15:04:30,289,490,508,0
2026-07-19 15:04:31,292,499,508,0
2026-07-19 15:04:32,318,507,503,0
2026-07-19 15:04:33,367,494,493,0
2026-07-19 15:04:34,352,502,469,0
2026-07-19 15:04:35,357,516,428,0
2026-07-19 15:04:36,353,504,444,0
2026-07-19 15:04:37,372,520,462,0
2026-07-19 15:04:38,370,522,444,0
2026-07-19 15:04:39,362,519,454,0
2026-07-19 15:04:40,369,523,485,0
2026-07-19 15:04:41,363,494,487,0
2026-07-19 15:04:42,340,522,467,0
2026-07-19 15:04:43,304,496,471,0
2026-07-19 15:04:50,312,507,469,0
2026-07-19 15:04:50,294,505,447,0
2026-07-19 15:04:50,275,509,468,0
2026-07-19 15:04:50,287,496,477,0
2026-07-19 15:04:50,311,493,456,0
2026-07-19 15:04:50,337,509,468,0
2026-07-19 15:04:50,350,498,420,0
2026-07-19 15:04:51,344,499,386,0
2026-07-19 15:04:52,323,514,400,0
2026-07-19 15:04:53,326,510,401,0
2026-07-19 15:04:54,371,505,439,0
2026-07-19 15:04:55,357,516,447,0
2026-07-19 15:04:56,350,519,444,0
2026-07-19 15:04:57,359,503,459,0
2026-07-19 15:04:58,357,502,438,0
2026-07-19 15:04:59,315,499,478,0
2026-07-19 15:05:00,292,500,477,0
2026-07-19 15:05:01,260,512,467,0
2026-07-19 15:05:02,276,486,485,0
2026-07-19 15:05:03,318,497,491,0
2026-07-19 15:05:04,349,517,480,0
2026-07-19 15:05:05,340,497,440,0
2026-07-19 15:05:06,357,483,448,0
2026-07-19 15:05:07,361,491,451,0
2026-07-19 15:05:08,360,518,432,0
2026-07-19 15:05:09,353,509,440,0
2026-07-19 15:05:10,377,492,440,0
2026-07-19 15:05:11,377,510,469,0
2026-07-19 15:05:12,344,507,487,0
2026-07-19 15:05:13,353,521,470,0
2026-07-19 15:05:14,320,496,458,0
2026-07-19 15:05:15,273,518,463,0
2026-07-19 15:05:16,286,503,472,0
2026-07-19 15:05:17,284,495,477,0
2026-07-19 15:05:18,293,509,471,0
2026-07-19 15:05:19,329,498,452,0
2026-07-19 15:05:20,361,502,435,0
2026-07-19 15:05:21,332,515,411,0
2026-07-19 15:05:22,326,499,402,0
2026-07-19 15:05:23,347,509,385,0
2026-07-19 15:05:24,377,511,413,0
2026-07-19 15:05:25,358,512,428,0
2026-07-19 15:05:26,356,502,454,0
2026-07-19 15:05:27,325,516,455,0
2026-07-19 15:05:28,332,503,458,0
2026-07-19 15:05:29,287,520,467,0
2026-07-19 15:05:30,268,515,480,0
2026-07-19 15:05:31,284,495,472,0
2026-07-19 15:05:32,269,506,508,0
2026-07-19 15:05:33,292,488,523,0
2026-07-19 15:05:34,338,503,472,0
2026-07-19 15:05:35,334,503,468,0
2026-07-19 15:05:36,334,512,451,0
2026-07-19 15:05:37,343,497,427,0
2026-07-19 15:05:38,365,514,439,0
2026-07-19 15:05:39,374,495,436,0
2026-07-19 15:05:40,372,494,487,0
2026-07-19 15:05:41,372,521,480,0
2026-07-19 15:05:42,365,506,460,0
2026-07-19 15:05:43,321,503,456,0
2026-07-19 15:05:44,321,495,461,0
2026-07-19 15:05:45,309,515,467,0
2026-07-19 15:05:46,299,510,472,0
2026-07-19 15:05:47,260,501,457,0
2026-07-19 15:05:48,291,497,479,0
2026-07-19 15:05:49,331,511,462,0
2026-07-19 15:05:50,359,506,420,0
2026-07-19 15:05:51,363,498,407,0
2026-07-19 15:05:52,365,529,404,0
2026-07-19 15:05:53,339,526,391,0
2026-07-19 15:05:54,323,509,420,0
2026-07-19 15:05:55,350,510,455,0
2026-07-19 15:05:56,357,504,443,0
2026-07-19 15:05:57,364,513,473,0
2026-07-19 15:05:58,338,520,469,0
2026-07-19 15:05:59,281,501,483,0
2026-07-19 15:06:00,269,498,506,0
2026-07-19 15:06:01,286,505,454,0
2026-07-19 15:06:02,273,507,500,0
2026-07-19 15:06:03,316,491,504,0
2026-07-19 15:06:04,345,498,483,0
2026-07-19 15:06:05,354,502,486,0
2026-07-19 15:06:06,369,494,427,0
2026-07-19 15:06:07,365,529,430,0
2026-07-19 15:06:08,379,508,466,0
2026-07-19 15:06:09,361,519,436,0
2026-07-19 15:06:10,360,498,484,0
2026-07-19 15:06:11,373,494,482,0
2026-07-19 15:06:12,369,517,465,0
2026-07-19 15:06:13,304,514,457,0
2026-07-19 15:06:14,308,515,455,0
2026-07-19 15:06:15,291,503,472,0
2026-07-19 15:06:16,286,508,469,0
2026-07-19 15:06:17,283,504,480,0
2026-07-19 15:06:18,321,507,447,0
2026-07-19 15:06:19,351,511,437,0
2026-07-19 15:06:20,361,510,395,0
2026-07-19 15:06:21,329,524,390,0
2026-07-19 15:06:22,353,503,398,0
2026-07-19 15:06:23,355,495,402,0
2026-07-19 15:06:24,373,515,416,0
2026-07-19 15:06:25,347,510,453,0
2026-07-19 15:06:26,349,511,447,0
2026-07-19 15:06:27,348,508,444,0
2026-07-19 15:06:28,307,508,468,0
2026-07-19 15:06:29,298,518,486,0
2026-07-19 15:06:30,287,513,501,0
2026-07-19 15:06:31,278,496,494,0
2026-07-19 15:06:32,295,515,523,0
2026-07-19 15:06:33,319,487,534,0
2026-07-19 15:06:34,321,503,506,0
2026-07-19 15:06:35,349,501,478,0
2026-07-19 15:06:36,374,497,431,0
2026-07-19 15:06:37,361,523,443,0
2026-07-19 15:06:38,356,499,454,0
2026-07-19 15:06:39,361,519,460,0
2026-07-19 15:06:40,381,506,496,0
2026-07-19 15:06:41,379,510,469,0
2026-07-19 15:06:42,338,512,461,0
2026-07-19 15:06:43,327,500,455,0
2026-07-19 15:06:44,302,520,470,0
2026-07-19 15:06:45,276,509,459,0
2026-07-19 15:06:46,279,504,463,0
2026-07-19 15:06:47,298,503,481,0
2026-07-19 15:06:48,306,501,485,0
2026-07-19 15:06:49,359,507,473,0
2026-07-19 15:06:50,334,512,412,0
2026-07-19 15:06:51,367,513,403,0
2026-07-19 15:06:52,355,513,404,0
2026-07-19 15:06:53,346,512,398,0
2026-07-19 15:06:54,368,518,417,0
2026-07-19 15:06:55,342,501,424,0
2026-07-19 15:06:56,367,517,445,0
2026-07-19 15:06:57,319,507,448,0
2026-07-19 15:06:58,329,517,442,0
2026-07-19 15:06:59,288,505,462,0
2026-07-19 15:07:00,301,501,480,0
2026-07-19 15:07:01,291,516,500,0
2026-07-19 15:07:02,297,488,488,0
2026-07-19 15:07:03,285,489,501,0
2026-07-19 15:07:04,343,494,484,0
2026-07-19 15:07:05,341,498,465,0
2026-07-19 15:07:06,342,497,452,0
2026-07-19 15:07:07,349,508,443,0
2026-07-19 15:07:08,351,519,438,0
2026-07-19 15:07:09,358,514,445,0
2026-07-19 15:07:10,376,515,445,0
2026-07-19 15:07:11,375,501,443,0
2026-07-19 15:07:12,377,499,469,0
2026-07-19 15:07:13,355,510,476,0
2026-07-19 15:07:14,337,514,471,0
2026-07-19 15:07:15,351,501,466,0
2026-07-19 15:07:16,373,520,465,0
2026-07-19 15:07:17,351,524,465,0
2026-07-19 15:07:18,325,491,464,0
2026-07-19 15:07:19,318,532,463,0
2026-07-19 15:07:20,306,533,449,0
2026-07-19 15:07:21,311,500,476,0
2026-07-19 15:07:22,278,528,478,0
2026-07-19 15:07:23,272,482,474,0
2026-07-19 15:07:24,276,488,479,0
2026-07-19 15:07:25,282,491,474,0
2026-07-19 15:07:26,294,505,453,0
2026-07-19 15:07:27,299,503,463,0
2026-07-19 15:07:28,286,510,448,0
2026-07-19 15:07:29,282,498,467,0
2026-07-19 15:07:30,275,503,468,0
2026-07-19 15:07:31,281,494,471,0
2026-07-19 15:07:32,292,504,465,0
2026-07-19 15:07:33,286,508,455,0
2026-07-19 15:07:34,317,504,476,0
2026-07-19 15:07:35,315,505,483,0
2026-07-19 15:07:36,345,509,456,0
2026-07-19 15:07:37,313,505,460,0
2026-07-19 15:07:38,326,506,479,0
2026-07-19 15:07:39,351,509,460,0
2026-07-19 15:07:40,363,500,436,0
2026-07-19 15:07:41,334,499,444,0
2026-07-19 15:07:42,342,499,443,0
2026-07-19 15:07:43,342,509,451,0
2026-07-19 15:07:44,366,508,469,0
2026-07-19 15:07:45,350,488,465,0
2026-07-19 15:07:46,334,500,448,0
2026-07-19 15:07:47,324,504,461,0
2026-07-19 15:07:48,316,497,472,0
2026-07-19 15:07:49,316,498,469,0
2026-07-19 15:07:50,286,502,466,0
2026-07-19 15:07:51,284,497,472,0
2026-07-19 15:07:52,286,502,462,0
2026-07-19 15:07:53,286,506,464,0
2026-07-19 15:07:54,288,506,453,0
2026-07-19 15:07:55,282,518,478,0
2026-07-19 15:07:56,266,508,488,0
2026-07-19 15:07:57,280,516,463,0
2026-07-19 15:07:58,303,500,470,0
2026-07-19 15:07:59,292,528,472,0
2026-07-19 15:08:00,324,524,459,0
2026-07-19 15:08:01,330,522,440,0
2026-07-19 15:08:02,363,517,492,0
2026-07-19 15:08:03,358,514,472,0
2026-07-19 15:08:04,365,515,477,0
2026-07-19 15:08:05,364,499,486,0
2026-07-19 15:08:06,352,504,478,0
2026-07-19 15:08:07,371,518,463,0
2026-07-19 15:08:08,349,525,449,0
2026-07-19 15:08:09,355,493,439,0
2026-07-19 15:08:10,369,506,448,0
2026-07-19 15:08:11,354,503,467,0
2026-07-19 15:08:12,357,493,471,0
2026-07-19 15:08:13,339,527,418,0
2026-07-19 15:08:14,349,507,439,0
2026-07-19 15:08:15,343,503,455,0
2026-07-19 15:08:16,343,504,511,0
2026-07-19 15:08:17,303,495,501,0
2026-07-19 15:08:18,277,491,525,0
2026-07-19 15:08:19,254,507,518,0
2026-07-19 15:08:20,284,499,484,0
2026-07-19 15:08:21,280,513,464,0
2026-07-19 15:08:22,286,517,451,0
2026-07-19 15:08:23,313,505,456,0
2026-07-19 15:08:24,342,499,476,0
2026-07-19 15:08:25,344,514,442,0
2026-07-19 15:08:26,340,512,450,0
2026-07-19 15:08:27,338,520,438,0
2026-07-19 15:08:28,346,502,445,0
2026-07-19 15:08:29,378,509,418,0
2026-07-19 15:08:30,327,515,392,0
2026-07-19 15:08:31,339,519,402,0
2026-07-19 15:08:32,341,508,380,0
2026-07-19 15:08:33,362,509,397,0
2026-07-19 15:08:34,354,494,395,0
2026-07-19 15:08:35,351,510,409,0
2026-07-19 15:08:36,347,507,413,0
2026-07-19 15:08:37,353,499,398,0
2026-07-19 15:08:38,351,496,381,0
2026-07-19 15:08:39,348,511,400,0
2026-07-19 15:08:40,343,507,396,0
2026-07-19 15:08:41,352,505,379,0
2026-07-19 15:08:42,340,512,379,0
2026-07-19 15:08:43,352,514,411,0
2026-07-19 15:08:44,361,494,419,0
2026-07-19 15:08:45,347,499,424,0
2026-07-19 15:08:46,353,515,456,0
2026-07-19 15:08:47,339,506,452,0
2026-07-19 15:08:48,346,509,454,0
2026-07-19 15:08:49,324,506,466,0
2026-07-19 15:08:50,297,502,468,0
2026-07-19 15:08:51,300,498,479,0
2026-07-19 15:08:52,280,500,485,0
2026-07-19 15:08:53,270,496,485,0
2026-07-19 15:08:54,276,483,535,0
2026-07-19 15:08:55,280,492,494,0
2026-07-19 15:08:56,326,487,510,0
2026-07-19 15:08:57,356,515,502,0
2026-07-19 15:08:58,375,505,514,0
2026-07-19 15:08:59,346,504,472,0
2026-07-19 15:09:00,355,487,444,0
2026-07-19 15:09:01,350,498,432,0
2026-07-19 15:09:02,374,496,400,0
2026-07-19 15:09:03,366,522,404,0
2026-07-19 15:09:04,377,511,466,0
2026-07-19 15:09:05,373,516,478,0
2026-07-19 15:09:06,362,487,466,0
2026-07-19 15:09:07,342,508,462,0
2026-07-19 15:09:08,315,511,478,0
2026-07-19 15:09:09,299,499,475,0
2026-07-19 15:09:10,270,506,456,0
2026-07-19 15:09:11,278,506,473,0
2026-07-19 15:09:12,297,499,471,0
2026-07-19 15:09:13,330,502,453,0
2026-07-19 15:09:14,328,501,453,0
2026-07-19 15:09:15,343,507,417,0
2026-07-19 15:09:16,367,516,387,0
2026-07-19 15:09:17,347,510,398,0
2026-07-19 15:09:18,348,509,398,0
2026-07-19 15:09:19,357,509,409,0
2026-07-19 15:09:20,344,510,432,0
2026-07-19 15:09:21,330,516,456,0
2026-07-19 15:09:22,357,512,467,0
2026-07-19 15:09:23,325,493,475,0
2026-07-19 15:09:24,299,498,508,0
2026-07-19 15:09:25,284,522,491,0
2026-07-19 15:09:26,293,494,448,0
2026-07-19 15:09:27,268,494,484,0
2026-07-19 15:09:28,306,490,496,0
2026-07-19 15:09:29,347,502,501,0
2026-07-19 15:09:30,350,486,474,0
2026-07-19 15:09:31,350,504,462,0
2026-07-19 15:09:32,342,524,430,0
2026-07-19 15:09:33,353,498,445,0
2026-07-19 15:09:34,347,497,420,0
2026-07-19 15:09:35,365,506,482,0
2026-07-19 15:09:36,350,496,468,0
2026-07-19 15:09:37,347,503,467,0
2026-07-19 15:09:38,378,507,458,0
2026-07-19 15:09:39,328,511,458,0
2026-07-19 15:09:40,270,510,466,0
2026-07-19 15:09:41,285,513,454,0
2026-07-19 15:09:42,276,504,492,0
2026-07-19 15:09:43,276,500,462,0
2026-07-19 15:09:44,291,507,459,0
2026-07-19 15:09:45,327,502,454,0
2026-07-19 15:09:46,365,503,422,0
2026-07-19 15:09:47,338,494,417,0
2026-07-19 15:09:48,341,524,401,0
2026-07-19 15:09:49,362,522,404,0
2026-07-19 15:09:50,315,505,400,0
2026-07-19 15:09:51,324,510,412,0
2026-07-19 15:09:52,342,524,431,0
2026-07-19 15:09:53,338,498,445,0
2026-07-19 15:09:54,347,510,450,0
2026-07-19 15:09:55,347,500,469,0
2026-07-19 15:09:56,315,496,470,0
2026-07-19 15:09:57,287,492,488,0
2026-07-19 15:09:58,298,482,506,0
2026-07-19 15:09:59,288,501,469,0
2026-07-19 15:10:00,293,490,518,0
2026-07-19 15:10:01,326,499,519,0
2026-07-19 15:10:02,339,506,479,0
2026-07-19 15:10:03,340,488,460,0
2026-07-19 15:10:04,353,490,434,0
2026-07-19 15:10:05,366,529,439,0
2026-07-19 15:10:06,387,526,440,0
2026-07-19 15:10:07,388,512,438,0
2026-07-19 15:10:08,347,529,435,0
2026-07-19 15:10:09,380,512,459,0
2026-07-19 15:10:10,367,506,465,0
2026-07-19 15:10:11,376,523,459,0
2026-07-19 15:10:12,358,505,460,0
2026-07-19 15:10:13,383,502,481,0
2026-07-19 15:10:14,364,521,469,0
2026-07-19 15:10:15,354,480,458,0
2026-07-19 15:10:16,344,506,467,0
2026-07-19 15:10:17,361,517,464,0
2026-07-19 15:10:18,371,507,465,0
2026-07-19 15:10:19,391,521,448,0
2026-07-19 15:10:20,358,503,467,0
2026-07-19 15:10:21,377,504,458,0
2026-07-19 15:10:22,351,493,472,0
2026-07-19 15:10:23,380,519,467,0
2026-07-19 15:10:24,367,520,467,0
2026-07-19 15:10:25,377,493,480,0
2026-07-19 15:10:26,364,499,494,0
2026-07-19 15:10:27,363,503,489,0
2026-07-19 15:10:28,365,514,475,0
2026-07-19 15:10:29,375,493,470,0
2026-07-19 15:10:30,348,507,495,0
2026-07-19 15:10:31,352,507,454,0
2026-07-19 15:10:32,355,524,453,0
2026-07-19 15:10:33,362,513,441,0
2026-07-19 15:10:34,358,521,427,0
2026-07-19 15:10:35,357,486,462,0
2026-07-19 15:10:36,370,501,444,0
2026-07-19 15:10:37,364,500,450,0
2026-07-19 15:10:38,342,500,523,0
2026-07-19 15:10:39,296,508,485,0
2026-07-19 15:10:40,275,508,504,0
2026-07-19 15:10:41,298,522,484,0
2026-07-19 15:10:42,285,503,478,0
2026-07-19 15:10:43,287,495,455,0
2026-07-19 15:10:44,318,506,464,0
2026-07-19 15:10:45,343,498,451,0
2026-07-19 15:10:47,376,504,457,0
2026-07-19 15:10:47,349,518,425,0
2026-07-19 15:10:48,350,505,419,0
2026-07-19 15:10:49,346,511,423,0
2026-07-19 15:10:50,351,519,405,0
2026-07-19 15:10:51,351,507,396,0
2026-07-19 15:10:52,345,503,398,0
2026-07-19 15:10:53,350,503,434,0
2026-07-19 15:10:54,327,497,461,0
2026-07-19 15:10:55,301,501,485,0
2026-07-19 15:10:56,276,503,477,0
2026-07-19 15:10:57,297,497,470,0
2026-07-19 15:10:58,300,509,462,0
2026-07-19 15:10:59,288,514,470,0
2026-07-19 15:11:00,320,497,450,0
2026-07-19 15:11:01,343,494,480,0
2026-07-19 15:11:02,357,504,460,0
2026-07-19 15:11:03,368,495,468,0
2026-07-19 15:11:04,360,521,469,0
2026-07-19 15:11:05,370,517,483,0
2026-07-19 15:11:06,345,503,477,0
2026-07-19 15:11:07,342,510,456,0
2026-07-19 15:11:08,377,516,481,0
2026-07-19 15:11:09,374,514,424,0
2026-07-19 15:11:10,353,516,444,0
2026-07-19 15:11:11,352,499,435,0
2026-07-19 15:11:12,355,493,413,0
2026-07-19 15:11:13,361,522,427,0
2026-07-19 15:11:14,355,503,442,0
2026-07-19 15:11:15,331,511,436,0
2026-07-19 15:11:16,367,505,437,0
2026-07-19 15:11:17,383,530,480,0
2026-07-19 15:11:18,378,522,479,0
2026-07-19 15:11:19,357,511,479,0
2026-07-19 15:11:20,353,528,461,0
2026-07-19 15:11:21,300,519,445,0
2026-07-19 15:11:22,277,497,452,0
2026-07-19 15:11:23,292,500,450,0
2026-07-19 15:11:24,290,497,483,0
2026-07-19 15:11:25,285,500,466,0
2026-07-19 15:11:26,323,492,478,0
2026-07-19 15:11:27,345,502,428,0
2026-07-19 15:11:28,346,509,414,0
2026-07-19 15:11:29,361,492,416,0
2026-07-19 15:11:30,360,506,417,0
2026-07-19 15:11:31,352,514,420,0
2026-07-19 15:11:32,370,519,431,0
2026-07-19 15:11:33,370,503,456,0
2026-07-19 15:11:34,373,505,462,0
2026-07-19 15:11:35,345,502,467,0
2026-07-19 15:11:36,290,506,471,0
2026-07-19 15:11:37,276,516,489,0
2026-07-19 15:11:38,286,504,479,0
2026-07-19 15:11:39,290,493,471,0
2026-07-19 15:11:40,285,505,503,0
2026-07-19 15:11:41,306,512,479,0
2026-07-19 15:11:42,376,499,464,0
2026-07-19 15:11:43,358,485,424,0
2026-07-19 15:11:44,352,522,468,0
2026-07-19 15:11:45,349,512,449,0
2026-07-19 15:11:46,355,499,462,0
2026-07-19 15:11:47,393,521,449,0
2026-07-19 15:11:48,340,497,478,0
2026-07-19 15:11:49,365,519,466,0
2026-07-19 15:11:50,338,514,460,0
2026-07-19 15:11:51,321,508,461,0
2026-07-19 15:11:52,272,514,472,0
2026-07-19 15:11:53,280,516,455,0
2026-07-19 15:11:54,275,503,478,0
2026-07-19 15:11:55,288,499,460,0
2026-07-19 15:11:56,318,506,476,0
2026-07-19 15:11:57,317,502,473,0
2026-07-19 15:11:58,354,512,464,0
2026-07-19 15:11:59,357,497,460,0
2026-07-19 15:12:00,372,509,405,0
2026-07-19 15:12:01,327,498,397,0
2026-07-19 15:12:02,339,496,401,0
2026-07-19 15:12:03,347,506,406,0
2026-07-19 15:12:04,347,527,443,0
2026-07-19 15:12:05,346,502,470,0
2026-07-19 15:12:06,332,500,455,0
2026-07-19 15:12:07,360,499,467,0
2026-07-19 15:12:08,310,504,466,0
2026-07-19 15:12:09,284,499,478,0
2026-07-19 15:12:10,287,511,485,0
2026-07-19 15:12:11,290,497,498,0
2026-07-19 15:12:12,288,512,494,0
2026-07-19 15:12:13,305,496,526,0
2026-07-19 15:12:14,324,506,488,0
2026-07-19 15:12:15,350,496,492,0
2026-07-19 15:12:16,337,495,467,0
2026-07-19 15:12:17,378,500,453,0
2026-07-19 15:12:18,366,511,445,0
2026-07-19 15:12:19,355,499,463,0
2026-07-19 15:12:20,357,521,432,0
2026-07-19 15:12:21,344,514,453,0
2026-07-19 15:12:22,379,521,465,0
2026-07-19 15:12:23,345,524,472,0
2026-07-19 15:12:24,364,511,465,0
2026-07-19 15:12:25,322,516,465,0
2026-07-19 15:12:26,287,521,469,0
2026-07-19 15:12:27,285,499,479,0
2026-07-19 15:12:28,298,504,473,0
2026-07-19 15:12:29,296,497,465,0
2026-07-19 15:12:30,295,494,472,0
2026-07-19 15:12:31,290,503,476,0
2026-07-19 15:12:32,365,509,453,0
2026-07-19 15:12:33,360,500,410,0
2026-07-19 15:12:34,347,525,404,0
2026-07-19 15:12:35,352,512,374,0
2026-07-19 15:12:36,336,498,416,0
2026-07-19 15:12:37,351,519,428,0
2026-07-19 15:12:38,370,511,471,0
2026-07-19 15:12:39,337,501,458,0
2026-07-19 15:12:40,342,501,445,0
2026-07-19 15:12:41,306,515,475,0
2026-07-19 15:12:42,291,508,465,0
2026-07-19 15:12:43,287,485,480,0
2026-07-19 15:12:44,269,490,512,0
2026-07-19 15:12:45,274,497,521,0
2026-07-19 15:12:46,315,491,507,0
2026-07-19 15:12:47,362,497,491,0
2026-07-19 15:12:48,348,502,463,0
2026-07-19 15:12:49,347,503,486,0
2026-07-19 15:12:50,363,493,450,0
2026-07-19 15:12:51,365,518,430,0
2026-07-19 15:12:52,355,497,423,0
2026-07-19 15:12:53,366,531,449,0
2026-07-19 15:12:54,356,506,434,0
2026-07-19 15:12:55,332,515,472,0
2026-07-19 15:12:56,354,523,477,0
2026-07-19 15:12:57,372,498,492,0
2026-07-19 15:12:58,358,513,486,0
2026-07-19 15:12:59,361,509,469,0
2026-07-19 15:13:00,370,523,471,0
2026-07-19 15:13:01,362,508,468,0
2026-07-19 15:13:02,347,499,458,0
2026-07-19 15:13:03,361,512,470,0
2026-07-19 15:13:04,323,520,479,0
2026-07-19 15:13:05,316,521,469,0
2026-07-19 15:13:06,308,516,483,0
2026-07-19 15:13:07,317,498,482,0
2026-07-19 15:13:08,311,500,489,0
2026-07-19 15:13:09,283,519,458,0
2026-07-19 15:13:10,289,509,489,0
2026-07-19 15:13:11,302,514,463,0
2026-07-19 15:13:12,305,494,462,0
2026-07-19 15:13:13,281,502,462,0
2026-07-19 15:13:14,306,523,480,0
2026-07-19 15:13:16,287,495,455,0
2026-07-19 15:13:16,307,529,473,0
2026-07-19 15:13:17,297,496,460,0
2026-07-19 15:13:18,287,502,482,0
2026-07-19 15:13:19,301,529,472,0
2026-07-19 15:13:20,285,493,474,0
2026-07-19 15:13:21,260,517,463,0
2026-07-19 15:13:22,294,498,454,0
2026-07-19 15:13:23,306,502,444,0
2026-07-19 15:13:24,311,500,463,0
2026-07-19 15:13:25,297,513,445,0
2026-07-19 15:13:26,309,511,462,0
2026-07-19 15:13:27,266,508,465,0
2026-07-19 15:13:28,287,515,463,0
2026-07-19 15:13:29,277,505,457,0
2026-07-19 15:13:30,291,490,453,0
2026-07-19 15:13:31,274,492,485,0
2026-07-19 15:13:32,297,514,467,0
2026-07-19 15:13:33,269,495,461,0
2026-07-19 15:13:34,277,489,481,0
2026-07-19 15:13:35,275,494,456,0
2026-07-19 15:13:36,294,496,466,0
2026-07-19 15:13:37,297,507,465,0
2026-07-19 15:13:38,277,513,462,0
2026-07-19 15:13:39,286,504,479,0
2026-07-19 15:13:40,280,508,465,0
2026-07-19 15:13:41,294,499,484,0
2026-07-19 15:13:42,269,507,475,0
2026-07-19 15:13:43,296,507,470,0
2026-07-19 15:13:44,298,496,483,0
2026-07-19 15:13:45,304,509,465,0
2026-07-19 15:13:46,278,498,465,0
2026-07-19 15:13:47,308,507,465,0
2026-07-19 15:13:48,310,505,482,0
2026-07-19 15:13:49,343,491,476,0
2026-07-19 15:13:50,341,498,469,0
2026-07-19 15:13:51,342,489,460,0
2026-07-19 15:13:52,334,503,455,0
2026-07-19 15:13:53,349,502,419,0
2026-07-19 15:13:54,341,506,402,0
2026-07-19 15:13:55,329,503,394,0
2026-07-19 15:13:56,351,493,390,0
2026-07-19 15:13:57,336,517,383,0
2026-07-19 15:13:58,352,509,397,0
2026-07-19 15:13:59,347,514,402,0
2026-07-19 15:14:00,354,518,436,0
2026-07-19 15:14:01,353,510,438,0
2026-07-19 15:14:02,340,509,468,0
2026-07-19 15:14:03,353,500,472,0
2026-07-19 15:14:04,335,517,458,0
2026-07-19 15:14:05,308,515,469,0
2026-07-19 15:14:06,290,508,460,0
2026-07-19 15:14:07,287,509,473,0
2026-07-19 15:14:08,273,504,519,0
2026-07-19 15:14:09,294,496,517,0
2026-07-19 15:14:10,350,493,503,0
2026-07-19 15:14:11,347,492,478,0
2026-07-19 15:14:12,341,523,457,0
2026-07-19 15:14:13,332,522,457,0
2026-07-19 15:14:14,349,524,449,0
2026-07-19 15:14:15,351,489,435,0
2026-07-19 15:14:16,341,509,419,0
2026-07-19 15:14:17,335,525,478,0
2026-07-19 15:14:18,345,500,461,0
2026-07-19 15:14:19,364,517,460,0
2026-07-19 15:14:20,354,507,472,0
2026-07-19 15:14:21,328,509,478,0
2026-07-19 15:14:22,278,509,472,0
2026-07-19 15:14:23,274,522,467,0
2026-07-19 15:14:24,279,498,480,0
2026-07-19 15:14:25,284,502,465,0
2026-07-19 15:14:26,274,499,468,0
2026-07-19 15:14:27,316,504,460,0
2026-07-19 15:14:28,343,501,470,0
2026-07-19 15:14:29,361,500,442,0
2026-07-19 15:14:30,320,508,396,0
2026-07-19 15:14:31,324,507,419,0
2026-07-19 15:14:32,351,514,397,0
2026-07-19 15:14:33,358,522,397,0
2026-07-19 15:14:34,349,518,403,0
2026-07-19 15:14:35,337,528,405,0
2026-07-19 15:14:36,361,507,405,0
2026-07-19 15:14:37,356,518,411,0
2026-07-19 15:14:38,360,526,408,0
2026-07-19 15:14:39,327,529,400,0
2026-07-19 15:14:40,325,508,381,0
2026-07-19 15:14:41,320,511,408,0
2026-07-19 15:14:42,339,521,406,0
2026-07-19 15:14:43,337,513,383,0
2026-07-19 15:14:44,319,509,412,0
2026-07-19 15:14:45,358,506,431,0
2026-07-19 15:14:46,324,502,462,0
2026-07-19 15:14:47,330,511,468,0
2026-07-19 15:14:48,312,500,460,0
2026-07-19 15:14:49,297,500,477,0
2026-07-19 15:14:50,281,503,463,0
2026-07-19 15:14:51,292,514,461,0
2026-07-19 15:14:52,285,518,468,0
2026-07-19 15:14:53,299,505,457,0
2026-07-19 15:14:54,333,500,462,0
2026-07-19 15:14:55,373,495,460,0
2026-07-19 15:14:56,355,514,457,0
2026-07-19 15:14:57,357,519,458,0
2026-07-19 15:14:58,360,510,420,0
2026-07-19 15:14:59,351,511,431,0
2026-07-19 15:15:00,330,525,443,0
2026-07-19 15:15:01,351,500,446,0
2026-07-19 15:15:02,353,492,450,0
2026-07-19 15:15:03,372,510,502,0
2026-07-19 15:15:04,364,496,523,0
2026-07-19 15:15:05,304,493,503,0
2026-07-19 15:15:06,300,493,511,0
2026-07-19 15:15:07,282,498,524,0
2026-07-19 15:15:08,274,520,517,0
2026-07-19 15:15:09,302,495,490,0
2026-07-19 15:15:10,273,520,480,0
2026-07-19 15:15:11,303,513,494,0
2026-07-19 15:15:12,328,492,467,0
2026-07-19 15:15:13,339,507,462,0
2026-07-19 15:15:14,373,512,462,0
2026-07-19 15:15:15,332,502,453,0
2026-07-19 15:15:16,361,501,450,0
2026-07-19 15:15:17,355,499,454,0
2026-07-19 15:15:18,349,506,442,0
2026-07-19 15:15:19,328,514,397,0
2026-07-19 15:15:20,342,523,391,0
2026-07-19 15:15:21,345,511,408,0
2026-07-19 15:15:22,344,504,407,0
2026-07-19 15:15:23,368,508,394,0
2026-07-19 15:15:24,335,505,388,0
2026-07-19 15:15:25,318,503,414,0
2026-07-19 15:15:26,360,508,433,0
2026-07-19 15:15:27,315,496,438,0
2026-07-19 15:15:28,352,498,452,0
2026-07-19 15:15:29,340,507,469,0
2026-07-19 15:15:30,315,509,468,0
2026-07-19 15:15:31,309,505,479,0
2026-07-19 15:15:32,300,515,475,0
2026-07-19 15:15:33,292,514,473,0
2026-07-19 15:15:34,286,492,479,0
2026-07-19 15:15:35,278,500,460,0
2026-07-19 15:15:36,285,496,478,0
2026-07-19 15:15:37,296,497,476,0
2026-07-19 15:15:38,270,508,475,0
2026-07-19 15:15:39,275,507,458,0
2026-07-19 15:15:40,277,498,469,0
2026-07-19 15:15:41,286,509,471,0
2026-07-19 15:15:42,295,512,464,0
2026-07-19 15:15:43,288,492,471,0
2026-07-19 15:15:44,274,510,485,0
2026-07-19 15:15:45,281,497,472,0
2026-07-19 15:15:46,279,511,457,0
2026-07-19 15:15:47,274,511,466,0
2026-07-19 15:15:48,294,512,462,0
2026-07-19 15:15:49,281,499,473,0
2026-07-19 15:15:50,269,493,478,0
2026-07-19 15:15:51,282,508,449,0
2026-07-19 15:15:52,280,506,456,0
2026-07-19 15:15:53,273,501,468,0
2026-07-19 15:15:54,308,502,476,0
2026-07-19 15:15:55,285,508,479,0
2026-07-19 15:15:56,272,507,453,0
2026-07-19 15:15:57,271,505,470,0
2026-07-19 15:15:58,292,503,479,0
2026-07-19 15:15:59,281,498,470,0
2026-07-19 15:16:00,302,499,488,0
2026-07-19 15:16:01,333,500,464,0
2026-07-19 15:16:02,358,495,459,0
2026-07-19 15:16:03,362,500,410,0
2026-07-19 15:16:04,359,518,403,0
2026-07-19 15:16:05,349,515,407,0
2026-07-19 15:16:06,357,515,394,0
2026-07-19 15:16:07,357,510,449,0
2026-07-19 15:16:08,357,517,454,0
2026-07-19 15:16:09,354,514,458,0
2026-07-19 15:16:10,362,503,461,0
2026-07-19 15:16:11,298,496,478,0
2026-07-19 15:16:12,274,496,468,0
2026-07-19 15:16:13,284,505,463,0
2026-07-19 15:16:14,253,486,510,0
2026-07-19 15:16:15,292,507,485,0
2026-07-19 15:16:16,327,509,512,0
2026-07-19 15:16:17,354,503,477,0
2026-07-19 15:16:18,354,517,413,0
2026-07-19 15:16:19,350,480,431,0
2026-07-19 15:16:20,343,501,427,0
2026-07-19 15:16:21,349,523,431,0
2026-07-19 15:16:22,344,516,472,0
2026-07-19 15:16:23,378,503,487,0
2026-07-19 15:16:24,365,521,483,0
2026-07-19 15:16:25,357,506,472,0
2026-07-19 15:16:26,341,509,470,0
2026-07-19 15:16:27,303,508,461,0
2026-07-19 15:16:28,275,521,466,0
2026-07-19 15:16:29,292,506,469,0
2026-07-19 15:16:30,284,503,470,0
2026-07-19 15:16:31,315,506,475,0
2026-07-19 15:16:32,347,501,468,0
2026-07-19 15:16:33,357,510,416,0
2026-07-19 15:16:34,359,507,408,0
2026-07-19 15:16:35,350,503,422,0
2026-07-19 15:16:36,366,514,407,0
2026-07-19 15:16:37,362,513,428,0
2026-07-19 15:16:38,366,526,457,0
2026-07-19 15:16:39,350,504,470,0
2026-07-19 15:16:40,379,519,464,0
2026-07-19 15:16:41,307,500,454,0
2026-07-19 15:16:42,299,502,486,0
2026-07-19 15:16:43,260,492,512,0
2026-07-19 15:16:44,262,508,516,0
2026-07-19 15:16:45,281,494,495,0
2026-07-19 15:16:46,313,491,505,0
2026-07-19 15:16:47,350,506,531,0
2026-07-19 15:16:48,371,502,492,0
2026-07-19 15:16:49,341,496,473,0
2026-07-19 15:16:50,342,527,452,0
2026-07-19 15:16:51,370,504,425,0
2026-07-19 15:16:52,353,517,439,0
2026-07-19 15:16:53,353,510,450,0
2026-07-19 15:16:54,366,524,476,0
2026-07-19 15:16:55,345,498,453,0
2026-07-19 15:16:56,330,509,480,0
2026-07-19 15:16:57,304,515,473,0
2026-07-19 15:16:58,275,491,469,0
2026-07-19 15:16:59,282,524,462,0
2026-07-19 15:17:00,292,504,474,0
2026-07-19 15:17:01,296,502,460,0
2026-07-19 15:17:02,317,506,480,0
2026-07-19 15:17:03,336,499,473,0
2026-07-19 15:17:04,325,506,416,0
2026-07-19 15:17:05,357,513,408,0
2026-07-19 15:17:06,337,496,406,0
2026-07-19 15:17:07,346,496,420,0
2026-07-19 15:17:11,321,513,406,0
2026-07-19 15:17:11,337,512,407,0
2026-07-19 15:17:11,330,508,453,0
2026-07-19 15:17:11,338,503,453,0
2026-07-19 15:17:12,375,507,466,0
2026-07-19 15:17:13,369,507,467,0
2026-07-19 15:17:14,362,507,446,0
2026-07-19 15:17:15,367,516,468,0
2026-07-19 15:17:17,340,522,440,0
2026-07-19 15:17:19,351,515,442,0
2026-07-19 15:17:19,359,507,464,0
2026-07-19 15:17:19,363,509,438,0
2026-07-19 15:17:20,367,516,456,0
2026-07-19 15:17:21,345,512,428,0
2026-07-19 15:17:22,334,516,425,0
2026-07-19 15:17:23,367,510,410,0
2026-07-19 15:17:24,352,506,382,0
2026-07-19 15:17:25,344,510,410,0
2026-07-19 15:17:26,327,515,404,0
2026-07-19 15:17:27,340,494,437,0
2026-07-19 15:17:28,325,499,466,0
2026-07-19 15:17:29,270,506,473,0
2026-07-19 15:17:30,284,497,468,0
2026-07-19 15:17:31,270,502,448,0
2026-07-19 15:17:32,323,519,460,0
2026-07-19 15:17:33,309,521,469,0
2026-07-19 15:17:34,336,515,465,0
2026-07-19 15:17:35,358,517,472,0
2026-07-19 15:17:36,379,520,481,0
2026-07-19 15:17:37,349,501,452,0
2026-07-19 15:17:38,342,501,443,0
2026-07-19 15:17:39,342,509,397,0
2026-07-19 15:17:40,342,516,454,0
2026-07-19 15:17:41,366,495,469,0
2026-07-19 15:17:42,347,503,474,0
2026-07-19 15:17:43,349,493,480,0
2026-07-19 15:17:44,322,485,477,0
2026-07-19 15:17:45,274,507,490,0
2026-07-19 15:17:46,312,485,513,0
2026-07-19 15:17:47,284,487,475,0
2026-07-19 15:17:48,286,500,479,0
2026-07-19 15:17:49,299,516,489,0
2026-07-19 15:17:50,302,509,484,0
2026-07-19 15:17:51,316,516,463,0
2026-07-19 15:17:52,334,507,459,0
2026-07-19 15:17:53,352,523,453,0
2026-07-19 15:17:54,329,518,464,0
2026-07-19 15:17:55,373,506,446,0
2026-07-19 15:17:56,356,527,463,0
2026-07-19 15:17:57,362,505,450,0
2026-07-19 15:17:58,355,525,455,0
2026-07-19 15:17:59,344,501,456,0
2026-07-19 15:18:00,358,504,453,0
2026-07-19 15:18:01,378,521,464,0
2026-07-19 15:18:02,354,501,463,0
2026-07-19 15:18:03,363,522,472,0
2026-07-19 15:18:04,344,508,452,0
2026-07-19 15:18:05,354,501,477,0
2026-07-19 15:18:06,338,511,449,0
2026-07-19 15:18:07,284,511,477,0
2026-07-19 15:18:08,286,503,471,0
2026-07-19 15:18:09,292,521,478,0
2026-07-19 15:18:10,278,497,491,0
2026-07-19 15:18:11,265,500,467,0
2026-07-19 15:18:12,311,494,516,0
2026-07-19 15:18:13,352,519,489,0
2026-07-19 15:18:14,369,505,439,0
2026-07-19 15:18:15,337,486,472,0
2026-07-19 15:18:16,352,509,446,0
2026-07-19 15:18:17,356,501,412,0
2026-07-19 15:18:18,359,503,457,0
2026-07-19 15:18:19,361,500,483,0
2026-07-19 15:18:20,371,517,477,0
2026-07-19 15:18:21,344,496,467,0
2026-07-19 15:18:22,348,518,476,0
2026-07-19 15:18:23,360,518,481,0
2026-07-19 15:18:24,310,501,469,0
2026-07-19 15:18:25,259,527,451,0
2026-07-19 15:18:26,283,498,481,0
2026-07-19 15:18:27,292,521,474,0
2026-07-19 15:18:28,314,496,476,0
2026-07-19 15:18:29,322,501,458,0
2026-07-19 15:18:30,345,513,440,0
2026-07-19 15:18:31,377,508,408,0
2026-07-19 15:18:32,331,524,398,0
2026-07-19 15:18:33,352,513,404,0
2026-07-19 15:18:34,374,518,395,0
2026-07-19 15:18:35,338,526,430,0
2026-07-19 15:18:36,362,511,447,0
2026-07-19 15:18:37,344,511,448,0
2026-07-19 15:18:38,350,528,469,0
2026-07-19 15:18:39,342,508,472,0
2026-07-19 15:18:40,325,500,473,0
2026-07-19 15:18:41,292,509,479,0
2026-07-19 15:18:42,281,505,500,0
2026-07-19 15:18:43,264,521,517,0
2026-07-19 15:18:44,285,509,500,0
2026-07-19 15:18:45,267,513,509,0
2026-07-19 15:18:46,279,517,482,0
2026-07-19 15:18:47,295,511,532,0
2026-07-19 15:18:48,286,495,514,0
2026-07-19 15:18:49,289,490,522,0
2026-07-19 15:18:50,277,509,519,0
2026-07-19 15:18:51,354,507,512,0
2026-07-19 15:18:52,340,512,496,0
2026-07-19 15:18:53,343,502,503,0
2026-07-19 15:18:54,362,503,507,0
2026-07-19 15:18:55,341,502,448,0
2026-07-19 15:18:56,372,505,469,0
2026-07-19 15:18:57,357,488,475,0
2026-07-19 15:18:58,349,509,473,0
2026-07-19 15:18:59,353,498,449,0
2026-07-19 15:19:00,336,495,456,0
2026-07-19 15:19:01,352,496,443,0
2026-07-19 15:19:02,379,505,474,0
2026-07-19 15:19:03,364,508,488,0
2026-07-19 15:19:04,360,517,474,0
2026-07-19 15:19:05,351,502,487,0
2026-07-19 15:19:06,351,499,482,0
2026-07-19 15:19:07,343,487,481,0
2026-07-19 15:19:08,336,498,494,0
2026-07-19 15:19:09,307,493,498,0
2026-07-19 15:19:10,300,494,491,0
2026-07-19 15:19:11,292,494,478,0
2026-07-19 15:19:12,308,523,496,0
2026-07-19 15:19:13,257,522,481,0
2026-07-19 15:19:14,269,512,481,0
2026-07-19 15:19:15,312,512,480,0
2026-07-19 15:19:16,321,516,456,0
2026-07-19 15:19:17,355,500,455,0
2026-07-19 15:19:18,357,511,466,0
2026-07-19 15:19:19,349,508,448,0
2026-07-19 15:19:20,349,512,462,0
2026-07-19 15:19:21,339,517,412,0
2026-07-19 15:19:22,348,495,422,0
2026-07-19 15:19:23,330,529,395,0
2026-07-19 15:19:24,344,510,406,0
2026-07-19 15:19:25,354,506,424,0
2026-07-19 15:19:26,340,505,461,0
2026-07-19 15:19:27,300,502,464,0
2026-07-19 15:19:28,261,507,476,0
2026-07-19 15:19:29,304,510,467,0
2026-07-19 15:19:30,285,503,483,0
2026-07-19 15:19:31,308,507,452,0
2026-07-19 15:19:32,354,523,480,0
2026-07-19 15:19:33,364,531,483,0
2026-07-19 15:19:34,370,497,486,0
2026-07-19 15:19:35,348,502,459,0
2026-07-19 15:19:36,359,517,489,0
2026-07-19 15:19:37,366,521,416,0
2026-07-19 15:19:38,348,525,424,0
2026-07-19 15:19:39,371,521,428,0
2026-07-19 15:19:40,362,510,445,0
2026-07-19 15:19:41,348,518,446,0
2026-07-19 15:19:42,347,531,462,0
2026-07-19 15:19:43,334,513,444,0
2026-07-19 15:19:44,343,503,457,0
2026-07-19 15:19:45,348,499,445,0
2026-07-19 15:19:46,348,500,490,0
2026-07-19 15:19:47,338,493,514,0
2026-07-19 15:19:48,300,502,543,0
2026-07-19 15:19:49,301,496,482,0
2026-07-19 15:19:50,289,496,454,0
2026-07-19 15:19:51,284,496,496,0
2026-07-19 15:19:52,289,495,497,0
2026-07-19 15:19:53,280,483,508,0
2026-07-19 15:19:54,286,511,516,0
2026-07-19 15:19:55,276,515,497,0
2026-07-19 15:19:56,297,520,466,0
2026-07-19 15:19:57,286,493,474,0
2026-07-19 15:19:58,286,509,524,0
2026-07-19 15:19:59,305,500,550,0
2026-07-19 15:20:00,302,491,501,0
2026-07-19 15:20:01,319,509,495,0
2026-07-19 15:20:02,312,504,514,0
2026-07-19 15:20:03,365,500,493,0
2026-07-19 15:20:04,323,494,479,0
2026-07-19 15:20:05,383,508,485,0
2026-07-19 15:20:06,371,490,475,0
2026-07-19 15:20:07,367,521,434,0
2026-07-19 15:20:08,342,491,454,0
2026-07-19 15:20:09,354,510,406,0
2026-07-19 15:20:10,366,504,413,0
2026-07-19 15:20:11,370,521,427,0
2026-07-19 15:20:12,367,502,419,0
2026-07-19 15:20:13,364,515,468,0
2026-07-19 15:20:14,348,510,513,0
2026-07-19 15:20:15,373,527,471,0
2026-07-19 15:20:16,373,514,472,0
2026-07-19 15:20:17,366,514,502,0
2026-07-19 15:20:18,387,517,477,0
2026-07-19 15:20:19,356,517,483,0
2026-07-19 15:20:20,374,519,460,0
2026-07-19 15:20:21,349,503,471,0
2026-07-19 15:20:22,356,515,488,0
2026-07-19 15:20:23,330,520,449,0
2026-07-19 15:20:24,335,508,458,0
2026-07-19 15:20:25,295,519,463,0
2026-07-19 15:20:26,305,501,485,0
2026-07-19 15:20:27,292,531,463,0
2026-07-19 15:20:28,283,520,471,0
2026-07-19 15:20:29,288,500,476,0
2026-07-19 15:20:30,299,505,472,0
2026-07-19 15:20:31,295,497,464,0
2026-07-19 15:20:32,289,501,465,0
2026-07-19 15:20:33,286,490,458,0
2026-07-19 15:20:34,284,496,464,0
2026-07-19 15:20:35,274,494,473,0
2026-07-19 15:20:36,284,512,458,0
2026-07-19 15:20:37,276,508,456,0
2026-07-19 15:20:38,256,508,459,0
2026-07-19 15:20:39,278,504,491,0
2026-07-19 15:20:40,285,503,464,0
2026-07-19 15:20:41,314,510,471,0
2026-07-19 15:20:42,316,506,459,0
2026-07-19 15:20:43,277,501,453,0
2026-07-19 15:20:44,338,523,461,0
2026-07-19 15:20:45,358,507,470,0
2026-07-19 15:20:46,358,509,485,0
2026-07-19 15:20:47,349,511,491,0
2026-07-19 15:20:48,376,508,470,0
2026-07-19 15:20:49,341,520,418,0
2026-07-19 15:20:50,349,525,466,0
2026-07-19 15:20:51,367,532,416,0
2026-07-19 15:20:52,361,508,450,0
2026-07-19 15:20:53,331,500,506,0
2026-07-19 15:20:54,333,496,541,0
2026-07-19 15:20:55,284,498,493,0
2026-07-19 15:20:56,284,491,512,0
2026-07-19 15:20:57,293,495,510,0
2026-07-19 15:20:58,285,518,455,0
2026-07-19 15:20:59,291,520,479,0
2026-07-19 15:21:00,296,502,472,0
2026-07-19 15:21:01,340,503,462,0
2026-07-19 15:21:02,343,516,449,0
2026-07-19 15:21:03,362,512,460,0
2026-07-19 15:21:04,356,512,419,0
2026-07-19 15:21:05,340,510,420,0
2026-07-19 15:21:06,349,531,411,0
2026-07-19 15:21:07,339,521,401,0
2026-07-19 15:21:08,325,508,424,0
2026-07-19 15:21:09,328,509,440,0
2026-07-19 15:21:10,345,505,464,0
2026-07-19 15:21:11,292,500,460,0
2026-07-19 15:21:12,282,508,486,0
2026-07-19 15:21:13,290,498,480,0
2026-07-19 15:21:14,291,517,452,0
2026-07-19 15:21:15,273,503,468,0
2026-07-19 15:21:16,279,503,454,0
2026-07-19 15:21:17,306,500,465,0
2026-07-19 15:21:18,353,509,471,0
2026-07-19 15:21:19,352,498,463,0
2026-07-19 15:21:20,342,520,463,0
2026-07-19 15:21:21,345,503,464,0
2026-07-19 15:21:22,346,514,466,0
2026-07-19 15:21:23,358,508,501,0
2026-07-19 15:21:24,344,497,477,0
2026-07-19 15:21:25,357,522,471,0
2026-07-19 15:21:26,386,505,499,0
2026-07-19 15:21:27,384,506,481,0
2026-07-19 15:21:28,329,510,487,0
2026-07-19 15:21:29,364,525,489,0
2026-07-19 15:21:30,350,501,482,0
2026-07-19 15:21:31,365,507,456,0
2026-07-19 15:21:32,360,514,457,0
2026-07-19 15:21:33,327,519,459,0
2026-07-19 15:21:34,299,512,466,0
2026-07-19 15:21:35,294,508,456,0
2026-07-19 15:21:36,274,506,476,0
2026-07-19 15:21:37,281,502,477,0
2026-07-19 15:21:38,274,504,484,0
2026-07-19 15:21:39,332,510,463,0
2026-07-19 15:21:40,366,508,427,0
2026-07-19 15:21:41,359,515,418,0
2026-07-19 15:21:42,341,502,403,0
2026-07-19 15:21:43,359,513,408,0
2026-07-19 15:21:44,357,514,408,0
2026-07-19 15:21:45,364,531,442,0
2026-07-19 15:21:46,361,522,448,0
2026-07-19 15:21:47,354,531,464,0
2026-07-19 15:21:48,349,499,460,0
2026-07-19 15:21:49,288,526,461,0
2026-07-19 15:21:50,279,498,485,0
2026-07-19 15:21:51,281,525,523,0
2026-07-19 15:21:52,266,492,472,0
2026-07-19 15:21:53,296,500,477,0
2026-07-19 15:21:54,333,508,527,0
2026-07-19 15:21:55,346,520,468,0
2026-07-19 15:21:56,351,487,448,0
2026-07-19 15:21:57,354,516,444,0
2026-07-19 15:21:58,359,501,437,0
2026-07-19 15:21:59,386,521,428,0
2026-07-19 15:22:00,380,497,467,0
2026-07-19 15:22:01,347,516,480,0
2026-07-19 15:22:02,361,523,467,0
2026-07-19 15:22:03,367,517,473,0
2026-07-19 15:22:04,362,530,472,0
2026-07-19 15:22:05,321,514,481,0
2026-07-19 15:22:06,260,512,466,0
2026-07-19 15:22:07,298,496,466,0
2026-07-19 15:22:08,261,506,466,0
2026-07-19 15:22:09,276,508,480,0
2026-07-19 15:22:10,303,508,477,0
2026-07-19 15:22:11,311,500,470,0
2026-07-19 15:22:12,355,499,462,0
2026-07-19 15:22:13,322,498,435,0
2026-07-19 15:22:14,326,511,394,0
2026-07-19 15:22:15,365,505,400,0
2026-07-19 15:22:16,330,534,396,0
2026-07-19 15:22:17,339,518,393,0
2026-07-19 15:22:18,343,513,414,0
2026-07-19 15:22:19,369,518,414,0
2026-07-19 15:22:20,343,529,420,0
2026-07-19 15:22:21,334,514,434,0
2026-07-19 15:22:22,353,519,457,0
2026-07-19 15:22:23,363,519,448,0
2026-07-19 15:22:24,348,519,458,0
2026-07-19 15:22:25,333,515,449,0
2026-07-19 15:22:26,376,514,453,0
2026-07-19 15:22:27,336,519,459,0
2026-07-19 15:22:28,359,515,467,0
2026-07-19 15:22:29,350,506,473,0
2026-07-19 15:22:30,333,488,451,0
2026-07-19 15:22:31,337,513,448,0
2026-07-19 15:22:32,352,513,454,0
2026-07-19 15:22:33,376,515,488,0
2026-07-19 15:22:34,342,501,458,0
2026-07-19 15:22:35,361,521,480,0
2026-07-19 15:22:36,337,515,475,0
2026-07-19 15:22:37,362,521,453,0
2026-07-19 15:22:38,348,505,445,0
2026-07-19 15:22:39,331,530,458,0
2026-07-19 15:22:40,345,504,460,0
2026-07-19 15:22:41,348,501,460,0
2026-07-19 15:22:42,353,502,471,0
2026-07-19 15:22:43,356,501,471,0
2026-07-19 15:22:44,348,518,471,0
2026-07-19 15:22:45,327,515,458,0
2026-07-19 15:22:46,352,511,449,0
2026-07-19 15:22:47,367,515,438,0
2026-07-19 15:22:48,365,507,438,0
2026-07-19 15:22:49,347,510,427,0
2026-07-19 15:22:50,351,512,416,0
2026-07-19 15:22:51,344,512,397,0
2026-07-19 15:22:52,347,516,398,0
2026-07-19 15:22:53,329,515,424,0
2026-07-19 15:22:54,341,505,420,0
2026-07-19 15:22:55,353,515,407,0
2026-07-19 15:22:56,375,500,419,0
2026-07-19 15:22:57,336,513,415,0
2026-07-19 15:22:58,359,510,412,0
2026-07-19 15:22:59,373,501,391,0
2026-07-19 15:23:00,367,509,410,0
2026-07-19 15:23:01,348,515,404,0
2026-07-19 15:23:02,343,497,391,0
2026-07-19 15:23:03,373,523,407,0
2026-07-19 15:23:04,338,513,406,0
2026-07-19 15:23:05,352,513,427,0
2026-07-19 15:23:06,351,512,445,0
2026-07-19 15:23:07,353,516,464,0
2026-07-19 15:23:08,347,513,453,0
2026-07-19 15:23:09,328,509,485,0
2026-07-19 15:23:10,282,506,479,0
2026-07-19 15:23:11,276,514,493,0
2026-07-19 15:23:12,257,517,511,0
2026-07-19 15:23:13,299,511,532,0
2026-07-19 15:23:14,321,499,511,0
2026-07-19 15:23:15,345,495,485,0
2026-07-19 15:23:16,350,499,485,0
2026-07-19 15:23:17,342,512,452,0
2026-07-19 15:23:18,357,529,424,0
2026-07-19 15:23:19,372,519,465,0
2026-07-19 15:23:20,340,508,470,0
2026-07-19 15:23:21,370,513,481,0
2026-07-19 15:23:22,378,514,474,0
2026-07-19 15:23:23,356,497,471,0
2026-07-19 15:23:24,327,505,457,0
2026-07-19 15:23:25,309,517,477,0
2026-07-19 15:23:26,278,520,478,0
2026-07-19 15:23:27,270,518,458,0
2026-07-19 15:23:28,290,498,462,0
2026-07-19 15:23:29,339,504,466,0
2026-07-19 15:23:30,357,508,446,0
2026-07-19 15:23:31,349,516,420,0
2026-07-19 15:23:32,344,496,407,0
2026-07-19 15:23:33,326,516,394,0
2026-07-19 15:23:34,332,509,418,0
2026-07-19 15:23:35,360,519,435,0
2026-07-19 15:23:36,361,530,443,0
2026-07-19 15:23:37,370,520,425,0
2026-07-19 15:23:38,363,519,457,0
2026-07-19 15:23:39,324,514,484,0
2026-07-19 15:23:40,289,503,503,0
2026-07-19 15:23:41,280,501,495,0
2026-07-19 15:23:42,299,495,516,0
2026-07-19 15:23:43,297,516,498,0
2026-07-19 15:23:44,320,492,513,0
2026-07-19 15:23:45,363,503,490,0
2026-07-19 15:23:46,347,502,502,0
2026-07-19 15:23:47,347,489,478,0
2026-07-19 15:23:48,346,512,470,0
2026-07-19 15:23:49,350,517,420,0
2026-07-19 15:23:50,344,504,446,0
2026-07-19 15:23:51,367,512,475,0
2026-07-19 15:23:52,373,519,497,0
2026-07-19 15:23:53,384,499,512,0
2026-07-19 15:23:54,374,528,462,0
2026-07-19 15:23:55,376,510,467,0
2026-07-19 15:23:56,397,521,460,0
2026-07-19 15:23:57,343,528,460,0
2026-07-19 15:23:58,285,499,484,0
2026-07-19 15:23:59,282,504,474,0
2026-07-19 15:24:00,307,513,474,0
2026-07-19 15:24:01,300,502,472,0
2026-07-19 15:24:02,319,500,480,0
2026-07-19 15:24:03,332,512,464,0
2026-07-19 15:24:04,359,505,430,0
2026-07-19 15:24:05,349,504,404,0
2026-07-19 15:24:06,347,530,405,0
2026-07-19 15:24:07,345,534,407,0
2026-07-19 15:24:08,346,514,418,0
2026-07-19 15:24:09,362,508,455,0
2026-07-19 15:24:10,375,512,460,0
2026-07-19 15:24:11,362,528,463,0
2026-07-19 15:24:12,360,504,459,0
2026-07-19 15:24:13,322,513,477,0
2026-07-19 15:24:14,289,494,474,0
2026-07-19 15:24:15,287,522,482,0
2026-07-19 15:24:16,284,495,514,0
2026-07-19 15:24:17,283,491,509,0
2026-07-19 15:24:18,287,513,516,0
2026-07-19 15:24:19,340,488,551,0
2026-07-19 15:24:20,339,502,516,0
2026-07-19 15:24:21,352,502,471,0
2026-07-19 15:24:22,346,494,475,0
2026-07-19 15:24:23,351,526,412,0
2026-07-19 15:24:24,346,519,438,0
2026-07-19 15:24:25,359,499,452,0
2026-07-19 15:24:26,374,524,452,0
2026-07-19 15:24:27,355,506,469,0
2026-07-19 15:24:28,379,515,471,0
2026-07-19 15:24:29,379,492,502,0
2026-07-19 15:24:30,321,519,478,0
2026-07-19 15:24:31,281,506,453,0
2026-07-19 15:24:32,293,510,484,0
2026-07-19 15:24:33,284,502,483,0
2026-07-19 15:24:34,271,503,472,0
2026-07-19 15:24:35,294,498,463,0
2026-07-19 15:24:36,310,509,468,0
2026-07-19 15:24:37,341,496,442,0
2026-07-19 15:24:38,337,504,408,0
2026-07-19 15:24:39,345,515,409,0
2026-07-19 15:24:40,357,510,410,0
2026-07-19 15:24:41,363,506,410,0
2026-07-19 15:24:42,358,522,411,0
2026-07-19 15:24:43,322,503,402,0
2026-07-19 15:24:44,329,501,412,0
2026-07-19 15:24:45,350,515,407,0
2026-07-19 15:24:46,351,516,407,0
2026-07-19 15:24:47,366,506,434,0
2026-07-19 15:24:48,346,515,455,0
2026-07-19 15:24:49,368,511,440,0
2026-07-19 15:24:50,304,506,470,0
2026-07-19 15:24:51,329,514,472,0
2026-07-19 15:24:52,308,513,487,0
2026-07-19 15:24:53,287,506,471,0
2026-07-19 15:24:54,289,487,510,0
2026-07-19 15:24:55,254,501,504,0
2026-07-19 15:24:56,342,502,483,0
2026-07-19 15:24:57,375,500,469,0
2026-07-19 15:24:58,349,508,466,0
2026-07-19 15:24:59,335,484,471,0
2026-07-19 15:25:00,396,512,454,0
2026-07-19 15:25:01,359,503,457,0
2026-07-19 15:25:02,343,516,442,0
2026-07-19 15:25:03,358,512,500,0
2026-07-19 15:25:04,367,519,481,0
2026-07-19 15:25:05,365,519,476,0
2026-07-19 15:25:06,344,522,456,0
2026-07-19 15:25:07,305,500,464,0
2026-07-19 15:25:08,281,510,468,0
2026-07-19 15:25:09,312,509,465,0
2026-07-19 15:25:10,279,507,487,0
2026-07-19 15:25:11,278,514,464,0
2026-07-19 15:25:12,274,500,478,0
2026-07-19 15:25:13,288,512,456,0
2026-07-19 15:25:14,306,495,480,0
2026-07-19 15:25:15,305,505,477,0
2026-07-19 15:25:16,302,491,481,0
2026-07-19 15:25:17,329,508,473,0
2026-07-19 15:25:18,339,505,478,0
2026-07-19 15:25:19,327,505,461,0
2026-07-19 15:25:20,364,506,461,0
2026-07-19 15:25:21,327,509,459,0
2026-07-19 15:25:22,352,500,459,0
2026-07-19 15:25:23,320,496,448,0
2026-07-19 15:25:24,360,499,466,0
2026-07-19 15:25:25,342,496,465,0
2026-07-19 15:25:26,317,495,473,0
2026-07-19 15:25:27,315,501,481,0
2026-07-19 15:25:28,322,503,452,0
2026-07-19 15:25:29,303,500,476,0
2026-07-19 15:25:30,306,507,466,0
2026-07-19 15:25:31,279,504,469,0
2026-07-19 15:25:32,278,500,482,0
2026-07-19 15:25:33,285,498,468,0
2026-07-19 15:25:34,301,503,462,0
2026-07-19 15:25:35,282,526,455,0
2026-07-19 15:25:36,320,531,464,0
2026-07-19 15:25:37,329,525,477,0
2026-07-19 15:25:38,323,507,476,0
2026-07-19 15:25:39,347,529,472,0
2026-07-19 15:25:40,371,523,472,0
2026-07-19 15:25:41,362,507,443,0
2026-07-19 15:25:42,336,498,433,0
2026-07-19 15:25:43,348,494,499,0
2026-07-19 15:25:44,338,496,453,0
2026-07-19 15:25:45,355,512,463,0
2026-07-19 15:25:46,369,499,489,0
2026-07-19 15:25:47,339,505,519,0
2026-07-19 15:25:48,307,503,524,0
2026-07-19 15:25:49,271,492,478,0
2026-07-19 15:25:50,302,505,477,0
2026-07-19 15:25:51,276,508,502,0
2026-07-19 15:25:52,278,520,495,0
2026-07-19 15:25:53,288,504,483,0
2026-07-19 15:25:54,287,507,489,0
2026-07-19 15:25:55,277,502,502,0
2026-07-19 15:25:56,284,505,489,0
2026-07-19 15:25:57,276,501,476,0
2026-07-19 15:25:58,297,520,486,0
2026-07-19 15:25:59,290,504,477,0
2026-07-19 15:26:00,269,503,517,0
2026-07-19 15:26:01,282,515,494,0
2026-07-19 15:26:02,273,502,511,0
2026-07-19 15:26:03,298,513,521,0
2026-07-19 15:26:04,283,506,510,0
2026-07-19 15:26:05,274,495,497,0
2026-07-19 15:26:06,285,499,503,0
2026-07-19 15:26:07,299,517,514,0
2026-07-19 15:26:08,359,504,493,0
2026-07-19 15:26:09,338,493,468,0
2026-07-19 15:26:10,364,500,439,0
2026-07-19 15:26:11,333,501,420,0
2026-07-19 15:26:12,339,523,467,0
2026-07-19 15:26:13,382,517,438,0
2026-07-19 15:26:14,351,509,452,0
2026-07-19 15:26:15,390,527,490,0
2026-07-19 15:26:16,368,505,472,0
2026-07-19 15:26:17,385,503,480,0
2026-07-19 15:26:18,317,530,470,0
2026-07-19 15:26:19,280,522,460,0
2026-07-19 15:26:20,310,495,478,0
2026-07-19 15:26:21,310,497,477,0
2026-07-19 15:26:22,288,499,460,0
2026-07-19 15:26:23,301,502,453,0
2026-07-19 15:26:24,334,512,443,0
2026-07-19 15:26:25,320,499,400,0
2026-07-19 15:26:26,331,520,397,0
2026-07-19 15:26:27,362,519,408,0
2026-07-19 15:26:28,367,522,403,0
2026-07-19 15:26:29,335,511,422,0
2026-07-19 15:26:30,382,523,455,0
2026-07-19 15:26:31,362,507,460,0
2026-07-19 15:26:32,319,535,478,0
2026-07-19 15:26:33,287,509,474,0
2026-07-19 15:26:34,293,510,489,0
2026-07-19 15:26:35,271,504,485,0
2026-07-19 15:26:36,285,497,494,0
2026-07-19 15:26:37,281,498,514,0
2026-07-19 15:26:38,336,496,527,0
2026-07-19 15:26:39,330,502,496,0
2026-07-19 15:26:40,366,495,482,0
2026-07-19 15:26:41,340,507,486,0
2026-07-19 15:26:42,350,528,479,0
2026-07-19 15:26:43,355,515,446,0
2026-07-19 15:26:44,366,520,463,0
2026-07-19 15:26:45,345,503,429,0
2026-07-19 15:26:46,346,522,472,0
2026-07-19 15:26:47,356,500,478,0
2026-07-19 15:26:48,363,506,484,0
2026-07-19 15:26:49,372,518,490,0
2026-07-19 15:26:50,382,504,477,0
2026-07-19 15:26:51,364,516,455,0
2026-07-19 15:26:52,350,515,469,0
2026-07-19 15:26:53,336,510,474,0
2026-07-19 15:26:54,327,520,472,0
2026-07-19 15:26:55,323,503,470,0
2026-07-19 15:26:56,302,514,479,0
2026-07-19 15:26:57,291,519,465,0
2026-07-19 15:26:58,302,515,454,0
2026-07-19 15:26:59,318,500,465,0
2026-07-19 15:27:00,346,497,486,0
2026-07-19 15:27:01,358,521,456,0
2026-07-19 15:27:02,348,505,456,0
2026-07-19 15:27:03,364,499,472,0
2026-07-19 15:27:04,395,522,475,0
2026-07-19 15:27:05,371,518,482,0
2026-07-19 15:27:06,380,513,456,0
2026-07-19 15:27:07,380,529,484,0
2026-07-19 15:27:08,330,513,473,0
2026-07-19 15:27:09,373,503,482,0
2026-07-19 15:27:10,379,514,456,0
2026-07-19 15:27:11,344,511,463,0
2026-07-19 15:27:12,371,524,443,0
2026-07-19 15:27:13,370,510,447,0
2026-07-19 15:27:14,352,500,447,0
2026-07-19 15:27:15,345,519,433,0
2026-07-19 15:27:16,328,505,462,0
2026-07-19 15:27:17,347,498,536,0
2026-07-19 15:27:18,323,492,483,0
2026-07-19 15:27:19,281,487,507,0
2026-07-19 15:27:20,292,511,522,0
2026-07-19 15:27:21,305,509,483,0
2026-07-19 15:27:22,287,509,474,0
2026-07-19 15:27:23,325,503,484,0
2026-07-19 15:27:24,331,511,461,0
2026-07-19 15:27:25,315,519,460,0
2026-07-19 15:27:26,340,504,473,0
2026-07-19 15:27:27,342,513,437,0
2026-07-19 15:27:28,379,511,410,0
2026-07-19 15:27:29,331,517,411,0
2026-07-19 15:27:30,333,514,417,0
2026-07-19 15:27:31,345,513,401,0
2026-07-19 15:27:32,369,499,397,0
2026-07-19 15:27:33,333,519,401,0
2026-07-19 15:27:34,356,517,413,0
2026-07-19 15:27:35,354,496,416,0
2026-07-19 15:27:36,336,510,428,0
2026-07-19 15:27:37,331,497,436,0
2026-07-19 15:27:38,345,505,440,0
2026-07-19 15:27:39,363,502,440,0
2026-07-19 15:27:40,350,508,454,0
2026-07-19 15:27:41,349,500,442,0
2026-07-19 15:27:42,362,500,427,0
2026-07-19 15:27:43,355,513,433,0
2026-07-19 15:27:44,387,510,420,0
2026-07-19 15:27:45,371,500,416,0
2026-07-19 15:27:46,338,500,405,0
2026-07-19 15:27:47,330,492,398,0
2026-07-19 15:27:48,355,512,423,0
2026-07-19 15:27:49,356,525,415,0
2026-07-19 15:27:50,345,526,394,0
2026-07-19 15:27:51,327,517,407,0
2026-07-19 15:27:52,325,527,425,0
2026-07-19 15:27:53,369,514,423,0
2026-07-19 15:27:54,386,519,455,0
2026-07-19 15:27:55,341,497,472,0
2026-07-19 15:27:56,299,496,456,0
2026-07-19 15:27:57,289,502,494,0
2026-07-19 15:27:58,289,487,510,0
2026-07-19 15:27:59,278,501,475,0
2026-07-19 15:28:00,284,501,505,0
2026-07-19 15:28:01,318,514,508,0
2026-07-19 15:28:02,351,504,517,0
2026-07-19 15:28:03,341,503,481,0
2026-07-19 15:28:04,347,497,470,0
2026-07-19 15:28:05,334,486,477,0
2026-07-19 15:28:06,352,510,468,0
2026-07-19 15:28:07,358,505,444,0
2026-07-19 15:28:08,338,525,476,0
2026-07-19 15:28:09,362,523,475,0
2026-07-19 15:28:10,341,527,464,0
2026-07-19 15:28:11,372,502,471,0
2026-07-19 15:28:12,380,535,462,0
2026-07-19 15:28:13,331,499,474,0
2026-07-19 15:28:14,357,522,498,0
2026-07-19 15:28:15,315,498,461,0
2026-07-19 15:28:16,299,519,450,0
2026-07-19 15:28:17,295,507,466,0
2026-07-19 15:28:18,304,511,466,0
2026-07-19 15:28:19,285,509,466,0
2026-07-19 15:28:20,302,518,459,0
2026-07-19 15:28:21,301,504,470,0
2026-07-19 15:28:22,377,519,474,0
2026-07-19 15:28:23,373,509,466,0
2026-07-19 15:28:24,364,498,460,0
2026-07-19 15:28:25,400,509,472,0
2026-07-19 15:28:26,339,517,497,0
2026-07-19 15:28:27,348,503,461,0
2026-07-19 15:28:28,364,521,439,0
2026-07-19 15:28:29,362,495,470,0
2026-07-19 15:28:30,378,514,448,0
2026-07-19 15:28:31,343,513,466,0
2026-07-19 15:28:32,332,497,505,0
2026-07-19 15:28:33,287,494,534,0
2026-07-19 15:28:34,268,483,518,0
2026-07-19 15:28:35,260,510,465,0
2026-07-19 15:28:36,302,519,477,0
2026-07-19 15:28:37,299,514,470,0
2026-07-19 15:28:38,384,509,473,0
2026-07-19 15:28:39,332,525,472,0
2026-07-19 15:28:40,357,514,464,0
2026-07-19 15:28:41,337,511,424,0
2026-07-19 15:28:42,354,509,418,0
2026-07-19 15:28:43,339,499,402,0
2026-07-19 15:28:44,353,510,396,0
2026-07-19 15:28:45,352,507,420,0
2026-07-19 15:28:46,343,503,433,0
2026-07-19 15:28:47,292,513,482,0
2026-07-19 15:28:48,281,505,468,0
2026-07-19 15:28:49,293,502,454,0
2026-07-19 15:28:50,289,496,475,0
2026-07-19 15:28:51,276,511,464,0
2026-07-19 15:28:52,315,529,462,0
2026-07-19 15:28:53,350,533,480,0
2026-07-19 15:28:54,351,493,460,0
2026-07-19 15:28:55,336,527,486,0
2026-07-19 15:28:56,346,503,480,0
2026-07-19 15:28:57,340,521,451,0
2026-07-19 15:28:58,355,501,475,0
2026-07-19 15:28:59,340,517,437,0
2026-07-19 15:29:00,374,493,429,0
2026-07-19 15:29:01,352,507,486,0
2026-07-19 15:29:02,329,500,519,0
2026-07-19 15:29:03,286,511,505,0
2026-07-19 15:29:04,291,506,525,0
2026-07-19 15:29:05,273,499,510,0
2026-07-19 15:29:06,287,505,509,0
2026-07-19 15:29:07,323,515,510,0
2026-07-19 15:29:08,314,505,477,0
2026-07-19 15:29:09,331,504,470,0
2026-07-19 15:29:10,327,528,465,0
2026-07-19 15:29:11,339,510,464,0
2026-07-19 15:29:12,331,513,434,0
2026-07-19 15:29:13,355,519,430,0
2026-07-19 15:29:14,354,520,422,0
2026-07-19 15:29:15,352,512,390,0
2026-07-19 15:29:16,362,512,400,0
2026-07-19 15:29:17,348,491,414,0
2026-07-19 15:29:18,330,496,424,0
2026-07-19 15:29:19,346,506,461,0
2026-07-19 15:29:20,310,511,479,0
2026-07-19 15:29:21,270,505,486,0
2026-07-19 15:29:22,269,504,473,0
2026-07-19 15:29:23,283,504,480,0
2026-07-19 15:29:24,285,509,465,0
2026-07-19 15:29:25,332,507,483,0
2026-07-19 15:29:26,348,509,475,0
2026-07-19 15:29:27,373,511,500,0
2026-07-19 15:29:28,369,525,464,0
2026-07-19 15:29:29,349,502,453,0
2026-07-19 15:29:30,332,505,455,0
2026-07-19 15:29:31,340,527,451,0
2026-07-19 15:29:32,339,487,440,0
2026-07-19 15:29:33,352,506,485,0
2026-07-19 15:29:34,378,502,493,0
2026-07-19 15:29:35,308,505,483,0
2026-07-19 15:29:36,293,492,503,0
2026-07-19 15:29:37,248,504,522,0
2026-07-19 15:29:38,286,492,510,0
2026-07-19 15:29:39,301,520,488,0
2026-07-19 15:29:40,346,523,496,0
2026-07-19 15:29:41,331,524,479,0
2026-07-19 15:29:42,384,519,465,0
2026-07-19 15:29:43,376,517,462,0
2026-07-19 15:29:44,347,510,418,0
2026-07-19 15:29:45,337,528,407,0
2026-07-19 15:29:46,344,513,399,0
2026-07-19 15:29:47,358,520,412,0
2026-07-19 15:29:48,349,502,427,0
2026-07-19 15:29:49,345,510,470,0
2026-07-19 15:29:50,313,507,462,0
2026-07-19 15:29:51,278,503,482,0
2026-07-19 15:29:52,275,496,468,0
2026-07-19 15:29:53,279,518,468,0
2026-07-19 15:29:54,292,506,473,0
2026-07-19 15:29:55,297,502,476,0
2026-07-19 15:29:56,338,531,472,0
2026-07-19 15:29:57,348,518,475,0
2026-07-19 15:29:58,372,522,490,0
2026-07-19 15:29:59,356,513,449,0
2026-07-19 15:30:00,367,514,453,0
2026-07-19 15:30:01,365,506,436,0
2026-07-19 15:30:02,340,495,471,0
2026-07-19 15:30:03,344,499,459,0
2026-07-19 15:30:04,345,498,483,0
2026-07-19 15:30:05,330,518,487,0
2026-07-19 15:30:06,320,502,522,0
2026-07-19 15:30:07,287,515,473,0
2026-07-19 15:30:08,271,504,521,0
2026-07-19 15:30:09,286,509,488,0
2026-07-19 15:30:10,265,514,496,0
2026-07-19 15:30:11,319,507,467,0
2026-07-19 15:30:12,342,516,472,0
2026-07-19 15:30:13,345,515,449,0
2026-07-19 15:30:14,375,514,482,0
2026-07-19 15:30:15,337,525,450,0
2026-07-19 15:30:16,375,518,440,0
2026-07-19 15:30:17,351,525,424,0
2026-07-19 15:30:18,332,514,401,0
2026-07-19 15:30:19,334,540,410,0
2026-07-19 15:30:20,356,509,416,0
2026-07-19 15:30:21,351,505,407,0
2026-07-19 15:30:22,359,512,411,0
2026-07-19 15:30:23,367,510,428,0
2026-07-19 15:30:24,346,500,446,0
2026-07-19 15:30:25,339,509,468,0
2026-07-19 15:30:26,347,509,471,0
2026-07-19 15:30:27,310,496,473,0
2026-07-19 15:30:28,302,512,488,0
2026-07-19 15:30:29,324,506,466,0
2026-07-19 15:30:30,297,503,468,0
2026-07-19 15:30:31,307,509,471,0
2026-07-19 15:30:32,282,495,469,0
2026-07-19 15:30:33,308,512,464,0
2026-07-19 15:30:34,287,505,472,0
2026-07-19 15:30:35,299,501,462,0
2026-07-19 15:30:36,279,505,473,0
2026-07-19 15:30:37,282,503,485,0
2026-07-19 15:30:38,292,509,466,0
2026-07-19 15:30:39,280,506,463,0
2026-07-19 15:30:40,275,492,461,0
2026-07-19 15:30:41,268,504,475,0
2026-07-19 15:30:42,284,508,480,0
2026-07-19 15:30:43,296,507,478,0
2026-07-19 15:30:44,281,510,476,0
2026-07-19 15:30:45,282,502,483,0
2026-07-19 15:30:46,281,502,476,0
2026-07-19 15:30:47,307,500,483,0
2026-07-19 15:30:48,301,501,457,0
2026-07-19 15:30:49,315,500,461,0
2026-07-19 15:30:50,330,502,485,0
2026-07-19 15:30:51,338,502,460,0
2026-07-19 15:30:52,364,508,461,0
2026-07-19 15:30:53,336,512,448,0
2026-07-19 15:30:54,332,503,427,0
2026-07-19 15:30:55,331,502,404,0
2026-07-19 15:30:56,356,513,408,0
2026-07-19 15:30:57,357,519,417,0
2026-07-19 15:30:58,342,512,416,0
2026-07-19 15:30:59,363,513,403,0
2026-07-19 15:31:00,344,516,396,0
2026-07-19 15:31:01,352,508,407,0
2026-07-19 15:31:02,341,526,420,0
2026-07-19 15:31:03,350,512,435,0
2026-07-19 15:31:04,347,514,452,0
2026-07-19 15:31:05,363,512,455,0
2026-07-19 15:31:06,366,507,471,0
2026-07-19 15:31:07,361,512,453,0
2026-07-19 15:31:08,347,523,476,0
2026-07-19 15:31:09,314,519,473,0
2026-07-19 15:31:10,295,517,474,0
2026-07-19 15:31:11,271,512,487,0
2026-07-19 15:31:12,294,500,509,0
2026-07-19 15:31:13,293,490,535,0
2026-07-19 15:31:14,284,494,507,0
2026-07-19 15:31:15,304,489,494,0
2026-07-19 15:31:16,329,500,503,0
2026-07-19 15:31:17,362,495,522,0
2026-07-19 15:31:18,343,503,483,0
2026-07-19 15:31:19,343,488,476,0
2026-07-19 15:31:20,334,487,467,0
2026-07-19 15:31:21,367,511,457,0
2026-07-19 15:31:22,349,509,423,0
2026-07-19 15:31:23,358,512,465,0
2026-07-19 15:31:24,324,507,473,0
2026-07-19 15:31:25,349,506,453,0
2026-07-19 15:31:26,391,518,502,0
2026-07-19 15:31:27,331,519,457,0
2026-07-19 15:31:28,354,523,508,0
2026-07-19 15:31:29,348,528,481,0
2026-07-19 15:31:30,346,524,475,0
2026-07-19 15:31:31,311,522,483,0
2026-07-19 15:31:32,304,501,470,0
2026-07-19 15:31:33,288,501,480,0
2026-07-19 15:31:34,309,500,476,0
2026-07-19 15:31:35,281,509,486,0
2026-07-19 15:31:36,288,496,471,0
2026-07-19 15:31:37,308,512,471,0
2026-07-19 15:31:38,298,511,483,0
2026-07-19 15:31:39,327,508,478,0
2026-07-19 15:31:40,310,507,471,0
2026-07-19 15:31:41,333,516,472,0
2026-07-19 15:31:42,346,504,468,0
2026-07-19 15:31:43,325,516,458,0
2026-07-19 15:31:44,338,508,459,0
2026-07-19 15:31:45,344,507,470,0
2026-07-19 15:31:46,344,516,460,0
2026-07-19 15:31:47,332,502,475,0
2026-07-19 15:31:48,300,511,472,0
2026-07-19 15:31:49,282,496,472,0
2026-07-19 15:31:50,283,506,473,0
2026-07-19 15:31:51,290,514,477,0
2026-07-19 15:31:52,286,511,465,0
2026-07-19 15:31:53,282,518,466,0
2026-07-19 15:31:54,280,501,459,0
2026-07-19 15:31:55,313,498,474,0
2026-07-19 15:31:56,360,499,466,0
2026-07-19 15:31:57,364,509,465,0
2026-07-19 15:31:58,330,507,472,0
2026-07-19 15:31:59,378,503,490,0
2026-07-19 15:32:00,376,516,450,0
2026-07-19 15:32:01,363,502,444,0
2026-07-19 15:32:02,352,494,470,0
2026-07-19 15:32:03,349,525,445,0
2026-07-19 15:32:04,333,520,456,0
2026-07-19 15:32:05,363,516,472,0
2026-07-19 15:32:06,369,503,476,0
2026-07-19 15:32:07,338,507,512,0
2026-07-19 15:32:08,323,507,530,0
2026-07-19 15:32:09,261,494,512,0
2026-07-19 15:32:10,281,498,513,0
2026-07-19 15:32:11,271,489,509,0
2026-07-19 15:32:12,290,520,490,0
2026-07-19 15:32:13,292,501,473,0
2026-07-19 15:32:14,287,508,480,0
2026-07-19 15:32:15,328,507,471,0
2026-07-19 15:32:16,337,509,469,0
2026-07-19 15:32:17,351,512,462,0
2026-07-19 15:32:18,345,512,471,0
2026-07-19 15:32:19,341,506,448,0
2026-07-19 15:32:20,320,504,475,0
2026-07-19 15:32:21,352,506,467,0
2026-07-19 15:32:22,326,521,464,0
2026-07-19 15:32:23,344,522,460,0
2026-07-19 15:32:24,373,524,470,0
2026-07-19 15:32:25,332,513,469,0
2026-07-19 15:32:26,364,497,467,0
2026-07-19 15:32:27,327,512,475,0
2026-07-19 15:32:28,349,502,467,0
2026-07-19 15:32:29,326,507,463,0
2026-07-19 15:32:30,314,516,503,0
2026-07-19 15:32:31,296,514,483,0
2026-07-19 15:32:32,281,500,501,0
2026-07-19 15:32:33,284,512,481,0
2026-07-19 15:32:34,308,501,502,0
2026-07-19 15:32:35,300,517,486,0
2026-07-19 15:32:36,278,502,477,0
2026-07-19 15:32:37,292,508,509,0
2026-07-19 15:32:38,279,511,488,0
2026-07-19 15:32:39,281,496,511,0
2026-07-19 15:32:40,280,496,526,0
2026-07-19 15:32:41,274,508,515,0
2026-07-19 15:32:42,294,509,506,0
2026-07-19 15:32:43,282,499,476,0
2026-07-19 15:32:44,307,488,513,0
2026-07-19 15:32:45,321,493,502,0
2026-07-19 15:32:46,345,498,537,0
2026-07-19 15:32:47,340,497,490,0
2026-07-19 15:32:48,358,503,500,0
2026-07-19 15:32:49,363,512,513,0
2026-07-19 15:32:50,364,508,482,0
2026-07-19 15:32:51,357,497,456,0
2026-07-19 15:32:52,370,518,472,0
2026-07-19 15:32:53,355,525,458,0
2026-07-19 15:32:54,372,509,470,0
2026-07-19 15:32:55,357,494,455,0
2026-07-19 15:32:56,374,516,455,0
2026-07-19 15:32:57,353,518,440,0
2026-07-19 15:32:58,346,505,441,0
2026-07-19 15:32:59,355,517,442,0
2026-07-19 15:33:00,367,530,464,0
2026-07-19 15:33:01,369,523,432,0
2026-07-19 15:33:02,339,507,478,0
2026-07-19 15:33:03,387,510,472,0
2026-07-19 15:33:04,383,527,466,0
2026-07-19 15:33:05,369,505,496,0
2026-07-19 15:33:06,357,511,470,0
2026-07-19 15:33:07,349,515,498,0
2026-07-19 15:33:08,385,499,463,0
2026-07-19 15:33:09,391,529,477,0
2026-07-19 15:33:10,336,500,458,0
2026-07-19 15:33:11,370,519,477,0
2026-07-19 15:33:12,367,508,475,0
2026-07-19 15:33:13,338,515,463,0
2026-07-19 15:33:14,378,514,469,0
2026-07-19 15:33:15,375,518,460,0
2026-07-19 15:33:16,382,511,482,0
2026-07-19 15:33:17,363,498,493,0
2026-07-19 15:33:18,383,511,458,0
2026-07-19 15:33:19,345,518,481,0
2026-07-19 15:33:20,386,510,497,0
2026-07-19 15:33:21,339,517,483,0
2026-07-19 15:33:22,335,510,474,0
2026-07-19 15:33:23,354,502,459,0
2026-07-19 15:33:24,368,525,464,0
2026-07-19 15:33:25,358,507,428,0
2026-07-19 15:33:26,346,516,454,0
2026-07-19 15:33:27,368,519,470,0
2026-07-19 15:33:28,358,503,453,0
2026-07-19 15:33:29,349,506,507,0
2026-07-19 15:33:30,323,514,502,0
2026-07-19 15:33:31,281,498,445,0
2026-07-19 15:33:32,292,522,505,0
2026-07-19 15:33:33,281,517,500,0
2026-07-19 15:33:34,322,519,489,0
2026-07-19 15:33:35,347,507,475,0
2026-07-19 15:33:36,367,529,452,0
2026-07-19 15:33:37,345,517,472,0
2026-07-19 15:33:38,362,516,464,0
2026-07-19 15:33:39,357,513,423,0
2026-07-19 15:33:40,350,498,410,0
2026-07-19 15:33:41,338,502,403,0
2026-07-19 15:33:42,356,509,463,0
2026-07-19 15:33:43,310,501,477,0
2026-07-19 15:33:44,284,508,481,0
2026-07-19 15:33:45,289,513,484,0
2026-07-19 15:33:46,302,502,488,0
2026-07-19 15:33:47,309,524,475,0
2026-07-19 15:33:48,313,508,479,0
2026-07-19 15:33:49,364,506,469,0
2026-07-19 15:33:50,327,503,490,0
2026-07-19 15:33:51,356,534,475,0
2026-07-19 15:33:52,360,505,455,0
2026-07-19 15:33:53,363,514,447,0
2026-07-19 15:33:54,341,509,471,0
2026-07-19 15:33:55,362,495,434,0
2026-07-19 15:33:56,361,509,466,0
2026-07-19 15:33:57,363,493,485,0
2026-07-19 15:33:58,327,500,517,0
2026-07-19 15:33:59,303,506,529,0
2026-07-19 15:34:00,296,512,529,0
2026-07-19 15:34:01,281,493,528,0
2026-07-19 15:34:02,264,495,459,0
2026-07-19 15:34:03,276,507,477,0
2026-07-19 15:34:04,290,514,501,0
2026-07-19 15:34:05,333,521,475,0
2026-07-19 15:34:06,338,534,478,0
2026-07-19 15:34:07,346,505,484,0
2026-07-19 15:34:08,344,499,467,0
2026-07-19 15:34:09,343,524,475,0
2026-07-19 15:34:10,352,512,460,0
2026-07-19 15:34:11,347,526,464,0
2026-07-19 15:34:12,349,505,456,0
2026-07-19 15:34:13,327,508,453,0
2026-07-19 15:34:14,324,529,476,0
2026-07-19 15:34:15,338,515,467,0
2026-07-19 15:34:16,322,504,470,0
2026-07-19 15:34:17,327,514,483,0
2026-07-19 15:34:18,301,522,472,0
2026-07-19 15:34:19,303,511,494,0
2026-07-19 15:34:20,300,502,461,0
2026-07-19 15:34:21,282,510,462,0
2026-07-19 15:34:22,282,506,495,0
2026-07-19 15:34:23,269,492,500,0
2026-07-19 15:34:24,271,505,536,0
2026-07-19 15:34:25,302,496,502,0
2026-07-19 15:34:26,352,503,522,0
2026-07-19 15:34:27,366,502,468,0
2026-07-19 15:34:28,344,517,483,0
2026-07-19 15:34:29,340,515,430,0
2026-07-19 15:34:30,355,526,457,0
2026-07-19 15:34:31,364,526,438,0
2026-07-19 15:34:32,338,528,454,0
2026-07-19 15:34:33,354,523,496,0
2026-07-19 15:34:34,377,524,513,0
2026-07-19 15:34:35,321,515,478,0
2026-07-19 15:34:36,329,501,461,0
2026-07-19 15:34:37,279,503,474,0
2026-07-19 15:34:38,301,508,456,0
2026-07-19 15:34:39,284,512,471,0
2026-07-19 15:34:40,282,515,477,0
2026-07-19 15:34:41,289,507,476,0
2026-07-19 15:34:42,336,505,466,0
2026-07-19 15:34:43,340,506,459,0
2026-07-19 15:34:44,339,508,436,0
2026-07-19 15:34:45,329,501,407,0
2026-07-19 15:34:46,356,505,406,0
2026-07-19 15:34:47,352,511,405,0
2026-07-19 15:34:48,349,490,416,0
2026-07-19 15:34:49,350,512,412,0
2026-07-19 15:34:50,358,524,412,0
2026-07-19 15:34:51,351,500,409,0
2026-07-19 15:34:52,342,521,422,0
2026-07-19 15:34:53,356,510,420,0
2026-07-19 15:34:54,359,522,405,0
2026-07-19 15:34:55,324,520,402,0
2026-07-19 15:34:56,348,513,409,0
2026-07-19 15:34:57,340,512,400,0
2026-07-19 15:34:58,350,519,414,0
2026-07-19 15:34:59,345,518,402,0
2026-07-19 15:35:00,354,515,414,0
2026-07-19 15:35:01,339,512,400,0
2026-07-19 15:35:02,342,501,418,0
2026-07-19 15:35:03,332,512,413,0
2026-07-19 15:35:04,367,500,448,0
2026-07-19 15:35:05,361,502,418,0
2026-07-19 15:35:06,333,504,445,0
2026-07-19 15:35:07,323,507,470,0
2026-07-19 15:35:08,295,508,476,0
2026-07-19 15:35:09,261,511,481,0
2026-07-19 15:35:10,295,502,493,0
2026-07-19 15:35:11,306,493,482,0
2026-07-19 15:35:12,321,523,483,0
2026-07-19 15:35:13,356,517,473,0
2026-07-19 15:35:14,346,522,493,0
2026-07-19 15:35:15,344,529,509,0
2026-07-19 15:35:16,378,521,472,0
2026-07-19 15:35:17,358,497,467,0
2026-07-19 15:35:18,331,521,444,0
2026-07-19 15:35:19,357,520,453,0
2026-07-19 15:35:20,371,513,505,0
2026-07-19 15:35:21,342,500,499,0
2026-07-19 15:35:22,323,512,531,0
2026-07-19 15:35:23,281,497,509,0
2026-07-19 15:35:24,303,527,503,0
2026-07-19 15:35:25,264,517,508,0
2026-07-19 15:35:26,299,507,492,0
2026-07-19 15:35:27,357,511,473,0
2026-07-19 15:35:28,391,530,469,0
2026-07-19 15:35:29,351,510,467,0
2026-07-19 15:35:30,357,507,468,0
2026-07-19 15:35:31,333,521,436,0
2026-07-19 15:35:32,350,528,428,0
2026-07-19 15:35:33,342,497,416,0
2026-07-19 15:35:34,355,489,405,0
2026-07-19 15:35:35,343,502,419,0
2026-07-19 15:35:36,325,509,498,0
2026-07-19 15:35:37,320,505,496,0
2026-07-19 15:35:38,313,503,471,0
2026-07-19 15:35:39,289,500,468,0
2026-07-19 15:35:40,300,507,470,0
2026-07-19 15:35:41,317,508,483,0
2026-07-19 15:35:42,305,509,482,0
2026-07-19 15:35:43,386,505,486,0
2026-07-19 15:35:44,358,520,479,0
2026-07-19 15:35:45,383,511,489,0
2026-07-19 15:35:46,339,506,450,0
2026-07-19 15:35:47,347,508,441,0
2026-07-19 15:35:48,365,523,463,0
2026-07-19 15:35:49,348,527,480,0
2026-07-19 15:35:50,344,507,495,0
2026-07-19 15:35:51,318,498,511,0
2026-07-19 15:35:52,255,505,524,0
2026-07-19 15:35:53,289,502,501,0
2026-07-19 15:35:54,296,525,507,0
2026-07-19 15:35:55,294,506,493,0
2026-07-19 15:35:56,329,508,468,0
2026-07-19 15:35:57,360,511,456,0
2026-07-19 15:35:58,373,524,456,0
2026-07-19 15:35:59,351,512,456,0
2026-07-19 15:36:00,338,520,434,0
2026-07-19 15:36:01,377,511,430,0
2026-07-19 15:36:02,356,505,408,0
2026-07-19 15:36:03,346,522,410,0
2026-07-19 15:36:04,354,515,409,0
2026-07-19 15:36:05,353,512,405,0
2026-07-19 15:36:06,362,513,433,0
2026-07-19 15:36:07,332,507,459,0
2026-07-19 15:36:08,302,505,481,0
2026-07-19 15:36:09,314,505,480,0
2026-07-19 15:36:10,284,512,479,0
2026-07-19 15:36:11,279,504,474,0
2026-07-19 15:36:12,307,518,457,0
2026-07-19 15:36:13,333,505,473,0
2026-07-19 15:36:14,348,514,477,0
2026-07-19 15:36:15,339,512,471,0
2026-07-19 15:36:16,360,530,480,0
2026-07-19 15:36:17,341,514,477,0
2026-07-19 15:36:18,343,503,455,0
2026-07-19 15:36:19,377,518,470,0
2026-07-19 15:36:20,345,500,469,0
2026-07-19 15:36:21,340,514,458,0
2026-07-19 15:36:22,337,509,477,0
2026-07-19 15:36:23,373,521,476,0
2026-07-19 15:36:24,356,513,472,0
2026-07-19 15:36:25,358,514,472,0
2026-07-19 15:36:26,360,522,474,0
2026-07-19 15:36:27,347,514,473,0
2026-07-19 15:36:28,323,513,462,0
2026-07-19 15:36:29,318,504,471,0
2026-07-19 15:36:30,296,508,471,0
2026-07-19 15:36:31,309,510,475,0
2026-07-19 15:36:32,298,510,465,0
2026-07-19 15:36:33,286,507,465,0
2026-07-19 15:36:34,280,501,480,0
2026-07-19 15:36:35,287,506,471,0
2026-07-19 15:36:36,306,514,467,0
2026-07-19 15:36:37,334,503,458,0
2026-07-19 15:36:38,340,505,441,0
2026-07-19 15:36:39,366,513,409,0
2026-07-19 15:36:40,349,520,408,0
2026-07-19 15:36:41,344,515,405,0
2026-07-19 15:36:42,362,517,415,0
2026-07-19 15:36:43,321,515,413,0
2026-07-19 15:36:44,375,507,415,0
2026-07-19 15:36:45,344,515,430,0
2026-07-19 15:36:46,352,508,460,0
2026-07-19 15:36:47,362,514,436,0
2026-07-19 15:36:48,379,511,465,0
2026-07-19 15:36:49,389,512,471,0
2026-07-19 15:36:50,391,513,472,0
2026-07-19 15:36:51,341,512,475,0
2026-07-19 15:36:52,340,507,456,0
2026-07-19 15:36:53,346,521,457,0
2026-07-19 15:36:54,340,513,466,0
2026-07-19 15:36:55,334,509,459,0
2026-07-19 15:36:56,367,509,463,0
2026-07-19 15:36:57,390,508,461,0
2026-07-19 15:36:58,369,519,418,0
2026-07-19 15:36:59,369,516,423,0
2026-07-19 15:37:00,320,516,418,0
2026-07-19 15:37:01,334,515,415,0
2026-07-19 15:37:02,310,514,421,0
2026-07-19 15:37:03,347,509,464,0
2026-07-19 15:37:04,317,510,463,0
2026-07-19 15:37:05,284,504,478,0
2026-07-19 15:37:06,279,513,480,0
2026-07-19 15:37:07,280,493,479,0
2026-07-19 15:37:08,305,494,470,0
2026-07-19 15:37:09,320,498,462,0
2026-07-19 15:37:10,345,522,460,0
2026-07-19 15:37:11,363,503,463,0
2026-07-19 15:37:12,373,513,487,0
2026-07-19 15:37:13,363,529,437,0
2026-07-19 15:37:14,367,516,438,0
2026-07-19 15:37:15,346,503,429,0
2026-07-19 15:37:16,342,520,463,0
2026-07-19 15:37:17,383,508,471,0
2026-07-19 15:37:18,348,507,494,0
2026-07-19 15:37:19,311,498,515,0
2026-07-19 15:37:20,286,493,539,0
2026-07-19 15:37:21,277,529,477,0
2026-07-19 15:37:22,287,522,482,0
2026-07-19 15:37:23,325,516,491,0
2026-07-19 15:37:24,359,503,461,0
2026-07-19 15:37:25,328,514,460,0
2026-07-19 15:37:26,371,522,448,0
2026-07-19 15:37:27,372,518,439,0
2026-07-19 15:37:28,349,508,428,0
2026-07-19 15:37:29,326,524,401,0
2026-07-19 15:37:30,339,513,425,0
2026-07-19 15:37:31,321,507,427,0
2026-07-19 15:37:32,326,501,458,0
2026-07-19 15:37:33,313,502,476,0
2026-07-19 15:37:34,284,507,479,0
2026-07-19 15:37:35,301,501,455,0
2026-07-19 15:37:36,276,521,468,0
2026-07-19 15:37:37,308,532,463,0
2026-07-19 15:37:38,335,512,477,0
2026-07-19 15:37:39,375,523,495,0
2026-07-19 15:37:40,375,503,487,0
2026-07-19 15:37:41,380,521,475,0
2026-07-19 15:37:42,355,512,453,0
2026-07-19 15:37:43,372,522,473,0
2026-07-19 15:37:44,346,533,442,0
2026-07-19 15:37:45,360,528,448,0
2026-07-19 15:37:46,349,507,498,0
2026-07-19 15:37:47,356,505,525,0
2026-07-19 15:37:48,304,504,502,0
2026-07-19 15:37:49,282,498,500,0
2026-07-19 15:37:50,278,502,505,0
2026-07-19 15:37:51,268,505,502,0
2026-07-19 15:37:52,298,530,484,0
2026-07-19 15:37:53,300,509,471,0
2026-07-19 15:37:54,355,529,478,0
2026-07-19 15:37:55,356,508,460,0
2026-07-19 15:37:56,349,504,486,0
2026-07-19 15:37:57,368,520,458,0
2026-07-19 15:37:58,350,521,420,0
2026-07-19 15:37:59,331,513,421,0
2026-07-19 15:38:00,336,513,405,0
2026-07-19 15:38:01,352,497,407,0
2026-07-19 15:38:02,319,504,440,0
2026-07-19 15:38:03,339,507,452,0
2026-07-19 15:38:04,334,498,484,0
2026-07-19 15:38:05,300,501,472,0
2026-07-19 15:38:06,273,500,450,0
2026-07-19 15:38:07,292,522,460,0
2026-07-19 15:38:08,315,507,458,0
2026-07-19 15:38:09,284,501,471,0
2026-07-19 15:38:10,327,523,476,0
2026-07-19 15:38:11,357,518,493,0
2026-07-19 15:38:12,345,515,496,0
2026-07-19 15:38:13,355,511,486,0
2026-07-19 15:38:14,324,516,448,0
2026-07-19 15:38:15,346,509,471,0
2026-07-19 15:38:16,338,515,470,0
2026-07-19 15:38:17,361,534,422,0
2026-07-19 15:38:18,378,506,480,0
2026-07-19 15:38:19,329,506,495,0
2026-07-19 15:38:20,353,502,533,0
2026-07-19 15:38:21,297,508,501,0
2026-07-19 15:38:22,270,501,471,0
2026-07-19 15:38:23,292,514,507,0
2026-07-19 15:38:24,284,509,490,0
2026-07-19 15:38:25,270,516,485,0
2026-07-19 15:38:26,309,520,488,0
2026-07-19 15:38:27,359,521,471,0
2026-07-19 15:38:28,342,517,468,0
2026-07-19 15:38:29,361,512,468,0
2026-07-19 15:38:30,381,510,433,0
2026-07-19 15:38:31,353,505,409,0
2026-07-19 15:38:32,353,515,409,0
2026-07-19 15:38:33,353,512,417,0
2026-07-19 15:38:34,354,505,431,0
2026-07-19 15:38:35,365,512,443,0
2026-07-19 15:38:36,315,499,482,0
2026-07-19 15:38:37,301,503,464,0
2026-07-19 15:38:38,264,497,472,0
2026-07-19 15:38:39,286,502,467,0
2026-07-19 15:38:40,261,517,476,0
2026-07-19 15:38:41,339,531,452,0
2026-07-19 15:38:42,329,530,474,0
2026-07-19 15:38:43,361,523,474,0
2026-07-19 15:38:44,341,518,478,0
2026-07-19 15:38:45,356,506,493,0
2026-07-19 15:38:46,330,508,427,0
2026-07-19 15:38:47,357,527,478,0
2026-07-19 15:38:48,346,512,468,0
2026-07-19 15:38:49,341,537,439,0
2026-07-19 15:38:50,381,495,443,0
2026-07-19 15:38:51,352,506,475,0
2026-07-19 15:38:52,349,499,488,0
2026-07-19 15:38:53,329,505,493,0
2026-07-19 15:38:54,303,490,495,0
2026-07-19 15:38:55,277,509,530,0
2026-07-19 15:38:56,293,506,535,0
2026-07-19 15:38:57,308,510,475,0
2026-07-19 15:38:58,302,512,471,0
2026-07-19 15:38:59,373,511,473,0
2026-07-19 15:39:00,362,517,485,0
2026-07-19 15:39:01,312,520,437,0
2026-07-19 15:39:02,350,517,424,0
2026-07-19 15:39:03,339,506,406,0
2026-07-19 15:39:04,336,519,407,0
2026-07-19 15:39:05,356,521,399,0
2026-07-19 15:39:06,354,514,426,0
2026-07-19 15:39:07,362,502,465,0
2026-07-19 15:39:08,311,509,472,0
2026-07-19 15:39:09,277,503,486,0
2026-07-19 15:39:10,306,505,459,0
2026-07-19 15:39:11,316,501,488,0
2026-07-19 15:39:12,292,510,478,0
2026-07-19 15:39:13,322,518,481,0
2026-07-19 15:39:14,354,526,482,0
2026-07-19 15:39:15,378,508,455,0
2026-07-19 15:39:16,376,511,463,0
2026-07-19 15:39:17,373,531,476,0
2026-07-19 15:39:18,372,519,448,0
2026-07-19 15:39:19,355,533,452,0
2026-07-19 15:39:20,352,495,457,0
2026-07-19 15:39:21,335,505,461,0
2026-07-19 15:39:22,343,508,523,0
2026-07-19 15:39:23,330,504,532,0
2026-07-19 15:39:24,332,496,483,0
2026-07-19 15:39:25,293,507,491,0
2026-07-19 15:39:26,281,490,488,0
2026-07-19 15:39:27,292,518,478,0
2026-07-19 15:39:28,309,514,477,0
2026-07-19 15:39:29,336,509,486,0
2026-07-19 15:39:30,329,506,466,0
2026-07-19 15:39:31,352,508,470,0
2026-07-19 15:39:32,356,529,451,0
2026-07-19 15:39:33,325,517,412,0
2026-07-19 15:39:34,350,519,402,0
2026-07-19 15:39:35,345,506,422,0
2026-07-19 15:39:36,332,512,401,0
2026-07-19 15:39:37,342,507,433,0
2026-07-19 15:39:38,355,507,448,0
2026-07-19 15:39:39,319,507,472,0
2026-07-19 15:39:40,311,510,474,0
2026-07-19 15:39:41,278,509,477,0
2026-07-19 15:39:42,280,510,479,0
2026-07-19 15:39:43,283,503,454,0
2026-07-19 15:39:44,303,525,459,0
2026-07-19 15:39:45,339,523,479,0
2026-07-19 15:39:46,303,500,469,0
2026-07-19 15:39:47,334,508,468,0
2026-07-19 15:39:48,374,523,474,0
2026-07-19 15:39:49,342,522,482,0
2026-07-19 15:39:50,344,515,477,0
2026-07-19 15:39:51,360,520,487,0
2026-07-19 15:39:52,369,501,478,0
2026-07-19 15:39:53,364,531,504,0
2026-07-19 15:39:54,351,533,478,0
2026-07-19 15:39:55,381,513,450,0
2026-07-19 15:39:56,345,512,468,0
2026-07-19 15:39:57,364,508,444,0
2026-07-19 15:39:58,384,512,453,0
2026-07-19 15:39:59,379,508,504,0
2026-07-19 15:40:00,385,515,472,0
2026-07-19 15:40:01,346,534,477,0
2026-07-19 15:40:02,354,530,499,0
2026-07-19 15:40:03,381,530,489,0
2026-07-19 15:40:04,371,525,483,0
2026-07-19 15:40:05,367,506,470,0
2026-07-19 15:40:06,326,509,480,0
2026-07-19 15:40:07,303,514,492,0
2026-07-19 15:40:08,298,522,463,0
2026-07-19 15:40:09,280,501,478,0
2026-07-19 15:40:10,286,520,471,0
2026-07-19 15:40:11,282,504,486,0
2026-07-19 15:40:12,325,508,459,0
2026-07-19 15:40:13,364,517,451,0
2026-07-19 15:40:14,348,496,424,0
2026-07-19 15:40:15,331,532,402,0
2026-07-19 15:40:16,367,521,400,0
2026-07-19 15:40:17,347,506,412,0
2026-07-19 15:40:18,364,521,448,0
2026-07-19 15:40:19,353,529,456,0
2026-07-19 15:40:20,349,513,477,0
2026-07-19 15:40:21,340,510,473,0
2026-07-19 15:40:22,344,512,475,0
2026-07-19 15:40:23,296,506,477,0
2026-07-19 15:40:24,286,510,496,0
2026-07-19 15:40:25,269,495,536,0
2026-07-19 15:40:26,300,500,482,0
2026-07-19 15:40:27,298,506,503,0
2026-07-19 15:40:28,350,511,500,0
2026-07-19 15:40:29,366,506,474,0
2026-07-19 15:40:30,331,498,463,0
2026-07-19 15:40:31,353,510,464,0
2026-07-19 15:40:32,349,520,459,0
2026-07-19 15:40:33,355,525,479,0
2026-07-19 15:40:34,355,506,483,0
2026-07-19 15:40:35,374,530,495,0
2026-07-19 15:40:36,339,513,483,0
2026-07-19 15:40:37,352,518,459,0
2026-07-19 15:40:38,323,522,467,0
2026-07-19 15:40:39,365,532,457,0
2026-07-19 15:40:40,346,520,458,0
2026-07-19 15:40:41,356,497,456,0
2026-07-19 15:40:42,335,520,457,0
2026-07-19 15:40:43,350,500,457,0
2026-07-19 15:40:44,341,511,457,0
2026-07-19 15:40:45,353,512,462,0
2026-07-19 15:40:46,348,510,476,0
2026-07-19 15:40:47,369,511,507,0
2026-07-19 15:40:48,339,504,522,0
2026-07-19 15:40:49,358,506,522,0
2026-07-19 15:40:50,332,507,547,0
2026-07-19 15:40:51,325,510,510,0
2026-07-19 15:40:52,277,507,525,0
2026-07-19 15:40:53,318,495,508,0
2026-07-19 15:40:54,295,501,526,0
2026-07-19 15:40:55,302,500,511,0
2026-07-19 15:40:56,272,503,497,0
2026-07-19 15:40:57,264,513,505,0
2026-07-19 15:40:58,314,516,493,0
2026-07-19 15:40:59,292,518,486,0
2026-07-19 15:41:00,281,503,508,0
2026-07-19 15:41:01,294,510,527,0
2026-07-19 15:41:02,279,511,500,0
2026-07-19 15:41:03,277,492,530,0
2026-07-19 15:41:04,276,499,502,0
2026-07-19 15:41:05,297,507,538,0
2026-07-19 15:41:06,291,492,516,0
2026-07-19 15:41:07,292,507,527,0
2026-07-19 15:41:08,357,510,524,0
2026-07-19 15:41:09,343,501,517,0
2026-07-19 15:41:10,325,516,446,0
2026-07-19 15:41:11,371,497,450,0
2026-07-19 15:41:12,352,491,462,0
2026-07-19 15:41:13,346,529,440,0
2026-07-19 15:41:14,351,536,476,0
2026-07-19 15:41:15,351,515,498,0
2026-07-19 15:41:16,368,508,480,0
2026-07-19 15:41:17,359,527,479,0
2026-07-19 15:41:18,322,514,481,0
2026-07-19 15:41:28,303,532,497,0
2026-07-19 15:41:28,295,499,466,0
2026-07-19 15:41:28,281,514,471,0
2026-07-19 15:41:28,290,499,479,0
2026-07-19 15:41:28,308,506,463,0
2026-07-19 15:41:28,344,509,474,0
2026-07-19 15:41:28,352,500,451,0
2026-07-19 15:41:28,356,514,412,0
2026-07-19 15:41:28,326,518,399,0
2026-07-19 15:41:28,337,526,424,0
2026-07-19 15:41:29,343,508,410,0
2026-07-19 15:41:30,339,517,444,0
2026-07-19 15:41:31,324,508,462,0
2026-07-19 15:41:32,361,515,459,0
2026-07-19 15:41:33,356,513,473,0
2026-07-19 15:41:34,337,511,477,0
2026-07-19 15:41:35,288,512,487,0
2026-07-19 15:41:36,285,506,499,0
2026-07-19 15:41:37,286,498,515,0
2026-07-19 15:41:38,296,492,500,0
2026-07-19 15:41:39,289,498,505,0
2026-07-19 15:41:40,292,514,545,0
2026-07-19 15:41:41,354,510,484,0
2026-07-19 15:41:42,328,509,470,0
2026-07-19 15:41:43,335,524,442,0
2026-07-19 15:41:44,343,528,471,0
2026-07-19 15:41:45,351,503,470,0
2026-07-19 15:41:46,337,516,450,0
2026-07-19 15:41:47,334,521,443,0
2026-07-19 15:41:48,347,514,483,0
2026-07-19 15:41:49,366,515,467,0
2026-07-19 15:41:50,359,503,483,0
2026-07-19 15:41:51,336,515,468,0
2026-07-19 15:41:52,313,509,492,0
2026-07-19 15:41:53,302,523,458,0
2026-07-19 15:41:54,277,518,468,0
2026-07-19 15:41:55,281,506,461,0
2026-07-19 15:41:56,293,511,472,0
2026-07-19 15:41:57,296,509,470,0
2026-07-19 15:41:58,303,500,482,0
2026-07-19 15:41:59,326,509,463,0
2026-07-19 15:42:00,332,503,450,0
2026-07-19 15:42:01,331,513,445,0
2026-07-19 15:42:02,358,500,412,0
2026-07-19 15:42:03,361,511,410,0
2026-07-19 15:42:04,327,516,399,0
2026-07-19 15:42:05,329,522,412,0
2026-07-19 15:42:06,338,523,429,0
2026-07-19 15:42:07,378,500,444,0
2026-07-19 15:42:08,352,512,449,0
2026-07-19 15:42:09,355,513,464,0
2026-07-19 15:42:10,331,517,464,0
2026-07-19 15:42:11,371,512,474,0
2026-07-19 15:42:12,358,510,468,0
2026-07-19 15:42:13,359,524,478,0
2026-07-19 15:42:14,360,522,464,0
2026-07-19 15:42:15,369,518,466,0
2026-07-19 15:42:16,353,508,476,0
2026-07-19 15:42:17,340,506,460,0
2026-07-19 15:42:18,391,515,462,0
2026-07-19 15:42:19,342,516,480,0
2026-07-19 15:42:20,355,511,480,0
2026-07-19 15:42:21,336,509,473,0
2026-07-19 15:42:22,364,518,466,0
2026-07-19 15:42:23,347,509,447,0
2026-07-19 15:42:24,323,518,467,0
2026-07-19 15:42:25,362,502,456,0
2026-07-19 15:42:26,352,504,455,0
2026-07-19 15:42:27,331,515,430,0
2026-07-19 15:42:28,365,510,418,0
2026-07-19 15:42:29,375,506,427,0
2026-07-19 15:42:30,362,519,408,0
2026-07-19 15:42:31,355,522,402,0
2026-07-19 15:42:32,304,529,416,0
2026-07-19 15:42:33,356,514,420,0
2026-07-19 15:42:34,316,507,435,0
2026-07-19 15:42:35,355,513,462,0
2026-07-19 15:42:36,315,514,463,0
2026-07-19 15:42:37,309,505,471,0
2026-07-19 15:42:38,296,513,465,0
2026-07-19 15:42:39,278,521,465,0
2026-07-19 15:42:40,292,516,474,0
2026-07-19 15:42:41,266,507,473,0
2026-07-19 15:42:42,302,514,471,0
2026-07-19 15:42:43,280,509,466,0
2026-07-19 15:42:44,314,503,477,0
2026-07-19 15:42:45,315,509,481,0
2026-07-19 15:42:46,313,507,494,0
2026-07-19 15:42:47,366,526,481,0
2026-07-19 15:42:48,334,519,483,0
2026-07-19 15:42:49,333,527,470,0
2026-07-19 15:42:50,341,505,469,0
2026-07-19 15:42:51,354,502,488,0
2026-07-19 15:42:52,340,531,482,0
2026-07-19 15:42:53,345,504,467,0
2026-07-19 15:42:54,294,517,470,0
2026-07-19 15:42:55,296,524,474,0
2026-07-19 15:42:56,295,508,477,0
2026-07-19 15:42:57,287,514,485,0
2026-07-19 15:42:58,272,494,496,0
2026-07-19 15:42:59,314,493,486,0
2026-07-19 15:43:00,345,503,471,0
2026-07-19 15:43:01,333,505,459,0
2026-07-19 15:43:02,329,524,420,0
2026-07-19 15:43:03,360,512,415,0
2026-07-19 15:43:04,359,512,421,0
2026-07-19 15:43:05,359,513,422,0
2026-07-19 15:43:06,374,523,457,0
2026-07-19 15:43:07,353,515,457,0
2026-07-19 15:43:08,335,513,476,0
2026-07-19 15:43:09,335,531,488,0
2026-07-19 15:43:10,309,515,505,0
2026-07-19 15:43:11,292,515,517,0
2026-07-19 15:43:12,274,505,527,0
2026-07-19 15:43:13,274,503,525,0
2026-07-19 15:43:14,307,512,491,0
2026-07-19 15:43:15,343,501,498,0
2026-07-19 15:43:16,342,515,441,0
2026-07-19 15:43:17,344,530,468,0
2026-07-19 15:43:18,351,527,472,0
2026-07-19 15:43:19,380,510,451,0
2026-07-19 15:43:20,341,502,480,0
2026-07-19 15:43:21,388,518,505,0
2026-07-19 15:43:22,325,508,487,0
2026-07-19 15:43:23,354,516,468,0
2026-07-19 15:43:24,297,527,475,0
2026-07-19 15:43:25,289,507,483,0
2026-07-19 15:43:26,278,511,470,0
2026-07-19 15:43:27,290,502,472,0
2026-07-19 15:43:28,327,508,460,0
2026-07-19 15:43:29,332,495,459,0
2026-07-19 15:43:30,341,512,410,0
2026-07-19 15:43:31,340,504,409,0
2026-07-19 15:43:32,344,509,416,0
2026-07-19 15:43:33,349,515,422,0
2026-07-19 15:43:34,329,522,431,0
2026-07-19 15:43:35,382,505,460,0
2026-07-19 15:43:36,342,516,465,0
2026-07-19 15:43:37,365,528,456,0
2026-07-19 15:43:38,318,502,478,0
2026-07-19 15:43:39,305,502,483,0
2026-07-19 15:43:40,281,503,492,0
2026-07-19 15:43:41,286,523,518,0
2026-07-19 15:43:42,305,510,506,0
2026-07-19 15:43:43,298,505,509,0
2026-07-19 15:43:44,365,505,513,0
2026-07-19 15:43:45,345,495,493,0
2026-07-19 15:43:46,353,506,458,0
2026-07-19 15:43:47,338,523,461,0
2026-07-19 15:43:48,356,499,461,0
2026-07-19 15:43:49,336,511,474,0
2026-07-19 15:43:50,335,526,469,0
2026-07-19 15:43:51,365,514,444,0
2026-07-19 15:43:52,388,528,473,0
2026-07-19 15:43:53,352,508,478,0
2026-07-19 15:43:54,341,500,491,0
2026-07-19 15:43:55,368,523,499,0
2026-07-19 15:43:56,340,508,490,0
2026-07-19 15:43:57,373,506,488,0
2026-07-19 15:43:58,321,513,475,0
2026-07-19 15:43:59,351,525,474,0
2026-07-19 15:44:00,324,505,485,0
2026-07-19 15:44:01,319,509,467,0
2026-07-19 15:44:02,328,512,478,0
2026-07-19 15:44:03,292,519,458,0
2026-07-19 15:44:04,308,509,471,0
2026-07-19 15:44:05,315,515,474,0
2026-07-19 15:44:06,312,509,476,0
2026-07-19 15:44:07,367,511,460,0
2026-07-19 15:44:08,357,510,482,0
2026-07-19 15:44:09,379,516,470,0
2026-07-19 15:44:10,345,514,478,0
2026-07-19 15:44:11,386,505,475,0
2026-07-19 15:44:12,369,514,505,0
2026-07-19 15:44:13,384,513,482,0
2026-07-19 15:44:14,379,528,468,0
2026-07-19 15:44:15,347,528,448,0
2026-07-19 15:44:16,355,515,433,0
2026-07-19 15:44:17,360,501,458,0
2026-07-19 15:44:18,339,504,483,0
2026-07-19 15:44:19,371,504,515,0
2026-07-19 15:44:20,304,504,520,0
2026-07-19 15:44:21,264,521,508,0
2026-07-19 15:44:22,278,510,499,0
2026-07-19 15:44:23,270,513,492,0
2026-07-19 15:44:24,295,504,486,0
2026-07-19 15:44:25,307,515,468,0
2026-07-19 15:44:26,353,530,474,0
2026-07-19 15:44:27,385,509,461,0
2026-07-19 15:44:28,379,518,468,0
2026-07-19 15:44:29,340,508,448,0
2026-07-19 15:44:30,341,517,408,0
2026-07-19 15:44:31,320,496,396,0
2026-07-19 15:44:32,338,495,413,0
2026-07-19 15:44:33,322,503,430,0
2026-07-19 15:44:34,335,511,463,0
2026-07-19 15:44:35,284,507,480,0
2026-07-19 15:44:36,284,515,466,0
2026-07-19 15:44:37,312,506,470,0
2026-07-19 15:44:38,385,506,498,0
2026-07-19 15:44:39,370,511,461,0
2026-07-19 15:44:40,384,500,487,0
2026-07-19 15:44:41,349,515,489,0
2026-07-19 15:44:42,379,520,451,0
2026-07-19 15:44:43,357,514,452,0
2026-07-19 15:44:44,359,524,412,0
2026-07-19 15:44:45,349,496,412,0
2026-07-19 15:44:46,371,516,470,0
2026-07-19 15:44:47,334,509,499,0
2026-07-19 15:44:48,332,506,516,0
2026-07-19 15:44:49,292,493,499,0
2026-07-19 15:44:50,291,493,507,0
2026-07-19 15:44:51,280,521,510,0
2026-07-19 15:44:52,292,516,477,0
2026-07-19 15:44:53,317,512,484,0
2026-07-19 15:44:54,337,519,468,0
2026-07-19 15:44:55,385,511,457,0
2026-07-19 15:44:56,329,528,477,0
2026-07-19 15:44:57,339,514,461,0
2026-07-19 15:44:58,349,507,421,0
2026-07-19 15:44:59,346,530,409,0
2026-07-19 15:45:00,332,513,431,0
2026-07-19 15:45:01,359,518,405,0
2026-07-19 15:45:02,359,502,419,0
2026-07-19 15:45:03,334,513,433,0
2026-07-19 15:45:04,309,510,477,0
2026-07-19 15:45:05,319,503,479,0
2026-07-19 15:45:06,292,502,472,0
2026-07-19 15:45:07,278,497,485,0
2026-07-19 15:45:08,273,504,475,0
2026-07-19 15:45:09,295,516,466,0
2026-07-19 15:45:10,344,522,469,0
2026-07-19 15:45:11,277,517,484,0
2026-07-19 15:45:12,272,505,462,0
2026-07-19 15:45:13,270,514,474,0
2026-07-19 15:45:14,302,510,468,0
2026-07-19 15:45:15,322,498,460,0
2026-07-19 15:45:16,326,507,467,0
2026-07-19 15:45:17,324,524,483,0
2026-07-19 15:45:18,298,523,469,0
2026-07-19 15:45:19,275,523,481,0
2026-07-19 15:45:20,287,528,477,0
2026-07-19 15:45:21,266,513,485,0
2026-07-19 15:45:22,287,526,481,0
2026-07-19 15:45:23,287,514,482,0
2026-07-19 15:45:24,289,505,485,0
2026-07-19 15:45:25,306,507,482,0
2026-07-19 15:45:26,350,506,471,0
2026-07-19 15:45:27,377,506,436,0
2026-07-19 15:45:28,365,508,433,0
2026-07-19 15:45:29,346,525,424,0
2026-07-19 15:45:30,363,511,415,0
2026-07-19 15:45:31,341,533,414,0
2026-07-19 15:45:32,344,514,445,0
2026-07-19 15:45:33,338,525,447,0
2026-07-19 15:45:34,367,513,460,0
2026-07-19 15:45:35,339,508,474,0
2026-07-19 15:45:36,360,519,479,0
2026-07-19 15:45:37,313,500,485,0
2026-07-19 15:45:38,301,513,492,0
2026-07-19 15:45:39,347,518,473,0
2026-07-19 15:45:40,290,511,504,0
2026-07-19 15:45:41,276,509,493,0
2026-07-19 15:45:42,295,512,484,0
2026-07-19 15:45:43,282,516,501,0
2026-07-19 15:45:44,279,507,507,0
2026-07-19 15:45:45,282,510,501,0
2026-07-19 15:45:46,290,517,490,0
2026-07-19 15:45:47,293,504,487,0
2026-07-19 15:45:48,282,505,485,0
2026-07-19 15:45:49,303,513,478,0
2026-07-19 15:45:50,335,512,481,0
2026-07-19 15:45:51,355,513,468,0
2026-07-19 15:45:52,359,510,451,0
2026-07-19 15:45:53,365,532,471,0
2026-07-19 15:45:54,340,506,455,0
2026-07-19 15:45:55,345,503,437,0
2026-07-19 15:45:56,342,523,423,0
2026-07-19 15:45:57,358,514,410,0
2026-07-19 15:45:58,327,506,415,0
2026-07-19 15:45:59,334,502,444,0
2026-07-19 15:46:00,358,505,475,0
2026-07-19 15:46:01,291,500,461,0
2026-07-19 15:46:02,270,508,474,0
2026-07-19 15:46:03,277,508,475,0
2026-07-19 15:46:04,273,522,478,0
2026-07-19 15:46:05,310,513,462,0
2026-07-19 15:46:06,342,526,479,0
2026-07-19 15:46:07,352,507,468,0
2026-07-19 15:46:08,366,514,503,0
2026-07-19 15:46:09,345,524,513,0
2026-07-19 15:46:10,369,523,448,0
2026-07-19 15:46:11,384,514,453,0
2026-07-19 15:46:12,371,524,460,0
2026-07-19 15:46:13,341,522,450,0
2026-07-19 15:46:14,333,512,489,0
2026-07-19 15:46:15,357,508,504,0
2026-07-19 15:46:16,329,507,547,0
2026-07-19 15:46:17,312,492,520,0
2026-07-19 15:46:18,288,506,518,0
2026-07-19 15:46:19,284,524,504,0
2026-07-19 15:46:20,310,498,509,0
2026-07-19 15:46:21,301,516,495,0
2026-07-19 15:46:22,331,513,481,0
2026-07-19 15:46:23,342,525,458,0
2026-07-19 15:46:24,351,512,471,0
2026-07-19 15:46:25,337,520,470,0
2026-07-19 15:46:26,377,518,438,0
2026-07-19 15:46:27,360,519,422,0
2026-07-19 15:46:28,350,517,402,0
2026-07-19 15:46:29,350,515,410,0
2026-07-19 15:46:30,352,515,417,0
2026-07-19 15:46:31,348,496,447,0
2026-07-19 15:46:32,334,509,470,0
2026-07-19 15:46:33,328,504,490,0
2026-07-19 15:46:34,282,508,479,0
2026-07-19 15:46:35,291,517,480,0
2026-07-19 15:46:36,273,509,489,0
2026-07-19 15:46:37,325,495,478,0
2026-07-19 15:46:38,349,520,490,0
2026-07-19 15:46:39,371,525,477,0
2026-07-19 15:46:40,403,526,502,0
2026-07-19 15:46:41,348,506,480,0
2026-07-19 15:46:42,347,513,456,0
2026-07-19 15:46:43,370,513,430,0
2026-07-19 15:46:44,394,516,450,0
2026-07-19 15:46:45,347,532,443,0
2026-07-19 15:46:46,370,491,422,0
2026-07-19 15:46:47,352,514,453,0
2026-07-19 15:46:48,335,508,436,0
2026-07-19 15:46:49,345,513,449,0
2026-07-19 15:46:50,354,494,481,0
2026-07-19 15:46:52,337,504,523,0
2026-07-19 15:46:53,314,508,511,0
2026-07-19 15:46:53,321,503,493,0
2026-07-19 15:46:54,296,512,519,0
2026-07-19 15:46:55,280,507,527,0
2026-07-19 15:46:56,292,505,521,0
2026-07-19 15:46:57,286,506,485,0
2026-07-19 15:46:58,286,504,520,0
2026-07-19 15:46:59,287,507,533,0
2026-07-19 15:47:00,282,508,508,0
2026-07-19 15:47:01,282,513,517,0
2026-07-19 15:47:02,313,498,499,0
2026-07-19 15:47:03,301,512,510,0
2026-07-19 15:47:04,299,511,474,0
2026-07-19 15:47:05,293,521,544,0
2026-07-19 15:47:06,309,506,542,0
2026-07-19 15:47:07,318,514,544,0
2026-07-19 15:47:08,327,505,495,0
2026-07-19 15:47:09,316,506,491,0
2026-07-19 15:47:10,346,499,493,0
2026-07-19 15:47:11,338,503,504,0
2026-07-19 15:47:12,350,508,510,0
2026-07-19 15:47:13,347,501,505,0
2026-07-19 15:47:14,338,499,472,0
2026-07-19 15:47:15,359,489,479,0
2026-07-19 15:47:16,354,517,465,0
2026-07-19 15:47:17,338,534,477,0
2026-07-19 15:47:18,373,522,463,0
2026-07-19 15:47:19,375,495,472,0
2026-07-19 15:47:20,367,529,461,0
2026-07-19 15:47:21,389,509,429,0
2026-07-19 15:47:22,372,515,471,0
2026-07-19 15:47:23,393,519,461,0
2026-07-19 15:47:24,364,531,448,0
2026-07-19 15:47:25,375,531,457,0
2026-07-19 15:47:26,355,502,462,0
2026-07-19 15:47:27,346,499,466,0
2026-07-19 15:47:28,340,521,463,0
2026-07-19 15:47:29,368,523,497,0
2026-07-19 15:47:30,377,522,494,0
2026-07-19 15:47:31,373,528,481,0
2026-07-19 15:47:32,332,517,503,0
2026-07-19 15:47:33,378,525,506,0
2026-07-19 15:47:34,349,527,463,0
2026-07-19 15:47:35,369,513,512,0
2026-07-19 15:47:36,351,508,502,0
2026-07-19 15:47:37,366,523,483,0
2026-07-19 15:47:38,373,528,472,0
2026-07-19 15:47:39,358,504,490,0
2026-07-19 15:47:40,351,505,507,0
2026-07-19 15:47:41,341,523,499,0
2026-07-19 15:47:42,339,525,495,0
2026-07-19 15:47:43,341,504,479,0
2026-07-19 15:47:44,385,513,527,0
2026-07-19 15:47:45,344,529,506,0
2026-07-19 15:47:46,389,512,499,0
2026-07-19 15:47:47,368,532,464,0
2026-07-19 15:47:48,329,505,489,0
2026-07-19 15:47:49,402,500,462,0
2026-07-19 15:47:50,361,529,496,0
2026-07-19 15:47:51,352,522,487,0
2026-07-19 15:47:52,338,524,475,0
2026-07-19 15:47:53,359,502,501,0
2026-07-19 15:47:54,328,517,475,0
2026-07-19 15:47:55,372,507,474,0
2026-07-19 15:47:56,337,509,489,0
2026-07-19 15:47:57,352,512,470,0
2026-07-19 15:47:58,316,519,472,0
2026-07-19 15:47:59,286,510,476,0
2026-07-19 15:48:00,282,526,474,0
2026-07-19 15:48:01,291,498,478,0
2026-07-19 15:48:02,311,521,472,0
2026-07-19 15:48:03,320,509,478,0
2026-07-19 15:48:04,295,509,476,0
2026-07-19 15:48:05,304,516,474,0
2026-07-19 15:48:06,328,506,473,0
2026-07-19 15:48:07,320,521,471,0
2026-07-19 15:48:08,316,514,477,0
2026-07-19 15:48:09,347,526,482,0
2026-07-19 15:48:10,354,537,476,0
2026-07-19 15:48:11,385,514,509,0
2026-07-19 15:48:12,374,510,493,0
2026-07-19 15:48:13,349,503,481,0
2026-07-19 15:48:14,348,533,495,0
2026-07-19 15:48:15,354,532,455,0
2026-07-19 15:48:16,362,516,445,0
2026-07-19 15:48:17,352,498,452,0
2026-07-19 15:48:18,349,509,476,0
2026-07-19 15:48:19,344,512,516,0
2026-07-19 15:48:20,284,504,525,0
2026-07-19 15:48:21,272,502,510,0
2026-07-19 15:48:22,280,498,478,0
2026-07-19 15:48:23,283,517,482,0
2026-07-19 15:48:24,302,513,472,0
2026-07-19 15:48:25,347,524,469,0
2026-07-19 15:48:26,319,526,471,0
2026-07-19 15:48:27,314,520,458,0
2026-07-19 15:48:28,353,519,433,0
2026-07-19 15:48:29,325,516,396,0
2026-07-19 15:48:30,361,516,405,0
2026-07-19 15:48:31,350,510,400,0
2026-07-19 15:48:32,357,512,437,0
2026-07-19 15:48:33,350,505,461,0
2026-07-19 15:48:34,300,502,475,0
2026-07-19 15:48:35,296,504,474,0
2026-07-19 15:48:36,283,508,467,0
2026-07-19 15:48:37,286,496,470,0
2026-07-19 15:48:38,301,507,472,0
2026-07-19 15:48:39,330,501,485,0
2026-07-19 15:48:40,384,511,464,0
2026-07-19 15:48:41,358,502,488,0
2026-07-19 15:48:42,349,511,479,0
2026-07-19 15:48:43,376,516,471,0
2026-07-19 15:48:44,337,528,446,0
2026-07-19 15:48:45,369,528,460,0
2026-07-19 15:48:46,339,514,486,0
2026-07-19 15:48:47,365,501,464,0
2026-07-19 15:48:48,324,506,483,0
2026-07-19 15:48:49,288,506,519,0
2026-07-19 15:48:50,285,499,524,0
2026-07-19 15:48:51,286,517,491,0
2026-07-19 15:48:52,284,505,513,0
2026-07-19 15:48:53,307,510,493,0
2026-07-19 15:48:54,312,501,483,0
2026-07-19 15:48:55,316,508,485,0
2026-07-19 15:48:56,359,513,443,0
2026-07-19 15:48:57,384,521,454,0
2026-07-19 15:48:58,359,521,451,0
2026-07-19 15:48:59,352,516,417,0
2026-07-19 15:49:00,347,517,407,0
2026-07-19 15:49:01,376,529,416,0
2026-07-19 15:49:02,316,505,412,0
2026-07-19 15:49:03,360,513,425,0
2026-07-19 15:49:04,339,505,464,0
2026-07-19 15:49:05,302,505,480,0
2026-07-19 15:49:06,293,512,483,0
2026-07-19 15:49:07,274,513,482,0
2026-07-19 15:49:08,289,525,474,0
2026-07-19 15:49:09,346,506,478,0
2026-07-19 15:49:10,372,519,461,0
2026-07-19 15:49:11,358,521,460,0
2026-07-19 15:49:12,373,527,488,0
2026-07-19 15:49:13,376,538,468,0
2026-07-19 15:49:14,372,524,431,0
2026-07-19 15:49:15,353,512,459,0
2026-07-19 15:49:16,338,503,450,0
2026-07-19 15:49:17,345,491,465,0
2026-07-19 15:49:18,337,499,496,0
2026-07-19 15:49:19,370,500,483,0
2026-07-19 15:49:20,332,502,543,0
2026-07-19 15:49:21,334,509,521,0
2026-07-19 15:49:22,288,501,491,0
2026-07-19 15:49:23,289,502,472,0
2026-07-19 15:49:24,276,492,502,0
2026-07-19 15:49:25,277,516,490,0
2026-07-19 15:49:26,298,507,505,0
2026-07-19 15:49:27,280,512,468,0
2026-07-19 15:49:28,278,494,494,0
2026-07-19 15:49:29,284,511,490,0
2026-07-19 15:49:30,293,500,478,0
2026-07-19 15:49:31,279,506,488,0
2026-07-19 15:49:32,279,510,483,0
2026-07-19 15:49:33,306,506,498,0
2026-07-19 15:49:34,277,510,499,0
2026-07-19 15:49:35,299,515,515,0
2026-07-19 15:49:36,289,515,506,0
2026-07-19 15:49:37,271,493,505,0
2026-07-19 15:49:38,268,504,518,0
2026-07-19 15:49:39,275,503,506,0
2026-07-19 15:49:40,313,495,495,0
2026-07-19 15:49:42,333,518,526,0
2026-07-19 15:49:43,352,500,521,0
2026-07-19 15:49:43,342,510,497,0
2026-07-19 15:49:44,345,502,426,0
2026-07-19 15:49:45,368,506,468,0
2026-07-19 15:49:46,357,509,418,0
2026-07-19 15:49:47,371,514,477,0
2026-07-19 15:49:48,348,529,482,0
2026-07-19 15:49:49,343,504,483,0
2026-07-19 15:49:50,359,505,489,0
2026-07-19 15:49:51,310,508,480,0
2026-07-19 15:49:52,294,517,480,0
2026-07-19 15:49:53,272,517,481,0
2026-07-19 15:49:54,298,497,481,0
2026-07-19 15:49:55,287,524,462,0
2026-07-19 15:49:56,289,496,468,0
2026-07-19 15:49:57,278,502,447,0
2026-07-19 15:49:58,321,500,484,0
2026-07-19 15:49:59,346,505,462,0
2026-07-19 15:50:00,333,513,434,0
2026-07-19 15:50:01,366,510,415,0
2026-07-19 15:50:02,334,500,416,0
2026-07-19 15:50:03,346,538,405,0
2026-07-19 15:50:04,327,523,427,0
2026-07-19 15:50:05,352,525,412,0
2026-07-19 15:50:06,345,514,403,0
2026-07-19 15:50:07,330,533,424,0
2026-07-19 15:50:08,349,515,429,0
2026-07-19 15:50:09,350,514,424,0
2026-07-19 15:50:10,341,513,423,0
2026-07-19 15:50:11,355,512,423,0
2026-07-19 15:50:12,375,532,422,0
2026-07-19 15:50:13,370,525,416,0
2026-07-19 15:50:14,350,524,412,0
2026-07-19 15:50:15,349,523,433,0
2026-07-19 15:50:16,350,522,410,0
2026-07-19 15:50:17,335,501,407,0
2026-07-19 15:50:18,347,502,437,0
2026-07-19 15:50:19,326,508,489,0
2026-07-19 15:50:20,292,504,486,0
2026-07-19 15:50:21,274,506,483,0
2026-07-19 15:50:22,304,522,473,0
2026-07-19 15:50:23,310,505,469,0
2026-07-19 15:50:24,326,496,475,0
2026-07-19 15:50:25,351,506,451,0
2026-07-19 15:50:26,362,527,478,0
2026-07-19 15:50:27,361,501,503,0
2026-07-19 15:50:28,344,527,465,0
2026-07-19 15:50:29,378,521,414,0
2026-07-19 15:50:30,365,529,463,0
2026-07-19 15:50:31,352,531,465,0
2026-07-19 15:50:32,352,520,480,0
2026-07-19 15:50:33,369,499,492,0
2026-07-19 15:50:34,351,500,521,0
2026-07-19 15:50:35,274,500,505,0
2026-07-19 15:50:36,290,516,487,0
2026-07-19 15:50:37,284,510,495,0
2026-07-19 15:50:38,287,531,477,0
2026-07-19 15:50:39,292,514,467,0
2026-07-19 15:50:40,340,522,487,0
2026-07-19 15:50:41,347,512,466,0
2026-07-19 15:50:42,332,512,459,0
2026-07-19 15:50:43,348,516,427,0
2026-07-19 15:50:44,343,512,411,0
2026-07-19 15:50:45,351,540,419,0
2026-07-19 15:50:46,338,513,429,0
2026-07-19 15:50:47,320,508,451,0
2026-07-19 15:50:48,324,494,475,0
2026-07-19 15:50:49,306,512,486,0
2026-07-19 15:50:50,290,510,485,0
2026-07-19 15:50:51,283,515,492,0
2026-07-19 15:50:52,290,500,469,0
2026-07-19 15:50:53,293,513,473,0
2026-07-19 15:50:54,285,520,471,0
2026-07-19 15:50:55,299,504,461,0
2026-07-19 15:50:56,279,520,467,0
2026-07-19 15:50:57,283,502,481,0
2026-07-19 15:50:58,307,495,462,0
2026-07-19 15:50:59,299,519,464,0
2026-07-19 15:51:00,296,521,480,0
2026-07-19 15:51:01,260,508,478,0
2026-07-19 15:51:02,321,518,485,0
2026-07-19 15:51:03,284,514,470,0
2026-07-19 15:51:04,309,514,476,0
2026-07-19 15:51:05,281,524,470,0
2026-07-19 15:51:06,281,509,465,0
2026-07-19 15:51:07,277,519,490,0
2026-07-19 15:51:08,289,504,465,0
2026-07-19 15:51:09,287,504,470,0
2026-07-19 15:51:10,316,507,476,0
2026-07-19 15:51:11,333,506,490,0
2026-07-19 15:51:12,340,510,460,0
2026-07-19 15:51:13,319,506,411,0
2026-07-19 15:51:14,336,521,401,0
2026-07-19 15:51:15,354,509,414,0
2026-07-19 15:51:16,353,516,429,0
2026-07-19 15:51:17,384,515,439,0
2026-07-19 15:51:18,332,522,474,0
2026-07-19 15:51:19,347,518,480,0
2026-07-19 15:51:20,339,513,490,0
2026-07-19 15:51:21,284,522,484,0
2026-07-19 15:51:22,298,514,486,0
2026-07-19 15:51:23,286,502,501,0
2026-07-19 15:51:24,274,518,517,0
2026-07-19 15:51:25,282,508,493,0
2026-07-19 15:51:26,340,503,527,0
2026-07-19 15:51:27,379,495,494,0
2026-07-19 15:51:28,341,506,471,0
2026-07-19 15:51:29,343,499,444,0
2026-07-19 15:51:30,369,505,455,0
2026-07-19 15:51:31,345,503,459,0
2026-07-19 15:51:32,383,522,453,0
2026-07-19 15:51:33,359,512,486,0
2026-07-19 15:51:34,334,501,463,0
2026-07-19 15:51:35,347,524,484,0
2026-07-19 15:51:36,363,523,476,0
2026-07-19 15:51:37,317,512,466,0
2026-07-19 15:51:38,264,508,479,0
2026-07-19 15:51:39,294,510,475,0
2026-07-19 15:51:40,288,513,480,0
2026-07-19 15:51:41,303,505,481,0
2026-07-19 15:51:42,313,505,484,0
2026-07-19 15:51:43,360,512,455,0
2026-07-19 15:51:44,354,514,418,0
2026-07-19 15:51:45,329,495,415,0
2026-07-19 15:51:46,347,507,405,0
2026-07-19 15:51:47,365,508,403,0
2026-07-19 15:51:48,342,520,415,0
2026-07-19 15:51:49,356,509,478,0
2026-07-19 15:51:50,376,509,451,0
2026-07-19 15:51:51,359,507,468,0
2026-07-19 15:51:52,336,517,472,0
2026-07-19 15:51:53,348,526,481,0
2026-07-19 15:51:54,289,516,488,0
2026-07-19 15:51:55,270,514,484,0
2026-07-19 15:51:56,276,508,485,0
2026-07-19 15:51:57,292,502,502,0
2026-07-19 15:51:58,296,497,507,0
2026-07-19 15:51:59,325,507,523,0
2026-07-19 15:52:00,354,507,478,0
2026-07-19 15:52:01,342,510,521,0
2026-07-19 15:52:02,358,517,489,0
2026-07-19 15:52:03,356,499,431,0
2026-07-19 15:52:04,353,527,469,0
2026-07-19 15:52:05,348,525,450,0
2026-07-19 15:52:06,376,524,462,0
2026-07-19 15:52:07,347,511,512,0
2026-07-19 15:52:08,372,512,472,0
2026-07-19 15:52:09,359,528,501,0
2026-07-19 15:52:10,339,515,467,0
2026-07-19 15:52:11,288,511,464,0
2026-07-19 15:52:12,265,525,490,0
2026-07-19 15:52:13,288,517,493,0
2026-07-19 15:52:14,295,508,488,0
2026-07-19 15:52:15,304,499,468,0
2026-07-19 15:52:16,343,507,482,0
2026-07-19 15:52:17,327,509,482,0
2026-07-19 15:52:18,338,499,426,0
2026-07-19 15:52:19,343,522,432,0
2026-07-19 15:52:20,380,516,408,0
2026-07-19 15:52:21,327,524,409,0
2026-07-19 15:52:22,321,513,442,0
2026-07-19 15:52:23,337,510,471,0
2026-07-19 15:52:24,336,508,453,0
2026-07-19 15:52:25,326,516,461,0
2026-07-19 15:52:26,332,507,464,0
2026-07-19 15:52:27,270,503,474,0
2026-07-19 15:52:28,294,516,473,0
2026-07-19 15:52:29,286,493,477,0
2026-07-19 15:52:30,257,512,516,0
2026-07-19 15:52:31,281,517,503,0
2026-07-19 15:52:32,323,502,513,0
2026-07-19 15:52:33,300,516,511,0
2026-07-19 15:52:34,353,506,546,0
2026-07-19 15:52:35,337,505,506,0
2026-07-19 15:52:36,350,511,521,0
2026-07-19 15:52:37,370,518,443,0
2026-07-19 15:52:38,366,523,457,0
2026-07-19 15:52:39,353,519,446,0
2026-07-19 15:52:40,340,527,446,0
2026-07-19 15:52:41,344,519,456,0
2026-07-19 15:52:42,364,508,456,0
2026-07-19 15:52:43,378,524,494,0
2026-07-19 15:52:44,386,516,510,0
2026-07-19 15:52:45,365,524,475,0
2026-07-19 15:52:46,386,519,472,0
2026-07-19 15:52:47,364,508,490,0
2026-07-19 15:52:48,328,508,480,0
2026-07-19 15:52:49,297,518,473,0
2026-07-19 15:52:50,288,510,467,0
2026-07-19 15:52:51,307,519,480,0
2026-07-19 15:52:52,272,516,469,0
2026-07-19 15:52:53,304,504,473,0
2026-07-19 15:52:54,300,509,480,0
2026-07-19 15:52:55,365,512,462,0
2026-07-19 15:52:56,367,522,441,0
2026-07-19 15:52:57,343,503,423,0
2026-07-19 15:52:58,355,487,408,0
2026-07-19 15:52:59,315,502,416,0
2026-07-19 15:53:00,369,506,418,0
2026-07-19 15:53:01,350,514,444,0
2026-07-19 15:53:02,341,512,457,0
2026-07-19 15:53:03,369,523,468,0
2026-07-19 15:53:04,396,517,457,0
2026-07-19 15:53:05,319,512,477,0
2026-07-19 15:53:06,290,522,465,0
2026-07-19 15:53:07,280,508,488,0
2026-07-19 15:53:08,283,504,506,0
2026-07-19 15:53:09,308,500,532,0
2026-07-19 15:53:10,272,498,528,0
2026-07-19 15:53:11,281,514,531,0
2026-07-19 15:53:12,305,497,526,0
2026-07-19 15:53:13,334,496,514,0
2026-07-19 15:53:14,348,517,487,0
2026-07-19 15:53:15,386,511,481,0
2026-07-19 15:53:16,374,513,487,0
2026-07-19 15:53:17,376,520,480,0
2026-07-19 15:53:18,339,494,443,0
2026-07-19 15:53:19,347,523,439,0
2026-07-19 15:53:20,365,519,454,0
2026-07-19 15:53:21,377,512,459,0
2026-07-19 15:53:22,355,530,441,0
2026-07-19 15:53:23,367,505,465,0
2026-07-19 15:53:24,346,505,486,0
2026-07-19 15:53:25,359,516,490,0
2026-07-19 15:53:26,384,530,480,0
2026-07-19 15:53:27,366,520,477,0
2026-07-19 15:53:28,384,511,484,0
2026-07-19 15:53:29,340,504,478,0
2026-07-19 15:53:30,333,520,473,0
2026-07-19 15:53:31,308,510,474,0
2026-07-19 15:53:32,282,522,471,0
2026-07-19 15:53:33,267,509,458,0
2026-07-19 15:53:34,296,506,468,0
2026-07-19 15:53:35,291,508,458,0
2026-07-19 15:53:36,294,499,476,0
2026-07-19 15:53:37,352,507,471,0
2026-07-19 15:53:38,365,505,425,0
2026-07-19 15:53:39,322,525,428,0
2026-07-19 15:53:40,374,504,415,0
2026-07-19 15:53:41,343,494,417,0
2026-07-19 15:53:42,341,501,410,0
2026-07-19 15:53:43,373,535,430,0
2026-07-19 15:53:44,351,518,456,0
2026-07-19 15:53:45,352,519,463,0
2026-07-19 15:53:46,342,520,459,0
2026-07-19 15:53:47,342,521,480,0
2026-07-19 15:53:48,299,523,485,0
2026-07-19 15:53:49,281,510,485,0
2026-07-19 15:53:50,299,512,484,0
2026-07-19 15:53:51,268,507,524,0
2026-07-19 15:53:52,306,503,516,0
2026-07-19 15:53:53,356,488,505,0
2026-07-19 15:53:54,345,523,475,0
2026-07-19 15:53:55,358,511,469,0
2026-07-19 15:53:56,351,536,448,0
2026-07-19 15:53:57,332,505,460,0
2026-07-19 15:53:58,387,530,458,0
2026-07-19 15:53:59,353,517,482,0
2026-07-19 15:54:00,383,514,497,0
2026-07-19 15:54:01,360,519,467,0
2026-07-19 15:54:02,342,514,482,0
2026-07-19 15:54:03,315,508,477,0
2026-07-19 15:54:04,299,517,470,0
2026-07-19 15:54:05,297,515,485,0
2026-07-19 15:54:06,280,506,471,0
2026-07-19 15:54:07,327,509,475,0
2026-07-19 15:54:08,330,513,473,0
2026-07-19 15:54:09,385,518,453,0
2026-07-19 15:54:10,353,506,414,0
2026-07-19 15:54:11,363,517,410,0
2026-07-19 15:54:12,361,515,419,0
2026-07-19 15:54:13,320,499,427,0
2026-07-19 15:54:14,372,505,441,0
2026-07-19 15:54:15,336,514,471,0
2026-07-19 15:54:16,329,515,471,0
2026-07-19 15:54:17,321,517,492,0
2026-07-19 15:54:18,299,511,488,0
2026-07-19 15:54:19,284,511,498,0
2026-07-19 15:54:20,276,504,501,0
2026-07-19 15:54:21,303,503,537,0
2026-07-19 15:54:22,335,508,519,0
2026-07-19 15:54:23,353,501,533,0
2026-07-19 15:54:24,332,502,522,0
2026-07-19 15:54:25,351,497,476,0
2026-07-19 15:54:26,343,541,473,0
2026-07-19 15:54:27,372,511,463,0
2026-07-19 15:54:28,336,526,461,0
2026-07-19 15:54:29,377,532,485,0
2026-07-19 15:54:30,379,521,530,0
2026-07-19 15:54:31,388,525,484,0
2026-07-19 15:54:32,346,508,483,0
2026-07-19 15:54:33,351,515,482,0
2026-07-19 15:54:34,308,509,483,0
2026-07-19 15:54:35,277,507,479,0
2026-07-19 15:54:36,290,498,475,0
2026-07-19 15:54:37,282,504,487,0
2026-07-19 15:54:38,320,516,469,0
2026-07-19 15:54:39,340,510,455,0
2026-07-19 15:54:40,327,500,396,0
2026-07-19 15:54:41,339,520,426,0
2026-07-19 15:54:42,357,520,422,0
2026-07-19 15:54:43,334,510,430,0
2026-07-19 15:54:44,361,522,443,0
2026-07-19 15:54:45,395,515,471,0
2026-07-19 15:54:46,379,503,480,0
2026-07-19 15:54:47,380,516,478,0
2026-07-19 15:54:48,307,523,472,0
2026-07-19 15:54:49,293,507,483,0
2026-07-19 15:54:50,267,518,504,0
2026-07-19 15:54:51,308,502,489,0
2026-07-19 15:54:52,279,500,508,0
2026-07-19 15:54:53,320,519,506,0
2026-07-19 15:54:54,366,509,532,0
2026-07-19 15:54:55,338,503,461,0
2026-07-19 15:54:56,368,523,456,0
2026-07-19 15:54:57,336,528,438,0
2026-07-19 15:54:58,347,509,464,0
2026-07-19 15:54:59,348,508,433,0
2026-07-19 15:55:00,392,510,479,0
2026-07-19 15:55:01,391,526,509,0
2026-07-19 15:55:02,358,511,463,0
2026-07-19 15:55:03,353,506,476,0
2026-07-19 15:55:04,315,506,480,0
2026-07-19 15:55:05,293,520,473,0
2026-07-19 15:55:06,308,520,487,0
2026-07-19 15:55:07,282,514,464,0
2026-07-19 15:55:08,299,507,470,0
2026-07-19 15:55:09,348,508,474,0
2026-07-19 15:55:10,368,514,452,0
2026-07-19 15:55:11,335,516,419,0
2026-07-19 15:55:12,358,509,445,0
2026-07-19 15:55:13,330,501,402,0
2026-07-19 15:55:14,329,521,415,0
2026-07-19 15:55:15,334,501,402,0
2026-07-19 15:55:16,327,506,418,0
2026-07-19 15:55:17,362,517,438,0
2026-07-19 15:55:18,327,510,453,0
2026-07-19 15:55:19,338,513,481,0
2026-07-19 15:55:20,377,516,477,0
2026-07-19 15:55:21,373,522,482,0
2026-07-19 15:55:22,320,516,490,0
2026-07-19 15:55:23,288,511,476,0
2026-07-19 15:55:24,293,508,488,0
2026-07-19 15:55:25,281,516,493,0
2026-07-19 15:55:26,278,508,510,0
2026-07-19 15:55:27,336,504,500,0
2026-07-19 15:55:28,333,503,499,0
2026-07-19 15:55:29,345,516,480,0
2026-07-19 15:55:30,366,501,457,0
2026-07-19 15:55:31,331,522,471,0
2026-07-19 15:55:32,353,528,464,0
2026-07-19 15:55:33,362,529,424,0
2026-07-19 15:55:34,377,519,491,0
2026-07-19 15:55:35,323,525,493,0
2026-07-19 15:55:36,359,528,465,0
2026-07-19 15:55:37,348,508,458,0
2026-07-19 15:55:38,351,521,465,0
2026-07-19 15:55:39,351,528,492,0
2026-07-19 15:55:40,337,516,470,0
2026-07-19 15:55:41,361,507,488,0
2026-07-19 15:55:42,376,521,480,0
2026-07-19 15:55:43,331,507,483,0
2026-07-19 15:55:44,338,531,487,0
2026-07-19 15:55:45,286,520,477,0
2026-07-19 15:55:46,304,519,476,0
2026-07-19 15:55:47,289,506,467,0
2026-07-19 15:55:48,303,518,471,0
2026-07-19 15:55:49,277,517,475,0
2026-07-19 15:55:50,283,509,492,0
2026-07-19 15:55:51,288,492,472,0
2026-07-19 15:55:52,294,506,474,0
2026-07-19 15:55:53,280,509,497,0
2026-07-19 15:55:54,284,508,488,0
2026-07-19 15:55:55,268,505,479,0
2026-07-19 15:55:56,290,519,464,0
2026-07-19 15:55:57,298,506,479,0
2026-07-19 15:55:58,288,505,485,0
2026-07-19 15:55:59,283,514,487,0
2026-07-19 15:56:00,279,519,473,0
2026-07-19 15:56:01,305,521,485,0
2026-07-19 15:56:02,254,510,481,0
2026-07-19 15:56:03,320,527,478,0
2026-07-19 15:56:04,342,522,486,0
2026-07-19 15:56:05,346,514,484,0
2026-07-19 15:56:06,389,520,499,0
2026-07-19 15:56:07,362,520,499,0
2026-07-19 15:56:08,386,512,506,0
2026-07-19 15:56:09,342,509,503,0
2026-07-19 15:56:10,365,533,501,0
2026-07-19 15:56:11,349,522,463,0
2026-07-19 15:56:12,345,523,463,0
2026-07-19 15:56:13,350,509,470,0
2026-07-19 15:56:14,364,502,458,0
2026-07-19 15:56:15,349,537,458,0
2026-07-19 15:56:16,338,522,513,0
2026-07-19 15:56:17,371,505,459,0
2026-07-19 15:56:18,343,497,467,0
2026-07-19 15:56:19,355,505,509,0
2026-07-19 15:56:20,355,498,546,0
2026-07-19 15:56:21,334,509,537,0
2026-07-19 15:56:22,327,494,545,0
2026-07-19 15:56:23,305,504,511,0
2026-07-19 15:56:24,295,506,518,0
2026-07-19 15:56:25,269,503,521,0
2026-07-19 15:56:26,282,512,484,0
2026-07-19 15:56:27,286,508,482,0
2026-07-19 15:56:28,294,509,503,0
2026-07-19 15:56:29,283,508,504,0
2026-07-19 15:56:30,292,506,527,0
2026-07-19 15:56:31,297,512,485,0
2026-07-19 15:56:32,309,516,474,0
2026-07-19 15:56:33,276,518,486,0
2026-07-19 15:56:34,278,514,507,0
2026-07-19 15:56:35,279,502,514,0
2026-07-19 15:56:36,291,506,487,0
2026-07-19 15:56:37,275,504,522,0
2026-07-19 15:56:38,320,506,517,0
2026-07-19 15:56:39,354,507,507,0
2026-07-19 15:56:40,319,510,479,0
2026-07-19 15:56:41,360,526,486,0
2026-07-19 15:56:42,341,513,459,0
2026-07-19 15:56:43,356,522,474,0
2026-07-19 15:56:44,354,529,458,0
2026-07-19 15:56:45,357,515,488,0
2026-07-19 15:56:46,371,525,474,0
2026-07-19 15:56:47,366,525,474,0
2026-07-19 15:56:48,360,509,469,0
2026-07-19 15:56:49,299,513,470,0
2026-07-19 15:56:50,284,514,467,0
2026-07-19 15:56:51,293,507,452,0
2026-07-19 15:56:52,294,509,489,0
2026-07-19 15:56:53,285,509,480,0
2026-07-19 15:56:54,322,509,482,0
2026-07-19 15:56:55,320,504,433,0
2026-07-19 15:56:56,344,521,406,0
2026-07-19 15:56:57,346,519,413,0
2026-07-19 15:56:58,366,531,404,0
2026-07-19 15:56:59,360,513,409,0
2026-07-19 15:57:00,351,518,452,0
2026-07-19 15:57:01,352,524,466,0
2026-07-19 15:57:02,341,511,460,0
2026-07-19 15:57:03,393,513,476,0
2026-07-19 15:57:04,308,513,486,0
2026-07-19 15:57:05,277,520,491,0
2026-07-19 15:57:06,300,492,466,0
2026-07-19 15:57:07,293,500,517,0
2026-07-19 15:57:08,263,497,501,0
2026-07-19 15:57:09,334,499,485,0
2026-07-19 15:57:10,325,515,505,0
2026-07-19 15:57:11,321,513,490,0
2026-07-19 15:57:12,365,493,456,0
2026-07-19 15:57:13,362,495,469,0
2026-07-19 15:57:14,347,495,454,0
2026-07-19 15:57:15,377,529,459,0
2026-07-19 15:57:16,377,521,466,0
2026-07-19 15:57:17,340,514,456,0
2026-07-19 15:57:18,356,523,484,0
2026-07-19 15:57:19,343,524,491,0
2026-07-19 15:57:20,398,515,458,0
2026-07-19 15:57:21,369,509,494,0
2026-07-19 15:57:22,343,506,492,0
2026-07-19 15:57:23,365,507,486,0
2026-07-19 15:57:24,367,532,499,0
2026-07-19 15:57:25,334,520,458,0
2026-07-19 15:57:26,332,531,481,0
2026-07-19 15:57:27,362,515,472,0
2026-07-19 15:57:28,376,506,490,0
2026-07-19 15:57:29,355,520,489,0
2026-07-19 15:57:30,357,515,481,0
2026-07-19 15:57:31,379,522,475,0
2026-07-19 15:57:32,370,514,453,0
2026-07-19 15:57:33,347,530,470,0
2026-07-19 15:57:34,376,520,499,0
2026-07-19 15:57:35,388,512,472,0
2026-07-19 15:57:36,372,520,448,0
2026-07-19 15:57:37,379,506,439,0
2026-07-19 15:57:38,327,527,463,0
2026-07-19 15:57:39,371,493,470,0
2026-07-19 15:57:40,339,512,517,0
2026-07-19 15:57:41,343,499,524,0
2026-07-19 15:57:42,282,501,506,0
2026-07-19 15:57:43,295,512,501,0
2026-07-19 15:57:44,294,510,495,0
2026-07-19 15:57:45,292,516,490,0
2026-07-19 15:57:46,326,508,491,0
2026-07-19 15:57:47,391,508,457,0
2026-07-19 15:57:48,315,519,475,0
2026-07-19 15:57:49,371,509,479,0
2026-07-19 15:57:50,360,520,437,0
2026-07-19 15:57:51,347,518,429,0
2026-07-19 15:57:52,324,498,427,0
2026-07-19 15:57:53,372,519,399,0
2026-07-19 15:57:54,356,510,418,0
2026-07-19 15:57:55,355,499,467,0
2026-07-19 15:57:56,333,511,491,0
2026-07-19 15:57:57,305,509,468,0
2026-07-19 15:57:58,266,506,495,0
2026-07-19 15:57:59,272,518,474,0
2026-07-19 15:58:00,287,504,480,0
2026-07-19 15:58:01,300,516,474,0
2026-07-19 15:58:02,359,510,482,0
2026-07-19 15:58:03,360,530,497,0
2026-07-19 15:58:04,383,528,474,0
2026-07-19 15:58:05,347,502,476,0
2026-07-19 15:58:06,372,529,465,0
2026-07-19 15:58:07,351,531,469,0
2026-07-19 15:58:08,349,526,473,0
2026-07-19 15:58:09,376,516,447,0
2026-07-19 15:58:10,356,523,464,0
2026-07-19 15:58:11,344,519,510,0
2026-07-19 15:58:12,347,507,467,0
2026-07-19 15:58:13,383,509,518,0
2026-07-19 15:58:14,338,506,530,0
2026-07-19 15:58:15,282,513,555,0
2026-07-19 15:58:16,264,510,513,0
2026-07-19 15:58:17,288,506,540,0
2026-07-19 15:58:18,274,506,492,0
2026-07-19 15:58:19,278,504,498,0
2026-07-19 15:58:20,287,516,494,0
2026-07-19 15:58:21,297,510,479,0
2026-07-19 15:58:22,292,505,461,0
2026-07-19 15:58:23,294,514,497,0
2026-07-19 15:58:24,321,520,505,0
2026-07-19 15:58:25,333,506,478,0
2026-07-19 15:58:26,357,516,460,0
2026-07-19 15:58:27,359,515,473,0
2026-07-19 15:58:28,324,516,468,0
2026-07-19 15:58:29,369,515,477,0
2026-07-19 15:58:30,323,514,459,0
2026-07-19 15:58:31,323,516,471,0
2026-07-19 15:58:32,359,514,482,0
2026-07-19 15:58:33,348,515,464,0
2026-07-19 15:58:34,355,514,448,0
2026-07-19 15:58:35,362,515,438,0
2026-07-19 15:58:36,367,517,416,0
2026-07-19 15:58:37,347,520,406,0
2026-07-19 15:58:38,359,525,407,0
2026-07-19 15:58:39,343,503,416,0
2026-07-19 15:58:40,369,528,411,0
2026-07-19 15:58:41,334,503,440,0
2026-07-19 15:58:42,337,505,474,0
2026-07-19 15:58:43,302,516,477,0
2026-07-19 15:58:44,276,517,469,0
2026-07-19 15:58:45,283,512,471,0
2026-07-19 15:58:46,294,520,477,0
2026-07-19 15:58:47,314,522,472,0
2026-07-19 15:58:48,312,521,465,0
2026-07-19 15:58:49,358,508,479,0
2026-07-19 15:58:50,352,524,491,0
2026-07-19 15:58:51,396,531,480,0
2026-07-19 15:58:52,357,517,473,0
2026-07-19 15:58:53,361,510,459,0
2026-07-19 15:58:54,376,530,437,0
2026-07-19 15:58:55,367,500,461,0
2026-07-19 15:58:56,339,523,464,0
2026-07-19 15:58:57,348,506,505,0
2026-07-19 15:58:58,339,508,504,0
2026-07-19 15:58:59,285,501,504,0
2026-07-19 15:59:00,276,509,507,0
2026-07-19 15:59:01,280,508,505,0
2026-07-19 15:59:02,277,511,492,0
2026-07-19 15:59:03,301,514,477,0
2026-07-19 15:59:04,359,512,472,0
2026-07-19 15:59:05,332,520,479,0
2026-07-19 15:59:06,369,508,466,0
2026-07-19 15:59:07,338,515,474,0
2026-07-19 15:59:08,350,516,427,0
2026-07-19 15:59:09,372,529,405,0
2026-07-19 15:59:10,322,514,425,0
2026-07-19 15:59:11,332,514,444,0
2026-07-19 15:59:12,335,511,471,0
2026-07-19 15:59:13,305,505,476,0
2026-07-19 15:59:14,308,507,484,0
2026-07-19 15:59:15,298,511,467,0
2026-07-19 15:59:16,283,519,478,0
2026-07-19 15:59:17,280,524,486,0
2026-07-19 15:59:18,342,517,474,0
2026-07-19 15:59:19,335,515,475,0
2026-07-19 15:59:20,370,502,505,0
2026-07-19 15:59:21,400,523,495,0
2026-07-19 15:59:22,357,506,466,0
2026-07-19 15:59:23,321,503,462,0
2026-07-19 15:59:24,350,520,402,0
2026-07-19 15:59:25,353,532,449,0
2026-07-19 15:59:26,349,509,448,0
2026-07-19 15:59:27,343,500,470,0
2026-07-19 15:59:28,367,514,440,0
2026-07-19 15:59:29,357,505,481,0
2026-07-19 15:59:30,318,504,498,0
2026-07-19 15:59:31,302,505,499,0
2026-07-19 15:59:32,296,506,525,0
2026-07-19 15:59:33,276,517,529,0
2026-07-19 15:59:34,298,527,521,0
2026-07-19 15:59:35,294,499,499,0
2026-07-19 15:59:36,297,520,483,0
2026-07-19 15:59:37,307,507,481,0
2026-07-19 15:59:38,285,501,497,0
2026-07-19 15:59:39,326,518,488,0
2026-07-19 15:59:40,336,505,476,0
2026-07-19 15:59:41,360,515,479,0
2026-07-19 15:59:42,337,526,486,0
2026-07-19 15:59:43,366,521,469,0
2026-07-19 15:59:44,373,522,443,0
2026-07-19 15:59:45,376,519,459,0
2026-07-19 15:59:46,382,517,450,0
2026-07-19 15:59:47,347,514,418,0
2026-07-19 15:59:48,352,529,421,0
2026-07-19 15:59:49,386,517,418,0
2026-07-19 15:59:50,362,528,419,0
2026-07-19 15:59:51,331,508,427,0
2026-07-19 15:59:52,346,514,483,0
2026-07-19 15:59:53,303,502,470,0
2026-07-19 15:59:54,296,506,468,0
2026-07-19 15:59:55,293,507,480,0
2026-07-19 15:59:56,312,517,485,0
2026-07-19 15:59:57,279,519,469,0
2026-07-19 15:59:58,336,511,498,0
2026-07-19 15:59:59,322,523,480,0
2026-07-19 16:00:00,329,516,474,0
2026-07-19 16:00:01,388,513,472,0
2026-07-19 16:00:02,393,509,463,0
2026-07-19 16:00:03,372,522,494,0
2026-07-19 16:00:04,353,511,491,0
2026-07-19 16:00:05,386,527,472,0
2026-07-19 16:00:06,355,508,476,0
2026-07-19 16:00:07,351,524,466,0
2026-07-19 16:00:08,371,508,471,0
2026-07-19 16:00:09,365,523,451,0
2026-07-19 16:00:10,347,505,504,0
2026-07-19 16:00:11,373,506,504,0
2026-07-19 16:00:12,348,511,525,0
2026-07-19 16:00:13,292,507,534,0
2026-07-19 16:00:14,281,505,503,0
2026-07-19 16:00:15,292,516,522,0
2026-07-19 16:00:16,296,510,480,0
2026-07-19 16:00:17,310,510,494,0
2026-07-19 16:00:18,358,511,478,0
2026-07-19 16:00:19,367,516,475,0
2026-07-19 16:00:20,388,516,469,0
2026-07-19 16:00:21,362,509,443,0
2026-07-19 16:00:22,358,523,417,0
2026-07-19 16:00:23,329,506,416,0
2026-07-19 16:00:24,364,533,414,0
2026-07-19 16:00:25,326,519,420,0
2026-07-19 16:00:26,336,513,470,0
2026-07-19 16:00:27,333,508,478,0
2026-07-19 16:00:28,279,506,469,0
2026-07-19 16:00:29,282,504,475,0
2026-07-19 16:00:30,314,505,485,0
2026-07-19 16:00:31,287,515,470,0
2026-07-19 16:00:32,338,524,485,0
2026-07-19 16:00:33,371,509,488,0
2026-07-19 16:00:34,392,522,496,0
2026-07-19 16:00:35,387,507,483,0
2026-07-19 16:00:36,351,524,481,0
2026-07-19 16:00:37,351,514,425,0
2026-07-19 16:00:38,348,496,473,0
2026-07-19 16:00:39,378,499,467,0
2026-07-19 16:00:40,363,505,472,0
2026-07-19 16:00:41,353,507,536,0
2026-07-19 16:00:42,307,501,508,0
2026-07-19 16:00:43,285,492,553,0
2026-07-19 16:00:44,293,511,466,0
2026-07-19 16:00:45,306,526,501,0
2026-07-19 16:00:46,326,511,481,0
2026-07-19 16:00:47,349,516,469,0
2026-07-19 16:00:48,323,527,461,0
2026-07-19 16:00:49,327,524,465,0
2026-07-19 16:00:50,312,501,427,0
2026-07-19 16:00:51,357,503,407,0
2026-07-19 16:00:52,337,515,404,0
2026-07-19 16:00:53,328,527,406,0
2026-07-19 16:00:54,387,521,448,0
2026-07-19 16:00:55,340,510,470,0
2026-07-19 16:00:56,315,515,464,0
2026-07-19 16:00:57,279,510,463,0
2026-07-19 16:00:58,278,511,469,0
2026-07-19 16:00:59,278,523,480,0
2026-07-19 16:01:00,305,511,479,0
2026-07-19 16:01:01,371,521,492,0
2026-07-19 16:01:02,380,523,465,0
2026-07-19 16:01:03,376,512,502,0
2026-07-19 16:01:04,354,515,479,0
2026-07-19 16:01:05,362,514,448,0
2026-07-19 16:01:06,368,508,457,0
2026-07-19 16:01:07,339,534,451,0
2026-07-19 16:01:08,377,498,451,0
2026-07-19 16:01:09,376,504,506,0
2026-07-19 16:01:10,338,513,497,0
2026-07-19 16:01:11,277,500,558,0
2026-07-19 16:01:12,281,508,529,0
2026-07-19 16:01:13,290,514,473,0
2026-07-19 16:01:14,302,519,488,0
2026-07-19 16:01:15,320,503,474,0
2026-07-19 16:01:16,381,519,482,0
2026-07-19 16:01:17,396,512,476,0
2026-07-19 16:01:18,380,507,443,0
2026-07-19 16:01:19,349,527,427,0
2026-07-19 16:01:20,323,522,417,0
2026-07-19 16:01:21,351,524,396,0
2026-07-19 16:01:22,334,504,417,0
2026-07-19 16:01:23,324,509,454,0
2026-07-19 16:01:24,325,512,476,0
2026-07-19 16:01:25,320,512,490,0
2026-07-19 16:01:26,287,512,490,0
2026-07-19 16:01:27,289,523,461,0
2026-07-19 16:01:28,282,527,475,0
2026-07-19 16:01:29,323,535,478,0
2026-07-19 16:01:30,384,498,478,0
2026-07-19 16:01:31,312,515,486,0
2026-07-19 16:01:32,364,503,502,0
2026-07-19 16:01:33,405,522,453,0
2026-07-19 16:01:34,365,509,425,0
2026-07-19 16:01:35,342,512,448,0
2026-07-19 16:01:36,343,534,444,0
2026-07-19 16:01:37,355,501,479,0
2026-07-19 16:01:38,360,502,508,0
2026-07-19 16:01:39,334,502,524,0
2026-07-19 16:01:40,274,504,526,0
2026-07-19 16:01:41,287,521,534,0
2026-07-19 16:01:42,284,514,498,0
2026-07-19 16:01:43,287,514,475,0
2026-07-19 16:01:44,281,510,505,0
2026-07-19 16:01:45,332,514,492,0
2026-07-19 16:01:46,321,519,476,0
2026-07-19 16:01:47,355,519,467,0
2026-07-19 16:01:48,363,532,434,0
2026-07-19 16:01:49,373,508,465,0
2026-07-19 16:01:50,348,527,433,0
2026-07-19 16:01:51,350,513,418,0
2026-07-19 16:01:52,336,520,428,0
2026-07-19 16:01:53,371,508,411,0
2026-07-19 16:01:54,363,494,412,0
2026-07-19 16:01:55,316,512,418,0
2026-07-19 16:01:56,376,515,449,0
2026-07-19 16:01:57,335,511,479,0
2026-07-19 16:01:58,334,503,477,0
2026-07-19 16:01:59,330,508,478,0
2026-07-19 16:02:00,289,503,475,0
2026-07-19 16:02:01,310,514,466,0
2026-07-19 16:02:02,279,506,483,0
2026-07-19 16:02:03,289,506,487,0
2026-07-19 16:02:04,286,513,489,0
2026-07-19 16:02:05,291,503,486,0
2026-07-19 16:02:06,285,511,482,0
2026-07-19 16:02:07,289,516,484,0
2026-07-19 16:02:08,275,507,474,0
2026-07-19 16:02:09,299,507,476,0
2026-07-19 16:02:10,292,509,481,0
2026-07-19 16:02:11,302,508,471,0
2026-07-19 16:02:12,369,504,482,0
2026-07-19 16:02:13,333,507,453,0
2026-07-19 16:02:14,310,522,429,0
2026-07-19 16:02:15,317,510,403,0
2026-07-19 16:02:16,312,530,417,0
2026-07-19 16:02:17,359,529,415,0
2026-07-19 16:02:18,373,515,416,0
2026-07-19 16:02:19,377,519,438,0
2026-07-19 16:02:20,347,516,446,0
2026-07-19 16:02:21,374,516,459,0
2026-07-19 16:02:22,339,519,470,0
2026-07-19 16:02:23,315,512,482,0
2026-07-19 16:02:24,306,514,508,0
2026-07-19 16:02:25,298,517,510,0
2026-07-19 16:02:26,294,507,528,0
2026-07-19 16:02:27,288,494,482,0
2026-07-19 16:02:28,313,502,510,0
2026-07-19 16:02:29,354,506,508,0
2026-07-19 16:02:30,355,500,484,0
2026-07-19 16:02:31,342,515,441,0
2026-07-19 16:02:32,378,517,446,0
2026-07-19 16:02:33,346,525,446,0
2026-07-19 16:02:34,339,521,447,0
2026-07-19 16:02:35,360,504,506,0
2026-07-19 16:02:36,349,518,485,0
2026-07-19 16:02:37,380,506,476,0
2026-07-19 16:02:38,332,509,477,0
2026-07-19 16:02:39,313,533,466,0
2026-07-19 16:02:40,285,513,488,0
2026-07-19 16:02:41,302,508,477,0
2026-07-19 16:02:42,296,524,477,0
2026-07-19 16:02:43,311,512,486,0
2026-07-19 16:02:44,323,511,467,0
2026-07-19 16:02:45,361,508,445,0
2026-07-19 16:02:46,334,516,433,0
2026-07-19 16:02:47,320,533,417,0
2026-07-19 16:02:48,326,537,423,0
2026-07-19 16:02:49,366,513,421,0
2026-07-19 16:02:50,364,515,411,0
2026-07-19 16:02:51,367,512,438,0
2026-07-19 16:02:52,342,535,428,0
2026-07-19 16:02:53,322,512,466,0
2026-07-19 16:02:54,329,516,462,0
2026-07-19 16:02:55,370,528,462,0
2026-07-19 16:02:56,344,513,468,0
2026-07-19 16:02:57,339,517,483,0
2026-07-19 16:02:58,350,522,477,0
2026-07-19 16:02:59,313,509,465,0
2026-07-19 16:03:00,319,521,470,0
2026-07-19 16:03:01,333,521,476,0
2026-07-19 16:03:02,295,516,480,0
2026-07-19 16:03:03,296,509,476,0
2026-07-19 16:03:04,288,512,492,0
2026-07-19 16:03:05,291,500,491,0
2026-07-19 16:03:06,306,519,491,0
2026-07-19 16:03:07,297,508,467,0
2026-07-19 16:03:08,302,512,483,0
2026-07-19 16:03:09,287,513,497,0
2026-07-19 16:03:10,312,519,499,0
2026-07-19 16:03:11,286,509,509,0
2026-07-19 16:03:12,277,518,504,0
2026-07-19 16:03:13,290,517,521,0
2026-07-19 16:03:14,288,509,501,0
2026-07-19 16:03:15,281,492,490,0
2026-07-19 16:03:16,288,523,493,0
2026-07-19 16:03:17,271,518,517,0
2026-07-19 16:03:18,270,503,546,0
2026-07-19 16:03:19,312,506,526,0
2026-07-19 16:03:20,327,507,523,0
2026-07-19 16:03:21,320,504,491,0
2026-07-19 16:03:22,332,509,497,0
2026-07-19 16:03:23,289,506,501,0
2026-07-19 16:03:24,349,504,502,0
2026-07-19 16:03:25,392,510,472,0
2026-07-19 16:03:26,354,498,455,0
2026-07-19 16:03:27,352,500,471,0
2026-07-19 16:03:28,356,511,446,0
2026-07-19 16:03:29,361,528,470,0
2026-07-19 16:03:30,393,509,453,0
2026-07-19 16:03:31,363,511,460,0
2026-07-19 16:03:32,381,509,478,0
2026-07-19 16:03:33,388,528,477,0
2026-07-19 16:03:34,343,522,481,0
2026-07-19 16:03:35,354,533,498,0
2026-07-19 16:03:36,353,509,459,0
2026-07-19 16:03:37,320,511,475,0
2026-07-19 16:03:38,289,516,483,0
2026-07-19 16:03:39,292,515,455,0
2026-07-19 16:03:40,283,518,478,0
2026-07-19 16:03:41,276,505,465,0
2026-07-19 16:03:42,297,505,474,0
2026-07-19 16:03:43,349,511,460,0
2026-07-19 16:03:44,344,506,427,0
2026-07-19 16:03:45,342,511,412,0
2026-07-19 16:03:46,366,522,407,0
2026-07-19 16:03:47,332,511,408,0
2026-07-19 16:03:48,350,519,422,0
2026-07-19 16:03:49,387,526,459,0
2026-07-19 16:03:50,352,517,470,0
2026-07-19 16:03:51,342,513,469,0
2026-07-19 16:03:52,308,514,477,0
2026-07-19 16:03:53,329,509,475,0
2026-07-19 16:03:54,296,509,494,0
2026-07-19 16:03:55,281,517,511,0
2026-07-19 16:03:56,281,514,510,0
2026-07-19 16:03:57,287,506,528,0
2026-07-19 16:03:58,285,508,519,0
2026-07-19 16:03:59,278,495,506,0
2026-07-19 16:04:00,339,508,514,0
2026-07-19 16:04:01,345,516,516,0
2026-07-19 16:04:02,363,502,488,0
2026-07-19 16:04:03,377,499,484,0
2026-07-19 16:04:04,354,504,448,0
2026-07-19 16:04:05,344,508,480,0
2026-07-19 16:04:06,343,519,431,0
2026-07-19 16:04:07,336,520,460,0
2026-07-19 16:04:08,374,516,457,0
2026-07-19 16:04:09,341,509,500,0
2026-07-19 16:04:10,377,532,489,0
2026-07-19 16:04:11,343,522,483,0
2026-07-19 16:04:12,314,520,458,0
2026-07-19 16:04:13,301,523,470,0
2026-07-19 16:04:14,291,510,478,0
2026-07-19 16:04:15,282,509,496,0
2026-07-19 16:04:16,260,515,463,0
2026-07-19 16:04:17,323,504,488,0
2026-07-19 16:04:18,348,515,487,0
2026-07-19 16:04:19,343,519,451,0
2026-07-19 16:04:20,351,503,425,0
2026-07-19 16:04:21,362,528,414,0
2026-07-19 16:04:22,363,511,411,0
2026-07-19 16:04:23,380,520,419,0
2026-07-19 16:04:24,347,517,417,0
2026-07-19 16:04:25,366,517,441,0
2026-07-19 16:04:26,345,512,452,0
2026-07-19 16:04:27,325,517,461,0
2026-07-19 16:04:28,355,510,464,0
2026-07-19 16:04:29,356,518,454,0
2026-07-19 16:04:30,330,523,473,0
2026-07-19 16:04:31,336,509,467,0
2026-07-19 16:04:32,354,517,489,0
2026-07-19 16:04:33,337,523,486,0
2026-07-19 16:04:34,361,514,464,0
2026-07-19 16:04:35,363,515,481,0
2026-07-19 16:04:36,343,509,479,0
2026-07-19 16:04:37,400,512,452,0
2026-07-19 16:04:38,319,509,459,0
2026-07-19 16:04:39,329,517,462,0
2026-07-19 16:04:40,342,524,451,0
2026-07-19 16:04:41,364,517,462,0
2026-07-19 16:04:42,323,516,433,0
2026-07-19 16:04:43,334,513,430,0
2026-07-19 16:04:44,323,508,417,0
2026-07-19 16:04:45,348,527,399,0
2026-07-19 16:04:46,362,521,404,0
2026-07-19 16:04:47,376,525,411,0
2026-07-19 16:04:48,334,509,421,0
2026-07-19 16:04:49,363,507,466,0
2026-07-19 16:04:50,286,512,490,0
2026-07-19 16:04:51,273,506,477,0
2026-07-19 16:04:52,299,517,478,0
2026-07-19 16:04:53,296,517,481,0
2026-07-19 16:04:54,313,520,483,0
2026-07-19 16:04:55,334,521,480,0
2026-07-19 16:04:56,360,500,475,0
2026-07-19 16:04:57,402,503,489,0
2026-07-19 16:04:58,356,534,500,0
2026-07-19 16:04:59,333,521,467,0
2026-07-19 16:05:00,369,527,482,0
2026-07-19 16:05:01,384,523,482,0
2026-07-19 16:05:02,330,532,461,0
2026-07-19 16:05:03,335,518,501,0
2026-07-19 16:05:04,340,510,480,0
2026-07-19 16:05:05,342,508,511,0
2026-07-19 16:05:06,351,493,549,0
2026-07-19 16:05:07,302,504,504,0
2026-07-19 16:05:08,290,502,505,0
2026-07-19 16:05:09,285,489,486,0
2026-07-19 16:05:10,295,509,497,0
2026-07-19 16:05:11,288,518,494,0
2026-07-19 16:05:12,351,514,485,0
2026-07-19 16:05:13,304,526,468,0
2026-07-19 16:05:27,359,508,452,0
2026-07-19 16:05:27,360,510,455,0
2026-07-19 16:05:27,325,513,453,0
2026-07-19 16:05:27,369,521,433,0
2026-07-19 16:05:27,359,521,415,0
2026-07-19 16:05:27,351,523,427,0
2026-07-19 16:05:27,359,518,416,0
2026-07-19 16:05:27,346,520,437,0
2026-07-19 16:05:27,361,521,417,0
2026-07-19 16:05:27,337,511,417,0
2026-07-19 16:05:27,316,518,416,0
2026-07-19 16:05:27,353,511,411,0
2026-07-19 16:05:27,346,512,413,0
2026-07-19 16:05:27,353,504,435,0
2026-07-19 16:05:28,364,508,412,0
2026-07-19 16:05:29,347,510,412,0
2026-07-19 16:05:30,331,514,406,0
2026-07-19 16:05:31,353,526,407,0
2026-07-19 16:05:32,360,525,420,0
2026-07-19 16:05:33,363,519,408,0
2026-07-19 16:05:34,379,518,427,0
2026-07-19 16:05:35,330,520,425,0
2026-07-19 16:05:36,371,525,433,0
2026-07-19 16:05:37,322,527,449,0
2026-07-19 16:05:38,388,516,466,0
2026-07-19 16:05:39,375,521,473,0
2026-07-19 16:05:40,357,515,467,0
2026-07-19 16:05:41,315,517,474,0
2026-07-19 16:05:42,282,509,467,0
2026-07-19 16:05:43,289,520,491,0
2026-07-19 16:05:44,281,517,504,0
2026-07-19 16:05:45,273,498,520,0
2026-07-19 16:05:46,288,514,520,0
2026-07-19 16:05:47,313,507,548,0
2026-07-19 16:05:48,375,513,510,0
2026-07-19 16:05:49,344,521,472,0
2026-07-19 16:05:50,356,511,471,0
2026-07-19 16:05:51,363,530,491,0
2026-07-19 16:05:52,405,517,458,0
2026-07-19 16:05:53,329,516,469,0
2026-07-19 16:05:54,364,524,472,0
2026-07-19 16:05:55,348,501,510,0
2026-07-19 16:05:56,351,526,470,0
2026-07-19 16:05:57,316,503,466,0
2026-07-19 16:05:58,306,511,468,0
2026-07-19 16:05:59,302,521,467,0
2026-07-19 16:06:00,290,519,474,0
2026-07-19 16:06:01,276,503,487,0
2026-07-19 16:06:02,313,507,478,0
2026-07-19 16:06:03,350,511,470,0
2026-07-19 16:06:04,333,509,452,0
2026-07-19 16:06:05,308,502,419,0
2026-07-19 16:06:06,332,509,413,0
2026-07-19 16:06:07,332,528,421,0
2026-07-19 16:06:08,358,520,428,0
2026-07-19 16:06:09,327,520,417,0
2026-07-19 16:06:10,322,510,410,0
2026-07-19 16:06:11,362,521,431,0
2026-07-19 16:06:12,353,525,425,0
2026-07-19 16:06:13,332,528,429,0
2026-07-19 16:06:14,350,515,454,0
2026-07-19 16:06:15,340,517,452,0
2026-07-19 16:06:16,334,515,456,0
2026-07-19 16:06:17,363,514,470,0
2026-07-19 16:06:18,330,522,450,0
2026-07-19 16:06:19,325,507,449,0
2026-07-19 16:06:20,370,515,438,0
2026-07-19 16:06:21,336,510,460,0
2026-07-19 16:06:22,355,520,442,0
2026-07-19 16:06:23,368,505,440,0
2026-07-19 16:06:24,352,520,435,0
2026-07-19 16:06:25,335,513,425,0
2026-07-19 16:06:26,337,516,430,0
2026-07-19 16:06:27,308,519,429,0
2026-07-19 16:06:28,368,530,395,0
2026-07-19 16:06:29,341,518,410,0
2026-07-19 16:06:30,357,514,418,0
2026-07-19 16:06:31,317,502,408,0
2026-07-19 16:06:32,360,516,418,0
2026-07-19 16:06:33,327,514,444,0
2026-07-19 16:06:34,383,521,458,0
2026-07-19 16:06:35,340,514,489,0
2026-07-19 16:06:36,308,512,460,0
2026-07-19 16:06:37,299,514,482,0
2026-07-19 16:06:38,285,509,480,0
2026-07-19 16:06:39,302,511,473,0
2026-07-19 16:06:40,299,518,470,0
2026-07-19 16:06:41,318,525,489,0
2026-07-19 16:06:42,353,522,464,0
2026-07-19 16:06:49,369,509,477,0
2026-07-19 16:06:50,347,511,506,0
2026-07-19 16:06:50,361,508,477,0
2026-07-19 16:06:50,341,508,465,0
2026-07-19 16:06:51,343,526,470,0
2026-07-19 16:06:51,343,533,463,0
2026-07-19 16:06:51,357,507,468,0
2026-07-19 16:06:52,348,507,509,0
2026-07-19 16:06:54,336,508,508,0
2026-07-19 16:06:54,295,504,528,0
2026-07-19 16:06:54,291,499,544,0
2026-07-19 16:06:55,276,507,497,0
2026-07-19 16:06:55,295,513,518,0
2026-07-19 16:06:56,277,510,488,0
2026-07-19 16:06:57,285,521,492,0
2026-07-19 16:06:58,316,518,487,0
2026-07-19 16:06:59,304,520,471,0
2026-07-19 16:07:00,330,517,468,0
2026-07-19 16:07:01,325,518,467,0
2026-07-19 16:07:02,336,520,485,0
2026-07-19 16:07:03,288,523,482,0
2026-07-19 16:07:04,306,517,498,0
2026-07-19 16:07:05,284,521,479,0
2026-07-19 16:07:06,290,510,500,0
2026-07-19 16:07:07,283,518,512,0
2026-07-19 16:07:08,290,498,507,0
2026-07-19 16:07:09,351,499,516,0
2026-07-19 16:07:10,381,503,476,0
2026-07-19 16:07:11,371,528,482,0
2026-07-19 16:07:12,368,508,469,0
2026-07-19 16:07:13,338,505,432,0
2026-07-19 16:07:14,347,521,468,0
2026-07-19 16:07:15,343,515,515,0
2026-07-19 16:07:16,350,504,496,0
2026-07-19 16:07:17,371,525,472,0
2026-07-19 16:07:18,329,522,479,0
2026-07-19 16:07:19,288,504,488,0
2026-07-19 16:07:20,265,519,476,0
2026-07-19 16:07:21,276,498,491,0
2026-07-19 16:07:22,290,510,466,0
2026-07-19 16:07:23,290,506,472,0
2026-07-19 16:07:24,343,505,483,0
2026-07-19 16:07:25,332,504,439,0
2026-07-19 16:07:26,328,502,431,0
2026-07-19 16:07:27,331,522,413,0
2026-07-19 16:07:28,350,525,411,0
2026-07-19 16:07:29,373,513,446,0
2026-07-19 16:07:30,332,520,454,0
2026-07-19 16:07:31,348,522,457,0
2026-07-19 16:07:32,379,512,474,0
2026-07-19 16:07:33,325,513,481,0
2026-07-19 16:07:34,294,512,515,0
2026-07-19 16:07:35,280,517,507,0
2026-07-19 16:07:36,267,497,516,0
2026-07-19 16:07:37,271,510,520,0
2026-07-19 16:07:38,339,514,542,0
2026-07-19 16:07:39,334,512,523,0
2026-07-19 16:07:40,344,506,467,0
2026-07-19 16:07:41,368,520,465,0
2026-07-19 16:07:42,336,511,446,0
2026-07-19 16:07:43,358,508,480,0
2026-07-19 16:07:44,345,528,468,0
2026-07-19 16:07:45,347,533,477,0
2026-07-19 16:07:46,343,518,477,0
2026-07-19 16:07:47,360,508,471,0
2026-07-19 16:07:48,384,525,482,0
2026-07-19 16:07:49,356,509,486,0
2026-07-19 16:07:50,323,526,482,0
2026-07-19 16:07:51,315,520,486,0
2026-07-19 16:07:52,289,512,483,0
2026-07-19 16:07:53,266,516,468,0
2026-07-19 16:07:54,289,515,494,0
2026-07-19 16:07:55,327,503,489,0
2026-07-19 16:07:56,339,511,477,0
2026-07-19 16:07:57,335,511,440,0
2026-07-19 16:07:58,359,513,443,0
2026-07-19 16:07:59,373,523,405,0
2026-07-19 16:08:00,331,520,419,0
2026-07-19 16:08:01,349,516,427,0
2026-07-19 16:08:02,321,521,463,0
2026-07-19 16:08:03,331,520,473,0
2026-07-19 16:08:04,364,509,486,0
2026-07-19 16:08:05,347,510,473,0
2026-07-19 16:08:06,302,521,488,0
2026-07-19 16:08:07,289,516,500,0
2026-07-19 16:08:08,289,508,509,0
2026-07-19 16:08:09,301,522,513,0
2026-07-19 16:08:10,293,512,509,0
2026-07-19 16:08:11,295,518,543,0
2026-07-19 16:08:12,300,508,494,0
2026-07-19 16:08:13,300,506,503,0
2026-07-19 16:08:14,288,505,520,0
2026-07-19 16:08:15,266,490,523,0
2026-07-19 16:08:16,297,504,526,0
2026-07-19 16:08:17,291,521,539,0
2026-07-19 16:08:18,302,510,533,0
2026-07-19 16:08:19,313,510,493,0
2026-07-19 16:08:20,355,511,518,0
2026-07-19 16:08:21,347,505,505,0
2026-07-19 16:08:22,392,512,521,0
2026-07-19 16:08:23,358,506,492,0
2026-07-19 16:08:24,364,511,455,0
2026-07-19 16:08:25,370,509,508,0
2026-07-19 16:08:26,362,502,480,0
2026-07-19 16:08:27,352,519,487,0
2026-07-19 16:08:28,348,502,482,0
2026-07-19 16:08:29,360,504,446,0
2026-07-19 16:08:30,354,522,449,0
2026-07-19 16:08:31,343,532,429,0
2026-07-19 16:08:32,337,508,461,0
2026-07-19 16:08:33,345,504,458,0
2026-07-19 16:08:34,356,525,472,0
2026-07-19 16:08:35,328,520,499,0
2026-07-19 16:08:36,370,521,449,0
2026-07-19 16:08:37,340,508,473,0
2026-07-19 16:08:38,353,521,465,0
2026-07-19 16:08:39,376,529,441,0
2026-07-19 16:08:40,351,527,445,0
2026-07-19 16:08:41,323,526,432,0
2026-07-19 16:08:42,363,511,433,0
2026-07-19 16:08:43,341,512,441,0
2026-07-19 16:08:44,326,511,469,0
2026-07-19 16:08:45,334,529,481,0
2026-07-19 16:08:46,369,504,432,0
2026-07-19 16:08:47,326,510,442,0
2026-07-19 16:08:48,359,526,461,0
2026-07-19 16:08:49,349,516,492,0
2026-07-19 16:08:50,385,524,480,0
2026-07-19 16:08:51,383,512,490,0
2026-07-19 16:08:52,305,522,473,0
2026-07-19 16:08:53,308,517,472,0
2026-07-19 16:08:54,289,517,485,0
2026-07-19 16:08:55,290,506,484,0
2026-07-19 16:08:56,297,508,479,0
2026-07-19 16:08:57,285,509,472,0
2026-07-19 16:08:58,313,503,477,0
2026-07-19 16:08:59,367,504,449,0
2026-07-19 16:09:00,368,507,433,0
2026-07-19 16:09:01,348,512,403,0
2026-07-19 16:09:02,328,520,417,0
2026-07-19 16:09:03,354,515,425,0
2026-07-19 16:09:04,395,523,450,0
2026-07-19 16:09:05,388,511,463,0
2026-07-19 16:09:06,373,521,464,0
2026-07-19 16:09:07,359,526,476,0
2026-07-19 16:09:08,324,518,491,0
2026-07-19 16:09:09,292,512,500,0
2026-07-19 16:09:10,278,510,518,0
2026-07-19 16:09:11,269,518,525,0
2026-07-19 16:09:12,280,515,504,0
2026-07-19 16:09:13,346,506,520,0
2026-07-19 16:09:14,342,512,476,0
2026-07-19 16:09:15,336,503,459,0
2026-07-19 16:09:16,336,509,439,0
2026-07-19 16:09:17,383,529,463,0
2026-07-19 16:09:18,374,522,463,0
2026-07-19 16:09:19,331,532,490,0
2026-07-19 16:09:20,405,505,520,0
2026-07-19 16:09:21,362,507,475,0
2026-07-19 16:09:22,352,517,469,0
2026-07-19 16:09:23,336,506,480,0
2026-07-19 16:09:24,296,525,480,0
2026-07-19 16:09:25,282,512,463,0
2026-07-19 16:09:26,280,515,479,0
2026-07-19 16:09:27,299,512,471,0
2026-07-19 16:09:28,329,509,477,0
2026-07-19 16:09:29,328,507,458,0
2026-07-19 16:09:30,375,508,436,0
2026-07-19 16:09:31,319,511,405,0
2026-07-19 16:09:32,345,527,409,0
2026-07-19 16:09:33,374,537,432,0
2026-07-19 16:09:34,340,521,430,0
2026-07-19 16:09:35,319,511,448,0
2026-07-19 16:09:36,382,509,448,0
2026-07-19 16:09:37,365,514,481,0
2026-07-19 16:09:38,347,503,483,0
2026-07-19 16:09:39,291,530,485,0
2026-07-19 16:09:40,305,514,481,0
2026-07-19 16:09:41,298,510,502,0
2026-07-19 16:09:42,295,507,537,0
2026-07-19 16:09:43,301,517,502,0
2026-07-19 16:09:44,281,506,537,0
2026-07-19 16:09:45,290,505,501,0
2026-07-19 16:09:48,361,494,493,0
2026-07-19 16:09:48,359,514,522,0
2026-07-19 16:09:48,352,515,481,0
2026-07-19 16:09:49,354,503,459,0
2026-07-19 16:09:50,373,527,446,0
2026-07-19 16:09:51,377,503,455,0
2026-07-19 16:09:52,382,532,440,0
2026-07-19 16:09:53,350,523,450,0
2026-07-19 16:09:54,384,520,475,0
2026-07-19 16:09:55,370,522,463,0
2026-07-19 16:09:56,377,531,468,0
2026-07-19 16:09:57,343,524,456,0
2026-07-19 16:09:58,342,515,474,0
2026-07-19 16:09:59,354,513,479,0
2026-07-19 16:10:00,359,517,478,0
2026-07-19 16:10:01,383,500,503,0
2026-07-19 16:10:02,406,523,493,0
2026-07-19 16:10:03,341,521,488,0
2026-07-19 16:10:04,373,519,485,0
2026-07-19 16:10:05,379,517,502,0
2026-07-19 16:10:06,354,512,479,0
2026-07-19 16:10:07,338,523,492,0
2026-07-19 16:10:08,357,511,473,0
2026-07-19 16:10:09,366,517,463,0
2026-07-19 16:10:10,343,538,502,0
2026-07-19 16:10:11,365,524,480,0
2026-07-19 16:10:12,346,523,472,0
2026-07-19 16:10:13,338,519,476,0
2026-07-19 16:10:14,313,523,485,0
2026-07-19 16:10:15,265,531,473,0
2026-07-19 16:10:16,305,508,470,0
2026-07-19 16:10:17,350,511,487,0
2026-07-19 16:10:18,283,520,483,0
2026-07-19 16:10:19,296,509,477,0
2026-07-19 16:10:20,281,511,475,0
2026-07-19 16:10:22,272,503,492,0
2026-07-19 16:10:22,283,505,489,0
2026-07-19 16:10:23,295,502,463,0
2026-07-19 16:10:24,302,516,463,0
2026-07-19 16:10:25,294,516,488,0
2026-07-19 16:10:26,294,516,470,0
2026-07-19 16:10:27,295,506,485,0
2026-07-19 16:10:28,276,505,482,0
2026-07-19 16:10:29,286,513,486,0
2026-07-19 16:10:30,269,514,486,0
2026-07-19 16:10:31,307,508,465,0
2026-07-19 16:10:32,282,507,470,0
2026-07-19 16:10:33,295,505,469,0
2026-07-19 16:10:34,274,505,494,0
2026-07-19 16:10:35,300,512,485,0
2026-07-19 16:10:36,289,512,485,0
2026-07-19 16:10:37,327,518,482,0
2026-07-19 16:10:38,292,508,478,0
2026-07-19 16:10:39,332,514,488,0
2026-07-19 16:10:40,296,515,485,0
2026-07-19 16:10:41,288,509,483,0
2026-07-19 16:10:42,330,506,478,0
2026-07-19 16:10:43,291,508,483,0
2026-07-19 16:10:44,293,502,500,0
2026-07-19 16:10:45,304,504,474,0
2026-07-19 16:10:46,289,507,474,0
2026-07-19 16:10:47,295,506,493,0
2026-07-19 16:10:48,286,511,487,0
2026-07-19 16:10:49,266,513,493,0
2026-07-19 16:10:50,297,509,471,0
2026-07-19 16:10:51,287,498,483,0
2026-07-19 16:10:52,274,515,483,0
2026-07-19 16:10:53,299,520,470,0
2026-07-19 16:10:54,277,511,467,0
2026-07-19 16:10:55,292,512,476,0
2026-07-19 16:10:56,290,509,481,0
2026-07-19 16:10:57,275,511,475,0
2026-07-19 16:10:58,284,523,474,0
2026-07-19 16:10:59,293,511,488,0
2026-07-19 16:11:00,279,502,467,0
2026-07-19 16:11:01,293,505,481,0
2026-07-19 16:11:02,290,511,471,0
2026-07-19 16:11:03,257,531,472,0
2026-07-19 16:11:04,289,522,480,0
2026-07-19 16:11:05,289,514,487,0
2026-07-19 16:11:06,279,518,462,0
2026-07-19 16:11:07,285,509,474,0
2026-07-19 16:11:08,294,509,476,0
2026-07-19 16:11:09,280,516,481,0
2026-07-19 16:11:10,288,513,462,0
2026-07-19 16:11:11,292,515,474,0
2026-07-19 16:11:12,299,512,475,0
2026-07-19 16:11:13,329,513,479,0
2026-07-19 16:11:14,345,512,456,0
2026-07-19 16:11:15,346,509,426,0
2026-07-19 16:11:16,376,524,419,0
2026-07-19 16:11:17,364,532,420,0
2026-07-19 16:11:18,330,520,439,0
2026-07-19 16:11:19,328,509,435,0
2026-07-19 16:11:20,371,518,456,0
2026-07-19 16:11:21,358,523,447,0
2026-07-19 16:11:22,347,516,465,0
2026-07-19 16:11:23,325,524,494,0
2026-07-19 16:11:24,289,523,470,0
2026-07-19 16:11:25,305,508,470,0
2026-07-19 16:11:26,276,495,516,0
2026-07-19 16:11:27,283,502,490,0
2026-07-19 16:11:28,313,497,495,0
2026-07-19 16:11:29,328,496,525,0
2026-07-19 16:11:30,330,507,464,0
2026-07-19 16:11:31,374,519,473,0
2026-07-19 16:11:32,375,510,434,0
2026-07-19 16:11:33,328,503,435,0
2026-07-19 16:11:34,409,518,472,0
2026-07-19 16:11:35,348,521,504,0
2026-07-19 16:11:36,361,506,478,0
2026-07-19 16:11:37,319,522,484,0
2026-07-19 16:11:38,316,516,483,0
2026-07-19 16:11:39,312,520,469,0
2026-07-19 16:11:40,287,506,459,0
2026-07-19 16:11:41,286,497,471,0
2026-07-19 16:11:42,304,504,473,0
2026-07-19 16:11:43,292,506,488,0
2026-07-19 16:11:44,329,516,487,0
2026-07-19 16:11:45,370,515,458,0
2026-07-19 16:11:46,371,518,429,0
2026-07-19 16:11:47,354,525,428,0
2026-07-19 16:11:48,370,503,422,0
2026-07-19 16:11:49,321,519,425,0
2026-07-19 16:11:50,389,513,465,0
2026-07-19 16:11:51,352,515,450,0
2026-07-19 16:11:52,357,523,452,0
2026-07-19 16:11:53,384,518,463,0
2026-07-19 16:11:54,330,519,473,0
2026-07-19 16:11:55,309,516,493,0
2026-07-19 16:11:58,289,524,508,0
2026-07-19 16:11:58,292,505,505,0
2026-07-19 16:11:58,296,506,490,0
2026-07-19 16:11:59,285,511,490,0
2026-07-19 16:12:00,298,521,554,0
2026-07-19 16:12:01,309,504,499,0
2026-07-19 16:12:02,344,513,528,0
2026-07-19 16:12:03,354,511,512,0
2026-07-19 16:12:04,335,511,497,0
2026-07-19 16:12:05,344,503,498,0
2026-07-19 16:12:06,360,505,459,0
2026-07-19 16:12:07,357,525,471,0
2026-07-19 16:12:08,340,515,468,0
2026-07-19 16:12:09,334,518,448,0
2026-07-19 16:12:10,378,528,477,0
2026-07-19 16:12:11,363,523,504,0
2026-07-19 16:12:12,396,520,457,0
2026-07-19 16:12:13,364,524,492,0
2026-07-19 16:12:14,395,530,453,0
2026-07-19 16:12:15,332,508,481,0
2026-07-19 16:12:16,337,521,485,0
2026-07-19 16:12:17,307,511,469,0
2026-07-19 16:12:18,283,520,483,0
2026-07-19 16:12:19,298,517,481,0
2026-07-19 16:12:20,291,510,487,0
2026-07-19 16:12:21,284,515,490,0
2026-07-19 16:12:22,287,508,476,0
2026-07-19 16:12:23,304,509,476,0
2026-07-19 16:12:24,314,514,484,0
2026-07-19 16:12:25,330,515,468,0
2026-07-19 16:12:26,354,512,455,0
2026-07-19 16:12:27,354,514,437,0
2026-07-19 16:12:28,375,503,420,0
2026-07-19 16:12:29,350,511,431,0
2026-07-19 16:12:30,341,524,398,0
2026-07-19 16:12:31,368,524,427,0
2026-07-19 16:12:32,360,516,420,0
2026-07-19 16:12:33,333,520,424,0
2026-07-19 16:12:34,351,531,437,0
2026-07-19 16:12:35,354,520,464,0
2026-07-19 16:12:36,324,525,463,0
2026-07-19 16:12:37,386,515,465,0
2026-07-19 16:12:38,345,513,486,0
2026-07-19 16:12:39,328,521,475,0
2026-07-19 16:12:40,322,524,499,0
2026-07-19 16:12:41,300,523,487,0
2026-07-19 16:12:42,308,507,479,0
2026-07-19 16:12:43,286,513,506,0
2026-07-19 16:12:44,303,511,480,0
2026-07-19 16:12:45,296,524,494,0
2026-07-19 16:12:46,282,515,531,0
2026-07-19 16:12:47,297,526,539,0
2026-07-19 16:12:48,276,504,510,0
2026-07-19 16:12:49,274,518,518,0
2026-07-19 16:12:50,275,516,542,0
2026-07-19 16:12:51,274,503,518,0
2026-07-19 16:12:52,300,516,519,0
2026-07-19 16:12:53,302,496,542,0
2026-07-19 16:12:54,270,520,510,0
2026-07-19 16:12:55,286,500,544,0
2026-07-19 16:12:56,293,507,496,0
2026-07-19 16:12:57,275,505,518,0
2026-07-19 16:12:58,285,509,501,0
2026-07-19 16:12:59,290,515,498,0
2026-07-19 16:13:00,279,525,515,0
2026-07-19 16:13:01,274,507,482,0
2026-07-19 16:13:02,310,518,496,0
2026-07-19 16:13:03,311,516,485,0
2026-07-19 16:13:04,375,502,478,0
2026-07-19 16:13:05,355,515,463,0
2026-07-19 16:13:06,387,517,456,0
2026-07-19 16:13:07,329,505,467,0
2026-07-19 16:13:08,347,504,474,0
2026-07-19 16:13:09,353,517,455,0
2026-07-19 16:13:10,362,519,432,0
2026-07-19 16:13:11,330,514,418,0
2026-07-19 16:13:12,361,514,413,0
2026-07-19 16:13:13,369,506,403,0
2026-07-19 16:13:14,343,517,409,0
2026-07-19 16:13:15,357,519,412,0
2026-07-19 16:13:16,343,512,405,0
2026-07-19 16:13:17,366,511,441,0
2026-07-19 16:13:18,337,519,481,0
2026-07-19 16:13:19,357,515,457,0
2026-07-19 16:13:20,306,510,477,0
2026-07-19 16:13:21,282,512,467,0
2026-07-19 16:13:22,288,518,495,0
2026-07-19 16:13:23,283,513,476,0
2026-07-19 16:13:24,299,518,478,0
2026-07-19 16:13:25,296,522,483,0
2026-07-19 16:13:26,296,508,475,0
2026-07-19 16:13:27,282,517,469,0
2026-07-19 16:13:28,309,522,478,0
2026-07-19 16:13:29,299,514,488,0
2026-07-19 16:13:30,352,524,484,0
2026-07-19 16:13:31,384,519,485,0
2026-07-19 16:13:32,356,529,485,0
2026-07-19 16:13:33,363,521,494,0
2026-07-19 16:13:34,376,502,501,0
2026-07-19 16:13:35,349,516,488,0
2026-07-19 16:13:36,384,523,485,0
2026-07-19 16:13:37,355,507,460,0
2026-07-19 16:13:38,330,526,445,0
2026-07-19 16:13:39,346,531,430,0
2026-07-19 16:13:40,341,515,472,0
2026-07-19 16:13:41,354,502,474,0
2026-07-19 16:13:42,332,501,464,0
2026-07-19 16:13:43,338,512,475,0
2026-07-19 16:13:44,318,528,460,0
2026-07-19 16:13:45,326,498,470,0
2026-07-19 16:13:46,379,506,452,0
2026-07-19 16:13:47,353,496,455,0
2026-07-19 16:13:48,357,522,478,0
2026-07-19 16:13:49,357,524,498,0
2026-07-19 16:13:50,357,527,463,0
2026-07-19 16:13:51,354,509,482,0
2026-07-19 16:13:52,348,519,460,0
2026-07-19 16:13:53,372,514,435,0
2026-07-19 16:13:54,382,523,447,0
2026-07-19 16:13:55,396,528,459,0
2026-07-19 16:13:56,384,521,454,0
2026-07-19 16:13:57,344,505,429,0
2026-07-19 16:13:58,351,518,483,0
2026-07-19 16:13:59,368,509,490,0
2026-07-19 16:14:00,381,507,490,0
2026-07-19 16:14:01,353,526,475,0
2026-07-19 16:14:02,360,531,474,0
2026-07-19 16:14:03,355,524,460,0
2026-07-19 16:14:04,313,521,477,0
2026-07-19 16:14:05,283,518,475,0
2026-07-19 16:14:06,286,521,479,0
2026-07-19 16:14:07,279,516,485,0
2026-07-19 16:14:08,283,503,492,0
2026-07-19 16:14:09,354,496,485,0
2026-07-19 16:14:10,379,505,464,0
2026-07-19 16:14:11,322,504,412,0
2026-07-19 16:14:12,321,528,425,0
2026-07-19 16:14:13,366,536,410,0
2026-07-19 16:14:14,324,527,426,0
2026-07-19 16:14:15,360,527,440,0
2026-07-19 16:14:16,366,512,474,0
2026-07-19 16:14:17,375,523,484,0
2026-07-19 16:14:18,362,511,481,0
2026-07-19 16:14:19,319,519,498,0
2026-07-19 16:14:20,274,511,500,0
2026-07-19 16:14:21,291,519,507,0
2026-07-19 16:14:22,292,502,506,0
2026-07-19 16:14:23,279,505,531,0
2026-07-19 16:14:24,332,504,496,0
2026-07-19 16:14:25,353,515,522,0
2026-07-19 16:14:26,387,497,482,0
2026-07-19 16:14:27,370,523,467,0
2026-07-19 16:14:28,380,531,448,0
2026-07-19 16:14:29,369,511,453,0
2026-07-19 16:14:30,381,527,479,0
2026-07-19 16:14:31,378,525,478,0
2026-07-19 16:14:32,364,511,498,0
2026-07-19 16:14:33,408,537,479,0
2026-07-19 16:14:34,341,513,480,0
2026-07-19 16:14:35,308,504,472,0
2026-07-19 16:14:36,270,519,468,0
2026-07-19 16:14:37,282,524,465,0
2026-07-19 16:14:38,283,515,481,0
2026-07-19 16:14:39,288,511,463,0
2026-07-19 16:14:40,301,511,486,0
2026-07-19 16:14:41,316,508,488,0
2026-07-19 16:14:42,323,507,474,0
2026-07-19 16:14:43,341,509,454,0
2026-07-19 16:14:44,339,512,437,0
2026-07-19 16:14:45,331,513,422,0
2026-07-19 16:14:46,341,503,434,0
2026-07-19 16:14:47,361,538,417,0
2026-07-19 16:14:48,357,506,423,0
2026-07-19 16:14:49,343,519,409,0
2026-07-19 16:14:50,354,507,416,0
2026-07-19 16:14:51,359,536,411,0
2026-07-19 16:14:52,356,523,412,0
2026-07-19 16:14:53,367,520,419,0
2026-07-19 16:14:54,372,516,409,0
2026-07-19 16:14:55,343,517,403,0
2026-07-19 16:14:56,320,500,435,0
2026-07-19 16:14:57,344,523,422,0
2026-07-19 16:14:58,331,505,438,0
2026-07-19 16:14:59,321,522,432,0
2026-07-19 16:15:00,347,509,455,0
2026-07-19 16:15:01,315,509,477,0
2026-07-19 16:15:02,320,515,467,0
2026-07-19 16:15:03,296,512,483,0
2026-07-19 16:15:04,302,505,489,0
2026-07-19 16:15:05,289,507,464,0
2026-07-19 16:15:06,286,512,482,0
2026-07-19 16:15:07,302,511,469,0
2026-07-19 16:15:08,293,506,478,0
2026-07-19 16:15:09,315,516,466,0
2026-07-19 16:15:10,340,507,473,0
2026-07-19 16:15:11,332,519,488,0
2026-07-19 16:15:12,342,517,489,0
2026-07-19 16:15:13,399,513,486,0
2026-07-19 16:15:14,385,524,515,0
2026-07-19 16:15:15,345,513,489,0
2026-07-19 16:15:16,381,508,514,0
2026-07-19 16:15:17,371,529,486,0
2026-07-19 16:15:18,326,510,453,0
2026-07-19 16:15:19,372,525,454,0
2026-07-19 16:15:20,324,519,441,0
2026-07-19 16:15:21,344,524,443,0
2026-07-19 16:15:22,348,518,462,0
2026-07-19 16:15:23,341,529,489,0
2026-07-19 16:15:24,334,519,482,0
2026-07-19 16:15:25,325,525,451,0
2026-07-19 16:15:26,313,515,446,0
2026-07-19 16:15:27,334,515,475,0
2026-07-19 16:15:28,334,510,443,0
2026-07-19 16:15:29,342,508,408,0
2026-07-19 16:15:30,337,519,448,0
2026-07-19 16:15:31,324,522,492,0
2026-07-19 16:15:32,352,521,464,0
2026-07-19 16:15:33,380,531,460,0
2026-07-19 16:15:34,383,518,500,0
2026-07-19 16:15:35,367,531,485,0
2026-07-19 16:15:36,340,525,462,0
2026-07-19 16:15:37,327,518,473,0
2026-07-19 16:15:38,299,517,467,0
2026-07-19 16:15:39,276,513,464,0
2026-07-19 16:15:40,283,517,486,0
2026-07-19 16:15:41,286,505,492,0
2026-07-19 16:15:42,347,502,487,0
2026-07-19 16:15:43,344,502,459,0
2026-07-19 16:15:44,347,530,421,0
2026-07-19 16:15:45,333,514,420,0
2026-07-19 16:15:46,385,530,415,0
2026-07-19 16:15:47,313,516,413,0
2026-07-19 16:15:48,370,518,431,0
2026-07-19 16:15:49,338,517,457,0
2026-07-19 16:15:50,372,516,470,0
2026-07-19 16:15:51,330,520,468,0
2026-07-19 16:15:52,334,515,488,0
2026-07-19 16:15:53,317,532,473,0
2026-07-19 16:15:54,303,513,500,0
2026-07-19 16:15:55,289,519,491,0
2026-07-19 16:15:56,273,507,495,0
2026-07-19 16:15:57,283,498,490,0
2026-07-19 16:15:58,291,501,529,0
2026-07-19 16:15:59,294,508,538,0
2026-07-19 16:16:00,333,498,495,0
2026-07-19 16:16:01,331,509,471,0
2026-07-19 16:16:02,340,501,483,0
2026-07-19 16:16:03,363,519,464,0
2026-07-19 16:16:04,352,533,473,0
2026-07-19 16:16:05,354,497,458,0
2026-07-19 16:16:06,328,523,457,0
2026-07-19 16:16:07,326,529,424,0
2026-07-19 16:16:08,367,520,454,0
2026-07-19 16:16:09,381,513,452,0
2026-07-19 16:16:10,361,517,469,0
2026-07-19 16:16:11,381,512,493,0
2026-07-19 16:16:12,354,537,494,0
2026-07-19 16:16:13,358,513,494,0
2026-07-19 16:16:14,321,519,482,0
2026-07-19 16:16:15,344,515,486,0
2026-07-19 16:16:16,336,525,486,0
2026-07-19 16:16:17,302,519,488,0
2026-07-19 16:16:18,291,516,492,0
2026-07-19 16:16:19,308,506,481,0
2026-07-19 16:16:20,281,515,490,0
2026-07-19 16:16:21,285,505,489,0
2026-07-19 16:16:22,277,524,477,0
2026-07-19 16:16:23,294,517,477,0
2026-07-19 16:16:24,288,513,466,0
2026-07-19 16:16:25,296,516,484,0
2026-07-19 16:16:26,302,510,479,0
2026-07-19 16:16:27,293,524,470,0
2026-07-19 16:16:28,332,524,472,0
2026-07-19 16:16:29,361,514,479,0
2026-07-19 16:16:30,346,519,492,0
2026-07-19 16:16:31,366,522,517,0
2026-07-19 16:16:32,384,526,474,0
2026-07-19 16:16:33,344,518,438,0
2026-07-19 16:16:34,339,509,453,0
2026-07-19 16:16:35,356,520,489,0
2026-07-19 16:16:36,360,530,470,0
2026-07-19 16:16:37,330,507,493,0
2026-07-19 16:16:38,347,523,505,0
2026-07-19 16:16:39,291,506,492,0
2026-07-19 16:16:40,298,505,527,0
2026-07-19 16:16:41,276,525,506,0
2026-07-19 16:16:42,302,511,498,0
2026-07-19 16:16:43,318,525,507,0
2026-07-19 16:16:44,340,510,477,0
2026-07-19 16:16:45,349,516,468,0
2026-07-19 16:16:46,348,522,463,0
2026-07-19 16:16:47,340,528,468,0
2026-07-19 16:16:48,352,530,426,0
2026-07-19 16:16:49,360,525,416,0
2026-07-19 16:16:54,317,514,411,0
2026-07-19 16:16:54,324,498,414,0
2026-07-19 16:16:54,367,500,414,0
2026-07-19 16:16:54,320,510,446,0
2026-07-19 16:16:54,324,509,494,0
2026-07-19 16:16:55,295,510,466,0
2026-07-19 16:16:56,263,503,454,0
2026-07-19 16:16:57,301,520,470,0
2026-07-19 16:16:58,281,513,470,0
2026-07-19 16:16:59,301,509,475,0
2026-07-19 16:17:00,305,523,461,0
2026-07-19 16:17:01,314,520,477,0
2026-07-19 16:17:02,317,527,494,0
2026-07-19 16:17:03,336,525,492,0
2026-07-19 16:17:04,367,512,489,0
2026-07-19 16:17:05,357,508,479,0
2026-07-19 16:17:06,346,522,510,0
2026-07-19 16:17:07,327,533,505,0
2026-07-19 16:17:08,346,512,492,0
2026-07-19 16:17:09,344,511,480,0
2026-07-19 16:17:10,343,523,470,0
2026-07-19 16:17:11,383,527,508,0
2026-07-19 16:17:12,346,515,491,0
2026-07-19 16:17:13,390,526,477,0
2026-07-19 16:17:14,328,526,507,0
2026-07-19 16:17:15,401,526,468,0
2026-07-19 16:17:16,342,510,511,0
2026-07-19 16:17:17,354,517,496,0
2026-07-19 16:17:18,336,506,488,0
2026-07-19 16:17:19,312,521,494,0
2026-07-19 16:17:20,301,505,491,0
2026-07-19 16:17:21,297,523,470,0
2026-07-19 16:17:22,280,510,482,0
2026-07-19 16:17:23,288,524,481,0
2026-07-19 16:17:24,291,512,485,0
2026-07-19 16:17:25,299,507,481,0
2026-07-19 16:17:26,306,500,503,0
2026-07-19 16:17:27,361,515,474,0
2026-07-19 16:17:28,337,521,450,0
2026-07-19 16:17:29,367,500,408,0
2026-07-19 16:17:30,333,539,407,0
2026-07-19 16:17:31,337,510,412,0
2026-07-19 16:17:32,362,536,415,0
2026-07-19 16:17:34,361,527,408,0
2026-07-19 16:17:34,327,512,419,0
2026-07-19 16:17:35,328,525,455,0
2026-07-19 16:17:36,374,520,466,0
2026-07-19 16:17:37,336,523,470,0
2026-07-19 16:17:38,342,516,479,0
2026-07-19 16:17:39,325,523,473,0
2026-07-19 16:17:40,307,507,511,0
2026-07-19 16:17:41,293,521,484,0
2026-07-19 16:17:42,285,513,506,0
2026-07-19 16:17:43,309,513,506,0
2026-07-19 16:17:44,292,515,494,0
2026-07-19 16:17:45,284,501,502,0
2026-07-19 16:17:46,308,511,503,0
2026-07-19 16:17:47,286,503,485,0
2026-07-19 16:17:48,286,519,496,0
2026-07-19 16:17:49,287,518,510,0
2026-07-19 16:17:50,292,519,504,0
2026-07-19 16:17:51,304,521,494,0
2026-07-19 16:17:52,350,509,481,0
2026-07-19 16:17:53,375,510,485,0
2026-07-19 16:17:54,323,521,468,0
2026-07-19 16:17:55,348,527,431,0
2026-07-19 16:17:58,325,519,415,0
2026-07-19 16:17:59,346,529,437,0
2026-07-19 16:17:59,370,525,404,0
2026-07-19 16:17:59,334,505,431,0
2026-07-19 16:18:00,342,516,474,0
2026-07-19 16:18:01,323,516,487,0
2026-07-19 16:18:02,289,514,487,0
2026-07-19 16:18:03,276,516,490,0
2026-07-19 16:18:05,289,502,481,0
2026-07-19 16:18:05,294,516,481,0
2026-07-19 16:18:06,297,526,469,0
2026-07-19 16:18:07,347,524,468,0
2026-07-19 16:18:08,365,511,478,0
2026-07-19 16:18:09,366,531,493,0
2026-07-19 16:18:10,348,526,481,0
2026-07-19 16:18:11,347,517,450,0
2026-07-19 16:18:12,336,524,421,0
2026-07-19 16:18:13,348,522,481,0
2026-07-19 16:18:14,343,488,479,0
2026-07-19 16:18:15,374,512,487,0
2026-07-19 16:18:16,335,500,524,0
2026-07-19 16:18:17,330,504,528,0
2026-07-19 16:18:18,278,516,501,0
2026-07-19 16:18:19,279,528,490,0
2026-07-19 16:18:20,275,499,501,0
2026-07-19 16:18:21,294,514,475,0
2026-07-19 16:18:22,302,508,485,0
2026-07-19 16:18:23,312,521,474,0
2026-07-19 16:18:24,404,517,471,0
2026-07-19 16:18:25,330,514,482,0
2026-07-19 16:18:26,358,513,463,0
2026-07-19 16:18:27,345,519,451,0
2026-07-19 16:18:28,359,518,431,0
2026-07-19 16:18:29,370,508,414,0
2026-07-19 16:18:30,350,505,429,0
2026-07-19 16:18:31,325,519,417,0
2026-07-19 16:18:32,370,519,439,0
2026-07-19 16:18:33,347,506,454,0
2026-07-19 16:18:34,320,518,475,0
2026-07-19 16:18:35,313,503,472,0
2026-07-19 16:18:36,285,514,486,0
2026-07-19 16:18:37,289,516,487,0
2026-07-19 16:18:38,291,523,475,0
2026-07-19 16:18:39,310,531,478,0
2026-07-19 16:18:40,336,519,472,0
2026-07-19 16:18:41,373,522,501,0
2026-07-19 16:18:42,382,521,497,0
2026-07-19 16:18:43,354,526,519,0
2026-07-19 16:18:44,379,514,479,0
2026-07-19 16:18:45,341,530,461,0
2026-07-19 16:18:46,334,510,486,0
2026-07-19 16:18:47,335,524,474,0
2026-07-19 16:18:48,369,489,471,0
2026-07-19 16:18:49,352,516,507,0
2026-07-19 16:18:50,372,513,552,0
2026-07-19 16:18:51,287,502,490,0
2026-07-19 16:18:52,281,509,533,0
2026-07-19 16:18:53,287,512,518,0
2026-07-19 16:18:54,294,512,475,0
2026-07-19 16:18:55,297,519,497,0
2026-07-19 16:18:56,339,522,488,0
2026-07-19 16:18:57,345,527,489,0
2026-07-19 16:18:58,367,530,475,0
2026-07-19 16:18:59,334,520,461,0
2026-07-19 16:19:00,370,513,451,0
2026-07-19 16:19:01,354,523,420,0
2026-07-19 16:19:02,351,533,427,0
2026-07-19 16:19:03,344,537,414,0
2026-07-19 16:19:04,385,512,433,0
2026-07-19 16:19:05,356,506,483,0
2026-07-19 16:19:06,368,507,461,0
2026-07-19 16:19:07,302,506,494,0
2026-07-19 16:19:08,287,511,481,0
2026-07-19 16:19:09,275,512,469,0
2026-07-19 16:19:10,299,516,486,0
2026-07-19 16:19:11,288,526,492,0
2026-07-19 16:19:12,326,523,484,0
2026-07-19 16:19:13,323,508,486,0
2026-07-19 16:19:14,340,519,475,0
2026-07-19 16:19:15,376,519,482,0
2026-07-19 16:19:16,323,517,490,0
2026-07-19 16:19:17,338,522,496,0
2026-07-19 16:19:18,360,531,481,0
2026-07-19 16:19:19,345,527,451,0
2026-07-19 16:19:20,344,523,440,0
2026-07-19 16:19:21,340,509,463,0
2026-07-19 16:19:22,387,526,497,0
2026-07-19 16:19:23,352,507,505,0
2026-07-19 16:19:24,390,520,479,0
2026-07-19 16:19:25,322,500,513,0
2026-07-19 16:19:26,336,503,519,0
2026-07-19 16:19:27,248,506,505,0
2026-07-19 16:19:28,286,518,513,0
2026-07-19 16:19:29,288,508,513,0
2026-07-19 16:19:30,257,518,490,0
2026-07-19 16:19:31,300,513,500,0
2026-07-19 16:19:32,303,518,483,0
2026-07-19 16:19:33,315,519,505,0
2026-07-19 16:19:34,340,512,496,0
2026-07-19 16:19:35,354,515,459,0
2026-07-19 16:19:36,328,525,474,0
2026-07-19 16:19:37,354,524,489,0
2026-07-19 16:19:38,344,524,468,0
2026-07-19 16:19:39,354,521,489,0
2026-07-19 16:19:40,327,511,472,0
2026-07-19 16:19:41,330,501,465,0
2026-07-19 16:19:42,311,511,473,0
2026-07-19 16:19:43,281,506,484,0
2026-07-19 16:19:44,276,508,470,0
2026-07-19 16:19:45,307,522,481,0
2026-07-19 16:19:46,270,510,501,0
2026-07-19 16:19:47,326,505,516,0
2026-07-19 16:19:48,362,518,521,0
2026-07-19 16:19:49,337,514,464,0
2026-07-19 16:19:50,381,529,482,0
2026-07-19 16:19:51,325,531,487,0
2026-07-19 16:19:52,368,528,447,0
2026-07-19 16:19:53,353,520,463,0
2026-07-19 16:19:54,381,516,479,0
2026-07-19 16:19:55,386,524,476,0
2026-07-19 16:19:56,355,523,506,0
2026-07-19 16:19:57,341,520,470,0
2026-07-19 16:19:58,325,513,486,0
2026-07-19 16:19:59,312,517,465,0
2026-07-19 16:20:00,292,515,482,0
2026-07-19 16:20:01,306,504,484,0
2026-07-19 16:20:02,286,510,476,0
2026-07-19 16:20:03,317,512,474,0
2026-07-19 16:20:04,361,509,455,0
2026-07-19 16:20:05,361,511,441,0
2026-07-19 16:20:06,371,522,410,0
2026-07-19 16:20:07,341,524,416,0
2026-07-19 16:20:08,333,521,428,0
2026-07-19 16:20:09,367,506,430,0
2026-07-19 16:20:10,339,515,484,0
2026-07-19 16:20:11,334,519,472,0
2026-07-19 16:20:12,367,511,469,0
2026-07-19 16:20:13,371,529,477,0
2026-07-19 16:20:14,349,522,462,0
2026-07-19 16:20:15,335,521,484,0
2026-07-19 16:20:16,271,520,511,0
2026-07-19 16:20:17,299,521,499,0
2026-07-19 16:20:18,304,493,527,0
2026-07-19 16:20:19,267,502,519,0
2026-07-19 16:20:20,311,509,488,0
2026-07-19 16:20:21,326,521,548,0
2026-07-19 16:20:22,343,506,491,0
2026-07-19 16:20:23,331,517,453,0
2026-07-19 16:20:24,340,512,454,0
2026-07-19 16:20:25,357,515,482,0
2026-07-19 16:20:26,354,514,437,0
2026-07-19 16:20:27,381,532,468,0
2026-07-19 16:20:28,321,523,453,0
2026-07-19 16:20:29,374,523,437,0
2026-07-19 16:20:30,355,529,495,0
2026-07-19 16:20:31,337,527,503,0
2026-07-19 16:20:32,364,515,477,0
2026-07-19 16:20:33,355,510,490,0
2026-07-19 16:20:34,358,520,485,0
2026-07-19 16:20:35,324,510,502,0
2026-07-19 16:20:36,324,517,490,0
2026-07-19 16:20:37,320,528,486,0
2026-07-19 16:20:38,296,518,483,0
2026-07-19 16:20:39,294,511,482,0
2026-07-19 16:20:40,293,512,497,0
2026-07-19 16:20:41,277,512,481,0
2026-07-19 16:20:42,288,519,474,0
2026-07-19 16:20:43,279,506,462,0
2026-07-19 16:20:44,287,523,483,0
2026-07-19 16:20:45,284,520,481,0
2026-07-19 16:20:46,293,523,472,0
2026-07-19 16:20:47,294,513,486,0
2026-07-19 16:20:48,279,509,488,0
2026-07-19 16:20:49,280,508,467,0
2026-07-19 16:20:50,272,519,464,0
2026-07-19 16:20:51,282,511,468,0
2026-07-19 16:20:52,279,514,472,0
2026-07-19 16:20:53,286,520,471,0
2026-07-19 16:20:54,286,521,481,0
2026-07-19 16:20:55,286,525,475,0
2026-07-19 16:20:56,329,513,470,0
2026-07-19 16:20:57,283,518,472,0
2026-07-19 16:20:58,302,523,476,0
2026-07-19 16:20:59,287,531,488,0
2026-07-19 16:21:00,287,519,481,0
2026-07-19 16:21:01,294,518,485,0
2026-07-19 16:21:02,299,527,480,0
2026-07-19 16:21:03,286,516,484,0
2026-07-19 16:21:04,294,517,496,0
2026-07-19 16:21:05,290,520,482,0
2026-07-19 16:21:06,274,517,479,0
2026-07-19 16:21:07,315,514,483,0
2026-07-19 16:21:08,309,514,491,0
2026-07-19 16:21:09,316,509,481,0
2026-07-19 16:21:10,344,515,481,0
2026-07-19 16:21:11,354,510,446,0
2026-07-19 16:21:12,379,514,438,0
2026-07-19 16:21:13,332,521,448,0
2026-07-19 16:21:14,316,514,436,0
2026-07-19 16:21:15,372,509,421,0
2026-07-19 16:21:16,337,498,422,0
2026-07-19 16:21:17,357,518,423,0
2026-07-19 16:21:18,353,525,412,0
2026-07-19 16:21:19,347,522,407,0
2026-07-19 16:21:20,345,518,431,0
2026-07-19 16:21:21,339,520,454,0
2026-07-19 16:21:22,381,519,466,0
2026-07-19 16:21:23,344,521,476,0
2026-07-19 16:21:24,351,521,485,0
2026-07-19 16:21:25,338,525,490,0
2026-07-19 16:21:26,315,515,480,0
2026-07-19 16:21:27,290,517,527,0
2026-07-19 16:21:28,286,514,514,0
2026-07-19 16:21:29,295,502,528,0
2026-07-19 16:21:30,308,507,542,0
2026-07-19 16:21:31,374,509,506,0
2026-07-19 16:21:32,361,511,497,0
2026-07-19 16:21:33,359,502,462,0
2026-07-19 16:21:34,341,521,468,0
2026-07-19 16:21:35,331,517,470,0
2026-07-19 16:21:36,352,520,481,0
2026-07-19 16:21:37,362,525,489,0
2026-07-19 16:21:38,347,528,507,0
2026-07-19 16:21:39,378,516,488,0
2026-07-19 16:21:40,381,531,463,0
2026-07-19 16:21:41,333,534,505,0
2026-07-19 16:21:42,313,508,488,0
2026-07-19 16:21:43,355,529,487,0
2026-07-19 16:21:44,276,527,479,0
2026-07-19 16:21:45,273,516,474,0
2026-07-19 16:21:46,302,519,492,0
2026-07-19 16:21:47,311,505,489,0
2026-07-19 16:21:48,306,505,494,0
2026-07-19 16:21:49,292,513,487,0
2026-07-19 16:21:50,330,515,475,0
2026-07-19 16:21:51,351,499,443,0
2026-07-19 16:21:52,338,505,441,0
2026-07-19 16:21:53,338,508,409,0
2026-07-19 16:21:54,359,526,411,0
2026-07-19 16:21:55,347,522,400,0
2026-07-19 16:21:56,341,517,424,0
2026-07-19 16:21:57,370,529,413,0
2026-07-19 16:21:58,330,531,451,0
2026-07-19 16:21:59,369,512,472,0
2026-07-19 16:22:00,349,521,481,0
2026-07-19 16:22:01,390,508,472,0
2026-07-19 16:22:02,341,535,475,0
2026-07-19 16:22:03,357,520,477,0
2026-07-19 16:22:04,310,518,476,0
2026-07-19 16:22:05,311,519,491,0
2026-07-19 16:22:06,288,515,529,0
2026-07-19 16:22:07,287,512,495,0
2026-07-19 16:22:08,275,520,539,0
2026-07-19 16:22:09,291,507,539,0
2026-07-19 16:22:10,281,505,523,0
2026-07-19 16:22:11,294,505,514,0
2026-07-19 16:22:12,288,503,520,0
2026-07-19 16:22:13,301,510,513,0
2026-07-19 16:22:14,322,507,500,0
2026-07-19 16:22:15,346,507,544,0
2026-07-19 16:22:16,307,518,505,0
2026-07-19 16:22:17,307,507,488,0
2026-07-19 16:22:18,277,508,541,0
2026-07-19 16:22:19,270,510,535,0
2026-07-19 16:22:20,286,514,512,0
2026-07-19 16:22:21,286,509,519,0
2026-07-19 16:22:22,295,507,524,0
2026-07-19 16:22:23,299,514,510,0
2026-07-19 16:22:24,311,519,506,0
2026-07-19 16:22:25,352,506,496,0
2026-07-19 16:22:26,372,512,462,0
2026-07-19 16:22:27,386,519,474,0
2026-07-19 16:22:28,360,524,440,0
2026-07-19 16:22:29,330,519,424,0
2026-07-19 16:22:30,370,518,432,0
2026-07-19 16:22:31,341,504,420,0
2026-07-19 16:22:32,356,511,437,0
2026-07-19 16:22:33,302,519,479,0
2026-07-19 16:22:34,346,508,478,0
2026-07-19 16:22:35,282,510,479,0
2026-07-19 16:22:36,307,528,491,0
2026-07-19 16:22:37,297,507,471,0
2026-07-19 16:22:38,288,520,500,0
2026-07-19 16:22:39,312,526,466,0
2026-07-19 16:22:40,349,508,466,0
2026-07-19 16:22:41,366,524,482,0
2026-07-19 16:22:42,352,521,506,0
2026-07-19 16:22:43,363,533,494,0
2026-07-19 16:22:44,331,511,466,0
2026-07-19 16:22:45,363,517,500,0
2026-07-19 16:22:46,357,514,455,0
2026-07-19 16:22:47,330,534,486,0
2026-07-19 16:22:48,351,508,452,0
2026-07-19 16:22:49,388,533,441,0
2026-07-19 16:22:50,332,521,466,0
2026-07-19 16:22:51,358,517,459,0
2026-07-19 16:22:52,357,504,475,0
2026-07-19 16:22:53,332,523,454,0
2026-07-19 16:22:54,345,507,470,0
2026-07-19 16:22:55,333,502,467,0
2026-07-19 16:22:56,358,532,474,0
2026-07-19 16:22:57,347,519,456,0
2026-07-19 16:22:58,344,524,472,0
2026-07-19 16:22:59,347,529,480,0
2026-07-19 16:23:00,365,522,463,0
2026-07-19 16:23:01,355,524,451,0
2026-07-19 16:23:02,372,512,460,0
2026-07-19 16:23:03,371,528,515,0
2026-07-19 16:23:04,374,532,468,0
2026-07-19 16:23:05,359,532,477,0
2026-07-19 16:23:06,272,529,459,0
2026-07-19 16:23:07,283,527,455,0
2026-07-19 16:23:08,284,504,481,0
2026-07-19 16:23:09,297,511,497,0
2026-07-19 16:23:10,334,510,483,0
2026-07-19 16:23:11,342,513,461,0
2026-07-19 16:23:12,319,518,434,0
2026-07-19 16:23:13,353,526,424,0
2026-07-19 16:23:14,351,519,410,0
2026-07-19 16:23:15,330,514,426,0
2026-07-19 16:23:16,341,520,438,0
2026-07-19 16:23:17,320,512,459,0
2026-07-19 16:23:18,342,518,454,0
2026-07-19 16:23:19,385,529,472,0
2026-07-19 16:23:20,324,522,488,0
2026-07-19 16:23:21,296,504,509,0
2026-07-19 16:23:22,306,516,511,0
2026-07-19 16:23:23,304,510,522,0
2026-07-19 16:23:24,274,519,513,0
2026-07-19 16:23:25,279,501,528,0
2026-07-19 16:23:26,327,510,494,0
2026-07-19 16:23:27,351,501,511,0
2026-07-19 16:23:28,392,513,466,0
2026-07-19 16:23:29,372,521,488,0
2026-07-19 16:23:30,346,528,469,0
2026-07-19 16:23:31,362,526,467,0
2026-07-19 16:23:32,358,526,463,0
2026-07-19 16:23:33,370,528,470,0
2026-07-19 16:23:34,360,514,505,0
2026-07-19 16:23:35,354,518,491,0
2026-07-19 16:23:36,317,527,455,0
2026-07-19 16:23:37,349,504,479,0
2026-07-19 16:23:38,291,508,478,0
2026-07-19 16:23:39,281,517,484,0
2026-07-19 16:23:40,280,520,467,0
2026-07-19 16:23:41,301,514,484,0
2026-07-19 16:23:42,334,520,479,0
2026-07-19 16:23:43,331,520,471,0
2026-07-19 16:23:44,328,520,427,0
2026-07-19 16:23:45,340,515,418,0
2026-07-19 16:23:46,340,516,415,0
2026-07-19 16:23:47,374,518,403,0
2026-07-19 16:23:48,351,520,418,0
2026-07-19 16:23:49,328,520,432,0
2026-07-19 16:23:50,378,514,445,0
2026-07-19 16:23:51,329,520,452,0
2026-07-19 16:23:52,366,491,467,0
2026-07-19 16:23:53,357,517,475,0
2026-07-19 16:23:54,380,519,477,0
2026-07-19 16:23:55,327,523,484,0
2026-07-19 16:23:56,330,523,496,0
2026-07-19 16:23:57,320,529,489,0
2026-07-19 16:23:58,324,515,487,0
2026-07-19 16:23:59,330,507,474,0
2026-07-19 16:24:00,332,523,483,0
2026-07-19 16:24:01,315,517,472,0
2026-07-19 16:24:02,328,522,481,0
2026-07-19 16:24:03,338,513,468,0
2026-07-19 16:24:04,368,526,464,0
2026-07-19 16:24:05,373,520,476,0
2026-07-19 16:24:06,386,520,462,0
2026-07-19 16:24:07,333,513,477,0
2026-07-19 16:24:08,344,514,402,0
2026-07-19 16:24:09,314,515,439,0
2026-07-19 16:24:10,352,511,419,0
2026-07-19 16:24:11,316,526,409,0
2026-07-19 16:24:12,329,503,430,0
2026-07-19 16:24:13,331,510,471,0
2026-07-19 16:24:14,335,510,478,0
2026-07-19 16:24:15,287,508,481,0
2026-07-19 16:24:16,289,507,479,0
2026-07-19 16:24:17,281,511,475,0
2026-07-19 16:24:18,299,523,472,0
2026-07-19 16:24:19,299,530,473,0
2026-07-19 16:24:20,345,519,490,0
2026-07-19 16:24:21,372,518,503,0
2026-07-19 16:24:22,322,532,479,0
2026-07-19 16:24:23,332,522,497,0
2026-07-19 16:24:24,382,528,488,0
2026-07-19 16:24:25,338,510,480,0
2026-07-19 16:24:26,344,522,456,0
2026-07-19 16:24:27,349,513,476,0
2026-07-19 16:24:28,369,518,486,0
2026-07-19 16:24:29,356,519,472,0
2026-07-19 16:24:30,330,526,469,0
2026-07-19 16:24:31,359,513,480,0
2026-07-19 16:24:32,347,511,447,0
2026-07-19 16:24:33,372,514,458,0
2026-07-19 16:24:34,379,528,450,0
2026-07-19 16:24:35,373,518,479,0
2026-07-19 16:24:36,361,512,483,0
2026-07-19 16:24:37,353,505,475,0
2026-07-19 16:24:38,353,521,462,0
2026-07-19 16:24:39,383,522,528,0
2026-07-19 16:24:40,371,516,496,0
2026-07-19 16:24:41,339,534,521,0
2026-07-19 16:24:42,355,525,492,0
2026-07-19 16:24:43,361,524,486,0
2026-07-19 16:24:44,371,517,466,0
2026-07-19 16:24:45,332,512,478,0
2026-07-19 16:24:46,310,514,489,0
2026-07-19 16:24:47,292,519,485,0
2026-07-19 16:24:48,271,522,474,0
2026-07-19 16:24:49,280,518,480,0
2026-07-19 16:24:50,279,508,472,0
2026-07-19 16:24:51,314,515,467,0
2026-07-19 16:24:52,354,507,465,0
2026-07-19 16:24:53,313,512,438,0
2026-07-19 16:24:54,316,504,431,0
2026-07-19 16:24:55,367,529,422,0
2026-07-19 16:24:56,390,509,405,0
2026-07-19 16:24:57,366,523,434,0
2026-07-19 16:24:58,388,526,443,0
2026-07-19 16:24:59,374,519,482,0
2026-07-19 16:25:00,339,505,488,0
2026-07-19 16:25:01,326,510,473,0
2026-07-19 16:25:02,301,522,501,0
2026-07-19 16:25:03,287,510,484,0
2026-07-19 16:25:04,297,502,515,0
2026-07-19 16:25:05,294,520,527,0
2026-07-19 16:25:06,295,501,552,0
2026-07-19 16:25:07,341,509,513,0
2026-07-19 16:25:08,321,514,487,0
2026-07-19 16:25:09,349,503,444,0
2026-07-19 16:25:10,321,525,467,0
2026-07-19 16:25:11,337,528,439,0
2026-07-19 16:25:12,366,529,476,0
2026-07-19 16:25:13,334,523,490,0
2026-07-19 16:25:14,334,527,475,0
2026-07-19 16:25:15,361,518,489,0
2026-07-19 16:25:16,330,500,483,0
2026-07-19 16:25:17,324,532,467,0
2026-07-19 16:25:18,278,513,509,0
2026-07-19 16:25:19,286,522,461,0
2026-07-19 16:25:20,264,513,476,0
2026-07-19 16:25:21,293,517,485,0
2026-07-19 16:25:22,330,509,477,0
2026-07-19 16:25:23,354,510,448,0
2026-07-19 16:25:24,352,520,409,0
2026-07-19 16:25:25,327,522,418,0
2026-07-19 16:25:26,363,522,423,0
2026-07-19 16:25:27,356,529,417,0
2026-07-19 16:25:28,330,535,452,0
2026-07-19 16:25:29,349,516,482,0
2026-07-19 16:25:30,368,512,474,0
2026-07-19 16:25:31,313,511,478,0
2026-07-19 16:25:32,309,517,491,0
2026-07-19 16:25:33,294,530,520,0
2026-07-19 16:25:34,308,516,505,0
2026-07-19 16:25:35,282,506,507,0
2026-07-19 16:25:36,277,504,499,0
2026-07-19 16:25:37,290,508,504,0
2026-07-19 16:25:38,337,506,504,0
2026-07-19 16:25:39,357,510,483,0
2026-07-19 16:25:40,337,510,481,0
2026-07-19 16:25:41,363,511,447,0
2026-07-19 16:25:42,369,502,499,0
2026-07-19 16:25:43,379,516,470,0
2026-07-19 16:25:44,345,522,450,0
2026-07-19 16:25:45,378,529,471,0
2026-07-19 16:25:46,340,513,484,0
2026-07-19 16:25:47,407,523,497,0
2026-07-19 16:25:48,363,517,484,0
2026-07-19 16:25:49,382,520,484,0
2026-07-19 16:25:50,337,513,487,0
2026-07-19 16:25:51,320,518,479,0
2026-07-19 16:25:52,273,523,472,0
2026-07-19 16:25:53,282,515,477,0
2026-07-19 16:25:54,287,527,484,0
2026-07-19 16:25:55,272,502,491,0
2026-07-19 16:25:56,294,506,490,0
2026-07-19 16:25:57,297,512,490,0
2026-07-19 16:25:58,306,512,496,0
2026-07-19 16:25:59,299,507,473,0
2026-07-19 16:26:00,334,510,481,0
2026-07-19 16:26:01,345,511,475,0
2026-07-19 16:26:02,329,518,471,0
2026-07-19 16:26:03,337,507,463,0
2026-07-19 16:26:04,334,518,457,0
2026-07-19 16:26:05,310,508,434,0
2026-07-19 16:26:06,317,508,432,0
2026-07-19 16:26:07,380,501,424,0
2026-07-19 16:26:08,317,528,420,0
2026-07-19 16:26:09,354,515,438,0
2026-07-19 16:26:10,314,512,417,0
2026-07-19 16:26:11,331,520,414,0
2026-07-19 16:26:12,375,516,427,0
2026-07-19 16:26:13,365,512,428,0
2026-07-19 16:26:14,373,513,450,0
2026-07-19 16:26:15,284,503,480,0
2026-07-19 16:26:16,331,512,474,0
2026-07-19 16:26:17,313,513,480,0
2026-07-19 16:26:18,318,511,478,0
2026-07-19 16:26:19,293,509,469,0
2026-07-19 16:26:20,289,508,468,0
2026-07-19 16:26:21,264,525,474,0
2026-07-19 16:26:22,293,517,483,0
2026-07-19 16:26:23,315,517,487,0
2026-07-19 16:26:24,366,514,481,0
2026-07-19 16:26:25,330,522,480,0
2026-07-19 16:26:26,393,519,493,0
2026-07-19 16:26:27,383,514,471,0
2026-07-19 16:26:28,333,517,454,0
2026-07-19 16:26:29,343,514,477,0
2026-07-19 16:26:30,357,517,440,0
2026-07-19 16:26:31,344,511,501,0
2026-07-19 16:26:32,366,506,482,0
2026-07-19 16:26:33,336,512,521,0
2026-07-19 16:26:34,328,503,494,0
2026-07-19 16:26:35,284,506,531,0
2026-07-19 16:26:36,262,500,468,0
2026-07-19 16:26:37,290,533,543,0
2026-07-19 16:26:38,278,497,504,0
2026-07-19 16:26:39,279,510,490,0
2026-07-19 16:26:40,309,528,487,0
2026-07-19 16:26:41,285,518,488,0
2026-07-19 16:26:42,323,519,485,0
2026-07-19 16:26:43,331,511,481,0
2026-07-19 16:26:44,335,512,460,0
2026-07-19 16:26:45,366,518,473,0
2026-07-19 16:26:46,339,524,472,0
2026-07-19 16:26:47,351,523,472,0
2026-07-19 16:26:48,337,516,463,0
2026-07-19 16:26:49,358,519,463,0
2026-07-19 16:26:50,370,519,435,0
2026-07-19 16:26:51,338,522,468,0
2026-07-19 16:26:52,366,521,447,0
2026-07-19 16:26:53,342,510,430,0
2026-07-19 16:26:54,335,519,455,0
2026-07-19 16:26:55,342,518,444,0
2026-07-19 16:26:56,333,525,455,0
2026-07-19 16:26:57,375,515,439,0
2026-07-19 16:26:58,379,517,457,0
2026-07-19 16:26:59,346,523,449,0
2026-07-19 16:27:00,325,519,444,0
2026-07-19 16:27:01,391,512,481,0
2026-07-19 16:27:02,323,530,473,0
2026-07-19 16:27:03,346,528,470,0
2026-07-19 16:27:04,333,520,464,0
2026-07-19 16:27:05,285,517,473,0
2026-07-19 16:27:06,283,523,506,0
2026-07-19 16:27:07,296,525,527,0
2026-07-19 16:27:08,290,510,523,0
2026-07-19 16:27:09,298,491,516,0
2026-07-19 16:27:10,322,504,504,0
2026-07-19 16:27:11,348,502,498,0
2026-07-19 16:27:12,367,504,483,0
2026-07-19 16:27:13,347,531,472,0
2026-07-19 16:27:14,335,519,499,0
2026-07-19 16:27:15,358,528,452,0
2026-07-19 16:27:16,339,534,459,0
2026-07-19 16:27:17,389,516,468,0
2026-07-19 16:27:18,374,526,452,0
2026-07-19 16:27:19,366,529,460,0
2026-07-19 16:27:20,337,530,482,0
2026-07-19 16:27:21,332,537,488,0
2026-07-19 16:27:22,349,525,507,0
2026-07-19 16:27:23,409,509,491,0
2026-07-19 16:27:24,360,513,485,0
2026-07-19 16:27:25,304,505,476,0
2026-07-19 16:27:26,304,514,479,0
2026-07-19 16:27:27,297,523,469,0
2026-07-19 16:27:28,281,512,495,0
2026-07-19 16:27:29,308,516,485,0
2026-07-19 16:27:30,289,517,477,0
2026-07-19 16:27:31,294,508,483,0
2026-07-19 16:27:32,280,515,485,0
2026-07-19 16:27:33,290,529,502,0
2026-07-19 16:27:34,304,519,506,0
2026-07-19 16:27:35,295,514,492,0
2026-07-19 16:27:36,289,512,476,0
2026-07-19 16:27:37,290,504,492,0
2026-07-19 16:27:38,323,509,476,0
2026-07-19 16:27:39,323,515,469,0
2026-07-19 16:27:40,339,515,473,0
2026-07-19 16:27:41,369,514,462,0
2026-07-19 16:27:42,325,515,448,0
2026-07-19 16:27:43,362,504,415,0
2026-07-19 16:27:44,369,511,426,0
2026-07-19 16:27:45,361,517,414,0
2026-07-19 16:27:46,328,523,423,0
2026-07-19 16:27:47,351,517,412,0
2026-07-19 16:27:48,351,520,431,0
2026-07-19 16:27:49,336,517,436,0
2026-07-19 16:27:50,364,523,412,0
2026-07-19 16:27:51,362,524,406,0
2026-07-19 16:27:52,363,505,430,0
2026-07-19 16:27:53,389,516,423,0
2026-07-19 16:27:54,348,521,435,0
2026-07-19 16:27:55,339,521,425,0
2026-07-19 16:27:56,358,527,425,0
2026-07-19 16:27:57,347,504,429,0
2026-07-19 16:27:58,353,525,413,0
2026-07-19 16:27:59,337,536,432,0
2026-07-19 16:28:00,351,524,420,0
2026-07-19 16:28:01,361,516,390,0
2026-07-19 16:28:02,363,501,424,0
2026-07-19 16:28:03,317,508,425,0
2026-07-19 16:28:04,349,506,454,0
2026-07-19 16:28:05,331,505,466,0
2026-07-19 16:28:06,294,502,497,0
2026-07-19 16:28:07,294,513,492,0
2026-07-19 16:28:08,268,516,485,0
2026-07-19 16:28:09,307,518,476,0
2026-07-19 16:28:10,300,520,478,0
2026-07-19 16:28:11,335,514,488,0
2026-07-19 16:28:12,343,521,480,0
2026-07-19 16:28:13,338,519,493,0
2026-07-19 16:28:14,357,506,483,0
2026-07-19 16:28:15,324,516,506,0
2026-07-19 16:28:16,331,519,416,0
2026-07-19 16:28:17,384,533,463,0
2026-07-19 16:28:18,373,501,467,0
2026-07-19 16:28:19,350,526,501,0
2026-07-19 16:28:20,325,510,487,0
2026-07-19 16:28:21,354,512,497,0
2026-07-19 16:28:22,291,506,556,0
2026-07-19 16:28:23,286,512,550,0
2026-07-19 16:28:24,284,505,515,0
2026-07-19 16:28:25,275,513,522,0
2026-07-19 16:28:26,293,527,518,0
2026-07-19 16:28:27,280,513,505,0
2026-07-19 16:28:28,322,515,509,0
2026-07-19 16:28:29,331,510,493,0
2026-07-19 16:28:30,373,520,461,0
2026-07-19 16:28:31,327,517,467,0
2026-07-19 16:28:32,373,523,457,0
2026-07-19 16:28:33,322,521,462,0
2026-07-19 16:28:34,363,522,482,0
2026-07-19 16:28:35,344,511,465,0
2026-07-19 16:28:36,391,510,447,0
2026-07-19 16:28:37,379,517,444,0
2026-07-19 16:28:38,328,506,425,0
2026-07-19 16:28:39,380,520,420,0
2026-07-19 16:28:40,327,517,425,0
2026-07-19 16:28:41,372,523,422,0
2026-07-19 16:28:42,376,518,407,0
2026-07-19 16:28:43,335,521,411,0
2026-07-19 16:28:44,372,526,419,0
2026-07-19 16:28:45,362,525,415,0
2026-07-19 16:28:46,325,526,428,0
2026-07-19 16:28:47,367,531,398,0
2026-07-19 16:28:48,362,516,419,0
2026-07-19 16:28:49,356,521,422,0
2026-07-19 16:28:50,341,508,434,0
2026-07-19 16:28:51,370,521,446,0
2026-07-19 16:28:52,373,520,430,0
2026-07-19 16:28:53,367,519,431,0
2026-07-19 16:28:54,357,523,436,0
2026-07-19 16:28:55,314,523,451,0
2026-07-19 16:28:56,315,536,460,0
2026-07-19 16:28:57,327,520,447,0
2026-07-19 16:28:58,347,517,462,0
2026-07-19 16:28:59,382,515,482,0
2026-07-19 16:29:00,388,518,470,0
2026-07-19 16:29:01,369,519,471,0
2026-07-19 16:29:02,371,513,463,0
2026-07-19 16:29:03,347,513,472,0
2026-07-19 16:29:04,326,524,472,0
2026-07-19 16:29:05,352,523,474,0
2026-07-19 16:29:06,380,520,487,0
2026-07-19 16:29:07,352,510,477,0
2026-07-19 16:29:08,352,524,486,0
2026-07-19 16:29:09,310,521,470,0
2026-07-19 16:29:10,314,521,520,0
2026-07-19 16:29:11,287,513,474,0
2026-07-19 16:29:12,283,512,498,0
2026-07-19 16:29:13,301,510,524,0
2026-07-19 16:29:14,273,503,513,0
2026-07-19 16:29:15,293,502,537,0
2026-07-19 16:29:16,300,509,545,0
2026-07-19 16:29:17,335,517,513,0
2026-07-19 16:29:18,360,501,499,0
2026-07-19 16:29:19,371,505,472,0
2026-07-19 16:29:20,364,505,468,0
2026-07-19 16:29:21,358,533,458,0
2026-07-19 16:29:22,363,521,470,0
2026-07-19 16:29:23,361,521,491,0
2026-07-19 16:29:24,329,527,514,0
2026-07-19 16:29:25,357,513,496,0
2026-07-19 16:29:26,346,529,495,0
2026-07-19 16:29:27,323,506,480,0
2026-07-19 16:29:28,329,519,483,0
2026-07-19 16:29:29,289,516,484,0
2026-07-19 16:29:30,303,510,491,0
2026-07-19 16:29:31,285,504,489,0
2026-07-19 16:29:32,302,517,494,0
2026-07-19 16:29:33,319,514,505,0
2026-07-19 16:29:34,337,518,475,0
2026-07-19 16:29:35,327,511,450,0
2026-07-19 16:29:36,385,510,432,0
2026-07-19 16:29:37,332,500,412,0
2026-07-19 16:29:38,319,522,444,0
2026-07-19 16:29:39,349,509,422,0
2026-07-19 16:29:40,325,521,427,0
2026-07-19 16:29:41,353,521,404,0
2026-07-19 16:29:42,366,521,409,0
2026-07-19 16:29:43,346,530,435,0
2026-07-19 16:29:44,369,502,431,0
2026-07-19 16:29:45,362,517,419,0
2026-07-19 16:29:46,368,521,440,0
2026-07-19 16:29:47,337,524,448,0
2026-07-19 16:29:48,353,520,436,0
2026-07-19 16:29:49,348,523,427,0
2026-07-19 16:29:50,365,521,440,0
2026-07-19 16:29:51,346,521,443,0
2026-07-19 16:29:52,352,530,455,0
2026-07-19 16:29:53,359,529,449,0
2026-07-19 16:29:54,331,518,458,0
2026-07-19 16:29:55,380,524,468,0
2026-07-19 16:29:56,384,509,455,0
2026-07-19 16:29:57,378,519,466,0
2026-07-19 16:29:58,332,509,466,0
2026-07-19 16:29:59,337,519,487,0
2026-07-19 16:30:00,349,519,456,0
2026-07-19 16:30:01,324,533,478,0
2026-07-19 16:30:02,337,521,498,0
2026-07-19 16:30:03,343,533,477,0
2026-07-19 16:30:04,329,505,489,0
2026-07-19 16:30:05,290,529,481,0
2026-07-19 16:30:06,295,513,537,0
2026-07-19 16:30:07,283,501,521,0
2026-07-19 16:30:08,302,502,554,0
2026-07-19 16:30:09,347,514,551,0
2026-07-19 16:30:10,368,516,499,0
2026-07-19 16:30:11,365,503,454,0
2026-07-19 16:30:12,353,504,450,0
2026-07-19 16:30:13,362,524,478,0
2026-07-19 16:30:14,375,512,463,0
2026-07-19 16:30:15,353,516,465,0
2026-07-19 16:30:16,359,521,493,0
2026-07-19 16:30:17,393,514,482,0
2026-07-19 16:30:18,365,529,489,0
2026-07-19 16:30:19,375,513,493,0
2026-07-19 16:30:20,325,517,494,0
2026-07-19 16:30:21,304,514,474,0
2026-07-19 16:30:22,311,524,482,0
2026-07-19 16:30:23,291,528,478,0
2026-07-19 16:30:24,299,518,484,0
2026-07-19 16:30:25,281,522,494,0
2026-07-19 16:30:26,290,513,468,0
2026-07-19 16:30:27,298,505,490,0
2026-07-19 16:30:28,311,515,501,0
2026-07-19 16:30:29,348,518,461,0
2026-07-19 16:30:30,369,514,422,0
2026-07-19 16:30:31,377,512,414,0
2026-07-19 16:30:32,345,515,421,0
2026-07-19 16:30:33,332,533,422,0
2026-07-19 16:30:34,344,513,430,0
2026-07-19 16:30:35,346,518,474,0
2026-07-19 16:30:36,342,519,490,0
2026-07-19 16:30:37,347,528,483,0
2026-07-19 16:30:38,329,506,493,0
2026-07-19 16:30:39,272,516,481,0
2026-07-19 16:30:40,304,527,478,0
2026-07-19 16:30:41,294,509,516,0
2026-07-19 16:30:42,277,520,519,0
2026-07-19 16:30:43,292,506,523,0
2026-07-19 16:30:44,291,508,506,0
2026-07-19 16:30:45,324,506,480,0
2026-07-19 16:30:46,341,509,487,0
2026-07-19 16:30:47,339,498,469,0
2026-07-19 16:30:48,330,520,484,0
2026-07-19 16:30:49,378,520,437,0
2026-07-19 16:30:50,358,524,470,0
2026-07-19 16:30:51,334,528,504,0
2026-07-19 16:30:52,345,505,503,0
2026-07-19 16:30:53,364,525,481,0
2026-07-19 16:30:54,315,508,486,0
2026-07-19 16:30:55,303,521,468,0
2026-07-19 16:30:56,272,513,487,0
2026-07-19 16:30:57,295,510,481,0
2026-07-19 16:30:58,267,507,486,0
2026-07-19 16:30:59,367,504,484,0
2026-07-19 16:31:00,333,516,448,0
2026-07-19 16:31:01,331,520,420,0
2026-07-19 16:31:02,312,522,418,0
2026-07-19 16:31:03,377,535,426,0
2026-07-19 16:31:04,330,518,443,0
2026-07-19 16:31:05,402,529,465,0
2026-07-19 16:31:06,386,524,468,0
2026-07-19 16:31:07,335,496,468,0
2026-07-19 16:31:08,328,521,491,0
2026-07-19 16:31:09,291,513,480,0
2026-07-19 16:31:10,291,510,478,0
2026-07-19 16:31:11,315,506,509,0
2026-07-19 16:31:12,263,502,513,0
2026-07-19 16:31:13,351,513,566,0
2026-07-19 16:31:14,345,512,493,0
2026-07-19 16:31:15,350,524,503,0
2026-07-19 16:31:16,334,504,458,0
2026-07-19 16:31:17,358,519,440,0
2026-07-19 16:31:18,358,519,469,0
2026-07-19 16:31:19,358,521,473,0
2026-07-19 16:31:20,361,520,478,0
2026-07-19 16:31:21,344,527,480,0
2026-07-19 16:31:22,329,506,495,0
2026-07-19 16:31:23,293,524,474,0
2026-07-19 16:31:24,287,501,477,0
2026-07-19 16:31:25,284,522,488,0
2026-07-19 16:31:26,301,512,486,0
2026-07-19 16:31:27,358,508,483,0
2026-07-19 16:31:28,377,519,464,0
2026-07-19 16:31:29,339,521,413,0
2026-07-19 16:31:30,337,521,420,0
2026-07-19 16:31:31,329,526,420,0
2026-07-19 16:31:32,368,514,434,0
2026-07-19 16:31:33,329,518,468,0
2026-07-19 16:31:34,387,516,475,0
2026-07-19 16:31:35,339,518,479,0
2026-07-19 16:31:36,332,526,488,0
2026-07-19 16:31:37,315,522,495,0
2026-07-19 16:31:38,280,506,495,0
2026-07-19 16:31:39,296,525,514,0
2026-07-19 16:31:40,277,510,528,0
2026-07-19 16:31:41,318,511,527,0
2026-07-19 16:31:42,346,504,510,0
2026-07-19 16:31:43,325,509,491,0
2026-07-19 16:31:44,336,509,466,0
2026-07-19 16:31:45,339,531,430,0
2026-07-19 16:31:46,338,527,431,0
2026-07-19 16:31:47,368,518,478,0
2026-07-19 16:31:48,359,527,495,0
2026-07-19 16:31:49,393,516,482,0
2026-07-19 16:31:50,355,521,476,0
2026-07-19 16:31:51,355,522,489,0
2026-07-19 16:31:52,282,512,489,0
2026-07-19 16:31:53,268,519,489,0
2026-07-19 16:31:54,287,506,490,0
2026-07-19 16:31:55,286,508,487,0
2026-07-19 16:31:56,331,520,484,0
2026-07-19 16:31:57,361,519,472,0
2026-07-19 16:31:58,372,519,429,0
2026-07-19 16:31:59,355,526,412,0
2026-07-19 16:32:00,360,518,420,0
2026-07-19 16:32:01,350,525,433,0
2026-07-19 16:32:02,365,520,431,0
2026-07-19 16:32:03,330,539,469,0
2026-07-19 16:32:04,382,515,471,0
2026-07-19 16:32:05,326,511,471,0
2026-07-19 16:32:06,328,514,497,0
2026-07-19 16:32:07,291,521,509,0
2026-07-19 16:32:08,270,524,520,0
2026-07-19 16:32:09,290,503,519,0
2026-07-19 16:32:10,321,497,521,0
2026-07-19 16:32:11,334,509,554,0
2026-07-19 16:32:12,352,515,495,0
2026-07-19 16:32:13,348,524,470,0
2026-07-19 16:32:14,344,515,469,0
2026-07-19 16:32:15,359,522,444,0
2026-07-19 16:32:16,354,508,449,0
2026-07-19 16:32:17,371,527,493,0
2026-07-19 16:32:18,369,526,500,0
2026-07-19 16:32:19,368,521,501,0
2026-07-19 16:32:20,354,518,484,0
2026-07-19 16:32:21,304,513,497,0
2026-07-19 16:32:22,312,517,493,0
2026-07-19 16:32:23,288,524,484,0
2026-07-19 16:32:24,300,512,485,0
2026-07-19 16:32:25,299,504,487,0
2026-07-19 16:32:26,339,516,480,0
2026-07-19 16:32:27,344,510,450,0
2026-07-19 16:32:28,370,528,434,0
2026-07-19 16:32:29,359,529,427,0
2026-07-19 16:32:30,328,516,418,0
2026-07-19 16:32:31,366,510,446,0
2026-07-19 16:32:32,336,528,471,0
2026-07-19 16:32:33,356,515,484,0
2026-07-19 16:32:34,361,513,475,0
2026-07-19 16:32:35,315,532,494,0
2026-07-19 16:32:36,290,516,485,0
2026-07-19 16:32:37,278,507,498,0
2026-07-19 16:32:38,288,515,542,0
2026-07-19 16:32:39,303,511,516,0
2026-07-19 16:32:40,348,506,517,0
2026-07-19 16:32:41,325,515,502,0
2026-07-19 16:32:42,326,520,480,0
2026-07-19 16:32:43,331,534,463,0
2026-07-19 16:32:44,387,507,462,0
2026-07-19 16:32:45,327,516,468,0
2026-07-19 16:32:46,349,507,499,0
2026-07-19 16:32:47,394,522,500,0
2026-07-19 16:32:48,356,528,502,0
2026-07-19 16:32:49,334,518,465,0
2026-07-19 16:32:50,353,528,487,0
2026-07-19 16:32:51,272,528,483,0
2026-07-19 16:32:52,292,514,478,0
2026-07-19 16:32:53,280,511,485,0
2026-07-19 16:32:54,309,519,504,0
2026-07-19 16:32:55,347,503,501,0
2026-07-19 16:32:56,373,509,445,0
2026-07-19 16:32:57,363,499,427,0
2026-07-19 16:32:58,352,527,411,0
2026-07-19 16:32:59,368,528,435,0
2026-07-19 16:33:00,374,525,433,0
2026-07-19 16:33:01,367,523,463,0
2026-07-19 16:33:02,333,537,460,0
2026-07-19 16:33:03,348,542,488,0
2026-07-19 16:33:04,300,531,500,0
2026-07-19 16:33:05,279,515,491,0
2026-07-19 16:33:06,290,529,523,0
2026-07-19 16:33:07,299,511,531,0
2026-07-19 16:33:08,317,504,512,0
2026-07-19 16:33:09,347,509,513,0
2026-07-19 16:33:10,365,499,491,0
2026-07-19 16:33:11,342,547,463,0
2026-07-19 16:33:12,353,514,458,0
2026-07-19 16:33:13,361,528,458,0
2026-07-19 16:33:14,369,516,514,0
2026-07-19 16:33:15,386,520,505,0
2026-07-19 16:33:16,352,508,492,0
2026-07-19 16:33:17,357,527,478,0
2026-07-19 16:33:18,327,526,481,0
2026-07-19 16:33:19,324,512,483,0
2026-07-19 16:33:20,281,504,483,0
2026-07-19 16:33:21,282,511,481,0
2026-07-19 16:33:22,323,512,492,0
2026-07-19 16:33:23,382,515,442,0
2026-07-19 16:33:24,334,521,424,0
2026-07-19 16:33:25,362,529,409,0
2026-07-19 16:33:26,356,522,415,0
2026-07-19 16:33:27,379,519,432,0
2026-07-19 16:33:28,387,526,482,0
2026-07-19 16:33:29,343,525,470,0
2026-07-19 16:33:30,344,511,478,0
2026-07-19 16:33:31,303,518,480,0
2026-07-19 16:33:32,275,514,503,0
2026-07-19 16:33:33,298,525,524,0
2026-07-19 16:33:34,276,506,527,0
2026-07-19 16:33:35,269,513,543,0
2026-07-19 16:33:36,319,518,485,0
2026-07-19 16:33:37,379,519,479,0
2026-07-19 16:33:38,356,524,479,0
2026-07-19 16:33:39,353,526,460,0
2026-07-19 16:33:40,373,505,443,0
2026-07-19 16:33:41,340,517,512,0
2026-07-19 16:33:42,362,520,497,0
2026-07-19 16:33:43,341,533,490,0
2026-07-19 16:33:44,346,523,491,0
2026-07-19 16:33:45,306,521,485,0
2026-07-19 16:33:46,301,519,477,0
2026-07-19 16:33:47,286,519,488,0
2026-07-19 16:33:48,281,516,479,0
2026-07-19 16:33:49,320,519,492,0
2026-07-19 16:33:51,361,513,473,0
2026-07-19 16:33:51,331,503,430,0
2026-07-19 16:33:52,366,518,409,0
2026-07-19 16:33:53,337,528,408,0
2026-07-19 16:33:54,338,519,427,0
2026-07-19 16:33:55,342,515,472,0
2026-07-19 16:33:56,332,536,468,0
2026-07-19 16:33:57,327,512,476,0
2026-07-19 16:33:58,316,513,471,0
2026-07-19 16:33:59,313,509,501,0
2026-07-19 16:34:00,298,508,489,0
2026-07-19 16:34:01,294,509,536,0
2026-07-19 16:34:02,321,512,538,0
2026-07-19 16:34:03,342,506,525,0
2026-07-19 16:34:04,346,511,499,0
2026-07-19 16:34:05,369,529,458,0
2026-07-19 16:34:06,334,533,468,0
2026-07-19 16:34:07,377,529,451,0
2026-07-19 16:34:08,377,514,477,0
2026-07-19 16:34:09,362,512,493,0
2026-07-19 16:34:10,363,528,495,0
2026-07-19 16:34:11,353,518,482,0
2026-07-19 16:34:12,332,523,495,0
2026-07-19 16:34:13,322,513,472,0
2026-07-19 16:34:14,286,518,490,0
2026-07-19 16:34:15,284,505,476,0
2026-07-19 16:34:16,285,507,481,0
2026-07-19 16:34:17,356,517,471,0
2026-07-19 16:34:18,334,508,454,0
2026-07-19 16:34:19,375,502,415,0
2026-07-19 16:34:20,365,531,417,0
2026-07-19 16:34:21,360,539,415,0
2026-07-19 16:34:22,350,514,435,0
2026-07-19 16:34:23,335,537,484,0
2026-07-19 16:34:24,339,520,455,0
2026-07-19 16:34:25,359,517,488,0
2026-07-19 16:34:26,341,524,492,0
2026-07-19 16:34:27,292,513,515,0
2026-07-19 16:34:28,298,525,508,0
2026-07-19 16:34:29,288,527,522,0
2026-07-19 16:34:30,311,495,526,0
2026-07-19 16:34:31,350,505,531,0
2026-07-19 16:34:32,386,510,504,0
2026-07-19 16:34:33,344,504,477,0
2026-07-19 16:34:34,333,506,482,0
2026-07-19 16:34:35,362,515,450,0
2026-07-19 16:34:36,347,526,487,0
2026-07-19 16:34:37,379,529,497,0
2026-07-19 16:34:38,354,523,465,0
2026-07-19 16:34:39,360,519,480,0
2026-07-19 16:34:40,325,535,470,0
2026-07-19 16:34:41,272,512,500,0
2026-07-19 16:34:42,293,514,499,0
2026-07-19 16:34:43,291,518,496,0
2026-07-19 16:34:44,304,509,484,0
2026-07-19 16:34:45,315,517,489,0
2026-07-19 16:34:46,357,512,453,0
2026-07-19 16:34:47,364,518,429,0
2026-07-19 16:34:48,360,497,423,0
2026-07-19 16:34:49,366,511,432,0
2026-07-19 16:34:50,366,525,435,0
2026-07-19 16:34:51,390,529,448,0
2026-07-19 16:34:52,337,523,480,0
2026-07-19 16:34:53,332,523,475,0
2026-07-19 16:34:54,333,521,497,0
2026-07-19 16:34:55,291,518,501,0
2026-07-19 16:34:56,298,522,506,0
2026-07-19 16:34:57,279,508,522,0
2026-07-19 16:34:58,289,501,531,0
2026-07-19 16:34:59,322,512,526,0
2026-07-19 16:35:00,337,511,501,0
2026-07-19 16:35:01,327,512,490,0
2026-07-19 16:35:02,335,534,450,0
2026-07-19 16:35:03,342,519,490,0
2026-07-19 16:35:04,345,518,446,0
2026-07-19 16:35:05,346,531,465,0
2026-07-19 16:35:06,375,520,483,0
2026-07-19 16:35:07,363,523,488,0
2026-07-19 16:35:08,343,513,488,0
2026-07-19 16:35:09,310,519,479,0
2026-07-19 16:35:10,295,527,478,0
2026-07-19 16:35:11,275,518,481,0
2026-07-19 16:35:12,301,518,476,0
2026-07-19 16:35:13,318,510,478,0
2026-07-19 16:35:14,281,508,500,0
2026-07-19 16:35:15,332,513,450,0
2026-07-19 16:35:16,365,499,417,0
2026-07-19 16:35:17,363,540,429,0
2026-07-19 16:35:18,373,517,419,0
2026-07-19 16:35:19,361,520,436,0
2026-07-19 16:35:20,362,525,464,0
2026-07-19 16:35:21,390,515,480,0
2026-07-19 16:35:22,354,516,485,0
2026-07-19 16:35:23,334,516,476,0
2026-07-19 16:35:24,321,512,510,0
2026-07-19 16:35:25,297,519,472,0
2026-07-19 16:35:26,284,520,510,0
2026-07-19 16:35:27,287,516,518,0
2026-07-19 16:35:28,327,515,498,0
2026-07-19 16:35:29,338,517,496,0
2026-07-19 16:35:30,345,507,498,0
2026-07-19 16:35:31,358,506,448,0
2026-07-19 16:35:32,366,533,494,0
2026-07-19 16:35:33,345,531,457,0
2026-07-19 16:35:34,352,524,479,0
2026-07-19 16:35:35,339,519,481,0
2026-07-19 16:35:36,364,526,501,0
2026-07-19 16:35:37,339,514,479,0
2026-07-19 16:35:38,296,521,483,0
2026-07-19 16:35:39,285,511,481,0
2026-07-19 16:35:40,283,523,483,0
2026-07-19 16:35:41,281,515,478,0
2026-07-19 16:35:42,294,509,491,0
2026-07-19 16:35:43,347,510,473,0
2026-07-19 16:35:44,334,513,425,0
2026-07-19 16:35:45,368,520,430,0
2026-07-19 16:35:46,342,520,427,0
2026-07-19 16:35:47,362,528,420,0
2026-07-19 16:35:48,349,519,434,0
2026-07-19 16:35:49,323,518,495,0
2026-07-19 16:35:50,329,513,488,0
2026-07-19 16:35:51,398,522,472,0
2026-07-19 16:35:52,330,520,492,0
2026-07-19 16:35:53,293,519,483,0
2026-07-19 16:35:54,295,516,518,0
2026-07-19 16:35:55,282,523,535,0
2026-07-19 16:35:56,284,512,522,0
2026-07-19 16:35:57,319,513,535,0
2026-07-19 16:35:58,325,505,512,0
2026-07-19 16:35:59,346,508,478,0
2026-07-19 16:36:00,358,505,461,0
2026-07-19 16:36:01,379,529,455,0
2026-07-19 16:36:02,356,528,443,0
2026-07-19 16:36:03,353,534,460,0
2026-07-19 16:36:04,367,524,498,0
2026-07-19 16:36:05,330,507,487,0
2026-07-19 16:36:06,368,519,486,0
2026-07-19 16:36:07,315,514,464,0
2026-07-19 16:36:08,290,531,481,0
2026-07-19 16:36:09,280,513,486,0
2026-07-19 16:36:10,276,506,470,0
2026-07-19 16:36:11,289,512,487,0
2026-07-19 16:36:12,352,522,483,0
2026-07-19 16:36:13,320,515,449,0
2026-07-19 16:36:14,344,514,412,0
2026-07-19 16:36:15,341,499,416,0
2026-07-19 16:36:16,335,521,422,0
2026-07-19 16:36:17,393,519,435,0
2026-07-19 16:36:18,321,514,420,0
2026-07-19 16:36:19,329,523,443,0
2026-07-19 16:36:20,356,518,478,0
2026-07-19 16:36:21,392,504,474,0
2026-07-19 16:36:22,339,536,468,0
2026-07-19 16:36:23,309,507,483,0
2026-07-19 16:36:24,292,508,486,0
2026-07-19 16:36:25,300,522,518,0
2026-07-19 16:36:26,294,509,513,0
2026-07-19 16:36:27,305,492,504,0
2026-07-19 16:36:28,344,518,543,0
2026-07-19 16:36:29,365,511,507,0
2026-07-19 16:36:30,327,514,494,0
2026-07-19 16:36:31,364,533,439,0
2026-07-19 16:36:32,376,505,448,0
2026-07-19 16:36:33,341,526,449,0
2026-07-19 16:36:34,325,520,462,0
2026-07-19 16:36:35,369,532,470,0
2026-07-19 16:36:36,353,516,514,0
2026-07-19 16:36:37,357,522,482,0
2026-07-19 16:36:38,354,515,485,0
2026-07-19 16:36:39,307,521,487,0
2026-07-19 16:36:40,296,520,471,0
2026-07-19 16:36:41,303,527,505,0
2026-07-19 16:36:42,269,521,480,0
2026-07-19 16:36:43,311,518,493,0
2026-07-19 16:36:44,344,512,496,0
2026-07-19 16:36:45,319,501,437,0
2026-07-19 16:36:46,335,529,422,0
2026-07-19 16:36:47,370,523,420,0
2026-07-19 16:36:48,330,530,431,0
2026-07-19 16:36:49,360,520,457,0
2026-07-19 16:36:50,351,517,461,0
2026-07-19 16:36:51,375,525,499,0
2026-07-19 16:36:52,374,515,481,0
2026-07-19 16:36:53,333,521,492,0
2026-07-19 16:36:54,298,528,488,0
2026-07-19 16:36:55,291,522,494,0
2026-07-19 16:36:56,289,513,503,0
2026-07-19 16:36:57,284,503,534,0
2026-07-19 16:36:58,308,500,532,0
2026-07-19 16:36:59,349,512,541,0
2026-07-19 16:37:00,392,512,506,0
2026-07-19 16:37:01,366,520,468,0
2026-07-19 16:37:02,320,523,509,0
2026-07-19 16:37:03,345,524,479,0
2026-07-19 16:37:04,353,534,465,0
2026-07-19 16:37:05,393,526,453,0
2026-07-19 16:37:06,373,524,433,0
2026-07-19 16:37:07,361,534,454,0
2026-07-19 16:37:08,354,520,509,0
2026-07-19 16:37:09,315,519,480,0
2026-07-19 16:37:10,365,519,494,0
2026-07-19 16:37:11,311,516,473,0
2026-07-19 16:37:12,297,514,490,0
2026-07-19 16:37:13,294,520,481,0
2026-07-19 16:37:14,295,498,482,0
2026-07-19 16:37:15,272,514,494,0
2026-07-19 16:37:16,317,517,475,0
2026-07-19 16:37:17,330,513,459,0
2026-07-19 16:37:18,377,532,421,0
2026-07-19 16:37:19,320,515,419,0
2026-07-19 16:37:20,351,526,419,0
2026-07-19 16:37:21,329,517,422,0
2026-07-19 16:37:22,362,521,429,0
2026-07-19 16:37:23,347,519,453,0
2026-07-19 16:37:24,334,513,463,0
2026-07-19 16:37:25,343,519,486,0
2026-07-19 16:37:26,323,521,497,0
2026-07-19 16:37:27,271,514,519,0
2026-07-19 16:37:28,293,522,492,0
2026-07-19 16:37:29,292,522,484,0
2026-07-19 16:37:30,268,523,493,0
2026-07-19 16:37:31,322,506,545,0
2026-07-19 16:37:32,325,510,540,0
2026-07-19 16:37:33,387,514,491,0
2026-07-19 16:37:34,356,499,468,0
2026-07-19 16:37:35,327,520,500,0
2026-07-19 16:37:36,335,517,441,0
2026-07-19 16:37:37,335,521,465,0
2026-07-19 16:37:38,323,507,467,0
2026-07-19 16:37:39,368,516,518,0
2026-07-19 16:37:40,355,517,492,0
2026-07-19 16:37:41,327,524,486,0
2026-07-19 16:37:42,292,511,482,0
2026-07-19 16:37:43,292,517,487,0
2026-07-19 16:37:44,308,507,460,0
2026-07-19 16:37:45,286,506,490,0
2026-07-19 16:37:46,306,512,464,0
2026-07-19 16:37:47,374,514,486,0
2026-07-19 16:37:48,327,516,428,0
2026-07-19 16:37:49,361,535,406,0
2026-07-19 16:37:50,325,514,432,0
2026-07-19 16:37:51,327,524,425,0
2026-07-19 16:37:52,347,518,422,0
2026-07-19 16:37:53,333,531,463,0
2026-07-19 16:37:54,322,527,506,0
2026-07-19 16:37:55,367,520,470,0
2026-07-19 16:37:56,342,512,500,0
2026-07-19 16:37:57,295,522,498,0
2026-07-19 16:37:58,285,519,503,0
2026-07-19 16:37:59,306,516,496,0
2026-07-19 16:38:00,290,520,517,0
2026-07-19 16:38:01,291,509,516,0
2026-07-19 16:38:02,316,499,531,0
2026-07-19 16:38:03,366,504,529,0
2026-07-19 16:38:04,332,519,495,0
2026-07-19 16:38:05,343,529,482,0
2026-07-19 16:38:06,359,520,492,0
2026-07-19 16:38:07,342,532,470,0
2026-07-19 16:38:08,339,523,469,0
2026-07-19 16:38:09,377,529,432,0
2026-07-19 16:38:10,335,514,434,0
2026-07-19 16:38:11,321,518,477,0
2026-07-19 16:38:12,355,528,474,0
2026-07-19 16:38:13,364,529,476,0
2026-07-19 16:38:14,361,531,489,0
2026-07-19 16:38:15,378,526,494,0
2026-07-19 16:38:16,382,525,478,0
2026-07-19 16:38:17,333,517,478,0
2026-07-19 16:38:18,346,517,488,0
2026-07-19 16:38:19,340,524,490,0
2026-07-19 16:38:20,321,509,477,0
2026-07-19 16:38:21,301,524,471,0
2026-07-19 16:38:22,308,514,481,0
2026-07-19 16:38:23,281,521,477,0
2026-07-19 16:38:24,303,523,477,0
2026-07-19 16:38:25,281,532,501,0
2026-07-19 16:38:26,282,510,485,0
2026-07-19 16:38:27,271,525,487,0
2026-07-19 16:38:28,314,512,486,0
2026-07-19 16:38:29,306,519,494,0
2026-07-19 16:38:30,314,529,480,0
2026-07-19 16:38:31,332,512,486,0
2026-07-19 16:38:32,324,519,492,0
2026-07-19 16:38:33,331,525,482,0
2026-07-19 16:38:34,337,514,484,0
2026-07-19 16:38:35,351,516,475,0
2026-07-19 16:38:36,343,524,482,0
2026-07-19 16:38:37,349,511,467,0
2026-07-19 16:38:38,361,529,475,0
2026-07-19 16:38:39,344,515,467,0
2026-07-19 16:38:40,361,525,475,0
2026-07-19 16:38:41,368,513,477,0
2026-07-19 16:38:42,333,526,481,0
2026-07-19 16:38:43,371,523,480,0
2026-07-19 16:38:44,348,526,476,0
2026-07-19 16:38:45,339,520,490,0
2026-07-19 16:38:46,327,515,460,0
2026-07-19 16:38:47,320,506,473,0
2026-07-19 16:38:48,292,514,476,0
2026-07-19 16:38:49,289,523,488,0
2026-07-19 16:38:50,295,522,490,0
2026-07-19 16:38:51,290,517,489,0
2026-07-19 16:38:52,300,505,482,0
2026-07-19 16:38:53,294,504,490,0
2026-07-19 16:38:54,288,515,490,0
2026-07-19 16:38:55,335,513,481,0
2026-07-19 16:38:56,334,517,488,0
2026-07-19 16:38:57,364,505,452,0
2026-07-19 16:38:58,345,513,439,0
2026-07-19 16:38:59,384,536,428,0
2026-07-19 16:39:00,307,519,400,0
2026-07-19 16:39:01,359,526,414,0
2026-07-19 16:39:02,319,524,434,0
2026-07-19 16:39:03,336,516,440,0
2026-07-19 16:39:04,369,518,452,0
2026-07-19 16:39:05,316,503,487,0
2026-07-19 16:39:06,323,531,500,0
2026-07-19 16:39:07,305,518,489,0
2026-07-19 16:39:08,295,515,537,0
2026-07-19 16:39:09,258,511,525,0
2026-07-19 16:39:10,285,500,537,0
2026-07-19 16:39:11,313,514,509,0
2026-07-19 16:39:12,327,504,553,0
2026-07-19 16:39:13,382,515,456,0
2026-07-19 16:39:14,391,530,473,0
2026-07-19 16:39:15,336,519,461,0
2026-07-19 16:39:16,341,522,468,0
2026-07-19 16:39:17,335,512,453,0
2026-07-19 16:39:18,320,519,442,0
2026-07-19 16:39:19,388,530,514,0
2026-07-19 16:39:20,375,518,471,0
2026-07-19 16:39:21,343,517,510,0
2026-07-19 16:39:22,314,519,481,0
2026-07-19 16:39:23,281,507,475,0
2026-07-19 16:39:24,279,513,475,0
2026-07-19 16:39:25,297,513,478,0
2026-07-19 16:39:26,298,519,489,0
2026-07-19 16:39:27,299,516,475,0
2026-07-19 16:39:28,324,510,476,0
2026-07-19 16:39:29,319,511,438,0
2026-07-19 16:39:30,315,519,426,0
2026-07-19 16:39:31,330,523,423,0
2026-07-19 16:39:32,316,524,438,0
2026-07-19 16:39:33,334,520,432,0
2026-07-19 16:39:34,324,525,446,0
2026-07-19 16:39:35,323,511,472,0
2026-07-19 16:39:36,327,537,499,0
2026-07-19 16:39:37,365,523,484,0
2026-07-19 16:39:38,315,523,504,0
2026-07-19 16:39:39,305,508,523,0
2026-07-19 16:39:40,290,512,484,0
2026-07-19 16:39:41,281,501,510,0
2026-07-19 16:39:42,294,511,524,0
2026-07-19 16:39:43,282,519,506,0
2026-07-19 16:39:44,286,516,498,0
2026-07-19 16:39:45,286,526,514,0
2026-07-19 16:39:46,306,508,545,0
2026-07-19 16:39:47,345,516,535,0
2026-07-19 16:39:48,333,517,497,0
2026-07-19 16:39:49,338,514,482,0
2026-07-19 16:39:50,377,522,445,0
2026-07-19 16:39:51,359,524,458,0
2026-07-19 16:39:52,338,514,443,0
2026-07-19 16:39:53,354,534,475,0
2026-07-19 16:39:54,347,530,483,0
2026-07-19 16:39:55,364,513,495,0
2026-07-19 16:39:56,325,518,466,0
2026-07-19 16:39:57,363,515,486,0
2026-07-19 16:39:58,337,526,477,0
2026-07-19 16:39:59,367,529,472,0
2026-07-19 16:40:00,297,510,471,0
2026-07-19 16:40:01,292,515,482,0
2026-07-19 16:40:02,294,526,472,0
2026-07-19 16:40:03,296,514,487,0
2026-07-19 16:40:04,288,505,476,0
2026-07-19 16:40:05,312,514,487,0
2026-07-19 16:40:06,294,505,477,0
2026-07-19 16:40:07,331,508,485,0
2026-07-19 16:40:08,373,505,466,0
2026-07-19 16:40:09,318,516,445,0
2026-07-19 16:40:10,319,511,435,0
2026-07-19 16:40:11,320,524,429,0
2026-07-19 16:40:12,333,510,429,0
2026-07-19 16:40:13,340,521,410,0
2026-07-19 16:40:14,341,533,420,0
2026-07-19 16:40:15,363,529,434,0
2026-07-19 16:40:16,333,521,414,0
2026-07-19 16:40:17,337,524,414,0
2026-07-19 16:40:18,378,522,409,0
2026-07-19 16:40:19,321,520,420,0
2026-07-19 16:40:20,324,519,400,0
2026-07-19 16:40:21,334,532,417,0
2026-07-19 16:40:22,325,531,403,0
2026-07-19 16:40:23,338,515,425,0
2026-07-19 16:40:24,370,513,417,0
2026-07-19 16:40:25,346,527,423,0
2026-07-19 16:40:26,349,518,406,0
2026-07-19 16:40:27,390,513,426,0
2026-07-19 16:40:28,369,507,445,0
2026-07-19 16:40:29,348,512,465,0
2026-07-19 16:40:30,282,504,472,0
2026-07-19 16:40:31,287,523,487,0
2026-07-19 16:40:32,293,516,489,0
2026-07-19 16:40:33,298,518,484,0
2026-07-19 16:40:34,339,522,482,0
2026-07-19 16:40:35,341,522,484,0
2026-07-19 16:40:36,397,525,515,0
2026-07-19 16:40:37,357,518,465,0
2026-07-19 16:40:38,353,503,458,0
2026-07-19 16:40:39,355,509,471,0
2026-07-19 16:40:40,353,525,474,0
2026-07-19 16:40:41,330,502,490,0
2026-07-19 16:40:42,369,509,487,0
2026-07-19 16:40:43,299,501,518,0
2026-07-19 16:40:44,308,509,533,0
2026-07-19 16:40:45,292,517,512,0
2026-07-19 16:40:46,310,526,482,0
2026-07-19 16:40:47,325,516,512,0
2026-07-19 16:40:48,302,517,494,0
2026-07-19 16:40:49,325,511,495,0
2026-07-19 16:40:50,331,527,488,0
2026-07-19 16:40:51,401,513,470,0
2026-07-19 16:40:52,318,520,463,0
2026-07-19 16:40:53,350,523,427,0
2026-07-19 16:40:54,333,524,419,0
2026-07-19 16:40:55,321,517,416,0
2026-07-19 16:40:56,325,512,429,0
2026-07-19 16:40:57,339,520,475,0
2026-07-19 16:40:58,325,510,477,0
2026-07-19 16:40:59,294,507,469,0
2026-07-19 16:41:00,280,500,489,0
2026-07-19 16:41:01,289,513,489,0
2026-07-19 16:41:02,292,517,488,0
2026-07-19 16:41:03,301,520,472,0
2026-07-19 16:41:04,317,531,496,0
2026-07-19 16:41:05,329,529,494,0
2026-07-19 16:41:06,394,516,483,0
2026-07-19 16:41:07,359,513,497,0
2026-07-19 16:41:08,367,517,484,0
2026-07-19 16:41:09,352,524,457,0
2026-07-19 16:41:10,344,507,470,0
2026-07-19 16:41:11,346,528,458,0
2026-07-19 16:41:12,331,533,482,0
2026-07-19 16:41:13,341,511,481,0
2026-07-19 16:41:14,389,520,499,0
2026-07-19 16:41:15,388,534,472,0
2026-07-19 16:41:16,365,527,466,0
2026-07-19 16:41:17,352,517,489,0
2026-07-19 16:41:18,359,518,472,0
2026-07-19 16:41:19,335,518,459,0
2026-07-19 16:41:20,338,520,480,0
2026-07-19 16:41:21,363,513,476,0
2026-07-19 16:41:22,386,531,499,0
2026-07-19 16:41:23,361,522,494,0
2026-07-19 16:41:24,313,530,481,0
2026-07-19 16:41:25,344,519,487,0
2026-07-19 16:41:26,270,528,501,0
2026-07-19 16:41:27,281,521,492,0
2026-07-19 16:41:28,278,503,481,0
2026-07-19 16:41:29,276,504,494,0
2026-07-19 16:41:30,281,523,491,0
2026-07-19 16:41:31,290,507,477,0
2026-07-19 16:41:32,311,515,474,0
2026-07-19 16:41:33,356,515,489,0
2026-07-19 16:41:34,325,509,464,0
2026-07-19 16:41:35,321,522,441,0
2026-07-19 16:41:36,323,524,428,0
2026-07-19 16:41:37,317,529,418,0
2026-07-19 16:41:38,331,521,434,0
2026-07-19 16:41:39,313,523,425,0
2026-07-19 16:41:40,364,522,433,0
2026-07-19 16:41:41,367,520,444,0
2026-07-19 16:41:42,332,512,447,0
2026-07-19 16:41:43,387,529,476,0
2026-07-19 16:41:44,399,528,457,0
2026-07-19 16:41:45,327,513,471,0
2026-07-19 16:41:46,328,516,485,0
2026-07-19 16:41:47,303,520,492,0
2026-07-19 16:41:48,284,511,524,0
2026-07-19 16:41:49,272,525,511,0
2026-07-19 16:41:50,273,514,506,0
2026-07-19 16:41:51,279,505,516,0
2026-07-19 16:41:52,305,515,546,0
2026-07-19 16:41:53,318,511,521,0
2026-07-19 16:41:54,324,526,509,0
2026-07-19 16:41:55,361,528,500,0
2026-07-19 16:41:56,343,525,475,0
2026-07-19 16:41:57,313,521,467,0
2026-07-19 16:41:58,317,523,486,0
2026-07-19 16:41:59,379,525,448,0
2026-07-19 16:42:00,353,515,460,0
2026-07-19 16:42:01,330,512,474,0
2026-07-19 16:42:02,403,511,468,0
2026-07-19 16:42:03,376,527,454,0
2026-07-19 16:42:04,356,532,488,0
2026-07-19 16:42:05,336,524,487,0
2026-07-19 16:42:06,346,529,494,0
2026-07-19 16:42:07,324,517,489,0
2026-07-19 16:42:08,372,512,450,0
2026-07-19 16:42:09,322,536,488,0
2026-07-19 16:42:10,373,519,442,0
2026-07-19 16:42:11,355,510,452,0
2026-07-19 16:42:12,356,506,468,0
2026-07-19 16:42:13,354,503,475,0
2026-07-19 16:42:14,337,533,450,0
2026-07-19 16:42:15,342,520,450,0
2026-07-19 16:42:16,345,499,486,0
2026-07-19 16:42:17,351,502,486,0
2026-07-19 16:42:18,371,513,476,0
2026-07-19 16:42:19,343,516,506,0
2026-07-19 16:42:20,338,508,519,0
2026-07-19 16:42:21,323,508,515,0
2026-07-19 16:42:22,280,513,542,0
2026-07-19 16:42:23,286,515,521,0
2026-07-19 16:42:24,292,506,522,0
2026-07-19 16:42:25,296,503,506,0
2026-07-19 16:42:26,279,521,500,0
2026-07-19 16:42:27,266,523,535,0
2026-07-19 16:42:28,298,512,511,0
2026-07-19 16:42:29,311,517,484,0
2026-07-19 16:42:30,303,514,484,0
2026-07-19 16:42:31,333,528,480,0
2026-07-19 16:42:32,351,516,480,0
2026-07-19 16:42:33,365,521,472,0
2026-07-19 16:42:34,344,511,479,0
2026-07-19 16:42:35,332,518,467,0
2026-07-19 16:42:36,380,516,483,0
2026-07-19 16:42:37,340,519,474,0
2026-07-19 16:42:38,357,510,470,0
2026-07-19 16:42:39,332,518,476,0
2026-07-19 16:42:40,357,528,471,0
2026-07-19 16:42:41,339,532,501,0
2026-07-19 16:42:42,327,527,491,0
2026-07-19 16:42:43,315,518,521,0
2026-07-19 16:42:44,313,530,472,0
2026-07-19 16:42:45,302,523,461,0
2026-07-19 16:42:46,290,527,503,0
2026-07-19 16:42:47,300,523,499,0
2026-07-19 16:42:48,292,510,503,0
2026-07-19 16:42:49,293,520,508,0
2026-07-19 16:42:50,274,509,541,0
2026-07-19 16:42:51,297,504,535,0
2026-07-19 16:42:52,342,513,517,0
2026-07-19 16:42:53,334,516,523,0
2026-07-19 16:42:54,358,507,507,0
2026-07-19 16:42:55,311,521,463,0
2026-07-19 16:42:56,317,529,472,0
2026-07-19 16:42:57,383,513,447,0
2026-07-19 16:42:58,347,530,478,0
2026-07-19 16:42:59,315,527,480,0
2026-07-19 16:43:00,336,516,490,0
2026-07-19 16:43:01,373,518,474,0
2026-07-19 16:43:02,354,521,490,0
2026-07-19 16:43:03,327,522,482,0
2026-07-19 16:43:04,297,520,481,0
2026-07-19 16:43:05,287,517,475,0
2026-07-19 16:43:06,275,511,495,0
2026-07-19 16:43:07,295,505,479,0
2026-07-19 16:43:08,293,509,473,0
2026-07-19 16:43:09,320,510,486,0
2026-07-19 16:43:10,326,509,440,0
2026-07-19 16:43:11,362,508,445,0
2026-07-19 16:43:12,333,497,433,0
2026-07-19 16:43:13,340,523,420,0
2026-07-19 16:43:14,329,511,405,0
2026-07-19 16:43:15,369,524,424,0
2026-07-19 16:43:16,338,516,419,0
2026-07-19 16:43:17,319,513,470,0
2026-07-19 16:43:18,335,534,472,0
2026-07-19 16:43:19,341,528,464,0
2026-07-19 16:43:20,378,511,466,0
2026-07-19 16:43:21,350,519,420,0
2026-07-19 16:43:22,353,537,471,0
2026-07-19 16:43:23,349,533,471,0
2026-07-19 16:43:24,342,514,467,0
2026-07-19 16:43:25,343,515,451,0
2026-07-19 16:43:26,334,519,452,0
2026-07-19 16:43:27,340,528,432,0
2026-07-19 16:43:28,364,517,435,0
2026-07-19 16:43:29,348,526,422,0
2026-07-19 16:43:30,370,521,426,0
2026-07-19 16:43:31,381,524,422,0
2026-07-19 16:43:32,344,530,426,0
2026-07-19 16:43:33,327,517,413,0
2026-07-19 16:43:34,343,510,423,0
2026-07-19 16:43:35,332,534,443,0
2026-07-19 16:43:36,345,520,432,0
2026-07-19 16:43:37,355,504,440,0
2026-07-19 16:43:38,365,523,435,0
2026-07-19 16:43:39,365,515,428,0
2026-07-19 16:43:40,364,518,433,0
2026-07-19 16:43:41,328,525,422,0
2026-07-19 16:43:42,341,520,436,0
2026-07-19 16:43:43,358,520,430,0
2026-07-19 16:43:44,364,524,434,0
2026-07-19 16:43:45,366,514,429,0
2026-07-19 16:43:46,340,512,418,0
2026-07-19 16:43:47,328,515,437,0
2026-07-19 16:43:48,325,524,432,0
2026-07-19 16:43:49,306,534,434,0
2026-07-19 16:43:50,337,526,436,0
2026-07-19 16:43:51,370,523,440,0
2026-07-19 16:43:52,331,524,459,0
2026-07-19 16:43:53,408,520,455,0
2026-07-19 16:43:54,362,514,479,0
2026-07-19 16:43:55,328,511,497,0
2026-07-19 16:43:56,309,510,483,0
2026-07-19 16:43:57,287,511,485,0
2026-07-19 16:43:58,285,519,502,0
2026-07-19 16:43:59,274,501,540,0
2026-07-19 16:44:00,283,518,512,0
2026-07-19 16:44:01,365,520,538,0
2026-07-19 16:44:02,348,511,506,0
2026-07-19 16:44:03,387,520,458,0
2026-07-19 16:44:04,376,525,489,0
2026-07-19 16:44:05,341,516,446,0
2026-07-19 16:44:06,360,512,454,0
2026-07-19 16:44:07,361,522,491,0
2026-07-19 16:44:08,380,515,506,0
2026-07-19 16:44:09,384,525,474,0
2026-07-19 16:44:10,347,527,478,0
2026-07-19 16:44:11,336,512,483,0
2026-07-19 16:44:12,279,515,474,0
2026-07-19 16:44:13,290,505,490,0
2026-07-19 16:44:14,273,508,481,0
2026-07-19 16:44:15,273,511,483,0
2026-07-19 16:44:16,314,508,494,0
2026-07-19 16:44:17,371,508,464,0
2026-07-19 16:44:18,320,515,438,0
2026-07-19 16:44:19,328,523,430,0
2026-07-19 16:44:20,382,517,438,0
2026-07-19 16:44:21,332,527,425,0
2026-07-19 16:44:22,365,524,445,0
2026-07-19 16:44:23,369,509,440,0
2026-07-19 16:44:24,327,512,455,0
2026-07-19 16:44:25,323,521,487,0
2026-07-19 16:44:26,363,520,462,0
2026-07-19 16:44:27,319,499,469,0
2026-07-19 16:44:28,312,529,497,0
2026-07-19 16:44:29,303,514,526,0
2026-07-19 16:44:30,288,525,539,0
2026-07-19 16:44:31,297,509,527,0
2026-07-19 16:44:32,349,523,504,0
2026-07-19 16:44:33,330,512,507,0
2026-07-19 16:44:34,363,522,496,0
2026-07-19 16:44:35,386,507,463,0
2026-07-19 16:44:36,349,511,452,0
2026-07-19 16:44:37,352,524,464,0
2026-07-19 16:44:38,334,525,470,0
2026-07-19 16:44:39,349,528,487,0
2026-07-19 16:44:40,379,523,504,0
2026-07-19 16:44:41,355,509,484,0
2026-07-19 16:44:42,326,519,491,0
2026-07-19 16:44:43,299,529,492,0
2026-07-19 16:44:44,293,516,482,0
2026-07-19 16:44:45,274,516,490,0
2026-07-19 16:44:46,280,504,476,0
2026-07-19 16:44:47,335,506,475,0
2026-07-19 16:44:48,329,509,487,0
2026-07-19 16:44:49,317,509,450,0
2026-07-19 16:44:50,372,522,424,0
2026-07-19 16:44:51,377,535,418,0
2026-07-19 16:44:52,322,514,419,0
2026-07-19 16:44:53,329,523,427,0
2026-07-19 16:44:54,335,519,410,0
2026-07-19 16:44:55,336,507,449,0
2026-07-19 16:44:56,377,527,455,0
2026-07-19 16:44:57,387,528,489,0
2026-07-19 16:44:58,334,514,465,0
2026-07-19 16:44:59,380,519,467,0
2026-07-19 16:45:00,357,523,501,0
2026-07-19 16:45:01,369,519,491,0
2026-07-19 16:45:02,365,533,469,0
2026-07-19 16:45:03,335,528,507,0
2026-07-19 16:45:04,304,514,485,0
2026-07-19 16:45:05,288,516,487,0
2026-07-19 16:45:06,303,513,507,0
2026-07-19 16:45:07,309,520,516,0
2026-07-19 16:45:08,293,505,510,0
2026-07-19 16:45:09,284,498,528,0
2026-07-19 16:45:10,283,511,521,0
2026-07-19 16:45:11,329,512,565,0
2026-07-19 16:45:12,358,514,514,0
2026-07-19 16:45:13,339,508,491,0
2026-07-19 16:45:14,320,501,530,0
2026-07-19 16:45:15,357,508,478,0
2026-07-19 16:45:16,342,521,461,0
2026-07-19 16:45:17,341,513,463,0
2026-07-19 16:45:18,328,528,455,0
2026-07-19 16:45:19,363,520,486,0
2026-07-19 16:45:20,359,530,468,0
2026-07-19 16:45:21,335,514,426,0
2026-07-19 16:45:22,328,526,483,0
2026-07-19 16:45:23,366,510,445,0
2026-07-19 16:45:24,323,528,483,0
2026-07-19 16:45:25,325,520,448,0
2026-07-19 16:45:26,350,525,484,0
2026-07-19 16:45:27,376,514,481,0
2026-07-19 16:45:28,337,509,481,0
2026-07-19 16:45:29,342,521,480,0
2026-07-19 16:45:30,364,531,486,0
2026-07-19 16:45:31,353,525,457,0
2026-07-19 16:45:32,372,529,499,0
2026-07-19 16:45:33,355,508,481,0
2026-07-19 16:45:34,377,535,455,0
2026-07-19 16:45:35,335,522,480,0
2026-07-19 16:45:36,379,514,432,0
2026-07-19 16:45:37,354,520,497,0
2026-07-19 16:45:38,358,533,469,0
2026-07-19 16:45:39,347,510,453,0
2026-07-19 16:45:40,358,523,444,0
2026-07-19 16:45:41,385,536,489,0
2026-07-19 16:45:42,341,526,469,0
2026-07-19 16:45:43,352,518,484,0
2026-07-19 16:45:44,362,515,455,0
2026-07-19 16:45:45,356,531,456,0
2026-07-19 16:45:46,364,509,503,0
2026-07-19 16:45:47,336,511,517,0
2026-07-19 16:45:48,373,510,470,0
2026-07-19 16:45:49,326,513,478,0
2026-07-19 16:45:50,350,506,483,0
2026-07-19 16:45:51,363,513,525,0
2026-07-19 16:45:52,372,520,508,0
2026-07-19 16:45:53,320,513,474,0
2026-07-19 16:45:54,364,513,445,0
2026-07-19 16:45:55,309,518,473,0
2026-07-19 16:45:56,349,527,479,0
2026-07-19 16:45:57,336,526,466,0
2026-07-19 16:45:58,379,515,449,0
2026-07-19 16:45:59,369,518,481,0
2026-07-19 16:46:00,338,520,457,0
2026-07-19 16:46:01,338,519,484,0
2026-07-19 16:46:02,329,524,501,0
2026-07-19 16:46:03,384,533,508,0
2026-07-19 16:46:04,359,510,480,0
2026-07-19 16:46:05,315,516,485,0
2026-07-19 16:46:06,280,528,489,0
2026-07-19 16:46:07,302,520,494,0
2026-07-19 16:46:08,283,507,475,0
2026-07-19 16:46:09,293,505,472,0
2026-07-19 16:46:10,364,513,494,0
2026-07-19 16:46:11,333,516,458,0
2026-07-19 16:46:12,325,512,446,0
2026-07-19 16:46:13,364,519,409,0
2026-07-19 16:46:14,368,521,430,0
2026-07-19 16:46:15,356,518,425,0
2026-07-19 16:46:16,333,517,448,0
2026-07-19 16:46:17,372,510,482,0
2026-07-19 16:46:18,380,513,454,0
2026-07-19 16:46:19,321,522,475,0
2026-07-19 16:46:20,304,512,498,0
2026-07-19 16:46:21,294,501,513,0
2026-07-19 16:46:22,299,524,524,0
2026-07-19 16:46:23,295,506,532,0
2026-07-19 16:46:24,304,518,521,0
2026-07-19 16:46:25,346,521,479,0
2026-07-19 16:46:26,355,514,505,0
2026-07-19 16:46:27,351,525,484,0
2026-07-19 16:46:28,382,523,464,0
2026-07-19 16:46:29,339,521,450,0
2026-07-19 16:46:30,349,523,471,0
2026-07-19 16:46:31,349,536,478,0
2026-07-19 16:46:32,379,521,496,0
2026-07-19 16:46:33,372,504,509,0
2026-07-19 16:46:34,337,526,497,0
2026-07-19 16:46:35,299,521,480,0
2026-07-19 16:46:36,270,519,476,0
2026-07-19 16:46:37,277,515,470,0
2026-07-19 16:46:38,280,516,482,0
2026-07-19 16:46:39,289,515,495,0
2026-07-19 16:46:40,327,510,485,0
2026-07-19 16:46:41,371,510,465,0
2026-07-19 16:46:42,326,505,430,0
2026-07-19 16:46:43,362,527,420,0
2026-07-19 16:46:44,338,523,430,0
2026-07-19 16:46:45,393,528,443,0
2026-07-19 16:46:46,345,523,434,0
2026-07-19 16:46:47,362,517,455,0
2026-07-19 16:46:48,368,522,477,0
2026-07-19 16:46:49,394,523,481,0
2026-07-19 16:46:50,386,520,512,0
2026-07-19 16:46:51,322,519,481,0
2026-07-19 16:46:52,293,515,507,0
2026-07-19 16:46:53,276,516,532,0
2026-07-19 16:46:54,275,519,489,0
2026-07-19 16:46:55,282,521,514,0
2026-07-19 16:46:56,316,495,527,0
2026-07-19 16:46:57,338,507,527,0
2026-07-19 16:46:58,353,513,499,0
2026-07-19 16:46:59,360,513,502,0
2026-07-19 16:47:00,349,516,463,0
2026-07-19 16:47:01,370,519,476,0
2026-07-19 16:47:02,382,525,440,0
2026-07-19 16:47:03,332,514,471,0
2026-07-19 16:47:04,388,529,517,0
2026-07-19 16:47:05,327,517,504,0
2026-07-19 16:47:06,364,523,495,0
2026-07-19 16:47:07,374,521,485,0
2026-07-19 16:47:08,340,507,479,0
2026-07-19 16:47:09,344,524,488,0
2026-07-19 16:47:10,296,517,470,0
2026-07-19 16:47:11,318,518,489,0
2026-07-19 16:47:12,275,515,468,0
2026-07-19 16:47:13,292,514,481,0
2026-07-19 16:47:14,293,522,470,0
2026-07-19 16:47:15,283,512,501,0
2026-07-19 16:47:16,272,517,477,0
2026-07-19 16:47:17,323,516,484,0
2026-07-19 16:47:18,324,513,477,0
2026-07-19 16:47:19,350,514,481,0
2026-07-19 16:47:20,312,517,475,0
2026-07-19 16:47:21,308,518,478,0
2026-07-19 16:47:22,319,502,474,0
2026-07-19 16:47:23,336,507,464,0
2026-07-19 16:47:24,315,522,471,0
2026-07-19 16:47:25,321,519,482,0
2026-07-19 16:47:26,341,516,489,0
2026-07-19 16:47:27,315,509,490,0
2026-07-19 16:47:28,310,511,484,0
2026-07-19 16:47:29,286,513,495,0
2026-07-19 16:47:30,287,517,486,0
2026-07-19 16:47:31,276,507,481,0
2026-07-19 16:47:32,297,519,498,0
2026-07-19 16:47:33,284,531,486,0
2026-07-19 16:47:34,293,524,474,0
2026-07-19 16:47:35,326,511,471,0
2026-07-19 16:47:36,346,522,485,0
2026-07-19 16:47:37,358,520,488,0
2026-07-19 16:47:38,360,522,487,0
2026-07-19 16:47:39,345,524,478,0
2026-07-19 16:47:40,367,526,453,0
2026-07-19 16:47:41,336,518,491,0
2026-07-19 16:47:42,332,528,474,0
2026-07-19 16:47:43,344,515,456,0
2026-07-19 16:47:44,322,516,485,0
2026-07-19 16:47:45,362,498,549,0
2026-07-19 16:47:46,313,498,534,0
2026-07-19 16:47:47,322,512,506,0
2026-07-19 16:47:48,287,503,532,0
2026-07-19 16:47:49,267,528,514,0
2026-07-19 16:47:50,264,507,481,0
2026-07-19 16:47:51,295,515,494,0
2026-07-19 16:47:52,308,513,479,0
2026-07-19 16:47:53,328,526,490,0
2026-07-19 16:47:54,298,515,474,0
2026-07-19 16:47:55,327,519,490,0
2026-07-19 16:47:56,341,526,483,0
2026-07-19 16:47:57,344,529,502,0
2026-07-19 16:47:58,341,526,501,0
2026-07-19 16:47:59,319,526,484,0
2026-07-19 16:48:00,327,524,486,0
2026-07-19 16:48:01,318,516,497,0
2026-07-19 16:48:02,321,504,481,0
2026-07-19 16:48:03,289,515,496,0
2026-07-19 16:48:04,294,515,472,0
2026-07-19 16:48:05,288,511,540,0
2026-07-19 16:48:06,289,509,537,0
2026-07-19 16:48:07,292,517,534,0
2026-07-19 16:48:08,358,502,519,0
2026-07-19 16:48:09,331,505,472,0
2026-07-19 16:48:10,327,509,520,0
2026-07-19 16:48:11,373,503,495,0
2026-07-19 16:48:12,327,508,480,0
2026-07-19 16:48:13,360,541,475,0
2026-07-19 16:48:14,387,515,476,0
2026-07-19 16:48:15,339,511,481,0
2026-07-19 16:48:16,322,512,450,0
2026-07-19 16:48:17,369,515,485,0
2026-07-19 16:48:18,375,521,473,0
2026-07-19 16:48:19,371,513,479,0
2026-07-19 16:48:20,365,519,474,0
2026-07-19 16:48:21,331,527,481,0
2026-07-19 16:48:22,284,513,474,0
2026-07-19 16:48:23,290,527,494,0
2026-07-19 16:48:24,281,521,484,0
2026-07-19 16:48:25,280,514,474,0
2026-07-19 16:48:26,295,516,475,0
2026-07-19 16:48:27,308,515,478,0
2026-07-19 16:48:28,309,507,497,0
2026-07-19 16:48:29,352,504,470,0
2026-07-19 16:48:30,371,516,469,0
2026-07-19 16:48:31,361,514,464,0
2026-07-19 16:48:32,333,512,481,0
2026-07-19 16:48:33,317,506,459,0
2026-07-19 16:48:34,318,511,464,0
2026-07-19 16:48:35,329,518,477,0
2026-07-19 16:48:36,334,507,483,0
2026-07-19 16:48:37,319,515,481,0
2026-07-19 16:48:38,297,506,478,0
2026-07-19 16:48:39,289,517,487,0
2026-07-19 16:48:40,294,524,473,0
2026-07-19 16:48:41,271,531,481,0
2026-07-19 16:48:42,304,510,474,0
2026-07-19 16:48:43,320,511,483,0
2026-07-19 16:48:44,323,528,483,0
2026-07-19 16:48:45,364,515,503,0
2026-07-19 16:48:46,371,508,505,0
2026-07-19 16:48:47,336,507,448,0
2026-07-19 16:48:48,380,519,487,0
2026-07-19 16:48:49,343,515,463,0
2026-07-19 16:48:50,345,521,475,0
2026-07-19 16:48:51,340,514,506,0
2026-07-19 16:48:52,353,522,505,0
2026-07-19 16:48:53,329,502,514,0
2026-07-19 16:48:54,290,524,497,0
2026-07-19 16:48:55,296,522,516,0
2026-07-19 16:48:56,299,511,499,0
2026-07-19 16:48:57,316,514,497,0
2026-07-19 16:48:58,337,522,496,0
2026-07-19 16:48:59,383,510,476,0
2026-07-19 16:49:00,320,511,443,0
2026-07-19 16:49:01,360,516,474,0
2026-07-19 16:49:02,339,522,438,0
2026-07-19 16:49:03,355,520,425,0
2026-07-19 16:49:04,361,527,422,0
2026-07-19 16:49:05,343,515,426,0
2026-07-19 16:49:06,390,507,435,0
2026-07-19 16:49:07,307,514,468,0
2026-07-19 16:49:08,276,512,484,0
2026-07-19 16:49:09,275,513,491,0
2026-07-19 16:49:10,281,510,481,0
2026-07-19 16:49:11,276,516,470,0
2026-07-19 16:49:12,306,521,490,0
2026-07-19 16:49:13,310,520,500,0
2026-07-19 16:49:14,349,529,467,0
2026-07-19 16:49:15,373,520,484,0
2026-07-19 16:49:16,346,516,512,0
2026-07-19 16:49:17,375,525,483,0
2026-07-19 16:49:18,350,519,456,0
2026-07-19 16:49:19,351,506,459,0
2026-07-19 16:49:20,349,507,477,0
2026-07-19 16:49:21,350,513,494,0
2026-07-19 16:49:22,322,509,534,0
2026-07-19 16:49:23,314,518,500,0
2026-07-19 16:49:24,321,509,500,0
2026-07-19 16:49:25,297,512,543,0
2026-07-19 16:49:26,294,516,493,0
2026-07-19 16:49:27,303,515,504,0
2026-07-19 16:49:28,341,514,501,0
2026-07-19 16:49:29,357,507,463,0
2026-07-19 16:49:30,346,538,481,0
2026-07-19 16:49:31,370,528,474,0
2026-07-19 16:49:32,339,516,427,0
2026-07-19 16:49:33,316,517,418,0
2026-07-19 16:49:34,318,526,417,0
2026-07-19 16:49:35,347,530,431,0
2026-07-19 16:49:36,369,507,420,0
2026-07-19 16:49:37,358,505,471,0
2026-07-19 16:49:38,343,513,489,0
2026-07-19 16:49:39,333,516,480,0
2026-07-19 16:49:40,295,514,484,0
2026-07-19 16:49:41,290,517,466,0
2026-07-19 16:49:42,276,524,469,0
2026-07-19 16:49:43,284,509,483,0
2026-07-19 16:49:44,328,522,476,0
2026-07-19 16:49:45,369,506,492,0
2026-07-19 16:49:46,342,529,478,0
2026-07-19 16:49:47,348,531,501,0
2026-07-19 16:49:48,360,521,511,0
2026-07-19 16:49:49,359,526,476,0
2026-07-19 16:49:50,370,520,467,0
2026-07-19 16:49:51,374,522,441,0
2026-07-19 16:49:52,342,512,481,0
2026-07-19 16:49:53,326,516,476,0
2026-07-19 16:49:54,349,511,448,0
2026-07-19 16:49:55,350,513,492,0
2026-07-19 16:49:56,342,497,470,0
2026-07-19 16:49:57,323,508,497,0
2026-07-19 16:49:58,363,518,450,0
2026-07-19 16:49:59,351,514,500,0
2026-07-19 16:50:00,335,512,527,0
2026-07-19 16:50:01,339,507,511,0
2026-07-19 16:50:02,347,511,532,0
2026-07-19 16:50:03,351,505,539,0
2026-07-19 16:50:04,342,514,526,0
2026-07-19 16:50:05,328,517,513,0
2026-07-19 16:50:06,344,519,528,0
2026-07-19 16:50:07,339,507,530,0
2026-07-19 16:50:08,338,518,506,0
2026-07-19 16:50:09,350,505,511,0
2026-07-19 16:50:10,348,505,506,0
2026-07-19 16:50:11,353,505,493,0
2026-07-19 16:50:12,371,513,496,0
2026-07-19 16:50:13,375,507,468,0
2026-07-19 16:50:14,359,513,495,0
2026-07-19 16:50:15,351,517,473,0
2026-07-19 16:50:16,338,522,489,0
2026-07-19 16:50:17,352,527,476,0
2026-07-19 16:50:18,378,508,492,0
2026-07-19 16:50:19,320,505,478,0
2026-07-19 16:50:20,340,519,486,0
2026-07-19 16:50:21,355,530,465,0
2026-07-19 16:50:22,316,514,456,0
2026-07-19 16:50:23,387,524,459,0
2026-07-19 16:50:24,359,531,475,0
2026-07-19 16:50:25,348,529,430,0
2026-07-19 16:50:26,364,507,471,0
2026-07-19 16:50:27,373,526,485,0
2026-07-19 16:50:28,365,533,504,0
2026-07-19 16:50:29,373,519,480,0
2026-07-19 16:50:30,333,515,497,0
2026-07-19 16:50:31,331,516,493,0
2026-07-19 16:50:32,319,529,488,0
2026-07-19 16:50:33,341,512,475,0
2026-07-19 16:50:34,327,519,479,0
2026-07-19 16:50:35,295,524,477,0
2026-07-19 16:50:36,292,512,485,0
2026-07-19 16:50:37,282,511,483,0
2026-07-19 16:50:38,287,514,488,0
2026-07-19 16:50:39,288,518,494,0
2026-07-19 16:50:40,293,510,482,0
2026-07-19 16:50:41,314,517,481,0
2026-07-19 16:50:42,335,513,505,0
2026-07-19 16:50:43,385,507,450,0
2026-07-19 16:50:44,331,519,419,0
2026-07-19 16:50:45,318,522,420,0
2026-07-19 16:50:46,359,526,426,0
2026-07-19 16:50:47,379,533,425,0
2026-07-19 16:50:48,352,519,434,0
2026-07-19 16:50:49,343,524,424,0
2026-07-19 16:50:50,319,528,467,0
2026-07-19 16:50:51,358,517,491,0
2026-07-19 16:50:52,331,525,493,0
2026-07-19 16:50:53,325,505,468,0
2026-07-19 16:50:54,284,523,478,0
2026-07-19 16:50:55,285,525,503,0
2026-07-19 16:50:56,295,509,551,0
2026-07-19 16:50:57,295,504,508,0
2026-07-19 16:50:58,307,509,508,0
2026-07-19 16:50:59,307,507,501,0
2026-07-19 16:51:00,316,525,495,0
2026-07-19 16:51:01,346,506,528,0
2026-07-19 16:51:02,373,521,540,0
2026-07-19 16:51:03,340,505,487,0
2026-07-19 16:51:04,346,504,470,0
2026-07-19 16:51:05,351,520,476,0
2026-07-19 16:51:06,355,529,443,0
2026-07-19 16:51:07,327,512,485,0
2026-07-19 16:51:08,332,539,460,0
2026-07-19 16:51:09,338,527,472,0
2026-07-19 16:51:10,347,517,487,0
2026-07-19 16:51:11,357,529,477,0
2026-07-19 16:51:12,344,531,478,0
2026-07-19 16:51:13,323,528,491,0
2026-07-19 16:51:14,339,530,476,0
2026-07-19 16:51:15,341,520,494,0
2026-07-19 16:51:16,342,508,485,0
2026-07-19 16:51:17,299,515,493,0
2026-07-19 16:51:18,300,523,488,0
2026-07-19 16:51:19,281,517,469,0
2026-07-19 16:51:20,287,521,477,0
2026-07-19 16:51:21,301,525,470,0
2026-07-19 16:51:22,288,523,491,0
2026-07-19 16:51:23,294,503,505,0
2026-07-19 16:51:24,290,509,492,0
2026-07-19 16:51:25,289,514,479,0
2026-07-19 16:51:26,312,510,484,0
2026-07-19 16:51:27,321,515,488,0
2026-07-19 16:51:28,298,512,483,0
2026-07-19 16:51:29,341,511,492,0
2026-07-19 16:51:30,352,515,497,0
2026-07-19 16:51:31,340,513,488,0
2026-07-19 16:51:32,298,508,485,0
2026-07-19 16:51:33,294,513,473,0
2026-07-19 16:51:34,316,510,477,0
2026-07-19 16:51:35,272,508,492,0
2026-07-19 16:51:36,295,513,484,0
2026-07-19 16:51:37,299,513,479,0
2026-07-19 16:51:38,283,506,472,0
2026-07-19 16:51:39,297,505,484,0
2026-07-19 16:51:40,297,515,500,0
2026-07-19 16:51:41,294,517,487,0
2026-07-19 16:51:42,286,504,481,0
2026-07-19 16:51:43,278,513,483,0
2026-07-19 16:51:44,311,518,473,0
2026-07-19 16:51:45,328,534,474,0
2026-07-19 16:51:46,340,529,483,0
2026-07-19 16:51:47,372,519,486,0
2026-07-19 16:51:48,381,521,474,0
2026-07-19 16:51:49,350,515,510,0
2026-07-19 16:51:50,382,523,485,0
2026-07-19 16:51:51,371,523,491,0
2026-07-19 16:51:52,341,516,517,0
2026-07-19 16:51:53,324,512,508,0
2026-07-19 16:51:54,328,521,465,0
2026-07-19 16:51:55,368,533,513,0
2026-07-19 16:51:56,363,517,510,0
2026-07-19 16:51:57,363,507,464,0
2026-07-19 16:51:58,381,513,475,0
2026-07-19 16:51:59,369,514,480,0
2026-07-19 16:52:00,371,531,448,0
2026-07-19 16:52:01,370,528,463,0
2026-07-19 16:52:02,345,529,464,0
2026-07-19 16:52:03,338,514,436,0
2026-07-19 16:52:04,361,516,476,0
2026-07-19 16:52:05,345,514,483,0
2026-07-19 16:52:06,324,520,454,0
2026-07-19 16:52:07,325,525,474,0
2026-07-19 16:52:08,375,520,458,0
2026-07-19 16:52:09,330,515,477,0
2026-07-19 16:52:10,339,516,470,0
2026-07-19 16:52:11,376,529,478,0
2026-07-19 16:52:12,342,517,485,0
2026-07-19 16:52:13,358,511,500,0
2026-07-19 16:52:14,358,523,475,0
2026-07-19 16:52:15,359,518,477,0
2026-07-19 16:52:16,358,506,500,0
2026-07-19 16:52:17,356,517,505,0
2026-07-19 16:52:18,337,519,490,0
2026-07-19 16:52:19,320,514,479,0
2026-07-19 16:52:20,377,527,477,0
2026-07-19 16:52:21,352,523,500,0
2026-07-19 16:52:22,349,523,495,0
2026-07-19 16:52:23,344,517,479,0
2026-07-19 16:52:24,369,516,506,0
2026-07-19 16:52:25,371,511,509,0
2026-07-19 16:52:26,360,515,499,0
2026-07-19 16:52:27,368,515,501,0
2026-07-19 16:52:28,338,515,511,0
2026-07-19 16:52:29,374,516,493,0
2026-07-19 16:52:30,361,509,522,0
2026-07-19 16:52:31,341,515,488,0
2026-07-19 16:52:32,340,510,529,0
2026-07-19 16:52:33,373,522,497,0
2026-07-19 16:52:34,350,519,502,0
2026-07-19 16:52:35,356,516,518,0
2026-07-19 16:52:36,347,518,531,0
2026-07-19 16:52:37,333,512,498,0
2026-07-19 16:52:38,339,516,514,0
2026-07-19 16:52:39,322,527,499,0
2026-07-19 16:52:40,347,533,522,0
2026-07-19 16:52:41,355,525,515,0
2026-07-19 16:52:42,390,527,486,0
2026-07-19 16:52:43,397,518,497,0
2026-07-19 16:52:44,389,509,489,0
2026-07-19 16:52:45,333,510,475,0
2026-07-19 16:52:46,340,532,477,0
2026-07-19 16:52:47,335,518,486,0
2026-07-19 16:52:48,337,511,493,0
2026-07-19 16:52:49,325,515,492,0
2026-07-19 16:52:50,298,523,472,0
2026-07-19 16:52:51,306,521,474,0
2026-07-19 16:52:52,278,527,481,0
2026-07-19 16:52:53,291,522,485,0
2026-07-19 16:52:54,272,524,491,0
2026-07-19 16:52:55,291,521,482,0
2026-07-19 16:52:56,316,511,478,0
2026-07-19 16:52:57,295,510,498,0
2026-07-19 16:52:58,359,516,469,0
2026-07-19 16:52:59,320,515,428,0
2026-07-19 16:53:00,360,514,424,0
2026-07-19 16:53:01,335,522,421,0
2026-07-19 16:53:02,361,525,449,0
2026-07-19 16:53:03,356,529,467,0
2026-07-19 16:53:04,372,524,498,0
2026-07-19 16:53:05,344,523,470,0
2026-07-19 16:53:06,360,524,503,0
2026-07-19 16:53:07,315,518,494,0
2026-07-19 16:53:08,329,533,506,0
2026-07-19 16:53:09,281,501,528,0
2026-07-19 16:53:10,275,533,496,0
2026-07-19 16:53:11,295,526,512,0
2026-07-19 16:53:12,320,508,535,0
2026-07-19 16:53:13,344,507,528,0
2026-07-19 16:53:14,324,505,501,0
2026-07-19 16:53:15,336,503,445,0
2026-07-19 16:53:16,351,512,497,0
2026-07-19 16:53:17,320,516,446,0
2026-07-19 16:53:18,379,532,470,0
2026-07-19 16:53:19,352,522,513,0
2026-07-19 16:53:20,344,532,511,0
2026-07-19 16:53:21,369,513,459,0
2026-07-19 16:53:22,341,511,478,0
2026-07-19 16:53:23,292,512,485,0
2026-07-19 16:53:24,282,505,482,0
2026-07-19 16:53:25,294,521,457,0
2026-07-19 16:53:26,283,512,492,0
2026-07-19 16:53:27,273,516,482,0
2026-07-19 16:53:28,344,512,473,0
2026-07-19 16:53:29,319,509,449,0
2026-07-19 16:53:30,351,525,433,0
2026-07-19 16:53:31,366,525,417,0
2026-07-19 16:53:32,336,521,440,0
2026-07-19 16:53:33,348,522,422,0
2026-07-19 16:53:34,366,522,433,0
2026-07-19 16:53:35,386,525,435,0
2026-07-19 16:53:36,349,530,465,0
2026-07-19 16:53:37,317,531,455,0
2026-07-19 16:53:38,378,520,458,0
2026-07-19 16:53:39,322,533,485,0
2026-07-19 16:53:40,322,521,492,0
2026-07-19 16:53:41,290,522,522,0
2026-07-19 16:53:42,297,513,519,0
2026-07-19 16:53:43,288,512,537,0
2026-07-19 16:53:44,305,514,495,0
2026-07-19 16:53:45,294,515,518,0
2026-07-19 16:53:46,311,507,546,0
2026-07-19 16:53:47,342,505,527,0
2026-07-19 16:53:48,347,507,506,0
2026-07-19 16:53:49,352,503,451,0
2026-07-19 16:53:50,345,511,492,0
2026-07-19 16:53:51,381,524,497,0
2026-07-19 16:53:52,377,520,429,0
2026-07-19 16:53:53,330,508,475,0
2026-07-19 16:53:54,375,522,452,0
2026-07-19 16:53:55,383,525,504,0
2026-07-19 16:53:56,332,510,513,0
2026-07-19 16:53:57,359,533,497,0
2026-07-19 16:53:58,377,517,471,0
2026-07-19 16:53:59,361,523,499,0
2026-07-19 16:54:00,312,518,493,0
2026-07-19 16:54:01,311,508,487,0
2026-07-19 16:54:02,304,525,474,0
2026-07-19 16:54:03,293,510,471,0
2026-07-19 16:54:04,296,534,495,0
2026-07-19 16:54:05,284,521,481,0
2026-07-19 16:54:06,281,521,486,0
2026-07-19 16:54:07,303,527,487,0
2026-07-19 16:54:08,280,523,492,0
2026-07-19 16:54:09,287,523,478,0
2026-07-19 16:54:10,304,513,476,0
2026-07-19 16:54:11,285,526,485,0
2026-07-19 16:54:12,283,508,475,0
2026-07-19 16:54:13,316,511,479,0
2026-07-19 16:54:14,366,510,502,0
2026-07-19 16:54:15,367,509,479,0
2026-07-19 16:54:16,338,524,511,0
2026-07-19 16:54:17,355,530,517,0
2026-07-19 16:54:18,355,529,495,0
2026-07-19 16:54:19,348,524,456,0
2026-07-19 16:54:20,349,523,466,0
2026-07-19 16:54:21,352,529,455,0
2026-07-19 16:54:22,375,504,471,0
2026-07-19 16:54:23,366,504,512,0
2026-07-19 16:54:24,338,505,535,0
2026-07-19 16:54:25,312,502,519,0
2026-07-19 16:54:26,307,499,554,0
2026-07-19 16:54:27,319,517,515,0
2026-07-19 16:54:28,291,516,502,0
2026-07-19 16:54:29,321,515,502,0
2026-07-19 16:54:30,393,522,481,0
2026-07-19 16:54:31,346,522,496,0
2026-07-19 16:54:32,341,525,487,0
2026-07-19 16:54:33,383,526,471,0
2026-07-19 16:54:34,338,542,484,0
2026-07-19 16:54:35,315,521,455,0
2026-07-19 16:54:36,338,514,434,0
2026-07-19 16:54:37,347,522,435,0
2026-07-19 16:54:38,335,532,430,0
2026-07-19 16:54:39,335,515,419,0
2026-07-19 16:54:40,332,526,428,0
2026-07-19 16:54:41,354,535,433,0
2026-07-19 16:54:42,328,517,439,0
2026-07-19 16:54:43,355,519,426,0
2026-07-19 16:54:44,332,522,415,0
2026-07-19 16:54:45,320,511,425,0
2026-07-19 16:54:46,314,522,424,0
2026-07-19 16:54:47,320,530,428,0
2026-07-19 16:54:48,315,518,421,0
2026-07-19 16:54:49,374,526,430,0
2026-07-19 16:54:50,332,527,446,0
2026-07-19 16:54:51,354,512,451,0
2026-07-19 16:54:52,322,538,467,0
2026-07-19 16:54:53,364,522,460,0
2026-07-19 16:54:54,317,531,499,0
2026-07-19 16:54:55,323,520,495,0
2026-07-19 16:54:56,301,509,511,0
2026-07-19 16:54:57,278,524,483,0
2026-07-19 16:54:58,293,514,519,0
2026-07-19 16:54:59,303,529,501,0
2026-07-19 16:55:00,309,517,514,0
2026-07-19 16:55:01,307,508,512,0
2026-07-19 16:55:02,351,511,498,0
2026-07-19 16:55:03,342,506,482,0
2026-07-19 16:55:04,367,519,457,0
2026-07-19 16:55:05,381,523,470,0
2026-07-19 16:55:06,379,521,445,0
2026-07-19 16:55:07,348,515,475,0
2026-07-19 16:55:08,344,531,491,0
2026-07-19 16:55:09,348,521,493,0
2026-07-19 16:55:10,334,519,463,0
2026-07-19 16:55:11,298,511,493,0
2026-07-19 16:55:12,295,519,481,0
2026-07-19 16:55:13,299,508,480,0
2026-07-19 16:55:14,291,508,481,0
2026-07-19 16:55:15,294,515,485,0
2026-07-19 16:55:16,273,509,479,0
2026-07-19 16:55:17,328,517,494,0
2026-07-19 16:55:18,282,514,476,0
2026-07-19 16:55:19,324,514,489,0
2026-07-19 16:55:20,342,511,492,0
2026-07-19 16:55:21,312,522,476,0
2026-07-19 16:55:22,367,507,450,0
2026-07-19 16:55:23,319,515,463,0
2026-07-19 16:55:24,371,507,461,0
2026-07-19 16:55:25,317,511,447,0
2026-07-19 16:55:26,379,514,451,0
2026-07-19 16:55:27,321,521,471,0
2026-07-19 16:55:28,313,514,469,0
2026-07-19 16:55:29,296,511,480,0
2026-07-19 16:55:30,302,510,477,0
2026-07-19 16:55:31,302,522,472,0
2026-07-19 16:55:32,286,530,491,0
2026-07-19 16:55:33,282,513,487,0
2026-07-19 16:55:34,356,521,491,0
2026-07-19 16:55:35,363,512,516,0
2026-07-19 16:55:36,312,520,497,0
2026-07-19 16:55:37,310,521,475,0
2026-07-19 16:55:38,313,516,487,0
2026-07-19 16:55:39,377,513,470,0
2026-07-19 16:55:40,334,511,498,0
2026-07-19 16:55:41,331,518,542,0
2026-07-19 16:55:42,342,505,532,0
2026-07-19 16:55:43,288,509,538,0
2026-07-19 16:55:44,303,499,537,0
2026-07-19 16:55:45,292,521,512,0
2026-07-19 16:55:46,294,514,489,0
2026-07-19 16:55:47,303,514,499,0
2026-07-19 16:55:48,346,515,505,0
2026-07-19 16:55:49,379,528,465,0
2026-07-19 16:55:50,329,543,471,0
2026-07-19 16:55:51,333,517,448,0
2026-07-19 16:55:52,332,518,424,0
2026-07-19 16:55:53,361,524,416,0
2026-07-19 16:55:54,316,525,426,0
2026-07-19 16:55:55,323,517,461,0
2026-07-19 16:55:56,347,524,462,0
2026-07-19 16:55:57,297,513,485,0
2026-07-19 16:55:58,273,519,489,0
2026-07-19 16:55:59,283,512,472,0
2026-07-19 16:56:00,278,519,478,0
2026-07-19 16:56:01,307,531,498,0
2026-07-19 16:56:02,331,524,493,0
2026-07-19 16:56:03,383,526,494,0
2026-07-19 16:56:04,375,516,480,0
2026-07-19 16:56:05,332,515,517,0
2026-07-19 16:56:06,365,513,482,0
2026-07-19 16:56:07,382,523,466,0
2026-07-19 16:56:08,317,523,455,0
2026-07-19 16:56:09,340,528,507,0
2026-07-19 16:56:10,324,520,459,0
2026-07-19 16:56:11,339,499,511,0
2026-07-19 16:56:12,340,509,535,0
2026-07-19 16:56:13,283,507,512,0
2026-07-19 16:56:14,287,526,542,0
2026-07-19 16:56:15,279,527,513,0
2026-07-19 16:56:16,305,536,491,0
2026-07-19 16:56:17,329,531,495,0
2026-07-19 16:56:18,340,530,465,0
2026-07-19 16:56:19,371,531,475,0
2026-07-19 16:56:20,361,515,469,0
2026-07-19 16:56:21,364,532,459,0
2026-07-19 16:56:22,313,525,440,0
2026-07-19 16:56:23,319,515,418,0
2026-07-19 16:56:24,314,516,429,0
2026-07-19 16:56:25,358,523,428,0
2026-07-19 16:56:26,359,522,431,0
2026-07-19 16:56:27,332,510,423,0
2026-07-19 16:56:28,314,514,450,0
2026-07-19 16:56:29,330,515,443,0
2026-07-19 16:56:30,354,515,471,0
2026-07-19 16:56:31,341,512,472,0
2026-07-19 16:56:32,327,515,471,0
2026-07-19 16:56:33,318,518,487,0
2026-07-19 16:56:34,323,510,476,0
2026-07-19 16:56:35,303,520,477,0
2026-07-19 16:56:36,291,508,500,0
2026-07-19 16:56:37,295,509,469,0
2026-07-19 16:56:38,285,512,480,0
2026-07-19 16:56:39,296,509,479,0
2026-07-19 16:56:40,278,508,484,0
2026-07-19 16:56:41,295,514,475,0
2026-07-19 16:56:42,287,511,488,0
2026-07-19 16:56:43,317,514,486,0
2026-07-19 16:56:44,335,516,468,0
2026-07-19 16:56:45,342,509,487,0
2026-07-19 16:56:46,359,519,478,0
2026-07-19 16:56:47,354,512,468,0
2026-07-19 16:56:48,350,515,462,0
2026-07-19 16:56:49,308,510,448,0
2026-07-19 16:56:50,323,514,446,0
2026-07-19 16:56:51,369,512,441,0
2026-07-19 16:56:52,341,512,481,0
2026-07-19 16:56:53,342,506,437,0
2026-07-19 16:56:54,345,524,425,0
2026-07-19 16:56:55,325,528,426,0
2026-07-19 16:56:56,362,519,423,0
2026-07-19 16:56:57,383,530,425,0
2026-07-19 16:56:58,376,518,425,0
2026-07-19 16:56:59,317,522,423,0
2026-07-19 16:57:00,317,524,425,0
2026-07-19 16:57:01,350,509,421,0
2026-07-19 16:57:02,362,522,424,0
2026-07-19 16:57:03,334,510,430,0
2026-07-19 16:57:04,318,535,429,0
2026-07-19 16:57:05,358,523,433,0
2026-07-19 16:57:06,379,526,424,0
2026-07-19 16:57:07,376,527,429,0
2026-07-19 16:57:08,368,523,426,0
2026-07-19 16:57:09,382,523,414,0
2026-07-19 16:57:10,382,524,424,0
2026-07-19 16:57:11,322,517,427,0
2026-07-19 16:57:12,354,527,420,0
2026-07-19 16:57:13,369,525,425,0
2026-07-19 16:57:14,321,527,439,0
2026-07-19 16:57:15,315,539,416,0
2026-07-19 16:57:16,358,519,436,0
2026-07-19 16:57:17,329,529,432,0
2026-07-19 16:57:18,360,518,420,0
2026-07-19 16:57:19,349,503,427,0
2026-07-19 16:57:20,369,523,428,0
2026-07-19 16:57:21,328,520,443,0
2026-07-19 16:57:22,346,522,459,0
2026-07-19 16:57:23,321,512,463,0
2026-07-19 16:57:24,313,511,473,0
2026-07-19 16:57:25,288,511,468,0
2026-07-19 16:57:26,300,510,483,0
2026-07-19 16:57:27,298,512,479,0
2026-07-19 16:57:28,295,513,472,0
2026-07-19 16:57:29,317,514,480,0
2026-07-19 16:57:30,348,524,469,0
2026-07-19 16:57:31,364,527,487,0
2026-07-19 16:57:32,349,521,488,0
2026-07-19 16:57:33,379,523,472,0
2026-07-19 16:57:34,323,523,462,0
2026-07-19 16:57:35,342,531,450,0
2026-07-19 16:57:36,314,529,454,0
2026-07-19 16:57:37,336,531,453,0
2026-07-19 16:57:38,326,508,492,0
2026-07-19 16:57:39,356,520,564,0
2026-07-19 16:57:40,305,505,525,0
2026-07-19 16:57:41,299,515,543,0
2026-07-19 16:57:42,292,527,511,0
2026-07-19 16:57:43,310,513,541,0
2026-07-19 16:57:44,289,518,502,0
2026-07-19 16:57:45,315,528,493,0
2026-07-19 16:57:46,330,516,485,0
2026-07-19 16:57:47,357,520,462,0
2026-07-19 16:57:48,338,507,478,0
2026-07-19 16:57:49,331,522,471,0
2026-07-19 16:57:50,362,521,430,0
2026-07-19 16:57:51,357,529,438,0
2026-07-19 16:57:52,319,522,436,0
2026-07-19 16:57:53,320,510,425,0
2026-07-19 16:57:54,330,512,466,0
2026-07-19 16:57:55,350,511,481,0
2026-07-19 16:57:56,305,518,485,0
2026-07-19 16:57:57,291,516,477,0
2026-07-19 16:57:58,276,516,474,0
2026-07-19 16:57:59,286,517,492,0
2026-07-19 16:58:00,289,524,481,0
2026-07-19 16:58:01,299,528,481,0
2026-07-19 16:58:02,323,517,486,0
2026-07-19 16:58:03,327,523,477,0
2026-07-19 16:58:04,349,531,474,0
2026-07-19 16:58:05,353,523,514,0
2026-07-19 16:58:06,356,513,538,0
2026-07-19 16:58:07,329,525,485,0
2026-07-19 16:58:08,367,532,483,0
2026-07-19 16:58:09,332,516,473,0
2026-07-19 16:58:10,364,515,474,0
2026-07-19 16:58:11,369,531,454,0
2026-07-19 16:58:12,371,536,452,0
2026-07-19 16:58:13,347,512,487,0
2026-07-19 16:58:14,337,507,536,0
2026-07-19 16:58:15,339,510,500,0
2026-07-19 16:58:16,339,516,554,0
2026-07-19 16:58:17,320,524,505,0
2026-07-19 16:58:18,318,519,522,0
2026-07-19 16:58:19,307,507,534,0
2026-07-19 16:58:20,304,502,536,0
2026-07-19 16:58:21,303,506,541,0
2026-07-19 16:58:22,299,512,534,0
2026-07-19 16:58:23,301,513,550,0
2026-07-19 16:58:24,293,508,526,0
2026-07-19 16:58:25,296,519,518,0
2026-07-19 16:58:26,329,506,501,0
2026-07-19 16:58:27,332,525,541,0
2026-07-19 16:58:28,324,511,542,0
2026-07-19 16:58:29,339,513,522,0
2026-07-19 16:58:30,327,515,501,0
2026-07-19 16:58:31,347,512,507,0
2026-07-19 16:58:32,333,508,466,0
2026-07-19 16:58:34,362,507,481,0
2026-07-19 16:58:34,323,509,488,0
2026-07-19 16:58:35,351,525,491,0
2026-07-19 16:58:36,356,533,492,0
2026-07-19 16:58:37,321,535,450,0
2026-07-19 16:58:38,313,515,490,0
2026-07-19 16:58:39,321,532,493,0
2026-07-19 16:58:40,329,513,461,0
2026-07-19 16:58:41,336,526,481,0
2026-07-19 16:58:42,334,529,492,0
2026-07-19 16:58:43,387,514,483,0
2026-07-19 16:58:44,373,529,443,0
2026-07-19 16:58:45,370,510,486,0
2026-07-19 16:58:46,350,516,497,0
2026-07-19 16:58:47,341,519,496,0
2026-07-19 16:58:48,365,527,484,0
2026-07-19 16:58:49,330,515,492,0
2026-07-19 16:58:50,341,519,485,0
2026-07-19 16:58:51,326,521,486,0
2026-07-19 16:58:52,273,508,479,0
2026-07-19 16:58:53,282,516,490,0
2026-07-19 16:58:54,288,510,488,0
2026-07-19 16:58:55,294,524,471,0
2026-07-19 16:58:56,310,508,488,0
2026-07-19 16:58:57,276,514,482,0
2026-07-19 16:58:58,322,514,477,0
2026-07-19 16:58:59,348,516,433,0
2026-07-19 16:59:00,330,506,426,0
2026-07-19 16:59:01,374,520,421,0
2026-07-19 16:59:02,365,523,417,0
2026-07-19 16:59:03,350,522,434,0
2026-07-19 16:59:04,347,523,460,0
2026-07-19 16:59:05,395,533,451,0
2026-07-19 16:59:06,326,510,495,0
2026-07-19 16:59:07,347,516,464,0
2026-07-19 16:59:08,322,515,494,0
2026-07-19 16:59:09,289,515,513,0
2026-07-19 16:59:10,303,515,520,0
2026-07-19 16:59:11,296,526,514,0
2026-07-19 16:59:12,297,509,531,0
2026-07-19 16:59:13,286,515,514,0
2026-07-19 16:59:14,304,499,582,0
2026-07-19 16:59:15,317,517,548,0
2026-07-19 16:59:16,301,499,511,0
2026-07-19 16:59:17,327,505,507,0
2026-07-19 16:59:18,359,510,511,0
2026-07-19 16:59:19,326,511,491,0
2026-07-19 16:59:20,319,524,493,0
2026-07-19 16:59:21,322,501,509,0
2026-07-19 16:59:22,360,494,504,0
2026-07-19 16:59:23,363,500,500,0
2026-07-19 16:59:24,318,512,487,0
2026-07-19 16:59:25,341,531,497,0
2026-07-19 16:59:26,337,526,486,0
2026-07-19 16:59:27,348,521,512,0
2026-07-19 16:59:28,366,514,493,0
2026-07-19 16:59:29,343,515,499,0
2026-07-19 16:59:30,348,515,533,0
2026-07-19 16:59:31,321,521,518,0
2026-07-19 16:59:32,314,522,489,0
2026-07-19 16:59:33,287,503,551,0
2026-07-19 16:59:34,288,516,524,0
2026-07-19 16:59:35,314,513,491,0
2026-07-19 16:59:36,349,533,506,0
2026-07-19 16:59:37,321,536,463,0
2026-07-19 16:59:38,376,518,468,0
2026-07-19 16:59:39,322,529,470,0
2026-07-19 16:59:40,353,526,423,0
2026-07-19 16:59:41,322,530,431,0
2026-07-19 16:59:42,341,518,423,0
2026-07-19 16:59:43,371,514,417,0
2026-07-19 16:59:44,354,517,456,0
2026-07-19 16:59:45,314,513,483,0
2026-07-19 16:59:46,278,516,481,0
2026-07-19 16:59:47,278,520,462,0
2026-07-19 16:59:48,306,521,485,0
2026-07-19 16:59:49,292,521,494,0
2026-07-19 16:59:50,296,537,486,0
2026-07-19 16:59:51,346,509,490,0
2026-07-19 16:59:52,368,520,510,0
2026-07-19 16:59:53,374,526,497,0
2026-07-19 16:59:54,376,513,475,0
2026-07-19 16:59:55,362,526,455,0
2026-07-19 16:59:56,345,533,473,0
2026-07-19 16:59:57,336,502,484,0
2026-07-19 16:59:58,349,499,465,0
2026-07-19 16:59:59,337,500,532,0
2026-07-19 17:00:00,312,502,477,0
2026-07-19 17:00:01,318,507,509,0
2026-07-19 17:00:02,284,497,525,0
2026-07-19 17:00:03,282,518,522,0
2026-07-19 17:00:04,299,512,485,0
2026-07-19 17:00:05,306,527,504,0
2026-07-19 17:00:07,316,521,499,0
2026-07-19 17:00:07,340,518,456,0
2026-07-19 17:00:08,334,517,497,0
2026-07-19 17:00:09,392,502,465,0
2026-07-19 17:00:10,361,528,448,0
2026-07-19 17:00:11,357,518,421,0
2026-07-19 17:00:12,375,521,438,0
2026-07-19 17:00:13,326,516,421,0
2026-07-19 17:00:14,325,510,424,0
2026-07-19 17:00:15,347,514,470,0
2026-07-19 17:00:16,292,527,503,0
2026-07-19 17:00:17,293,511,486,0
2026-07-19 17:00:18,290,515,493,0
2026-07-19 17:00:19,294,518,500,0
2026-07-19 17:00:20,326,534,502,0
2026-07-19 17:00:21,320,513,484,0
2026-07-19 17:00:22,351,512,481,0
2026-07-19 17:00:23,338,515,492,0
2026-07-19 17:00:24,362,526,503,0
2026-07-19 17:00:25,365,523,488,0
2026-07-19 17:00:26,353,522,473,0
2026-07-19 17:00:27,363,511,435,0
2026-07-19 17:00:28,322,524,456,0
2026-07-19 17:00:29,315,518,491,0
2026-07-19 17:00:30,332,506,485,0
2026-07-19 17:00:31,347,514,509,0
2026-07-19 17:00:32,282,514,505,0
2026-07-19 17:00:33,291,509,514,0
2026-07-19 17:00:34,311,505,495,0
2026-07-19 17:00:35,287,515,479,0
2026-07-19 17:00:36,306,530,493,0
2026-07-19 17:00:37,324,525,504,0
2026-07-19 17:00:38,346,523,461,0
2026-07-19 17:00:39,329,514,463,0
2026-07-19 17:00:40,344,514,478,0
2026-07-19 17:00:41,356,518,439,0
2026-07-19 17:00:42,326,520,429,0
2026-07-19 17:00:43,370,506,413,0
2026-07-19 17:00:44,340,527,432,0
2026-07-19 17:00:45,352,513,443,0
2026-07-19 17:00:46,357,523,465,0
2026-07-19 17:00:47,284,513,480,0
2026-07-19 17:00:48,296,513,470,0
2026-07-19 17:00:49,272,513,495,0
2026-07-19 17:00:50,301,506,476,0
2026-07-19 17:00:51,286,513,488,0
2026-07-19 17:00:52,357,523,486,0
2026-07-19 17:00:53,327,512,469,0
2026-07-19 17:00:54,346,512,487,0
2026-07-19 17:00:55,359,516,498,0
2026-07-19 17:00:56,364,528,479,0
2026-07-19 17:00:57,356,515,489,0
2026-07-19 17:00:58,349,515,475,0
2026-07-19 17:00:59,325,510,483,0
2026-07-19 17:01:00,331,532,471,0
2026-07-19 17:01:01,329,519,527,0
2026-07-19 17:01:02,345,518,560,0
2026-07-19 17:01:03,329,499,535,0
2026-07-19 17:01:04,325,515,525,0
2026-07-19 17:01:05,277,518,520,0
2026-07-19 17:01:06,280,506,501,0
2026-07-19 17:01:07,296,514,508,0
2026-07-19 17:01:08,325,512,507,0
2026-07-19 17:01:09,323,518,511,0
2026-07-19 17:01:10,333,522,451,0
2026-07-19 17:01:11,312,526,454,0
2026-07-19 17:01:12,332,510,485,0
2026-07-19 17:01:13,346,526,419,0
2026-07-19 17:01:14,350,521,416,0
2026-07-19 17:01:15,355,514,419,0
2026-07-19 17:01:16,360,520,425,0
2026-07-19 17:01:17,324,504,454,0
2026-07-19 17:01:18,353,513,470,0
2026-07-19 17:01:19,324,515,490,0
2026-07-19 17:01:20,313,514,487,0
2026-07-19 17:01:21,272,509,481,0
2026-07-19 17:01:22,288,520,484,0
2026-07-19 17:01:23,302,529,476,0
2026-07-19 17:01:24,353,510,482,0
2026-07-19 17:01:25,331,509,512,0
2026-07-19 17:01:26,354,520,498,0
2026-07-19 17:01:27,348,523,515,0
2026-07-19 17:01:28,352,525,451,0
2026-07-19 17:01:29,325,513,468,0
2026-07-19 17:01:30,350,529,481,0
2026-07-19 17:01:31,320,513,485,0
2026-07-19 17:01:32,334,503,507,0
2026-07-19 17:01:33,340,515,564,0
2026-07-19 17:01:34,326,530,495,0
2026-07-19 17:01:35,285,510,488,0
2026-07-19 17:01:36,293,513,490,0
2026-07-19 17:01:37,302,519,558,0
2026-07-19 17:01:38,330,518,493,0
2026-07-19 17:01:39,318,507,513,0
2026-07-19 17:01:40,332,539,505,0
2026-07-19 17:01:41,353,522,499,0
2026-07-19 17:01:42,327,529,467,0
2026-07-19 17:01:43,331,509,435,0
2026-07-19 17:01:44,338,524,447,0
2026-07-19 17:01:45,365,514,437,0
2026-07-19 17:01:46,336,529,423,0
2026-07-19 17:01:47,366,506,419,0
2026-07-19 17:01:48,349,524,428,0
2026-07-19 17:01:49,361,503,450,0
2026-07-19 17:01:50,358,511,476,0
2026-07-19 17:01:51,300,512,461,0
2026-07-19 17:01:52,301,514,481,0
2026-07-19 17:01:53,294,518,483,0
2026-07-19 17:01:54,281,510,476,0
2026-07-19 17:01:55,298,515,478,0
2026-07-19 17:01:56,345,533,471,0
2026-07-19 17:01:57,331,529,480,0
2026-07-19 17:01:58,334,537,497,0
2026-07-19 17:01:59,374,513,500,0
2026-07-19 17:02:00,345,513,458,0
2026-07-19 17:02:01,326,526,442,0
2026-07-19 17:02:02,352,530,462,0
2026-07-19 17:02:03,380,531,452,0
2026-07-19 17:02:04,359,504,516,0
2026-07-19 17:02:05,330,518,536,0
2026-07-19 17:02:06,302,507,537,0
2026-07-19 17:02:07,289,499,537,0
2026-07-19 17:02:08,292,519,552,0
2026-07-19 17:02:09,289,510,532,0
2026-07-19 17:02:10,302,531,501,0
2026-07-19 17:02:11,320,509,487,0
2026-07-19 17:02:12,348,522,476,0
2026-07-19 17:02:13,327,512,473,0
2026-07-19 17:02:14,368,528,461,0
2026-07-19 17:02:15,358,530,474,0
2026-07-19 17:02:16,337,516,438,0
2026-07-19 17:02:17,352,518,430,0
2026-07-19 17:02:18,367,521,433,0
2026-07-19 17:02:19,330,511,416,0
2026-07-19 17:02:20,348,504,414,0
2026-07-19 17:02:21,321,509,441,0
2026-07-19 17:02:22,371,517,451,0
2026-07-19 17:02:23,344,515,468,0
2026-07-19 17:02:24,349,508,465,0
2026-07-19 17:02:25,296,514,471,0
2026-07-19 17:02:26,304,508,484,0
2026-07-19 17:02:27,311,510,507,0
2026-07-19 17:02:28,288,514,477,0
2026-07-19 17:02:29,291,507,487,0
2026-07-19 17:02:30,294,509,491,0
2026-07-19 17:02:31,279,507,477,0
2026-07-19 17:02:32,280,518,490,0
2026-07-19 17:02:33,291,512,464,0
2026-07-19 17:02:34,284,513,480,0
2026-07-19 17:02:35,303,506,492,0
2026-07-19 17:02:36,301,518,475,0
2026-07-19 17:02:37,331,512,467,0
2026-07-19 17:02:38,336,508,481,0
2026-07-19 17:02:39,332,510,472,0
2026-07-19 17:02:40,323,508,432,0
2026-07-19 17:02:41,378,511,420,0
2026-07-19 17:02:42,370,516,432,0
2026-07-19 17:02:43,351,525,431,0
2026-07-19 17:02:44,333,516,435,0
2026-07-19 17:02:45,332,510,479,0
2026-07-19 17:02:46,369,535,461,0
2026-07-19 17:02:47,314,521,468,0
2026-07-19 17:02:48,333,515,499,0
2026-07-19 17:02:49,310,516,488,0
2026-07-19 17:02:50,307,518,507,0
2026-07-19 17:02:51,301,519,554,0
2026-07-19 17:02:52,307,527,524,0
2026-07-19 17:02:53,281,507,547,0
2026-07-19 17:02:54,313,500,514,0
2026-07-19 17:02:55,344,498,522,0
2026-07-19 17:02:56,332,511,518,0
2026-07-19 17:02:57,339,521,533,0
2026-07-19 17:02:58,359,505,467,0
2026-07-19 17:02:59,333,509,557,0
2026-07-19 17:03:00,314,513,506,0
2026-07-19 17:03:01,348,522,525,0
2026-07-19 17:03:02,331,499,560,0
2026-07-19 17:03:03,306,511,545,0
2026-07-19 17:03:04,299,518,525,0
2026-07-19 17:03:05,322,523,502,0
2026-07-19 17:03:06,283,512,474,0
2026-07-19 17:03:07,283,505,508,0
2026-07-19 17:03:08,277,501,528,0
2026-07-19 17:03:09,299,525,521,0
2026-07-19 17:03:10,289,520,526,0
2026-07-19 17:03:11,300,515,527,0
2026-07-19 17:03:12,291,537,511,0
2026-07-19 17:03:13,325,518,481,0
2026-07-19 17:03:14,349,518,468,0
2026-07-19 17:03:15,355,505,497,0
2026-07-19 17:03:16,380,517,453,0
2026-07-19 17:03:17,321,521,480,0
2026-07-19 17:03:18,359,525,433,0
2026-07-19 17:03:19,312,518,424,0
2026-07-19 17:03:20,366,516,438,0
2026-07-19 17:03:21,325,517,415,0
2026-07-19 17:03:22,374,513,445,0
2026-07-19 17:03:23,342,505,473,0
2026-07-19 17:03:24,307,516,493,0
2026-07-19 17:03:25,305,515,488,0
2026-07-19 17:03:26,287,520,468,0
2026-07-19 17:03:27,290,516,475,0
2026-07-19 17:03:28,291,526,479,0
2026-07-19 17:03:29,338,527,475,0
2026-07-19 17:03:30,322,515,496,0
2026-07-19 17:03:31,369,525,519,0
2026-07-19 17:03:32,349,517,493,0
2026-07-19 17:03:33,343,533,465,0
2026-07-19 17:03:34,357,504,463,0
2026-07-19 17:03:35,335,530,486,0
2026-07-19 17:03:36,314,518,494,0
2026-07-19 17:03:37,366,502,467,0
2026-07-19 17:03:38,336,504,520,0
2026-07-19 17:03:39,342,508,526,0
2026-07-19 17:03:40,315,519,533,0
2026-07-19 17:03:41,284,526,525,0
2026-07-19 17:03:42,296,526,495,0
2026-07-19 17:03:43,282,522,533,0
2026-07-19 17:03:44,292,516,499,0
2026-07-19 17:03:45,279,514,504,0
2026-07-19 17:03:46,384,508,477,0
2026-07-19 17:03:47,316,539,459,0
2026-07-19 17:03:48,375,514,461,0
2026-07-19 17:03:49,377,508,459,0
2026-07-19 17:03:50,373,524,455,0
2026-07-19 17:03:51,317,520,428,0
2026-07-19 17:03:52,381,515,424,0
2026-07-19 17:03:53,325,524,422,0
2026-07-19 17:03:54,334,520,430,0
2026-07-19 17:03:55,379,522,431,0
2026-07-19 17:03:56,387,513,429,0
2026-07-19 17:03:57,338,517,441,0
2026-07-19 17:03:58,356,512,460,0
2026-07-19 17:03:59,340,512,467,0
2026-07-19 17:04:00,320,509,486,0
2026-07-19 17:04:01,348,513,473,0
2026-07-19 17:04:02,282,509,463,0
2026-07-19 17:04:03,294,519,506,0
2026-07-19 17:04:04,294,513,487,0
2026-07-19 17:04:05,301,515,476,0
2026-07-19 17:04:06,274,509,479,0
2026-07-19 17:04:07,269,513,484,0
2026-07-19 17:04:08,283,516,487,0
2026-07-19 17:04:09,317,511,478,0
2026-07-19 17:04:10,324,516,469,0
2026-07-19 17:04:11,332,515,437,0
2026-07-19 17:04:12,361,518,434,0
2026-07-19 17:04:13,326,517,427,0
2026-07-19 17:04:14,338,520,426,0
2026-07-19 17:04:15,365,512,451,0
2026-07-19 17:04:16,340,515,479,0
2026-07-19 17:04:17,378,504,447,0
2026-07-19 17:04:18,343,527,456,0
2026-07-19 17:04:19,305,505,499,0
2026-07-19 17:04:20,292,534,509,0
2026-07-19 17:04:21,294,528,525,0
2026-07-19 17:04:22,311,518,524,0
2026-07-19 17:04:23,276,509,490,0
2026-07-19 17:04:24,308,510,499,0
2026-07-19 17:04:25,333,510,569,0
2026-07-19 17:04:26,313,505,508,0
2026-07-19 17:04:27,346,498,510,0
2026-07-19 17:04:28,341,534,481,0
2026-07-19 17:04:29,342,526,482,0
2026-07-19 17:04:30,367,513,470,0
2026-07-19 17:04:31,335,530,496,0
2026-07-19 17:04:32,329,522,504,0
2026-07-19 17:04:33,368,529,503,0
2026-07-19 17:04:34,320,523,478,0
2026-07-19 17:04:35,357,524,496,0
2026-07-19 17:04:36,318,527,479,0
2026-07-19 17:04:37,301,526,478,0
2026-07-19 17:04:38,301,519,486,0
2026-07-19 17:04:39,297,511,477,0
2026-07-19 17:04:40,283,513,475,0
2026-07-19 17:04:41,330,514,480,0
2026-07-19 17:04:42,361,522,477,0
2026-07-19 17:04:43,319,518,433,0
2026-07-19 17:04:44,333,516,429,0
2026-07-19 17:04:45,349,520,412,0
2026-07-19 17:04:46,320,529,421,0
2026-07-19 17:04:47,324,515,414,0
2026-07-19 17:04:48,384,528,451,0
2026-07-19 17:04:49,355,520,465,0
2026-07-19 17:04:50,371,532,466,0
2026-07-19 17:04:51,337,535,495,0
2026-07-19 17:04:52,320,523,493,0
2026-07-19 17:04:53,284,529,518,0
2026-07-19 17:04:54,301,519,502,0
2026-07-19 17:04:55,287,511,518,0
2026-07-19 17:04:56,319,515,546,0
2026-07-19 17:04:57,323,515,511,0
2026-07-19 17:04:58,326,513,509,0
2026-07-19 17:04:59,359,507,525,0
2026-07-19 17:05:00,348,507,453,0
2026-07-19 17:05:01,345,515,465,0
2026-07-19 17:05:02,345,512,437,0
2026-07-19 17:05:03,341,526,493,0
2026-07-19 17:05:04,340,515,508,0
2026-07-19 17:05:05,332,528,501,0
2026-07-19 17:05:08,356,533,501,0
2026-07-19 17:05:08,339,515,488,0
2026-07-19 17:05:08,316,527,493,0
2026-07-19 17:05:09,310,519,471,0
2026-07-19 17:05:10,291,523,474,0
2026-07-19 17:05:11,290,519,485,0
2026-07-19 17:05:12,297,507,482,0
2026-07-19 17:05:13,295,513,485,0
2026-07-19 17:05:14,327,514,488,0
2026-07-19 17:05:15,350,517,489,0
2026-07-19 17:05:16,336,516,459,0
2026-07-19 17:05:17,290,511,478,0
2026-07-19 17:05:18,366,512,443,0
2026-07-19 17:05:19,335,516,425,0
2026-07-19 17:05:20,343,514,471,0
2026-07-19 17:05:21,317,518,435,0
2026-07-19 17:05:22,363,514,449,0
2026-07-19 17:05:23,317,513,444,0
2026-07-19 17:05:24,369,513,452,0
2026-07-19 17:05:25,369,512,452,0
2026-07-19 17:05:26,350,512,429,0
2026-07-19 17:05:27,364,513,467,0
2026-07-19 17:05:28,353,510,482,0
2026-07-19 17:05:29,342,515,469,0
2026-07-19 17:05:30,333,505,478,0
2026-07-19 17:05:31,332,513,468,0
2026-07-19 17:05:32,303,519,480,0
2026-07-19 17:05:33,309,512,485,0
2026-07-19 17:05:34,299,516,499,0
2026-07-19 17:05:35,295,515,491,0
2026-07-19 17:05:36,287,503,497,0
2026-07-19 17:05:37,313,534,491,0
2026-07-19 17:05:38,355,510,482,0
2026-07-19 17:05:39,343,516,488,0
2026-07-19 17:05:40,347,514,486,0
2026-07-19 17:05:41,357,506,470,0
2026-07-19 17:05:42,366,511,455,0
2026-07-19 17:05:43,382,523,462,0
2026-07-19 17:05:44,359,527,480,0
2026-07-19 17:05:45,331,533,461,0
2026-07-19 17:05:46,349,517,518,0
2026-07-19 17:05:47,362,528,532,0
2026-07-19 17:05:48,320,500,563,0
2026-07-19 17:05:49,292,519,530,0
2026-07-19 17:05:50,289,510,536,0
2026-07-19 17:05:51,280,523,534,0
2026-07-19 17:05:52,289,509,522,0
2026-07-19 17:05:53,339,533,497,0
2026-07-19 17:05:54,369,530,488,0
2026-07-19 17:05:55,325,533,490,0
2026-07-19 17:05:56,359,520,463,0
2026-07-19 17:05:57,315,521,461,0
2026-07-19 17:05:58,366,518,412,0
2026-07-19 17:05:59,325,524,416,0
2026-07-19 17:06:00,367,529,440,0
2026-07-19 17:06:01,314,507,425,0
2026-07-19 17:06:02,324,512,435,0
2026-07-19 17:06:03,372,520,473,0
2026-07-19 17:06:04,343,514,481,0
2026-07-19 17:06:05,299,519,482,0
2026-07-19 17:06:06,307,512,467,0
2026-07-19 17:06:07,290,521,466,0
2026-07-19 17:06:08,294,516,493,0
2026-07-19 17:06:09,334,527,489,0
2026-07-19 17:06:10,330,527,476,0
2026-07-19 17:06:11,358,506,500,0
2026-07-19 17:06:12,358,534,481,0
2026-07-19 17:06:13,332,528,500,0
2026-07-19 17:06:14,365,534,509,0
2026-07-19 17:06:15,347,535,497,0
2026-07-19 17:06:16,372,535,513,0
2026-07-19 17:06:17,354,525,507,0
2026-07-19 17:06:18,356,520,498,0
2026-07-19 17:06:19,321,514,513,0
2026-07-19 17:06:20,388,513,475,0
2026-07-19 17:06:21,345,529,489,0
2026-07-19 17:06:22,323,510,504,0
2026-07-19 17:06:23,364,528,433,0
2026-07-19 17:06:24,331,512,473,0
2026-07-19 17:06:25,332,513,489,0
2026-07-19 17:06:26,353,539,452,0
2026-07-19 17:06:27,356,530,448,0
2026-07-19 17:06:28,341,515,492,0
2026-07-19 17:06:29,358,512,493,0
2026-07-19 17:06:30,326,521,488,0
2026-07-19 17:06:31,360,512,455,0
2026-07-19 17:06:32,322,532,495,0
2026-07-19 17:06:33,361,507,528,0
2026-07-19 17:06:34,340,513,505,0
2026-07-19 17:06:35,330,518,486,0
2026-07-19 17:06:36,337,513,493,0
2026-07-19 17:06:37,338,519,499,0
2026-07-19 17:06:38,345,519,490,0
2026-07-19 17:06:39,337,517,498,0
2026-07-19 17:06:40,334,507,476,0
2026-07-19 17:06:41,302,514,479,0
2026-07-19 17:06:42,285,511,468,0
2026-07-19 17:06:43,300,513,482,0
2026-07-19 17:06:44,305,519,470,0
2026-07-19 17:06:45,283,515,481,0
2026-07-19 17:06:46,295,519,478,0
2026-07-19 17:06:47,337,517,481,0
2026-07-19 17:06:48,337,510,457,0
2026-07-19 17:06:49,352,524,418,0
2026-07-19 17:06:50,369,506,425,0
2026-07-19 17:06:51,347,537,423,0
2026-07-19 17:06:52,327,522,430,0
2026-07-19 17:06:53,324,517,447,0
2026-07-19 17:06:54,359,526,469,0
2026-07-19 17:06:55,338,538,462,0
2026-07-19 17:06:56,309,511,473,0
2026-07-19 17:06:57,336,527,485,0
2026-07-19 17:06:58,277,515,486,0
2026-07-19 17:06:59,288,513,497,0
2026-07-19 17:07:00,301,505,472,0
2026-07-19 17:07:01,285,525,524,0
2026-07-19 17:07:02,292,499,477,0
2026-07-19 17:07:03,309,524,496,0
2026-07-19 17:07:04,320,529,583,0
2026-07-19 17:07:05,348,521,503,0
2026-07-19 17:07:06,344,518,517,0
2026-07-19 17:07:07,340,519,528,0
2026-07-19 17:07:08,320,503,499,0
2026-07-19 17:07:09,366,523,462,0
2026-07-19 17:07:10,317,525,512,0
2026-07-19 17:07:11,352,502,484,0
2026-07-19 17:07:12,344,519,540,0
2026-07-19 17:07:13,326,523,505,0
2026-07-19 17:07:14,355,509,557,0
2026-07-19 17:07:15,318,508,507,0
2026-07-19 17:07:16,309,522,543,0
2026-07-19 17:07:17,296,515,511,0
2026-07-19 17:07:18,286,523,512,0
2026-07-19 17:07:19,294,509,499,0
2026-07-19 17:07:20,312,532,483,0
2026-07-19 17:07:21,324,538,511,0
2026-07-19 17:07:22,341,529,492,0
2026-07-19 17:07:23,370,509,481,0
2026-07-19 17:07:24,352,506,452,0
2026-07-19 17:07:25,317,522,430,0
2026-07-19 17:07:26,344,522,431,0
2026-07-19 17:07:27,352,532,428,0
2026-07-19 17:07:28,343,513,427,0
2026-07-19 17:07:29,365,509,452,0
2026-07-19 17:07:30,323,513,471,0
2026-07-19 17:07:31,276,515,492,0
2026-07-19 17:07:32,301,510,490,0
2026-07-19 17:07:33,292,514,480,0
2026-07-19 17:07:34,293,518,485,0
2026-07-19 17:07:35,285,519,483,0
2026-07-19 17:07:36,307,514,471,0
2026-07-19 17:07:37,338,533,482,0
2026-07-19 17:07:38,340,530,506,0
2026-07-19 17:07:39,355,515,475,0
2026-07-19 17:07:40,344,529,506,0
2026-07-19 17:07:41,339,528,459,0
2026-07-19 17:07:42,351,528,459,0
2026-07-19 17:07:43,364,513,489,0
