timestamp,sensor1,sensor2,sensor3,mqtt_state
2026-07-27 20:08:31,34,30,40,0
2026-07-27 20:08:32,34,30,39,0
2026-07-27 20:08:33,34,30,40,0
2026-07-27 20:08:34,34,30,40,0
2026-07-27 20:08:35,34,30,40,0
2026-07-27 20:08:37,34,30,40,0
2026-07-27 20:08:37,34,31,39,0
2026-07-27 20:08:38,34,31,40,0
2026-07-27 20:08:39,34,30,40,0
2026-07-27 20:08:40,34,31,40,0
2026-07-27 20:08:41,34,30,40,0
2026-07-27 20:08:42,34,30,39,0
2026-07-27 20:08:43,34,30,40,0
2026-07-27 20:08:44,34,31,40,0
2026-07-27 20:08:45,34,31,39,0
2026-07-27 20:08:46,34,30,40,0
2026-07-27 20:08:47,34,30,40,0
2026-07-27 20:08:48,34,31,40,0
2026-07-27 20:08:49,34,30,39,0
2026-07-27 20:08:50,34,30,40,0
2026-07-27 20:08:51,34,30,39,0
2026-07-27 20:08:53,34,30,40,0
2026-07-27 20:08:53,34,30,40,0
2026-07-27 20:08:54,34,30,40,0
2026-07-27 20:08:56,34,31,39,0
2026-07-27 20:08:56,34,30,40,0
2026-07-27 20:08:57,34,30,40,0
2026-07-27 20:08:58,34,30,40,0
2026-07-27 20:09:00,34,30,40,0
2026-07-27 20:09:01,34,30,40,0
2026-07-27 20:09:01,34,31,40,0
2026-07-27 20:09:03,34,30,40,0
2026-07-27 20:09:03,34,30,40,0
2026-07-27 20:09:04,34,31,39,0
2026-07-27 20:09:05,34,30,40,0
2026-07-27 20:09:06,34,30,39,0
2026-07-27 20:09:08,34,30,40,0
2026-07-27 20:09:08,34,30,40,0
2026-07-27 20:09:09,34,30,40,0
2026-07-27 20:09:10,34,30,40,0
2026-07-27 20:09:12,34,30,39,0
2026-07-27 20:09:12,34,30,40,0
2026-07-27 20:09:13,34,30,39,0
2026-07-27 20:09:14,34,31,40,0
2026-07-27 20:09:15,34,31,39,0
2026-07-27 20:09:16,34,31,40,0
2026-07-27 20:09:17,34,31,40,0
2026-07-27 20:09:18,34,31,40,0
2026-07-27 20:09:19,34,31,40,0
2026-07-27 20:09:20,34,31,40,0
2026-07-27 20:09:22,34,30,40,0
2026-07-27 20:09:22,34,30,40,0
2026-07-27 20:09:23,34,30,40,0
2026-07-27 20:09:24,34,30,40,0
2026-07-27 20:09:25,34,30,40,0
2026-07-27 20:09:26,34,31,40,0
2026-07-27 20:09:27,34,30,39,0
2026-07-27 20:09:28,34,31,39,0
2026-07-27 20:09:30,34,31,40,0
2026-07-27 20:09:30,34,31,40,0
2026-07-27 20:09:31,34,30,39,0
2026-07-27 20:09:32,34,30,40,0
2026-07-27 20:09:33,34,31,40,0
2026-07-27 20:09:34,34,31,40,0
2026-07-27 20:09:35,34,31,39,0
2026-07-27 20:09:36,34,30,40,0
2026-07-27 20:09:37,34,31,39,0
2026-07-27 20:09:38,34,30,40,0
2026-07-27 20:09:40,34,30,39,0
2026-07-27 20:09:40,34,30,40,0
2026-07-27 20:09:42,34,31,40,0
2026-07-27 20:09:42,34,30,40,0
2026-07-27 20:09:43,34,30,40,0
2026-07-27 20:09:44,34,30,40,0
2026-07-27 20:09:45,34,30,40,0
2026-07-27 20:09:46,34,31,39,0
2026-07-27 20:09:47,34,31,40,0
2026-07-27 20:09:48,34,31,40,0
2026-07-27 20:09:49,34,30,40,0
2026-07-27 20:09:50,34,30,39,0
2026-07-27 20:09:51,34,31,40,0
2026-07-27 20:09:52,34,31,40,0
2026-07-27 20:09:53,34,31,40,0
2026-07-27 20:09:54,34,30,39,0
2026-07-27 20:09:55,34,30,40,0
2026-07-27 20:09:56,34,30,40,0
2026-07-27 20:09:57,33,31,40,0
2026-07-27 20:09:58,34,31,40,0
2026-07-27 20:09:59,34,30,40,0
2026-07-27 20:10:00,34,31,40,0
2026-07-27 20:10:01,34,31,40,0
2026-07-27 20:10:02,34,31,40,0
2026-07-27 20:10:03,34,31,40,0
2026-07-27 20:10:05,34,31,40,0
2026-07-27 20:10:06,34,31,40,0
2026-07-27 20:10:08,34,30,40,0
2026-07-27 20:10:08,34,30,40,0
2026-07-27 20:10:08,34,30,40,0
2026-07-27 20:10:10,34,30,40,0
2026-07-27 20:10:10,34,30,40,0
2026-07-27 20:10:11,34,31,40,0
2026-07-27 20:10:12,34,31,40,0
2026-07-27 20:10:13,34,31,40,0
2026-07-27 20:10:14,34,30,40,0
2026-07-27 20:10:16,34,30,40,0
2026-07-27 20:10:16,34,31,40,0
2026-07-27 20:10:17,34,30,40,0
2026-07-27 20:10:18,34,30,40,0
2026-07-27 20:10:20,34,30,40,0
2026-07-27 20:10:21,34,31,40,0
2026-07-27 20:10:22,34,30,40,0
2026-07-27 20:10:22,34,31,40,0
2026-07-27 20:10:23,34,31,40,0
2026-07-27 20:10:24,34,31,40,0
2026-07-27 20:10:25,34,30,39,0
2026-07-27 20:10:26,34,30,40,0
2026-07-27 20:10:27,34,30,40,0
2026-07-27 20:10:28,34,31,40,0
2026-07-27 20:10:30,34,30,40,0
2026-07-27 20:10:30,34,30,40,0
2026-07-27 20:10:31,34,30,40,0
2026-07-27 20:10:32,34,30,40,0
2026-07-27 20:10:33,34,30,40,0
2026-07-27 20:10:34,34,30,39,0
2026-07-27 20:10:35,34,30,39,0
2026-07-27 20:10:36,34,31,39,0
2026-07-27 20:10:37,34,30,39,0
2026-07-27 20:10:38,34,30,39,0
2026-07-27 20:10:40,34,30,40,0
2026-07-27 20:10:40,34,30,40,0
2026-07-27 20:10:41,34,30,40,0
2026-07-27 20:10:42,34,31,40,0
2026-07-27 20:10:43,34,30,40,0
2026-07-27 20:10:44,34,31,40,0
2026-07-27 20:10:46,34,30,40,0
2026-07-27 20:10:46,34,31,40,0
2026-07-27 20:10:47,34,30,40,0
2026-07-27 20:10:48,34,31,40,0
2026-07-27 20:10:49,34,30,40,0
2026-07-27 20:10:50,34,31,40,0
2026-07-27 20:10:51,34,31,40,0
2026-07-27 20:10:52,34,31,39,0
2026-07-27 20:10:53,34,30,40,0
2026-07-27 20:10:55,34,31,40,0
2026-07-27 20:10:55,34,30,40,0
2026-07-27 20:10:57,34,31,39,0
2026-07-27 20:10:58,34,31,40,0
2026-07-27 20:10:58,34,31,40,0
2026-07-27 20:10:59,34,30,40,0
2026-07-27 20:11:01,34,30,39,0
2026-07-27 20:11:01,34,31,40,0
2026-07-27 20:11:02,34,30,40,0
2026-07-27 20:11:03,34,30,40,0
2026-07-27 20:11:05,34,30,40,0
2026-07-27 20:11:05,34,31,40,0
2026-07-27 20:11:06,34,31,40,0
2026-07-27 20:11:08,34,30,39,0
2026-07-27 20:11:08,34,31,39,0
2026-07-27 20:11:09,34,31,40,0
2026-07-27 20:11:11,34,31,40,0
2026-07-27 20:11:11,34,30,39,0
2026-07-27 20:11:12,34,31,40,0
2026-07-27 20:11:13,34,31,40,0
2026-07-27 20:11:14,34,30,40,0
2026-07-27 20:11:15,34,30,40,0
2026-07-27 20:11:16,34,31,39,0
2026-07-27 20:11:17,34,31,40,0
2026-07-27 20:11:18,34,31,40,0
2026-07-27 20:11:19,34,30,40,0
2026-07-27 20:11:20,34,31,40,0
2026-07-27 20:11:21,34,30,40,0
2026-07-27 20:11:22,34,30,40,0
2026-07-27 20:11:23,34,31,40,0
2026-07-27 20:11:24,34,31,39,0
2026-07-27 20:11:25,34,31,40,0
2026-07-27 20:11:26,34,31,39,0
2026-07-27 20:11:28,34,31,39,0
2026-07-27 20:11:28,34,31,40,0
2026-07-27 20:11:29,34,31,40,0
2026-07-27 20:11:30,34,30,40,0
2026-07-27 20:11:32,34,31,39,0
2026-07-27 20:11:32,34,31,40,0
2026-07-27 20:11:34,34,31,40,0
2026-07-27 20:11:35,34,31,40,0
2026-07-27 20:11:35,34,31,40,0
2026-07-27 20:11:36,34,31,40,0
2026-07-27 20:11:37,34,30,40,0
2026-07-27 20:11:38,34,31,40,0
2026-07-27 20:11:39,34,31,40,0
2026-07-27 20:11:40,34,31,40,0
2026-07-27 20:11:41,34,31,40,0
2026-07-27 20:11:42,34,30,40,0
2026-07-27 20:11:43,34,30,40,0
2026-07-27 20:11:44,34,30,40,0
2026-07-27 20:11:45,34,31,40,0
2026-07-27 20:11:46,34,30,40,0
2026-07-27 20:11:48,34,30,40,0
2026-07-27 20:11:49,34,30,39,0
2026-07-27 20:11:50,34,30,40,0
2026-07-27 20:11:50,34,31,40,0
2026-07-27 20:11:51,34,30,40,0
2026-07-27 20:11:52,34,30,40,0
2026-07-27 20:11:53,34,31,40,0
2026-07-27 20:11:54,34,31,40,0
2026-07-27 20:11:55,34,31,40,0
2026-07-27 20:11:56,34,31,40,0
2026-07-27 20:11:57,34,31,39,0
2026-07-27 20:11:58,34,30,40,0
2026-07-27 20:11:59,34,30,40,0
2026-07-27 20:12:01,34,30,40,0
2026-07-27 20:12:01,34,31,40,0
2026-07-27 20:12:03,34,30,40,0
2026-07-27 20:12:03,34,30,40,0
2026-07-27 20:12:04,34,30,40,0
2026-07-27 20:12:05,34,31,40,0
2026-07-27 20:12:07,34,31,40,0
2026-07-27 20:12:07,34,30,40,0
2026-07-27 20:12:08,34,31,40,0
2026-07-27 20:12:09,34,30,40,0
2026-07-27 20:12:10,34,30,40,0
2026-07-27 20:12:12,34,30,40,0
2026-07-27 20:12:12,34,30,39,0
2026-07-27 20:12:14,34,31,40,0
2026-07-27 20:12:14,34,30,39,0
2026-07-27 20:12:15,34,30,40,0
2026-07-27 20:12:17,34,31,40,0
2026-07-27 20:12:17,34,30,40,0
2026-07-27 20:12:18,34,31,39,0
2026-07-27 20:12:19,34,31,40,0
2026-07-27 20:12:21,34,31,39,0
2026-07-27 20:12:21,34,31,39,0
2026-07-27 20:12:23,34,30,39,0
2026-07-27 20:12:23,34,30,39,0
2026-07-27 20:12:24,34,30,40,0
2026-07-27 20:12:25,34,31,40,0
2026-07-27 20:12:26,34,31,40,0
2026-07-27 20:12:28,34,31,40,0
2026-07-27 20:12:28,34,30,40,0
2026-07-27 20:12:30,34,30,40,0
2026-07-27 20:12:31,34,31,40,0
2026-07-27 20:12:32,34,30,40,0
2026-07-27 20:12:32,34,30,40,0
2026-07-27 20:12:33,34,30,40,0
2026-07-27 20:12:34,34,30,40,0
2026-07-27 20:12:35,34,31,40,0
2026-07-27 20:12:36,34,30,40,0
2026-07-27 20:12:38,34,30,40,0
2026-07-27 20:12:38,34,30,39,0
2026-07-27 20:12:39,34,30,40,0
2026-07-27 20:12:41,34,31,39,0
2026-07-27 20:12:42,34,31,40,0
2026-07-27 20:12:42,34,31,40,0
2026-07-27 20:12:43,34,30,40,0
2026-07-27 20:12:44,34,30,39,0
2026-07-27 20:12:45,34,30,40,0
2026-07-27 20:12:46,34,30,40,0
2026-07-27 20:12:47,34,31,39,0
2026-07-27 20:12:49,34,30,40,0
2026-07-27 20:12:49,34,30,40,0
2026-07-27 20:12:50,34,30,39,0
2026-07-27 20:12:51,34,30,39,0
2026-07-27 20:12:53,34,30,39,0
2026-07-27 20:12:54,34,30,40,0
2026-07-27 20:12:54,34,30,39,0
2026-07-27 20:12:55,34,31,40,0
2026-07-27 20:12:56,34,30,40,0
2026-07-27 20:12:57,34,30,40,0
2026-07-27 20:12:58,34,31,40,0
2026-07-27 20:12:59,34,30,40,0
2026-07-27 20:13:01,34,31,40,0
2026-07-27 20:13:01,34,30,39,0
2026-07-27 20:13:02,34,31,40,0
2026-07-27 20:13:03,34,31,40,0
2026-07-27 20:13:04,34,30,40,0
2026-07-27 20:13:05,34,31,40,0
2026-07-27 20:13:06,34,31,40,0
2026-07-27 20:13:08,34,30,40,0
2026-07-27 20:13:08,34,30,39,0
2026-07-27 20:13:09,34,30,40,0
2026-07-27 20:13:11,34,30,40,0
2026-07-27 20:13:11,34,31,40,0
2026-07-27 20:13:12,34,30,40,0
2026-07-27 20:13:13,34,31,40,0
2026-07-27 20:13:14,34,31,40,0
2026-07-27 20:13:15,34,31,40,0
2026-07-27 20:13:16,34,31,39,0
2026-07-27 20:13:19,34,31,40,0
2026-07-27 20:13:19,34,31,39,0
2026-07-27 20:13:20,34,30,40,0
2026-07-27 20:13:20,34,31,40,0
2026-07-27 20:13:22,34,30,40,0
2026-07-27 20:13:23,34,30,40,0
2026-07-27 20:13:24,34,30,40,0
2026-07-27 20:13:25,34,30,40,0
2026-07-27 20:13:25,34,31,40,0
2026-07-27 20:13:26,34,30,40,0
2026-07-27 20:13:27,34,30,40,0
2026-07-27 20:13:29,34,31,40,0
2026-07-27 20:13:29,34,31,40,0
2026-07-27 20:13:30,34,30,40,0
2026-07-27 20:13:32,34,31,40,0
2026-07-27 20:13:32,34,30,39,0
2026-07-27 20:13:34,34,30,40,0
2026-07-27 20:13:34,34,31,40,0
2026-07-27 20:13:35,34,30,40,0
2026-07-27 20:13:37,34,31,40,0
2026-07-27 20:13:37,34,31,40,0
2026-07-27 20:13:38,34,30,39,0
2026-07-27 20:13:39,34,31,40,0
2026-07-27 20:13:41,34,30,40,0
2026-07-27 20:13:41,34,31,40,0
2026-07-27 20:13:42,34,30,40,0
2026-07-27 20:13:43,34,31,40,0
2026-07-27 20:13:44,34,30,40,0
2026-07-27 20:13:46,34,30,40,0
2026-07-27 20:13:46,34,30,40,0
2026-07-27 20:13:47,34,30,40,0
2026-07-27 20:13:48,34,30,40,0
2026-07-27 20:13:49,34,30,40,0
2026-07-27 20:13:50,34,31,40,0
2026-07-27 20:13:51,34,30,40,0
2026-07-27 20:13:52,34,30,40,0
2026-07-27 20:13:53,34,30,39,0
2026-07-27 20:13:54,34,30,40,0
2026-07-27 20:13:55,34,31,40,0
2026-07-27 20:13:57,34,31,40,0
2026-07-27 20:13:58,34,30,40,0
2026-07-27 20:13:58,34,30,40,0
2026-07-27 20:14:00,34,31,40,0
2026-07-27 20:14:01,34,30,40,0
2026-07-27 20:14:02,34,30,40,0
2026-07-27 20:14:02,34,31,40,0
2026-07-27 20:14:03,34,31,40,0
2026-07-27 20:14:04,34,31,40,0
2026-07-27 20:14:06,34,30,40,0
2026-07-27 20:14:06,34,30,40,0
2026-07-27 20:14:07,34,30,40,0
2026-07-27 20:14:08,34,31,40,0
2026-07-27 20:14:09,34,30,39,0
2026-07-27 20:14:11,34,31,40,0
2026-07-27 20:14:12,33,30,40,0
2026-07-27 20:14:13,34,30,39,0
2026-07-27 20:14:13,34,31,39,0
2026-07-27 20:14:14,34,30,40,0
2026-07-27 20:14:15,34,31,40,0
2026-07-27 20:14:16,34,31,40,0
2026-07-27 20:14:17,34,31,40,0
2026-07-27 20:14:18,34,30,40,0
2026-07-27 20:14:19,34,30,40,0
2026-07-27 20:14:20,34,30,39,0
2026-07-27 20:14:21,34,31,40,0
2026-07-27 20:14:23,34,30,40,0
2026-07-27 20:14:23,34,30,39,0
2026-07-27 20:14:24,34,31,40,0
2026-07-27 20:14:26,34,31,40,0
2026-07-27 20:14:27,34,30,40,0
2026-07-27 20:14:27,34,31,40,0
2026-07-27 20:14:29,33,30,40,0
2026-07-27 20:14:30,34,30,39,0
2026-07-27 20:14:31,34,31,40,0
2026-07-27 20:14:32,34,31,40,0
2026-07-27 20:14:33,34,31,40,0
2026-07-27 20:14:33,34,31,40,0
2026-07-27 20:14:34,34,31,40,0
2026-07-27 20:14:36,34,31,40,0
2026-07-27 20:14:36,34,30,40,0
2026-07-27 20:14:37,34,30,40,0
2026-07-27 20:14:38,34,31,40,0
2026-07-27 20:14:39,34,31,40,0
2026-07-27 20:14:41,33,31,40,0
2026-07-27 20:14:42,34,30,40,0
2026-07-27 20:14:42,34,30,40,0
2026-07-27 20:14:44,34,31,39,0
2026-07-27 20:14:44,34,30,39,0
2026-07-27 20:14:45,34,31,40,0
2026-07-27 20:14:46,34,30,39,0
2026-07-27 20:14:48,34,30,40,0
2026-07-27 20:14:48,34,31,40,0
2026-07-27 20:14:49,34,30,40,0
2026-07-27 20:14:50,34,31,39,0
2026-07-27 20:14:51,34,30,40,0
2026-07-27 20:14:53,34,30,40,0
2026-07-27 20:14:53,34,30,40,0
2026-07-27 20:14:54,34,30,40,0
2026-07-27 20:14:55,34,31,40,0
2026-07-27 20:14:56,34,31,40,0
2026-07-27 20:14:58,34,31,40,0
2026-07-27 20:14:58,34,31,40,0
2026-07-27 20:14:59,34,31,40,0
2026-07-27 20:15:01,34,31,40,0
2026-07-27 20:15:02,34,31,40,0
2026-07-27 20:15:02,34,31,40,0
2026-07-27 20:15:04,34,31,40,0
2026-07-27 20:15:04,34,31,40,0
2026-07-27 20:15:06,34,30,40,0
2026-07-27 20:15:06,34,31,40,0
2026-07-27 20:15:07,34,31,40,0
2026-07-27 20:15:08,34,31,40,0
2026-07-27 20:15:09,34,31,39,0
2026-07-27 20:15:10,34,30,40,0
2026-07-27 20:15:11,34,31,40,0
2026-07-27 20:15:12,34,30,40,0
2026-07-27 20:15:13,34,31,40,0
2026-07-27 20:15:14,34,31,40,0
2026-07-27 20:15:15,34,31,40,0
2026-07-27 20:15:16,34,30,39,0
2026-07-27 20:15:18,34,31,40,0
2026-07-27 20:15:18,34,31,40,0
2026-07-27 20:15:19,34,30,40,0
2026-07-27 20:15:20,34,30,39,0
2026-07-27 20:15:21,34,31,40,0
2026-07-27 20:15:23,34,31,40,0
2026-07-27 20:15:23,34,31,40,0
2026-07-27 20:15:24,34,31,40,0
2026-07-27 20:15:25,34,31,40,0
2026-07-27 20:15:26,34,30,39,0
2026-07-27 20:15:27,34,31,40,0
2026-07-27 20:15:28,34,31,40,0
2026-07-27 20:15:30,34,31,40,0
2026-07-27 20:15:31,34,31,40,0
2026-07-27 20:15:31,34,31,40,0
2026-07-27 20:15:33,34,31,40,0
2026-07-27 20:15:34,34,31,40,0
2026-07-27 20:15:35,34,31,40,0
2026-07-27 20:15:36,34,30,40,0
2026-07-27 20:15:37,34,30,40,0
2026-07-27 20:15:37,34,31,40,0
2026-07-27 20:15:38,34,31,40,0
2026-07-27 20:15:39,34,30,40,0
2026-07-27 20:15:40,34,30,40,0
2026-07-27 20:15:41,34,30,40,0
2026-07-27 20:15:43,34,31,39,0
2026-07-27 20:15:44,34,30,40,0
2026-07-27 20:15:44,34,31,40,0
2026-07-27 20:15:46,34,31,40,0
2026-07-27 20:15:46,34,31,40,0
2026-07-27 20:15:48,34,31,40,0
2026-07-27 20:15:48,34,30,40,0
2026-07-27 20:15:49,34,30,39,0
2026-07-27 20:15:51,34,31,40,0
2026-07-27 20:15:51,34,30,40,0
2026-07-27 20:15:52,34,30,40,0
2026-07-27 20:15:54,34,30,40,0
2026-07-27 20:15:54,34,31,40,0
2026-07-27 20:15:55,34,30,40,0
2026-07-27 20:15:57,34,30,40,0
2026-07-27 20:15:57,34,31,40,0
2026-07-27 20:15:58,34,30,40,0
2026-07-27 20:16:00,34,30,40,0
2026-07-27 20:16:01,34,31,40,0
2026-07-27 20:16:02,34,31,40,0
2026-07-27 20:16:02,34,31,40,0
2026-07-27 20:16:03,34,31,40,0
2026-07-27 20:16:04,34,31,39,0
2026-07-27 20:16:05,34,30,40,0
2026-07-27 20:16:07,34,31,40,0
2026-07-27 20:16:07,34,30,40,0
2026-07-27 20:16:08,34,31,39,0
2026-07-27 20:16:10,34,30,40,0
2026-07-27 20:16:11,34,30,40,0
2026-07-27 20:16:11,34,31,40,0
2026-07-27 20:16:12,34,30,39,0
2026-07-27 20:16:14,34,30,40,0
2026-07-27 20:16:14,34,30,40,0
2026-07-27 20:16:15,34,31,40,0
2026-07-27 20:16:16,34,30,40,0
2026-07-27 20:16:17,34,30,40,0
2026-07-27 20:16:18,34,31,40,0
2026-07-27 20:16:19,34,30,40,0
2026-07-27 20:16:20,34,30,40,0
2026-07-27 20:16:21,34,31,40,0
2026-07-27 20:16:23,34,31,40,0
2026-07-27 20:16:24,34,31,40,0
2026-07-27 20:16:25,34,31,40,0
2026-07-27 20:16:25,34,31,40,0
2026-07-27 20:16:27,34,31,40,0
2026-07-27 20:16:28,34,31,40,0
2026-07-27 20:16:28,34,30,40,0
2026-07-27 20:16:30,34,30,40,0
2026-07-27 20:16:31,34,31,40,0
2026-07-27 20:16:31,34,31,40,0
2026-07-27 20:16:33,34,30,40,0
2026-07-27 20:16:34,34,31,40,0
2026-07-27 20:16:34,34,30,40,0
2026-07-27 20:16:36,34,30,40,0
2026-07-27 20:16:37,34,30,40,0
2026-07-27 20:16:38,34,30,40,0
2026-07-27 20:16:38,34,31,40,0
2026-07-27 20:16:40,34,30,40,0
2026-07-27 20:16:41,34,31,40,0
2026-07-27 20:16:42,34,30,40,0
2026-07-27 20:16:43,34,31,40,0
2026-07-27 20:16:44,34,31,39,0
2026-07-27 20:16:44,34,30,40,0
2026-07-27 20:16:46,34,31,39,0
2026-07-27 20:16:47,34,31,40,0
2026-07-27 20:16:48,34,30,40,0
2026-07-27 20:16:49,34,30,40,0
2026-07-27 20:16:50,34,31,40,0
2026-07-27 20:16:50,34,31,40,0
2026-07-27 20:16:51,34,30,40,0
2026-07-27 20:16:52,34,31,40,0
2026-07-27 20:16:53,34,30,39,0
2026-07-27 20:16:55,34,30,40,0
2026-07-27 20:16:56,34,30,40,0
2026-07-27 20:16:57,34,30,40,0
2026-07-27 20:16:58,34,30,40,0
2026-07-27 20:16:58,34,31,40,0
2026-07-27 20:17:00,34,31,40,0
2026-07-27 20:17:01,34,31,39,0
2026-07-27 20:17:02,34,30,40,0
2026-07-27 20:17:02,34,30,40,0
2026-07-27 20:17:04,34,31,40,0
2026-07-27 20:17:04,34,30,40,0
2026-07-27 20:17:05,34,31,40,0
2026-07-27 20:17:06,34,30,40,0
2026-07-27 20:17:07,34,31,40,0
2026-07-27 20:17:08,34,30,40,0
2026-07-27 20:17:09,34,30,40,0
2026-07-27 20:17:10,34,31,40,0
2026-07-27 20:17:11,34,30,40,0
2026-07-27 20:17:12,34,30,40,0
2026-07-27 20:17:14,34,30,39,0
2026-07-27 20:17:15,34,30,40,0
2026-07-27 20:17:15,34,30,39,0
2026-07-27 20:17:17,34,30,40,0
2026-07-27 20:17:17,34,30,40,0
2026-07-27 20:17:18,34,30,40,0
2026-07-27 20:17:19,34,30,40,0
2026-07-27 20:17:20,34,30,40,0
2026-07-27 20:17:21,34,30,40,0
2026-07-27 20:17:22,34,31,40,0
2026-07-27 20:17:24,34,30,40,0
2026-07-27 20:17:24,34,31,40,0
2026-07-27 20:17:26,34,31,40,0
2026-07-27 20:17:26,34,31,39,0
2026-07-27 20:17:28,34,30,39,0
2026-07-27 20:17:29,34,30,40,0
2026-07-27 20:17:30,34,31,40,0
2026-07-27 20:17:31,34,31,40,0
2026-07-27 20:17:32,34,31,40,0
2026-07-27 20:17:32,34,30,39,0
2026-07-27 20:17:33,34,31,39,0
2026-07-27 20:17:34,34,31,39,0
2026-07-27 20:17:35,34,31,40,0
2026-07-27 20:17:36,34,30,40,0
2026-07-27 20:17:37,34,31,39,0
2026-07-27 20:17:38,34,30,40,0
2026-07-27 20:17:39,34,31,40,0
2026-07-27 20:17:40,34,31,39,0
2026-07-27 20:17:42,34,30,39,0
2026-07-27 20:17:43,34,31,40,0
2026-07-27 20:17:43,34,30,40,0
2026-07-27 20:17:45,34,30,40,0
2026-07-27 20:17:45,34,30,40,0
2026-07-27 20:17:46,34,31,40,0
2026-07-27 20:17:48,34,30,40,0
2026-07-27 20:17:48,34,30,40,0
2026-07-27 20:17:50,34,30,40,0
2026-07-27 20:17:50,34,30,40,0
2026-07-27 20:17:51,34,30,40,0
2026-07-27 20:17:52,34,30,39,0
2026-07-27 20:17:54,34,30,40,0
2026-07-27 20:17:54,34,30,40,0
2026-07-27 20:17:55,34,31,40,0
2026-07-27 20:17:57,34,30,40,0
2026-07-27 20:17:57,34,31,40,0
2026-07-27 20:17:59,34,31,40,0
2026-07-27 20:17:59,34,31,40,0
2026-07-27 20:18:01,34,31,40,0
2026-07-27 20:18:01,34,30,39,0
2026-07-27 20:18:03,34,30,40,0
2026-07-27 20:18:03,34,31,39,0
2026-07-27 20:18:05,34,31,39,0
2026-07-27 20:18:05,34,30,40,0
2026-07-27 20:18:07,34,30,39,0
2026-07-27 20:18:07,34,30,39,0
2026-07-27 20:18:09,34,30,40,0
2026-07-27 20:18:09,34,30,39,0
2026-07-27 20:18:11,34,31,40,0
2026-07-27 20:18:11,34,31,40,0
2026-07-27 20:18:12,34,31,40,0
2026-07-27 20:18:14,34,31,40,0
2026-07-27 20:18:14,34,31,39,0
2026-07-27 20:18:15,34,30,40,0
2026-07-27 20:18:16,34,30,39,0
2026-07-27 20:18:17,34,31,40,0
2026-07-27 20:18:18,34,30,40,0
2026-07-27 20:18:19,34,31,40,0
2026-07-27 20:18:21,34,31,40,0
2026-07-27 20:18:21,34,31,40,0
2026-07-27 20:18:23,34,30,40,0
2026-07-27 20:18:24,34,31,40,0
2026-07-27 20:18:24,34,31,39,0
2026-07-27 20:18:26,34,30,40,0
2026-07-27 20:18:26,34,30,39,0
2026-07-27 20:18:27,34,31,40,0
2026-07-27 20:18:28,34,30,39,0
2026-07-27 20:18:29,34,30,39,0
2026-07-27 20:18:30,34,30,40,0
2026-07-27 20:18:31,34,30,39,0
2026-07-27 20:18:32,34,31,40,0
2026-07-27 20:18:33,34,31,40,0
2026-07-27 20:18:34,34,30,40,0
2026-07-27 20:18:35,34,30,40,0
2026-07-27 20:18:37,34,30,40,0
2026-07-27 20:18:38,34,30,40,0
2026-07-27 20:18:39,34,31,40,0
2026-07-27 20:18:40,34,31,39,0
2026-07-27 20:18:40,34,30,40,0
2026-07-27 20:18:42,34,30,39,0
2026-07-27 20:18:42,34,31,40,0
2026-07-27 20:18:44,34,30,40,0
2026-07-27 20:18:44,34,30,40,0
2026-07-27 20:18:45,34,30,40,0
2026-07-27 20:18:46,34,30,40,0
2026-07-27 20:18:47,34,30,40,0
2026-07-27 20:18:49,34,30,40,0
2026-07-27 20:18:49,34,31,40,0
2026-07-27 20:18:51,34,31,40,0
2026-07-27 20:18:52,34,30,40,0
2026-07-27 20:18:53,34,30,40,0
2026-07-27 20:18:54,34,31,40,0
2026-07-27 20:18:54,34,31,40,0
2026-07-27 20:18:55,34,30,40,0
2026-07-27 20:18:56,34,30,40,0
2026-07-27 20:18:57,34,30,40,0
2026-07-27 20:18:58,34,31,40,0
2026-07-27 20:18:59,34,31,40,0
2026-07-27 20:19:00,34,31,40,0
2026-07-27 20:19:01,34,31,40,0
2026-07-27 20:19:02,34,30,40,0
2026-07-27 20:19:04,34,31,40,0
2026-07-27 20:19:05,34,30,39,0
2026-07-27 20:19:05,34,30,40,0
2026-07-27 20:19:07,34,30,40,0
2026-07-27 20:19:07,34,31,39,0
2026-07-27 20:19:08,34,31,40,0
2026-07-27 20:19:10,34,31,40,0
2026-07-27 20:19:10,34,31,40,0
2026-07-27 20:19:11,34,31,40,0
2026-07-27 20:19:12,34,30,39,0
2026-07-27 20:19:13,34,31,39,0
2026-07-27 20:19:14,34,31,40,0
2026-07-27 20:19:15,34,30,40,0
2026-07-27 20:19:17,34,31,40,0
2026-07-27 20:19:17,34,31,39,0
2026-07-27 20:19:19,34,31,39,0
2026-07-27 20:19:20,34,31,39,0
2026-07-27 20:19:20,34,30,39,0
2026-07-27 20:19:21,34,31,40,0
2026-07-27 20:19:22,34,30,39,0
2026-07-27 20:19:23,34,31,40,0
2026-07-27 20:19:24,34,31,40,0
2026-07-27 20:19:25,34,30,40,0
2026-07-27 20:19:26,34,31,40,0
2026-07-27 20:19:27,34,31,40,0
2026-07-27 20:19:28,34,31,40,0
2026-07-27 20:19:30,34,31,40,0
2026-07-27 20:19:31,34,31,39,0
2026-07-27 20:19:32,34,30,40,0
2026-07-27 20:19:33,34,30,40,0
2026-07-27 20:19:34,34,30,40,0
2026-07-27 20:19:35,34,31,40,0
2026-07-27 20:19:35,34,30,39,0
2026-07-27 20:19:36,34,30,40,0
2026-07-27 20:19:37,34,31,40,0
2026-07-27 20:19:38,34,30,40,0
2026-07-27 20:19:39,34,31,40,0
2026-07-27 20:19:40,34,30,40,0
2026-07-27 20:19:41,34,31,40,0
2026-07-27 20:19:42,34,31,40,0
2026-07-27 20:19:43,34,31,40,0
2026-07-27 20:19:45,34,31,40,0
2026-07-27 20:19:46,34,31,40,0
2026-07-27 20:19:47,34,31,39,0
2026-07-27 20:19:48,34,30,40,0
2026-07-27 20:19:48,34,30,39,0
2026-07-27 20:19:50,34,31,39,0
2026-07-27 20:19:50,34,30,40,0
2026-07-27 20:19:52,34,30,40,0
2026-07-27 20:19:52,34,31,39,0
2026-07-27 20:19:53,34,31,40,0
2026-07-27 20:19:54,34,31,40,0
2026-07-27 20:19:55,34,31,40,0
2026-07-27 20:19:56,34,31,39,0
2026-07-27 20:19:57,34,31,39,0
2026-07-27 20:19:59,34,31,40,0
2026-07-27 20:19:59,34,31,40,0
2026-07-27 20:20:00,34,30,40,0
2026-07-27 20:20:01,34,31,40,0
2026-07-27 20:20:02,34,31,39,0
2026-07-27 20:20:03,34,31,39,0
2026-07-27 20:20:04,34,31,39,0
2026-07-27 20:20:05,34,30,39,0
2026-07-27 20:20:06,34,30,40,0
2026-07-27 20:20:08,34,30,40,0
2026-07-27 20:20:08,34,30,40,0
2026-07-27 20:20:10,34,30,40,0
2026-07-27 20:20:11,34,30,39,0
2026-07-27 20:20:11,34,31,39,0
2026-07-27 20:20:12,34,30,40,0
2026-07-27 20:20:13,34,31,39,0
2026-07-27 20:20:14,34,31,39,0
2026-07-27 20:20:15,34,31,39,0
2026-07-27 20:20:16,34,30,39,0
2026-07-27 20:20:17,34,31,39,0
2026-07-27 20:20:18,34,30,39,0
2026-07-27 20:20:19,34,30,39,0
2026-07-27 20:20:20,34,30,40,0
2026-07-27 20:20:22,34,30,40,0
2026-07-27 20:20:22,34,31,40,0
2026-07-27 20:20:24,34,30,39,0
2026-07-27 20:20:24,34,30,40,0
2026-07-27 20:20:25,34,31,39,0
2026-07-27 20:20:26,34,31,40,0
2026-07-27 20:20:27,34,30,40,0
2026-07-27 20:20:28,34,31,39,0
2026-07-27 20:20:29,34,30,40,0
2026-07-27 20:20:31,34,31,40,0
2026-07-27 20:20:31,34,30,40,0
2026-07-27 20:20:32,34,31,39,0
2026-07-27 20:20:33,34,31,40,0
2026-07-27 20:20:35,34,31,39,0
2026-07-27 20:20:36,34,31,40,0
2026-07-27 20:20:37,34,31,40,0
2026-07-27 20:20:37,34,31,40,0
2026-07-27 20:20:39,34,30,39,0
2026-07-27 20:20:39,34,31,40,0
2026-07-27 20:20:40,34,30,40,0
2026-07-27 20:20:41,34,31,40,0
2026-07-27 20:20:43,34,30,40,0
2026-07-27 20:20:43,34,31,40,0
2026-07-27 20:20:44,34,31,39,0
2026-07-27 20:20:45,34,31,39,0
2026-07-27 20:20:46,34,30,40,0
2026-07-27 20:20:47,34,31,40,0
2026-07-27 20:20:49,34,31,39,0
2026-07-27 20:20:50,34,30,40,0
2026-07-27 20:20:50,34,31,40,0
2026-07-27 20:20:51,34,30,40,0
2026-07-27 20:20:52,34,31,40,0
2026-07-27 20:20:53,34,31,39,0
2026-07-27 20:20:54,34,31,40,0
2026-07-27 20:20:56,34,30,39,0
2026-07-27 20:20:56,34,30,40,0
2026-07-27 20:20:58,34,30,40,0
2026-07-27 20:20:58,34,31,40,0
2026-07-27 20:20:59,34,30,40,0
2026-07-27 20:21:01,34,30,40,0
2026-07-27 20:21:02,34,31,39,0
2026-07-27 20:21:03,34,30,39,0
2026-07-27 20:21:04,34,30,40,0
2026-07-27 20:21:05,34,30,40,0
2026-07-27 20:21:06,34,31,40,0
2026-07-27 20:21:06,34,30,40,0
2026-07-27 20:21:08,34,30,39,0
2026-07-27 20:21:08,34,30,40,0
2026-07-27 20:21:10,34,30,39,0
2026-07-27 20:21:11,34,30,40,0
2026-07-27 20:21:12,34,31,40,0
2026-07-27 20:21:12,34,30,40,0
2026-07-27 20:21:13,34,30,40,0
2026-07-27 20:21:14,34,31,40,0
2026-07-27 20:21:15,34,31,39,0
2026-07-27 20:21:16,34,30,40,0
2026-07-27 20:21:17,34,30,40,0
2026-07-27 20:21:18,34,30,40,0
2026-07-27 20:21:19,34,31,39,0
2026-07-27 20:21:20,34,30,40,0
2026-07-27 20:21:22,34,30,39,0
2026-07-27 20:21:22,34,30,40,0
2026-07-27 20:21:24,34,30,39,0
2026-07-27 20:21:25,34,30,39,0
2026-07-27 20:21:26,34,31,39,0
2026-07-27 20:21:27,34,30,39,0
2026-07-27 20:21:27,34,30,40,0
2026-07-27 20:21:28,34,31,40,0
2026-07-27 20:21:29,34,31,40,0
2026-07-27 20:21:30,34,30,40,0
2026-07-27 20:21:31,34,31,39,0
2026-07-27 20:21:32,34,31,40,0
2026-07-27 20:21:34,34,30,40,0
2026-07-27 20:21:35,34,30,39,0
2026-07-27 20:21:36,34,31,39,0
2026-07-27 20:21:36,34,30,40,0
2026-07-27 20:21:37,34,31,40,0
2026-07-27 20:21:38,34,31,39,0
2026-07-27 20:21:39,34,30,39,0
2026-07-27 20:21:41,34,30,40,0
2026-07-27 20:21:41,34,30,40,0
2026-07-27 20:21:43,34,30,39,0
2026-07-27 20:21:43,34,31,40,0
2026-07-27 20:21:44,34,30,40,0
2026-07-27 20:21:45,34,31,40,0
2026-07-27 20:21:47,34,31,40,0
2026-07-27 20:21:48,34,30,40,0
2026-07-27 20:21:48,34,30,40,0
2026-07-27 20:21:49,34,30,40,0
2026-07-27 20:21:51,34,30,40,0
2026-07-27 20:21:52,34,30,40,0
2026-07-27 20:21:52,34,30,39,0
2026-07-27 20:21:53,34,30,40,0
2026-07-27 20:21:54,34,30,39,0
2026-07-27 20:21:56,34,30,40,0
2026-07-27 20:21:56,34,30,39,0
2026-07-27 20:21:57,34,30,40,0
2026-07-27 20:21:58,34,30,40,0
2026-07-27 20:21:59,34,31,40,0
2026-07-27 20:22:00,34,30,39,0
2026-07-27 20:22:01,34,30,39,0
2026-07-27 20:22:03,34,30,40,0
2026-07-27 20:22:03,34,30,40,0
2026-07-27 20:22:05,34,30,40,0
2026-07-27 20:22:06,34,30,40,0
2026-07-27 20:22:06,34,30,39,0
2026-07-27 20:22:07,34,31,40,0
2026-07-27 20:22:08,34,30,40,0
2026-07-27 20:22:09,34,30,40,0
2026-07-27 20:22:10,34,30,39,0
2026-07-27 20:22:11,34,30,39,0
2026-07-27 20:22:12,34,30,40,0
2026-07-27 20:22:13,34,30,40,0
2026-07-27 20:22:14,34,30,40,0
2026-07-27 20:22:15,34,30,39,0
2026-07-27 20:22:17,34,30,40,0
2026-07-27 20:22:17,34,30,40,0
2026-07-27 20:22:18,34,31,40,0
2026-07-27 20:22:20,34,31,40,0
2026-07-27 20:22:20,34,31,39,0
2026-07-27 20:22:22,34,30,40,0
2026-07-27 20:22:22,34,31,39,0
2026-07-27 20:22:23,34,31,40,0
2026-07-27 20:22:24,34,30,39,0
2026-07-27 20:22:25,34,30,40,0
2026-07-27 20:22:26,34,30,40,0
2026-07-27 20:22:27,34,31,39,0
2026-07-27 20:22:28,34,31,39,0
2026-07-27 20:22:30,34,30,40,0
2026-07-27 20:22:31,34,30,40,0
2026-07-27 20:22:32,34,30,40,0
2026-07-27 20:22:33,34,30,40,0
2026-07-27 20:22:33,34,30,40,0
2026-07-27 20:22:34,34,30,40,0
2026-07-27 20:22:35,34,31,40,0
2026-07-27 20:22:36,34,31,40,0
2026-07-27 20:22:37,34,31,40,0
2026-07-27 20:22:38,34,30,40,0
2026-07-27 20:22:39,34,31,40,0
2026-07-27 20:22:40,34,31,39,0
2026-07-27 20:22:41,34,31,39,0
2026-07-27 20:22:42,34,30,40,0
2026-07-27 20:22:44,34,30,40,0
2026-07-27 20:22:44,34,30,39,0
2026-07-27 20:22:46,34,30,39,0
2026-07-27 20:22:46,34,30,40,0
2026-07-27 20:22:47,34,30,40,0
2026-07-27 20:22:49,34,31,39,0
2026-07-27 20:22:49,34,31,39,0
2026-07-27 20:22:50,34,30,40,0
2026-07-27 20:22:52,34,30,40,0
2026-07-27 20:22:53,34,31,40,0
2026-07-27 20:22:54,34,30,40,0
2026-07-27 20:22:55,34,30,40,0
2026-07-27 20:22:55,34,30,40,0
2026-07-27 20:22:56,34,30,39,0
2026-07-27 20:22:58,34,30,39,0
2026-07-27 20:22:58,34,30,39,0
2026-07-27 20:23:00,34,30,39,0
2026-07-27 20:23:00,34,30,40,0
2026-07-27 20:23:01,34,30,40,0
2026-07-27 20:23:02,34,30,40,0
2026-07-27 20:23:03,34,30,40,0
2026-07-27 20:23:04,34,31,40,0
2026-07-27 20:23:05,34,30,40,0
2026-07-27 20:23:06,34,30,40,0
2026-07-27 20:23:08,34,31,39,0
2026-07-27 20:23:09,34,31,40,0
2026-07-27 20:23:10,34,31,40,0
2026-07-27 20:23:11,34,31,40,0
2026-07-27 20:23:12,34,30,39,0
2026-07-27 20:23:12,34,31,40,0
2026-07-27 20:23:13,34,30,39,0
2026-07-27 20:23:14,34,30,40,0
2026-07-27 20:23:15,34,31,40,0
2026-07-27 20:23:16,34,30,39,0
2026-07-27 20:23:17,34,30,39,0
2026-07-27 20:23:18,34,30,40,0
2026-07-27 20:23:20,34,30,40,0
2026-07-27 20:23:21,34,31,40,0
2026-07-27 20:23:22,34,30,40,0
2026-07-27 20:23:23,34,31,39,0
2026-07-27 20:23:24,34,31,40,0
2026-07-27 20:23:25,34,30,39,0
2026-07-27 20:23:26,34,30,39,0
2026-07-27 20:23:26,34,30,40,0
2026-07-27 20:23:27,34,30,40,0
2026-07-27 20:23:28,34,31,40,0
2026-07-27 20:23:30,34,30,40,0
2026-07-27 20:23:31,34,30,40,0
2026-07-27 20:23:32,34,30,40,0
2026-07-27 20:23:33,34,31,40,0
2026-07-27 20:23:34,34,30,40,0
2026-07-27 20:23:35,34,31,40,0
2026-07-27 20:23:36,34,30,40,0
2026-07-27 20:23:36,34,31,39,0
2026-07-27 20:23:38,34,31,40,0
2026-07-27 20:23:39,34,30,40,0
2026-07-27 20:23:40,34,30,40,0
2026-07-27 20:23:41,34,31,40,0
2026-07-27 20:23:41,34,30,39,0
2026-07-27 20:23:42,34,30,39,0
2026-07-27 20:23:43,34,30,40,0
2026-07-27 20:23:44,34,31,40,0
2026-07-27 20:23:45,34,30,40,0
2026-07-27 20:23:46,34,31,40,0
2026-07-27 20:23:47,34,30,40,0
2026-07-27 20:23:48,34,30,40,0
2026-07-27 20:23:50,34,31,40,0
2026-07-27 20:23:51,34,30,40,0
2026-07-27 20:23:52,34,31,40,0
2026-07-27 20:23:53,34,31,39,0
2026-07-27 20:23:53,34,30,40,0
2026-07-27 20:23:55,34,31,40,0
2026-07-27 20:23:55,34,31,40,0
2026-07-27 20:23:56,34,30,40,0
2026-07-27 20:23:57,34,30,40,0
2026-07-27 20:23:58,34,30,40,0
2026-07-27 20:23:59,34,30,40,0
2026-07-27 20:24:01,34,31,40,0
2026-07-27 20:24:02,34,31,40,0
2026-07-27 20:24:02,34,30,40,0
2026-07-27 20:24:03,34,30,40,0
2026-07-27 20:24:05,34,30,40,0
2026-07-27 20:24:05,34,31,40,0
2026-07-27 20:24:07,34,30,40,0
2026-07-27 20:24:08,34,30,40,0
2026-07-27 20:24:08,34,30,40,0
2026-07-27 20:24:09,34,31,40,0
2026-07-27 20:24:10,34,30,40,0
2026-07-27 20:24:11,34,30,40,0
2026-07-27 20:24:12,34,30,39,0
2026-07-27 20:24:13,34,31,40,0
2026-07-27 20:24:14,34,31,40,0
2026-07-27 20:24:15,34,30,40,0
2026-07-27 20:24:17,34,31,40,0
2026-07-27 20:24:18,34,31,40,0
2026-07-27 20:24:19,34,31,40,0
2026-07-27 20:24:20,34,30,40,0
2026-07-27 20:24:20,34,30,40,0
2026-07-27 20:24:21,34,30,40,0
2026-07-27 20:24:22,34,30,39,0
2026-07-27 20:24:23,34,31,40,0
2026-07-27 20:24:25,34,30,40,0
2026-07-27 20:24:25,34,31,40,0
2026-07-27 20:24:26,34,30,40,0
2026-07-27 20:24:27,34,30,40,0
2026-07-27 20:24:28,34,30,40,0
2026-07-27 20:24:30,34,31,39,0
2026-07-27 20:24:31,34,31,40,0
2026-07-27 20:24:32,34,30,40,0
2026-07-27 20:24:33,34,30,40,0
2026-07-27 20:24:33,34,30,40,0
2026-07-27 20:24:35,34,30,40,0
2026-07-27 20:24:35,34,30,40,0
2026-07-27 20:24:37,34,30,40,0
2026-07-27 20:24:38,34,30,40,0
2026-07-27 20:24:38,34,31,40,0
2026-07-27 20:24:40,34,30,40,0
2026-07-27 20:24:40,34,31,40,0
2026-07-27 20:24:42,34,30,40,0
2026-07-27 20:24:43,34,30,40,0
2026-07-27 20:24:44,34,30,40,0
2026-07-27 20:24:44,34,30,40,0
2026-07-27 20:24:45,34,30,40,0
2026-07-27 20:24:47,34,30,40,0
2026-07-27 20:24:47,34,30,40,0
2026-07-27 20:24:48,34,30,40,0
2026-07-27 20:24:49,34,31,40,0
2026-07-27 20:24:50,34,31,40,0
2026-07-27 20:24:51,34,30,40,0
2026-07-27 20:24:52,34,30,39,0
2026-07-27 20:24:54,34,30,40,0
2026-07-27 20:24:54,34,30,40,0
2026-07-27 20:24:56,34,30,40,0
2026-07-27 20:24:56,34,30,40,0
2026-07-27 20:24:57,34,30,40,0
2026-07-27 20:24:58,34,30,40,0
2026-07-27 20:25:00,34,30,40,0
2026-07-27 20:25:01,34,30,40,0
2026-07-27 20:25:02,34,30,40,0
2026-07-27 20:25:03,34,30,40,0
2026-07-27 20:25:04,34,30,40,0
2026-07-27 20:25:05,34,30,39,0
2026-07-27 20:25:05,34,30,40,0
2026-07-27 20:25:06,34,30,40,0
2026-07-27 20:25:07,34,31,40,0
2026-07-27 20:25:08,34,30,40,0
2026-07-27 20:25:09,34,30,40,0
2026-07-27 20:25:11,34,30,40,0
2026-07-27 20:25:12,34,30,40,0
2026-07-27 20:25:13,34,31,40,0
2026-07-27 20:25:14,34,30,40,0
2026-07-27 20:25:14,34,30,40,0
2026-07-27 20:25:16,34,30,40,0
2026-07-27 20:25:17,34,30,40,0
2026-07-27 20:25:17,34,30,40,0
2026-07-27 20:25:19,34,30,40,0
2026-07-27 20:25:20,34,30,40,0
2026-07-27 20:25:20,34,30,40,0
2026-07-27 20:25:22,34,30,40,0
2026-07-27 20:25:23,34,30,40,0
2026-07-27 20:25:24,34,30,40,0
2026-07-27 20:25:24,34,30,40,0
2026-07-27 20:25:25,34,30,40,0
2026-07-27 20:25:26,34,30,40,0
2026-07-27 20:25:27,34,31,40,0
2026-07-27 20:25:28,34,30,40,0
2026-07-27 20:25:30,34,30,40,0
2026-07-27 20:25:30,34,31,40,0
2026-07-27 20:25:32,34,30,40,0
2026-07-27 20:25:32,34,30,40,0
2026-07-27 20:25:34,34,30,40,0
2026-07-27 20:25:35,34,31,40,0
2026-07-27 20:25:36,34,31,40,0
2026-07-27 20:25:37,34,30,40,0
2026-07-27 20:25:38,34,30,40,0
2026-07-27 20:25:38,34,30,40,0
2026-07-27 20:25:39,34,30,40,0
2026-07-27 20:25:40,34,30,40,0
2026-07-27 20:25:41,34,31,40,0
2026-07-27 20:25:42,34,30,40,0
2026-07-27 20:25:43,34,30,40,0
2026-07-27 20:25:44,34,31,40,0
2026-07-27 20:25:46,34,30,39,0
2026-07-27 20:25:47,34,30,40,0
2026-07-27 20:25:48,34,30,40,0
2026-07-27 20:25:48,34,30,40,0
2026-07-27 20:25:50,34,30,40,0
2026-07-27 20:25:51,34,30,40,0
2026-07-27 20:25:51,34,30,40,0
2026-07-27 20:25:53,34,30,40,0
2026-07-27 20:25:53,34,31,39,0
2026-07-27 20:25:55,34,30,40,0
2026-07-27 20:25:55,34,30,40,0
2026-07-27 20:25:56,34,30,40,0
2026-07-27 20:25:58,34,30,40,0
2026-07-27 20:25:59,34,30,40,0
2026-07-27 20:25:59,34,30,39,0
2026-07-27 20:26:01,34,30,40,0
2026-07-27 20:26:02,34,30,40,0
2026-07-27 20:26:03,34,30,40,0
2026-07-27 20:26:04,34,30,40,0
2026-07-27 20:26:05,34,30,40,0
2026-07-27 20:26:05,34,31,39,0
2026-07-27 20:26:07,34,30,39,0
2026-07-27 20:26:07,34,30,39,0
2026-07-27 20:26:08,34,30,40,0
2026-07-27 20:26:09,34,30,40,0
2026-07-27 20:26:10,34,30,40,0
2026-07-27 20:26:11,34,31,40,0
2026-07-27 20:26:12,34,30,40,0
2026-07-27 20:26:14,34,30,40,0
2026-07-27 20:26:14,34,31,40,0
2026-07-27 20:26:15,34,30,40,0
2026-07-27 20:26:16,34,30,40,0
2026-07-27 20:26:17,34,30,40,0
2026-07-27 20:26:18,34,31,40,0
2026-07-27 20:26:19,34,31,39,0
2026-07-27 20:26:20,34,31,39,0
2026-07-27 20:26:21,34,31,40,0
2026-07-27 20:26:22,34,30,40,0
2026-07-27 20:26:23,34,30,40,0
2026-07-27 20:26:24,34,30,40,0
2026-07-27 20:26:25,34,30,40,0
2026-07-27 20:26:26,34,31,40,0
2026-07-27 20:26:27,34,31,40,0
2026-07-27 20:26:28,34,31,40,0
2026-07-27 20:26:30,34,30,40,0
2026-07-27 20:26:31,34,30,40,0
2026-07-27 20:26:31,34,31,40,0
2026-07-27 20:26:32,34,31,40,0
2026-07-27 20:26:33,34,31,40,0
2026-07-27 20:26:34,34,30,40,0
2026-07-27 20:26:35,34,30,39,0
2026-07-27 20:26:36,34,30,39,0
2026-07-27 20:26:37,34,30,40,0
2026-07-27 20:26:38,34,31,39,0
2026-07-27 20:26:39,34,31,40,0
2026-07-27 20:26:40,34,31,40,0
2026-07-27 20:26:41,34,31,39,0
2026-07-27 20:26:42,34,30,39,0
2026-07-27 20:26:43,34,30,40,0
2026-07-27 20:26:44,34,30,40,0
2026-07-27 20:26:45,34,31,40,0
2026-07-27 20:26:46,34,30,40,0
2026-07-27 20:26:47,34,31,39,0
2026-07-27 20:26:49,34,31,39,0
2026-07-27 20:26:49,34,30,40,0
2026-07-27 20:26:50,34,31,40,0
2026-07-27 20:26:51,34,31,40,0
2026-07-27 20:26:52,34,31,40,0
2026-07-27 20:26:53,34,31,40,0
2026-07-27 20:26:54,34,30,40,0
2026-07-27 20:26:55,34,30,40,0
2026-07-27 20:26:56,34,31,40,0
2026-07-27 20:26:57,34,31,40,0
2026-07-27 20:26:58,34,30,39,0
2026-07-27 20:26:59,34,31,39,0
2026-07-27 20:27:00,34,31,39,0
2026-07-27 20:27:01,34,31,39,0
2026-07-27 20:27:02,34,30,40,0
2026-07-27 20:27:03,34,31,39,0
2026-07-27 20:27:04,34,31,40,0
2026-07-27 20:27:05,34,31,40,0
2026-07-27 20:27:06,34,30,40,0
2026-07-27 20:27:07,34,31,40,0
2026-07-27 20:27:08,34,31,40,0
2026-07-27 20:27:09,34,30,40,0
2026-07-27 20:27:10,34,30,40,0
2026-07-27 20:27:11,34,30,40,0
2026-07-27 20:27:12,34,31,40,0
2026-07-27 20:27:13,34,30,40,0
2026-07-27 20:27:14,34,30,40,0
2026-07-27 20:27:15,34,30,40,0
2026-07-27 20:27:16,34,30,40,0
2026-07-27 20:27:17,34,31,40,0
2026-07-27 20:27:18,34,30,40,0
2026-07-27 20:27:19,34,31,40,0
2026-07-27 20:27:20,34,30,40,0
2026-07-27 20:27:21,34,30,39,0
2026-07-27 20:27:22,34,30,40,0
2026-07-27 20:27:23,34,30,40,0
2026-07-27 20:27:24,34,30,40,0
2026-07-27 20:27:25,34,30,40,0
2026-07-27 20:27:26,34,30,40,0
2026-07-27 20:27:27,34,30,40,0
2026-07-27 20:27:28,34,30,39,0
2026-07-27 20:27:29,34,30,40,0
2026-07-27 20:27:30,34,30,40,0
2026-07-27 20:27:31,34,30,39,0
2026-07-27 20:27:32,34,30,39,0
2026-07-27 20:27:33,34,31,40,0
2026-07-27 20:27:34,34,31,39,0
2026-07-27 20:27:35,34,31,40,0
2026-07-27 20:27:36,34,30,40,0
2026-07-27 20:27:38,34,31,39,0
2026-07-27 20:27:38,34,30,40,0
2026-07-27 20:27:39,34,30,40,0
2026-07-27 20:27:40,34,30,40,0
2026-07-27 20:27:41,34,30,40,0
2026-07-27 20:27:42,34,30,40,0
2026-07-27 20:27:43,34,30,40,0
2026-07-27 20:27:44,34,30,39,0
2026-07-27 20:27:45,34,30,40,0
2026-07-27 20:27:46,34,30,40,0
2026-07-27 20:27:47,34,30,40,0
2026-07-27 20:27:48,34,30,40,0
2026-07-27 20:27:49,34,30,39,0
2026-07-27 20:27:50,34,31,39,0
2026-07-27 20:27:51,34,30,40,0
2026-07-27 20:27:52,34,31,40,0
2026-07-27 20:27:53,34,31,40,0
2026-07-27 20:27:54,34,30,40,0
2026-07-27 20:27:55,34,30,40,0
2026-07-27 20:27:56,34,31,40,0
2026-07-27 20:27:57,34,30,40,0
2026-07-27 20:27:58,34,31,40,0
2026-07-27 20:27:59,34,30,40,0
2026-07-27 20:28:00,34,30,40,0
2026-07-27 20:28:01,34,30,39,0
2026-07-27 20:28:02,34,30,40,0
2026-07-27 20:28:03,34,31,40,0
2026-07-27 20:28:04,34,30,40,0
2026-07-27 20:28:05,34,30,40,0
2026-07-27 20:28:06,34,31,39,0
2026-07-27 20:28:07,34,30,40,0
2026-07-27 20:28:08,34,30,39,0
2026-07-27 20:28:09,34,31,40,0
2026-07-27 20:28:10,34,31,40,0
2026-07-27 20:28:11,34,30,40,0
2026-07-27 20:28:12,34,31,39,0
2026-07-27 20:28:13,34,30,40,0
2026-07-27 20:28:14,34,30,40,0
2026-07-27 20:28:15,34,30,40,0
2026-07-27 20:28:16,34,30,40,0
2026-07-27 20:28:17,34,30,40,0
2026-07-27 20:28:18,34,30,39,0
2026-07-27 20:28:19,34,30,40,0
2026-07-27 20:28:20,34,30,40,0
2026-07-27 20:28:21,34,30,40,0
2026-07-27 20:28:22,34,30,40,0
2026-07-27 20:28:23,34,30,40,0
2026-07-27 20:28:24,34,30,40,0
2026-07-27 20:28:25,34,30,39,0
2026-07-27 20:28:26,34,31,40,0
2026-07-27 20:28:27,34,31,40,0
2026-07-27 20:28:28,34,30,40,0
2026-07-27 20:28:29,34,30,39,0
2026-07-27 20:28:30,34,30,40,0
2026-07-27 20:28:31,34,30,39,0
2026-07-27 20:28:32,34,30,39,0
2026-07-27 20:28:33,34,30,40,0
2026-07-27 20:28:34,34,30,40,0
2026-07-27 20:28:35,34,30,40,0
2026-07-27 20:28:36,34,30,40,0
2026-07-27 20:28:37,34,30,40,0
2026-07-27 20:28:38,34,30,40,0
2026-07-27 20:28:39,34,31,40,0
2026-07-27 20:28:40,34,30,40,0
2026-07-27 20:28:41,34,30,40,0
2026-07-27 20:28:42,34,30,40,0
2026-07-27 20:28:43,34,30,40,0
2026-07-27 20:28:44,34,31,40,0
2026-07-27 20:28:45,34,30,39,0
2026-07-27 20:28:46,34,31,40,0
2026-07-27 20:28:47,34,30,40,0
2026-07-27 20:28:48,34,30,40,0
2026-07-27 20:28:49,34,30,40,0
2026-07-27 20:28:50,34,30,40,0
2026-07-27 20:28:51,34,31,40,0
2026-07-27 20:28:52,34,30,40,0
2026-07-27 20:28:53,34,30,39,0
2026-07-27 20:28:54,34,31,40,0
2026-07-27 20:28:55,34,31,39,0
2026-07-27 20:28:56,34,31,39,0
2026-07-27 20:28:57,34,31,39,0
2026-07-27 20:28:58,34,30,39,0
2026-07-27 20:28:59,34,31,40,0
2026-07-27 20:29:00,34,31,40,0
2026-07-27 20:29:01,34,30,40,0
2026-07-27 20:29:02,34,30,39,0
2026-07-27 20:29:03,34,30,40,0
2026-07-27 20:29:04,34,31,40,0
2026-07-27 20:29:05,34,30,39,0
2026-07-27 20:29:06,34,30,40,0
2026-07-27 20:29:07,34,31,40,0
2026-07-27 20:29:08,34,31,40,0
2026-07-27 20:29:09,34,30,40,0
2026-07-27 20:29:10,34,30,40,0
2026-07-27 20:29:11,34,30,40,0
2026-07-27 20:29:12,34,31,40,0
2026-07-27 20:29:13,34,31,40,0
2026-07-27 20:29:14,34,30,40,0
2026-07-27 20:29:15,34,30,40,0
2026-07-27 20:29:16,34,30,40,0
2026-07-27 20:29:17,34,31,39,0
2026-07-27 20:29:18,34,30,40,0
2026-07-27 20:29:19,34,30,40,0
2026-07-27 20:29:20,34,30,39,0
2026-07-27 20:29:21,34,30,39,0
2026-07-27 20:29:22,34,31,40,0
2026-07-27 20:29:23,34,30,40,0
2026-07-27 20:29:24,34,30,40,0
2026-07-27 20:29:25,34,30,40,0
2026-07-27 20:29:26,34,31,39,0
2026-07-27 20:29:27,34,31,40,0
2026-07-27 20:29:28,34,30,40,0
2026-07-27 20:29:29,34,31,39,0
2026-07-27 20:29:30,34,31,40,0
2026-07-27 20:29:31,34,30,40,0
2026-07-27 20:29:32,34,30,40,0
2026-07-27 20:29:33,34,30,40,0
2026-07-27 20:29:34,34,31,40,0
2026-07-27 20:29:35,34,30,39,0
2026-07-27 20:29:36,34,31,39,0
2026-07-27 20:29:37,34,31,40,0
2026-07-27 20:29:38,34,31,40,0
2026-07-27 20:29:39,34,30,39,0
2026-07-27 20:29:40,34,30,40,0
2026-07-27 20:29:41,34,31,39,0
2026-07-27 20:29:42,34,31,40,0
2026-07-27 20:29:43,34,31,40,0
2026-07-27 20:29:44,34,30,40,0
2026-07-27 20:29:45,34,30,40,0
2026-07-27 20:29:46,34,30,40,0
2026-07-27 20:29:47,34,31,39,0
2026-07-27 20:29:48,34,31,39,0
2026-07-27 20:29:49,34,30,40,0
2026-07-27 20:29:50,34,30,40,0
2026-07-27 20:29:51,34,30,39,0
2026-07-27 20:29:52,34,31,40,0
2026-07-27 20:29:53,34,30,40,0
2026-07-27 20:29:54,34,30,39,0
2026-07-27 20:29:55,34,31,40,0
2026-07-27 20:29:56,34,30,39,0
2026-07-27 20:29:57,34,30,39,0
2026-07-27 20:29:58,34,30,40,0
2026-07-27 20:29:59,34,30,39,0
2026-07-27 20:30:00,34,30,39,0
2026-07-27 20:30:01,34,30,39,0
2026-07-27 20:30:02,34,31,40,0
2026-07-27 20:30:03,34,31,40,0
2026-07-27 20:30:04,34,30,39,0
2026-07-27 20:30:05,34,30,40,0
2026-07-27 20:30:06,34,30,39,0
2026-07-27 20:30:07,34,30,40,0
2026-07-27 20:30:08,34,31,40,0
2026-07-27 20:30:09,34,30,40,0
2026-07-27 20:30:10,34,30,40,0
2026-07-27 20:30:11,34,31,40,0
2026-07-27 20:30:12,34,31,40,0
2026-07-27 20:30:13,34,30,40,0
2026-07-27 20:30:14,34,31,40,0
2026-07-27 20:30:15,34,30,40,0
2026-07-27 20:30:16,34,31,40,0
2026-07-27 20:30:17,34,30,40,0
2026-07-27 20:30:18,34,30,39,0
2026-07-27 20:30:19,34,30,40,0
2026-07-27 20:30:20,34,30,40,0
2026-07-27 20:30:21,34,31,40,0
2026-07-27 20:30:22,34,30,40,0
2026-07-27 20:30:23,34,30,39,0
2026-07-27 20:30:24,34,30,40,0
2026-07-27 20:30:25,34,31,40,0
2026-07-27 20:30:26,34,31,39,0
2026-07-27 20:30:27,34,31,40,0
2026-07-27 20:30:28,34,31,40,0
2026-07-27 20:30:29,34,31,39,0
2026-07-27 20:30:30,34,31,40,0
2026-07-27 20:30:31,34,31,40,0
2026-07-27 20:30:32,34,31,40,0
2026-07-27 20:30:33,34,31,39,0
2026-07-27 20:30:34,34,31,39,0
2026-07-27 20:30:35,34,31,40,0
2026-07-27 20:30:36,34,31,40,0
2026-07-27 20:30:37,34,31,40,0
2026-07-27 20:30:38,34,30,39,0
2026-07-27 20:30:39,34,31,39,0
2026-07-27 20:30:40,34,31,40,0
2026-07-27 20:30:41,34,31,39,0
2026-07-27 20:30:42,34,31,39,0
2026-07-27 20:30:43,34,30,40,0
2026-07-27 20:30:44,34,30,39,0
2026-07-27 20:30:45,34,31,40,0
2026-07-27 20:30:46,34,30,39,0
2026-07-27 20:30:47,34,31,40,0
2026-07-27 20:30:48,34,31,39,0
2026-07-27 20:30:49,34,31,39,0
2026-07-27 20:30:50,34,30,40,0
2026-07-27 20:30:51,34,31,40,0
2026-07-27 20:30:52,34,31,40,0
2026-07-27 20:30:53,34,30,40,0
2026-07-27 20:30:54,34,30,39,0
2026-07-27 20:30:55,34,31,39,0
2026-07-27 20:30:56,34,31,40,0
2026-07-27 20:30:57,34,31,40,0
2026-07-27 20:30:58,34,30,40,0
2026-07-27 20:30:59,34,31,40,0
2026-07-27 20:31:00,34,31,40,0
2026-07-27 20:31:01,34,30,39,0
2026-07-27 20:31:02,34,30,39,0
2026-07-27 20:31:03,34,30,40,0
2026-07-27 20:31:04,34,31,39,0
2026-07-27 20:31:05,34,31,40,0
2026-07-27 20:31:06,34,31,40,0
2026-07-27 20:31:07,34,30,40,0
2026-07-27 20:31:08,34,30,40,0
2026-07-27 20:31:09,34,31,40,0
2026-07-27 20:31:10,34,30,40,0
2026-07-27 20:31:11,34,31,40,0
2026-07-27 20:31:12,34,31,40,0
2026-07-27 20:31:13,34,31,39,0
2026-07-27 20:31:14,34,30,39,0
2026-07-27 20:31:15,34,31,40,0
2026-07-27 20:31:16,34,30,40,0
2026-07-27 20:31:17,34,31,40,0
2026-07-27 20:31:18,34,31,40,0
2026-07-27 20:31:19,34,31,40,0
2026-07-27 20:31:20,34,30,39,0
2026-07-27 20:31:21,34,31,40,0
2026-07-27 20:31:22,34,30,40,0
2026-07-27 20:31:23,34,30,40,0
2026-07-27 20:31:24,34,31,40,0
2026-07-27 20:31:25,34,31,40,0
2026-07-27 20:31:26,34,30,40,0
2026-07-27 20:31:27,34,30,40,0
2026-07-27 20:31:28,34,31,39,0
2026-07-27 20:31:29,34,31,39,0
2026-07-27 20:31:30,34,30,40,0
2026-07-27 20:31:31,34,31,40,0
2026-07-27 20:31:32,34,30,40,0
2026-07-27 20:31:33,34,31,40,0
2026-07-27 20:31:34,34,31,40,0
2026-07-27 20:31:35,34,30,39,0
2026-07-27 20:31:36,34,30,40,0
2026-07-27 20:31:37,34,31,40,0
2026-07-27 20:31:38,34,31,39,0
2026-07-27 20:31:39,34,31,40,0
2026-07-27 20:31:40,34,30,39,0
2026-07-27 20:31:41,34,30,40,0
2026-07-27 20:31:42,34,31,40,0
2026-07-27 20:31:43,34,30,39,0
2026-07-27 20:31:44,34,31,40,0
2026-07-27 20:31:45,34,30,40,0
2026-07-27 20:31:46,34,30,40,0
2026-07-27 20:31:47,34,30,39,0
2026-07-27 20:31:48,34,30,40,0
2026-07-27 20:31:49,34,30,39,0
2026-07-27 20:31:50,34,31,40,0
2026-07-27 20:31:51,34,30,40,0
2026-07-27 20:31:52,34,30,40,0
2026-07-27 20:31:53,34,31,40,0
2026-07-27 20:31:54,34,31,40,0
2026-07-27 20:31:55,34,30,40,0
2026-07-27 20:31:56,34,30,40,0
2026-07-27 20:31:57,34,31,40,0
2026-07-27 20:31:58,34,30,40,0
2026-07-27 20:31:59,34,30,40,0
2026-07-27 20:32:00,34,30,40,0
2026-07-27 20:32:01,34,31,40,0
2026-07-27 20:32:02,34,31,40,0
2026-07-27 20:32:03,34,30,39,0
2026-07-27 20:32:04,34,31,40,0
2026-07-27 20:32:05,34,31,40,0
2026-07-27 20:32:06,34,31,39,0
2026-07-27 20:32:07,34,31,40,0
2026-07-27 20:32:08,34,31,40,0
2026-07-27 20:32:09,34,31,40,0
2026-07-27 20:32:10,34,31,40,0
2026-07-27 20:32:11,34,30,40,0
2026-07-27 20:32:12,34,30,40,0
2026-07-27 20:32:13,34,30,40,0
2026-07-27 20:32:14,34,31,40,0
2026-07-27 20:32:15,34,30,40,0
2026-07-27 20:32:16,34,30,39,0
2026-07-27 20:32:17,34,31,40,0
2026-07-27 20:32:18,34,30,39,0
2026-07-27 20:32:19,34,31,39,0
2026-07-27 20:32:20,34,30,40,0
2026-07-27 20:32:21,34,31,40,0
2026-07-27 20:32:22,34,30,39,0
2026-07-27 20:32:23,34,30,40,0
2026-07-27 20:32:24,34,31,40,0
2026-07-27 20:32:25,34,30,40,0
2026-07-27 20:32:26,34,30,39,0
2026-07-27 20:32:27,34,31,40,0
2026-07-27 20:32:28,34,30,40,0
2026-07-27 20:32:29,34,31,39,0
2026-07-27 20:32:30,34,30,40,0
2026-07-27 20:32:31,34,31,40,0
2026-07-27 20:32:32,34,31,39,0
2026-07-27 20:32:33,34,30,40,0
2026-07-27 20:32:34,34,30,40,0
2026-07-27 20:32:35,34,30,40,0
2026-07-27 20:32:36,34,30,40,0
2026-07-27 20:32:37,34,31,40,0
2026-07-27 20:32:38,34,31,40,0
2026-07-27 20:32:39,34,30,40,0
2026-07-27 20:32:40,34,30,39,0
2026-07-27 20:32:41,34,30,40,0
2026-07-27 20:32:42,34,30,40,0
2026-07-27 20:32:43,34,30,40,0
2026-07-27 20:32:44,34,30,40,0
2026-07-27 20:32:45,34,31,40,0
2026-07-27 20:32:46,34,30,40,0
2026-07-27 20:32:47,34,31,40,0
2026-07-27 20:32:48,34,30,40,0
2026-07-27 20:32:49,34,31,40,0
2026-07-27 20:32:50,34,30,40,0
2026-07-27 20:32:51,34,30,40,0
2026-07-27 20:32:52,34,31,40,0
2026-07-27 20:32:53,34,30,39,0
2026-07-27 20:32:54,34,31,40,0
2026-07-27 20:32:55,34,31,40,0
2026-07-27 20:32:56,34,30,39,0
2026-07-27 20:32:57,34,31,40,0
2026-07-27 20:32:58,34,30,40,0
2026-07-27 20:32:59,34,30,40,0
2026-07-27 20:33:00,34,31,40,0
2026-07-27 20:33:01,34,31,40,0
2026-07-27 20:33:02,34,30,40,0
2026-07-27 20:33:03,34,30,40,0
2026-07-27 20:33:04,34,31,40,0
2026-07-27 20:33:05,34,31,40,0
2026-07-27 20:33:06,34,30,40,0
2026-07-27 20:33:07,34,30,40,0
2026-07-27 20:33:08,34,31,40,0
2026-07-27 20:33:09,34,30,40,0
2026-07-27 20:33:10,34,30,40,0
2026-07-27 20:33:11,34,30,40,0
2026-07-27 20:33:12,34,30,39,0
2026-07-27 20:33:13,34,30,40,0
2026-07-27 20:33:14,34,30,40,0
2026-07-27 20:33:15,34,30,40,0
2026-07-27 20:33:16,34,30,40,0
2026-07-27 20:33:17,34,30,40,0
2026-07-27 20:33:18,34,31,39,0
2026-07-27 20:33:19,34,31,40,0
2026-07-27 20:33:20,34,30,40,0
2026-07-27 20:33:21,34,31,39,0
2026-07-27 20:33:22,34,31,40,0
2026-07-27 20:33:23,34,30,40,0
2026-07-27 20:33:24,34,30,40,0
2026-07-27 20:33:25,34,31,40,0
2026-07-27 20:33:26,34,31,40,0
2026-07-27 20:33:27,34,30,40,0
2026-07-27 20:33:28,34,31,39,0
2026-07-27 20:33:29,34,31,40,0
2026-07-27 20:33:30,34,30,40,0
2026-07-27 20:33:31,34,31,39,0
2026-07-27 20:33:32,34,30,40,0
2026-07-27 20:33:33,34,30,40,0
2026-07-27 20:33:34,34,31,40,0
2026-07-27 20:33:35,34,30,40,0
2026-07-27 20:33:36,34,30,40,0
2026-07-27 20:33:37,34,30,40,0
2026-07-27 20:33:38,34,30,40,0
2026-07-27 20:33:39,34,30,39,0
2026-07-27 20:33:40,34,30,39,0
2026-07-27 20:33:41,34,31,40,0
2026-07-27 20:33:42,34,31,39,0
2026-07-27 20:33:43,34,31,39,0
2026-07-27 20:33:44,34,31,39,0
2026-07-27 20:33:45,34,30,40,0
2026-07-27 20:33:46,34,30,39,0
2026-07-27 20:33:47,34,30,40,0
2026-07-27 20:33:48,34,31,40,0
2026-07-27 20:33:49,34,30,39,0
2026-07-27 20:33:50,34,31,39,0
2026-07-27 20:33:51,34,30,39,0
2026-07-27 20:33:52,34,31,40,0
2026-07-27 20:33:53,34,31,40,0
2026-07-27 20:33:54,34,30,40,0
2026-07-27 20:33:55,34,31,40,0
2026-07-27 20:33:56,34,31,40,0
2026-07-27 20:33:57,34,30,40,0
2026-07-27 20:33:58,34,30,40,0
2026-07-27 20:33:59,34,30,40,0
2026-07-27 20:34:00,34,31,40,0
2026-07-27 20:34:01,34,30,39,0
2026-07-27 20:34:02,34,30,40,0
2026-07-27 20:34:03,34,30,39,0
2026-07-27 20:34:04,34,30,40,0
2026-07-27 20:34:05,34,31,40,0
2026-07-27 20:34:06,34,31,39,0
2026-07-27 20:34:07,34,31,40,0
2026-07-27 20:34:08,34,30,40,0
2026-07-27 20:34:09,34,31,40,0
2026-07-27 20:34:10,34,31,40,0
2026-07-27 20:34:11,34,31,40,0
2026-07-27 20:34:12,34,31,40,0
2026-07-27 20:34:13,34,31,40,0
2026-07-27 20:34:14,34,31,40,0
2026-07-27 20:34:15,34,30,40,0
2026-07-27 20:34:16,34,31,39,0
2026-07-27 20:34:17,34,31,39,0
2026-07-27 20:34:18,34,30,40,0
2026-07-27 20:34:19,34,31,40,0
2026-07-27 20:34:20,34,31,40,0
2026-07-27 20:34:21,34,31,40,0
2026-07-27 20:34:22,34,31,40,0
2026-07-27 20:34:23,34,31,40,0
2026-07-27 20:34:24,34,31,39,0
2026-07-27 20:34:25,34,31,40,0
2026-07-27 20:34:26,34,31,40,0
2026-07-27 20:34:27,34,31,40,0
2026-07-27 20:34:28,34,30,40,0
2026-07-27 20:34:29,34,31,40,0
2026-07-27 20:34:30,34,31,40,0
2026-07-27 20:34:31,34,31,40,0
2026-07-27 20:34:32,34,30,40,0
2026-07-27 20:34:33,34,30,40,0
2026-07-27 20:34:34,34,31,39,0
2026-07-27 20:34:35,34,31,39,0
2026-07-27 20:34:36,34,30,40,0
2026-07-27 20:34:37,34,31,39,0
2026-07-27 20:34:38,34,30,40,0
2026-07-27 20:34:39,34,30,40,0
2026-07-27 20:34:40,34,30,40,0
2026-07-27 20:34:41,34,31,40,0
2026-07-27 20:34:42,34,31,40,0
2026-07-27 20:34:43,34,30,40,0
2026-07-27 20:34:44,34,30,40,0
2026-07-27 20:34:45,34,31,40,0
2026-07-27 20:34:46,34,30,40,0
2026-07-27 20:34:47,34,31,40,0
2026-07-27 20:34:48,34,30,40,0
2026-07-27 20:34:49,34,30,40,0
2026-07-27 20:34:50,34,31,40,0
2026-07-27 20:34:51,34,30,40,0
2026-07-27 20:34:52,34,30,40,0
2026-07-27 20:34:53,34,30,39,0
2026-07-27 20:34:54,34,30,40,0
2026-07-27 20:34:55,34,30,40,0
2026-07-27 20:34:56,34,31,40,0
2026-07-27 20:34:57,34,30,40,0
2026-07-27 20:34:58,34,31,40,0
2026-07-27 20:34:59,34,30,40,0
2026-07-27 20:35:00,34,31,40,0
2026-07-27 20:35:01,34,30,39,0
2026-07-27 20:35:02,34,30,40,0
2026-07-27 20:35:03,34,30,40,0
2026-07-27 20:35:04,34,30,40,0
2026-07-27 20:35:05,34,31,39,0
2026-07-27 20:35:06,34,30,40,0
2026-07-27 20:35:07,34,30,40,0
2026-07-27 20:35:08,34,30,40,0
2026-07-27 20:35:09,34,30,40,0
2026-07-27 20:35:10,34,31,40,0
2026-07-27 20:35:11,34,30,40,0
2026-07-27 20:35:12,34,31,40,0
2026-07-27 20:35:13,34,31,40,0
2026-07-27 20:35:14,34,31,39,0
2026-07-27 20:35:15,34,31,40,0
2026-07-27 20:35:16,34,31,40,0
2026-07-27 20:35:17,34,30,40,0
2026-07-27 20:35:18,34,31,40,0
2026-07-27 20:35:19,34,30,39,0
2026-07-27 20:35:20,34,31,39,0
2026-07-27 20:35:21,34,30,40,0
2026-07-27 20:35:22,34,31,40,0
2026-07-27 20:35:23,34,31,40,0
2026-07-27 20:35:24,34,31,40,0
2026-07-27 20:35:25,34,30,40,0
2026-07-27 20:35:26,34,31,39,0
2026-07-27 20:35:27,34,31,40,0
2026-07-27 20:35:28,34,31,40,0
2026-07-27 20:35:29,34,30,39,0
2026-07-27 20:35:30,34,30,40,0
2026-07-27 20:35:31,34,31,40,0
2026-07-27 20:35:32,34,31,39,0
2026-07-27 20:35:33,34,31,40,0
2026-07-27 20:35:34,34,31,40,0
2026-07-27 20:35:35,34,30,40,0
2026-07-27 20:35:36,34,30,40,0
2026-07-27 20:35:37,34,30,40,0
2026-07-27 20:35:38,34,30,40,0
2026-07-27 20:35:39,34,31,40,0
2026-07-27 20:35:40,34,30,39,0
2026-07-27 20:35:41,34,31,40,0
2026-07-27 20:35:42,34,31,40,0
2026-07-27 20:35:43,34,31,40,0
2026-07-27 20:35:44,34,30,39,0
2026-07-27 20:35:45,34,30,40,0
2026-07-27 20:35:46,34,30,40,0
2026-07-27 20:35:47,34,30,40,0
2026-07-27 20:35:48,34,31,39,0
2026-07-27 20:35:49,34,30,40,0
2026-07-27 20:35:50,34,31,40,0
2026-07-27 20:35:51,34,30,40,0
2026-07-27 20:35:52,34,30,39,0
2026-07-27 20:35:53,34,30,40,0
2026-07-27 20:35:54,34,31,39,0
2026-07-27 20:35:55,34,30,40,0
2026-07-27 20:35:56,34,31,40,0
2026-07-27 20:35:57,34,30,40,0
2026-07-27 20:35:58,34,30,40,0
2026-07-27 20:35:59,34,31,40,0
2026-07-27 20:36:00,34,31,40,0
2026-07-27 20:36:01,34,30,39,0
2026-07-27 20:36:02,34,30,40,0
2026-07-27 20:36:03,34,30,39,0
2026-07-27 20:36:04,34,30,40,0
2026-07-27 20:36:05,34,30,40,0
2026-07-27 20:36:06,34,30,40,0
2026-07-27 20:36:07,34,31,40,0
2026-07-27 20:36:08,34,30,40,0
2026-07-27 20:36:09,34,30,40,0
2026-07-27 20:36:10,34,31,39,0
2026-07-27 20:36:11,34,31,40,0
2026-07-27 20:36:12,34,30,40,0
2026-07-27 20:36:13,34,31,40,0
2026-07-27 20:36:14,34,30,40,0
2026-07-27 20:36:15,34,30,40,0
2026-07-27 20:36:16,34,30,40,0
2026-07-27 20:36:17,34,31,40,0
2026-07-27 20:36:18,34,30,39,0
2026-07-27 20:36:19,34,30,40,0
2026-07-27 20:36:20,34,30,40,0
2026-07-27 20:36:21,34,30,40,0
2026-07-27 20:36:22,34,30,40,0
2026-07-27 20:36:23,34,30,40,0
2026-07-27 20:36:24,34,31,40,0
2026-07-27 20:36:25,34,30,39,0
2026-07-27 20:36:26,34,30,40,0
2026-07-27 20:36:27,34,30,40,0
2026-07-27 20:36:28,34,30,40,0
2026-07-27 20:36:29,34,30,40,0
2026-07-27 20:36:30,34,30,40,0
2026-07-27 20:36:31,34,30,40,0
2026-07-27 20:36:32,34,31,40,0
2026-07-27 20:36:33,34,31,40,0
2026-07-27 20:36:34,34,31,40,0
2026-07-27 20:36:35,34,31,40,0
2026-07-27 20:36:36,34,30,39,0
2026-07-27 20:36:37,34,31,40,0
2026-07-27 20:36:38,34,30,40,0
2026-07-27 20:36:39,34,30,40,0
2026-07-27 20:36:40,34,31,40,0
2026-07-27 20:36:41,34,31,40,0
2026-07-27 20:36:42,34,30,40,0
2026-07-27 20:36:43,34,30,40,0
2026-07-27 20:36:44,34,30,39,0
2026-07-27 20:36:45,34,30,40,0
2026-07-27 20:36:46,34,31,40,0
2026-07-27 20:36:47,34,30,40,0
2026-07-27 20:36:48,34,30,40,0
2026-07-27 20:36:49,34,30,40,0
2026-07-27 20:36:50,34,31,40,0
2026-07-27 20:36:51,34,31,40,0
2026-07-27 20:36:52,34,30,40,0
2026-07-27 20:36:53,34,30,39,0
2026-07-27 20:36:54,34,31,40,0
2026-07-27 20:36:55,34,31,40,0
2026-07-27 20:36:56,34,30,40,0
2026-07-27 20:36:57,34,30,40,0
2026-07-27 20:36:58,34,31,40,0
2026-07-27 20:36:59,34,30,40,0
2026-07-27 20:37:00,34,31,39,0
2026-07-27 20:37:01,34,31,39,0
2026-07-27 20:37:02,34,31,39,0
2026-07-27 20:37:03,34,31,40,0
2026-07-27 20:37:04,34,30,40,0
2026-07-27 20:37:05,34,30,40,0
2026-07-27 20:37:06,34,30,40,0
2026-07-27 20:37:07,34,31,40,0
2026-07-27 20:37:08,34,30,40,0
2026-07-27 20:37:09,34,31,39,0
2026-07-27 20:37:10,34,30,40,0
2026-07-27 20:37:11,34,31,39,0
2026-07-27 20:37:12,34,30,40,0
2026-07-27 20:37:13,34,30,40,0
2026-07-27 20:37:14,34,31,40,0
2026-07-27 20:37:15,34,30,40,0
2026-07-27 20:37:16,34,30,40,0
2026-07-27 20:37:17,34,30,39,0
2026-07-27 20:37:18,34,30,40,0
2026-07-27 20:37:19,34,30,40,0
2026-07-27 20:37:20,34,30,40,0
2026-07-27 20:37:21,34,31,40,0
2026-07-27 20:37:22,34,30,40,0
2026-07-27 20:37:23,34,31,40,0
2026-07-27 20:37:24,34,30,40,0
2026-07-27 20:37:25,34,30,39,0
2026-07-27 20:37:26,34,31,40,0
2026-07-27 20:37:27,34,31,39,0
2026-07-27 20:37:28,34,30,40,0
2026-07-27 20:37:29,34,30,40,0
2026-07-27 20:37:30,34,31,39,0
2026-07-27 20:37:31,34,30,40,0
2026-07-27 20:37:32,34,30,39,0
2026-07-27 20:37:33,34,30,39,0
2026-07-27 20:37:34,34,30,40,0
2026-07-27 20:37:35,34,30,40,0
2026-07-27 20:37:36,34,31,39,0
2026-07-27 20:37:37,34,30,39,0
2026-07-27 20:37:38,34,30,40,0
2026-07-27 20:37:39,34,30,40,0
2026-07-27 20:37:40,34,30,40,0
2026-07-27 20:37:41,34,31,40,0
2026-07-27 20:37:42,34,31,40,0
2026-07-27 20:37:43,34,30,40,0
2026-07-27 20:37:44,34,30,39,0
2026-07-27 20:37:45,34,31,39,0
2026-07-27 20:37:46,34,31,40,0
2026-07-27 20:37:47,34,30,40,0
2026-07-27 20:37:48,34,31,40,0
2026-07-27 20:37:49,34,30,39,0
2026-07-27 20:37:50,34,30,40,0
2026-07-27 20:37:51,34,30,40,0
2026-07-27 20:37:52,34,30,39,0
2026-07-27 20:37:53,34,30,39,0
2026-07-27 20:37:54,34,31,40,0
2026-07-27 20:37:55,34,30,40,0
2026-07-27 20:37:56,34,30,40,0
2026-07-27 20:37:57,34,30,40,0
2026-07-27 20:37:58,34,30,39,0
2026-07-27 20:37:59,34,30,40,0
2026-07-27 20:38:00,34,31,40,0
2026-07-27 20:38:01,34,30,39,0
2026-07-27 20:38:02,34,31,40,0
2026-07-27 20:38:03,34,30,40,0
2026-07-27 20:38:04,34,31,40,0
2026-07-27 20:38:05,34,30,39,0
2026-07-27 20:38:06,34,30,40,0
2026-07-27 20:38:07,34,30,40,0
2026-07-27 20:38:08,34,31,39,0
2026-07-27 20:38:09,34,31,40,0
2026-07-27 20:38:10,34,30,39,0
2026-07-27 20:38:11,34,31,40,0
2026-07-27 20:38:12,34,30,40,0
2026-07-27 20:38:13,34,31,40,0
2026-07-27 20:38:14,34,31,39,0
2026-07-27 20:38:15,34,31,40,0
2026-07-27 20:38:16,34,31,40,0
2026-07-27 20:38:17,34,30,40,0
2026-07-27 20:38:18,34,31,40,0
2026-07-27 20:38:19,34,30,40,0
2026-07-27 20:38:20,34,30,39,0
2026-07-27 20:38:21,34,30,40,0
2026-07-27 20:38:22,34,30,40,0
2026-07-27 20:38:23,34,30,39,0
2026-07-27 20:38:24,34,30,40,0
2026-07-27 20:38:25,34,30,40,0
2026-07-27 20:38:26,34,31,40,0
2026-07-27 20:38:27,34,31,40,0
2026-07-27 20:38:28,34,30,40,0
2026-07-27 20:38:29,34,31,40,0
2026-07-27 20:38:30,34,31,39,0
2026-07-27 20:38:31,34,31,40,0
2026-07-27 20:38:32,34,31,39,0
2026-07-27 20:38:33,34,31,40,0
2026-07-27 20:38:34,34,31,39,0
2026-07-27 20:38:35,34,30,39,0
2026-07-27 20:38:36,34,31,40,0
2026-07-27 20:38:37,33,31,40,0
2026-07-27 20:38:38,34,30,39,0
2026-07-27 20:38:39,34,31,40,0
2026-07-27 20:38:40,34,30,40,0
2026-07-27 20:38:41,34,30,40,0
2026-07-27 20:38:42,34,30,40,0
2026-07-27 20:38:43,34,30,40,0
2026-07-27 20:38:44,34,30,40,0
2026-07-27 20:38:45,34,31,40,0
2026-07-27 20:38:46,34,30,40,0
2026-07-27 20:38:47,34,31,39,0
2026-07-27 20:38:48,34,30,40,0
2026-07-27 20:38:49,34,30,40,0
2026-07-27 20:38:50,34,31,40,0
2026-07-27 20:38:51,34,30,40,0
2026-07-27 20:38:52,34,30,40,0
2026-07-27 20:38:53,34,30,40,0
2026-07-27 20:38:54,34,30,39,0
2026-07-27 20:38:55,34,31,40,0
2026-07-27 20:38:56,34,30,40,0
2026-07-27 20:38:57,34,30,39,0
2026-07-27 20:38:58,34,31,40,0
2026-07-27 20:38:59,34,30,40,0
2026-07-27 20:39:00,34,31,40,0
2026-07-27 20:39:01,34,31,40,0
2026-07-27 20:39:02,34,30,40,0
2026-07-27 20:39:03,34,30,40,0
2026-07-27 20:39:04,34,31,40,0
2026-07-27 20:39:05,34,31,40,0
2026-07-27 20:39:06,34,31,40,0
2026-07-27 20:39:07,34,31,40,0
2026-07-27 20:39:08,34,30,40,0
2026-07-27 20:39:09,34,31,39,0
2026-07-27 20:39:10,34,30,40,0
2026-07-27 20:39:11,34,30,40,0
2026-07-27 20:39:12,34,30,40,0
2026-07-27 20:39:13,34,30,40,0
2026-07-27 20:39:14,34,31,40,0
2026-07-27 20:39:15,34,31,39,0
2026-07-27 20:39:16,34,30,40,0
2026-07-27 20:39:17,34,30,40,0
2026-07-27 20:39:18,34,30,39,0
2026-07-27 20:39:19,34,30,40,0
2026-07-27 20:39:20,34,31,40,0
2026-07-27 20:39:21,34,31,39,0
2026-07-27 20:39:22,34,30,40,0
2026-07-27 20:39:23,34,30,39,0
2026-07-27 20:39:24,34,30,39,0
2026-07-27 20:39:25,34,31,40,0
2026-07-27 20:39:26,34,31,40,0
2026-07-27 20:39:27,34,31,39,0
2026-07-27 20:39:28,34,30,40,0
2026-07-27 20:39:29,34,30,39,0
2026-07-27 20:39:30,34,31,40,0
2026-07-27 20:39:31,34,31,40,0
2026-07-27 20:39:32,34,31,40,0
2026-07-27 20:39:33,34,30,40,0
2026-07-27 20:39:34,34,30,40,0
2026-07-27 20:39:35,34,31,40,0
2026-07-27 20:39:36,34,30,40,0
2026-07-27 20:39:37,34,31,40,0
2026-07-27 20:39:39,34,31,40,0
2026-07-27 20:39:39,34,31,39,0
2026-07-27 20:39:40,34,31,39,0
2026-07-27 20:39:41,34,31,40,0
2026-07-27 20:39:42,34,30,40,0
2026-07-27 20:39:43,34,30,40,0
2026-07-27 20:39:44,34,31,40,0
2026-07-27 20:39:45,34,31,40,0
2026-07-27 20:39:46,34,30,39,0
2026-07-27 20:39:47,34,31,39,0
2026-07-27 20:39:48,34,31,40,0
2026-07-27 20:39:49,34,30,40,0
2026-07-27 20:39:50,34,31,40,0
2026-07-27 20:39:51,34,31,39,0
2026-07-27 20:39:52,34,30,40,0
2026-07-27 20:39:53,34,30,40,0
2026-07-27 20:39:54,34,30,40,0
2026-07-27 20:39:55,34,31,40,0
2026-07-27 20:39:56,34,31,40,0
2026-07-27 20:39:57,34,31,39,0
2026-07-27 20:39:58,34,31,39,0
2026-07-27 20:39:59,34,30,39,0
2026-07-27 20:40:00,34,30,40,0
2026-07-27 20:40:01,34,30,40,0
2026-07-27 20:40:02,34,31,40,0
2026-07-27 20:40:03,34,30,39,0
2026-07-27 20:40:04,34,30,40,0
2026-07-27 20:40:05,34,30,40,0
2026-07-27 20:40:06,34,31,39,0
2026-07-27 20:40:07,34,30,40,0
2026-07-27 20:40:08,34,30,40,0
2026-07-27 20:40:09,34,30,40,0
2026-07-27 20:40:10,34,30,40,0
2026-07-27 20:40:11,34,31,39,0
2026-07-27 20:40:12,34,30,40,0
2026-07-27 20:40:13,34,31,40,0
2026-07-27 20:40:14,34,30,40,0
2026-07-27 20:40:15,34,30,40,0
2026-07-27 20:40:16,34,30,40,0
2026-07-27 20:40:17,34,31,40,0
2026-07-27 20:40:18,34,31,40,0
2026-07-27 20:40:19,34,31,40,0
2026-07-27 20:40:20,34,30,39,0
2026-07-27 20:40:21,34,31,40,0
2026-07-27 20:40:22,34,30,40,0
2026-07-27 20:40:23,34,30,40,0
2026-07-27 20:40:24,34,31,39,0
2026-07-27 20:40:25,34,31,40,0
2026-07-27 20:40:26,34,31,40,0
2026-07-27 20:40:27,34,31,40,0
2026-07-27 20:40:28,34,31,40,0
2026-07-27 20:40:29,34,30,40,0
2026-07-27 20:40:30,34,31,39,0
2026-07-27 20:40:31,34,31,40,0
2026-07-27 20:40:32,34,30,40,0
2026-07-27 20:40:33,34,30,40,0
2026-07-27 20:40:34,34,31,40,0
2026-07-27 20:40:35,34,30,40,0
2026-07-27 20:40:36,34,31,40,0
2026-07-27 20:40:37,34,31,40,0
2026-07-27 20:40:38,34,30,40,0
2026-07-27 20:40:39,34,30,40,0
2026-07-27 20:40:40,34,31,40,0
2026-07-27 20:40:41,34,30,40,0
2026-07-27 20:40:42,34,30,39,0
2026-07-27 20:40:43,34,31,40,0
2026-07-27 20:40:44,34,31,40,0
2026-07-27 20:40:45,34,30,40,0
2026-07-27 20:40:46,34,31,40,0
2026-07-27 20:40:47,34,30,39,0
2026-07-27 20:40:48,34,31,40,0
2026-07-27 20:40:49,34,31,40,0
2026-07-27 20:40:50,34,31,40,0
2026-07-27 20:40:51,34,30,40,0
2026-07-27 20:40:52,34,30,40,0
2026-07-27 20:40:53,34,30,40,0
2026-07-27 20:40:54,34,30,40,0
2026-07-27 20:40:55,34,31,40,0
2026-07-27 20:40:56,34,30,39,0
2026-07-27 20:40:57,34,30,40,0
2026-07-27 20:40:58,34,31,40,0
2026-07-27 20:40:59,34,30,40,0
2026-07-27 20:41:00,34,30,40,0
2026-07-27 20:41:01,34,30,39,0
2026-07-27 20:41:02,34,30,39,0
2026-07-27 20:41:03,34,30,40,0
2026-07-27 20:41:04,34,31,40,0
2026-07-27 20:41:05,34,30,40,0
2026-07-27 20:41:06,34,31,40,0
2026-07-27 20:41:07,34,30,40,0
2026-07-27 20:41:08,34,30,40,0
2026-07-27 20:41:09,34,30,40,0
2026-07-27 20:41:10,34,30,40,0
2026-07-27 20:41:11,34,31,40,0
2026-07-27 20:41:12,34,31,40,0
2026-07-27 20:41:13,34,30,40,0
2026-07-27 20:41:14,34,31,39,0
2026-07-27 20:41:15,34,31,40,0
2026-07-27 20:41:16,34,31,40,0
2026-07-27 20:41:17,34,30,40,0
2026-07-27 20:41:18,34,31,40,0
2026-07-27 20:41:19,34,31,40,0
2026-07-27 20:41:20,34,30,40,0
2026-07-27 20:41:21,34,31,40,0
2026-07-27 20:41:22,34,30,39,0
2026-07-27 20:41:23,34,31,40,0
2026-07-27 20:41:24,34,31,40,0
2026-07-27 20:41:25,34,30,40,0
2026-07-27 20:41:26,34,30,40,0
2026-07-27 20:41:27,34,31,40,0
2026-07-27 20:41:28,34,31,40,0
2026-07-27 20:41:29,34,30,40,0
2026-07-27 20:41:30,34,31,40,0
2026-07-27 20:41:31,34,31,40,0
2026-07-27 20:41:32,34,30,40,0
2026-07-27 20:41:33,34,30,40,0
2026-07-27 20:41:34,34,30,40,0
2026-07-27 20:41:35,34,30,40,0
2026-07-27 20:41:36,34,30,40,0
2026-07-27 20:41:37,34,30,40,0
2026-07-27 20:41:38,34,30,40,0
2026-07-27 20:41:39,34,30,40,0
2026-07-27 20:41:40,34,31,40,0
2026-07-27 20:41:41,34,31,39,0
2026-07-27 20:41:42,34,31,39,0
2026-07-27 20:41:43,34,30,40,0
2026-07-27 20:41:44,34,31,40,0
2026-07-27 20:41:45,34,31,40,0
2026-07-27 20:41:46,34,31,40,0
2026-07-27 20:41:47,34,30,40,0
2026-07-27 20:41:48,34,30,40,0
2026-07-27 20:41:49,34,30,40,0
2026-07-27 20:41:50,34,30,40,0
2026-07-27 20:41:51,34,30,40,0
2026-07-27 20:41:52,34,30,40,0
2026-07-27 20:41:53,34,31,40,0
2026-07-27 20:41:54,34,30,40,0
2026-07-27 20:41:55,34,30,40,0
2026-07-27 20:41:56,34,31,40,0
2026-07-27 20:41:57,34,30,40,0
2026-07-27 20:41:58,34,30,40,0
2026-07-27 20:41:59,34,31,40,0
2026-07-27 20:42:00,34,30,40,0
2026-07-27 20:42:01,34,30,40,0
2026-07-27 20:42:02,34,31,40,0
2026-07-27 20:42:03,34,30,40,0
2026-07-27 20:42:04,34,31,40,0
2026-07-27 20:42:05,34,31,40,0
2026-07-27 20:42:06,34,30,40,0
2026-07-27 20:42:07,34,30,40,0
2026-07-27 20:42:08,34,31,40,0
2026-07-27 20:42:09,34,31,40,0
2026-07-27 20:42:10,34,31,40,0
2026-07-27 20:42:11,34,31,40,0
2026-07-27 20:42:12,34,31,40,0
2026-07-27 20:42:13,34,30,40,0
2026-07-27 20:42:14,34,30,40,0
2026-07-27 20:42:15,34,30,40,0
2026-07-27 20:42:16,34,31,39,0
2026-07-27 20:42:17,34,30,39,0
2026-07-27 20:42:18,34,31,40,0
2026-07-27 20:42:19,34,31,39,0
2026-07-27 20:42:20,34,30,40,0
2026-07-27 20:42:21,34,30,40,0
2026-07-27 20:42:22,34,31,40,0
2026-07-27 20:42:23,34,30,40,0
2026-07-27 20:42:24,34,31,40,0
2026-07-27 20:42:25,34,31,40,0
2026-07-27 20:42:26,34,30,40,0
2026-07-27 20:42:27,34,31,40,0
2026-07-27 20:42:28,34,31,40,0
2026-07-27 20:42:29,34,30,40,0
2026-07-27 20:42:30,34,31,40,0
2026-07-27 20:42:31,34,31,40,0
2026-07-27 20:42:32,34,31,40,0
2026-07-27 20:42:33,34,31,40,0
2026-07-27 20:42:34,34,30,40,0
2026-07-27 20:42:35,34,30,40,0
2026-07-27 20:42:36,34,31,40,0
2026-07-27 20:42:37,34,31,40,0
2026-07-27 20:42:38,34,30,40,0
2026-07-27 20:42:39,34,30,40,0
2026-07-27 20:42:40,34,30,40,0
2026-07-27 20:42:41,34,31,39,0
2026-07-27 20:42:42,34,31,40,0
2026-07-27 20:42:43,34,31,40,0
2026-07-27 20:42:44,34,31,40,0
2026-07-27 20:42:45,34,31,40,0
2026-07-27 20:42:46,34,31,40,0
2026-07-27 20:42:47,34,31,40,0
2026-07-27 20:42:48,34,30,40,0
2026-07-27 20:42:49,34,31,40,0
2026-07-27 20:42:50,34,31,40,0
2026-07-27 20:42:51,34,30,40,0
2026-07-27 20:42:52,34,31,40,0
2026-07-27 20:42:53,34,31,40,0
2026-07-27 20:42:54,34,31,40,0
2026-07-27 20:42:55,34,30,40,0
2026-07-27 20:42:56,34,31,40,0
2026-07-27 20:42:57,34,31,40,0
2026-07-27 20:42:58,34,30,40,0
2026-07-27 20:42:59,34,31,40,0
2026-07-27 20:43:00,34,31,40,0
2026-07-27 20:43:01,34,31,40,0
2026-07-27 20:43:02,34,31,40,0
2026-07-27 20:43:03,34,31,40,0
2026-07-27 20:43:04,34,31,40,0
2026-07-27 20:43:05,34,31,40,0
2026-07-27 20:43:06,34,30,40,0
2026-07-27 20:43:07,34,30,40,0
2026-07-27 20:43:08,34,30,40,0
2026-07-27 20:43:09,34,31,40,0
2026-07-27 20:43:10,34,30,40,0
2026-07-27 20:43:11,34,31,40,0
2026-07-27 20:43:12,34,30,40,0
2026-07-27 20:43:13,34,30,40,0
2026-07-27 20:43:14,34,30,40,0
2026-07-27 20:43:15,34,31,40,0
2026-07-27 20:43:16,34,30,40,0
2026-07-27 20:43:17,34,30,40,0
2026-07-27 20:43:18,34,31,40,0
2026-07-27 20:43:19,34,30,40,0
2026-07-27 20:43:20,34,30,40,0
2026-07-27 20:43:21,34,31,40,0
2026-07-27 20:43:22,34,30,40,0
2026-07-27 20:43:23,34,30,40,0
2026-07-27 20:43:24,34,31,40,0
2026-07-27 20:43:25,34,30,40,0
2026-07-27 20:43:26,34,30,40,0
2026-07-27 20:43:27,34,31,40,0
2026-07-27 20:43:28,34,30,39,0
2026-07-27 20:43:29,34,31,40,0
2026-07-27 20:43:30,34,30,40,0
2026-07-27 20:43:31,34,31,40,0
2026-07-27 20:43:32,34,31,39,0
2026-07-27 20:43:33,34,31,39,0
2026-07-27 20:43:34,34,31,40,0
2026-07-27 20:43:35,34,30,40,0
2026-07-27 20:43:36,34,30,40,0
2026-07-27 20:43:37,34,31,40,0
2026-07-27 20:43:38,34,30,40,0
2026-07-27 20:43:39,34,31,40,0
2026-07-27 20:43:40,34,31,40,0
2026-07-27 20:43:41,34,31,40,0
2026-07-27 20:43:42,34,31,40,0
2026-07-27 20:43:43,34,30,40,0
2026-07-27 20:43:44,34,31,40,0
2026-07-27 20:43:45,34,31,40,0
2026-07-27 20:43:46,34,31,40,0
2026-07-27 20:43:47,34,31,40,0
2026-07-27 20:43:48,34,31,40,0
2026-07-27 20:43:49,34,31,40,0
2026-07-27 20:43:50,34,30,40,0
2026-07-27 20:43:51,34,30,40,0
2026-07-27 20:43:52,34,31,40,0
2026-07-27 20:43:53,34,31,40,0
2026-07-27 20:43:54,34,31,40,0
2026-07-27 20:43:55,34,31,40,0
2026-07-27 20:43:56,34,31,40,0
2026-07-27 20:43:57,34,31,40,0
2026-07-27 20:43:58,34,31,40,0
2026-07-27 20:43:59,34,30,40,0
2026-07-27 20:44:00,34,31,40,0
2026-07-27 20:44:01,34,31,40,0
2026-07-27 20:44:02,34,31,40,0
2026-07-27 20:44:03,34,31,40,0
2026-07-27 20:44:04,34,31,40,0
2026-07-27 20:44:05,34,31,40,0
2026-07-27 20:44:06,34,30,40,0
2026-07-27 20:44:07,34,30,40,0
2026-07-27 20:44:08,34,31,40,0
2026-07-27 20:44:09,34,31,40,0
2026-07-27 20:44:10,34,30,40,0
2026-07-27 20:44:11,34,31,40,0
2026-07-27 20:44:12,34,30,40,0
2026-07-27 20:44:13,34,30,40,0
2026-07-27 20:44:14,34,30,40,0
2026-07-27 20:44:15,34,31,40,0
2026-07-27 20:44:16,34,31,40,0
2026-07-27 20:44:17,34,30,40,0
2026-07-27 20:44:18,34,31,40,0
2026-07-27 20:44:19,34,30,40,0
2026-07-27 20:44:20,34,30,40,0
2026-07-27 20:44:21,34,30,40,0
2026-07-27 20:44:22,34,30,40,0
2026-07-27 20:44:23,34,31,40,0
2026-07-27 20:44:24,34,30,39,0
2026-07-27 20:44:25,34,31,40,0
2026-07-27 20:44:26,34,31,40,0
2026-07-27 20:44:27,34,30,40,0
2026-07-27 20:44:28,34,31,40,0
2026-07-27 20:44:29,34,30,40,0
2026-07-27 20:44:30,34,31,40,0
2026-07-27 20:44:31,34,31,40,0
2026-07-27 20:44:32,34,31,40,0
2026-07-27 20:44:33,34,30,40,0
2026-07-27 20:44:34,34,31,40,0
2026-07-27 20:44:35,34,30,40,0
2026-07-27 20:44:36,34,31,39,0
2026-07-27 20:44:37,34,31,40,0
2026-07-27 20:44:38,34,31,40,0
2026-07-27 20:44:39,34,31,39,0
2026-07-27 20:44:40,34,30,40,0
2026-07-27 20:44:41,34,30,40,0
2026-07-27 20:44:42,34,31,40,0
2026-07-27 20:44:43,34,31,40,0
2026-07-27 20:44:44,34,31,39,0
2026-07-27 20:44:45,34,30,40,0
2026-07-27 20:44:46,34,30,40,0
2026-07-27 20:44:47,34,30,40,0
2026-07-27 20:44:48,34,31,40,0
2026-07-27 20:44:49,34,31,40,0
2026-07-27 20:44:50,34,30,40,0
2026-07-27 20:44:51,34,31,40,0
2026-07-27 20:44:52,34,30,40,0
2026-07-27 20:44:53,34,31,40,0
2026-07-27 20:44:54,34,30,39,0
2026-07-27 20:44:55,34,31,40,0
2026-07-27 20:44:56,34,30,40,0
2026-07-27 20:44:57,34,31,40,0
2026-07-27 20:44:58,34,31,40,0
2026-07-27 20:44:59,34,31,40,0
2026-07-27 20:45:00,34,31,40,0
2026-07-27 20:45:01,34,30,40,0
2026-07-27 20:45:02,34,31,40,0
2026-07-27 20:45:03,34,31,40,0
2026-07-27 20:45:04,34,31,40,0
2026-07-27 20:45:05,34,31,40,0
2026-07-27 20:45:06,34,31,40,0
2026-07-27 20:45:07,34,30,39,0
2026-07-27 20:45:08,34,30,40,0
2026-07-27 20:45:09,34,30,40,0
2026-07-27 20:45:10,34,31,39,0
2026-07-27 20:45:11,34,30,40,0
2026-07-27 20:45:12,34,30,40,0
2026-07-27 20:45:13,34,31,39,0
2026-07-27 20:45:14,34,31,40,0
2026-07-27 20:45:15,34,31,40,0
2026-07-27 20:45:16,34,31,40,0
2026-07-27 20:45:17,34,31,39,0
2026-07-27 20:45:18,34,31,40,0
2026-07-27 20:45:19,34,30,39,0
2026-07-27 20:45:20,34,31,40,0
2026-07-27 20:45:21,34,30,40,0
2026-07-27 20:45:22,34,30,40,0
2026-07-27 20:45:23,34,31,39,0
2026-07-27 20:45:24,34,30,40,0
2026-07-27 20:45:25,34,30,40,0
2026-07-27 20:45:26,34,31,40,0
2026-07-27 20:45:27,34,30,40,0
2026-07-27 20:45:28,34,31,40,0
2026-07-27 20:45:29,34,31,40,0
2026-07-27 20:45:30,34,30,39,0
2026-07-27 20:45:31,34,30,40,0
2026-07-27 20:45:32,34,30,40,0
2026-07-27 20:45:33,34,31,40,0
2026-07-27 20:45:34,34,31,40,0
2026-07-27 20:45:35,34,31,40,0
2026-07-27 20:45:36,34,31,39,0
2026-07-27 20:45:37,34,30,40,0
2026-07-27 20:45:38,34,31,40,0
2026-07-27 20:45:39,34,30,40,0
2026-07-27 20:45:40,34,31,39,0
2026-07-27 20:45:41,34,31,39,0
2026-07-27 20:45:42,34,30,40,0
2026-07-27 20:45:43,34,31,40,0
2026-07-27 20:45:44,34,31,40,0
2026-07-27 20:45:45,34,31,40,0
2026-07-27 20:45:46,34,30,40,0
2026-07-27 20:45:47,34,30,40,0
2026-07-27 20:45:48,34,30,40,0
2026-07-27 20:45:49,34,31,40,0
2026-07-27 20:45:50,34,30,40,0
2026-07-27 20:45:51,34,31,40,0
2026-07-27 20:45:52,34,31,40,0
2026-07-27 20:45:53,34,30,40,0
2026-07-27 20:45:54,34,30,40,0
2026-07-27 20:45:55,34,30,40,0
2026-07-27 20:45:56,34,30,40,0
2026-07-27 20:45:57,34,30,40,0
2026-07-27 20:45:58,34,30,40,0
2026-07-27 20:45:59,34,30,40,0
2026-07-27 20:46:00,34,31,40,0
2026-07-27 20:46:01,34,30,40,0
2026-07-27 20:46:02,34,31,40,0
2026-07-27 20:46:03,34,30,40,0
2026-07-27 20:46:04,34,30,40,0
2026-07-27 20:46:05,34,31,40,0
2026-07-27 20:46:06,34,31,40,0
2026-07-27 20:46:07,34,30,40,0
2026-07-27 20:46:08,34,30,40,0
2026-07-27 20:46:09,34,31,40,0
2026-07-27 20:46:10,34,31,40,0
2026-07-27 20:46:11,34,31,40,0
2026-07-27 20:46:12,34,31,39,0
2026-07-27 20:46:13,34,30,40,0
2026-07-27 20:46:14,34,31,39,0
2026-07-27 20:46:15,34,31,40,0
2026-07-27 20:46:16,34,30,39,0
2026-07-27 20:46:17,33,30,39,0
2026-07-27 20:46:18,34,30,39,0
2026-07-27 20:46:19,34,30,39,0
2026-07-27 20:46:20,34,31,40,0
2026-07-27 20:46:21,34,30,40,0
2026-07-27 20:46:22,34,30,40,0
2026-07-27 20:46:23,34,30,40,0
2026-07-27 20:46:24,34,30,40,0
2026-07-27 20:46:25,34,30,40,0
2026-07-27 20:46:26,34,30,40,0
2026-07-27 20:46:27,34,30,40,0
2026-07-27 20:46:28,34,31,40,0
2026-07-27 20:46:29,34,31,40,0
2026-07-27 20:46:30,34,31,40,0
2026-07-27 20:46:31,34,30,40,0
2026-07-27 20:46:32,34,30,40,0
2026-07-27 20:46:33,34,31,40,0
2026-07-27 20:46:34,34,30,40,0
2026-07-27 20:46:35,34,30,40,0
2026-07-27 20:46:36,34,31,40,0
2026-07-27 20:46:37,34,31,39,0
2026-07-27 20:46:38,34,30,40,0
2026-07-27 20:46:39,34,31,40,0
2026-07-27 20:46:41,34,31,40,0
2026-07-27 20:46:41,34,30,39,0
2026-07-27 20:46:42,34,30,40,0
2026-07-27 20:46:43,34,31,40,0
2026-07-27 20:46:44,34,30,39,0
2026-07-27 20:46:45,34,30,40,0
2026-07-27 20:46:46,34,31,40,0
2026-07-27 20:46:47,34,30,39,0
2026-07-27 20:46:48,34,30,39,0
2026-07-27 20:46:49,34,30,40,0
2026-07-27 20:46:50,34,30,40,0
2026-07-27 20:46:51,34,30,40,0
2026-07-27 20:46:52,34,30,40,0
2026-07-27 20:46:53,34,30,39,0
2026-07-27 20:46:54,34,30,40,0
2026-07-27 20:46:55,34,30,39,0
2026-07-27 20:46:56,34,30,40,0
2026-07-27 20:46:57,34,30,40,0
2026-07-27 20:46:58,34,31,40,0
2026-07-27 20:46:59,34,31,39,0
2026-07-27 20:47:00,34,31,40,0
2026-07-27 20:47:01,34,30,40,0
2026-07-27 20:47:02,34,30,39,0
2026-07-27 20:47:03,34,31,40,0
2026-07-27 20:47:04,34,31,40,0
2026-07-27 20:47:05,34,30,40,0
2026-07-27 20:47:06,34,30,40,0
2026-07-27 20:47:07,34,31,39,0
2026-07-27 20:47:08,34,31,40,0
2026-07-27 20:47:09,34,30,40,0
2026-07-27 20:47:10,34,30,40,0
2026-07-27 20:47:11,34,30,40,0
2026-07-27 20:47:12,34,30,40,0
2026-07-27 20:47:13,34,30,40,0
2026-07-27 20:47:14,34,30,39,0
2026-07-27 20:47:15,34,30,40,0
2026-07-27 20:47:16,34,31,40,0
2026-07-27 20:47:17,34,30,40,0
2026-07-27 20:47:18,34,31,40,0
2026-07-27 20:47:19,34,30,40,0
2026-07-27 20:47:20,34,30,40,0
2026-07-27 20:47:21,34,30,40,0
2026-07-27 20:47:22,34,30,40,0
2026-07-27 20:47:23,34,30,40,0
2026-07-27 20:47:24,34,30,40,0
2026-07-27 20:47:25,34,30,40,0
2026-07-27 20:47:26,34,31,40,0
2026-07-27 20:47:27,34,31,40,0
2026-07-27 20:47:28,34,30,40,0
2026-07-27 20:47:29,34,31,40,0
2026-07-27 20:47:30,34,30,40,0
2026-07-27 20:47:31,34,31,39,0
2026-07-27 20:47:32,34,30,40,0
2026-07-27 20:47:33,34,30,39,0
2026-07-27 20:47:34,34,31,40,0
2026-07-27 20:47:35,34,30,40,0
2026-07-27 20:47:36,34,30,40,0
2026-07-27 20:47:37,34,30,40,0
2026-07-27 20:47:38,34,30,40,0
2026-07-27 20:47:39,34,30,40,0
2026-07-27 20:47:40,34,30,40,0
2026-07-27 20:47:41,34,30,39,0
2026-07-27 20:47:42,34,31,40,0
2026-07-27 20:47:43,34,31,40,0
2026-07-27 20:47:44,34,30,40,0
2026-07-27 20:47:45,34,30,39,0
2026-07-27 20:47:46,34,30,40,0
2026-07-27 20:47:47,34,30,40,0
2026-07-27 20:47:48,34,31,40,0
2026-07-27 20:47:49,34,30,40,0
2026-07-27 20:47:50,34,30,40,0
2026-07-27 20:47:51,34,30,39,0
2026-07-27 20:47:52,34,31,40,0
2026-07-27 20:47:53,34,30,40,0
2026-07-27 20:47:54,34,31,40,0
2026-07-27 20:47:55,34,30,40,0
2026-07-27 20:47:56,34,30,40,0
2026-07-27 20:47:57,34,30,39,0
2026-07-27 20:47:58,34,30,39,0
2026-07-27 20:47:59,34,30,40,0
2026-07-27 20:48:00,34,30,40,0
2026-07-27 20:48:01,34,30,40,0
2026-07-27 20:48:02,34,30,39,0
2026-07-27 20:48:03,34,30,40,0
2026-07-27 20:48:04,34,31,40,0
2026-07-27 20:48:05,34,31,40,0
2026-07-27 20:48:06,34,30,40,0
2026-07-27 20:48:07,34,30,40,0
2026-07-27 20:48:08,34,30,40,0
2026-07-27 20:48:09,34,30,39,0
2026-07-27 20:48:10,34,30,40,0
2026-07-27 20:48:11,34,31,40,0
2026-07-27 20:48:12,34,31,40,0
2026-07-27 20:48:13,34,30,40,0
2026-07-27 20:48:14,34,30,40,0
2026-07-27 20:48:15,34,30,40,0
2026-07-27 20:48:16,34,30,40,0
2026-07-27 20:48:17,34,30,40,0
2026-07-27 20:48:18,34,30,40,0
2026-07-27 20:48:19,34,31,40,0
2026-07-27 20:48:20,34,30,40,0
2026-07-27 20:48:21,34,31,40,0
2026-07-27 20:48:22,34,30,40,0
2026-07-27 20:48:23,34,31,40,0
2026-07-27 20:48:24,34,31,40,0
2026-07-27 20:48:25,34,31,40,0
2026-07-27 20:48:26,34,31,40,0
2026-07-27 20:48:27,34,31,40,0
2026-07-27 20:48:28,34,30,39,0
2026-07-27 20:48:29,34,31,40,0
2026-07-27 20:48:30,34,31,40,0
2026-07-27 20:48:31,34,31,39,0
2026-07-27 20:48:32,34,31,40,0
2026-07-27 20:48:33,34,30,39,0
2026-07-27 20:48:34,34,31,40,0
2026-07-27 20:48:35,34,30,40,0
2026-07-27 20:48:36,34,31,40,0
2026-07-27 20:48:37,34,30,40,0
2026-07-27 20:48:38,34,30,40,0
2026-07-27 20:48:39,34,30,39,0
2026-07-27 20:48:41,34,30,40,0
2026-07-27 20:48:41,34,30,40,0
2026-07-27 20:48:42,34,30,40,0
2026-07-27 20:48:43,34,30,40,0
2026-07-27 20:48:44,34,30,40,0
2026-07-27 20:48:45,34,30,40,0
2026-07-27 20:48:46,34,30,40,0
2026-07-27 20:48:47,34,31,40,0
2026-07-27 20:48:48,34,30,40,0
2026-07-27 20:48:49,34,30,40,0
2026-07-27 20:48:50,34,31,40,0
2026-07-27 20:48:51,34,31,40,0
2026-07-27 20:48:52,34,31,40,0
2026-07-27 20:48:53,34,31,40,0
2026-07-27 20:48:54,34,31,40,0
2026-07-27 20:48:55,34,31,40,0
2026-07-27 20:48:56,34,31,40,0
2026-07-27 20:48:57,34,30,40,0
2026-07-27 20:48:58,34,31,40,0
2026-07-27 20:48:59,34,30,40,0
2026-07-27 20:49:00,34,31,40,0
2026-07-27 20:49:01,34,31,40,0
2026-07-27 20:49:02,34,30,40,0
2026-07-27 20:49:03,34,30,39,0
2026-07-27 20:49:04,34,31,40,0
2026-07-27 20:49:05,34,31,40,0
2026-07-27 20:49:06,34,30,40,0
2026-07-27 20:49:07,34,31,40,0
2026-07-27 20:49:08,34,30,39,0
2026-07-27 20:49:09,34,31,40,0
2026-07-27 20:49:10,34,31,40,0
2026-07-27 20:49:11,34,30,40,0
2026-07-27 20:49:12,34,31,40,0
2026-07-27 20:49:13,34,31,40,0
2026-07-27 20:49:14,34,31,39,0
2026-07-27 20:49:15,34,31,40,0
2026-07-27 20:49:16,34,30,40,0
2026-07-27 20:49:17,34,30,40,0
2026-07-27 20:49:18,34,30,40,0
2026-07-27 20:49:19,34,30,40,0
2026-07-27 20:49:20,34,31,40,0
2026-07-27 20:49:21,34,30,40,0
2026-07-27 20:49:24,34,31,40,0
2026-07-27 20:49:24,34,31,40,0
2026-07-27 20:49:24,34,31,40,0
2026-07-27 20:49:25,34,30,40,0
2026-07-27 20:49:26,34,31,40,0
2026-07-27 20:49:27,34,31,40,0
2026-07-27 20:49:28,34,31,40,0
2026-07-27 20:49:29,34,30,39,0
2026-07-27 20:49:30,34,31,40,0
2026-07-27 20:49:31,34,31,40,0
2026-07-27 20:49:32,34,30,40,0
2026-07-27 20:49:33,34,30,40,0
2026-07-27 20:49:34,34,30,40,0
2026-07-27 20:49:35,34,31,40,0
2026-07-27 20:49:36,34,30,39,0
2026-07-27 20:49:37,33,30,39,0
2026-07-27 20:49:38,34,31,40,0
2026-07-27 20:49:39,34,31,40,0
2026-07-27 20:49:41,34,30,40,0
2026-07-27 20:49:41,34,30,40,0
2026-07-27 20:49:42,34,30,40,0
2026-07-27 20:49:43,34,30,40,0
2026-07-27 20:49:44,34,30,40,0
2026-07-27 20:49:45,34,30,40,0
2026-07-27 20:49:46,34,31,40,0
2026-07-27 20:49:47,34,30,40,0
2026-07-27 20:49:48,34,30,40,0
2026-07-27 20:49:49,34,31,40,0
2026-07-27 20:49:50,34,31,39,0
2026-07-27 20:49:51,34,30,40,0
2026-07-27 20:49:52,34,31,40,0
2026-07-27 20:49:53,34,30,40,0
2026-07-27 20:49:54,34,30,40,0
2026-07-27 20:49:55,33,30,40,0
2026-07-27 20:49:56,34,31,39,0
2026-07-27 20:49:57,34,30,40,0
2026-07-27 20:49:58,34,30,40,0
2026-07-27 20:49:59,34,30,40,0
2026-07-27 20:50:00,34,30,39,0
2026-07-27 20:50:01,34,30,40,0
2026-07-27 20:50:02,34,30,40,0
2026-07-27 20:50:03,34,30,40,0
2026-07-27 20:50:04,34,31,40,0
2026-07-27 20:50:05,34,31,40,0
2026-07-27 20:50:06,34,31,39,0
2026-07-27 20:50:07,34,30,39,0
2026-07-27 20:50:08,34,31,40,0
2026-07-27 20:50:09,34,30,39,0
2026-07-27 20:50:10,34,30,40,0
2026-07-27 20:50:11,34,30,39,0
2026-07-27 20:50:12,34,31,39,0
2026-07-27 20:50:13,34,30,40,0
2026-07-27 20:50:14,34,31,40,0
2026-07-27 20:50:15,34,30,39,0
2026-07-27 20:50:16,34,30,40,0
2026-07-27 20:50:17,34,31,40,0
2026-07-27 20:50:18,34,30,39,0
2026-07-27 20:50:19,34,31,40,0
2026-07-27 20:50:20,34,31,40,0
2026-07-27 20:50:21,34,31,40,0
2026-07-27 20:50:22,34,30,40,0
2026-07-27 20:50:23,34,31,40,0
2026-07-27 20:50:24,34,31,39,0
2026-07-27 20:50:25,34,30,40,0
2026-07-27 20:50:26,34,30,40,0
2026-07-27 20:50:27,34,30,40,0
2026-07-27 20:50:28,34,30,40,0
2026-07-27 20:50:29,34,30,40,0
2026-07-27 20:50:31,34,30,40,0
2026-07-27 20:50:32,34,30,40,0
2026-07-27 20:50:32,34,31,40,0
2026-07-27 20:50:33,34,31,39,0
2026-07-27 20:50:34,34,30,39,0
2026-07-27 20:50:35,34,30,40,0
2026-07-27 20:50:36,34,31,40,0
2026-07-27 20:50:37,34,31,40,0
2026-07-27 20:50:38,34,31,40,0
2026-07-27 20:50:39,34,30,39,0
2026-07-27 20:50:41,34,31,39,0
2026-07-27 20:50:41,34,30,40,0
2026-07-27 20:50:42,34,31,40,0
2026-07-27 20:50:43,34,30,40,0
2026-07-27 20:50:44,34,31,40,0
2026-07-27 20:50:45,34,31,40,0
2026-07-27 20:50:46,34,30,39,0
2026-07-27 20:50:47,34,30,40,0
2026-07-27 20:50:48,34,30,40,0
2026-07-27 20:50:49,34,30,40,0
2026-07-27 20:50:50,34,30,39,0
2026-07-27 20:50:51,34,30,40,0
2026-07-27 20:50:52,34,31,40,0
2026-07-27 20:50:53,34,31,40,0
2026-07-27 20:50:54,34,30,39,0
2026-07-27 20:50:55,34,31,40,0
2026-07-27 20:50:56,34,30,40,0
2026-07-27 20:50:57,34,31,40,0
2026-07-27 20:50:58,34,30,40,0
2026-07-27 20:50:59,34,30,40,0
2026-07-27 20:51:00,34,31,40,0
2026-07-27 20:51:01,34,31,40,0
2026-07-27 20:51:02,34,30,39,0
2026-07-27 20:51:03,34,30,40,0
2026-07-27 20:51:04,34,30,40,0
2026-07-27 20:51:05,34,30,40,0
2026-07-27 20:51:06,34,30,40,0
2026-07-27 20:51:07,34,30,39,0
2026-07-27 20:51:08,34,30,40,0
2026-07-27 20:51:09,34,31,40,0
2026-07-27 20:51:10,34,30,39,0
2026-07-27 20:51:11,34,30,39,0
2026-07-27 20:51:12,34,31,40,0
2026-07-27 20:51:13,34,30,40,0
2026-07-27 20:51:14,34,31,40,0
2026-07-27 20:51:15,34,30,39,0
2026-07-27 20:51:16,34,31,40,0
2026-07-27 20:51:17,34,30,40,0
2026-07-27 20:51:18,34,31,39,0
2026-07-27 20:51:19,34,30,39,0
2026-07-27 20:51:20,34,31,40,0
2026-07-27 20:51:21,34,30,40,0
2026-07-27 20:51:22,34,30,40,0
2026-07-27 20:51:23,34,31,39,0
2026-07-27 20:51:24,34,30,40,0
2026-07-27 20:51:25,34,31,40,0
2026-07-27 20:51:26,34,30,40,0
2026-07-27 20:51:27,34,30,40,0
2026-07-27 20:51:28,34,30,40,0
2026-07-27 20:51:29,34,30,40,0
2026-07-27 20:51:30,34,30,40,0
2026-07-27 20:51:31,34,31,40,0
2026-07-27 20:51:32,34,31,40,0
2026-07-27 20:51:33,34,31,40,0
2026-07-27 20:51:34,34,31,40,0
2026-07-27 20:51:35,34,30,39,0
2026-07-27 20:51:37,34,31,40,0
2026-07-27 20:51:37,34,31,40,0
2026-07-27 20:51:38,34,31,40,0
2026-07-27 20:51:39,34,30,40,0
2026-07-27 20:51:40,34,31,39,0
2026-07-27 20:51:41,34,31,40,0
2026-07-27 20:51:42,34,31,40,0
2026-07-27 20:51:43,34,30,40,0
2026-07-27 20:51:44,34,31,40,0
2026-07-27 20:51:45,34,31,40,0
2026-07-27 20:51:46,34,30,40,0
2026-07-27 20:51:47,34,30,40,0
2026-07-27 20:51:48,34,30,40,0
2026-07-27 20:51:49,34,30,40,0
2026-07-27 20:51:50,34,30,40,0
2026-07-27 20:51:51,34,31,39,0
2026-07-27 20:51:52,34,31,40,0
2026-07-27 20:51:53,34,30,40,0
2026-07-27 20:51:54,33,30,40,0
2026-07-27 20:51:55,34,31,40,0
2026-07-27 20:51:56,34,30,40,0
2026-07-27 20:51:57,34,30,40,0
2026-07-27 20:51:58,34,30,39,0
2026-07-27 20:51:59,34,31,40,0
2026-07-27 20:52:00,34,31,39,0
2026-07-27 20:52:01,34,30,40,0
2026-07-27 20:52:02,34,31,40,0
2026-07-27 20:52:03,34,30,39,0
2026-07-27 20:52:04,34,30,40,0
2026-07-27 20:52:05,34,31,39,0
2026-07-27 20:52:06,34,31,40,0
2026-07-27 20:52:07,34,30,40,0
2026-07-27 20:52:08,34,31,40,0
2026-07-27 20:52:09,34,31,40,0
2026-07-27 20:52:10,34,31,40,0
2026-07-27 20:52:11,34,31,40,0
2026-07-27 20:52:12,34,31,40,0
2026-07-27 20:52:13,34,31,40,0
2026-07-27 20:52:14,34,31,40,0
2026-07-27 20:52:15,34,31,39,0
2026-07-27 20:52:16,34,31,40,0
2026-07-27 20:52:17,34,31,39,0
2026-07-27 20:52:18,34,31,40,0
2026-07-27 20:52:19,34,31,40,0
2026-07-27 20:52:20,34,30,40,0
2026-07-27 20:52:21,34,30,40,0
2026-07-27 20:52:22,34,31,40,0
2026-07-27 20:52:23,34,30,40,0
2026-07-27 20:52:24,34,31,40,0
2026-07-27 20:52:25,34,30,40,0
2026-07-27 20:52:26,34,30,40,0
2026-07-27 20:52:28,34,31,39,0
2026-07-27 20:52:28,34,31,40,0
2026-07-27 20:52:29,34,31,40,0
2026-07-27 20:52:30,34,30,39,0
2026-07-27 20:52:31,34,31,40,0
2026-07-27 20:52:32,34,30,40,0
2026-07-27 20:52:33,34,30,40,0
2026-07-27 20:52:34,34,30,40,0
2026-07-27 20:52:35,34,31,40,0
2026-07-27 20:52:36,34,30,40,0
2026-07-27 20:52:37,34,30,40,0
2026-07-27 20:52:38,34,30,40,0
2026-07-27 20:52:39,34,30,39,0
2026-07-27 20:52:40,34,30,40,0
2026-07-27 20:52:41,34,30,40,0
2026-07-27 20:52:42,34,30,40,0
2026-07-27 20:52:43,34,30,40,0
2026-07-27 20:52:44,34,31,40,0
2026-07-27 20:52:45,34,31,40,0
2026-07-27 20:52:46,34,31,40,0
2026-07-27 20:52:47,34,30,40,0
2026-07-27 20:52:48,34,31,40,0
2026-07-27 20:52:49,34,30,40,0
2026-07-27 20:52:50,34,30,40,0
2026-07-27 20:52:51,34,30,40,0
2026-07-27 20:52:52,33,30,40,0
2026-07-27 20:52:53,34,30,40,0
2026-07-27 20:52:54,34,31,40,0
2026-07-27 20:52:55,34,30,40,0
2026-07-27 20:52:56,34,30,39,0
2026-07-27 20:52:57,34,31,40,0
2026-07-27 20:52:58,34,31,40,0
2026-07-27 20:52:59,34,31,40,0
2026-07-27 20:53:00,34,31,40,0
2026-07-27 20:53:01,34,30,40,0
2026-07-27 20:53:02,34,31,40,0
2026-07-27 20:53:03,33,31,40,0
2026-07-27 20:53:04,34,31,40,0
2026-07-27 20:53:05,34,30,40,0
2026-07-27 20:53:06,34,31,40,0
2026-07-27 20:53:07,34,31,40,0
2026-07-27 20:53:08,34,31,40,0
2026-07-27 20:53:09,34,31,40,0
2026-07-27 20:53:10,34,30,40,0
2026-07-27 20:53:11,33,31,39,0
2026-07-27 20:53:12,34,31,40,0
2026-07-27 20:53:13,34,30,40,0
2026-07-27 20:53:14,34,30,40,0
2026-07-27 20:53:15,34,30,40,0
2026-07-27 20:53:16,34,30,40,0
2026-07-27 20:53:17,34,30,40,0
2026-07-27 20:53:18,34,31,40,0
2026-07-27 20:53:19,34,30,40,0
2026-07-27 20:53:20,34,30,39,0
2026-07-27 20:53:21,34,31,40,0
2026-07-27 20:53:22,34,30,40,0
2026-07-27 20:53:23,34,30,40,0
2026-07-27 20:53:24,34,31,40,0
2026-07-27 20:53:25,34,31,40,0
2026-07-27 20:53:26,34,31,40,0
2026-07-27 20:53:27,34,31,40,0
2026-07-27 20:53:28,34,31,40,0
2026-07-27 20:53:29,34,30,40,0
2026-07-27 20:53:30,34,30,40,0
2026-07-27 20:53:31,34,31,40,0
2026-07-27 20:53:32,34,31,40,0
2026-07-27 20:53:33,34,31,39,0
2026-07-27 20:53:34,34,30,40,0
2026-07-27 20:53:35,34,30,40,0
2026-07-27 20:53:36,34,31,40,0
2026-07-27 20:53:37,34,31,39,0
2026-07-27 20:53:38,34,30,40,0
2026-07-27 20:53:39,34,31,39,0
2026-07-27 20:53:40,34,30,40,0
2026-07-27 20:53:41,34,31,39,0
2026-07-27 20:53:42,34,31,40,0
2026-07-27 20:53:43,34,30,40,0
2026-07-27 20:53:44,34,30,40,0
2026-07-27 20:53:45,34,31,39,0
2026-07-27 20:53:46,34,30,40,0
2026-07-27 20:53:47,34,31,40,0
2026-07-27 20:53:48,34,30,40,0
2026-07-27 20:53:49,34,31,40,0
2026-07-27 20:53:50,34,31,39,0
2026-07-27 20:53:51,34,31,39,0
2026-07-27 20:53:52,34,31,40,0
2026-07-27 20:53:53,34,31,40,0
2026-07-27 20:53:54,34,31,40,0
2026-07-27 20:53:55,34,31,39,0
2026-07-27 20:53:56,34,31,39,0
2026-07-27 20:53:57,34,30,39,0
2026-07-27 20:53:58,34,30,40,0
2026-07-27 20:53:59,34,31,39,0
2026-07-27 20:54:00,34,30,40,0
2026-07-27 20:54:01,34,30,40,0
2026-07-27 20:54:02,34,31,39,0
2026-07-27 20:54:03,34,31,40,0
2026-07-27 20:54:04,34,31,40,0
2026-07-27 20:54:05,34,30,40,0
2026-07-27 20:54:06,34,31,39,0
2026-07-27 20:54:07,34,31,40,0
2026-07-27 20:54:08,34,31,39,0
2026-07-27 20:54:09,34,30,40,0
2026-07-27 20:54:10,34,30,40,0
2026-07-27 20:54:11,34,31,40,0
2026-07-27 20:54:12,34,30,39,0
2026-07-27 20:54:13,34,30,40,0
2026-07-27 20:54:14,34,31,40,0
2026-07-27 20:54:15,34,30,39,0
2026-07-27 20:54:16,34,30,40,0
2026-07-27 20:54:17,34,30,40,0
2026-07-27 20:54:18,34,30,40,0
2026-07-27 20:54:19,34,31,40,0
2026-07-27 20:54:20,34,31,40,0
2026-07-27 20:54:21,34,30,39,0
2026-07-27 20:54:22,34,30,40,0
2026-07-27 20:54:23,34,30,40,0
2026-07-27 20:54:24,34,30,39,0
2026-07-27 20:54:25,34,31,40,0
2026-07-27 20:54:26,34,31,40,0
2026-07-27 20:54:27,34,30,40,0
2026-07-27 20:54:28,34,31,40,0
2026-07-27 20:54:29,34,30,40,0
2026-07-27 20:54:30,34,30,40,0
2026-07-27 20:54:31,34,30,39,0
2026-07-27 20:54:32,34,31,40,0
2026-07-27 20:54:33,34,30,40,0
2026-07-27 20:54:34,34,31,40,0
2026-07-27 20:54:35,34,31,40,0
2026-07-27 20:54:36,34,31,39,0
2026-07-27 20:54:37,34,31,40,0
2026-07-27 20:54:38,34,31,39,0
2026-07-27 20:54:39,34,31,40,0
2026-07-27 20:54:40,34,30,39,0
2026-07-27 20:54:41,34,31,40,0
2026-07-27 20:54:42,34,31,40,0
2026-07-27 20:54:43,34,30,40,0
2026-07-27 20:54:44,34,30,40,0
2026-07-27 20:54:45,34,31,40,0
2026-07-27 20:54:46,34,30,40,0
2026-07-27 20:54:47,34,31,40,0
2026-07-27 20:54:48,34,30,39,0
2026-07-27 20:54:49,34,30,40,0
2026-07-27 20:54:50,34,31,40,0
2026-07-27 20:54:51,34,30,40,0
2026-07-27 20:54:52,34,31,40,0
2026-07-27 20:54:53,34,30,40,0
2026-07-27 20:54:54,34,31,40,0
2026-07-27 20:54:55,34,30,40,0
2026-07-27 20:54:56,34,31,40,0
2026-07-27 20:54:57,34,31,39,0
2026-07-27 20:54:58,34,31,40,0
2026-07-27 20:54:59,34,31,40,0
2026-07-27 20:55:00,34,31,40,0
2026-07-27 20:55:01,34,31,40,0
2026-07-27 20:55:02,34,31,40,0
2026-07-27 20:55:03,34,30,40,0
2026-07-27 20:55:04,34,30,39,0
2026-07-27 20:55:05,34,31,40,0
2026-07-27 20:55:06,34,30,40,0
2026-07-27 20:55:07,34,31,39,0
2026-07-27 20:55:08,34,30,40,0
2026-07-27 20:55:09,34,30,40,0
2026-07-27 20:55:10,34,30,40,0
2026-07-27 20:55:11,34,30,40,0
2026-07-27 20:55:12,34,31,40,0
2026-07-27 20:55:13,34,31,40,0
2026-07-27 20:55:14,34,31,40,0
2026-07-27 20:55:15,34,31,40,0
2026-07-27 20:55:16,34,31,40,0
2026-07-27 20:55:17,34,31,40,0
2026-07-27 20:55:18,34,31,40,0
2026-07-27 20:55:19,34,30,39,0
2026-07-27 20:55:20,34,31,40,0
2026-07-27 20:55:21,34,30,40,0
2026-07-27 20:55:22,34,31,40,0
2026-07-27 20:55:23,34,31,39,0
2026-07-27 20:55:24,34,31,40,0
2026-07-27 20:55:25,34,30,40,0
2026-07-27 20:55:26,34,30,40,0
2026-07-27 20:55:27,34,30,40,0
2026-07-27 20:55:28,34,30,40,0
2026-07-27 20:55:29,34,31,40,0
2026-07-27 20:55:30,34,31,39,0
2026-07-27 20:55:31,34,30,40,0
2026-07-27 20:55:32,34,30,40,0
2026-07-27 20:55:33,34,31,40,0
2026-07-27 20:55:34,34,30,40,0
2026-07-27 20:55:35,34,30,40,0
2026-07-27 20:55:36,34,30,39,0
2026-07-27 20:55:37,34,30,40,0
2026-07-27 20:55:38,34,31,40,0
2026-07-27 20:55:39,34,30,40,0
2026-07-27 20:55:40,34,31,40,0
2026-07-27 20:55:41,34,31,40,0
2026-07-27 20:55:42,34,31,40,0
2026-07-27 20:55:43,34,31,39,0
2026-07-27 20:55:44,34,31,40,0
2026-07-27 20:55:45,34,31,40,0
2026-07-27 20:55:46,34,31,40,0
2026-07-27 20:55:47,34,31,40,0
2026-07-27 20:55:48,34,31,40,0
2026-07-27 20:55:49,34,30,40,0
2026-07-27 20:55:50,34,31,39,0
2026-07-27 20:55:51,34,31,40,0
2026-07-27 20:55:53,34,31,39,0
2026-07-27 20:55:53,34,30,40,0
2026-07-27 20:55:54,34,31,40,0
2026-07-27 20:55:55,34,30,39,0
2026-07-27 20:55:56,34,31,39,0
2026-07-27 20:55:57,34,30,40,0
2026-07-27 20:55:58,34,30,39,0
2026-07-27 20:55:59,34,31,40,0
2026-07-27 20:56:00,34,31,40,0
2026-07-27 20:56:01,34,30,40,0
2026-07-27 20:56:02,34,30,40,0
2026-07-27 20:56:03,34,31,40,0
2026-07-27 20:56:04,34,31,40,0
2026-07-27 20:56:05,34,31,40,0
2026-07-27 20:56:06,34,31,40,0
2026-07-27 20:56:07,34,30,40,0
2026-07-27 20:56:08,34,30,39,0
2026-07-27 20:56:09,34,31,40,0
2026-07-27 20:56:10,34,31,40,0
2026-07-27 20:56:11,34,31,40,0
2026-07-27 20:56:12,34,31,40,0
2026-07-27 20:56:13,34,31,40,0
2026-07-27 20:56:14,34,31,40,0
2026-07-27 20:56:15,34,31,40,0
2026-07-27 20:56:16,34,30,40,0
2026-07-27 20:56:17,34,30,40,0
2026-07-27 20:56:18,34,31,39,0
2026-07-27 20:56:19,34,31,40,0
2026-07-27 20:56:20,34,31,39,0
2026-07-27 20:56:21,34,31,40,0
2026-07-27 20:56:22,34,31,40,0
2026-07-27 20:56:23,34,30,40,0
2026-07-27 20:56:24,34,31,40,0
2026-07-27 20:56:25,34,31,39,0
2026-07-27 20:56:26,34,31,40,0
2026-07-27 20:56:27,34,30,39,0
2026-07-27 20:56:28,34,31,40,0
2026-07-27 20:56:29,34,30,39,0
2026-07-27 20:56:30,34,30,40,0
2026-07-27 20:56:31,34,30,40,0
2026-07-27 20:56:32,34,30,40,0
2026-07-27 20:56:33,34,30,40,0
2026-07-27 20:56:34,34,30,40,0
2026-07-27 20:56:35,34,31,39,0
2026-07-27 20:56:36,34,31,40,0
2026-07-27 20:56:37,34,31,40,0
2026-07-27 20:56:38,34,30,40,0
2026-07-27 20:56:39,34,31,40,0
2026-07-27 20:56:40,34,31,40,0
2026-07-27 20:56:41,34,31,40,0
2026-07-27 20:56:42,34,31,40,0
2026-07-27 20:56:43,34,30,40,0
2026-07-27 20:56:44,34,31,39,0
2026-07-27 20:56:45,34,31,40,0
2026-07-27 20:56:46,34,30,39,0
2026-07-27 20:56:47,34,31,39,0
2026-07-27 20:56:48,34,30,40,0
2026-07-27 20:56:49,34,31,40,0
2026-07-27 20:56:50,34,30,40,0
2026-07-27 20:56:51,34,30,40,0
2026-07-27 20:56:52,34,30,39,0
2026-07-27 20:56:53,34,30,39,0
2026-07-27 20:56:54,34,30,40,0
2026-07-27 20:56:55,34,30,39,0
2026-07-27 20:56:56,34,31,40,0
2026-07-27 20:56:57,34,30,40,0
2026-07-27 20:56:58,34,31,40,0
2026-07-27 20:56:59,34,30,39,0
2026-07-27 20:57:00,34,30,39,0
2026-07-27 20:57:01,34,31,40,0
2026-07-27 20:57:02,34,31,40,0
2026-07-27 20:57:03,34,30,40,0
2026-07-27 20:57:04,34,30,40,0
2026-07-27 20:57:05,34,31,40,0
2026-07-27 20:57:06,34,31,40,0
2026-07-27 20:57:07,34,30,40,0
2026-07-27 20:57:08,34,31,40,0
2026-07-27 20:57:09,34,31,40,0
2026-07-27 20:57:10,34,30,40,0
2026-07-27 20:57:11,34,30,39,0
2026-07-27 20:57:12,34,31,40,0
2026-07-27 20:57:13,34,30,40,0
2026-07-27 20:57:14,34,31,40,0
2026-07-27 20:57:15,34,31,40,0
2026-07-27 20:57:16,34,31,40,0
2026-07-27 20:57:17,34,31,40,0
2026-07-27 20:57:18,34,30,40,0
2026-07-27 20:57:19,34,30,40,0
2026-07-27 20:57:20,34,30,39,0
2026-07-27 20:57:21,34,31,40,0
2026-07-27 20:57:22,34,30,40,0
2026-07-27 20:57:23,34,31,40,0
2026-07-27 20:57:24,34,31,40,0
2026-07-27 20:57:25,34,31,40,0
2026-07-27 20:57:27,34,31,40,0
2026-07-27 20:57:27,34,30,40,0
2026-07-27 20:57:28,34,30,40,0
2026-07-27 20:57:29,34,31,40,0
2026-07-27 20:57:30,34,31,39,0
2026-07-27 20:57:31,34,31,39,0
2026-07-27 20:57:32,34,31,40,0
2026-07-27 20:57:33,34,31,40,0
2026-07-27 20:57:34,34,30,39,0
2026-07-27 20:57:35,34,31,39,0
2026-07-27 20:57:36,34,31,39,0
2026-07-27 20:57:37,34,31,40,0
2026-07-27 20:57:38,34,30,39,0
2026-07-27 20:57:39,34,30,39,0
2026-07-27 20:57:40,34,30,39,0
2026-07-27 20:57:41,34,31,39,0
2026-07-27 20:57:42,34,30,40,0
2026-07-27 20:57:43,34,31,39,0
2026-07-27 20:57:44,34,31,39,0
2026-07-27 20:57:45,34,31,40,0
2026-07-27 20:57:46,34,31,40,0
2026-07-27 20:57:47,34,31,40,0
2026-07-27 20:57:48,34,30,40,0
2026-07-27 20:57:49,34,31,40,0
2026-07-27 20:57:50,34,30,40,0
2026-07-27 20:57:51,34,30,40,0
2026-07-27 20:57:52,34,31,40,0
2026-07-27 20:57:53,34,31,40,0
2026-07-27 20:57:54,34,30,40,0
2026-07-27 20:57:55,34,30,39,0
2026-07-27 20:57:56,34,31,40,0
2026-07-27 20:57:57,34,31,40,0
2026-07-27 20:57:58,34,31,40,0
2026-07-27 20:57:59,34,31,40,0
2026-07-27 20:58:00,34,31,39,0
2026-07-27 20:58:01,34,30,40,0
2026-07-27 20:58:02,34,31,40,0
2026-07-27 20:58:03,34,30,40,0
2026-07-27 20:58:04,34,31,40,0
2026-07-27 20:58:05,34,31,40,0
2026-07-27 20:58:06,34,31,39,0
2026-07-27 20:58:07,34,31,40,0
2026-07-27 20:58:08,34,30,39,0
2026-07-27 20:58:09,34,30,40,0
2026-07-27 20:58:10,34,31,39,0
2026-07-27 20:58:11,34,31,39,0
2026-07-27 20:58:12,34,31,40,0
2026-07-27 20:58:13,34,30,40,0
2026-07-27 20:58:14,33,30,40,0
2026-07-27 20:58:15,34,31,40,0
2026-07-27 20:58:16,34,30,40,0
2026-07-27 20:58:17,34,30,40,0
2026-07-27 20:58:18,34,31,39,0
2026-07-27 20:58:19,34,31,40,0
2026-07-27 20:58:20,34,31,40,0
2026-07-27 20:58:21,34,30,40,0
2026-07-27 20:58:22,34,31,39,0
2026-07-27 20:58:23,34,31,39,0
2026-07-27 20:58:24,34,30,39,0
2026-07-27 20:58:25,34,31,39,0
2026-07-27 20:58:26,34,31,40,0
2026-07-27 20:58:27,34,30,39,0
2026-07-27 20:58:28,34,31,40,0
2026-07-27 20:58:29,34,30,39,0
2026-07-27 20:58:30,34,31,40,0
2026-07-27 20:58:31,34,31,39,0
2026-07-27 20:58:32,34,31,40,0
2026-07-27 20:58:33,34,31,40,0
2026-07-27 20:58:34,34,31,40,0
2026-07-27 20:58:35,34,30,40,0
2026-07-27 20:58:36,34,30,40,0
2026-07-27 20:58:37,34,30,39,0
2026-07-27 20:58:38,34,30,39,0
2026-07-27 20:58:39,34,30,40,0
2026-07-27 20:58:40,34,31,40,0
2026-07-27 20:58:42,34,31,40,0
2026-07-27 20:58:42,34,30,40,0
2026-07-27 20:58:43,34,30,40,0
2026-07-27 20:58:44,34,30,39,0
2026-07-27 20:58:45,34,31,40,0
2026-07-27 20:58:46,34,31,40,0
2026-07-27 20:58:48,34,30,40,0
2026-07-27 20:58:48,34,31,39,0
2026-07-27 20:58:49,34,31,40,0
2026-07-27 20:58:50,34,31,39,0
2026-07-27 20:58:51,34,31,40,0
2026-07-27 20:58:52,34,30,40,0
2026-07-27 20:58:53,34,31,40,0
2026-07-27 20:58:54,34,31,40,0
2026-07-27 20:58:55,34,31,39,0
2026-07-27 20:58:56,34,31,39,0
2026-07-27 20:58:57,34,31,40,0
2026-07-27 20:58:58,34,31,39,0
2026-07-27 20:58:59,34,31,39,0
2026-07-27 20:59:00,34,31,40,0
2026-07-27 20:59:01,34,31,40,0
2026-07-27 20:59:02,34,31,40,0
2026-07-27 20:59:03,34,30,40,0
2026-07-27 20:59:04,34,30,40,0
2026-07-27 20:59:05,34,30,40,0
2026-07-27 20:59:06,34,31,40,0
2026-07-27 20:59:07,34,31,39,0
2026-07-27 20:59:08,34,31,40,0
2026-07-27 20:59:09,34,30,40,0
2026-07-27 20:59:10,34,31,40,0
2026-07-27 20:59:11,34,31,40,0
2026-07-27 20:59:12,34,31,40,0
2026-07-27 20:59:14,34,31,40,0
2026-07-27 20:59:14,34,30,40,0
2026-07-27 20:59:15,34,30,40,0
2026-07-27 20:59:16,34,31,40,0
2026-07-27 20:59:17,34,30,40,0
2026-07-27 20:59:18,34,31,39,0
2026-07-27 20:59:19,34,31,40,0
2026-07-27 20:59:20,34,30,39,0
2026-07-27 20:59:21,34,31,40,0
2026-07-27 20:59:22,34,31,39,0
2026-07-27 20:59:23,34,30,40,0
2026-07-27 20:59:24,34,30,39,0
2026-07-27 20:59:25,34,31,40,0
2026-07-27 20:59:26,34,31,40,0
2026-07-27 20:59:27,34,31,40,0
2026-07-27 20:59:28,34,30,40,0
2026-07-27 20:59:29,34,30,40,0
2026-07-27 20:59:30,34,30,40,0
2026-07-27 20:59:31,34,31,39,0
2026-07-27 20:59:32,34,30,40,0
2026-07-27 20:59:33,34,30,40,0
2026-07-27 20:59:34,34,30,40,0
2026-07-27 20:59:35,34,30,40,0
2026-07-27 20:59:36,34,31,40,0
2026-07-27 20:59:37,34,31,40,0
2026-07-27 20:59:38,34,30,40,0
2026-07-27 20:59:39,34,30,40,0
2026-07-27 20:59:40,34,31,40,0
2026-07-27 20:59:42,34,30,40,0
2026-07-27 20:59:42,34,31,40,0
2026-07-27 20:59:43,34,30,40,0
2026-07-27 20:59:44,34,30,40,0
2026-07-27 20:59:45,34,31,40,0
2026-07-27 20:59:46,34,30,39,0
2026-07-27 20:59:47,34,30,40,0
2026-07-27 20:59:48,34,30,39,0
2026-07-27 20:59:49,34,30,40,0
2026-07-27 20:59:50,34,30,40,0
2026-07-27 20:59:51,34,31,40,0
2026-07-27 20:59:52,34,31,40,0
2026-07-27 20:59:53,34,31,40,0
2026-07-27 20:59:54,34,30,40,0
2026-07-27 20:59:55,34,31,40,0
2026-07-27 20:59:56,34,31,39,0
2026-07-27 20:59:57,34,30,40,0
2026-07-27 20:59:58,34,30,40,0
2026-07-27 20:59:59,34,30,40,0
2026-07-27 21:00:00,34,30,39,0
2026-07-27 21:00:01,34,31,40,0
2026-07-27 21:00:02,34,31,40,0
2026-07-27 21:00:03,34,31,40,0
2026-07-27 21:00:04,34,30,39,0
2026-07-27 21:00:05,34,31,40,0
2026-07-27 21:00:06,34,31,39,0
2026-07-27 21:00:07,34,31,40,0
2026-07-27 21:00:08,34,31,40,0
2026-07-27 21:00:09,34,31,40,0
2026-07-27 21:00:10,34,31,40,0
2026-07-27 21:00:11,34,30,39,0
2026-07-27 21:00:12,34,31,40,0
2026-07-27 21:00:13,34,31,40,0
2026-07-27 21:00:14,34,31,39,0
2026-07-27 21:00:15,34,31,40,0
2026-07-27 21:00:16,34,31,40,0
2026-07-27 21:00:17,34,31,40,0
2026-07-27 21:00:18,34,31,39,0
2026-07-27 21:00:20,34,31,40,0
2026-07-27 21:00:20,34,31,40,0
2026-07-27 21:00:21,34,31,39,0
2026-07-27 21:00:22,34,30,39,0
2026-07-27 21:00:23,34,31,40,0
2026-07-27 21:00:24,34,31,39,0
2026-07-27 21:00:25,34,30,40,0
2026-07-27 21:00:26,34,31,40,0
2026-07-27 21:00:27,34,31,40,0
2026-07-27 21:00:28,34,31,40,0
2026-07-27 21:00:29,34,31,40,0
2026-07-27 21:00:30,34,31,40,0
2026-07-27 21:00:31,34,31,40,0
2026-07-27 21:00:32,34,31,40,0
2026-07-27 21:00:33,34,31,40,0
2026-07-27 21:00:34,34,31,40,0
2026-07-27 21:00:35,34,31,39,0
2026-07-27 21:00:36,34,31,40,0
2026-07-27 21:00:37,34,31,39,0
2026-07-27 21:00:38,34,31,40,0
2026-07-27 21:00:39,34,30,40,0
2026-07-27 21:00:40,34,31,40,0
2026-07-27 21:00:42,34,31,40,0
2026-07-27 21:00:42,34,30,40,0
2026-07-27 21:00:43,34,30,40,0
2026-07-27 21:00:44,34,31,40,0
2026-07-27 21:00:45,34,30,39,0
2026-07-27 21:00:46,34,31,40,0
2026-07-27 21:00:47,34,31,40,0
2026-07-27 21:00:48,34,30,40,0
2026-07-27 21:00:49,34,30,39,0
2026-07-27 21:00:50,34,30,40,0
2026-07-27 21:00:52,34,31,40,0
2026-07-27 21:00:52,34,31,40,0
2026-07-27 21:00:53,34,31,40,0
2026-07-27 21:00:54,34,30,40,0
2026-07-27 21:00:56,34,30,39,0
2026-07-27 21:00:56,34,31,39,0
2026-07-27 21:00:57,34,30,40,0
2026-07-27 21:00:58,34,31,40,0
2026-07-27 21:00:59,34,31,40,0
2026-07-27 21:01:00,34,31,40,0
2026-07-27 21:01:01,34,30,40,0
2026-07-27 21:01:02,34,30,39,0
2026-07-27 21:01:03,34,31,40,0
2026-07-27 21:01:04,34,31,39,0
2026-07-27 21:01:05,34,31,40,0
2026-07-27 21:01:06,34,31,40,0
2026-07-27 21:01:07,34,31,40,0
2026-07-27 21:01:09,34,31,40,0
2026-07-27 21:01:09,34,30,40,0
2026-07-27 21:01:10,34,31,40,0
2026-07-27 21:01:11,34,31,40,0
2026-07-27 21:01:12,34,30,40,0
2026-07-27 21:01:13,34,31,40,0
2026-07-27 21:01:14,34,30,39,0
2026-07-27 21:01:15,34,31,40,0
2026-07-27 21:01:16,34,30,40,0
2026-07-27 21:01:17,34,30,39,0
2026-07-27 21:01:18,34,30,40,0
2026-07-27 21:01:19,34,30,40,0
2026-07-27 21:01:20,34,30,40,0
2026-07-27 21:01:21,34,31,40,0
2026-07-27 21:01:22,34,31,40,0
2026-07-27 21:01:23,34,31,40,0
2026-07-27 21:01:24,34,31,40,0
2026-07-27 21:01:25,34,31,40,0
2026-07-27 21:01:26,34,30,40,0
2026-07-27 21:01:27,34,31,40,0
2026-07-27 21:01:28,34,31,39,0
2026-07-27 21:01:29,34,30,40,0
2026-07-27 21:01:30,34,31,40,0
2026-07-27 21:01:31,34,31,40,0
2026-07-27 21:01:32,34,30,40,0
2026-07-27 21:01:33,34,30,40,0
2026-07-27 21:01:34,34,31,40,0
2026-07-27 21:01:35,34,30,40,0
2026-07-27 21:01:36,34,31,40,0
2026-07-27 21:01:37,34,31,40,0
2026-07-27 21:01:38,34,31,40,0
2026-07-27 21:01:39,34,31,40,0
2026-07-27 21:01:40,34,31,40,0
2026-07-27 21:01:42,34,31,40,0
2026-07-27 21:01:42,34,31,40,0
2026-07-27 21:01:43,34,31,40,0
2026-07-27 21:01:44,34,31,40,0
2026-07-27 21:01:45,34,30,40,0
2026-07-27 21:01:46,34,31,40,0
2026-07-27 21:01:47,34,31,40,0
2026-07-27 21:01:48,34,30,40,0
2026-07-27 21:01:49,34,31,40,0
2026-07-27 21:01:50,34,31,40,0
2026-07-27 21:01:51,34,30,40,0
2026-07-27 21:01:52,34,30,40,0
2026-07-27 21:01:53,34,30,40,0
2026-07-27 21:01:54,34,30,40,0
2026-07-27 21:01:55,34,31,39,0
2026-07-27 21:01:56,34,30,39,0
2026-07-27 21:01:57,34,31,39,0
2026-07-27 21:01:58,34,31,40,0
2026-07-27 21:01:59,34,31,40,0
2026-07-27 21:02:00,34,30,40,0
2026-07-27 21:02:01,34,31,39,0
2026-07-27 21:02:02,34,30,39,0
2026-07-27 21:02:04,34,31,39,0
2026-07-27 21:02:04,34,30,39,0
2026-07-27 21:02:05,34,30,39,0
2026-07-27 21:02:06,34,30,40,0
2026-07-27 21:02:07,34,31,40,0
2026-07-27 21:02:09,34,30,39,0
2026-07-27 21:02:09,34,31,40,0
2026-07-27 21:02:10,34,31,39,0
2026-07-27 21:02:11,34,31,40,0
2026-07-27 21:02:12,34,31,40,0
2026-07-27 21:02:13,34,30,39,0
2026-07-27 21:02:14,34,31,40,0
2026-07-27 21:02:15,34,30,40,0
2026-07-27 21:02:16,34,30,40,0
2026-07-27 21:02:17,34,30,40,0
2026-07-27 21:02:18,34,31,40,0
2026-07-27 21:02:19,34,30,40,0
2026-07-27 21:02:20,34,31,40,0
2026-07-27 21:02:21,34,31,40,0
2026-07-27 21:02:22,34,31,40,0
2026-07-27 21:02:23,34,31,40,0
2026-07-27 21:02:24,33,31,40,0
2026-07-27 21:02:26,34,30,40,0
2026-07-27 21:02:26,34,30,39,0
2026-07-27 21:02:27,34,31,39,0
2026-07-27 21:02:28,34,31,40,0
2026-07-27 21:02:29,34,31,39,0
2026-07-27 21:02:30,34,30,40,0
2026-07-27 21:02:31,34,31,40,0
2026-07-27 21:02:32,34,30,39,0
2026-07-27 21:02:33,34,31,40,0
2026-07-27 21:02:34,34,30,39,0
2026-07-27 21:02:35,34,30,40,0
2026-07-27 21:02:36,34,31,40,0
2026-07-27 21:02:37,34,31,39,0
2026-07-27 21:02:38,34,30,40,0
2026-07-27 21:02:39,34,30,40,0
2026-07-27 21:02:40,34,31,40,0
2026-07-27 21:02:42,34,30,39,0
2026-07-27 21:02:42,34,31,40,0
2026-07-27 21:02:43,34,31,39,0
2026-07-27 21:02:44,34,31,39,0
2026-07-27 21:02:45,34,31,40,0
2026-07-27 21:02:46,34,30,40,0
2026-07-27 21:02:47,34,31,40,0
2026-07-27 21:02:48,34,31,40,0
2026-07-27 21:02:49,34,31,40,0
2026-07-27 21:02:50,34,31,40,0
2026-07-27 21:02:51,34,30,40,0
2026-07-27 21:02:52,34,31,39,0
2026-07-27 21:02:53,34,31,40,0
2026-07-27 21:02:54,34,31,40,0
2026-07-27 21:02:55,34,31,40,0
2026-07-27 21:02:56,34,31,40,0
2026-07-27 21:02:57,34,31,39,0
2026-07-27 21:02:58,34,30,40,0
2026-07-27 21:03:00,34,31,39,0
2026-07-27 21:03:00,34,31,40,0
2026-07-27 21:03:01,34,31,40,0
2026-07-27 21:03:02,34,31,40,0
2026-07-27 21:03:03,34,31,39,0
2026-07-27 21:03:04,34,31,40,0
2026-07-27 21:03:05,34,30,40,0
2026-07-27 21:03:06,34,31,40,0
2026-07-27 21:03:07,34,31,39,0
2026-07-27 21:03:08,34,31,40,0
2026-07-27 21:03:09,34,31,40,0
2026-07-27 21:03:10,34,30,40,0
2026-07-27 21:03:11,34,31,39,0
2026-07-27 21:03:12,34,31,40,0
2026-07-27 21:03:13,34,31,40,0
2026-07-27 21:03:14,34,30,40,0
2026-07-27 21:03:15,33,31,40,0
2026-07-27 21:03:17,34,30,39,0
2026-07-27 21:03:17,34,30,40,0
2026-07-27 21:03:18,34,31,40,0
2026-07-27 21:03:19,34,30,40,0
2026-07-27 21:03:21,34,31,40,0
2026-07-27 21:03:21,34,31,40,0
2026-07-27 21:03:22,34,30,39,0
2026-07-27 21:03:23,34,30,40,0
2026-07-27 21:03:25,34,31,40,0
2026-07-27 21:03:25,34,31,40,0
2026-07-27 21:03:26,34,31,40,0
2026-07-27 21:03:27,34,30,40,0
2026-07-27 21:03:28,34,31,40,0
2026-07-27 21:03:30,34,31,39,0
2026-07-27 21:03:30,33,31,40,0
2026-07-27 21:03:31,34,31,39,0
2026-07-27 21:03:32,34,31,39,0
2026-07-27 21:03:33,34,30,40,0
2026-07-27 21:03:34,34,30,40,0
2026-07-27 21:03:35,34,31,40,0
2026-07-27 21:03:36,34,30,39,0
2026-07-27 21:03:38,34,30,39,0
2026-07-27 21:03:38,34,31,40,0
2026-07-27 21:03:39,34,31,40,0
2026-07-27 21:03:40,34,31,39,0
2026-07-27 21:03:42,34,30,40,0
2026-07-27 21:03:42,34,31,40,0
2026-07-27 21:03:43,34,31,40,0
2026-07-27 21:03:44,34,31,40,0
2026-07-27 21:03:45,34,31,39,0
2026-07-27 21:03:46,34,31,40,0
2026-07-27 21:03:47,34,31,39,0
2026-07-27 21:03:48,34,30,40,0
2026-07-27 21:03:49,34,31,39,0
2026-07-27 21:03:50,34,31,40,0
2026-07-27 21:03:51,34,30,40,0
2026-07-27 21:03:52,34,31,40,0
2026-07-27 21:03:53,34,31,40,0
2026-07-27 21:03:54,34,31,40,0
2026-07-27 21:03:55,34,31,40,0
2026-07-27 21:03:56,34,31,39,0
2026-07-27 21:03:57,34,31,40,0
2026-07-27 21:03:58,34,30,40,0
2026-07-27 21:03:59,34,31,39,0
2026-07-27 21:04:00,34,31,40,0
2026-07-27 21:04:01,34,31,40,0
2026-07-27 21:04:02,34,30,39,0
2026-07-27 21:04:03,34,31,40,0
2026-07-27 21:04:04,34,31,40,0
2026-07-27 21:04:05,34,31,40,0
2026-07-27 21:04:06,34,31,40,0
2026-07-27 21:04:07,34,30,39,0
2026-07-27 21:04:08,34,31,40,0
2026-07-27 21:04:09,34,31,39,0
2026-07-27 21:04:10,34,31,40,0
2026-07-27 21:04:11,34,31,40,0
2026-07-27 21:04:12,34,31,39,0
2026-07-27 21:04:13,34,31,40,0
2026-07-27 21:04:14,34,31,40,0
2026-07-27 21:04:15,34,31,39,0
2026-07-27 21:04:16,34,31,39,0
2026-07-27 21:04:17,34,31,40,0
2026-07-27 21:04:18,34,31,40,0
2026-07-27 21:04:19,34,30,40,0
2026-07-27 21:04:20,34,31,40,0
2026-07-27 21:04:21,34,30,40,0
2026-07-27 21:04:22,34,31,40,0
2026-07-27 21:04:23,34,30,39,0
2026-07-27 21:04:25,34,31,39,0
2026-07-27 21:04:25,34,30,40,0
2026-07-27 21:04:26,34,31,40,0
2026-07-27 21:04:27,34,31,40,0
2026-07-27 21:04:28,34,30,40,0
2026-07-27 21:04:29,34,30,40,0
2026-07-27 21:04:30,34,31,40,0
2026-07-27 21:04:31,34,30,40,0
2026-07-27 21:04:32,34,30,40,0
2026-07-27 21:04:33,34,31,40,0
2026-07-27 21:04:34,34,31,40,0
2026-07-27 21:04:35,34,30,40,0
2026-07-27 21:04:36,34,30,40,0
2026-07-27 21:04:38,34,31,40,0
2026-07-27 21:04:38,34,31,40,0
2026-07-27 21:04:39,34,31,40,0
2026-07-27 21:04:40,34,31,40,0
2026-07-27 21:04:41,34,31,40,0
2026-07-27 21:04:42,34,30,40,0
2026-07-27 21:04:43,34,30,40,0
2026-07-27 21:04:44,34,31,40,0
2026-07-27 21:04:45,34,30,40,0
2026-07-27 21:04:46,34,31,39,0
2026-07-27 21:04:47,34,30,39,0
2026-07-27 21:04:48,34,30,40,0
2026-07-27 21:04:49,34,30,40,0
2026-07-27 21:04:51,34,31,40,0
2026-07-27 21:04:51,34,30,40,0
2026-07-27 21:04:52,34,30,40,0
2026-07-27 21:04:53,34,30,39,0
2026-07-27 21:04:55,34,31,40,0
2026-07-27 21:04:55,34,31,40,0
2026-07-27 21:04:56,34,31,40,0
2026-07-27 21:04:57,34,30,40,0
2026-07-27 21:04:58,34,31,40,0
2026-07-27 21:04:59,34,31,40,0
2026-07-27 21:05:00,34,31,40,0
2026-07-27 21:05:01,34,30,40,0
2026-07-27 21:05:02,34,31,39,0
2026-07-27 21:05:03,34,30,40,0
2026-07-27 21:05:04,34,31,40,0
2026-07-27 21:05:05,34,30,40,0
2026-07-27 21:05:06,34,30,40,0
2026-07-27 21:05:08,34,31,40,0
2026-07-27 21:05:08,34,31,40,0
2026-07-27 21:05:09,34,31,40,0
2026-07-27 21:05:10,34,31,40,0
2026-07-27 21:05:11,34,30,40,0
2026-07-27 21:05:12,34,30,39,0
2026-07-27 21:05:13,34,31,40,0
2026-07-27 21:05:14,34,31,40,0
2026-07-27 21:05:15,34,30,40,0
2026-07-27 21:05:16,34,30,40,0
2026-07-27 21:05:17,34,31,40,0
2026-07-27 21:05:18,34,31,40,0
2026-07-27 21:05:19,34,30,40,0
2026-07-27 21:05:21,34,30,40,0
2026-07-27 21:05:21,34,31,40,0
2026-07-27 21:05:22,34,31,40,0
2026-07-27 21:05:23,34,30,40,0
2026-07-27 21:05:25,34,30,40,0
2026-07-27 21:05:25,34,31,40,0
2026-07-27 21:05:26,34,31,40,0
2026-07-27 21:05:27,34,30,39,0
2026-07-27 21:05:29,34,30,40,0
2026-07-27 21:05:29,34,31,40,0
2026-07-27 21:05:30,34,30,40,0
2026-07-27 21:05:31,34,31,40,0
2026-07-27 21:05:32,34,30,39,0
2026-07-27 21:05:33,34,30,40,0
2026-07-27 21:05:34,34,31,40,0
2026-07-27 21:05:35,34,30,40,0
2026-07-27 21:05:36,34,30,40,0
2026-07-27 21:05:37,34,30,40,0
2026-07-27 21:05:38,34,30,40,0
2026-07-27 21:05:39,34,30,40,0
2026-07-27 21:05:40,34,31,40,0
2026-07-27 21:05:42,34,31,40,0
2026-07-27 21:05:42,34,30,40,0
2026-07-27 21:05:43,34,31,40,0
2026-07-27 21:05:44,34,30,40,0
2026-07-27 21:05:45,34,31,40,0
2026-07-27 21:05:46,34,31,40,0
2026-07-27 21:05:47,34,31,40,0
2026-07-27 21:05:48,34,31,40,0
2026-07-27 21:05:49,34,30,40,0
2026-07-27 21:05:50,34,31,39,0
2026-07-27 21:05:51,34,31,40,0
2026-07-27 21:05:52,34,31,40,0
2026-07-27 21:05:53,34,30,39,0
2026-07-27 21:05:54,34,31,40,0
2026-07-27 21:05:55,34,31,40,0
2026-07-27 21:05:56,34,31,40,0
2026-07-27 21:05:57,34,30,40,0
2026-07-27 21:05:58,34,30,40,0
2026-07-27 21:05:59,34,31,39,0
2026-07-27 21:06:00,34,31,40,0
2026-07-27 21:06:01,34,30,39,0
2026-07-27 21:06:02,34,30,39,0
2026-07-27 21:06:03,34,30,40,0
2026-07-27 21:06:04,34,30,40,0
2026-07-27 21:06:05,34,31,40,0
2026-07-27 21:06:06,34,30,39,0
2026-07-27 21:06:07,33,31,40,0
2026-07-27 21:06:08,34,30,39,0
2026-07-27 21:06:09,34,30,40,0
2026-07-27 21:06:10,34,30,40,0
2026-07-27 21:06:11,34,30,39,0
2026-07-27 21:06:12,34,31,40,0
2026-07-27 21:06:13,34,30,40,0
2026-07-27 21:06:14,34,30,40,0
2026-07-27 21:06:16,34,30,40,0
2026-07-27 21:06:16,34,30,40,0
2026-07-27 21:06:17,34,30,39,0
2026-07-27 21:06:18,34,30,39,0
2026-07-27 21:06:19,34,30,39,0
2026-07-27 21:06:20,34,31,40,0
2026-07-27 21:06:21,34,31,40,0
2026-07-27 21:06:22,34,30,39,0
2026-07-27 21:06:23,34,30,40,0
2026-07-27 21:06:24,34,31,40,0
2026-07-27 21:06:25,34,31,40,0
2026-07-27 21:06:26,34,31,39,0
2026-07-27 21:06:27,34,30,40,0
2026-07-27 21:06:29,34,30,40,0
2026-07-27 21:06:29,34,31,40,0
2026-07-27 21:06:30,34,31,40,0
2026-07-27 21:06:31,34,31,40,0
2026-07-27 21:06:32,34,30,40,0
2026-07-27 21:06:33,34,31,40,0
2026-07-27 21:06:34,34,31,39,0
2026-07-27 21:06:35,34,30,40,0
2026-07-27 21:06:36,34,31,40,0
2026-07-27 21:06:37,34,31,40,0
2026-07-27 21:06:38,34,30,39,0
2026-07-27 21:06:39,34,31,39,0
2026-07-27 21:06:40,34,31,40,0
2026-07-27 21:06:42,34,30,39,0
2026-07-27 21:06:42,34,31,40,0
2026-07-27 21:06:43,34,31,39,0
2026-07-27 21:06:44,34,30,40,0
2026-07-27 21:06:46,34,30,40,0
2026-07-27 21:06:46,34,30,40,0
2026-07-27 21:06:47,34,31,40,0
2026-07-27 21:06:48,34,30,40,0
2026-07-27 21:06:49,34,30,39,0
2026-07-27 21:06:50,34,31,40,0
2026-07-27 21:06:51,34,31,40,0
2026-07-27 21:06:52,34,31,39,0
2026-07-27 21:06:53,34,31,40,0
2026-07-27 21:06:54,34,30,39,0
2026-07-27 21:06:55,34,31,39,0
2026-07-27 21:06:56,34,31,39,0
2026-07-27 21:06:57,34,31,40,0
2026-07-27 21:06:58,34,30,40,0
2026-07-27 21:06:59,34,31,40,0
2026-07-27 21:07:00,34,30,40,0
2026-07-27 21:07:01,34,31,40,0
2026-07-27 21:07:03,34,31,40,0
2026-07-27 21:07:03,34,30,40,0
2026-07-27 21:07:04,34,31,40,0
2026-07-27 21:07:05,34,30,39,0
2026-07-27 21:07:06,34,31,40,0
2026-07-27 21:07:07,34,30,40,0
2026-07-27 21:07:08,34,31,39,0
2026-07-27 21:07:09,34,31,40,0
2026-07-27 21:07:10,34,31,40,0
2026-07-27 21:07:11,34,30,39,0
2026-07-27 21:07:12,34,30,39,0
2026-07-27 21:07:13,34,31,40,0
2026-07-27 21:07:14,34,31,39,0
2026-07-27 21:07:15,34,31,40,0
2026-07-27 21:07:16,34,30,40,0
2026-07-27 21:07:17,34,31,40,0
2026-07-27 21:07:18,34,30,40,0
2026-07-27 21:07:20,34,31,40,0
2026-07-27 21:07:20,34,30,40,0
2026-07-27 21:07:21,34,31,40,0
2026-07-27 21:07:22,34,31,40,0
2026-07-27 21:07:23,34,31,39,0
2026-07-27 21:07:24,34,30,40,0
2026-07-27 21:07:25,34,31,40,0
2026-07-27 21:07:26,34,31,40,0
2026-07-27 21:07:27,34,30,40,0
2026-07-27 21:07:28,34,31,40,0
2026-07-27 21:07:29,34,31,40,0
2026-07-27 21:07:30,34,30,40,0
2026-07-27 21:07:31,34,31,40,0
2026-07-27 21:07:33,34,30,39,0
2026-07-27 21:07:33,34,30,40,0
2026-07-27 21:07:34,34,31,40,0
2026-07-27 21:07:35,34,31,40,0
2026-07-27 21:07:36,34,30,40,0
2026-07-27 21:07:37,34,31,40,0
2026-07-27 21:07:38,34,31,39,0
2026-07-27 21:07:39,34,30,40,0
2026-07-27 21:07:40,34,30,40,0
2026-07-27 21:07:41,34,30,40,0
2026-07-27 21:07:42,34,31,39,0
2026-07-27 21:07:43,34,31,40,0
2026-07-27 21:07:44,34,31,40,0
2026-07-27 21:07:45,34,30,40,0
2026-07-27 21:07:46,34,31,40,0
2026-07-27 21:07:47,34,31,40,0
2026-07-27 21:07:48,34,31,40,0
2026-07-27 21:07:49,34,31,40,0
2026-07-27 21:07:50,34,30,40,0
2026-07-27 21:07:51,34,31,40,0
2026-07-27 21:07:52,34,31,40,0
2026-07-27 21:07:53,34,30,40,0
2026-07-27 21:07:54,34,30,39,0
2026-07-27 21:07:55,34,31,39,0
2026-07-27 21:07:56,34,30,40,0
2026-07-27 21:07:57,34,31,40,0
2026-07-27 21:07:58,34,30,40,0
2026-07-27 21:07:59,34,31,40,0
2026-07-27 21:08:00,34,31,40,0
2026-07-27 21:08:01,34,31,40,0
2026-07-27 21:08:02,34,30,40,0
2026-07-27 21:08:03,34,31,40,0
2026-07-27 21:08:04,34,31,40,0
2026-07-27 21:08:05,34,30,40,0
2026-07-27 21:08:07,34,30,40,0
2026-07-27 21:08:07,34,31,40,0
2026-07-27 21:08:08,34,30,40,0
2026-07-27 21:08:09,34,31,40,0
2026-07-27 21:08:10,34,30,40,0
2026-07-27 21:08:11,34,31,40,0
2026-07-27 21:08:12,34,30,39,0
2026-07-27 21:08:13,34,31,40,0
2026-07-27 21:08:14,34,31,40,0
2026-07-27 21:08:16,34,30,40,0
2026-07-27 21:08:16,34,31,40,0
2026-07-27 21:08:17,34,30,40,0
2026-07-27 21:08:18,34,31,40,0
2026-07-27 21:08:19,34,31,40,0
2026-07-27 21:08:20,34,31,40,0
2026-07-27 21:08:21,34,31,40,0
2026-07-27 21:08:22,34,31,40,0
2026-07-27 21:08:23,34,30,39,0
2026-07-27 21:08:24,34,31,40,0
2026-07-27 21:08:25,34,30,40,0
2026-07-27 21:08:26,34,30,39,0
2026-07-27 21:08:28,34,31,40,0
2026-07-27 21:08:28,34,31,40,0
2026-07-27 21:08:29,34,30,40,0
2026-07-27 21:08:30,34,31,40,0
2026-07-27 21:08:31,34,30,40,0
2026-07-27 21:08:32,34,31,40,0
2026-07-27 21:08:33,34,30,40,0
2026-07-27 21:08:34,34,31,40,0
2026-07-27 21:08:35,34,30,40,0
2026-07-27 21:08:37,34,31,40,0
2026-07-27 21:08:37,34,31,40,0
2026-07-27 21:08:38,34,31,40,0
2026-07-27 21:08:39,34,31,40,0
2026-07-27 21:08:41,34,30,40,0
2026-07-27 21:08:41,34,31,40,0
2026-07-27 21:08:42,34,30,40,0
2026-07-27 21:08:43,34,30,40,0
2026-07-27 21:08:44,34,30,40,0
2026-07-27 21:08:46,34,31,40,0
2026-07-27 21:08:46,34,30,40,0
2026-07-27 21:08:47,34,30,40,0
2026-07-27 21:08:48,34,30,40,0
2026-07-27 21:08:49,34,30,40,0
2026-07-27 21:08:50,34,30,40,0
2026-07-27 21:08:51,34,31,40,0
2026-07-27 21:08:52,34,31,40,0
2026-07-27 21:08:54,34,31,40,0
2026-07-27 21:08:54,34,31,40,0
2026-07-27 21:08:55,34,31,40,0
2026-07-27 21:08:56,34,30,40,0
2026-07-27 21:08:57,34,30,40,0
2026-07-27 21:08:58,34,30,40,0
2026-07-27 21:08:59,34,30,40,0
2026-07-27 21:09:00,34,30,40,0
2026-07-27 21:09:01,34,30,40,0
2026-07-27 21:09:02,34,31,40,0
2026-07-27 21:09:03,34,31,40,0
2026-07-27 21:09:04,34,31,40,0
2026-07-27 21:09:05,34,31,40,0
2026-07-27 21:09:06,34,31,40,0
2026-07-27 21:09:07,34,31,40,0
2026-07-27 21:09:08,34,31,40,0
2026-07-27 21:09:09,34,31,40,0
2026-07-27 21:09:11,34,31,40,0
2026-07-27 21:09:11,34,30,40,0
2026-07-27 21:09:12,34,31,40,0
2026-07-27 21:09:13,34,31,40,0
2026-07-27 21:09:14,34,30,39,0
2026-07-27 21:09:15,34,30,40,0
2026-07-27 21:09:16,34,30,40,0
2026-07-27 21:09:17,34,31,39,0
2026-07-27 21:09:18,34,30,40,0
2026-07-27 21:09:19,34,31,40,0
2026-07-27 21:09:20,34,30,40,0
2026-07-27 21:09:21,34,31,40,0
2026-07-27 21:09:22,34,31,39,0
2026-07-27 21:09:24,34,30,40,0
2026-07-27 21:09:24,34,31,40,0
2026-07-27 21:09:25,34,31,40,0
2026-07-27 21:09:26,34,31,40,0
2026-07-27 21:09:28,34,30,39,0
2026-07-27 21:09:28,34,31,40,0
2026-07-27 21:09:29,34,31,40,0
2026-07-27 21:09:30,34,31,40,0
2026-07-27 21:09:31,34,31,40,0
2026-07-27 21:09:32,34,30,40,0
2026-07-27 21:09:33,34,31,39,0
2026-07-27 21:09:34,34,31,40,0
2026-07-27 21:09:35,34,31,39,0
2026-07-27 21:09:37,34,30,40,0
2026-07-27 21:09:37,34,31,40,0
2026-07-27 21:09:38,34,31,40,0
2026-07-27 21:09:39,34,30,40,0
2026-07-27 21:09:41,34,31,40,0
2026-07-27 21:09:41,34,31,40,0
2026-07-27 21:09:42,34,30,40,0
2026-07-27 21:09:43,34,31,40,0
2026-07-27 21:09:45,34,30,40,0
2026-07-27 21:09:46,34,30,40,0
2026-07-27 21:09:46,34,30,40,0
2026-07-27 21:09:47,34,30,40,0
2026-07-27 21:09:48,34,30,40,0
2026-07-27 21:09:49,34,30,40,0
2026-07-27 21:09:50,34,30,40,0
2026-07-27 21:09:51,34,31,40,0
2026-07-27 21:09:52,34,30,40,0
2026-07-27 21:09:54,34,31,40,0
2026-07-27 21:09:54,34,30,40,0
2026-07-27 21:09:55,34,31,40,0
2026-07-27 21:09:56,34,31,40,0
2026-07-27 21:09:58,34,30,40,0
2026-07-27 21:09:58,34,31,40,0
2026-07-27 21:09:59,34,31,40,0
2026-07-27 21:10:00,34,30,40,0
2026-07-27 21:10:02,34,30,40,0
2026-07-27 21:10:02,34,30,40,0
2026-07-27 21:10:03,34,30,40,0
2026-07-27 21:10:04,34,30,40,0
2026-07-27 21:10:05,34,30,40,0
2026-07-27 21:10:06,34,30,40,0
2026-07-27 21:10:07,34,31,40,0
2026-07-27 21:10:08,34,31,40,0
2026-07-27 21:10:09,34,30,40,0
2026-07-27 21:10:11,34,31,40,0
2026-07-27 21:10:11,34,31,40,0
2026-07-27 21:10:12,34,30,40,0
2026-07-27 21:10:13,34,31,40,0
2026-07-27 21:10:15,34,30,40,0
2026-07-27 21:10:15,34,30,40,0
2026-07-27 21:10:16,34,30,40,0
2026-07-27 21:10:17,34,30,40,0
2026-07-27 21:10:19,34,31,40,0
2026-07-27 21:10:19,34,30,40,0
2026-07-27 21:10:20,34,31,40,0
2026-07-27 21:10:21,34,31,40,0
2026-07-27 21:10:22,34,31,40,0
2026-07-27 21:10:23,34,30,40,0
2026-07-27 21:10:24,34,31,40,0
2026-07-27 21:10:25,34,31,40,0
2026-07-27 21:10:26,34,31,39,0
2026-07-27 21:10:27,34,31,40,0
2026-07-27 21:10:28,34,31,40,0
2026-07-27 21:10:29,34,30,39,0
2026-07-27 21:10:30,34,31,40,0
2026-07-27 21:10:32,34,31,40,0
2026-07-27 21:10:32,34,31,39,0
2026-07-27 21:10:33,34,31,40,0
2026-07-27 21:10:34,34,30,40,0
2026-07-27 21:10:35,34,30,40,0
2026-07-27 21:10:36,34,31,40,0
2026-07-27 21:10:37,34,31,40,0
2026-07-27 21:10:38,34,31,40,0
2026-07-27 21:10:39,34,31,40,0
2026-07-27 21:10:40,34,31,40,0
2026-07-27 21:10:41,34,30,40,0
2026-07-27 21:10:42,34,31,40,0
2026-07-27 21:10:43,34,30,40,0
2026-07-27 21:10:45,34,31,40,0
2026-07-27 21:10:45,34,31,40,0
2026-07-27 21:10:46,34,30,40,0
2026-07-27 21:10:47,34,31,40,0
2026-07-27 21:10:48,34,31,40,0
2026-07-27 21:10:49,34,31,40,0
2026-07-27 21:10:50,34,31,40,0
2026-07-27 21:10:51,34,31,40,0
2026-07-27 21:10:52,34,31,40,0
2026-07-27 21:10:53,34,31,40,0
2026-07-27 21:10:54,34,31,40,0
2026-07-27 21:10:55,34,31,40,0
2026-07-27 21:10:56,34,31,40,0
2026-07-27 21:10:57,34,31,40,0
2026-07-27 21:10:58,34,30,40,0
2026-07-27 21:10:59,34,31,40,0
2026-07-27 21:11:00,34,30,40,0
2026-07-27 21:11:02,34,31,39,0
2026-07-27 21:11:02,34,31,40,0
2026-07-27 21:11:03,34,31,40,0
2026-07-27 21:11:04,34,30,40,0
2026-07-27 21:11:06,34,31,39,0
2026-07-27 21:11:06,34,31,40,0
2026-07-27 21:11:07,34,31,40,0
2026-07-27 21:11:08,34,31,40,0
2026-07-27 21:11:09,34,31,40,0
2026-07-27 21:11:10,34,31,40,0
2026-07-27 21:11:11,34,31,40,0
2026-07-27 21:11:12,34,31,40,0
2026-07-27 21:11:13,34,31,40,0
2026-07-27 21:11:15,34,31,39,0
2026-07-27 21:11:15,34,31,40,0
2026-07-27 21:11:16,34,31,40,0
2026-07-27 21:11:17,34,31,40,0
2026-07-27 21:11:18,34,31,40,0
2026-07-27 21:11:19,34,31,40,0
2026-07-27 21:11:20,34,31,40,0
2026-07-27 21:11:21,34,30,40,0
2026-07-27 21:11:22,34,31,40,0
2026-07-27 21:11:23,34,31,40,0
2026-07-27 21:11:24,34,31,40,0
2026-07-27 21:11:25,34,30,40,0
2026-07-27 21:11:26,34,31,40,0
2026-07-27 21:11:28,34,31,40,0
2026-07-27 21:11:28,34,30,40,0
2026-07-27 21:11:29,34,31,40,0
2026-07-27 21:11:30,34,30,40,0
2026-07-27 21:11:32,34,31,39,0
2026-07-27 21:11:32,34,31,40,0
2026-07-27 21:11:33,34,31,40,0
2026-07-27 21:11:34,34,31,40,0
2026-07-27 21:11:36,34,31,39,0
2026-07-27 21:11:36,34,31,40,0
2026-07-27 21:11:37,34,31,40,0
2026-07-27 21:11:38,34,31,40,0
2026-07-27 21:11:40,34,31,40,0
2026-07-27 21:11:40,34,31,40,0
2026-07-27 21:11:41,34,31,40,0
2026-07-27 21:11:43,34,31,40,0
2026-07-27 21:11:43,34,30,40,0
2026-07-27 21:11:45,34,31,40,0
2026-07-27 21:11:45,34,31,40,0
2026-07-27 21:11:46,34,31,40,0
2026-07-27 21:11:47,34,31,40,0
2026-07-27 21:11:49,34,31,40,0
2026-07-27 21:11:49,34,31,40,0
2026-07-27 21:11:50,34,31,40,0
2026-07-27 21:11:51,34,31,40,0
2026-07-27 21:11:52,34,31,40,0
2026-07-27 21:11:53,34,31,39,0
2026-07-27 21:11:54,34,31,40,0
2026-07-27 21:11:55,34,30,40,0
2026-07-27 21:11:56,34,31,40,0
2026-07-27 21:11:57,34,31,40,0
2026-07-27 21:11:58,34,31,40,0
2026-07-27 21:11:59,34,31,40,0
2026-07-27 21:12:00,34,30,40,0
2026-07-27 21:12:02,34,31,40,0
2026-07-27 21:12:02,34,31,40,0
2026-07-27 21:12:03,34,31,40,0
2026-07-27 21:12:04,34,31,40,0
2026-07-27 21:12:06,34,31,39,0
2026-07-27 21:12:06,34,31,40,0
2026-07-27 21:12:07,34,30,40,0
2026-07-27 21:12:08,34,31,40,0
2026-07-27 21:12:09,34,30,40,0
2026-07-27 21:12:10,34,30,40,0
2026-07-27 21:12:11,34,30,39,0
2026-07-27 21:12:12,34,30,40,0
2026-07-27 21:12:13,34,30,40,0
2026-07-27 21:12:15,34,31,40,0
2026-07-27 21:12:15,34,31,40,0
2026-07-27 21:12:16,34,31,40,0
2026-07-27 21:12:17,34,31,40,0
2026-07-27 21:12:19,34,31,40,0
2026-07-27 21:12:19,34,31,40,0
2026-07-27 21:12:20,34,31,40,0
2026-07-27 21:12:21,34,31,40,0
2026-07-27 21:12:23,34,31,40,0
2026-07-27 21:12:23,34,31,39,0
2026-07-27 21:12:24,34,31,40,0
2026-07-27 21:12:25,34,31,39,0
2026-07-27 21:12:26,34,30,40,0
2026-07-27 21:12:27,34,30,40,0
2026-07-27 21:12:28,34,30,40,0
2026-07-27 21:12:29,34,31,40,0
2026-07-27 21:12:30,34,31,39,0
2026-07-27 21:12:31,34,31,40,0
2026-07-27 21:12:32,34,30,40,0
2026-07-27 21:12:33,34,31,40,0
2026-07-27 21:12:34,34,31,40,0
2026-07-27 21:12:36,34,31,40,0
2026-07-27 21:12:36,34,31,40,0
2026-07-27 21:12:37,34,31,40,0
2026-07-27 21:12:38,34,31,40,0
2026-07-27 21:12:39,34,30,40,0
2026-07-27 21:12:40,34,31,40,0
2026-07-27 21:12:41,34,31,40,0
2026-07-27 21:12:43,34,31,40,0
2026-07-27 21:12:43,34,31,40,0
2026-07-27 21:12:44,34,31,40,0
2026-07-27 21:12:45,34,31,40,0
2026-07-27 21:12:46,34,31,40,0
2026-07-27 21:12:47,34,31,40,0
2026-07-27 21:12:48,34,31,40,0
2026-07-27 21:12:49,34,31,40,0
2026-07-27 21:12:50,34,31,40,0
2026-07-27 21:12:51,34,30,40,0
2026-07-27 21:12:53,34,31,40,0
2026-07-27 21:12:53,34,31,40,0
2026-07-27 21:12:54,34,31,40,0
2026-07-27 21:12:55,34,31,40,0
2026-07-27 21:12:57,34,31,40,0
2026-07-27 21:12:57,34,31,40,0
2026-07-27 21:12:58,34,31,40,0
2026-07-27 21:12:59,34,31,40,0
2026-07-27 21:13:00,34,31,40,0
2026-07-27 21:13:01,34,31,40,0
2026-07-27 21:13:02,34,30,40,0
2026-07-27 21:13:03,34,30,40,0
2026-07-27 21:13:04,34,31,40,0
2026-07-27 21:13:05,34,30,40,0
2026-07-27 21:13:06,34,31,40,0
2026-07-27 21:13:07,34,31,40,0
2026-07-27 21:13:08,34,31,40,0
2026-07-27 21:13:10,34,31,40,0
2026-07-27 21:13:10,34,30,40,0
2026-07-27 21:13:11,34,31,40,0
2026-07-27 21:13:12,34,30,40,0
2026-07-27 21:13:13,34,31,40,0
2026-07-27 21:13:14,34,31,39,0
2026-07-27 21:13:15,34,31,40,0
2026-07-27 21:13:16,34,31,40,0
2026-07-27 21:13:17,34,31,40,0
2026-07-27 21:13:18,34,31,40,0
2026-07-27 21:13:19,34,31,40,0
2026-07-27 21:13:20,34,31,40,0
2026-07-27 21:13:21,34,31,40,0
2026-07-27 21:13:22,34,31,40,0
2026-07-27 21:13:23,34,31,39,0
2026-07-27 21:13:24,34,31,40,0
2026-07-27 21:13:25,34,31,40,0
2026-07-27 21:13:27,34,31,39,0
2026-07-27 21:13:27,34,31,40,0
2026-07-27 21:13:28,34,31,40,0
2026-07-27 21:13:29,34,31,40,0
2026-07-27 21:13:30,34,31,40,0
2026-07-27 21:13:31,34,31,40,0
2026-07-27 21:13:32,34,31,40,0
2026-07-27 21:13:33,34,31,40,0
2026-07-27 21:13:34,34,31,40,0
2026-07-27 21:13:36,34,31,40,0
2026-07-27 21:13:36,34,31,40,0
2026-07-27 21:13:37,34,31,40,0
2026-07-27 21:13:38,34,31,40,0
2026-07-27 21:13:39,34,30,40,0
2026-07-27 21:13:40,34,31,39,0
2026-07-27 21:13:41,34,31,40,0
2026-07-27 21:13:43,34,31,40,0
2026-07-27 21:13:44,34,31,40,0
2026-07-27 21:13:44,34,31,40,0
2026-07-27 21:13:45,34,31,40,0
2026-07-27 21:13:46,34,31,40,0
2026-07-27 21:13:48,34,30,40,0
2026-07-27 21:13:48,34,31,40,0
2026-07-27 21:13:49,34,31,40,0
2026-07-27 21:13:50,34,31,40,0
2026-07-27 21:13:51,34,31,40,0
2026-07-27 21:13:52,34,31,40,0
2026-07-27 21:13:53,34,31,40,0
2026-07-27 21:13:54,34,31,40,0
2026-07-27 21:13:55,34,30,40,0
2026-07-27 21:13:57,34,30,39,0
2026-07-27 21:13:57,34,31,40,0
2026-07-27 21:13:58,34,31,40,0
2026-07-27 21:13:59,34,30,40,0
2026-07-27 21:14:01,34,31,40,0
2026-07-27 21:14:01,34,31,39,0
2026-07-27 21:14:02,34,30,39,0
2026-07-27 21:14:03,34,31,40,0
2026-07-27 21:14:04,34,31,40,0
2026-07-27 21:14:05,34,31,40,0
2026-07-27 21:14:06,34,31,40,0
2026-07-27 21:14:07,34,30,40,0
2026-07-27 21:14:08,34,31,40,0
2026-07-27 21:14:10,34,31,40,0
2026-07-27 21:14:10,34,31,40,0
2026-07-27 21:14:11,34,31,40,0
2026-07-27 21:14:12,34,31,40,0
2026-07-27 21:14:14,34,31,40,0
2026-07-27 21:14:14,34,31,40,0
2026-07-27 21:14:15,34,31,40,0
2026-07-27 21:14:16,34,31,40,0
2026-07-27 21:14:17,34,30,40,0
2026-07-27 21:14:18,34,31,39,0
2026-07-27 21:14:19,34,31,40,0
2026-07-27 21:14:20,34,31,40,0
2026-07-27 21:14:21,34,31,40,0
2026-07-27 21:14:22,34,31,40,0
2026-07-27 21:14:23,34,31,40,0
2026-07-27 21:14:24,34,31,40,0
2026-07-27 21:14:25,34,31,39,0
2026-07-27 21:14:26,34,31,40,0
2026-07-27 21:14:27,34,31,40,0
2026-07-27 21:14:28,34,31,40,0
2026-07-27 21:14:29,34,31,40,0
2026-07-27 21:14:31,34,31,40,0
2026-07-27 21:14:31,34,31,40,0
2026-07-27 21:14:32,34,31,40,0
2026-07-27 21:14:33,34,31,40,0
2026-07-27 21:14:34,34,31,40,0
2026-07-27 21:14:35,34,30,39,0
2026-07-27 21:14:36,34,31,40,0
2026-07-27 21:14:37,34,31,40,0
2026-07-27 21:14:38,34,31,39,0
2026-07-27 21:14:39,34,30,40,0
2026-07-27 21:14:40,34,31,40,0
2026-07-27 21:14:41,34,31,40,0
2026-07-27 21:14:43,34,30,40,0
2026-07-27 21:14:44,34,31,40,0
2026-07-27 21:14:44,34,31,40,0
2026-07-27 21:14:45,34,30,40,0
2026-07-27 21:14:46,34,30,40,0
2026-07-27 21:14:48,34,30,40,0
2026-07-27 21:14:48,34,31,40,0
2026-07-27 21:14:49,34,31,39,0
2026-07-27 21:14:50,34,30,40,0
2026-07-27 21:14:51,34,31,40,0
2026-07-27 21:14:52,34,30,40,0
2026-07-27 21:14:53,34,31,40,0
2026-07-27 21:14:54,34,31,40,0
2026-07-27 21:14:55,34,31,40,0
2026-07-27 21:14:56,34,31,40,0
2026-07-27 21:14:57,34,31,40,0
2026-07-27 21:14:58,34,31,40,0
2026-07-27 21:14:59,34,31,40,0
2026-07-27 21:15:01,34,31,40,0
2026-07-27 21:15:01,34,31,40,0
2026-07-27 21:15:02,34,31,40,0
2026-07-27 21:15:03,34,31,40,0
2026-07-27 21:15:05,34,31,40,0
2026-07-27 21:15:05,34,30,40,0
2026-07-27 21:15:06,34,31,40,0
2026-07-27 21:15:07,34,31,40,0
2026-07-27 21:15:08,34,31,40,0
2026-07-27 21:15:09,34,31,40,0
2026-07-27 21:15:10,34,31,40,0
2026-07-27 21:15:11,34,31,40,0
2026-07-27 21:15:12,34,31,40,0
2026-07-27 21:15:13,34,31,40,0
2026-07-27 21:15:14,34,31,40,0
2026-07-27 21:15:15,34,31,40,0
2026-07-27 21:15:16,34,31,40,0
2026-07-27 21:15:18,34,31,40,0
2026-07-27 21:15:18,34,31,40,0
2026-07-27 21:15:19,34,31,40,0
2026-07-27 21:15:20,34,31,40,0
2026-07-27 21:15:21,34,31,40,0
2026-07-27 21:15:22,34,31,39,0
2026-07-27 21:15:23,34,31,39,0
2026-07-27 21:15:24,34,31,40,0
2026-07-27 21:15:25,34,31,40,0
2026-07-27 21:15:27,34,31,40,0
2026-07-27 21:15:27,34,31,39,0
2026-07-27 21:15:28,34,31,40,0
2026-07-27 21:15:29,34,31,40,0
2026-07-27 21:15:31,34,31,39,0
2026-07-27 21:15:31,34,31,40,0
2026-07-27 21:15:32,34,31,39,0
2026-07-27 21:15:33,34,31,40,0
2026-07-27 21:15:35,34,31,40,0
2026-07-27 21:15:35,34,31,40,0
2026-07-27 21:15:36,34,31,40,0
2026-07-27 21:15:37,34,31,40,0
2026-07-27 21:15:38,34,31,40,0
2026-07-27 21:15:39,34,31,40,0
2026-07-27 21:15:40,34,31,39,0
2026-07-27 21:15:41,34,31,40,0
2026-07-27 21:15:43,34,31,40,0
2026-07-27 21:15:44,34,31,39,0
2026-07-27 21:15:44,34,31,39,0
2026-07-27 21:15:45,34,31,40,0
2026-07-27 21:15:46,34,31,40,0
2026-07-27 21:15:48,34,30,40,0
2026-07-27 21:15:48,34,31,39,0
2026-07-27 21:15:49,34,31,40,0
2026-07-27 21:15:50,34,30,40,0
2026-07-27 21:15:52,34,31,40,0
2026-07-27 21:15:52,34,31,40,0
2026-07-27 21:15:53,34,31,40,0
2026-07-27 21:15:54,34,31,40,0
2026-07-27 21:15:55,34,31,40,0
2026-07-27 21:15:56,34,31,40,0
2026-07-27 21:15:57,34,31,40,0
2026-07-27 21:15:58,34,31,40,0
2026-07-27 21:15:59,34,31,40,0
2026-07-27 21:16:01,34,30,39,0
2026-07-27 21:16:01,34,31,40,0
2026-07-27 21:16:02,34,31,40,0
2026-07-27 21:16:03,34,31,40,0
2026-07-27 21:16:05,34,31,40,0
2026-07-27 21:16:05,34,30,40,0
2026-07-27 21:16:06,34,31,40,0
2026-07-27 21:16:07,34,31,40,0
2026-07-27 21:16:09,34,31,40,0
2026-07-27 21:16:09,34,31,40,0
2026-07-27 21:16:10,34,31,39,0
2026-07-27 21:16:11,34,31,40,0
2026-07-27 21:16:13,34,31,40,0
2026-07-27 21:16:13,34,31,39,0
2026-07-27 21:16:14,34,31,40,0
2026-07-27 21:16:15,34,31,40,0
2026-07-27 21:16:16,34,30,40,0
2026-07-27 21:16:17,34,31,40,0
2026-07-27 21:16:18,34,31,39,0
2026-07-27 21:16:19,34,31,39,0
2026-07-27 21:16:20,34,31,40,0
2026-07-27 21:16:22,34,31,39,0
2026-07-27 21:16:22,34,31,40,0
2026-07-27 21:16:23,34,31,40,0
2026-07-27 21:16:24,34,31,40,0
2026-07-27 21:16:25,34,31,40,0
2026-07-27 21:16:26,34,30,40,0
2026-07-27 21:16:27,34,31,40,0
2026-07-27 21:16:28,34,31,40,0
2026-07-27 21:16:29,34,31,40,0
2026-07-27 21:16:30,34,30,40,0
2026-07-27 21:16:31,34,31,40,0
2026-07-27 21:16:32,34,31,39,0
2026-07-27 21:16:33,34,31,40,0
2026-07-27 21:16:35,34,31,40,0
2026-07-27 21:16:35,34,31,40,0
2026-07-27 21:16:36,34,31,40,0
2026-07-27 21:16:37,34,31,40,0
2026-07-27 21:16:39,34,31,40,0
2026-07-27 21:16:39,34,31,39,0
2026-07-27 21:16:40,34,31,39,0
2026-07-27 21:16:41,34,31,40,0
2026-07-27 21:16:43,34,30,40,0
2026-07-27 21:16:43,34,31,40,0
2026-07-27 21:16:44,34,31,40,0
2026-07-27 21:16:45,34,31,39,0
2026-07-27 21:16:46,34,31,39,0
2026-07-27 21:16:48,34,31,39,0
2026-07-27 21:16:48,34,30,40,0
2026-07-27 21:16:49,34,31,39,0
2026-07-27 21:16:50,34,31,40,0
2026-07-27 21:16:52,34,31,39,0
2026-07-27 21:16:52,34,31,40,0
2026-07-27 21:16:53,34,31,40,0
2026-07-27 21:16:54,34,31,39,0
2026-07-27 21:16:55,34,30,40,0
2026-07-27 21:16:56,34,31,39,0
2026-07-27 21:16:57,34,31,40,0
2026-07-27 21:16:58,34,31,39,0
2026-07-27 21:17:00,34,31,39,0
2026-07-27 21:17:00,34,31,40,0
2026-07-27 21:17:01,34,30,40,0
2026-07-27 21:17:02,34,31,40,0
2026-07-27 21:17:03,34,31,40,0
2026-07-27 21:17:05,34,31,39,0
2026-07-27 21:17:05,34,31,40,0
2026-07-27 21:17:06,34,30,39,0
2026-07-27 21:17:07,34,31,40,0
2026-07-27 21:17:09,34,31,40,0
2026-07-27 21:17:09,34,31,39,0
2026-07-27 21:17:10,34,30,40,0
2026-07-27 21:17:11,34,31,40,0
2026-07-27 21:17:13,34,30,39,0
2026-07-27 21:17:13,34,30,40,0
2026-07-27 21:17:14,34,31,40,0
2026-07-27 21:17:15,34,31,40,0
2026-07-27 21:17:17,34,31,40,0
2026-07-27 21:17:18,34,31,40,0
2026-07-27 21:17:18,34,31,40,0
2026-07-27 21:17:19,34,31,40,0
2026-07-27 21:17:20,34,31,40,0
2026-07-27 21:17:22,34,31,40,0
2026-07-27 21:17:22,34,31,39,0
2026-07-27 21:17:23,34,31,40,0
2026-07-27 21:17:24,34,30,40,0
2026-07-27 21:17:26,34,31,39,0
2026-07-27 21:17:26,34,31,39,0
2026-07-27 21:17:27,34,31,39,0
2026-07-27 21:17:28,34,31,40,0
2026-07-27 21:17:30,34,31,39,0
2026-07-27 21:17:30,34,30,39,0
2026-07-27 21:17:31,34,31,40,0
2026-07-27 21:17:32,34,31,40,0
2026-07-27 21:17:33,34,30,40,0
2026-07-27 21:17:34,34,30,39,0
2026-07-27 21:17:35,34,31,40,0
2026-07-27 21:17:37,34,31,40,0
2026-07-27 21:17:37,34,31,39,0
2026-07-27 21:17:39,34,31,40,0
2026-07-27 21:17:39,34,31,40,0
2026-07-27 21:17:40,34,31,40,0
2026-07-27 21:17:41,34,30,39,0
2026-07-27 21:17:43,34,31,40,0
2026-07-27 21:17:43,34,31,40,0
2026-07-27 21:17:44,34,31,40,0
2026-07-27 21:17:45,34,31,40,0
2026-07-27 21:17:47,34,31,40,0
2026-07-27 21:17:47,34,30,40,0
2026-07-27 21:17:48,34,31,40,0
2026-07-27 21:17:49,34,31,40,0
2026-07-27 21:17:50,34,30,40,0
2026-07-27 21:17:52,34,31,40,0
2026-07-27 21:17:52,34,31,40,0
2026-07-27 21:17:53,34,31,40,0
2026-07-27 21:17:54,34,31,40,0
2026-07-27 21:17:56,34,31,40,0
2026-07-27 21:17:56,34,31,40,0
2026-07-27 21:17:57,34,30,39,0
2026-07-27 21:17:58,34,31,40,0
2026-07-27 21:18:00,34,31,40,0
2026-07-27 21:18:01,34,31,40,0
2026-07-27 21:18:01,34,31,40,0
2026-07-27 21:18:02,34,31,39,0
2026-07-27 21:18:04,34,31,40,0
2026-07-27 21:18:04,34,31,40,0
2026-07-27 21:18:05,34,31,39,0
2026-07-27 21:18:06,34,31,40,0
2026-07-27 21:18:07,34,31,40,0
2026-07-27 21:18:09,34,31,40,0
2026-07-27 21:18:09,34,31,39,0
2026-07-27 21:18:10,34,31,40,0
2026-07-27 21:18:11,34,31,40,0
2026-07-27 21:18:13,34,31,40,0
2026-07-27 21:18:13,34,30,39,0
2026-07-27 21:18:14,34,31,40,0
2026-07-27 21:18:15,34,31,40,0
2026-07-27 21:18:17,34,31,39,0
2026-07-27 21:18:17,34,31,40,0
2026-07-27 21:18:18,34,30,39,0
2026-07-27 21:18:19,34,31,40,0
2026-07-27 21:18:21,34,30,40,0
2026-07-27 21:18:21,34,31,40,0
2026-07-27 21:18:22,34,30,40,0
2026-07-27 21:18:23,34,31,40,0
2026-07-27 21:18:25,34,31,40,0
2026-07-27 21:18:26,34,30,40,0
2026-07-27 21:18:26,34,30,40,0
2026-07-27 21:18:27,34,31,39,0
2026-07-27 21:18:28,34,31,40,0
2026-07-27 21:18:30,34,31,39,0
2026-07-27 21:18:30,34,31,40,0
2026-07-27 21:18:31,34,31,39,0
2026-07-27 21:18:32,34,31,40,0
2026-07-27 21:18:34,34,31,40,0
2026-07-27 21:18:34,34,31,40,0
2026-07-27 21:18:35,34,31,40,0
2026-07-27 21:18:36,34,31,39,0
2026-07-27 21:18:38,34,31,39,0
2026-07-27 21:18:39,34,31,39,0
2026-07-27 21:18:39,34,31,39,0
2026-07-27 21:18:40,34,30,40,0
2026-07-27 21:18:41,34,31,40,0
2026-07-27 21:18:43,34,31,40,0
2026-07-27 21:18:43,34,31,40,0
2026-07-27 21:18:44,34,30,40,0
2026-07-27 21:18:45,34,31,39,0
2026-07-27 21:18:47,34,31,40,0
2026-07-27 21:18:47,34,31,40,0
2026-07-27 21:18:48,34,31,40,0
2026-07-27 21:18:49,34,31,40,0
2026-07-27 21:18:51,34,30,40,0
2026-07-27 21:18:51,34,31,39,0
2026-07-27 21:18:52,34,31,40,0
2026-07-27 21:18:53,34,31,40,0
2026-07-27 21:18:55,34,30,40,0
2026-07-27 21:18:56,34,31,40,0
2026-07-27 21:18:56,34,31,40,0
2026-07-27 21:18:57,34,30,40,0
2026-07-27 21:18:58,34,30,39,0
2026-07-27 21:19:00,34,30,39,0
2026-07-27 21:19:01,34,30,40,0
2026-07-27 21:19:01,34,30,40,0
2026-07-27 21:19:02,34,31,40,0
2026-07-27 21:19:04,34,30,40,0
2026-07-27 21:19:04,34,30,40,0
2026-07-27 21:19:05,34,30,40,0
2026-07-27 21:19:06,34,31,39,0
2026-07-27 21:19:08,34,31,40,0
2026-07-27 21:19:08,34,31,40,0
2026-07-27 21:19:09,34,31,39,0
2026-07-27 21:19:10,34,31,40,0
2026-07-27 21:19:11,34,31,40,0
2026-07-27 21:19:13,34,30,39,0
2026-07-27 21:19:13,34,31,39,0
2026-07-27 21:19:14,34,30,39,0
2026-07-27 21:19:15,34,30,40,0
2026-07-27 21:19:17,34,31,39,0
2026-07-27 21:19:17,34,30,39,0
2026-07-27 21:19:18,34,31,40,0
2026-07-27 21:19:19,34,31,40,0
2026-07-27 21:19:21,34,31,39,0
2026-07-27 21:19:21,34,30,39,0
2026-07-27 21:19:22,34,31,39,0
2026-07-27 21:19:23,34,31,40,0
2026-07-27 21:19:25,34,30,39,0
2026-07-27 21:19:25,34,30,40,0
2026-07-27 21:19:26,34,30,40,0
2026-07-27 21:19:27,34,31,39,0
2026-07-27 21:19:28,34,31,40,0
2026-07-27 21:19:30,34,31,39,0
2026-07-27 21:19:30,34,31,39,0
2026-07-27 21:19:31,34,31,39,0
2026-07-27 21:19:32,34,31,40,0
2026-07-27 21:19:34,34,30,40,0
2026-07-27 21:19:34,34,30,40,0
2026-07-27 21:19:35,34,30,39,0
2026-07-27 21:19:36,34,30,40,0
2026-07-27 21:19:38,34,31,40,0
2026-07-27 21:19:39,34,31,39,0
2026-07-27 21:19:39,34,31,40,0
2026-07-27 21:19:40,34,31,40,0
2026-07-27 21:19:42,34,31,39,0
2026-07-27 21:19:43,34,31,39,0
2026-07-27 21:19:43,34,31,39,0
2026-07-27 21:19:44,34,31,40,0
2026-07-27 21:19:45,34,30,40,0
2026-07-27 21:19:47,34,30,39,0
2026-07-27 21:19:47,34,30,40,0
2026-07-27 21:19:48,33,31,40,0
2026-07-27 21:19:49,34,30,39,0
2026-07-27 21:19:51,34,31,39,0
2026-07-27 21:19:51,33,30,39,0
2026-07-27 21:19:52,34,31,39,0
2026-07-27 21:19:53,34,30,39,0
2026-07-27 21:19:55,34,31,39,0
2026-07-27 21:19:55,34,30,39,0
2026-07-27 21:19:56,34,31,39,0
2026-07-27 21:19:57,34,31,40,0
2026-07-27 21:19:59,34,31,40,0
2026-07-27 21:20:00,34,31,39,0
2026-07-27 21:20:00,34,31,40,0
2026-07-27 21:20:01,34,31,39,0
2026-07-27 21:20:02,34,31,39,0
2026-07-27 21:20:04,34,30,39,0
2026-07-27 21:20:04,34,31,40,0
2026-07-27 21:20:05,34,30,39,0
2026-07-27 21:20:06,34,31,40,0
2026-07-27 21:20:08,34,31,39,0
2026-07-27 21:20:08,34,31,39,0
2026-07-27 21:20:09,34,31,39,0
2026-07-27 21:20:10,34,31,39,0
2026-07-27 21:20:12,34,30,39,0
2026-07-27 21:20:13,34,31,39,0
2026-07-27 21:20:13,34,31,40,0
2026-07-27 21:20:14,34,30,40,0
2026-07-27 21:20:15,34,31,40,0
2026-07-27 21:20:17,34,31,40,0
2026-07-27 21:20:17,34,31,39,0
2026-07-27 21:20:18,34,31,40,0
2026-07-27 21:20:19,34,30,39,0
2026-07-27 21:20:21,34,30,40,0
2026-07-27 21:20:21,34,30,40,0
2026-07-27 21:20:22,34,30,40,0
2026-07-27 21:20:23,34,30,40,0
2026-07-27 21:20:25,34,31,39,0
2026-07-27 21:20:25,34,31,40,0
2026-07-27 21:20:26,34,30,39,0
2026-07-27 21:20:27,34,30,39,0
2026-07-27 21:20:29,34,31,40,0
2026-07-27 21:20:30,34,31,40,0
2026-07-27 21:20:30,34,30,39,0
2026-07-27 21:20:31,34,31,40,0
2026-07-27 21:20:32,34,30,40,0
2026-07-27 21:20:34,34,30,39,0
2026-07-27 21:20:34,34,31,39,0
2026-07-27 21:20:35,34,31,39,0
2026-07-27 21:20:36,34,30,40,0
2026-07-27 21:20:38,34,31,40,0
2026-07-27 21:20:38,34,31,40,0
2026-07-27 21:20:39,34,31,40,0
2026-07-27 21:20:41,34,30,40,0
2026-07-27 21:20:42,34,30,40,0
2026-07-27 21:20:42,34,31,40,0
2026-07-27 21:20:43,34,31,40,0
2026-07-27 21:20:44,34,31,40,0
2026-07-27 21:20:46,34,30,40,0
2026-07-27 21:20:47,33,31,39,0
2026-07-27 21:20:47,34,31,39,0
2026-07-27 21:20:48,34,31,40,0
2026-07-27 21:20:49,34,31,39,0
2026-07-27 21:20:51,34,31,40,0
2026-07-27 21:20:51,34,31,40,0
2026-07-27 21:20:52,34,31,39,0
2026-07-27 21:20:53,34,31,39,0
2026-07-27 21:20:55,34,31,40,0
2026-07-27 21:20:55,34,31,39,0
2026-07-27 21:20:56,34,31,40,0
2026-07-27 21:20:57,34,31,39,0
2026-07-27 21:20:59,34,31,40,0
2026-07-27 21:20:59,34,31,39,0
2026-07-27 21:21:00,34,30,39,0
2026-07-27 21:21:01,34,31,40,0
2026-07-27 21:21:03,34,31,40,0
2026-07-27 21:21:04,34,31,39,0
2026-07-27 21:21:04,34,31,39,0
2026-07-27 21:21:05,34,31,40,0
2026-07-27 21:21:06,34,31,39,0
2026-07-27 21:21:08,34,31,39,0
2026-07-27 21:21:08,34,31,39,0
2026-07-27 21:21:09,34,31,40,0
2026-07-27 21:21:10,34,30,40,0
2026-07-27 21:21:12,34,31,40,0
2026-07-27 21:21:12,34,31,39,0
2026-07-27 21:21:13,34,31,39,0
2026-07-27 21:21:14,34,31,40,0
2026-07-27 21:21:16,34,31,40,0
2026-07-27 21:21:17,34,31,40,0
2026-07-27 21:21:17,34,31,39,0
2026-07-27 21:21:18,34,31,40,0
2026-07-27 21:21:20,34,31,40,0
2026-07-27 21:21:21,34,30,40,0
2026-07-27 21:21:21,34,30,39,0
2026-07-27 21:21:22,34,30,40,0
2026-07-27 21:21:23,34,31,39,0
2026-07-27 21:21:25,34,31,40,0
2026-07-27 21:21:25,34,31,40,0
2026-07-27 21:21:26,34,31,40,0
2026-07-27 21:21:27,34,31,40,0
2026-07-27 21:21:29,34,31,39,0
2026-07-27 21:21:29,34,31,40,0
2026-07-27 21:21:31,34,30,40,0
2026-07-27 21:21:31,34,31,40,0
2026-07-27 21:21:33,34,31,40,0
2026-07-27 21:21:34,34,31,39,0
2026-07-27 21:21:34,34,30,40,0
2026-07-27 21:21:35,34,30,39,0
2026-07-27 21:21:37,34,30,40,0
2026-07-27 21:21:38,34,31,40,0
2026-07-27 21:21:38,34,31,39,0
2026-07-27 21:21:39,34,31,40,0
2026-07-27 21:21:40,34,31,39,0
2026-07-27 21:21:42,34,30,40,0
2026-07-27 21:21:43,34,30,40,0
2026-07-27 21:21:43,34,31,39,0
2026-07-27 21:21:44,34,31,39,0
2026-07-27 21:21:46,34,31,40,0
2026-07-27 21:21:47,34,31,40,0
2026-07-27 21:21:47,34,31,39,0
2026-07-27 21:21:48,34,31,40,0
2026-07-27 21:21:50,34,31,39,0
2026-07-27 21:21:51,34,31,40,0
2026-07-27 21:21:51,34,31,39,0
2026-07-27 21:21:52,34,30,40,0
2026-07-27 21:21:54,34,31,40,0
2026-07-27 21:21:55,34,31,40,0
2026-07-27 21:21:55,34,31,40,0
2026-07-27 21:21:56,34,31,40,0
2026-07-27 21:21:57,34,30,39,0
2026-07-27 21:21:59,34,31,40,0
2026-07-27 21:21:59,34,31,39,0
2026-07-27 21:22:00,34,30,39,0
2026-07-27 21:22:01,34,31,40,0
2026-07-27 21:22:03,34,31,40,0
2026-07-27 21:22:03,34,31,40,0
2026-07-27 21:22:04,34,30,40,0
2026-07-27 21:22:05,34,31,40,0
2026-07-27 21:22:06,34,31,40,0
2026-07-27 21:22:08,34,31,40,0
2026-07-27 21:22:08,34,31,40,0
2026-07-27 21:22:09,34,31,40,0
2026-07-27 21:22:11,34,30,40,0
2026-07-27 21:22:12,34,31,39,0
2026-07-27 21:22:12,34,31,39,0
2026-07-27 21:22:13,34,31,39,0
2026-07-27 21:22:14,34,31,40,0
2026-07-27 21:22:16,34,31,39,0
2026-07-27 21:22:16,34,31,39,0
2026-07-27 21:22:17,34,31,40,0
2026-07-27 21:22:18,34,30,39,0
2026-07-27 21:22:20,34,31,39,0
2026-07-27 21:22:21,34,31,39,0
2026-07-27 21:22:21,34,31,40,0
2026-07-27 21:22:22,34,31,40,0
2026-07-27 21:22:24,34,30,40,0
2026-07-27 21:22:25,34,31,40,0
2026-07-27 21:22:25,34,31,39,0
2026-07-27 21:22:26,34,31,40,0
2026-07-27 21:22:27,34,30,40,0
2026-07-27 21:22:29,34,31,40,0
2026-07-27 21:22:29,34,31,40,0
2026-07-27 21:22:30,34,31,40,0
2026-07-27 21:22:31,34,31,40,0
2026-07-27 21:22:33,34,31,40,0
2026-07-27 21:22:34,34,31,40,0
2026-07-27 21:22:34,34,31,40,0
2026-07-27 21:22:35,34,31,40,0
2026-07-27 21:22:37,34,31,40,0
2026-07-27 21:22:38,34,31,40,0
2026-07-27 21:22:38,34,31,40,0
2026-07-27 21:22:39,34,31,40,0
2026-07-27 21:22:41,34,31,40,0
2026-07-27 21:22:42,34,31,39,0
2026-07-27 21:22:42,34,31,39,0
2026-07-27 21:22:43,34,31,40,0
2026-07-27 21:22:44,34,30,40,0
2026-07-27 21:22:46,34,30,40,0
2026-07-27 21:22:46,34,31,40,0
2026-07-27 21:22:47,34,31,39,0
2026-07-27 21:22:48,34,31,39,0
2026-07-27 21:22:50,34,31,40,0
2026-07-27 21:22:50,34,31,40,0
2026-07-27 21:22:51,34,31,40,0
2026-07-27 21:22:52,34,30,40,0
2026-07-27 21:22:54,34,31,40,0
2026-07-27 21:22:55,34,31,39,0
2026-07-27 21:22:55,34,31,40,0
2026-07-27 21:22:56,34,31,40,0
2026-07-27 21:22:57,34,30,40,0
2026-07-27 21:22:59,34,30,40,0
2026-07-27 21:22:59,34,31,39,0
2026-07-27 21:23:00,34,31,40,0
2026-07-27 21:23:01,34,30,39,0
2026-07-27 21:23:03,34,31,40,0
2026-07-27 21:23:03,34,31,40,0
2026-07-27 21:23:04,34,30,40,0
2026-07-27 21:23:05,34,30,40,0
2026-07-27 21:23:07,34,30,40,0
2026-07-27 21:23:08,34,31,40,0
2026-07-27 21:23:08,34,31,39,0
2026-07-27 21:23:09,34,31,40,0
2026-07-27 21:23:11,34,30,40,0
2026-07-27 21:23:12,34,31,40,0
2026-07-27 21:23:12,34,31,40,0
2026-07-27 21:23:13,34,30,39,0
2026-07-27 21:23:14,34,31,40,0
2026-07-27 21:23:16,34,31,40,0
2026-07-27 21:23:16,34,30,40,0
2026-07-27 21:23:17,34,31,39,0
2026-07-27 21:23:18,34,31,39,0
2026-07-27 21:23:20,34,31,40,0
2026-07-27 21:23:20,34,30,39,0
2026-07-27 21:23:21,34,31,40,0
2026-07-27 21:23:22,34,30,40,0
2026-07-27 21:23:24,34,31,40,0
2026-07-27 21:23:25,34,31,39,0
2026-07-27 21:23:25,34,30,39,0
2026-07-27 21:23:26,34,31,40,0
2026-07-27 21:23:28,34,31,40,0
2026-07-27 21:23:29,34,31,40,0
2026-07-27 21:23:29,34,30,40,0
2026-07-27 21:23:30,34,31,40,0
2026-07-27 21:23:31,34,31,40,0
2026-07-27 21:23:33,34,31,39,0
2026-07-27 21:23:33,34,30,40,0
2026-07-27 21:23:34,34,30,40,0
2026-07-27 21:23:35,34,30,39,0
2026-07-27 21:23:37,34,31,40,0
2026-07-27 21:23:38,34,31,40,0
2026-07-27 21:23:38,34,31,40,0
2026-07-27 21:23:39,34,31,40,0
2026-07-27 21:23:41,34,31,40,0
2026-07-27 21:23:42,34,31,40,0
2026-07-27 21:23:42,34,31,40,0
2026-07-27 21:23:43,34,30,40,0
2026-07-27 21:23:44,34,31,39,0
2026-07-27 21:23:46,34,31,40,0
2026-07-27 21:23:46,34,31,40,0
2026-07-27 21:23:47,34,31,39,0
2026-07-27 21:23:48,34,31,40,0
2026-07-27 21:23:50,34,30,39,0
2026-07-27 21:23:50,34,31,40,0
2026-07-27 21:23:51,34,31,40,0
2026-07-27 21:23:52,34,31,40,0
2026-07-27 21:23:54,34,31,40,0
2026-07-27 21:23:54,34,31,40,0
2026-07-27 21:23:55,34,31,40,0
2026-07-27 21:23:56,34,31,40,0
2026-07-27 21:23:58,34,31,39,0
2026-07-27 21:23:59,34,31,40,0
2026-07-27 21:23:59,34,31,39,0
2026-07-27 21:24:00,34,30,40,0
2026-07-27 21:24:01,34,31,40,0
2026-07-27 21:24:03,34,31,40,0
2026-07-27 21:24:03,34,30,40,0
2026-07-27 21:24:04,34,30,40,0
2026-07-27 21:24:05,34,31,39,0
2026-07-27 21:24:07,34,31,40,0
2026-07-27 21:24:07,34,31,39,0
2026-07-27 21:24:08,34,30,39,0
2026-07-27 21:24:09,34,31,40,0
2026-07-27 21:24:11,34,31,39,0
2026-07-27 21:24:12,34,31,40,0
2026-07-27 21:24:12,34,31,40,0
2026-07-27 21:24:13,34,31,40,0
2026-07-27 21:24:15,34,31,40,0
2026-07-27 21:24:16,34,31,39,0
2026-07-27 21:24:16,34,31,39,0
2026-07-27 21:24:17,34,31,40,0
2026-07-27 21:24:18,34,31,40,0
2026-07-27 21:24:20,34,31,39,0
2026-07-27 21:24:20,34,31,40,0
2026-07-27 21:24:21,34,31,39,0
2026-07-27 21:24:22,34,31,40,0
2026-07-27 21:24:24,34,30,40,0
2026-07-27 21:24:24,34,31,39,0
2026-07-27 21:24:25,34,31,40,0
2026-07-27 21:24:26,34,31,40,0
2026-07-27 21:24:28,34,31,40,0
2026-07-27 21:24:29,34,31,40,0
2026-07-27 21:24:29,34,31,40,0
2026-07-27 21:24:30,34,31,40,0
2026-07-27 21:24:31,34,30,40,0
2026-07-27 21:24:33,34,31,40,0
2026-07-27 21:24:33,34,31,39,0
2026-07-27 21:24:34,34,31,39,0
2026-07-27 21:24:35,34,31,40,0
2026-07-27 21:24:37,34,31,39,0
2026-07-27 21:24:37,34,31,40,0
2026-07-27 21:24:38,34,31,39,0
2026-07-27 21:24:39,34,30,40,0
2026-07-27 21:24:41,34,31,40,0
2026-07-27 21:24:41,34,30,40,0
2026-07-27 21:24:42,34,31,40,0
2026-07-27 21:24:43,34,31,39,0
2026-07-27 21:24:45,34,31,40,0
2026-07-27 21:24:46,34,31,40,0
2026-07-27 21:24:46,34,31,40,0
2026-07-27 21:24:47,34,31,40,0
2026-07-27 21:24:48,34,31,40,0
2026-07-27 21:24:50,34,31,40,0
2026-07-27 21:24:50,34,31,40,0
2026-07-27 21:24:51,34,31,40,0
2026-07-27 21:24:52,34,31,40,0
2026-07-27 21:24:54,34,30,40,0
2026-07-27 21:24:54,34,31,40,0
2026-07-27 21:24:55,34,30,40,0
2026-07-27 21:24:56,34,31,40,0
2026-07-27 21:24:58,34,30,40,0
2026-07-27 21:24:59,34,31,40,0
2026-07-27 21:24:59,34,31,40,0
2026-07-27 21:25:01,34,31,40,0
2026-07-27 21:25:01,34,31,40,0
2026-07-27 21:25:03,34,30,40,0
2026-07-27 21:25:04,34,31,40,0
2026-07-27 21:25:05,34,31,40,0
2026-07-27 21:25:08,34,30,40,0
2026-07-27 21:25:08,34,31,40,0
2026-07-27 21:25:08,34,30,40,0
2026-07-27 21:25:08,34,31,39,0
2026-07-27 21:25:09,34,31,40,0
2026-07-27 21:25:11,34,31,39,0
2026-07-27 21:25:11,34,31,40,0
2026-07-27 21:25:12,34,31,40,0
2026-07-27 21:25:13,34,31,40,0
2026-07-27 21:25:15,34,31,40,0
2026-07-27 21:25:16,34,30,40,0
2026-07-27 21:25:16,34,31,40,0
2026-07-27 21:25:17,34,31,40,0
2026-07-27 21:25:19,34,31,39,0
2026-07-27 21:25:20,34,31,39,0
2026-07-27 21:25:20,34,31,40,0
2026-07-27 21:25:21,34,31,40,0
2026-07-27 21:25:22,34,31,40,0
2026-07-27 21:25:24,34,30,40,0
2026-07-27 21:25:24,34,31,40,0
2026-07-27 21:25:28,34,31,40,0
2026-07-27 21:25:28,34,31,40,0
2026-07-27 21:25:28,34,31,40,0
2026-07-27 21:25:29,34,31,40,0
2026-07-27 21:25:29,34,31,40,0
2026-07-27 21:25:30,34,31,40,0
2026-07-27 21:25:32,34,30,40,0
2026-07-27 21:25:33,34,31,40,0
2026-07-27 21:25:33,34,31,40,0
2026-07-27 21:25:34,34,31,40,0
2026-07-27 21:25:36,34,30,40,0
2026-07-27 21:25:37,34,31,40,0
2026-07-27 21:25:37,34,31,40,0
2026-07-27 21:25:38,34,31,40,0
2026-07-27 21:25:39,34,31,39,0
2026-07-27 21:25:41,34,31,39,0
2026-07-27 21:25:41,34,31,39,0
2026-07-27 21:25:42,34,31,39,0
2026-07-27 21:25:43,34,31,40,0
2026-07-27 21:25:45,34,31,40,0
2026-07-27 21:25:46,34,31,40,0
2026-07-27 21:25:46,34,30,40,0
2026-07-27 21:25:47,34,31,40,0
2026-07-27 21:25:49,34,31,40,0
2026-07-27 21:25:50,34,30,40,0
2026-07-27 21:25:50,34,31,40,0
2026-07-27 21:25:51,34,31,40,0
2026-07-27 21:25:52,34,31,40,0
2026-07-27 21:25:54,34,31,40,0
2026-07-27 21:25:54,34,30,39,0
2026-07-27 21:25:55,34,31,40,0
2026-07-27 21:25:56,34,31,40,0
2026-07-27 21:25:58,34,31,40,0
2026-07-27 21:25:58,34,31,40,0
2026-07-27 21:25:59,34,31,40,0
2026-07-27 21:26:00,34,30,40,0
2026-07-27 21:26:02,34,30,40,0
2026-07-27 21:26:03,34,30,40,0
2026-07-27 21:26:03,34,31,40,0
2026-07-27 21:26:04,34,31,40,0
2026-07-27 21:26:06,34,31,40,0
2026-07-27 21:26:07,34,30,40,0
2026-07-27 21:26:07,34,31,40,0
2026-07-27 21:26:08,34,31,40,0
2026-07-27 21:26:09,34,31,40,0
2026-07-27 21:26:11,34,31,40,0
2026-07-27 21:26:11,34,31,40,0
2026-07-27 21:26:12,34,31,40,0
2026-07-27 21:26:13,34,31,39,0
2026-07-27 21:26:15,34,31,40,0
2026-07-27 21:26:15,34,30,39,0
2026-07-27 21:26:16,34,30,40,0
2026-07-27 21:26:17,34,31,40,0
2026-07-27 21:26:19,34,31,40,0
2026-07-27 21:26:20,34,31,40,0
2026-07-27 21:26:20,34,31,39,0
2026-07-27 21:26:21,34,31,39,0
2026-07-27 21:26:23,34,31,40,0
2026-07-27 21:26:24,34,31,40,0
2026-07-27 21:26:24,34,31,40,0
2026-07-27 21:26:25,34,31,39,0
2026-07-27 21:26:26,34,31,40,0
2026-07-27 21:26:28,34,30,40,0
2026-07-27 21:26:28,34,31,40,0
2026-07-27 21:26:29,34,31,39,0
2026-07-27 21:26:30,34,31,40,0
2026-07-27 21:26:32,34,30,40,0
2026-07-27 21:26:32,34,30,40,0
2026-07-27 21:26:33,34,31,39,0
2026-07-27 21:26:34,34,31,40,0
2026-07-27 21:26:36,34,31,40,0
2026-07-27 21:26:37,34,31,40,0
2026-07-27 21:26:37,34,30,40,0
2026-07-27 21:26:38,34,31,40,0
2026-07-27 21:26:40,34,31,39,0
2026-07-27 21:26:41,34,31,40,0
2026-07-27 21:26:41,34,31,39,0
2026-07-27 21:26:42,34,30,39,0
2026-07-27 21:26:43,34,30,40,0
2026-07-27 21:26:45,34,30,39,0
2026-07-27 21:26:45,34,30,40,0
2026-07-27 21:26:46,34,31,40,0
2026-07-27 21:26:47,34,31,40,0
2026-07-27 21:26:49,34,31,40,0
2026-07-27 21:26:50,34,31,40,0
2026-07-27 21:26:50,34,31,40,0
2026-07-27 21:26:51,34,30,40,0
2026-07-27 21:26:53,34,31,40,0
2026-07-27 21:26:54,33,31,40,0
2026-07-27 21:26:54,34,30,40,0
2026-07-27 21:26:55,34,30,40,0
2026-07-27 21:26:56,34,31,40,0
2026-07-27 21:26:58,34,31,40,0
2026-07-27 21:26:58,34,31,40,0
2026-07-27 21:26:59,34,31,40,0
2026-07-27 21:27:01,34,30,40,0
2026-07-27 21:27:02,34,31,40,0
2026-07-27 21:27:02,34,30,40,0
2026-07-27 21:27:03,34,31,40,0
2026-07-27 21:27:04,34,30,40,0
2026-07-27 21:27:06,34,30,39,0
2026-07-27 21:27:07,34,31,40,0
2026-07-27 21:27:07,34,31,39,0
2026-07-27 21:27:08,34,31,40,0
2026-07-27 21:27:10,34,30,40,0
2026-07-27 21:27:11,34,31,40,0
2026-07-27 21:27:11,34,31,40,0
2026-07-27 21:27:12,34,31,40,0
2026-07-27 21:27:13,34,31,40,0
2026-07-27 21:27:15,34,31,40,0
2026-07-27 21:27:15,34,31,40,0
2026-07-27 21:27:16,34,31,40,0
2026-07-27 21:27:17,34,30,39,0
2026-07-27 21:27:19,34,31,39,0
2026-07-27 21:27:19,34,31,40,0
2026-07-27 21:27:20,34,31,39,0
2026-07-27 21:27:21,34,31,40,0
2026-07-27 21:27:23,34,31,40,0
2026-07-27 21:27:24,34,30,39,0
2026-07-27 21:27:24,34,30,39,0
2026-07-27 21:27:25,34,31,40,0
2026-07-27 21:27:27,34,31,40,0
2026-07-27 21:27:28,34,31,40,0
2026-07-27 21:27:28,34,31,39,0
2026-07-27 21:27:29,34,31,40,0
2026-07-27 21:27:30,34,31,39,0
2026-07-27 21:27:32,34,31,40,0
2026-07-27 21:27:32,34,31,40,0
2026-07-27 21:27:33,34,31,39,0
2026-07-27 21:27:34,34,31,40,0
2026-07-27 21:27:36,34,31,40,0
2026-07-27 21:27:36,34,30,40,0
2026-07-27 21:27:37,34,31,40,0
2026-07-27 21:27:38,34,31,40,0
2026-07-27 21:27:40,34,31,40,0
2026-07-27 21:27:41,34,31,40,0
2026-07-27 21:27:41,34,30,40,0
2026-07-27 21:27:42,34,30,39,0
2026-07-27 21:27:44,34,31,39,0
2026-07-27 21:27:45,34,31,40,0
2026-07-27 21:27:45,34,31,40,0
2026-07-27 21:27:46,34,31,40,0
2026-07-27 21:27:47,34,31,40,0
2026-07-27 21:27:49,34,31,40,0
2026-07-27 21:27:49,34,31,40,0
2026-07-27 21:27:50,34,31,40,0
2026-07-27 21:27:51,34,31,40,0
2026-07-27 21:27:53,34,31,40,0
2026-07-27 21:27:54,34,31,40,0
2026-07-27 21:27:54,34,31,40,0
2026-07-27 21:27:55,34,31,40,0
2026-07-27 21:27:57,34,31,40,0
2026-07-27 21:27:58,34,31,40,0
2026-07-27 21:27:58,34,31,39,0
2026-07-27 21:27:59,34,31,39,0
2026-07-27 21:28:00,34,31,40,0
2026-07-27 21:28:02,34,31,39,0
2026-07-27 21:28:02,34,31,40,0
2026-07-27 21:28:03,34,30,40,0
2026-07-27 21:28:04,34,30,40,0
2026-07-27 21:28:06,34,31,40,0
2026-07-27 21:28:07,34,31,40,0
2026-07-27 21:28:07,34,30,40,0
2026-07-27 21:28:08,34,30,40,0
2026-07-27 21:28:10,34,30,39,0
2026-07-27 21:28:11,34,31,40,0
2026-07-27 21:28:11,34,31,40,0
2026-07-27 21:28:12,34,31,40,0
2026-07-27 21:28:14,34,31,39,0
2026-07-27 21:28:15,33,31,39,0
2026-07-27 21:28:15,34,31,40,0
2026-07-27 21:28:16,34,30,40,0
2026-07-27 21:28:18,34,31,40,0
2026-07-27 21:28:19,34,31,40,0
2026-07-27 21:28:19,34,31,40,0
2026-07-27 21:28:20,34,30,40,0
2026-07-27 21:28:21,34,31,40,0
2026-07-27 21:28:23,34,31,39,0
2026-07-27 21:28:24,34,31,40,0
2026-07-27 21:28:24,34,30,40,0
2026-07-27 21:28:25,34,30,40,0
2026-07-27 21:28:27,34,30,40,0
2026-07-27 21:28:28,34,31,40,0
2026-07-27 21:28:28,34,30,40,0
2026-07-27 21:28:29,34,31,40,0
2026-07-27 21:28:31,34,31,40,0
2026-07-27 21:28:32,34,31,40,0
2026-07-27 21:28:32,34,30,40,0
2026-07-27 21:28:33,34,31,40,0
2026-07-27 21:28:34,34,31,40,0
2026-07-27 21:28:36,34,31,40,0
2026-07-27 21:28:38,34,31,40,0
2026-07-27 21:28:38,34,31,40,0
2026-07-27 21:28:38,34,30,40,0
2026-07-27 21:28:40,34,30,39,0
2026-07-27 21:28:40,34,31,40,0
2026-07-27 21:28:41,34,31,40,0
2026-07-27 21:28:42,34,31,40,0
2026-07-27 21:28:44,34,31,40,0
2026-07-27 21:28:45,34,31,40,0
2026-07-27 21:28:45,34,30,40,0
2026-07-27 21:28:46,34,31,40,0
2026-07-27 21:28:48,34,31,40,0
2026-07-27 21:28:49,34,31,40,0
2026-07-27 21:28:49,34,30,40,0
2026-07-27 21:28:50,34,31,40,0
2026-07-27 21:28:51,34,31,39,0
2026-07-27 21:28:53,34,31,40,0
2026-07-27 21:28:53,34,31,40,0
2026-07-27 21:28:54,34,31,40,0
2026-07-27 21:28:55,34,31,40,0
2026-07-27 21:28:57,34,31,40,0
2026-07-27 21:28:58,34,31,40,0
2026-07-27 21:28:58,34,31,40,0
2026-07-27 21:28:59,34,31,40,0
2026-07-27 21:29:01,34,30,40,0
2026-07-27 21:29:02,34,31,40,0
2026-07-27 21:29:02,34,31,39,0
2026-07-27 21:29:03,34,31,39,0
2026-07-27 21:29:04,34,31,40,0
2026-07-27 21:29:06,34,31,39,0
2026-07-27 21:29:06,34,31,40,0
2026-07-27 21:29:07,34,31,40,0
2026-07-27 21:29:08,34,30,40,0
2026-07-27 21:29:10,34,31,40,0
2026-07-27 21:29:10,34,31,40,0
2026-07-27 21:29:11,34,31,40,0
2026-07-27 21:29:12,34,31,40,0
2026-07-27 21:29:14,34,31,40,0
2026-07-27 21:29:15,34,31,39,0
2026-07-27 21:29:15,34,31,40,0
2026-07-27 21:29:16,34,31,40,0
2026-07-27 21:29:18,34,30,40,0
2026-07-27 21:29:19,34,30,40,0
2026-07-27 21:29:19,34,31,40,0
2026-07-27 21:29:20,34,31,40,0
2026-07-27 21:29:21,34,30,40,0
2026-07-27 21:29:23,34,31,39,0
2026-07-27 21:29:23,34,31,40,0
2026-07-27 21:29:24,34,31,40,0
2026-07-27 21:29:25,34,31,40,0
2026-07-27 21:29:27,34,31,40,0
2026-07-27 21:29:27,34,31,40,0
2026-07-27 21:29:28,34,31,40,0
2026-07-27 21:29:29,34,30,40,0
2026-07-27 21:29:31,34,31,40,0
2026-07-27 21:29:32,34,31,40,0
2026-07-27 21:29:32,34,30,40,0
2026-07-27 21:29:33,34,31,40,0
2026-07-27 21:29:34,34,31,40,0
2026-07-27 21:29:36,34,30,40,0
2026-07-27 21:29:36,34,31,40,0
2026-07-27 21:29:37,34,31,40,0
2026-07-27 21:29:38,34,30,40,0
2026-07-27 21:29:40,34,31,40,0
2026-07-27 21:29:40,34,31,40,0
2026-07-27 21:29:41,34,31,40,0
2026-07-27 21:29:42,34,31,40,0
2026-07-27 21:29:44,34,31,40,0
2026-07-27 21:29:44,34,31,40,0
2026-07-27 21:29:45,34,31,40,0
2026-07-27 21:29:46,34,31,40,0
2026-07-27 21:29:48,34,31,40,0
2026-07-27 21:29:49,34,30,39,0
2026-07-27 21:29:49,34,31,40,0
2026-07-27 21:29:50,34,31,40,0
2026-07-27 21:29:52,34,30,40,0
2026-07-27 21:29:53,34,31,40,0
2026-07-27 21:29:53,33,30,40,0
2026-07-27 21:29:54,34,30,39,0
2026-07-27 21:29:55,34,31,40,0
2026-07-27 21:29:57,34,31,40,0
2026-07-27 21:29:57,34,31,40,0
2026-07-27 21:29:58,34,31,39,0
2026-07-27 21:29:59,34,30,40,0
2026-07-27 21:30:01,34,31,40,0
2026-07-27 21:30:02,34,31,40,0
2026-07-27 21:30:02,33,31,39,0
2026-07-27 21:30:03,34,31,40,0
2026-07-27 21:30:05,34,31,40,0
2026-07-27 21:30:06,34,31,40,0
2026-07-27 21:30:06,34,31,40,0
2026-07-27 21:30:07,34,31,40,0
2026-07-27 21:30:09,34,31,40,0
2026-07-27 21:30:10,34,31,40,0
2026-07-27 21:30:10,34,31,40,0
2026-07-27 21:30:11,34,31,40,0
2026-07-27 21:30:12,34,31,40,0
2026-07-27 21:30:14,34,30,40,0
2026-07-27 21:30:15,33,30,40,0
2026-07-27 21:30:15,33,31,40,0
2026-07-27 21:30:16,33,31,40,0
2026-07-27 21:30:18,34,31,40,0
2026-07-27 21:30:19,34,31,40,0
2026-07-27 21:30:19,34,31,40,0
2026-07-27 21:30:20,34,31,40,0
2026-07-27 21:30:22,34,31,40,0
2026-07-27 21:30:23,34,31,40,0
2026-07-27 21:30:23,34,31,40,0
2026-07-27 21:30:24,34,31,40,0
2026-07-27 21:30:25,34,31,39,0
2026-07-27 21:30:27,34,31,40,0
2026-07-27 21:30:27,34,31,40,0
2026-07-27 21:30:28,34,31,40,0
2026-07-27 21:30:29,34,31,39,0
2026-07-27 21:30:31,34,31,40,0
2026-07-27 21:30:32,34,31,40,0
2026-07-27 21:30:32,34,31,40,0
2026-07-27 21:30:33,34,31,40,0
2026-07-27 21:30:35,34,31,40,0
2026-07-27 21:30:36,34,31,40,0
2026-07-27 21:30:36,34,31,40,0
2026-07-27 21:30:37,34,31,40,0
2026-07-27 21:30:38,34,30,40,0
2026-07-27 21:30:40,34,31,39,0
2026-07-27 21:30:40,34,31,40,0
2026-07-27 21:30:41,34,30,40,0
2026-07-27 21:30:42,34,31,39,0
2026-07-27 21:30:44,34,31,40,0
2026-07-27 21:30:44,34,31,40,0
2026-07-27 21:30:45,34,31,40,0
2026-07-27 21:30:47,34,31,40,0
2026-07-27 21:30:48,34,31,40,0
2026-07-27 21:30:49,34,30,40,0
2026-07-27 21:30:49,33,31,40,0
2026-07-27 21:30:50,34,31,40,0
2026-07-27 21:30:52,34,31,39,0
2026-07-27 21:30:53,34,31,40,0
2026-07-27 21:30:53,34,31,40,0
2026-07-27 21:30:54,33,30,39,0
2026-07-27 21:30:56,34,31,39,0
2026-07-27 21:30:57,34,31,40,0
2026-07-27 21:30:57,34,30,40,0
2026-07-27 21:30:58,34,31,40,0
2026-07-27 21:30:59,34,31,40,0
2026-07-27 21:31:01,34,31,40,0
2026-07-27 21:31:01,34,31,40,0
2026-07-27 21:31:02,34,31,40,0
2026-07-27 21:31:03,34,31,39,0
2026-07-27 21:31:05,34,31,39,0
2026-07-27 21:31:06,34,31,40,0
2026-07-27 21:31:06,34,31,40,0
2026-07-27 21:31:07,34,31,39,0
2026-07-27 21:31:09,34,31,40,0
2026-07-27 21:31:10,34,31,40,0
2026-07-27 21:31:10,34,31,40,0
2026-07-27 21:31:11,34,31,40,0
2026-07-27 21:31:13,34,31,40,0
2026-07-27 21:31:14,34,31,40,0
2026-07-27 21:31:14,34,31,40,0
2026-07-27 21:31:15,34,30,40,0
2026-07-27 21:31:16,34,31,40,0
2026-07-27 21:31:18,34,31,40,0
2026-07-27 21:31:18,34,31,40,0
2026-07-27 21:31:19,34,31,40,0
2026-07-27 21:31:20,34,31,40,0
2026-07-27 21:31:22,34,30,40,0
2026-07-27 21:31:23,34,31,40,0
2026-07-27 21:31:23,34,31,39,0
2026-07-27 21:31:24,34,31,40,0
2026-07-27 21:31:26,34,31,40,0
2026-07-27 21:31:27,34,30,40,0
2026-07-27 21:31:27,34,31,40,0
2026-07-27 21:31:28,33,30,40,0
2026-07-27 21:31:29,34,31,40,0
2026-07-27 21:31:31,34,31,40,0
2026-07-27 21:31:31,34,30,40,0
2026-07-27 21:31:32,34,31,40,0
2026-07-27 21:31:33,34,31,40,0
2026-07-27 21:31:35,34,31,40,0
2026-07-27 21:31:36,34,31,39,0
2026-07-27 21:31:36,34,31,40,0
2026-07-27 21:31:37,34,31,39,0
2026-07-27 21:31:39,34,31,40,0
2026-07-27 21:31:40,34,31,40,0
2026-07-27 21:31:40,34,31,40,0
2026-07-27 21:31:42,34,31,40,0
2026-07-27 21:31:43,34,30,40,0
2026-07-27 21:31:44,34,30,40,0
2026-07-27 21:31:44,34,31,39,0
2026-07-27 21:31:45,34,31,40,0
2026-07-27 21:31:46,34,31,40,0
2026-07-27 21:31:48,34,31,40,0
2026-07-27 21:31:48,34,31,40,0
2026-07-27 21:31:49,34,31,40,0
2026-07-27 21:31:50,34,31,40,0
2026-07-27 21:31:52,34,31,40,0
2026-07-27 21:31:53,34,31,40,0
2026-07-27 21:31:53,34,30,40,0
2026-07-27 21:31:54,34,31,40,0
2026-07-27 21:31:56,33,31,40,0
2026-07-27 21:31:57,34,31,40,0
2026-07-27 21:31:57,34,31,39,0
2026-07-27 21:31:58,34,31,40,0
2026-07-27 21:31:59,34,31,39,0
2026-07-27 21:32:01,34,31,40,0
2026-07-27 21:32:01,34,31,40,0
2026-07-27 21:32:02,34,31,40,0
2026-07-27 21:32:03,34,31,40,0
2026-07-27 21:32:05,34,31,40,0
2026-07-27 21:32:06,34,31,40,0
2026-07-27 21:32:06,34,31,39,0
2026-07-27 21:32:07,34,31,40,0
2026-07-27 21:32:09,34,31,39,0
2026-07-27 21:32:10,34,31,40,0
2026-07-27 21:32:10,34,31,40,0
2026-07-27 21:32:11,34,31,39,0
2026-07-27 21:32:13,34,31,40,0
2026-07-27 21:32:14,34,31,40,0
2026-07-27 21:32:14,34,31,40,0
2026-07-27 21:32:15,34,31,40,0
2026-07-27 21:32:17,34,31,40,0
2026-07-27 21:32:18,34,31,40,0
2026-07-27 21:32:18,34,31,39,0
2026-07-27 21:32:19,34,31,40,0
2026-07-27 21:32:20,34,31,40,0
2026-07-27 21:32:22,34,31,40,0
2026-07-27 21:32:23,34,30,40,0
2026-07-27 21:32:23,34,31,40,0
2026-07-27 21:32:24,34,31,40,0
2026-07-27 21:32:26,34,31,40,0
2026-07-27 21:32:27,34,31,39,0
2026-07-27 21:32:27,34,31,40,0
2026-07-27 21:32:28,34,31,39,0
2026-07-27 21:32:30,34,31,39,0
2026-07-27 21:32:31,34,31,40,0
2026-07-27 21:32:31,34,31,40,0
2026-07-27 21:32:32,34,31,40,0
2026-07-27 21:32:33,34,31,40,0
2026-07-27 21:32:35,34,31,40,0
2026-07-27 21:32:35,34,31,40,0
2026-07-27 21:32:36,34,31,40,0
2026-07-27 21:32:37,34,31,40,0
2026-07-27 21:32:39,34,30,39,0
2026-07-27 21:32:40,34,31,40,0
2026-07-27 21:32:40,34,30,40,0
2026-07-27 21:32:41,34,31,40,0
2026-07-27 21:32:43,34,31,40,0
2026-07-27 21:32:44,34,30,40,0
2026-07-27 21:32:44,34,31,40,0
2026-07-27 21:32:45,34,30,40,0
2026-07-27 21:32:47,34,31,40,0
2026-07-27 21:32:48,34,31,40,0
2026-07-27 21:32:48,34,31,40,0
2026-07-27 21:32:49,34,31,40,0
2026-07-27 21:32:50,34,30,40,0
2026-07-27 21:32:52,33,30,40,0
2026-07-27 21:32:52,34,30,40,0
2026-07-27 21:32:53,34,30,40,0
2026-07-27 21:32:54,34,31,40,0
2026-07-27 21:32:56,34,31,40,0
2026-07-27 21:32:57,34,30,40,0
2026-07-27 21:32:57,34,31,39,0
2026-07-27 21:32:58,34,31,39,0
2026-07-27 21:33:00,34,31,40,0
2026-07-27 21:33:01,34,30,40,0
2026-07-27 21:33:02,34,31,40,0
2026-07-27 21:33:02,34,31,40,0
2026-07-27 21:33:03,34,31,40,0
2026-07-27 21:33:05,34,31,40,0
2026-07-27 21:33:05,34,31,40,0
2026-07-27 21:33:06,34,30,39,0
2026-07-27 21:33:08,34,31,40,0
2026-07-27 21:33:09,34,30,40,0
2026-07-27 21:33:09,34,30,40,0
2026-07-27 21:33:10,34,31,40,0
2026-07-27 21:33:11,34,30,40,0
2026-07-27 21:33:13,34,30,40,0
2026-07-27 21:33:14,34,30,40,0
2026-07-27 21:33:14,34,31,40,0
2026-07-27 21:33:15,34,30,40,0
2026-07-27 21:33:17,34,31,40,0
2026-07-27 21:33:18,34,31,40,0
2026-07-27 21:33:18,34,31,40,0
2026-07-27 21:33:19,33,31,40,0
2026-07-27 21:33:21,34,30,40,0
2026-07-27 21:33:22,34,30,40,0
2026-07-27 21:33:22,34,30,40,0
2026-07-27 21:33:23,34,31,40,0
2026-07-27 21:33:24,34,31,39,0
2026-07-27 21:33:26,34,31,40,0
2026-07-27 21:33:27,34,30,40,0
2026-07-27 21:33:27,34,30,40,0
2026-07-27 21:33:28,34,31,40,0
2026-07-27 21:33:30,34,31,40,0
2026-07-27 21:33:31,34,31,40,0
2026-07-27 21:33:31,34,31,40,0
2026-07-27 21:33:32,34,31,40,0
2026-07-27 21:33:34,34,30,40,0
2026-07-27 21:33:35,34,30,40,0
2026-07-27 21:33:35,34,31,39,0
2026-07-27 21:33:36,34,30,40,0
2026-07-27 21:33:38,34,30,39,0
2026-07-27 21:33:39,34,30,40,0
2026-07-27 21:33:39,34,31,40,0
2026-07-27 21:33:40,34,31,40,0
2026-07-27 21:33:41,34,30,39,0
2026-07-27 21:33:43,34,30,40,0
2026-07-27 21:33:44,34,30,40,0
2026-07-27 21:33:44,34,30,40,0
2026-07-27 21:33:45,34,31,40,0
2026-07-27 21:33:47,34,31,40,0
2026-07-27 21:33:48,34,31,40,0
2026-07-27 21:33:49,34,31,40,0
2026-07-27 21:33:49,34,30,40,0
2026-07-27 21:33:50,34,30,40,0
2026-07-27 21:33:52,34,31,40,0
2026-07-27 21:33:52,34,30,39,0
2026-07-27 21:33:53,34,30,40,0
2026-07-27 21:33:54,34,30,39,0
2026-07-27 21:33:56,34,31,40,0
2026-07-27 21:33:56,34,31,40,0
2026-07-27 21:33:57,34,30,40,0
2026-07-27 21:33:59,34,31,40,0
2026-07-27 21:34:00,34,30,40,0
2026-07-27 21:34:01,34,30,40,0
2026-07-27 21:34:01,34,30,39,0
2026-07-27 21:34:02,34,31,40,0
2026-07-27 21:34:04,34,30,40,0
2026-07-27 21:34:05,34,31,40,0
2026-07-27 21:34:05,34,30,40,0
2026-07-27 21:34:06,34,30,40,0
2026-07-27 21:34:08,34,30,40,0
2026-07-27 21:34:09,34,31,40,0
2026-07-27 21:34:09,34,30,40,0
2026-07-27 21:34:10,34,30,40,0
2026-07-27 21:34:11,34,31,40,0
2026-07-27 21:34:13,34,30,40,0
2026-07-27 21:34:13,34,31,40,0
2026-07-27 21:34:14,34,30,40,0
2026-07-27 21:34:15,34,30,39,0
2026-07-27 21:34:17,34,31,40,0
2026-07-27 21:34:18,34,30,40,0
2026-07-27 21:34:18,34,31,40,0
2026-07-27 21:34:19,34,31,40,0
2026-07-27 21:34:21,34,31,40,0
2026-07-27 21:34:22,34,30,40,0
2026-07-27 21:34:22,34,30,40,0
2026-07-27 21:34:23,34,30,39,0
2026-07-27 21:34:25,34,31,39,0
2026-07-27 21:34:26,34,30,39,0
2026-07-27 21:34:26,34,31,40,0
2026-07-27 21:34:27,34,31,40,0
2026-07-27 21:34:29,34,30,40,0
2026-07-27 21:34:30,34,31,40,0
2026-07-27 21:34:31,34,30,40,0
2026-07-27 21:34:31,34,30,40,0
2026-07-27 21:34:32,34,31,40,0
2026-07-27 21:34:34,34,30,40,0
2026-07-27 21:34:35,34,30,39,0
2026-07-27 21:34:35,34,31,39,0
2026-07-27 21:34:36,34,31,39,0
2026-07-27 21:34:38,34,31,40,0
2026-07-27 21:34:39,34,31,40,0
2026-07-27 21:34:39,34,31,40,0
2026-07-27 21:34:40,34,31,40,0
2026-07-27 21:34:41,34,31,40,0
2026-07-27 21:34:43,34,31,39,0
2026-07-27 21:34:43,34,31,40,0
2026-07-27 21:34:44,34,31,40,0
2026-07-27 21:34:45,34,31,40,0
2026-07-27 21:34:47,34,31,40,0
2026-07-27 21:34:48,34,31,40,0
2026-07-27 21:34:49,34,31,40,0
2026-07-27 21:34:49,34,31,40,0
2026-07-27 21:34:51,34,31,40,0
2026-07-27 21:34:52,34,31,40,0
2026-07-27 21:34:52,34,31,40,0
2026-07-27 21:34:53,34,31,40,0
2026-07-27 21:34:55,34,31,40,0
2026-07-27 21:34:56,34,31,40,0
2026-07-27 21:34:56,34,31,40,0
2026-07-27 21:34:57,34,31,40,0
2026-07-27 21:34:58,34,31,40,0
2026-07-27 21:35:00,34,31,40,0
2026-07-27 21:35:00,34,31,40,0
2026-07-27 21:35:01,34,31,40,0
2026-07-27 21:35:02,34,31,40,0
2026-07-27 21:35:04,34,31,40,0
2026-07-27 21:35:05,34,31,40,0
2026-07-27 21:35:05,34,30,40,0
2026-07-27 21:35:06,34,31,40,0
2026-07-27 21:35:08,34,31,40,0
2026-07-27 21:35:09,34,31,39,0
2026-07-27 21:35:09,34,31,40,0
2026-07-27 21:35:10,34,31,40,0
2026-07-27 21:35:11,34,31,40,0
2026-07-27 21:35:13,34,31,40,0
2026-07-27 21:35:13,34,31,40,0
2026-07-27 21:35:14,34,31,40,0
2026-07-27 21:35:15,34,31,40,0
2026-07-27 21:35:17,34,30,40,0
2026-07-27 21:35:18,34,31,40,0
2026-07-27 21:35:18,34,31,40,0
2026-07-27 21:35:19,34,31,40,0
2026-07-27 21:35:21,34,31,40,0
2026-07-27 21:35:22,34,31,40,0
2026-07-27 21:35:22,34,31,40,0
2026-07-27 21:35:23,34,31,40,0
2026-07-27 21:35:25,34,31,40,0
2026-07-27 21:35:26,34,31,40,0
2026-07-27 21:35:26,34,31,40,0
2026-07-27 21:35:27,34,31,40,0
2026-07-27 21:35:28,34,30,40,0
2026-07-27 21:35:30,34,30,40,0
2026-07-27 21:35:30,34,30,40,0
2026-07-27 21:35:31,34,31,40,0
2026-07-27 21:35:32,34,31,40,0
2026-07-27 21:35:34,34,30,40,0
2026-07-27 21:35:35,34,31,40,0
2026-07-27 21:35:35,34,31,40,0
2026-07-27 21:35:36,34,31,40,0
2026-07-27 21:35:38,34,31,40,0
2026-07-27 21:35:39,34,31,40,0
2026-07-27 21:35:39,34,31,40,0
2026-07-27 21:35:40,34,31,40,0
2026-07-27 21:35:42,34,31,40,0
2026-07-27 21:35:43,34,31,40,0
2026-07-27 21:35:43,34,31,40,0
2026-07-27 21:35:44,34,31,40,0
2026-07-27 21:35:45,34,31,40,0
2026-07-27 21:35:47,34,31,40,0
2026-07-27 21:35:47,34,31,40,0
2026-07-27 21:35:48,34,31,40,0
2026-07-27 21:35:49,34,31,40,0
2026-07-27 21:35:51,34,31,40,0
2026-07-27 21:35:52,34,31,40,0
2026-07-27 21:35:52,34,31,39,0
2026-07-27 21:35:53,34,31,40,0
2026-07-27 21:35:55,34,30,40,0
2026-07-27 21:35:56,34,31,40,0
2026-07-27 21:35:56,34,31,40,0
2026-07-27 21:35:57,34,30,40,0
2026-07-27 21:35:59,34,31,39,0
2026-07-27 21:36:00,34,31,39,0
2026-07-27 21:36:00,34,31,39,0
2026-07-27 21:36:01,34,31,39,0
2026-07-27 21:36:02,34,31,40,0
2026-07-27 21:36:04,34,31,40,0
2026-07-27 21:36:05,34,31,40,0
2026-07-27 21:36:05,34,31,40,0
2026-07-27 21:36:06,34,31,40,0
2026-07-27 21:36:08,34,31,40,0
2026-07-27 21:36:09,34,31,40,0
2026-07-27 21:36:09,34,31,40,0
2026-07-27 21:36:10,34,31,40,0
2026-07-27 21:36:12,34,31,40,0
2026-07-27 21:36:13,34,31,39,0
2026-07-27 21:36:13,34,31,40,0
2026-07-27 21:36:14,34,31,40,0
2026-07-27 21:36:16,34,31,40,0
2026-07-27 21:36:17,34,31,40,0
2026-07-27 21:36:17,34,31,40,0
2026-07-27 21:36:18,34,31,40,0
2026-07-27 21:36:19,34,31,40,0
2026-07-27 21:36:21,34,30,40,0
2026-07-27 21:36:22,34,31,40,0
2026-07-27 21:36:22,34,31,40,0
2026-07-27 21:36:23,34,31,40,0
2026-07-27 21:36:25,34,31,40,0
2026-07-27 21:36:26,34,31,40,0
2026-07-27 21:36:26,34,31,40,0
2026-07-27 21:36:27,34,31,40,0
2026-07-27 21:36:29,34,30,40,0
2026-07-27 21:36:30,34,30,40,0
2026-07-27 21:36:30,34,31,40,0
2026-07-27 21:36:31,34,30,40,0
2026-07-27 21:36:32,34,31,39,0
2026-07-27 21:36:34,34,31,40,0
2026-07-27 21:36:35,34,31,40,0
2026-07-27 21:36:35,34,31,40,0
2026-07-27 21:36:36,34,31,40,0
2026-07-27 21:36:38,34,30,40,0
2026-07-27 21:36:39,34,30,40,0
2026-07-27 21:36:39,34,31,40,0
2026-07-27 21:36:40,34,31,40,0
2026-07-27 21:36:42,34,31,40,0
2026-07-27 21:36:43,34,31,39,0
2026-07-27 21:36:43,34,31,40,0
2026-07-27 21:36:44,34,31,40,0
2026-07-27 21:36:46,34,31,39,0
2026-07-27 21:36:47,34,30,40,0
2026-07-27 21:36:47,34,31,40,0
2026-07-27 21:36:48,34,31,39,0
2026-07-27 21:36:49,34,31,40,0
2026-07-27 21:36:51,34,31,40,0
2026-07-27 21:36:52,34,31,40,0
2026-07-27 21:36:52,34,31,40,0
2026-07-27 21:36:54,34,30,40,0
2026-07-27 21:36:55,34,31,40,0
2026-07-27 21:36:55,34,30,40,0
2026-07-27 21:36:56,34,30,40,0
2026-07-27 21:36:57,34,31,40,0
2026-07-27 21:36:59,34,31,39,0
2026-07-27 21:37:00,34,30,40,0
2026-07-27 21:37:00,34,30,40,0
2026-07-27 21:37:01,34,30,40,0
2026-07-27 21:37:02,34,31,40,0
2026-07-27 21:37:04,34,30,40,0
2026-07-27 21:37:04,34,31,40,0
2026-07-27 21:37:05,34,31,40,0
2026-07-27 21:37:06,34,31,40,0
2026-07-27 21:37:08,34,31,40,0
2026-07-27 21:37:09,34,31,40,0
2026-07-27 21:37:09,34,30,40,0
2026-07-27 21:37:10,34,30,40,0
2026-07-27 21:37:12,34,30,40,0
2026-07-27 21:37:13,34,31,40,0
2026-07-27 21:37:13,34,31,40,0
2026-07-27 21:37:14,34,31,40,0
2026-07-27 21:37:16,34,31,40,0
2026-07-27 21:37:17,34,31,40,0
2026-07-27 21:37:17,34,31,40,0
2026-07-27 21:37:18,34,31,40,0
2026-07-27 21:37:19,34,30,40,0
2026-07-27 21:37:21,34,30,40,0
2026-07-27 21:37:21,34,31,40,0
2026-07-27 21:37:22,34,30,40,0
2026-07-27 21:37:23,34,31,40,0
2026-07-27 21:37:25,34,31,40,0
2026-07-27 21:37:26,34,30,40,0
2026-07-27 21:37:26,34,30,40,0
2026-07-27 21:37:27,34,31,40,0
2026-07-27 21:37:29,34,31,40,0
2026-07-27 21:37:30,34,31,40,0
2026-07-27 21:37:31,34,30,40,0
2026-07-27 21:37:31,34,30,40,0
2026-07-27 21:37:33,34,30,40,0
2026-07-27 21:37:34,34,31,40,0
2026-07-27 21:37:35,34,30,40,0
2026-07-27 21:37:35,34,30,40,0
2026-07-27 21:37:36,34,30,40,0
2026-07-27 21:37:38,34,31,40,0
2026-07-27 21:37:38,34,31,40,0
2026-07-27 21:37:39,34,31,39,0
2026-07-27 21:37:40,34,30,40,0
2026-07-27 21:37:42,34,30,40,0
2026-07-27 21:37:43,34,30,39,0
2026-07-27 21:37:43,34,31,40,0
2026-07-27 21:37:44,34,31,40,0
2026-07-27 21:37:46,34,30,40,0
2026-07-27 21:37:47,34,31,40,0
2026-07-27 21:37:47,34,31,40,0
2026-07-27 21:37:48,34,30,39,0
2026-07-27 21:37:50,34,30,39,0
2026-07-27 21:37:51,34,31,40,0
2026-07-27 21:37:51,34,31,40,0
2026-07-27 21:37:52,34,31,40,0
2026-07-27 21:37:53,34,30,40,0
2026-07-27 21:37:55,34,30,40,0
2026-07-27 21:37:55,34,31,40,0
2026-07-27 21:37:56,34,31,40,0
2026-07-27 21:37:57,34,31,40,0
2026-07-27 21:37:59,34,31,40,0
2026-07-27 21:38:00,34,31,39,0
2026-07-27 21:38:01,34,31,40,0
2026-07-27 21:38:01,34,31,40,0
2026-07-27 21:38:03,34,31,40,0
2026-07-27 21:38:04,34,31,40,0
2026-07-27 21:38:04,34,31,40,0
2026-07-27 21:38:06,34,31,40,0
2026-07-27 21:38:07,34,31,40,0
2026-07-27 21:38:08,34,30,39,0
2026-07-27 21:38:08,34,31,40,0
2026-07-27 21:38:09,34,31,40,0
2026-07-27 21:38:11,34,31,40,0
2026-07-27 21:38:12,34,30,40,0
2026-07-27 21:38:13,34,31,40,0
2026-07-27 21:38:13,34,31,40,0
2026-07-27 21:38:14,34,31,40,0
2026-07-27 21:38:16,34,31,40,0
2026-07-27 21:38:17,34,30,40,0
2026-07-27 21:38:17,34,30,40,0
2026-07-27 21:38:18,34,31,40,0
2026-07-27 21:38:20,34,31,40,0
2026-07-27 21:38:21,34,31,40,0
2026-07-27 21:38:21,34,31,40,0
2026-07-27 21:38:23,34,31,39,0
2026-07-27 21:38:24,34,30,40,0
2026-07-27 21:38:25,34,31,40,0
2026-07-27 21:38:25,34,31,40,0
2026-07-27 21:38:26,34,31,40,0
2026-07-27 21:38:27,34,31,40,0
2026-07-27 21:38:29,34,31,39,0
2026-07-27 21:38:30,34,31,40,0
2026-07-27 21:38:30,34,31,40,0
2026-07-27 21:38:31,34,31,40,0
2026-07-27 21:38:33,34,30,40,0
2026-07-27 21:38:34,34,31,40,0
2026-07-27 21:38:34,34,31,40,0
2026-07-27 21:38:35,34,31,39,0
2026-07-27 21:38:37,34,31,40,0
2026-07-27 21:38:38,34,31,39,0
2026-07-27 21:38:38,34,31,40,0
2026-07-27 21:38:39,34,31,40,0
2026-07-27 21:38:41,34,31,40,0
2026-07-27 21:38:42,34,31,39,0
2026-07-27 21:38:43,34,30,39,0
2026-07-27 21:38:43,34,30,40,0
2026-07-27 21:38:44,34,31,40,0
2026-07-27 21:38:46,34,31,40,0
2026-07-27 21:38:47,34,30,40,0
2026-07-27 21:38:47,34,31,40,0
2026-07-27 21:38:48,34,31,39,0
2026-07-27 21:38:50,34,31,40,0
2026-07-27 21:38:51,34,31,40,0
2026-07-27 21:38:51,34,31,40,0
2026-07-27 21:38:52,34,31,40,0
2026-07-27 21:38:54,34,30,40,0
2026-07-27 21:38:55,34,30,40,0
2026-07-27 21:38:55,34,30,40,0
2026-07-27 21:38:56,34,30,40,0
2026-07-27 21:38:58,34,31,40,0
2026-07-27 21:38:59,34,30,40,0
2026-07-27 21:39:00,34,31,40,0
2026-07-27 21:39:00,34,31,39,0
2026-07-27 21:39:01,34,31,40,0
2026-07-27 21:39:03,34,31,40,0
2026-07-27 21:39:04,34,31,40,0
2026-07-27 21:39:04,34,30,40,0
2026-07-27 21:39:05,34,31,40,0
2026-07-27 21:39:07,34,31,40,0
2026-07-27 21:39:08,34,31,40,0
2026-07-27 21:39:08,34,31,40,0
2026-07-27 21:39:09,34,31,39,0
2026-07-27 21:39:11,34,31,40,0
2026-07-27 21:39:12,34,31,40,0
2026-07-27 21:39:12,34,31,40,0
2026-07-27 21:39:13,34,30,40,0
2026-07-27 21:39:14,34,30,40,0
2026-07-27 21:39:16,34,30,40,0
2026-07-27 21:39:17,34,31,40,0
2026-07-27 21:39:17,34,30,39,0
2026-07-27 21:39:18,34,31,40,0
2026-07-27 21:39:20,34,31,40,0
2026-07-27 21:39:21,34,31,39,0
2026-07-27 21:39:21,34,30,40,0
2026-07-27 21:39:23,34,31,40,0
2026-07-27 21:39:24,34,31,40,0
2026-07-27 21:39:25,34,31,40,0
2026-07-27 21:39:25,34,31,40,0
2026-07-27 21:39:26,34,31,39,0
2026-07-27 21:39:28,34,31,40,0
2026-07-27 21:39:29,34,30,39,0
2026-07-27 21:39:30,34,31,40,0
2026-07-27 21:39:30,34,31,40,0
2026-07-27 21:39:31,34,31,40,0
2026-07-27 21:39:33,34,30,40,0
2026-07-27 21:39:34,34,30,40,0
2026-07-27 21:39:34,34,31,40,0
2026-07-27 21:39:35,34,30,40,0
2026-07-27 21:39:37,34,31,40,0
2026-07-27 21:39:38,34,31,40,0
2026-07-27 21:39:38,34,31,40,0
2026-07-27 21:39:39,34,31,40,0
2026-07-27 21:39:41,34,31,40,0
2026-07-27 21:39:42,34,31,40,0
2026-07-27 21:39:42,34,30,40,0
2026-07-27 21:39:43,34,31,40,0
2026-07-27 21:39:44,34,30,40,0
2026-07-27 21:39:46,34,30,40,0
2026-07-27 21:39:47,34,31,40,0
2026-07-27 21:39:47,34,31,40,0
2026-07-27 21:39:49,34,30,40,0
2026-07-27 21:39:50,34,31,40,0
2026-07-27 21:39:51,34,31,40,0
2026-07-27 21:39:51,34,30,40,0
2026-07-27 21:39:52,34,31,40,0
2026-07-27 21:39:54,34,31,40,0
2026-07-27 21:39:55,34,31,40,0
2026-07-27 21:39:55,34,30,40,0
2026-07-27 21:39:56,34,31,40,0
2026-07-27 21:39:58,34,30,40,0
2026-07-27 21:39:59,34,31,39,0
2026-07-27 21:39:59,34,31,40,0
2026-07-27 21:40:00,34,30,40,0
2026-07-27 21:40:02,34,30,40,0
2026-07-27 21:40:03,34,31,40,0
2026-07-27 21:40:04,34,31,40,0
2026-07-27 21:40:04,34,31,40,0
2026-07-27 21:40:06,34,31,40,0
2026-07-27 21:40:07,34,30,40,0
2026-07-27 21:40:08,34,31,40,0
2026-07-27 21:40:08,34,31,40,0
2026-07-27 21:40:09,34,31,40,0
2026-07-27 21:40:11,34,30,40,0
2026-07-27 21:40:12,34,31,40,0
2026-07-27 21:40:12,34,31,40,0
2026-07-27 21:40:14,34,31,40,0
2026-07-27 21:40:15,34,31,40,0
2026-07-27 21:40:16,34,31,39,0
2026-07-27 21:40:17,34,31,40,0
2026-07-27 21:40:17,34,30,40,0
2026-07-27 21:40:18,34,31,39,0
2026-07-27 21:40:20,34,31,40,0
2026-07-27 21:40:21,34,30,40,0
2026-07-27 21:40:21,34,30,40,0
2026-07-27 21:40:23,34,31,40,0
2026-07-27 21:40:24,34,31,40,0
2026-07-27 21:40:25,34,30,40,0
2026-07-27 21:40:25,34,30,40,0
2026-07-27 21:40:26,34,31,40,0
2026-07-27 21:40:28,34,30,40,0
2026-07-27 21:40:29,34,30,40,0
2026-07-27 21:40:29,34,31,40,0
2026-07-27 21:40:30,34,31,40,0
2026-07-27 21:40:31,34,31,40,0
2026-07-27 21:40:33,34,30,40,0
2026-07-27 21:40:33,34,30,40,0
2026-07-27 21:40:34,34,31,40,0
2026-07-27 21:40:36,34,31,40,0
2026-07-27 21:40:37,34,30,39,0
2026-07-27 21:40:38,34,30,40,0
2026-07-27 21:40:38,34,30,40,0
2026-07-27 21:40:39,34,31,40,0
2026-07-27 21:40:41,34,31,40,0
2026-07-27 21:40:42,34,31,39,0
2026-07-27 21:40:43,34,31,40,0
2026-07-27 21:40:43,34,31,40,0
2026-07-27 21:40:45,34,31,40,0
2026-07-27 21:40:46,34,30,40,0
2026-07-27 21:40:46,34,30,40,0
2026-07-27 21:40:47,34,30,39,0
2026-07-27 21:40:49,34,30,40,0
2026-07-27 21:40:50,34,31,40,0
2026-07-27 21:40:51,34,31,40,0
2026-07-27 21:40:51,34,30,40,0
2026-07-27 21:40:52,33,31,40,0
2026-07-27 21:40:54,34,30,40,0
2026-07-27 21:40:55,34,31,40,0
2026-07-27 21:40:55,34,30,39,0
2026-07-27 21:40:56,34,31,40,0
2026-07-27 21:40:58,34,30,40,0
2026-07-27 21:40:59,34,30,40,0
2026-07-27 21:40:59,34,30,40,0
2026-07-27 21:41:00,34,31,40,0
2026-07-27 21:41:02,34,31,40,0
2026-07-27 21:41:03,34,30,40,0
2026-07-27 21:41:03,34,30,40,0
2026-07-27 21:41:04,34,31,40,0
2026-07-27 21:41:06,34,30,40,0
2026-07-27 21:41:07,34,31,40,0
2026-07-27 21:41:08,34,31,40,0
2026-07-27 21:41:08,34,31,40,0
2026-07-27 21:41:10,33,31,40,0
2026-07-27 21:41:11,34,30,40,0
2026-07-27 21:41:12,34,31,40,0
2026-07-27 21:41:12,34,31,40,0
2026-07-27 21:41:13,34,31,40,0
2026-07-27 21:41:15,34,31,40,0
2026-07-27 21:41:16,34,30,40,0
2026-07-27 21:41:16,34,31,40,0
2026-07-27 21:41:17,34,31,40,0
2026-07-27 21:41:19,34,30,40,0
2026-07-27 21:41:20,33,31,40,0
2026-07-27 21:41:21,34,31,40,0
2026-07-27 21:41:21,33,31,40,0
2026-07-27 21:41:23,34,31,40,0
2026-07-27 21:41:24,33,30,40,0
2026-07-27 21:41:25,34,31,40,0
2026-07-27 21:41:25,34,30,40,0
2026-07-27 21:41:26,34,31,40,0
2026-07-27 21:41:28,34,31,40,0
2026-07-27 21:41:29,34,31,40,0
2026-07-27 21:41:29,34,31,40,0
2026-07-27 21:41:30,34,31,40,0
2026-07-27 21:41:32,34,31,40,0
2026-07-27 21:41:33,34,30,40,0
2026-07-27 21:41:33,34,30,39,0
2026-07-27 21:41:34,34,30,40,0
2026-07-27 21:41:36,34,31,39,0
2026-07-27 21:41:37,34,30,40,0
2026-07-27 21:41:37,34,31,40,0
2026-07-27 21:41:38,34,31,40,0
2026-07-27 21:41:40,34,30,40,0
2026-07-27 21:41:41,34,31,40,0
2026-07-27 21:41:42,34,30,40,0
2026-07-27 21:41:42,34,30,40,0
2026-07-27 21:41:43,34,31,40,0
2026-07-27 21:41:45,34,31,40,0
2026-07-27 21:41:46,34,31,40,0
2026-07-27 21:41:46,34,31,40,0
2026-07-27 21:41:48,34,31,40,0
2026-07-27 21:41:49,34,31,40,0
2026-07-27 21:41:50,34,31,39,0
2026-07-27 21:41:50,34,31,40,0
2026-07-27 21:41:51,34,31,40,0
2026-07-27 21:41:52,34,31,40,0
2026-07-27 21:41:54,34,31,40,0
2026-07-27 21:41:55,34,31,40,0
2026-07-27 21:41:55,34,31,40,0
2026-07-27 21:41:56,34,31,40,0
2026-07-27 21:41:58,34,31,40,0
2026-07-27 21:41:59,34,31,40,0
2026-07-27 21:41:59,34,31,40,0
2026-07-27 21:42:01,34,31,40,0
2026-07-27 21:42:02,34,31,40,0
2026-07-27 21:42:03,34,31,40,0
