timestamp,sensor1,sensor2,sensor3,mqtt_state
2026-08-06 16:32:11,393,634,569,4
2026-08-06 16:32:12,392,634,554,4
2026-08-06 16:32:13,396,631,566,4
2026-08-06 16:32:14,394,632,571,4
2026-08-06 16:32:15,392,633,556,4
2026-08-06 16:32:16,394,635,548,4
2026-08-06 16:32:17,391,640,568,4
2026-08-06 16:32:18,394,637,577,4
2026-08-06 16:32:19,393,640,568,4
2026-08-06 16:32:20,394,635,568,4
2026-08-06 16:32:21,392,635,571,4
2026-08-06 16:32:22,391,636,565,4
2026-08-06 16:32:23,392,635,560,4
2026-08-06 16:32:24,393,639,563,4
2026-08-06 16:32:25,391,631,563,4
2026-08-06 16:32:26,392,633,559,4
2026-08-06 16:32:27,393,629,553,4
2026-08-06 16:32:28,394,631,567,4
2026-08-06 16:32:29,393,633,569,4
2026-08-06 16:32:30,392,635,565,4
2026-08-06 16:32:31,393,634,569,4
2026-08-06 16:32:32,394,633,567,4
2026-08-06 16:32:33,388,633,572,4
2026-08-06 16:32:34,393,634,575,4
2026-08-06 16:32:35,393,632,561,4
2026-08-06 16:32:36,393,633,564,4
2026-08-06 16:32:37,390,632,578,4
2026-08-06 16:32:38,393,634,566,4
2026-08-06 16:32:39,395,630,556,4
2026-08-06 16:32:40,394,636,561,4
2026-08-06 16:32:41,391,636,570,4
2026-08-06 16:32:42,391,631,566,4
2026-08-06 16:32:43,393,634,583,4
2026-08-06 16:32:44,393,634,563,4
2026-08-06 16:32:45,393,634,561,4
2026-08-06 16:32:46,394,636,567,4
2026-08-06 16:32:47,392,636,556,4
2026-08-06 16:32:48,392,633,564,4
2026-08-06 16:32:49,393,634,561,4
2026-08-06 16:32:50,393,635,562,4
2026-08-06 16:32:51,393,634,554,4
2026-08-06 16:32:52,392,634,562,4
2026-08-06 16:32:53,391,633,549,4
2026-08-06 16:32:54,394,635,562,4
2026-08-06 16:32:55,392,631,564,4
2026-08-06 16:32:56,393,635,559,4
2026-08-06 16:32:57,393,641,556,4
2026-08-06 16:32:58,391,631,559,4
2026-08-06 16:32:59,392,632,556,4
2026-08-06 16:33:00,394,637,558,4
2026-08-06 16:33:01,391,631,566,4
2026-08-06 16:33:02,395,636,564,4
2026-08-06 16:33:03,396,634,561,4
2026-08-06 16:33:04,392,635,560,4
2026-08-06 16:33:05,394,632,565,4
2026-08-06 16:33:06,392,637,565,4
2026-08-06 16:33:07,394,633,571,4
2026-08-06 16:33:08,393,636,557,4
2026-08-06 16:33:09,394,639,564,4
2026-08-06 16:33:10,394,628,566,4
2026-08-06 16:33:11,393,629,561,4
2026-08-06 16:33:12,393,636,564,4
2026-08-06 16:33:13,392,637,565,4
2026-08-06 16:33:14,393,629,550,4
2026-08-06 16:33:15,392,635,564,4
2026-08-06 16:33:16,391,632,558,4
2026-08-06 16:33:17,393,636,569,4
2026-08-06 16:33:18,391,635,569,4
2026-08-06 16:33:19,393,633,579,4
2026-08-06 16:33:20,392,635,578,4
2026-08-06 16:33:21,394,628,578,4
2026-08-06 16:33:22,393,630,566,4
2026-08-06 16:33:23,392,633,566,4
2026-08-06 16:33:24,393,638,577,4
2026-08-06 16:33:25,390,632,567,4
2026-08-06 16:33:26,393,626,570,4
2026-08-06 16:33:27,394,633,575,4
2026-08-06 16:33:28,392,630,564,4
2026-08-06 16:33:29,393,635,561,4
2026-08-06 16:33:30,393,637,553,4
2026-08-06 16:33:31,391,632,575,4
2026-08-06 16:33:32,391,628,556,4
2026-08-06 16:33:33,391,639,564,4
2026-08-06 16:33:34,395,634,550,4
2026-08-06 16:33:35,393,633,563,4
2026-08-06 16:33:36,394,635,562,4
2026-08-06 16:33:37,394,637,573,4
2026-08-06 16:33:38,393,641,556,4
2026-08-06 16:33:39,392,633,569,4
2026-08-06 16:33:40,394,630,559,4
2026-08-06 16:33:41,392,631,564,4
2026-08-06 16:33:42,392,632,554,4
2026-08-06 16:33:43,392,630,562,4
2026-08-06 16:33:44,398,632,569,4
2026-08-06 16:33:45,393,636,560,4
2026-08-06 16:33:46,393,634,561,4
2026-08-06 16:33:47,392,633,565,4
2026-08-06 16:33:48,392,635,562,4
2026-08-06 16:33:49,392,629,562,4
2026-08-06 16:33:50,394,633,562,4
2026-08-06 16:33:51,391,634,571,4
2026-08-06 16:33:52,387,633,577,4
2026-08-06 16:33:53,391,628,560,4
2026-08-06 16:33:54,391,630,560,4
2026-08-06 16:33:55,391,631,566,4
2026-08-06 16:33:56,393,631,562,4
2026-08-06 16:33:57,391,634,561,4
2026-08-06 16:33:58,395,630,556,4
2026-08-06 16:33:59,392,632,559,4
2026-08-06 16:34:00,392,636,558,4
2026-08-06 16:34:01,393,634,571,4
2026-08-06 16:34:02,392,633,555,4
2026-08-06 16:34:03,395,634,564,4
2026-08-06 16:34:04,392,631,558,4
2026-08-06 16:34:05,392,635,571,4
2026-08-06 16:34:06,392,633,567,4
2026-08-06 16:34:07,393,629,567,4
2026-08-06 16:34:08,393,633,563,4
2026-08-06 16:34:09,396,638,562,4
2026-08-06 16:34:10,392,636,567,4
2026-08-06 16:34:11,392,634,563,4
2026-08-06 16:34:12,392,632,556,4
2026-08-06 16:34:13,393,628,571,4
2026-08-06 16:34:14,394,636,554,4
2026-08-06 16:34:15,392,634,547,4
2026-08-06 16:34:16,392,633,562,4
2026-08-06 16:34:17,392,635,547,4
2026-08-06 16:34:18,392,632,557,4
2026-08-06 16:34:19,393,632,570,4
2026-08-06 16:34:20,392,638,573,4
2026-08-06 16:34:21,392,636,553,4
2026-08-06 16:34:22,393,633,569,4
2026-08-06 16:34:23,392,632,552,4
2026-08-06 16:34:24,391,635,565,4
2026-08-06 16:34:25,392,631,562,4
2026-08-06 16:34:26,394,631,570,4
2026-08-06 16:34:27,389,631,562,4
2026-08-06 16:34:28,395,634,555,4
2026-08-06 16:34:29,394,633,559,4
2026-08-06 16:34:30,392,640,556,4
2026-08-06 16:34:31,390,631,579,4
2026-08-06 16:34:32,394,637,569,4
2026-08-06 16:34:33,392,631,559,4
2026-08-06 16:34:34,394,633,573,4
2026-08-06 16:34:35,393,636,565,4
2026-08-06 16:34:36,393,634,561,4
2026-08-06 16:34:37,391,634,575,4
2026-08-06 16:34:38,396,636,579,4
2026-08-06 16:34:39,392,634,564,4
2026-08-06 16:34:40,389,632,567,4
2026-08-06 16:34:41,395,633,553,4
2026-08-06 16:34:42,392,631,578,4
2026-08-06 16:34:43,390,632,560,4
2026-08-06 16:34:44,391,631,567,4
2026-08-06 16:34:45,393,629,568,4
2026-08-06 16:34:46,391,634,579,4
2026-08-06 16:34:47,394,627,568,4
2026-08-06 16:34:48,392,633,577,4
2026-08-06 16:34:49,394,634,578,4
2026-08-06 16:34:50,395,633,565,4
2026-08-06 16:34:51,391,629,556,4
2026-08-06 16:34:52,392,635,559,4
2026-08-06 16:34:53,391,634,559,4
2026-08-06 16:34:54,393,632,571,4
2026-08-06 16:34:55,394,634,570,4
2026-08-06 16:34:56,391,634,568,4
2026-08-06 16:34:57,395,634,568,4
2026-08-06 16:34:58,393,628,571,4
2026-08-06 16:34:59,392,634,560,4
2026-08-06 16:35:00,392,635,566,4
2026-08-06 16:35:01,391,633,557,4
2026-08-06 16:35:02,391,633,573,4
2026-08-06 16:35:03,391,630,555,4
2026-08-06 16:35:04,392,633,560,4
2026-08-06 16:35:05,393,636,575,4
2026-08-06 16:35:06,393,633,560,4
2026-08-06 16:35:07,393,632,565,4
2026-08-06 16:35:08,392,634,578,4
2026-08-06 16:35:09,392,634,558,4
2026-08-06 16:35:10,391,635,562,4
2026-08-06 16:35:11,392,629,577,4
2026-08-06 16:35:12,391,633,583,4
2026-08-06 16:35:13,392,632,569,4
2026-08-06 16:35:14,392,635,565,4
2026-08-06 16:35:15,393,636,582,4
2026-08-06 16:35:16,391,631,565,4
2026-08-06 16:35:17,391,629,578,4
2026-08-06 16:35:18,395,634,567,4
2026-08-06 16:35:19,391,634,561,4
2026-08-06 16:35:20,392,636,559,4
2026-08-06 16:35:21,392,633,567,4
2026-08-06 16:35:22,395,634,555,4
2026-08-06 16:35:23,394,632,551,4
2026-08-06 16:35:24,393,631,559,4
2026-08-06 16:35:25,394,634,556,4
2026-08-06 16:35:26,392,634,570,4
2026-08-06 16:35:27,392,634,558,4
2026-08-06 16:35:28,392,635,569,4
2026-08-06 16:35:29,394,635,571,4
2026-08-06 16:35:30,392,633,584,4
2026-08-06 16:35:31,392,638,573,4
2026-08-06 16:35:32,392,628,577,4
2026-08-06 16:35:33,392,633,573,4
2026-08-06 16:35:34,392,630,577,4
2026-08-06 16:35:35,391,632,561,4
2026-08-06 16:35:36,395,633,577,4
2026-08-06 16:35:37,393,635,568,4
2026-08-06 16:35:38,391,630,555,4
2026-08-06 16:35:39,392,630,569,4
2026-08-06 16:35:40,393,630,575,4
2026-08-06 16:35:41,391,634,565,4
2026-08-06 16:35:42,394,633,549,4
2026-08-06 16:35:43,393,632,562,4
2026-08-06 16:35:44,393,630,570,4
2026-08-06 16:35:45,392,632,569,4
2026-08-06 16:35:46,392,630,575,4
2026-08-06 16:35:47,393,634,568,4
2026-08-06 16:35:48,393,635,573,4
2026-08-06 16:35:49,391,638,549,4
2026-08-06 16:35:50,396,629,561,4
2026-08-06 16:35:51,392,636,558,4
2026-08-06 16:35:52,392,630,572,4
2026-08-06 16:35:53,393,634,568,4
2026-08-06 16:35:54,393,631,559,4
2026-08-06 16:35:55,393,632,580,4
2026-08-06 16:35:56,394,634,564,4
2026-08-06 16:35:57,393,632,579,4
2026-08-06 16:35:58,392,633,570,4
2026-08-06 16:35:59,393,634,569,4
2026-08-06 16:36:00,393,631,581,4
2026-08-06 16:36:01,391,631,573,4
2026-08-06 16:36:02,393,633,572,4
2026-08-06 16:36:03,392,633,573,4
2026-08-06 16:36:04,391,632,568,4
2026-08-06 16:36:05,395,632,563,4
2026-08-06 16:36:06,392,633,578,4
2026-08-06 16:36:07,393,631,572,4
2026-08-06 16:36:08,390,634,559,4
2026-08-06 16:36:09,391,628,573,4
2026-08-06 16:36:10,392,633,568,4
2026-08-06 16:36:11,392,630,567,4
2026-08-06 16:36:12,393,633,572,4
2026-08-06 16:36:13,393,636,580,4
2026-08-06 16:36:14,391,636,566,4
2026-08-06 16:36:15,393,635,552,4
2026-08-06 16:36:16,393,639,565,4
2026-08-06 16:36:17,391,636,569,4
2026-08-06 16:36:18,392,634,554,4
2026-08-06 16:36:19,388,638,557,4
2026-08-06 16:36:20,396,628,566,4
2026-08-06 16:36:21,392,632,574,4
2026-08-06 16:36:22,393,634,570,4
2026-08-06 16:36:23,391,634,570,4
2026-08-06 16:36:24,393,641,567,4
2026-08-06 16:36:25,394,634,562,4
2026-08-06 16:36:26,392,632,562,4
2026-08-06 16:36:27,392,634,556,4
2026-08-06 16:36:28,392,633,562,4
2026-08-06 16:36:29,391,636,564,4
2026-08-06 16:36:30,393,629,567,4
2026-08-06 16:36:31,392,630,553,4
2026-08-06 16:36:32,397,632,573,4
2026-08-06 16:36:33,393,634,582,4
2026-08-06 16:36:34,394,632,574,4
2026-08-06 16:36:35,391,634,569,4
2026-08-06 16:36:36,395,632,576,4
2026-08-06 16:36:37,393,634,567,4
2026-08-06 16:36:38,391,631,571,4
2026-08-06 16:36:39,395,633,575,4
2026-08-06 16:36:40,391,633,578,4
2026-08-06 16:36:41,393,632,574,4
2026-08-06 16:36:42,393,634,568,4
2026-08-06 16:36:43,392,639,555,4
2026-08-06 16:36:44,392,634,574,4
2026-08-06 16:36:45,391,631,566,4
2026-08-06 16:36:46,392,629,561,4
2026-08-06 16:36:47,394,634,559,4
2026-08-06 16:36:48,390,633,574,4
2026-08-06 16:36:49,393,627,567,4
2026-08-06 16:36:50,392,634,577,4
2026-08-06 16:36:51,394,633,562,4
2026-08-06 16:36:52,392,634,572,4
2026-08-06 16:36:53,392,634,585,4
2026-08-06 16:36:54,394,631,575,4
2026-08-06 16:36:55,392,633,564,4
2026-08-06 16:36:56,394,633,564,4
2026-08-06 16:36:57,392,636,562,4
2026-08-06 16:36:58,393,633,565,4
2026-08-06 16:36:59,393,629,557,4
2026-08-06 16:37:00,392,630,563,4
2026-08-06 16:37:01,391,630,568,4
2026-08-06 16:37:02,394,634,558,4
2026-08-06 16:37:03,392,636,572,4
2026-08-06 16:37:04,391,630,564,4
2026-08-06 16:37:05,393,629,566,4
2026-08-06 16:37:06,391,639,569,4
2026-08-06 16:37:07,390,637,569,4
2026-08-06 16:37:08,393,631,563,4
2026-08-06 16:37:09,392,633,567,4
2026-08-06 16:37:10,393,633,569,4
2026-08-06 16:37:11,393,632,579,4
2026-08-06 16:37:12,393,631,571,4
2026-08-06 16:37:13,392,627,564,4
2026-08-06 16:37:14,393,633,580,4
2026-08-06 16:37:15,391,632,572,4
2026-08-06 16:37:16,393,636,569,4
2026-08-06 16:37:17,392,639,564,4
2026-08-06 16:37:18,394,635,568,4
2026-08-06 16:37:19,395,631,566,4
2026-08-06 16:37:20,395,629,565,4
2026-08-06 16:37:21,392,632,573,4
2026-08-06 16:37:22,393,632,571,4
2026-08-06 16:37:23,392,631,564,4
2026-08-06 16:37:24,392,630,569,4
2026-08-06 16:37:25,393,639,568,4
2026-08-06 16:37:26,393,628,556,4
2026-08-06 16:37:27,394,636,568,4
2026-08-06 16:37:28,393,629,568,4
2026-08-06 16:37:29,394,634,573,4
2026-08-06 16:37:30,392,634,562,4
2026-08-06 16:37:31,394,633,575,4
2026-08-06 16:37:32,394,629,571,4
2026-08-06 16:37:33,392,634,574,4
2026-08-06 16:37:34,394,632,561,4
2026-08-06 16:37:35,391,629,586,4
2026-08-06 16:37:36,392,634,579,4
2026-08-06 16:37:37,392,635,578,4
2026-08-06 16:37:38,392,632,567,4
2026-08-06 16:37:39,393,634,573,4
2026-08-06 16:37:40,392,632,570,4
2026-08-06 16:37:41,392,636,566,4
2026-08-06 16:37:42,390,638,566,4
2026-08-06 16:37:43,393,633,573,4
2026-08-06 16:37:44,392,633,564,4
2026-08-06 16:37:45,393,632,568,4
2026-08-06 16:37:46,394,636,564,4
2026-08-06 16:37:47,393,630,557,4
2026-08-06 16:37:48,392,634,561,4
2026-08-06 16:37:49,391,636,563,4
2026-08-06 16:37:50,396,636,556,4
2026-08-06 16:37:51,392,632,568,4
2026-08-06 16:37:52,392,635,581,4
2026-08-06 16:37:53,393,639,571,4
2026-08-06 16:37:54,392,630,570,4
2026-08-06 16:37:55,391,633,551,4
2026-08-06 16:37:56,394,633,564,4
2026-08-06 16:37:57,392,636,580,4
2026-08-06 16:37:58,394,630,566,4
2026-08-06 16:37:59,392,636,576,4
2026-08-06 16:38:00,393,632,567,4
2026-08-06 16:38:01,391,634,570,4
2026-08-06 16:38:02,391,635,569,4
2026-08-06 16:38:03,392,632,572,4
2026-08-06 16:38:04,392,630,564,4
2026-08-06 16:38:05,394,630,573,4
2026-08-06 16:38:06,393,633,562,4
2026-08-06 16:38:07,392,632,580,4
2026-08-06 16:38:08,392,632,579,4
2026-08-06 16:38:09,393,635,569,4
2026-08-06 16:38:10,393,630,560,4
2026-08-06 16:38:11,393,632,560,4
2026-08-06 16:38:12,392,634,556,4
2026-08-06 16:38:13,392,633,572,4
2026-08-06 16:38:14,394,634,565,4
2026-08-06 16:38:15,394,634,577,4
2026-08-06 16:38:16,392,630,570,4
2026-08-06 16:38:17,393,636,567,4
2026-08-06 16:38:18,393,635,586,4
2026-08-06 16:38:19,393,631,574,4
2026-08-06 16:38:20,392,635,576,4
2026-08-06 16:38:21,390,635,576,4
2026-08-06 16:38:22,394,635,566,4
2026-08-06 16:38:23,395,631,574,4
2026-08-06 16:38:24,393,636,570,4
2026-08-06 16:38:25,392,629,568,4
2026-08-06 16:38:26,393,629,577,4
2026-08-06 16:38:27,389,634,568,4
2026-08-06 16:38:28,393,631,576,4
2026-08-06 16:38:29,393,633,572,4
2026-08-06 16:38:30,392,638,567,4
2026-08-06 16:38:31,393,634,559,4
2026-08-06 16:38:32,393,635,557,4
2026-08-06 16:38:33,392,632,571,4
2026-08-06 16:38:34,392,634,569,4
2026-08-06 16:38:35,392,628,571,4
2026-08-06 16:38:36,392,632,560,4
2026-08-06 16:38:37,393,629,563,4
2026-08-06 16:38:38,394,633,567,4
2026-08-06 16:38:39,394,639,565,4
2026-08-06 16:38:40,392,635,571,4
2026-08-06 16:38:41,392,636,568,4
2026-08-06 16:38:42,392,633,571,4
2026-08-06 16:38:43,394,635,579,4
2026-08-06 16:38:44,391,633,564,4
2026-08-06 16:38:45,391,633,566,4
2026-08-06 16:38:46,393,636,564,4
2026-08-06 16:38:47,393,632,550,4
2026-08-06 16:38:48,394,632,575,4
2026-08-06 16:38:49,393,636,568,4
2026-08-06 16:38:50,391,634,575,4
2026-08-06 16:38:51,394,632,555,4
2026-08-06 16:38:52,392,637,564,4
2026-08-06 16:38:53,393,633,577,4
2026-08-06 16:38:54,395,633,569,4
2026-08-06 16:38:55,394,635,573,4
2026-08-06 16:38:56,392,633,560,4
2026-08-06 16:38:57,394,636,573,4
2026-08-06 16:38:58,395,635,582,4
2026-08-06 16:38:59,394,638,566,4
2026-08-06 16:39:00,392,631,572,4
2026-08-06 16:39:01,393,637,574,4
2026-08-06 16:39:02,393,635,572,4
2026-08-06 16:39:03,391,637,569,4
2026-08-06 16:39:04,392,632,568,4
2026-08-06 16:39:05,392,635,557,4
2026-08-06 16:39:06,392,634,563,4
2026-08-06 16:39:07,393,639,568,4
2026-08-06 16:39:08,392,628,572,4
2026-08-06 16:39:09,394,632,562,4
2026-08-06 16:39:10,394,633,559,4
2026-08-06 16:39:11,392,634,560,4
2026-08-06 16:39:12,394,631,566,4
2026-08-06 16:39:13,393,630,562,4
2026-08-06 16:39:14,392,635,557,4
2026-08-06 16:39:15,391,633,570,4
2026-08-06 16:39:16,392,638,558,4
2026-08-06 16:39:17,390,630,569,4
2026-08-06 16:39:18,393,634,568,4
2026-08-06 16:39:19,393,635,560,4
2026-08-06 16:39:20,395,631,567,4
2026-08-06 16:39:21,395,636,557,4
2026-08-06 16:39:22,391,628,559,4
2026-08-06 16:39:23,393,632,580,4
2026-08-06 16:39:24,390,635,572,4
2026-08-06 16:39:25,395,631,581,4
2026-08-06 16:39:26,393,630,565,4
2026-08-06 16:39:27,393,633,574,4
2026-08-06 16:39:28,393,634,572,4
2026-08-06 16:39:29,392,631,575,4
2026-08-06 16:39:30,392,632,556,4
2026-08-06 16:39:31,392,633,584,4
2026-08-06 16:39:32,391,632,571,4
2026-08-06 16:39:33,393,634,567,4
2026-08-06 16:39:34,394,631,567,4
2026-08-06 16:39:35,394,633,568,4
2026-08-06 16:39:36,394,632,579,4
2026-08-06 16:39:37,393,631,556,4
2026-08-06 16:39:38,393,632,564,4
2026-08-06 16:39:39,390,637,582,4
2026-08-06 16:39:40,392,635,567,4
2026-08-06 16:39:41,397,628,572,4
2026-08-06 16:39:42,392,632,567,4
2026-08-06 16:39:43,393,634,570,4
2026-08-06 16:39:44,393,630,575,4
2026-08-06 16:39:45,394,634,580,4
2026-08-06 16:39:46,390,632,574,4
2026-08-06 16:39:47,392,632,563,4
2026-08-06 16:39:48,393,633,560,4
2026-08-06 16:39:49,393,630,556,4
2026-08-06 16:39:50,393,631,565,4
2026-08-06 16:39:51,393,637,564,4
2026-08-06 16:39:52,393,631,555,4
2026-08-06 16:39:53,392,637,571,4
2026-08-06 16:39:54,393,632,571,4
2026-08-06 16:39:55,393,640,564,4
2026-08-06 16:39:56,390,633,578,4
2026-08-06 16:39:57,391,636,570,4
2026-08-06 16:39:58,392,633,552,4
2026-08-06 16:39:59,393,629,574,4
2026-08-06 16:40:00,393,634,571,4
2026-08-06 16:40:01,392,631,572,4
2026-08-06 16:40:02,392,634,564,4
2026-08-06 16:40:03,394,633,542,4
2026-08-06 16:40:04,393,631,568,4
2026-08-06 16:40:05,392,632,571,4
2026-08-06 16:40:06,394,634,590,4
2026-08-06 16:40:07,392,632,561,4
2026-08-06 16:40:08,393,629,563,4
2026-08-06 16:40:09,394,635,566,4
2026-08-06 16:40:10,392,629,570,4
2026-08-06 16:40:11,392,634,568,4
2026-08-06 16:40:12,391,636,564,4
2026-08-06 16:40:13,393,631,568,4
2026-08-06 16:40:14,392,632,561,4
2026-08-06 16:40:15,393,633,577,4
2026-08-06 16:40:16,394,634,557,4
2026-08-06 16:40:17,394,633,569,4
2026-08-06 16:40:18,392,635,563,4
2026-08-06 16:40:19,397,634,561,4
2026-08-06 16:40:20,392,631,562,4
2026-08-06 16:40:21,393,633,568,4
2026-08-06 16:40:22,392,635,562,4
2026-08-06 16:40:23,387,628,582,4
2026-08-06 16:40:24,394,635,559,4
2026-08-06 16:40:25,392,628,567,4
2026-08-06 16:40:26,393,633,565,4
2026-08-06 16:40:27,392,631,559,4
2026-08-06 16:40:28,394,626,563,4
2026-08-06 16:40:29,394,634,571,4
2026-08-06 16:40:30,394,634,571,4
2026-08-06 16:40:31,392,632,581,4
2026-08-06 16:40:32,392,636,573,4
2026-08-06 16:40:33,393,636,569,4
2026-08-06 16:40:34,392,631,561,4
2026-08-06 16:40:35,392,631,568,4
2026-08-06 16:40:36,394,630,573,4
2026-08-06 16:40:37,394,633,567,4
2026-08-06 16:40:38,391,633,566,4
2026-08-06 16:40:39,387,633,569,4
2026-08-06 16:40:40,391,636,566,4
2026-08-06 16:40:41,392,635,571,4
2026-08-06 16:40:42,392,634,558,4
2026-08-06 16:40:43,392,634,569,4
2026-08-06 16:40:44,391,632,565,4
2026-08-06 16:40:45,390,631,567,4
2026-08-06 16:40:46,392,629,559,4
2026-08-06 16:40:47,393,632,565,4
2026-08-06 16:40:48,393,632,564,4
2026-08-06 16:40:49,393,630,567,4
2026-08-06 16:40:50,392,633,564,4
2026-08-06 16:40:51,392,633,583,4
2026-08-06 16:40:52,390,634,570,4
2026-08-06 16:40:53,393,631,564,4
2026-08-06 16:40:54,394,633,573,4
2026-08-06 16:40:55,391,635,567,4
2026-08-06 16:40:56,391,630,560,4
2026-08-06 16:40:57,392,635,564,4
2026-08-06 16:40:58,393,630,565,4
2026-08-06 16:40:59,393,637,567,4
2026-08-06 16:41:00,391,631,562,4
2026-08-06 16:41:01,392,635,577,4
2026-08-06 16:41:02,393,630,551,4
2026-08-06 16:41:03,391,632,563,4
2026-08-06 16:41:04,395,633,553,4
2026-08-06 16:41:05,394,631,563,4
2026-08-06 16:41:06,393,632,567,4
2026-08-06 16:41:07,392,635,576,4
2026-08-06 16:41:08,392,632,564,4
2026-08-06 16:41:09,393,629,568,4
2026-08-06 16:41:10,393,635,577,4
2026-08-06 16:41:11,392,633,569,4
2026-08-06 16:41:12,392,638,561,4
2026-08-06 16:41:13,394,638,558,4
2026-08-06 16:41:14,395,635,563,4
2026-08-06 16:41:15,390,633,578,4
2026-08-06 16:41:16,390,628,562,4
2026-08-06 16:41:17,393,625,574,4
2026-08-06 16:41:18,393,631,576,4
2026-08-06 16:41:19,393,635,571,4
2026-08-06 16:41:20,393,632,567,4
2026-08-06 16:41:21,393,633,578,4
2026-08-06 16:41:22,393,635,581,4
2026-08-06 16:41:23,392,634,568,4
2026-08-06 16:41:24,391,634,575,4
2026-08-06 16:41:25,393,632,572,4
2026-08-06 16:41:26,395,634,566,4
2026-08-06 16:41:27,393,635,574,4
2026-08-06 16:41:28,392,630,558,4
2026-08-06 16:41:29,390,633,574,4
2026-08-06 16:41:30,390,632,561,4
2026-08-06 16:41:31,389,630,572,4
2026-08-06 16:41:32,390,629,589,4
2026-08-06 16:41:33,391,628,556,4
2026-08-06 16:41:34,392,637,566,4
2026-08-06 16:41:35,392,630,559,4
2026-08-06 16:41:36,391,634,572,4
2026-08-06 16:41:37,392,630,566,4
2026-08-06 16:41:38,392,634,568,4
2026-08-06 16:41:39,392,634,575,4
2026-08-06 16:41:40,393,636,563,4
2026-08-06 16:41:41,393,633,566,4
2026-08-06 16:41:42,393,637,566,4
2026-08-06 16:41:43,392,633,571,4
2026-08-06 16:41:44,390,633,545,4
2026-08-06 16:41:45,392,630,552,4
2026-08-06 16:41:46,392,629,557,4
2026-08-06 16:41:47,395,637,568,4
2026-08-06 16:41:48,393,635,557,4
2026-08-06 16:41:49,394,631,563,4
2026-08-06 16:41:50,390,635,569,4
2026-08-06 16:41:51,393,637,565,4
2026-08-06 16:41:52,391,633,574,4
2026-08-06 16:41:53,392,633,561,4
2026-08-06 16:41:54,391,632,557,4
2026-08-06 16:41:55,392,632,567,4
2026-08-06 16:41:56,388,635,562,4
2026-08-06 16:41:57,394,637,572,4
2026-08-06 16:41:58,392,634,569,4
2026-08-06 16:41:59,393,634,560,4
2026-08-06 16:42:00,392,634,569,4
2026-08-06 16:42:01,397,635,561,4
2026-08-06 16:42:02,394,633,566,4
2026-08-06 16:42:03,392,632,554,4
2026-08-06 16:42:04,392,629,582,4
2026-08-06 16:42:05,391,632,572,4
2026-08-06 16:42:06,393,637,566,4
2026-08-06 16:42:07,392,633,554,4
2026-08-06 16:42:08,391,630,577,4
2026-08-06 16:42:09,393,631,580,4
2026-08-06 16:42:10,391,634,565,4
2026-08-06 16:42:11,391,634,566,4
2026-08-06 16:42:12,392,633,564,4
2026-08-06 16:42:13,391,631,564,4
2026-08-06 16:42:14,394,634,557,4
2026-08-06 16:42:15,392,638,563,4
2026-08-06 16:42:16,391,635,568,4
2026-08-06 16:42:17,392,633,572,4
2026-08-06 16:42:18,395,632,562,4
2026-08-06 16:42:19,393,635,572,4
2026-08-06 16:42:20,392,633,580,4
2026-08-06 16:42:21,392,636,569,4
2026-08-06 16:42:22,390,627,565,4
2026-08-06 16:42:23,393,630,568,4
2026-08-06 16:42:24,396,632,571,4
2026-08-06 16:42:25,392,635,557,4
2026-08-06 16:42:26,394,636,564,4
2026-08-06 16:42:27,392,631,556,4
2026-08-06 16:42:28,393,630,580,4
2026-08-06 16:42:29,393,637,567,4
2026-08-06 16:42:30,393,633,569,4
2026-08-06 16:42:31,391,637,557,4
2026-08-06 16:42:32,390,632,570,4
2026-08-06 16:42:33,393,629,564,4
2026-08-06 16:42:34,391,631,570,4
2026-08-06 16:42:35,394,634,548,4
2026-08-06 16:42:36,393,632,577,4
2026-08-06 16:42:37,392,632,564,4
2026-08-06 16:42:38,394,632,557,4
2026-08-06 16:42:39,391,628,560,4
2026-08-06 16:42:40,392,631,573,4
2026-08-06 16:42:41,391,632,581,4
2026-08-06 16:42:42,392,630,561,4
2026-08-06 16:42:43,393,630,570,4
2026-08-06 16:42:44,392,632,582,4
2026-08-06 16:42:45,393,633,560,4
2026-08-06 16:42:46,394,634,565,4
2026-08-06 16:42:47,393,633,568,4
2026-08-06 16:42:48,393,633,584,4
2026-08-06 16:42:49,392,632,575,4
2026-08-06 16:42:50,392,634,574,4
2026-08-06 16:42:51,392,632,575,4
2026-08-06 16:42:52,391,633,566,4
2026-08-06 16:42:53,390,628,597,4
2026-08-06 16:42:54,393,634,563,4
2026-08-06 16:42:55,392,632,584,4
2026-08-06 16:42:56,394,631,551,4
2026-08-06 16:42:57,392,630,559,4
2026-08-06 16:42:58,392,628,575,4
2026-08-06 16:42:59,393,634,554,4
2026-08-06 16:43:00,393,633,578,4
2026-08-06 16:43:01,394,633,579,4
2026-08-06 16:43:02,396,633,567,4
2026-08-06 16:43:03,393,631,570,4
2026-08-06 16:43:04,390,635,562,4
2026-08-06 16:43:05,392,628,570,4
2026-08-06 16:43:06,393,634,568,4
2026-08-06 16:43:07,392,636,564,4
2026-08-06 16:43:08,393,632,569,4
2026-08-06 16:43:09,393,633,565,4
2026-08-06 16:43:10,395,638,572,4
2026-08-06 16:43:11,393,635,556,4
2026-08-06 16:43:12,391,631,576,4
2026-08-06 16:43:13,393,632,567,4
2026-08-06 16:43:14,393,638,547,4
2026-08-06 16:43:15,392,634,573,4
2026-08-06 16:43:16,392,632,560,4
2026-08-06 16:43:17,391,629,563,4
2026-08-06 16:43:18,391,633,571,4
2026-08-06 16:43:19,393,630,574,4
2026-08-06 16:43:20,394,632,567,4
2026-08-06 16:43:21,393,633,558,4
2026-08-06 16:43:22,392,631,563,4
2026-08-06 16:43:23,391,632,573,4
2026-08-06 16:43:24,392,632,564,4
2026-08-06 16:43:25,392,634,554,4
2026-08-06 16:43:26,393,631,569,4
2026-08-06 16:43:27,391,634,564,4
2026-08-06 16:43:28,395,633,556,4
2026-08-06 16:43:29,393,629,565,4
2026-08-06 16:43:30,392,635,573,4
2026-08-06 16:43:31,393,630,560,4
2026-08-06 16:43:32,390,632,564,4
2026-08-06 16:43:33,392,631,558,4
2026-08-06 16:43:34,393,631,579,4
2026-08-06 16:43:35,392,637,556,4
2026-08-06 16:43:36,392,632,568,4
2026-08-06 16:43:37,391,629,563,4
2026-08-06 16:43:38,390,634,569,4
2026-08-06 16:43:39,392,630,568,4
2026-08-06 16:43:40,391,634,578,4
2026-08-06 16:43:41,393,635,575,4
2026-08-06 16:43:42,394,634,570,4
2026-08-06 16:43:43,393,637,566,4
2026-08-06 16:43:44,393,634,568,4
2026-08-06 16:43:45,395,629,558,4
2026-08-06 16:43:46,391,633,570,4
2026-08-06 16:43:47,391,633,572,4
2026-08-06 16:43:48,392,635,571,4
2026-08-06 16:43:49,391,633,570,4
2026-08-06 16:43:50,391,632,573,4
2026-08-06 16:43:51,395,633,561,4
2026-08-06 16:43:52,391,633,569,4
2026-08-06 16:43:53,391,627,563,4
2026-08-06 16:43:54,393,631,546,4
2026-08-06 16:43:55,396,634,556,4
2026-08-06 16:43:56,391,632,578,4
2026-08-06 16:43:57,393,633,576,4
2026-08-06 16:43:58,393,633,562,4
2026-08-06 16:43:59,390,632,565,4
2026-08-06 16:44:00,392,635,561,4
2026-08-06 16:44:01,392,633,574,4
2026-08-06 16:44:02,395,631,574,4
2026-08-06 16:44:03,389,632,561,4
2026-08-06 16:44:04,392,631,565,4
2026-08-06 16:44:05,392,635,578,4
2026-08-06 16:44:06,393,633,558,4
2026-08-06 16:44:07,392,635,567,4
2026-08-06 16:44:08,391,634,558,4
2026-08-06 16:44:09,392,633,570,4
2026-08-06 16:44:10,394,631,567,4
2026-08-06 16:44:11,391,632,567,4
2026-08-06 16:44:12,393,629,570,4
2026-08-06 16:44:13,391,633,571,4
2026-08-06 16:44:14,394,633,570,4
2026-08-06 16:44:15,392,632,552,4
2026-08-06 16:44:16,394,632,564,4
2026-08-06 16:44:17,392,629,573,4
2026-08-06 16:44:18,391,627,565,4
2026-08-06 16:44:19,392,633,564,4
2026-08-06 16:44:20,394,633,562,4
2026-08-06 16:44:21,390,637,559,4
2026-08-06 16:44:22,393,626,562,4
2026-08-06 16:44:23,391,631,565,4
2026-08-06 16:44:24,392,636,554,4
2026-08-06 16:44:25,394,632,564,4
2026-08-06 16:44:26,392,628,552,4
2026-08-06 16:44:27,393,632,566,4
2026-08-06 16:44:28,391,635,565,4
2026-08-06 16:44:29,395,631,566,4
2026-08-06 16:44:30,392,634,566,4
2026-08-06 16:44:31,393,630,574,4
2026-08-06 16:44:32,392,636,573,4
2026-08-06 16:44:33,392,633,559,4
2026-08-06 16:44:34,392,632,568,4
2026-08-06 16:44:35,393,630,574,4
2026-08-06 16:44:36,392,635,558,4
2026-08-06 16:44:37,392,635,571,4
2026-08-06 16:44:38,389,634,565,4
2026-08-06 16:44:39,393,634,552,4
2026-08-06 16:44:40,393,632,552,4
2026-08-06 16:44:41,393,636,574,4
2026-08-06 16:44:42,391,634,577,4
2026-08-06 16:44:43,393,637,571,4
2026-08-06 16:44:44,392,630,572,4
2026-08-06 16:44:45,391,634,558,4
2026-08-06 16:44:46,392,628,570,4
2026-08-06 16:44:47,390,639,567,4
2026-08-06 16:44:48,393,629,562,4
2026-08-06 16:44:49,393,630,565,4
2026-08-06 16:44:50,393,628,576,4
2026-08-06 16:44:51,394,634,568,4
2026-08-06 16:44:52,392,632,553,4
2026-08-06 16:44:53,395,627,571,4
2026-08-06 16:44:54,391,635,566,4
2026-08-06 16:44:55,393,630,579,4
2026-08-06 16:44:56,394,632,571,4
2026-08-06 16:44:57,391,629,568,4
2026-08-06 16:44:58,391,633,566,4
2026-08-06 16:44:59,391,632,574,4
2026-08-06 16:45:00,393,630,563,4
2026-08-06 16:45:01,392,627,561,4
2026-08-06 16:45:02,391,633,570,4
2026-08-06 16:45:03,393,631,563,4
2026-08-06 16:45:04,393,631,558,4
2026-08-06 16:45:05,391,633,578,4
2026-08-06 16:45:06,390,630,570,4
2026-08-06 16:45:07,390,629,566,4
2026-08-06 16:45:08,391,634,556,4
2026-08-06 16:45:09,393,631,569,4
2026-08-06 16:45:10,394,637,566,4
2026-08-06 16:45:11,391,635,569,4
2026-08-06 16:45:12,395,626,562,4
2026-08-06 16:45:13,392,635,554,4
2026-08-06 16:45:14,391,635,561,4
2026-08-06 16:45:15,389,634,559,4
2026-08-06 16:45:16,392,632,570,4
2026-08-06 16:45:17,393,636,565,4
2026-08-06 16:45:18,392,632,566,4
2026-08-06 16:45:19,395,635,565,4
2026-08-06 16:45:20,392,631,564,4
2026-08-06 16:45:21,394,635,566,4
2026-08-06 16:45:22,392,634,557,4
2026-08-06 16:45:23,392,634,564,4
2026-08-06 16:45:24,392,634,572,4
2026-08-06 16:45:25,394,637,567,4
2026-08-06 16:45:26,392,633,568,4
2026-08-06 16:45:27,395,633,568,4
2026-08-06 16:45:28,395,637,575,4
2026-08-06 16:45:29,390,633,552,4
2026-08-06 16:45:30,393,635,573,4
2026-08-06 16:45:31,394,631,554,4
2026-08-06 16:45:32,392,636,573,4
2026-08-06 16:45:33,391,634,570,4
2026-08-06 16:45:34,392,626,558,4
2026-08-06 16:45:35,392,635,560,4
2026-08-06 16:45:36,392,636,574,4
2026-08-06 16:45:37,394,633,570,4
2026-08-06 16:45:38,393,634,561,4
2026-08-06 16:45:39,393,634,548,4
2026-08-06 16:45:40,392,633,547,4
2026-08-06 16:45:41,392,632,571,4
2026-08-06 16:45:42,392,633,547,4
2026-08-06 16:45:43,392,634,571,4
2026-08-06 16:45:44,389,628,578,4
2026-08-06 16:45:45,392,634,562,4
2026-08-06 16:45:46,392,637,557,4
2026-08-06 16:45:47,393,636,570,4
2026-08-06 16:45:48,393,633,547,4
2026-08-06 16:45:49,393,635,562,4
2026-08-06 16:45:50,392,636,563,4
2026-08-06 16:45:51,393,634,575,4
2026-08-06 16:45:52,392,632,575,4
2026-08-06 16:45:53,393,632,566,4
2026-08-06 16:45:54,391,632,565,4
2026-08-06 16:45:55,394,634,567,4
2026-08-06 16:45:56,394,630,566,4
2026-08-06 16:45:57,393,634,559,4
2026-08-06 16:45:58,391,633,560,4
2026-08-06 16:45:59,392,633,570,4
2026-08-06 16:46:00,392,635,562,4
2026-08-06 16:46:01,393,634,563,4
2026-08-06 16:46:02,393,639,565,4
2026-08-06 16:46:03,392,635,561,4
2026-08-06 16:46:04,393,628,555,4
2026-08-06 16:46:05,391,627,565,4
2026-08-06 16:46:06,392,631,561,4
2026-08-06 16:46:07,391,633,569,4
2026-08-06 16:46:08,393,639,568,4
2026-08-06 16:46:09,393,635,572,4
2026-08-06 16:46:10,392,633,559,4
2026-08-06 16:46:11,392,633,554,4
2026-08-06 16:46:12,392,634,581,4
2026-08-06 16:46:13,391,629,572,4
2026-08-06 16:46:14,391,635,560,4
2026-08-06 16:46:15,392,632,577,4
2026-08-06 16:46:16,393,631,555,4
2026-08-06 16:46:17,393,635,564,4
2026-08-06 16:46:18,390,629,566,4
2026-08-06 16:46:19,395,632,579,4
2026-08-06 16:46:20,393,636,563,4
2026-08-06 16:46:21,394,631,575,4
2026-08-06 16:46:22,392,641,575,4
2026-08-06 16:46:23,391,634,564,4
2026-08-06 16:46:24,392,636,572,4
2026-08-06 16:46:25,391,631,578,4
2026-08-06 16:46:26,392,634,572,4
2026-08-06 16:46:27,391,633,565,4
2026-08-06 16:46:28,394,635,560,4
2026-08-06 16:46:29,392,635,561,4
2026-08-06 16:46:30,393,633,560,4
2026-08-06 16:46:31,391,632,560,4
2026-08-06 16:46:32,394,633,570,4
2026-08-06 16:46:33,392,636,556,4
2026-08-06 16:46:34,392,628,559,4
2026-08-06 16:46:35,396,629,563,4
2026-08-06 16:46:36,392,634,565,4
2026-08-06 16:46:37,390,631,572,4
2026-08-06 16:46:38,391,630,564,4
2026-08-06 16:46:39,390,632,561,4
2026-08-06 16:46:40,392,625,572,4
2026-08-06 16:46:41,392,636,555,4
2026-08-06 16:46:42,392,634,571,4
2026-08-06 16:46:43,393,636,568,4
2026-08-06 16:46:44,392,634,567,4
2026-08-06 16:46:45,393,634,561,4
2026-08-06 16:46:46,394,636,550,4
2026-08-06 16:46:47,392,636,570,4
2026-08-06 16:46:48,395,631,590,4
2026-08-06 16:46:49,391,631,567,4
2026-08-06 16:46:50,391,630,578,4
2026-08-06 16:46:51,394,628,549,4
2026-08-06 16:46:52,392,630,570,4
2026-08-06 16:46:53,392,630,556,4
2026-08-06 16:46:54,393,636,553,4
2026-08-06 16:46:55,393,632,578,4
2026-08-06 16:46:56,391,632,567,4
2026-08-06 16:46:57,392,633,568,4
2026-08-06 16:46:58,391,637,568,4
2026-08-06 16:46:59,391,630,564,4
2026-08-06 16:47:00,390,637,556,4
2026-08-06 16:47:01,393,637,561,4
2026-08-06 16:47:02,388,636,563,4
2026-08-06 16:47:03,393,637,557,4
2026-08-06 16:47:04,394,634,568,4
2026-08-06 16:47:05,395,629,560,4
2026-08-06 16:47:06,392,632,571,4
2026-08-06 16:47:07,391,630,575,4
2026-08-06 16:47:08,391,630,569,4
2026-08-06 16:47:09,394,632,572,4
2026-08-06 16:47:10,394,635,568,4
2026-08-06 16:47:11,394,633,565,4
2026-08-06 16:47:12,393,633,570,4
2026-08-06 16:47:13,392,635,550,4
2026-08-06 16:47:14,390,637,558,4
2026-08-06 16:47:15,392,635,570,4
2026-08-06 16:47:16,390,637,555,4
2026-08-06 16:47:17,393,633,550,4
2026-08-06 16:47:18,393,626,568,4
2026-08-06 16:47:19,398,633,560,4
2026-08-06 16:47:20,394,632,567,4
2026-08-06 16:47:21,394,634,573,4
2026-08-06 16:47:22,393,629,559,4
2026-08-06 16:47:23,390,633,574,4
2026-08-06 16:47:24,393,633,586,4
2026-08-06 16:47:25,392,633,555,4
2026-08-06 16:47:26,393,637,570,4
2026-08-06 16:47:27,393,634,568,4
2026-08-06 16:47:28,390,633,581,4
2026-08-06 16:47:29,393,630,569,4
2026-08-06 16:47:30,393,633,573,4
2026-08-06 16:47:31,392,629,562,4
2026-08-06 16:47:32,391,630,555,4
2026-08-06 16:47:33,394,637,580,4
2026-08-06 16:47:34,393,632,559,4
2026-08-06 16:47:35,392,634,563,4
2026-08-06 16:47:36,393,635,573,4
2026-08-06 16:47:37,390,636,569,4
2026-08-06 16:47:38,390,632,564,4
2026-08-06 16:47:39,393,633,560,4
2026-08-06 16:47:40,393,631,565,4
2026-08-06 16:47:41,392,629,562,4
2026-08-06 16:47:42,393,637,577,4
2026-08-06 16:47:43,392,634,563,4
2026-08-06 16:47:44,392,633,580,4
2026-08-06 16:47:45,391,632,561,4
2026-08-06 16:47:46,392,635,564,4
2026-08-06 16:47:47,391,633,573,4
2026-08-06 16:47:48,392,629,573,4
2026-08-06 16:47:49,394,631,565,4
2026-08-06 16:47:50,390,633,562,4
2026-08-06 16:47:51,396,631,557,4
2026-08-06 16:47:52,392,632,562,4
2026-08-06 16:47:53,393,632,571,4
2026-08-06 16:47:54,393,633,562,4
2026-08-06 16:47:55,394,629,565,4
2026-08-06 16:47:56,392,633,549,4
2026-08-06 16:47:57,392,635,554,4
2026-08-06 16:47:58,393,635,562,4
2026-08-06 16:47:59,392,628,563,4
2026-08-06 16:48:00,394,635,557,4
2026-08-06 16:48:01,391,633,573,4
2026-08-06 16:48:02,391,632,567,4
2026-08-06 16:48:03,391,629,557,4
2026-08-06 16:48:04,391,632,555,4
2026-08-06 16:48:05,392,632,573,4
2026-08-06 16:48:06,393,634,575,4
2026-08-06 16:48:07,391,631,567,4
2026-08-06 16:48:08,394,632,584,4
2026-08-06 16:48:09,393,633,568,4
2026-08-06 16:48:10,394,634,568,4
2026-08-06 16:48:11,394,631,558,4
2026-08-06 16:48:12,392,630,563,4
2026-08-06 16:48:13,392,633,563,4
2026-08-06 16:48:14,393,632,568,4
2026-08-06 16:48:15,394,636,565,4
2026-08-06 16:48:16,391,635,570,4
2026-08-06 16:48:17,395,640,556,4
2026-08-06 16:48:18,393,628,558,4
2026-08-06 16:48:19,392,630,561,4
2026-08-06 16:48:20,393,633,565,4
2026-08-06 16:48:21,394,630,575,4
2026-08-06 16:48:22,394,635,565,4
2026-08-06 16:48:23,393,636,558,4
2026-08-06 16:48:24,391,633,564,4
2026-08-06 16:48:25,395,627,563,4
2026-08-06 16:48:26,392,631,574,4
2026-08-06 16:48:27,391,629,568,4
2026-08-06 16:48:28,392,627,578,4
2026-08-06 16:48:29,388,630,562,4
2026-08-06 16:48:30,390,635,575,4
2026-08-06 16:48:31,392,630,577,4
2026-08-06 16:48:32,393,631,567,4
2026-08-06 16:48:33,391,636,564,4
2026-08-06 16:48:34,393,630,553,4
2026-08-06 16:48:35,391,636,558,4
2026-08-06 16:48:36,390,635,559,4
2026-08-06 16:48:37,392,635,572,4
2026-08-06 16:48:38,391,631,556,4
2026-08-06 16:48:39,392,633,569,4
2026-08-06 16:48:40,392,630,582,4
2026-08-06 16:48:41,393,631,565,4
2026-08-06 16:48:42,394,629,566,4
2026-08-06 16:48:43,393,628,569,4
2026-08-06 16:48:44,392,633,557,4
2026-08-06 16:48:45,390,632,564,4
2026-08-06 16:48:46,391,632,560,4
2026-08-06 16:48:47,393,635,556,4
2026-08-06 16:48:48,394,634,567,4
2026-08-06 16:48:49,393,634,565,4
2026-08-06 16:48:50,394,633,559,4
2026-08-06 16:48:51,393,634,566,4
2026-08-06 16:48:52,393,632,554,4
2026-08-06 16:48:53,394,633,553,4
2026-08-06 16:48:54,392,632,546,4
2026-08-06 16:48:55,393,635,553,4
2026-08-06 16:48:56,391,632,554,4
2026-08-06 16:48:57,392,635,561,4
2026-08-06 16:48:58,392,635,564,4
2026-08-06 16:48:59,392,637,563,4
2026-08-06 16:49:00,393,634,572,4
2026-08-06 16:49:01,391,635,560,4
2026-08-06 16:49:02,394,634,560,4
2026-08-06 16:49:03,393,633,554,4
2026-08-06 16:49:04,391,632,575,4
2026-08-06 16:49:05,394,631,565,4
2026-08-06 16:49:06,393,631,564,4
2026-08-06 16:49:07,392,628,566,4
2026-08-06 16:49:08,391,630,565,4
2026-08-06 16:49:09,393,635,569,4
2026-08-06 16:49:10,392,629,562,4
2026-08-06 16:49:11,394,632,565,4
2026-08-06 16:49:12,391,631,555,4
2026-08-06 16:49:13,392,633,567,4
2026-08-06 16:49:14,392,631,555,4
2026-08-06 16:49:15,393,633,567,4
2026-08-06 16:49:16,390,632,558,4
2026-08-06 16:49:17,392,628,563,4
2026-08-06 16:49:18,392,633,554,4
2026-08-06 16:49:19,392,630,580,4
2026-08-06 16:49:20,391,635,561,4
2026-08-06 16:49:21,391,632,550,4
2026-08-06 16:49:22,393,627,553,4
2026-08-06 16:49:23,391,629,553,4
2026-08-06 16:49:24,393,637,567,4
2026-08-06 16:49:25,394,635,565,4
2026-08-06 16:49:26,393,634,561,4
2026-08-06 16:49:27,392,634,556,4
2026-08-06 16:49:28,392,632,574,4
2026-08-06 16:49:29,393,632,570,4
2026-08-06 16:49:30,392,637,564,4
2026-08-06 16:49:31,391,637,569,4
2026-08-06 16:49:32,393,631,572,4
2026-08-06 16:49:33,394,636,554,4
2026-08-06 16:49:34,391,633,564,4
2026-08-06 16:49:35,390,636,563,4
2026-08-06 16:49:36,393,635,571,4
2026-08-06 16:49:37,393,634,567,4
2026-08-06 16:49:38,393,633,571,4
2026-08-06 16:49:39,392,634,564,4
2026-08-06 16:49:40,392,632,567,4
2026-08-06 16:49:41,395,634,565,4
2026-08-06 16:49:42,390,631,574,4
2026-08-06 16:49:43,393,637,566,4
2026-08-06 16:49:44,393,633,556,4
2026-08-06 16:49:45,392,630,548,4
2026-08-06 16:49:46,393,638,565,4
2026-08-06 16:49:47,392,630,572,4
2026-08-06 16:49:48,394,633,564,4
2026-08-06 16:49:49,392,633,559,4
2026-08-06 16:49:50,390,630,564,4
2026-08-06 16:49:51,393,632,567,4
2026-08-06 16:49:52,391,631,561,4
2026-08-06 16:49:53,394,629,572,4
2026-08-06 16:49:54,392,628,573,4
2026-08-06 16:49:55,393,634,559,4
2026-08-06 16:49:56,392,630,560,4
2026-08-06 16:49:57,390,633,556,4
2026-08-06 16:49:58,393,632,572,4
2026-08-06 16:49:59,391,632,568,4
2026-08-06 16:50:00,394,634,560,4
2026-08-06 16:50:01,392,632,560,4
2026-08-06 16:50:02,392,634,553,4
2026-08-06 16:50:03,390,632,577,4
2026-08-06 16:50:04,391,634,559,4
2026-08-06 16:50:05,392,634,570,4
2026-08-06 16:50:06,393,632,562,4
2026-08-06 16:50:07,393,629,565,4
2026-08-06 16:50:08,392,634,567,4
2026-08-06 16:50:09,391,634,558,4
2026-08-06 16:50:10,391,631,567,4
2026-08-06 16:50:11,393,636,554,4
2026-08-06 16:50:12,394,634,566,4
2026-08-06 16:50:13,395,636,559,4
2026-08-06 16:50:14,392,632,556,4
2026-08-06 16:50:15,392,633,566,4
2026-08-06 16:50:16,393,633,556,4
2026-08-06 16:50:17,393,635,557,4
2026-08-06 16:50:18,393,632,565,4
2026-08-06 16:50:19,391,631,565,4
2026-08-06 16:50:20,394,631,571,4
2026-08-06 16:50:21,388,628,569,4
2026-08-06 16:50:22,392,632,568,4
2026-08-06 16:50:23,393,632,569,4
2026-08-06 16:50:24,393,632,572,4
2026-08-06 16:50:25,393,635,564,4
2026-08-06 16:50:26,391,631,567,4
2026-08-06 16:50:27,392,634,571,4
2026-08-06 16:50:28,394,633,570,4
2026-08-06 16:50:29,394,635,570,4
2026-08-06 16:50:30,394,633,568,4
2026-08-06 16:50:31,393,636,568,4
2026-08-06 16:50:32,393,630,572,4
2026-08-06 16:50:33,393,631,574,4
2026-08-06 16:50:34,392,629,579,4
2026-08-06 16:50:35,394,625,565,4
2026-08-06 16:50:36,393,631,557,4
2026-08-06 16:50:37,394,630,567,4
2026-08-06 16:50:38,392,634,556,4
2026-08-06 16:50:39,393,630,561,4
2026-08-06 16:50:40,394,630,569,4
2026-08-06 16:50:41,393,637,567,4
2026-08-06 16:50:42,389,631,560,4
2026-08-06 16:50:43,392,628,574,4
2026-08-06 16:50:44,392,632,573,4
2026-08-06 16:50:45,393,630,571,4
2026-08-06 16:50:46,396,635,563,4
2026-08-06 16:50:47,393,631,567,4
2026-08-06 16:50:48,394,634,560,4
2026-08-06 16:50:49,392,633,571,4
2026-08-06 16:50:50,393,634,562,4
2026-08-06 16:50:51,394,640,569,4
2026-08-06 16:50:52,393,631,567,4
2026-08-06 16:50:53,393,626,573,4
2026-08-06 16:50:54,391,630,558,4
2026-08-06 16:50:55,392,632,557,4
2026-08-06 16:50:56,392,631,572,4
2026-08-06 16:50:57,393,632,564,4
2026-08-06 16:50:58,391,634,566,4
2026-08-06 16:50:59,393,631,573,4
2026-08-06 16:51:00,392,632,557,4
2026-08-06 16:51:01,392,631,561,4
2026-08-06 16:51:02,391,635,556,4
2026-08-06 16:51:03,392,635,568,4
2026-08-06 16:51:04,392,638,567,4
2026-08-06 16:51:05,392,637,565,4
2026-08-06 16:51:06,393,634,584,4
2026-08-06 16:51:07,389,631,547,4
2026-08-06 16:51:08,394,635,567,4
2026-08-06 16:51:09,391,632,554,4
2026-08-06 16:51:10,395,635,557,4
2026-08-06 16:51:11,393,629,553,4
2026-08-06 16:51:12,392,631,565,4
2026-08-06 16:51:13,390,633,570,4
2026-08-06 16:51:14,391,633,560,4
2026-08-06 16:51:15,386,634,575,4
2026-08-06 16:51:16,394,628,574,4
2026-08-06 16:51:17,392,634,569,4
2026-08-06 16:51:18,392,632,567,4
2026-08-06 16:51:19,390,634,578,4
2026-08-06 16:51:20,392,632,562,4
2026-08-06 16:51:21,391,630,563,4
2026-08-06 16:51:22,392,631,575,4
2026-08-06 16:51:23,391,631,574,4
2026-08-06 16:51:24,393,634,580,4
2026-08-06 16:51:25,391,629,555,4
2026-08-06 16:51:26,392,632,565,4
2026-08-06 16:51:27,391,633,569,4
2026-08-06 16:51:28,390,632,569,4
2026-08-06 16:51:29,392,632,558,4
2026-08-06 16:51:30,393,631,556,4
2026-08-06 16:51:31,392,635,566,4
2026-08-06 16:51:32,392,633,554,4
2026-08-06 16:51:33,394,634,566,4
2026-08-06 16:51:34,391,635,564,4
2026-08-06 16:51:35,393,632,556,4
2026-08-06 16:51:36,393,632,576,4
2026-08-06 16:51:37,391,632,575,4
2026-08-06 16:51:38,393,632,575,4
2026-08-06 16:51:39,393,632,562,4
2026-08-06 16:51:40,392,634,570,4
2026-08-06 16:51:41,392,632,562,4
2026-08-06 16:51:42,392,634,566,4
2026-08-06 16:51:43,393,632,556,4
2026-08-06 16:51:44,392,633,561,4
2026-08-06 16:51:45,391,632,560,4
2026-08-06 16:51:46,393,636,558,4
2026-08-06 16:51:47,391,633,574,4
2026-08-06 16:51:48,392,632,557,4
2026-08-06 16:51:49,393,633,564,4
2026-08-06 16:51:50,391,633,574,4
2026-08-06 16:51:51,393,633,566,4
2026-08-06 16:51:52,393,631,570,4
2026-08-06 16:51:53,392,633,562,4
2026-08-06 16:51:54,391,631,559,4
2026-08-06 16:51:55,394,633,549,4
2026-08-06 16:51:56,396,634,560,4
2026-08-06 16:51:57,390,631,557,4
2026-08-06 16:51:58,391,628,564,4
2026-08-06 16:51:59,390,627,567,4
2026-08-06 16:52:00,392,633,564,4
2026-08-06 16:52:02,392,633,562,4
2026-08-06 16:52:03,393,634,570,4
2026-08-06 16:52:03,393,631,569,4
2026-08-06 16:52:04,393,632,555,4
2026-08-06 16:52:05,394,635,560,4
2026-08-06 16:52:06,392,632,554,4
2026-08-06 16:52:07,392,629,570,4
2026-08-06 16:52:08,391,636,570,4
2026-08-06 16:52:09,393,637,563,4
2026-08-06 16:52:10,392,629,565,4
2026-08-06 16:52:11,394,629,573,4
2026-08-06 16:52:12,393,637,574,4
2026-08-06 16:52:13,394,632,562,4
2026-08-06 16:52:14,394,634,569,4
2026-08-06 16:52:15,394,634,569,4
2026-08-06 16:52:16,391,629,563,4
2026-08-06 16:52:17,394,637,552,4
2026-08-06 16:52:18,392,636,545,4
2026-08-06 16:52:19,392,630,561,4
2026-08-06 16:52:20,393,637,566,4
2026-08-06 16:52:21,392,631,564,4
2026-08-06 16:52:22,392,632,564,4
2026-08-06 16:52:23,392,634,571,4
2026-08-06 16:52:24,391,629,561,4
2026-08-06 16:52:25,394,632,570,4
2026-08-06 16:52:26,392,628,566,4
2026-08-06 16:52:27,391,636,557,4
2026-08-06 16:52:28,391,633,562,4
2026-08-06 16:52:29,392,633,568,4
2026-08-06 16:52:30,391,630,562,4
2026-08-06 16:52:31,392,633,566,4
2026-08-06 16:52:32,394,632,563,4
2026-08-06 16:52:33,387,635,565,4
2026-08-06 16:52:34,391,633,574,4
2026-08-06 16:52:35,392,632,568,4
2026-08-06 16:52:36,397,627,545,4
2026-08-06 16:52:37,391,629,570,4
2026-08-06 16:52:38,394,631,559,4
2026-08-06 16:52:39,394,633,559,4
2026-08-06 16:52:40,392,632,559,4
2026-08-06 16:52:41,394,632,570,4
2026-08-06 16:52:42,391,634,582,4
2026-08-06 16:52:43,391,630,578,4
2026-08-06 16:52:44,387,627,576,4
2026-08-06 16:52:45,392,634,577,4
2026-08-06 16:52:46,389,633,556,4
2026-08-06 16:52:47,392,629,558,4
2026-08-06 16:52:48,391,632,571,4
2026-08-06 16:52:49,394,633,562,4
2026-08-06 16:52:50,392,631,570,4
2026-08-06 16:52:51,392,630,560,4
2026-08-06 16:52:52,393,632,567,4
2026-08-06 16:52:53,392,632,575,4
2026-08-06 16:52:54,393,633,565,4
2026-08-06 16:52:55,394,635,568,4
2026-08-06 16:52:56,392,629,564,4
2026-08-06 16:52:57,391,630,567,4
2026-08-06 16:52:58,390,629,556,4
2026-08-06 16:52:59,392,630,566,4
2026-08-06 16:53:00,390,632,570,4
2026-08-06 16:53:01,393,631,564,4
2026-08-06 16:53:02,392,632,568,4
2026-08-06 16:53:03,393,633,566,4
2026-08-06 16:53:04,393,634,565,4
2026-08-06 16:53:05,392,632,556,4
2026-08-06 16:53:06,391,628,560,4
2026-08-06 16:53:07,394,632,563,4
2026-08-06 16:53:08,392,634,567,4
2026-08-06 16:53:09,391,635,571,4
2026-08-06 16:53:10,394,634,584,4
2026-08-06 16:53:11,391,629,572,4
2026-08-06 16:53:12,393,635,575,4
2026-08-06 16:53:13,393,635,574,4
2026-08-06 16:53:14,393,636,563,4
2026-08-06 16:53:15,394,627,552,4
2026-08-06 16:53:16,393,633,558,4
2026-08-06 16:53:17,394,633,564,4
2026-08-06 16:53:18,393,635,573,4
2026-08-06 16:53:19,393,636,558,4
2026-08-06 16:53:20,391,632,569,4
2026-08-06 16:53:21,390,634,562,4
2026-08-06 16:53:22,393,633,577,4
2026-08-06 16:53:23,392,631,571,4
2026-08-06 16:53:24,392,634,575,4
2026-08-06 16:53:25,390,637,572,4
2026-08-06 16:53:26,396,631,560,4
2026-08-06 16:53:27,389,634,558,4
2026-08-06 16:53:28,393,634,568,4
2026-08-06 16:53:29,391,631,564,4
2026-08-06 16:53:30,391,638,568,4
2026-08-06 16:53:31,393,630,568,4
2026-08-06 16:53:32,393,629,546,4
2026-08-06 16:53:33,393,633,568,4
2026-08-06 16:53:34,393,630,574,4
2026-08-06 16:53:35,389,630,567,4
2026-08-06 16:53:36,391,639,561,4
2026-08-06 16:53:37,391,632,570,4
2026-08-06 16:53:38,394,627,574,4
2026-08-06 16:53:39,395,633,568,4
2026-08-06 16:53:40,389,634,565,4
2026-08-06 16:53:41,394,633,564,4
2026-08-06 16:53:42,391,633,553,4
2026-08-06 16:53:43,391,636,563,4
2026-08-06 16:53:44,391,629,575,4
2026-08-06 16:53:45,392,637,553,4
2026-08-06 16:53:46,390,627,562,4
2026-08-06 16:53:47,392,633,568,4
2026-08-06 16:53:48,393,632,566,4
2026-08-06 16:53:49,392,630,564,4
2026-08-06 16:53:50,393,631,581,4
2026-08-06 16:53:51,391,635,572,4
2026-08-06 16:53:52,393,631,564,4
2026-08-06 16:53:53,393,632,560,4
2026-08-06 16:53:54,389,630,562,4
2026-08-06 16:53:55,390,635,579,4
2026-08-06 16:53:56,393,633,571,4
2026-08-06 16:53:57,396,632,568,4
2026-08-06 16:53:58,396,632,560,4
2026-08-06 16:53:59,388,633,563,4
2026-08-06 16:54:00,391,633,551,4
2026-08-06 16:54:01,394,633,563,4
2026-08-06 16:54:02,391,633,573,4
2026-08-06 16:54:03,393,634,559,4
2026-08-06 16:54:04,391,636,543,4
2026-08-06 16:54:05,393,633,570,4
2026-08-06 16:54:06,392,632,562,4
2026-08-06 16:54:07,395,629,571,4
2026-08-06 16:54:08,393,634,566,4
2026-08-06 16:54:09,392,633,564,4
2026-08-06 16:54:10,391,629,566,4
2026-08-06 16:54:11,391,631,566,4
2026-08-06 16:54:12,391,635,564,4
2026-08-06 16:54:13,391,634,565,4
2026-08-06 16:54:14,393,625,566,4
2026-08-06 16:54:15,393,627,561,4
2026-08-06 16:54:16,393,632,570,4
2026-08-06 16:54:17,394,633,573,4
2026-08-06 16:54:18,393,631,569,4
2026-08-06 16:54:19,393,635,565,4
2026-08-06 16:54:20,394,631,567,4
2026-08-06 16:54:21,392,632,570,4
2026-08-06 16:54:22,395,632,562,4
2026-08-06 16:54:23,392,632,555,4
2026-08-06 16:54:24,392,633,564,4
2026-08-06 16:54:25,392,630,570,4
2026-08-06 16:54:26,391,630,564,4
2026-08-06 16:54:27,390,630,567,4
2026-08-06 16:54:28,392,632,554,4
2026-08-06 16:54:29,393,632,574,4
2026-08-06 16:54:30,394,631,556,4
2026-08-06 16:54:31,393,634,571,4
2026-08-06 16:54:32,391,628,554,4
2026-08-06 16:54:33,393,635,565,4
2026-08-06 16:54:34,395,634,559,4
2026-08-06 16:54:35,389,632,576,4
2026-08-06 16:54:36,391,635,555,4
2026-08-06 16:54:37,392,629,556,4
2026-08-06 16:54:38,392,640,561,4
2026-08-06 16:54:39,392,633,568,4
2026-08-06 16:54:40,393,630,554,4
2026-08-06 16:54:41,392,625,560,4
2026-08-06 16:54:42,393,634,568,4
2026-08-06 16:54:43,391,633,582,4
2026-08-06 16:54:44,392,631,573,4
2026-08-06 16:54:45,392,631,568,4
2026-08-06 16:54:46,392,636,558,4
2026-08-06 16:54:47,393,632,554,4
2026-08-06 16:54:48,392,635,558,4
2026-08-06 16:54:49,392,629,559,4
2026-08-06 16:54:50,393,627,560,4
2026-08-06 16:54:51,392,633,575,4
2026-08-06 16:54:52,394,632,571,4
2026-08-06 16:54:53,390,634,568,4
2026-08-06 16:54:54,393,632,567,4
2026-08-06 16:54:55,392,626,585,4
2026-08-06 16:54:56,392,634,570,4
2026-08-06 16:54:57,392,628,561,4
2026-08-06 16:54:58,393,635,568,4
2026-08-06 16:54:59,392,631,557,4
2026-08-06 16:55:00,393,635,569,4
2026-08-06 16:55:01,394,634,562,4
2026-08-06 16:55:02,393,634,575,4
2026-08-06 16:55:03,392,631,579,4
2026-08-06 16:55:04,393,631,569,4
2026-08-06 16:55:05,392,635,575,4
2026-08-06 16:55:06,394,634,569,4
2026-08-06 16:55:07,393,633,566,4
2026-08-06 16:55:08,394,633,572,4
2026-08-06 16:55:09,391,630,574,4
2026-08-06 16:55:10,391,631,555,4
2026-08-06 16:55:11,393,634,563,4
2026-08-06 16:55:12,392,632,564,4
2026-08-06 16:55:13,389,631,571,4
2026-08-06 16:55:14,392,634,577,4
2026-08-06 16:55:15,392,634,550,4
2026-08-06 16:55:16,393,631,556,4
2026-08-06 16:55:17,392,632,578,4
2026-08-06 16:55:18,391,636,557,4
2026-08-06 16:55:19,392,633,572,4
2026-08-06 16:55:20,391,631,554,4
2026-08-06 16:55:21,391,640,566,4
2026-08-06 16:55:22,393,633,570,4
2026-08-06 16:55:23,392,632,554,4
2026-08-06 16:55:24,393,635,566,4
2026-08-06 16:55:25,388,638,565,4
2026-08-06 16:55:26,393,631,558,4
2026-08-06 16:55:27,389,632,568,4
2026-08-06 16:55:28,391,630,575,4
2026-08-06 16:55:29,392,635,563,4
2026-08-06 16:55:31,389,638,572,4
2026-08-06 16:55:32,392,629,557,4
2026-08-06 16:55:32,392,629,563,4
2026-08-06 16:55:33,391,634,554,4
2026-08-06 16:55:34,391,632,562,4
2026-08-06 16:55:35,393,634,565,4
2026-08-06 16:55:36,391,631,575,4
2026-08-06 16:55:37,391,631,563,4
2026-08-06 16:55:38,392,634,569,4
2026-08-06 16:55:39,392,627,556,4
2026-08-06 16:55:40,392,630,561,4
2026-08-06 16:55:41,389,633,560,4
2026-08-06 16:55:42,393,632,568,4
2026-08-06 16:55:43,392,632,560,4
2026-08-06 16:55:44,391,630,566,4
2026-08-06 16:55:45,394,632,575,4
2026-08-06 16:55:46,391,630,571,4
2026-08-06 16:55:47,391,634,563,4
2026-08-06 16:55:48,391,630,566,4
2026-08-06 16:55:49,393,633,564,4
2026-08-06 16:55:50,392,634,571,4
2026-08-06 16:55:51,391,628,576,4
2026-08-06 16:55:52,393,632,563,4
2026-08-06 16:55:53,394,633,557,4
2026-08-06 16:55:54,391,633,579,4
2026-08-06 16:55:55,389,632,564,4
2026-08-06 16:55:56,391,629,566,4
2026-08-06 16:55:57,391,635,579,4
2026-08-06 16:55:58,393,634,569,4
2026-08-06 16:55:59,395,635,565,4
2026-08-06 16:56:00,390,636,564,4
2026-08-06 16:56:01,393,633,564,4
2026-08-06 16:56:02,395,635,564,4
2026-08-06 16:56:03,394,632,550,4
2026-08-06 16:56:04,393,632,573,4
2026-08-06 16:56:05,391,634,577,4
2026-08-06 16:56:06,392,631,567,4
2026-08-06 16:56:07,393,631,578,4
2026-08-06 16:56:08,391,632,555,4
2026-08-06 16:56:09,392,631,561,4
2026-08-06 16:56:10,393,632,574,4
2026-08-06 16:56:11,391,635,573,4
2026-08-06 16:56:12,393,630,566,4
2026-08-06 16:56:13,391,634,568,4
2026-08-06 16:56:14,393,632,578,4
2026-08-06 16:56:15,393,628,561,4
2026-08-06 16:56:16,391,641,566,4
2026-08-06 16:56:17,393,632,563,4
2026-08-06 16:56:18,390,636,540,4
2026-08-06 16:56:19,391,633,567,4
2026-08-06 16:56:20,390,626,542,4
2026-08-06 16:56:21,392,632,572,4
2026-08-06 16:56:22,392,633,567,4
2026-08-06 16:56:23,390,635,549,4
2026-08-06 16:56:24,392,634,568,4
2026-08-06 16:56:25,392,634,581,4
2026-08-06 16:56:26,392,638,567,4
2026-08-06 16:56:27,393,632,563,4
2026-08-06 16:56:28,392,633,570,4
2026-08-06 16:56:29,393,637,571,4
2026-08-06 16:56:30,393,639,575,4
2026-08-06 16:56:31,391,633,564,4
2026-08-06 16:56:32,393,637,572,4
2026-08-06 16:56:33,392,630,558,4
2026-08-06 16:56:34,393,630,561,4
2026-08-06 16:56:35,392,630,568,4
2026-08-06 16:56:36,393,636,572,4
2026-08-06 16:56:37,393,633,563,4
2026-08-06 16:56:38,391,634,571,4
2026-08-06 16:56:39,392,632,569,4
2026-08-06 16:56:40,390,631,574,4
2026-08-06 16:56:41,392,634,558,4
2026-08-06 16:56:42,394,636,560,4
2026-08-06 16:56:43,391,631,552,4
2026-08-06 16:56:44,393,631,571,4
2026-08-06 16:56:45,391,634,549,4
2026-08-06 16:56:46,394,636,556,4
2026-08-06 16:56:47,391,630,553,4
2026-08-06 16:56:48,393,632,560,4
2026-08-06 16:56:49,394,632,563,4
2026-08-06 16:56:50,393,631,551,4
2026-08-06 16:56:51,391,632,565,4
2026-08-06 16:56:52,393,636,571,4
2026-08-06 16:56:53,394,632,573,4
2026-08-06 16:56:54,394,629,564,4
2026-08-06 16:56:55,394,633,580,4
2026-08-06 16:56:56,392,633,558,4
2026-08-06 16:56:57,392,630,570,4
2026-08-06 16:56:58,391,625,559,4
2026-08-06 16:56:59,390,629,563,4
2026-08-06 16:57:00,394,634,570,4
2026-08-06 16:57:01,393,633,571,4
2026-08-06 16:57:02,393,633,557,4
2026-08-06 16:57:03,395,633,555,4
2026-08-06 16:57:04,393,632,564,4
2026-08-06 16:57:05,393,630,561,4
2026-08-06 16:57:06,392,637,569,4
2026-08-06 16:57:07,391,632,577,4
2026-08-06 16:57:08,393,635,571,4
2026-08-06 16:57:09,393,633,551,4
2026-08-06 16:57:10,390,629,554,4
2026-08-06 16:57:11,389,631,564,4
2026-08-06 16:57:12,391,630,561,4
2026-08-06 16:57:13,392,631,565,4
2026-08-06 16:57:14,393,632,571,4
2026-08-06 16:57:15,392,634,551,4
2026-08-06 16:57:16,392,630,561,4
2026-08-06 16:57:17,392,635,571,4
2026-08-06 16:57:18,394,632,567,4
2026-08-06 16:57:19,394,629,561,4
2026-08-06 16:57:20,393,630,565,4
2026-08-06 16:57:21,393,633,561,4
2026-08-06 16:57:22,392,632,565,4
2026-08-06 16:57:23,394,634,555,4
2026-08-06 16:57:24,391,632,568,4
2026-08-06 16:57:25,395,633,561,4
2026-08-06 16:57:26,392,635,569,4
2026-08-06 16:57:27,392,634,562,4
2026-08-06 16:57:28,393,634,584,4
2026-08-06 16:57:29,391,630,572,4
2026-08-06 16:57:30,390,631,564,4
2026-08-06 16:57:31,392,634,551,4
2026-08-06 16:57:32,392,629,563,4
2026-08-06 16:57:33,393,631,568,4
2026-08-06 16:57:34,392,635,567,4
2026-08-06 16:57:35,393,627,573,4
2026-08-06 16:57:36,393,635,551,4
2026-08-06 16:57:37,391,632,579,4
2026-08-06 16:57:38,396,631,578,4
2026-08-06 16:57:39,393,635,555,4
2026-08-06 16:57:40,394,632,562,4
2026-08-06 16:57:41,391,633,557,4
2026-08-06 16:57:42,392,634,557,4
2026-08-06 16:57:43,392,633,571,4
2026-08-06 16:57:44,393,636,558,4
2026-08-06 16:57:45,391,629,569,4
2026-08-06 16:57:46,392,632,559,4
2026-08-06 16:57:47,394,630,565,4
2026-08-06 16:57:48,391,634,573,4
2026-08-06 16:57:49,390,631,565,4
2026-08-06 16:57:50,397,630,567,4
2026-08-06 16:57:51,391,633,554,4
2026-08-06 16:57:52,394,633,567,4
2026-08-06 16:57:53,394,636,554,4
2026-08-06 16:57:54,391,635,565,4
2026-08-06 16:57:55,393,627,570,4
2026-08-06 16:57:56,392,636,566,4
2026-08-06 16:57:57,394,636,565,4
2026-08-06 16:57:58,391,629,551,4
2026-08-06 16:57:59,393,629,555,4
2026-08-06 16:58:00,392,636,559,4
2026-08-06 16:58:01,392,636,575,4
2026-08-06 16:58:02,391,630,575,4
2026-08-06 16:58:03,392,633,569,4
2026-08-06 16:58:04,391,632,571,4
2026-08-06 16:58:05,395,633,564,4
2026-08-06 16:58:06,393,631,564,4
2026-08-06 16:58:07,392,639,571,4
2026-08-06 16:58:08,391,635,564,4
2026-08-06 16:58:09,394,636,572,4
2026-08-06 16:58:10,392,631,569,4
2026-08-06 16:58:11,394,636,565,4
2026-08-06 16:58:12,392,631,550,4
2026-08-06 16:58:13,393,630,562,4
2026-08-06 16:58:14,390,629,569,4
2026-08-06 16:58:15,393,634,556,4
2026-08-06 16:58:16,391,633,570,4
2026-08-06 16:58:17,392,630,574,4
2026-08-06 16:58:18,393,631,565,4
2026-08-06 16:58:19,392,636,558,4
2026-08-06 16:58:20,391,633,555,4
2026-08-06 16:58:21,392,632,575,4
2026-08-06 16:58:22,393,631,572,4
2026-08-06 16:58:23,395,634,572,4
2026-08-06 16:58:24,393,640,555,4
2026-08-06 16:58:25,393,634,557,4
2026-08-06 16:58:26,392,633,570,4
2026-08-06 16:58:27,392,629,559,4
2026-08-06 16:58:28,393,630,569,4
2026-08-06 16:58:29,394,634,574,4
2026-08-06 16:58:30,393,636,568,4
2026-08-06 16:58:31,392,633,558,4
2026-08-06 16:58:32,392,634,551,4
2026-08-06 16:58:33,390,634,566,4
2026-08-06 16:58:34,391,635,553,4
2026-08-06 16:58:35,393,628,550,4
2026-08-06 16:58:36,391,633,570,4
2026-08-06 16:58:37,385,631,571,4
2026-08-06 16:58:38,396,632,574,4
2026-08-06 16:58:39,391,627,560,4
2026-08-06 16:58:40,392,630,551,4
2026-08-06 16:58:41,391,635,552,4
2026-08-06 16:58:42,390,632,565,4
2026-08-06 16:58:43,393,633,568,4
2026-08-06 16:58:44,394,632,547,4
2026-08-06 16:58:45,391,632,558,4
2026-08-06 16:58:46,392,631,573,4
2026-08-06 16:58:47,391,635,557,4
2026-08-06 16:58:48,393,638,563,4
2026-08-06 16:58:49,395,635,558,4
2026-08-06 16:58:50,391,630,559,4
2026-08-06 16:58:51,391,634,562,4
2026-08-06 16:58:52,391,629,559,4
2026-08-06 16:58:53,393,634,568,4
2026-08-06 16:58:54,393,629,573,4
2026-08-06 16:58:55,391,635,559,4
2026-08-06 16:58:56,392,632,564,4
2026-08-06 16:58:57,394,633,551,4
2026-08-06 16:58:58,390,629,568,4
2026-08-06 16:58:59,394,636,571,4
2026-08-06 16:59:00,392,632,560,4
2026-08-06 16:59:01,394,637,568,4
2026-08-06 16:59:02,393,633,564,4
2026-08-06 16:59:03,392,632,564,4
2026-08-06 16:59:04,392,634,568,4
2026-08-06 16:59:05,391,632,559,4
2026-08-06 16:59:06,393,638,565,4
2026-08-06 16:59:07,394,632,567,4
2026-08-06 16:59:08,393,629,566,4
2026-08-06 16:59:09,394,629,565,4
2026-08-06 16:59:10,390,636,553,4
2026-08-06 16:59:11,393,631,573,4
2026-08-06 16:59:12,394,630,570,4
2026-08-06 16:59:13,391,634,565,4
2026-08-06 16:59:14,393,633,565,4
2026-08-06 16:59:15,391,630,557,4
2026-08-06 16:59:16,393,628,567,4
2026-08-06 16:59:17,391,639,574,4
2026-08-06 16:59:18,391,632,561,4
2026-08-06 16:59:19,392,630,565,4
2026-08-06 16:59:20,391,632,568,4
2026-08-06 16:59:21,394,630,574,4
2026-08-06 16:59:22,393,631,562,4
2026-08-06 16:59:23,393,630,573,4
2026-08-06 16:59:24,392,636,567,4
2026-08-06 16:59:25,391,634,561,4
2026-08-06 16:59:26,392,627,572,4
2026-08-06 16:59:27,391,636,567,4
2026-08-06 16:59:28,392,630,568,4
2026-08-06 16:59:29,392,632,573,4
2026-08-06 16:59:30,392,634,572,4
2026-08-06 16:59:31,393,632,553,4
2026-08-06 16:59:32,392,632,566,4
2026-08-06 16:59:33,393,638,580,4
2026-08-06 16:59:34,391,633,558,4
2026-08-06 16:59:35,393,633,555,4
2026-08-06 16:59:36,392,634,567,4
2026-08-06 16:59:37,388,633,556,4
2026-08-06 16:59:38,392,632,567,4
2026-08-06 16:59:39,393,633,568,4
2026-08-06 16:59:40,391,636,563,4
2026-08-06 16:59:41,391,633,557,4
2026-08-06 16:59:42,391,632,579,4
2026-08-06 16:59:43,390,628,563,4
2026-08-06 16:59:44,393,628,556,4
2026-08-06 16:59:45,395,633,560,4
2026-08-06 16:59:46,391,634,561,4
2026-08-06 16:59:47,394,633,561,4
2026-08-06 16:59:48,391,635,552,4
2026-08-06 16:59:49,395,632,564,4
2026-08-06 16:59:50,393,636,557,4
2026-08-06 16:59:51,394,630,576,4
2026-08-06 16:59:52,392,632,570,4
2026-08-06 16:59:53,392,634,571,4
2026-08-06 16:59:54,392,630,573,4
2026-08-06 16:59:55,392,635,581,4
2026-08-06 16:59:56,392,640,571,4
2026-08-06 16:59:57,391,631,571,4
2026-08-06 16:59:58,395,630,557,4
2026-08-06 16:59:59,394,632,569,4
2026-08-06 17:00:00,393,634,573,4
2026-08-06 17:00:01,392,632,567,4
2026-08-06 17:00:02,392,630,568,4
2026-08-06 17:00:03,393,638,551,4
2026-08-06 17:00:04,392,628,563,4
2026-08-06 17:00:05,394,633,561,4
2026-08-06 17:00:06,391,630,563,4
2026-08-06 17:00:07,392,632,579,4
2026-08-06 17:00:08,391,633,573,4
2026-08-06 17:00:09,394,624,558,4
2026-08-06 17:00:10,394,633,572,4
2026-08-06 17:00:11,395,630,558,4
2026-08-06 17:00:12,393,630,568,4
2026-08-06 17:00:13,394,634,555,4
2026-08-06 17:00:14,390,631,564,4
2026-08-06 17:00:15,387,627,553,4
2026-08-06 17:00:16,393,625,564,4
2026-08-06 17:00:17,392,635,546,4
2026-08-06 17:00:18,392,634,559,4
2026-08-06 17:00:19,392,634,558,4
2026-08-06 17:00:20,393,625,572,4
2026-08-06 17:00:21,393,633,577,4
2026-08-06 17:00:22,394,635,563,4
2026-08-06 17:00:23,391,631,570,4
2026-08-06 17:00:24,392,634,561,4
2026-08-06 17:00:25,390,633,551,4
2026-08-06 17:00:26,396,635,566,4
2026-08-06 17:00:27,394,636,551,4
2026-08-06 17:00:28,395,628,570,4
2026-08-06 17:00:29,392,629,572,4
2026-08-06 17:00:30,390,634,556,4
2026-08-06 17:00:31,393,629,555,4
2026-08-06 17:00:32,394,634,560,4
2026-08-06 17:00:33,392,636,568,4
2026-08-06 17:00:34,392,633,551,4
2026-08-06 17:00:35,393,635,567,4
2026-08-06 17:00:36,392,633,577,4
2026-08-06 17:00:37,393,631,562,4
2026-08-06 17:00:38,391,632,569,4
2026-08-06 17:00:39,393,630,574,4
2026-08-06 17:00:40,393,633,575,4
2026-08-06 17:00:41,394,636,562,4
2026-08-06 17:00:42,394,628,563,4
2026-08-06 17:00:43,392,633,556,4
2026-08-06 17:00:44,392,632,563,4
2026-08-06 17:00:45,389,634,546,4
2026-08-06 17:00:46,392,633,574,4
2026-08-06 17:00:47,393,631,557,4
2026-08-06 17:00:48,394,634,575,4
2026-08-06 17:00:49,393,633,566,4
2026-08-06 17:00:50,393,631,561,4
2026-08-06 17:00:51,393,634,577,4
2026-08-06 17:00:52,392,634,550,4
2026-08-06 17:00:53,392,632,571,4
2026-08-06 17:00:54,390,633,560,4
2026-08-06 17:00:55,393,633,564,4
2026-08-06 17:00:56,390,631,582,4
2026-08-06 17:00:57,394,631,567,4
2026-08-06 17:00:58,391,629,560,4
2026-08-06 17:00:59,391,632,563,4
2026-08-06 17:01:00,388,631,556,4
2026-08-06 17:01:01,392,629,570,4
2026-08-06 17:01:02,393,631,565,4
2026-08-06 17:01:03,392,629,565,4
2026-08-06 17:01:04,393,631,571,4
2026-08-06 17:01:05,394,636,561,4
2026-08-06 17:01:06,392,627,557,4
2026-08-06 17:01:07,392,633,565,4
2026-08-06 17:01:08,397,633,561,4
2026-08-06 17:01:09,393,632,551,4
2026-08-06 17:01:10,392,632,551,4
2026-08-06 17:01:11,393,631,575,4
2026-08-06 17:01:12,394,633,559,4
2026-08-06 17:01:13,392,631,569,4
2026-08-06 17:01:14,392,636,560,4
2026-08-06 17:01:15,394,631,563,4
2026-08-06 17:01:16,391,631,563,4
2026-08-06 17:01:17,393,633,551,4
2026-08-06 17:01:18,393,628,560,4
2026-08-06 17:01:19,392,631,563,4
2026-08-06 17:01:20,393,630,560,4
2026-08-06 17:01:21,393,633,571,4
2026-08-06 17:01:22,391,629,570,4
2026-08-06 17:01:23,392,631,549,4
2026-08-06 17:01:24,392,634,574,4
2026-08-06 17:01:25,392,630,562,4
2026-08-06 17:01:26,391,636,551,4
2026-08-06 17:01:27,391,634,569,4
2026-08-06 17:01:28,389,631,574,4
2026-08-06 17:01:29,394,631,562,4
2026-08-06 17:01:30,393,630,565,4
2026-08-06 17:01:31,391,632,556,4
2026-08-06 17:01:32,394,633,571,4
2026-08-06 17:01:33,391,635,558,4
2026-08-06 17:01:34,390,638,570,4
2026-08-06 17:01:35,392,632,556,4
2026-08-06 17:01:36,393,635,554,4
2026-08-06 17:01:37,395,631,557,4
2026-08-06 17:01:38,392,635,551,4
2026-08-06 17:01:39,391,631,557,4
2026-08-06 17:01:40,393,634,552,4
2026-08-06 17:01:41,392,627,551,4
2026-08-06 17:01:42,393,636,554,4
2026-08-06 17:01:43,393,632,563,4
2026-08-06 17:01:44,392,636,564,4
2026-08-06 17:01:45,394,626,558,4
2026-08-06 17:01:46,392,631,562,4
2026-08-06 17:01:47,392,636,550,4
2026-08-06 17:01:48,393,632,553,4
2026-08-06 17:01:49,393,632,558,4
2026-08-06 17:01:50,391,635,558,4
2026-08-06 17:01:51,391,633,557,4
2026-08-06 17:01:52,391,636,551,4
2026-08-06 17:01:53,390,633,572,4
2026-08-06 17:01:54,392,630,569,4
2026-08-06 17:01:55,392,634,560,4
2026-08-06 17:01:56,392,632,553,4
2026-08-06 17:01:57,393,633,570,4
2026-08-06 17:01:58,394,633,556,4
2026-08-06 17:01:59,393,635,563,4
2026-08-06 17:02:00,390,632,559,4
2026-08-06 17:02:01,391,629,557,4
2026-08-06 17:02:02,392,633,568,4
2026-08-06 17:02:03,391,629,561,4
2026-08-06 17:02:04,393,627,572,4
2026-08-06 17:02:05,392,631,562,4
2026-08-06 17:02:06,388,633,565,4
2026-08-06 17:02:07,392,633,568,4
2026-08-06 17:02:08,392,636,562,4
2026-08-06 17:02:09,392,633,561,4
2026-08-06 17:02:10,392,631,562,4
2026-08-06 17:02:11,387,634,549,4
2026-08-06 17:02:12,392,633,545,4
2026-08-06 17:02:13,393,633,577,4
2026-08-06 17:02:14,393,632,556,4
2026-08-06 17:02:15,391,630,554,4
2026-08-06 17:02:16,391,631,560,4
2026-08-06 17:02:17,392,633,561,4
2026-08-06 17:02:18,393,635,551,4
2026-08-06 17:02:19,393,631,554,4
2026-08-06 17:02:20,392,633,552,4
2026-08-06 17:02:21,393,633,563,4
2026-08-06 17:02:22,392,635,581,4
2026-08-06 17:02:23,393,629,567,4
2026-08-06 17:02:24,393,630,556,4
2026-08-06 17:02:25,392,633,560,4
2026-08-06 17:02:26,394,631,556,4
2026-08-06 17:02:27,393,628,564,4
2026-08-06 17:02:28,393,633,568,4
2026-08-06 17:02:29,392,629,559,4
2026-08-06 17:02:30,391,634,559,4
2026-08-06 17:02:31,391,633,562,4
2026-08-06 17:02:32,393,636,562,4
2026-08-06 17:02:33,393,633,568,4
2026-08-06 17:02:34,392,632,553,4
2026-08-06 17:02:35,392,634,553,4
2026-08-06 17:02:36,392,633,559,4
2026-08-06 17:02:37,393,631,558,4
2026-08-06 17:02:38,393,634,560,4
2026-08-06 17:02:39,391,634,563,4
2026-08-06 17:02:40,394,631,566,4
2026-08-06 17:02:41,394,631,565,4
2026-08-06 17:02:42,392,631,549,4
2026-08-06 17:02:43,392,630,566,4
2026-08-06 17:02:44,390,632,577,4
2026-08-06 17:02:45,392,631,562,4
2026-08-06 17:02:46,393,632,566,4
2026-08-06 17:02:47,391,637,566,4
2026-08-06 17:02:48,393,635,554,4
2026-08-06 17:02:49,391,632,560,4
2026-08-06 17:02:50,392,632,572,4
2026-08-06 17:02:51,391,633,554,4
2026-08-06 17:02:52,391,630,563,4
2026-08-06 17:02:53,392,636,560,4
2026-08-06 17:02:54,391,628,554,4
2026-08-06 17:02:55,392,634,558,4
2026-08-06 17:02:56,392,628,570,4
2026-08-06 17:02:57,391,637,564,4
2026-08-06 17:02:58,391,636,571,4
2026-08-06 17:02:59,391,632,565,4
2026-08-06 17:03:00,390,631,555,4
2026-08-06 17:03:01,393,633,569,4
2026-08-06 17:03:02,393,631,552,4
2026-08-06 17:03:03,394,634,562,4
2026-08-06 17:03:04,393,629,549,4
2026-08-06 17:03:05,393,631,554,4
2026-08-06 17:03:06,392,636,553,4
2026-08-06 17:03:07,392,631,566,4
2026-08-06 17:03:08,394,629,553,4
2026-08-06 17:03:09,393,631,543,4
2026-08-06 17:03:10,393,638,561,4
2026-08-06 17:03:11,393,631,555,4
2026-08-06 17:03:12,392,631,564,4
2026-08-06 17:03:13,392,631,548,4
2026-08-06 17:03:14,395,637,563,4
2026-08-06 17:03:15,392,633,548,4
2026-08-06 17:03:16,393,636,550,4
2026-08-06 17:03:17,393,626,560,4
2026-08-06 17:03:18,390,632,555,4
2026-08-06 17:03:19,392,632,562,4
2026-08-06 17:03:20,394,634,553,4
2026-08-06 17:03:21,393,632,561,4
2026-08-06 17:03:22,392,632,552,4
2026-08-06 17:03:23,392,633,559,4
2026-08-06 17:03:24,394,632,553,4
2026-08-06 17:03:25,392,632,564,4
2026-08-06 17:03:26,392,632,566,4
2026-08-06 17:03:27,395,630,559,4
2026-08-06 17:03:28,393,631,559,4
2026-08-06 17:03:29,393,631,569,4
2026-08-06 17:03:30,393,633,561,4
2026-08-06 17:03:31,391,631,565,4
2026-08-06 17:03:32,393,630,558,4
2026-08-06 17:03:33,392,628,561,4
2026-08-06 17:03:34,390,633,552,4
2026-08-06 17:03:35,392,631,569,4
2026-08-06 17:03:36,391,634,558,4
2026-08-06 17:03:37,392,636,562,4
2026-08-06 17:03:38,393,630,556,4
2026-08-06 17:03:39,395,631,556,4
2026-08-06 17:03:40,394,627,558,4
2026-08-06 17:03:41,391,626,555,4
2026-08-06 17:03:42,393,631,567,4
2026-08-06 17:03:43,392,631,534,4
2026-08-06 17:03:44,391,630,574,4
2026-08-06 17:03:45,391,633,566,4
2026-08-06 17:03:46,395,633,564,4
2026-08-06 17:03:47,392,635,563,4
2026-08-06 17:03:48,393,637,555,4
2026-08-06 17:03:49,391,635,555,4
2026-08-06 17:03:50,392,637,564,4
2026-08-06 17:03:51,393,636,562,4
2026-08-06 17:03:52,393,635,548,4
2026-08-06 17:03:53,391,631,565,4
2026-08-06 17:03:54,395,631,550,4
2026-08-06 17:03:55,392,635,568,4
2026-08-06 17:03:56,391,636,573,4
2026-08-06 17:03:57,391,633,554,4
2026-08-06 17:03:58,391,629,554,4
2026-08-06 17:03:59,392,637,547,4
2026-08-06 17:04:00,393,636,566,4
2026-08-06 17:04:01,393,633,575,4
2026-08-06 17:04:02,393,632,580,4
2026-08-06 17:04:03,392,633,556,4
2026-08-06 17:04:04,392,628,556,4
2026-08-06 17:04:05,393,635,550,4
2026-08-06 17:04:06,393,632,571,4
2026-08-06 17:04:07,392,635,561,4
2026-08-06 17:04:08,389,632,564,4
2026-08-06 17:04:09,393,631,554,4
2026-08-06 17:04:10,393,630,545,4
2026-08-06 17:04:11,393,634,551,4
2026-08-06 17:04:12,392,631,565,4
2026-08-06 17:04:13,390,631,568,4
2026-08-06 17:04:14,393,629,569,4
2026-08-06 17:04:15,392,635,561,4
2026-08-06 17:04:16,396,626,576,4
2026-08-06 17:04:17,391,630,560,4
2026-08-06 17:04:18,394,630,562,4
2026-08-06 17:04:19,391,630,569,4
2026-08-06 17:04:20,393,633,553,4
2026-08-06 17:04:21,392,631,561,4
2026-08-06 17:04:22,391,637,566,4
2026-08-06 17:04:23,391,630,560,4
2026-08-06 17:04:24,391,633,566,4
2026-08-06 17:04:25,392,629,562,4
2026-08-06 17:04:26,393,630,558,4
2026-08-06 17:04:27,393,636,554,4
2026-08-06 17:04:28,392,630,550,4
2026-08-06 17:04:29,392,631,556,4
2026-08-06 17:04:30,391,633,560,4
2026-08-06 17:04:31,392,636,570,4
2026-08-06 17:04:32,391,632,562,4
2026-08-06 17:04:33,387,633,562,4
2026-08-06 17:04:34,392,634,563,4
2026-08-06 17:04:35,392,628,556,4
2026-08-06 17:04:36,391,628,567,4
2026-08-06 17:04:37,391,632,558,4
2026-08-06 17:04:38,392,631,559,4
2026-08-06 17:04:39,392,635,543,4
2026-08-06 17:04:40,391,629,568,4
2026-08-06 17:04:41,394,632,564,4
2026-08-06 17:04:42,391,631,559,4
2026-08-06 17:04:43,393,633,552,4
2026-08-06 17:04:44,394,633,559,4
2026-08-06 17:04:45,393,630,551,4
2026-08-06 17:04:46,394,631,577,4
2026-08-06 17:04:47,391,637,559,4
2026-08-06 17:04:48,391,631,555,4
2026-08-06 17:04:49,391,633,569,4
2026-08-06 17:04:50,393,639,549,4
2026-08-06 17:04:51,392,628,566,4
2026-08-06 17:04:52,392,631,571,4
2026-08-06 17:04:53,391,632,567,4
2026-08-06 17:04:54,390,634,561,4
2026-08-06 17:04:55,391,637,566,4
2026-08-06 17:04:56,392,633,567,4
2026-08-06 17:04:57,392,633,556,4
2026-08-06 17:04:58,389,631,553,4
2026-08-06 17:04:59,392,631,549,4
2026-08-06 17:05:00,390,630,545,4
2026-08-06 17:05:01,392,633,569,4
2026-08-06 17:05:02,394,635,555,4
2026-08-06 17:05:03,394,633,553,4
2026-08-06 17:05:04,391,632,564,4
2026-08-06 17:05:05,392,630,570,4
2026-08-06 17:05:06,390,628,562,4
2026-08-06 17:05:07,392,630,564,4
2026-08-06 17:05:08,388,634,570,4
2026-08-06 17:05:09,392,630,557,4
2026-08-06 17:05:10,390,630,552,4
2026-08-06 17:05:11,393,632,562,4
2026-08-06 17:05:12,397,630,549,4
2026-08-06 17:05:13,391,631,564,4
2026-08-06 17:05:14,392,632,568,4
2026-08-06 17:05:15,393,630,568,4
2026-08-06 17:05:16,392,632,568,4
2026-08-06 17:05:17,392,634,559,4
2026-08-06 17:05:18,395,637,555,4
2026-08-06 17:05:19,392,635,554,4
2026-08-06 17:05:20,391,632,576,4
2026-08-06 17:05:21,394,633,557,4
2026-08-06 17:05:22,391,631,564,4
2026-08-06 17:05:23,393,637,539,4
2026-08-06 17:05:24,391,630,567,4
2026-08-06 17:05:25,392,636,558,4
2026-08-06 17:05:26,391,633,555,4
2026-08-06 17:05:27,393,632,554,4
2026-08-06 17:05:28,393,629,567,4
2026-08-06 17:05:29,394,632,556,4
2026-08-06 17:05:30,393,633,556,4
2026-08-06 17:05:31,392,632,562,4
2026-08-06 17:05:32,392,632,564,4
2026-08-06 17:05:33,393,632,572,4
2026-08-06 17:05:34,392,634,562,4
2026-08-06 17:05:35,394,631,562,4
2026-08-06 17:05:36,391,636,570,4
2026-08-06 17:05:37,392,634,554,4
2026-08-06 17:05:38,393,630,552,4
2026-08-06 17:05:39,391,632,571,4
2026-08-06 17:05:40,392,634,565,4
2026-08-06 17:05:41,392,633,553,4
2026-08-06 17:05:42,394,634,549,4
2026-08-06 17:05:43,393,629,571,4
2026-08-06 17:05:44,390,631,550,4
2026-08-06 17:05:45,395,633,558,4
2026-08-06 17:05:46,392,633,550,4
2026-08-06 17:05:47,390,628,552,4
2026-08-06 17:05:48,391,638,556,4
2026-08-06 17:05:49,392,632,558,4
2026-08-06 17:05:50,392,631,563,4
2026-08-06 17:05:51,391,627,561,4
2026-08-06 17:05:52,393,632,559,4
2026-08-06 17:05:53,393,630,560,4
2026-08-06 17:05:54,392,632,569,4
2026-08-06 17:05:55,391,635,570,4
2026-08-06 17:05:56,389,631,556,4
2026-08-06 17:05:57,387,631,573,4
2026-08-06 17:05:58,393,632,548,4
2026-08-06 17:05:59,392,634,571,4
2026-08-06 17:06:00,392,636,559,4
2026-08-06 17:06:01,386,633,545,4
2026-08-06 17:06:02,391,635,557,4
2026-08-06 17:06:03,393,629,549,4
2026-08-06 17:06:04,392,637,558,4
2026-08-06 17:06:05,390,634,560,4
2026-08-06 17:06:06,393,633,572,4
2026-08-06 17:06:07,392,635,556,4
2026-08-06 17:06:08,393,626,562,4
2026-08-06 17:06:09,392,628,549,4
2026-08-06 17:06:10,392,631,550,4
2026-08-06 17:06:11,394,634,566,4
2026-08-06 17:06:12,393,629,574,4
2026-08-06 17:06:13,393,634,554,4
2026-08-06 17:06:14,393,635,552,4
2026-08-06 17:06:15,392,627,558,4
2026-08-06 17:06:16,393,628,573,4
2026-08-06 17:06:17,393,637,548,4
2026-08-06 17:06:18,392,634,569,4
2026-08-06 17:06:19,394,636,562,4
2026-08-06 17:06:20,394,634,567,4
2026-08-06 17:06:21,396,631,568,4
2026-08-06 17:06:22,394,634,544,4
2026-08-06 17:06:23,394,629,562,4
2026-08-06 17:06:24,393,630,542,4
2026-08-06 17:06:25,392,630,562,4
2026-08-06 17:06:26,394,634,564,4
2026-08-06 17:06:27,393,635,552,4
2026-08-06 17:06:28,393,632,551,4
2026-08-06 17:06:29,393,631,562,4
2026-08-06 17:06:30,393,632,553,4
2026-08-06 17:06:31,391,633,539,4
2026-08-06 17:06:32,393,634,555,4
2026-08-06 17:06:33,393,633,571,4
2026-08-06 17:06:34,394,632,559,4
2026-08-06 17:06:35,391,629,577,4
2026-08-06 17:06:36,392,630,561,4
2026-08-06 17:06:37,393,631,559,4
2026-08-06 17:06:38,392,630,553,4
2026-08-06 17:06:39,391,632,560,4
2026-08-06 17:06:40,392,633,558,4
2026-08-06 17:06:41,392,632,570,4
2026-08-06 17:06:42,392,633,560,4
2026-08-06 17:06:43,391,628,566,4
2026-08-06 17:06:44,392,633,557,4
2026-08-06 17:06:45,391,632,568,4
2026-08-06 17:06:46,392,630,550,4
2026-08-06 17:06:47,392,631,567,4
2026-08-06 17:06:48,391,630,554,4
2026-08-06 17:06:49,394,629,562,4
2026-08-06 17:06:50,390,633,557,4
2026-08-06 17:06:51,391,630,563,4
2026-08-06 17:06:52,390,632,545,4
2026-08-06 17:06:53,391,632,562,4
2026-08-06 17:06:54,392,634,555,4
2026-08-06 17:06:55,391,630,562,4
2026-08-06 17:06:56,391,633,566,4
2026-08-06 17:06:57,393,633,566,4
2026-08-06 17:06:58,392,635,545,4
2026-08-06 17:06:59,393,634,555,4
2026-08-06 17:07:00,393,631,563,4
2026-08-06 17:07:01,390,631,561,4
2026-08-06 17:07:02,392,638,553,4
2026-08-06 17:07:03,394,636,554,4
2026-08-06 17:07:04,390,633,553,4
2026-08-06 17:07:05,394,634,567,4
2026-08-06 17:07:06,392,632,567,4
2026-08-06 17:07:07,392,632,562,4
2026-08-06 17:07:08,393,630,567,4
2026-08-06 17:07:09,391,634,556,4
2026-08-06 17:07:10,391,633,559,4
2026-08-06 17:07:11,391,637,565,4
2026-08-06 17:07:12,395,632,560,4
2026-08-06 17:07:13,393,634,565,4
2026-08-06 17:07:14,393,633,556,4
2026-08-06 17:07:15,394,630,554,4
2026-08-06 17:07:16,392,634,555,4
2026-08-06 17:07:17,392,627,566,4
2026-08-06 17:07:18,393,636,555,4
2026-08-06 17:07:19,391,631,561,4
2026-08-06 17:07:20,393,629,542,4
2026-08-06 17:07:21,394,631,562,4
2026-08-06 17:07:22,392,632,558,4
2026-08-06 17:07:23,390,626,560,4
2026-08-06 17:07:24,393,632,557,4
2026-08-06 17:07:25,390,635,561,4
2026-08-06 17:07:26,392,633,573,4
2026-08-06 17:07:27,391,625,565,4
2026-08-06 17:07:28,393,629,557,4
2026-08-06 17:07:29,392,632,557,4
2026-08-06 17:07:30,392,634,558,4
2026-08-06 17:07:31,393,631,565,4
2026-08-06 17:07:32,392,628,554,4
2026-08-06 17:07:33,393,630,565,4
2026-08-06 17:07:34,394,634,558,4
2026-08-06 17:07:35,393,627,549,4
2026-08-06 17:07:36,389,631,574,4
2026-08-06 17:07:37,392,633,558,4
2026-08-06 17:07:38,392,631,558,4
2026-08-06 17:07:39,392,632,573,4
2026-08-06 17:07:40,391,631,566,4
2026-08-06 17:07:41,391,633,554,4
2026-08-06 17:07:42,391,634,557,4
2026-08-06 17:07:43,390,627,566,4
2026-08-06 17:07:44,392,634,559,4
2026-08-06 17:07:45,394,633,560,4
2026-08-06 17:07:46,393,628,555,4
2026-08-06 17:07:47,392,632,556,4
2026-08-06 17:07:48,393,634,554,4
2026-08-06 17:07:49,393,634,561,4
2026-08-06 17:07:50,390,631,562,4
2026-08-06 17:07:51,392,635,554,4
2026-08-06 17:07:52,390,633,556,4
2026-08-06 17:07:53,390,633,556,4
2026-08-06 17:07:54,393,633,557,4
2026-08-06 17:07:55,392,636,572,4
2026-08-06 17:07:56,394,633,558,4
2026-08-06 17:07:57,389,631,563,4
2026-08-06 17:07:58,391,632,549,4
2026-08-06 17:07:59,393,633,560,4
2026-08-06 17:08:00,393,631,567,4
2026-08-06 17:08:01,391,628,561,4
2026-08-06 17:08:02,391,628,558,4
2026-08-06 17:08:03,397,630,562,4
2026-08-06 17:08:04,391,636,564,4
2026-08-06 17:08:05,393,630,559,4
2026-08-06 17:08:06,393,627,558,4
2026-08-06 17:08:07,390,629,573,4
2026-08-06 17:08:08,392,625,561,4
2026-08-06 17:08:09,392,633,553,4
2026-08-06 17:08:10,393,635,573,4
2026-08-06 17:08:11,392,627,567,4
2026-08-06 17:08:12,393,628,570,4
2026-08-06 17:08:13,393,632,555,4
2026-08-06 17:08:14,391,626,561,4
2026-08-06 17:08:15,390,637,555,4
2026-08-06 17:08:16,391,632,563,4
2026-08-06 17:08:17,390,630,567,4
2026-08-06 17:08:18,392,635,559,4
2026-08-06 17:08:19,391,629,564,4
2026-08-06 17:08:20,392,628,563,4
2026-08-06 17:08:21,392,633,557,4
2026-08-06 17:08:22,393,628,551,4
2026-08-06 17:08:23,394,634,561,4
2026-08-06 17:08:24,392,629,548,4
2026-08-06 17:08:25,390,632,562,4
2026-08-06 17:08:26,391,631,557,4
2026-08-06 17:08:27,393,632,565,4
2026-08-06 17:08:28,394,633,576,4
2026-08-06 17:08:29,392,631,550,4
2026-08-06 17:08:30,394,633,554,4
2026-08-06 17:08:31,392,633,570,4
2026-08-06 17:08:32,392,635,562,4
2026-08-06 17:08:33,392,628,540,4
2026-08-06 17:08:34,392,633,557,4
2026-08-06 17:08:35,392,630,552,4
2026-08-06 17:08:36,391,631,560,4
2026-08-06 17:08:37,392,630,567,4
2026-08-06 17:08:38,394,633,556,4
2026-08-06 17:08:39,392,634,562,4
2026-08-06 17:08:40,393,635,555,4
2026-08-06 17:08:41,393,630,564,4
2026-08-06 17:08:42,392,632,558,4
2026-08-06 17:08:43,392,634,561,4
2026-08-06 17:08:44,391,629,552,4
2026-08-06 17:08:45,391,633,550,4
2026-08-06 17:08:46,391,627,564,4
2026-08-06 17:08:47,395,634,557,4
2026-08-06 17:08:48,392,631,558,4
2026-08-06 17:08:49,392,625,562,4
2026-08-06 17:08:50,392,634,562,4
2026-08-06 17:08:51,394,630,560,4
2026-08-06 17:08:52,391,630,561,4
2026-08-06 17:08:53,391,628,567,4
2026-08-06 17:08:54,393,629,570,4
2026-08-06 17:08:55,392,633,555,4
2026-08-06 17:08:56,391,629,569,4
2026-08-06 17:08:57,390,634,563,4
2026-08-06 17:08:58,391,627,572,4
2026-08-06 17:08:59,391,629,548,4
2026-08-06 17:09:00,391,630,546,4
2026-08-06 17:09:01,393,628,570,4
2026-08-06 17:09:02,391,635,561,4
2026-08-06 17:09:03,392,631,549,4
2026-08-06 17:09:04,394,628,561,4
2026-08-06 17:09:05,391,630,562,4
2026-08-06 17:09:06,394,631,561,4
2026-08-06 17:09:07,394,632,559,4
2026-08-06 17:09:08,391,629,572,4
2026-08-06 17:09:09,391,630,563,4
2026-08-06 17:09:10,395,631,568,4
2026-08-06 17:09:11,393,632,567,4
2026-08-06 17:09:12,393,632,566,4
2026-08-06 17:09:13,391,632,559,4
2026-08-06 17:09:14,394,634,565,4
2026-08-06 17:09:15,392,629,558,4
2026-08-06 17:09:16,392,630,555,4
2026-08-06 17:09:17,393,631,563,4
2026-08-06 17:09:18,390,628,566,4
2026-08-06 17:09:19,392,631,567,4
2026-08-06 17:09:20,392,634,563,4
2026-08-06 17:09:21,392,635,549,4
2026-08-06 17:09:22,393,631,567,4
2026-08-06 17:09:23,393,629,560,4
2026-08-06 17:09:24,388,632,561,4
2026-08-06 17:09:25,393,631,549,4
2026-08-06 17:09:26,395,630,564,4
2026-08-06 17:09:27,392,632,556,4
2026-08-06 17:09:28,395,630,549,4
2026-08-06 17:09:29,392,629,553,4
2026-08-06 17:09:30,390,629,550,4
2026-08-06 17:09:31,390,637,567,4
2026-08-06 17:09:32,392,634,557,4
2026-08-06 17:09:33,394,629,551,4
2026-08-06 17:09:34,391,631,567,4
2026-08-06 17:09:35,391,635,544,4
2026-08-06 17:09:36,392,633,572,4
2026-08-06 17:09:37,393,633,560,4
2026-08-06 17:09:38,392,629,553,4
2026-08-06 17:09:39,391,628,566,4
2026-08-06 17:09:40,391,630,558,4
2026-08-06 17:09:41,394,634,559,4
2026-08-06 17:09:42,392,635,560,4
2026-08-06 17:09:43,392,631,560,4
2026-08-06 17:09:44,391,631,561,4
2026-08-06 17:09:45,392,638,550,4
2026-08-06 17:09:46,391,631,577,4
2026-08-06 17:09:47,391,632,573,4
2026-08-06 17:09:48,395,637,567,4
2026-08-06 17:09:49,392,639,553,4
2026-08-06 17:09:50,393,630,549,4
2026-08-06 17:09:51,393,631,547,4
2026-08-06 17:09:52,393,633,548,4
2026-08-06 17:09:53,392,635,550,4
2026-08-06 17:09:54,395,629,566,4
2026-08-06 17:09:55,390,629,556,4
2026-08-06 17:09:56,391,637,555,4
2026-08-06 17:09:57,392,632,572,4
2026-08-06 17:09:58,389,634,560,4
2026-08-06 17:09:59,390,632,564,4
2026-08-06 17:10:00,392,636,564,4
2026-08-06 17:10:01,395,630,550,4
2026-08-06 17:10:02,390,635,562,4
2026-08-06 17:10:03,392,631,570,4
2026-08-06 17:10:04,392,632,564,4
2026-08-06 17:10:05,389,629,547,4
2026-08-06 17:10:06,393,635,560,4
2026-08-06 17:10:07,393,627,557,4
2026-08-06 17:10:08,391,632,549,4
2026-08-06 17:10:09,392,631,559,4
2026-08-06 17:10:10,389,634,558,4
2026-08-06 17:10:11,387,632,564,4
2026-08-06 17:10:12,392,629,554,4
2026-08-06 17:10:13,392,628,563,4
2026-08-06 17:10:14,391,630,558,4
2026-08-06 17:10:15,394,632,558,4
2026-08-06 17:10:16,391,630,555,4
2026-08-06 17:10:17,393,630,562,4
2026-08-06 17:10:18,392,634,549,4
2026-08-06 17:10:19,392,634,562,4
2026-08-06 17:10:20,389,628,562,4
2026-08-06 17:10:21,393,630,564,4
2026-08-06 17:10:22,392,633,569,4
2026-08-06 17:10:23,390,633,555,4
2026-08-06 17:10:24,392,630,569,4
2026-08-06 17:10:25,392,632,554,4
2026-08-06 17:10:26,392,631,558,4
2026-08-06 17:10:27,393,632,571,4
2026-08-06 17:10:28,392,630,555,4
2026-08-06 17:10:29,393,629,566,4
2026-08-06 17:10:30,393,633,556,4
2026-08-06 17:10:31,391,634,548,4
2026-08-06 17:10:32,391,631,562,4
2026-08-06 17:10:33,391,633,571,4
2026-08-06 17:10:34,392,631,565,4
2026-08-06 17:10:35,392,633,544,4
2026-08-06 17:10:36,391,630,558,4
2026-08-06 17:10:37,392,630,560,4
2026-08-06 17:10:38,395,634,548,4
2026-08-06 17:10:39,391,635,549,4
2026-08-06 17:10:40,392,631,556,4
2026-08-06 17:10:41,393,630,558,4
2026-08-06 17:10:42,392,629,563,4
2026-08-06 17:10:43,390,632,560,4
2026-08-06 17:10:44,392,633,557,4
2026-08-06 17:10:45,393,631,557,4
2026-08-06 17:10:46,392,630,567,4
2026-08-06 17:10:47,393,633,555,4
2026-08-06 17:10:48,391,627,557,4
2026-08-06 17:10:49,391,635,545,4
2026-08-06 17:10:50,390,634,561,4
2026-08-06 17:10:51,392,630,557,4
2026-08-06 17:10:52,392,629,563,4
2026-08-06 17:10:53,393,627,565,4
2026-08-06 17:10:54,394,631,562,4
2026-08-06 17:10:55,392,632,561,4
2026-08-06 17:10:56,393,636,570,4
2026-08-06 17:10:57,391,635,544,4
2026-08-06 17:10:58,391,641,558,4
2026-08-06 17:10:59,390,628,564,4
2026-08-06 17:11:00,390,634,563,4
2026-08-06 17:11:01,392,628,553,4
2026-08-06 17:11:02,394,630,554,4
2026-08-06 17:11:03,392,631,557,4
2026-08-06 17:11:04,392,630,549,4
2026-08-06 17:11:05,393,633,573,4
2026-08-06 17:11:06,393,632,550,4
2026-08-06 17:11:07,390,628,555,4
2026-08-06 17:11:08,391,632,565,4
2026-08-06 17:11:09,393,636,558,4
2026-08-06 17:11:10,392,633,544,4
2026-08-06 17:11:11,391,631,568,4
2026-08-06 17:11:12,395,628,563,4
2026-08-06 17:11:13,395,632,544,4
2026-08-06 17:11:14,392,633,563,4
2026-08-06 17:11:15,392,629,557,4
2026-08-06 17:11:16,391,632,570,4
2026-08-06 17:11:17,391,635,552,4
2026-08-06 17:11:18,392,632,551,4
2026-08-06 17:11:19,392,635,545,4
2026-08-06 17:11:20,393,633,558,4
2026-08-06 17:11:21,392,631,572,4
2026-08-06 17:11:22,392,633,556,4
2026-08-06 17:11:23,390,631,556,4
2026-08-06 17:11:24,391,632,544,4
2026-08-06 17:11:25,391,636,571,4
2026-08-06 17:11:26,393,630,571,4
2026-08-06 17:11:27,395,633,571,4
2026-08-06 17:11:28,392,631,575,4
2026-08-06 17:11:29,392,629,571,4
2026-08-06 17:11:30,391,634,557,4
2026-08-06 17:11:31,391,631,561,4
2026-08-06 17:11:32,391,632,546,4
2026-08-06 17:11:33,392,634,552,4
2026-08-06 17:11:34,389,633,560,4
2026-08-06 17:11:35,389,633,563,4
2026-08-06 17:11:36,397,629,552,4
2026-08-06 17:11:37,393,632,552,4
2026-08-06 17:11:38,397,632,572,4
2026-08-06 17:11:39,391,630,563,4
2026-08-06 17:11:40,391,631,547,4
2026-08-06 17:11:41,393,629,563,4
2026-08-06 17:11:42,391,631,560,4
2026-08-06 17:11:43,393,633,557,4
2026-08-06 17:11:44,391,631,566,4
2026-08-06 17:11:45,392,632,557,4
2026-08-06 17:11:46,392,630,571,4
2026-08-06 17:11:47,395,636,561,4
2026-08-06 17:11:48,391,631,559,4
2026-08-06 17:11:49,392,632,564,4
2026-08-06 17:11:50,394,628,573,4
2026-08-06 17:11:51,391,634,550,4
2026-08-06 17:11:52,390,629,558,4
2026-08-06 17:11:53,394,631,555,4
2026-08-06 17:11:54,392,637,560,4
2026-08-06 17:11:55,390,629,555,4
2026-08-06 17:11:56,391,629,556,4
2026-08-06 17:11:57,392,635,567,4
2026-08-06 17:11:58,394,626,560,4
2026-08-06 17:11:59,392,632,549,4
2026-08-06 17:12:00,392,632,564,4
2026-08-06 17:12:01,392,633,546,4
2026-08-06 17:12:02,391,629,561,4
2026-08-06 17:12:03,392,631,570,4
2026-08-06 17:12:04,394,635,555,4
2026-08-06 17:12:05,393,632,558,4
2026-08-06 17:12:06,392,634,562,4
2026-08-06 17:12:07,393,632,548,4
2026-08-06 17:12:08,392,627,546,4
2026-08-06 17:12:09,392,634,570,4
2026-08-06 17:12:10,392,636,546,4
2026-08-06 17:12:13,392,628,544,4
2026-08-06 17:12:13,394,633,551,4
2026-08-06 17:12:13,392,631,566,4
2026-08-06 17:12:14,393,632,563,4
2026-08-06 17:12:15,392,628,557,4
2026-08-06 17:12:16,393,629,563,4
2026-08-06 17:12:17,392,631,565,4
2026-08-06 17:12:18,390,636,550,4
2026-08-06 17:12:19,393,634,556,4
2026-08-06 17:12:20,395,631,557,4
2026-08-06 17:12:21,390,629,565,4
2026-08-06 17:12:22,393,635,553,4
2026-08-06 17:12:23,392,633,568,4
2026-08-06 17:12:24,394,629,576,4
2026-08-06 17:12:25,391,631,555,4
2026-08-06 17:12:26,393,628,560,4
2026-08-06 17:12:27,393,634,559,4
2026-08-06 17:12:28,392,636,568,4
2026-08-06 17:12:29,392,631,565,4
2026-08-06 17:12:30,392,630,561,4
2026-08-06 17:12:31,392,632,562,4
2026-08-06 17:12:32,392,630,552,4
2026-08-06 17:12:33,392,632,563,4
2026-08-06 17:12:34,392,636,570,4
2026-08-06 17:12:35,390,634,561,4
2026-08-06 17:12:36,393,636,554,4
2026-08-06 17:12:37,393,632,561,4
2026-08-06 17:12:38,391,632,546,4
2026-08-06 17:12:39,394,633,552,4
2026-08-06 17:12:40,391,627,563,4
2026-08-06 17:12:41,393,633,561,4
2026-08-06 17:12:42,391,632,567,4
2026-08-06 17:12:43,394,630,562,4
2026-08-06 17:12:44,394,633,560,4
2026-08-06 17:12:45,395,631,557,4
2026-08-06 17:12:46,392,634,549,4
2026-08-06 17:12:47,392,634,558,4
2026-08-06 17:12:48,394,633,550,4
2026-08-06 17:12:49,391,631,558,4
2026-08-06 17:12:50,392,629,563,4
2026-08-06 17:12:51,392,633,565,4
2026-08-06 17:12:52,391,630,560,4
2026-08-06 17:12:53,396,632,560,4
2026-08-06 17:12:54,392,633,567,4
2026-08-06 17:12:55,390,629,565,4
2026-08-06 17:12:56,385,629,552,4
2026-08-06 17:12:57,392,632,565,4
2026-08-06 17:12:58,391,629,554,4
2026-08-06 17:12:59,394,633,558,4
2026-08-06 17:13:00,391,633,565,4
2026-08-06 17:13:01,392,634,554,4
2026-08-06 17:13:02,391,636,561,4
2026-08-06 17:13:03,391,635,564,4
2026-08-06 17:13:04,391,632,566,4
2026-08-06 17:13:05,389,630,560,4
2026-08-06 17:13:06,390,634,578,4
2026-08-06 17:13:07,391,629,566,4
2026-08-06 17:13:08,391,636,560,4
2026-08-06 17:13:09,393,630,561,4
2026-08-06 17:13:10,391,633,560,4
2026-08-06 17:13:11,391,629,557,4
2026-08-06 17:13:12,395,633,542,4
2026-08-06 17:13:13,394,629,547,4
2026-08-06 17:13:14,392,633,565,4
2026-08-06 17:13:15,392,629,564,4
2026-08-06 17:13:16,392,631,558,4
2026-08-06 17:13:17,391,633,566,4
2026-08-06 17:13:18,392,625,552,4
2026-08-06 17:13:19,391,632,559,4
2026-08-06 17:13:20,393,632,566,4
2026-08-06 17:13:21,391,631,560,4
2026-08-06 17:13:22,392,632,563,4
2026-08-06 17:13:23,394,631,562,4
2026-08-06 17:13:24,390,628,555,4
2026-08-06 17:13:25,391,635,550,4
2026-08-06 17:13:26,392,632,555,4
2026-08-06 17:13:27,393,632,558,4
2026-08-06 17:13:28,392,634,557,4
2026-08-06 17:13:29,392,634,554,4
2026-08-06 17:13:30,391,632,553,4
2026-08-06 17:13:31,387,632,561,4
2026-08-06 17:13:32,389,631,552,4
2026-08-06 17:13:33,393,634,553,4
2026-08-06 17:13:34,391,632,570,4
2026-08-06 17:13:35,392,635,569,4
2026-08-06 17:13:36,390,633,559,4
2026-08-06 17:13:37,391,630,559,4
2026-08-06 17:13:38,391,633,562,4
2026-08-06 17:13:39,394,629,549,4
2026-08-06 17:13:40,391,628,571,4
2026-08-06 17:13:41,391,632,562,4
2026-08-06 17:13:42,393,631,568,4
2026-08-06 17:13:43,393,632,560,4
2026-08-06 17:13:44,392,630,564,4
2026-08-06 17:13:45,391,632,558,4
2026-08-06 17:13:46,392,632,555,4
2026-08-06 17:13:47,393,632,564,4
2026-08-06 17:13:48,393,633,562,4
2026-08-06 17:13:49,392,631,570,4
2026-08-06 17:13:50,394,636,549,4
2026-08-06 17:13:51,393,632,565,4
2026-08-06 17:13:52,391,633,566,4
2026-08-06 17:13:53,392,635,564,4
2026-08-06 17:13:54,389,636,547,4
2026-08-06 17:13:55,391,629,562,4
2026-08-06 17:13:56,391,630,565,4
2026-08-06 17:13:57,392,628,562,4
2026-08-06 17:13:58,391,629,558,4
2026-08-06 17:13:59,390,638,554,4
2026-08-06 17:14:00,392,630,566,4
2026-08-06 17:14:01,393,634,562,4
2026-08-06 17:14:02,391,631,548,4
2026-08-06 17:14:03,393,633,561,4
2026-08-06 17:14:04,391,627,562,4
2026-08-06 17:14:05,391,631,558,4
2026-08-06 17:14:06,388,633,557,4
2026-08-06 17:14:07,392,636,552,4
2026-08-06 17:14:08,391,634,551,4
2026-08-06 17:14:09,391,632,549,4
2026-08-06 17:14:10,394,632,575,4
2026-08-06 17:14:11,393,636,551,4
2026-08-06 17:14:12,391,632,566,4
2026-08-06 17:14:13,391,631,566,4
2026-08-06 17:14:14,392,634,565,4
2026-08-06 17:14:15,393,633,554,4
2026-08-06 17:14:16,392,634,557,4
2026-08-06 17:14:17,393,634,557,4
2026-08-06 17:14:18,391,630,562,4
2026-08-06 17:14:19,391,637,563,4
2026-08-06 17:14:20,391,629,554,4
2026-08-06 17:14:21,390,633,563,4
2026-08-06 17:14:22,394,626,559,4
2026-08-06 17:14:23,393,632,552,4
2026-08-06 17:14:24,391,628,563,4
2026-08-06 17:14:25,391,630,557,4
2026-08-06 17:14:26,391,632,559,4
2026-08-06 17:14:27,391,632,568,4
2026-08-06 17:14:28,394,633,565,4
2026-08-06 17:14:29,391,634,562,4
2026-08-06 17:14:30,392,631,561,4
2026-08-06 17:14:31,394,628,561,4
2026-08-06 17:14:32,391,634,544,4
2026-08-06 17:14:33,392,633,558,4
2026-08-06 17:14:34,393,629,566,4
2026-08-06 17:14:35,391,632,553,4
2026-08-06 17:14:36,391,631,564,4
2026-08-06 17:14:37,392,628,573,4
2026-08-06 17:14:38,392,632,566,4
2026-08-06 17:14:39,397,633,553,4
2026-08-06 17:14:40,391,629,553,4
2026-08-06 17:14:41,394,632,544,4
2026-08-06 17:14:42,391,631,551,4
2026-08-06 17:14:43,394,632,545,4
2026-08-06 17:14:44,395,635,560,4
2026-08-06 17:14:45,391,634,565,4
2026-08-06 17:14:46,391,628,550,4
2026-08-06 17:14:47,393,636,545,4
2026-08-06 17:14:48,392,635,562,4
2026-08-06 17:14:49,391,636,562,4
2026-08-06 17:14:50,392,631,560,4
2026-08-06 17:14:51,393,634,557,4
2026-08-06 17:14:52,391,634,557,4
2026-08-06 17:14:53,393,630,563,4
2026-08-06 17:14:54,392,632,575,4
2026-08-06 17:14:55,392,634,558,4
2026-08-06 17:14:56,394,635,559,4
2026-08-06 17:14:57,390,633,567,4
2026-08-06 17:14:58,393,633,574,4
2026-08-06 17:14:59,393,632,564,4
2026-08-06 17:15:00,392,633,581,4
2026-08-06 17:15:01,392,633,554,4
2026-08-06 17:15:02,392,630,571,4
2026-08-06 17:15:03,391,628,553,4
2026-08-06 17:15:04,394,636,559,4
2026-08-06 17:15:05,391,634,560,4
2026-08-06 17:15:06,390,629,562,4
2026-08-06 17:15:07,391,636,571,4
2026-08-06 17:15:08,392,631,556,4
2026-08-06 17:15:09,394,634,567,4
2026-08-06 17:15:10,392,631,561,4
2026-08-06 17:15:11,394,633,567,4
2026-08-06 17:15:12,392,629,574,4
2026-08-06 17:15:13,392,634,564,4
2026-08-06 17:15:14,394,635,552,4
2026-08-06 17:15:15,391,629,554,4
2026-08-06 17:15:16,393,632,553,4
2026-08-06 17:15:17,395,634,549,4
2026-08-06 17:15:18,392,637,561,4
2026-08-06 17:15:19,391,631,547,4
2026-08-06 17:15:20,393,634,552,4
2026-08-06 17:15:21,392,633,549,4
2026-08-06 17:15:22,391,629,563,4
2026-08-06 17:15:23,393,625,570,4
2026-08-06 17:15:24,395,640,555,4
2026-08-06 17:15:25,393,633,553,4
2026-08-06 17:15:26,392,630,566,4
2026-08-06 17:15:27,393,628,551,4
2026-08-06 17:15:28,391,634,553,4
2026-08-06 17:15:29,389,633,557,4
2026-08-06 17:15:30,392,633,559,4
2026-08-06 17:15:31,392,632,554,4
2026-08-06 17:15:32,391,633,563,4
2026-08-06 17:15:33,390,633,556,4
2026-08-06 17:15:34,389,632,555,4
2026-08-06 17:15:35,392,629,553,4
2026-08-06 17:15:36,391,629,564,4
2026-08-06 17:15:37,395,631,566,4
2026-08-06 17:15:38,392,629,559,4
2026-08-06 17:15:39,391,630,549,4
2026-08-06 17:15:40,393,632,566,4
2026-08-06 17:15:41,392,632,556,4
2026-08-06 17:15:42,392,631,558,4
2026-08-06 17:15:43,391,632,551,4
2026-08-06 17:15:44,391,633,562,4
2026-08-06 17:15:45,391,631,556,4
2026-08-06 17:15:46,392,632,566,4
2026-08-06 17:15:47,393,628,560,4
2026-08-06 17:15:48,392,631,555,4
2026-08-06 17:15:49,394,635,554,4
2026-08-06 17:15:50,393,632,569,4
2026-08-06 17:15:51,393,630,571,4
2026-08-06 17:15:52,390,633,556,4
2026-08-06 17:15:53,393,631,563,4
2026-08-06 17:15:54,391,630,572,4
2026-08-06 17:15:55,391,628,550,4
2026-08-06 17:15:56,393,629,573,4
2026-08-06 17:15:57,393,632,563,4
2026-08-06 17:15:58,395,632,565,4
2026-08-06 17:15:59,392,627,570,4
2026-08-06 17:16:00,390,630,566,4
2026-08-06 17:16:01,392,631,574,4
2026-08-06 17:16:02,391,629,564,4
2026-08-06 17:16:03,392,629,551,4
2026-08-06 17:16:04,393,637,540,4
2026-08-06 17:16:05,389,627,565,4
2026-08-06 17:16:06,392,631,560,4
2026-08-06 17:16:07,392,627,566,4
2026-08-06 17:16:08,393,627,556,4
2026-08-06 17:16:09,392,630,559,4
2026-08-06 17:16:10,390,634,559,4
2026-08-06 17:16:11,393,628,552,4
2026-08-06 17:16:12,386,632,559,4
2026-08-06 17:16:13,392,630,556,4
2026-08-06 17:16:14,392,629,572,4
2026-08-06 17:16:15,390,631,575,4
2026-08-06 17:16:16,394,632,553,4
2026-08-06 17:16:17,394,633,548,4
2026-08-06 17:16:18,389,632,551,4
2026-08-06 17:16:19,391,631,561,4
2026-08-06 17:16:20,392,630,548,4
2026-08-06 17:16:21,389,636,549,4
2026-08-06 17:16:22,391,628,568,4
2026-08-06 17:16:23,392,634,551,4
2026-08-06 17:16:24,392,633,577,4
2026-08-06 17:16:25,390,630,565,4
2026-08-06 17:16:26,393,630,559,4
2026-08-06 17:16:27,392,634,556,4
2026-08-06 17:16:28,395,635,552,4
2026-08-06 17:16:29,394,633,555,4
2026-08-06 17:16:30,391,629,568,4
2026-08-06 17:16:31,392,630,555,4
2026-08-06 17:16:32,393,632,570,4
2026-08-06 17:16:33,392,631,553,4
2026-08-06 17:16:34,391,632,560,4
2026-08-06 17:16:35,390,635,562,4
2026-08-06 17:16:36,392,629,559,4
2026-08-06 17:16:37,392,635,557,4
2026-08-06 17:16:38,394,631,553,4
2026-08-06 17:16:39,392,633,553,4
2026-08-06 17:16:40,392,635,564,4
2026-08-06 17:16:41,393,629,548,4
2026-08-06 17:16:42,392,632,557,4
2026-08-06 17:16:43,393,632,565,4
2026-08-06 17:16:44,390,631,567,4
2026-08-06 17:16:45,393,631,561,4
2026-08-06 17:16:46,394,631,559,4
2026-08-06 17:16:47,390,630,537,4
2026-08-06 17:16:48,392,631,559,4
2026-08-06 17:16:49,391,636,554,4
2026-08-06 17:16:50,393,631,580,4
2026-08-06 17:16:51,390,631,571,4
2026-08-06 17:16:52,394,628,548,4
2026-08-06 17:16:53,393,631,572,4
2026-08-06 17:16:54,392,632,568,4
2026-08-06 17:16:55,392,629,565,4
2026-08-06 17:16:56,391,627,561,4
2026-08-06 17:16:57,392,632,542,4
2026-08-06 17:16:58,393,634,561,4
2026-08-06 17:16:59,393,633,550,4
2026-08-06 17:17:00,392,633,557,4
2026-08-06 17:17:01,390,630,562,4
2026-08-06 17:17:02,392,629,560,4
2026-08-06 17:17:03,393,628,558,4
2026-08-06 17:17:04,393,636,573,4
2026-08-06 17:17:05,391,630,555,4
2026-08-06 17:17:06,393,635,553,4
2026-08-06 17:17:07,392,633,563,4
2026-08-06 17:17:08,390,630,573,4
2026-08-06 17:17:09,393,632,584,4
2026-08-06 17:17:10,392,633,552,4
2026-08-06 17:17:11,394,634,565,4
2026-08-06 17:17:12,391,634,562,4
2026-08-06 17:17:13,391,638,556,4
2026-08-06 17:17:14,392,630,555,4
2026-08-06 17:17:15,391,635,576,4
2026-08-06 17:17:16,392,636,552,4
2026-08-06 17:17:17,391,633,560,4
2026-08-06 17:17:18,395,629,562,4
2026-08-06 17:17:19,393,636,551,4
2026-08-06 17:17:20,391,626,566,4
2026-08-06 17:17:21,392,631,555,4
2026-08-06 17:17:22,391,636,562,4
2026-08-06 17:17:23,389,632,562,4
2026-08-06 17:17:24,391,634,567,4
2026-08-06 17:17:25,391,630,559,4
2026-08-06 17:17:26,391,630,547,4
2026-08-06 17:17:27,393,636,566,4
2026-08-06 17:17:28,390,635,559,4
2026-08-06 17:17:29,393,632,556,4
2026-08-06 17:17:30,391,628,546,4
2026-08-06 17:17:31,392,635,559,4
2026-08-06 17:17:32,394,633,553,4
2026-08-06 17:17:33,393,635,552,4
2026-08-06 17:17:34,392,629,561,4
2026-08-06 17:17:35,393,630,560,4
2026-08-06 17:17:36,392,635,551,4
2026-08-06 17:17:37,392,633,559,4
2026-08-06 17:17:38,390,634,570,4
2026-08-06 17:17:39,393,632,553,4
2026-08-06 17:17:40,392,632,562,4
2026-08-06 17:17:41,392,636,561,4
2026-08-06 17:17:42,394,638,558,4
2026-08-06 17:17:43,393,632,564,4
2026-08-06 17:17:44,393,631,550,4
2026-08-06 17:17:45,393,632,554,4
2026-08-06 17:17:46,391,628,556,4
2026-08-06 17:17:47,390,632,570,4
2026-08-06 17:17:48,392,637,554,4
2026-08-06 17:17:49,391,635,553,4
2026-08-06 17:17:50,391,634,552,4
2026-08-06 17:17:51,392,632,548,4
2026-08-06 17:17:52,389,629,560,4
2026-08-06 17:17:53,392,629,560,4
2026-08-06 17:17:54,392,634,569,4
2026-08-06 17:17:55,392,633,556,4
2026-08-06 17:17:56,391,630,546,4
2026-08-06 17:17:57,398,634,568,4
2026-08-06 17:17:58,392,634,564,4
2026-08-06 17:17:59,394,632,559,4
2026-08-06 17:18:00,391,633,551,4
2026-08-06 17:18:01,391,630,552,4
2026-08-06 17:18:02,391,631,563,4
2026-08-06 17:18:03,392,629,574,4
2026-08-06 17:18:04,392,631,558,4
2026-08-06 17:18:05,392,629,558,4
2026-08-06 17:18:06,390,633,564,4
2026-08-06 17:18:07,391,632,557,4
2026-08-06 17:18:08,390,631,558,4
2026-08-06 17:18:09,393,631,554,4
2026-08-06 17:18:10,391,627,563,4
2026-08-06 17:18:11,394,632,558,4
2026-08-06 17:18:12,394,632,563,4
2026-08-06 17:18:13,392,629,552,4
2026-08-06 17:18:14,391,638,554,4
2026-08-06 17:18:15,393,630,553,4
2026-08-06 17:18:16,391,632,556,4
2026-08-06 17:18:17,393,632,551,4
2026-08-06 17:18:18,391,632,560,4
2026-08-06 17:18:19,391,635,563,4
2026-08-06 17:18:20,391,631,556,4
2026-08-06 17:18:21,391,631,566,4
2026-08-06 17:18:22,390,636,558,4
2026-08-06 17:18:23,394,628,562,4
2026-08-06 17:18:24,391,628,548,4
2026-08-06 17:18:25,392,634,571,4
2026-08-06 17:18:26,393,631,555,4
2026-08-06 17:18:27,391,635,554,4
2026-08-06 17:18:28,393,630,549,4
2026-08-06 17:18:29,392,632,557,4
2026-08-06 17:18:30,393,628,565,4
2026-08-06 17:18:31,392,631,568,4
2026-08-06 17:18:32,391,633,549,4
2026-08-06 17:18:33,392,628,575,4
2026-08-06 17:18:34,393,631,548,4
2026-08-06 17:18:35,390,636,557,4
2026-08-06 17:18:36,392,636,543,4
2026-08-06 17:18:37,390,630,562,4
2026-08-06 17:18:38,394,634,556,4
2026-08-06 17:18:39,395,636,570,4
2026-08-06 17:18:40,394,627,561,4
2026-08-06 17:18:41,391,628,555,4
2026-08-06 17:18:42,394,628,569,4
2026-08-06 17:18:43,393,634,544,4
2026-08-06 17:18:44,393,634,568,4
2026-08-06 17:18:45,389,633,553,4
2026-08-06 17:18:46,393,629,563,4
2026-08-06 17:18:47,391,637,564,4
2026-08-06 17:18:48,392,631,546,4
2026-08-06 17:18:49,391,637,553,4
2026-08-06 17:18:50,392,631,560,4
2026-08-06 17:18:51,394,633,549,4
2026-08-06 17:18:52,391,630,561,4
2026-08-06 17:18:53,391,632,559,4
2026-08-06 17:18:54,392,628,556,4
2026-08-06 17:18:55,395,627,545,4
2026-08-06 17:18:56,393,625,556,4
2026-08-06 17:18:57,392,627,560,4
2026-08-06 17:18:58,390,633,552,4
2026-08-06 17:18:59,393,632,567,4
2026-08-06 17:19:00,391,634,556,4
2026-08-06 17:19:01,392,626,567,4
2026-08-06 17:19:02,392,633,550,4
2026-08-06 17:19:03,391,633,563,4
2026-08-06 17:19:04,391,635,569,4
2026-08-06 17:19:05,394,629,557,4
2026-08-06 17:19:06,391,632,555,4
2026-08-06 17:19:07,392,629,567,4
2026-08-06 17:19:08,391,634,546,4
2026-08-06 17:19:09,390,630,548,4
2026-08-06 17:19:10,395,629,565,4
2026-08-06 17:19:11,390,631,558,4
2026-08-06 17:19:12,392,628,554,4
2026-08-06 17:19:13,389,634,551,4
2026-08-06 17:19:14,391,636,562,4
2026-08-06 17:19:15,392,629,544,4
2026-08-06 17:19:16,394,635,552,4
2026-08-06 17:19:17,392,635,544,4
2026-08-06 17:19:18,393,632,556,4
2026-08-06 17:19:19,392,626,569,4
2026-08-06 17:19:20,393,629,555,4
2026-08-06 17:19:21,393,629,555,4
2026-08-06 17:19:22,390,635,557,4
2026-08-06 17:19:23,392,633,543,4
2026-08-06 17:19:24,393,635,550,4
2026-08-06 17:19:25,393,631,555,4
2026-08-06 17:19:26,393,627,554,4
2026-08-06 17:19:27,390,633,551,4
2026-08-06 17:19:28,392,628,549,4
2026-08-06 17:19:29,393,631,564,4
2026-08-06 17:19:30,391,639,554,4
2026-08-06 17:19:31,394,632,554,4
2026-08-06 17:19:32,391,631,542,4
2026-08-06 17:19:33,392,635,557,4
2026-08-06 17:19:34,392,632,546,4
2026-08-06 17:19:35,391,627,556,4
2026-08-06 17:19:36,392,629,545,4
2026-08-06 17:19:37,391,630,563,4
2026-08-06 17:19:38,391,633,555,4
2026-08-06 17:19:39,392,633,571,4
2026-08-06 17:19:40,392,632,550,4
2026-08-06 17:19:41,391,635,555,4
2026-08-06 17:19:42,391,634,555,4
2026-08-06 17:19:43,391,631,552,4
2026-08-06 17:19:44,389,633,567,4
2026-08-06 17:19:45,392,629,545,4
2026-08-06 17:19:46,392,635,562,4
2026-08-06 17:19:47,389,627,560,4
2026-08-06 17:19:48,391,630,560,4
2026-08-06 17:19:49,395,631,564,4
2026-08-06 17:19:50,389,631,547,4
2026-08-06 17:19:51,391,631,560,4
2026-08-06 17:19:52,389,630,553,4
2026-08-06 17:19:53,390,631,565,4
2026-08-06 17:19:54,392,630,563,4
2026-08-06 17:19:55,393,632,566,4
2026-08-06 17:19:56,391,630,555,4
2026-08-06 17:19:57,391,631,555,4
2026-08-06 17:19:58,393,634,555,4
2026-08-06 17:19:59,393,633,547,4
2026-08-06 17:20:00,390,635,552,4
2026-08-06 17:20:01,393,633,562,4
2026-08-06 17:20:02,395,627,559,4
2026-08-06 17:20:03,393,632,566,4
2026-08-06 17:20:04,393,631,558,4
2026-08-06 17:20:05,391,632,553,4
2026-08-06 17:20:06,392,629,560,4
2026-08-06 17:20:07,392,630,550,4
2026-08-06 17:20:08,392,627,553,4
2026-08-06 17:20:09,391,631,546,4
2026-08-06 17:20:10,391,633,558,4
2026-08-06 17:20:11,391,633,555,4
2026-08-06 17:20:12,392,631,548,4
2026-08-06 17:20:13,392,631,570,4
2026-08-06 17:20:14,390,635,564,4
2026-08-06 17:20:15,394,627,553,4
2026-08-06 17:20:16,391,631,564,4
2026-08-06 17:20:17,394,630,552,4
2026-08-06 17:20:18,392,640,557,4
2026-08-06 17:20:19,391,632,558,4
2026-08-06 17:20:20,391,634,570,4
2026-08-06 17:20:21,391,631,551,4
2026-08-06 17:20:22,391,632,561,4
2026-08-06 17:20:23,394,636,556,4
2026-08-06 17:20:24,392,631,564,4
2026-08-06 17:20:25,392,629,556,4
2026-08-06 17:20:26,392,630,554,4
2026-08-06 17:20:27,391,632,550,4
2026-08-06 17:20:28,390,628,558,4
2026-08-06 17:20:29,392,634,561,4
2026-08-06 17:20:30,393,633,557,4
2026-08-06 17:20:31,394,633,565,4
2026-08-06 17:20:32,390,630,550,4
2026-08-06 17:20:33,390,627,559,4
2026-08-06 17:20:34,392,630,563,4
2026-08-06 17:20:35,391,633,566,4
2026-08-06 17:20:36,393,630,549,4
2026-08-06 17:20:37,388,632,554,4
2026-08-06 17:20:38,391,634,564,4
2026-08-06 17:20:39,392,633,562,4
2026-08-06 17:20:40,392,629,558,4
2026-08-06 17:20:41,393,632,549,4
2026-08-06 17:20:42,392,630,555,4
2026-08-06 17:20:43,392,635,549,4
2026-08-06 17:20:44,392,633,563,4
2026-08-06 17:20:45,391,630,560,4
2026-08-06 17:20:46,392,628,559,4
2026-08-06 17:20:47,393,633,561,4
2026-08-06 17:20:48,393,630,556,4
2026-08-06 17:20:49,391,628,550,4
2026-08-06 17:20:50,394,629,550,4
2026-08-06 17:20:51,391,633,543,4
2026-08-06 17:20:52,392,633,559,4
2026-08-06 17:20:53,393,629,557,4
2026-08-06 17:20:54,392,635,545,4
2026-08-06 17:20:55,391,630,552,4
2026-08-06 17:20:56,392,631,561,4
2026-08-06 17:20:57,391,629,546,4
2026-08-06 17:20:58,392,634,562,4
2026-08-06 17:20:59,394,634,558,4
2026-08-06 17:21:00,393,631,555,4
2026-08-06 17:21:01,391,631,559,4
2026-08-06 17:21:02,392,636,544,4
2026-08-06 17:21:03,392,633,558,4
2026-08-06 17:21:04,392,634,553,4
2026-08-06 17:21:05,391,632,555,4
2026-08-06 17:21:06,391,633,553,4
2026-08-06 17:21:07,390,631,549,4
2026-08-06 17:21:08,390,628,556,4
2026-08-06 17:21:09,392,633,552,4
2026-08-06 17:21:10,390,626,558,4
2026-08-06 17:21:11,389,633,556,4
2026-08-06 17:21:12,392,630,550,4
2026-08-06 17:21:13,394,629,551,4
2026-08-06 17:21:14,391,634,554,4
2026-08-06 17:21:15,392,629,558,4
2026-08-06 17:21:16,391,631,571,4
2026-08-06 17:21:17,392,634,557,4
2026-08-06 17:21:18,391,628,554,4
2026-08-06 17:21:19,392,630,557,4
2026-08-06 17:21:20,391,630,547,4
2026-08-06 17:21:21,392,631,554,4
2026-08-06 17:21:22,392,631,549,4
2026-08-06 17:21:23,392,636,565,4
2026-08-06 17:21:24,391,636,564,4
2026-08-06 17:21:25,391,630,556,4
2026-08-06 17:21:26,389,630,552,4
2026-08-06 17:21:27,391,627,562,4
2026-08-06 17:21:28,392,635,555,4
2026-08-06 17:21:29,390,630,547,4
2026-08-06 17:21:30,392,628,562,4
2026-08-06 17:21:31,391,629,555,4
2026-08-06 17:21:32,394,635,550,4
2026-08-06 17:21:33,390,630,553,4
2026-08-06 17:21:34,390,632,554,4
2026-08-06 17:21:35,393,631,555,4
2026-08-06 17:21:36,391,634,563,4
2026-08-06 17:21:37,393,634,550,4
2026-08-06 17:21:38,391,632,552,4
2026-08-06 17:21:39,391,631,558,4
2026-08-06 17:21:40,392,634,550,4
2026-08-06 17:21:41,391,630,540,4
2026-08-06 17:21:42,390,631,545,4
2026-08-06 17:21:43,393,631,569,4
2026-08-06 17:21:44,393,637,572,4
2026-08-06 17:21:45,394,631,564,4
2026-08-06 17:21:46,392,632,550,4
2026-08-06 17:21:47,391,632,547,4
2026-08-06 17:21:48,392,632,548,4
2026-08-06 17:21:49,392,634,548,4
2026-08-06 17:21:50,391,633,553,4
2026-08-06 17:21:51,391,635,550,4
2026-08-06 17:21:52,393,628,555,4
2026-08-06 17:21:53,389,631,549,4
2026-08-06 17:21:54,391,634,557,4
2026-08-06 17:21:55,391,633,563,4
2026-08-06 17:21:56,392,632,546,4
2026-08-06 17:21:57,391,632,554,4
2026-08-06 17:21:58,391,630,552,4
2026-08-06 17:21:59,393,630,552,4
2026-08-06 17:22:00,390,631,556,4
2026-08-06 17:22:01,390,633,555,4
2026-08-06 17:22:02,391,627,561,4
2026-08-06 17:22:03,394,627,535,4
2026-08-06 17:22:04,392,632,554,4
2026-08-06 17:22:05,391,632,557,4
2026-08-06 17:22:06,391,630,562,4
2026-08-06 17:22:07,392,630,560,4
2026-08-06 17:22:08,392,627,567,4
2026-08-06 17:22:09,391,637,559,4
2026-08-06 17:22:10,391,633,563,4
2026-08-06 17:22:11,393,629,554,4
2026-08-06 17:22:12,389,628,553,4
2026-08-06 17:22:13,391,628,556,4
2026-08-06 17:22:14,391,631,558,4
2026-08-06 17:22:15,394,632,558,4
2026-08-06 17:22:16,392,628,547,4
2026-08-06 17:22:17,392,633,556,4
2026-08-06 17:22:18,390,634,558,4
2026-08-06 17:22:19,396,635,546,4
2026-08-06 17:22:20,390,632,558,4
2026-08-06 17:22:21,392,638,553,4
2026-08-06 17:22:22,392,627,559,4
2026-08-06 17:22:23,393,626,565,4
2026-08-06 17:22:24,390,625,565,4
2026-08-06 17:22:25,390,629,542,4
2026-08-06 17:22:26,390,633,558,4
2026-08-06 17:22:27,390,629,558,4
2026-08-06 17:22:28,393,629,556,4
2026-08-06 17:22:29,393,632,551,4
2026-08-06 17:22:30,391,633,556,4
2026-08-06 17:22:31,391,638,565,4
2026-08-06 17:22:32,392,634,563,4
2026-08-06 17:22:33,392,634,561,4
2026-08-06 17:22:34,392,629,552,4
2026-08-06 17:22:35,391,631,555,4
2026-08-06 17:22:36,393,633,550,4
2026-08-06 17:22:37,392,629,552,4
2026-08-06 17:22:38,392,629,552,4
2026-08-06 17:22:39,391,630,559,4
2026-08-06 17:22:40,393,632,547,4
2026-08-06 17:22:41,392,629,558,4
2026-08-06 17:22:42,393,631,550,4
2026-08-06 17:22:43,393,631,560,4
2026-08-06 17:22:44,392,634,551,4
2026-08-06 17:22:45,393,633,558,4
2026-08-06 17:22:46,392,632,560,4
2026-08-06 17:22:47,392,634,550,4
2026-08-06 17:22:48,391,633,555,4
2026-08-06 17:22:49,392,631,546,4
2026-08-06 17:22:50,392,633,550,4
2026-08-06 17:22:51,393,632,548,4
2026-08-06 17:22:52,392,630,558,4
2026-08-06 17:22:53,391,631,562,4
2026-08-06 17:22:54,392,635,561,4
2026-08-06 17:22:55,393,629,549,4
2026-08-06 17:22:56,391,631,562,4
2026-08-06 17:22:57,392,632,545,4
2026-08-06 17:22:58,392,637,570,4
2026-08-06 17:22:59,393,634,559,4
2026-08-06 17:23:00,393,635,559,4
2026-08-06 17:23:01,393,633,554,4
2026-08-06 17:23:02,392,629,566,4
2026-08-06 17:23:03,394,631,552,4
2026-08-06 17:23:04,394,636,549,4
2026-08-06 17:23:05,393,631,566,4
2026-08-06 17:23:06,393,628,553,4
2026-08-06 17:23:07,392,635,554,4
2026-08-06 17:23:08,393,630,547,4
2026-08-06 17:23:09,391,637,560,4
2026-08-06 17:23:10,393,634,557,4
2026-08-06 17:23:11,395,631,551,4
2026-08-06 17:23:12,393,633,567,4
2026-08-06 17:23:13,394,632,569,4
2026-08-06 17:23:14,394,634,552,4
2026-08-06 17:23:15,391,634,551,4
2026-08-06 17:23:16,392,625,566,4
2026-08-06 17:23:17,393,632,541,4
2026-08-06 17:23:18,388,630,550,4
2026-08-06 17:23:19,395,633,557,4
2026-08-06 17:23:20,394,632,565,4
2026-08-06 17:23:21,392,634,548,4
2026-08-06 17:23:22,392,640,544,4
2026-08-06 17:23:23,392,632,556,4
2026-08-06 17:23:24,391,625,552,4
2026-08-06 17:23:25,392,626,553,4
2026-08-06 17:23:26,391,636,558,4
2026-08-06 17:23:27,391,636,559,4
2026-08-06 17:23:28,392,636,548,4
2026-08-06 17:23:29,393,634,565,4
2026-08-06 17:23:30,393,634,566,4
2026-08-06 17:23:31,392,627,553,4
2026-08-06 17:23:32,392,632,562,4
2026-08-06 17:23:33,392,626,554,4
2026-08-06 17:23:34,392,631,569,4
2026-08-06 17:23:35,394,633,551,4
2026-08-06 17:23:36,393,626,554,4
2026-08-06 17:23:37,392,631,552,4
2026-08-06 17:23:38,391,632,553,4
2026-08-06 17:23:39,393,631,549,4
2026-08-06 17:23:40,393,631,558,4
2026-08-06 17:23:41,394,629,556,4
2026-08-06 17:23:42,390,628,552,4
2026-08-06 17:23:43,388,633,549,4
2026-08-06 17:23:44,390,626,539,4
2026-08-06 17:23:45,392,633,554,4
2026-08-06 17:23:46,392,633,548,4
2026-08-06 17:23:47,391,630,556,4
2026-08-06 17:23:48,392,633,542,4
2026-08-06 17:23:49,394,634,557,4
2026-08-06 17:23:50,390,631,550,4
2026-08-06 17:23:51,391,632,558,4
2026-08-06 17:23:52,393,634,552,4
2026-08-06 17:23:53,391,638,559,4
2026-08-06 17:23:54,391,629,558,4
2026-08-06 17:23:55,392,634,552,4
2026-08-06 17:23:56,389,629,557,4
2026-08-06 17:23:57,391,633,559,4
2026-08-06 17:23:58,394,630,570,4
2026-08-06 17:23:59,391,629,559,4
2026-08-06 17:24:00,392,631,547,4
2026-08-06 17:24:01,390,635,546,4
2026-08-06 17:24:02,392,631,560,4
2026-08-06 17:24:03,392,632,552,4
2026-08-06 17:24:04,393,633,549,4
2026-08-06 17:24:05,390,631,554,4
2026-08-06 17:24:06,393,632,561,4
2026-08-06 17:24:07,393,628,564,4
2026-08-06 17:24:08,393,633,566,4
2026-08-06 17:24:09,391,631,557,4
2026-08-06 17:24:10,390,633,548,4
2026-08-06 17:24:11,393,629,553,4
2026-08-06 17:24:12,392,629,571,4
2026-08-06 17:24:13,391,635,546,4
2026-08-06 17:24:14,391,632,560,4
2026-08-06 17:24:15,390,634,552,4
2026-08-06 17:24:16,394,632,559,4
2026-08-06 17:24:17,392,628,561,4
2026-08-06 17:24:18,392,632,554,4
2026-08-06 17:24:19,390,634,565,4
2026-08-06 17:24:20,390,631,556,4
2026-08-06 17:24:21,394,633,560,4
2026-08-06 17:24:22,392,635,556,4
2026-08-06 17:24:23,390,631,548,4
2026-08-06 17:24:24,391,630,563,4
2026-08-06 17:24:25,392,631,553,4
2026-08-06 17:24:26,392,629,558,4
2026-08-06 17:24:27,391,633,552,4
2026-08-06 17:24:28,392,636,560,4
2026-08-06 17:24:29,393,634,549,4
2026-08-06 17:24:30,393,632,552,4
2026-08-06 17:24:31,393,633,565,4
2026-08-06 17:24:32,392,634,554,4
2026-08-06 17:24:33,394,634,552,4
2026-08-06 17:24:34,392,632,555,4
2026-08-06 17:24:35,393,629,553,4
2026-08-06 17:24:36,392,637,554,4
2026-08-06 17:24:37,392,631,555,4
2026-08-06 17:24:38,393,634,555,4
2026-08-06 17:24:39,393,633,562,4
2026-08-06 17:24:40,393,631,567,4
2026-08-06 17:24:41,390,632,559,4
2026-08-06 17:24:42,392,634,560,4
2026-08-06 17:24:43,393,631,561,4
2026-08-06 17:24:44,391,630,543,4
2026-08-06 17:24:45,393,628,555,4
2026-08-06 17:24:46,394,632,555,4
2026-08-06 17:24:47,393,630,555,4
2026-08-06 17:24:48,391,633,563,4
2026-08-06 17:24:49,392,632,544,4
2026-08-06 17:24:50,391,631,561,4
2026-08-06 17:24:51,394,633,553,4
2026-08-06 17:24:52,392,630,566,4
2026-08-06 17:24:53,393,632,558,4
2026-08-06 17:24:54,391,636,552,4
2026-08-06 17:24:55,393,631,558,4
2026-08-06 17:24:56,392,632,566,4
2026-08-06 17:24:57,390,631,553,4
2026-08-06 17:24:58,392,632,561,4
2026-08-06 17:24:59,392,634,561,4
2026-08-06 17:25:00,392,636,555,4
2026-08-06 17:25:01,392,630,559,4
2026-08-06 17:25:02,391,632,562,4
2026-08-06 17:25:03,397,634,547,4
2026-08-06 17:25:04,390,634,550,4
2026-08-06 17:25:05,389,630,559,4
2026-08-06 17:25:06,390,631,565,4
2026-08-06 17:25:07,391,631,559,4
2026-08-06 17:25:08,391,631,563,4
2026-08-06 17:25:09,390,630,544,4
2026-08-06 17:25:10,391,636,556,4
2026-08-06 17:25:11,391,631,565,4
2026-08-06 17:25:12,391,635,560,4
2026-08-06 17:25:13,391,635,551,4
2026-08-06 17:25:14,392,631,555,4
2026-08-06 17:25:15,389,634,556,4
2026-08-06 17:25:16,391,631,566,4
2026-08-06 17:25:17,391,633,559,4
2026-08-06 17:25:18,388,635,569,4
2026-08-06 17:25:19,393,630,553,4
2026-08-06 17:25:20,389,630,551,4
2026-08-06 17:25:21,392,631,565,4
2026-08-06 17:25:22,391,632,556,4
2026-08-06 17:25:23,391,630,556,4
2026-08-06 17:25:24,392,635,559,4
2026-08-06 17:25:25,391,628,561,4
2026-08-06 17:25:26,394,633,563,4
2026-08-06 17:25:27,391,631,561,4
2026-08-06 17:25:29,393,628,550,4
2026-08-06 17:25:29,393,632,559,4
2026-08-06 17:25:30,392,629,554,4
2026-08-06 17:25:31,394,627,561,4
2026-08-06 17:25:32,393,632,558,4
2026-08-06 17:25:33,393,634,563,4
2026-08-06 17:25:34,395,631,567,4
2026-08-06 17:25:35,393,637,555,4
2026-08-06 17:25:36,391,632,562,4
2026-08-06 17:25:37,391,627,561,4
2026-08-06 17:25:38,391,631,560,4
2026-08-06 17:25:39,394,632,553,4
2026-08-06 17:25:40,392,630,560,4
2026-08-06 17:25:41,390,632,550,4
2026-08-06 17:25:42,392,633,551,4
2026-08-06 17:25:43,389,631,557,4
2026-08-06 17:25:44,391,628,556,4
2026-08-06 17:25:45,391,632,556,4
2026-08-06 17:25:46,396,635,565,4
2026-08-06 17:25:47,393,628,559,4
2026-08-06 17:25:48,391,634,557,4
2026-08-06 17:25:49,392,633,542,4
2026-08-06 17:25:50,393,629,563,4
2026-08-06 17:25:51,391,634,547,4
2026-08-06 17:25:52,391,630,549,4
2026-08-06 17:25:53,393,632,554,4
2026-08-06 17:25:54,393,631,560,4
2026-08-06 17:25:55,393,630,557,4
2026-08-06 17:25:56,394,635,553,4
2026-08-06 17:25:57,393,636,555,4
2026-08-06 17:25:58,390,631,552,4
2026-08-06 17:25:59,392,631,550,4
2026-08-06 17:26:00,391,632,550,4
2026-08-06 17:26:01,391,634,552,4
2026-08-06 17:26:02,390,631,560,4
2026-08-06 17:26:03,393,633,554,4
2026-08-06 17:26:04,394,629,555,4
2026-08-06 17:26:05,393,631,555,4
2026-08-06 17:26:06,391,626,559,4
2026-08-06 17:26:07,390,634,556,4
2026-08-06 17:26:08,391,631,562,4
2026-08-06 17:26:09,389,629,550,4
2026-08-06 17:26:10,392,630,559,4
2026-08-06 17:26:11,390,630,549,4
2026-08-06 17:26:12,392,632,564,4
2026-08-06 17:26:13,391,636,558,4
2026-08-06 17:26:14,390,632,552,4
2026-08-06 17:26:15,392,633,557,4
2026-08-06 17:26:16,393,630,548,4
2026-08-06 17:26:17,391,631,559,4
2026-08-06 17:26:18,391,631,554,4
2026-08-06 17:26:19,393,627,556,4
2026-08-06 17:26:20,392,632,548,4
2026-08-06 17:26:21,393,635,558,4
2026-08-06 17:26:22,393,638,554,4
2026-08-06 17:26:23,392,632,550,4
2026-08-06 17:26:24,392,629,564,4
2026-08-06 17:26:25,392,627,548,4
2026-08-06 17:26:26,394,627,559,4
2026-08-06 17:26:27,392,628,558,4
2026-08-06 17:26:28,390,634,560,4
2026-08-06 17:26:29,392,631,553,4
2026-08-06 17:26:30,392,637,557,4
2026-08-06 17:26:31,394,636,555,4
2026-08-06 17:26:32,391,631,552,4
2026-08-06 17:26:33,392,633,564,4
2026-08-06 17:26:34,390,631,555,4
2026-08-06 17:26:35,391,634,561,4
2026-08-06 17:26:36,390,632,564,4
2026-08-06 17:26:37,391,631,559,4
2026-08-06 17:26:38,392,632,554,4
2026-08-06 17:26:39,391,632,563,4
2026-08-06 17:26:40,391,636,556,4
2026-08-06 17:26:41,391,631,558,4
2026-08-06 17:26:42,393,633,548,4
2026-08-06 17:26:43,392,626,563,4
2026-08-06 17:26:44,391,629,559,4
2026-08-06 17:26:45,392,636,555,4
2026-08-06 17:26:46,393,627,560,4
2026-08-06 17:26:47,395,634,551,4
2026-08-06 17:26:48,391,634,549,4
2026-08-06 17:26:49,392,632,544,4
2026-08-06 17:26:50,391,633,553,4
2026-08-06 17:26:51,394,630,549,4
2026-08-06 17:26:52,393,635,548,4
2026-08-06 17:26:53,392,624,560,4
2026-08-06 17:26:54,392,627,565,4
2026-08-06 17:26:55,393,629,562,4
2026-08-06 17:26:56,392,631,559,4
2026-08-06 17:26:57,391,631,564,4
2026-08-06 17:26:58,393,627,551,4
2026-08-06 17:26:59,393,629,559,4
2026-08-06 17:27:00,394,632,550,4
2026-08-06 17:27:01,393,633,562,4
2026-08-06 17:27:02,391,633,559,4
2026-08-06 17:27:03,395,629,555,4
2026-08-06 17:27:04,392,630,553,4
2026-08-06 17:27:05,391,631,544,4
2026-08-06 17:27:06,393,630,551,4
2026-08-06 17:27:07,392,632,553,4
2026-08-06 17:27:08,391,634,546,4
2026-08-06 17:27:09,393,628,564,4
2026-08-06 17:27:10,392,627,563,4
2026-08-06 17:27:11,392,634,552,4
2026-08-06 17:27:12,392,628,570,4
2026-08-06 17:27:13,393,627,552,4
2026-08-06 17:27:14,389,631,558,4
2026-08-06 17:27:15,392,636,554,4
2026-08-06 17:27:16,392,632,560,4
2026-08-06 17:27:17,393,628,569,4
2026-08-06 17:27:18,393,631,554,4
2026-08-06 17:27:19,391,636,537,4
2026-08-06 17:27:20,390,634,558,4
2026-08-06 17:27:21,390,632,554,4
2026-08-06 17:27:22,392,631,542,4
2026-08-06 17:27:23,393,636,546,4
2026-08-06 17:27:24,391,633,551,4
2026-08-06 17:27:25,394,630,552,4
2026-08-06 17:27:26,392,634,565,4
2026-08-06 17:27:27,391,629,554,4
2026-08-06 17:27:28,393,631,561,4
2026-08-06 17:27:29,392,624,550,4
2026-08-06 17:27:30,391,629,560,4
2026-08-06 17:27:31,394,630,551,4
2026-08-06 17:27:32,392,634,560,4
2026-08-06 17:27:33,393,632,551,4
2026-08-06 17:27:34,392,633,553,4
2026-08-06 17:27:35,391,628,561,4
2026-08-06 17:27:36,392,627,549,4
2026-08-06 17:27:37,392,628,562,4
2026-08-06 17:27:38,391,627,563,4
2026-08-06 17:27:39,388,630,568,4
2026-08-06 17:27:40,392,630,560,4
2026-08-06 17:27:41,392,628,564,4
2026-08-06 17:27:42,393,633,544,4
2026-08-06 17:27:43,394,632,563,4
2026-08-06 17:27:44,393,628,553,4
2026-08-06 17:27:45,393,623,561,4
2026-08-06 17:27:46,393,629,555,4
2026-08-06 17:27:47,392,630,561,4
2026-08-06 17:27:48,392,634,554,4
2026-08-06 17:27:49,392,629,562,4
2026-08-06 17:27:50,391,633,550,4
2026-08-06 17:27:51,393,629,554,4
2026-08-06 17:27:52,392,633,550,4
2026-08-06 17:27:53,392,636,549,4
2026-08-06 17:27:54,391,633,562,4
2026-08-06 17:27:55,393,630,552,4
2026-08-06 17:27:56,393,631,563,4
2026-08-06 17:27:57,392,633,560,4
2026-08-06 17:27:58,392,635,566,4
2026-08-06 17:27:59,391,636,547,4
2026-08-06 17:28:00,391,634,552,4
2026-08-06 17:28:01,394,634,559,4
2026-08-06 17:28:02,391,639,563,4
2026-08-06 17:28:03,392,636,561,4
2026-08-06 17:28:04,392,634,564,4
2026-08-06 17:28:05,394,637,557,4
2026-08-06 17:28:06,386,632,565,4
2026-08-06 17:28:07,388,628,558,4
2026-08-06 17:28:08,392,632,544,4
2026-08-06 17:28:09,393,630,565,4
2026-08-06 17:28:10,394,634,559,4
2026-08-06 17:28:11,393,632,563,4
2026-08-06 17:28:12,393,625,563,4
2026-08-06 17:28:13,391,632,560,4
2026-08-06 17:28:14,392,630,552,4
2026-08-06 17:28:15,391,632,557,4
2026-08-06 17:28:16,391,633,548,4
2026-08-06 17:28:17,390,631,557,4
2026-08-06 17:28:18,392,625,557,4
2026-08-06 17:28:19,391,632,561,4
2026-08-06 17:28:20,392,632,558,4
2026-08-06 17:28:21,391,635,562,4
2026-08-06 17:28:22,392,628,566,4
2026-08-06 17:28:23,390,632,565,4
2026-08-06 17:28:24,392,631,559,4
2026-08-06 17:28:25,392,634,553,4
2026-08-06 17:28:26,390,635,551,4
2026-08-06 17:28:27,394,630,556,4
2026-08-06 17:28:28,393,630,558,4
2026-08-06 17:28:29,393,633,559,4
2026-08-06 17:28:30,392,634,561,4
2026-08-06 17:28:31,390,628,556,4
2026-08-06 17:28:32,390,627,556,4
2026-08-06 17:28:33,394,635,554,4
2026-08-06 17:28:34,392,630,557,4
2026-08-06 17:28:35,392,636,560,4
2026-08-06 17:28:36,393,627,557,4
2026-08-06 17:28:37,392,632,559,4
2026-08-06 17:28:38,392,634,555,4
2026-08-06 17:28:39,391,629,558,4
2026-08-06 17:28:40,396,633,547,4
2026-08-06 17:28:41,391,632,551,4
2026-08-06 17:28:42,392,630,561,4
2026-08-06 17:28:43,394,630,556,4
2026-08-06 17:28:44,393,633,554,4
2026-08-06 17:28:45,391,630,548,4
2026-08-06 17:28:46,390,628,552,4
2026-08-06 17:28:47,393,629,565,4
2026-08-06 17:28:48,392,632,553,4
2026-08-06 17:28:49,395,629,558,4
2026-08-06 17:28:50,394,626,561,4
2026-08-06 17:28:51,394,637,557,4
2026-08-06 17:28:52,394,632,556,4
2026-08-06 17:28:53,393,632,548,4
2026-08-06 17:28:54,392,625,552,4
2026-08-06 17:28:55,391,636,566,4
2026-08-06 17:28:56,391,631,561,4
2026-08-06 17:28:57,392,631,557,4
2026-08-06 17:28:58,392,633,551,4
2026-08-06 17:28:59,393,632,565,4
2026-08-06 17:29:00,391,628,552,4
2026-08-06 17:29:01,391,632,556,4
2026-08-06 17:29:02,391,634,560,4
2026-08-06 17:29:03,394,632,554,4
2026-08-06 17:29:04,391,628,559,4
2026-08-06 17:29:05,395,629,558,4
2026-08-06 17:29:06,391,634,548,4
2026-08-06 17:29:07,388,633,565,4
2026-08-06 17:29:08,394,635,543,4
2026-08-06 17:29:09,392,627,551,4
2026-08-06 17:29:10,392,632,557,4
2026-08-06 17:29:11,390,633,558,4
2026-08-06 17:29:12,392,631,555,4
2026-08-06 17:29:13,394,634,544,4
2026-08-06 17:29:14,391,626,572,4
2026-08-06 17:29:15,392,630,577,4
2026-08-06 17:29:16,392,632,560,4
2026-08-06 17:29:17,392,629,561,4
2026-08-06 17:29:18,392,632,557,4
2026-08-06 17:29:19,394,630,556,4
2026-08-06 17:29:20,391,633,551,4
2026-08-06 17:29:21,391,630,562,4
2026-08-06 17:29:22,393,635,550,4
2026-08-06 17:29:23,390,625,558,4
2026-08-06 17:29:24,394,631,556,4
2026-08-06 17:29:25,392,628,558,4
2026-08-06 17:29:26,392,630,567,4
2026-08-06 17:29:27,392,631,559,4
2026-08-06 17:29:28,392,635,560,4
2026-08-06 17:29:29,391,635,560,4
2026-08-06 17:29:30,391,633,557,4
2026-08-06 17:29:31,391,631,563,4
2026-08-06 17:29:32,392,633,562,4
2026-08-06 17:29:33,394,633,554,4
2026-08-06 17:29:34,392,632,550,4
2026-08-06 17:29:35,390,634,564,4
2026-08-06 17:29:36,393,631,552,4
2026-08-06 17:29:37,392,632,551,4
2026-08-06 17:29:38,393,631,556,4
2026-08-06 17:29:39,392,633,558,4
2026-08-06 17:29:40,392,638,562,4
2026-08-06 17:29:41,391,626,556,4
2026-08-06 17:29:42,393,632,562,4
2026-08-06 17:29:43,393,628,549,4
2026-08-06 17:29:44,391,634,552,4
2026-08-06 17:29:45,392,629,552,4
2026-08-06 17:29:46,391,632,550,4
2026-08-06 17:29:47,393,628,559,4
2026-08-06 17:29:48,393,630,554,4
2026-08-06 17:29:49,391,627,569,4
2026-08-06 17:29:50,394,629,562,4
2026-08-06 17:29:51,396,634,550,4
2026-08-06 17:29:52,393,627,555,4
2026-08-06 17:29:53,391,631,560,4
2026-08-06 17:29:54,392,633,555,4
2026-08-06 17:29:55,391,631,553,4
2026-08-06 17:29:56,392,632,554,4
2026-08-06 17:29:57,394,632,563,4
2026-08-06 17:29:58,393,635,552,4
2026-08-06 17:29:59,390,633,552,4
2026-08-06 17:30:00,393,633,560,4
2026-08-06 17:30:01,391,633,556,4
2026-08-06 17:30:02,392,632,558,4
2026-08-06 17:30:03,391,630,558,4
2026-08-06 17:30:04,391,630,550,4
2026-08-06 17:30:05,393,630,562,4
2026-08-06 17:30:06,390,633,560,4
2026-08-06 17:30:07,392,633,562,4
2026-08-06 17:30:08,390,629,554,4
2026-08-06 17:30:09,393,634,555,4
2026-08-06 17:30:10,392,634,556,4
2026-08-06 17:30:11,392,631,551,4
2026-08-06 17:30:12,392,628,560,4
2026-08-06 17:30:13,391,632,559,4
2026-08-06 17:30:14,395,633,559,4
2026-08-06 17:30:15,390,626,558,4
2026-08-06 17:30:16,394,631,564,4
2026-08-06 17:30:17,392,636,546,4
2026-08-06 17:30:18,392,632,559,4
2026-08-06 17:30:19,391,631,550,4
2026-08-06 17:30:20,392,630,561,4
2026-08-06 17:30:21,393,630,553,4
2026-08-06 17:30:22,393,629,560,4
2026-08-06 17:30:23,394,628,559,4
2026-08-06 17:30:24,393,632,568,4
2026-08-06 17:30:25,393,636,558,4
2026-08-06 17:30:26,391,631,555,4
2026-08-06 17:30:27,393,632,558,4
2026-08-06 17:30:28,394,631,562,4
2026-08-06 17:30:29,391,633,552,4
2026-08-06 17:30:30,390,633,558,4
2026-08-06 17:30:31,392,632,550,4
2026-08-06 17:30:32,391,632,564,4
2026-08-06 17:30:33,391,633,562,4
2026-08-06 17:30:34,393,631,562,4
2026-08-06 17:30:35,391,635,547,4
2026-08-06 17:30:36,392,633,563,4
2026-08-06 17:30:37,392,630,551,4
2026-08-06 17:30:38,390,630,566,4
2026-08-06 17:30:39,390,633,552,4
2026-08-06 17:30:40,391,631,552,4
2026-08-06 17:30:41,393,631,567,4
2026-08-06 17:30:42,392,632,553,4
2026-08-06 17:30:43,394,632,538,4
2026-08-06 17:30:44,392,623,568,4
2026-08-06 17:30:45,393,633,552,4
2026-08-06 17:30:46,388,632,550,4
2026-08-06 17:30:47,392,631,560,4
2026-08-06 17:30:48,392,635,554,4
2026-08-06 17:30:49,391,629,558,4
2026-08-06 17:30:50,396,630,563,4
2026-08-06 17:30:51,393,628,555,4
2026-08-06 17:30:52,392,635,562,4
2026-08-06 17:30:53,393,631,567,4
2026-08-06 17:30:54,392,632,558,4
2026-08-06 17:30:55,392,629,557,4
2026-08-06 17:30:56,393,632,563,4
2026-08-06 17:30:57,396,631,553,4
2026-08-06 17:30:58,392,635,553,4
2026-08-06 17:30:59,391,632,557,4
2026-08-06 17:31:00,391,627,560,4
2026-08-06 17:31:01,390,633,552,4
2026-08-06 17:31:02,392,635,565,4
2026-08-06 17:31:03,392,628,550,4
2026-08-06 17:31:04,392,626,558,4
2026-08-06 17:31:05,392,635,557,4
2026-08-06 17:31:06,394,633,551,4
2026-08-06 17:31:07,391,632,553,4
2026-08-06 17:31:08,391,633,550,4
2026-08-06 17:31:09,388,632,566,4
2026-08-06 17:31:10,393,632,556,4
2026-08-06 17:31:11,394,631,564,4
2026-08-06 17:31:12,393,632,558,4
2026-08-06 17:31:13,392,630,553,4
2026-08-06 17:31:14,392,628,570,4
2026-08-06 17:31:15,393,629,564,4
2026-08-06 17:31:16,394,627,568,4
2026-08-06 17:31:17,392,633,551,4
2026-08-06 17:31:18,391,634,555,4
2026-08-06 17:31:19,391,630,563,4
2026-08-06 17:31:20,391,630,566,4
2026-08-06 17:31:21,393,628,547,4
2026-08-06 17:31:22,390,631,560,4
2026-08-06 17:31:23,390,630,549,4
2026-08-06 17:31:24,391,628,558,4
2026-08-06 17:31:25,391,625,549,4
2026-08-06 17:31:26,393,629,567,4
2026-08-06 17:31:27,391,632,552,4
2026-08-06 17:31:28,392,630,552,4
2026-08-06 17:31:29,392,629,557,4
2026-08-06 17:31:30,391,632,558,4
2026-08-06 17:31:31,394,634,554,4
2026-08-06 17:31:32,391,628,565,4
2026-08-06 17:31:33,392,631,551,4
2026-08-06 17:31:34,391,632,551,4
2026-08-06 17:31:35,392,630,553,4
2026-08-06 17:31:36,389,630,558,4
2026-08-06 17:31:37,391,629,561,4
2026-08-06 17:31:38,392,630,559,4
2026-08-06 17:31:39,389,634,550,4
2026-08-06 17:31:40,393,627,555,4
2026-08-06 17:31:41,396,634,558,4
2026-08-06 17:31:42,392,629,545,4
2026-08-06 17:31:43,391,631,556,4
2026-08-06 17:31:44,394,630,554,4
2026-08-06 17:31:45,392,628,554,4
2026-08-06 17:31:46,389,630,561,4
2026-08-06 17:31:47,390,628,564,4
2026-08-06 17:31:48,391,628,555,4
2026-08-06 17:31:49,390,634,555,4
2026-08-06 17:31:50,392,632,549,4
2026-08-06 17:31:51,393,629,560,4
2026-08-06 17:31:52,393,625,561,4
2026-08-06 17:31:53,389,631,562,4
2026-08-06 17:31:54,391,630,555,4
2026-08-06 17:31:55,392,638,557,4
2026-08-06 17:31:56,394,626,566,4
2026-08-06 17:31:57,391,625,552,4
2026-08-06 17:31:58,391,631,564,4
2026-08-06 17:31:59,391,626,563,4
2026-08-06 17:32:00,392,628,562,4
2026-08-06 17:32:01,392,630,556,4
2026-08-06 17:32:02,392,629,561,4
2026-08-06 17:32:03,392,634,554,4
2026-08-06 17:32:04,391,631,565,4
2026-08-06 17:32:05,391,628,552,4
2026-08-06 17:32:06,393,625,560,4
2026-08-06 17:32:07,393,633,555,4
2026-08-06 17:32:08,394,635,558,4
2026-08-06 17:32:09,397,636,557,4
2026-08-06 17:32:10,392,634,557,4
2026-08-06 17:32:11,392,629,569,4
2026-08-06 17:32:12,391,633,548,4
2026-08-06 17:32:13,393,630,551,4
2026-08-06 17:32:14,393,632,550,4
2026-08-06 17:32:15,390,630,562,4
2026-08-06 17:32:16,392,634,562,4
2026-08-06 17:32:17,393,631,558,4
2026-08-06 17:32:18,391,630,561,4
2026-08-06 17:32:19,390,630,551,4
2026-08-06 17:32:20,391,633,560,4
2026-08-06 17:32:21,392,631,557,4
2026-08-06 17:32:22,393,635,552,4
2026-08-06 17:32:23,395,630,557,4
2026-08-06 17:32:24,392,632,556,4
2026-08-06 17:32:25,392,630,562,4
2026-08-06 17:32:27,390,638,559,4
2026-08-06 17:32:27,391,627,559,4
2026-08-06 17:32:28,391,634,563,4
2026-08-06 17:32:29,393,633,558,4
2026-08-06 17:32:30,392,636,555,4
2026-08-06 17:32:31,394,628,561,4
2026-08-06 17:32:32,392,631,558,4
2026-08-06 17:32:33,392,634,567,4
2026-08-06 17:32:34,393,631,559,4
2026-08-06 17:32:35,393,631,553,4
2026-08-06 17:32:36,393,631,564,4
2026-08-06 17:32:37,390,634,554,4
2026-08-06 17:32:38,391,635,556,4
2026-08-06 17:32:39,392,629,552,4
2026-08-06 17:32:40,394,629,559,4
2026-08-06 17:32:41,391,635,554,4
2026-08-06 17:32:42,390,630,560,4
2026-08-06 17:32:43,393,633,554,4
2026-08-06 17:32:44,391,631,563,4
2026-08-06 17:32:45,390,629,562,4
2026-08-06 17:32:46,391,626,561,4
2026-08-06 17:32:47,392,635,554,4
2026-08-06 17:32:48,393,632,557,4
2026-08-06 17:32:49,393,636,537,4
2026-08-06 17:32:50,393,631,561,4
2026-08-06 17:32:51,392,638,560,4
2026-08-06 17:32:52,391,632,568,4
2026-08-06 17:32:53,392,634,551,4
2026-08-06 17:32:54,391,633,564,4
2026-08-06 17:32:55,392,631,556,4
2026-08-06 17:32:56,391,635,556,4
2026-08-06 17:32:57,392,631,553,4
2026-08-06 17:32:58,390,629,550,4
2026-08-06 17:32:59,391,627,570,4
2026-08-06 17:33:00,393,629,562,4
2026-08-06 17:33:01,391,632,548,4
2026-08-06 17:33:02,392,630,555,4
2026-08-06 17:33:03,391,635,566,4
2026-08-06 17:33:04,392,630,566,4
2026-08-06 17:33:05,392,636,564,4
2026-08-06 17:33:06,391,627,564,4
2026-08-06 17:33:07,393,628,556,4
2026-08-06 17:33:08,394,631,565,4
2026-08-06 17:33:09,391,630,552,4
2026-08-06 17:33:10,391,631,567,4
2026-08-06 17:33:11,394,633,541,4
2026-08-06 17:33:12,391,638,550,4
2026-08-06 17:33:13,390,633,559,4
2026-08-06 17:33:14,391,632,552,4
2026-08-06 17:33:15,390,627,565,4
2026-08-06 17:33:16,391,628,560,4
2026-08-06 17:33:17,394,631,555,4
2026-08-06 17:33:18,392,629,563,4
2026-08-06 17:33:19,392,638,557,4
2026-08-06 17:33:20,395,629,558,4
2026-08-06 17:33:21,386,629,562,4
2026-08-06 17:33:22,393,633,566,4
2026-08-06 17:33:23,390,631,560,4
2026-08-06 17:33:24,391,630,569,4
2026-08-06 17:33:25,395,633,557,4
2026-08-06 17:33:26,391,630,563,4
2026-08-06 17:33:27,391,628,555,4
2026-08-06 17:33:28,391,632,558,4
2026-08-06 17:33:29,393,632,554,4
2026-08-06 17:33:30,392,631,560,4
2026-08-06 17:33:31,394,632,555,4
2026-08-06 17:33:32,391,630,553,4
2026-08-06 17:33:33,391,631,559,4
2026-08-06 17:33:34,392,632,552,4
2026-08-06 17:33:35,391,627,565,4
2026-08-06 17:33:36,394,635,554,4
2026-08-06 17:33:37,391,629,555,4
2026-08-06 17:33:38,391,631,558,4
2026-08-06 17:33:39,393,632,558,4
2026-08-06 17:33:40,391,633,552,4
2026-08-06 17:33:41,393,632,560,4
2026-08-06 17:33:42,392,628,574,4
2026-08-06 17:33:43,392,632,568,4
2026-08-06 17:33:44,392,632,562,4
2026-08-06 17:33:45,391,632,551,4
2026-08-06 17:33:46,392,630,568,4
2026-08-06 17:33:47,392,628,564,4
2026-08-06 17:33:48,394,629,559,4
2026-08-06 17:33:49,391,627,549,4
2026-08-06 17:33:50,393,626,563,4
2026-08-06 17:33:51,392,634,551,4
2026-08-06 17:33:52,390,633,558,4
2026-08-06 17:33:53,392,632,556,4
2026-08-06 17:33:54,390,630,565,4
2026-08-06 17:33:55,392,630,560,4
2026-08-06 17:33:56,394,636,554,4
2026-08-06 17:33:57,391,629,552,4
2026-08-06 17:33:58,393,631,561,4
2026-08-06 17:33:59,393,634,564,4
2026-08-06 17:34:00,391,626,552,4
2026-08-06 17:34:01,390,631,558,4
2026-08-06 17:34:02,392,635,562,4
2026-08-06 17:34:03,393,635,569,4
2026-08-06 17:34:04,391,632,559,4
2026-08-06 17:34:05,392,634,554,4
2026-08-06 17:34:06,392,630,561,4
2026-08-06 17:34:07,392,628,558,4
2026-08-06 17:34:08,393,632,556,4
2026-08-06 17:34:09,388,631,558,4
2026-08-06 17:34:10,390,631,552,4
2026-08-06 17:34:11,391,632,563,4
2026-08-06 17:34:12,391,635,544,4
2026-08-06 17:34:13,393,629,568,4
2026-08-06 17:34:14,389,629,551,4
2026-08-06 17:34:15,392,628,547,4
2026-08-06 17:34:16,391,630,554,4
2026-08-06 17:34:17,392,636,562,4
2026-08-06 17:34:18,391,632,564,4
2026-08-06 17:34:19,391,633,563,4
2026-08-06 17:34:20,392,631,554,4
2026-08-06 17:34:21,394,630,556,4
2026-08-06 17:34:22,392,627,557,4
2026-08-06 17:34:23,392,632,559,4
2026-08-06 17:34:24,392,631,559,4
2026-08-06 17:34:25,391,631,557,4
2026-08-06 17:34:26,392,630,550,4
2026-08-06 17:34:27,393,635,556,4
2026-08-06 17:34:28,390,633,564,4
2026-08-06 17:34:29,390,627,558,4
2026-08-06 17:34:30,389,628,558,4
2026-08-06 17:34:31,392,633,554,4
2026-08-06 17:34:32,392,636,560,4
2026-08-06 17:34:33,391,630,560,4
2026-08-06 17:34:34,394,637,561,4
2026-08-06 17:34:35,394,631,554,4
2026-08-06 17:34:36,389,630,560,4
2026-08-06 17:34:37,393,635,553,4
2026-08-06 17:34:38,390,636,561,4
2026-08-06 17:34:39,395,628,558,4
2026-08-06 17:34:40,391,632,562,4
2026-08-06 17:34:41,393,635,558,4
2026-08-06 17:34:42,389,632,550,4
2026-08-06 17:34:43,392,629,562,4
2026-08-06 17:34:44,392,627,561,4
2026-08-06 17:34:45,392,632,550,4
2026-08-06 17:34:46,393,630,557,4
2026-08-06 17:34:47,388,628,556,4
2026-08-06 17:34:48,392,630,556,4
2026-08-06 17:34:49,396,632,563,4
2026-08-06 17:34:50,391,630,565,4
2026-08-06 17:34:51,391,632,563,4
2026-08-06 17:34:52,392,631,555,4
2026-08-06 17:34:53,391,633,551,4
2026-08-06 17:34:54,393,631,566,4
2026-08-06 17:34:55,390,630,557,4
2026-08-06 17:34:56,391,632,562,4
2026-08-06 17:34:57,391,631,556,4
2026-08-06 17:34:58,391,632,560,4
2026-08-06 17:34:59,392,630,554,4
2026-08-06 17:35:00,389,633,554,4
2026-08-06 17:35:01,393,631,564,4
2026-08-06 17:35:02,391,631,559,4
2026-08-06 17:35:03,392,634,556,4
2026-08-06 17:35:04,392,630,558,4
2026-08-06 17:35:05,394,634,563,4
2026-08-06 17:35:06,391,631,555,4
2026-08-06 17:35:07,391,629,552,4
2026-08-06 17:35:08,391,627,563,4
2026-08-06 17:35:09,391,632,555,4
2026-08-06 17:35:10,393,631,559,4
2026-08-06 17:35:11,392,628,552,4
2026-08-06 17:35:12,391,635,562,4
2026-08-06 17:35:13,392,631,561,4
2026-08-06 17:35:14,393,631,563,4
2026-08-06 17:35:15,391,632,557,4
2026-08-06 17:35:16,388,636,559,4
2026-08-06 17:35:17,392,628,564,4
2026-08-06 17:35:18,390,632,566,4
2026-08-06 17:35:19,393,630,558,4
2026-08-06 17:35:20,393,636,564,4
2026-08-06 17:35:21,393,630,559,4
2026-08-06 17:35:22,392,628,552,4
2026-08-06 17:35:23,392,626,561,4
2026-08-06 17:35:24,390,630,553,4
2026-08-06 17:35:25,392,628,567,4
2026-08-06 17:35:26,391,635,555,4
2026-08-06 17:35:27,391,631,564,4
2026-08-06 17:35:28,390,634,563,4
2026-08-06 17:35:29,391,632,558,4
2026-08-06 17:35:30,391,634,560,4
2026-08-06 17:35:31,393,628,566,4
2026-08-06 17:35:32,392,627,569,4
2026-08-06 17:35:33,395,628,567,4
2026-08-06 17:35:34,391,627,557,4
2026-08-06 17:35:35,392,631,569,4
2026-08-06 17:35:36,391,632,560,4
2026-08-06 17:35:37,392,628,565,4
2026-08-06 17:35:38,393,631,551,4
2026-08-06 17:35:39,390,635,559,4
2026-08-06 17:35:40,392,627,560,4
2026-08-06 17:35:41,390,627,566,4
2026-08-06 17:35:42,391,632,554,4
2026-08-06 17:35:43,393,635,555,4
2026-08-06 17:35:44,391,635,560,4
2026-08-06 17:35:45,393,628,561,4
2026-08-06 17:35:46,393,635,557,4
2026-08-06 17:35:47,390,630,560,4
2026-08-06 17:35:48,393,635,556,4
2026-08-06 17:35:49,393,635,548,4
2026-08-06 17:35:50,390,627,568,4
2026-08-06 17:35:51,390,633,557,4
2026-08-06 17:35:52,393,634,552,4
2026-08-06 17:35:53,392,632,565,4
2026-08-06 17:35:54,392,634,560,4
2026-08-06 17:35:55,391,634,553,4
2026-08-06 17:35:56,394,635,565,4
2026-08-06 17:35:57,395,631,558,4
2026-08-06 17:35:58,389,635,562,4
2026-08-06 17:35:59,393,627,561,4
2026-08-06 17:36:00,394,638,551,4
2026-08-06 17:36:01,390,628,561,4
2026-08-06 17:36:02,391,633,557,4
2026-08-06 17:36:03,393,633,559,4
2026-08-06 17:36:04,394,629,558,4
2026-08-06 17:36:05,391,632,556,4
2026-08-06 17:36:06,391,631,563,4
2026-08-06 17:36:07,392,635,559,4
2026-08-06 17:36:08,392,635,569,4
2026-08-06 17:36:09,397,633,569,4
2026-08-06 17:36:10,393,630,559,4
2026-08-06 17:36:11,393,631,553,4
2026-08-06 17:36:12,394,631,557,4
2026-08-06 17:36:13,392,635,561,4
2026-08-06 17:36:14,389,633,551,4
2026-08-06 17:36:15,392,631,556,4
2026-08-06 17:36:16,393,635,568,4
2026-08-06 17:36:17,391,631,561,4
2026-08-06 17:36:18,392,628,557,4
2026-08-06 17:36:19,394,632,556,4
2026-08-06 17:36:20,392,632,559,4
2026-08-06 17:36:21,392,627,560,4
2026-08-06 17:36:22,391,632,559,4
2026-08-06 17:36:23,391,632,557,4
2026-08-06 17:36:24,394,632,561,4
2026-08-06 17:36:25,393,631,558,4
2026-08-06 17:36:26,393,628,567,4
2026-08-06 17:36:27,393,631,558,4
2026-08-06 17:36:28,391,628,567,4
2026-08-06 17:36:29,394,629,560,4
2026-08-06 17:36:30,391,633,562,4
2026-08-06 17:36:31,392,637,569,4
2026-08-06 17:36:32,393,632,565,4
2026-08-06 17:36:33,392,631,550,4
2026-08-06 17:36:34,391,632,557,4
2026-08-06 17:36:35,395,632,548,4
2026-08-06 17:36:36,392,626,557,4
2026-08-06 17:36:37,393,634,556,4
2026-08-06 17:36:38,391,631,562,4
2026-08-06 17:36:39,398,630,558,4
2026-08-06 17:36:40,390,631,551,4
2026-08-06 17:36:41,390,632,549,4
2026-08-06 17:36:42,393,634,563,4
2026-08-06 17:36:43,393,637,553,4
2026-08-06 17:36:44,391,632,562,4
2026-08-06 17:36:45,392,636,555,4
2026-08-06 17:36:46,390,630,555,4
2026-08-06 17:36:47,393,633,570,4
2026-08-06 17:36:48,392,628,559,4
2026-08-06 17:36:49,392,633,558,4
2026-08-06 17:36:50,389,638,559,4
2026-08-06 17:36:51,396,630,559,4
2026-08-06 17:36:52,392,632,561,4
2026-08-06 17:36:53,394,624,559,4
2026-08-06 17:36:54,391,628,565,4
2026-08-06 17:36:55,391,636,562,4
2026-08-06 17:36:56,395,635,564,4
2026-08-06 17:36:57,397,631,565,4
2026-08-06 17:36:58,393,627,561,4
2026-08-06 17:36:59,393,636,560,4
2026-08-06 17:37:00,388,636,552,4
2026-08-06 17:37:01,392,637,548,4
2026-08-06 17:37:02,394,634,548,4
2026-08-06 17:37:03,396,631,552,4
2026-08-06 17:37:04,391,627,559,4
2026-08-06 17:37:05,390,634,561,4
2026-08-06 17:37:06,393,627,563,4
2026-08-06 17:37:07,391,626,560,4
2026-08-06 17:37:08,392,630,558,4
2026-08-06 17:37:09,393,631,565,4
2026-08-06 17:37:10,391,632,555,4
2026-08-06 17:37:11,393,633,563,4
2026-08-06 17:37:12,392,634,563,4
2026-08-06 17:37:13,389,635,564,4
2026-08-06 17:37:14,393,627,558,4
2026-08-06 17:37:15,392,630,558,4
2026-08-06 17:37:16,393,634,559,4
2026-08-06 17:37:17,390,630,560,4
2026-08-06 17:37:18,392,629,562,4
2026-08-06 17:37:19,391,635,558,4
2026-08-06 17:37:20,393,629,562,4
2026-08-06 17:37:21,392,633,562,4
2026-08-06 17:37:22,391,633,567,4
2026-08-06 17:37:23,391,632,562,4
2026-08-06 17:37:24,388,626,557,4
2026-08-06 17:37:25,391,631,562,4
2026-08-06 17:37:26,393,631,559,4
2026-08-06 17:37:27,390,629,564,4
2026-08-06 17:37:28,398,633,560,4
2026-08-06 17:37:29,391,629,562,4
2026-08-06 17:37:30,392,632,572,4
2026-08-06 17:37:31,391,635,553,4
2026-08-06 17:37:32,391,634,557,4
2026-08-06 17:37:33,387,634,556,4
2026-08-06 17:37:34,387,633,560,4
2026-08-06 17:37:35,393,634,564,4
2026-08-06 17:37:36,392,634,557,4
2026-08-06 17:37:37,397,633,561,4
2026-08-06 17:37:38,392,630,558,4
2026-08-06 17:37:39,390,634,556,4
2026-08-06 17:37:40,391,632,557,4
2026-08-06 17:37:41,391,629,569,4
2026-08-06 17:37:42,391,626,564,4
2026-08-06 17:37:43,392,634,566,4
2026-08-06 17:37:44,395,635,549,4
2026-08-06 17:37:45,393,633,562,4
2026-08-06 17:37:46,394,630,565,4
2026-08-06 17:37:47,393,631,562,4
2026-08-06 17:37:48,393,630,546,4
2026-08-06 17:37:49,396,632,549,4
2026-08-06 17:37:50,393,628,561,4
2026-08-06 17:37:51,393,632,558,4
2026-08-06 17:37:52,391,627,555,4
2026-08-06 17:37:53,394,628,571,4
2026-08-06 17:37:54,389,631,556,4
2026-08-06 17:37:55,393,631,570,4
2026-08-06 17:37:56,392,632,566,4
2026-08-06 17:37:57,391,635,573,4
2026-08-06 17:37:58,390,632,564,4
2026-08-06 17:37:59,395,630,557,4
2026-08-06 17:38:00,394,629,561,4
2026-08-06 17:38:01,396,631,558,4
2026-08-06 17:38:02,390,630,573,4
2026-08-06 17:38:03,393,636,552,4
2026-08-06 17:38:04,393,634,569,4
2026-08-06 17:38:05,391,628,552,4
2026-08-06 17:38:06,394,631,560,4
2026-08-06 17:38:07,394,627,568,4
2026-08-06 17:38:08,394,632,554,4
2026-08-06 17:38:09,393,625,553,4
2026-08-06 17:38:10,392,633,558,4
2026-08-06 17:38:11,394,635,559,4
2026-08-06 17:38:12,393,638,564,4
2026-08-06 17:38:13,392,633,565,4
2026-08-06 17:38:14,393,629,557,4
2026-08-06 17:38:15,389,628,555,4
2026-08-06 17:38:16,394,632,561,4
2026-08-06 17:38:17,391,634,549,4
2026-08-06 17:38:18,391,634,553,4
2026-08-06 17:38:19,393,631,563,4
2026-08-06 17:38:20,388,632,568,4
2026-08-06 17:38:21,390,632,558,4
2026-08-06 17:38:22,389,631,557,4
2026-08-06 17:38:23,392,629,557,4
2026-08-06 17:38:24,391,637,572,4
2026-08-06 17:38:25,390,629,561,4
2026-08-06 17:38:26,390,631,564,4
2026-08-06 17:38:27,392,628,558,4
2026-08-06 17:38:28,392,629,555,4
2026-08-06 17:38:29,391,633,563,4
2026-08-06 17:38:30,391,637,560,4
2026-08-06 17:38:31,391,635,553,4
2026-08-06 17:38:32,393,630,561,4
2026-08-06 17:38:33,391,633,554,4
2026-08-06 17:38:34,387,631,564,4
2026-08-06 17:38:35,393,633,563,4
2026-08-06 17:38:36,390,629,562,4
2026-08-06 17:38:37,390,630,567,4
2026-08-06 17:38:38,387,627,563,4
2026-08-06 17:38:39,387,628,563,4
2026-08-06 17:38:40,393,633,554,4
2026-08-06 17:38:41,391,633,553,4
2026-08-06 17:38:42,391,632,565,4
2026-08-06 17:38:43,393,632,560,4
2026-08-06 17:38:44,393,632,552,4
2026-08-06 17:38:45,390,628,566,4
2026-08-06 17:38:46,391,637,557,4
2026-08-06 17:38:47,392,631,555,4
2026-08-06 17:38:48,391,627,564,4
2026-08-06 17:38:49,388,633,545,4
2026-08-06 17:38:50,391,633,567,4
2026-08-06 17:38:51,393,629,567,4
2026-08-06 17:38:52,391,629,553,4
2026-08-06 17:38:53,391,626,554,4
2026-08-06 17:38:54,392,629,565,4
2026-08-06 17:38:55,389,628,561,4
2026-08-06 17:38:56,390,633,558,4
2026-08-06 17:38:57,392,631,566,4
2026-08-06 17:38:58,393,634,555,4
2026-08-06 17:38:59,390,630,563,4
2026-08-06 17:39:00,391,628,565,4
2026-08-06 17:39:01,390,635,569,4
2026-08-06 17:39:02,394,629,569,4
2026-08-06 17:39:03,391,632,551,4
2026-08-06 17:39:04,390,628,567,4
2026-08-06 17:39:05,392,630,563,4
2026-08-06 17:39:06,390,639,565,4
2026-08-06 17:39:07,392,633,565,4
2026-08-06 17:39:08,393,630,559,4
2026-08-06 17:39:09,393,631,564,4
2026-08-06 17:39:10,392,631,562,4
2026-08-06 17:39:11,392,625,564,4
2026-08-06 17:39:12,391,630,572,4
2026-08-06 17:39:13,391,628,564,4
2026-08-06 17:39:14,391,629,564,4
2026-08-06 17:39:15,395,634,560,4
2026-08-06 17:39:16,391,629,564,4
2026-08-06 17:39:17,395,632,556,4
2026-08-06 17:39:18,392,635,555,4
2026-08-06 17:39:19,391,631,561,4
2026-08-06 17:39:20,392,631,562,4
2026-08-06 17:39:21,392,633,558,4
2026-08-06 17:39:22,391,631,558,4
2026-08-06 17:39:23,393,631,566,4
2026-08-06 17:39:24,392,631,565,4
2026-08-06 17:39:25,391,629,557,4
2026-08-06 17:39:26,391,634,560,4
2026-08-06 17:39:27,394,631,568,4
2026-08-06 17:39:28,391,628,555,4
2026-08-06 17:39:29,389,628,567,4
2026-08-06 17:39:30,392,627,564,4
2026-08-06 17:39:31,391,630,561,4
2026-08-06 17:39:32,391,636,552,4
2026-08-06 17:39:33,392,626,566,4
2026-08-06 17:39:34,390,630,556,4
2026-08-06 17:39:37,392,632,561,4
2026-08-06 17:39:37,391,633,559,4
2026-08-06 17:39:37,393,632,561,4
2026-08-06 17:39:38,391,628,568,4
2026-08-06 17:39:39,394,631,565,4
2026-08-06 17:39:40,392,634,551,4
2026-08-06 17:39:41,395,630,558,4
2026-08-06 17:39:42,392,634,555,4
2026-08-06 17:39:43,394,631,565,4
2026-08-06 17:39:44,395,632,574,4
2026-08-06 17:39:45,391,632,563,4
2026-08-06 17:39:46,392,632,560,4
2026-08-06 17:39:47,393,636,571,4
2026-08-06 17:39:48,394,629,560,4
2026-08-06 17:39:49,393,629,565,4
2026-08-06 17:39:50,391,634,557,4
2026-08-06 17:39:51,393,634,556,4
2026-08-06 17:39:52,391,633,560,4
2026-08-06 17:39:53,392,635,556,4
2026-08-06 17:39:54,392,631,558,4
2026-08-06 17:39:55,388,626,566,4
2026-08-06 17:39:56,390,633,559,4
2026-08-06 17:39:57,391,634,565,4
2026-08-06 17:39:58,390,635,559,4
2026-08-06 17:39:59,392,629,559,4
2026-08-06 17:40:00,389,630,568,4
2026-08-06 17:40:01,391,629,562,4
2026-08-06 17:40:02,395,630,572,4
2026-08-06 17:40:03,391,631,563,4
2026-08-06 17:40:04,393,627,558,4
2026-08-06 17:40:05,392,631,570,4
2026-08-06 17:40:06,390,630,553,4
2026-08-06 17:40:07,392,632,550,4
2026-08-06 17:40:08,389,630,558,4
2026-08-06 17:40:09,393,630,566,4
2026-08-06 17:40:10,390,625,570,4
2026-08-06 17:40:11,392,631,568,4
2026-08-06 17:40:12,391,632,566,4
2026-08-06 17:40:13,391,636,558,4
2026-08-06 17:40:14,392,630,556,4
2026-08-06 17:40:15,391,630,558,4
2026-08-06 17:40:16,392,629,565,4
2026-08-06 17:40:17,393,632,560,4
2026-08-06 17:40:18,393,628,568,4
2026-08-06 17:40:19,394,632,571,4
2026-08-06 17:40:20,392,633,555,4
2026-08-06 17:40:21,391,629,559,4
2026-08-06 17:40:22,393,627,562,4
2026-08-06 17:40:23,391,635,569,4
2026-08-06 17:40:24,390,632,559,4
2026-08-06 17:40:25,393,628,552,4
2026-08-06 17:40:26,392,628,556,4
2026-08-06 17:40:27,391,636,559,4
2026-08-06 17:40:28,393,634,564,4
2026-08-06 17:40:29,393,636,559,4
2026-08-06 17:40:30,391,632,565,4
2026-08-06 17:40:31,391,636,562,4
2026-08-06 17:40:32,390,636,552,4
2026-08-06 17:40:33,391,631,564,4
2026-08-06 17:40:34,391,633,569,4
2026-08-06 17:40:35,391,633,561,4
2026-08-06 17:40:36,392,632,566,4
2026-08-06 17:40:37,392,629,555,4
2026-08-06 17:40:38,391,630,566,4
2026-08-06 17:40:39,387,632,565,4
2026-08-06 17:40:40,392,635,558,4
2026-08-06 17:40:41,392,633,568,4
2026-08-06 17:40:42,390,636,559,4
2026-08-06 17:40:43,392,633,555,4
2026-08-06 17:40:44,390,631,569,4
2026-08-06 17:40:45,390,629,571,4
2026-08-06 17:40:46,391,629,554,4
2026-08-06 17:40:47,391,626,562,4
2026-08-06 17:40:48,394,631,556,4
2026-08-06 17:40:49,391,637,560,4
2026-08-06 17:40:50,393,629,559,4
2026-08-06 17:40:51,393,629,552,4
2026-08-06 17:40:52,393,631,562,4
2026-08-06 17:40:53,393,630,559,4
2026-08-06 17:40:54,392,627,555,4
2026-08-06 17:40:55,394,632,563,4
2026-08-06 17:40:56,395,632,567,4
2026-08-06 17:40:57,390,629,568,4
2026-08-06 17:40:58,392,629,569,4
2026-08-06 17:40:59,390,631,553,4
2026-08-06 17:41:00,391,633,565,4
2026-08-06 17:41:01,391,635,556,4
2026-08-06 17:41:02,391,628,568,4
2026-08-06 17:41:03,390,634,555,4
2026-08-06 17:41:04,392,633,572,4
2026-08-06 17:41:05,392,637,573,4
2026-08-06 17:41:06,392,634,559,4
2026-08-06 17:41:07,391,630,563,4
2026-08-06 17:41:08,390,632,561,4
2026-08-06 17:41:09,392,635,557,4
2026-08-06 17:41:10,391,641,560,4
2026-08-06 17:41:11,391,629,563,4
2026-08-06 17:41:12,394,631,555,4
2026-08-06 17:41:13,391,631,551,4
2026-08-06 17:41:14,393,633,561,4
2026-08-06 17:41:15,389,635,564,4
2026-08-06 17:41:16,391,635,552,4
2026-08-06 17:41:17,392,630,559,4
2026-08-06 17:41:18,388,629,568,4
2026-08-06 17:41:19,391,629,561,4
2026-08-06 17:41:20,394,626,555,4
2026-08-06 17:41:21,390,631,565,4
2026-08-06 17:41:22,393,632,550,4
2026-08-06 17:41:23,387,632,565,4
2026-08-06 17:41:24,394,629,565,4
2026-08-06 17:41:25,391,629,562,4
2026-08-06 17:41:26,391,630,571,4
2026-08-06 17:41:27,392,629,564,4
2026-08-06 17:41:28,390,633,559,4
2026-08-06 17:41:29,391,628,562,4
2026-08-06 17:41:30,391,627,562,4
2026-08-06 17:41:31,394,632,558,4
2026-08-06 17:41:32,393,632,560,4
2026-08-06 17:41:33,391,630,566,4
2026-08-06 17:41:34,391,630,561,4
2026-08-06 17:41:35,391,640,570,4
2026-08-06 17:41:36,390,630,555,4
2026-08-06 17:41:37,392,634,557,4
2026-08-06 17:41:38,391,632,560,4
2026-08-06 17:41:39,390,630,568,4
2026-08-06 17:41:40,393,634,568,4
2026-08-06 17:41:41,392,633,564,4
2026-08-06 17:41:42,389,632,559,4
2026-08-06 17:41:43,393,633,565,4
2026-08-06 17:41:44,392,626,563,4
2026-08-06 17:41:45,393,634,563,4
2026-08-06 17:41:46,391,626,565,4
2026-08-06 17:41:47,391,632,559,4
2026-08-06 17:41:48,389,632,563,4
2026-08-06 17:41:49,391,634,555,4
2026-08-06 17:41:50,392,629,567,4
2026-08-06 17:41:51,392,634,560,4
2026-08-06 17:41:52,390,629,562,4
2026-08-06 17:41:53,391,626,567,4
2026-08-06 17:41:54,393,636,556,4
2026-08-06 17:41:55,389,633,558,4
2026-08-06 17:41:56,393,628,561,4
2026-08-06 17:41:57,393,627,557,4
2026-08-06 17:41:58,390,632,565,4
2026-08-06 17:41:59,391,623,566,4
2026-08-06 17:42:00,392,630,560,4
2026-08-06 17:42:01,393,630,566,4
2026-08-06 17:42:02,391,627,557,4
2026-08-06 17:42:03,390,631,553,4
2026-08-06 17:42:04,392,634,566,4
2026-08-06 17:42:05,391,633,559,4
2026-08-06 17:42:06,391,628,561,4
2026-08-06 17:42:07,393,632,561,4
2026-08-06 17:42:08,392,631,562,4
2026-08-06 17:42:09,393,634,559,4
2026-08-06 17:42:10,393,629,554,4
2026-08-06 17:42:11,392,630,569,4
2026-08-06 17:42:12,392,629,565,4
2026-08-06 17:42:13,392,631,563,4
2026-08-06 17:42:14,392,632,559,4
2026-08-06 17:42:15,393,627,556,4
2026-08-06 17:42:16,391,631,566,4
2026-08-06 17:42:17,392,631,559,4
2026-08-06 17:42:18,393,629,564,4
2026-08-06 17:42:19,389,628,553,4
2026-08-06 17:42:20,392,631,558,4
2026-08-06 17:42:21,393,632,561,4
2026-08-06 17:42:22,392,634,562,4
2026-08-06 17:42:23,392,630,557,4
2026-08-06 17:42:24,393,631,555,4
2026-08-06 17:42:25,394,631,563,4
2026-08-06 17:42:26,393,634,556,4
2026-08-06 17:42:27,391,633,563,4
2026-08-06 17:42:28,391,633,559,4
2026-08-06 17:42:29,393,630,551,4
2026-08-06 17:42:30,392,633,566,4
2026-08-06 17:42:31,391,633,564,4
2026-08-06 17:42:32,391,628,558,4
2026-08-06 17:42:33,391,626,566,4
2026-08-06 17:42:34,392,629,555,4
2026-08-06 17:42:35,391,629,557,4
2026-08-06 17:42:36,390,633,566,4
2026-08-06 17:42:37,391,629,560,4
2026-08-06 17:42:38,393,636,558,4
2026-08-06 17:42:39,393,634,559,4
2026-08-06 17:42:40,392,630,566,4
2026-08-06 17:42:41,395,629,567,4
2026-08-06 17:42:42,389,630,571,4
2026-08-06 17:42:43,393,631,564,4
2026-08-06 17:42:44,393,633,561,4
2026-08-06 17:42:45,389,635,564,4
2026-08-06 17:42:46,393,635,563,4
2026-08-06 17:42:47,392,634,560,4
2026-08-06 17:42:48,390,636,558,4
2026-08-06 17:42:49,390,634,556,4
2026-08-06 17:42:50,391,633,558,4
2026-08-06 17:42:51,392,631,556,4
2026-08-06 17:42:52,392,636,554,4
2026-08-06 17:42:53,391,625,566,4
2026-08-06 17:42:54,392,629,560,4
2026-08-06 17:42:55,390,626,563,4
2026-08-06 17:42:56,391,628,568,4
2026-08-06 17:42:57,393,627,547,4
2026-08-06 17:42:58,392,632,567,4
2026-08-06 17:42:59,395,631,558,4
2026-08-06 17:43:00,392,627,564,4
2026-08-06 17:43:01,391,632,560,4
2026-08-06 17:43:02,392,633,555,4
2026-08-06 17:43:03,392,631,563,4
2026-08-06 17:43:04,386,627,562,4
2026-08-06 17:43:05,391,633,558,4
2026-08-06 17:43:06,393,631,560,4
2026-08-06 17:43:07,391,633,558,4
2026-08-06 17:43:08,391,628,561,4
2026-08-06 17:43:09,390,633,557,4
2026-08-06 17:43:10,393,628,561,4
2026-08-06 17:43:11,393,631,559,4
2026-08-06 17:43:12,390,628,571,4
2026-08-06 17:43:13,391,628,566,4
2026-08-06 17:43:14,391,630,563,4
2026-08-06 17:43:15,390,632,563,4
2026-08-06 17:43:16,391,629,564,4
2026-08-06 17:43:17,390,629,562,4
2026-08-06 17:43:19,393,629,556,4
2026-08-06 17:43:19,396,632,561,4
2026-08-06 17:43:20,391,629,569,4
2026-08-06 17:43:21,391,628,562,4
2026-08-06 17:43:22,391,631,560,4
2026-08-06 17:43:23,394,632,563,4
2026-08-06 17:43:24,391,632,559,4
2026-08-06 17:43:25,392,631,558,4
2026-08-06 17:43:26,392,634,561,4
2026-08-06 17:43:27,392,631,564,4
2026-08-06 17:43:28,393,629,559,4
2026-08-06 17:43:29,393,633,561,4
2026-08-06 17:43:30,393,636,568,4
2026-08-06 17:43:31,393,636,556,4
2026-08-06 17:43:32,397,635,560,4
2026-08-06 17:43:33,392,626,567,4
2026-08-06 17:43:34,391,633,569,4
2026-08-06 17:43:35,390,630,561,4
2026-08-06 17:43:36,398,630,569,4
2026-08-06 17:43:37,389,635,560,4
2026-08-06 17:43:38,387,629,563,4
2026-08-06 17:43:39,392,644,565,4
2026-08-06 17:43:40,391,631,559,4
2026-08-06 17:43:41,390,632,557,4
2026-08-06 17:43:42,391,628,568,4
2026-08-06 17:43:43,393,630,565,4
2026-08-06 17:43:44,389,631,561,4
2026-08-06 17:43:46,388,629,562,4
2026-08-06 17:43:46,391,629,562,4
2026-08-06 17:43:47,392,633,560,4
2026-08-06 17:43:48,390,631,565,4
2026-08-06 17:43:49,394,630,568,4
2026-08-06 17:43:50,391,628,573,4
2026-08-06 17:43:51,390,627,565,4
2026-08-06 17:43:52,393,630,568,4
2026-08-06 17:43:53,391,628,566,4
2026-08-06 17:43:54,392,628,571,4
2026-08-06 17:43:55,392,630,555,4
2026-08-06 17:43:56,395,630,560,4
2026-08-06 17:43:57,390,628,564,4
2026-08-06 17:43:58,391,635,560,4
2026-08-06 17:43:59,396,631,560,4
2026-08-06 17:44:00,396,633,560,4
2026-08-06 17:44:01,390,632,559,4
2026-08-06 17:44:02,390,631,557,4
2026-08-06 17:44:03,390,634,563,4
2026-08-06 17:44:04,391,632,559,4
2026-08-06 17:44:05,394,629,561,4
2026-08-06 17:44:06,391,631,562,4
2026-08-06 17:44:07,392,631,566,4
2026-08-06 17:44:08,389,633,562,4
2026-08-06 17:44:09,393,634,566,4
2026-08-06 17:44:10,392,629,559,4
2026-08-06 17:44:11,389,633,559,4
2026-08-06 17:44:12,390,635,561,4
2026-08-06 17:44:13,392,630,562,4
2026-08-06 17:44:14,393,628,555,4
2026-08-06 17:44:15,390,631,561,4
2026-08-06 17:44:16,397,630,563,4
2026-08-06 17:44:17,394,632,562,4
2026-08-06 17:44:18,394,635,558,4
2026-08-06 17:44:19,393,631,561,4
2026-08-06 17:44:20,392,630,564,4
2026-08-06 17:44:21,391,633,556,4
2026-08-06 17:44:22,393,630,565,4
2026-08-06 17:44:23,392,627,560,4
2026-08-06 17:44:24,390,630,564,4
2026-08-06 17:44:25,390,633,565,4
2026-08-06 17:44:26,391,631,559,4
2026-08-06 17:44:27,391,632,555,4
2026-08-06 17:44:28,391,629,563,4
2026-08-06 17:44:29,392,635,570,4
2026-08-06 17:44:30,392,630,555,4
2026-08-06 17:44:31,391,634,568,4
2026-08-06 17:44:32,389,626,563,4
2026-08-06 17:44:33,390,630,568,4
2026-08-06 17:44:34,388,632,560,4
2026-08-06 17:44:35,392,632,560,4
2026-08-06 17:44:36,390,632,566,4
2026-08-06 17:44:37,391,628,560,4
2026-08-06 17:44:38,390,631,557,4
2026-08-06 17:44:39,390,637,558,4
2026-08-06 17:44:40,392,634,566,4
2026-08-06 17:44:41,391,630,562,4
2026-08-06 17:44:42,392,632,559,4
2026-08-06 17:44:43,390,630,566,4
2026-08-06 17:44:44,391,630,558,4
2026-08-06 17:44:45,392,635,565,4
2026-08-06 17:44:46,392,631,558,4
2026-08-06 17:44:47,393,631,561,4
2026-08-06 17:44:48,391,630,558,4
2026-08-06 17:44:49,393,628,558,4
2026-08-06 17:44:50,391,631,558,4
2026-08-06 17:44:51,393,633,567,4
2026-08-06 17:44:52,390,632,563,4
2026-08-06 17:44:53,390,629,558,4
2026-08-06 17:44:54,395,634,563,4
2026-08-06 17:44:55,390,629,574,4
2026-08-06 17:44:56,396,637,556,4
2026-08-06 17:44:57,392,630,558,4
2026-08-06 17:44:58,393,630,562,4
2026-08-06 17:44:59,389,629,559,4
2026-08-06 17:45:00,392,629,557,4
2026-08-06 17:45:01,391,635,562,4
2026-08-06 17:45:02,391,633,562,4
2026-08-06 17:45:03,390,632,562,4
2026-08-06 17:45:04,391,630,560,4
2026-08-06 17:45:05,391,634,568,4
2026-08-06 17:45:06,394,630,565,4
2026-08-06 17:45:07,388,628,562,4
2026-08-06 17:45:08,393,635,565,4
2026-08-06 17:45:09,392,630,561,4
2026-08-06 17:45:10,390,639,566,4
2026-08-06 17:45:11,393,630,557,4
2026-08-06 17:45:12,393,628,566,4
2026-08-06 17:45:13,391,629,569,4
2026-08-06 17:45:14,390,630,558,4
2026-08-06 17:45:15,391,633,557,4
2026-08-06 17:45:16,395,623,557,4
2026-08-06 17:45:17,390,630,559,4
2026-08-06 17:45:18,394,632,559,4
2026-08-06 17:45:19,393,627,548,4
2026-08-06 17:45:20,390,632,563,4
2026-08-06 17:45:21,393,634,563,4
2026-08-06 17:45:22,397,630,563,4
2026-08-06 17:45:23,391,630,554,4
2026-08-06 17:45:24,391,631,560,4
2026-08-06 17:45:25,389,630,560,4
2026-08-06 17:45:26,392,627,564,4
2026-08-06 17:45:27,393,632,565,4
2026-08-06 17:45:28,390,631,571,4
2026-08-06 17:45:29,391,631,562,4
2026-08-06 17:45:30,392,636,555,4
2026-08-06 17:45:31,391,632,561,4
2026-08-06 17:45:32,392,628,555,4
2026-08-06 17:45:33,391,625,561,4
2026-08-06 17:45:34,387,628,566,4
2026-08-06 17:45:35,394,630,562,4
2026-08-06 17:45:36,391,626,568,4
2026-08-06 17:45:37,387,632,566,4
2026-08-06 17:45:38,392,633,557,4
2026-08-06 17:45:39,392,633,562,4
2026-08-06 17:45:40,389,630,561,4
2026-08-06 17:45:41,391,629,558,4
2026-08-06 17:45:42,391,628,567,4
2026-08-06 17:45:43,388,634,561,4
2026-08-06 17:45:44,391,630,559,4
2026-08-06 17:45:45,392,633,546,4
2026-08-06 17:45:46,395,628,561,4
2026-08-06 17:45:47,389,633,558,4
2026-08-06 17:45:48,392,628,573,4
2026-08-06 17:45:49,389,625,563,4
2026-08-06 17:45:50,391,626,566,4
2026-08-06 17:45:51,389,629,556,4
2026-08-06 17:45:52,388,625,562,4
2026-08-06 17:45:53,392,632,566,4
2026-08-06 17:45:54,393,629,566,4
2026-08-06 17:45:55,393,633,572,4
2026-08-06 17:45:56,389,634,550,4
2026-08-06 17:45:57,392,633,569,4
2026-08-06 17:45:58,392,633,562,4
2026-08-06 17:45:59,390,630,558,4
2026-08-06 17:46:00,392,629,565,4
2026-08-06 17:46:01,392,626,554,4
2026-08-06 17:46:02,394,629,565,4
2026-08-06 17:46:03,391,628,564,4
2026-08-06 17:46:04,392,630,561,4
2026-08-06 17:46:05,390,630,570,4
2026-08-06 17:46:06,388,627,567,4
2026-08-06 17:46:07,392,627,578,4
2026-08-06 17:46:08,387,631,558,4
2026-08-06 17:46:09,392,630,566,4
2026-08-06 17:46:10,393,633,566,4
2026-08-06 17:46:11,391,633,564,4
2026-08-06 17:46:12,393,631,559,4
2026-08-06 17:46:13,393,634,561,4
2026-08-06 17:46:14,394,634,550,4
2026-08-06 17:46:15,390,632,567,4
2026-08-06 17:46:16,394,635,565,4
2026-08-06 17:46:17,386,626,560,4
2026-08-06 17:46:18,387,630,558,4
2026-08-06 17:46:19,388,631,567,4
2026-08-06 17:46:20,392,631,559,4
2026-08-06 17:46:21,389,635,560,4
2026-08-06 17:46:22,394,630,564,4
2026-08-06 17:46:23,392,634,552,4
2026-08-06 17:46:24,388,634,564,4
2026-08-06 17:46:25,389,633,559,4
2026-08-06 17:46:26,392,637,560,4
2026-08-06 17:46:27,393,628,567,4
2026-08-06 17:46:28,392,629,560,4
2026-08-06 17:46:29,391,634,565,4
2026-08-06 17:46:30,391,634,560,4
2026-08-06 17:46:31,392,632,566,4
2026-08-06 17:46:32,394,629,562,4
2026-08-06 17:46:33,393,632,554,4
2026-08-06 17:46:34,391,633,561,4
2026-08-06 17:46:35,393,630,566,4
2026-08-06 17:46:36,393,633,562,4
2026-08-06 17:46:37,392,634,559,4
2026-08-06 17:46:38,394,632,558,4
2026-08-06 17:46:39,392,636,568,4
2026-08-06 17:46:40,392,633,568,4
2026-08-06 17:46:41,391,630,564,4
2026-08-06 17:46:42,392,633,573,4
2026-08-06 17:46:43,393,626,566,4
2026-08-06 17:46:44,393,634,565,4
2026-08-06 17:46:45,392,631,552,4
2026-08-06 17:46:46,392,628,562,4
2026-08-06 17:46:47,390,628,557,4
2026-08-06 17:46:48,389,628,565,4
2026-08-06 17:46:49,392,631,559,4
2026-08-06 17:46:50,392,631,567,4
2026-08-06 17:46:51,390,633,557,4
2026-08-06 17:46:52,391,628,561,4
2026-08-06 17:46:53,392,629,568,4
2026-08-06 17:46:54,391,633,558,4
2026-08-06 17:46:55,393,631,560,4
2026-08-06 17:46:56,390,631,558,4
2026-08-06 17:46:57,394,629,557,4
2026-08-06 17:46:58,390,637,563,4
2026-08-06 17:46:59,396,627,552,4
2026-08-06 17:47:00,391,631,569,4
2026-08-06 17:47:01,396,633,565,4
2026-08-06 17:47:02,390,628,560,4
2026-08-06 17:47:03,391,631,562,4
2026-08-06 17:47:04,391,635,559,4
2026-08-06 17:47:05,391,633,564,4
2026-08-06 17:47:06,392,630,565,4
2026-08-06 17:47:07,390,632,566,4
2026-08-06 17:47:08,392,631,562,4
2026-08-06 17:47:09,392,626,563,4
2026-08-06 17:47:10,392,625,555,4
2026-08-06 17:47:11,391,633,570,4
2026-08-06 17:47:12,390,627,572,4
2026-08-06 17:47:13,392,629,564,4
2026-08-06 17:47:14,394,629,565,4
2026-08-06 17:47:15,391,637,563,4
2026-08-06 17:47:16,393,627,565,4
2026-08-06 17:47:17,394,636,567,4
2026-08-06 17:47:18,389,631,560,4
2026-08-06 17:47:19,393,628,560,4
2026-08-06 17:47:20,393,627,570,4
2026-08-06 17:47:21,390,632,556,4
2026-08-06 17:47:22,392,627,561,4
2026-08-06 17:47:23,389,629,559,4
2026-08-06 17:47:24,391,630,564,4
2026-08-06 17:47:25,390,639,565,4
2026-08-06 17:47:26,392,630,565,4
2026-08-06 17:47:27,391,624,565,4
2026-08-06 17:47:28,394,635,566,4
2026-08-06 17:47:29,389,632,559,4
2026-08-06 17:47:30,391,632,565,4
2026-08-06 17:47:31,393,632,561,4
2026-08-06 17:47:32,393,629,565,4
2026-08-06 17:47:33,391,632,564,4
2026-08-06 17:47:34,391,630,567,4
2026-08-06 17:47:35,391,625,569,4
2026-08-06 17:47:36,392,630,555,4
2026-08-06 17:47:37,392,631,557,4
2026-08-06 17:47:38,392,630,565,4
2026-08-06 17:47:39,393,635,567,4
2026-08-06 17:47:40,392,625,562,4
2026-08-06 17:47:41,391,627,561,4
2026-08-06 17:47:42,394,629,565,4
2026-08-06 17:47:43,394,631,558,4
2026-08-06 17:47:44,389,632,568,4
2026-08-06 17:47:45,392,632,566,4
2026-08-06 17:47:46,391,633,568,4
2026-08-06 17:47:47,392,628,568,4
2026-08-06 17:47:48,391,630,564,4
2026-08-06 17:47:49,393,629,564,4
2026-08-06 17:47:50,391,626,558,4
2026-08-06 17:47:51,393,633,562,4
2026-08-06 17:47:52,391,634,575,4
2026-08-06 17:47:53,397,630,563,4
2026-08-06 17:47:54,394,628,567,4
2026-08-06 17:47:55,388,633,560,4
2026-08-06 17:47:56,393,632,564,4
2026-08-06 17:47:57,389,630,567,4
2026-08-06 17:47:58,391,628,568,4
2026-08-06 17:47:59,391,632,561,4
2026-08-06 17:48:00,391,629,563,4
2026-08-06 17:48:01,391,629,565,4
2026-08-06 17:48:02,391,636,561,4
2026-08-06 17:48:03,391,631,567,4
2026-08-06 17:48:04,391,635,564,4
2026-08-06 17:48:05,392,630,565,4
2026-08-06 17:48:06,393,630,563,4
2026-08-06 17:48:07,391,628,565,4
2026-08-06 17:48:08,392,628,560,4
2026-08-06 17:48:09,390,634,559,4
2026-08-06 17:48:10,390,633,561,4
2026-08-06 17:48:11,391,630,569,4
2026-08-06 17:48:12,389,634,559,4
2026-08-06 17:48:13,392,632,564,4
2026-08-06 17:48:14,390,630,568,4
2026-08-06 17:48:15,390,631,562,4
2026-08-06 17:48:16,389,633,553,4
2026-08-06 17:48:17,392,629,565,4
2026-08-06 17:48:18,393,633,556,4
2026-08-06 17:48:19,392,633,566,4
2026-08-06 17:48:20,391,628,555,4
2026-08-06 17:48:21,390,630,552,4
2026-08-06 17:48:22,392,629,565,4
2026-08-06 17:48:23,392,632,566,4
2026-08-06 17:48:24,391,631,558,4
2026-08-06 17:48:25,389,632,555,4
2026-08-06 17:48:26,391,636,565,4
2026-08-06 17:48:27,391,629,560,4
2026-08-06 17:48:28,392,631,569,4
2026-08-06 17:48:29,392,633,565,4
2026-08-06 17:48:30,390,629,563,4
2026-08-06 17:48:31,391,628,552,4
2026-08-06 17:48:32,394,630,564,4
2026-08-06 17:48:33,393,629,569,4
2026-08-06 17:48:34,394,635,560,4
2026-08-06 17:48:35,391,628,562,4
2026-08-06 17:48:36,392,632,566,4
2026-08-06 17:48:37,392,629,560,4
2026-08-06 17:48:38,391,632,572,4
2026-08-06 17:48:39,393,630,572,4
2026-08-06 17:48:40,389,630,570,4
2026-08-06 17:48:41,393,634,561,4
2026-08-06 17:48:42,388,630,571,4
2026-08-06 17:48:43,389,631,572,4
2026-08-06 17:48:44,390,631,564,4
2026-08-06 17:48:45,394,632,563,4
2026-08-06 17:48:46,390,630,562,4
2026-08-06 17:48:47,393,627,566,4
2026-08-06 17:48:48,392,630,558,4
2026-08-06 17:48:49,393,634,571,4
2026-08-06 17:48:50,392,632,560,4
2026-08-06 17:48:51,391,635,560,4
2026-08-06 17:48:52,392,634,565,4
2026-08-06 17:48:53,393,633,566,4
2026-08-06 17:48:54,388,635,567,4
2026-08-06 17:48:55,391,630,561,4
2026-08-06 17:48:56,392,634,570,4
2026-08-06 17:48:57,393,633,568,4
2026-08-06 17:48:58,391,634,561,4
2026-08-06 17:48:59,391,629,566,4
2026-08-06 17:49:00,395,629,561,4
2026-08-06 17:49:01,391,628,563,4
2026-08-06 17:49:02,391,631,566,4
2026-08-06 17:49:03,390,630,566,4
2026-08-06 17:49:04,391,633,565,4
2026-08-06 17:49:05,392,630,574,4
2026-08-06 17:49:06,391,632,565,4
2026-08-06 17:49:07,393,630,558,4
2026-08-06 17:49:08,391,627,569,4
2026-08-06 17:49:09,390,625,554,4
2026-08-06 17:49:10,392,634,573,4
2026-08-06 17:49:11,390,635,567,4
2026-08-06 17:49:12,392,629,569,4
2026-08-06 17:49:13,391,634,559,4
2026-08-06 17:49:14,393,631,564,4
2026-08-06 17:49:15,391,633,568,4
2026-08-06 17:49:16,392,636,568,4
2026-08-06 17:49:17,394,633,559,4
2026-08-06 17:49:18,392,627,563,4
2026-08-06 17:49:19,392,638,563,4
2026-08-06 17:49:20,391,632,566,4
2026-08-06 17:49:21,391,631,572,4
2026-08-06 17:49:22,392,629,564,4
2026-08-06 17:49:23,393,633,563,4
2026-08-06 17:49:24,391,630,564,4
2026-08-06 17:49:25,392,631,563,4
2026-08-06 17:49:26,390,627,570,4
2026-08-06 17:49:27,391,629,565,4
2026-08-06 17:49:28,392,632,569,4
2026-08-06 17:49:29,390,634,569,4
2026-08-06 17:49:31,393,629,568,4
2026-08-06 17:49:31,391,635,567,4
2026-08-06 17:49:32,391,628,566,4
2026-08-06 17:49:33,391,632,567,4
2026-08-06 17:49:34,390,634,558,4
2026-08-06 17:49:36,392,635,563,4
2026-08-06 17:49:36,391,634,566,4
2026-08-06 17:49:37,392,633,560,4
2026-08-06 17:49:38,391,632,568,4
2026-08-06 17:49:39,391,623,570,4
2026-08-06 17:49:40,393,624,569,4
2026-08-06 17:49:41,389,631,565,4
2026-08-06 17:49:42,391,624,570,4
2026-08-06 17:49:43,392,630,561,4
2026-08-06 17:49:44,391,629,561,4
2026-08-06 17:49:45,392,629,572,4
2026-08-06 17:49:46,392,630,566,4
2026-08-06 17:49:47,391,629,567,4
2026-08-06 17:49:48,391,634,563,4
2026-08-06 17:49:49,391,633,569,4
2026-08-06 17:49:50,396,630,565,4
2026-08-06 17:49:51,392,629,561,4
2026-08-06 17:49:52,391,633,566,4
2026-08-06 17:49:53,392,631,580,4
2026-08-06 17:49:54,396,637,563,4
2026-08-06 17:49:55,390,630,559,4
2026-08-06 17:49:56,391,630,566,4
2026-08-06 17:49:57,393,632,566,4
2026-08-06 17:49:58,392,625,573,4
2026-08-06 17:49:59,394,637,563,4
2026-08-06 17:50:00,392,627,568,4
2026-08-06 17:50:01,391,634,568,4
2026-08-06 17:50:02,392,630,555,4
2026-08-06 17:50:03,393,629,566,4
2026-08-06 17:50:04,389,629,562,4
2026-08-06 17:50:05,388,632,571,4
2026-08-06 17:50:06,392,631,557,4
2026-08-06 17:50:07,388,631,560,4
2026-08-06 17:50:08,392,630,567,4
2026-08-06 17:50:09,390,627,562,4
2026-08-06 17:50:10,390,635,559,4
2026-08-06 17:50:11,390,631,566,4
2026-08-06 17:50:12,389,632,569,4
2026-08-06 17:50:13,391,631,570,4
2026-08-06 17:50:14,392,634,566,4
2026-08-06 17:50:15,391,631,571,4
2026-08-06 17:50:16,391,628,567,4
2026-08-06 17:50:17,392,628,562,4
2026-08-06 17:50:18,391,635,566,4
2026-08-06 17:50:19,392,633,556,4
2026-08-06 17:50:20,394,632,556,4
2026-08-06 17:50:21,392,634,563,4
2026-08-06 17:50:22,392,626,566,4
2026-08-06 17:50:23,395,627,566,4
2026-08-06 17:50:24,394,627,569,4
2026-08-06 17:50:25,392,630,565,4
2026-08-06 17:50:26,392,627,560,4
2026-08-06 17:50:27,391,632,571,4
2026-08-06 17:50:28,390,631,574,4
2026-08-06 17:50:29,392,632,559,4
2026-08-06 17:50:30,391,632,564,4
2026-08-06 17:50:31,391,634,565,4
2026-08-06 17:50:32,391,633,563,4
2026-08-06 17:50:33,392,628,576,4
2026-08-06 17:50:34,392,628,565,4
2026-08-06 17:50:35,393,629,568,4
2026-08-06 17:50:36,392,628,570,4
2026-08-06 17:50:37,392,631,562,4
2026-08-06 17:50:38,391,632,565,4
2026-08-06 17:50:39,393,627,562,4
2026-08-06 17:50:40,391,634,565,4
2026-08-06 17:50:41,391,629,557,4
2026-08-06 17:50:42,392,630,565,4
2026-08-06 17:50:43,387,631,568,4
2026-08-06 17:50:44,393,632,573,4
2026-08-06 17:50:45,389,625,560,4
2026-08-06 17:50:46,390,633,568,4
2026-08-06 17:50:47,390,631,567,4
2026-08-06 17:50:48,391,630,573,4
2026-08-06 17:50:49,393,632,572,4
2026-08-06 17:50:50,391,633,572,4
2026-08-06 17:50:51,391,628,569,4
2026-08-06 17:50:52,393,635,572,4
2026-08-06 17:50:53,391,630,568,4
2026-08-06 17:50:54,393,627,575,4
2026-08-06 17:50:55,392,627,573,4
2026-08-06 17:50:56,393,629,565,4
2026-08-06 17:50:57,389,634,571,4
2026-08-06 17:50:58,391,632,565,4
2026-08-06 17:50:59,390,632,565,4
2026-08-06 17:51:00,391,629,562,4
2026-08-06 17:51:01,392,633,564,4
2026-08-06 17:51:02,393,632,569,4
2026-08-06 17:51:03,387,627,577,4
2026-08-06 17:51:04,392,627,572,4
2026-08-06 17:51:05,394,632,570,4
2026-08-06 17:51:06,391,632,562,4
2026-08-06 17:51:07,392,637,557,4
2026-08-06 17:51:08,393,630,570,4
2026-08-06 17:51:09,391,633,562,4
2026-08-06 17:51:10,391,629,561,4
2026-08-06 17:51:11,391,635,559,4
2026-08-06 17:51:12,391,630,566,4
2026-08-06 17:51:13,389,634,567,4
2026-08-06 17:51:14,389,632,570,4
2026-08-06 17:51:15,391,636,566,4
2026-08-06 17:51:16,392,627,570,4
2026-08-06 17:51:17,389,631,572,4
2026-08-06 17:51:18,395,630,569,4
2026-08-06 17:51:19,391,630,565,4
2026-08-06 17:51:20,391,631,567,4
2026-08-06 17:51:21,392,630,568,4
2026-08-06 17:51:22,391,632,565,4
2026-08-06 17:51:23,390,627,572,4
2026-08-06 17:51:24,393,632,560,4
2026-08-06 17:51:25,392,628,573,4
2026-08-06 17:51:26,390,633,570,4
2026-08-06 17:51:27,393,630,565,4
2026-08-06 17:51:28,390,627,562,4
2026-08-06 17:51:29,390,627,565,4
2026-08-06 17:51:30,392,630,562,4
2026-08-06 17:51:31,393,628,566,4
2026-08-06 17:51:32,391,631,574,4
2026-08-06 17:51:33,392,632,567,4
2026-08-06 17:51:34,393,633,564,4
2026-08-06 17:51:35,390,628,565,4
2026-08-06 17:51:36,391,629,568,4
2026-08-06 17:51:37,392,635,568,4
2026-08-06 17:51:38,390,633,566,4
2026-08-06 17:51:39,391,634,564,4
2026-08-06 17:51:40,392,631,574,4
2026-08-06 17:51:41,392,631,566,4
2026-08-06 17:51:42,392,637,565,4
2026-08-06 17:51:43,392,637,569,4
2026-08-06 17:51:44,393,629,568,4
2026-08-06 17:51:45,393,630,567,4
2026-08-06 17:51:46,390,634,569,4
2026-08-06 17:51:47,392,631,570,4
2026-08-06 17:51:48,392,626,573,4
2026-08-06 17:51:49,393,629,570,4
2026-08-06 17:51:50,390,630,568,4
2026-08-06 17:51:51,391,632,563,4
2026-08-06 17:51:52,394,630,566,4
2026-08-06 17:51:53,391,628,572,4
2026-08-06 17:51:54,387,629,561,4
2026-08-06 17:51:55,391,630,570,4
2026-08-06 17:51:56,387,629,570,4
2026-08-06 17:51:57,392,630,567,4
2026-08-06 17:51:58,392,633,564,4
2026-08-06 17:51:59,392,634,573,4
2026-08-06 17:52:00,393,624,571,4
2026-08-06 17:52:01,391,631,565,4
2026-08-06 17:52:02,392,627,564,4
2026-08-06 17:52:03,389,633,572,4
2026-08-06 17:52:04,388,630,567,4
2026-08-06 17:52:05,393,635,564,4
2026-08-06 17:52:06,393,635,573,4
2026-08-06 17:52:07,387,634,573,4
2026-08-06 17:52:08,391,632,561,4
2026-08-06 17:52:09,392,631,560,4
2026-08-06 17:52:10,392,635,564,4
2026-08-06 17:52:11,390,633,564,4
2026-08-06 17:52:12,392,630,566,4
2026-08-06 17:52:13,386,633,562,4
2026-08-06 17:52:14,389,631,571,4
2026-08-06 17:52:15,389,633,561,4
2026-08-06 17:52:16,393,632,569,4
2026-08-06 17:52:17,391,631,570,4
2026-08-06 17:52:18,392,635,567,4
2026-08-06 17:52:19,392,630,571,4
2026-08-06 17:52:20,392,634,560,4
2026-08-06 17:52:21,392,630,567,4
2026-08-06 17:52:22,391,632,573,4
2026-08-06 17:52:23,392,628,560,4
2026-08-06 17:52:24,391,627,569,4
2026-08-06 17:52:25,392,628,564,4
2026-08-06 17:52:26,389,631,575,4
2026-08-06 17:52:27,391,632,563,4
2026-08-06 17:52:28,389,628,567,4
2026-08-06 17:52:29,394,633,571,4
2026-08-06 17:52:30,391,632,564,4
2026-08-06 17:52:31,394,630,567,4
2026-08-06 17:52:32,391,631,563,4
2026-08-06 17:52:33,391,636,563,4
2026-08-06 17:52:34,389,630,572,4
2026-08-06 17:52:35,391,632,566,4
2026-08-06 17:52:36,392,633,575,4
2026-08-06 17:52:37,390,633,563,4
2026-08-06 17:52:38,391,627,568,4
2026-08-06 17:52:39,390,634,567,4
2026-08-06 17:52:40,391,628,566,4
2026-08-06 17:52:41,392,630,570,4
2026-08-06 17:52:42,390,630,578,4
2026-08-06 17:52:43,392,629,565,4
2026-08-06 17:52:44,391,630,563,4
2026-08-06 17:52:45,395,635,566,4
2026-08-06 17:52:46,393,629,570,4
2026-08-06 17:52:47,390,630,564,4
2026-08-06 17:52:48,391,630,573,4
2026-08-06 17:52:49,393,630,572,4
2026-08-06 17:52:50,391,636,567,4
2026-08-06 17:52:51,390,632,562,4
2026-08-06 17:52:52,393,630,569,4
2026-08-06 17:52:53,394,630,565,4
2026-08-06 17:52:54,393,631,571,4
2026-08-06 17:52:55,391,635,565,4
2026-08-06 17:52:56,391,634,568,4
2026-08-06 17:52:57,391,627,571,4
2026-08-06 17:52:58,392,630,560,4
2026-08-06 17:52:59,392,631,568,4
2026-08-06 17:53:00,393,629,561,4
2026-08-06 17:53:01,392,626,570,4
2026-08-06 17:53:02,391,629,569,4
2026-08-06 17:53:03,390,626,572,4
2026-08-06 17:53:04,391,630,567,4
2026-08-06 17:53:06,393,629,576,4
2026-08-06 17:53:06,389,631,568,4
2026-08-06 17:53:07,392,627,556,4
2026-08-06 17:53:08,390,633,575,4
2026-08-06 17:53:09,390,630,572,4
2026-08-06 17:53:10,395,631,565,4
2026-08-06 17:53:11,392,630,574,4
2026-08-06 17:53:12,390,631,563,4
2026-08-06 17:53:13,393,628,566,4
2026-08-06 17:53:14,392,630,567,4
2026-08-06 17:53:15,391,629,574,4
2026-08-06 17:53:16,393,629,567,4
2026-08-06 17:53:17,389,632,569,4
2026-08-06 17:53:18,392,628,568,4
2026-08-06 17:53:19,391,629,569,4
2026-08-06 17:53:20,393,632,565,4
2026-08-06 17:53:21,393,634,568,4
2026-08-06 17:53:22,391,634,575,4
2026-08-06 17:53:23,390,632,571,4
2026-08-06 17:53:24,393,631,557,4
2026-08-06 17:53:25,390,632,573,4
2026-08-06 17:53:26,392,631,567,4
2026-08-06 17:53:27,392,635,566,4
2026-08-06 17:53:28,392,635,574,4
2026-08-06 17:53:29,393,626,558,4
2026-08-06 17:53:30,391,628,567,4
2026-08-06 17:53:31,393,634,584,4
2026-08-06 17:53:32,388,626,562,4
2026-08-06 17:53:33,391,633,572,4
2026-08-06 17:53:34,391,633,571,4
2026-08-06 17:53:35,391,632,573,4
2026-08-06 17:53:36,390,633,569,4
2026-08-06 17:53:37,390,635,567,4
2026-08-06 17:53:38,390,630,569,4
2026-08-06 17:53:39,390,631,571,4
2026-08-06 17:53:40,389,630,571,4
2026-08-06 17:53:41,396,633,570,4
2026-08-06 17:53:42,391,630,571,4
2026-08-06 17:53:43,390,630,569,4
2026-08-06 17:53:44,390,634,574,4
2026-08-06 17:53:45,391,630,566,4
2026-08-06 17:53:46,391,639,573,4
2026-08-06 17:53:47,391,632,573,4
2026-08-06 17:53:48,392,632,562,4
2026-08-06 17:53:49,393,633,572,4
2026-08-06 17:53:50,395,633,564,4
2026-08-06 17:53:51,391,634,570,4
2026-08-06 17:53:52,389,634,570,4
2026-08-06 17:53:53,392,633,565,4
2026-08-06 17:53:54,393,627,577,4
2026-08-06 17:53:55,391,633,573,4
2026-08-06 17:53:56,392,632,569,4
2026-08-06 17:53:57,391,626,569,4
2026-08-06 17:53:58,393,632,568,4
2026-08-06 17:53:59,392,632,569,4
2026-08-06 17:54:00,391,631,570,4
2026-08-06 17:54:01,392,638,565,4
2026-08-06 17:54:02,392,634,566,4
2026-08-06 17:54:03,391,632,571,4
2026-08-06 17:54:04,391,625,571,4
2026-08-06 17:54:05,392,637,560,4
2026-08-06 17:54:06,389,634,570,4
2026-08-06 17:54:07,393,630,564,4
2026-08-06 17:54:08,394,634,562,4
2026-08-06 17:54:09,394,634,571,4
2026-08-06 17:54:10,387,629,577,4
2026-08-06 17:54:11,392,629,571,4
2026-08-06 17:54:12,392,630,574,4
2026-08-06 17:54:13,389,629,568,4
2026-08-06 17:54:14,392,630,566,4
2026-08-06 17:54:15,390,629,570,4
2026-08-06 17:54:16,393,632,562,4
2026-08-06 17:54:17,392,633,575,4
2026-08-06 17:54:18,392,629,572,4
2026-08-06 17:54:19,391,629,570,4
2026-08-06 17:54:20,391,633,569,4
2026-08-06 17:54:21,391,627,570,4
2026-08-06 17:54:22,392,634,568,4
2026-08-06 17:54:23,393,633,572,4
2026-08-06 17:54:24,390,632,571,4
2026-08-06 17:54:25,392,631,570,4
2026-08-06 17:54:26,391,632,570,4
2026-08-06 17:54:27,389,629,568,4
2026-08-06 17:54:28,390,631,573,4
2026-08-06 17:54:29,390,632,565,4
2026-08-06 17:54:30,392,626,575,4
2026-08-06 17:54:31,392,631,571,4
2026-08-06 17:54:32,391,629,571,4
2026-08-06 17:54:33,390,635,565,4
2026-08-06 17:54:35,391,629,567,4
2026-08-06 17:54:35,392,630,577,4
2026-08-06 17:54:36,392,633,564,4
2026-08-06 17:54:37,392,632,568,4
2026-08-06 17:54:38,392,628,568,4
2026-08-06 17:54:39,393,633,566,4
2026-08-06 17:54:40,390,624,566,4
2026-08-06 17:54:41,392,639,573,4
2026-08-06 17:54:42,391,630,563,4
2026-08-06 17:54:43,392,631,576,4
2026-08-06 17:54:44,392,632,571,4
2026-08-06 17:54:45,391,631,567,4
2026-08-06 17:54:46,390,631,581,4
2026-08-06 17:54:47,392,633,573,4
2026-08-06 17:54:48,392,629,580,4
2026-08-06 17:54:49,391,634,567,4
2026-08-06 17:54:50,389,626,566,4
2026-08-06 17:54:51,392,629,571,4
2026-08-06 17:54:52,392,633,564,4
2026-08-06 17:54:53,391,630,564,4
2026-08-06 17:54:54,392,630,573,4
2026-08-06 17:54:55,390,630,574,4
2026-08-06 17:54:56,392,633,565,4
2026-08-06 17:54:57,391,628,566,4
2026-08-06 17:54:58,393,628,568,4
2026-08-06 17:54:59,391,632,572,4
2026-08-06 17:55:00,391,630,572,4
2026-08-06 17:55:01,391,634,567,4
2026-08-06 17:55:02,392,629,564,4
2026-08-06 17:55:03,391,629,575,4
2026-08-06 17:55:04,389,632,570,4
2026-08-06 17:55:05,392,630,567,4
2026-08-06 17:55:06,391,633,578,4
2026-08-06 17:55:07,392,633,573,4
2026-08-06 17:55:08,392,633,569,4
2026-08-06 17:55:09,391,631,568,4
2026-08-06 17:55:10,391,632,571,4
2026-08-06 17:55:11,390,629,568,4
2026-08-06 17:55:12,390,627,564,4
2026-08-06 17:55:13,392,633,572,4
2026-08-06 17:55:14,391,628,578,4
2026-08-06 17:55:15,391,630,563,4
2026-08-06 17:55:16,391,631,560,4
2026-08-06 17:55:17,392,625,568,4
2026-08-06 17:55:18,391,630,559,4
2026-08-06 17:55:19,391,636,571,4
2026-08-06 17:55:20,390,631,577,4
2026-08-06 17:55:21,390,630,570,4
2026-08-06 17:55:22,390,631,575,4
2026-08-06 17:55:23,391,632,567,4
2026-08-06 17:55:24,391,633,578,4
2026-08-06 17:55:25,392,632,562,4
2026-08-06 17:55:26,391,634,569,4
2026-08-06 17:55:27,391,630,578,4
2026-08-06 17:55:28,389,631,574,4
2026-08-06 17:55:29,390,632,573,4
2026-08-06 17:55:30,390,629,578,4
2026-08-06 17:55:31,392,634,571,4
2026-08-06 17:55:32,392,629,569,4
2026-08-06 17:55:33,397,629,575,4
2026-08-06 17:55:34,391,629,573,4
2026-08-06 17:55:35,390,632,568,4
2026-08-06 17:55:36,391,627,577,4
2026-08-06 17:55:37,391,634,573,4
2026-08-06 17:55:38,395,635,565,4
2026-08-06 17:55:39,391,631,568,4
2026-08-06 17:55:40,391,631,569,4
2026-08-06 17:55:41,391,629,561,4
2026-08-06 17:55:42,391,633,569,4
2026-08-06 17:55:43,392,632,569,4
2026-08-06 17:55:44,390,630,567,4
2026-08-06 17:55:45,393,630,579,4
2026-08-06 17:55:46,392,634,567,4
2026-08-06 17:55:47,391,630,569,4
2026-08-06 17:55:48,393,633,571,4
2026-08-06 17:55:49,391,630,570,4
2026-08-06 17:55:50,394,632,575,4
2026-08-06 17:55:51,392,630,577,4
2026-08-06 17:55:52,391,632,564,4
2026-08-06 17:55:54,392,629,575,4
2026-08-06 17:55:54,394,633,575,4
2026-08-06 17:55:55,391,631,568,4
2026-08-06 17:55:56,393,635,567,4
2026-08-06 17:55:57,393,626,578,4
2026-08-06 17:55:58,393,635,577,4
2026-08-06 17:55:59,392,630,575,4
2026-08-06 17:56:00,392,633,573,4
2026-08-06 17:56:01,391,639,567,4
2026-08-06 17:56:02,391,629,561,4
2026-08-06 17:56:03,393,632,572,4
2026-08-06 17:56:04,391,631,570,4
2026-08-06 17:56:05,392,631,572,4
2026-08-06 17:56:06,392,629,566,4
2026-08-06 17:56:07,389,633,574,4
2026-08-06 17:56:08,388,629,562,4
2026-08-06 17:56:09,392,636,568,4
2026-08-06 17:56:10,392,632,571,4
2026-08-06 17:56:11,391,635,572,4
2026-08-06 17:56:12,392,631,576,4
2026-08-06 17:56:13,391,636,572,4
2026-08-06 17:56:14,390,635,573,4
2026-08-06 17:56:15,390,629,565,4
2026-08-06 17:56:17,390,634,571,4
2026-08-06 17:56:17,392,634,571,4
2026-08-06 17:56:18,392,630,574,4
2026-08-06 17:56:19,391,627,569,4
2026-08-06 17:56:20,392,632,573,4
2026-08-06 17:56:21,389,630,571,4
2026-08-06 17:56:22,392,632,575,4
2026-08-06 17:56:23,389,632,569,4
2026-08-06 17:56:24,391,632,569,4
2026-08-06 17:56:25,391,634,567,4
2026-08-06 17:56:26,392,633,561,4
2026-08-06 17:56:27,392,630,566,4
2026-08-06 17:56:28,392,630,575,4
2026-08-06 17:56:29,388,632,567,4
2026-08-06 17:56:30,393,629,577,4
2026-08-06 17:56:31,392,630,569,4
2026-08-06 17:56:32,392,627,565,4
2026-08-06 17:56:33,392,631,572,4
2026-08-06 17:56:34,391,631,567,4
2026-08-06 17:56:35,390,631,570,4
2026-08-06 17:56:36,392,629,573,4
2026-08-06 17:56:37,388,633,574,4
2026-08-06 17:56:38,390,629,563,4
2026-08-06 17:56:39,392,627,569,4
2026-08-06 17:56:40,390,630,573,4
2026-08-06 17:56:41,393,631,574,4
2026-08-06 17:56:42,391,632,568,4
2026-08-06 17:56:43,393,632,572,4
2026-08-06 17:56:44,391,628,575,4
2026-08-06 17:56:45,391,630,570,4
2026-08-06 17:56:46,392,632,568,4
2026-08-06 17:56:47,392,629,576,4
2026-08-06 17:56:48,392,632,569,4
2026-08-06 17:56:49,392,632,577,4
2026-08-06 17:56:50,390,630,569,4
2026-08-06 17:56:51,392,626,573,4
2026-08-06 17:56:52,391,630,569,4
2026-08-06 17:56:53,391,630,576,4
2026-08-06 17:56:54,391,633,576,4
2026-08-06 17:56:55,392,638,575,4
2026-08-06 17:56:56,391,627,564,4
2026-08-06 17:56:57,390,627,569,4
2026-08-06 17:56:58,392,634,566,4
2026-08-06 17:56:59,393,627,576,4
2026-08-06 17:57:00,392,628,574,4
2026-08-06 17:57:01,391,632,577,4
2026-08-06 17:57:02,392,631,572,4
2026-08-06 17:57:03,394,632,573,4
2026-08-06 17:57:04,392,626,570,4
2026-08-06 17:57:05,392,633,575,4
2026-08-06 17:57:06,390,627,569,4
2026-08-06 17:57:07,391,637,571,4
2026-08-06 17:57:08,391,633,570,4
2026-08-06 17:57:09,390,631,574,4
2026-08-06 17:57:10,391,631,572,4
2026-08-06 17:57:11,392,630,571,4
2026-08-06 17:57:12,392,628,566,4
2026-08-06 17:57:13,389,629,574,4
2026-08-06 17:57:14,391,632,561,4
2026-08-06 17:57:15,392,632,566,4
2026-08-06 17:57:16,390,627,572,4
2026-08-06 17:57:17,392,633,579,4
2026-08-06 17:57:18,392,634,559,4
2026-08-06 17:57:19,391,632,567,4
2026-08-06 17:57:20,391,626,574,4
2026-08-06 17:57:21,391,633,573,4
2026-08-06 17:57:22,391,635,568,4
2026-08-06 17:57:23,390,631,556,4
2026-08-06 17:57:24,388,632,571,4
2026-08-06 17:57:25,392,632,567,4
2026-08-06 17:57:26,393,631,569,4
2026-08-06 17:57:27,391,631,575,4
2026-08-06 17:57:28,391,632,573,4
2026-08-06 17:57:29,394,628,570,4
2026-08-06 17:57:30,392,628,573,4
2026-08-06 17:57:31,391,633,566,4
2026-08-06 17:57:32,391,632,570,4
2026-08-06 17:57:33,391,632,568,4
2026-08-06 17:57:34,393,627,568,4
2026-08-06 17:57:35,391,634,572,4
2026-08-06 17:57:36,391,630,573,4
2026-08-06 17:57:37,391,632,565,4
2026-08-06 17:57:38,392,632,572,4
2026-08-06 17:57:39,393,631,579,4
2026-08-06 17:57:40,392,632,569,4
2026-08-06 17:57:41,389,636,564,4
2026-08-06 17:57:42,390,626,566,4
2026-08-06 17:57:43,389,627,572,4
2026-08-06 17:57:44,392,631,566,4
2026-08-06 17:57:45,390,632,568,4
2026-08-06 17:57:47,393,633,574,4
2026-08-06 17:57:47,391,633,572,4
2026-08-06 17:57:48,391,632,566,4
2026-08-06 17:57:49,390,628,569,4
2026-08-06 17:57:50,391,628,569,4
2026-08-06 17:57:51,389,628,567,4
2026-08-06 17:57:52,391,630,572,4
2026-08-06 17:57:53,391,632,568,4
2026-08-06 17:57:54,390,634,570,4
2026-08-06 17:57:55,390,629,580,4
2026-08-06 17:57:56,392,625,573,4
2026-08-06 17:57:57,391,632,578,4
2026-08-06 17:57:58,391,631,575,4
2026-08-06 17:57:59,392,629,577,4
2026-08-06 17:58:00,391,629,565,4
2026-08-06 17:58:01,391,627,570,4
2026-08-06 17:58:02,391,634,563,4
2026-08-06 17:58:03,390,631,572,4
2026-08-06 17:58:04,390,627,579,4
2026-08-06 17:58:05,392,636,568,4
2026-08-06 17:58:06,391,631,572,4
2026-08-06 17:58:07,391,634,572,4
2026-08-06 17:58:08,392,629,571,4
2026-08-06 17:58:09,391,631,571,4
2026-08-06 17:58:10,392,629,576,4
2026-08-06 17:58:11,391,630,566,4
2026-08-06 17:58:12,389,633,576,4
2026-08-06 17:58:13,393,631,574,4
2026-08-06 17:58:14,393,627,576,4
2026-08-06 17:58:15,394,631,577,4
2026-08-06 17:58:16,391,635,572,4
2026-08-06 17:58:17,389,633,571,4
2026-08-06 17:58:18,391,631,575,4
2026-08-06 17:58:19,391,628,572,4
2026-08-06 17:58:20,392,629,571,4
2026-08-06 17:58:21,393,633,575,4
2026-08-06 17:58:22,390,632,568,4
2026-08-06 17:58:23,393,635,568,4
2026-08-06 17:58:24,390,635,561,4
2026-08-06 17:58:25,392,630,569,4
2026-08-06 17:58:26,391,630,573,4
2026-08-06 17:58:27,390,629,568,4
2026-08-06 17:58:28,392,630,579,4
2026-08-06 17:58:29,391,632,568,4
2026-08-06 17:58:30,390,628,573,4
2026-08-06 17:58:31,390,635,571,4
2026-08-06 17:58:32,390,628,571,4
2026-08-06 17:58:33,392,629,573,4
2026-08-06 17:58:34,393,632,570,4
2026-08-06 17:58:35,393,634,569,4
2026-08-06 17:58:36,391,634,572,4
2026-08-06 17:58:37,393,632,572,4
2026-08-06 17:58:38,391,636,568,4
2026-08-06 17:58:39,392,631,572,4
2026-08-06 17:58:40,391,629,579,4
2026-08-06 17:58:41,389,632,567,4
2026-08-06 17:58:42,390,628,566,4
2026-08-06 17:58:43,392,633,573,4
2026-08-06 17:58:44,393,632,568,4
2026-08-06 17:58:45,391,631,561,4
2026-08-06 17:58:46,391,631,566,4
2026-08-06 17:58:47,394,631,570,4
2026-08-06 17:58:48,391,627,575,4
2026-08-06 17:58:49,392,631,570,4
2026-08-06 17:58:50,393,633,563,4
2026-08-06 17:58:51,391,632,573,4
2026-08-06 17:58:52,391,633,566,4
2026-08-06 17:58:53,390,630,577,4
2026-08-06 17:58:54,393,628,568,4
2026-08-06 17:58:55,391,633,567,4
2026-08-06 17:58:56,396,630,576,4
2026-08-06 17:58:57,391,631,572,4
2026-08-06 17:58:58,391,631,572,4
2026-08-06 17:58:59,393,635,570,4
2026-08-06 17:59:00,390,635,568,4
2026-08-06 17:59:01,391,632,570,4
2026-08-06 17:59:02,391,628,571,4
2026-08-06 17:59:03,391,629,573,4
2026-08-06 17:59:04,392,630,567,4
2026-08-06 17:59:05,390,630,570,4
2026-08-06 17:59:06,390,626,578,4
2026-08-06 17:59:07,392,632,574,4
2026-08-06 17:59:08,392,628,574,4
2026-08-06 17:59:09,390,633,570,4
2026-08-06 17:59:10,391,629,573,4
2026-08-06 17:59:11,391,632,565,4
2026-08-06 17:59:12,390,626,573,4
2026-08-06 17:59:13,392,635,573,4
2026-08-06 17:59:14,391,634,569,4
2026-08-06 17:59:15,390,630,572,4
2026-08-06 17:59:16,391,632,567,4
2026-08-06 17:59:17,391,633,567,4
2026-08-06 17:59:18,392,634,568,4
2026-08-06 17:59:19,389,632,580,4
2026-08-06 17:59:20,391,632,569,4
2026-08-06 17:59:21,392,627,571,4
2026-08-06 17:59:22,391,628,578,4
2026-08-06 17:59:23,392,634,576,4
2026-08-06 17:59:24,391,627,569,4
2026-08-06 17:59:25,392,627,574,4
2026-08-06 17:59:26,393,626,572,4
2026-08-06 17:59:27,389,631,573,4
2026-08-06 17:59:28,391,628,578,4
2026-08-06 17:59:29,395,630,574,4
2026-08-06 17:59:30,393,633,572,4
2026-08-06 17:59:31,392,631,567,4
2026-08-06 17:59:32,393,631,567,4
2026-08-06 17:59:33,390,629,566,4
2026-08-06 17:59:34,391,632,574,4
2026-08-06 17:59:35,390,631,570,4
2026-08-06 17:59:36,393,628,563,4
2026-08-06 17:59:37,393,632,568,4
2026-08-06 17:59:38,391,637,574,4
2026-08-06 17:59:39,391,633,571,4
2026-08-06 17:59:40,390,625,581,4
2026-08-06 17:59:41,391,630,574,4
2026-08-06 17:59:42,393,634,569,4
2026-08-06 17:59:43,391,631,569,4
2026-08-06 17:59:44,391,631,566,4
2026-08-06 17:59:45,391,628,575,4
2026-08-06 17:59:46,394,631,569,4
2026-08-06 17:59:47,391,626,574,4
2026-08-06 17:59:48,390,631,566,4
2026-08-06 17:59:49,391,631,571,4
2026-08-06 17:59:50,392,632,570,4
2026-08-06 17:59:51,391,634,572,4
2026-08-06 17:59:52,392,631,579,4
2026-08-06 17:59:53,391,632,571,4
2026-08-06 17:59:54,391,631,577,4
2026-08-06 17:59:55,390,635,572,4
2026-08-06 17:59:56,392,634,571,4
2026-08-06 17:59:57,391,629,569,4
2026-08-06 17:59:58,389,631,569,4
2026-08-06 17:59:59,390,629,571,4
2026-08-06 18:00:00,392,632,574,4
2026-08-06 18:00:01,392,628,571,4
2026-08-06 18:00:02,391,629,570,4
2026-08-06 18:00:03,391,630,581,4
2026-08-06 18:00:04,391,633,566,4
2026-08-06 18:00:05,391,634,569,4
2026-08-06 18:00:06,394,637,571,4
2026-08-06 18:00:07,392,628,566,4
2026-08-06 18:00:08,392,630,568,4
2026-08-06 18:00:09,390,633,566,4
2026-08-06 18:00:10,389,630,566,4
2026-08-06 18:00:11,390,630,570,4
2026-08-06 18:00:12,392,630,565,4
2026-08-06 18:00:13,392,632,567,4
2026-08-06 18:00:14,392,627,572,4
2026-08-06 18:00:15,388,629,575,4
2026-08-06 18:00:16,391,632,564,4
2026-08-06 18:00:17,393,631,573,4
2026-08-06 18:00:18,391,633,567,4
2026-08-06 18:00:19,390,632,569,4
2026-08-06 18:00:20,392,634,577,4
2026-08-06 18:00:21,391,634,582,4
2026-08-06 18:00:22,391,629,573,4
2026-08-06 18:00:23,392,630,574,4
2026-08-06 18:00:24,392,635,575,4
2026-08-06 18:00:25,393,631,578,4
2026-08-06 18:00:26,392,632,576,4
2026-08-06 18:00:27,392,634,577,4
2026-08-06 18:00:28,393,633,572,4
2026-08-06 18:00:29,393,632,576,4
2026-08-06 18:00:30,391,632,565,4
2026-08-06 18:00:31,391,632,579,4
2026-08-06 18:00:32,392,630,570,4
2026-08-06 18:00:33,391,630,578,4
2026-08-06 18:00:34,392,631,569,4
2026-08-06 18:00:35,390,632,572,4
2026-08-06 18:00:36,391,631,567,4
2026-08-06 18:00:37,392,636,569,4
2026-08-06 18:00:38,392,630,569,4
2026-08-06 18:00:39,391,639,568,4
2026-08-06 18:00:40,390,626,573,4
2026-08-06 18:00:41,391,624,572,4
2026-08-06 18:00:42,393,631,574,4
2026-08-06 18:00:43,390,628,571,4
2026-08-06 18:00:44,390,630,575,4
2026-08-06 18:00:45,391,628,570,4
2026-08-06 18:00:46,394,634,574,4
2026-08-06 18:00:47,391,634,574,4
2026-08-06 18:00:48,391,629,573,4
2026-08-06 18:00:49,391,629,575,4
2026-08-06 18:00:50,392,636,576,4
2026-08-06 18:00:51,391,635,569,4
2026-08-06 18:00:52,391,629,574,4
2026-08-06 18:00:53,392,628,570,4
2026-08-06 18:00:54,391,631,572,4
2026-08-06 18:00:55,391,634,570,4
2026-08-06 18:00:56,390,631,572,4
2026-08-06 18:00:57,391,628,568,4
2026-08-06 18:00:59,391,631,577,4
2026-08-06 18:00:59,391,627,573,4
2026-08-06 18:01:00,394,632,574,4
2026-08-06 18:01:01,391,633,577,4
2026-08-06 18:01:02,391,630,572,4
2026-08-06 18:01:03,393,629,575,4
2026-08-06 18:01:04,391,632,577,4
2026-08-06 18:01:05,390,630,564,4
2026-08-06 18:01:06,390,626,575,4
2026-08-06 18:01:07,393,631,573,4
2026-08-06 18:01:08,390,632,565,4
2026-08-06 18:01:09,391,630,579,4
2026-08-06 18:01:10,391,633,574,4
2026-08-06 18:01:11,391,632,568,4
2026-08-06 18:01:12,390,630,575,4
2026-08-06 18:01:13,393,632,574,4
2026-08-06 18:01:14,390,631,570,4
2026-08-06 18:01:15,391,632,571,4
2026-08-06 18:01:16,389,633,577,4
2026-08-06 18:01:17,392,632,571,4
2026-08-06 18:01:18,394,630,583,4
2026-08-06 18:01:19,389,628,567,4
2026-08-06 18:01:20,392,630,573,4
2026-08-06 18:01:21,392,633,573,4
2026-08-06 18:01:22,390,633,566,4
2026-08-06 18:01:23,390,634,575,4
2026-08-06 18:01:24,391,631,575,4
2026-08-06 18:01:25,392,630,578,4
2026-08-06 18:01:26,392,631,574,4
2026-08-06 18:01:27,391,635,566,4
2026-08-06 18:01:28,392,631,573,4
2026-08-06 18:01:29,390,633,569,4
2026-08-06 18:01:30,390,629,568,4
2026-08-06 18:01:31,391,634,571,4
2026-08-06 18:01:32,391,634,572,4
2026-08-06 18:01:33,391,632,576,4
2026-08-06 18:01:34,393,629,570,4
2026-08-06 18:01:35,393,633,575,4
2026-08-06 18:01:36,393,623,564,4
2026-08-06 18:01:37,390,630,569,4
2026-08-06 18:01:38,390,635,571,4
2026-08-06 18:01:39,392,627,570,4
2026-08-06 18:01:40,391,629,576,4
2026-08-06 18:01:41,392,629,567,4
2026-08-06 18:01:42,392,631,576,4
2026-08-06 18:01:43,391,629,565,4
2026-08-06 18:01:44,392,632,571,4
2026-08-06 18:01:45,391,631,574,4
2026-08-06 18:01:46,391,631,569,4
2026-08-06 18:01:47,391,631,576,4
2026-08-06 18:01:48,391,635,574,4
2026-08-06 18:01:49,393,629,566,4
2026-08-06 18:01:50,392,636,572,4
2026-08-06 18:01:51,391,632,575,4
2026-08-06 18:01:52,389,633,566,4
2026-08-06 18:01:53,392,632,576,4
2026-08-06 18:01:54,394,633,572,4
2026-08-06 18:01:55,391,631,572,4
2026-08-06 18:01:56,391,630,569,4
2026-08-06 18:01:57,389,637,567,4
2026-08-06 18:01:58,392,630,575,4
2026-08-06 18:01:59,392,631,571,4
2026-08-06 18:02:00,391,631,576,4
2026-08-06 18:02:01,392,635,570,4
2026-08-06 18:02:03,389,632,569,4
2026-08-06 18:02:03,392,632,573,4
2026-08-06 18:02:04,391,631,565,4
2026-08-06 18:02:05,393,636,571,4
2026-08-06 18:02:06,391,628,577,4
2026-08-06 18:02:07,390,629,574,4
2026-08-06 18:02:08,390,629,577,4
2026-08-06 18:02:09,393,627,573,4
2026-08-06 18:02:10,389,629,575,4
2026-08-06 18:02:11,391,633,570,4
2026-08-06 18:02:12,391,633,576,4
2026-08-06 18:02:13,392,634,576,4
2026-08-06 18:02:14,391,629,564,4
2026-08-06 18:02:15,391,629,573,4
2026-08-06 18:02:16,392,634,572,4
2026-08-06 18:02:17,393,630,570,4
2026-08-06 18:02:18,391,633,571,4
2026-08-06 18:02:19,390,630,577,4
2026-08-06 18:02:20,387,630,568,4
2026-08-06 18:02:21,391,631,571,4
2026-08-06 18:02:22,390,631,574,4
2026-08-06 18:02:23,393,636,577,4
2026-08-06 18:02:24,391,630,577,4
2026-08-06 18:02:25,391,629,574,4
2026-08-06 18:02:26,390,632,577,4
2026-08-06 18:02:27,391,632,575,4
2026-08-06 18:02:28,394,629,573,4
2026-08-06 18:02:29,394,633,570,4
2026-08-06 18:02:30,392,629,576,4
2026-08-06 18:02:31,393,634,573,4
2026-08-06 18:02:32,392,635,562,4
2026-08-06 18:02:33,392,632,574,4
2026-08-06 18:02:34,390,631,579,4
2026-08-06 18:02:35,391,633,577,4
2026-08-06 18:02:36,391,629,565,4
2026-08-06 18:02:37,392,631,575,4
2026-08-06 18:02:38,391,632,575,4
2026-08-06 18:02:39,392,631,568,4
2026-08-06 18:02:40,392,631,580,4
2026-08-06 18:02:41,393,633,579,4
2026-08-06 18:02:42,389,632,577,4
2026-08-06 18:02:43,388,630,567,4
2026-08-06 18:02:44,392,630,566,4
2026-08-06 18:02:45,392,629,575,4
2026-08-06 18:02:46,390,632,576,4
2026-08-06 18:02:47,394,632,576,4
2026-08-06 18:02:48,390,633,575,4
2026-08-06 18:02:49,391,633,571,4
2026-08-06 18:02:50,392,632,577,4
2026-08-06 18:02:51,392,630,578,4
2026-08-06 18:02:52,391,633,568,4
2026-08-06 18:02:53,392,629,577,4
2026-08-06 18:02:54,392,635,566,4
2026-08-06 18:02:55,392,635,566,4
2026-08-06 18:02:56,392,631,582,4
2026-08-06 18:02:57,393,630,566,4
2026-08-06 18:02:58,391,634,575,4
2026-08-06 18:02:59,392,632,561,4
2026-08-06 18:03:00,388,625,578,4
2026-08-06 18:03:01,391,631,579,4
2026-08-06 18:03:02,394,627,567,4
2026-08-06 18:03:03,391,632,569,4
2026-08-06 18:03:04,392,628,568,4
2026-08-06 18:03:05,391,631,578,4
2026-08-06 18:03:06,391,633,563,4
2026-08-06 18:03:07,388,635,571,4
2026-08-06 18:03:08,392,634,566,4
2026-08-06 18:03:09,392,630,566,4
2026-08-06 18:03:10,391,635,578,4
2026-08-06 18:03:11,390,633,571,4
2026-08-06 18:03:12,392,628,568,4
2026-08-06 18:03:13,392,633,570,4
2026-08-06 18:03:14,391,629,575,4
2026-08-06 18:03:15,393,632,575,4
2026-08-06 18:03:16,391,630,574,4
2026-08-06 18:03:17,393,631,571,4
2026-08-06 18:03:18,391,634,569,4
2026-08-06 18:03:19,391,634,571,4
2026-08-06 18:03:20,389,631,569,4
2026-08-06 18:03:21,390,634,574,4
2026-08-06 18:03:22,391,633,582,4
2026-08-06 18:03:23,391,630,569,4
2026-08-06 18:03:24,395,634,572,4
2026-08-06 18:03:25,392,631,568,4
2026-08-06 18:03:26,392,632,571,4
2026-08-06 18:03:27,393,634,570,4
2026-08-06 18:03:28,393,629,570,4
2026-08-06 18:03:29,392,630,571,4
2026-08-06 18:03:30,389,628,575,4
2026-08-06 18:03:31,390,632,579,4
2026-08-06 18:03:32,392,634,566,4
2026-08-06 18:03:33,389,630,573,4
2026-08-06 18:03:34,393,629,581,4
2026-08-06 18:03:35,393,631,575,4
2026-08-06 18:03:36,393,628,565,4
2026-08-06 18:03:37,394,628,573,4
2026-08-06 18:03:38,393,633,576,4
2026-08-06 18:03:39,392,628,579,4
2026-08-06 18:03:40,391,629,579,4
2026-08-06 18:03:41,391,627,572,4
2026-08-06 18:03:42,392,628,563,4
2026-08-06 18:03:43,391,627,570,4
2026-08-06 18:03:44,391,632,578,4
2026-08-06 18:03:45,391,631,572,4
2026-08-06 18:03:46,392,631,573,4
2026-08-06 18:03:47,390,629,575,4
2026-08-06 18:03:48,388,630,576,4
2026-08-06 18:03:49,397,631,574,4
2026-08-06 18:03:50,391,632,566,4
2026-08-06 18:03:51,393,631,573,4
2026-08-06 18:03:52,392,629,575,4
2026-08-06 18:03:53,394,632,574,4
2026-08-06 18:03:54,392,634,571,4
2026-08-06 18:03:55,393,630,579,4
2026-08-06 18:03:56,392,631,569,4
2026-08-06 18:03:57,391,625,570,4
2026-08-06 18:03:58,389,637,573,4
2026-08-06 18:03:59,390,633,579,4
2026-08-06 18:04:00,393,631,573,4
2026-08-06 18:04:01,392,628,573,4
2026-08-06 18:04:02,390,633,574,4
2026-08-06 18:04:03,393,629,577,4
2026-08-06 18:04:04,391,633,577,4
2026-08-06 18:04:05,387,630,567,4
2026-08-06 18:04:06,390,625,578,4
2026-08-06 18:04:07,393,635,573,4
2026-08-06 18:04:08,389,632,569,4
2026-08-06 18:04:09,390,629,584,4
2026-08-06 18:04:11,391,631,570,4
2026-08-06 18:04:11,393,632,573,4
2026-08-06 18:04:12,396,627,575,4
2026-08-06 18:04:13,392,629,573,4
2026-08-06 18:04:14,393,629,577,4
2026-08-06 18:04:15,390,634,570,4
2026-08-06 18:04:16,393,629,577,4
2026-08-06 18:04:17,390,627,578,4
2026-08-06 18:04:18,391,633,573,4
2026-08-06 18:04:19,392,636,576,4
2026-08-06 18:04:20,392,628,581,4
2026-08-06 18:04:21,391,635,570,4
2026-08-06 18:04:22,391,630,585,4
2026-08-06 18:04:23,390,634,573,4
2026-08-06 18:04:24,390,625,567,4
2026-08-06 18:04:25,397,631,578,4
2026-08-06 18:04:26,391,633,571,4
2026-08-06 18:04:27,389,635,568,4
2026-08-06 18:04:28,393,633,566,4
2026-08-06 18:04:29,392,626,566,4
2026-08-06 18:04:30,393,634,576,4
2026-08-06 18:04:31,393,631,568,4
2026-08-06 18:04:32,391,634,574,4
2026-08-06 18:04:33,392,631,569,4
2026-08-06 18:04:34,391,633,570,4
2026-08-06 18:04:35,391,630,574,4
2026-08-06 18:04:36,389,631,572,4
2026-08-06 18:04:37,390,631,579,4
2026-08-06 18:04:38,389,635,564,4
2026-08-06 18:04:39,392,631,580,4
2026-08-06 18:04:40,393,636,565,4
2026-08-06 18:04:41,392,629,569,4
2026-08-06 18:04:42,390,630,568,4
2026-08-06 18:04:43,389,630,578,4
2026-08-06 18:04:44,390,634,574,4
2026-08-06 18:04:45,389,635,578,4
2026-08-06 18:04:46,393,632,573,4
2026-08-06 18:04:47,393,632,574,4
2026-08-06 18:04:48,390,636,573,4
2026-08-06 18:04:49,391,634,576,4
2026-08-06 18:04:50,389,634,574,4
2026-08-06 18:04:52,392,629,580,4
2026-08-06 18:04:52,392,630,575,4
2026-08-06 18:04:53,390,631,566,4
2026-08-06 18:04:54,392,630,573,4
2026-08-06 18:04:55,391,633,579,4
2026-08-06 18:04:56,390,631,574,4
2026-08-06 18:04:57,391,631,573,4
2026-08-06 18:04:58,392,628,578,4
2026-08-06 18:04:59,390,629,574,4
2026-08-06 18:05:00,392,628,569,4
2026-08-06 18:05:01,391,634,573,4
2026-08-06 18:05:02,392,633,573,4
2026-08-06 18:05:03,391,627,575,4
2026-08-06 18:05:04,390,632,579,4
2026-08-06 18:05:05,394,629,572,4
2026-08-06 18:05:06,391,626,578,4
2026-08-06 18:05:07,389,632,568,4
2026-08-06 18:05:08,391,633,574,4
2026-08-06 18:05:09,390,629,572,4
2026-08-06 18:05:10,391,632,576,4
2026-08-06 18:05:11,392,626,574,4
2026-08-06 18:05:12,390,632,570,4
2026-08-06 18:05:13,392,628,576,4
2026-08-06 18:05:14,393,631,571,4
2026-08-06 18:05:15,392,630,575,4
2026-08-06 18:05:16,389,633,572,4
2026-08-06 18:05:17,392,630,573,4
2026-08-06 18:05:18,392,627,579,4
2026-08-06 18:05:19,393,631,572,4
2026-08-06 18:05:20,390,630,569,4
2026-08-06 18:05:21,390,632,566,4
2026-08-06 18:05:22,392,629,573,4
2026-08-06 18:05:23,390,633,567,4
2026-08-06 18:05:24,391,626,573,4
2026-08-06 18:05:25,385,625,577,4
2026-08-06 18:05:26,390,622,580,4
2026-08-06 18:05:27,391,637,575,4
2026-08-06 18:05:28,390,633,567,4
2026-08-06 18:05:29,391,632,577,4
2026-08-06 18:05:30,390,637,585,4
2026-08-06 18:05:31,394,637,575,4
2026-08-06 18:05:32,392,630,578,4
2026-08-06 18:05:33,390,631,566,4
2026-08-06 18:05:34,393,632,582,4
2026-08-06 18:05:35,392,635,568,4
2026-08-06 18:05:36,393,630,576,4
2026-08-06 18:05:37,391,634,573,4
2026-08-06 18:05:38,393,631,577,4
2026-08-06 18:05:39,392,632,578,4
2026-08-06 18:05:40,391,634,576,4
2026-08-06 18:05:41,391,632,573,4
2026-08-06 18:05:42,389,634,575,4
2026-08-06 18:05:43,391,633,574,4
2026-08-06 18:05:44,389,629,572,4
2026-08-06 18:05:45,392,633,575,4
2026-08-06 18:05:46,392,630,580,4
2026-08-06 18:05:47,391,627,578,4
2026-08-06 18:05:48,388,633,576,4
2026-08-06 18:05:49,389,631,570,4
2026-08-06 18:05:50,390,632,569,4
2026-08-06 18:05:51,391,634,573,4
2026-08-06 18:05:52,392,630,575,4
2026-08-06 18:05:53,393,631,576,4
2026-08-06 18:05:54,393,630,571,4
2026-08-06 18:05:55,389,628,574,4
2026-08-06 18:05:56,391,629,580,4
2026-08-06 18:05:57,391,627,574,4
2026-08-06 18:05:58,391,627,575,4
2026-08-06 18:05:59,392,628,572,4
2026-08-06 18:06:00,390,635,571,4
2026-08-06 18:06:01,392,632,572,4
2026-08-06 18:06:02,392,630,582,4
2026-08-06 18:06:03,392,630,571,4
2026-08-06 18:06:04,390,633,577,4
2026-08-06 18:06:05,393,630,572,4
2026-08-06 18:06:06,390,630,571,4
2026-08-06 18:06:07,392,629,576,4
2026-08-06 18:06:08,390,632,567,4
2026-08-06 18:06:09,391,631,577,4
2026-08-06 18:06:10,389,627,576,4
2026-08-06 18:06:11,388,626,575,4
2026-08-06 18:06:12,392,628,569,4
2026-08-06 18:06:13,392,633,576,4
2026-08-06 18:06:14,394,632,568,4
2026-08-06 18:06:15,391,629,575,4
2026-08-06 18:06:16,391,628,568,4
2026-08-06 18:06:17,393,629,573,4
2026-08-06 18:06:18,394,630,574,4
2026-08-06 18:06:19,393,631,570,4
2026-08-06 18:06:20,391,634,573,4
2026-08-06 18:06:21,390,629,573,4
2026-08-06 18:06:22,390,630,573,4
2026-08-06 18:06:23,392,629,576,4
2026-08-06 18:06:24,392,630,574,4
2026-08-06 18:06:25,391,632,576,4
2026-08-06 18:06:26,391,632,572,4
2026-08-06 18:06:27,391,627,577,4
2026-08-06 18:06:28,390,631,570,4
2026-08-06 18:06:29,390,631,573,4
2026-08-06 18:06:30,391,630,570,4
2026-08-06 18:06:31,391,634,578,4
2026-08-06 18:06:32,391,635,567,4
2026-08-06 18:06:33,391,633,567,4
2026-08-06 18:06:34,392,631,574,4
2026-08-06 18:06:35,392,629,577,4
2026-08-06 18:06:36,392,629,576,4
2026-08-06 18:06:37,392,628,572,4
2026-08-06 18:06:38,392,630,579,4
2026-08-06 18:06:39,392,629,570,4
2026-08-06 18:06:40,391,633,580,4
2026-08-06 18:06:41,393,632,577,4
2026-08-06 18:06:42,391,633,579,4
2026-08-06 18:06:43,389,631,563,4
2026-08-06 18:06:44,393,634,571,4
2026-08-06 18:06:45,394,630,571,4
2026-08-06 18:06:46,392,628,570,4
2026-08-06 18:06:47,390,631,575,4
2026-08-06 18:06:48,393,631,577,4
2026-08-06 18:06:49,389,630,579,4
2026-08-06 18:06:50,391,631,569,4
2026-08-06 18:06:51,394,629,577,4
2026-08-06 18:06:52,391,628,577,4
2026-08-06 18:06:53,392,631,574,4
2026-08-06 18:06:54,390,636,566,4
2026-08-06 18:06:55,391,631,570,4
2026-08-06 18:06:56,392,633,580,4
2026-08-06 18:06:57,390,633,579,4
2026-08-06 18:06:58,391,628,582,4
2026-08-06 18:06:59,392,631,573,4
2026-08-06 18:07:00,388,628,570,4
2026-08-06 18:07:01,389,632,576,4
2026-08-06 18:07:02,392,628,581,4
2026-08-06 18:07:03,392,631,574,4
2026-08-06 18:07:04,393,628,583,4
2026-08-06 18:07:05,392,634,568,4
2026-08-06 18:07:06,391,630,571,4
2026-08-06 18:07:07,391,633,578,4
2026-08-06 18:07:08,389,631,570,4
2026-08-06 18:07:09,392,628,571,4
2026-08-06 18:07:10,390,628,574,4
2026-08-06 18:07:11,391,627,575,4
2026-08-06 18:07:12,393,627,572,4
2026-08-06 18:07:13,392,629,575,4
2026-08-06 18:07:14,391,631,576,4
2026-08-06 18:07:15,393,635,572,4
2026-08-06 18:07:16,391,629,574,4
2026-08-06 18:07:17,394,634,573,4
2026-08-06 18:07:18,391,632,574,4
2026-08-06 18:07:19,391,631,580,4
2026-08-06 18:07:20,390,630,573,4
2026-08-06 18:07:21,391,632,571,4
2026-08-06 18:07:22,390,634,576,4
2026-08-06 18:07:23,392,627,574,4
2026-08-06 18:07:24,393,626,572,4
2026-08-06 18:07:25,392,628,570,4
2026-08-06 18:07:26,391,632,570,4
2026-08-06 18:07:27,391,633,567,4
2026-08-06 18:07:28,393,634,570,4
2026-08-06 18:07:29,394,633,572,4
2026-08-06 18:07:30,391,630,575,4
2026-08-06 18:07:31,392,631,571,4
2026-08-06 18:07:32,391,630,579,4
2026-08-06 18:07:33,391,631,569,4
2026-08-06 18:07:34,393,626,573,4
2026-08-06 18:07:35,393,629,581,4
2026-08-06 18:07:36,395,632,572,4
2026-08-06 18:07:37,394,632,570,4
2026-08-06 18:07:38,393,627,567,4
2026-08-06 18:07:39,391,633,576,4
2026-08-06 18:07:40,393,631,574,4
2026-08-06 18:07:41,389,632,573,4
2026-08-06 18:07:42,391,631,570,4
2026-08-06 18:07:43,391,634,575,4
2026-08-06 18:07:44,391,633,571,4
2026-08-06 18:07:45,392,630,581,4
2026-08-06 18:07:46,391,633,570,4
2026-08-06 18:07:47,391,630,573,4
2026-08-06 18:07:48,391,630,573,4
2026-08-06 18:07:49,392,627,582,4
2026-08-06 18:07:50,394,630,578,4
2026-08-06 18:07:51,392,627,569,4
2026-08-06 18:07:52,392,633,566,4
2026-08-06 18:07:53,392,634,566,4
2026-08-06 18:07:54,391,629,572,4
2026-08-06 18:07:55,391,630,567,4
2026-08-06 18:07:56,391,634,576,4
2026-08-06 18:07:57,390,633,572,4
2026-08-06 18:07:58,391,628,574,4
2026-08-06 18:07:59,390,635,573,4
2026-08-06 18:08:00,392,630,576,4
2026-08-06 18:08:01,392,630,575,4
2026-08-06 18:08:02,391,630,575,4
2026-08-06 18:08:03,393,630,574,4
2026-08-06 18:08:04,392,634,573,4
2026-08-06 18:08:05,391,635,569,4
2026-08-06 18:08:06,393,629,575,4
2026-08-06 18:08:07,391,632,571,4
2026-08-06 18:08:08,391,630,571,4
2026-08-06 18:08:09,390,625,574,4
2026-08-06 18:08:10,390,632,566,4
2026-08-06 18:08:11,393,628,573,4
2026-08-06 18:08:12,391,632,566,4
2026-08-06 18:08:13,391,625,575,4
2026-08-06 18:08:14,394,630,572,4
2026-08-06 18:08:15,392,635,571,4
2026-08-06 18:08:16,389,634,575,4
2026-08-06 18:08:17,390,637,570,4
2026-08-06 18:08:18,391,629,578,4
2026-08-06 18:08:19,393,629,574,4
2026-08-06 18:08:20,388,628,582,4
2026-08-06 18:08:21,393,628,573,4
2026-08-06 18:08:22,391,628,571,4
2026-08-06 18:08:23,392,630,579,4
2026-08-06 18:08:24,392,630,577,4
2026-08-06 18:08:25,393,632,574,4
2026-08-06 18:08:26,396,632,571,4
2026-08-06 18:08:27,393,629,579,4
2026-08-06 18:08:28,391,629,578,4
2026-08-06 18:08:29,393,628,577,4
2026-08-06 18:08:30,392,633,566,4
2026-08-06 18:08:31,392,631,573,4
2026-08-06 18:08:32,391,625,569,4
2026-08-06 18:08:33,392,632,576,4
2026-08-06 18:08:34,391,631,571,4
2026-08-06 18:08:35,391,636,578,4
2026-08-06 18:08:36,393,637,572,4
2026-08-06 18:08:37,391,630,571,4
2026-08-06 18:08:38,389,633,576,4
2026-08-06 18:08:39,391,631,583,4
2026-08-06 18:08:40,394,632,575,4
2026-08-06 18:08:41,392,636,570,4
2026-08-06 18:08:42,391,631,578,4
2026-08-06 18:08:43,393,631,573,4
2026-08-06 18:08:44,393,630,572,4
2026-08-06 18:08:45,391,633,575,4
2026-08-06 18:08:46,396,625,574,4
2026-08-06 18:08:47,391,633,566,4
2026-08-06 18:08:48,393,631,577,4
2026-08-06 18:08:49,394,629,576,4
2026-08-06 18:08:50,390,632,575,4
2026-08-06 18:08:51,389,629,571,4
2026-08-06 18:08:52,391,633,570,4
2026-08-06 18:08:53,392,631,569,4
2026-08-06 18:08:54,395,631,572,4
2026-08-06 18:08:55,391,626,577,4
2026-08-06 18:08:56,391,629,569,4
2026-08-06 18:08:57,391,631,575,4
2026-08-06 18:08:58,391,630,568,4
2026-08-06 18:08:59,390,632,566,4
2026-08-06 18:09:00,391,629,568,4
2026-08-06 18:09:01,389,632,567,4
2026-08-06 18:09:02,391,631,577,4
2026-08-06 18:09:03,388,632,574,4
2026-08-06 18:09:08,390,632,573,4
2026-08-06 18:09:08,392,629,579,4
2026-08-06 18:09:08,392,631,579,4
2026-08-06 18:09:08,392,633,579,4
2026-08-06 18:09:08,389,630,581,4
2026-08-06 18:09:09,390,637,571,4
2026-08-06 18:09:10,390,632,579,4
2026-08-06 18:09:11,392,632,573,4
2026-08-06 18:09:12,391,633,574,4
2026-08-06 18:09:13,389,625,575,4
2026-08-06 18:09:14,389,630,575,4
2026-08-06 18:09:15,393,634,581,4
2026-08-06 18:09:16,390,634,581,4
2026-08-06 18:09:17,390,628,576,4
2026-08-06 18:09:18,390,634,576,4
2026-08-06 18:09:19,393,628,570,4
2026-08-06 18:09:20,391,629,575,4
2026-08-06 18:09:21,391,635,577,4
2026-08-06 18:09:22,392,635,568,4
2026-08-06 18:09:23,393,631,583,4
2026-08-06 18:09:24,392,634,575,4
2026-08-06 18:09:25,391,628,571,4
2026-08-06 18:09:26,391,628,574,4
2026-08-06 18:09:27,390,629,568,4
2026-08-06 18:09:28,393,634,577,4
2026-08-06 18:09:29,391,629,576,4
2026-08-06 18:09:30,391,632,571,4
2026-08-06 18:09:31,391,632,577,4
2026-08-06 18:09:32,390,628,579,4
2026-08-06 18:09:33,393,628,576,4
2026-08-06 18:09:34,393,637,572,4
2026-08-06 18:09:35,393,634,568,4
2026-08-06 18:09:36,393,626,576,4
2026-08-06 18:09:37,392,630,570,4
2026-08-06 18:09:38,391,633,574,4
2026-08-06 18:09:39,390,630,574,4
2026-08-06 18:09:40,391,632,572,4
2026-08-06 18:09:41,393,633,569,4
2026-08-06 18:09:42,392,631,578,4
2026-08-06 18:09:43,392,632,572,4
2026-08-06 18:09:44,393,634,572,4
2026-08-06 18:09:45,389,632,575,4
2026-08-06 18:09:46,391,630,575,4
2026-08-06 18:09:47,391,631,580,4
2026-08-06 18:09:48,392,632,570,4
2026-08-06 18:09:49,391,634,576,4
2026-08-06 18:09:50,391,624,583,4
2026-08-06 18:09:51,392,630,577,4
2026-08-06 18:09:52,393,627,579,4
2026-08-06 18:09:53,390,634,568,4
2026-08-06 18:09:54,391,630,572,4
2026-08-06 18:09:55,392,632,574,4
2026-08-06 18:09:56,393,631,566,4
2026-08-06 18:09:57,390,631,576,4
2026-08-06 18:09:58,391,630,577,4
2026-08-06 18:09:59,391,634,576,4
2026-08-06 18:10:00,393,629,578,4
2026-08-06 18:10:01,392,629,572,4
2026-08-06 18:10:02,390,628,577,4
2026-08-06 18:10:03,391,627,574,4
2026-08-06 18:10:04,388,627,577,4
2026-08-06 18:10:05,391,637,571,4
2026-08-06 18:10:06,390,627,574,4
2026-08-06 18:10:07,390,627,577,4
2026-08-06 18:10:08,394,632,573,4
2026-08-06 18:10:09,390,631,569,4
2026-08-06 18:10:10,389,628,576,4
2026-08-06 18:10:11,391,631,574,4
2026-08-06 18:10:12,390,632,572,4
2026-08-06 18:10:13,391,630,583,4
2026-08-06 18:10:14,392,632,572,4
2026-08-06 18:10:15,391,634,568,4
2026-08-06 18:10:16,387,627,585,4
2026-08-06 18:10:17,393,632,573,4
2026-08-06 18:10:18,393,635,569,4
2026-08-06 18:10:19,388,632,570,4
2026-08-06 18:10:20,390,624,573,4
2026-08-06 18:10:21,392,626,577,4
2026-08-06 18:10:22,391,627,580,4
2026-08-06 18:10:23,395,630,571,4
2026-08-06 18:10:24,388,632,573,4
2026-08-06 18:10:25,390,627,575,4
2026-08-06 18:10:26,393,629,577,4
2026-08-06 18:10:27,395,630,576,4
2026-08-06 18:10:28,387,632,567,4
2026-08-06 18:10:29,392,628,577,4
2026-08-06 18:10:30,388,627,575,4
2026-08-06 18:10:31,392,631,574,4
2026-08-06 18:10:32,388,631,572,4
2026-08-06 18:10:33,394,629,572,4
2026-08-06 18:10:34,393,632,576,4
2026-08-06 18:10:35,392,628,573,4
2026-08-06 18:10:36,391,630,578,4
2026-08-06 18:10:37,392,627,571,4
2026-08-06 18:10:38,392,631,581,4
2026-08-06 18:10:39,390,626,572,4
2026-08-06 18:10:40,391,628,577,4
2026-08-06 18:10:41,392,626,574,4
2026-08-06 18:10:42,390,628,574,4
2026-08-06 18:10:43,391,633,575,4
2026-08-06 18:10:44,393,627,573,4
2026-08-06 18:10:45,390,637,569,4
2026-08-06 18:10:46,389,633,580,4
2026-08-06 18:10:47,392,633,574,4
2026-08-06 18:10:48,393,629,577,4
2026-08-06 18:10:49,392,627,576,4
2026-08-06 18:10:50,391,630,572,4
2026-08-06 18:10:51,391,633,571,4
2026-08-06 18:10:52,391,632,579,4
2026-08-06 18:10:53,391,635,574,4
2026-08-06 18:10:54,391,633,570,4
2026-08-06 18:10:55,391,628,582,4
2026-08-06 18:10:56,391,633,574,4
2026-08-06 18:10:57,393,629,574,4
2026-08-06 18:10:58,391,638,582,4
2026-08-06 18:10:59,391,630,572,4
2026-08-06 18:11:00,392,633,573,4
2026-08-06 18:11:01,390,631,575,4
2026-08-06 18:11:02,393,631,572,4
2026-08-06 18:11:03,391,629,572,4
2026-08-06 18:11:04,391,630,573,4
2026-08-06 18:11:05,391,636,569,4
2026-08-06 18:11:06,391,632,576,4
2026-08-06 18:11:07,393,628,571,4
2026-08-06 18:11:08,391,633,574,4
2026-08-06 18:11:09,390,634,571,4
2026-08-06 18:11:10,390,637,575,4
2026-08-06 18:11:11,392,632,570,4
2026-08-06 18:11:12,391,635,569,4
2026-08-06 18:11:13,392,631,569,4
2026-08-06 18:11:14,391,633,572,4
2026-08-06 18:11:15,392,628,567,4
2026-08-06 18:11:16,392,623,568,4
2026-08-06 18:11:17,391,626,575,4
2026-08-06 18:11:18,391,630,565,4
2026-08-06 18:11:19,391,624,573,4
2026-08-06 18:11:20,394,634,572,4
2026-08-06 18:11:21,391,626,571,4
2026-08-06 18:11:22,392,635,569,4
2026-08-06 18:11:23,394,633,577,4
2026-08-06 18:11:25,391,627,579,4
2026-08-06 18:11:25,392,629,569,4
2026-08-06 18:11:26,391,630,574,4
2026-08-06 18:11:27,389,632,579,4
2026-08-06 18:11:28,391,631,578,4
2026-08-06 18:11:29,392,633,583,4
2026-08-06 18:11:30,390,632,569,4
2026-08-06 18:11:31,392,631,578,4
2026-08-06 18:11:32,392,638,577,4
2026-08-06 18:11:33,389,636,578,4
2026-08-06 18:11:34,388,626,573,4
2026-08-06 18:11:35,393,626,578,4
2026-08-06 18:11:36,391,628,564,4
2026-08-06 18:11:37,391,628,571,4
2026-08-06 18:11:38,392,639,567,4
2026-08-06 18:11:39,389,630,572,4
2026-08-06 18:11:40,390,619,569,4
2026-08-06 18:11:41,391,629,567,4
2026-08-06 18:11:42,392,641,576,4
2026-08-06 18:11:43,391,633,575,4
2026-08-06 18:11:44,393,645,574,4
2026-08-06 18:11:45,390,628,567,4
2026-08-06 18:11:46,390,628,568,4
2026-08-06 18:11:47,390,630,582,4
2026-08-06 18:11:48,392,642,578,4
2026-08-06 18:11:49,391,635,570,4
2026-08-06 18:11:50,392,612,577,4
2026-08-06 18:11:51,392,638,579,4
2026-08-06 18:11:52,392,626,572,4
2026-08-06 18:11:53,395,634,573,4
2026-08-06 18:11:54,395,623,577,4
2026-08-06 18:11:55,391,636,574,4
2026-08-06 18:11:56,391,634,577,4
2026-08-06 18:11:57,388,626,573,4
2026-08-06 18:11:58,390,630,576,4
2026-08-06 18:11:59,391,630,578,4
2026-08-06 18:12:00,390,628,576,4
2026-08-06 18:12:01,390,621,582,4
2026-08-06 18:12:02,390,629,573,4
2026-08-06 18:12:03,391,631,579,4
2026-08-06 18:12:04,393,630,575,4
2026-08-06 18:12:05,393,631,569,4
2026-08-06 18:12:06,390,631,572,4
2026-08-06 18:12:07,389,630,573,4
2026-08-06 18:12:08,392,630,576,4
2026-08-06 18:12:09,391,637,575,4
2026-08-06 18:12:10,389,630,578,4
2026-08-06 18:12:11,392,630,570,4
2026-08-06 18:12:12,393,628,571,4
2026-08-06 18:12:13,392,627,567,4
2026-08-06 18:12:14,393,629,573,4
2026-08-06 18:12:15,389,636,572,4
2026-08-06 18:12:16,393,632,581,4
2026-08-06 18:12:17,393,629,571,4
2026-08-06 18:12:18,390,630,576,4
2026-08-06 18:12:19,393,630,568,4
2026-08-06 18:12:20,391,632,567,4
2026-08-06 18:12:21,392,633,570,4
2026-08-06 18:12:22,393,630,578,4
2026-08-06 18:12:23,393,631,567,4
2026-08-06 18:12:24,390,637,571,4
2026-08-06 18:12:25,392,632,576,4
2026-08-06 18:12:26,390,636,575,4
2026-08-06 18:12:27,392,631,578,4
2026-08-06 18:12:28,391,628,578,4
2026-08-06 18:12:29,394,635,567,4
2026-08-06 18:12:30,392,634,575,4
2026-08-06 18:12:31,390,634,570,4
2026-08-06 18:12:32,391,632,575,4
2026-08-06 18:12:33,390,635,581,4
2026-08-06 18:12:34,390,632,574,4
2026-08-06 18:12:35,391,628,575,4
2026-08-06 18:12:36,389,631,575,4
2026-08-06 18:12:37,390,631,576,4
2026-08-06 18:12:38,389,631,562,4
2026-08-06 18:12:39,390,628,578,4
2026-08-06 18:12:40,392,631,573,4
2026-08-06 18:12:41,393,628,576,4
2026-08-06 18:12:42,392,634,577,4
2026-08-06 18:12:43,393,633,577,4
2026-08-06 18:12:44,390,630,572,4
2026-08-06 18:12:45,393,629,577,4
2026-08-06 18:12:46,389,628,579,4
2026-08-06 18:12:47,393,632,582,4
2026-08-06 18:12:48,391,628,575,4
2026-08-06 18:12:49,393,634,573,4
2026-08-06 18:12:50,390,631,569,4
2026-08-06 18:12:51,390,623,578,4
2026-08-06 18:12:52,389,631,573,4
2026-08-06 18:12:53,389,631,569,4
2026-08-06 18:12:54,390,635,575,4
2026-08-06 18:12:55,392,628,572,4
2026-08-06 18:12:56,392,629,576,4
2026-08-06 18:12:57,391,629,572,4
2026-08-06 18:12:58,392,634,576,4
2026-08-06 18:12:59,391,631,576,4
2026-08-06 18:13:00,392,633,572,4
2026-08-06 18:13:01,391,631,570,4
2026-08-06 18:13:02,390,635,570,4
2026-08-06 18:13:03,391,628,573,4
2026-08-06 18:13:04,391,633,570,4
2026-08-06 18:13:05,391,631,580,4
2026-08-06 18:13:06,389,627,577,4
2026-08-06 18:13:07,389,630,579,4
2026-08-06 18:13:08,392,629,575,4
2026-08-06 18:13:09,391,632,574,4
2026-08-06 18:13:10,392,631,575,4
2026-08-06 18:13:11,392,631,572,4
2026-08-06 18:13:12,391,626,578,4
2026-08-06 18:13:13,390,632,573,4
2026-08-06 18:13:14,390,630,578,4
2026-08-06 18:13:15,391,633,567,4
2026-08-06 18:13:16,392,631,579,4
2026-08-06 18:13:17,393,634,572,4
2026-08-06 18:13:18,389,628,577,4
2026-08-06 18:13:19,391,632,571,4
2026-08-06 18:13:20,394,632,586,4
2026-08-06 18:13:21,391,632,567,4
2026-08-06 18:13:22,390,635,579,4
2026-08-06 18:13:23,393,630,572,4
2026-08-06 18:13:24,392,633,581,4
2026-08-06 18:13:25,391,630,577,4
2026-08-06 18:13:26,391,632,572,4
2026-08-06 18:13:27,391,631,579,4
2026-08-06 18:13:28,391,631,578,4
2026-08-06 18:13:29,390,636,577,4
2026-08-06 18:13:30,393,633,576,4
2026-08-06 18:13:31,391,630,573,4
2026-08-06 18:13:32,390,631,572,4
2026-08-06 18:13:33,391,633,569,4
2026-08-06 18:13:34,393,632,578,4
2026-08-06 18:13:35,391,634,574,4
2026-08-06 18:13:36,391,630,572,4
2026-08-06 18:13:37,393,632,574,4
2026-08-06 18:13:38,392,635,575,4
2026-08-06 18:13:39,391,628,576,4
2026-08-06 18:13:40,391,625,575,4
2026-08-06 18:13:41,391,628,571,4
2026-08-06 18:13:42,388,634,567,4
2026-08-06 18:13:43,389,630,572,4
2026-08-06 18:13:44,393,629,571,4
2026-08-06 18:13:45,393,634,573,4
2026-08-06 18:13:46,392,633,578,4
2026-08-06 18:13:47,390,628,573,4
2026-08-06 18:13:48,390,629,577,4
2026-08-06 18:13:49,393,629,576,4
2026-08-06 18:13:50,392,627,577,4
2026-08-06 18:13:51,393,632,576,4
2026-08-06 18:13:52,391,634,569,4
2026-08-06 18:13:53,393,632,576,4
2026-08-06 18:13:54,391,630,573,4
2026-08-06 18:13:55,391,633,576,4
2026-08-06 18:13:56,391,631,571,4
2026-08-06 18:13:57,389,628,571,4
2026-08-06 18:13:58,391,629,579,4
2026-08-06 18:13:59,391,634,572,4
2026-08-06 18:14:00,391,630,583,4
2026-08-06 18:14:01,390,630,575,4
2026-08-06 18:14:02,390,633,583,4
2026-08-06 18:14:03,391,637,568,4
2026-08-06 18:14:04,392,631,566,4
2026-08-06 18:14:05,391,628,579,4
2026-08-06 18:14:06,393,626,566,4
2026-08-06 18:14:07,389,634,563,4
2026-08-06 18:14:08,391,632,575,4
2026-08-06 18:14:09,391,636,577,4
2026-08-06 18:14:10,389,624,572,4
2026-08-06 18:14:11,393,627,570,4
2026-08-06 18:14:12,391,630,575,4
2026-08-06 18:14:13,392,627,573,4
2026-08-06 18:14:14,391,630,567,4
2026-08-06 18:14:15,391,635,568,4
2026-08-06 18:14:16,394,631,567,4
2026-08-06 18:14:17,392,632,567,4
2026-08-06 18:14:18,391,629,576,4
2026-08-06 18:14:19,391,635,565,4
2026-08-06 18:14:20,391,632,583,4
2026-08-06 18:14:21,391,632,574,4
2026-08-06 18:14:22,392,630,579,4
2026-08-06 18:14:23,392,634,573,4
2026-08-06 18:14:24,391,626,578,4
2026-08-06 18:14:25,393,631,578,4
2026-08-06 18:14:26,393,632,580,4
2026-08-06 18:14:27,391,631,575,4
2026-08-06 18:14:28,389,633,577,4
2026-08-06 18:14:29,389,631,569,4
2026-08-06 18:14:30,392,631,574,4
2026-08-06 18:14:31,392,633,572,4
2026-08-06 18:14:32,391,634,576,4
2026-08-06 18:14:33,394,631,574,4
2026-08-06 18:14:34,392,632,573,4
2026-08-06 18:14:35,391,635,565,4
2026-08-06 18:14:36,392,629,567,4
2026-08-06 18:14:37,394,628,575,4
2026-08-06 18:14:38,392,631,571,4
2026-08-06 18:14:39,392,631,580,4
2026-08-06 18:14:40,389,629,578,4
2026-08-06 18:14:41,392,633,571,4
2026-08-06 18:14:42,391,633,571,4
2026-08-06 18:14:43,390,632,570,4
2026-08-06 18:14:44,393,630,579,4
2026-08-06 18:14:45,392,631,569,4
2026-08-06 18:14:46,392,631,573,4
2026-08-06 18:14:47,391,634,567,4
2026-08-06 18:14:48,390,631,577,4
2026-08-06 18:14:49,391,625,580,4
2026-08-06 18:14:50,391,630,566,4
2026-08-06 18:14:51,391,635,570,4
2026-08-06 18:14:52,390,633,578,4
2026-08-06 18:14:53,392,636,567,4
2026-08-06 18:14:54,392,634,569,4
2026-08-06 18:14:55,392,632,570,4
2026-08-06 18:14:56,392,632,574,4
2026-08-06 18:14:57,391,633,581,4
2026-08-06 18:14:58,392,634,576,4
2026-08-06 18:14:59,391,634,574,4
2026-08-06 18:15:00,390,632,576,4
2026-08-06 18:15:01,392,633,578,4
2026-08-06 18:15:02,393,635,578,4
2026-08-06 18:15:03,391,630,577,4
2026-08-06 18:15:04,392,632,576,4
2026-08-06 18:15:05,392,634,576,4
2026-08-06 18:15:06,390,630,582,4
2026-08-06 18:15:07,392,633,574,4
2026-08-06 18:15:08,392,632,571,4
2026-08-06 18:15:09,391,629,582,4
2026-08-06 18:15:10,393,623,573,4
2026-08-06 18:15:11,391,635,574,4
2026-08-06 18:15:12,392,633,570,4
2026-08-06 18:15:13,392,636,586,4
2026-08-06 18:15:14,388,637,575,4
2026-08-06 18:15:15,396,631,565,4
2026-08-06 18:15:16,393,631,562,4
2026-08-06 18:15:17,389,635,569,4
2026-08-06 18:15:18,392,629,585,4
2026-08-06 18:15:19,392,627,575,4
2026-08-06 18:15:20,391,631,572,4
2026-08-06 18:15:21,392,631,577,4
2026-08-06 18:15:22,392,630,575,4
2026-08-06 18:15:23,389,630,573,4
2026-08-06 18:15:24,389,634,577,4
2026-08-06 18:15:25,391,632,570,4
2026-08-06 18:15:26,392,630,576,4
2026-08-06 18:15:27,391,635,575,4
2026-08-06 18:15:28,392,632,576,4
2026-08-06 18:15:29,389,630,569,4
2026-08-06 18:15:30,391,637,569,4
2026-08-06 18:15:31,391,632,570,4
2026-08-06 18:15:32,390,632,573,4
2026-08-06 18:15:33,391,627,584,4
2026-08-06 18:15:34,393,631,571,4
2026-08-06 18:15:35,394,629,577,4
2026-08-06 18:15:36,391,631,567,4
2026-08-06 18:15:37,389,630,570,4
2026-08-06 18:15:38,393,628,577,4
2026-08-06 18:15:39,389,632,573,4
2026-08-06 18:15:40,391,630,575,4
2026-08-06 18:15:41,391,631,581,4
2026-08-06 18:15:42,391,625,575,4
2026-08-06 18:15:43,392,633,569,4
2026-08-06 18:15:44,392,635,574,4
2026-08-06 18:15:45,390,629,570,4
2026-08-06 18:15:46,392,629,576,4
2026-08-06 18:15:47,391,631,574,4
2026-08-06 18:15:48,390,628,578,4
2026-08-06 18:15:49,392,631,571,4
2026-08-06 18:15:50,391,629,570,4
2026-08-06 18:15:51,392,630,572,4
2026-08-06 18:15:52,388,627,573,4
2026-08-06 18:15:53,390,633,576,4
2026-08-06 18:15:54,390,628,574,4
2026-08-06 18:15:55,391,629,578,4
2026-08-06 18:15:56,393,633,576,4
2026-08-06 18:15:57,390,634,572,4
2026-08-06 18:15:58,394,626,580,4
2026-08-06 18:15:59,392,633,576,4
2026-08-06 18:16:00,390,625,572,4
2026-08-06 18:16:01,390,634,571,4
2026-08-06 18:16:02,392,634,574,4
2026-08-06 18:16:03,391,630,576,4
2026-08-06 18:16:04,392,633,579,4
2026-08-06 18:16:05,392,627,570,4
2026-08-06 18:16:06,391,630,576,4
2026-08-06 18:16:07,392,631,579,4
2026-08-06 18:16:08,391,634,576,4
2026-08-06 18:16:09,391,636,569,4
2026-08-06 18:16:10,388,633,571,4
2026-08-06 18:16:11,391,632,579,4
2026-08-06 18:16:12,392,631,573,4
2026-08-06 18:16:13,391,630,576,4
2026-08-06 18:16:14,391,631,573,4
2026-08-06 18:16:15,390,635,569,4
2026-08-06 18:16:16,392,632,580,4
2026-08-06 18:16:17,393,633,577,4
2026-08-06 18:16:18,393,631,572,4
2026-08-06 18:16:19,390,631,575,4
2026-08-06 18:16:20,391,633,574,4
2026-08-06 18:16:21,391,633,567,4
2026-08-06 18:16:22,390,631,571,4
2026-08-06 18:16:23,391,629,570,4
2026-08-06 18:16:24,392,633,573,4
2026-08-06 18:16:25,392,631,577,4
2026-08-06 18:16:26,390,634,569,4
2026-08-06 18:16:27,390,631,574,4
2026-08-06 18:16:28,389,631,577,4
2026-08-06 18:16:29,392,632,569,4
2026-08-06 18:16:30,392,629,574,4
2026-08-06 18:16:31,392,628,582,4
2026-08-06 18:16:32,390,630,569,4
2026-08-06 18:16:33,393,633,573,4
2026-08-06 18:16:34,392,628,577,4
2026-08-06 18:16:35,393,633,568,4
2026-08-06 18:16:36,393,632,575,4
2026-08-06 18:16:37,390,627,578,4
2026-08-06 18:16:38,394,632,571,4
2026-08-06 18:16:39,394,634,567,4
2026-08-06 18:16:40,392,629,571,4
2026-08-06 18:16:41,390,628,575,4
2026-08-06 18:16:42,389,630,573,4
2026-08-06 18:16:43,392,634,576,4
2026-08-06 18:16:44,391,629,574,4
2026-08-06 18:16:45,395,635,571,4
2026-08-06 18:16:46,391,630,575,4
2026-08-06 18:16:47,391,629,574,4
2026-08-06 18:16:48,393,633,577,4
2026-08-06 18:16:49,390,632,574,4
2026-08-06 18:16:50,390,634,573,4
2026-08-06 18:16:51,391,629,573,4
2026-08-06 18:16:52,392,632,574,4
2026-08-06 18:16:53,391,636,578,4
2026-08-06 18:16:54,391,634,571,4
2026-08-06 18:16:55,391,635,575,4
2026-08-06 18:16:56,393,634,572,4
2026-08-06 18:16:57,389,632,575,4
2026-08-06 18:16:58,391,629,573,4
2026-08-06 18:16:59,391,634,578,4
2026-08-06 18:17:00,391,634,574,4
2026-08-06 18:17:01,389,632,570,4
2026-08-06 18:17:02,392,635,572,4
2026-08-06 18:17:03,390,629,579,4
2026-08-06 18:17:04,392,637,570,4
2026-08-06 18:17:05,391,632,572,4
2026-08-06 18:17:06,391,637,574,4
2026-08-06 18:17:07,393,628,579,4
2026-08-06 18:17:08,394,630,571,4
2026-08-06 18:17:09,390,630,568,4
2026-08-06 18:17:10,393,633,565,4
2026-08-06 18:17:11,391,636,575,4
2026-08-06 18:17:12,389,635,580,4
2026-08-06 18:17:13,394,629,582,4
2026-08-06 18:17:14,391,635,571,4
2026-08-06 18:17:15,390,626,583,4
2026-08-06 18:17:16,392,633,579,4
2026-08-06 18:17:17,393,631,569,4
2026-08-06 18:17:18,391,634,576,4
2026-08-06 18:17:19,391,633,577,4
2026-08-06 18:17:20,390,626,579,4
2026-08-06 18:17:21,388,627,573,4
2026-08-06 18:17:22,391,628,579,4
2026-08-06 18:17:23,388,629,577,4
2026-08-06 18:17:24,392,627,578,4
2026-08-06 18:17:25,390,635,575,4
2026-08-06 18:17:26,390,632,578,4
2026-08-06 18:17:27,392,632,585,4
2026-08-06 18:17:28,393,630,584,4
2026-08-06 18:17:29,393,630,567,4
2026-08-06 18:17:30,390,635,576,4
2026-08-06 18:17:31,392,628,579,4
2026-08-06 18:17:32,391,630,574,4
2026-08-06 18:17:33,393,632,572,4
2026-08-06 18:17:34,391,632,577,4
2026-08-06 18:17:35,390,630,566,4
2026-08-06 18:17:36,391,634,568,4
2026-08-06 18:17:37,389,635,568,4
2026-08-06 18:17:38,391,626,574,4
2026-08-06 18:17:39,390,631,571,4
2026-08-06 18:17:40,391,635,572,4
2026-08-06 18:17:41,389,633,575,4
2026-08-06 18:17:42,392,635,573,4
2026-08-06 18:17:43,390,633,564,4
2026-08-06 18:17:44,391,633,579,4
2026-08-06 18:17:45,392,633,578,4
2026-08-06 18:17:46,391,632,567,4
2026-08-06 18:17:47,392,634,571,4
2026-08-06 18:17:48,391,630,578,4
2026-08-06 18:17:49,389,631,568,4
2026-08-06 18:17:50,390,633,576,4
2026-08-06 18:17:51,392,630,573,4
2026-08-06 18:17:52,390,629,571,4
2026-08-06 18:17:53,391,632,574,4
2026-08-06 18:17:54,392,631,572,4
2026-08-06 18:17:55,391,634,575,4
2026-08-06 18:17:56,393,631,574,4
2026-08-06 18:17:57,393,630,567,4
2026-08-06 18:17:58,391,630,575,4
2026-08-06 18:17:59,392,634,577,4
2026-08-06 18:18:00,391,630,578,4
2026-08-06 18:18:01,391,633,576,4
2026-08-06 18:18:02,392,630,578,4
2026-08-06 18:18:03,392,630,573,4
2026-08-06 18:18:04,392,628,574,4
2026-08-06 18:18:05,389,632,572,4
2026-08-06 18:18:06,392,629,575,4
2026-08-06 18:18:07,390,629,581,4
2026-08-06 18:18:08,392,631,577,4
2026-08-06 18:18:09,390,631,571,4
2026-08-06 18:18:10,393,629,580,4
2026-08-06 18:18:11,392,627,571,4
2026-08-06 18:18:12,392,632,580,4
2026-08-06 18:18:13,391,630,580,4
2026-08-06 18:18:14,391,627,573,4
2026-08-06 18:18:15,389,628,578,4
2026-08-06 18:18:16,391,632,575,4
2026-08-06 18:18:17,392,634,575,4
2026-08-06 18:18:18,390,628,577,4
2026-08-06 18:18:19,393,631,580,4
2026-08-06 18:18:20,391,628,575,4
2026-08-06 18:18:21,393,628,571,4
2026-08-06 18:18:22,390,628,570,4
2026-08-06 18:18:23,392,632,572,4
2026-08-06 18:18:24,392,630,581,4
2026-08-06 18:18:25,390,633,572,4
2026-08-06 18:18:26,391,630,576,4
2026-08-06 18:18:27,392,628,571,4
2026-08-06 18:18:28,390,634,573,4
2026-08-06 18:18:29,392,630,572,4
2026-08-06 18:18:30,390,631,576,4
2026-08-06 18:18:31,388,631,573,4
2026-08-06 18:18:32,393,629,577,4
2026-08-06 18:18:33,391,633,571,4
2026-08-06 18:18:34,391,630,578,4
2026-08-06 18:18:35,389,632,578,4
2026-08-06 18:18:36,389,632,571,4
2026-08-06 18:18:37,393,629,577,4
2026-08-06 18:18:38,392,628,575,4
2026-08-06 18:18:39,391,635,570,4
2026-08-06 18:18:40,389,634,579,4
2026-08-06 18:18:41,391,630,571,4
2026-08-06 18:18:42,391,635,569,4
2026-08-06 18:18:43,390,628,577,4
2026-08-06 18:18:44,395,624,578,4
2026-08-06 18:18:45,391,634,577,4
2026-08-06 18:18:46,390,631,576,4
2026-08-06 18:18:47,392,631,572,4
2026-08-06 18:18:48,389,628,575,4
2026-08-06 18:18:49,391,631,574,4
2026-08-06 18:18:50,390,633,574,4
2026-08-06 18:18:51,393,633,571,4
2026-08-06 18:18:52,389,637,572,4
2026-08-06 18:18:53,392,634,577,4
2026-08-06 18:18:54,391,634,571,4
2026-08-06 18:18:55,391,631,579,4
2026-08-06 18:18:56,391,633,576,4
2026-08-06 18:18:57,391,636,576,4
2026-08-06 18:18:58,391,632,571,4
2026-08-06 18:18:59,393,631,581,4
2026-08-06 18:19:00,387,634,576,4
2026-08-06 18:19:01,393,631,572,4
2026-08-06 18:19:02,389,631,576,4
2026-08-06 18:19:03,392,638,563,4
2026-08-06 18:19:04,392,631,574,4
2026-08-06 18:19:05,392,633,576,4
2026-08-06 18:19:06,394,634,576,4
2026-08-06 18:19:07,390,631,577,4
2026-08-06 18:19:08,392,632,573,4
2026-08-06 18:19:09,392,631,575,4
2026-08-06 18:19:10,389,627,573,4
2026-08-06 18:19:11,391,636,580,4
2026-08-06 18:19:12,392,634,581,4
2026-08-06 18:19:13,390,631,576,4
2026-08-06 18:19:14,392,625,581,4
2026-08-06 18:19:15,390,630,578,4
2026-08-06 18:19:16,392,633,577,4
2026-08-06 18:19:17,390,633,579,4
2026-08-06 18:19:18,390,632,571,4
2026-08-06 18:19:19,393,629,576,4
2026-08-06 18:19:20,391,632,575,4
2026-08-06 18:19:21,391,631,574,4
2026-08-06 18:19:22,389,632,575,4
2026-08-06 18:19:23,392,630,573,4
2026-08-06 18:19:24,391,627,573,4
2026-08-06 18:19:25,391,629,575,4
2026-08-06 18:19:26,393,628,577,4
2026-08-06 18:19:27,393,631,577,4
2026-08-06 18:19:28,390,630,577,4
2026-08-06 18:19:29,391,631,582,4
2026-08-06 18:19:30,392,632,570,4
2026-08-06 18:19:31,392,631,578,4
2026-08-06 18:19:32,387,635,569,4
2026-08-06 18:19:33,390,630,578,4
2026-08-06 18:19:34,392,636,572,4
2026-08-06 18:19:35,390,632,579,4
2026-08-06 18:19:36,389,634,570,4
2026-08-06 18:19:37,389,632,579,4
2026-08-06 18:19:38,393,629,572,4
2026-08-06 18:19:39,392,627,579,4
2026-08-06 18:19:40,393,625,573,4
2026-08-06 18:19:41,392,633,567,4
2026-08-06 18:19:42,390,632,576,4
2026-08-06 18:19:43,389,629,566,4
2026-08-06 18:19:44,389,638,566,4
2026-08-06 18:19:45,391,633,577,4
2026-08-06 18:19:46,394,629,570,4
2026-08-06 18:19:47,391,626,573,4
2026-08-06 18:19:48,391,627,569,4
2026-08-06 18:19:49,394,631,574,4
2026-08-06 18:19:50,390,635,578,4
2026-08-06 18:19:51,391,632,577,4
2026-08-06 18:19:52,389,632,573,4
2026-08-06 18:19:53,393,630,572,4
2026-08-06 18:19:54,390,632,570,4
2026-08-06 18:19:55,392,633,576,4
2026-08-06 18:19:56,391,632,576,4
2026-08-06 18:19:57,393,629,570,4
2026-08-06 18:19:58,393,635,574,4
2026-08-06 18:19:59,390,631,572,4
2026-08-06 18:20:00,391,633,583,4
2026-08-06 18:20:01,391,632,577,4
2026-08-06 18:20:02,392,634,573,4
2026-08-06 18:20:03,396,634,577,4
2026-08-06 18:20:04,395,634,576,4
2026-08-06 18:20:05,391,629,576,4
2026-08-06 18:20:06,390,639,567,4
2026-08-06 18:20:07,395,632,566,4
2026-08-06 18:20:08,389,625,579,4
2026-08-06 18:20:09,392,634,566,4
2026-08-06 18:20:10,389,632,581,4
2026-08-06 18:20:11,393,636,570,4
2026-08-06 18:20:12,389,630,571,4
2026-08-06 18:20:13,392,629,574,4
2026-08-06 18:20:14,392,629,576,4
2026-08-06 18:20:15,391,635,575,4
2026-08-06 18:20:16,392,631,567,4
2026-08-06 18:20:17,393,632,575,4
2026-08-06 18:20:18,391,633,580,4
2026-08-06 18:20:19,392,631,571,4
2026-08-06 18:20:20,391,631,575,4
2026-08-06 18:20:21,392,633,570,4
2026-08-06 18:20:22,392,636,575,4
2026-08-06 18:20:23,387,632,569,4
2026-08-06 18:20:24,390,632,577,4
2026-08-06 18:20:25,392,627,579,4
2026-08-06 18:20:26,393,635,572,4
2026-08-06 18:20:27,392,625,573,4
2026-08-06 18:20:28,391,636,574,4
2026-08-06 18:20:29,393,635,571,4
2026-08-06 18:20:30,392,630,574,4
2026-08-06 18:20:31,391,633,567,4
2026-08-06 18:20:32,392,629,572,4
2026-08-06 18:20:33,393,632,580,4
2026-08-06 18:20:34,391,633,575,4
2026-08-06 18:20:36,392,631,579,4
2026-08-06 18:20:36,392,631,577,4
2026-08-06 18:20:37,391,632,576,4
2026-08-06 18:20:38,390,630,571,4
2026-08-06 18:20:39,390,632,577,4
2026-08-06 18:20:40,388,634,575,4
2026-08-06 18:20:41,391,634,579,4
2026-08-06 18:20:42,392,630,571,4
2026-08-06 18:20:43,391,633,580,4
2026-08-06 18:20:44,390,629,574,4
2026-08-06 18:20:45,391,631,573,4
2026-08-06 18:20:46,391,635,574,4
2026-08-06 18:20:47,389,633,572,4
2026-08-06 18:20:48,391,635,575,4
2026-08-06 18:20:49,392,627,570,4
2026-08-06 18:20:50,392,634,571,4
2026-08-06 18:20:51,391,630,576,4
2026-08-06 18:20:52,392,632,577,4
2026-08-06 18:20:53,390,630,576,4
2026-08-06 18:20:54,392,630,576,4
2026-08-06 18:20:55,391,633,575,4
2026-08-06 18:20:56,391,632,571,4
2026-08-06 18:20:57,391,636,574,4
2026-08-06 18:20:58,391,632,577,4
2026-08-06 18:20:59,394,629,577,4
2026-08-06 18:21:00,390,630,572,4
2026-08-06 18:21:01,392,632,577,4
2026-08-06 18:21:02,391,632,575,4
2026-08-06 18:21:03,392,632,571,4
2026-08-06 18:21:04,393,629,580,4
2026-08-06 18:21:05,391,634,572,4
2026-08-06 18:21:06,389,631,576,4
2026-08-06 18:21:07,391,632,579,4
2026-08-06 18:21:08,390,622,577,4
2026-08-06 18:21:09,391,627,575,4
2026-08-06 18:21:10,393,629,579,4
2026-08-06 18:21:11,391,632,577,4
2026-08-06 18:21:12,392,627,580,4
2026-08-06 18:21:13,391,635,580,4
2026-08-06 18:21:14,388,629,567,4
2026-08-06 18:21:15,393,631,578,4
2026-08-06 18:21:16,391,627,580,4
2026-08-06 18:21:17,394,632,570,4
2026-08-06 18:21:18,390,630,577,4
2026-08-06 18:21:19,394,643,579,4
2026-08-06 18:21:20,390,629,570,4
2026-08-06 18:21:21,391,629,579,4
2026-08-06 18:21:22,391,635,576,4
2026-08-06 18:21:23,395,633,575,4
2026-08-06 18:21:24,392,632,576,4
2026-08-06 18:21:25,392,630,576,4
2026-08-06 18:21:26,393,631,571,4
2026-08-06 18:21:27,391,628,574,4
2026-08-06 18:21:28,390,630,571,4
2026-08-06 18:21:29,394,629,577,4
2026-08-06 18:21:30,389,632,571,4
2026-08-06 18:21:31,391,633,585,4
2026-08-06 18:21:32,390,634,581,4
2026-08-06 18:21:33,390,626,573,4
2026-08-06 18:21:34,391,631,566,4
2026-08-06 18:21:35,394,630,573,4
2026-08-06 18:21:36,392,634,582,4
2026-08-06 18:21:37,391,632,577,4
2026-08-06 18:21:38,393,636,575,4
2026-08-06 18:21:39,391,631,573,4
2026-08-06 18:21:40,391,633,574,4
2026-08-06 18:21:41,393,628,575,4
2026-08-06 18:21:42,387,635,578,4
2026-08-06 18:21:43,391,633,574,4
2026-08-06 18:21:44,391,633,572,4
2026-08-06 18:21:45,391,636,576,4
2026-08-06 18:21:46,392,632,572,4
2026-08-06 18:21:47,392,631,575,4
2026-08-06 18:21:48,391,634,572,4
2026-08-06 18:21:49,390,630,577,4
2026-08-06 18:21:50,391,629,575,4
2026-08-06 18:21:51,391,629,579,4
2026-08-06 18:21:52,391,636,577,4
2026-08-06 18:21:53,390,630,574,4
2026-08-06 18:21:54,392,628,574,4
2026-08-06 18:21:55,391,634,577,4
2026-08-06 18:21:56,391,629,578,4
2026-08-06 18:21:57,394,629,573,4
2026-08-06 18:21:58,390,632,574,4
2026-08-06 18:21:59,390,629,574,4
2026-08-06 18:22:00,393,632,574,4
2026-08-06 18:22:01,390,632,571,4
2026-08-06 18:22:02,392,632,571,4
2026-08-06 18:22:03,390,636,568,4
2026-08-06 18:22:04,392,631,575,4
2026-08-06 18:22:05,393,629,571,4
2026-08-06 18:22:06,392,633,580,4
2026-08-06 18:22:07,397,632,582,4
2026-08-06 18:22:08,394,635,572,4
2026-08-06 18:22:09,395,629,582,4
2026-08-06 18:22:10,392,629,583,4
2026-08-06 18:22:11,390,630,574,4
2026-08-06 18:22:12,391,634,574,4
2026-08-06 18:22:13,392,635,569,4
2026-08-06 18:22:14,391,633,572,4
2026-08-06 18:22:15,390,625,571,4
2026-08-06 18:22:16,391,634,568,4
2026-08-06 18:22:17,393,628,573,4
2026-08-06 18:22:18,391,631,570,4
2026-08-06 18:22:19,392,636,570,4
2026-08-06 18:22:20,394,632,576,4
2026-08-06 18:22:21,395,628,573,4
2026-08-06 18:22:22,391,637,577,4
2026-08-06 18:22:23,393,631,578,4
2026-08-06 18:22:24,391,626,577,4
2026-08-06 18:22:25,389,634,582,4
2026-08-06 18:22:26,391,631,577,4
2026-08-06 18:22:27,392,628,579,4
2026-08-06 18:22:28,391,631,577,4
2026-08-06 18:22:29,389,632,580,4
2026-08-06 18:22:30,392,630,581,4
2026-08-06 18:22:31,392,631,575,4
2026-08-06 18:22:32,395,636,572,4
2026-08-06 18:22:33,387,634,575,4
2026-08-06 18:22:34,392,633,575,4
2026-08-06 18:22:35,393,631,574,4
2026-08-06 18:22:36,393,632,574,4
2026-08-06 18:22:37,390,625,567,4
2026-08-06 18:22:38,391,629,577,4
2026-08-06 18:22:39,392,631,577,4
2026-08-06 18:22:40,395,628,570,4
2026-08-06 18:22:41,393,632,574,4
2026-08-06 18:22:42,388,630,576,4
2026-08-06 18:22:43,393,628,576,4
2026-08-06 18:22:44,391,635,577,4
2026-08-06 18:22:45,390,634,579,4
2026-08-06 18:22:46,391,633,577,4
2026-08-06 18:22:47,390,632,577,4
2026-08-06 18:22:48,392,633,568,4
2026-08-06 18:22:49,392,630,575,4
2026-08-06 18:22:50,386,635,578,4
2026-08-06 18:22:51,393,631,575,4
2026-08-06 18:22:52,391,636,579,4
2026-08-06 18:22:53,391,632,570,4
2026-08-06 18:22:54,392,629,568,4
2026-08-06 18:22:55,389,635,568,4
2026-08-06 18:22:56,391,632,568,4
2026-08-06 18:22:57,393,629,572,4
2026-08-06 18:22:58,392,631,577,4
2026-08-06 18:22:59,391,628,576,4
2026-08-06 18:23:00,389,629,572,4
2026-08-06 18:23:01,390,626,575,4
2026-08-06 18:23:02,391,628,579,4
2026-08-06 18:23:03,393,631,568,4
2026-08-06 18:23:04,389,630,576,4
2026-08-06 18:23:05,391,632,573,4
2026-08-06 18:23:06,394,629,583,4
2026-08-06 18:23:07,389,630,568,4
2026-08-06 18:23:08,391,637,571,4
2026-08-06 18:23:09,391,629,579,4
2026-08-06 18:23:10,392,627,578,4
2026-08-06 18:23:11,393,631,575,4
2026-08-06 18:23:12,393,631,577,4
2026-08-06 18:23:13,391,634,574,4
2026-08-06 18:23:14,393,631,573,4
2026-08-06 18:23:15,391,628,573,4
2026-08-06 18:23:16,390,627,566,4
2026-08-06 18:23:17,390,632,576,4
2026-08-06 18:23:18,393,629,577,4
2026-08-06 18:23:19,392,635,572,4
2026-08-06 18:23:20,394,639,571,4
2026-08-06 18:23:21,391,629,571,4
2026-08-06 18:23:22,390,634,574,4
2026-08-06 18:23:23,393,631,569,4
2026-08-06 18:23:24,392,632,577,4
2026-08-06 18:23:25,392,632,576,4
2026-08-06 18:23:26,393,637,574,4
2026-08-06 18:23:27,392,629,574,4
2026-08-06 18:23:28,390,638,572,4
2026-08-06 18:23:29,392,631,573,4
2026-08-06 18:23:30,390,632,581,4
2026-08-06 18:23:31,393,631,572,4
2026-08-06 18:23:32,389,633,576,4
2026-08-06 18:23:33,391,632,570,4
2026-08-06 18:23:34,391,630,578,4
2026-08-06 18:23:35,392,632,579,4
2026-08-06 18:23:36,391,631,572,4
2026-08-06 18:23:37,392,633,567,4
2026-08-06 18:23:38,392,633,575,4
2026-08-06 18:23:39,393,632,574,4
2026-08-06 18:23:40,389,632,575,4
2026-08-06 18:23:41,390,632,578,4
2026-08-06 18:23:42,390,631,582,4
2026-08-06 18:23:43,391,633,576,4
2026-08-06 18:23:44,391,631,572,4
2026-08-06 18:23:45,390,634,573,4
2026-08-06 18:23:46,391,634,574,4
2026-08-06 18:23:47,391,631,582,4
2026-08-06 18:23:48,392,632,575,4
2026-08-06 18:23:49,391,633,577,4
2026-08-06 18:23:50,394,634,571,4
2026-08-06 18:23:51,391,635,572,4
2026-08-06 18:23:52,390,624,577,4
2026-08-06 18:23:53,393,630,571,4
2026-08-06 18:23:54,390,635,573,4
2026-08-06 18:23:55,387,633,576,4
2026-08-06 18:23:56,388,632,569,4
2026-08-06 18:23:57,392,640,569,4
2026-08-06 18:23:58,391,631,585,4
2026-08-06 18:23:59,387,634,579,4
2026-08-06 18:24:00,389,634,568,4
2026-08-06 18:24:01,391,632,577,4
2026-08-06 18:24:02,392,634,573,4
2026-08-06 18:24:03,392,632,576,4
2026-08-06 18:24:04,392,632,577,4
2026-08-06 18:24:05,390,634,577,4
2026-08-06 18:24:06,392,632,573,4
2026-08-06 18:24:07,391,634,576,4
2026-08-06 18:24:08,391,634,580,4
2026-08-06 18:24:09,390,632,576,4
2026-08-06 18:24:10,391,635,573,4
2026-08-06 18:24:11,392,628,576,4
2026-08-06 18:24:12,392,633,572,4
2026-08-06 18:24:13,391,633,582,4
2026-08-06 18:24:14,391,630,567,4
2026-08-06 18:24:15,391,637,581,4
2026-08-06 18:24:16,391,630,577,4
2026-08-06 18:24:17,389,630,582,4
2026-08-06 18:24:18,392,632,571,4
2026-08-06 18:24:19,388,632,582,4
2026-08-06 18:24:20,389,634,572,4
2026-08-06 18:24:21,390,627,576,4
2026-08-06 18:24:22,396,634,567,4
2026-08-06 18:24:23,391,631,576,4
2026-08-06 18:24:24,389,633,581,4
2026-08-06 18:24:25,390,633,574,4
2026-08-06 18:24:26,390,632,574,4
2026-08-06 18:24:27,391,631,570,4
2026-08-06 18:24:28,392,632,575,4
2026-08-06 18:24:29,389,632,575,4
2026-08-06 18:24:30,390,637,570,4
2026-08-06 18:24:31,393,629,576,4
2026-08-06 18:24:32,390,632,579,4
2026-08-06 18:24:33,391,631,576,4
2026-08-06 18:24:34,392,637,569,4
2026-08-06 18:24:35,393,630,568,4
2026-08-06 18:24:36,391,632,568,4
2026-08-06 18:24:37,389,626,583,4
2026-08-06 18:24:38,391,635,576,4
2026-08-06 18:24:39,390,631,564,4
2026-08-06 18:24:40,392,629,576,4
2026-08-06 18:24:41,390,628,574,4
2026-08-06 18:24:42,392,627,575,4
2026-08-06 18:24:43,393,636,570,4
2026-08-06 18:24:44,392,632,571,4
2026-08-06 18:24:45,390,635,576,4
2026-08-06 18:24:46,391,631,576,4
2026-08-06 18:24:47,390,628,577,4
2026-08-06 18:24:48,391,630,570,4
2026-08-06 18:24:49,390,635,576,4
2026-08-06 18:24:50,390,632,576,4
2026-08-06 18:24:51,392,628,575,4
2026-08-06 18:24:52,391,631,571,4
2026-08-06 18:24:53,391,633,577,4
2026-08-06 18:24:54,389,637,571,4
2026-08-06 18:24:55,391,631,566,4
2026-08-06 18:24:56,390,631,569,4
2026-08-06 18:24:57,393,634,572,4
2026-08-06 18:24:58,394,630,581,4
2026-08-06 18:24:59,388,633,574,4
2026-08-06 18:25:00,392,628,579,4
2026-08-06 18:25:01,394,635,574,4
2026-08-06 18:25:02,390,636,573,4
2026-08-06 18:25:03,390,633,572,4
2026-08-06 18:25:04,391,637,575,4
2026-08-06 18:25:05,393,629,576,4
2026-08-06 18:25:06,393,635,571,4
2026-08-06 18:25:07,394,631,576,4
2026-08-06 18:25:08,392,627,578,4
2026-08-06 18:25:09,386,631,575,4
2026-08-06 18:25:10,390,636,580,4
2026-08-06 18:25:11,391,632,571,4
2026-08-06 18:25:12,391,630,577,4
2026-08-06 18:25:13,390,632,573,4
2026-08-06 18:25:14,390,634,572,4
2026-08-06 18:25:15,390,634,576,4
2026-08-06 18:25:16,393,634,574,4
2026-08-06 18:25:17,396,630,572,4
2026-08-06 18:25:18,392,634,569,4
2026-08-06 18:25:19,392,630,576,4
2026-08-06 18:25:20,389,636,571,4
2026-08-06 18:25:21,391,633,563,4
2026-08-06 18:25:22,389,634,570,4
2026-08-06 18:25:23,391,631,578,4
2026-08-06 18:25:24,391,632,575,4
2026-08-06 18:25:25,393,631,572,4
2026-08-06 18:25:26,391,631,570,4
2026-08-06 18:25:27,394,630,569,4
2026-08-06 18:25:28,390,633,574,4
2026-08-06 18:25:29,390,632,576,4
2026-08-06 18:25:30,391,633,571,4
2026-08-06 18:25:31,393,630,569,4
2026-08-06 18:25:32,391,633,575,4
2026-08-06 18:25:33,391,631,578,4
2026-08-06 18:25:34,392,635,575,4
2026-08-06 18:25:35,391,634,573,4
2026-08-06 18:25:36,391,628,571,4
2026-08-06 18:25:37,391,635,573,4
2026-08-06 18:25:38,393,631,576,4
2026-08-06 18:25:39,392,635,571,4
2026-08-06 18:25:40,389,630,569,4
2026-08-06 18:25:41,391,631,571,4
2026-08-06 18:25:42,392,632,573,4
2026-08-06 18:25:43,390,633,573,4
2026-08-06 18:25:44,394,626,572,4
2026-08-06 18:25:45,392,630,571,4
2026-08-06 18:25:46,392,632,570,4
2026-08-06 18:25:47,390,629,580,4
2026-08-06 18:25:48,391,631,573,4
2026-08-06 18:25:49,392,636,576,4
2026-08-06 18:25:50,390,635,576,4
2026-08-06 18:25:51,389,632,576,4
2026-08-06 18:25:54,392,636,569,4
2026-08-06 18:25:54,392,636,580,4
2026-08-06 18:25:54,392,632,571,4
2026-08-06 18:25:55,393,631,572,4
2026-08-06 18:25:56,391,627,573,4
2026-08-06 18:25:57,391,633,575,4
2026-08-06 18:25:58,391,633,569,4
2026-08-06 18:25:59,392,630,577,4
2026-08-06 18:26:00,387,629,587,4
2026-08-06 18:26:01,393,636,569,4
2026-08-06 18:26:02,389,633,573,4
2026-08-06 18:26:03,392,635,569,4
2026-08-06 18:26:04,391,629,575,4
2026-08-06 18:26:05,391,631,572,4
2026-08-06 18:26:06,393,632,573,4
2026-08-06 18:26:07,393,632,570,4
2026-08-06 18:26:08,391,636,568,4
2026-08-06 18:26:09,393,632,569,4
2026-08-06 18:26:10,390,631,569,4
2026-08-06 18:26:11,390,637,577,4
2026-08-06 18:26:12,389,634,577,4
2026-08-06 18:26:13,393,634,579,4
2026-08-06 18:26:14,391,630,568,4
2026-08-06 18:26:15,391,640,573,4
2026-08-06 18:26:16,392,635,575,4
2026-08-06 18:26:17,391,633,571,4
2026-08-06 18:26:18,391,635,574,4
2026-08-06 18:26:19,392,631,580,4
2026-08-06 18:26:20,392,632,575,4
2026-08-06 18:26:21,390,631,570,4
2026-08-06 18:26:22,393,632,571,4
2026-08-06 18:26:23,392,628,566,4
2026-08-06 18:26:24,394,632,579,4
2026-08-06 18:26:25,391,631,577,4
2026-08-06 18:26:26,393,632,573,4
2026-08-06 18:26:27,391,634,566,4
2026-08-06 18:26:28,390,632,579,4
2026-08-06 18:26:29,392,636,575,4
2026-08-06 18:26:30,391,633,576,4
2026-08-06 18:26:31,388,633,582,4
2026-08-06 18:26:32,392,635,574,4
2026-08-06 18:26:33,391,631,578,4
2026-08-06 18:26:35,390,633,563,4
2026-08-06 18:26:35,393,634,572,4
2026-08-06 18:26:36,390,635,573,4
2026-08-06 18:26:37,391,635,571,4
2026-08-06 18:26:38,390,632,574,4
2026-08-06 18:26:39,391,632,576,4
2026-08-06 18:26:40,389,630,586,4
2026-08-06 18:26:41,393,629,575,4
2026-08-06 18:26:42,389,628,577,4
2026-08-06 18:26:43,392,628,569,4
2026-08-06 18:26:44,391,632,572,4
2026-08-06 18:26:45,391,626,577,4
2026-08-06 18:26:46,393,629,577,4
2026-08-06 18:26:47,392,633,570,4
2026-08-06 18:26:48,392,634,571,4
2026-08-06 18:26:49,391,630,571,4
2026-08-06 18:26:50,390,628,577,4
2026-08-06 18:26:51,392,633,573,4
2026-08-06 18:26:52,392,631,584,4
2026-08-06 18:26:53,395,627,571,4
2026-08-06 18:26:54,391,632,576,4
2026-08-06 18:26:55,389,636,580,4
2026-08-06 18:26:56,391,636,578,4
2026-08-06 18:26:57,390,629,572,4
2026-08-06 18:26:58,391,630,573,4
2026-08-06 18:26:59,391,633,577,4
2026-08-06 18:27:00,391,633,576,4
2026-08-06 18:27:01,391,629,571,4
2026-08-06 18:27:02,392,633,575,4
2026-08-06 18:27:03,390,635,570,4
2026-08-06 18:27:04,391,632,569,4
2026-08-06 18:27:05,393,632,579,4
2026-08-06 18:27:06,391,634,578,4
2026-08-06 18:27:07,391,633,576,4
2026-08-06 18:27:08,392,629,581,4
2026-08-06 18:27:09,391,629,570,4
2026-08-06 18:27:10,393,632,576,4
2026-08-06 18:27:11,392,631,571,4
2026-08-06 18:27:12,391,633,576,4
2026-08-06 18:27:13,389,637,577,4
2026-08-06 18:27:14,392,633,573,4
2026-08-06 18:27:15,391,633,574,4
2026-08-06 18:27:16,393,633,568,4
2026-08-06 18:27:17,391,631,570,4
2026-08-06 18:27:18,391,633,575,4
2026-08-06 18:27:19,389,633,567,4
2026-08-06 18:27:20,391,634,577,4
2026-08-06 18:27:21,391,630,575,4
2026-08-06 18:27:22,392,633,572,4
2026-08-06 18:27:23,390,634,573,4
2026-08-06 18:27:24,391,629,570,4
2026-08-06 18:27:25,391,626,576,4
2026-08-06 18:27:26,392,634,579,4
2026-08-06 18:27:27,391,632,573,4
2026-08-06 18:27:28,390,637,583,4
2026-08-06 18:27:29,390,630,571,4
2026-08-06 18:27:30,391,630,576,4
2026-08-06 18:27:31,389,631,570,4
2026-08-06 18:27:32,392,632,577,4
2026-08-06 18:27:33,392,627,571,4
2026-08-06 18:27:34,391,637,578,4
2026-08-06 18:27:35,392,630,573,4
2026-08-06 18:27:36,390,625,573,4
2026-08-06 18:27:37,391,630,565,4
2026-08-06 18:27:38,390,633,574,4
2026-08-06 18:27:39,391,631,573,4
2026-08-06 18:27:40,391,639,569,4
2026-08-06 18:27:41,391,633,570,4
2026-08-06 18:27:42,391,630,573,4
2026-08-06 18:27:43,389,630,576,4
2026-08-06 18:27:44,393,636,568,4
2026-08-06 18:27:45,393,627,580,4
2026-08-06 18:27:46,390,632,575,4
2026-08-06 18:27:47,391,629,573,4
2026-08-06 18:27:48,391,633,571,4
2026-08-06 18:27:49,392,634,579,4
2026-08-06 18:27:50,391,632,573,4
2026-08-06 18:27:51,391,629,577,4
2026-08-06 18:27:52,392,632,574,4
2026-08-06 18:27:53,388,634,572,4
2026-08-06 18:27:54,393,636,577,4
2026-08-06 18:27:55,390,632,574,4
2026-08-06 18:27:56,391,631,573,4
2026-08-06 18:27:57,394,632,574,4
2026-08-06 18:27:58,391,632,573,4
2026-08-06 18:27:59,392,633,573,4
2026-08-06 18:28:00,392,632,572,4
2026-08-06 18:28:01,394,632,575,4
2026-08-06 18:28:02,391,632,570,4
2026-08-06 18:28:03,391,637,574,4
2026-08-06 18:28:04,391,632,577,4
2026-08-06 18:28:05,390,627,577,4
2026-08-06 18:28:06,392,629,577,4
2026-08-06 18:28:07,389,631,580,4
2026-08-06 18:28:08,392,631,574,4
2026-08-06 18:28:09,391,628,578,4
2026-08-06 18:28:10,391,634,570,4
2026-08-06 18:28:11,390,637,574,4
2026-08-06 18:28:12,389,632,573,4
2026-08-06 18:28:13,391,626,572,4
2026-08-06 18:28:14,392,635,576,4
2026-08-06 18:28:15,390,640,573,4
2026-08-06 18:28:16,394,631,576,4
2026-08-06 18:28:17,392,636,580,4
2026-08-06 18:28:18,394,633,568,4
2026-08-06 18:28:19,394,633,578,4
2026-08-06 18:28:20,389,627,568,4
2026-08-06 18:28:21,392,632,568,4
2026-08-06 18:28:22,390,632,572,4
2026-08-06 18:28:23,391,631,574,4
2026-08-06 18:28:24,393,629,577,4
2026-08-06 18:28:25,392,628,570,4
2026-08-06 18:28:26,392,632,576,4
2026-08-06 18:28:27,391,630,581,4
2026-08-06 18:28:28,391,636,567,4
2026-08-06 18:28:29,390,631,568,4
2026-08-06 18:28:30,394,635,568,4
2026-08-06 18:28:31,390,639,574,4
2026-08-06 18:28:32,389,630,566,4
2026-08-06 18:28:33,393,633,569,4
2026-08-06 18:28:34,390,632,577,4
2026-08-06 18:28:35,390,628,579,4
2026-08-06 18:28:36,390,628,578,4
2026-08-06 18:28:37,394,636,575,4
2026-08-06 18:28:38,390,635,585,4
2026-08-06 18:28:39,391,631,576,4
2026-08-06 18:28:40,393,640,572,4
2026-08-06 18:28:41,391,639,574,4
2026-08-06 18:28:42,391,631,576,4
2026-08-06 18:28:43,390,637,578,4
2026-08-06 18:28:44,390,634,564,4
2026-08-06 18:28:45,391,629,571,4
2026-08-06 18:28:46,391,630,580,4
2026-08-06 18:28:47,393,628,574,4
2026-08-06 18:28:48,389,632,571,4
2026-08-06 18:28:49,390,638,575,4
2026-08-06 18:28:50,390,635,570,4
2026-08-06 18:28:51,391,632,571,4
2026-08-06 18:28:52,393,634,571,4
2026-08-06 18:28:53,389,635,575,4
2026-08-06 18:28:54,393,634,578,4
2026-08-06 18:28:55,390,628,574,4
2026-08-06 18:28:56,391,633,574,4
2026-08-06 18:28:57,393,637,580,4
2026-08-06 18:28:58,391,632,575,4
2026-08-06 18:28:59,393,636,573,4
2026-08-06 18:29:00,389,635,571,4
2026-08-06 18:29:01,390,633,572,4
2026-08-06 18:29:02,390,634,572,4
2026-08-06 18:29:03,393,634,578,4
2026-08-06 18:29:04,389,636,570,4
2026-08-06 18:29:05,390,628,574,4
2026-08-06 18:29:06,391,630,581,4
2026-08-06 18:29:07,389,633,571,4
2026-08-06 18:29:08,390,638,573,4
2026-08-06 18:29:09,390,634,576,4
2026-08-06 18:29:10,392,635,572,4
2026-08-06 18:29:11,391,633,575,4
2026-08-06 18:29:12,393,632,575,4
2026-08-06 18:29:13,391,630,577,4
2026-08-06 18:29:14,391,629,566,4
2026-08-06 18:29:15,390,628,574,4
2026-08-06 18:29:16,392,630,569,4
2026-08-06 18:29:17,390,635,578,4
2026-08-06 18:29:18,392,633,573,4
2026-08-06 18:29:19,391,628,578,4
2026-08-06 18:29:20,391,634,579,4
2026-08-06 18:29:21,393,631,574,4
2026-08-06 18:29:22,389,631,575,4
2026-08-06 18:29:23,391,630,570,4
2026-08-06 18:29:24,390,632,573,4
2026-08-06 18:29:25,392,629,576,4
2026-08-06 18:29:26,388,630,574,4
2026-08-06 18:29:27,390,634,575,4
2026-08-06 18:29:28,392,632,571,4
2026-08-06 18:29:29,392,630,573,4
2026-08-06 18:29:30,390,630,572,4
2026-08-06 18:29:31,393,630,572,4
2026-08-06 18:29:32,391,630,570,4
2026-08-06 18:29:33,392,639,576,4
2026-08-06 18:29:34,391,633,573,4
2026-08-06 18:29:35,392,632,574,4
2026-08-06 18:29:36,393,631,578,4
2026-08-06 18:29:37,395,632,575,4
2026-08-06 18:29:38,391,631,583,4
2026-08-06 18:29:39,393,633,572,4
2026-08-06 18:29:40,392,633,579,4
2026-08-06 18:29:41,390,630,579,4
2026-08-06 18:29:42,391,632,567,4
2026-08-06 18:29:43,389,634,573,4
2026-08-06 18:29:44,391,629,576,4
2026-08-06 18:29:45,392,627,568,4
2026-08-06 18:29:46,392,630,574,4
2026-08-06 18:29:47,391,627,580,4
2026-08-06 18:29:48,394,629,575,4
2026-08-06 18:29:49,388,636,574,4
2026-08-06 18:29:50,395,637,571,4
2026-08-06 18:29:51,393,631,585,4
2026-08-06 18:29:52,391,637,565,4
2026-08-06 18:29:53,391,631,577,4
2026-08-06 18:29:54,391,634,580,4
2026-08-06 18:29:55,391,633,575,4
2026-08-06 18:29:56,389,638,583,4
2026-08-06 18:30:19,388,633,576,4
2026-08-06 18:30:19,390,630,574,4
2026-08-06 18:30:19,392,635,565,4
2026-08-06 18:30:19,390,635,572,4
2026-08-06 18:30:19,391,632,575,4
2026-08-06 18:30:19,392,632,574,4
2026-08-06 18:30:19,393,628,575,4
2026-08-06 18:30:19,392,632,575,4
2026-08-06 18:30:19,396,635,566,4
2026-08-06 18:30:19,391,632,574,4
2026-08-06 18:30:19,391,627,584,4
2026-08-06 18:30:19,392,631,568,4
2026-08-06 18:30:19,390,633,572,4
2026-08-06 18:30:19,392,631,577,4
2026-08-06 18:30:19,392,631,567,4
2026-08-06 18:30:19,390,630,579,4
2026-08-06 18:30:19,389,632,567,4
2026-08-06 18:30:19,392,632,574,4
2026-08-06 18:30:19,392,631,573,4
2026-08-06 18:30:19,391,639,586,4
2026-08-06 18:30:19,392,635,581,4
2026-08-06 18:30:19,391,633,569,4
2026-08-06 18:30:19,393,632,570,4
2026-08-06 18:30:20,392,634,576,4
2026-08-06 18:30:21,390,634,575,4
2026-08-06 18:30:22,389,642,577,4
2026-08-06 18:30:23,391,630,576,4
2026-08-06 18:30:24,391,631,581,4
2026-08-06 18:30:25,393,632,575,4
2026-08-06 18:30:26,388,629,575,4
2026-08-06 18:30:27,391,633,576,4
2026-08-06 18:30:28,391,633,576,4
2026-08-06 18:30:29,390,635,571,4
2026-08-06 18:30:30,393,629,578,4
2026-08-06 18:30:31,391,635,576,4
2026-08-06 18:30:32,390,630,577,4
2026-08-06 18:30:33,391,632,581,4
2026-08-06 18:30:34,392,630,574,4
2026-08-06 18:30:35,392,633,572,4
2026-08-06 18:30:36,395,623,579,4
2026-08-06 18:30:37,391,634,573,4
2026-08-06 18:30:38,393,639,574,4
2026-08-06 18:30:39,390,627,574,4
2026-08-06 18:30:40,392,632,569,4
2026-08-06 18:30:41,394,632,575,4
2026-08-06 18:30:42,392,629,570,4
2026-08-06 18:30:43,390,631,577,4
2026-08-06 18:30:44,392,630,571,4
2026-08-06 18:30:45,390,637,572,4
2026-08-06 18:30:46,392,634,578,4
2026-08-06 18:30:47,394,636,573,4
2026-08-06 18:30:48,394,634,578,4
2026-08-06 18:30:49,391,632,571,4
2026-08-06 18:30:50,391,632,575,4
2026-08-06 18:30:51,391,636,578,4
2026-08-06 18:30:52,391,632,571,4
2026-08-06 18:30:53,390,636,569,4
2026-08-06 18:30:54,393,636,572,4
2026-08-06 18:30:55,393,628,580,4
2026-08-06 18:30:56,390,637,573,4
2026-08-06 18:30:57,393,633,581,4
2026-08-06 18:30:58,390,636,581,4
2026-08-06 18:30:59,391,633,566,4
2026-08-06 18:31:00,390,637,579,4
2026-08-06 18:31:01,392,635,581,4
2026-08-06 18:31:02,391,635,573,4
2026-08-06 18:31:03,390,633,568,4
2026-08-06 18:31:04,391,636,579,4
2026-08-06 18:31:05,392,630,579,4
2026-08-06 18:31:06,391,633,574,4
2026-08-06 18:31:07,391,633,576,4
2026-08-06 18:31:08,392,632,571,4
2026-08-06 18:31:09,391,630,568,4
2026-08-06 18:31:10,391,633,577,4
2026-08-06 18:31:11,392,632,577,4
2026-08-06 18:31:12,392,630,568,4
2026-08-06 18:31:13,390,634,572,4
2026-08-06 18:31:14,393,633,579,4
2026-08-06 18:31:15,392,631,577,4
2026-08-06 18:31:16,390,630,579,4
2026-08-06 18:31:17,390,633,577,4
2026-08-06 18:31:18,393,633,570,4
2026-08-06 18:31:19,392,629,576,4
2026-08-06 18:31:20,391,638,570,4
2026-08-06 18:31:21,391,632,578,4
2026-08-06 18:31:22,390,635,577,4
2026-08-06 18:31:23,392,636,574,4
2026-08-06 18:31:24,391,629,571,4
2026-08-06 18:31:25,391,632,575,4
2026-08-06 18:31:26,390,632,574,4
2026-08-06 18:31:27,389,633,577,4
2026-08-06 18:31:28,391,630,568,4
2026-08-06 18:31:29,391,635,577,4
2026-08-06 18:31:30,392,634,578,4
2026-08-06 18:31:31,391,634,576,4
2026-08-06 18:31:32,392,630,576,4
2026-08-06 18:31:33,391,626,583,4
2026-08-06 18:31:34,393,634,569,4
2026-08-06 18:31:35,392,627,581,4
2026-08-06 18:31:36,394,632,572,4
2026-08-06 18:31:37,391,635,575,4
2026-08-06 18:31:38,389,631,578,4
2026-08-06 18:31:39,389,635,578,4
2026-08-06 18:31:40,391,637,571,4
2026-08-06 18:31:41,392,636,573,4
2026-08-06 18:31:42,391,633,576,4
2026-08-06 18:31:43,393,635,584,4
2026-08-06 18:31:44,390,627,580,4
2026-08-06 18:31:45,390,635,585,4
2026-08-06 18:31:46,392,632,571,4
2026-08-06 18:31:47,391,629,578,4
2026-08-06 18:31:48,390,630,570,4
2026-08-06 18:31:49,392,633,573,4
2026-08-06 18:31:50,389,630,572,4
2026-08-06 18:31:51,392,631,573,4
2026-08-06 18:31:52,389,633,580,4
2026-08-06 18:31:53,391,633,572,4
2026-08-06 18:31:54,392,627,573,4
2026-08-06 18:31:55,391,637,574,4
2026-08-06 18:31:56,391,636,569,4
2026-08-06 18:31:57,391,631,577,4
2026-08-06 18:31:58,392,644,580,4
2026-08-06 18:31:59,391,635,571,4
2026-08-06 18:32:00,391,636,575,4
2026-08-06 18:32:01,388,628,571,4
2026-08-06 18:32:02,392,628,578,4
2026-08-06 18:32:03,391,629,570,4
2026-08-06 18:32:04,392,634,577,4
2026-08-06 18:32:05,391,635,580,4
2026-08-06 18:32:06,390,631,578,4
2026-08-06 18:32:07,393,632,570,4
2026-08-06 18:32:08,390,635,569,4
2026-08-06 18:32:09,392,638,578,4
2026-08-06 18:32:10,390,630,577,4
2026-08-06 18:32:11,390,635,573,4
2026-08-06 18:32:12,389,635,577,4
2026-08-06 18:32:13,390,630,568,4
2026-08-06 18:32:14,392,629,566,4
2026-08-06 18:32:15,392,628,577,4
2026-08-06 18:32:16,389,630,572,4
2026-08-06 18:32:17,392,638,573,4
2026-08-06 18:32:18,392,633,572,4
2026-08-06 18:32:19,392,634,576,4
2026-08-06 18:32:20,390,633,577,4
2026-08-06 18:32:21,393,633,573,4
2026-08-06 18:32:22,393,625,569,4
2026-08-06 18:32:23,392,631,571,4
2026-08-06 18:32:24,391,629,573,4
2026-08-06 18:32:25,393,635,575,4
2026-08-06 18:32:26,392,630,570,4
2026-08-06 18:32:27,389,644,570,4
2026-08-06 18:32:28,391,639,576,4
2026-08-06 18:32:29,389,630,571,4
2026-08-06 18:32:30,388,638,570,4
2026-08-06 18:32:31,393,639,574,4
2026-08-06 18:32:32,390,628,575,4
2026-08-06 18:32:33,391,631,573,4
2026-08-06 18:32:34,387,633,568,4
2026-08-06 18:32:35,391,630,574,4
2026-08-06 18:32:36,394,634,573,4
2026-08-06 18:32:37,391,630,577,4
2026-08-06 18:32:38,391,634,567,4
2026-08-06 18:32:39,391,639,570,4
2026-08-06 18:32:40,389,630,574,4
2026-08-06 18:32:41,390,625,569,4
2026-08-06 18:32:42,392,625,573,4
2026-08-06 18:32:43,391,626,579,4
2026-08-06 18:32:44,392,627,577,4
2026-08-06 18:32:45,393,628,569,4
2026-08-06 18:32:46,392,640,577,4
2026-08-06 18:32:47,390,628,576,4
2026-08-06 18:32:48,389,632,577,4
2026-08-06 18:32:49,390,624,567,4
2026-08-06 18:32:50,391,635,574,4
2026-08-06 18:32:51,391,635,574,4
2026-08-06 18:32:52,391,632,578,4
2026-08-06 18:32:53,392,634,573,4
2026-08-06 18:32:54,393,634,577,4
2026-08-06 18:32:55,392,634,576,4
2026-08-06 18:32:56,392,634,578,4
2026-08-06 18:32:57,394,634,576,4
2026-08-06 18:32:58,392,627,569,4
2026-08-06 18:32:59,392,629,575,4
2026-08-06 18:33:00,392,629,569,4
2026-08-06 18:33:01,393,632,575,4
2026-08-06 18:33:02,390,630,573,4
2026-08-06 18:33:03,392,634,575,4
2026-08-06 18:33:04,391,622,569,4
2026-08-06 18:33:05,392,630,567,4
2026-08-06 18:33:06,393,638,578,4
2026-08-06 18:33:07,392,631,579,4
2026-08-06 18:33:08,391,631,573,4
2026-08-06 18:33:09,392,641,573,4
2026-08-06 18:33:10,391,632,574,4
2026-08-06 18:33:11,392,639,579,4
2026-08-06 18:33:12,392,630,581,4
2026-08-06 18:33:13,391,629,574,4
2026-08-06 18:33:14,394,635,569,4
2026-08-06 18:33:15,390,626,582,4
2026-08-06 18:33:16,391,627,575,4
2026-08-06 18:33:17,391,638,574,4
2026-08-06 18:33:18,390,635,574,4
2026-08-06 18:33:19,388,637,568,4
2026-08-06 18:33:20,390,617,581,4
2026-08-06 18:33:21,389,640,568,4
2026-08-06 18:33:22,390,646,570,4
2026-08-06 18:33:23,391,620,581,4
2026-08-06 18:33:24,391,626,568,4
2026-08-06 18:33:25,389,634,577,4
2026-08-06 18:33:26,389,636,566,4
2026-08-06 18:33:27,389,638,575,4
2026-08-06 18:33:28,391,631,569,4
2026-08-06 18:33:29,389,631,573,4
2026-08-06 18:33:30,389,632,571,4
2026-08-06 18:33:31,391,629,578,4
2026-08-06 18:33:32,389,635,574,4
2026-08-06 18:33:33,392,638,570,4
2026-08-06 18:33:34,389,632,578,4
2026-08-06 18:33:35,389,624,582,4
2026-08-06 18:33:36,391,640,580,4
2026-08-06 18:33:37,392,631,565,4
2026-08-06 18:33:38,391,644,570,4
2026-08-06 18:33:39,391,634,563,4
2026-08-06 18:33:40,392,641,586,4
2026-08-06 18:33:41,389,623,579,4
2026-08-06 18:33:42,391,627,572,4
2026-08-06 18:33:43,393,635,573,4
2026-08-06 18:33:44,392,623,575,4
2026-08-06 18:33:45,394,633,577,4
2026-08-06 18:33:46,392,632,568,4
2026-08-06 18:33:47,392,630,572,4
2026-08-06 18:33:48,389,632,575,4
2026-08-06 18:33:49,390,630,568,4
2026-08-06 18:33:50,390,631,573,4
2026-08-06 18:33:51,391,635,574,4
2026-08-06 18:33:52,392,634,577,4
2026-08-06 18:33:53,391,635,571,4
2026-08-06 18:33:54,391,629,573,4
2026-08-06 18:33:55,392,624,576,4
2026-08-06 18:33:56,394,629,581,4
2026-08-06 18:33:57,390,632,564,4
2026-08-06 18:33:58,390,633,577,4
2026-08-06 18:33:59,392,636,569,4
2026-08-06 18:34:00,390,628,572,4
2026-08-06 18:34:01,390,630,577,4
2026-08-06 18:34:02,391,632,574,4
2026-08-06 18:34:03,392,643,572,4
2026-08-06 18:34:04,388,632,579,4
2026-08-06 18:34:05,390,635,578,4
2026-08-06 18:34:06,393,629,573,4
2026-08-06 18:34:07,389,629,575,4
2026-08-06 18:34:08,392,624,569,4
2026-08-06 18:34:09,391,633,571,4
2026-08-06 18:34:10,391,637,577,4
2026-08-06 18:34:11,390,639,571,4
2026-08-06 18:34:12,391,627,578,4
2026-08-06 18:34:13,389,630,578,4
2026-08-06 18:34:14,392,635,576,4
2026-08-06 18:34:15,390,635,579,4
2026-08-06 18:34:16,393,630,571,4
2026-08-06 18:34:17,391,637,572,4
2026-08-06 18:34:18,391,625,574,4
2026-08-06 18:34:19,395,643,569,4
2026-08-06 18:34:20,392,634,579,4
2026-08-06 18:34:21,390,632,571,4
2026-08-06 18:34:22,390,637,570,4
2026-08-06 18:34:23,392,633,573,4
2026-08-06 18:34:24,391,635,569,4
2026-08-06 18:34:25,390,636,576,4
2026-08-06 18:34:26,391,636,571,4
2026-08-06 18:34:27,391,637,575,4
2026-08-06 18:34:28,392,630,569,4
2026-08-06 18:34:29,391,636,566,4
2026-08-06 18:34:30,390,633,567,4
2026-08-06 18:34:31,392,628,576,4
2026-08-06 18:34:32,392,638,574,4
2026-08-06 18:34:33,393,630,577,4
2026-08-06 18:34:34,391,631,579,4
2026-08-06 18:34:35,392,633,565,4
2026-08-06 18:34:36,392,627,586,4
2026-08-06 18:34:37,390,633,571,4
2026-08-06 18:34:38,390,631,577,4
2026-08-06 18:34:39,394,630,577,4
2026-08-06 18:34:40,391,635,577,4
2026-08-06 18:34:41,392,632,580,4
2026-08-06 18:34:42,389,630,578,4
2026-08-06 18:34:43,393,632,581,4
2026-08-06 18:34:44,391,631,573,4
2026-08-06 18:34:45,389,636,574,4
2026-08-06 18:34:46,390,630,570,4
2026-08-06 18:34:47,391,630,566,4
2026-08-06 18:34:48,391,633,575,4
2026-08-06 18:34:49,392,633,575,4
2026-08-06 18:34:50,391,633,579,4
2026-08-06 18:34:51,391,632,578,4
2026-08-06 18:34:52,391,630,577,4
2026-08-06 18:34:53,391,637,574,4
2026-08-06 18:34:54,393,634,573,4
2026-08-06 18:34:55,391,634,574,4
2026-08-06 18:34:56,389,637,573,4
2026-08-06 18:34:57,391,631,573,4
2026-08-06 18:34:58,392,633,573,4
2026-08-06 18:34:59,393,639,576,4
2026-08-06 18:35:00,391,633,569,4
2026-08-06 18:35:01,390,629,577,4
2026-08-06 18:35:02,390,631,570,4
2026-08-06 18:35:03,390,635,574,4
2026-08-06 18:35:04,391,635,569,4
2026-08-06 18:35:05,391,631,577,4
2026-08-06 18:35:06,390,630,571,4
2026-08-06 18:35:07,392,633,578,4
2026-08-06 18:35:08,391,632,576,4
2026-08-06 18:35:09,389,635,577,4
2026-08-06 18:35:10,390,642,574,4
2026-08-06 18:35:11,390,635,573,4
2026-08-06 18:35:12,391,636,570,4
2026-08-06 18:35:13,391,628,578,4
2026-08-06 18:35:14,391,639,580,4
2026-08-06 18:35:15,390,635,578,4
2026-08-06 18:35:16,389,629,578,4
2026-08-06 18:35:17,392,629,571,4
2026-08-06 18:35:18,392,630,574,4
2026-08-06 18:35:19,391,637,577,4
2026-08-06 18:35:20,392,631,578,4
2026-08-06 18:35:21,391,637,571,4
2026-08-06 18:35:22,391,629,575,4
2026-08-06 18:35:23,391,635,571,4
2026-08-06 18:35:24,393,624,569,4
2026-08-06 18:35:25,390,634,568,4
2026-08-06 18:35:26,393,626,575,4
2026-08-06 18:35:27,390,642,580,4
2026-08-06 18:35:28,388,624,570,4
2026-08-06 18:35:29,395,630,577,4
2026-08-06 18:35:30,390,632,575,4
2026-08-06 18:35:31,389,632,577,4
2026-08-06 18:35:32,392,636,567,4
2026-08-06 18:35:33,392,633,576,4
2026-08-06 18:35:34,393,631,573,4
2026-08-06 18:35:35,390,634,572,4
2026-08-06 18:35:36,392,630,581,4
2026-08-06 18:35:37,389,633,572,4
2026-08-06 18:35:38,393,635,568,4
2026-08-06 18:35:39,393,630,576,4
2026-08-06 18:35:40,391,638,573,4
2026-08-06 18:35:41,389,635,581,4
2026-08-06 18:35:42,390,635,579,4
2026-08-06 18:35:43,393,631,575,4
2026-08-06 18:35:44,392,633,574,4
2026-08-06 18:35:45,393,636,576,4
2026-08-06 18:35:46,390,632,575,4
2026-08-06 18:35:47,391,634,575,4
2026-08-06 18:35:48,392,631,570,4
2026-08-06 18:35:49,392,627,569,4
2026-08-06 18:35:50,390,632,569,4
2026-08-06 18:35:51,393,635,571,4
2026-08-06 18:35:52,391,631,582,4
2026-08-06 18:35:53,391,631,574,4
2026-08-06 18:35:54,391,634,569,4
2026-08-06 18:35:55,389,635,575,4
2026-08-06 18:35:56,392,630,574,4
2026-08-06 18:35:57,391,628,577,4
2026-08-06 18:35:58,386,629,578,4
2026-08-06 18:35:59,394,639,570,4
2026-08-06 18:36:00,389,632,576,4
2026-08-06 18:36:01,390,631,577,4
2026-08-06 18:36:02,390,631,568,4
2026-08-06 18:36:03,392,629,572,4
2026-08-06 18:36:04,389,631,581,4
2026-08-06 18:36:05,391,634,576,4
2026-08-06 18:36:06,390,636,572,4
2026-08-06 18:36:07,390,636,569,4
2026-08-06 18:36:08,389,631,581,4
2026-08-06 18:36:09,392,637,567,4
2026-08-06 18:36:10,388,630,584,4
2026-08-06 18:36:11,393,632,574,4
2026-08-06 18:36:12,391,630,568,4
2026-08-06 18:36:13,391,631,572,4
2026-08-06 18:36:14,389,632,576,4
2026-08-06 18:36:15,392,634,583,4
2026-08-06 18:36:16,390,633,572,4
2026-08-06 18:36:17,391,632,578,4
2026-08-06 18:36:18,392,630,580,4
2026-08-06 18:36:19,390,637,570,4
2026-08-06 18:36:20,392,638,573,4
2026-08-06 18:36:21,391,634,578,4
2026-08-06 18:36:22,390,632,574,4
2026-08-06 18:36:23,391,633,579,4
2026-08-06 18:36:24,391,632,575,4
2026-08-06 18:36:25,390,630,583,4
2026-08-06 18:36:26,392,634,583,4
2026-08-06 18:36:27,389,634,574,4
2026-08-06 18:36:28,389,632,574,4
2026-08-06 18:36:29,389,634,572,4
2026-08-06 18:36:30,391,632,572,4
2026-08-06 18:36:31,391,634,573,4
2026-08-06 18:36:32,392,635,575,4
2026-08-06 18:36:33,393,633,575,4
2026-08-06 18:36:34,392,632,571,4
2026-08-06 18:36:35,390,633,577,4
2026-08-06 18:36:36,392,638,568,4
2026-08-06 18:36:37,389,634,575,4
2026-08-06 18:36:38,392,629,580,4
2026-08-06 18:36:39,389,632,577,4
2026-08-06 18:36:40,388,631,576,4
2026-08-06 18:36:41,388,633,578,4
2026-08-06 18:36:42,392,636,577,4
2026-08-06 18:36:43,391,632,571,4
2026-08-06 18:36:44,392,631,579,4
2026-08-06 18:36:45,390,633,574,4
2026-08-06 18:36:46,392,636,577,4
2026-08-06 18:36:47,393,631,579,4
2026-08-06 18:36:48,393,634,581,4
2026-08-06 18:36:49,391,626,576,4
2026-08-06 18:36:50,392,631,577,4
2026-08-06 18:36:51,388,632,569,4
2026-08-06 18:36:52,393,632,574,4
2026-08-06 18:36:53,388,635,573,4
2026-08-06 18:36:54,391,629,577,4
2026-08-06 18:36:55,391,634,569,4
2026-08-06 18:36:56,391,632,581,4
2026-08-06 18:36:57,392,632,581,4
2026-08-06 18:36:58,393,634,575,4
2026-08-06 18:36:59,390,631,574,4
2026-08-06 18:37:00,393,630,570,4
2026-08-06 18:37:01,391,633,568,4
2026-08-06 18:37:02,392,629,574,4
2026-08-06 18:37:03,389,635,565,4
2026-08-06 18:37:04,392,635,586,4
2026-08-06 18:37:05,390,632,573,4
2026-08-06 18:37:06,387,632,575,4
2026-08-06 18:37:07,392,635,569,4
2026-08-06 18:37:08,390,630,573,4
2026-08-06 18:37:09,390,635,576,4
2026-08-06 18:37:10,392,631,582,4
2026-08-06 18:37:11,391,636,563,4
2026-08-06 18:37:12,392,635,581,4
2026-08-06 18:37:13,390,636,574,4
2026-08-06 18:37:14,393,630,573,4
2026-08-06 18:37:15,390,629,578,4
2026-08-06 18:37:16,392,634,576,4
2026-08-06 18:37:17,392,632,580,4
2026-08-06 18:37:18,390,630,580,4
2026-08-06 18:37:19,390,633,575,4
2026-08-06 18:37:20,392,636,575,4
2026-08-06 18:37:21,390,629,576,4
2026-08-06 18:37:22,392,639,574,4
2026-08-06 18:37:23,389,635,572,4
2026-08-06 18:37:24,390,630,579,4
2026-08-06 18:37:25,392,632,572,4
2026-08-06 18:37:26,390,635,571,4
2026-08-06 18:37:27,391,633,576,4
2026-08-06 18:37:28,392,628,583,4
2026-08-06 18:37:29,390,630,573,4
2026-08-06 18:37:30,391,632,581,4
2026-08-06 18:37:31,392,634,578,4
2026-08-06 18:37:32,391,636,572,4
2026-08-06 18:37:33,392,632,573,4
2026-08-06 18:37:34,389,634,575,4
2026-08-06 18:37:35,391,631,576,4
2026-08-06 18:37:36,392,633,581,4
2026-08-06 18:37:37,390,634,573,4
2026-08-06 18:37:38,390,632,568,4
2026-08-06 18:37:39,391,634,580,4
2026-08-06 18:37:40,389,634,581,4
2026-08-06 18:37:41,391,631,574,4
2026-08-06 18:37:42,392,629,566,4
2026-08-06 18:37:43,391,632,578,4
2026-08-06 18:37:44,392,633,577,4
2026-08-06 18:37:45,392,638,575,4
2026-08-06 18:37:46,390,625,574,4
2026-08-06 18:37:47,390,630,574,4
2026-08-06 18:37:48,391,632,573,4
2026-08-06 18:37:49,392,635,575,4
2026-08-06 18:37:50,391,630,573,4
2026-08-06 18:37:51,391,630,567,4
2026-08-06 18:37:52,391,632,578,4
2026-08-06 18:37:53,393,627,577,4
2026-08-06 18:37:54,389,632,576,4
2026-08-06 18:37:55,390,634,578,4
2026-08-06 18:37:56,391,628,572,4
2026-08-06 18:37:57,392,628,580,4
2026-08-06 18:37:58,392,633,579,4
2026-08-06 18:37:59,392,633,577,4
2026-08-06 18:38:00,390,627,570,4
2026-08-06 18:38:01,390,636,579,4
2026-08-06 18:38:02,390,630,576,4
2026-08-06 18:38:03,390,627,581,4
2026-08-06 18:38:04,391,630,565,4
2026-08-06 18:38:05,390,632,572,4
2026-08-06 18:38:06,391,633,572,4
2026-08-06 18:38:07,394,636,574,4
2026-08-06 18:38:08,389,632,582,4
2026-08-06 18:38:09,391,628,585,4
2026-08-06 18:38:10,390,631,570,4
2026-08-06 18:38:11,391,635,571,4
2026-08-06 18:38:12,392,638,577,4
2026-08-06 18:38:13,392,628,579,4
2026-08-06 18:38:14,393,632,576,4
2026-08-06 18:38:15,391,630,577,4
2026-08-06 18:38:16,390,631,566,4
2026-08-06 18:38:17,391,637,575,4
2026-08-06 18:38:18,391,633,567,4
2026-08-06 18:38:19,391,632,577,4
2026-08-06 18:38:20,391,636,577,4
2026-08-06 18:38:21,391,628,569,4
2026-08-06 18:38:22,393,636,578,4
2026-08-06 18:38:23,390,630,574,4
2026-08-06 18:38:24,392,631,573,4
2026-08-06 18:38:25,390,632,577,4
2026-08-06 18:38:26,392,633,575,4
2026-08-06 18:38:27,389,631,575,4
2026-08-06 18:38:28,390,633,578,4
2026-08-06 18:38:29,392,634,571,4
2026-08-06 18:38:30,391,633,576,4
2026-08-06 18:38:31,391,637,571,4
2026-08-06 18:38:32,392,635,577,4
2026-08-06 18:38:33,391,633,572,4
2026-08-06 18:38:34,391,632,573,4
2026-08-06 18:38:35,390,635,571,4
2026-08-06 18:38:36,391,635,580,4
2026-08-06 18:38:37,390,636,575,4
2026-08-06 18:38:38,391,636,581,4
2026-08-06 18:38:39,391,636,577,4
2026-08-06 18:38:40,389,632,578,4
2026-08-06 18:38:41,391,632,574,4
2026-08-06 18:38:42,388,636,579,4
2026-08-06 18:38:43,389,629,579,4
2026-08-06 18:38:44,390,640,576,4
2026-08-06 18:38:45,392,636,578,4
2026-08-06 18:38:46,391,635,574,4
2026-08-06 18:38:47,391,632,570,4
2026-08-06 18:38:48,390,634,576,4
2026-08-06 18:38:49,391,637,572,4
2026-08-06 18:38:50,393,633,579,4
2026-08-06 18:38:51,388,633,581,4
2026-08-06 18:38:52,392,634,574,4
2026-08-06 18:38:53,392,632,574,4
2026-08-06 18:38:54,392,631,574,4
2026-08-06 18:38:55,392,635,573,4
2026-08-06 18:38:56,389,634,577,4
2026-08-06 18:38:57,390,634,570,4
2026-08-06 18:38:58,391,631,582,4
2026-08-06 18:38:59,391,631,575,4
2026-08-06 18:39:00,389,636,568,4
2026-08-06 18:39:01,391,629,574,4
2026-08-06 18:39:02,389,634,570,4
2026-08-06 18:39:03,390,637,571,4
2026-08-06 18:39:04,390,636,574,4
2026-08-06 18:39:05,390,632,576,4
2026-08-06 18:39:06,393,632,578,4
2026-08-06 18:39:07,390,634,580,4
2026-08-06 18:39:08,393,631,583,4
2026-08-06 18:39:09,391,632,576,4
2026-08-06 18:39:10,389,634,576,4
2026-08-06 18:39:11,390,630,576,4
2026-08-06 18:39:12,390,629,574,4
2026-08-06 18:39:13,391,635,570,4
2026-08-06 18:39:14,390,628,579,4
2026-08-06 18:39:15,392,634,573,4
2026-08-06 18:39:16,390,634,580,4
2026-08-06 18:39:17,390,630,578,4
2026-08-06 18:39:18,391,635,580,4
2026-08-06 18:39:19,389,631,573,4
2026-08-06 18:39:20,388,629,582,4
2026-08-06 18:39:21,390,634,571,4
2026-08-06 18:39:22,392,633,578,4
2026-08-06 18:39:23,390,631,580,4
2026-08-06 18:39:24,390,632,578,4
2026-08-06 18:39:25,392,636,575,4
2026-08-06 18:39:27,391,631,571,4
2026-08-06 18:39:27,391,634,575,4
2026-08-06 18:39:28,390,634,575,4
2026-08-06 18:39:29,390,633,581,4
2026-08-06 18:39:30,389,632,576,4
2026-08-06 18:39:31,390,632,575,4
2026-08-06 18:39:32,391,641,570,4
2026-08-06 18:39:33,394,634,568,4
2026-08-06 18:39:34,390,632,571,4
2026-08-06 18:39:35,392,635,578,4
2026-08-06 18:39:36,391,631,575,4
2026-08-06 18:39:37,392,633,575,4
2026-08-06 18:39:38,393,632,574,4
2026-08-06 18:39:39,392,633,579,4
2026-08-06 18:39:40,391,635,577,4
2026-08-06 18:39:41,393,632,575,4
2026-08-06 18:39:42,390,635,574,4
2026-08-06 18:39:43,391,636,576,4
2026-08-06 18:39:44,390,634,572,4
2026-08-06 18:39:45,392,635,576,4
2026-08-06 18:39:46,393,635,572,4
2026-08-06 18:39:47,391,632,576,4
2026-08-06 18:39:48,390,635,570,4
2026-08-06 18:39:49,394,628,582,4
2026-08-06 18:39:50,391,638,577,4
2026-08-06 18:39:51,388,634,581,4
2026-08-06 18:39:52,391,629,577,4
2026-08-06 18:39:53,392,630,567,4
2026-08-06 18:39:54,391,636,580,4
2026-08-06 18:39:55,390,634,562,4
2026-08-06 18:39:56,390,633,580,4
2026-08-06 18:39:57,391,633,580,4
2026-08-06 18:39:58,392,636,572,4
2026-08-06 18:39:59,389,636,567,4
2026-08-06 18:40:00,391,633,571,4
2026-08-06 18:40:01,391,633,569,4
2026-08-06 18:40:02,392,635,586,4
2026-08-06 18:40:03,391,632,583,4
2026-08-06 18:40:04,393,630,579,4
2026-08-06 18:40:05,391,631,577,4
2026-08-06 18:40:06,387,635,573,4
2026-08-06 18:40:07,392,637,575,4
2026-08-06 18:40:08,390,634,571,4
2026-08-06 18:40:09,392,633,574,4
2026-08-06 18:40:10,392,637,571,4
2026-08-06 18:40:11,390,636,573,4
2026-08-06 18:40:12,391,631,575,4
2026-08-06 18:40:13,390,639,575,4
2026-08-06 18:40:14,390,632,577,4
2026-08-06 18:40:15,392,634,576,4
2026-08-06 18:40:16,391,631,575,4
2026-08-06 18:40:17,390,634,568,4
2026-08-06 18:40:18,392,636,574,4
2026-08-06 18:40:19,392,633,575,4
2026-08-06 18:40:20,391,633,576,4
2026-08-06 18:40:21,391,635,570,4
2026-08-06 18:40:22,393,635,581,4
2026-08-06 18:40:23,391,633,575,4
2026-08-06 18:40:24,389,632,573,4
2026-08-06 18:40:25,390,635,570,4
2026-08-06 18:40:26,392,635,572,4
2026-08-06 18:40:27,391,632,583,4
2026-08-06 18:40:28,391,632,570,4
2026-08-06 18:40:29,389,633,581,4
2026-08-06 18:40:30,391,634,570,4
2026-08-06 18:40:31,392,631,578,4
2026-08-06 18:40:32,391,632,579,4
2026-08-06 18:40:33,391,633,572,4
2026-08-06 18:40:34,392,637,569,4
2026-08-06 18:40:35,394,630,569,4
2026-08-06 18:40:36,391,629,585,4
2026-08-06 18:40:37,389,634,568,4
2026-08-06 18:40:38,392,632,569,4
2026-08-06 18:40:39,391,631,581,4
2026-08-06 18:40:40,392,635,573,4
2026-08-06 18:40:41,393,637,580,4
2026-08-06 18:40:42,391,631,579,4
2026-08-06 18:40:43,390,637,577,4
2026-08-06 18:40:44,394,631,576,4
2026-08-06 18:40:45,391,637,575,4
2026-08-06 18:40:46,391,632,573,4
2026-08-06 18:40:47,391,634,570,4
2026-08-06 18:40:48,389,635,577,4
2026-08-06 18:40:49,392,636,569,4
2026-08-06 18:40:50,391,630,577,4
2026-08-06 18:40:51,387,636,572,4
2026-08-06 18:40:52,391,632,575,4
2026-08-06 18:40:53,395,639,569,4
2026-08-06 18:40:54,391,635,575,4
2026-08-06 18:40:55,392,633,571,4
2026-08-06 18:40:56,390,632,580,4
2026-08-06 18:40:57,391,637,572,4
2026-08-06 18:40:58,388,632,574,4
2026-08-06 18:40:59,390,637,571,4
2026-08-06 18:41:00,391,633,570,4
2026-08-06 18:41:01,392,632,580,4
2026-08-06 18:41:02,391,635,573,4
2026-08-06 18:41:03,392,635,577,4
2026-08-06 18:41:04,393,635,573,4
2026-08-06 18:41:05,390,635,580,4
2026-08-06 18:41:06,393,638,577,4
2026-08-06 18:41:07,391,630,576,4
2026-08-06 18:41:08,391,636,569,4
2026-08-06 18:41:09,392,628,573,4
2026-08-06 18:41:10,390,635,581,4
2026-08-06 18:41:11,392,630,575,4
2026-08-06 18:41:13,390,629,576,4
2026-08-06 18:41:13,388,634,567,4
2026-08-06 18:41:14,393,633,576,4
2026-08-06 18:41:15,390,637,573,4
2026-08-06 18:41:16,392,632,574,4
2026-08-06 18:41:17,389,635,566,4
2026-08-06 18:41:18,391,632,580,4
2026-08-06 18:41:19,393,633,572,4
2026-08-06 18:41:20,395,632,579,4
2026-08-06 18:41:21,393,635,571,4
2026-08-06 18:41:22,392,632,580,4
2026-08-06 18:41:23,390,629,578,4
2026-08-06 18:41:24,386,635,572,4
2026-08-06 18:41:25,390,633,575,4
2026-08-06 18:41:26,393,631,577,4
2026-08-06 18:41:27,388,633,579,4
2026-08-06 18:41:28,391,635,569,4
2026-08-06 18:41:29,392,633,581,4
2026-08-06 18:41:30,392,634,571,4
2026-08-06 18:41:31,391,634,575,4
2026-08-06 18:41:32,393,632,574,4
2026-08-06 18:41:33,392,633,581,4
2026-08-06 18:41:34,389,634,576,4
2026-08-06 18:41:35,391,630,575,4
2026-08-06 18:41:36,390,630,573,4
2026-08-06 18:41:37,391,634,580,4
2026-08-06 18:41:38,392,633,570,4
2026-08-06 18:41:39,393,630,578,4
2026-08-06 18:41:40,391,630,579,4
2026-08-06 18:41:41,390,634,571,4
2026-08-06 18:41:42,390,635,580,4
2026-08-06 18:41:43,391,631,572,4
2026-08-06 18:41:44,388,627,572,4
2026-08-06 18:41:45,391,628,580,4
2026-08-06 18:41:46,389,632,573,4
2026-08-06 18:41:47,391,631,569,4
2026-08-06 18:41:48,392,637,572,4
2026-08-06 18:41:49,393,632,582,4
2026-08-06 18:41:50,391,634,578,4
2026-08-06 18:41:51,391,628,573,4
2026-08-06 18:41:52,391,630,562,4
2026-08-06 18:41:53,393,636,568,4
2026-08-06 18:41:54,389,631,573,4
2026-08-06 18:41:55,397,630,581,4
2026-08-06 18:41:56,392,630,569,4
2026-08-06 18:41:57,393,636,569,4
2026-08-06 18:41:58,393,630,575,4
2026-08-06 18:41:59,390,630,572,4
2026-08-06 18:42:00,389,631,579,4
2026-08-06 18:42:01,390,633,570,4
2026-08-06 18:42:02,390,632,580,4
2026-08-06 18:42:03,391,634,578,4
2026-08-06 18:42:04,389,627,576,4
2026-08-06 18:42:05,391,631,574,4
2026-08-06 18:42:06,390,633,581,4
2026-08-06 18:42:07,392,628,581,4
2026-08-06 18:42:08,390,633,577,4
2026-08-06 18:42:09,391,632,570,4
2026-08-06 18:42:10,391,630,579,4
2026-08-06 18:42:11,392,637,570,4
2026-08-06 18:42:12,392,631,572,4
2026-08-06 18:42:13,391,633,574,4
2026-08-06 18:42:14,390,633,577,4
2026-08-06 18:42:15,390,629,581,4
2026-08-06 18:42:16,391,633,581,4
2026-08-06 18:42:17,392,629,574,4
2026-08-06 18:42:18,390,634,573,4
2026-08-06 18:42:19,393,633,570,4
2026-08-06 18:42:20,391,631,566,4
2026-08-06 18:42:21,392,631,579,4
2026-08-06 18:42:22,391,633,572,4
2026-08-06 18:42:23,391,632,570,4
2026-08-06 18:42:24,390,629,579,4
2026-08-06 18:42:25,393,636,572,4
2026-08-06 18:42:26,392,629,576,4
2026-08-06 18:42:27,388,634,569,4
2026-08-06 18:42:28,391,633,579,4
2026-08-06 18:42:29,392,633,574,4
2026-08-06 18:42:30,392,632,575,4
2026-08-06 18:42:31,391,630,573,4
2026-08-06 18:42:32,388,627,575,4
2026-08-06 18:42:33,391,633,580,4
2026-08-06 18:42:34,393,635,573,4
2026-08-06 18:42:35,390,635,575,4
2026-08-06 18:42:36,389,627,573,4
2026-08-06 18:42:37,392,641,581,4
2026-08-06 18:42:38,391,631,576,4
2026-08-06 18:42:39,392,634,570,4
2026-08-06 18:42:40,389,637,575,4
2026-08-06 18:42:41,390,635,578,4
2026-08-06 18:42:42,393,635,576,4
2026-08-06 18:42:43,392,630,576,4
2026-08-06 18:42:44,393,635,573,4
2026-08-06 18:42:45,392,631,576,4
2026-08-06 18:42:46,391,635,577,4
2026-08-06 18:42:47,391,637,569,4
2026-08-06 18:42:48,390,629,573,4
2026-08-06 18:42:49,391,636,571,4
2026-08-06 18:42:50,390,634,573,4
2026-08-06 18:42:51,392,634,579,4
2026-08-06 18:42:52,391,634,577,4
2026-08-06 18:42:53,393,636,576,4
2026-08-06 18:42:54,391,631,572,4
2026-08-06 18:42:55,391,630,577,4
2026-08-06 18:42:56,391,633,574,4
2026-08-06 18:42:57,391,631,580,4
2026-08-06 18:42:58,392,629,570,4
2026-08-06 18:42:59,393,632,569,4
2026-08-06 18:43:00,392,634,574,4
2026-08-06 18:43:01,391,634,576,4
2026-08-06 18:43:02,391,634,576,4
2026-08-06 18:43:03,389,636,568,4
2026-08-06 18:43:04,389,634,580,4
2026-08-06 18:43:05,392,628,576,4
2026-08-06 18:43:06,390,635,579,4
2026-08-06 18:43:07,392,636,571,4
2026-08-06 18:43:08,390,633,578,4
2026-08-06 18:43:09,390,637,576,4
2026-08-06 18:43:10,394,633,575,4
2026-08-06 18:43:11,390,630,574,4
2026-08-06 18:43:12,391,632,571,4
2026-08-06 18:43:13,390,632,574,4
2026-08-06 18:43:14,389,636,572,4
2026-08-06 18:43:15,391,636,574,4
2026-08-06 18:43:16,391,634,573,4
2026-08-06 18:43:17,390,636,588,4
2026-08-06 18:43:18,391,634,578,4
2026-08-06 18:43:19,391,632,574,4
2026-08-06 18:43:20,391,633,570,4
2026-08-06 18:43:21,391,635,571,4
2026-08-06 18:43:22,391,629,575,4
2026-08-06 18:43:23,390,630,577,4
2026-08-06 18:43:24,391,638,574,4
2026-08-06 18:43:25,389,629,574,4
2026-08-06 18:43:26,393,639,578,4
2026-08-06 18:43:27,391,632,579,4
2026-08-06 18:43:28,391,630,574,4
2026-08-06 18:43:29,393,638,578,4
2026-08-06 18:43:30,388,632,573,4
2026-08-06 18:43:31,390,626,570,4
2026-08-06 18:43:32,391,642,571,4
2026-08-06 18:43:33,393,633,570,4
2026-08-06 18:43:34,391,635,576,4
2026-08-06 18:43:35,391,631,582,4
2026-08-06 18:43:36,390,634,577,4
2026-08-06 18:43:37,386,633,585,4
2026-08-06 18:43:38,390,633,572,4
2026-08-06 18:43:39,389,641,570,4
2026-08-06 18:43:40,392,637,579,4
2026-08-06 18:43:41,391,634,570,4
2026-08-06 18:43:42,391,634,579,4
2026-08-06 18:43:43,392,634,569,4
2026-08-06 18:43:44,392,633,587,4
2026-08-06 18:43:45,392,633,576,4
2026-08-06 18:43:46,389,636,576,4
2026-08-06 18:43:47,391,636,579,4
2026-08-06 18:43:48,393,633,565,4
2026-08-06 18:43:49,389,635,575,4
2026-08-06 18:43:50,390,634,568,4
2026-08-06 18:43:51,391,635,573,4
2026-08-06 18:43:52,392,631,574,4
2026-08-06 18:43:53,391,628,572,4
2026-08-06 18:43:54,391,636,571,4
2026-08-06 18:43:55,395,630,574,4
2026-08-06 18:43:56,390,635,573,4
2026-08-06 18:43:57,390,634,572,4
2026-08-06 18:43:58,391,634,574,4
2026-08-06 18:43:59,392,633,573,4
2026-08-06 18:44:00,391,630,579,4
2026-08-06 18:44:01,390,630,580,4
2026-08-06 18:44:02,392,632,580,4
2026-08-06 18:44:03,390,634,576,4
2026-08-06 18:44:04,389,631,574,4
2026-08-06 18:44:05,390,633,577,4
2026-08-06 18:44:06,389,635,574,4
2026-08-06 18:44:07,389,634,570,4
2026-08-06 18:44:08,389,629,571,4
2026-08-06 18:44:09,392,634,572,4
2026-08-06 18:44:10,391,633,576,4
2026-08-06 18:44:11,391,635,572,4
2026-08-06 18:44:12,390,636,578,4
2026-08-06 18:44:13,391,627,576,4
2026-08-06 18:44:14,389,634,573,4
2026-08-06 18:44:15,388,636,580,4
2026-08-06 18:44:16,391,635,570,4
2026-08-06 18:44:17,392,633,574,4
2026-08-06 18:44:18,390,634,566,4
2026-08-06 18:44:19,391,635,575,4
2026-08-06 18:44:20,391,635,572,4
2026-08-06 18:44:21,391,637,574,4
2026-08-06 18:44:22,391,631,579,4
2026-08-06 18:44:23,390,631,577,4
2026-08-06 18:44:24,390,637,577,4
2026-08-06 18:44:25,390,631,578,4
2026-08-06 18:44:26,391,635,574,4
2026-08-06 18:44:27,390,635,573,4
2026-08-06 18:44:28,391,633,577,4
2026-08-06 18:44:29,390,635,580,4
2026-08-06 18:44:30,391,635,582,4
2026-08-06 18:44:31,389,634,578,4
2026-08-06 18:44:32,392,634,573,4
2026-08-06 18:44:33,391,632,575,4
2026-08-06 18:44:34,390,635,577,4
2026-08-06 18:44:35,389,635,576,4
2026-08-06 18:44:36,392,632,571,4
2026-08-06 18:44:37,393,632,581,4
2026-08-06 18:44:38,390,629,571,4
2026-08-06 18:44:39,392,631,583,4
2026-08-06 18:44:40,390,636,573,4
2026-08-06 18:44:41,390,634,576,4
2026-08-06 18:44:42,390,635,581,4
2026-08-06 18:44:43,392,629,576,4
2026-08-06 18:44:44,390,633,574,4
2026-08-06 18:44:45,391,635,571,4
2026-08-06 18:44:46,391,635,583,4
2026-08-06 18:44:47,390,637,573,4
2026-08-06 18:44:48,390,629,577,4
2026-08-06 18:44:49,389,637,578,4
2026-08-06 18:44:50,390,634,579,4
2026-08-06 18:44:51,393,635,567,4
2026-08-06 18:44:52,392,636,580,4
2026-08-06 18:44:53,392,634,577,4
2026-08-06 18:44:54,391,633,574,4
2026-08-06 18:44:55,392,629,576,4
2026-08-06 18:44:56,390,633,574,4
2026-08-06 18:44:57,391,633,572,4
2026-08-06 18:44:58,389,634,576,4
2026-08-06 18:44:59,391,634,575,4
2026-08-06 18:45:00,390,639,578,4
2026-08-06 18:45:01,394,635,573,4
2026-08-06 18:45:02,392,635,572,4
2026-08-06 18:45:03,394,635,571,4
2026-08-06 18:45:04,391,632,575,4
2026-08-06 18:45:05,391,634,571,4
2026-08-06 18:45:06,394,627,572,4
2026-08-06 18:45:07,392,630,581,4
2026-08-06 18:45:08,391,638,576,4
2026-08-06 18:45:09,390,634,576,4
2026-08-06 18:45:10,389,632,577,4
2026-08-06 18:45:11,390,637,570,4
2026-08-06 18:45:12,391,631,573,4
2026-08-06 18:45:13,391,634,574,4
2026-08-06 18:45:14,390,640,570,4
2026-08-06 18:45:15,393,636,577,4
2026-08-06 18:45:16,392,636,571,4
2026-08-06 18:45:17,389,634,580,4
2026-08-06 18:45:18,389,636,576,4
2026-08-06 18:45:19,391,636,571,4
2026-08-06 18:45:20,390,631,584,4
2026-08-06 18:45:21,390,634,572,4
2026-08-06 18:45:22,389,635,571,4
2026-08-06 18:45:23,390,635,577,4
2026-08-06 18:45:24,393,633,585,4
2026-08-06 18:45:25,391,632,565,4
2026-08-06 18:45:26,391,630,567,4
2026-08-06 18:45:27,392,637,565,4
2026-08-06 18:45:28,386,632,584,4
2026-08-06 18:45:29,393,627,576,4
2026-08-06 18:45:30,390,635,573,4
2026-08-06 18:45:31,392,637,572,4
2026-08-06 18:45:32,391,633,569,4
2026-08-06 18:45:33,393,635,579,4
2026-08-06 18:45:34,391,632,572,4
2026-08-06 18:45:35,391,639,572,4
2026-08-06 18:45:36,391,632,580,4
2026-08-06 18:45:37,389,636,578,4
2026-08-06 18:45:38,389,631,575,4
2026-08-06 18:45:39,392,637,585,4
2026-08-06 18:45:40,392,632,575,4
2026-08-06 18:45:41,389,637,567,4
2026-08-06 18:45:42,391,634,577,4
2026-08-06 18:45:43,391,628,584,4
2026-08-06 18:45:44,390,632,577,4
2026-08-06 18:45:45,389,631,570,4
2026-08-06 18:45:46,387,638,576,4
2026-08-06 18:45:47,393,635,582,4
2026-08-06 18:45:48,392,635,583,4
2026-08-06 18:45:49,391,635,585,4
2026-08-06 18:45:50,390,631,576,4
2026-08-06 18:45:51,390,636,583,4
2026-08-06 18:45:52,391,636,571,4
2026-08-06 18:45:53,393,639,572,4
2026-08-06 18:45:54,388,633,575,4
2026-08-06 18:45:55,391,634,576,4
2026-08-06 18:45:56,396,633,573,4
2026-08-06 18:45:57,391,636,571,4
2026-08-06 18:45:58,390,634,569,4
2026-08-06 18:45:59,391,631,579,4
2026-08-06 18:46:00,387,632,568,4
2026-08-06 18:46:01,394,633,579,4
2026-08-06 18:46:02,389,639,571,4
2026-08-06 18:46:03,391,634,579,4
2026-08-06 18:46:04,393,637,570,4
2026-08-06 18:46:05,392,634,570,4
2026-08-06 18:46:06,393,638,564,4
2026-08-06 18:46:07,394,637,578,4
2026-08-06 18:46:08,391,634,577,4
2026-08-06 18:46:09,387,634,581,4
2026-08-06 18:46:10,391,633,575,4
2026-08-06 18:46:11,388,632,574,4
2026-08-06 18:46:12,387,633,577,4
2026-08-06 18:46:13,395,636,577,4
2026-08-06 18:46:14,389,631,582,4
2026-08-06 18:46:15,392,635,572,4
2026-08-06 18:46:16,389,635,570,4
2026-08-06 18:46:17,390,635,573,4
2026-08-06 18:46:18,391,635,577,4
2026-08-06 18:46:19,392,632,584,4
2026-08-06 18:46:20,388,638,572,4
2026-08-06 18:46:21,388,632,579,4
2026-08-06 18:46:22,393,635,572,4
2026-08-06 18:46:23,391,635,574,4
2026-08-06 18:46:24,393,634,580,4
2026-08-06 18:46:25,387,640,570,4
2026-08-06 18:46:26,391,631,579,4
2026-08-06 18:46:27,388,633,579,4
2026-08-06 18:46:28,391,636,582,4
2026-08-06 18:46:29,389,636,577,4
2026-08-06 18:46:30,392,630,575,4
2026-08-06 18:46:31,393,634,584,4
2026-08-06 18:46:32,389,637,571,4
2026-08-06 18:46:33,391,635,581,4
2026-08-06 18:46:34,390,630,570,4
2026-08-06 18:46:35,389,631,574,4
2026-08-06 18:46:36,390,637,576,4
2026-08-06 18:46:37,387,635,577,4
2026-08-06 18:46:38,391,631,570,4
2026-08-06 18:46:39,388,635,566,4
2026-08-06 18:46:40,394,634,577,4
2026-08-06 18:46:41,395,632,575,4
2026-08-06 18:46:42,392,637,574,4
2026-08-06 18:46:43,392,633,581,4
2026-08-06 18:46:44,391,636,571,4
2026-08-06 18:46:45,390,639,575,4
2026-08-06 18:46:46,391,635,576,4
2026-08-06 18:46:47,390,636,570,4
2026-08-06 18:46:48,393,633,566,4
2026-08-06 18:46:49,391,639,580,4
2026-08-06 18:46:50,388,636,575,4
2026-08-06 18:46:51,389,632,575,4
2026-08-06 18:46:52,389,633,576,4
2026-08-06 18:46:53,394,638,576,4
2026-08-06 18:46:54,389,631,579,4
2026-08-06 18:46:55,393,637,572,4
2026-08-06 18:46:56,392,638,575,4
2026-08-06 18:46:57,392,634,574,4
2026-08-06 18:46:58,389,632,581,4
2026-08-06 18:47:00,392,630,582,4
2026-08-06 18:47:00,386,633,569,4
2026-08-06 18:47:01,392,636,584,4
2026-08-06 18:47:02,393,635,572,4
2026-08-06 18:47:03,392,631,583,4
2026-08-06 18:47:04,387,631,575,4
2026-08-06 18:47:05,392,634,575,4
2026-08-06 18:47:06,391,632,574,4
2026-08-06 18:47:07,387,634,582,4
2026-08-06 18:47:08,389,633,571,4
2026-08-06 18:47:09,392,633,573,4
2026-08-06 18:47:10,393,636,574,4
2026-08-06 18:47:11,390,629,578,4
2026-08-06 18:47:12,393,636,579,4
2026-08-06 18:47:13,392,633,578,4
2026-08-06 18:47:14,391,636,570,4
2026-08-06 18:47:15,391,638,583,4
2026-08-06 18:47:16,390,631,582,4
2026-08-06 18:47:17,390,635,570,4
2026-08-06 18:47:18,390,631,577,4
2026-08-06 18:47:19,394,632,573,4
2026-08-06 18:47:20,390,634,568,4
2026-08-06 18:47:21,392,633,577,4
2026-08-06 18:47:22,390,633,576,4
2026-08-06 18:47:23,388,630,569,4
2026-08-06 18:47:24,389,632,576,4
2026-08-06 18:47:25,390,633,574,4
2026-08-06 18:47:26,393,638,575,4
2026-08-06 18:47:27,390,632,573,4
2026-08-06 18:47:28,392,635,568,4
2026-08-06 18:47:29,393,638,574,4
2026-08-06 18:47:30,393,634,569,4
2026-08-06 18:47:31,392,632,577,4
2026-08-06 18:47:32,389,637,577,4
2026-08-06 18:47:33,390,632,571,4
2026-08-06 18:47:34,391,634,581,4
2026-08-06 18:47:35,393,637,574,4
2026-08-06 18:47:36,390,637,576,4
2026-08-06 18:47:37,391,637,570,4
2026-08-06 18:47:38,391,630,570,4
2026-08-06 18:47:39,395,637,575,4
2026-08-06 18:47:40,388,632,569,4
2026-08-06 18:47:41,392,640,574,4
2026-08-06 18:47:42,391,632,571,4
2026-08-06 18:47:43,391,638,579,4
2026-08-06 18:47:44,388,630,563,4
2026-08-06 18:47:45,390,635,581,4
2026-08-06 18:47:46,391,634,582,4
2026-08-06 18:47:47,393,634,573,4
2026-08-06 18:47:48,389,632,575,4
2026-08-06 18:47:49,391,637,576,4
2026-08-06 18:47:50,391,628,570,4
2026-08-06 18:47:51,392,638,577,4
2026-08-06 18:47:52,392,636,578,4
2026-08-06 18:47:53,389,638,574,4
2026-08-06 18:47:54,389,636,576,4
2026-08-06 18:47:55,401,633,577,4
2026-08-06 18:47:56,390,633,577,4
2026-08-06 18:47:57,391,630,578,4
2026-08-06 18:47:58,393,632,569,4
2026-08-06 18:47:59,395,629,578,4
2026-08-06 18:48:00,388,635,576,4
2026-08-06 18:48:01,396,634,576,4
2026-08-06 18:48:02,391,638,575,4
2026-08-06 18:48:03,399,629,581,4
2026-08-06 18:48:04,386,639,586,4
2026-08-06 18:48:05,386,630,572,4
2026-08-06 18:48:06,391,632,596,4
2026-08-06 18:48:07,393,638,567,4
2026-08-06 18:48:08,392,630,575,4
2026-08-06 18:48:09,394,639,581,4
2026-08-06 18:48:10,386,635,575,4
2026-08-06 18:48:11,387,635,568,4
2026-08-06 18:48:12,391,649,579,4
2026-08-06 18:48:13,394,636,561,4
2026-08-06 18:48:14,392,634,576,4
2026-08-06 18:48:15,386,625,560,4
2026-08-06 18:48:16,386,638,580,4
2026-08-06 18:48:17,390,638,584,4
2026-08-06 18:48:18,390,630,563,4
2026-08-06 18:48:19,387,638,578,4
2026-08-06 18:48:20,394,632,567,4
2026-08-06 18:48:21,391,636,580,4
2026-08-06 18:48:22,395,631,548,4
2026-08-06 18:48:23,391,635,580,4
2026-08-06 18:48:24,396,638,573,4
2026-08-06 18:48:25,394,632,577,4
2026-08-06 18:48:26,392,632,589,4
2026-08-06 18:48:27,393,634,579,4
2026-08-06 18:48:28,387,632,572,4
2026-08-06 18:48:29,397,636,575,4
2026-08-06 18:48:30,391,636,575,4
2026-08-06 18:48:31,391,632,575,4
2026-08-06 18:48:32,392,633,570,4
2026-08-06 18:48:33,392,633,579,4
2026-08-06 18:48:34,392,634,586,4
2026-08-06 18:48:35,391,635,575,4
2026-08-06 18:48:36,392,631,583,4
2026-08-06 18:48:37,390,631,575,4
2026-08-06 18:48:38,389,630,586,4
2026-08-06 18:48:39,392,633,574,4
2026-08-06 18:48:40,393,633,568,4
2026-08-06 18:48:41,390,636,593,4
2026-08-06 18:48:42,391,630,576,4
2026-08-06 18:48:43,390,632,590,4
2026-08-06 18:48:44,390,638,578,4
2026-08-06 18:48:45,395,634,582,4
2026-08-06 18:48:46,391,636,577,4
2026-08-06 18:48:47,394,630,572,4
2026-08-06 18:48:48,389,633,588,4
2026-08-06 18:48:49,390,635,571,4
2026-08-06 18:48:50,391,639,574,4
2026-08-06 18:48:51,391,631,576,4
2026-08-06 18:48:52,392,633,577,4
2026-08-06 18:48:53,393,635,573,4
2026-08-06 18:48:54,394,639,581,4
2026-08-06 18:48:55,396,634,559,4
2026-08-06 18:48:56,391,629,579,4
2026-08-06 18:48:57,385,633,585,4
2026-08-06 18:48:58,385,636,578,4
2026-08-06 18:48:59,390,630,563,4
2026-08-06 18:49:00,391,639,550,4
2026-08-06 18:49:01,391,637,579,4
2026-08-06 18:49:02,394,636,565,4
2026-08-06 18:49:03,395,631,573,4
2026-08-06 18:49:04,394,630,569,4
2026-08-06 18:49:05,392,638,575,4
2026-08-06 18:49:06,387,635,568,4
2026-08-06 18:49:07,391,636,561,4
2026-08-06 18:49:08,389,633,573,4
2026-08-06 18:49:09,389,631,577,4
2026-08-06 18:49:10,391,640,578,4
2026-08-06 18:49:11,387,634,566,4
2026-08-06 18:49:12,390,634,582,4
2026-08-06 18:49:13,391,632,581,4
2026-08-06 18:49:14,389,635,571,4
2026-08-06 18:49:15,393,634,579,4
2026-08-06 18:49:16,394,638,582,4
2026-08-06 18:49:17,391,635,564,4
2026-08-06 18:49:18,389,639,580,4
2026-08-06 18:49:19,396,638,572,4
2026-08-06 18:49:20,395,628,569,4
2026-08-06 18:49:21,394,632,573,4
2026-08-06 18:49:22,389,633,565,4
2026-08-06 18:49:23,391,634,575,4
2026-08-06 18:49:24,393,631,575,4
2026-08-06 18:49:25,390,635,576,4
2026-08-06 18:49:26,390,633,573,4
2026-08-06 18:49:27,393,637,567,4
2026-08-06 18:49:28,393,632,575,4
2026-08-06 18:49:29,389,635,572,4
2026-08-06 18:49:30,388,635,575,4
2026-08-06 18:49:31,389,629,581,4
2026-08-06 18:49:32,386,628,572,4
2026-08-06 18:49:33,391,633,582,4
2026-08-06 18:49:34,392,628,566,4
2026-08-06 18:49:35,393,631,573,4
2026-08-06 18:49:36,392,637,584,4
2026-08-06 18:49:37,390,629,573,4
2026-08-06 18:49:38,389,632,575,4
2026-08-06 18:49:39,391,634,572,4
2026-08-06 18:49:40,392,636,576,4
2026-08-06 18:49:41,386,636,579,4
2026-08-06 18:49:42,392,639,575,4
2026-08-06 18:49:43,392,635,573,4
2026-08-06 18:49:44,391,637,580,4
2026-08-06 18:49:45,391,634,573,4
2026-08-06 18:49:46,390,633,571,4
2026-08-06 18:49:47,390,634,571,4
2026-08-06 18:49:48,389,628,578,4
2026-08-06 18:49:49,392,637,571,4
2026-08-06 18:49:50,391,635,586,4
2026-08-06 18:49:51,390,635,577,4
2026-08-06 18:49:52,393,637,581,4
2026-08-06 18:49:53,390,636,571,4
2026-08-06 18:49:54,389,636,573,4
2026-08-06 18:49:55,388,632,573,4
2026-08-06 18:49:56,390,631,571,4
2026-08-06 18:49:57,394,635,575,4
2026-08-06 18:49:58,392,625,573,4
2026-08-06 18:49:59,395,636,572,4
2026-08-06 18:50:00,391,638,574,4
2026-08-06 18:50:01,392,634,572,4
2026-08-06 18:50:02,392,636,578,4
2026-08-06 18:50:03,391,633,572,4
2026-08-06 18:50:04,390,635,572,4
2026-08-06 18:50:05,390,638,575,4
2026-08-06 18:50:06,391,632,571,4
2026-08-06 18:50:07,393,630,577,4
2026-08-06 18:50:08,388,636,570,4
2026-08-06 18:50:09,386,632,583,4
2026-08-06 18:50:10,391,637,572,4
2026-08-06 18:50:11,390,636,568,4
2026-08-06 18:50:12,389,637,567,4
2026-08-06 18:50:13,390,633,575,4
2026-08-06 18:50:14,391,636,572,4
2026-08-06 18:50:15,387,632,568,4
2026-08-06 18:50:16,393,633,569,4
2026-08-06 18:50:17,389,634,570,4
2026-08-06 18:50:18,392,637,586,4
2026-08-06 18:50:19,389,635,571,4
2026-08-06 18:50:20,391,631,579,4
2026-08-06 18:50:21,389,636,571,4
2026-08-06 18:50:22,392,632,571,4
2026-08-06 18:50:23,395,638,563,4
2026-08-06 18:50:24,393,639,567,4
2026-08-06 18:50:25,389,634,572,4
2026-08-06 18:50:26,394,634,583,4
2026-08-06 18:50:27,389,637,568,4
2026-08-06 18:50:28,385,633,577,4
2026-08-06 18:50:29,394,631,577,4
2026-08-06 18:50:30,389,638,568,4
2026-08-06 18:50:32,392,634,572,4
2026-08-06 18:50:33,390,634,574,4
2026-08-06 18:50:33,390,639,573,4
2026-08-06 18:50:34,390,642,574,4
2026-08-06 18:50:35,392,634,578,4
2026-08-06 18:50:36,392,635,575,4
2026-08-06 18:50:37,393,637,571,4
2026-08-06 18:50:38,388,637,576,4
2026-08-06 18:50:39,392,630,569,4
2026-08-06 18:50:40,388,635,576,4
2026-08-06 18:50:41,392,636,569,4
2026-08-06 18:50:42,387,635,572,4
2026-08-06 18:50:43,391,631,579,4
2026-08-06 18:50:44,391,636,574,4
2026-08-06 18:50:45,393,634,576,4
2026-08-06 18:50:46,390,632,578,4
2026-08-06 18:50:47,389,633,577,4
2026-08-06 18:50:48,391,634,561,4
2026-08-06 18:50:49,391,631,572,4
2026-08-06 18:50:50,391,633,571,4
2026-08-06 18:50:51,392,636,571,4
2026-08-06 18:50:52,391,637,571,4
2026-08-06 18:50:53,393,631,569,4
2026-08-06 18:50:54,392,635,572,4
2026-08-06 18:50:55,392,637,571,4
2026-08-06 18:50:56,391,631,570,4
2026-08-06 18:50:57,391,637,575,4
2026-08-06 18:50:58,389,633,571,4
2026-08-06 18:50:59,391,639,577,4
2026-08-06 18:51:00,391,632,574,4
2026-08-06 18:51:01,391,631,571,4
2026-08-06 18:51:02,390,635,573,4
2026-08-06 18:51:03,388,634,576,4
2026-08-06 18:51:04,392,632,575,4
2026-08-06 18:51:05,392,636,575,4
2026-08-06 18:51:06,392,635,571,4
2026-08-06 18:51:07,394,636,575,4
2026-08-06 18:51:08,392,633,581,4
2026-08-06 18:51:09,392,632,576,4
2026-08-06 18:51:10,390,637,573,4
2026-08-06 18:51:11,391,635,575,4
2026-08-06 18:51:12,391,634,582,4
2026-08-06 18:51:13,393,633,575,4
2026-08-06 18:51:14,390,635,570,4
2026-08-06 18:51:15,389,634,581,4
2026-08-06 18:51:16,391,630,567,4
2026-08-06 18:51:17,391,638,572,4
2026-08-06 18:51:18,391,641,567,4
2026-08-06 18:51:19,390,632,580,4
2026-08-06 18:51:20,389,633,574,4
2026-08-06 18:51:21,392,636,565,4
2026-08-06 18:51:22,392,633,568,4
2026-08-06 18:51:23,391,632,573,4
2026-08-06 18:51:24,392,630,580,4
2026-08-06 18:51:25,390,638,582,4
2026-08-06 18:51:26,393,636,570,4
2026-08-06 18:51:27,392,636,580,4
2026-08-06 18:51:28,390,636,572,4
2026-08-06 18:51:29,394,637,569,4
2026-08-06 18:51:30,393,633,578,4
2026-08-06 18:51:31,391,636,575,4
2026-08-06 18:51:32,393,639,572,4
2026-08-06 18:51:33,391,633,573,4
2026-08-06 18:51:34,388,636,570,4
2026-08-06 18:51:36,393,636,576,4
2026-08-06 18:51:36,391,635,574,4
2026-08-06 18:51:37,391,630,580,4
2026-08-06 18:51:38,391,639,573,4
2026-08-06 18:51:39,392,636,583,4
2026-08-06 18:51:40,389,638,573,4
2026-08-06 18:51:41,392,631,577,4
2026-08-06 18:51:42,390,630,573,4
2026-08-06 18:51:43,392,634,572,4
2026-08-06 18:51:44,391,636,574,4
2026-08-06 18:51:45,391,636,569,4
2026-08-06 18:51:46,390,632,577,4
2026-08-06 18:51:47,389,634,566,4
2026-08-06 18:51:48,392,639,575,4
2026-08-06 18:51:49,389,637,573,4
2026-08-06 18:51:50,392,635,570,4
2026-08-06 18:51:51,389,640,568,4
2026-08-06 18:51:52,393,637,571,4
2026-08-06 18:51:53,391,636,577,4
2026-08-06 18:51:54,391,636,575,4
2026-08-06 18:51:55,391,637,577,4
2026-08-06 18:51:56,389,637,582,4
2026-08-06 18:51:57,392,635,573,4
2026-08-06 18:51:58,391,635,572,4
2026-08-06 18:51:59,393,634,573,4
2026-08-06 18:52:00,391,635,570,4
2026-08-06 18:52:01,392,636,570,4
2026-08-06 18:52:02,390,630,574,4
2026-08-06 18:52:03,391,637,577,4
2026-08-06 18:52:04,389,633,579,4
2026-08-06 18:52:05,392,636,568,4
2026-08-06 18:52:06,389,635,572,4
2026-08-06 18:52:07,390,636,571,4
2026-08-06 18:52:08,391,628,568,4
2026-08-06 18:52:09,389,632,577,4
2026-08-06 18:52:10,392,634,569,4
2026-08-06 18:52:11,390,637,572,4
2026-08-06 18:52:12,389,636,579,4
2026-08-06 18:52:13,393,634,578,4
2026-08-06 18:52:16,391,637,574,4
2026-08-06 18:52:16,390,636,576,4
2026-08-06 18:52:16,390,639,577,4
2026-08-06 18:52:17,393,640,570,4
2026-08-06 18:52:18,391,628,576,4
2026-08-06 18:52:19,394,633,572,4
2026-08-06 18:52:20,391,632,570,4
2026-08-06 18:52:21,388,634,576,4
2026-08-06 18:52:22,386,634,578,4
2026-08-06 18:52:23,388,633,573,4
2026-08-06 18:52:24,391,631,569,4
2026-08-06 18:52:25,389,634,571,4
2026-08-06 18:52:26,390,636,574,4
2026-08-06 18:52:27,392,636,575,4
2026-08-06 18:52:28,391,629,563,4
2026-08-06 18:52:29,392,632,564,4
2026-08-06 18:52:30,392,634,567,4
2026-08-06 18:52:31,391,630,581,4
2026-08-06 18:52:32,389,638,566,4
2026-08-06 18:52:33,392,635,571,4
2026-08-06 18:52:34,390,636,574,4
2026-08-06 18:52:35,389,635,567,4
2026-08-06 18:52:36,393,636,577,4
2026-08-06 18:52:37,391,633,572,4
2026-08-06 18:52:38,392,629,569,4
2026-08-06 18:52:39,389,636,575,4
2026-08-06 18:52:40,391,634,579,4
2026-08-06 18:52:41,391,636,575,4
2026-08-06 18:52:42,389,632,566,4
2026-08-06 18:52:43,391,635,577,4
2026-08-06 18:52:44,390,633,569,4
2026-08-06 18:52:45,391,635,576,4
2026-08-06 18:52:46,391,637,572,4
2026-08-06 18:52:47,386,631,580,4
2026-08-06 18:52:48,391,636,571,4
2026-08-06 18:52:49,391,636,581,4
2026-08-06 18:52:51,390,635,574,4
2026-08-06 18:52:51,392,632,568,4
2026-08-06 18:52:52,391,634,572,4
2026-08-06 18:52:53,390,637,573,4
2026-08-06 18:52:54,390,630,575,4
2026-08-06 18:52:55,390,637,566,4
2026-08-06 18:52:56,388,633,571,4
2026-08-06 18:52:57,393,630,575,4
2026-08-06 18:52:58,390,629,561,4
2026-08-06 18:52:59,389,632,572,4
2026-08-06 18:53:00,391,634,571,4
2026-08-06 18:53:01,391,634,571,4
2026-08-06 18:53:02,390,637,565,4
2026-08-06 18:53:03,390,633,569,4
2026-08-06 18:53:04,392,629,578,4
2026-08-06 18:53:05,391,634,563,4
2026-08-06 18:53:06,392,636,574,4
2026-08-06 18:53:07,391,637,575,4
2026-08-06 18:53:08,391,637,565,4
2026-08-06 18:53:09,393,637,574,4
2026-08-06 18:53:10,389,635,581,4
2026-08-06 18:53:11,391,630,569,4
2026-08-06 18:53:12,393,633,573,4
2026-08-06 18:53:13,390,633,565,4
2026-08-06 18:53:14,391,634,573,4
2026-08-06 18:53:15,394,635,576,4
2026-08-06 18:53:16,391,635,564,4
2026-08-06 18:53:17,391,634,574,4
2026-08-06 18:53:18,387,631,571,4
2026-08-06 18:53:19,389,628,587,4
2026-08-06 18:53:20,390,637,565,4
2026-08-06 18:53:21,392,636,567,4
2026-08-06 18:53:22,389,640,571,4
2026-08-06 18:53:23,390,634,577,4
2026-08-06 18:53:24,389,636,567,4
2026-08-06 18:53:25,391,632,574,4
2026-08-06 18:53:26,392,636,578,4
2026-08-06 18:53:27,392,636,566,4
2026-08-06 18:53:28,392,639,574,4
2026-08-06 18:53:29,390,636,575,4
2026-08-06 18:53:30,392,633,570,4
2026-08-06 18:53:31,391,634,567,4
2026-08-06 18:53:32,392,637,568,4
2026-08-06 18:53:33,388,633,576,4
2026-08-06 18:53:34,391,634,567,4
2026-08-06 18:53:35,391,634,577,4
2026-08-06 18:53:36,393,638,562,4
2026-08-06 18:53:37,392,634,574,4
2026-08-06 18:53:38,389,638,571,4
2026-08-06 18:53:39,392,632,571,4
2026-08-06 18:53:40,391,637,574,4
2026-08-06 18:53:41,389,633,579,4
2026-08-06 18:53:42,388,637,574,4
2026-08-06 18:53:43,390,637,564,4
2026-08-06 18:53:44,390,637,565,4
2026-08-06 18:53:45,389,635,575,4
2026-08-06 18:53:46,391,635,573,4
2026-08-06 18:53:47,391,637,572,4
2026-08-06 18:53:48,392,640,571,4
2026-08-06 18:53:49,389,636,573,4
2026-08-06 18:53:50,392,636,570,4
2026-08-06 18:53:51,392,635,574,4
2026-08-06 18:53:52,391,637,574,4
2026-08-06 18:53:53,392,635,565,4
2026-08-06 18:53:54,393,634,573,4
2026-08-06 18:53:55,391,640,568,4
2026-08-06 18:53:56,389,640,573,4
2026-08-06 18:53:57,391,633,567,4
2026-08-06 18:53:58,390,634,574,4
2026-08-06 18:53:59,391,636,573,4
2026-08-06 18:54:00,392,632,568,4
2026-08-06 18:54:01,389,634,567,4
2026-08-06 18:54:02,389,629,560,4
2026-08-06 18:54:03,389,635,575,4
2026-08-06 18:54:04,389,637,576,4
2026-08-06 18:54:05,392,632,560,4
2026-08-06 18:54:06,391,633,577,4
2026-08-06 18:54:07,390,635,577,4
2026-08-06 18:54:08,392,635,571,4
2026-08-06 18:54:09,392,633,572,4
2026-08-06 18:54:10,394,629,565,4
2026-08-06 18:54:11,391,635,566,4
2026-08-06 18:54:12,388,628,572,4
2026-08-06 18:54:13,388,640,572,4
2026-08-06 18:54:14,390,635,573,4
2026-08-06 18:54:15,392,636,575,4
2026-08-06 18:54:16,387,631,572,4
2026-08-06 18:54:17,391,644,574,4
2026-08-06 18:54:18,385,635,578,4
2026-08-06 18:54:19,390,636,574,4
2026-08-06 18:54:20,391,637,570,4
2026-08-06 18:54:21,389,634,573,4
2026-08-06 18:54:22,394,629,568,4
2026-08-06 18:54:23,390,631,574,4
2026-08-06 18:54:24,391,635,575,4
2026-08-06 18:54:25,390,636,578,4
2026-08-06 18:54:26,393,634,572,4
2026-08-06 18:54:27,389,634,570,4
2026-08-06 18:54:28,393,636,576,4
2026-08-06 18:54:29,392,634,572,4
2026-08-06 18:54:30,393,635,566,4
2026-08-06 18:54:31,389,637,562,4
2026-08-06 18:54:32,392,634,579,4
2026-08-06 18:54:33,391,634,569,4
2026-08-06 18:54:34,391,635,571,4
2026-08-06 18:54:35,391,638,578,4
2026-08-06 18:54:36,391,625,574,4
2026-08-06 18:54:37,390,636,558,4
2026-08-06 18:54:38,391,635,576,4
2026-08-06 18:54:39,390,634,579,4
2026-08-06 18:54:40,390,639,570,4
2026-08-06 18:54:41,389,628,574,4
2026-08-06 18:54:42,389,636,575,4
2026-08-06 18:54:43,387,630,572,4
2026-08-06 18:54:44,389,628,571,4
2026-08-06 18:54:45,391,636,571,4
2026-08-06 18:54:46,391,636,565,4
2026-08-06 18:54:47,391,630,571,4
2026-08-06 18:54:48,392,634,567,4
2026-08-06 18:54:49,390,638,566,4
2026-08-06 18:54:50,393,634,559,4
2026-08-06 18:54:51,391,636,567,4
2026-08-06 18:54:52,392,638,580,4
2026-08-06 18:54:53,390,635,565,4
2026-08-06 18:54:54,391,633,570,4
2026-08-06 18:54:55,390,634,582,4
2026-08-06 18:54:56,388,631,575,4
2026-08-06 18:54:57,388,625,572,4
2026-08-06 18:54:58,390,635,585,4
2026-08-06 18:54:59,387,634,578,4
2026-08-06 18:55:00,391,637,581,4
2026-08-06 18:55:01,390,634,571,4
2026-08-06 18:55:02,392,641,574,4
2026-08-06 18:55:03,390,635,575,4
2026-08-06 18:55:04,388,636,576,4
2026-08-06 18:55:05,391,635,568,4
2026-08-06 18:55:06,388,632,568,4
2026-08-06 18:55:07,388,636,573,4
2026-08-06 18:55:08,389,639,574,4
2026-08-06 18:55:09,392,636,571,4
2026-08-06 18:55:10,387,635,574,4
2026-08-06 18:55:11,389,630,571,4
2026-08-06 18:55:12,390,634,576,4
2026-08-06 18:55:13,390,634,578,4
2026-08-06 18:55:14,391,632,577,4
2026-08-06 18:55:15,391,633,576,4
2026-08-06 18:55:16,391,637,573,4
2026-08-06 18:55:17,391,633,578,4
2026-08-06 18:55:18,391,631,575,4
2026-08-06 18:55:19,390,640,569,4
2026-08-06 18:55:20,392,635,574,4
2026-08-06 18:55:21,391,635,564,4
2026-08-06 18:55:22,392,633,576,4
2026-08-06 18:55:23,392,634,577,4
2026-08-06 18:55:24,392,636,581,4
2026-08-06 18:55:25,389,634,572,4
2026-08-06 18:55:26,391,639,574,4
2026-08-06 18:55:27,390,637,577,4
2026-08-06 18:55:28,395,638,584,4
2026-08-06 18:55:29,389,636,579,4
2026-08-06 18:55:30,391,640,564,4
2026-08-06 18:55:31,388,636,578,4
2026-08-06 18:55:32,392,640,567,4
2026-08-06 18:55:33,394,637,567,4
2026-08-06 18:55:34,392,632,570,4
2026-08-06 18:55:35,392,637,568,4
2026-08-06 18:55:36,390,633,567,4
2026-08-06 18:55:37,390,633,576,4
2026-08-06 18:55:38,391,631,567,4
2026-08-06 18:55:39,391,631,568,4
2026-08-06 18:55:40,392,632,561,4
2026-08-06 18:55:41,389,633,579,4
2026-08-06 18:55:42,390,637,564,4
2026-08-06 18:55:43,390,633,571,4
2026-08-06 18:55:44,390,630,570,4
2026-08-06 18:55:45,391,629,569,4
2026-08-06 18:55:46,391,634,576,4
2026-08-06 18:55:47,392,632,573,4
2026-08-06 18:55:48,395,633,576,4
2026-08-06 18:55:49,391,634,571,4
2026-08-06 18:55:50,391,634,573,4
2026-08-06 18:55:51,389,633,563,4
2026-08-06 18:55:52,391,631,575,4
2026-08-06 18:55:53,391,636,569,4
2026-08-06 18:55:54,392,628,575,4
2026-08-06 18:55:55,390,633,576,4
2026-08-06 18:55:56,390,633,579,4
2026-08-06 18:55:57,391,635,567,4
2026-08-06 18:55:58,390,635,571,4
2026-08-06 18:55:59,392,635,577,4
2026-08-06 18:56:00,392,633,573,4
2026-08-06 18:56:01,392,636,575,4
2026-08-06 18:56:02,390,632,576,4
2026-08-06 18:56:03,392,630,567,4
2026-08-06 18:56:04,390,631,570,4
2026-08-06 18:56:05,391,634,577,4
2026-08-06 18:56:06,391,635,578,4
2026-08-06 18:56:07,392,634,572,4
2026-08-06 18:56:08,391,631,582,4
2026-08-06 18:56:09,390,632,576,4
2026-08-06 18:56:10,391,638,569,4
2026-08-06 18:56:11,390,633,564,4
2026-08-06 18:56:12,391,631,579,4
2026-08-06 18:56:13,392,636,569,4
2026-08-06 18:56:14,392,631,570,4
2026-08-06 18:56:15,392,636,584,4
2026-08-06 18:56:16,390,632,576,4
2026-08-06 18:56:17,392,637,577,4
2026-08-06 18:56:18,391,635,576,4
2026-08-06 18:56:19,390,637,568,4
2026-08-06 18:56:20,388,632,576,4
2026-08-06 18:56:21,390,633,574,4
2026-08-06 18:56:22,391,633,571,4
2026-08-06 18:56:23,391,637,564,4
2026-08-06 18:56:24,393,638,567,4
2026-08-06 18:56:25,393,631,570,4
2026-08-06 18:56:26,392,631,577,4
2026-08-06 18:56:27,389,639,567,4
2026-08-06 18:56:28,389,633,575,4
2026-08-06 18:56:29,392,627,576,4
2026-08-06 18:56:30,390,630,572,4
2026-08-06 18:56:31,389,637,569,4
2026-08-06 18:56:32,392,634,576,4
2026-08-06 18:56:33,390,634,565,4
2026-08-06 18:56:34,389,633,572,4
2026-08-06 18:56:35,391,635,568,4
2026-08-06 18:56:36,390,634,571,4
2026-08-06 18:56:37,387,633,574,4
2026-08-06 18:56:38,393,631,568,4
2026-08-06 18:56:39,391,634,572,4
2026-08-06 18:56:40,390,638,572,4
2026-08-06 18:56:41,393,633,573,4
2026-08-06 18:56:42,390,633,570,4
2026-08-06 18:56:43,390,630,574,4
2026-08-06 18:56:44,392,637,574,4
2026-08-06 18:56:45,392,637,562,4
2026-08-06 18:56:46,389,639,566,4
2026-08-06 18:56:47,392,633,575,4
2026-08-06 18:56:48,390,632,578,4
2026-08-06 18:56:49,390,635,567,4
2026-08-06 18:56:50,391,637,565,4
2026-08-06 18:56:51,389,633,580,4
2026-08-06 18:56:52,390,644,570,4
2026-08-06 18:56:53,389,636,571,4
2026-08-06 18:56:54,389,625,574,4
2026-08-06 18:56:55,389,634,573,4
2026-08-06 18:56:56,389,637,572,4
2026-08-06 18:56:57,391,626,564,4
2026-08-06 18:56:58,390,639,575,4
2026-08-06 18:56:59,391,633,565,4
2026-08-06 18:57:00,391,634,578,4
2026-08-06 18:57:01,390,641,569,4
2026-08-06 18:57:02,391,636,570,4
2026-08-06 18:57:03,390,629,566,4
2026-08-06 18:57:04,390,634,572,4
2026-08-06 18:57:05,389,635,578,4
2026-08-06 18:57:06,389,636,570,4
2026-08-06 18:57:07,389,637,578,4
2026-08-06 18:57:08,391,627,572,4
2026-08-06 18:57:09,392,634,575,4
2026-08-06 18:57:10,390,634,572,4
2026-08-06 18:57:11,393,632,569,4
2026-08-06 18:57:12,389,633,575,4
2026-08-06 18:57:13,388,633,571,4
2026-08-06 18:57:14,393,638,578,4
2026-08-06 18:57:15,391,633,564,4
2026-08-06 18:57:16,391,639,571,4
2026-08-06 18:57:17,390,636,568,4
2026-08-06 18:57:18,391,637,576,4
2026-08-06 18:57:19,390,637,575,4
2026-08-06 18:57:20,392,632,573,4
2026-08-06 18:57:21,389,637,577,4
2026-08-06 18:57:22,389,640,570,4
2026-08-06 18:57:23,390,632,574,4
2026-08-06 18:57:24,389,635,563,4
2026-08-06 18:57:25,389,633,581,4
2026-08-06 18:57:26,391,638,566,4
2026-08-06 18:57:27,392,637,569,4
2026-08-06 18:57:28,392,637,574,4
2026-08-06 18:57:29,392,640,570,4
2026-08-06 18:57:30,390,634,573,4
2026-08-06 18:57:31,390,635,569,4
2026-08-06 18:57:32,392,633,575,4
2026-08-06 18:57:33,391,633,562,4
2026-08-06 18:57:34,389,635,571,4
2026-08-06 18:57:35,391,636,577,4
2026-08-06 18:57:36,391,633,582,4
2026-08-06 18:57:37,393,632,570,4
2026-08-06 18:57:38,390,631,568,4
2026-08-06 18:57:39,390,637,574,4
2026-08-06 18:57:40,390,635,572,4
2026-08-06 18:57:41,391,634,572,4
2026-08-06 18:57:42,390,637,570,4
2026-08-06 18:57:43,388,638,564,4
2026-08-06 18:57:44,391,635,576,4
2026-08-06 18:57:45,391,632,567,4
2026-08-06 18:57:46,390,639,569,4
2026-08-06 18:57:47,390,637,573,4
2026-08-06 18:57:48,391,632,579,4
2026-08-06 18:57:49,390,637,582,4
2026-08-06 18:57:50,387,636,586,4
2026-08-06 18:57:51,392,638,583,4
2026-08-06 18:57:52,390,638,580,4
2026-08-06 18:57:53,390,634,570,4
2026-08-06 18:57:54,390,634,576,4
2026-08-06 18:57:55,392,638,567,4
2026-08-06 18:57:56,391,635,569,4
2026-08-06 18:57:57,391,633,569,4
2026-08-06 18:57:58,392,637,575,4
2026-08-06 18:57:59,391,637,573,4
2026-08-06 18:58:00,389,631,565,4
2026-08-06 18:58:01,391,636,573,4
2026-08-06 18:58:02,392,631,571,4
2026-08-06 18:58:03,392,637,570,4
2026-08-06 18:58:04,392,632,567,4
2026-08-06 18:58:05,389,631,576,4
2026-08-06 18:58:06,391,632,575,4
2026-08-06 18:58:07,391,631,578,4
2026-08-06 18:58:08,388,634,574,4
2026-08-06 18:58:09,391,635,565,4
2026-08-06 18:58:10,390,631,577,4
2026-08-06 18:58:11,391,629,574,4
2026-08-06 18:58:12,392,638,571,4
2026-08-06 18:58:13,390,639,572,4
2026-08-06 18:58:14,391,636,568,4
2026-08-06 18:58:15,391,635,569,4
2026-08-06 18:58:16,390,633,571,4
2026-08-06 18:58:17,391,634,572,4
2026-08-06 18:58:18,389,632,570,4
2026-08-06 18:58:19,388,633,569,4
2026-08-06 18:58:20,392,637,576,4
2026-08-06 18:58:21,391,635,574,4
2026-08-06 18:58:22,389,634,578,4
2026-08-06 18:58:23,387,633,578,4
2026-08-06 18:58:24,388,637,570,4
2026-08-06 18:58:25,390,635,567,4
2026-08-06 18:58:26,390,638,568,4
2026-08-06 18:58:27,390,638,569,4
2026-08-06 18:58:28,390,635,576,4
2026-08-06 18:58:29,391,637,564,4
2026-08-06 18:58:30,390,636,570,4
2026-08-06 18:58:31,391,640,573,4
2026-08-06 18:58:32,391,629,572,4
2026-08-06 18:58:33,390,637,579,4
2026-08-06 18:58:34,391,634,574,4
2026-08-06 18:58:35,389,634,577,4
2026-08-06 18:58:36,388,640,572,4
2026-08-06 18:58:37,389,630,563,4
2026-08-06 18:58:38,390,635,570,4
2026-08-06 18:58:39,393,636,580,4
2026-08-06 18:58:40,390,632,569,4
2026-08-06 18:58:41,388,632,565,4
2026-08-06 18:58:42,391,639,564,4
2026-08-06 18:58:43,390,637,567,4
2026-08-06 18:58:44,392,636,567,4
2026-08-06 18:58:45,389,631,563,4
2026-08-06 18:58:46,390,634,568,4
2026-08-06 18:58:47,390,632,579,4
2026-08-06 18:58:48,393,640,565,4
2026-08-06 18:58:49,390,633,577,4
2026-08-06 18:58:50,392,636,568,4
2026-08-06 18:58:51,391,630,568,4
2026-08-06 18:58:52,389,641,565,4
2026-08-06 18:58:53,392,634,571,4
2026-08-06 18:58:54,390,634,577,4
2026-08-06 18:58:55,389,633,578,4
2026-08-06 18:58:56,390,635,574,4
2026-08-06 18:58:57,389,638,570,4
2026-08-06 18:58:58,392,637,573,4
2026-08-06 18:58:59,392,632,576,4
2026-08-06 18:59:00,389,633,576,4
2026-08-06 18:59:01,389,631,571,4
2026-08-06 18:59:02,392,635,574,4
2026-08-06 18:59:03,392,634,565,4
2026-08-06 18:59:04,391,634,566,4
2026-08-06 18:59:05,391,637,564,4
2026-08-06 18:59:06,391,638,565,4
2026-08-06 18:59:07,391,633,572,4
2026-08-06 18:59:08,390,634,569,4
2026-08-06 18:59:09,391,635,574,4
2026-08-06 18:59:10,391,636,574,4
2026-08-06 18:59:11,388,640,581,4
2026-08-06 18:59:12,391,636,570,4
2026-08-06 18:59:13,391,634,558,4
2026-08-06 18:59:14,389,635,567,4
2026-08-06 18:59:15,390,636,574,4
2026-08-06 18:59:16,392,641,561,4
2026-08-06 18:59:17,390,633,572,4
2026-08-06 18:59:18,390,638,576,4
2026-08-06 18:59:19,393,633,568,4
2026-08-06 18:59:20,390,630,581,4
2026-08-06 18:59:21,391,637,562,4
2026-08-06 18:59:22,393,636,571,4
2026-08-06 18:59:23,390,636,564,4
2026-08-06 18:59:24,391,636,563,4
2026-08-06 18:59:25,392,635,574,4
2026-08-06 18:59:26,391,638,573,4
2026-08-06 18:59:27,390,633,570,4
2026-08-06 18:59:28,391,637,577,4
2026-08-06 18:59:29,389,631,575,4
2026-08-06 18:59:30,390,635,570,4
2026-08-06 18:59:31,389,636,570,4
2026-08-06 18:59:32,392,635,569,4
2026-08-06 18:59:33,392,633,565,4
2026-08-06 18:59:34,391,637,571,4
2026-08-06 18:59:35,392,637,574,4
2026-08-06 18:59:36,389,630,577,4
2026-08-06 18:59:37,392,635,573,4
2026-08-06 18:59:38,392,636,561,4
2026-08-06 18:59:39,389,639,565,4
2026-08-06 18:59:40,392,636,570,4
2026-08-06 18:59:41,390,633,564,4
2026-08-06 18:59:42,392,637,570,4
2026-08-06 18:59:43,392,636,572,4
2026-08-06 18:59:44,392,632,567,4
2026-08-06 18:59:45,393,635,576,4
2026-08-06 18:59:46,391,635,572,4
2026-08-06 18:59:47,391,630,575,4
2026-08-06 18:59:48,390,631,572,4
2026-08-06 18:59:49,387,637,577,4
2026-08-06 18:59:50,391,634,573,4
2026-08-06 18:59:51,389,635,572,4
2026-08-06 18:59:52,389,636,573,4
2026-08-06 18:59:53,391,631,565,4
2026-08-06 18:59:54,392,631,580,4
2026-08-06 18:59:55,394,632,570,4
2026-08-06 18:59:56,389,636,567,4
2026-08-06 18:59:57,392,634,581,4
2026-08-06 18:59:58,388,632,585,4
2026-08-06 18:59:59,390,634,582,4
2026-08-06 19:00:00,389,633,567,4
2026-08-06 19:00:01,390,640,567,4
2026-08-06 19:00:02,391,636,568,4
2026-08-06 19:00:03,391,643,575,4
2026-08-06 19:00:04,390,635,572,4
2026-08-06 19:00:05,388,634,580,4
2026-08-06 19:00:06,385,633,579,4
2026-08-06 19:00:07,392,635,571,4
2026-08-06 19:00:08,391,633,577,4
2026-08-06 19:00:09,389,634,579,4
2026-08-06 19:00:10,393,636,562,4
2026-08-06 19:00:11,394,636,579,4
2026-08-06 19:00:12,392,632,567,4
2026-08-06 19:00:13,390,636,567,4
2026-08-06 19:00:14,391,634,576,4
2026-08-06 19:00:15,389,637,569,4
2026-08-06 19:00:16,390,636,575,4
2026-08-06 19:00:17,391,635,572,4
2026-08-06 19:00:18,389,636,567,4
2026-08-06 19:00:19,393,631,566,4
2026-08-06 19:00:20,392,633,569,4
2026-08-06 19:00:21,390,639,575,4
2026-08-06 19:00:22,390,635,574,4
2026-08-06 19:00:23,392,633,575,4
2026-08-06 19:00:24,393,637,567,4
2026-08-06 19:00:25,391,639,576,4
2026-08-06 19:00:26,391,638,566,4
2026-08-06 19:00:27,391,638,570,4
2026-08-06 19:00:28,392,639,574,4
2026-08-06 19:00:29,391,637,581,4
2026-08-06 19:00:30,390,640,559,4
2026-08-06 19:00:31,390,630,566,4
2026-08-06 19:00:32,388,630,572,4
2026-08-06 19:00:33,391,634,567,4
2026-08-06 19:00:34,392,629,564,4
2026-08-06 19:00:35,389,632,577,4
2026-08-06 19:00:36,388,633,572,4
2026-08-06 19:00:37,389,632,574,4
2026-08-06 19:00:38,392,635,567,4
2026-08-06 19:00:39,390,629,575,4
2026-08-06 19:00:40,388,634,578,4
2026-08-06 19:00:41,392,640,572,4
2026-08-06 19:00:42,388,634,570,4
2026-08-06 19:00:43,387,639,572,4
2026-08-06 19:00:44,390,630,575,4
2026-08-06 19:00:45,390,637,565,4
2026-08-06 19:00:46,391,629,567,4
2026-08-06 19:00:47,391,629,572,4
2026-08-06 19:00:48,390,640,567,4
2026-08-06 19:00:49,390,642,569,4
2026-08-06 19:00:50,390,635,571,4
2026-08-06 19:00:51,391,638,567,4
2026-08-06 19:00:52,391,640,579,4
2026-08-06 19:00:53,396,634,568,4
2026-08-06 19:00:54,392,629,559,4
2026-08-06 19:00:55,392,642,571,4
2026-08-06 19:00:56,394,633,581,4
2026-08-06 19:00:57,391,634,570,4
2026-08-06 19:00:58,391,636,562,4
2026-08-06 19:00:59,388,633,577,4
2026-08-06 19:01:00,388,632,573,4
2026-08-06 19:01:01,392,637,570,4
2026-08-06 19:01:02,390,637,570,4
2026-08-06 19:01:03,390,636,583,4
2026-08-06 19:01:04,389,635,569,4
2026-08-06 19:01:05,391,635,573,4
2026-08-06 19:01:06,392,629,577,4
2026-08-06 19:01:07,391,632,578,4
2026-08-06 19:01:08,390,633,566,4
2026-08-06 19:01:09,392,638,568,4
2026-08-06 19:01:10,390,635,561,4
2026-08-06 19:01:11,391,638,571,4
2026-08-06 19:01:12,388,634,569,4
2026-08-06 19:01:13,390,634,574,4
2026-08-06 19:01:14,388,628,575,4
2026-08-06 19:01:15,386,631,576,4
2026-08-06 19:01:16,389,635,572,4
2026-08-06 19:01:17,390,641,563,4
2026-08-06 19:01:18,390,626,577,4
2026-08-06 19:01:19,391,634,571,4
2026-08-06 19:01:20,392,629,564,4
2026-08-06 19:01:21,393,635,570,4
2026-08-06 19:01:22,389,641,585,4
2026-08-06 19:01:23,391,635,576,4
2026-08-06 19:01:24,387,630,565,4
2026-08-06 19:01:25,385,636,564,4
2026-08-06 19:01:26,391,628,580,4
2026-08-06 19:01:27,392,634,569,4
2026-08-06 19:01:28,393,637,575,4
2026-08-06 19:01:29,390,631,564,4
2026-08-06 19:01:30,390,627,567,4
2026-08-06 19:01:31,391,634,566,4
2026-08-06 19:01:32,391,631,571,4
2026-08-06 19:01:33,388,636,574,4
2026-08-06 19:01:34,389,641,573,4
2026-08-06 19:01:35,389,636,570,4
2026-08-06 19:01:36,391,637,579,4
2026-08-06 19:01:37,390,639,579,4
2026-08-06 19:01:38,390,634,572,4
2026-08-06 19:01:39,391,631,558,4
2026-08-06 19:01:40,391,636,572,4
2026-08-06 19:01:41,393,631,578,4
2026-08-06 19:01:42,390,640,564,4
2026-08-06 19:01:43,391,639,567,4
2026-08-06 19:01:44,393,639,574,4
2026-08-06 19:01:45,390,637,568,4
2026-08-06 19:01:46,391,633,578,4
2026-08-06 19:01:47,392,636,566,4
2026-08-06 19:01:48,391,635,578,4
2026-08-06 19:01:49,391,637,564,4
2026-08-06 19:01:50,390,636,571,4
2026-08-06 19:01:51,389,636,569,4
2026-08-06 19:01:52,388,631,569,4
2026-08-06 19:01:53,391,635,570,4
2026-08-06 19:01:54,390,633,573,4
2026-08-06 19:01:55,391,637,572,4
2026-08-06 19:01:56,388,639,565,4
2026-08-06 19:01:57,390,636,571,4
2026-08-06 19:01:58,390,630,570,4
2026-08-06 19:01:59,391,639,569,4
2026-08-06 19:02:00,392,633,568,4
2026-08-06 19:02:01,395,630,570,4
2026-08-06 19:02:02,390,637,571,4
2026-08-06 19:02:03,392,634,570,4
2026-08-06 19:02:04,389,637,564,4
2026-08-06 19:02:05,391,633,575,4
2026-08-06 19:02:06,392,637,580,4
2026-08-06 19:02:07,389,635,575,4
2026-08-06 19:02:08,391,631,571,4
2026-08-06 19:02:09,393,634,568,4
2026-08-06 19:02:10,390,632,571,4
2026-08-06 19:02:11,391,634,569,4
2026-08-06 19:02:12,391,634,564,4
2026-08-06 19:02:13,395,639,568,4
2026-08-06 19:02:14,391,636,573,4
2026-08-06 19:02:15,390,638,563,4
2026-08-06 19:02:16,388,632,571,4
2026-08-06 19:02:17,390,636,574,4
2026-08-06 19:02:18,388,630,569,4
2026-08-06 19:02:19,392,637,567,4
2026-08-06 19:02:20,391,629,567,4
2026-08-06 19:02:21,390,638,567,4
2026-08-06 19:02:22,392,634,573,4
2026-08-06 19:02:23,391,631,571,4
2026-08-06 19:02:24,391,633,574,4
2026-08-06 19:02:25,391,632,573,4
2026-08-06 19:02:26,392,633,564,4
2026-08-06 19:02:27,391,634,575,4
2026-08-06 19:02:28,391,636,571,4
2026-08-06 19:02:29,391,634,568,4
2026-08-06 19:02:30,390,635,565,4
2026-08-06 19:02:31,389,630,575,4
2026-08-06 19:02:32,391,635,564,4
2026-08-06 19:02:33,389,635,579,4
2026-08-06 19:02:34,392,637,580,4
2026-08-06 19:02:35,392,640,568,4
2026-08-06 19:02:36,390,636,565,4
2026-08-06 19:02:37,390,634,577,4
2026-08-06 19:02:38,391,637,569,4
2026-08-06 19:02:39,389,632,566,4
2026-08-06 19:02:40,391,635,565,4
2026-08-06 19:02:41,391,635,561,4
2026-08-06 19:02:42,390,636,581,4
2026-08-06 19:02:43,390,639,570,4
2026-08-06 19:02:44,390,632,565,4
2026-08-06 19:02:45,390,635,569,4
2026-08-06 19:02:46,390,634,577,4
2026-08-06 19:02:47,390,639,570,4
2026-08-06 19:02:48,390,636,578,4
2026-08-06 19:02:49,391,634,568,4
2026-08-06 19:02:50,390,631,571,4
2026-08-06 19:02:51,390,635,571,4
2026-08-06 19:02:52,392,636,573,4
2026-08-06 19:02:53,389,637,576,4
2026-08-06 19:02:54,390,637,567,4
2026-08-06 19:02:55,390,636,568,4
2026-08-06 19:02:56,391,637,582,4
2026-08-06 19:02:57,390,632,570,4
2026-08-06 19:02:58,393,632,575,4
2026-08-06 19:02:59,390,638,576,4
2026-08-06 19:03:00,391,644,573,4
2026-08-06 19:03:01,389,635,572,4
2026-08-06 19:03:02,393,636,577,4
2026-08-06 19:03:03,389,635,568,4
2026-08-06 19:03:04,391,633,568,4
2026-08-06 19:03:05,389,637,570,4
2026-08-06 19:03:06,391,631,571,4
2026-08-06 19:03:07,391,638,569,4
2026-08-06 19:03:08,391,637,569,4
2026-08-06 19:03:09,389,634,570,4
2026-08-06 19:03:10,390,633,570,4
2026-08-06 19:03:11,391,637,568,4
2026-08-06 19:03:12,393,633,573,4
2026-08-06 19:03:13,389,639,576,4
2026-08-06 19:03:14,392,634,579,4
2026-08-06 19:03:15,391,630,569,4
2026-08-06 19:03:16,390,635,574,4
2026-08-06 19:03:17,389,636,569,4
2026-08-06 19:03:18,391,635,570,4
2026-08-06 19:03:19,392,642,571,4
2026-08-06 19:03:20,391,636,567,4
2026-08-06 19:03:21,392,634,575,4
2026-08-06 19:03:22,390,630,566,4
2026-08-06 19:03:23,390,630,577,4
2026-08-06 19:03:24,389,635,563,4
2026-08-06 19:03:25,390,639,571,4
2026-08-06 19:03:26,392,635,561,4
2026-08-06 19:03:27,390,634,573,4
2026-08-06 19:03:28,391,630,572,4
2026-08-06 19:03:29,391,630,574,4
2026-08-06 19:03:30,392,635,567,4
2026-08-06 19:03:31,389,636,569,4
2026-08-06 19:03:32,388,637,573,4
2026-08-06 19:03:33,391,638,572,4
2026-08-06 19:03:34,392,636,573,4
2026-08-06 19:03:35,389,636,565,4
2026-08-06 19:03:36,391,633,574,4
2026-08-06 19:03:37,392,636,577,4
2026-08-06 19:03:38,391,634,572,4
2026-08-06 19:03:39,389,634,573,4
2026-08-06 19:03:40,389,634,567,4
2026-08-06 19:03:41,388,636,572,4
2026-08-06 19:03:42,392,636,562,4
2026-08-06 19:03:43,389,639,572,4
2026-08-06 19:03:44,390,633,562,4
2026-08-06 19:03:45,392,639,576,4
2026-08-06 19:03:46,391,634,569,4
2026-08-06 19:03:47,391,642,579,4
2026-08-06 19:03:48,391,638,570,4
2026-08-06 19:03:49,389,634,574,4
2026-08-06 19:03:50,389,640,574,4
2026-08-06 19:03:51,390,640,566,4
2026-08-06 19:03:52,389,635,573,4
2026-08-06 19:03:53,390,635,571,4
2026-08-06 19:03:54,391,632,567,4
2026-08-06 19:03:55,388,635,574,4
2026-08-06 19:03:56,391,638,571,4
2026-08-06 19:03:57,392,637,559,4
2026-08-06 19:03:58,390,637,571,4
2026-08-06 19:03:59,390,632,570,4
2026-08-06 19:04:00,390,633,577,4
2026-08-06 19:04:01,389,637,564,4
2026-08-06 19:04:02,391,638,569,4
2026-08-06 19:04:03,392,637,566,4
2026-08-06 19:04:04,389,638,575,4
2026-08-06 19:04:05,392,638,570,4
2026-08-06 19:04:06,391,637,575,4
2026-08-06 19:04:07,388,640,572,4
2026-08-06 19:04:08,391,637,572,4
2026-08-06 19:04:09,388,629,571,4
2026-08-06 19:04:10,391,631,572,4
2026-08-06 19:04:11,391,633,574,4
2026-08-06 19:04:12,392,635,574,4
2026-08-06 19:04:13,391,632,567,4
2026-08-06 19:04:14,389,633,570,4
2026-08-06 19:04:15,388,635,569,4
2026-08-06 19:04:16,391,634,574,4
2026-08-06 19:04:17,394,634,571,4
2026-08-06 19:04:18,391,636,565,4
2026-08-06 19:04:19,390,642,570,4
2026-08-06 19:04:20,389,637,571,4
2026-08-06 19:04:21,388,638,574,4
2026-08-06 19:04:22,389,636,576,4
2026-08-06 19:04:23,392,638,564,4
2026-08-06 19:04:24,388,641,570,4
2026-08-06 19:04:25,387,637,575,4
2026-08-06 19:04:26,390,635,570,4
2026-08-06 19:04:27,389,632,573,4
2026-08-06 19:04:28,391,633,568,4
2026-08-06 19:04:29,390,634,573,4
2026-08-06 19:04:30,389,635,574,4
2026-08-06 19:04:31,388,635,569,4
2026-08-06 19:04:32,392,636,569,4
2026-08-06 19:04:33,389,640,566,4
2026-08-06 19:04:34,391,636,572,4
2026-08-06 19:04:35,393,635,572,4
2026-08-06 19:04:36,389,635,572,4
2026-08-06 19:04:37,390,637,568,4
2026-08-06 19:04:38,391,634,574,4
2026-08-06 19:04:39,392,637,575,4
2026-08-06 19:04:40,391,636,575,4
2026-08-06 19:04:41,391,632,573,4
2026-08-06 19:04:42,389,633,562,4
2026-08-06 19:04:43,392,636,569,4
2026-08-06 19:04:44,387,635,571,4
2026-08-06 19:04:45,390,634,571,4
2026-08-06 19:04:46,393,634,572,4
2026-08-06 19:04:47,388,635,567,4
2026-08-06 19:04:48,390,634,569,4
2026-08-06 19:04:49,391,633,572,4
2026-08-06 19:04:50,390,631,570,4
2026-08-06 19:04:51,390,631,571,4
2026-08-06 19:04:52,390,638,573,4
2026-08-06 19:04:53,388,636,573,4
2026-08-06 19:04:54,394,633,572,4
2026-08-06 19:04:55,391,633,574,4
2026-08-06 19:04:56,389,638,572,4
2026-08-06 19:04:57,390,632,579,4
2026-08-06 19:04:58,390,630,574,4
2026-08-06 19:04:59,387,630,573,4
2026-08-06 19:05:00,389,635,573,4
2026-08-06 19:05:01,392,635,566,4
2026-08-06 19:05:02,390,640,570,4
2026-08-06 19:05:03,389,637,571,4
2026-08-06 19:05:04,388,638,566,4
2026-08-06 19:05:05,390,632,566,4
2026-08-06 19:05:06,390,631,572,4
2026-08-06 19:05:07,389,633,575,4
2026-08-06 19:05:08,389,638,569,4
2026-08-06 19:05:09,392,632,570,4
2026-08-06 19:05:10,391,639,565,4
2026-08-06 19:05:11,392,636,566,4
2026-08-06 19:05:12,391,639,571,4
2026-08-06 19:05:13,387,635,568,4
2026-08-06 19:05:14,390,633,574,4
2026-08-06 19:05:15,390,632,575,4
2026-08-06 19:05:16,391,638,571,4
2026-08-06 19:05:17,389,630,566,4
2026-08-06 19:05:18,387,632,566,4
2026-08-06 19:05:19,391,637,571,4
2026-08-06 19:05:20,389,633,575,4
2026-08-06 19:05:21,391,638,568,4
2026-08-06 19:05:22,390,630,579,4
2026-08-06 19:05:23,391,635,573,4
2026-08-06 19:05:24,390,635,573,4
2026-08-06 19:05:25,389,637,565,4
2026-08-06 19:05:26,390,639,569,4
2026-08-06 19:05:27,391,636,578,4
2026-08-06 19:05:28,391,635,569,4
2026-08-06 19:05:29,390,635,571,4
2026-08-06 19:05:30,390,632,568,4
2026-08-06 19:05:31,390,632,570,4
2026-08-06 19:05:32,392,634,567,4
2026-08-06 19:05:33,389,634,568,4
2026-08-06 19:05:34,391,636,573,4
2026-08-06 19:05:35,389,636,572,4
2026-08-06 19:05:36,393,634,574,4
2026-08-06 19:05:37,390,637,565,4
2026-08-06 19:05:38,391,632,566,4
2026-08-06 19:05:39,389,634,567,4
2026-08-06 19:05:40,388,639,579,4
2026-08-06 19:05:41,389,638,569,4
2026-08-06 19:05:42,391,639,571,4
2026-08-06 19:05:43,392,632,573,4
2026-08-06 19:05:44,391,634,567,4
2026-08-06 19:05:45,391,635,574,4
2026-08-06 19:05:46,391,634,567,4
2026-08-06 19:05:47,392,639,567,4
2026-08-06 19:05:48,391,632,567,4
2026-08-06 19:05:49,390,633,568,4
2026-08-06 19:05:50,390,637,570,4
2026-08-06 19:05:51,392,633,567,4
2026-08-06 19:05:52,392,638,577,4
2026-08-06 19:05:53,393,632,579,4
2026-08-06 19:05:54,390,635,569,4
2026-08-06 19:05:55,387,635,566,4
2026-08-06 19:05:56,390,638,558,4
2026-08-06 19:05:57,391,630,577,4
2026-08-06 19:05:58,391,636,570,4
2026-08-06 19:05:59,392,635,572,4
2026-08-06 19:06:00,388,636,567,4
2026-08-06 19:06:01,390,640,572,4
2026-08-06 19:06:02,390,637,567,4
2026-08-06 19:06:03,391,632,570,4
2026-08-06 19:06:04,390,639,565,4
2026-08-06 19:06:05,389,637,564,4
2026-08-06 19:06:06,391,636,570,4
2026-08-06 19:06:07,388,636,568,4
2026-08-06 19:06:08,387,634,576,4
2026-08-06 19:06:09,391,639,575,4
2026-08-06 19:06:10,389,639,570,4
2026-08-06 19:06:11,388,636,567,4
2026-08-06 19:06:12,391,638,574,4
2026-08-06 19:06:13,390,636,572,4
2026-08-06 19:06:14,391,637,569,4
2026-08-06 19:06:15,390,641,580,4
2026-08-06 19:06:16,390,635,567,4
2026-08-06 19:06:17,389,642,574,4
2026-08-06 19:06:18,390,634,573,4
2026-08-06 19:06:19,392,638,571,4
2026-08-06 19:06:20,388,639,572,4
2026-08-06 19:06:21,391,633,577,4
2026-08-06 19:06:22,389,635,575,4
2026-08-06 19:06:23,391,640,574,4
2026-08-06 19:06:24,388,637,572,4
2026-08-06 19:06:25,391,638,569,4
2026-08-06 19:06:26,389,629,573,4
2026-08-06 19:06:27,390,640,578,4
2026-08-06 19:06:28,392,632,572,4
2026-08-06 19:06:29,390,635,577,4
2026-08-06 19:06:30,390,638,566,4
2026-08-06 19:06:31,388,636,573,4
2026-08-06 19:06:32,391,642,571,4
2026-08-06 19:06:33,391,637,566,4
2026-08-06 19:06:34,391,641,570,4
2026-08-06 19:06:35,390,638,571,4
2026-08-06 19:06:36,389,634,571,4
2026-08-06 19:06:37,386,634,565,4
2026-08-06 19:06:38,391,635,577,4
2026-08-06 19:06:39,385,635,574,4
2026-08-06 19:06:40,390,635,564,4
2026-08-06 19:06:41,387,637,580,4
2026-08-06 19:06:42,392,640,573,4
2026-08-06 19:06:43,389,638,571,4
2026-08-06 19:06:44,391,637,571,4
2026-08-06 19:06:45,390,629,570,4
2026-08-06 19:06:46,393,633,571,4
2026-08-06 19:06:47,390,636,569,4
2026-08-06 19:06:48,389,633,571,4
2026-08-06 19:06:49,390,640,563,4
2026-08-06 19:06:50,393,634,569,4
2026-08-06 19:06:51,391,636,566,4
2026-08-06 19:06:52,391,638,573,4
2026-08-06 19:06:53,389,633,565,4
2026-08-06 19:06:54,391,636,573,4
2026-08-06 19:06:55,392,636,574,4
2026-08-06 19:06:56,390,637,564,4
2026-08-06 19:06:57,391,632,576,4
2026-08-06 19:06:58,389,643,565,4
2026-08-06 19:06:59,388,632,569,4
2026-08-06 19:07:00,393,634,569,4
2026-08-06 19:07:01,389,637,566,4
2026-08-06 19:07:02,391,636,564,4
2026-08-06 19:07:03,392,632,569,4
2026-08-06 19:07:04,391,633,571,4
2026-08-06 19:07:05,390,638,569,4
2026-08-06 19:07:06,390,637,570,4
2026-08-06 19:07:07,391,636,570,4
2026-08-06 19:07:08,389,638,575,4
2026-08-06 19:07:09,391,636,576,4
2026-08-06 19:07:10,392,639,568,4
2026-08-06 19:07:11,393,634,567,4
2026-08-06 19:07:12,389,639,569,4
2026-08-06 19:07:13,388,639,570,4
2026-08-06 19:07:14,391,638,571,4
2026-08-06 19:07:15,391,634,570,4
2026-08-06 19:07:16,390,632,568,4
2026-08-06 19:07:17,391,636,571,4
2026-08-06 19:07:18,391,635,570,4
2026-08-06 19:07:19,390,635,574,4
2026-08-06 19:07:20,389,639,565,4
2026-08-06 19:07:21,387,635,567,4
2026-08-06 19:07:22,388,634,569,4
2026-08-06 19:07:23,389,639,563,4
2026-08-06 19:07:24,390,634,564,4
2026-08-06 19:07:25,390,635,569,4
2026-08-06 19:07:26,387,641,565,4
2026-08-06 19:07:27,390,635,575,4
2026-08-06 19:07:28,391,634,567,4
2026-08-06 19:07:29,383,636,576,4
2026-08-06 19:07:30,387,637,561,4
2026-08-06 19:07:31,391,637,566,4
2026-08-06 19:07:32,390,635,569,4
2026-08-06 19:07:33,388,635,564,4
2026-08-06 19:07:34,390,635,571,4
2026-08-06 19:07:35,387,637,571,4
2026-08-06 19:07:36,390,635,574,4
2026-08-06 19:07:37,391,638,576,4
2026-08-06 19:07:38,388,637,571,4
2026-08-06 19:07:39,392,637,565,4
2026-08-06 19:07:40,389,634,577,4
2026-08-06 19:07:41,389,640,568,4
2026-08-06 19:07:42,389,632,572,4
2026-08-06 19:07:43,392,632,571,4
2026-08-06 19:07:44,389,635,572,4
2026-08-06 19:07:45,391,638,569,4
2026-08-06 19:07:46,390,634,572,4
2026-08-06 19:07:47,390,637,567,4
2026-08-06 19:07:48,389,638,575,4
2026-08-06 19:07:49,387,634,575,4
2026-08-06 19:07:50,391,637,564,4
2026-08-06 19:07:51,390,637,564,4
2026-08-06 19:07:52,390,635,565,4
2026-08-06 19:07:53,391,634,568,4
2026-08-06 19:07:54,390,636,567,4
2026-08-06 19:07:55,389,635,567,4
2026-08-06 19:07:56,390,638,569,4
2026-08-06 19:07:57,389,636,571,4
2026-08-06 19:07:58,391,638,567,4
2026-08-06 19:07:59,390,635,571,4
2026-08-06 19:08:00,389,639,560,4
2026-08-06 19:08:01,389,637,566,4
2026-08-06 19:08:02,386,638,566,4
2026-08-06 19:08:03,392,638,570,4
2026-08-06 19:08:04,389,634,573,4
2026-08-06 19:08:05,392,636,575,4
2026-08-06 19:08:06,392,642,569,4
2026-08-06 19:08:07,393,636,565,4
2026-08-06 19:08:08,394,638,573,4
2026-08-06 19:08:09,391,632,567,4
2026-08-06 19:08:10,389,634,570,4
2026-08-06 19:08:11,390,637,578,4
2026-08-06 19:08:12,390,634,581,4
2026-08-06 19:08:13,393,630,579,4
2026-08-06 19:08:14,390,633,573,4
2026-08-06 19:08:15,390,634,572,4
2026-08-06 19:08:16,392,635,569,4
2026-08-06 19:08:17,389,640,562,4
2026-08-06 19:08:18,387,639,561,4
2026-08-06 19:08:19,390,637,574,4
2026-08-06 19:08:20,386,637,566,4
2026-08-06 19:08:21,389,636,564,4
2026-08-06 19:08:22,392,636,579,4
2026-08-06 19:08:23,390,634,571,4
2026-08-06 19:08:24,392,637,575,4
2026-08-06 19:08:25,388,630,580,4
2026-08-06 19:08:26,391,636,571,4
2026-08-06 19:08:27,390,632,565,4
2026-08-06 19:08:28,391,633,567,4
2026-08-06 19:08:29,387,636,564,4
2026-08-06 19:08:30,389,638,566,4
2026-08-06 19:08:31,391,637,569,4
2026-08-06 19:08:32,390,633,567,4
2026-08-06 19:08:33,390,635,562,4
2026-08-06 19:08:34,390,640,568,4
2026-08-06 19:08:35,390,636,570,4
2026-08-06 19:08:36,388,643,571,4
2026-08-06 19:08:37,391,634,563,4
2026-08-06 19:08:38,391,643,569,4
2026-08-06 19:08:39,390,635,568,4
2026-08-06 19:08:40,391,635,570,4
2026-08-06 19:08:41,389,637,569,4
2026-08-06 19:08:42,390,634,570,4
2026-08-06 19:08:43,392,635,571,4
2026-08-06 19:08:44,391,633,573,4
2026-08-06 19:08:45,391,639,570,4
2026-08-06 19:08:46,392,631,567,4
2026-08-06 19:08:47,391,635,572,4
2026-08-06 19:08:48,391,633,565,4
2026-08-06 19:08:49,390,641,569,4
2026-08-06 19:08:50,388,641,575,4
2026-08-06 19:08:51,389,635,575,4
2026-08-06 19:08:52,389,638,574,4
2026-08-06 19:08:53,390,633,563,4
2026-08-06 19:08:54,389,629,568,4
2026-08-06 19:08:55,389,634,572,4
2026-08-06 19:08:56,390,638,571,4
2026-08-06 19:08:57,391,634,574,4
2026-08-06 19:08:58,389,636,566,4
2026-08-06 19:08:59,392,640,565,4
2026-08-06 19:09:00,390,637,569,4
2026-08-06 19:09:01,392,634,569,4
2026-08-06 19:09:02,390,637,562,4
2026-08-06 19:09:03,390,635,571,4
2026-08-06 19:09:04,389,631,572,4
2026-08-06 19:09:05,391,638,573,4
2026-08-06 19:09:06,391,638,573,4
2026-08-06 19:09:07,389,639,570,4
2026-08-06 19:09:08,391,631,567,4
2026-08-06 19:09:09,388,634,572,4
2026-08-06 19:09:10,392,635,569,4
2026-08-06 19:09:11,391,635,575,4
2026-08-06 19:09:12,390,634,575,4
2026-08-06 19:09:13,392,638,568,4
2026-08-06 19:09:14,392,634,571,4
2026-08-06 19:09:15,389,637,574,4
2026-08-06 19:09:16,390,635,567,4
2026-08-06 19:09:17,389,636,568,4
2026-08-06 19:09:18,390,636,580,4
2026-08-06 19:09:19,389,636,565,4
2026-08-06 19:09:20,390,637,571,4
2026-08-06 19:09:21,390,639,566,4
2026-08-06 19:09:22,390,633,568,4
2026-08-06 19:09:23,390,633,567,4
2026-08-06 19:09:24,392,641,571,4
2026-08-06 19:09:25,388,632,568,4
2026-08-06 19:09:26,387,635,572,4
2026-08-06 19:09:27,387,637,564,4
2026-08-06 19:09:28,388,640,573,4
2026-08-06 19:09:29,389,632,566,4
2026-08-06 19:09:30,390,640,568,4
2026-08-06 19:09:31,390,636,572,4
2026-08-06 19:09:32,385,634,570,4
2026-08-06 19:09:33,389,638,575,4
2026-08-06 19:09:34,389,635,575,4
2026-08-06 19:09:35,392,635,568,4
2026-08-06 19:09:36,389,635,566,4
2026-08-06 19:09:37,389,635,563,4
2026-08-06 19:09:38,389,639,569,4
2026-08-06 19:09:39,391,628,573,4
2026-08-06 19:09:40,388,639,570,4
2026-08-06 19:09:41,392,636,575,4
2026-08-06 19:09:42,389,634,572,4
2026-08-06 19:09:43,392,634,575,4
2026-08-06 19:09:44,390,638,572,4
2026-08-06 19:09:45,390,633,565,4
2026-08-06 19:09:46,389,639,569,4
2026-08-06 19:09:47,392,636,571,4
2026-08-06 19:09:48,391,634,570,4
2026-08-06 19:09:49,390,633,566,4
2026-08-06 19:09:50,390,638,572,4
2026-08-06 19:09:51,389,633,571,4
2026-08-06 19:09:52,389,632,569,4
2026-08-06 19:09:53,390,641,567,4
2026-08-06 19:09:54,391,635,558,4
2026-08-06 19:09:55,392,635,569,4
2026-08-06 19:09:56,389,638,573,4
2026-08-06 19:09:57,391,644,576,4
2026-08-06 19:09:58,390,636,567,4
2026-08-06 19:09:59,386,636,564,4
2026-08-06 19:10:00,389,639,570,4
2026-08-06 19:10:01,389,633,577,4
2026-08-06 19:10:02,393,633,576,4
2026-08-06 19:10:03,391,636,568,4
2026-08-06 19:10:04,390,634,570,4
2026-08-06 19:10:05,389,637,568,4
2026-08-06 19:10:06,390,640,572,4
2026-08-06 19:10:07,389,638,565,4
2026-08-06 19:10:08,389,635,569,4
2026-08-06 19:10:09,390,638,576,4
2026-08-06 19:10:10,390,637,580,4
2026-08-06 19:10:11,389,639,575,4
2026-08-06 19:10:12,390,635,570,4
2026-08-06 19:10:13,392,640,573,4
2026-08-06 19:10:14,390,635,568,4
2026-08-06 19:10:15,390,635,575,4
2026-08-06 19:10:16,391,632,575,4
2026-08-06 19:10:17,390,632,565,4
2026-08-06 19:10:18,390,639,563,4
2026-08-06 19:10:19,391,635,562,4
2026-08-06 19:10:20,391,633,567,4
2026-08-06 19:10:21,390,638,574,4
2026-08-06 19:10:22,391,634,576,4
2026-08-06 19:10:23,389,640,572,4
2026-08-06 19:10:24,392,637,565,4
2026-08-06 19:10:25,389,638,568,4
2026-08-06 19:10:26,389,637,567,4
2026-08-06 19:10:27,391,639,566,4
2026-08-06 19:10:28,389,636,571,4
2026-08-06 19:10:29,392,638,563,4
2026-08-06 19:10:30,389,632,565,4
2026-08-06 19:10:31,389,637,569,4
2026-08-06 19:10:32,391,637,579,4
2026-08-06 19:10:33,388,630,569,4
2026-08-06 19:10:34,388,640,563,4
2026-08-06 19:10:35,389,638,568,4
2026-08-06 19:10:36,391,637,568,4
2026-08-06 19:10:37,391,635,563,4
2026-08-06 19:10:38,390,636,568,4
2026-08-06 19:10:39,390,635,565,4
2026-08-06 19:10:40,389,638,570,4
2026-08-06 19:10:41,388,636,569,4
2026-08-06 19:10:42,387,637,573,4
2026-08-06 19:10:43,391,635,572,4
2026-08-06 19:10:44,388,636,571,4
2026-08-06 19:10:45,386,633,569,4
2026-08-06 19:10:46,389,636,571,4
2026-08-06 19:10:47,390,639,574,4
2026-08-06 19:10:48,388,641,574,4
2026-08-06 19:10:49,390,638,571,4
2026-08-06 19:10:50,392,630,571,4
2026-08-06 19:10:51,391,638,566,4
2026-08-06 19:10:52,391,631,569,4
2026-08-06 19:10:53,392,638,562,4
2026-08-06 19:10:54,386,639,567,4
2026-08-06 19:10:55,391,637,566,4
2026-08-06 19:10:56,390,632,566,4
2026-08-06 19:10:57,388,637,567,4
2026-08-06 19:10:58,390,635,573,4
2026-08-06 19:10:59,389,636,579,4
2026-08-06 19:11:00,388,638,568,4
2026-08-06 19:11:01,388,637,575,4
2026-08-06 19:11:02,390,638,568,4
2026-08-06 19:11:03,390,636,568,4
2026-08-06 19:11:04,389,635,571,4
2026-08-06 19:11:05,390,642,574,4
2026-08-06 19:11:06,392,631,570,4
2026-08-06 19:11:07,391,636,569,4
2026-08-06 19:11:08,391,637,569,4
2026-08-06 19:11:09,389,636,568,4
2026-08-06 19:11:10,392,636,570,4
2026-08-06 19:11:11,391,639,565,4
2026-08-06 19:11:12,390,637,570,4
2026-08-06 19:11:13,393,633,563,4
2026-08-06 19:11:14,392,637,566,4
2026-08-06 19:11:15,389,637,574,4
2026-08-06 19:11:16,392,638,572,4
2026-08-06 19:11:17,389,641,573,4
2026-08-06 19:11:18,387,636,572,4
2026-08-06 19:11:19,388,638,576,4
2026-08-06 19:11:20,391,637,573,4
2026-08-06 19:11:21,389,635,572,4
2026-08-06 19:11:22,388,636,570,4
2026-08-06 19:11:23,389,635,567,4
2026-08-06 19:11:24,390,638,565,4
2026-08-06 19:11:25,388,638,571,4
2026-08-06 19:11:26,389,636,569,4
2026-08-06 19:11:27,392,636,575,4
2026-08-06 19:11:28,392,641,563,4
2026-08-06 19:11:29,392,639,570,4
2026-08-06 19:11:30,388,639,571,4
2026-08-06 19:11:31,393,639,568,4
2026-08-06 19:11:32,391,639,564,4
2026-08-06 19:11:33,392,638,572,4
2026-08-06 19:11:34,389,641,574,4
2026-08-06 19:11:35,389,634,576,4
2026-08-06 19:11:36,390,637,569,4
2026-08-06 19:11:37,386,634,568,4
2026-08-06 19:11:38,388,637,572,4
2026-08-06 19:11:39,389,637,568,4
2026-08-06 19:11:40,389,638,574,4
2026-08-06 19:11:41,390,639,569,4
2026-08-06 19:11:42,389,638,570,4
2026-08-06 19:11:43,389,638,567,4
2026-08-06 19:11:44,391,634,567,4
2026-08-06 19:11:45,390,638,575,4
2026-08-06 19:11:46,389,637,574,4
2026-08-06 19:11:47,388,634,574,4
2026-08-06 19:11:48,393,635,573,4
2026-08-06 19:11:49,390,632,571,4
2026-08-06 19:11:50,388,640,564,4
2026-08-06 19:11:51,392,636,569,4
2026-08-06 19:11:52,388,637,570,4
2026-08-06 19:11:53,391,636,563,4
2026-08-06 19:11:54,391,637,570,4
2026-08-06 19:11:55,389,637,568,4
2026-08-06 19:11:56,389,641,565,4
2026-08-06 19:11:57,390,643,570,4
2026-08-06 19:11:58,390,637,568,4
2026-08-06 19:11:59,390,638,570,4
2026-08-06 19:12:00,388,641,568,4
2026-08-06 19:12:01,391,638,568,4
2026-08-06 19:12:02,390,635,571,4
2026-08-06 19:12:03,391,632,579,4
2026-08-06 19:12:04,389,637,568,4
2026-08-06 19:12:05,392,636,573,4
2026-08-06 19:12:06,391,637,570,4
2026-08-06 19:12:07,388,637,566,4
2026-08-06 19:12:08,395,637,566,4
2026-08-06 19:12:09,392,640,575,4
2026-08-06 19:12:10,391,640,578,4
2026-08-06 19:12:11,389,637,573,4
2026-08-06 19:12:12,389,633,568,4
2026-08-06 19:12:13,390,637,569,4
2026-08-06 19:12:14,391,637,564,4
2026-08-06 19:12:15,389,632,565,4
2026-08-06 19:12:16,391,640,565,4
2026-08-06 19:12:17,391,635,570,4
2026-08-06 19:12:18,392,633,570,4
2026-08-06 19:12:19,389,636,582,4
2026-08-06 19:12:20,392,635,564,4
2026-08-06 19:12:21,391,633,564,4
2026-08-06 19:12:22,390,640,566,4
2026-08-06 19:12:23,390,638,578,4
2026-08-06 19:12:24,395,632,566,4
2026-08-06 19:12:25,390,638,575,4
2026-08-06 19:12:26,390,630,570,4
2026-08-06 19:12:27,388,634,565,4
2026-08-06 19:12:28,391,642,573,4
2026-08-06 19:12:29,389,639,566,4
2026-08-06 19:12:30,391,633,570,4
2026-08-06 19:12:31,389,639,567,4
2026-08-06 19:12:32,391,632,573,4
2026-08-06 19:12:33,390,642,567,4
2026-08-06 19:12:34,387,635,573,4
2026-08-06 19:12:35,391,638,573,4
2026-08-06 19:12:36,390,634,571,4
2026-08-06 19:12:37,389,638,564,4
2026-08-06 19:12:38,390,635,572,4
2026-08-06 19:12:39,391,632,574,4
2026-08-06 19:12:40,390,639,570,4
2026-08-06 19:12:41,389,639,564,4
2026-08-06 19:12:42,391,639,569,4
2026-08-06 19:12:43,389,639,573,4
2026-08-06 19:12:44,387,639,571,4
2026-08-06 19:12:45,391,633,570,4
2026-08-06 19:12:46,391,636,566,4
2026-08-06 19:12:47,392,636,566,4
2026-08-06 19:12:48,390,637,572,4
2026-08-06 19:12:49,391,634,567,4
2026-08-06 19:12:50,391,635,565,4
2026-08-06 19:12:51,390,638,563,4
2026-08-06 19:12:52,389,636,574,4
2026-08-06 19:12:53,391,639,571,4
2026-08-06 19:12:54,389,636,578,4
2026-08-06 19:12:55,392,634,576,4
2026-08-06 19:12:56,389,633,576,4
2026-08-06 19:12:57,391,635,574,4
2026-08-06 19:12:58,391,635,574,4
2026-08-06 19:12:59,390,641,572,4
2026-08-06 19:13:00,390,636,569,4
2026-08-06 19:13:01,389,634,568,4
2026-08-06 19:13:02,389,640,573,4
2026-08-06 19:13:03,391,639,575,4
2026-08-06 19:13:04,388,635,561,4
2026-08-06 19:13:05,390,632,562,4
2026-08-06 19:13:06,389,639,567,4
2026-08-06 19:13:07,389,637,568,4
2026-08-06 19:13:08,388,636,571,4
2026-08-06 19:13:09,388,635,565,4
2026-08-06 19:13:10,390,636,571,4
2026-08-06 19:13:11,390,637,572,4
2026-08-06 19:13:12,391,639,574,4
2026-08-06 19:13:13,388,639,570,4
2026-08-06 19:13:14,390,637,567,4
2026-08-06 19:13:15,391,633,573,4
2026-08-06 19:13:16,392,635,563,4
2026-08-06 19:13:17,390,634,568,4
2026-08-06 19:13:18,386,633,570,4
2026-08-06 19:13:19,391,632,569,4
2026-08-06 19:13:20,390,639,571,4
2026-08-06 19:13:21,389,638,574,4
2026-08-06 19:13:22,391,635,570,4
2026-08-06 19:13:23,389,633,564,4
2026-08-06 19:13:24,390,636,566,4
2026-08-06 19:13:25,390,638,569,4
2026-08-06 19:13:26,391,637,573,4
2026-08-06 19:13:27,388,640,568,4
2026-08-06 19:13:28,389,639,576,4
2026-08-06 19:13:29,389,640,565,4
2026-08-06 19:13:30,388,639,573,4
2026-08-06 19:13:31,389,638,571,4
2026-08-06 19:13:32,390,636,568,4
2026-08-06 19:13:33,393,638,563,4
2026-08-06 19:13:34,390,639,574,4
2026-08-06 19:13:35,391,636,568,4
2026-08-06 19:13:36,391,634,570,4
2026-08-06 19:13:37,391,639,564,4
2026-08-06 19:13:38,389,638,569,4
2026-08-06 19:13:39,389,638,566,4
2026-08-06 19:13:40,389,640,569,4
2026-08-06 19:13:41,389,638,570,4
2026-08-06 19:13:42,392,636,566,4
2026-08-06 19:13:43,393,639,569,4
2026-08-06 19:13:44,391,636,567,4
2026-08-06 19:13:45,392,636,563,4
2026-08-06 19:13:46,389,636,570,4
2026-08-06 19:13:47,392,640,571,4
2026-08-06 19:13:48,390,636,568,4
2026-08-06 19:13:49,393,632,565,4
2026-08-06 19:13:50,389,631,569,4
2026-08-06 19:13:51,391,638,565,4
2026-08-06 19:13:52,390,635,568,4
2026-08-06 19:13:53,388,639,577,4
2026-08-06 19:13:54,389,636,567,4
2026-08-06 19:13:55,390,639,572,4
2026-08-06 19:13:56,390,637,566,4
2026-08-06 19:13:57,390,640,571,4
2026-08-06 19:13:58,390,641,574,4
2026-08-06 19:13:59,391,640,568,4
2026-08-06 19:14:00,391,633,567,4
2026-08-06 19:14:01,390,638,575,4
2026-08-06 19:14:02,391,639,577,4
2026-08-06 19:14:03,391,641,570,4
2026-08-06 19:14:04,391,636,562,4
2026-08-06 19:14:05,389,639,567,4
2026-08-06 19:14:06,391,641,570,4
2026-08-06 19:14:07,389,637,572,4
2026-08-06 19:14:08,392,637,569,4
2026-08-06 19:14:09,390,638,566,4
2026-08-06 19:14:10,391,636,566,4
2026-08-06 19:14:11,387,636,568,4
2026-08-06 19:14:12,391,636,571,4
2026-08-06 19:14:13,392,636,567,4
2026-08-06 19:14:14,390,638,562,4
2026-08-06 19:14:15,389,635,572,4
2026-08-06 19:14:16,390,636,576,4
2026-08-06 19:14:17,389,635,569,4
2026-08-06 19:14:18,392,639,574,4
2026-08-06 19:14:19,389,639,570,4
2026-08-06 19:14:20,390,642,574,4
2026-08-06 19:14:21,389,635,570,4
2026-08-06 19:14:22,389,638,565,4
2026-08-06 19:14:23,391,640,571,4
2026-08-06 19:14:24,387,641,570,4
2026-08-06 19:14:25,389,634,567,4
2026-08-06 19:14:26,391,635,565,4
2026-08-06 19:14:27,390,639,566,4
2026-08-06 19:14:28,390,633,575,4
2026-08-06 19:14:29,390,640,569,4
2026-08-06 19:14:30,391,640,570,4
2026-08-06 19:14:31,390,636,570,4
2026-08-06 19:14:32,389,639,575,4
2026-08-06 19:14:33,389,635,566,4
2026-08-06 19:14:34,389,636,570,4
2026-08-06 19:14:35,388,639,570,4
2026-08-06 19:14:36,390,635,568,4
2026-08-06 19:14:37,389,638,572,4
2026-08-06 19:14:38,391,640,570,4
2026-08-06 19:14:39,390,635,566,4
2026-08-06 19:14:40,389,635,567,4
2026-08-06 19:14:41,391,637,571,4
2026-08-06 19:14:42,391,637,574,4
2026-08-06 19:14:43,389,638,572,4
2026-08-06 19:14:44,392,639,567,4
2026-08-06 19:14:45,389,644,565,4
2026-08-06 19:14:46,387,636,582,4
2026-08-06 19:14:47,386,637,570,4
2026-08-06 19:14:48,389,638,573,4
2026-08-06 19:14:49,392,635,567,4
2026-08-06 19:14:50,393,632,570,4
2026-08-06 19:14:51,392,638,566,4
2026-08-06 19:14:52,390,633,568,4
2026-08-06 19:14:53,390,636,566,4
2026-08-06 19:14:54,391,638,571,4
2026-08-06 19:14:55,389,642,570,4
2026-08-06 19:14:56,391,640,570,4
2026-08-06 19:14:57,387,637,569,4
2026-08-06 19:14:58,392,635,572,4
2026-08-06 19:14:59,391,635,569,4
2026-08-06 19:15:00,389,640,568,4
2026-08-06 19:15:01,391,637,568,4
2026-08-06 19:15:02,390,642,565,4
2026-08-06 19:15:03,392,639,571,4
2026-08-06 19:15:04,389,638,564,4
2026-08-06 19:15:05,392,637,566,4
2026-08-06 19:15:06,390,635,569,4
2026-08-06 19:15:07,389,634,573,4
2026-08-06 19:15:08,390,637,571,4
2026-08-06 19:15:09,390,635,572,4
2026-08-06 19:15:10,391,638,562,4
2026-08-06 19:15:11,390,634,571,4
2026-08-06 19:15:12,389,639,569,4
2026-08-06 19:15:13,389,637,570,4
2026-08-06 19:15:14,385,633,569,4
2026-08-06 19:15:15,389,636,572,4
2026-08-06 19:15:16,390,635,575,4
2026-08-06 19:15:17,387,638,576,4
2026-08-06 19:15:18,391,636,574,4
2026-08-06 19:15:19,391,639,579,4
2026-08-06 19:15:20,388,634,573,4
2026-08-06 19:15:21,390,634,568,4
2026-08-06 19:15:22,393,639,560,4
2026-08-06 19:15:23,389,640,568,4
2026-08-06 19:15:24,389,637,576,4
2026-08-06 19:15:25,389,636,577,4
2026-08-06 19:15:26,386,640,564,4
2026-08-06 19:15:27,391,636,562,4
2026-08-06 19:15:28,391,636,570,4
2026-08-06 19:15:29,391,641,572,4
2026-08-06 19:15:30,389,635,569,4
2026-08-06 19:15:31,391,635,569,4
2026-08-06 19:15:32,392,632,577,4
2026-08-06 19:15:33,389,635,564,4
2026-08-06 19:15:34,391,640,573,4
2026-08-06 19:15:35,389,639,575,4
2026-08-06 19:15:36,391,636,573,4
2026-08-06 19:15:37,392,635,570,4
2026-08-06 19:15:38,391,636,564,4
2026-08-06 19:15:39,390,637,569,4
2026-08-06 19:15:40,387,638,576,4
2026-08-06 19:15:41,390,633,576,4
2026-08-06 19:15:42,390,637,574,4
2026-08-06 19:15:43,391,643,566,4
2026-08-06 19:15:44,390,638,569,4
2026-08-06 19:15:45,389,640,577,4
2026-08-06 19:15:46,388,632,563,4
2026-08-06 19:15:47,389,639,581,4
2026-08-06 19:15:48,390,635,579,4
2026-08-06 19:15:49,390,637,570,4
2026-08-06 19:15:50,390,637,572,4
2026-08-06 19:15:51,391,638,580,4
2026-08-06 19:15:52,390,633,570,4
2026-08-06 19:15:53,390,637,571,4
2026-08-06 19:15:54,390,638,569,4
2026-08-06 19:15:55,389,643,579,4
2026-08-06 19:15:56,390,643,568,4
2026-08-06 19:15:57,390,638,575,4
2026-08-06 19:15:58,391,636,575,4
2026-08-06 19:15:59,390,643,569,4
2026-08-06 19:16:00,390,641,581,4
2026-08-06 19:16:01,391,634,578,4
2026-08-06 19:16:02,391,634,572,4
2026-08-06 19:16:03,392,635,574,4
2026-08-06 19:16:04,388,640,567,4
2026-08-06 19:16:05,389,641,569,4
2026-08-06 19:16:06,390,637,569,4
2026-08-06 19:16:07,390,639,568,4
2026-08-06 19:16:08,388,641,569,4
2026-08-06 19:16:09,390,634,559,4
2026-08-06 19:16:10,392,641,562,4
2026-08-06 19:16:11,390,636,567,4
2026-08-06 19:16:12,391,639,576,4
2026-08-06 19:16:13,390,637,566,4
2026-08-06 19:16:14,391,635,565,4
2026-08-06 19:16:15,388,640,568,4
2026-08-06 19:16:18,390,633,573,4
2026-08-06 19:16:18,390,638,569,4
2026-08-06 19:16:18,390,636,569,4
2026-08-06 19:16:19,390,638,572,4
2026-08-06 19:16:20,389,639,570,4
2026-08-06 19:16:21,391,637,568,4
2026-08-06 19:16:22,390,637,574,4
2026-08-06 19:16:23,391,633,568,4
2026-08-06 19:16:24,389,640,567,4
2026-08-06 19:16:25,390,639,569,4
2026-08-06 19:16:26,388,636,571,4
2026-08-06 19:16:27,391,636,569,4
2026-08-06 19:16:28,389,641,571,4
2026-08-06 19:16:29,390,638,570,4
2026-08-06 19:16:30,389,636,564,4
2026-08-06 19:16:31,390,637,574,4
2026-08-06 19:16:32,393,640,567,4
2026-08-06 19:16:33,389,640,571,4
2026-08-06 19:16:34,389,638,568,4
2026-08-06 19:16:35,391,639,562,4
2026-08-06 19:16:36,390,638,573,4
2026-08-06 19:16:37,388,639,562,4
2026-08-06 19:16:38,389,634,567,4
2026-08-06 19:16:39,390,639,569,4
2026-08-06 19:16:40,390,635,577,4
2026-08-06 19:16:41,389,635,561,4
2026-08-06 19:16:42,389,642,566,4
2026-08-06 19:16:43,389,635,562,4
2026-08-06 19:16:44,389,636,573,4
2026-08-06 19:16:45,391,641,578,4
2026-08-06 19:16:46,389,635,566,4
2026-08-06 19:16:47,390,636,565,4
2026-08-06 19:16:48,392,630,563,4
2026-08-06 19:16:49,389,637,567,4
2026-08-06 19:16:50,391,637,564,4
2026-08-06 19:16:51,391,639,571,4
2026-08-06 19:16:52,392,637,569,4
2026-08-06 19:16:53,391,639,577,4
2026-08-06 19:16:54,391,634,568,4
2026-08-06 19:16:55,390,640,571,4
2026-08-06 19:16:56,389,639,566,4
2026-08-06 19:16:57,389,633,575,4
2026-08-06 19:16:58,389,645,569,4
2026-08-06 19:16:59,388,641,563,4
2026-08-06 19:17:00,390,635,579,4
2026-08-06 19:17:01,390,638,562,4
2026-08-06 19:17:02,390,631,575,4
2026-08-06 19:17:03,392,640,567,4
2026-08-06 19:17:04,389,637,564,4
2026-08-06 19:17:05,391,640,567,4
2026-08-06 19:17:06,386,636,577,4
2026-08-06 19:17:07,391,640,569,4
2026-08-06 19:17:08,386,642,575,4
2026-08-06 19:17:09,392,644,569,4
2026-08-06 19:17:10,388,640,569,4
2026-08-06 19:17:11,389,638,568,4
2026-08-06 19:17:12,390,635,573,4
2026-08-06 19:17:13,391,639,570,4
2026-08-06 19:17:14,391,639,566,4
2026-08-06 19:17:15,390,640,571,4
2026-08-06 19:17:16,391,635,573,4
2026-08-06 19:17:17,390,637,565,4
2026-08-06 19:17:18,390,642,570,4
2026-08-06 19:17:19,389,641,570,4
2026-08-06 19:17:20,391,641,573,4
2026-08-06 19:17:21,388,639,568,4
2026-08-06 19:17:22,388,640,571,4
2026-08-06 19:17:23,390,637,571,4
2026-08-06 19:17:24,389,638,566,4
2026-08-06 19:17:25,390,635,574,4
2026-08-06 19:17:26,387,638,565,4
2026-08-06 19:17:27,390,638,574,4
2026-08-06 19:17:28,389,639,572,4
2026-08-06 19:17:29,390,641,570,4
2026-08-06 19:17:30,390,636,573,4
2026-08-06 19:17:31,389,638,577,4
2026-08-06 19:17:32,391,639,569,4
2026-08-06 19:17:33,389,637,572,4
2026-08-06 19:17:34,390,640,571,4
2026-08-06 19:17:35,389,638,565,4
2026-08-06 19:17:36,389,637,575,4
2026-08-06 19:17:37,389,640,574,4
2026-08-06 19:17:38,389,640,565,4
2026-08-06 19:17:39,389,638,573,4
2026-08-06 19:17:40,389,639,578,4
2026-08-06 19:17:41,390,638,569,4
2026-08-06 19:17:42,391,640,571,4
2026-08-06 19:17:43,391,639,569,4
2026-08-06 19:17:44,392,634,566,4
2026-08-06 19:17:45,390,642,574,4
2026-08-06 19:17:46,388,639,572,4
2026-08-06 19:17:47,390,637,569,4
2026-08-06 19:17:48,390,640,569,4
2026-08-06 19:17:49,392,637,565,4
2026-08-06 19:17:50,391,638,569,4
2026-08-06 19:17:51,390,636,570,4
2026-08-06 19:17:52,390,639,570,4
2026-08-06 19:17:53,389,638,573,4
2026-08-06 19:17:54,389,641,569,4
2026-08-06 19:17:55,390,637,572,4
2026-08-06 19:17:56,388,639,567,4
2026-08-06 19:17:57,388,634,577,4
2026-08-06 19:17:58,390,641,569,4
2026-08-06 19:17:59,391,638,567,4
2026-08-06 19:18:00,388,634,568,4
2026-08-06 19:18:01,388,632,570,4
2026-08-06 19:18:02,387,637,579,4
2026-08-06 19:18:03,392,634,567,4
2026-08-06 19:18:04,389,640,565,4
2026-08-06 19:18:05,389,638,583,4
2026-08-06 19:18:06,390,643,577,4
2026-08-06 19:18:07,388,642,576,4
2026-08-06 19:18:08,391,637,578,4
2026-08-06 19:18:09,392,639,562,4
2026-08-06 19:18:10,390,638,559,4
2026-08-06 19:18:11,388,640,564,4
2026-08-06 19:18:12,388,639,578,4
2026-08-06 19:18:13,389,640,572,4
2026-08-06 19:18:14,389,642,568,4
2026-08-06 19:18:15,392,637,569,4
2026-08-06 19:18:16,390,634,566,4
2026-08-06 19:18:17,389,636,572,4
2026-08-06 19:18:18,390,640,568,4
2026-08-06 19:18:19,391,642,568,4
2026-08-06 19:18:20,391,637,572,4
2026-08-06 19:18:21,391,634,566,4
2026-08-06 19:18:22,390,646,568,4
2026-08-06 19:18:23,392,639,568,4
2026-08-06 19:18:24,388,639,570,4
2026-08-06 19:18:25,391,636,567,4
2026-08-06 19:18:26,392,640,571,4
2026-08-06 19:18:27,389,635,573,4
2026-08-06 19:18:28,389,639,571,4
2026-08-06 19:18:29,389,640,564,4
2026-08-06 19:18:30,387,639,567,4
2026-08-06 19:18:31,389,634,573,4
2026-08-06 19:18:32,390,637,572,4
2026-08-06 19:18:33,390,637,571,4
2026-08-06 19:18:34,391,638,567,4
2026-08-06 19:18:35,389,640,567,4
2026-08-06 19:18:36,389,639,569,4
2026-08-06 19:18:37,390,641,575,4
2026-08-06 19:18:38,392,639,576,4
2026-08-06 19:18:39,389,635,572,4
2026-08-06 19:18:40,391,638,567,4
2026-08-06 19:18:41,390,638,566,4
2026-08-06 19:18:42,389,640,560,4
2026-08-06 19:18:43,391,639,575,4
2026-08-06 19:18:44,394,637,569,4
2026-08-06 19:18:45,389,638,573,4
2026-08-06 19:18:46,391,637,570,4
2026-08-06 19:18:47,390,638,571,4
2026-08-06 19:18:48,389,637,572,4
2026-08-06 19:18:49,391,637,567,4
2026-08-06 19:18:50,389,639,570,4
2026-08-06 19:18:51,389,634,577,4
2026-08-06 19:18:52,390,635,572,4
2026-08-06 19:18:53,390,633,567,4
2026-08-06 19:18:54,388,643,567,4
2026-08-06 19:18:55,390,639,572,4
2026-08-06 19:18:56,388,640,564,4
2026-08-06 19:18:57,388,635,574,4
2026-08-06 19:18:58,389,639,568,4
2026-08-06 19:18:59,390,637,574,4
2026-08-06 19:19:00,388,643,577,4
2026-08-06 19:19:01,390,637,568,4
2026-08-06 19:19:02,390,637,569,4
2026-08-06 19:19:03,392,639,568,4
2026-08-06 19:19:04,390,638,577,4
2026-08-06 19:19:05,390,639,573,4
2026-08-06 19:19:06,390,638,574,4
2026-08-06 19:19:07,388,634,566,4
2026-08-06 19:19:08,388,636,570,4
2026-08-06 19:19:09,389,639,578,4
2026-08-06 19:19:10,391,635,566,4
2026-08-06 19:19:11,390,634,570,4
2026-08-06 19:19:12,391,633,564,4
2026-08-06 19:19:13,389,637,569,4
2026-08-06 19:19:14,390,641,578,4
2026-08-06 19:19:15,390,639,564,4
2026-08-06 19:19:16,390,633,571,4
2026-08-06 19:19:17,389,636,567,4
2026-08-06 19:19:18,390,640,573,4
2026-08-06 19:19:19,392,637,571,4
2026-08-06 19:19:20,390,640,575,4
2026-08-06 19:19:21,389,633,572,4
2026-08-06 19:19:22,390,636,570,4
2026-08-06 19:19:23,390,640,571,4
2026-08-06 19:19:24,390,637,571,4
2026-08-06 19:19:25,393,635,568,4
2026-08-06 19:19:26,390,636,567,4
2026-08-06 19:19:27,388,637,571,4
2026-08-06 19:19:28,391,638,568,4
2026-08-06 19:19:29,389,640,569,4
2026-08-06 19:19:30,390,638,566,4
2026-08-06 19:19:31,388,635,572,4
2026-08-06 19:19:32,388,637,566,4
2026-08-06 19:19:33,389,638,567,4
2026-08-06 19:19:34,388,640,573,4
2026-08-06 19:19:35,390,641,575,4
2026-08-06 19:19:36,389,642,571,4
2026-08-06 19:19:37,389,637,564,4
2026-08-06 19:19:38,389,637,570,4
2026-08-06 19:19:39,389,636,563,4
2026-08-06 19:19:40,390,642,561,4
2026-08-06 19:19:41,389,639,568,4
2026-08-06 19:19:42,389,637,565,4
2026-08-06 19:19:43,389,636,567,4
2026-08-06 19:19:44,390,639,567,4
2026-08-06 19:19:45,392,637,569,4
2026-08-06 19:19:46,388,640,565,4
2026-08-06 19:19:47,393,636,573,4
2026-08-06 19:19:48,388,640,571,4
2026-08-06 19:19:49,387,637,572,4
2026-08-06 19:19:50,387,637,576,4
2026-08-06 19:19:51,391,637,568,4
2026-08-06 19:19:52,389,637,571,4
2026-08-06 19:19:53,389,641,571,4
2026-08-06 19:19:54,387,640,569,4
2026-08-06 19:19:55,389,636,565,4
2026-08-06 19:19:56,390,635,573,4
2026-08-06 19:19:57,391,638,567,4
2026-08-06 19:19:58,390,638,574,4
2026-08-06 19:19:59,391,638,564,4
2026-08-06 19:20:00,390,637,573,4
2026-08-06 19:20:01,392,636,575,4
2026-08-06 19:20:02,390,634,574,4
2026-08-06 19:20:03,389,641,571,4
2026-08-06 19:20:04,389,641,562,4
2026-08-06 19:20:05,390,641,569,4
2026-08-06 19:20:06,390,643,567,4
2026-08-06 19:20:07,391,640,575,4
2026-08-06 19:20:08,391,639,579,4
2026-08-06 19:20:09,391,635,570,4
2026-08-06 19:20:10,391,643,561,4
2026-08-06 19:20:11,389,640,566,4
2026-08-06 19:20:12,389,640,564,4
2026-08-06 19:20:13,390,635,567,4
2026-08-06 19:20:14,391,641,570,4
2026-08-06 19:20:15,391,639,574,4
2026-08-06 19:20:16,390,637,572,4
2026-08-06 19:20:17,391,638,575,4
2026-08-06 19:20:18,389,638,572,4
2026-08-06 19:20:19,389,637,570,4
2026-08-06 19:20:20,390,637,568,4
2026-08-06 19:20:21,390,639,574,4
2026-08-06 19:20:22,390,635,574,4
2026-08-06 19:20:23,391,638,564,4
2026-08-06 19:20:24,390,638,570,4
2026-08-06 19:20:25,392,637,574,4
2026-08-06 19:20:26,390,638,566,4
2026-08-06 19:20:27,389,638,568,4
2026-08-06 19:20:28,387,637,569,4
2026-08-06 19:20:29,390,637,567,4
2026-08-06 19:20:30,392,643,576,4
2026-08-06 19:20:31,390,635,574,4
2026-08-06 19:20:32,393,636,573,4
2026-08-06 19:20:33,391,640,567,4
2026-08-06 19:20:34,387,638,567,4
2026-08-06 19:20:35,390,642,573,4
2026-08-06 19:20:36,390,637,566,4
2026-08-06 19:20:37,389,642,569,4
2026-08-06 19:20:38,390,643,574,4
2026-08-06 19:20:39,391,641,576,4
2026-08-06 19:20:40,392,640,572,4
2026-08-06 19:20:41,390,636,565,4
2026-08-06 19:20:42,389,634,574,4
2026-08-06 19:20:43,390,637,575,4
2026-08-06 19:20:44,390,638,576,4
2026-08-06 19:20:45,391,641,569,4
2026-08-06 19:20:46,390,638,573,4
2026-08-06 19:20:47,391,642,575,4
2026-08-06 19:20:48,390,634,571,4
2026-08-06 19:20:49,389,638,572,4
2026-08-06 19:20:50,390,637,572,4
2026-08-06 19:20:51,388,642,571,4
2026-08-06 19:20:52,390,639,569,4
2026-08-06 19:20:53,387,641,566,4
2026-08-06 19:20:54,389,640,566,4
2026-08-06 19:20:55,390,642,566,4
2026-08-06 19:20:56,389,641,572,4
2026-08-06 19:20:57,390,640,570,4
2026-08-06 19:20:58,389,638,570,4
2026-08-06 19:20:59,390,637,573,4
2026-08-06 19:21:00,392,636,574,4
2026-08-06 19:21:01,389,638,577,4
2026-08-06 19:21:02,388,639,567,4
2026-08-06 19:21:03,390,641,568,4
2026-08-06 19:21:04,393,641,570,4
2026-08-06 19:21:05,389,636,568,4
2026-08-06 19:21:06,391,639,573,4
2026-08-06 19:21:07,389,641,570,4
2026-08-06 19:21:08,392,634,567,4
2026-08-06 19:21:09,391,639,561,4
2026-08-06 19:21:10,387,640,571,4
2026-08-06 19:21:11,391,643,566,4
2026-08-06 19:21:12,390,639,571,4
2026-08-06 19:21:13,391,637,575,4
2026-08-06 19:21:14,391,641,568,4
2026-08-06 19:21:15,391,636,571,4
2026-08-06 19:21:16,390,638,571,4
2026-08-06 19:21:17,389,638,574,4
2026-08-06 19:21:18,389,637,565,4
2026-08-06 19:21:19,388,639,571,4
2026-08-06 19:21:20,391,638,569,4
2026-08-06 19:21:21,390,638,566,4
2026-08-06 19:21:22,390,636,577,4
2026-08-06 19:21:23,388,639,570,4
2026-08-06 19:21:24,391,637,574,4
2026-08-06 19:21:25,389,641,577,4
2026-08-06 19:21:26,388,638,574,4
2026-08-06 19:21:27,390,635,565,4
2026-08-06 19:21:28,389,637,574,4
2026-08-06 19:21:29,391,641,563,4
2026-08-06 19:21:30,391,640,578,4
2026-08-06 19:21:31,391,638,574,4
2026-08-06 19:21:32,391,639,564,4
2026-08-06 19:21:33,389,637,576,4
2026-08-06 19:21:34,389,641,572,4
2026-08-06 19:21:35,388,639,579,4
2026-08-06 19:21:36,388,639,571,4
2026-08-06 19:21:37,387,636,575,4
2026-08-06 19:21:38,390,638,565,4
2026-08-06 19:21:39,387,642,577,4
2026-08-06 19:21:40,391,638,570,4
2026-08-06 19:21:41,390,639,570,4
2026-08-06 19:21:42,389,641,574,4
2026-08-06 19:21:43,389,641,564,4
2026-08-06 19:21:44,389,637,569,4
2026-08-06 19:21:45,391,640,569,4
2026-08-06 19:21:46,389,636,573,4
2026-08-06 19:21:47,389,640,562,4
2026-08-06 19:21:49,388,634,569,4
2026-08-06 19:21:50,389,642,570,4
2026-08-06 19:21:50,391,638,571,4
2026-08-06 19:21:51,388,638,572,4
2026-08-06 19:21:52,390,644,565,4
2026-08-06 19:21:53,389,641,568,4
2026-08-06 19:21:54,388,639,568,4
2026-08-06 19:21:55,391,642,567,4
2026-08-06 19:21:56,391,638,568,4
2026-08-06 19:21:57,390,637,571,4
2026-08-06 19:21:58,389,642,575,4
2026-08-06 19:21:59,389,639,566,4
2026-08-06 19:22:00,390,638,565,4
2026-08-06 19:22:01,387,640,566,4
2026-08-06 19:22:02,389,638,565,4
2026-08-06 19:22:03,390,643,572,4
2026-08-06 19:22:04,388,640,570,4
2026-08-06 19:22:05,388,644,564,4
2026-08-06 19:22:06,390,637,570,4
2026-08-06 19:22:07,388,638,576,4
2026-08-06 19:22:08,390,634,572,4
2026-08-06 19:22:09,389,639,564,4
2026-08-06 19:22:10,390,639,567,4
2026-08-06 19:22:11,389,637,570,4
2026-08-06 19:22:12,388,641,567,4
2026-08-06 19:22:13,389,639,566,4
2026-08-06 19:22:14,393,637,571,4
2026-08-06 19:22:15,389,640,572,4
2026-08-06 19:22:16,391,640,570,4
2026-08-06 19:22:17,386,645,562,4
2026-08-06 19:22:18,389,639,571,4
2026-08-06 19:22:19,390,638,571,4
2026-08-06 19:22:20,388,638,555,4
2026-08-06 19:22:21,391,637,562,4
2026-08-06 19:22:22,387,636,564,4
2026-08-06 19:22:23,391,640,566,4
2026-08-06 19:22:24,387,639,570,4
2026-08-06 19:22:25,386,639,573,4
2026-08-06 19:22:26,389,639,572,4
2026-08-06 19:22:27,388,633,568,4
2026-08-06 19:22:28,391,640,569,4
2026-08-06 19:22:29,388,641,568,4
2026-08-06 19:22:30,392,639,571,4
2026-08-06 19:22:31,390,637,576,4
2026-08-06 19:22:32,388,636,578,4
2026-08-06 19:22:33,389,636,570,4
2026-08-06 19:22:34,391,638,567,4
2026-08-06 19:22:35,387,636,567,4
2026-08-06 19:22:36,389,637,571,4
2026-08-06 19:22:37,389,641,565,4
2026-08-06 19:22:38,391,635,568,4
2026-08-06 19:22:39,392,638,566,4
2026-08-06 19:22:40,389,637,568,4
2026-08-06 19:22:41,391,635,575,4
2026-08-06 19:22:42,389,637,579,4
2026-08-06 19:22:43,391,639,569,4
2026-08-06 19:22:44,389,641,564,4
2026-08-06 19:22:45,387,642,572,4
2026-08-06 19:22:46,389,639,571,4
2026-08-06 19:22:47,389,637,563,4
2026-08-06 19:22:48,391,638,568,4
2026-08-06 19:22:49,391,633,570,4
2026-08-06 19:22:50,389,636,568,4
2026-08-06 19:22:51,389,641,564,4
2026-08-06 19:22:52,390,637,561,4
2026-08-06 19:22:53,391,642,561,4
2026-08-06 19:22:54,391,640,572,4
2026-08-06 19:22:55,388,637,570,4
2026-08-06 19:22:56,389,642,572,4
2026-08-06 19:22:57,389,636,562,4
2026-08-06 19:22:58,389,636,568,4
2026-08-06 19:22:59,387,641,563,4
2026-08-06 19:23:00,392,638,574,4
2026-08-06 19:23:01,389,642,570,4
2026-08-06 19:23:02,389,638,563,4
2026-08-06 19:23:03,392,641,568,4
2026-08-06 19:23:04,388,635,562,4
2026-08-06 19:23:05,391,640,570,4
2026-08-06 19:23:06,389,636,571,4
2026-08-06 19:23:07,391,637,573,4
2026-08-06 19:23:08,391,641,568,4
2026-08-06 19:23:09,388,639,571,4
2026-08-06 19:23:10,389,637,571,4
2026-08-06 19:23:11,389,639,569,4
2026-08-06 19:23:12,389,635,573,4
2026-08-06 19:23:13,389,639,569,4
2026-08-06 19:23:14,388,638,565,4
2026-08-06 19:23:15,390,638,563,4
2026-08-06 19:23:16,389,638,569,4
2026-08-06 19:23:17,390,636,580,4
2026-08-06 19:23:18,388,636,573,4
2026-08-06 19:23:19,390,641,574,4
2026-08-06 19:23:20,389,639,569,4
2026-08-06 19:23:21,389,641,569,4
2026-08-06 19:23:22,390,643,569,4
2026-08-06 19:23:23,391,639,576,4
2026-08-06 19:23:24,385,636,570,4
2026-08-06 19:23:25,389,642,572,4
2026-08-06 19:23:26,393,639,560,4
2026-08-06 19:23:27,389,641,571,4
2026-08-06 19:23:28,389,635,571,4
2026-08-06 19:23:29,390,642,570,4
2026-08-06 19:23:30,389,636,577,4
2026-08-06 19:23:31,392,640,567,4
2026-08-06 19:23:32,390,639,567,4
2026-08-06 19:23:33,389,637,570,4
2026-08-06 19:23:34,389,638,572,4
2026-08-06 19:23:35,387,638,571,4
2026-08-06 19:23:36,389,641,569,4
2026-08-06 19:23:37,390,637,575,4
2026-08-06 19:23:38,392,642,563,4
2026-08-06 19:23:39,391,638,570,4
2026-08-06 19:23:40,389,638,568,4
2026-08-06 19:23:41,390,640,568,4
2026-08-06 19:23:42,388,636,569,4
2026-08-06 19:23:43,388,638,572,4
2026-08-06 19:23:44,388,635,565,4
2026-08-06 19:23:45,386,638,562,4
2026-08-06 19:23:46,392,636,576,4
2026-08-06 19:23:47,387,637,567,4
2026-08-06 19:23:48,389,643,567,4
2026-08-06 19:23:49,390,643,566,4
2026-08-06 19:23:50,391,640,566,4
2026-08-06 19:23:51,387,639,569,4
2026-08-06 19:23:52,388,638,570,4
2026-08-06 19:23:53,391,638,570,4
2026-08-06 19:23:54,390,642,569,4
2026-08-06 19:23:55,389,641,570,4
2026-08-06 19:23:56,389,637,568,4
2026-08-06 19:23:57,389,640,564,4
2026-08-06 19:23:58,389,634,573,4
2026-08-06 19:23:59,389,641,573,4
2026-08-06 19:24:00,390,635,574,4
2026-08-06 19:24:01,390,642,560,4
2026-08-06 19:24:02,385,639,572,4
2026-08-06 19:24:03,389,637,575,4
2026-08-06 19:24:04,387,637,575,4
2026-08-06 19:24:05,390,641,573,4
2026-08-06 19:24:06,387,639,577,4
2026-08-06 19:24:07,390,641,572,4
2026-08-06 19:24:08,389,639,567,4
2026-08-06 19:24:09,391,643,577,4
2026-08-06 19:24:10,390,641,567,4
2026-08-06 19:24:11,387,638,568,4
2026-08-06 19:24:12,393,638,566,4
2026-08-06 19:24:13,387,639,572,4
2026-08-06 19:24:14,390,643,568,4
2026-08-06 19:24:15,391,638,563,4
2026-08-06 19:24:16,389,631,565,4
2026-08-06 19:24:17,390,642,576,4
2026-08-06 19:24:18,388,637,570,4
2026-08-06 19:24:19,393,638,572,4
2026-08-06 19:24:20,391,642,565,4
2026-08-06 19:24:21,393,641,567,4
2026-08-06 19:24:22,389,636,569,4
2026-08-06 19:24:23,390,638,567,4
2026-08-06 19:24:24,390,636,577,4
2026-08-06 19:24:25,389,641,572,4
2026-08-06 19:24:26,389,644,556,4
2026-08-06 19:24:27,390,638,574,4
2026-08-06 19:24:28,391,638,573,4
2026-08-06 19:24:29,388,639,562,4
2026-08-06 19:24:30,389,639,569,4
2026-08-06 19:24:31,389,643,567,4
2026-08-06 19:24:32,390,638,566,4
2026-08-06 19:24:33,389,642,564,4
2026-08-06 19:24:34,388,636,564,4
2026-08-06 19:24:35,389,644,567,4
2026-08-06 19:24:36,388,640,572,4
2026-08-06 19:24:37,389,638,562,4
2026-08-06 19:24:38,390,641,566,4
2026-08-06 19:24:39,388,643,576,4
2026-08-06 19:24:40,388,642,566,4
2026-08-06 19:24:41,388,638,573,4
2026-08-06 19:24:42,390,641,572,4
2026-08-06 19:24:43,389,637,574,4
2026-08-06 19:24:44,391,639,560,4
2026-08-06 19:24:45,392,639,572,4
2026-08-06 19:24:46,390,641,563,4
2026-08-06 19:24:47,390,638,570,4
2026-08-06 19:24:48,390,640,575,4
2026-08-06 19:24:49,390,636,568,4
2026-08-06 19:24:50,389,639,563,4
2026-08-06 19:24:51,390,641,572,4
2026-08-06 19:24:52,389,639,565,4
2026-08-06 19:24:53,390,636,562,4
2026-08-06 19:24:54,389,647,580,4
2026-08-06 19:24:55,385,641,567,4
2026-08-06 19:24:56,391,637,572,4
2026-08-06 19:24:57,390,639,571,4
2026-08-06 19:24:58,389,641,568,4
2026-08-06 19:24:59,386,643,576,4
2026-08-06 19:25:00,392,636,564,4
2026-08-06 19:25:01,390,637,568,4
2026-08-06 19:25:02,389,641,566,4
2026-08-06 19:25:03,391,640,566,4
2026-08-06 19:25:04,390,638,570,4
2026-08-06 19:25:05,390,637,563,4
2026-08-06 19:25:06,389,642,574,4
2026-08-06 19:25:07,388,634,565,4
2026-08-06 19:25:08,389,638,570,4
2026-08-06 19:25:09,391,640,561,4
2026-08-06 19:25:10,388,637,576,4
2026-08-06 19:25:11,390,636,568,4
2026-08-06 19:25:12,390,639,563,4
2026-08-06 19:25:13,388,636,565,4
2026-08-06 19:25:14,389,638,570,4
2026-08-06 19:25:15,389,644,566,4
2026-08-06 19:25:16,390,641,569,4
2026-08-06 19:25:17,389,636,564,4
2026-08-06 19:25:18,390,639,570,4
2026-08-06 19:25:19,388,638,568,4
2026-08-06 19:25:20,390,641,577,4
2026-08-06 19:25:21,390,642,562,4
2026-08-06 19:25:22,389,641,570,4
2026-08-06 19:25:23,388,636,572,4
2026-08-06 19:25:24,390,638,564,4
2026-08-06 19:25:25,388,639,571,4
2026-08-06 19:25:26,391,633,566,4
2026-08-06 19:25:27,391,641,567,4
2026-08-06 19:25:28,390,638,564,4
2026-08-06 19:25:29,390,641,562,4
2026-08-06 19:25:30,389,644,563,4
2026-08-06 19:25:31,385,640,567,4
2026-08-06 19:25:32,390,641,571,4
2026-08-06 19:25:33,390,639,570,4
2026-08-06 19:25:34,389,643,571,4
2026-08-06 19:25:35,392,640,568,4
2026-08-06 19:25:36,391,640,571,4
2026-08-06 19:25:37,389,642,564,4
2026-08-06 19:25:38,392,637,572,4
2026-08-06 19:25:39,391,642,568,4
2026-08-06 19:25:40,390,638,572,4
2026-08-06 19:25:41,391,640,564,4
2026-08-06 19:25:42,389,640,574,4
2026-08-06 19:25:43,390,637,569,4
2026-08-06 19:25:44,391,638,569,4
2026-08-06 19:25:45,388,642,571,4
2026-08-06 19:25:46,392,641,568,4
2026-08-06 19:25:47,388,639,567,4
2026-08-06 19:25:48,388,646,561,4
2026-08-06 19:25:49,388,636,578,4
2026-08-06 19:25:50,389,638,570,4
2026-08-06 19:25:51,389,637,564,4
2026-08-06 19:25:52,390,641,571,4
2026-08-06 19:25:53,387,642,563,4
2026-08-06 19:25:54,389,641,564,4
2026-08-06 19:25:55,389,642,569,4
2026-08-06 19:25:56,389,642,561,4
2026-08-06 19:25:57,391,641,561,4
2026-08-06 19:25:58,387,642,567,4
2026-08-06 19:25:59,389,634,572,4
2026-08-06 19:26:00,387,639,564,4
2026-08-06 19:26:01,389,639,561,4
2026-08-06 19:26:02,387,636,567,4
2026-08-06 19:26:03,388,639,560,4
2026-08-06 19:26:04,389,641,571,4
2026-08-06 19:26:05,390,637,572,4
2026-08-06 19:26:06,385,635,573,4
2026-08-06 19:26:07,391,633,577,4
2026-08-06 19:26:08,388,639,568,4
2026-08-06 19:26:09,389,640,573,4
2026-08-06 19:26:10,390,636,570,4
2026-08-06 19:26:11,391,638,570,4
2026-08-06 19:26:12,387,637,570,4
2026-08-06 19:26:13,389,637,571,4
2026-08-06 19:26:14,389,639,568,4
2026-08-06 19:26:15,388,641,573,4
2026-08-06 19:26:16,389,637,564,4
2026-08-06 19:26:17,390,639,569,4
2026-08-06 19:26:18,390,640,564,4
2026-08-06 19:26:19,387,643,569,4
2026-08-06 19:26:20,390,640,570,4
2026-08-06 19:26:21,392,638,571,4
2026-08-06 19:26:22,388,636,566,4
2026-08-06 19:26:23,390,643,570,4
2026-08-06 19:26:24,389,639,566,4
2026-08-06 19:26:25,389,638,567,4
2026-08-06 19:26:26,393,636,571,4
2026-08-06 19:26:27,390,638,570,4
2026-08-06 19:26:28,390,638,560,4
2026-08-06 19:26:29,390,642,569,4
2026-08-06 19:26:30,389,638,572,4
2026-08-06 19:26:31,388,638,571,4
2026-08-06 19:26:32,389,642,569,4
2026-08-06 19:26:33,391,643,568,4
2026-08-06 19:26:34,390,635,567,4
2026-08-06 19:26:35,390,641,578,4
2026-08-06 19:26:36,388,637,572,4
2026-08-06 19:26:37,390,640,567,4
2026-08-06 19:26:38,388,641,569,4
2026-08-06 19:26:39,388,637,571,4
2026-08-06 19:26:40,389,640,562,4
2026-08-06 19:26:41,389,641,563,4
2026-08-06 19:26:42,391,638,571,4
2026-08-06 19:26:43,389,642,564,4
2026-08-06 19:26:44,390,640,562,4
2026-08-06 19:26:45,391,640,570,4
2026-08-06 19:26:46,387,643,562,4
2026-08-06 19:26:47,390,637,564,4
2026-08-06 19:26:48,388,637,568,4
2026-08-06 19:26:49,390,639,566,4
2026-08-06 19:26:50,389,640,564,4
2026-08-06 19:26:51,388,639,567,4
2026-08-06 19:26:52,390,642,568,4
2026-08-06 19:26:53,391,640,560,4
2026-08-06 19:26:54,389,636,575,4
2026-08-06 19:26:55,387,640,570,4
2026-08-06 19:26:56,387,640,568,4
2026-08-06 19:26:57,391,639,566,4
2026-08-06 19:26:58,387,638,569,4
2026-08-06 19:26:59,389,638,574,4
2026-08-06 19:27:00,390,639,564,4
2026-08-06 19:27:01,391,638,575,4
2026-08-06 19:27:02,388,637,569,4
2026-08-06 19:27:03,388,640,564,4
2026-08-06 19:27:04,391,641,581,4
2026-08-06 19:27:05,388,639,568,4
2026-08-06 19:27:06,389,636,570,4
2026-08-06 19:27:07,389,639,574,4
2026-08-06 19:27:08,391,642,566,4
2026-08-06 19:27:09,392,642,567,4
2026-08-06 19:27:10,393,637,568,4
2026-08-06 19:27:11,389,639,566,4
2026-08-06 19:27:12,389,643,565,4
2026-08-06 19:27:13,389,637,568,4
2026-08-06 19:27:14,388,635,569,4
2026-08-06 19:27:15,389,639,562,4
2026-08-06 19:27:16,390,640,574,4
2026-08-06 19:27:17,390,636,567,4
2026-08-06 19:27:18,388,638,567,4
2026-08-06 19:27:19,389,638,572,4
2026-08-06 19:27:20,388,642,560,4
2026-08-06 19:27:21,388,638,575,4
2026-08-06 19:27:22,389,637,578,4
2026-08-06 19:27:23,388,640,566,4
2026-08-06 19:27:24,387,636,566,4
2026-08-06 19:27:25,389,637,563,4
2026-08-06 19:27:26,388,643,571,4
2026-08-06 19:27:27,391,641,568,4
2026-08-06 19:27:28,387,640,567,4
2026-08-06 19:27:29,388,634,566,4
2026-08-06 19:27:30,390,638,568,4
2026-08-06 19:27:31,391,640,567,4
2026-08-06 19:27:32,389,636,575,4
2026-08-06 19:27:33,389,637,573,4
2026-08-06 19:27:34,387,637,563,4
2026-08-06 19:27:35,389,635,565,4
2026-08-06 19:27:36,390,639,571,4
2026-08-06 19:27:37,388,637,563,4
2026-08-06 19:27:38,393,641,573,4
2026-08-06 19:27:39,388,640,555,4
2026-08-06 19:27:40,389,635,574,4
2026-08-06 19:27:41,389,638,571,4
2026-08-06 19:27:42,391,639,574,4
2026-08-06 19:27:43,389,642,572,4
2026-08-06 19:27:44,387,634,563,4
2026-08-06 19:27:45,388,640,567,4
2026-08-06 19:27:46,387,643,575,4
2026-08-06 19:27:47,391,638,566,4
2026-08-06 19:27:48,388,640,568,4
2026-08-06 19:27:49,389,640,570,4
2026-08-06 19:27:50,391,641,562,4
2026-08-06 19:27:51,390,640,559,4
2026-08-06 19:27:52,388,638,564,4
2026-08-06 19:27:53,388,638,573,4
2026-08-06 19:27:54,390,641,569,4
2026-08-06 19:27:55,387,641,563,4
2026-08-06 19:27:56,383,640,572,4
2026-08-06 19:27:57,389,637,566,4
2026-08-06 19:27:58,390,637,561,4
2026-08-06 19:27:59,390,639,566,4
2026-08-06 19:28:00,392,633,571,4
2026-08-06 19:28:01,390,636,568,4
2026-08-06 19:28:02,389,637,566,4
2026-08-06 19:28:03,391,640,561,4
2026-08-06 19:28:04,388,641,564,4
2026-08-06 19:28:05,390,646,569,4
2026-08-06 19:28:06,390,640,567,4
2026-08-06 19:28:07,389,639,570,4
2026-08-06 19:28:08,392,640,569,4
2026-08-06 19:28:09,388,640,562,4
2026-08-06 19:28:10,389,637,576,4
2026-08-06 19:28:11,389,640,559,4
2026-08-06 19:28:12,390,639,568,4
2026-08-06 19:28:13,387,641,564,4
2026-08-06 19:28:14,389,641,570,4
2026-08-06 19:28:15,390,637,571,4
2026-08-06 19:28:16,390,642,570,4
2026-08-06 19:28:17,390,640,570,4
2026-08-06 19:28:18,390,638,565,4
2026-08-06 19:28:19,389,639,567,4
2026-08-06 19:28:20,391,639,574,4
2026-08-06 19:28:21,389,640,569,4
2026-08-06 19:28:22,388,640,566,4
2026-08-06 19:28:23,389,641,572,4
2026-08-06 19:28:24,388,642,569,4
2026-08-06 19:28:25,390,640,569,4
2026-08-06 19:28:26,390,637,572,4
2026-08-06 19:28:27,390,643,567,4
2026-08-06 19:28:28,390,643,571,4
2026-08-06 19:28:29,389,640,572,4
2026-08-06 19:28:30,390,636,573,4
2026-08-06 19:28:31,391,637,571,4
2026-08-06 19:28:32,390,637,571,4
2026-08-06 19:28:33,392,635,570,4
2026-08-06 19:28:34,390,637,562,4
2026-08-06 19:28:35,390,639,571,4
2026-08-06 19:28:36,391,641,558,4
2026-08-06 19:28:37,391,636,568,4
2026-08-06 19:28:38,388,636,569,4
2026-08-06 19:28:39,390,638,567,4
2026-08-06 19:28:40,388,641,570,4
2026-08-06 19:28:41,388,639,573,4
2026-08-06 19:28:42,389,641,566,4
2026-08-06 19:28:43,388,639,572,4
2026-08-06 19:28:44,389,639,567,4
2026-08-06 19:28:45,387,639,570,4
2026-08-06 19:28:46,390,633,563,4
2026-08-06 19:28:47,389,640,564,4
2026-08-06 19:28:48,389,638,569,4
2026-08-06 19:28:49,388,641,567,4
2026-08-06 19:28:50,389,638,569,4
2026-08-06 19:28:51,390,635,567,4
2026-08-06 19:28:52,388,642,563,4
2026-08-06 19:28:53,387,640,570,4
2026-08-06 19:28:54,392,641,582,4
2026-08-06 19:28:55,389,641,568,4
2026-08-06 19:28:56,390,640,570,4
2026-08-06 19:28:57,390,639,568,4
2026-08-06 19:28:58,388,642,569,4
2026-08-06 19:28:59,389,640,567,4
2026-08-06 19:29:00,390,639,566,4
2026-08-06 19:29:01,389,642,569,4
2026-08-06 19:29:02,390,641,573,4
2026-08-06 19:29:04,388,639,565,4
2026-08-06 19:29:04,390,642,569,4
2026-08-06 19:29:05,390,639,572,4
2026-08-06 19:29:06,387,639,568,4
2026-08-06 19:29:07,390,638,568,4
2026-08-06 19:29:08,387,638,573,4
2026-08-06 19:29:09,389,635,568,4
2026-08-06 19:29:10,390,643,568,4
2026-08-06 19:29:11,389,636,575,4
2026-08-06 19:29:12,388,639,566,4
2026-08-06 19:29:13,390,639,567,4
2026-08-06 19:29:14,388,641,563,4
2026-08-06 19:29:15,390,638,572,4
2026-08-06 19:29:16,387,642,559,4
2026-08-06 19:29:17,391,639,570,4
2026-08-06 19:29:18,389,640,564,4
2026-08-06 19:29:19,390,642,573,4
2026-08-06 19:29:20,389,639,573,4
2026-08-06 19:29:21,390,641,571,4
2026-08-06 19:29:22,389,641,567,4
2026-08-06 19:29:23,388,636,571,4
2026-08-06 19:29:24,390,643,568,4
2026-08-06 19:29:25,389,639,570,4
2026-08-06 19:29:26,390,637,564,4
2026-08-06 19:29:27,388,639,565,4
2026-08-06 19:29:28,389,645,564,4
2026-08-06 19:29:29,388,638,564,4
2026-08-06 19:29:30,389,638,566,4
2026-08-06 19:29:31,387,639,566,4
2026-08-06 19:29:32,388,640,563,4
2026-08-06 19:29:33,391,645,563,4
2026-08-06 19:29:34,389,638,564,4
2026-08-06 19:29:35,390,636,567,4
2026-08-06 19:29:36,390,642,570,4
2026-08-06 19:29:37,390,639,564,4
2026-08-06 19:29:38,389,641,571,4
2026-08-06 19:29:39,389,639,570,4
2026-08-06 19:29:40,388,638,572,4
2026-08-06 19:29:41,389,642,568,4
2026-08-06 19:29:42,390,639,570,4
2026-08-06 19:29:43,389,640,567,4
2026-08-06 19:29:44,388,639,566,4
2026-08-06 19:29:45,392,642,569,4
2026-08-06 19:29:46,389,642,567,4
2026-08-06 19:29:47,388,641,567,4
2026-08-06 19:29:48,389,640,572,4
2026-08-06 19:29:49,387,638,566,4
2026-08-06 19:29:50,392,642,565,4
2026-08-06 19:29:51,390,641,568,4
2026-08-06 19:29:52,391,642,577,4
2026-08-06 19:29:53,393,643,564,4
2026-08-06 19:29:54,387,646,567,4
2026-08-06 19:29:55,390,639,570,4
2026-08-06 19:29:56,391,646,560,4
2026-08-06 19:29:57,390,640,565,4
2026-08-06 19:29:58,388,632,571,4
2026-08-06 19:29:59,389,639,567,4
2026-08-06 19:30:00,386,642,564,4
2026-08-06 19:30:01,387,639,571,4
2026-08-06 19:30:02,390,639,575,4
2026-08-06 19:30:03,389,642,567,4
2026-08-06 19:30:04,389,640,567,4
2026-08-06 19:30:05,391,640,563,4
2026-08-06 19:30:06,391,638,569,4
2026-08-06 19:30:07,388,641,566,4
2026-08-06 19:30:08,387,644,569,4
2026-08-06 19:30:09,388,640,560,4
2026-08-06 19:30:10,390,643,565,4
2026-08-06 19:30:11,390,633,567,4
2026-08-06 19:30:12,388,639,575,4
2026-08-06 19:30:13,389,637,566,4
2026-08-06 19:30:14,388,639,567,4
2026-08-06 19:30:15,387,642,572,4
2026-08-06 19:30:16,389,640,567,4
2026-08-06 19:30:17,387,639,569,4
2026-08-06 19:30:18,388,640,564,4
2026-08-06 19:30:19,389,644,565,4
2026-08-06 19:30:20,390,645,569,4
2026-08-06 19:30:21,389,640,570,4
2026-08-06 19:30:22,389,639,566,4
2026-08-06 19:30:23,391,640,563,4
2026-08-06 19:30:24,389,641,567,4
2026-08-06 19:30:25,388,641,569,4
2026-08-06 19:30:26,388,641,567,4
2026-08-06 19:30:27,389,636,571,4
2026-08-06 19:30:28,389,643,566,4
2026-08-06 19:30:29,389,640,572,4
2026-08-06 19:30:30,387,638,568,4
2026-08-06 19:30:31,389,638,566,4
2026-08-06 19:30:32,391,635,569,4
2026-08-06 19:30:33,389,638,567,4
2026-08-06 19:30:34,388,639,569,4
2026-08-06 19:30:35,388,643,567,4
2026-08-06 19:30:36,390,640,570,4
2026-08-06 19:30:37,388,640,570,4
2026-08-06 19:30:38,389,638,563,4
2026-08-06 19:30:39,388,640,567,4
2026-08-06 19:30:40,387,642,568,4
2026-08-06 19:30:41,389,639,563,4
2026-08-06 19:30:42,390,641,566,4
2026-08-06 19:30:43,390,638,569,4
2026-08-06 19:30:44,388,642,563,4
2026-08-06 19:30:45,388,640,571,4
2026-08-06 19:30:46,390,637,565,4
2026-08-06 19:30:47,389,642,569,4
2026-08-06 19:30:48,390,640,565,4
2026-08-06 19:30:49,389,642,573,4
2026-08-06 19:30:50,392,642,569,4
2026-08-06 19:30:51,390,639,564,4
2026-08-06 19:30:52,390,637,571,4
2026-08-06 19:30:53,388,639,569,4
2026-08-06 19:30:54,389,645,567,4
2026-08-06 19:30:55,388,641,570,4
2026-08-06 19:30:56,388,641,566,4
2026-08-06 19:30:57,388,640,568,4
2026-08-06 19:30:58,388,637,568,4
2026-08-06 19:30:59,391,645,570,4
2026-08-06 19:31:00,387,639,569,4
2026-08-06 19:31:01,389,641,563,4
2026-08-06 19:31:02,389,637,572,4
2026-08-06 19:31:03,389,643,571,4
2026-08-06 19:31:04,390,641,571,4
2026-08-06 19:31:05,390,642,566,4
2026-08-06 19:31:06,389,636,570,4
2026-08-06 19:31:07,390,638,566,4
2026-08-06 19:31:08,388,643,570,4
2026-08-06 19:31:09,388,642,562,4
2026-08-06 19:31:10,389,637,568,4
2026-08-06 19:31:11,390,636,563,4
2026-08-06 19:31:12,388,642,559,4
2026-08-06 19:31:13,389,642,559,4
2026-08-06 19:31:14,390,643,558,4
2026-08-06 19:31:15,390,645,565,4
2026-08-06 19:31:16,389,640,570,4
2026-08-06 19:31:17,391,640,566,4
2026-08-06 19:31:18,387,641,566,4
2026-08-06 19:31:19,390,642,575,4
2026-08-06 19:31:20,385,643,567,4
2026-08-06 19:31:21,389,641,564,4
2026-08-06 19:31:22,390,640,575,4
2026-08-06 19:31:23,388,642,574,4
2026-08-06 19:31:24,390,639,571,4
2026-08-06 19:31:25,387,640,565,4
2026-08-06 19:31:26,391,640,568,4
2026-08-06 19:31:27,390,639,571,4
2026-08-06 19:31:28,390,638,564,4
2026-08-06 19:31:29,390,643,567,4
2026-08-06 19:31:30,389,639,567,4
2026-08-06 19:31:31,387,642,567,4
2026-08-06 19:31:32,388,641,562,4
2026-08-06 19:31:33,388,639,574,4
2026-08-06 19:31:34,390,640,563,4
2026-08-06 19:31:35,392,644,565,4
2026-08-06 19:31:36,389,638,574,4
2026-08-06 19:31:37,389,639,572,4
2026-08-06 19:31:38,390,642,571,4
2026-08-06 19:31:39,388,637,576,4
2026-08-06 19:31:40,388,637,567,4
2026-08-06 19:31:41,391,639,573,4
2026-08-06 19:31:42,388,639,565,4
2026-08-06 19:31:43,389,643,567,4
2026-08-06 19:31:44,386,639,567,4
2026-08-06 19:31:45,390,640,572,4
2026-08-06 19:31:46,389,641,565,4
2026-08-06 19:31:47,389,638,565,4
2026-08-06 19:31:48,389,640,574,4
2026-08-06 19:31:49,391,642,566,4
2026-08-06 19:31:50,390,634,565,4
2026-08-06 19:31:51,390,640,562,4
2026-08-06 19:31:52,389,642,571,4
2026-08-06 19:31:53,391,645,576,4
2026-08-06 19:31:54,389,643,566,4
2026-08-06 19:31:55,391,640,567,4
2026-08-06 19:31:56,389,641,568,4
2026-08-06 19:31:57,390,640,565,4
2026-08-06 19:31:58,390,636,564,4
2026-08-06 19:31:59,390,638,573,4
2026-08-06 19:32:00,388,643,574,4
2026-08-06 19:32:01,388,646,567,4
2026-08-06 19:32:02,390,641,572,4
2026-08-06 19:32:03,391,637,569,4
2026-08-06 19:32:04,390,641,567,4
2026-08-06 19:32:05,388,643,561,4
2026-08-06 19:32:06,388,640,569,4
2026-08-06 19:32:07,389,636,562,4
2026-08-06 19:32:08,389,641,574,4
2026-08-06 19:32:09,389,641,573,4
2026-08-06 19:32:10,388,641,564,4
2026-08-06 19:32:11,391,643,568,4
2026-08-06 19:32:12,389,641,571,4
2026-08-06 19:32:13,391,643,564,4
2026-08-06 19:32:14,387,642,566,4
2026-08-06 19:32:15,391,641,564,4
2026-08-06 19:32:16,389,641,566,4
2026-08-06 19:32:17,390,638,566,4
2026-08-06 19:32:18,390,641,571,4
2026-08-06 19:32:19,390,642,570,4
2026-08-06 19:32:20,388,642,567,4
2026-08-06 19:32:21,389,641,568,4
2026-08-06 19:32:22,388,640,571,4
2026-08-06 19:32:23,390,640,570,4
2026-08-06 19:32:24,387,638,571,4
2026-08-06 19:32:25,390,645,566,4
2026-08-06 19:32:26,393,643,570,4
2026-08-06 19:32:27,392,645,570,4
2026-08-06 19:32:28,389,640,568,4
2026-08-06 19:32:29,389,644,563,4
2026-08-06 19:32:30,388,639,573,4
2026-08-06 19:32:31,388,641,554,4
2026-08-06 19:32:32,388,640,565,4
2026-08-06 19:32:33,389,639,572,4
2026-08-06 19:32:34,386,643,573,4
2026-08-06 19:32:35,389,641,571,4
2026-08-06 19:32:36,389,642,568,4
2026-08-06 19:32:37,388,636,564,4
2026-08-06 19:32:38,390,641,567,4
2026-08-06 19:32:39,388,641,573,4
2026-08-06 19:32:40,388,639,565,4
2026-08-06 19:32:41,390,639,561,4
2026-08-06 19:32:42,391,633,574,4
2026-08-06 19:32:43,388,641,563,4
2026-08-06 19:32:44,389,644,564,4
2026-08-06 19:32:45,389,641,571,4
2026-08-06 19:32:46,387,640,568,4
2026-08-06 19:32:47,385,641,566,4
2026-08-06 19:32:48,389,640,571,4
2026-08-06 19:32:49,386,639,560,4
2026-08-06 19:32:50,387,639,574,4
2026-08-06 19:32:51,390,646,564,4
2026-08-06 19:32:52,391,640,568,4
2026-08-06 19:32:53,388,642,571,4
2026-08-06 19:32:54,389,641,568,4
2026-08-06 19:32:55,390,641,570,4
2026-08-06 19:32:56,389,640,562,4
2026-08-06 19:32:57,392,642,567,4
2026-08-06 19:32:58,390,642,573,4
2026-08-06 19:32:59,390,641,570,4
2026-08-06 19:33:00,390,641,566,4
2026-08-06 19:33:01,389,645,575,4
2026-08-06 19:33:02,389,640,568,4
2026-08-06 19:33:03,389,640,569,4
2026-08-06 19:33:04,390,645,571,4
2026-08-06 19:33:05,390,636,568,4
2026-08-06 19:33:06,391,642,568,4
2026-08-06 19:33:07,388,640,564,4
2026-08-06 19:33:08,390,640,565,4
2026-08-06 19:33:09,388,640,565,4
2026-08-06 19:33:10,389,641,574,4
2026-08-06 19:33:11,391,637,567,4
2026-08-06 19:33:12,390,640,566,4
2026-08-06 19:33:13,389,645,563,4
2026-08-06 19:33:14,389,644,565,4
2026-08-06 19:33:15,389,637,570,4
2026-08-06 19:33:16,387,644,564,4
2026-08-06 19:33:17,391,643,565,4
2026-08-06 19:33:18,390,640,568,4
2026-08-06 19:33:19,389,645,571,4
2026-08-06 19:33:20,389,643,565,4
2026-08-06 19:33:21,388,645,568,4
2026-08-06 19:33:22,389,639,565,4
2026-08-06 19:33:23,389,641,568,4
2026-08-06 19:33:24,389,639,563,4
2026-08-06 19:33:25,390,641,568,4
2026-08-06 19:33:26,390,640,568,4
2026-08-06 19:33:27,390,641,567,4
2026-08-06 19:33:28,388,639,570,4
2026-08-06 19:33:29,390,641,569,4
2026-08-06 19:33:30,388,645,567,4
2026-08-06 19:33:31,390,643,569,4
2026-08-06 19:33:32,388,640,566,4
2026-08-06 19:33:33,389,638,562,4
2026-08-06 19:33:34,387,639,567,4
2026-08-06 19:33:35,389,639,569,4
2026-08-06 19:33:36,391,640,575,4
2026-08-06 19:33:37,390,642,565,4
2026-08-06 19:33:38,388,643,570,4
2026-08-06 19:33:39,387,640,571,4
2026-08-06 19:33:40,390,642,561,4
2026-08-06 19:33:41,391,640,564,4
2026-08-06 19:33:42,390,641,565,4
2026-08-06 19:33:43,388,642,564,4
2026-08-06 19:33:44,390,638,568,4
2026-08-06 19:33:45,388,640,571,4
2026-08-06 19:33:46,389,642,570,4
2026-08-06 19:33:47,388,644,570,4
2026-08-06 19:33:48,391,643,565,4
2026-08-06 19:33:49,390,641,567,4
2026-08-06 19:33:50,388,636,571,4
2026-08-06 19:33:51,387,641,563,4
2026-08-06 19:33:52,388,640,564,4
2026-08-06 19:33:53,390,638,566,4
2026-08-06 19:33:54,391,641,568,4
2026-08-06 19:33:55,390,644,568,4
2026-08-06 19:33:56,389,639,566,4
2026-08-06 19:33:57,388,640,569,4
2026-08-06 19:33:58,389,641,570,4
2026-08-06 19:33:59,385,642,566,4
2026-08-06 19:34:00,389,636,560,4
2026-08-06 19:34:01,386,642,565,4
2026-08-06 19:34:02,387,638,567,4
2026-08-06 19:34:03,387,640,575,4
2026-08-06 19:34:04,390,646,573,4
2026-08-06 19:34:05,389,644,563,4
2026-08-06 19:34:06,391,644,568,4
2026-08-06 19:34:07,390,637,560,4
2026-08-06 19:34:08,387,645,562,4
2026-08-06 19:34:09,391,641,566,4
2026-08-06 19:34:10,390,643,565,4
2026-08-06 19:34:11,392,640,566,4
2026-08-06 19:34:12,387,645,565,4
2026-08-06 19:34:13,391,640,561,4
2026-08-06 19:34:14,389,644,561,4
2026-08-06 19:34:15,387,641,566,4
2026-08-06 19:34:16,389,638,571,4
2026-08-06 19:34:17,389,644,570,4
2026-08-06 19:34:18,387,647,565,4
2026-08-06 19:34:19,389,643,565,4
2026-08-06 19:34:20,388,641,562,4
2026-08-06 19:34:21,388,641,569,4
2026-08-06 19:34:22,389,645,569,4
2026-08-06 19:34:23,388,642,568,4
2026-08-06 19:34:24,390,642,571,4
2026-08-06 19:34:25,389,643,575,4
2026-08-06 19:34:26,387,642,565,4
2026-08-06 19:34:27,388,639,563,4
2026-08-06 19:34:28,387,641,567,4
2026-08-06 19:34:29,387,644,563,4
2026-08-06 19:34:30,390,641,570,4
2026-08-06 19:34:31,391,643,570,4
2026-08-06 19:34:32,389,645,565,4
2026-08-06 19:34:33,388,641,569,4
2026-08-06 19:34:34,389,640,558,4
2026-08-06 19:34:35,389,639,574,4
2026-08-06 19:34:36,390,642,563,4
2026-08-06 19:34:37,389,637,571,4
2026-08-06 19:34:38,393,641,559,4
2026-08-06 19:34:39,388,640,564,4
2026-08-06 19:34:40,389,638,569,4
2026-08-06 19:34:41,389,642,563,4
2026-08-06 19:34:42,389,640,577,4
2026-08-06 19:34:43,389,647,561,4
2026-08-06 19:34:44,390,642,571,4
2026-08-06 19:34:45,386,640,582,4
2026-08-06 19:34:46,391,636,556,4
2026-08-06 19:34:47,389,643,564,4
2026-08-06 19:34:48,390,641,571,4
2026-08-06 19:34:49,388,644,566,4
2026-08-06 19:34:50,388,643,565,4
2026-08-06 19:34:51,389,643,571,4
2026-08-06 19:34:52,387,639,559,4
2026-08-06 19:34:53,389,643,561,4
2026-08-06 19:34:54,389,643,578,4
2026-08-06 19:34:55,387,641,560,4
2026-08-06 19:34:56,387,642,556,4
2026-08-06 19:34:57,388,640,570,4
2026-08-06 19:34:58,389,640,564,4
2026-08-06 19:34:59,389,644,559,4
2026-08-06 19:35:00,389,643,563,4
2026-08-06 19:35:01,388,639,571,4
2026-08-06 19:35:02,388,641,573,4
2026-08-06 19:35:03,389,641,566,4
2026-08-06 19:35:04,388,639,567,4
2026-08-06 19:35:05,386,636,577,4
2026-08-06 19:35:06,388,638,572,4
2026-08-06 19:35:07,390,643,566,4
2026-08-06 19:35:08,387,645,557,4
2026-08-06 19:35:09,389,640,561,4
2026-08-06 19:35:10,389,644,569,4
2026-08-06 19:35:11,389,638,565,4
2026-08-06 19:35:12,388,640,567,4
2026-08-06 19:35:13,390,641,566,4
2026-08-06 19:35:14,390,644,564,4
2026-08-06 19:35:15,387,641,567,4
2026-08-06 19:35:16,389,643,564,4
2026-08-06 19:35:17,389,641,563,4
2026-08-06 19:35:18,387,640,569,4
2026-08-06 19:35:19,387,640,555,4
2026-08-06 19:35:20,389,637,568,4
2026-08-06 19:35:21,386,639,570,4
2026-08-06 19:35:22,389,641,566,4
2026-08-06 19:35:23,388,640,567,4
2026-08-06 19:35:24,390,640,564,4
2026-08-06 19:35:25,391,641,563,4
2026-08-06 19:35:26,389,642,566,4
2026-08-06 19:35:27,387,643,567,4
2026-08-06 19:35:28,388,638,571,4
2026-08-06 19:35:29,390,640,560,4
2026-08-06 19:35:30,388,640,565,4
2026-08-06 19:35:31,387,643,571,4
2026-08-06 19:35:32,391,643,571,4
2026-08-06 19:35:33,389,638,578,4
2026-08-06 19:35:34,388,640,561,4
2026-08-06 19:35:35,387,643,570,4
2026-08-06 19:35:36,390,647,565,4
2026-08-06 19:35:37,389,641,560,4
2026-08-06 19:35:38,389,647,568,4
2026-08-06 19:35:39,390,640,572,4
2026-08-06 19:35:40,390,641,564,4
2026-08-06 19:35:41,390,638,572,4
2026-08-06 19:35:42,389,643,569,4
2026-08-06 19:35:43,392,642,567,4
2026-08-06 19:35:44,387,641,560,4
2026-08-06 19:35:45,388,644,564,4
2026-08-06 19:35:46,390,640,567,4
2026-08-06 19:35:47,388,643,573,4
2026-08-06 19:35:48,388,645,565,4
2026-08-06 19:35:49,392,643,570,4
2026-08-06 19:35:50,389,641,576,4
2026-08-06 19:35:51,388,644,570,4
2026-08-06 19:35:52,389,642,564,4
2026-08-06 19:35:53,391,640,567,4
2026-08-06 19:35:54,389,641,569,4
2026-08-06 19:35:55,388,644,563,4
2026-08-06 19:35:56,387,640,564,4
2026-08-06 19:35:57,389,640,568,4
2026-08-06 19:35:58,389,642,566,4
2026-08-06 19:35:59,389,640,560,4
2026-08-06 19:36:00,390,638,571,4
2026-08-06 19:36:01,389,643,564,4
2026-08-06 19:36:02,389,644,573,4
2026-08-06 19:36:03,389,639,574,4
2026-08-06 19:36:04,391,633,580,4
2026-08-06 19:36:05,389,641,572,4
2026-08-06 19:36:06,387,641,570,4
2026-08-06 19:36:07,389,644,563,4
2026-08-06 19:36:08,389,642,566,4
2026-08-06 19:36:09,388,642,569,4
2026-08-06 19:36:10,389,643,565,4
2026-08-06 19:36:12,389,643,562,4
2026-08-06 19:36:12,389,644,559,4
2026-08-06 19:36:13,387,644,568,4
2026-08-06 19:36:14,388,644,558,4
2026-08-06 19:36:15,390,640,567,4
2026-08-06 19:36:16,390,642,568,4
2026-08-06 19:36:17,388,641,562,4
2026-08-06 19:36:18,388,639,571,4
2026-08-06 19:36:19,387,645,564,4
2026-08-06 19:36:20,389,640,565,4
2026-08-06 19:36:21,390,641,573,4
2026-08-06 19:36:22,390,637,570,4
2026-08-06 19:36:23,390,644,565,4
2026-08-06 19:36:24,389,641,563,4
2026-08-06 19:36:25,391,639,572,4
2026-08-06 19:36:26,390,641,566,4
2026-08-06 19:36:27,387,643,566,4
2026-08-06 19:36:28,388,643,565,4
2026-08-06 19:36:29,388,639,563,4
2026-08-06 19:36:30,389,639,574,4
2026-08-06 19:36:31,390,642,572,4
2026-08-06 19:36:32,390,640,564,4
2026-08-06 19:36:33,388,641,560,4
2026-08-06 19:36:34,389,642,556,4
2026-08-06 19:36:35,389,638,566,4
2026-08-06 19:36:36,390,641,562,4
2026-08-06 19:36:37,388,642,564,4
2026-08-06 19:36:38,389,640,562,4
2026-08-06 19:36:39,389,643,564,4
2026-08-06 19:36:40,387,641,564,4
2026-08-06 19:36:41,389,643,573,4
2026-08-06 19:36:42,390,644,571,4
2026-08-06 19:36:43,389,638,564,4
2026-08-06 19:36:44,388,640,577,4
2026-08-06 19:36:45,390,639,568,4
2026-08-06 19:36:46,390,641,572,4
2026-08-06 19:36:47,389,638,570,4
2026-08-06 19:36:48,388,644,569,4
2026-08-06 19:36:49,388,638,566,4
2026-08-06 19:36:50,390,643,563,4
2026-08-06 19:36:51,387,641,573,4
2026-08-06 19:36:52,389,640,564,4
2026-08-06 19:36:53,388,642,569,4
2026-08-06 19:36:54,391,638,565,4
2026-08-06 19:36:55,391,642,571,4
2026-08-06 19:36:56,387,642,560,4
2026-08-06 19:36:57,388,644,570,4
2026-08-06 19:36:58,388,642,571,4
2026-08-06 19:36:59,390,640,567,4
2026-08-06 19:37:00,389,640,566,4
2026-08-06 19:37:01,387,642,575,4
2026-08-06 19:37:02,390,643,578,4
2026-08-06 19:37:03,387,640,572,4
2026-08-06 19:37:04,389,640,564,4
2026-08-06 19:37:05,389,637,567,4
2026-08-06 19:37:06,389,642,569,4
2026-08-06 19:37:07,390,640,568,4
2026-08-06 19:37:08,390,644,566,4
2026-08-06 19:37:09,390,639,568,4
2026-08-06 19:37:10,389,644,567,4
2026-08-06 19:37:11,389,645,565,4
2026-08-06 19:37:12,388,643,565,4
2026-08-06 19:37:13,387,639,574,4
2026-08-06 19:37:14,388,643,568,4
2026-08-06 19:37:15,389,643,570,4
2026-08-06 19:37:16,390,641,567,4
2026-08-06 19:37:17,389,643,573,4
2026-08-06 19:37:18,387,642,564,4
2026-08-06 19:37:19,392,637,571,4
2026-08-06 19:37:20,389,638,567,4
2026-08-06 19:37:21,388,640,571,4
2026-08-06 19:37:22,389,639,568,4
2026-08-06 19:37:23,389,640,571,4
2026-08-06 19:37:24,390,644,563,4
2026-08-06 19:37:25,391,640,565,4
2026-08-06 19:37:26,390,640,570,4
2026-08-06 19:37:27,389,643,572,4
2026-08-06 19:37:28,390,643,567,4
2026-08-06 19:37:29,390,644,569,4
2026-08-06 19:37:30,391,644,565,4
2026-08-06 19:37:31,389,644,569,4
2026-08-06 19:37:32,390,646,557,4
2026-08-06 19:37:33,390,642,559,4
2026-08-06 19:37:34,390,638,573,4
2026-08-06 19:37:35,387,644,562,4
2026-08-06 19:37:36,389,641,567,4
2026-08-06 19:37:37,387,642,569,4
2026-08-06 19:37:38,389,641,568,4
2026-08-06 19:37:39,392,642,561,4
2026-08-06 19:37:40,388,637,564,4
2026-08-06 19:37:41,388,640,566,4
2026-08-06 19:37:42,390,640,566,4
2026-08-06 19:37:43,388,639,563,4
2026-08-06 19:37:44,389,641,571,4
2026-08-06 19:37:45,386,638,573,4
2026-08-06 19:37:46,389,640,568,4
2026-08-06 19:37:47,390,644,566,4
2026-08-06 19:37:48,387,643,570,4
2026-08-06 19:37:49,388,642,571,4
2026-08-06 19:37:50,389,642,568,4
2026-08-06 19:37:51,388,643,569,4
2026-08-06 19:37:52,389,640,558,4
2026-08-06 19:37:53,387,644,562,4
2026-08-06 19:37:54,388,641,566,4
2026-08-06 19:37:55,390,640,567,4
2026-08-06 19:37:56,388,635,571,4
2026-08-06 19:37:57,388,643,566,4
2026-08-06 19:37:58,391,641,568,4
2026-08-06 19:37:59,390,642,563,4
2026-08-06 19:38:00,388,643,569,4
2026-08-06 19:38:01,390,639,576,4
2026-08-06 19:38:02,386,641,569,4
2026-08-06 19:38:03,389,645,567,4
2026-08-06 19:38:04,389,643,567,4
2026-08-06 19:38:05,390,643,563,4
2026-08-06 19:38:06,389,640,565,4
2026-08-06 19:38:07,390,641,570,4
2026-08-06 19:38:08,389,642,566,4
2026-08-06 19:38:09,390,643,565,4
2026-08-06 19:38:10,388,641,562,4
2026-08-06 19:38:11,390,642,573,4
2026-08-06 19:38:12,388,646,562,4
2026-08-06 19:38:13,390,643,565,4
2026-08-06 19:38:14,388,646,566,4
2026-08-06 19:38:15,391,637,570,4
2026-08-06 19:38:16,390,644,568,4
2026-08-06 19:38:17,393,642,569,4
2026-08-06 19:38:18,390,641,568,4
2026-08-06 19:38:19,391,645,565,4
2026-08-06 19:38:20,388,645,566,4
2026-08-06 19:38:21,390,639,569,4
2026-08-06 19:38:22,390,642,570,4
2026-08-06 19:38:23,389,641,570,4
2026-08-06 19:38:24,389,640,569,4
2026-08-06 19:38:25,387,640,568,4
2026-08-06 19:38:26,392,642,566,4
2026-08-06 19:38:27,387,645,566,4
2026-08-06 19:38:28,387,641,567,4
2026-08-06 19:38:29,388,640,566,4
2026-08-06 19:38:30,389,636,557,4
2026-08-06 19:38:31,389,639,577,4
2026-08-06 19:38:32,388,643,564,4
2026-08-06 19:38:33,389,639,567,4
2026-08-06 19:38:34,386,645,573,4
2026-08-06 19:38:35,392,643,563,4
2026-08-06 19:38:36,389,642,570,4
2026-08-06 19:38:37,391,646,573,4
2026-08-06 19:38:38,389,641,565,4
2026-08-06 19:38:39,389,642,563,4
2026-08-06 19:38:40,390,640,571,4
2026-08-06 19:38:41,387,641,561,4
2026-08-06 19:38:42,388,640,567,4
2026-08-06 19:38:43,391,642,573,4
2026-08-06 19:38:44,388,638,569,4
2026-08-06 19:38:45,391,641,571,4
2026-08-06 19:38:46,386,644,563,4
2026-08-06 19:38:47,391,643,569,4
2026-08-06 19:38:48,390,642,567,4
2026-08-06 19:38:49,391,643,564,4
2026-08-06 19:38:50,390,641,566,4
2026-08-06 19:38:51,390,643,571,4
2026-08-06 19:38:52,391,644,563,4
2026-08-06 19:38:53,391,643,562,4
2026-08-06 19:38:54,389,638,562,4
2026-08-06 19:38:55,387,643,558,4
2026-08-06 19:38:56,392,642,567,4
2026-08-06 19:38:57,387,641,566,4
2026-08-06 19:38:58,392,646,565,4
2026-08-06 19:38:59,391,639,571,4
2026-08-06 19:39:00,388,643,567,4
2026-08-06 19:39:01,390,642,565,4
2026-08-06 19:39:02,388,639,569,4
2026-08-06 19:39:03,392,642,570,4
2026-08-06 19:39:04,389,641,570,4
2026-08-06 19:39:05,389,638,558,4
2026-08-06 19:39:06,390,640,570,4
2026-08-06 19:39:07,388,648,571,4
2026-08-06 19:39:08,388,640,561,4
2026-08-06 19:39:09,388,644,567,4
2026-08-06 19:39:10,389,642,565,4
2026-08-06 19:39:11,389,645,565,4
2026-08-06 19:39:12,388,642,561,4
2026-08-06 19:39:13,390,641,572,4
2026-08-06 19:39:14,389,639,567,4
2026-08-06 19:39:15,389,641,564,4
2026-08-06 19:39:16,390,642,564,4
2026-08-06 19:39:17,391,642,564,4
2026-08-06 19:39:18,389,643,569,4
2026-08-06 19:39:19,389,639,569,4
2026-08-06 19:39:20,387,642,569,4
2026-08-06 19:39:21,388,643,570,4
2026-08-06 19:39:22,389,639,564,4
2026-08-06 19:39:23,389,641,570,4
2026-08-06 19:39:24,387,640,570,4
2026-08-06 19:39:25,389,640,568,4
2026-08-06 19:39:26,385,642,561,4
2026-08-06 19:39:27,388,640,579,4
2026-08-06 19:39:28,388,644,578,4
2026-08-06 19:39:29,389,644,565,4
2026-08-06 19:39:30,389,641,565,4
2026-08-06 19:39:31,390,642,572,4
2026-08-06 19:39:32,386,639,569,4
2026-08-06 19:39:33,391,644,567,4
2026-08-06 19:39:34,389,641,569,4
2026-08-06 19:39:35,388,640,565,4
2026-08-06 19:39:36,386,639,561,4
2026-08-06 19:39:37,387,642,570,4
2026-08-06 19:39:38,385,649,566,4
2026-08-06 19:39:39,390,640,569,4
2026-08-06 19:39:40,391,638,556,4
2026-08-06 19:39:41,393,644,561,4
2026-08-06 19:39:42,389,642,573,4
2026-08-06 19:39:43,388,639,563,4
2026-08-06 19:39:44,388,640,569,4
2026-08-06 19:39:45,387,642,560,4
2026-08-06 19:39:46,388,646,566,4
2026-08-06 19:39:47,390,641,570,4
2026-08-06 19:39:48,389,641,563,4
2026-08-06 19:39:49,389,639,560,4
2026-08-06 19:39:50,387,637,567,4
2026-08-06 19:39:51,389,639,561,4
2026-08-06 19:39:52,392,644,567,4
2026-08-06 19:39:53,388,645,560,4
2026-08-06 19:39:54,388,646,570,4
2026-08-06 19:39:55,391,648,558,4
2026-08-06 19:39:56,388,649,559,4
2026-08-06 19:39:57,389,640,567,4
2026-08-06 19:39:58,389,638,571,4
2026-08-06 19:39:59,390,644,559,4
2026-08-06 19:40:00,390,641,565,4
2026-08-06 19:40:01,389,641,559,4
2026-08-06 19:40:02,387,643,572,4
2026-08-06 19:40:03,387,642,563,4
2026-08-06 19:40:04,391,645,564,4
2026-08-06 19:40:05,388,641,569,4
2026-08-06 19:40:06,387,636,566,4
2026-08-06 19:40:07,384,645,565,4
2026-08-06 19:40:08,390,645,569,4
2026-08-06 19:40:09,389,648,565,4
2026-08-06 19:40:10,389,645,565,4
2026-08-06 19:40:11,390,644,573,4
2026-08-06 19:40:12,388,643,568,4
2026-08-06 19:40:13,387,638,569,4
2026-08-06 19:40:14,387,644,566,4
2026-08-06 19:40:15,387,645,562,4
2026-08-06 19:40:16,388,645,562,4
2026-08-06 19:40:17,389,644,567,4
2026-08-06 19:40:18,389,642,566,4
2026-08-06 19:40:19,390,643,568,4
2026-08-06 19:40:20,387,644,566,4
2026-08-06 19:40:21,390,637,565,4
2026-08-06 19:40:22,388,642,565,4
2026-08-06 19:40:23,392,643,566,4
2026-08-06 19:40:24,387,644,568,4
2026-08-06 19:40:25,390,641,565,4
2026-08-06 19:40:26,390,641,568,4
2026-08-06 19:40:27,388,646,573,4
2026-08-06 19:40:28,390,646,563,4
2026-08-06 19:40:29,390,642,572,4
2026-08-06 19:40:30,391,644,566,4
2026-08-06 19:40:31,388,643,572,4
2026-08-06 19:40:32,386,640,568,4
2026-08-06 19:40:33,389,644,566,4
2026-08-06 19:40:34,390,643,570,4
2026-08-06 19:40:35,389,641,563,4
2026-08-06 19:40:36,386,645,561,4
2026-08-06 19:40:37,390,643,565,4
2026-08-06 19:40:38,390,644,566,4
2026-08-06 19:40:39,389,642,564,4
2026-08-06 19:40:40,390,641,570,4
2026-08-06 19:40:41,389,643,569,4
2026-08-06 19:40:42,389,647,571,4
2026-08-06 19:40:43,388,641,563,4
2026-08-06 19:40:44,388,643,570,4
2026-08-06 19:40:45,388,640,566,4
2026-08-06 19:40:46,388,646,567,4
2026-08-06 19:40:47,390,640,568,4
2026-08-06 19:40:48,388,637,572,4
2026-08-06 19:40:49,388,647,568,4
2026-08-06 19:40:50,389,642,566,4
2026-08-06 19:40:51,390,643,563,4
2026-08-06 19:40:52,387,645,560,4
2026-08-06 19:40:53,391,641,568,4
2026-08-06 19:40:54,389,650,563,4
2026-08-06 19:40:55,388,643,560,4
2026-08-06 19:40:56,387,643,563,4
2026-08-06 19:40:57,389,644,570,4
2026-08-06 19:40:58,388,641,562,4
2026-08-06 19:40:59,389,645,564,4
2026-08-06 19:41:00,388,643,559,4
2026-08-06 19:41:01,389,642,576,4
2026-08-06 19:41:02,386,643,562,4
2026-08-06 19:41:03,389,640,570,4
2026-08-06 19:41:04,388,638,568,4
2026-08-06 19:41:05,388,644,569,4
2026-08-06 19:41:06,389,643,564,4
2026-08-06 19:41:07,389,645,577,4
2026-08-06 19:41:08,390,636,561,4
2026-08-06 19:41:09,390,646,572,4
2026-08-06 19:41:10,390,641,570,4
2026-08-06 19:41:11,387,641,561,4
2026-08-06 19:41:12,388,639,569,4
2026-08-06 19:41:13,392,645,573,4
2026-08-06 19:41:14,389,642,561,4
2026-08-06 19:41:15,388,645,573,4
2026-08-06 19:41:16,389,639,561,4
2026-08-06 19:41:17,391,641,566,4
2026-08-06 19:41:18,391,642,566,4
2026-08-06 19:41:19,388,645,564,4
2026-08-06 19:41:20,390,641,563,4
2026-08-06 19:41:21,388,643,576,4
2026-08-06 19:41:22,386,644,559,4
2026-08-06 19:41:23,389,641,569,4
2026-08-06 19:41:24,390,640,569,4
2026-08-06 19:41:25,388,645,562,4
2026-08-06 19:41:26,388,644,566,4
2026-08-06 19:41:27,388,644,567,4
2026-08-06 19:41:28,388,647,571,4
2026-08-06 19:41:29,390,644,566,4
2026-08-06 19:41:30,386,642,571,4
2026-08-06 19:41:31,389,643,559,4
2026-08-06 19:41:32,390,642,569,4
2026-08-06 19:41:33,390,644,561,4
2026-08-06 19:41:34,388,639,566,4
2026-08-06 19:41:35,386,645,562,4
2026-08-06 19:41:36,388,646,570,4
2026-08-06 19:41:37,387,644,565,4
2026-08-06 19:41:38,389,641,567,4
2026-08-06 19:41:39,390,640,559,4
2026-08-06 19:41:40,387,642,566,4
2026-08-06 19:41:41,389,644,565,4
2026-08-06 19:41:42,389,649,564,4
2026-08-06 19:41:43,388,641,570,4
2026-08-06 19:41:44,389,641,567,4
2026-08-06 19:41:45,387,641,568,4
2026-08-06 19:41:46,389,641,569,4
2026-08-06 19:41:47,389,646,566,4
2026-08-06 19:41:48,387,647,562,4
2026-08-06 19:41:49,389,641,569,4
2026-08-06 19:41:50,389,643,565,4
2026-08-06 19:41:51,388,646,572,4
2026-08-06 19:41:52,390,638,573,4
2026-08-06 19:41:53,388,641,557,4
2026-08-06 19:41:54,388,645,561,4
2026-08-06 19:41:55,387,641,568,4
2026-08-06 19:41:56,390,640,564,4
2026-08-06 19:41:57,386,643,569,4
2026-08-06 19:41:58,387,643,566,4
2026-08-06 19:41:59,387,640,567,4
2026-08-06 19:42:00,389,643,565,4
2026-08-06 19:42:01,389,643,571,4
2026-08-06 19:42:02,388,636,568,4
2026-08-06 19:42:03,389,643,563,4
2026-08-06 19:42:04,389,642,567,4
2026-08-06 19:42:05,391,644,571,4
2026-08-06 19:42:06,389,640,569,4
2026-08-06 19:42:07,394,639,563,4
2026-08-06 19:42:08,388,642,557,4
2026-08-06 19:42:09,391,644,570,4
2026-08-06 19:42:10,390,642,566,4
2026-08-06 19:42:11,387,641,565,4
2026-08-06 19:42:12,389,646,566,4
2026-08-06 19:42:13,388,647,571,4
2026-08-06 19:42:14,385,644,573,4
2026-08-06 19:42:15,387,646,569,4
2026-08-06 19:42:16,388,646,573,4
2026-08-06 19:42:18,386,644,572,4
2026-08-06 19:42:18,386,643,570,4
2026-08-06 19:42:19,387,648,565,4
2026-08-06 19:42:20,389,642,569,4
2026-08-06 19:42:21,391,643,570,4
2026-08-06 19:42:22,388,645,573,4
2026-08-06 19:42:23,391,642,569,4
2026-08-06 19:42:26,391,639,564,4
2026-08-06 19:42:26,387,643,564,4
2026-08-06 19:42:26,389,641,564,4
2026-08-06 19:42:27,384,642,563,4
2026-08-06 19:42:28,389,645,568,4
2026-08-06 19:42:29,387,641,572,4
2026-08-06 19:42:30,388,641,556,4
2026-08-06 19:42:31,391,638,569,4
2026-08-06 19:42:32,389,642,558,4
2026-08-06 19:42:33,389,641,571,4
2026-08-06 19:42:34,388,641,570,4
2026-08-06 19:42:35,387,639,562,4
2026-08-06 19:42:36,389,640,568,4
2026-08-06 19:42:37,386,643,561,4
2026-08-06 19:42:38,390,639,564,4
2026-08-06 19:42:39,389,643,565,4
2026-08-06 19:42:40,390,643,562,4
2026-08-06 19:42:41,389,644,567,4
2026-08-06 19:42:42,390,645,563,4
2026-08-06 19:42:43,388,643,566,4
2026-08-06 19:42:44,390,642,570,4
2026-08-06 19:42:45,390,644,565,4
2026-08-06 19:42:46,392,640,557,4
2026-08-06 19:42:47,389,642,564,4
2026-08-06 19:42:48,388,645,561,4
2026-08-06 19:42:49,394,644,566,4
2026-08-06 19:42:50,390,638,570,4
2026-08-06 19:42:51,386,643,564,4
2026-08-06 19:42:52,388,642,570,4
2026-08-06 19:42:53,391,642,571,4
2026-08-06 19:42:54,389,649,569,4
2026-08-06 19:42:56,389,645,568,4
2026-08-06 19:42:56,391,645,570,4
2026-08-06 19:42:57,387,642,556,4
2026-08-06 19:42:58,386,647,575,4
2026-08-06 19:42:59,389,643,571,4
2026-08-06 19:43:00,388,643,567,4
2026-08-06 19:43:01,388,640,566,4
2026-08-06 19:43:02,390,646,571,4
2026-08-06 19:43:03,388,642,570,4
2026-08-06 19:43:04,385,644,560,4
2026-08-06 19:43:05,388,643,570,4
2026-08-06 19:43:06,389,643,563,4
2026-08-06 19:43:07,391,644,564,4
2026-08-06 19:43:08,389,643,569,4
2026-08-06 19:43:09,389,643,563,4
2026-08-06 19:43:10,389,640,566,4
2026-08-06 19:43:11,389,643,563,4
2026-08-06 19:43:12,390,641,565,4
2026-08-06 19:43:13,387,646,568,4
2026-08-06 19:43:14,389,642,565,4
2026-08-06 19:43:15,389,639,568,4
2026-08-06 19:43:16,387,647,572,4
2026-08-06 19:43:17,389,640,568,4
2026-08-06 19:43:18,387,641,560,4
2026-08-06 19:43:19,387,650,573,4
2026-08-06 19:43:20,387,642,561,4
2026-08-06 19:43:21,388,641,569,4
2026-08-06 19:43:22,391,641,565,4
2026-08-06 19:43:23,388,646,565,4
2026-08-06 19:43:24,388,645,566,4
2026-08-06 19:43:25,391,644,561,4
2026-08-06 19:43:26,388,642,562,4
2026-08-06 19:43:27,389,640,573,4
2026-08-06 19:43:28,388,643,565,4
2026-08-06 19:43:29,391,643,570,4
2026-08-06 19:43:30,386,643,572,4
2026-08-06 19:43:31,388,641,570,4
2026-08-06 19:43:32,391,642,559,4
2026-08-06 19:43:33,388,645,569,4
2026-08-06 19:43:34,389,645,561,4
2026-08-06 19:43:35,390,643,569,4
2026-08-06 19:43:36,387,645,570,4
2026-08-06 19:43:37,388,644,566,4
2026-08-06 19:43:38,388,637,565,4
2026-08-06 19:43:39,388,645,567,4
2026-08-06 19:43:40,389,649,559,4
2026-08-06 19:43:41,389,647,567,4
2026-08-06 19:43:42,389,646,557,4
2026-08-06 19:43:43,389,639,564,4
2026-08-06 19:43:44,390,648,568,4
2026-08-06 19:43:45,391,643,563,4
2026-08-06 19:43:46,387,643,566,4
2026-08-06 19:43:47,388,641,566,4
2026-08-06 19:43:48,388,640,568,4
2026-08-06 19:43:49,387,648,573,4
2026-08-06 19:43:50,387,642,569,4
2026-08-06 19:43:51,389,646,560,4
2026-08-06 19:43:52,388,642,566,4
2026-08-06 19:43:53,390,645,566,4
2026-08-06 19:43:54,388,644,572,4
2026-08-06 19:43:55,389,641,567,4
2026-08-06 19:43:56,389,643,563,4
2026-08-06 19:43:57,389,641,565,4
2026-08-06 19:43:58,391,644,566,4
2026-08-06 19:43:59,389,643,567,4
2026-08-06 19:44:00,389,640,563,4
2026-08-06 19:44:01,388,643,567,4
2026-08-06 19:44:02,387,638,569,4
2026-08-06 19:44:03,389,643,564,4
2026-08-06 19:44:04,390,642,564,4
2026-08-06 19:44:05,389,637,565,4
2026-08-06 19:44:06,388,642,571,4
2026-08-06 19:44:07,390,642,573,4
2026-08-06 19:44:08,388,644,562,4
2026-08-06 19:44:09,388,644,564,4
2026-08-06 19:44:10,387,641,567,4
2026-08-06 19:44:11,390,646,569,4
2026-08-06 19:44:12,385,647,567,4
2026-08-06 19:44:13,388,642,561,4
2026-08-06 19:44:14,388,648,573,4
2026-08-06 19:44:15,388,641,566,4
2026-08-06 19:44:16,389,646,565,4
2026-08-06 19:44:17,386,641,568,4
2026-08-06 19:44:18,387,645,566,4
2026-08-06 19:44:19,389,644,560,4
2026-08-06 19:44:20,386,643,571,4
2026-08-06 19:44:21,390,642,570,4
2026-08-06 19:44:22,388,640,576,4
2026-08-06 19:44:23,387,643,573,4
2026-08-06 19:44:24,389,643,566,4
2026-08-06 19:44:25,389,646,559,4
2026-08-06 19:44:26,389,645,567,4
2026-08-06 19:44:27,389,642,567,4
2026-08-06 19:44:28,387,643,570,4
2026-08-06 19:44:29,389,646,567,4
2026-08-06 19:44:30,389,647,562,4
2026-08-06 19:44:31,386,646,564,4
2026-08-06 19:44:32,389,641,568,4
2026-08-06 19:44:33,390,641,567,4
2026-08-06 19:44:34,388,647,573,4
2026-08-06 19:44:35,388,642,570,4
2026-08-06 19:44:36,388,644,563,4
2026-08-06 19:44:37,389,642,561,4
2026-08-06 19:44:38,388,645,570,4
2026-08-06 19:44:39,389,642,575,4
2026-08-06 19:44:40,389,640,569,4
2026-08-06 19:44:41,389,644,557,4
2026-08-06 19:44:42,385,642,557,4
2026-08-06 19:44:43,390,647,564,4
2026-08-06 19:44:44,389,642,569,4
2026-08-06 19:44:45,390,641,577,4
2026-08-06 19:44:46,389,642,560,4
2026-08-06 19:44:47,391,646,564,4
2026-08-06 19:44:48,388,642,571,4
2026-08-06 19:44:49,387,645,564,4
2026-08-06 19:44:50,389,648,565,4
2026-08-06 19:44:51,386,643,562,4
2026-08-06 19:44:52,389,649,566,4
2026-08-06 19:44:53,387,643,568,4
2026-08-06 19:44:54,390,643,561,4
2026-08-06 19:44:56,388,645,569,4
2026-08-06 19:44:56,389,643,566,4
2026-08-06 19:44:57,386,646,569,4
2026-08-06 19:44:58,388,642,567,4
2026-08-06 19:44:59,391,644,572,4
2026-08-06 19:45:00,387,640,567,4
2026-08-06 19:45:01,389,647,570,4
2026-08-06 19:45:02,391,646,564,4
2026-08-06 19:45:03,390,646,567,4
2026-08-06 19:45:04,391,643,571,4
2026-08-06 19:45:05,387,646,563,4
2026-08-06 19:45:06,388,644,562,4
2026-08-06 19:45:07,388,647,565,4
2026-08-06 19:45:08,389,644,561,4
2026-08-06 19:45:09,387,642,569,4
2026-08-06 19:45:10,388,643,566,4
2026-08-06 19:45:11,388,643,563,4
2026-08-06 19:45:12,390,644,569,4
2026-08-06 19:45:13,390,639,565,4
2026-08-06 19:45:14,389,646,567,4
2026-08-06 19:45:15,388,645,574,4
2026-08-06 19:45:16,390,648,566,4
2026-08-06 19:45:17,389,640,561,4
2026-08-06 19:45:18,387,643,575,4
2026-08-06 19:45:19,386,641,562,4
2026-08-06 19:45:20,387,640,565,4
2026-08-06 19:45:21,386,642,572,4
2026-08-06 19:45:22,388,646,568,4
2026-08-06 19:45:23,387,645,566,4
2026-08-06 19:45:24,388,644,569,4
2026-08-06 19:45:25,388,638,568,4
2026-08-06 19:45:26,390,643,568,4
2026-08-06 19:45:27,388,645,566,4
2026-08-06 19:45:28,390,647,569,4
2026-08-06 19:45:29,391,644,564,4
2026-08-06 19:45:30,389,643,563,4
2026-08-06 19:45:31,384,644,570,4
2026-08-06 19:45:32,388,637,561,4
2026-08-06 19:45:33,388,643,569,4
2026-08-06 19:45:34,387,640,561,4
2026-08-06 19:45:35,389,649,567,4
2026-08-06 19:45:36,393,643,569,4
2026-08-06 19:45:37,389,644,568,4
2026-08-06 19:45:38,389,646,565,4
2026-08-06 19:45:39,386,648,560,4
2026-08-06 19:45:40,388,641,567,4
2026-08-06 19:45:41,388,642,573,4
2026-08-06 19:45:42,388,646,567,4
2026-08-06 19:45:43,389,642,564,4
2026-08-06 19:45:44,390,647,565,4
2026-08-06 19:45:45,387,649,567,4
2026-08-06 19:45:46,389,643,568,4
2026-08-06 19:45:47,387,645,565,4
2026-08-06 19:45:48,389,639,562,4
2026-08-06 19:45:49,387,645,565,4
2026-08-06 19:45:50,390,645,574,4
2026-08-06 19:45:51,392,641,563,4
2026-08-06 19:45:52,391,643,559,4
2026-08-06 19:45:53,388,643,568,4
2026-08-06 19:45:54,388,645,567,4
2026-08-06 19:45:55,388,643,559,4
2026-08-06 19:45:56,386,641,578,4
2026-08-06 19:45:57,388,642,561,4
2026-08-06 19:45:58,390,645,557,4
2026-08-06 19:45:59,390,641,561,4
2026-08-06 19:46:00,387,644,557,4
2026-08-06 19:46:01,388,648,564,4
2026-08-06 19:46:02,388,644,569,4
2026-08-06 19:46:03,389,645,565,4
2026-08-06 19:46:04,386,642,571,4
2026-08-06 19:46:05,388,642,566,4
2026-08-06 19:46:06,388,643,564,4
2026-08-06 19:46:07,390,646,568,4
2026-08-06 19:46:08,389,646,562,4
2026-08-06 19:46:09,390,648,562,4
2026-08-06 19:46:10,390,637,567,4
2026-08-06 19:46:11,388,645,564,4
2026-08-06 19:46:12,388,644,565,4
2026-08-06 19:46:13,389,637,568,4
2026-08-06 19:46:14,387,649,567,4
2026-08-06 19:46:15,388,642,561,4
2026-08-06 19:46:16,390,645,567,4
2026-08-06 19:46:17,389,645,563,4
2026-08-06 19:46:18,387,644,562,4
2026-08-06 19:46:19,389,650,569,4
2026-08-06 19:46:20,389,644,567,4
2026-08-06 19:46:21,388,642,562,4
2026-08-06 19:46:22,388,643,567,4
2026-08-06 19:46:23,387,645,563,4
2026-08-06 19:46:24,389,644,566,4
2026-08-06 19:46:25,386,646,564,4
2026-08-06 19:46:26,390,642,568,4
2026-08-06 19:46:27,389,642,559,4
2026-08-06 19:46:28,388,645,562,4
2026-08-06 19:46:29,389,643,561,4
2026-08-06 19:46:30,389,643,570,4
2026-08-06 19:46:31,391,647,562,4
2026-08-06 19:46:32,385,645,568,4
2026-08-06 19:46:33,389,642,564,4
2026-08-06 19:46:34,388,643,570,4
2026-08-06 19:46:35,389,643,575,4
2026-08-06 19:46:37,388,642,570,4
2026-08-06 19:46:38,387,641,571,4
2026-08-06 19:46:39,387,641,568,4
2026-08-06 19:46:40,389,644,566,4
2026-08-06 19:46:40,389,640,570,4
2026-08-06 19:46:42,390,645,563,4
2026-08-06 19:46:42,388,640,567,4
2026-08-06 19:46:43,389,644,562,4
2026-08-06 19:46:44,389,646,564,4
2026-08-06 19:46:46,388,642,563,4
2026-08-06 19:46:46,387,644,567,4
2026-08-06 19:46:47,388,651,574,4
2026-08-06 19:46:51,390,650,565,4
2026-08-06 19:46:51,388,643,564,4
2026-08-06 19:46:51,387,640,571,4
2026-08-06 19:46:51,387,643,568,4
2026-08-06 19:46:53,388,649,557,4
2026-08-06 19:46:58,387,646,570,4
2026-08-06 19:48:29,389,644,569,4
2026-08-06 19:48:30,389,641,571,4
2026-08-06 19:48:31,388,646,561,4
2026-08-06 19:48:32,389,640,563,4
2026-08-06 19:48:33,388,644,561,4
2026-08-06 19:48:34,390,640,561,4
2026-08-06 19:48:35,390,644,568,4
2026-08-06 19:48:36,388,647,565,4
2026-08-06 19:48:37,387,646,567,4
2026-08-06 19:48:38,387,646,561,4
2026-08-06 19:48:39,390,647,575,4
2026-08-06 19:48:40,389,644,557,4
2026-08-06 19:48:41,391,644,562,4
2026-08-06 19:48:42,389,644,567,4
2026-08-06 19:48:43,390,647,573,4
2026-08-06 19:48:44,389,643,563,4
2026-08-06 19:48:45,387,647,566,4
2026-08-06 19:48:46,390,643,562,4
2026-08-06 19:48:47,387,644,559,4
2026-08-06 19:48:48,389,643,569,4
2026-08-06 19:48:49,389,646,566,4
2026-08-06 19:48:50,388,641,567,4
2026-08-06 19:48:51,386,640,567,4
2026-08-06 19:48:52,389,647,572,4
2026-08-06 19:48:54,386,647,564,4
2026-08-06 19:48:54,387,647,563,4
2026-08-06 19:48:56,390,647,570,4
2026-08-06 19:48:56,389,643,573,4
2026-08-06 19:48:57,388,648,566,4
2026-08-06 19:48:58,388,648,562,4
2026-08-06 19:48:59,390,643,573,4
2026-08-06 19:49:00,387,644,561,4
2026-08-06 19:49:01,388,641,562,4
2026-08-06 19:49:02,387,647,562,4
2026-08-06 19:49:03,388,645,561,4
2026-08-06 19:49:04,389,644,569,4
2026-08-06 19:49:05,389,644,569,4
2026-08-06 19:49:06,389,648,571,4
2026-08-06 19:49:07,388,643,569,4
2026-08-06 19:49:08,388,641,563,4
2026-08-06 19:50:18,389,651,567,4
2026-08-06 19:50:19,388,645,563,4
2026-08-06 19:50:20,388,642,573,4
2026-08-06 19:50:21,389,642,565,4
2026-08-06 19:50:22,389,645,570,4
2026-08-06 19:50:23,390,644,569,4
2026-08-06 19:50:24,388,645,567,4
2026-08-06 19:50:25,391,646,569,4
2026-08-06 19:50:26,389,645,567,4
2026-08-06 19:50:27,389,645,566,4
2026-08-06 19:50:28,393,643,567,4
2026-08-06 19:50:29,390,650,565,4
2026-08-06 19:50:30,388,647,567,4
2026-08-06 19:50:31,386,647,566,4
2026-08-06 19:50:32,390,645,562,4
2026-08-06 19:50:33,388,648,567,4
2026-08-06 19:50:34,387,646,565,4
2026-08-06 19:50:35,389,647,564,4
2026-08-06 19:50:36,390,648,575,4
2026-08-06 19:50:37,389,645,566,4
2026-08-06 19:50:38,386,639,569,4
2026-08-06 19:50:39,389,644,574,4
2026-08-06 19:50:40,388,649,565,4
2026-08-06 19:50:41,388,648,567,4
2026-08-06 19:50:42,389,647,562,4
2026-08-06 19:50:43,389,645,567,4
2026-08-06 19:50:44,388,643,568,4
2026-08-06 19:50:45,389,641,572,4
2026-08-06 19:50:46,389,644,559,4
2026-08-06 19:50:47,388,650,560,4
2026-08-06 19:50:48,387,648,559,4
2026-08-06 19:50:49,388,645,566,4
2026-08-06 19:50:50,387,648,572,4
2026-08-06 19:50:51,386,647,563,4
2026-08-06 19:50:52,387,649,563,4
2026-08-06 19:50:53,388,650,570,4
2026-08-06 19:50:54,390,643,561,4
2026-08-06 19:50:55,387,646,564,4
2026-08-06 19:50:56,388,644,569,4
2026-08-06 19:50:57,392,648,573,4
2026-08-06 19:50:58,387,645,564,4
2026-08-06 19:50:59,387,649,569,4
2026-08-06 19:51:00,388,649,572,4
2026-08-06 19:51:01,389,646,571,4
2026-08-06 19:51:02,389,646,574,4
2026-08-06 19:51:03,390,645,561,4
2026-08-06 19:51:04,389,645,565,4
2026-08-06 19:51:05,388,646,568,4
2026-08-06 19:51:06,389,642,565,4
2026-08-06 19:51:07,388,645,570,4
2026-08-06 19:51:08,388,641,568,4
2026-08-06 19:51:09,389,644,564,4
2026-08-06 19:51:10,387,645,569,4
2026-08-06 19:51:11,389,640,564,4
2026-08-06 19:51:12,388,645,559,4
2026-08-06 19:51:13,391,642,562,4
2026-08-06 19:51:14,387,648,564,4
2026-08-06 19:51:15,388,649,564,4
2026-08-06 19:51:16,389,647,566,4
2026-08-06 19:51:17,387,644,575,4
2026-08-06 19:51:18,388,648,560,4
2026-08-06 19:51:19,387,648,565,4
2026-08-06 19:51:20,389,644,569,4
2026-08-06 19:51:21,388,652,565,4
2026-08-06 19:51:22,389,643,570,4
2026-08-06 19:51:23,391,647,564,4
2026-08-06 19:51:24,391,647,562,4
2026-08-06 19:51:25,389,649,569,4
2026-08-06 19:51:26,385,647,564,4
2026-08-06 19:51:27,390,650,574,4
2026-08-06 19:51:28,387,646,558,4
2026-08-06 19:51:29,388,648,563,4
2026-08-06 19:51:30,386,644,552,4
2026-08-06 19:51:31,392,644,572,4
2026-08-06 19:51:32,388,640,559,4
2026-08-06 19:51:33,388,643,563,4
2026-08-06 19:51:34,389,644,564,4
2026-08-06 19:51:35,387,646,565,4
2026-08-06 19:51:36,386,644,566,4
2026-08-06 19:51:37,387,649,559,4
2026-08-06 19:51:38,387,645,574,4
2026-08-06 19:51:39,392,644,567,4
2026-08-06 19:51:40,388,645,565,4
2026-08-06 19:51:41,388,647,569,4
2026-08-06 19:51:42,388,647,562,4
2026-08-06 19:51:43,387,647,566,4
2026-08-06 19:51:44,390,648,568,4
2026-08-06 19:51:45,389,641,569,4
2026-08-06 19:51:46,387,648,564,4
2026-08-06 19:51:47,390,638,565,4
2026-08-06 19:51:48,387,644,573,4
2026-08-06 19:51:49,388,648,561,4
2026-08-06 19:51:50,387,647,567,4
2026-08-06 19:51:51,388,644,566,4
2026-08-06 19:51:52,386,648,559,4
2026-08-06 19:51:53,387,640,566,4
2026-08-06 19:51:54,387,641,558,4
2026-08-06 19:51:55,387,642,561,4
2026-08-06 19:51:56,390,644,573,4
2026-08-06 19:51:57,387,648,560,4
2026-08-06 19:51:58,388,640,563,4
2026-08-06 19:51:59,388,645,563,4
2026-08-06 19:52:00,386,645,567,4
2026-08-06 19:52:01,388,639,567,4
2026-08-06 19:52:02,388,640,566,4
2026-08-06 19:52:03,388,643,560,4
2026-08-06 19:52:04,388,642,565,4
2026-08-06 19:52:05,389,647,566,4
2026-08-06 19:52:06,388,645,565,4
2026-08-06 19:52:07,389,648,570,4
2026-08-06 19:52:08,388,642,570,4
2026-08-06 19:52:09,387,640,571,4
2026-08-06 19:52:10,390,646,569,4
2026-08-06 19:52:11,388,644,565,4
2026-08-06 19:52:12,387,647,560,4
2026-08-06 19:52:13,387,649,557,4
2026-08-06 19:52:14,388,649,563,4
2026-08-06 19:52:15,388,644,561,4
2026-08-06 19:52:16,386,646,562,4
2026-08-06 19:52:17,391,646,567,4
2026-08-06 19:52:18,388,648,568,4
2026-08-06 19:52:19,390,645,569,4
2026-08-06 19:52:20,387,645,571,4
2026-08-06 19:52:21,390,645,564,4
2026-08-06 19:52:22,389,645,566,4
2026-08-06 19:52:23,389,644,561,4
2026-08-06 19:52:24,387,644,567,4
2026-08-06 19:52:25,390,648,565,4
2026-08-06 19:52:26,389,644,563,4
2026-08-06 19:52:27,390,643,572,4
2026-08-06 19:52:28,387,642,560,4
2026-08-06 19:52:29,389,645,573,4
2026-08-06 19:52:30,389,645,563,4
2026-08-06 19:52:31,390,645,570,4
2026-08-06 19:52:32,389,641,562,4
2026-08-06 19:52:33,389,642,568,4
2026-08-06 19:52:34,387,645,573,4
2026-08-06 19:52:35,386,649,568,4
2026-08-06 19:52:36,388,645,563,4
2026-08-06 19:52:37,389,643,565,4
2026-08-06 19:52:38,390,649,568,4
2026-08-06 19:52:39,388,646,560,4
2026-08-06 19:52:40,389,642,568,4
2026-08-06 19:52:41,388,647,562,4
2026-08-06 19:52:42,388,645,563,4
2026-08-06 19:52:43,388,646,567,4
2026-08-06 19:52:44,388,641,573,4
2026-08-06 19:52:45,388,642,564,4
2026-08-06 19:52:46,385,645,572,4
2026-08-06 19:52:47,388,645,562,4
2026-08-06 19:52:48,389,648,567,4
2026-08-06 19:52:49,388,642,575,4
2026-08-06 19:52:50,388,645,564,4
2026-08-06 19:52:51,388,645,565,4
2026-08-06 19:52:52,389,646,563,4
2026-08-06 19:52:53,389,648,562,4
2026-08-06 19:52:54,389,648,567,4
2026-08-06 19:52:55,388,646,564,4
2026-08-06 19:52:56,388,649,567,4
2026-08-06 19:52:57,388,644,573,4
2026-08-06 19:52:58,388,643,566,4
2026-08-06 19:52:59,386,645,564,4
2026-08-06 19:53:00,387,649,571,4
2026-08-06 19:53:01,386,644,563,4
2026-08-06 19:53:02,390,642,565,4
2026-08-06 19:53:03,388,650,573,4
2026-08-06 19:53:04,391,646,566,4
2026-08-06 19:53:05,390,650,568,4
2026-08-06 19:53:06,389,644,567,4
2026-08-06 19:53:07,387,646,575,4
2026-08-06 19:53:08,386,644,573,4
2026-08-06 19:53:09,389,645,561,4
2026-08-06 19:53:10,387,647,572,4
2026-08-06 19:53:11,387,639,564,4
2026-08-06 19:53:12,388,646,564,4
2026-08-06 19:53:13,389,643,563,4
2026-08-06 19:53:14,389,644,564,4
2026-08-06 19:53:15,388,645,562,4
2026-08-06 19:53:16,386,639,565,4
2026-08-06 19:53:17,388,645,563,4
2026-08-06 19:53:18,389,646,564,4
2026-08-06 19:53:19,387,643,562,4
2026-08-06 19:53:20,387,644,560,4
2026-08-06 19:53:21,386,645,563,4
2026-08-06 19:53:22,388,647,575,4
2026-08-06 19:53:23,390,645,567,4
2026-08-06 19:53:24,389,641,564,4
2026-08-06 19:53:25,387,642,565,4
2026-08-06 19:53:26,387,643,570,4
2026-08-06 19:53:27,388,643,567,4
2026-08-06 19:53:28,387,644,563,4
2026-08-06 19:53:29,389,645,569,4
2026-08-06 19:53:30,389,647,566,4
2026-08-06 19:53:31,389,647,557,4
2026-08-06 19:53:32,388,649,569,4
2026-08-06 19:53:33,388,640,566,4
2026-08-06 19:53:34,389,648,566,4
2026-08-06 19:53:35,390,642,561,4
2026-08-06 19:53:36,388,643,568,4
2026-08-06 19:53:37,385,647,572,4
2026-08-06 19:53:38,388,647,567,4
2026-08-06 19:53:39,390,644,572,4
2026-08-06 19:53:40,390,641,571,4
2026-08-06 19:53:41,388,649,563,4
2026-08-06 19:53:42,386,644,569,4
2026-08-06 19:53:43,388,644,564,4
2026-08-06 19:53:44,390,643,571,4
2026-08-06 19:53:45,386,641,574,4
2026-08-06 19:53:46,390,646,563,4
2026-08-06 19:53:47,388,646,564,4
2026-08-06 19:53:48,387,644,567,4
2026-08-06 19:53:49,388,647,568,4
2026-08-06 19:53:50,387,643,566,4
2026-08-06 19:53:51,388,641,569,4
2026-08-06 19:53:52,390,648,560,4
2026-08-06 19:53:53,387,646,568,4
2026-08-06 19:53:54,389,642,564,4
2026-08-06 19:53:55,386,644,576,4
2026-08-06 19:53:56,389,645,570,4
2026-08-06 19:53:57,390,647,575,4
2026-08-06 19:53:58,389,641,561,4
2026-08-06 19:53:59,389,645,562,4
2026-08-06 19:54:00,390,645,567,4
2026-08-06 19:54:01,386,645,566,4
2026-08-06 19:54:02,387,649,572,4
2026-08-06 19:54:03,389,643,570,4
2026-08-06 19:54:04,388,644,565,4
2026-08-06 19:54:05,388,648,569,4
2026-08-06 19:54:06,386,650,577,4
2026-08-06 19:54:07,386,646,563,4
2026-08-06 19:54:08,388,645,567,4
2026-08-06 19:54:09,385,643,575,4
2026-08-06 19:54:10,389,643,566,4
2026-08-06 19:54:11,388,644,560,4
2026-08-06 19:54:12,390,645,569,4
2026-08-06 19:54:13,389,641,576,4
2026-08-06 19:54:14,389,644,564,4
2026-08-06 19:54:15,388,641,567,4
2026-08-06 19:54:16,389,651,572,4
2026-08-06 19:54:17,390,646,570,4
2026-08-06 19:54:18,388,644,566,4
2026-08-06 19:54:19,389,641,572,4
2026-08-06 19:54:20,387,645,569,4
2026-08-06 19:54:21,389,642,572,4
2026-08-06 19:54:22,389,643,572,4
2026-08-06 19:54:23,390,644,564,4
2026-08-06 19:54:24,388,640,555,4
2026-08-06 19:54:25,387,649,562,4
2026-08-06 19:54:26,388,643,568,4
2026-08-06 19:54:27,389,647,570,4
2026-08-06 19:54:28,388,646,568,4
2026-08-06 19:54:29,385,647,570,4
2026-08-06 19:54:30,388,640,570,4
2026-08-06 19:54:31,388,646,560,4
2026-08-06 19:54:32,388,648,568,4
2026-08-06 19:54:33,387,646,566,4
2026-08-06 19:54:34,390,645,566,4
2026-08-06 19:54:35,388,644,568,4
2026-08-06 19:54:36,388,645,568,4
2026-08-06 19:54:37,390,646,555,4
2026-08-06 19:54:38,390,643,571,4
2026-08-06 19:54:39,389,645,569,4
2026-08-06 19:54:40,389,640,567,4
2026-08-06 19:54:41,387,647,571,4
2026-08-06 19:54:42,389,642,562,4
2026-08-06 19:54:43,388,644,567,4
2026-08-06 19:54:44,387,644,561,4
2026-08-06 19:54:45,389,641,573,4
2026-08-06 19:54:46,391,641,572,4
2026-08-06 19:54:47,389,642,573,4
2026-08-06 19:54:48,388,644,564,4
2026-08-06 19:54:49,390,639,563,4
2026-08-06 19:54:50,387,646,567,4
2026-08-06 19:54:51,388,644,565,4
2026-08-06 19:54:52,387,644,564,4
2026-08-06 19:54:53,387,644,569,4
2026-08-06 19:54:54,386,647,573,4
2026-08-06 19:54:55,388,643,563,4
2026-08-06 19:54:56,388,651,567,4
2026-08-06 19:54:57,389,646,561,4
2026-08-06 19:54:58,388,648,570,4
2026-08-06 19:54:59,385,643,564,4
2026-08-06 19:55:00,391,647,568,4
2026-08-06 19:55:01,389,644,566,4
2026-08-06 19:55:02,389,644,569,4
2026-08-06 19:55:03,390,643,560,4
2026-08-06 19:55:04,389,642,566,4
2026-08-06 19:55:05,388,644,561,4
2026-08-06 19:55:06,391,640,569,4
2026-08-06 19:55:07,388,648,575,4
2026-08-06 19:55:08,386,647,561,4
2026-08-06 19:55:09,387,648,566,4
2026-08-06 19:55:10,387,644,557,4
2026-08-06 19:55:11,386,645,574,4
2026-08-06 19:55:12,390,644,565,4
2026-08-06 19:55:13,388,645,566,4
2026-08-06 19:55:14,388,641,571,4
2026-08-06 19:55:15,389,643,560,4
2026-08-06 19:55:16,386,642,564,4
2026-08-06 19:55:17,391,643,561,4
2026-08-06 19:55:18,387,647,567,4
2026-08-06 19:55:19,388,645,567,4
2026-08-06 19:55:20,389,648,577,4
2026-08-06 19:55:21,388,648,566,4
2026-08-06 19:55:22,391,650,567,4
2026-08-06 19:55:23,390,643,568,4
2026-08-06 19:55:24,384,649,558,4
2026-08-06 19:55:25,388,647,568,4
2026-08-06 19:55:26,389,647,562,4
2026-08-06 19:55:27,387,644,572,4
2026-08-06 19:55:28,391,647,568,4
2026-08-06 19:55:29,388,648,568,4
2026-08-06 19:55:30,389,640,569,4
2026-08-06 19:55:31,390,649,573,4
2026-08-06 19:55:32,388,643,568,4
2026-08-06 19:55:33,387,645,570,4
2026-08-06 19:55:34,388,648,563,4
2026-08-06 19:55:35,386,648,565,4
2026-08-06 19:55:36,390,642,566,4
2026-08-06 19:55:37,387,644,568,4
2026-08-06 19:55:38,389,643,559,4
2026-08-06 19:55:39,387,642,566,4
2026-08-06 19:55:40,387,641,568,4
2026-08-06 19:55:41,389,644,566,4
2026-08-06 19:55:42,387,638,563,4
2026-08-06 19:55:43,388,648,562,4
2026-08-06 19:55:44,388,643,563,4
2026-08-06 19:55:45,387,641,566,4
2026-08-06 19:55:46,388,643,565,4
2026-08-06 19:55:47,389,647,573,4
2026-08-06 19:55:48,389,646,568,4
2026-08-06 19:55:49,387,644,567,4
2026-08-06 19:55:50,389,649,571,4
2026-08-06 19:55:51,388,641,568,4
2026-08-06 19:55:52,389,641,560,4
2026-08-06 19:55:53,389,654,567,4
2026-08-06 19:55:54,387,646,566,4
2026-08-06 19:55:55,389,639,570,4
2026-08-06 19:55:56,386,642,566,4
2026-08-06 19:55:57,389,648,566,4
2026-08-06 19:55:58,390,643,566,4
2026-08-06 19:55:59,388,645,572,4
2026-08-06 19:56:00,388,647,568,4
2026-08-06 19:56:01,386,642,558,4
2026-08-06 19:56:02,385,644,566,4
2026-08-06 19:56:03,389,650,574,4
2026-08-06 19:56:04,387,649,570,4
2026-08-06 19:56:05,390,649,569,4
2026-08-06 19:56:06,388,643,572,4
2026-08-06 19:56:07,390,648,557,4
2026-08-06 19:56:08,387,644,563,4
2026-08-06 19:56:09,389,644,567,4
2026-08-06 19:56:10,388,646,563,4
2026-08-06 19:56:11,388,644,564,4
2026-08-06 19:56:12,387,647,570,4
2026-08-06 19:56:13,389,641,570,4
2026-08-06 19:56:14,391,650,571,4
2026-08-06 19:56:15,389,648,562,4
2026-08-06 19:56:16,388,641,570,4
2026-08-06 19:56:17,390,645,567,4
2026-08-06 19:56:18,393,640,567,4
2026-08-06 19:56:19,388,650,564,4
2026-08-06 19:56:20,388,648,566,4
2026-08-06 19:56:21,388,649,563,4
2026-08-06 19:56:22,389,649,563,4
2026-08-06 19:56:23,384,645,561,4
2026-08-06 19:56:24,389,644,567,4
2026-08-06 19:56:25,390,644,572,4
2026-08-06 19:56:26,390,651,562,4
2026-08-06 19:56:27,386,642,572,4
2026-08-06 19:56:28,390,641,565,4
2026-08-06 19:56:29,388,643,567,4
2026-08-06 19:56:30,387,643,574,4
2026-08-06 19:56:31,388,643,568,4
2026-08-06 19:56:32,386,645,565,4
2026-08-06 19:56:33,387,647,567,4
2026-08-06 19:56:34,388,651,568,4
2026-08-06 19:56:35,388,643,573,4
2026-08-06 19:56:36,387,646,567,4
2026-08-06 19:56:37,390,649,565,4
2026-08-06 19:56:38,388,648,562,4
2026-08-06 19:56:39,387,644,574,4
2026-08-06 19:56:40,386,650,562,4
2026-08-06 19:56:41,387,649,564,4
2026-08-06 19:56:42,386,645,568,4
2026-08-06 19:56:43,388,644,562,4
2026-08-06 19:56:44,387,644,559,4
2026-08-06 19:56:45,387,646,568,4
2026-08-06 19:56:46,387,647,566,4
2026-08-06 19:56:47,388,643,565,4
2026-08-06 19:56:48,389,641,564,4
2026-08-06 19:56:49,389,642,570,4
2026-08-06 19:56:50,389,650,567,4
2026-08-06 19:56:51,388,642,566,4
2026-08-06 19:56:52,390,643,561,4
2026-08-06 19:56:53,387,647,561,4
2026-08-06 19:56:54,384,645,569,4
2026-08-06 19:56:55,387,642,565,4
2026-08-06 19:56:56,386,650,567,4
2026-08-06 19:56:57,387,645,565,4
2026-08-06 19:56:58,388,648,554,4
2026-08-06 19:56:59,391,643,571,4
2026-08-06 19:57:00,390,648,571,4
2026-08-06 19:57:01,387,643,566,4
2026-08-06 19:57:02,390,645,566,4
2026-08-06 19:57:03,388,645,568,4
2026-08-06 19:57:04,389,643,560,4
2026-08-06 19:57:05,390,649,569,4
2026-08-06 19:57:06,390,647,565,4
2026-08-06 19:57:07,389,645,566,4
2026-08-06 19:57:08,389,643,569,4
2026-08-06 19:57:09,388,642,563,4
2026-08-06 19:57:10,386,650,566,4
2026-08-06 19:57:11,388,648,564,4
2026-08-06 19:57:12,390,645,560,4
2026-08-06 19:57:13,388,644,565,4
2026-08-06 19:57:14,387,644,568,4
2026-08-06 19:57:15,390,645,567,4
2026-08-06 19:57:16,387,643,566,4
2026-08-06 19:57:17,388,645,560,4
2026-08-06 19:57:18,389,645,563,4
2026-08-06 19:57:19,388,644,562,4
2026-08-06 19:57:20,390,640,562,4
2026-08-06 19:57:21,386,646,570,4
2026-08-06 19:57:22,391,643,572,4
2026-08-06 19:57:23,389,646,564,4
2026-08-06 19:57:24,388,641,563,4
2026-08-06 19:57:25,389,638,560,4
2026-08-06 19:57:26,390,647,569,4
2026-08-06 19:57:27,387,643,565,4
2026-08-06 19:57:28,387,646,573,4
2026-08-06 19:57:29,388,643,577,4
2026-08-06 19:57:30,390,644,568,4
2026-08-06 19:57:31,389,650,564,4
2026-08-06 19:57:32,388,647,572,4
2026-08-06 19:57:33,387,648,567,4
2026-08-06 19:57:34,386,650,566,4
2026-08-06 19:57:35,389,646,564,4
2026-08-06 19:57:36,389,645,571,4
2026-08-06 19:57:37,387,646,561,4
2026-08-06 19:57:38,388,642,567,4
2026-08-06 19:57:39,388,646,570,4
2026-08-06 19:57:40,389,646,566,4
2026-08-06 19:57:41,389,646,560,4
2026-08-06 19:57:42,386,646,566,4
2026-08-06 19:57:43,388,645,571,4
2026-08-06 19:57:44,386,648,563,4
2026-08-06 19:57:45,387,648,570,4
2026-08-06 19:57:46,387,645,567,4
2026-08-06 19:57:47,388,647,569,4
2026-08-06 19:57:48,389,643,565,4
2026-08-06 19:57:49,389,644,567,4
2026-08-06 19:57:50,388,646,571,4
2026-08-06 19:57:51,390,646,574,4
2026-08-06 19:57:52,391,645,564,4
2026-08-06 19:57:53,388,650,567,4
2026-08-06 19:57:54,388,650,563,4
2026-08-06 19:57:55,389,645,563,4
2026-08-06 19:57:56,389,648,568,4
2026-08-06 19:57:57,389,645,572,4
2026-08-06 19:57:58,388,646,567,4
2026-08-06 19:57:59,389,646,573,4
2026-08-06 19:58:00,388,639,567,4
2026-08-06 19:58:01,385,643,564,4
2026-08-06 19:58:02,387,643,567,4
2026-08-06 19:58:03,389,644,559,4
2026-08-06 19:58:04,387,648,576,4
2026-08-06 19:58:05,388,645,570,4
2026-08-06 19:58:06,388,644,570,4
2026-08-06 19:58:07,388,646,566,4
2026-08-06 19:58:08,388,643,570,4
2026-08-06 19:58:09,386,642,572,4
2026-08-06 19:58:10,389,647,566,4
2026-08-06 19:58:11,386,646,565,4
2026-08-06 19:58:12,389,647,571,4
2026-08-06 19:58:13,388,643,571,4
2026-08-06 19:58:14,388,646,564,4
2026-08-06 19:58:15,391,648,566,4
2026-08-06 19:58:16,389,645,565,4
2026-08-06 19:58:17,388,643,569,4
2026-08-06 19:58:18,387,645,568,4
2026-08-06 19:58:19,387,645,568,4
2026-08-06 19:58:20,387,645,566,4
2026-08-06 19:58:21,386,648,567,4
2026-08-06 19:58:22,389,644,561,4
2026-08-06 19:58:23,390,639,569,4
2026-08-06 19:58:24,389,648,572,4
2026-08-06 19:58:25,386,645,561,4
2026-08-06 19:58:26,386,650,567,4
2026-08-06 19:58:27,391,649,567,4
2026-08-06 19:58:28,386,645,563,4
2026-08-06 19:58:29,386,646,563,4
2026-08-06 19:58:30,389,648,566,4
2026-08-06 19:58:31,387,645,565,4
2026-08-06 19:58:32,388,645,564,4
2026-08-06 19:58:33,388,645,567,4
2026-08-06 19:58:34,386,644,567,4
2026-08-06 19:58:35,388,648,572,4
2026-08-06 19:58:36,387,642,567,4
2026-08-06 19:58:37,386,645,560,4
2026-08-06 19:58:38,388,641,564,4
2026-08-06 19:58:39,389,648,572,4
2026-08-06 19:58:40,388,647,564,4
2026-08-06 19:58:41,391,646,564,4
2026-08-06 19:58:42,386,644,568,4
2026-08-06 19:58:43,389,650,562,4
2026-08-06 19:58:44,386,648,565,4
2026-08-06 19:58:45,387,645,563,4
2026-08-06 19:58:46,388,645,569,4
2026-08-06 19:58:47,389,647,564,4
2026-08-06 19:58:48,388,649,569,4
2026-08-06 19:58:49,390,645,560,4
2026-08-06 19:58:50,390,647,565,4
2026-08-06 19:58:51,386,644,577,4
2026-08-06 19:58:52,386,640,570,4
2026-08-06 19:58:53,390,650,564,4
2026-08-06 19:58:54,388,645,562,4
2026-08-06 19:58:55,386,650,562,4
2026-08-06 19:58:56,388,648,567,4
2026-08-06 19:58:57,387,646,564,4
2026-08-06 19:58:58,388,645,570,4
2026-08-06 19:58:59,390,653,567,4
2026-08-06 19:59:00,390,644,565,4
2026-08-06 19:59:01,389,642,563,4
2026-08-06 19:59:02,390,646,572,4
2026-08-06 19:59:03,388,647,563,4
2026-08-06 19:59:04,387,650,570,4
2026-08-06 19:59:05,387,644,568,4
2026-08-06 19:59:06,390,646,556,4
2026-08-06 19:59:07,387,649,567,4
2026-08-06 19:59:08,386,644,555,4
2026-08-06 19:59:09,387,651,559,4
2026-08-06 19:59:10,386,645,558,4
2026-08-06 19:59:11,389,640,568,4
2026-08-06 19:59:12,389,647,569,4
2026-08-06 19:59:13,388,646,570,4
2026-08-06 19:59:14,389,643,569,4
2026-08-06 19:59:15,385,649,567,4
2026-08-06 19:59:16,390,648,567,4
2026-08-06 19:59:17,386,648,573,4
2026-08-06 19:59:18,390,644,568,4
2026-08-06 19:59:19,389,652,569,4
2026-08-06 19:59:20,388,645,569,4
2026-08-06 19:59:21,388,644,566,4
2026-08-06 19:59:22,389,649,572,4
2026-08-06 19:59:23,388,645,571,4
2026-08-06 19:59:24,388,644,567,4
2026-08-06 19:59:25,388,642,564,4
2026-08-06 19:59:26,386,640,568,4
2026-08-06 19:59:27,389,643,562,4
2026-08-06 19:59:28,388,647,566,4
2026-08-06 19:59:29,389,646,569,4
2026-08-06 19:59:30,388,646,561,4
2026-08-06 19:59:31,388,645,564,4
2026-08-06 19:59:32,385,645,567,4
2026-08-06 19:59:33,388,645,567,4
2026-08-06 19:59:34,388,644,567,4
2026-08-06 19:59:35,388,644,562,4
2026-08-06 19:59:36,387,648,570,4
2026-08-06 19:59:37,387,642,566,4
2026-08-06 19:59:38,388,648,562,4
2026-08-06 19:59:39,386,642,565,4
2026-08-06 19:59:40,387,645,564,4
2026-08-06 19:59:41,387,646,565,4
2026-08-06 19:59:42,388,642,567,4
2026-08-06 19:59:43,388,643,566,4
2026-08-06 19:59:44,386,647,566,4
2026-08-06 19:59:45,387,643,559,4
2026-08-06 19:59:46,388,645,565,4
2026-08-06 19:59:47,388,649,569,4
2026-08-06 19:59:48,389,650,563,4
2026-08-06 19:59:49,387,651,568,4
2026-08-06 19:59:50,386,647,568,4
2026-08-06 19:59:51,388,646,574,4
2026-08-06 19:59:52,388,645,565,4
2026-08-06 19:59:53,388,646,557,4
2026-08-06 19:59:54,388,647,565,4
2026-08-06 19:59:55,387,646,564,4
2026-08-06 19:59:56,388,645,562,4
2026-08-06 19:59:57,389,641,564,4
2026-08-06 19:59:58,388,645,568,4
2026-08-06 19:59:59,388,647,565,4
2026-08-06 20:00:00,390,645,569,4
2026-08-06 20:00:01,386,644,562,4
2026-08-06 20:00:02,388,647,574,4
2026-08-06 20:00:03,389,646,574,4
2026-08-06 20:00:04,387,649,570,4
2026-08-06 20:00:05,388,646,562,4
2026-08-06 20:00:06,389,651,571,4
2026-08-06 20:00:07,391,646,562,4
2026-08-06 20:00:08,388,645,568,4
2026-08-06 20:00:09,387,645,570,4
2026-08-06 20:00:10,386,647,573,4
2026-08-06 20:00:11,390,643,564,4
2026-08-06 20:00:12,389,647,564,4
2026-08-06 20:00:13,390,647,567,4
2026-08-06 20:00:14,388,650,569,4
2026-08-06 20:00:15,390,639,572,4
2026-08-06 20:00:16,387,647,564,4
2026-08-06 20:00:17,385,647,562,4
2026-08-06 20:00:18,389,644,572,4
2026-08-06 20:00:19,389,646,564,4
2026-08-06 20:00:20,390,644,567,4
2026-08-06 20:00:21,387,643,567,4
2026-08-06 20:00:22,388,648,572,4
2026-08-06 20:00:23,389,647,566,4
2026-08-06 20:00:24,389,646,567,4
2026-08-06 20:00:25,389,643,559,4
2026-08-06 20:00:26,388,644,568,4
2026-08-06 20:00:27,389,644,573,4
2026-08-06 20:00:28,387,643,567,4
2026-08-06 20:00:29,389,649,573,4
2026-08-06 20:00:30,387,647,565,4
2026-08-06 20:00:31,388,641,568,4
2026-08-06 20:00:32,384,649,566,4
2026-08-06 20:00:33,388,648,561,4
2026-08-06 20:00:34,390,641,562,4
2026-08-06 20:00:35,388,643,564,4
2026-08-06 20:00:36,387,640,573,4
2026-08-06 20:00:37,387,646,562,4
2026-08-06 20:00:38,390,648,566,4
2026-08-06 20:00:39,388,647,563,4
2026-08-06 20:00:40,388,644,567,4
2026-08-06 20:00:41,387,648,567,4
2026-08-06 20:00:42,390,648,565,4
2026-08-06 20:00:43,388,645,573,4
2026-08-06 20:00:44,388,642,572,4
2026-08-06 20:00:45,389,650,567,4
2026-08-06 20:00:46,388,647,569,4
2026-08-06 20:00:47,387,644,566,4
2026-08-06 20:00:48,391,648,568,4
2026-08-06 20:00:49,390,646,564,4
2026-08-06 20:00:50,389,647,561,4
2026-08-06 20:00:51,387,649,574,4
2026-08-06 20:00:52,390,644,569,4
2026-08-06 20:00:53,388,650,570,4
2026-08-06 20:00:54,388,652,569,4
2026-08-06 20:00:55,389,646,566,4
2026-08-06 20:00:56,389,644,565,4
2026-08-06 20:00:57,387,642,573,4
2026-08-06 20:00:58,387,650,562,4
2026-08-06 20:00:59,388,649,566,4
2026-08-06 20:01:00,389,649,574,4
2026-08-06 20:01:01,386,649,567,4
2026-08-06 20:01:02,384,649,571,4
2026-08-06 20:01:03,389,650,571,4
2026-08-06 20:01:04,389,648,569,4
2026-08-06 20:01:05,387,653,570,4
2026-08-06 20:01:06,388,642,565,4
2026-08-06 20:01:07,387,646,568,4
2026-08-06 20:01:08,386,648,567,4
2026-08-06 20:01:09,387,649,566,4
2026-08-06 20:01:10,389,652,565,4
2026-08-06 20:01:11,389,647,568,4
2026-08-06 20:01:12,387,642,567,4
2026-08-06 20:01:13,389,650,568,4
2026-08-06 20:01:14,389,645,568,4
2026-08-06 20:01:15,387,644,566,4
2026-08-06 20:01:16,387,642,568,4
2026-08-06 20:01:17,389,647,564,4
2026-08-06 20:01:18,387,647,567,4
2026-08-06 20:01:19,388,648,558,4
2026-08-06 20:01:20,388,646,566,4
2026-08-06 20:01:21,388,643,569,4
2026-08-06 20:01:22,389,650,556,4
2026-08-06 20:01:23,389,644,567,4
2026-08-06 20:01:24,388,641,562,4
2026-08-06 20:01:25,387,643,563,4
2026-08-06 20:01:26,390,646,570,4
2026-08-06 20:01:27,386,645,567,4
2026-08-06 20:01:28,386,647,564,4
2026-08-06 20:01:29,387,647,558,4
2026-08-06 20:01:30,388,647,564,4
2026-08-06 20:01:31,388,645,558,4
2026-08-06 20:01:32,387,649,566,4
2026-08-06 20:01:33,387,648,569,4
2026-08-06 20:01:34,389,649,567,4
2026-08-06 20:01:35,387,646,565,4
2026-08-06 20:01:36,389,644,562,4
2026-08-06 20:01:37,387,646,571,4
2026-08-06 20:01:38,386,644,572,4
2026-08-06 20:01:39,387,643,568,4
2026-08-06 20:01:40,384,646,561,4
2026-08-06 20:01:41,390,648,572,4
2026-08-06 20:01:42,388,647,560,4
2026-08-06 20:01:43,386,643,568,4
2026-08-06 20:01:44,387,648,555,4
2026-08-06 20:01:45,384,647,569,4
2026-08-06 20:01:46,391,646,573,4
2026-08-06 20:01:47,385,644,565,4
2026-08-06 20:01:48,386,646,575,4
2026-08-06 20:01:49,387,646,563,4
2026-08-06 20:01:50,389,641,565,4
2026-08-06 20:01:51,388,646,573,4
2026-08-06 20:01:52,388,652,566,4
2026-08-06 20:01:53,388,644,565,4
2026-08-06 20:01:54,388,644,559,4
2026-08-06 20:01:55,388,642,567,4
2026-08-06 20:01:56,388,647,561,4
2026-08-06 20:01:57,387,647,564,4
2026-08-06 20:01:58,389,648,567,4
2026-08-06 20:01:59,388,648,564,4
2026-08-06 20:02:00,390,645,569,4
2026-08-06 20:02:01,386,643,566,4
2026-08-06 20:02:02,390,646,561,4
2026-08-06 20:02:03,387,645,570,4
2026-08-06 20:02:04,387,645,567,4
2026-08-06 20:02:05,387,642,561,4
2026-08-06 20:02:06,390,647,569,4
2026-08-06 20:02:07,389,646,565,4
2026-08-06 20:02:08,388,648,565,4
2026-08-06 20:02:09,391,652,563,4
2026-08-06 20:02:10,385,650,572,4
2026-08-06 20:02:11,387,651,562,4
2026-08-06 20:02:12,388,641,570,4
2026-08-06 20:02:13,388,645,567,4
2026-08-06 20:02:14,388,649,571,4
2026-08-06 20:02:15,388,645,573,4
2026-08-06 20:02:16,389,647,564,4
2026-08-06 20:02:17,385,641,573,4
2026-08-06 20:02:18,387,646,570,4
2026-08-06 20:02:19,387,650,565,4
2026-08-06 20:02:20,390,652,564,4
2026-08-06 20:02:21,389,650,562,4
2026-08-06 20:02:22,387,644,567,4
2026-08-06 20:02:23,389,648,562,4
2026-08-06 20:02:24,389,644,564,4
2026-08-06 20:02:25,388,647,572,4
2026-08-06 20:02:26,390,647,557,4
2026-08-06 20:02:27,387,648,569,4
2026-08-06 20:02:28,388,647,569,4
2026-08-06 20:02:29,387,650,570,4
2026-08-06 20:02:30,388,654,563,4
2026-08-06 20:02:31,390,652,567,4
2026-08-06 20:02:32,388,646,565,4
2026-08-06 20:02:33,389,645,558,4
2026-08-06 20:02:34,388,648,563,4
2026-08-06 20:02:35,389,649,562,4
2026-08-06 20:02:36,388,648,564,4
2026-08-06 20:02:37,389,649,559,4
2026-08-06 20:02:38,387,647,568,4
2026-08-06 20:02:39,389,647,569,4
2026-08-06 20:02:40,388,647,566,4
2026-08-06 20:02:41,389,646,564,4
2026-08-06 20:02:42,388,650,568,4
2026-08-06 20:02:43,386,650,573,4
2026-08-06 20:02:44,389,649,565,4
2026-08-06 20:02:45,387,646,560,4
2026-08-06 20:02:46,385,641,558,4
2026-08-06 20:02:47,389,649,562,4
2026-08-06 20:02:48,387,652,574,4
2026-08-06 20:02:49,388,647,564,4
2026-08-06 20:02:50,388,644,562,4
2026-08-06 20:02:51,389,647,572,4
2026-08-06 20:02:52,391,645,566,4
2026-08-06 20:02:53,386,646,567,4
2026-08-06 20:02:54,391,646,556,4
2026-08-06 20:02:55,387,651,570,4
2026-08-06 20:02:56,388,648,563,4
2026-08-06 20:02:57,389,648,565,4
2026-08-06 20:02:58,388,647,562,4
2026-08-06 20:02:59,387,648,567,4
2026-08-06 20:03:00,386,647,571,4
2026-08-06 20:03:01,387,646,570,4
2026-08-06 20:03:02,385,645,564,4
2026-08-06 20:03:03,389,643,556,4
2026-08-06 20:03:04,387,641,560,4
2026-08-06 20:03:05,388,645,570,4
2026-08-06 20:03:06,387,650,568,4
2026-08-06 20:03:07,387,643,568,4
2026-08-06 20:03:08,386,645,566,4
2026-08-06 20:03:09,388,647,560,4
2026-08-06 20:03:10,389,649,561,4
2026-08-06 20:03:11,388,646,560,4
2026-08-06 20:03:12,388,648,563,4
2026-08-06 20:03:13,389,644,569,4
2026-08-06 20:03:14,388,646,571,4
2026-08-06 20:03:15,386,647,562,4
2026-08-06 20:03:16,388,649,568,4
2026-08-06 20:03:17,390,648,573,4
2026-08-06 20:03:18,388,649,568,4
2026-08-06 20:03:19,388,651,561,4
2026-08-06 20:03:20,386,649,561,4
2026-08-06 20:03:21,388,648,567,4
2026-08-06 20:03:22,388,646,559,4
2026-08-06 20:03:23,385,650,570,4
2026-08-06 20:03:24,385,645,569,4
2026-08-06 20:03:25,390,647,571,4
2026-08-06 20:03:26,389,642,564,4
2026-08-06 20:03:27,391,643,566,4
2026-08-06 20:03:28,385,646,574,4
2026-08-06 20:03:29,389,649,565,4
2026-08-06 20:03:30,389,648,563,4
2026-08-06 20:03:31,391,645,566,4
2026-08-06 20:03:32,388,649,563,4
2026-08-06 20:03:33,388,650,571,4
2026-08-06 20:03:34,387,645,562,4
2026-08-06 20:03:35,386,644,566,4
2026-08-06 20:03:36,387,648,564,4
2026-08-06 20:03:37,387,647,573,4
2026-08-06 20:03:38,390,646,569,4
2026-08-06 20:03:39,387,649,565,4
2026-08-06 20:03:40,389,647,562,4
2026-08-06 20:03:41,390,651,562,4
2026-08-06 20:03:42,387,645,565,4
2026-08-06 20:03:43,387,644,567,4
2026-08-06 20:03:44,390,648,575,4
2026-08-06 20:03:45,385,645,562,4
2026-08-06 20:03:46,387,642,569,4
2026-08-06 20:03:47,388,651,560,4
2026-08-06 20:03:48,389,646,569,4
2026-08-06 20:03:49,388,645,567,4
2026-08-06 20:03:50,387,645,573,4
2026-08-06 20:03:51,388,645,571,4
2026-08-06 20:03:52,389,648,568,4
2026-08-06 20:03:53,386,645,572,4
2026-08-06 20:03:54,392,647,564,4
2026-08-06 20:03:55,388,644,560,4
2026-08-06 20:03:56,390,645,563,4
2026-08-06 20:03:57,387,651,561,4
2026-08-06 20:03:58,388,648,569,4
2026-08-06 20:03:59,386,647,562,4
2026-08-06 20:04:00,388,649,565,4
2026-08-06 20:04:01,387,645,564,4
2026-08-06 20:04:02,389,648,563,4
2026-08-06 20:04:03,386,648,565,4
2026-08-06 20:04:04,388,646,571,4
2026-08-06 20:04:05,389,649,568,4
2026-08-06 20:04:06,389,644,564,4
2026-08-06 20:04:08,389,646,563,4
2026-08-06 20:04:08,388,643,564,4
2026-08-06 20:04:09,387,642,568,4
2026-08-06 20:04:11,388,645,569,4
2026-08-06 20:04:11,387,641,562,4
2026-08-06 20:04:12,389,644,561,4
2026-08-06 20:04:13,389,648,559,4
2026-08-06 20:04:14,389,647,568,4
2026-08-06 20:04:15,390,651,565,4
2026-08-06 20:04:16,388,640,568,4
2026-08-06 20:04:17,389,646,566,4
2026-08-06 20:04:18,390,648,565,4
2026-08-06 20:04:19,387,648,562,4
2026-08-06 20:04:20,389,644,571,4
2026-08-06 20:04:21,388,640,571,4
2026-08-06 20:04:22,388,650,564,4
2026-08-06 20:04:23,389,644,572,4
2026-08-06 20:04:24,390,650,566,4
2026-08-06 20:04:25,390,646,564,4
2026-08-06 20:04:26,389,648,565,4
2026-08-06 20:04:27,387,646,566,4
2026-08-06 20:04:28,388,645,565,4
2026-08-06 20:04:29,387,649,566,4
2026-08-06 20:04:30,387,644,561,4
2026-08-06 20:04:31,387,645,568,4
2026-08-06 20:04:32,387,651,564,4
2026-08-06 20:04:33,388,643,560,4
2026-08-06 20:04:34,389,644,569,4
2026-08-06 20:04:35,388,648,568,4
2026-08-06 20:04:36,386,649,565,4
2026-08-06 20:04:37,384,646,564,4
2026-08-06 20:04:38,389,646,571,4
2026-08-06 20:04:39,388,652,571,4
2026-08-06 20:04:41,389,649,568,4
2026-08-06 20:04:42,388,647,570,4
2026-08-06 20:04:43,386,646,560,4
2026-08-06 20:04:45,389,645,564,4
2026-08-06 20:04:45,390,647,563,4
2026-08-06 20:04:45,387,650,568,4
2026-08-06 20:04:46,387,655,570,4
2026-08-06 20:04:47,386,649,568,4
2026-08-06 20:04:49,388,648,564,4
2026-08-06 20:04:49,389,651,567,4
2026-08-06 20:04:50,387,645,559,4
2026-08-06 20:04:51,386,648,564,4
2026-08-06 20:04:52,388,644,569,4
2026-08-06 20:04:53,389,646,558,4
2026-08-06 20:04:54,387,647,567,4
2026-08-06 20:04:55,387,647,563,4
2026-08-06 20:04:56,389,650,568,4
2026-08-06 20:04:58,390,647,570,4
2026-08-06 20:04:59,389,646,571,4
2026-08-06 20:04:59,388,645,565,4
2026-08-06 20:05:00,388,652,568,4
2026-08-06 20:05:01,389,649,560,4
2026-08-06 20:05:02,389,646,563,4
2026-08-06 20:05:03,388,651,570,4
2026-08-06 20:05:04,390,647,567,4
2026-08-06 20:05:05,389,648,571,4
2026-08-06 20:05:06,390,644,567,4
2026-08-06 20:05:08,388,642,564,4
2026-08-06 20:05:08,386,647,561,4
2026-08-06 20:05:09,389,646,567,4
2026-08-06 20:05:11,391,642,570,4
2026-08-06 20:05:11,388,648,576,4
2026-08-06 20:05:14,386,648,569,4
2026-08-06 20:05:14,389,651,571,4
2026-08-06 20:05:14,389,646,566,4
2026-08-06 20:05:15,388,644,565,4
2026-08-06 20:05:16,389,644,571,4
2026-08-06 20:05:17,389,648,573,4
2026-08-06 20:05:18,386,649,571,4
2026-08-06 20:05:19,387,647,563,4
2026-08-06 20:05:20,388,643,565,4
2026-08-06 20:05:21,386,646,562,4
2026-08-06 20:05:22,389,648,568,4
2026-08-06 20:05:23,387,648,564,4
2026-08-06 20:05:24,386,648,572,4
2026-08-06 20:05:25,388,650,562,4
2026-08-06 20:05:26,389,641,561,4
2026-08-06 20:05:27,388,651,562,4
2026-08-06 20:05:28,388,645,572,4
2026-08-06 20:05:29,389,647,565,4
2026-08-06 20:05:30,386,642,568,4
2026-08-06 20:05:31,385,644,568,4
2026-08-06 20:05:32,392,643,561,4
2026-08-06 20:05:33,386,646,572,4
2026-08-06 20:05:34,389,648,563,4
2026-08-06 20:05:35,386,646,569,4
2026-08-06 20:05:36,387,644,562,4
2026-08-06 20:05:37,389,647,570,4
2026-08-06 20:05:38,387,644,570,4
2026-08-06 20:05:39,386,645,558,4
2026-08-06 20:05:40,386,652,567,4
2026-08-06 20:05:41,388,650,558,4
2026-08-06 20:05:42,387,645,565,4
2026-08-06 20:05:43,386,643,564,4
2026-08-06 20:05:44,387,649,568,4
2026-08-06 20:05:45,388,646,565,4
2026-08-06 20:05:46,390,648,571,4
2026-08-06 20:05:47,389,645,568,4
2026-08-06 20:05:48,385,653,565,4
2026-08-06 20:05:49,388,645,564,4
2026-08-06 20:05:50,387,645,568,4
2026-08-06 20:05:51,388,646,569,4
2026-08-06 20:05:52,387,651,568,4
2026-08-06 20:05:53,387,649,565,4
2026-08-06 20:05:54,387,645,570,4
2026-08-06 20:05:55,389,652,566,4
2026-08-06 20:05:56,388,650,564,4
2026-08-06 20:05:57,389,655,564,4
2026-08-06 20:05:58,391,647,566,4
2026-08-06 20:05:59,385,642,562,4
2026-08-06 20:06:00,388,652,567,4
2026-08-06 20:06:01,390,645,575,4
2026-08-06 20:06:02,387,648,563,4
2026-08-06 20:06:03,388,648,562,4
2026-08-06 20:06:04,388,645,573,4
2026-08-06 20:06:05,388,645,564,4
2026-08-06 20:06:06,385,650,571,4
2026-08-06 20:06:07,387,643,562,4
2026-08-06 20:06:08,386,650,560,4
2026-08-06 20:06:09,386,644,564,4
2026-08-06 20:06:10,387,646,565,4
2026-08-06 20:06:14,388,651,574,4
2026-08-06 20:06:14,386,643,565,4
2026-08-06 20:06:14,386,648,565,4
2026-08-06 20:06:14,387,649,562,4
2026-08-06 20:06:15,389,649,561,4
2026-08-06 20:06:16,388,645,565,4
2026-08-06 20:06:17,387,645,572,4
2026-08-06 20:06:18,387,651,561,4
2026-08-06 20:06:19,388,645,570,4
2026-08-06 20:06:20,386,650,564,4
2026-08-06 20:06:21,387,642,561,4
2026-08-06 20:06:22,386,650,566,4
2026-08-06 20:06:23,388,651,570,4
2026-08-06 20:06:24,387,646,570,4
2026-08-06 20:06:25,388,645,577,4
2026-08-06 20:06:26,388,649,572,4
2026-08-06 20:06:27,389,648,566,4
2026-08-06 20:06:28,389,650,563,4
2026-08-06 20:06:29,388,643,571,4
2026-08-06 20:06:30,389,651,574,4
2026-08-06 20:06:31,389,645,568,4
2026-08-06 20:06:32,388,650,569,4
2026-08-06 20:06:33,389,646,567,4
2026-08-06 20:06:34,388,645,564,4
2026-08-06 20:06:35,389,646,568,4
2026-08-06 20:06:36,389,648,565,4
2026-08-06 20:06:37,389,650,559,4
2026-08-06 20:06:38,388,646,564,4
2026-08-06 20:06:39,385,651,568,4
2026-08-06 20:06:40,387,644,569,4
2026-08-06 20:06:41,386,649,566,4
2026-08-06 20:06:42,389,653,574,4
2026-08-06 20:06:43,386,646,564,4
2026-08-06 20:06:44,386,648,565,4
2026-08-06 20:06:45,392,643,561,4
2026-08-06 20:06:46,388,648,567,4
2026-08-06 20:06:47,390,650,567,4
2026-08-06 20:06:48,389,648,563,4
2026-08-06 20:06:49,386,648,560,4
2026-08-06 20:06:50,387,646,572,4
2026-08-06 20:06:51,386,648,563,4
2026-08-06 20:06:52,387,650,572,4
2026-08-06 20:06:53,388,648,561,4
2026-08-06 20:06:54,387,650,569,4
2026-08-06 20:06:55,388,649,568,4
2026-08-06 20:06:56,389,650,566,4
2026-08-06 20:06:57,391,645,571,4
2026-08-06 20:06:58,389,649,566,4
2026-08-06 20:06:59,384,652,558,4
2026-08-06 20:07:00,388,644,562,4
2026-08-06 20:07:01,388,650,566,4
2026-08-06 20:07:02,389,646,565,4
2026-08-06 20:07:03,386,642,561,4
2026-08-06 20:07:04,388,650,563,4
2026-08-06 20:07:05,388,652,563,4
2026-08-06 20:07:06,387,649,558,4
2026-08-06 20:07:07,386,648,562,4
2026-08-06 20:07:08,386,648,562,4
2026-08-06 20:07:09,388,649,574,4
2026-08-06 20:07:10,387,649,570,4
2026-08-06 20:07:11,388,646,573,4
2026-08-06 20:07:12,386,648,565,4
2026-08-06 20:07:13,387,651,562,4
2026-08-06 20:07:14,386,648,569,4
2026-08-06 20:07:15,388,645,569,4
2026-08-06 20:07:16,388,651,571,4
2026-08-06 20:07:17,388,650,568,4
2026-08-06 20:07:18,387,646,561,4
2026-08-06 20:07:19,389,650,562,4
2026-08-06 20:07:20,387,647,570,4
2026-08-06 20:07:21,389,651,557,4
2026-08-06 20:07:22,388,649,568,4
2026-08-06 20:07:23,388,644,570,4
2026-08-06 20:07:24,387,648,569,4
2026-08-06 20:07:25,389,642,559,4
2026-08-06 20:07:26,389,642,564,4
2026-08-06 20:07:27,388,648,569,4
2026-08-06 20:07:28,388,649,568,4
2026-08-06 20:07:29,387,645,570,4
2026-08-06 20:07:30,391,648,572,4
2026-08-06 20:07:31,387,646,568,4
2026-08-06 20:07:32,387,648,563,4
2026-08-06 20:07:33,386,646,569,4
2026-08-06 20:07:34,388,644,566,4
2026-08-06 20:07:35,385,642,566,4
2026-08-06 20:07:36,389,646,560,4
2026-08-06 20:07:37,388,648,566,4
2026-08-06 20:07:38,389,649,571,4
2026-08-06 20:07:39,384,647,568,4
2026-08-06 20:07:40,388,650,567,4
2026-08-06 20:07:41,387,652,567,4
2026-08-06 20:07:42,392,646,564,4
2026-08-06 20:07:43,389,649,564,4
2026-08-06 20:07:44,387,649,569,4
2026-08-06 20:07:45,387,653,561,4
2026-08-06 20:07:46,385,647,567,4
2026-08-06 20:07:47,387,650,566,4
2026-08-06 20:07:48,390,646,570,4
2026-08-06 20:07:49,389,648,567,4
2026-08-06 20:07:50,388,643,569,4
2026-08-06 20:07:51,389,650,555,4
2026-08-06 20:07:52,388,654,563,4
2026-08-06 20:07:53,389,649,571,4
2026-08-06 20:07:54,387,643,556,4
2026-08-06 20:07:55,388,645,565,4
2026-08-06 20:07:56,387,649,564,4
2026-08-06 20:07:57,389,647,573,4
2026-08-06 20:07:58,389,650,563,4
2026-08-06 20:07:59,388,645,565,4
2026-08-06 20:08:00,388,648,569,4
2026-08-06 20:08:01,387,648,565,4
2026-08-06 20:08:02,389,650,570,4
2026-08-06 20:08:03,388,646,571,4
2026-08-06 20:08:04,387,647,572,4
2026-08-06 20:08:05,389,652,572,4
2026-08-06 20:08:06,385,648,561,4
2026-08-06 20:08:07,388,646,574,4
2026-08-06 20:08:08,391,653,564,4
2026-08-06 20:08:09,389,649,563,4
2026-08-06 20:08:10,386,645,562,4
2026-08-06 20:08:11,389,647,563,4
2026-08-06 20:08:12,386,642,566,4
2026-08-06 20:08:13,386,644,570,4
2026-08-06 20:08:14,388,648,567,4
2026-08-06 20:08:15,387,648,563,4
2026-08-06 20:08:16,387,646,570,4
2026-08-06 20:08:17,387,649,565,4
2026-08-06 20:08:18,387,650,568,4
2026-08-06 20:08:19,389,652,568,4
2026-08-06 20:08:20,389,648,564,4
2026-08-06 20:08:21,386,645,565,4
2026-08-06 20:08:22,386,643,565,4
2026-08-06 20:08:23,387,649,564,4
2026-08-06 20:08:24,388,646,559,4
2026-08-06 20:08:25,388,648,571,4
2026-08-06 20:08:26,389,649,564,4
2026-08-06 20:08:27,388,649,561,4
2026-08-06 20:08:28,388,648,564,4
2026-08-06 20:08:29,389,650,561,4
2026-08-06 20:08:30,389,650,564,4
2026-08-06 20:08:31,386,647,568,4
2026-08-06 20:08:32,386,647,568,4
2026-08-06 20:08:33,386,651,561,4
2026-08-06 20:08:34,387,651,567,4
2026-08-06 20:08:35,385,644,559,4
2026-08-06 20:08:36,389,645,560,4
2026-08-06 20:08:37,390,648,562,4
2026-08-06 20:08:38,388,647,566,4
2026-08-06 20:08:39,388,645,567,4
2026-08-06 20:08:40,388,651,562,4
2026-08-06 20:08:41,391,642,564,4
2026-08-06 20:08:42,385,649,567,4
2026-08-06 20:08:43,387,643,563,4
2026-08-06 20:08:44,388,644,574,4
2026-08-06 20:08:45,387,648,573,4
2026-08-06 20:08:46,385,648,566,4
2026-08-06 20:08:47,390,647,556,4
2026-08-06 20:08:48,388,651,570,4
2026-08-06 20:08:49,389,652,571,4
2026-08-06 20:08:50,386,648,562,4
2026-08-06 20:08:51,386,648,567,4
2026-08-06 20:08:52,387,647,565,4
2026-08-06 20:08:53,384,647,567,4
2026-08-06 20:08:54,390,643,567,4
2026-08-06 20:08:55,390,640,566,4
2026-08-06 20:08:56,388,644,557,4
2026-08-06 20:08:57,389,649,564,4
2026-08-06 20:08:58,388,647,556,4
2026-08-06 20:08:59,387,646,561,4
2026-08-06 20:09:00,388,647,569,4
2026-08-06 20:09:02,388,644,564,4
2026-08-06 20:09:02,387,652,565,4
2026-08-06 20:09:03,386,649,558,4
2026-08-06 20:09:04,389,650,572,4
2026-08-06 20:09:05,388,652,564,4
2026-08-06 20:09:06,388,651,566,4
2026-08-06 20:09:07,390,648,572,4
2026-08-06 20:09:08,386,648,566,4
2026-08-06 20:09:09,389,645,567,4
2026-08-06 20:09:10,387,645,562,4
2026-08-06 20:09:11,388,648,562,4
2026-08-06 20:09:12,390,646,566,4
2026-08-06 20:09:13,388,643,560,4
2026-08-06 20:09:14,387,650,563,4
2026-08-06 20:09:15,388,645,561,4
2026-08-06 20:09:16,389,645,560,4
2026-08-06 20:09:17,387,651,565,4
2026-08-06 20:09:18,387,650,567,4
2026-08-06 20:09:19,389,648,563,4
2026-08-06 20:09:20,388,645,563,4
2026-08-06 20:09:21,386,649,570,4
2026-08-06 20:09:22,389,652,570,4
2026-08-06 20:09:23,387,649,567,4
2026-08-06 20:09:24,387,652,571,4
2026-08-06 20:09:25,386,650,564,4
2026-08-06 20:09:26,388,650,565,4
2026-08-06 20:09:27,387,649,567,4
2026-08-06 20:09:28,387,649,566,4
2026-08-06 20:09:29,388,644,570,4
2026-08-06 20:09:30,388,654,564,4
2026-08-06 20:09:31,389,647,568,4
2026-08-06 20:09:32,389,643,561,4
2026-08-06 20:09:33,387,648,568,4
2026-08-06 20:09:34,389,644,561,4
2026-08-06 20:09:35,389,650,563,4
2026-08-06 20:09:36,388,652,560,4
2026-08-06 20:09:37,386,646,569,4
2026-08-06 20:09:38,385,646,571,4
2026-08-06 20:09:39,388,645,563,4
2026-08-06 20:09:40,386,646,565,4
2026-08-06 20:09:41,390,644,566,4
2026-08-06 20:09:42,391,648,564,4
2026-08-06 20:09:43,388,651,568,4
2026-08-06 20:09:44,385,646,562,4
2026-08-06 20:09:45,384,647,560,4
2026-08-06 20:09:46,387,649,566,4
2026-08-06 20:09:47,387,648,566,4
2026-08-06 20:09:48,387,644,571,4
2026-08-06 20:09:49,386,646,563,4
2026-08-06 20:09:50,388,645,568,4
2026-08-06 20:09:51,388,650,567,4
2026-08-06 20:09:52,386,648,563,4
2026-08-06 20:09:53,386,652,558,4
2026-08-06 20:09:54,389,654,571,4
2026-08-06 20:09:55,384,649,565,4
2026-08-06 20:09:56,388,648,564,4
2026-08-06 20:09:57,388,645,567,4
2026-08-06 20:09:58,387,647,565,4
2026-08-06 20:09:59,386,651,561,4
2026-08-06 20:10:00,389,650,567,4
2026-08-06 20:10:01,385,649,566,4
2026-08-06 20:10:02,389,652,561,4
2026-08-06 20:10:03,388,643,569,4
2026-08-06 20:10:04,388,647,567,4
2026-08-06 20:10:05,389,646,567,4
2026-08-06 20:10:06,388,647,564,4
2026-08-06 20:10:07,384,643,560,4
2026-08-06 20:10:08,388,648,561,4
2026-08-06 20:10:09,387,646,566,4
2026-08-06 20:10:10,389,650,559,4
2026-08-06 20:10:11,389,644,562,4
2026-08-06 20:10:12,388,647,569,4
2026-08-06 20:10:13,389,646,566,4
2026-08-06 20:10:14,387,648,559,4
2026-08-06 20:10:15,389,645,567,4
2026-08-06 20:10:16,389,648,564,4
2026-08-06 20:10:17,388,647,561,4
2026-08-06 20:10:18,386,645,566,4
2026-08-06 20:10:19,388,647,569,4
2026-08-06 20:10:20,388,646,566,4
2026-08-06 20:10:21,387,647,560,4
2026-08-06 20:10:22,389,645,568,4
2026-08-06 20:10:23,389,650,562,4
2026-08-06 20:10:24,387,648,563,4
2026-08-06 20:10:25,386,650,563,4
2026-08-06 20:10:26,387,647,563,4
2026-08-06 20:10:27,390,649,575,4
2026-08-06 20:10:28,390,650,562,4
2026-08-06 20:10:29,388,642,560,4
2026-08-06 20:10:30,389,649,559,4
2026-08-06 20:10:31,387,654,562,4
2026-08-06 20:10:32,387,648,573,4
2026-08-06 20:10:33,390,645,567,4
2026-08-06 20:10:34,389,648,564,4
2026-08-06 20:10:35,388,652,560,4
2026-08-06 20:10:36,389,650,566,4
2026-08-06 20:10:37,389,652,559,4
2026-08-06 20:10:38,389,646,566,4
2026-08-06 20:10:39,390,645,569,4
2026-08-06 20:10:40,388,648,565,4
2026-08-06 20:10:41,385,644,561,4
2026-08-06 20:10:42,390,646,569,4
2026-08-06 20:10:43,388,647,565,4
2026-08-06 20:10:44,390,649,568,4
2026-08-06 20:10:45,389,646,568,4
2026-08-06 20:10:46,388,648,560,4
2026-08-06 20:10:47,387,648,568,4
2026-08-06 20:10:48,388,649,560,4
2026-08-06 20:10:49,386,649,568,4
2026-08-06 20:10:50,387,649,561,4
2026-08-06 20:10:51,388,649,562,4
2026-08-06 20:10:52,387,648,575,4
2026-08-06 20:10:53,387,647,567,4
2026-08-06 20:10:54,387,648,565,4
2026-08-06 20:10:55,390,646,566,4
2026-08-06 20:10:56,387,645,567,4
2026-08-06 20:10:57,388,647,570,4
2026-08-06 20:10:58,391,651,559,4
2026-08-06 20:10:59,388,649,560,4
2026-08-06 20:11:00,387,647,574,4
2026-08-06 20:11:01,386,646,563,4
2026-08-06 20:11:02,388,645,557,4
2026-08-06 20:11:03,388,652,562,4
2026-08-06 20:11:04,390,652,569,4
2026-08-06 20:11:05,388,644,566,4
2026-08-06 20:11:06,388,644,563,4
2026-08-06 20:11:07,389,646,567,4
2026-08-06 20:11:08,390,652,563,4
2026-08-06 20:11:09,388,647,564,4
2026-08-06 20:11:10,388,642,567,4
2026-08-06 20:11:11,386,646,564,4
2026-08-06 20:11:12,387,645,557,4
2026-08-06 20:11:13,388,649,560,4
2026-08-06 20:11:14,386,644,562,4
2026-08-06 20:11:15,389,650,570,4
2026-08-06 20:11:16,389,654,558,4
2026-08-06 20:11:17,389,647,564,4
2026-08-06 20:11:18,386,651,559,4
2026-08-06 20:11:19,387,648,575,4
2026-08-06 20:11:20,385,650,566,4
2026-08-06 20:11:21,388,646,564,4
2026-08-06 20:11:22,388,648,564,4
2026-08-06 20:11:23,388,645,557,4
2026-08-06 20:11:24,389,647,568,4
2026-08-06 20:11:25,386,652,564,4
2026-08-06 20:11:26,386,651,566,4
2026-08-06 20:11:27,387,655,572,4
2026-08-06 20:11:28,392,651,569,4
2026-08-06 20:11:29,386,642,569,4
2026-08-06 20:11:30,386,647,565,4
2026-08-06 20:11:31,386,650,556,4
2026-08-06 20:11:32,390,646,562,4
2026-08-06 20:11:33,389,650,563,4
2026-08-06 20:11:34,391,649,563,4
2026-08-06 20:11:35,391,647,562,4
2026-08-06 20:11:36,387,648,571,4
2026-08-06 20:11:37,387,650,564,4
2026-08-06 20:11:38,388,648,567,4
2026-08-06 20:11:39,392,652,556,4
2026-08-06 20:11:40,385,642,564,4
2026-08-06 20:11:41,388,649,561,4
2026-08-06 20:11:42,390,649,572,4
2026-08-06 20:11:43,387,651,571,4
2026-08-06 20:11:44,388,649,562,4
2026-08-06 20:11:45,387,648,567,4
2026-08-06 20:11:46,387,646,570,4
2026-08-06 20:11:47,389,650,570,4
2026-08-06 20:11:48,386,646,564,4
2026-08-06 20:11:49,389,651,564,4
2026-08-06 20:11:50,387,645,558,4
2026-08-06 20:11:51,388,650,562,4
2026-08-06 20:11:52,387,650,565,4
2026-08-06 20:11:53,385,648,570,4
2026-08-06 20:11:54,387,647,563,4
2026-08-06 20:11:55,387,649,569,4
2026-08-06 20:11:56,388,647,572,4
2026-08-06 20:11:57,390,649,567,4
2026-08-06 20:11:58,388,648,571,4
2026-08-06 20:11:59,391,655,568,4
2026-08-06 20:12:00,387,652,569,4
2026-08-06 20:12:01,389,644,567,4
2026-08-06 20:12:02,386,649,562,4
2026-08-06 20:12:03,388,645,568,4
2026-08-06 20:12:04,388,645,561,4
2026-08-06 20:12:05,389,648,554,4
2026-08-06 20:12:06,385,646,566,4
2026-08-06 20:12:07,385,649,561,4
2026-08-06 20:12:08,388,648,560,4
2026-08-06 20:12:09,389,645,568,4
2026-08-06 20:12:10,389,653,568,4
2026-08-06 20:12:11,384,646,564,4
2026-08-06 20:12:12,387,646,565,4
2026-08-06 20:12:13,388,653,567,4
2026-08-06 20:12:14,389,645,557,4
2026-08-06 20:12:15,389,646,572,4
2026-08-06 20:12:16,385,649,573,4
2026-08-06 20:12:17,391,651,562,4
2026-08-06 20:12:18,388,647,562,4
2026-08-06 20:12:19,388,644,569,4
2026-08-06 20:12:20,386,645,563,4
2026-08-06 20:12:21,393,652,568,4
2026-08-06 20:12:22,386,651,560,4
2026-08-06 20:12:23,390,648,567,4
2026-08-06 20:12:24,388,649,559,4
2026-08-06 20:12:25,389,649,570,4
2026-08-06 20:12:26,388,651,563,4
2026-08-06 20:12:27,387,645,580,4
2026-08-06 20:12:28,385,651,566,4
2026-08-06 20:12:29,390,650,565,4
2026-08-06 20:12:30,391,647,560,4
2026-08-06 20:12:31,386,648,571,4
2026-08-06 20:12:32,386,648,570,4
2026-08-06 20:12:33,387,652,568,4
2026-08-06 20:12:34,388,647,570,4
2026-08-06 20:12:35,390,648,562,4
2026-08-06 20:12:36,388,653,566,4
2026-08-06 20:12:37,389,648,566,4
2026-08-06 20:12:38,389,646,559,4
2026-08-06 20:12:39,384,651,559,4
2026-08-06 20:12:40,389,650,566,4
2026-08-06 20:12:41,391,651,567,4
2026-08-06 20:12:42,389,643,575,4
2026-08-06 20:12:43,386,649,565,4
2026-08-06 20:12:44,389,646,563,4
2026-08-06 20:12:45,387,647,563,4
2026-08-06 20:12:46,389,645,570,4
2026-08-06 20:12:47,388,647,561,4
2026-08-06 20:12:48,387,651,565,4
2026-08-06 20:12:49,388,649,562,4
2026-08-06 20:12:50,386,648,567,4
2026-08-06 20:12:51,388,644,569,4
2026-08-06 20:12:52,388,645,565,4
2026-08-06 20:12:53,389,651,569,4
2026-08-06 20:12:54,387,653,570,4
2026-08-06 20:12:55,388,650,565,4
2026-08-06 20:12:56,387,654,568,4
2026-08-06 20:12:58,388,651,570,4
2026-08-06 20:12:58,391,648,570,4
2026-08-06 20:12:59,388,653,568,4
2026-08-06 20:13:00,389,651,568,4
2026-08-06 20:13:01,386,644,560,4
2026-08-06 20:13:02,390,649,568,4
2026-08-06 20:13:03,387,648,571,4
2026-08-06 20:13:04,389,646,568,4
2026-08-06 20:13:05,388,650,565,4
2026-08-06 20:13:06,389,651,563,4
2026-08-06 20:13:07,390,648,565,4
2026-08-06 20:13:08,389,649,564,4
2026-08-06 20:13:09,388,648,562,4
2026-08-06 20:13:10,388,646,569,4
2026-08-06 20:13:11,389,646,560,4
2026-08-06 20:13:12,387,648,567,4
2026-08-06 20:13:13,391,652,565,4
2026-08-06 20:13:14,390,647,563,4
2026-08-06 20:13:15,387,649,569,4
2026-08-06 20:13:16,387,648,566,4
2026-08-06 20:13:17,391,649,562,4
2026-08-06 20:13:18,391,648,567,4
2026-08-06 20:13:19,389,648,563,4
2026-08-06 20:13:20,388,649,565,4
2026-08-06 20:13:21,389,652,561,4
2026-08-06 20:13:22,388,648,563,4
2026-08-06 20:13:23,387,652,566,4
2026-08-06 20:13:24,388,652,562,4
2026-08-06 20:13:25,387,651,562,4
2026-08-06 20:13:26,387,647,567,4
2026-08-06 20:13:27,388,655,558,4
2026-08-06 20:13:28,389,650,561,4
2026-08-06 20:13:29,388,650,565,4
2026-08-06 20:13:31,388,652,560,4
2026-08-06 20:13:31,388,649,570,4
2026-08-06 20:13:32,390,648,566,4
2026-08-06 20:13:33,388,651,573,4
2026-08-06 20:13:34,385,650,571,4
2026-08-06 20:13:35,386,646,565,4
2026-08-06 20:13:36,391,651,560,4
2026-08-06 20:13:37,385,642,564,4
2026-08-06 20:13:38,389,649,567,4
2026-08-06 20:13:39,389,650,564,4
2026-08-06 20:13:40,389,651,563,4
2026-08-06 20:13:41,388,649,566,4
2026-08-06 20:13:42,386,648,570,4
2026-08-06 20:13:43,387,644,566,4
2026-08-06 20:13:44,387,645,565,4
2026-08-06 20:13:45,386,647,567,4
2026-08-06 20:13:46,388,646,564,4
2026-08-06 20:13:47,389,646,567,4
2026-08-06 20:13:49,387,650,565,4
2026-08-06 20:13:49,389,645,559,4
2026-08-06 20:13:50,390,650,569,4
2026-08-06 20:13:51,389,652,570,4
2026-08-06 20:13:52,389,647,566,4
2026-08-06 20:13:53,389,647,567,4
2026-08-06 20:13:54,390,652,560,4
2026-08-06 20:13:55,388,652,564,4
2026-08-06 20:13:56,386,647,573,4
2026-08-06 20:13:57,385,650,570,4
2026-08-06 20:13:58,388,649,563,4
2026-08-06 20:13:59,389,653,564,4
2026-08-06 20:14:00,387,644,573,4
2026-08-06 20:14:04,387,650,560,4
2026-08-06 20:14:05,389,649,567,4
2026-08-06 20:14:05,389,650,563,4
2026-08-06 20:14:05,388,652,567,4
2026-08-06 20:14:05,389,644,567,4
2026-08-06 20:14:06,388,651,570,4
2026-08-06 20:14:09,388,650,564,4
2026-08-06 20:14:11,388,651,567,4
2026-08-06 20:14:11,384,648,566,4
2026-08-06 20:14:12,390,647,558,4
2026-08-06 20:14:12,387,644,565,4
2026-08-06 20:14:12,386,653,563,4
2026-08-06 20:14:13,387,650,568,4
2026-08-06 20:14:14,386,646,566,4
2026-08-06 20:14:15,387,650,561,4
2026-08-06 20:14:16,387,652,561,4
2026-08-06 20:14:17,388,648,578,4
2026-08-06 20:14:19,387,652,566,4
2026-08-06 20:14:19,385,647,568,4
2026-08-06 20:14:20,388,647,572,4
2026-08-06 20:14:21,388,650,562,4
2026-08-06 20:14:22,390,651,572,4
2026-08-06 20:14:23,387,649,565,4
2026-08-06 20:14:24,388,645,568,4
2026-08-06 20:14:25,388,646,563,4
2026-08-06 20:14:26,389,648,571,4
2026-08-06 20:14:27,389,650,571,4
2026-08-06 20:14:28,388,650,563,4
2026-08-06 20:14:29,388,645,563,4
2026-08-06 20:14:30,388,649,558,4
2026-08-06 20:14:31,390,648,561,4
2026-08-06 20:14:32,384,649,562,4
2026-08-06 20:14:33,389,648,571,4
2026-08-06 20:14:34,388,651,568,4
2026-08-06 20:14:40,389,649,565,4
2026-08-06 20:14:46,387,649,565,4
2026-08-06 20:14:46,387,648,562,4
2026-08-06 20:14:46,387,649,560,4
2026-08-06 20:14:46,387,647,565,4
2026-08-06 20:14:46,387,647,569,4
2026-08-06 20:14:46,387,649,563,4
2026-08-06 20:14:46,388,650,564,4
2026-08-06 20:14:46,387,651,560,4
2026-08-06 20:14:46,385,648,568,4
2026-08-06 20:14:46,387,647,560,4
2026-08-06 20:14:46,389,652,566,4
2026-08-06 20:14:47,389,652,557,4
2026-08-06 20:14:48,388,649,569,4
2026-08-06 20:14:49,389,651,560,4
2026-08-06 20:14:50,384,648,558,4
2026-08-06 20:14:52,389,644,563,4
2026-08-06 20:14:52,390,653,566,4
2026-08-06 20:14:53,389,648,563,4
2026-08-06 20:14:54,386,646,567,4
2026-08-06 20:14:55,387,652,563,4
2026-08-06 20:14:56,384,650,565,4
2026-08-06 20:14:57,391,646,571,4
2026-08-06 20:14:58,390,642,569,4
2026-08-06 20:14:59,387,653,558,4
2026-08-06 20:15:00,388,653,566,4
2026-08-06 20:15:01,386,651,567,4
2026-08-06 20:15:02,390,643,567,4
2026-08-06 20:15:03,387,651,563,4
2026-08-06 20:15:04,387,648,567,4
2026-08-06 20:15:05,384,647,568,4
2026-08-06 20:15:06,387,650,573,4
2026-08-06 20:15:07,387,650,563,4
2026-08-06 20:15:08,386,652,569,4
2026-08-06 20:15:09,386,645,569,4
2026-08-06 20:15:10,387,648,562,4
2026-08-06 20:15:11,388,647,557,4
2026-08-06 20:15:12,387,649,563,4
2026-08-06 20:15:13,388,650,565,4
2026-08-06 20:15:14,389,652,563,4
2026-08-06 20:15:15,385,646,564,4
2026-08-06 20:15:16,389,648,569,4
2026-08-06 20:15:17,386,646,567,4
2026-08-06 20:15:18,389,644,572,4
2026-08-06 20:15:19,390,649,565,4
2026-08-06 20:15:20,391,652,560,4
2026-08-06 20:15:21,390,645,562,4
2026-08-06 20:15:22,386,648,556,4
2026-08-06 20:15:23,387,648,561,4
2026-08-06 20:15:24,389,649,559,4
2026-08-06 20:15:25,386,650,563,4
2026-08-06 20:15:26,389,645,569,4
2026-08-06 20:15:27,385,645,568,4
2026-08-06 20:15:28,389,650,563,4
2026-08-06 20:15:29,386,657,570,4
2026-08-06 20:15:30,386,650,572,4
2026-08-06 20:15:31,388,646,561,4
2026-08-06 20:15:32,386,648,566,4
2026-08-06 20:15:33,391,649,559,4
2026-08-06 20:15:34,389,652,568,4
2026-08-06 20:15:35,389,650,570,4
2026-08-06 20:15:36,389,650,570,4
2026-08-06 20:15:37,388,648,560,4
2026-08-06 20:15:38,389,646,569,4
2026-08-06 20:15:39,386,647,561,4
2026-08-06 20:15:40,388,651,569,4
2026-08-06 20:15:41,387,651,558,4
2026-08-06 20:15:42,387,648,570,4
2026-08-06 20:15:43,386,648,552,4
2026-08-06 20:15:44,388,647,564,4
2026-08-06 20:15:45,388,646,571,4
2026-08-06 20:15:46,387,645,574,4
2026-08-06 20:15:47,388,650,567,4
2026-08-06 20:15:48,387,647,567,4
2026-08-06 20:15:49,388,650,569,4
2026-08-06 20:15:50,390,649,566,4
2026-08-06 20:15:51,387,645,572,4
2026-08-06 20:15:52,387,645,565,4
2026-08-06 20:15:53,386,652,571,4
2026-08-06 20:15:54,385,653,565,4
2026-08-06 20:15:55,387,648,569,4
2026-08-06 20:15:56,387,649,570,4
2026-08-06 20:15:57,387,651,568,4
2026-08-06 20:15:58,387,644,564,4
2026-08-06 20:15:59,387,650,563,4
2026-08-06 20:16:00,388,648,573,4
2026-08-06 20:16:01,388,650,564,4
2026-08-06 20:16:02,387,647,565,4
2026-08-06 20:16:03,387,647,566,4
2026-08-06 20:16:04,388,641,561,4
2026-08-06 20:16:05,389,649,568,4
2026-08-06 20:16:06,388,652,565,4
2026-08-06 20:16:08,389,645,568,4
2026-08-06 20:16:09,388,646,562,4
2026-08-06 20:16:09,389,648,566,4
2026-08-06 20:16:10,389,649,560,4
2026-08-06 20:16:11,388,650,568,4
2026-08-06 20:16:15,388,649,568,4
2026-08-06 20:16:16,387,652,558,4
2026-08-06 20:16:16,386,645,572,4
2026-08-06 20:16:16,388,650,555,4
2026-08-06 20:16:16,386,652,563,4
2026-08-06 20:16:17,389,647,564,4
2026-08-06 20:16:18,388,646,571,4
2026-08-06 20:16:19,388,651,563,4
2026-08-06 20:16:22,387,645,562,4
2026-08-06 20:16:22,389,651,567,4
2026-08-06 20:16:22,388,648,557,4
2026-08-06 20:16:23,388,646,566,4
2026-08-06 20:16:24,388,644,561,4
2026-08-06 20:16:25,388,649,565,4
2026-08-06 20:16:26,385,648,567,4
2026-08-06 20:16:27,388,647,564,4
2026-08-06 20:16:28,388,647,567,4
2026-08-06 20:16:29,387,648,559,4
2026-08-06 20:16:30,389,645,564,4
2026-08-06 20:16:31,387,651,570,4
2026-08-06 20:16:32,385,654,564,4
2026-08-06 20:16:33,390,654,565,4
2026-08-06 20:16:34,385,652,570,4
2026-08-06 20:16:35,387,651,559,4
2026-08-06 20:16:36,390,648,565,4
2026-08-06 20:16:37,387,653,558,4
2026-08-06 20:16:38,387,650,575,4
2026-08-06 20:16:39,387,649,562,4
2026-08-06 20:16:40,387,650,559,4
2026-08-06 20:16:41,387,649,559,4
2026-08-06 20:16:42,387,646,564,4
2026-08-06 20:16:43,389,653,560,4
2026-08-06 20:16:44,385,645,560,4
2026-08-06 20:16:45,387,653,561,4
2026-08-06 20:16:46,386,645,566,4
2026-08-06 20:16:47,388,652,568,4
2026-08-06 20:16:48,390,647,569,4
2026-08-06 20:16:49,390,646,564,4
2026-08-06 20:16:50,387,646,561,4
2026-08-06 20:16:51,387,646,565,4
2026-08-06 20:16:52,387,650,566,4
2026-08-06 20:16:53,388,649,567,4
2026-08-06 20:16:54,388,651,568,4
2026-08-06 20:16:55,389,649,567,4
2026-08-06 20:16:56,387,656,562,4
2026-08-06 20:16:57,388,647,565,4
2026-08-06 20:16:58,388,649,566,4
2026-08-06 20:16:59,387,649,563,4
2026-08-06 20:17:00,386,648,564,4
2026-08-06 20:17:01,388,654,563,4
2026-08-06 20:17:02,391,649,565,4
2026-08-06 20:17:03,387,648,562,4
2026-08-06 20:17:06,387,648,564,4
2026-08-06 20:17:06,386,649,563,4
2026-08-06 20:17:06,388,649,562,4
2026-08-06 20:17:07,388,649,566,4
2026-08-06 20:17:08,388,650,559,4
2026-08-06 20:17:10,384,652,567,4
2026-08-06 20:17:10,388,651,568,4
2026-08-06 20:17:11,388,646,573,4
2026-08-06 20:17:12,387,647,565,4
2026-08-06 20:17:13,388,648,563,4
2026-08-06 20:17:14,387,650,565,4
2026-08-06 20:17:15,390,649,562,4
2026-08-06 20:17:16,389,647,562,4
2026-08-06 20:17:17,387,648,565,4
2026-08-06 20:17:18,387,649,560,4
2026-08-06 20:17:19,387,648,566,4
2026-08-06 20:17:20,387,651,566,4
2026-08-06 20:17:22,387,644,558,4
2026-08-06 20:17:22,388,647,562,4
2026-08-06 20:17:23,387,654,568,4
2026-08-06 20:17:24,387,650,567,4
2026-08-06 20:17:25,390,648,574,4
2026-08-06 20:17:26,386,647,559,4
2026-08-06 20:17:27,389,645,564,4
2026-08-06 20:17:30,388,652,564,4
2026-08-06 20:17:31,389,647,563,4
2026-08-06 20:17:31,386,646,565,4
2026-08-06 20:17:32,387,641,554,4
2026-08-06 20:17:33,389,645,561,4
2026-08-06 20:17:33,386,651,568,4
2026-08-06 20:17:34,388,650,565,4
2026-08-06 20:17:35,388,649,569,4
2026-08-06 20:17:36,388,652,553,4
2026-08-06 20:17:37,388,647,563,4
2026-08-06 20:17:38,388,644,561,4
2026-08-06 20:17:39,386,649,563,4
2026-08-06 20:17:40,387,649,562,4
2026-08-06 20:17:41,390,652,563,4
2026-08-06 20:17:42,386,647,573,4
2026-08-06 20:17:43,387,649,557,4
2026-08-06 20:17:44,388,650,563,4
2026-08-06 20:17:45,386,652,571,4
2026-08-06 20:17:46,388,650,563,4
2026-08-06 20:17:47,388,655,567,4
2026-08-06 20:17:48,389,648,556,4
2026-08-06 20:17:49,384,646,560,4
2026-08-06 20:17:50,387,648,563,4
2026-08-06 20:17:51,388,645,563,4
2026-08-06 20:17:52,387,654,571,4
2026-08-06 20:17:53,387,646,567,4
2026-08-06 20:17:54,386,647,569,4
2026-08-06 20:17:55,386,649,564,4
2026-08-06 20:17:56,385,648,572,4
2026-08-06 20:17:57,387,649,573,4
2026-08-06 20:17:58,387,649,558,4
2026-08-06 20:17:59,387,647,569,4
2026-08-06 20:18:00,387,648,562,4
2026-08-06 20:18:01,388,648,564,4
2026-08-06 20:18:02,387,650,559,4
2026-08-06 20:18:03,385,648,575,4
2026-08-06 20:18:04,388,646,560,4
2026-08-06 20:18:05,388,648,565,4
2026-08-06 20:18:06,388,652,564,4
2026-08-06 20:18:07,387,649,570,4
2026-08-06 20:18:08,388,651,569,4
2026-08-06 20:18:09,385,648,568,4
2026-08-06 20:18:10,384,649,572,4
2026-08-06 20:18:11,387,650,570,4
2026-08-06 20:18:12,389,650,567,4
2026-08-06 20:18:13,388,651,560,4
2026-08-06 20:18:14,387,651,566,4
2026-08-06 20:18:15,387,648,563,4
2026-08-06 20:18:16,388,649,562,4
2026-08-06 20:18:17,388,647,562,4
2026-08-06 20:18:18,388,653,568,4
2026-08-06 20:18:19,389,651,566,4
2026-08-06 20:18:20,385,655,566,4
2026-08-06 20:18:21,387,652,564,4
2026-08-06 20:18:22,387,649,561,4
2026-08-06 20:18:23,386,651,567,4
2026-08-06 20:18:24,388,650,562,4
2026-08-06 20:18:25,387,648,561,4
2026-08-06 20:18:26,387,651,567,4
2026-08-06 20:18:27,389,649,567,4
2026-08-06 20:18:28,386,650,561,4
2026-08-06 20:18:29,388,647,561,4
2026-08-06 20:18:30,389,650,570,4
2026-08-06 20:18:31,388,653,569,4
2026-08-06 20:18:32,386,653,570,4
2026-08-06 20:18:33,388,647,570,4
2026-08-06 20:18:34,389,650,561,4
2026-08-06 20:18:35,388,648,558,4
2026-08-06 20:18:36,387,650,565,4
2026-08-06 20:18:37,387,653,559,4
2026-08-06 20:18:38,390,645,559,4
2026-08-06 20:18:40,387,647,568,4
2026-08-06 20:18:40,388,647,565,4
2026-08-06 20:18:41,385,649,571,4
2026-08-06 20:18:42,387,649,563,4
2026-08-06 20:18:43,386,651,559,4
2026-08-06 20:18:44,389,648,573,4
2026-08-06 20:18:45,388,648,565,4
2026-08-06 20:18:46,387,653,574,4
2026-08-06 20:18:47,385,649,562,4
2026-08-06 20:18:48,385,646,566,4
2026-08-06 20:18:49,386,648,566,4
2026-08-06 20:18:50,387,648,558,4
2026-08-06 20:18:52,388,644,564,4
2026-08-06 20:18:52,386,651,561,4
2026-08-06 20:19:00,388,648,562,4
2026-08-06 20:19:01,388,652,568,4
2026-08-06 20:19:01,387,643,563,4
2026-08-06 20:19:01,386,641,567,4
2026-08-06 20:19:01,388,647,566,4
2026-08-06 20:19:01,386,648,569,4
2026-08-06 20:19:01,386,652,567,4
2026-08-06 20:19:01,387,648,564,4
2026-08-06 20:19:04,387,648,559,4
2026-08-06 20:19:05,386,649,567,4
2026-08-06 20:19:05,388,649,570,4
2026-08-06 20:19:05,389,649,566,4
2026-08-06 20:19:05,387,652,570,4
2026-08-06 20:19:06,387,645,567,4
2026-08-06 20:19:07,386,646,565,4
2026-08-06 20:19:08,385,645,562,4
2026-08-06 20:19:09,387,645,564,4
2026-08-06 20:19:10,389,657,570,4
2026-08-06 20:19:11,386,649,561,4
2026-08-06 20:19:12,385,650,563,4
2026-08-06 20:19:13,385,650,565,4
2026-08-06 20:19:14,388,650,574,4
2026-08-06 20:19:15,387,647,563,4
2026-08-06 20:19:16,386,648,560,4
2026-08-06 20:19:18,387,649,565,4
2026-08-06 20:19:18,387,648,569,4
2026-08-06 20:19:20,388,644,565,4
2026-08-06 20:19:20,386,652,558,4
2026-08-06 20:19:23,386,648,569,4
2026-08-06 20:19:23,387,649,563,4
2026-08-06 20:19:23,387,654,562,4
2026-08-06 20:19:25,387,649,570,4
2026-08-06 20:19:25,386,649,561,4
2026-08-06 20:19:26,387,650,562,4
2026-08-06 20:19:27,387,645,558,4
2026-08-06 20:19:28,388,647,562,4
2026-08-06 20:19:29,387,649,567,4
2026-08-06 20:19:30,388,650,564,4
2026-08-06 20:19:31,388,650,568,4
2026-08-06 20:19:32,389,647,562,4
2026-08-06 20:19:33,387,646,561,4
2026-08-06 20:19:34,386,649,562,4
2026-08-06 20:19:35,388,651,564,4
2026-08-06 20:19:36,386,649,564,4
2026-08-06 20:19:37,388,650,567,4
2026-08-06 20:19:38,389,644,565,4
2026-08-06 20:19:39,389,647,571,4
2026-08-06 20:19:40,385,652,563,4
2026-08-06 20:19:41,386,647,558,4
2026-08-06 20:19:42,387,647,560,4
2026-08-06 20:19:43,388,647,570,4
2026-08-06 20:19:44,387,647,569,4
2026-08-06 20:19:45,389,649,558,4
2026-08-06 20:19:46,389,647,565,4
2026-08-06 20:19:47,390,658,565,4
2026-08-06 20:19:48,386,648,565,4
2026-08-06 20:19:49,390,649,572,4
2026-08-06 20:19:50,388,646,574,4
2026-08-06 20:19:51,388,648,561,4
2026-08-06 20:19:52,390,654,550,4
2026-08-06 20:19:53,387,647,566,4
2026-08-06 20:19:54,386,648,574,4
2026-08-06 20:19:55,387,651,555,4
2026-08-06 20:19:56,388,647,578,4
2026-08-06 20:19:57,389,653,565,4
2026-08-06 20:19:58,387,649,564,4
2026-08-06 20:19:59,386,651,561,4
2026-08-06 20:20:00,388,647,560,4
2026-08-06 20:20:01,386,647,573,4
2026-08-06 20:20:02,387,648,564,4
2026-08-06 20:20:03,387,650,564,4
2026-08-06 20:20:04,388,648,562,4
2026-08-06 20:20:05,387,647,571,4
2026-08-06 20:20:06,385,647,571,4
2026-08-06 20:20:07,386,652,567,4
2026-08-06 20:20:08,389,653,570,4
2026-08-06 20:20:09,387,649,567,4
2026-08-06 20:20:10,387,651,550,4
2026-08-06 20:20:11,390,656,564,4
2026-08-06 20:20:12,387,648,561,4
2026-08-06 20:20:13,386,647,562,4
2026-08-06 20:20:14,387,647,564,4
2026-08-06 20:20:15,388,648,560,4
2026-08-06 20:20:16,386,648,563,4
2026-08-06 20:20:17,388,647,567,4
2026-08-06 20:20:18,386,651,565,4
2026-08-06 20:20:19,384,653,567,4
2026-08-06 20:20:20,388,649,561,4
2026-08-06 20:20:21,386,648,558,4
2026-08-06 20:20:22,388,652,572,4
2026-08-06 20:20:23,387,648,561,4
2026-08-06 20:20:24,385,653,566,4
2026-08-06 20:20:25,387,651,562,4
2026-08-06 20:20:26,388,648,564,4
2026-08-06 20:20:27,385,651,558,4
2026-08-06 20:20:28,386,649,556,4
2026-08-06 20:20:29,390,646,563,4
2026-08-06 20:20:30,386,644,571,4
2026-08-06 20:20:31,386,649,562,4
2026-08-06 20:20:32,387,648,571,4
2026-08-06 20:20:33,388,655,567,4
2026-08-06 20:20:34,387,648,562,4
2026-08-06 20:20:35,389,647,563,4
2026-08-06 20:20:36,388,651,567,4
2026-08-06 20:20:37,386,648,561,4
2026-08-06 20:20:38,386,652,556,4
2026-08-06 20:20:39,388,647,559,4
2026-08-06 20:20:40,388,651,555,4
2026-08-06 20:20:41,389,651,568,4
2026-08-06 20:20:42,386,647,566,4
2026-08-06 20:20:43,387,651,565,4
2026-08-06 20:20:44,386,650,566,4
2026-08-06 20:20:45,386,645,571,4
2026-08-06 20:20:46,386,649,564,4
2026-08-06 20:20:47,391,654,563,4
2026-08-06 20:20:48,388,647,569,4
2026-08-06 20:20:49,387,655,559,4
2026-08-06 20:20:50,387,646,572,4
2026-08-06 20:20:51,387,651,569,4
2026-08-06 20:20:52,384,653,559,4
2026-08-06 20:20:53,387,648,560,4
2026-08-06 20:20:54,390,653,563,4
2026-08-06 20:20:55,388,649,571,4
2026-08-06 20:20:56,386,649,563,4
2026-08-06 20:20:57,388,649,570,4
2026-08-06 20:20:58,388,652,567,4
2026-08-06 20:20:59,388,645,577,4
2026-08-06 20:21:00,387,651,564,4
2026-08-06 20:21:01,387,648,562,4
2026-08-06 20:21:02,385,651,570,4
2026-08-06 20:21:03,386,648,557,4
2026-08-06 20:21:04,386,649,568,4
2026-08-06 20:21:05,388,647,559,4
2026-08-06 20:21:06,387,645,559,4
2026-08-06 20:21:07,391,649,562,4
2026-08-06 20:21:08,387,649,580,4
2026-08-06 20:21:09,387,648,562,4
2026-08-06 20:21:10,386,645,556,4
2026-08-06 20:21:11,387,652,573,4
2026-08-06 20:21:12,388,648,561,4
2026-08-06 20:21:13,385,649,565,4
2026-08-06 20:21:14,389,650,568,4
2026-08-06 20:21:15,387,648,566,4
2026-08-06 20:21:16,387,651,553,4
2026-08-06 20:21:17,387,650,567,4
2026-08-06 20:21:18,386,653,563,4
2026-08-06 20:21:19,387,650,557,4
2026-08-06 20:21:20,386,647,565,4
2026-08-06 20:21:21,387,648,561,4
2026-08-06 20:21:22,388,648,566,4
2026-08-06 20:21:23,387,644,560,4
2026-08-06 20:21:24,386,650,560,4
2026-08-06 20:21:25,386,646,563,4
2026-08-06 20:21:26,386,653,561,4
2026-08-06 20:21:27,386,654,560,4
2026-08-06 20:21:28,387,646,562,4
2026-08-06 20:21:29,389,652,562,4
2026-08-06 20:21:30,388,646,562,4
2026-08-06 20:21:31,387,655,563,4
2026-08-06 20:21:32,384,653,560,4
2026-08-06 20:21:33,385,649,564,4
2026-08-06 20:21:34,388,650,565,4
2026-08-06 20:21:35,386,650,567,4
2026-08-06 20:21:36,384,652,566,4
2026-08-06 20:21:37,388,649,565,4
2026-08-06 20:21:38,388,651,568,4
2026-08-06 20:21:39,385,647,566,4
2026-08-06 20:21:40,385,646,563,4
2026-08-06 20:21:41,385,648,557,4
2026-08-06 20:21:42,389,647,567,4
2026-08-06 20:21:43,387,649,568,4
2026-08-06 20:21:44,386,649,563,4
2026-08-06 20:21:45,388,649,567,4
2026-08-06 20:21:46,388,646,565,4
2026-08-06 20:21:47,388,652,559,4
2026-08-06 20:21:48,386,650,565,4
2026-08-06 20:21:49,386,646,568,4
2026-08-06 20:21:50,389,645,563,4
2026-08-06 20:21:51,387,652,568,4
2026-08-06 20:21:52,386,649,555,4
2026-08-06 20:21:53,388,646,564,4
2026-08-06 20:21:54,387,653,563,4
2026-08-06 20:21:55,386,646,558,4
2026-08-06 20:21:56,387,649,566,4
2026-08-06 20:21:57,389,650,561,4
2026-08-06 20:21:58,387,648,562,4
2026-08-06 20:21:59,386,646,558,4
2026-08-06 20:22:00,386,647,562,4
2026-08-06 20:22:01,387,649,555,4
2026-08-06 20:22:02,385,649,564,4
2026-08-06 20:22:03,385,649,566,4
2026-08-06 20:22:04,387,653,567,4
2026-08-06 20:22:05,387,647,561,4
2026-08-06 20:22:06,391,644,557,4
2026-08-06 20:22:07,389,648,560,4
2026-08-06 20:22:08,388,647,565,4
2026-08-06 20:22:09,391,644,558,4
2026-08-06 20:22:10,385,644,568,4
2026-08-06 20:22:11,386,648,568,4
2026-08-06 20:22:12,386,647,570,4
2026-08-06 20:22:13,392,646,566,4
2026-08-06 20:22:14,388,647,560,4
2026-08-06 20:22:15,387,646,563,4
2026-08-06 20:22:16,385,646,563,4
2026-08-06 20:22:17,387,648,563,4
2026-08-06 20:22:18,385,654,569,4
2026-08-06 20:22:19,387,650,568,4
2026-08-06 20:22:20,387,647,571,4
2026-08-06 20:22:21,383,647,564,4
2026-08-06 20:22:22,385,648,567,4
2026-08-06 20:22:23,386,652,567,4
2026-08-06 20:22:24,384,648,561,4
2026-08-06 20:22:25,389,646,560,4
2026-08-06 20:22:26,388,647,568,4
2026-08-06 20:22:27,386,644,562,4
2026-08-06 20:22:28,386,647,568,4
2026-08-06 20:22:29,388,647,566,4
2026-08-06 20:22:30,387,648,566,4
2026-08-06 20:22:31,387,656,562,4
2026-08-06 20:22:32,386,651,566,4
2026-08-06 20:22:33,388,652,565,4
2026-08-06 20:22:34,386,650,566,4
2026-08-06 20:22:35,388,649,558,4
2026-08-06 20:22:36,387,650,574,4
2026-08-06 20:22:37,387,649,568,4
2026-08-06 20:22:38,387,647,558,4
2026-08-06 20:22:39,387,648,558,4
2026-08-06 20:22:40,385,653,565,4
2026-08-06 20:22:41,387,648,561,4
2026-08-06 20:22:42,386,650,565,4
2026-08-06 20:22:43,386,650,554,4
2026-08-06 20:22:44,385,648,556,4
2026-08-06 20:22:45,390,644,563,4
2026-08-06 20:22:46,387,647,567,4
2026-08-06 20:22:47,385,651,563,4
2026-08-06 20:22:48,386,647,559,4
2026-08-06 20:22:49,384,653,567,4
2026-08-06 20:22:50,387,648,568,4
2026-08-06 20:22:51,383,649,565,4
2026-08-06 20:22:52,387,654,566,4
2026-08-06 20:22:53,387,650,564,4
2026-08-06 20:22:54,387,645,563,4
2026-08-06 20:22:55,385,651,564,4
2026-08-06 20:22:56,386,649,562,4
2026-08-06 20:22:57,387,654,562,4
2026-08-06 20:22:58,387,647,578,4
2026-08-06 20:22:59,386,656,557,4
2026-08-06 20:23:00,384,650,560,4
2026-08-06 20:23:01,386,654,563,4
2026-08-06 20:23:02,388,644,563,4
2026-08-06 20:23:03,389,650,566,4
2026-08-06 20:23:04,386,650,564,4
2026-08-06 20:23:05,387,647,572,4
2026-08-06 20:23:06,387,647,562,4
2026-08-06 20:23:07,387,652,559,4
2026-08-06 20:23:08,388,646,561,4
2026-08-06 20:23:09,387,647,564,4
2026-08-06 20:23:10,388,649,558,4
2026-08-06 20:23:11,386,647,568,4
2026-08-06 20:23:12,387,652,565,4
2026-08-06 20:23:13,387,649,565,4
2026-08-06 20:23:14,388,648,559,4
2026-08-06 20:23:15,389,654,558,4
2026-08-06 20:23:16,386,654,565,4
2026-08-06 20:23:17,386,648,561,4
2026-08-06 20:23:18,388,649,563,4
2026-08-06 20:23:19,388,648,556,4
2026-08-06 20:23:20,385,645,562,4
2026-08-06 20:23:21,386,646,570,4
2026-08-06 20:23:22,389,647,553,4
2026-08-06 20:23:23,384,648,563,4
2026-08-06 20:23:24,385,652,561,4
2026-08-06 20:23:25,388,651,565,4
2026-08-06 20:23:26,388,647,565,4
2026-08-06 20:23:27,386,649,561,4
2026-08-06 20:23:28,386,654,563,4
2026-08-06 20:23:29,389,646,562,4
2026-08-06 20:23:30,386,650,558,4
2026-08-06 20:23:31,389,653,563,4
2026-08-06 20:23:32,386,646,569,4
2026-08-06 20:23:33,388,651,553,4
2026-08-06 20:23:34,386,647,569,4
2026-08-06 20:23:35,389,652,555,4
2026-08-06 20:23:36,388,646,558,4
2026-08-06 20:23:37,385,648,559,4
2026-08-06 20:23:38,385,647,566,4
2026-08-06 20:23:39,385,652,563,4
2026-08-06 20:23:40,386,653,563,4
2026-08-06 20:23:41,386,648,570,4
2026-08-06 20:23:42,385,652,559,4
2026-08-06 20:23:43,385,652,556,4
2026-08-06 20:23:44,385,650,560,4
2026-08-06 20:23:45,390,653,562,4
2026-08-06 20:23:46,387,652,562,4
2026-08-06 20:23:47,386,645,556,4
2026-08-06 20:23:48,385,649,561,4
2026-08-06 20:23:49,388,646,564,4
2026-08-06 20:23:50,387,648,562,4
2026-08-06 20:23:51,387,653,569,4
2026-08-06 20:23:52,387,647,560,4
2026-08-06 20:23:53,388,647,562,4
2026-08-06 20:23:54,386,650,565,4
2026-08-06 20:23:55,386,650,560,4
2026-08-06 20:23:56,386,650,568,4
2026-08-06 20:23:57,386,649,569,4
2026-08-06 20:23:58,388,655,564,4
2026-08-06 20:23:59,386,650,565,4
2026-08-06 20:24:00,388,649,560,4
2026-08-06 20:24:01,387,649,571,4
2026-08-06 20:24:02,386,647,559,4
2026-08-06 20:24:03,386,649,565,4
2026-08-06 20:24:04,386,652,561,4
2026-08-06 20:24:05,386,649,565,4
2026-08-06 20:24:06,385,652,571,4
2026-08-06 20:24:07,386,648,566,4
2026-08-06 20:24:08,386,651,568,4
2026-08-06 20:24:09,385,646,563,4
2026-08-06 20:24:10,388,645,556,4
2026-08-06 20:24:11,387,647,561,4
2026-08-06 20:24:12,384,653,561,4
2026-08-06 20:24:13,386,650,567,4
2026-08-06 20:24:14,389,648,564,4
2026-08-06 20:24:15,384,655,568,4
2026-08-06 20:24:16,387,647,566,4
2026-08-06 20:24:17,388,648,562,4
2026-08-06 20:24:18,389,654,562,4
2026-08-06 20:24:19,387,654,561,4
2026-08-06 20:24:20,386,646,569,4
2026-08-06 20:24:21,386,648,563,4
2026-08-06 20:24:22,389,646,563,4
2026-08-06 20:24:23,386,648,565,4
2026-08-06 20:24:24,387,648,566,4
2026-08-06 20:24:25,388,652,560,4
2026-08-06 20:24:26,387,648,570,4
2026-08-06 20:24:27,386,653,562,4
2026-08-06 20:24:28,387,648,565,4
2026-08-06 20:24:29,389,650,563,4
2026-08-06 20:24:30,388,649,568,4
2026-08-06 20:24:31,384,648,554,4
2026-08-06 20:24:32,387,653,553,4
2026-08-06 20:24:33,388,647,559,4
2026-08-06 20:24:34,387,648,562,4
2026-08-06 20:24:35,388,649,561,4
2026-08-06 20:24:36,386,649,560,4
2026-08-06 20:24:37,386,647,563,4
2026-08-06 20:24:38,387,649,565,4
2026-08-06 20:24:39,385,652,567,4
2026-08-06 20:24:40,386,647,556,4
2026-08-06 20:24:41,387,650,562,4
2026-08-06 20:24:42,386,648,560,4
2026-08-06 20:24:43,387,648,561,4
2026-08-06 20:24:44,386,651,568,4
2026-08-06 20:24:45,390,651,560,4
2026-08-06 20:24:46,386,644,558,4
2026-08-06 20:24:47,387,651,558,4
2026-08-06 20:24:48,386,649,559,4
2026-08-06 20:24:49,387,648,567,4
2026-08-06 20:24:50,388,652,573,4
2026-08-06 20:24:51,388,646,567,4
2026-08-06 20:24:52,386,651,563,4
2026-08-06 20:24:53,385,644,562,4
2026-08-06 20:24:54,384,650,558,4
2026-08-06 20:24:55,387,652,559,4
2026-08-06 20:24:56,385,650,560,4
2026-08-06 20:24:57,386,654,568,4
2026-08-06 20:24:58,387,643,567,4
2026-08-06 20:24:59,386,650,566,4
2026-08-06 20:25:00,385,648,564,4
2026-08-06 20:25:01,388,644,557,4
2026-08-06 20:25:02,386,647,559,4
2026-08-06 20:25:03,388,642,571,4
2026-08-06 20:25:04,386,648,565,4
2026-08-06 20:25:05,387,650,559,4
2026-08-06 20:25:06,383,651,553,4
2026-08-06 20:25:07,385,651,556,4
2026-08-06 20:25:08,388,646,562,4
2026-08-06 20:25:09,388,651,565,4
2026-08-06 20:25:10,386,644,562,4
2026-08-06 20:25:11,387,646,564,4
2026-08-06 20:25:12,387,645,563,4
2026-08-06 20:25:13,386,651,563,4
2026-08-06 20:25:14,386,655,567,4
2026-08-06 20:25:15,388,656,561,4
2026-08-06 20:25:16,385,646,564,4
2026-08-06 20:25:17,389,649,572,4
2026-08-06 20:25:18,387,648,560,4
2026-08-06 20:25:19,387,658,554,4
2026-08-06 20:25:20,387,647,560,4
2026-08-06 20:25:21,386,653,559,4
2026-08-06 20:25:22,387,649,569,4
2026-08-06 20:25:23,387,644,562,4
2026-08-06 20:25:24,387,648,556,4
2026-08-06 20:25:25,386,649,566,4
2026-08-06 20:25:26,388,653,565,4
2026-08-06 20:25:27,388,649,563,4
2026-08-06 20:25:28,387,647,565,4
2026-08-06 20:25:29,388,645,571,4
2026-08-06 20:25:30,388,651,556,4
2026-08-06 20:25:31,386,648,574,4
2026-08-06 20:25:32,387,647,558,4
2026-08-06 20:25:33,385,649,564,4
2026-08-06 20:25:34,387,652,559,4
2026-08-06 20:25:35,385,650,567,4
2026-08-06 20:25:36,391,649,566,4
2026-08-06 20:25:37,388,647,560,4
2026-08-06 20:25:38,385,652,566,4
2026-08-06 20:25:39,386,647,568,4
2026-08-06 20:25:40,386,655,565,4
2026-08-06 20:25:41,388,649,562,4
2026-08-06 20:25:42,388,648,558,4
2026-08-06 20:25:43,385,654,566,4
2026-08-06 20:25:44,384,650,566,4
2026-08-06 20:25:45,387,650,568,4
2026-08-06 20:25:46,385,648,568,4
2026-08-06 20:25:47,386,647,563,4
2026-08-06 20:25:48,386,649,564,4
2026-08-06 20:25:49,387,651,568,4
2026-08-06 20:25:50,388,653,563,4
2026-08-06 20:25:51,386,648,563,4
2026-08-06 20:25:52,387,649,568,4
2026-08-06 20:25:53,387,652,563,4
2026-08-06 20:25:54,386,654,557,4
2026-08-06 20:25:55,388,651,567,4
2026-08-06 20:25:56,386,644,564,4
2026-08-06 20:25:57,387,654,566,4
2026-08-06 20:25:58,387,652,566,4
2026-08-06 20:25:59,385,650,564,4
2026-08-06 20:26:00,388,651,562,4
2026-08-06 20:26:01,388,650,564,4
2026-08-06 20:26:02,386,649,564,4
2026-08-06 20:26:03,388,646,572,4
2026-08-06 20:26:04,388,649,564,4
2026-08-06 20:26:05,386,651,555,4
2026-08-06 20:26:06,386,649,561,4
2026-08-06 20:26:07,385,654,565,4
2026-08-06 20:26:08,387,649,567,4
2026-08-06 20:26:09,388,646,561,4
2026-08-06 20:26:10,387,647,563,4
2026-08-06 20:26:11,385,650,564,4
2026-08-06 20:26:12,386,649,567,4
2026-08-06 20:26:13,386,644,559,4
2026-08-06 20:26:14,388,649,565,4
2026-08-06 20:26:15,383,650,563,4
2026-08-06 20:26:16,387,646,562,4
2026-08-06 20:26:17,386,647,573,4
2026-08-06 20:26:18,388,651,571,4
2026-08-06 20:26:19,387,647,559,4
2026-08-06 20:26:20,387,650,573,4
2026-08-06 20:26:21,385,646,564,4
2026-08-06 20:26:22,386,651,558,4
2026-08-06 20:26:23,384,651,561,4
2026-08-06 20:26:24,388,649,566,4
2026-08-06 20:26:25,387,650,568,4
2026-08-06 20:26:26,389,648,564,4
2026-08-06 20:26:27,384,651,565,4
2026-08-06 20:26:28,388,649,564,4
2026-08-06 20:26:29,384,650,558,4
2026-08-06 20:26:30,386,649,560,4
2026-08-06 20:26:31,385,649,568,4
2026-08-06 20:26:32,387,649,564,4
2026-08-06 20:26:33,388,647,568,4
2026-08-06 20:26:34,387,646,565,4
2026-08-06 20:26:35,387,647,558,4
2026-08-06 20:26:36,387,651,557,4
2026-08-06 20:26:37,386,649,562,4
2026-08-06 20:26:38,388,650,560,4
2026-08-06 20:26:39,388,654,555,4
2026-08-06 20:26:40,386,650,565,4
2026-08-06 20:26:41,388,649,574,4
2026-08-06 20:26:42,386,648,565,4
2026-08-06 20:26:43,384,647,568,4
2026-08-06 20:26:44,387,652,566,4
2026-08-06 20:26:45,388,652,570,4
2026-08-06 20:26:46,386,650,562,4
2026-08-06 20:26:47,386,648,566,4
2026-08-06 20:26:48,388,649,556,4
2026-08-06 20:26:49,385,646,569,4
2026-08-06 20:26:50,382,647,563,4
2026-08-06 20:26:51,386,645,561,4
2026-08-06 20:26:52,387,653,557,4
2026-08-06 20:26:53,385,648,557,4
2026-08-06 20:26:54,387,655,557,4
2026-08-06 20:26:55,388,653,563,4
2026-08-06 20:26:56,387,648,563,4
2026-08-06 20:26:57,388,650,562,4
2026-08-06 20:26:58,387,652,564,4
2026-08-06 20:26:59,387,647,564,4
2026-08-06 20:27:00,385,649,565,4
2026-08-06 20:27:01,385,651,565,4
2026-08-06 20:27:02,389,653,558,4
2026-08-06 20:27:03,387,652,564,4
2026-08-06 20:27:04,388,651,566,4
2026-08-06 20:27:05,388,649,568,4
2026-08-06 20:27:06,384,652,559,4
2026-08-06 20:27:07,389,648,558,4
2026-08-06 20:27:08,387,648,562,4
2026-08-06 20:27:09,386,647,564,4
2026-08-06 20:27:10,387,646,565,4
2026-08-06 20:27:11,385,647,557,4
2026-08-06 20:27:12,388,648,565,4
2026-08-06 20:27:13,390,651,565,4
2026-08-06 20:27:14,387,654,560,4
2026-08-06 20:27:15,382,651,555,4
2026-08-06 20:27:16,388,645,562,4
2026-08-06 20:27:17,387,651,576,4
2026-08-06 20:27:18,389,650,561,4
2026-08-06 20:27:19,389,651,557,4
2026-08-06 20:27:20,384,652,570,4
2026-08-06 20:27:21,387,650,568,4
2026-08-06 20:27:22,386,647,565,4
2026-08-06 20:27:23,384,647,567,4
2026-08-06 20:27:24,387,653,562,4
2026-08-06 20:27:25,386,651,567,4
2026-08-06 20:27:26,386,652,567,4
2026-08-06 20:27:27,388,651,560,4
2026-08-06 20:27:28,387,644,564,4
2026-08-06 20:27:29,387,647,559,4
2026-08-06 20:27:30,388,649,570,4
2026-08-06 20:27:31,388,649,567,4
2026-08-06 20:27:32,386,652,567,4
2026-08-06 20:27:33,388,657,556,4
2026-08-06 20:27:34,387,647,563,4
2026-08-06 20:27:35,385,653,559,4
2026-08-06 20:27:36,386,647,568,4
2026-08-06 20:27:37,387,651,560,4
2026-08-06 20:27:38,387,652,570,4
2026-08-06 20:27:39,384,650,560,4
2026-08-06 20:27:40,387,653,564,4
2026-08-06 20:27:41,388,647,559,4
2026-08-06 20:27:42,385,649,564,4
2026-08-06 20:27:43,384,649,560,4
2026-08-06 20:27:44,386,650,558,4
2026-08-06 20:27:45,386,648,567,4
2026-08-06 20:27:46,384,648,562,4
2026-08-06 20:27:47,386,650,565,4
2026-08-06 20:27:48,390,649,567,4
2026-08-06 20:27:49,386,652,563,4
2026-08-06 20:27:50,387,651,567,4
2026-08-06 20:27:51,386,647,562,4
2026-08-06 20:27:52,387,649,561,4
2026-08-06 20:27:53,389,650,555,4
2026-08-06 20:27:54,385,646,567,4
2026-08-06 20:27:55,383,650,560,4
2026-08-06 20:27:56,389,646,567,4
2026-08-06 20:27:57,386,651,557,4
2026-08-06 20:27:58,386,655,556,4
2026-08-06 20:27:59,385,652,563,4
2026-08-06 20:28:00,385,647,565,4
2026-08-06 20:28:01,387,647,567,4
2026-08-06 20:28:02,385,648,565,4
2026-08-06 20:28:03,385,649,558,4
2026-08-06 20:28:04,388,653,563,4
2026-08-06 20:28:05,386,648,560,4
2026-08-06 20:28:06,385,649,562,4
2026-08-06 20:28:07,390,647,562,4
2026-08-06 20:28:08,388,652,563,4
2026-08-06 20:28:09,386,654,557,4
2026-08-06 20:28:10,387,648,562,4
2026-08-06 20:28:11,384,651,565,4
2026-08-06 20:28:12,385,646,567,4
2026-08-06 20:28:13,386,652,552,4
2026-08-06 20:28:14,385,650,566,4
2026-08-06 20:28:15,388,646,563,4
2026-08-06 20:28:16,387,645,569,4
2026-08-06 20:28:17,391,650,563,4
2026-08-06 20:28:18,386,649,563,4
2026-08-06 20:28:19,387,648,563,4
2026-08-06 20:28:20,387,647,560,4
2026-08-06 20:28:21,386,648,562,4
2026-08-06 20:28:22,387,649,558,4
2026-08-06 20:28:23,387,651,560,4
2026-08-06 20:28:24,387,651,563,4
2026-08-06 20:28:25,388,651,564,4
2026-08-06 20:28:26,385,654,564,4
2026-08-06 20:28:27,387,648,562,4
2026-08-06 20:28:28,390,651,575,4
2026-08-06 20:28:29,385,652,562,4
2026-08-06 20:28:30,386,652,558,4
2026-08-06 20:28:31,387,650,562,4
2026-08-06 20:28:32,386,649,553,4
2026-08-06 20:28:33,385,649,566,4
2026-08-06 20:28:34,386,652,572,4
2026-08-06 20:28:35,385,652,562,4
2026-08-06 20:28:36,386,648,567,4
2026-08-06 20:28:37,385,650,568,4
2026-08-06 20:28:38,389,649,565,4
2026-08-06 20:28:39,387,643,562,4
2026-08-06 20:28:40,386,649,555,4
2026-08-06 20:28:41,386,648,560,4
2026-08-06 20:28:42,386,647,565,4
2026-08-06 20:28:43,390,653,559,4
2026-08-06 20:28:44,387,651,564,4
2026-08-06 20:28:45,386,649,561,4
2026-08-06 20:28:46,387,650,560,4
2026-08-06 20:28:47,386,652,572,4
2026-08-06 20:28:48,386,652,560,4
2026-08-06 20:28:49,382,649,566,4
2026-08-06 20:28:50,386,649,565,4
2026-08-06 20:28:51,386,646,563,4
2026-08-06 20:28:52,386,653,570,4
2026-08-06 20:28:53,386,653,557,4
2026-08-06 20:28:54,387,651,563,4
2026-08-06 20:28:55,388,652,567,4
2026-08-06 20:28:56,387,652,557,4
2026-08-06 20:28:57,387,650,564,4
2026-08-06 20:28:58,386,653,557,4
2026-08-06 20:28:59,387,653,561,4
2026-08-06 20:29:00,387,653,563,4
2026-08-06 20:29:01,386,652,571,4
2026-08-06 20:29:02,388,648,559,4
2026-08-06 20:29:03,387,647,565,4
2026-08-06 20:29:04,384,652,563,4
2026-08-06 20:29:05,386,654,565,4
2026-08-06 20:29:06,387,649,561,4
2026-08-06 20:29:07,386,646,563,4
2026-08-06 20:29:08,386,649,565,4
2026-08-06 20:29:09,389,651,558,4
2026-08-06 20:29:10,386,650,557,4
2026-08-06 20:29:11,385,652,561,4
2026-08-06 20:29:12,386,651,560,4
2026-08-06 20:29:13,386,648,569,4
2026-08-06 20:29:14,384,650,565,4
2026-08-06 20:29:15,388,651,559,4
2026-08-06 20:29:16,387,650,564,4
2026-08-06 20:29:17,383,651,561,4
2026-08-06 20:29:18,389,650,563,4
2026-08-06 20:29:19,388,651,569,4
2026-08-06 20:29:20,388,645,563,4
2026-08-06 20:29:21,389,651,560,4
2026-08-06 20:29:22,387,650,562,4
2026-08-06 20:29:23,386,654,562,4
2026-08-06 20:29:24,387,652,565,4
2026-08-06 20:29:25,388,655,562,4
2026-08-06 20:29:26,388,652,554,4
2026-08-06 20:29:27,386,647,570,4
2026-08-06 20:29:28,387,648,560,4
2026-08-06 20:29:29,386,647,565,4
2026-08-06 20:29:30,385,654,569,4
2026-08-06 20:29:31,386,655,561,4
2026-08-06 20:29:32,384,645,565,4
2026-08-06 20:29:33,386,653,565,4
2026-08-06 20:29:34,386,648,561,4
2026-08-06 20:29:35,388,646,566,4
2026-08-06 20:29:36,388,647,561,4
2026-08-06 20:29:37,389,650,564,4
2026-08-06 20:29:38,388,645,562,4
2026-08-06 20:29:39,387,656,560,4
2026-08-06 20:29:40,387,648,562,4
2026-08-06 20:29:41,387,650,563,4
2026-08-06 20:29:42,387,649,553,4
2026-08-06 20:29:43,385,653,563,4
2026-08-06 20:29:44,389,648,554,4
2026-08-06 20:29:45,388,648,562,4
2026-08-06 20:29:46,386,646,567,4
2026-08-06 20:29:47,386,649,564,4
2026-08-06 20:29:48,388,648,567,4
2026-08-06 20:29:49,386,650,577,4
2026-08-06 20:29:50,388,650,565,4
2026-08-06 20:29:51,386,649,559,4
2026-08-06 20:29:52,387,651,574,4
2026-08-06 20:29:53,387,649,561,4
2026-08-06 20:29:54,388,646,565,4
2026-08-06 20:29:55,388,651,567,4
2026-08-06 20:29:56,385,646,566,4
2026-08-06 20:29:57,389,645,562,4
2026-08-06 20:29:58,385,652,567,4
2026-08-06 20:29:59,390,649,557,4
2026-08-06 20:30:00,387,652,565,4
2026-08-06 20:30:01,387,645,567,4
2026-08-06 20:30:02,390,651,558,4
2026-08-06 20:30:03,386,645,559,4
2026-08-06 20:30:04,385,650,559,4
2026-08-06 20:30:05,386,650,571,4
2026-08-06 20:30:06,386,649,553,4
2026-08-06 20:30:07,387,646,571,4
2026-08-06 20:30:08,386,653,554,4
2026-08-06 20:30:09,388,648,568,4
2026-08-06 20:30:10,388,657,566,4
2026-08-06 20:30:11,387,648,559,4
2026-08-06 20:30:12,387,650,564,4
2026-08-06 20:30:13,386,649,562,4
2026-08-06 20:30:14,385,648,567,4
2026-08-06 20:30:15,389,646,569,4
2026-08-06 20:30:16,386,650,556,4
2026-08-06 20:30:17,388,652,560,4
2026-08-06 20:30:18,388,652,567,4
2026-08-06 20:30:19,385,652,554,4
2026-08-06 20:30:20,387,650,566,4
2026-08-06 20:30:21,385,647,574,4
2026-08-06 20:30:22,388,650,559,4
2026-08-06 20:30:23,388,649,564,4
2026-08-06 20:30:24,388,654,568,4
2026-08-06 20:30:25,389,649,559,4
2026-08-06 20:30:26,388,649,557,4
2026-08-06 20:30:27,386,653,564,4
2026-08-06 20:30:28,385,650,558,4
2026-08-06 20:30:29,385,651,567,4
2026-08-06 20:30:30,387,652,565,4
2026-08-06 20:30:31,387,654,561,4
2026-08-06 20:30:32,387,652,563,4
2026-08-06 20:30:33,385,647,568,4
2026-08-06 20:30:34,386,652,564,4
2026-08-06 20:30:35,386,648,569,4
2026-08-06 20:30:36,387,649,564,4
2026-08-06 20:30:37,387,651,568,4
2026-08-06 20:30:38,386,648,561,4
2026-08-06 20:30:39,387,650,554,4
2026-08-06 20:30:40,386,654,560,4
2026-08-06 20:30:41,387,647,562,4
2026-08-06 20:30:42,387,648,562,4
2026-08-06 20:30:43,385,647,564,4
2026-08-06 20:30:44,388,652,562,4
2026-08-06 20:30:45,387,646,567,4
2026-08-06 20:30:46,387,653,552,4
2026-08-06 20:30:47,388,651,557,4
2026-08-06 20:30:48,387,647,555,4
2026-08-06 20:30:49,385,654,559,4
2026-08-06 20:30:50,387,649,563,4
2026-08-06 20:30:51,387,650,556,4
2026-08-06 20:30:52,384,649,566,4
2026-08-06 20:30:53,388,650,562,4
2026-08-06 20:30:54,387,645,559,4
2026-08-06 20:30:55,386,653,557,4
2026-08-06 20:30:56,388,645,562,4
2026-08-06 20:30:57,390,648,568,4
2026-08-06 20:30:58,385,650,559,4
2026-08-06 20:30:59,388,648,564,4
2026-08-06 20:31:00,387,647,567,4
2026-08-06 20:31:01,389,651,570,4
2026-08-06 20:31:02,386,655,559,4
2026-08-06 20:31:03,384,648,559,4
2026-08-06 20:31:04,388,644,559,4
2026-08-06 20:31:05,387,655,568,4
2026-08-06 20:31:06,386,652,568,4
2026-08-06 20:31:07,385,647,566,4
2026-08-06 20:31:08,385,651,569,4
2026-08-06 20:31:09,388,657,567,4
2026-08-06 20:31:10,385,652,565,4
2026-08-06 20:31:11,385,650,556,4
2026-08-06 20:31:12,390,649,572,4
2026-08-06 20:31:13,390,649,557,4
2026-08-06 20:31:14,387,650,552,4
2026-08-06 20:31:15,387,649,559,4
2026-08-06 20:31:16,387,649,561,4
2026-08-06 20:31:17,386,650,558,4
2026-08-06 20:31:18,388,651,559,4
2026-08-06 20:31:19,386,649,562,4
2026-08-06 20:31:20,387,652,562,4
2026-08-06 20:31:21,386,648,567,4
2026-08-06 20:31:22,386,651,565,4
2026-08-06 20:31:23,387,651,570,4
2026-08-06 20:31:24,387,649,572,4
2026-08-06 20:31:25,386,649,567,4
2026-08-06 20:31:26,387,647,563,4
2026-08-06 20:31:27,385,649,567,4
2026-08-06 20:31:28,385,651,555,4
2026-08-06 20:31:29,387,647,563,4
2026-08-06 20:31:30,387,645,563,4
2026-08-06 20:31:31,384,655,569,4
2026-08-06 20:31:32,386,647,566,4
2026-08-06 20:31:33,386,649,563,4
2026-08-06 20:31:34,386,649,566,4
2026-08-06 20:31:35,387,650,568,4
2026-08-06 20:31:36,387,654,561,4
2026-08-06 20:31:37,387,650,566,4
2026-08-06 20:31:38,387,653,564,4
2026-08-06 20:31:39,387,652,555,4
2026-08-06 20:31:40,386,654,563,4
2026-08-06 20:31:41,388,649,560,4
2026-08-06 20:31:42,386,652,559,4
2026-08-06 20:31:43,385,648,571,4
2026-08-06 20:31:44,388,645,563,4
2026-08-06 20:31:45,385,651,566,4
2026-08-06 20:31:46,388,653,555,4
2026-08-06 20:31:47,387,652,559,4
2026-08-06 20:31:48,385,652,571,4
2026-08-06 20:31:49,385,654,565,4
2026-08-06 20:31:50,385,647,558,4
2026-08-06 20:31:51,387,649,571,4
2026-08-06 20:31:52,388,653,566,4
2026-08-06 20:31:53,388,649,568,4
2026-08-06 20:31:54,386,650,560,4
2026-08-06 20:31:55,388,651,569,4
2026-08-06 20:31:56,388,647,560,4
2026-08-06 20:31:57,387,649,572,4
2026-08-06 20:31:58,386,651,558,4
2026-08-06 20:31:59,386,649,562,4
2026-08-06 20:32:00,387,654,559,4
2026-08-06 20:32:01,388,649,565,4
2026-08-06 20:32:02,387,656,555,4
2026-08-06 20:32:03,387,650,562,4
2026-08-06 20:32:04,387,653,562,4
2026-08-06 20:32:05,386,650,567,4
2026-08-06 20:32:06,386,649,568,4
2026-08-06 20:32:07,385,651,558,4
2026-08-06 20:32:08,387,650,565,4
2026-08-06 20:32:09,387,648,561,4
2026-08-06 20:32:10,388,652,565,4
2026-08-06 20:32:11,387,652,555,4
2026-08-06 20:32:12,385,652,565,4
2026-08-06 20:32:13,384,648,555,4
2026-08-06 20:32:14,383,654,569,4
2026-08-06 20:32:15,387,650,561,4
2026-08-06 20:32:16,384,654,564,4
2026-08-06 20:32:17,387,653,555,4
2026-08-06 20:32:18,386,648,566,4
2026-08-06 20:32:19,386,652,556,4
2026-08-06 20:32:20,385,649,560,4
2026-08-06 20:32:21,386,650,562,4
2026-08-06 20:32:22,388,652,562,4
2026-08-06 20:32:23,386,648,570,4
2026-08-06 20:32:24,385,651,562,4
2026-08-06 20:32:25,385,650,559,4
2026-08-06 20:32:26,387,647,549,4
2026-08-06 20:32:27,387,655,556,4
2026-08-06 20:32:28,388,657,561,4
2026-08-06 20:32:29,387,647,562,4
2026-08-06 20:32:30,388,650,562,4
2026-08-06 20:32:31,388,648,561,4
2026-08-06 20:32:32,388,648,563,4
2026-08-06 20:32:33,385,649,566,4
2026-08-06 20:32:34,387,648,557,4
2026-08-06 20:32:35,387,647,557,4
2026-08-06 20:32:36,387,651,564,4
2026-08-06 20:32:37,387,657,563,4
2026-08-06 20:32:38,386,650,565,4
2026-08-06 20:32:39,386,652,572,4
2026-08-06 20:32:40,387,649,561,4
2026-08-06 20:32:41,384,654,561,4
2026-08-06 20:32:42,387,646,563,4
2026-08-06 20:32:43,387,650,562,4
2026-08-06 20:32:44,387,652,556,4
2026-08-06 20:32:45,387,652,558,4
2026-08-06 20:32:46,385,649,568,4
2026-08-06 20:32:47,386,645,561,4
2026-08-06 20:32:48,390,652,563,4
2026-08-06 20:32:49,387,649,567,4
2026-08-06 20:32:50,386,650,565,4
2026-08-06 20:32:51,385,655,566,4
2026-08-06 20:32:52,385,651,560,4
2026-08-06 20:32:53,386,646,564,4
2026-08-06 20:32:54,386,649,565,4
2026-08-06 20:32:55,386,648,566,4
2026-08-06 20:32:56,386,650,560,4
2026-08-06 20:32:57,385,650,563,4
2026-08-06 20:32:58,385,648,568,4
2026-08-06 20:32:59,384,651,563,4
2026-08-06 20:33:00,388,649,567,4
2026-08-06 20:33:01,387,648,568,4
2026-08-06 20:33:02,386,645,568,4
2026-08-06 20:33:03,388,653,568,4
2026-08-06 20:33:04,387,649,563,4
2026-08-06 20:33:05,386,650,557,4
2026-08-06 20:33:06,387,653,557,4
2026-08-06 20:33:07,387,651,570,4
2026-08-06 20:33:08,385,649,562,4
2026-08-06 20:33:09,386,651,565,4
2026-08-06 20:33:10,387,653,561,4
2026-08-06 20:33:11,385,654,560,4
2026-08-06 20:33:12,385,652,563,4
2026-08-06 20:33:13,387,655,564,4
2026-08-06 20:33:14,387,649,557,4
2026-08-06 20:33:15,385,653,551,4
2026-08-06 20:33:16,387,654,562,4
2026-08-06 20:33:17,386,650,557,4
2026-08-06 20:33:18,385,647,558,4
2026-08-06 20:33:19,383,651,562,4
2026-08-06 20:33:20,385,650,562,4
2026-08-06 20:33:21,386,647,562,4
2026-08-06 20:33:22,387,650,564,4
2026-08-06 20:33:23,387,651,565,4
2026-08-06 20:33:24,387,651,558,4
2026-08-06 20:33:25,388,647,563,4
2026-08-06 20:33:26,385,651,564,4
2026-08-06 20:33:27,387,652,567,4
2026-08-06 20:33:28,385,651,565,4
2026-08-06 20:33:29,386,648,572,4
2026-08-06 20:33:30,386,648,565,4
2026-08-06 20:33:31,387,648,555,4
2026-08-06 20:33:32,385,651,560,4
2026-08-06 20:33:33,386,652,566,4
2026-08-06 20:33:34,385,647,560,4
2026-08-06 20:33:35,385,652,554,4
2026-08-06 20:33:36,386,650,560,4
2026-08-06 20:33:37,389,648,566,4
2026-08-06 20:33:38,387,651,566,4
2026-08-06 20:33:39,386,647,562,4
2026-08-06 20:33:40,387,649,568,4
2026-08-06 20:33:41,388,652,560,4
2026-08-06 20:33:42,387,653,563,4
2026-08-06 20:33:43,386,648,565,4
2026-08-06 20:33:44,386,648,566,4
2026-08-06 20:33:45,387,656,565,4
2026-08-06 20:33:46,385,647,560,4
2026-08-06 20:33:47,388,650,562,4
2026-08-06 20:33:48,388,649,564,4
2026-08-06 20:33:49,389,650,568,4
2026-08-06 20:33:50,385,648,563,4
2026-08-06 20:33:51,386,652,559,4
2026-08-06 20:33:52,385,649,563,4
2026-08-06 20:33:53,388,652,571,4
2026-08-06 20:33:54,388,652,567,4
2026-08-06 20:33:55,387,651,571,4
2026-08-06 20:33:56,387,646,563,4
2026-08-06 20:33:57,387,652,561,4
2026-08-06 20:33:58,388,648,558,4
2026-08-06 20:33:59,387,652,562,4
2026-08-06 20:34:00,388,649,567,4
2026-08-06 20:34:01,388,648,564,4
2026-08-06 20:34:02,384,653,561,4
2026-08-06 20:34:03,386,649,561,4
2026-08-06 20:34:04,385,648,561,4
2026-08-06 20:34:05,385,650,563,4
2026-08-06 20:34:06,387,649,550,4
2026-08-06 20:34:07,386,646,568,4
2026-08-06 20:34:08,389,651,561,4
2026-08-06 20:34:09,385,650,561,4
2026-08-06 20:34:10,387,652,563,4
2026-08-06 20:34:11,384,652,558,4
2026-08-06 20:34:12,387,647,563,4
2026-08-06 20:34:13,386,648,558,4
2026-08-06 20:34:14,386,649,567,4
2026-08-06 20:34:15,387,650,566,4
2026-08-06 20:34:16,386,655,558,4
2026-08-06 20:34:17,385,650,563,4
2026-08-06 20:34:18,388,649,558,4
2026-08-06 20:34:19,387,649,560,4
2026-08-06 20:34:20,388,652,563,4
2026-08-06 20:34:21,384,656,568,4
2026-08-06 20:34:22,388,655,565,4
2026-08-06 20:34:23,388,655,561,4
2026-08-06 20:34:24,389,651,569,4
2026-08-06 20:34:25,386,652,559,4
2026-08-06 20:34:26,384,648,567,4
2026-08-06 20:34:27,387,654,574,4
2026-08-06 20:34:28,386,649,565,4
2026-08-06 20:34:29,386,654,565,4
2026-08-06 20:34:30,387,654,567,4
2026-08-06 20:34:31,385,650,562,4
2026-08-06 20:34:32,385,651,573,4
2026-08-06 20:34:33,385,654,554,4
2026-08-06 20:34:34,387,652,565,4
2026-08-06 20:34:35,385,651,561,4
2026-08-06 20:34:36,388,650,558,4
2026-08-06 20:34:37,386,651,569,4
2026-08-06 20:34:38,387,649,565,4
2026-08-06 20:34:39,386,650,564,4
2026-08-06 20:34:40,387,651,571,4
2026-08-06 20:34:41,387,649,564,4
2026-08-06 20:34:42,387,652,567,4
2026-08-06 20:34:43,388,655,552,4
2026-08-06 20:34:44,386,646,565,4
2026-08-06 20:34:45,387,648,569,4
2026-08-06 20:34:46,385,652,554,4
2026-08-06 20:34:47,386,651,564,4
2026-08-06 20:34:48,385,649,561,4
2026-08-06 20:34:49,389,647,562,4
2026-08-06 20:34:50,386,648,565,4
2026-08-06 20:34:51,387,652,565,4
2026-08-06 20:34:52,386,651,559,4
2026-08-06 20:34:53,389,647,558,4
2026-08-06 20:34:54,388,649,561,4
2026-08-06 20:34:55,385,652,556,4
2026-08-06 20:34:56,387,651,557,4
2026-08-06 20:34:57,386,645,560,4
2026-08-06 20:34:58,389,653,566,4
2026-08-06 20:34:59,389,653,565,4
2026-08-06 20:35:00,385,651,566,4
2026-08-06 20:35:01,388,646,559,4
2026-08-06 20:35:02,388,650,576,4
2026-08-06 20:35:03,385,647,563,4
2026-08-06 20:35:04,384,652,560,4
2026-08-06 20:35:05,387,649,557,4
2026-08-06 20:35:06,386,645,561,4
2026-08-06 20:35:07,386,652,562,4
2026-08-06 20:35:08,385,651,556,4
2026-08-06 20:35:09,388,648,566,4
2026-08-06 20:35:10,388,649,561,4
2026-08-06 20:35:11,384,655,557,4
2026-08-06 20:35:12,387,648,564,4
2026-08-06 20:35:13,384,650,564,4
2026-08-06 20:35:14,385,649,561,4
2026-08-06 20:35:15,386,647,563,4
2026-08-06 20:35:16,387,651,558,4
2026-08-06 20:35:17,387,650,558,4
2026-08-06 20:35:18,385,649,563,4
2026-08-06 20:35:19,386,654,562,4
2026-08-06 20:35:20,386,656,559,4
2026-08-06 20:35:21,383,647,562,4
2026-08-06 20:35:22,387,647,564,4
2026-08-06 20:35:23,385,654,557,4
2026-08-06 20:35:24,387,653,556,4
2026-08-06 20:35:25,387,649,567,4
2026-08-06 20:35:26,388,650,565,4
2026-08-06 20:35:27,385,653,559,4
2026-08-06 20:35:28,385,650,560,4
2026-08-06 20:35:29,389,655,569,4
2026-08-06 20:35:30,387,648,569,4
2026-08-06 20:35:31,384,648,564,4
2026-08-06 20:35:32,385,653,568,4
2026-08-06 20:35:33,384,649,554,4
2026-08-06 20:35:34,386,646,570,4
2026-08-06 20:35:35,387,651,558,4
2026-08-06 20:35:36,385,648,569,4
2026-08-06 20:35:37,387,648,565,4
2026-08-06 20:35:38,388,650,568,4
2026-08-06 20:35:39,385,645,566,4
2026-08-06 20:35:40,387,652,565,4
2026-08-06 20:35:41,385,653,563,4
2026-08-06 20:35:42,388,649,566,4
2026-08-06 20:35:43,388,647,562,4
2026-08-06 20:35:44,386,650,562,4
2026-08-06 20:35:45,385,651,557,4
2026-08-06 20:35:46,385,652,562,4
2026-08-06 20:35:47,386,651,550,4
2026-08-06 20:35:48,386,646,557,4
2026-08-06 20:35:49,387,651,566,4
2026-08-06 20:35:50,386,650,568,4
2026-08-06 20:35:51,383,653,567,4
2026-08-06 20:35:52,384,650,563,4
2026-08-06 20:35:53,384,651,563,4
2026-08-06 20:35:54,387,654,562,4
2026-08-06 20:35:55,387,648,565,4
2026-08-06 20:35:56,388,652,565,4
2026-08-06 20:35:57,384,651,556,4
2026-08-06 20:35:58,386,650,570,4
2026-08-06 20:35:59,387,650,561,4
2026-08-06 20:36:00,386,651,564,4
2026-08-06 20:36:01,385,652,553,4
2026-08-06 20:36:02,387,657,568,4
2026-08-06 20:36:03,386,652,563,4
2026-08-06 20:36:04,388,649,560,4
2026-08-06 20:36:05,387,652,565,4
2026-08-06 20:36:06,385,651,568,4
2026-08-06 20:36:07,385,654,564,4
2026-08-06 20:36:08,385,649,558,4
2026-08-06 20:36:09,385,650,559,4
2026-08-06 20:36:10,385,651,564,4
2026-08-06 20:36:11,386,650,559,4
2026-08-06 20:36:12,387,649,561,4
2026-08-06 20:36:13,385,645,562,4
2026-08-06 20:36:14,385,647,558,4
2026-08-06 20:36:15,386,647,559,4
2026-08-06 20:36:16,388,649,569,4
2026-08-06 20:36:17,386,648,556,4
2026-08-06 20:36:18,385,653,558,4
2026-08-06 20:36:19,387,649,559,4
2026-08-06 20:36:20,386,652,562,4
2026-08-06 20:36:21,385,646,560,4
2026-08-06 20:36:22,387,648,564,4
2026-08-06 20:36:23,388,653,560,4
2026-08-06 20:36:24,384,648,556,4
2026-08-06 20:36:25,386,650,562,4
2026-08-06 20:36:26,384,650,567,4
2026-08-06 20:36:27,385,651,563,4
2026-08-06 20:36:28,386,647,562,4
2026-08-06 20:36:29,384,652,558,4
2026-08-06 20:36:30,385,650,568,4
2026-08-06 20:36:31,384,649,557,4
2026-08-06 20:36:32,384,654,564,4
2026-08-06 20:36:33,389,651,563,4
2026-08-06 20:36:34,387,650,565,4
2026-08-06 20:36:35,387,648,558,4
2026-08-06 20:36:36,387,653,559,4
2026-08-06 20:36:37,385,653,564,4
2026-08-06 20:36:38,386,654,563,4
2026-08-06 20:36:39,386,651,565,4
2026-08-06 20:36:40,384,654,565,4
2026-08-06 20:36:41,386,649,555,4
2026-08-06 20:36:42,387,652,554,4
2026-08-06 20:36:43,387,647,560,4
2026-08-06 20:36:44,389,647,562,4
2026-08-06 20:36:45,385,649,549,4
2026-08-06 20:36:46,387,650,565,4
2026-08-06 20:36:47,387,651,563,4
2026-08-06 20:36:48,390,651,567,4
2026-08-06 20:36:49,385,649,560,4
2026-08-06 20:36:50,388,648,558,4
2026-08-06 20:36:51,384,651,564,4
2026-08-06 20:36:52,386,651,568,4
2026-08-06 20:36:53,385,647,568,4
2026-08-06 20:36:54,388,652,564,4
2026-08-06 20:36:55,385,654,553,4
2026-08-06 20:36:56,385,652,569,4
2026-08-06 20:36:57,387,651,562,4
2026-08-06 20:36:58,386,650,564,4
2026-08-06 20:36:59,388,655,559,4
2026-08-06 20:37:00,387,648,562,4
2026-08-06 20:37:01,383,649,564,4
2026-08-06 20:37:02,383,652,555,4
2026-08-06 20:37:03,387,653,554,4
2026-08-06 20:37:04,386,649,561,4
2026-08-06 20:37:05,385,649,562,4
2026-08-06 20:37:06,388,650,570,4
2026-08-06 20:37:07,386,646,555,4
2026-08-06 20:37:08,390,651,561,4
2026-08-06 20:37:09,388,654,566,4
2026-08-06 20:37:10,384,646,568,4
2026-08-06 20:37:11,387,649,562,4
2026-08-06 20:37:12,387,653,559,4
2026-08-06 20:37:13,385,649,563,4
2026-08-06 20:37:14,388,653,567,4
2026-08-06 20:37:15,386,656,568,4
2026-08-06 20:37:16,385,649,566,4
2026-08-06 20:37:17,386,648,560,4
2026-08-06 20:37:18,387,651,570,4
2026-08-06 20:37:19,387,652,565,4
2026-08-06 20:37:20,387,652,564,4
2026-08-06 20:37:21,386,647,560,4
2026-08-06 20:37:22,386,648,563,4
2026-08-06 20:37:23,385,649,557,4
2026-08-06 20:37:24,385,652,565,4
2026-08-06 20:37:25,388,651,561,4
2026-08-06 20:37:26,387,654,569,4
2026-08-06 20:37:27,385,648,566,4
2026-08-06 20:37:28,386,653,567,4
2026-08-06 20:37:29,386,652,559,4
2026-08-06 20:37:30,385,646,560,4
2026-08-06 20:37:31,386,648,566,4
2026-08-06 20:37:32,387,651,564,4
2026-08-06 20:37:33,384,651,569,4
2026-08-06 20:37:34,387,652,569,4
2026-08-06 20:37:35,383,648,574,4
2026-08-06 20:37:36,386,645,550,4
2026-08-06 20:37:37,388,653,558,4
2026-08-06 20:37:38,384,652,562,4
2026-08-06 20:37:39,386,649,563,4
2026-08-06 20:37:40,387,648,561,4
2026-08-06 20:37:41,386,649,560,4
2026-08-06 20:37:42,386,650,559,4
2026-08-06 20:37:43,385,648,561,4
2026-08-06 20:37:44,385,650,567,4
2026-08-06 20:37:45,385,649,556,4
2026-08-06 20:37:46,384,653,565,4
2026-08-06 20:37:47,387,654,557,4
2026-08-06 20:37:48,386,652,553,4
2026-08-06 20:37:49,387,653,554,4
2026-08-06 20:37:50,384,649,556,4
2026-08-06 20:37:51,388,651,564,4
2026-08-06 20:37:52,387,651,561,4
2026-08-06 20:37:53,385,651,562,4
2026-08-06 20:37:54,386,654,553,4
2026-08-06 20:37:55,387,649,556,4
2026-08-06 20:37:56,386,647,560,4
2026-08-06 20:37:57,387,654,564,4
2026-08-06 20:37:58,386,652,564,4
2026-08-06 20:37:59,387,650,558,4
2026-08-06 20:38:00,385,654,548,4
2026-08-06 20:38:01,391,651,556,4
2026-08-06 20:38:02,384,647,568,4
2026-08-06 20:38:03,385,653,565,4
2026-08-06 20:38:04,386,646,570,4
2026-08-06 20:38:05,387,652,558,4
2026-08-06 20:38:06,388,651,557,4
2026-08-06 20:38:07,385,647,564,4
2026-08-06 20:38:08,384,652,563,4
2026-08-06 20:38:09,386,650,564,4
2026-08-06 20:38:10,386,651,556,4
2026-08-06 20:38:11,385,648,566,4
2026-08-06 20:38:12,387,646,557,4
2026-08-06 20:38:13,385,650,555,4
2026-08-06 20:38:14,387,650,554,4
2026-08-06 20:38:15,383,652,562,4
2026-08-06 20:38:16,386,652,558,4
2026-08-06 20:38:17,386,655,561,4
2026-08-06 20:38:18,386,648,562,4
2026-08-06 20:38:19,385,647,570,4
2026-08-06 20:38:20,385,650,556,4
2026-08-06 20:38:21,385,654,568,4
2026-08-06 20:38:22,387,653,557,4
2026-08-06 20:38:23,386,648,567,4
2026-08-06 20:38:24,384,651,552,4
2026-08-06 20:38:25,385,652,568,4
2026-08-06 20:38:26,386,655,562,4
2026-08-06 20:38:27,387,655,560,4
2026-08-06 20:38:28,387,651,563,4
2026-08-06 20:39:15,387,651,558,4
2026-08-06 20:39:16,385,653,559,4
2026-08-06 20:39:17,388,650,556,4
2026-08-06 20:39:18,386,654,559,4
2026-08-06 20:39:19,385,646,562,4
2026-08-06 20:39:20,389,654,560,4
2026-08-06 20:39:21,388,645,560,4
2026-08-06 20:39:22,382,651,560,4
2026-08-06 20:39:23,386,652,556,4
2026-08-06 20:39:24,385,646,570,4
2026-08-06 20:39:25,385,650,559,4
2026-08-06 20:39:26,385,646,556,4
2026-08-06 20:39:27,388,650,570,4
2026-08-06 20:39:28,385,651,563,4
2026-08-06 20:39:29,386,656,566,4
2026-08-06 20:39:30,387,650,556,4
2026-08-06 20:39:31,388,649,554,4
2026-08-06 20:39:32,386,647,559,4
2026-08-06 20:39:33,386,651,556,4
2026-08-06 20:39:34,385,651,568,4
2026-08-06 20:39:35,388,653,563,4
2026-08-06 20:39:36,386,651,563,4
2026-08-06 20:39:37,385,654,562,4
2026-08-06 20:39:38,388,651,569,4
2026-08-06 20:39:39,386,652,558,4
2026-08-06 20:39:40,385,650,552,4
2026-08-06 20:39:41,385,650,557,4
2026-08-06 20:39:42,387,646,550,4
2026-08-06 20:39:43,385,654,561,4
2026-08-06 20:39:44,388,651,557,4
2026-08-06 20:39:45,386,653,564,4
2026-08-06 20:39:46,387,651,559,4
2026-08-06 20:39:47,386,652,553,4
2026-08-06 20:39:48,384,651,564,4
2026-08-06 20:39:49,387,650,553,4
2026-08-06 20:39:50,386,647,565,4
2026-08-06 20:39:51,388,651,563,4
2026-08-06 20:39:52,385,655,560,4
2026-08-06 20:39:53,387,643,564,4
2026-08-06 20:39:54,383,646,562,4
2026-08-06 20:39:55,383,650,554,4
2026-08-06 20:39:56,388,651,557,4
2026-08-06 20:39:57,386,653,561,4
2026-08-06 20:39:58,386,650,565,4
2026-08-06 20:39:59,387,652,556,4
2026-08-06 20:40:00,386,650,566,4
2026-08-06 20:40:01,385,656,559,4
2026-08-06 20:40:02,387,650,557,4
2026-08-06 20:40:03,385,651,563,4
2026-08-06 20:40:04,386,651,566,4
2026-08-06 20:40:05,385,650,567,4
2026-08-06 20:40:06,385,643,552,4
2026-08-06 20:40:07,387,647,561,4
2026-08-06 20:40:08,389,648,561,4
2026-08-06 20:40:09,384,648,558,4
2026-08-06 20:40:10,387,652,560,4
2026-08-06 20:40:11,389,652,567,4
2026-08-06 20:40:12,386,656,557,4
2026-08-06 20:40:13,386,646,562,4
2026-08-06 20:40:14,387,650,558,4
2026-08-06 20:40:15,388,649,552,4
2026-08-06 20:40:16,385,653,565,4
2026-08-06 20:40:17,386,647,556,4
2026-08-06 20:40:18,386,654,570,4
2026-08-06 20:40:19,385,649,550,4
2026-08-06 20:40:20,385,653,569,4
2026-08-06 20:40:21,388,648,557,4
2026-08-06 20:40:22,386,649,562,4
2026-08-06 20:40:23,386,653,557,4
2026-08-06 20:40:24,386,651,554,4
2026-08-06 20:40:25,387,653,565,4
2026-08-06 20:40:26,386,648,558,4
2026-08-06 20:40:27,386,654,564,4
2026-08-06 20:40:28,386,649,564,4
2026-08-06 20:40:29,388,651,555,4
2026-08-06 20:40:30,384,653,554,4
2026-08-06 20:40:31,388,650,560,4
2026-08-06 20:40:32,386,653,563,4
2026-08-06 20:40:33,386,651,561,4
2026-08-06 20:40:34,385,647,558,4
2026-08-06 20:40:35,384,652,557,4
2026-08-06 20:40:36,385,651,563,4
2026-08-06 20:40:37,387,650,558,4
2026-08-06 20:40:38,387,648,565,4
2026-08-06 20:40:39,386,654,564,4
2026-08-06 20:40:40,386,647,567,4
2026-08-06 20:40:41,387,649,564,4
2026-08-06 20:40:42,385,649,560,4
2026-08-06 20:40:43,387,651,552,4
2026-08-06 20:40:44,384,651,556,4
2026-08-06 20:40:45,385,648,559,4
2026-08-06 20:40:46,386,649,560,4
2026-08-06 20:40:47,388,655,557,4
2026-08-06 20:40:48,385,648,570,4
2026-08-06 20:40:49,385,655,566,4
2026-08-06 20:40:50,385,651,568,4
2026-08-06 20:40:51,386,651,553,4
2026-08-06 20:40:52,388,644,554,4
2026-08-06 20:40:53,387,648,558,4
2026-08-06 20:40:54,388,650,568,4
2026-08-06 20:40:55,385,651,561,4
2026-08-06 20:40:56,386,652,560,4
2026-08-06 20:40:57,386,650,559,4
2026-08-06 20:40:58,385,652,560,4
2026-08-06 20:40:59,386,649,566,4
2026-08-06 20:41:00,385,646,562,4
2026-08-06 20:41:01,385,652,564,4
2026-08-06 20:41:02,384,651,559,4
2026-08-06 20:41:03,386,652,551,4
2026-08-06 20:41:04,385,652,561,4
2026-08-06 20:41:05,384,652,555,4
2026-08-06 20:41:06,387,650,554,4
2026-08-06 20:41:07,386,652,569,4
2026-08-06 20:41:08,387,653,554,4
2026-08-06 20:41:09,387,657,564,4
2026-08-06 20:41:10,387,652,560,4
2026-08-06 20:41:11,386,653,564,4
2026-08-06 20:41:12,385,654,562,4
2026-08-06 20:41:13,388,651,568,4
2026-08-06 20:41:14,388,648,560,4
2026-08-06 20:41:15,383,655,554,4
2026-08-06 20:41:16,386,655,564,4
2026-08-06 20:41:17,386,651,566,4
2026-08-06 20:41:18,386,650,556,4
2026-08-06 20:41:19,386,650,560,4
2026-08-06 20:41:20,385,654,560,4
2026-08-06 20:41:21,388,651,563,4
2026-08-06 20:41:22,386,653,565,4
2026-08-06 20:41:23,385,649,562,4
2026-08-06 20:41:24,387,647,555,4
2026-08-06 20:41:25,386,654,563,4
2026-08-06 20:41:26,387,644,549,4
2026-08-06 20:41:27,386,650,570,4
2026-08-06 20:41:28,384,655,564,4
2026-08-06 20:41:29,386,653,554,4
2026-08-06 20:41:30,387,648,561,4
2026-08-06 20:41:31,388,649,554,4
2026-08-06 20:41:32,387,649,563,4
2026-08-06 20:41:33,387,654,566,4
2026-08-06 20:41:34,386,653,562,4
2026-08-06 20:41:35,387,647,556,4
2026-08-06 20:41:36,385,653,555,4
2026-08-06 20:41:37,389,647,563,4
2026-08-06 20:41:38,386,652,573,4
2026-08-06 20:41:39,385,653,564,4
2026-08-06 20:41:40,388,652,552,4
2026-08-06 20:41:41,386,656,555,4
2026-08-06 20:41:42,386,654,560,4
2026-08-06 20:41:43,384,651,558,4
2026-08-06 20:41:44,387,649,557,4
2026-08-06 20:41:45,389,648,559,4
2026-08-06 20:41:46,386,649,557,4
2026-08-06 20:41:47,388,649,558,4
2026-08-06 20:41:48,387,652,561,4
2026-08-06 20:41:49,385,654,558,4
2026-08-06 20:41:50,384,653,560,4
2026-08-06 20:41:51,386,654,559,4
2026-08-06 20:41:52,384,652,556,4
2026-08-06 20:41:53,384,655,564,4
2026-08-06 20:41:54,385,659,560,4
2026-08-06 20:41:55,387,647,559,4
2026-08-06 20:41:56,385,648,558,4
2026-08-06 20:41:57,384,656,556,4
2026-08-06 20:41:58,386,646,556,4
2026-08-06 20:41:59,385,652,552,4
2026-08-06 20:42:00,385,652,558,4
2026-08-06 20:42:01,384,647,562,4
2026-08-06 20:42:02,383,650,564,4
2026-08-06 20:42:03,386,647,562,4
2026-08-06 20:42:04,386,647,565,4
2026-08-06 20:42:05,384,645,563,4
2026-08-06 20:42:06,386,652,562,4
2026-08-06 20:42:07,385,651,559,4
2026-08-06 20:42:08,385,651,559,4
2026-08-06 20:42:09,385,649,561,4
2026-08-06 20:42:10,385,653,563,4
2026-08-06 20:42:11,385,650,546,4
2026-08-06 20:42:12,387,649,562,4
2026-08-06 20:42:13,386,654,558,4
2026-08-06 20:42:14,386,646,567,4
2026-08-06 20:42:15,384,651,566,4
2026-08-06 20:42:16,385,651,559,4
2026-08-06 20:42:17,387,649,562,4
2026-08-06 20:42:18,386,651,557,4
2026-08-06 20:42:19,387,650,557,4
2026-08-06 20:42:20,385,650,560,4
2026-08-06 20:42:21,387,652,561,4
2026-08-06 20:42:22,385,643,561,4
2026-08-06 20:42:23,387,652,561,4
2026-08-06 20:42:24,385,655,551,4
2026-08-06 20:42:25,386,652,563,4
2026-08-06 20:42:26,383,651,557,4
2026-08-06 20:42:27,387,657,553,4
2026-08-06 20:42:28,389,652,559,4
2026-08-06 20:42:29,386,652,554,4
2026-08-06 20:42:30,384,656,561,4
2026-08-06 20:42:31,387,648,553,4
2026-08-06 20:42:32,388,650,562,4
2026-08-06 20:42:33,383,650,572,4
2026-08-06 20:42:34,384,654,560,4
2026-08-06 20:42:35,384,648,560,4
2026-08-06 20:42:36,386,651,559,4
2026-08-06 20:42:37,386,655,556,4
2026-08-06 20:42:38,387,650,554,4
2026-08-06 20:42:39,386,648,561,4
2026-08-06 20:42:40,386,650,556,4
2026-08-06 20:42:41,384,652,556,4
2026-08-06 20:42:42,388,652,560,4
2026-08-06 20:42:44,384,652,559,4
2026-08-06 20:42:44,387,652,569,4
2026-08-06 20:42:45,388,648,560,4
2026-08-06 20:42:46,384,654,550,4
2026-08-06 20:42:47,386,652,567,4
2026-08-06 20:42:48,386,650,555,4
2026-08-06 20:42:49,386,652,551,4
2026-08-06 20:42:50,385,653,563,4
2026-08-06 20:42:51,385,649,560,4
2026-08-06 20:42:52,385,651,560,4
2026-08-06 20:42:53,387,649,556,4
2026-08-06 20:42:54,386,648,559,4
2026-08-06 20:42:55,388,649,562,4
2026-08-06 20:42:56,384,657,551,4
2026-08-06 20:42:57,388,653,564,4
2026-08-06 20:42:58,389,652,566,4
2026-08-06 20:42:59,385,646,563,4
2026-08-06 20:43:00,384,650,562,4
2026-08-06 20:43:01,385,652,566,4
2026-08-06 20:43:02,385,649,564,4
2026-08-06 20:43:03,386,652,559,4
2026-08-06 20:43:04,386,650,567,4
2026-08-06 20:43:05,384,652,557,4
2026-08-06 20:43:06,384,650,557,4
2026-08-06 20:43:07,386,649,560,4
2026-08-06 20:43:08,387,652,566,4
2026-08-06 20:43:09,387,649,561,4
2026-08-06 20:43:10,388,654,561,4
2026-08-06 20:43:11,388,650,560,4
2026-08-06 20:43:12,387,649,568,4
2026-08-06 20:43:13,386,647,558,4
2026-08-06 20:43:14,388,650,557,4
2026-08-06 20:43:15,386,651,559,4
2026-08-06 20:43:16,387,648,563,4
2026-08-06 20:43:17,383,649,566,4
2026-08-06 20:43:18,387,649,560,4
2026-08-06 20:43:19,386,652,563,4
2026-08-06 20:43:20,387,655,558,4
2026-08-06 20:43:21,387,650,560,4
2026-08-06 20:43:22,385,654,557,4
2026-08-06 20:43:23,385,651,559,4
2026-08-06 20:43:24,385,648,557,4
2026-08-06 20:43:25,386,643,558,4
2026-08-06 20:43:26,388,647,556,4
2026-08-06 20:43:27,385,651,557,4
2026-08-06 20:43:28,386,654,560,4
2026-08-06 20:43:29,388,651,566,4
2026-08-06 20:43:30,387,651,556,4
2026-08-06 20:43:31,385,650,558,4
2026-08-06 20:43:32,386,652,572,4
2026-08-06 20:43:33,386,651,563,4
2026-08-06 20:43:34,386,652,561,4
2026-08-06 20:43:35,386,651,556,4
2026-08-06 20:43:36,383,651,563,4
2026-08-06 20:43:37,387,650,564,4
2026-08-06 20:43:38,385,652,559,4
2026-08-06 20:43:39,386,649,552,4
2026-08-06 20:43:40,388,649,557,4
2026-08-06 20:43:41,382,653,557,4
2026-08-06 20:43:42,387,653,559,4
2026-08-06 20:43:43,386,649,568,4
2026-08-06 20:43:44,384,651,563,4
2026-08-06 20:43:45,385,654,560,4
2026-08-06 20:43:46,387,654,563,4
2026-08-06 20:43:47,387,652,562,4
2026-08-06 20:43:48,384,651,563,4
2026-08-06 20:43:49,389,652,555,4
2026-08-06 20:43:50,386,654,554,4
2026-08-06 20:43:51,385,654,557,4
2026-08-06 20:43:52,387,650,554,4
2026-08-06 20:43:53,386,654,569,4
2026-08-06 20:43:54,387,649,566,4
2026-08-06 20:43:55,388,650,561,4
2026-08-06 20:43:56,387,653,559,4
2026-08-06 20:43:57,384,653,560,4
2026-08-06 20:43:58,383,651,565,4
2026-08-06 20:43:59,384,651,563,4
2026-08-06 20:44:00,386,649,558,4
2026-08-06 20:44:01,386,657,560,4
2026-08-06 20:44:02,383,651,560,4
2026-08-06 20:44:03,387,650,566,4
2026-08-06 20:44:04,385,650,567,4
2026-08-06 20:44:05,386,651,560,4
2026-08-06 20:44:06,386,651,553,4
2026-08-06 20:44:07,387,654,565,4
2026-08-06 20:44:08,382,651,558,4
2026-08-06 20:44:09,386,651,563,4
2026-08-06 20:44:10,385,648,564,4
2026-08-06 20:44:11,386,649,567,4
2026-08-06 20:44:12,387,648,551,4
2026-08-06 20:44:13,389,647,555,4
2026-08-06 20:44:14,386,646,555,4
2026-08-06 20:44:15,386,655,562,4
2026-08-06 20:44:16,384,653,569,4
2026-08-06 20:44:17,386,655,565,4
2026-08-06 20:44:18,385,654,559,4
2026-08-06 20:44:19,386,650,552,4
2026-08-06 20:44:20,385,651,559,4
2026-08-06 20:44:21,384,653,559,4
2026-08-06 20:44:22,384,653,556,4
2026-08-06 20:44:23,387,645,556,4
2026-08-06 20:44:24,387,651,563,4
2026-08-06 20:44:25,387,647,553,4
2026-08-06 20:44:26,385,651,556,4
2026-08-06 20:44:27,386,653,562,4
2026-08-06 20:44:28,383,649,563,4
2026-08-06 20:44:29,387,653,560,4
2026-08-06 20:44:30,387,648,566,4
2026-08-06 20:44:31,386,654,551,4
2026-08-06 20:44:32,388,648,559,4
2026-08-06 20:44:33,389,650,559,4
2026-08-06 20:44:34,383,652,562,4
2026-08-06 20:44:35,384,650,562,4
2026-08-06 20:44:36,385,651,568,4
2026-08-06 20:44:37,387,655,560,4
2026-08-06 20:44:38,387,652,565,4
2026-08-06 20:44:39,389,649,561,4
2026-08-06 20:44:40,385,656,567,4
2026-08-06 20:44:41,388,653,561,4
2026-08-06 20:44:42,384,651,556,4
2026-08-06 20:44:43,386,655,566,4
2026-08-06 20:44:44,386,650,562,4
2026-08-06 20:44:45,386,652,563,4
2026-08-06 20:44:46,387,647,559,4
2026-08-06 20:44:47,386,655,566,4
2026-08-06 20:44:48,385,653,569,4
2026-08-06 20:44:49,383,651,561,4
2026-08-06 20:44:50,386,651,566,4
2026-08-06 20:44:51,389,653,562,4
2026-08-06 20:44:52,387,654,563,4
2026-08-06 20:44:53,386,648,561,4
2026-08-06 20:44:54,387,649,553,4
2026-08-06 20:44:55,385,650,559,4
2026-08-06 20:44:56,387,650,561,4
2026-08-06 20:44:57,386,653,562,4
2026-08-06 20:44:58,389,653,558,4
2026-08-06 20:44:59,386,653,557,4
2026-08-06 20:45:00,386,649,556,4
2026-08-06 20:45:01,385,647,563,4
2026-08-06 20:45:02,385,653,563,4
2026-08-06 20:45:03,383,652,567,4
2026-08-06 20:45:04,384,648,552,4
2026-08-06 20:45:05,383,651,561,4
2026-08-06 20:45:06,386,655,555,4
2026-08-06 20:45:07,385,655,557,4
2026-08-06 20:45:08,386,649,549,4
2026-08-06 20:45:09,388,650,558,4
2026-08-06 20:45:10,387,650,555,4
2026-08-06 20:45:11,385,648,561,4
2026-08-06 20:45:12,385,653,562,4
2026-08-06 20:45:13,385,650,562,4
2026-08-06 20:45:14,384,649,552,4
2026-08-06 20:45:15,387,652,564,4
2026-08-06 20:45:16,386,650,561,4
2026-08-06 20:45:17,386,650,558,4
2026-08-06 20:45:18,386,652,566,4
2026-08-06 20:45:19,386,653,552,4
2026-08-06 20:45:20,386,649,562,4
2026-08-06 20:45:21,385,650,555,4
2026-08-06 20:45:22,384,645,566,4
2026-08-06 20:45:23,388,655,556,4
2026-08-06 20:45:24,386,651,563,4
2026-08-06 20:45:25,384,648,559,4
2026-08-06 20:45:26,385,648,563,4
2026-08-06 20:45:27,386,647,555,4
2026-08-06 20:45:28,385,649,567,4
2026-08-06 20:45:29,386,649,557,4
2026-08-06 20:45:30,382,650,564,4
2026-08-06 20:45:31,385,653,559,4
2026-08-06 20:45:32,384,651,564,4
2026-08-06 20:45:33,385,649,557,4
2026-08-06 20:45:34,384,653,562,4
2026-08-06 20:45:35,387,655,564,4
2026-08-06 20:45:36,386,645,561,4
2026-08-06 20:45:37,384,653,563,4
2026-08-06 20:45:38,384,655,564,4
2026-08-06 20:45:39,385,648,558,4
2026-08-06 20:45:40,384,653,570,4
2026-08-06 20:45:41,385,648,557,4
2026-08-06 20:45:42,386,649,566,4
2026-08-06 20:45:43,387,650,569,4
2026-08-06 20:45:44,386,654,560,4
2026-08-06 20:45:45,387,657,548,4
2026-08-06 20:45:46,384,653,561,4
2026-08-06 20:45:47,386,653,562,4
2026-08-06 20:45:48,385,655,559,4
2026-08-06 20:45:49,386,649,558,4
2026-08-06 20:45:50,388,650,557,4
2026-08-06 20:45:51,384,651,554,4
2026-08-06 20:45:52,384,651,564,4
2026-08-06 20:45:53,385,650,556,4
2026-08-06 20:45:54,386,649,562,4
2026-08-06 20:45:55,386,652,556,4
2026-08-06 20:45:56,386,650,556,4
2026-08-06 20:45:57,385,649,567,4
2026-08-06 20:45:58,383,652,554,4
2026-08-06 20:45:59,385,652,564,4
2026-08-06 20:46:00,387,650,565,4
2026-08-06 20:46:01,386,651,562,4
2026-08-06 20:46:02,385,651,563,4
2026-08-06 20:46:03,387,653,558,4
2026-08-06 20:46:04,385,648,566,4
2026-08-06 20:46:05,384,652,560,4
2026-08-06 20:46:06,387,645,565,4
2026-08-06 20:46:07,388,650,559,4
2026-08-06 20:46:08,385,646,561,4
2026-08-06 20:46:09,387,656,559,4
2026-08-06 20:46:10,386,650,560,4
2026-08-06 20:46:11,387,653,558,4
2026-08-06 20:46:12,386,650,563,4
2026-08-06 20:46:13,385,647,561,4
2026-08-06 20:46:14,384,648,558,4
2026-08-06 20:46:15,385,651,561,4
2026-08-06 20:46:16,385,649,565,4
2026-08-06 20:46:17,386,652,555,4
2026-08-06 20:46:18,386,651,562,4
2026-08-06 20:46:19,387,649,564,4
2026-08-06 20:46:20,385,653,561,4
2026-08-06 20:46:21,390,654,550,4
2026-08-06 20:46:22,384,653,559,4
2026-08-06 20:46:23,386,648,560,4
2026-08-06 20:46:24,386,654,555,4
2026-08-06 20:46:25,386,650,557,4
2026-08-06 20:46:26,386,647,558,4
2026-08-06 20:46:27,386,646,566,4
2026-08-06 20:46:28,384,647,572,4
2026-08-06 20:46:29,384,652,547,4
2026-08-06 20:46:30,386,646,568,4
2026-08-06 20:46:31,385,648,560,4
2026-08-06 20:46:32,386,650,557,4
2026-08-06 20:46:33,386,650,549,4
2026-08-06 20:46:34,387,652,562,4
2026-08-06 20:46:35,385,648,557,4
2026-08-06 20:46:36,389,651,554,4
2026-08-06 20:46:37,386,655,562,4
2026-08-06 20:46:38,384,650,564,4
2026-08-06 20:46:39,390,649,561,4
2026-08-06 20:46:40,387,650,567,4
2026-08-06 20:46:41,387,651,563,4
2026-08-06 20:46:42,386,649,556,4
2026-08-06 20:46:43,382,650,568,4
2026-08-06 20:46:44,384,652,563,4
2026-08-06 20:46:45,383,648,559,4
2026-08-06 20:46:46,388,647,554,4
2026-08-06 20:46:47,385,650,560,4
2026-08-06 20:46:48,387,650,567,4
2026-08-06 20:46:49,386,648,564,4
2026-08-06 20:46:50,388,656,556,4
2026-08-06 20:46:51,386,649,561,4
2026-08-06 20:46:52,385,651,558,4
2026-08-06 20:46:53,386,652,568,4
2026-08-06 20:46:54,386,654,561,4
2026-08-06 20:46:55,386,652,562,4
2026-08-06 20:46:56,386,652,559,4
2026-08-06 20:46:57,384,646,566,4
2026-08-06 20:46:58,385,648,560,4
2026-08-06 20:46:59,386,648,562,4
2026-08-06 20:47:00,385,651,556,4
2026-08-06 20:47:01,386,651,547,4
2026-08-06 20:47:02,385,650,562,4
2026-08-06 20:47:03,385,656,556,4
2026-08-06 20:47:05,386,652,561,4
2026-08-06 20:47:05,387,648,558,4
2026-08-06 20:47:06,385,648,559,4
2026-08-06 20:47:07,387,649,555,4
2026-08-06 20:47:08,386,650,561,4
2026-08-06 20:47:09,383,648,566,4
2026-08-06 20:47:10,383,650,566,4
2026-08-06 20:47:11,386,648,563,4
2026-08-06 20:47:12,387,651,557,4
2026-08-06 20:47:13,385,654,557,4
2026-08-06 20:47:14,386,653,567,4
2026-08-06 20:47:15,387,652,558,4
2026-08-06 20:47:16,386,655,564,4
2026-08-06 20:47:17,385,654,549,4
2026-08-06 20:47:18,385,648,551,4
2026-08-06 20:47:19,386,651,569,4
2026-08-06 20:47:20,386,651,554,4
2026-08-06 20:47:21,385,650,550,4
2026-08-06 20:47:22,383,652,556,4
2026-08-06 20:47:23,384,647,565,4
2026-08-06 20:47:24,387,648,559,4
2026-08-06 20:47:25,387,649,556,4
2026-08-06 20:47:26,385,653,562,4
2026-08-06 20:47:27,386,649,556,4
2026-08-06 20:47:28,385,648,563,4
2026-08-06 20:47:29,385,655,571,4
2026-08-06 20:47:30,388,656,562,4
2026-08-06 20:47:31,382,651,548,4
2026-08-06 20:47:32,385,651,550,4
2026-08-06 20:47:33,387,654,560,4
2026-08-06 20:47:34,383,655,554,4
2026-08-06 20:47:35,386,652,552,4
2026-08-06 20:47:36,391,649,555,4
2026-08-06 20:47:37,380,652,568,4
2026-08-06 20:47:38,387,653,554,4
2026-08-06 20:47:39,387,653,563,4
2026-08-06 20:47:40,387,653,563,4
2026-08-06 20:47:41,387,645,565,4
2026-08-06 20:47:42,386,653,556,4
2026-08-06 20:47:43,384,650,564,4
2026-08-06 20:47:44,384,653,563,4
2026-08-06 20:47:45,382,656,574,4
2026-08-06 20:47:46,384,651,552,4
2026-08-06 20:47:47,383,652,564,4
2026-08-06 20:47:48,385,651,558,4
2026-08-06 20:47:49,386,650,558,4
2026-08-06 20:47:50,387,649,563,4
2026-08-06 20:47:51,384,653,559,4
2026-08-06 20:47:52,385,650,554,4
2026-08-06 20:47:53,388,651,559,4
2026-08-06 20:47:54,386,655,559,4
2026-08-06 20:47:55,384,649,544,4
2026-08-06 20:47:56,385,655,561,4
2026-08-06 20:47:57,386,651,557,4
2026-08-06 20:47:58,384,653,567,4
2026-08-06 20:47:59,388,647,556,4
2026-08-06 20:48:00,386,653,557,4
2026-08-06 20:48:01,384,649,553,4
2026-08-06 20:48:02,385,652,563,4
2026-08-06 20:48:03,384,649,551,4
2026-08-06 20:48:04,386,646,546,4
2026-08-06 20:48:05,385,647,573,4
2026-08-06 20:48:06,387,647,565,4
2026-08-06 20:48:07,382,650,569,4
2026-08-06 20:48:08,383,647,564,4
2026-08-06 20:48:09,388,649,551,4
2026-08-06 20:48:10,390,652,569,4
2026-08-06 20:48:11,385,654,558,4
2026-08-06 20:48:12,385,652,565,4
2026-08-06 20:48:13,384,648,558,4
2026-08-06 20:48:14,384,649,557,4
2026-08-06 20:48:15,385,654,560,4
2026-08-06 20:48:16,384,652,554,4
2026-08-06 20:48:17,386,649,562,4
2026-08-06 20:48:18,386,653,557,4
2026-08-06 20:48:19,386,649,551,4
2026-08-06 20:48:20,385,650,551,4
2026-08-06 20:48:21,385,652,552,4
2026-08-06 20:48:22,385,649,554,4
2026-08-06 20:48:23,384,653,561,4
2026-08-06 20:48:24,384,654,557,4
2026-08-06 20:48:25,386,654,557,4
2026-08-06 20:48:26,386,647,555,4
2026-08-06 20:48:27,384,646,558,4
2026-08-06 20:48:28,387,655,562,4
2026-08-06 20:48:29,385,653,558,4
2026-08-06 20:48:30,385,651,566,4
2026-08-06 20:48:31,384,652,554,4
2026-08-06 20:48:32,387,652,570,4
2026-08-06 20:48:33,385,650,556,4
2026-08-06 20:48:34,387,651,562,4
2026-08-06 20:48:35,383,651,562,4
2026-08-06 20:48:36,386,651,566,4
2026-08-06 20:48:37,384,650,562,4
2026-08-06 20:48:38,384,647,560,4
2026-08-06 20:48:39,387,650,563,4
2026-08-06 20:48:40,384,649,560,4
2026-08-06 20:48:41,386,648,570,4
2026-08-06 20:48:42,384,650,568,4
2026-08-06 20:48:43,386,650,558,4
2026-08-06 20:48:44,386,653,565,4
2026-08-06 20:48:45,385,652,556,4
2026-08-06 20:48:46,385,649,552,4
2026-08-06 20:48:47,385,647,556,4
2026-08-06 20:48:48,389,649,560,4
2026-08-06 20:48:49,387,651,548,4
2026-08-06 20:48:50,385,653,559,4
2026-08-06 20:48:51,387,652,556,4
2026-08-06 20:48:52,386,648,557,4
2026-08-06 20:48:53,384,653,557,4
2026-08-06 20:48:54,386,648,558,4
2026-08-06 20:48:55,385,653,564,4
2026-08-06 20:48:56,385,651,559,4
2026-08-06 20:48:57,385,652,563,4
2026-08-06 20:48:58,386,652,558,4
2026-08-06 20:48:59,386,649,570,4
2026-08-06 20:49:00,386,651,560,4
2026-08-06 20:49:01,385,650,562,4
2026-08-06 20:49:02,386,650,558,4
2026-08-06 20:49:03,385,650,553,4
2026-08-06 20:49:04,386,651,564,4
2026-08-06 20:49:05,384,653,559,4
2026-08-06 20:49:06,385,649,565,4
2026-08-06 20:49:07,385,655,555,4
2026-08-06 20:49:08,386,648,556,4
2026-08-06 20:49:09,387,649,562,4
2026-08-06 20:49:10,386,648,569,4
2026-08-06 20:49:11,387,650,557,4
2026-08-06 20:49:12,388,652,560,4
2026-08-06 20:49:13,385,647,563,4
2026-08-06 20:49:14,386,654,563,4
2026-08-06 20:49:15,387,647,557,4
2026-08-06 20:49:16,385,649,552,4
2026-08-06 20:49:17,384,650,556,4
2026-08-06 20:49:18,386,656,554,4
2026-08-06 20:49:19,384,654,554,4
2026-08-06 20:49:20,383,655,557,4
2026-08-06 20:49:21,385,657,553,4
2026-08-06 20:49:22,386,645,556,4
2026-08-06 20:49:23,386,650,554,4
2026-08-06 20:49:24,386,651,550,4
2026-08-06 20:49:25,384,650,564,4
2026-08-06 20:49:26,386,651,560,4
2026-08-06 20:49:27,385,655,558,4
2026-08-06 20:49:28,383,655,559,4
2026-08-06 20:49:29,386,648,558,4
2026-08-06 20:49:30,385,655,568,4
2026-08-06 20:49:31,384,646,561,4
2026-08-06 20:49:32,387,650,564,4
2026-08-06 20:49:33,385,653,556,4
2026-08-06 20:49:34,387,653,559,4
2026-08-06 20:49:35,385,651,559,4
2026-08-06 20:49:36,387,657,563,4
2026-08-06 20:49:37,386,651,558,4
2026-08-06 20:49:38,386,654,563,4
2026-08-06 20:49:39,385,650,553,4
2026-08-06 20:49:40,387,654,555,4
2026-08-06 20:49:41,386,651,554,4
2026-08-06 20:49:42,385,651,558,4
2026-08-06 20:49:43,386,653,555,4
2026-08-06 20:49:44,385,651,556,4
2026-08-06 20:49:45,385,651,561,4
2026-08-06 20:49:46,385,653,554,4
2026-08-06 20:49:47,383,652,555,4
2026-08-06 20:49:48,388,649,561,4
2026-08-06 20:49:49,380,650,547,4
2026-08-06 20:49:50,386,651,562,4
2026-08-06 20:49:51,386,648,557,4
2026-08-06 20:49:52,384,651,558,4
2026-08-06 20:49:53,384,653,563,4
2026-08-06 20:49:54,387,650,561,4
2026-08-06 20:49:55,385,654,556,4
2026-08-06 20:49:56,385,655,557,4
2026-08-06 20:49:57,385,651,551,4
2026-08-06 20:49:58,385,650,555,4
2026-08-06 20:49:59,385,649,565,4
2026-08-06 20:50:00,389,649,558,4
2026-08-06 20:50:01,386,649,571,4
2026-08-06 20:50:02,385,658,562,4
2026-08-06 20:50:03,387,654,554,4
2026-08-06 20:50:04,386,654,557,4
2026-08-06 20:50:05,385,650,562,4
2026-08-06 20:50:06,385,651,561,4
2026-08-06 20:50:07,386,650,560,4
2026-08-06 20:50:08,384,653,555,4
2026-08-06 20:50:09,385,653,554,4
2026-08-06 20:50:10,384,649,559,4
2026-08-06 20:50:11,385,650,560,4
2026-08-06 20:50:12,385,652,559,4
2026-08-06 20:50:13,385,651,562,4
2026-08-06 20:50:14,384,649,564,4
2026-08-06 20:50:15,387,653,560,4
2026-08-06 20:50:16,385,652,550,4
2026-08-06 20:50:17,386,654,564,4
2026-08-06 20:50:18,383,654,554,4
2026-08-06 20:50:19,385,655,560,4
2026-08-06 20:50:20,388,656,565,4
2026-08-06 20:50:21,386,651,555,4
2026-08-06 20:50:22,383,651,563,4
2026-08-06 20:50:23,385,648,558,4
2026-08-06 20:50:24,387,651,553,4
2026-08-06 20:50:25,385,653,568,4
2026-08-06 20:50:26,386,652,564,4
2026-08-06 20:50:27,386,649,559,4
2026-08-06 20:50:28,384,652,556,4
2026-08-06 20:50:29,384,647,568,4
2026-08-06 20:50:30,384,651,550,4
2026-08-06 20:50:31,384,656,558,4
2026-08-06 20:50:32,386,651,554,4
2026-08-06 20:50:33,386,654,557,4
2026-08-06 20:50:34,384,652,559,4
2026-08-06 20:50:35,386,650,559,4
2026-08-06 20:50:36,385,651,554,4
2026-08-06 20:50:37,385,651,566,4
2026-08-06 20:50:38,385,653,558,4
2026-08-06 20:50:39,387,653,562,4
2026-08-06 20:50:40,385,651,557,4
2026-08-06 20:50:41,385,649,564,4
2026-08-06 20:50:42,385,658,557,4
2026-08-06 20:50:43,385,649,555,4
2026-08-06 20:50:44,384,653,564,4
2026-08-06 20:50:45,382,651,563,4
2026-08-06 20:50:46,385,652,554,4
2026-08-06 20:50:47,386,653,557,4
2026-08-06 20:50:48,384,654,560,4
2026-08-06 20:50:49,386,648,564,4
2026-08-06 20:50:50,386,657,563,4
2026-08-06 20:50:51,388,654,558,4
2026-08-06 20:50:52,386,650,563,4
2026-08-06 20:50:53,385,649,559,4
2026-08-06 20:50:54,387,652,560,4
2026-08-06 20:50:55,386,652,555,4
2026-08-06 20:50:56,384,650,563,4
2026-08-06 20:50:57,384,649,556,4
2026-08-06 20:50:58,385,654,560,4
2026-08-06 20:50:59,385,647,561,4
2026-08-06 20:51:00,387,650,561,4
2026-08-06 20:51:01,384,649,560,4
2026-08-06 20:51:02,384,653,561,4
2026-08-06 20:51:03,386,655,558,4
2026-08-06 20:51:04,386,646,560,4
2026-08-06 20:51:05,386,652,554,4
2026-08-06 20:51:06,386,652,569,4
2026-08-06 20:51:07,384,648,556,4
2026-08-06 20:51:08,386,651,568,4
2026-08-06 20:51:09,386,654,564,4
2026-08-06 20:51:10,382,653,556,4
2026-08-06 20:51:11,385,648,557,4
2026-08-06 20:51:12,385,651,558,4
2026-08-06 20:51:13,384,648,564,4
2026-08-06 20:51:14,388,651,553,4
2026-08-06 20:51:15,387,651,566,4
2026-08-06 20:51:16,387,650,557,4
2026-08-06 20:51:17,383,655,557,4
2026-08-06 20:51:18,386,653,562,4
2026-08-06 20:51:19,386,655,562,4
2026-08-06 20:51:20,384,655,558,4
2026-08-06 20:51:21,381,651,553,4
2026-08-06 20:51:22,384,650,565,4
2026-08-06 20:51:23,387,649,564,4
2026-08-06 20:51:24,385,653,565,4
2026-08-06 20:51:25,386,650,558,4
2026-08-06 20:51:26,386,650,564,4
2026-08-06 20:51:27,383,653,555,4
2026-08-06 20:51:28,387,652,562,4
2026-08-06 20:51:29,385,654,566,4
2026-08-06 20:51:30,387,650,554,4
2026-08-06 20:51:31,386,648,564,4
2026-08-06 20:51:32,387,656,553,4
2026-08-06 20:51:33,385,652,566,4
2026-08-06 20:51:34,387,653,567,4
2026-08-06 20:51:35,387,653,560,4
2026-08-06 20:51:36,387,653,564,4
2026-08-06 20:51:37,385,647,563,4
2026-08-06 20:51:38,386,651,550,4
2026-08-06 20:51:39,386,648,575,4
2026-08-06 20:51:40,384,652,554,4
2026-08-06 20:51:41,385,653,565,4
2026-08-06 20:51:42,387,649,558,4
2026-08-06 20:51:43,385,651,560,4
2026-08-06 20:51:44,384,651,556,4
2026-08-06 20:51:45,386,654,557,4
2026-08-06 20:51:46,384,650,564,4
2026-08-06 20:51:47,384,650,557,4
2026-08-06 20:51:48,385,651,561,4
2026-08-06 20:51:49,384,656,561,4
2026-08-06 20:51:50,385,653,559,4
2026-08-06 20:51:51,387,648,554,4
2026-08-06 20:51:52,386,655,559,4
2026-08-06 20:51:53,385,654,555,4
2026-08-06 20:51:54,385,649,566,4
2026-08-06 20:51:55,383,656,559,4
2026-08-06 20:51:56,386,653,560,4
2026-08-06 20:51:57,386,655,559,4
2026-08-06 20:51:58,387,650,563,4
2026-08-06 20:51:59,384,651,557,4
2026-08-06 20:52:00,385,654,563,4
2026-08-06 20:52:01,387,650,565,4
2026-08-06 20:52:02,388,647,561,4
2026-08-06 20:52:03,386,657,560,4
2026-08-06 20:52:04,386,649,563,4
2026-08-06 20:52:05,388,650,555,4
2026-08-06 20:52:06,383,653,550,4
2026-08-06 20:52:07,384,657,554,4
2026-08-06 20:52:08,385,655,567,4
2026-08-06 20:52:09,386,654,558,4
2026-08-06 20:52:10,388,649,562,4
2026-08-06 20:52:11,384,654,556,4
2026-08-06 20:52:12,386,653,554,4
2026-08-06 20:52:13,385,646,558,4
2026-08-06 20:52:14,385,651,557,4
2026-08-06 20:52:15,384,659,554,4
2026-08-06 20:52:16,384,652,565,4
2026-08-06 20:52:17,384,654,561,4
2026-08-06 20:52:18,385,650,555,4
2026-08-06 20:52:19,385,656,555,4
2026-08-06 20:52:20,387,651,552,4
2026-08-06 20:52:21,386,653,558,4
2026-08-06 20:52:22,388,655,561,4
2026-08-06 20:52:23,384,656,557,4
2026-08-06 20:52:24,383,651,558,4
2026-08-06 20:52:25,387,650,556,4
2026-08-06 20:52:26,385,653,559,4
2026-08-06 20:52:27,384,650,555,4
2026-08-06 20:52:28,386,649,553,4
2026-08-06 20:52:29,385,646,566,4
2026-08-06 20:52:30,386,642,565,4
2026-08-06 20:52:31,385,648,562,4
2026-08-06 20:52:32,388,652,555,4
2026-08-06 20:52:33,386,654,557,4
2026-08-06 20:52:34,384,650,567,4
2026-08-06 20:52:35,387,651,560,4
2026-08-06 20:52:36,385,653,552,4
2026-08-06 20:52:37,385,650,562,4
2026-08-06 20:52:38,386,651,564,4
2026-08-06 20:52:39,384,653,563,4
2026-08-06 20:52:40,383,649,560,4
2026-08-06 20:52:41,384,651,554,4
2026-08-06 20:52:42,387,650,558,4
2026-08-06 20:52:43,385,648,561,4
2026-08-06 20:52:44,385,652,557,4
2026-08-06 20:52:45,387,652,562,4
2026-08-06 20:52:46,387,650,556,4
2026-08-06 20:52:47,386,656,557,4
2026-08-06 20:52:48,384,647,556,4
2026-08-06 20:52:49,386,652,562,4
2026-08-06 20:52:50,386,654,554,4
2026-08-06 20:52:51,383,651,548,4
2026-08-06 20:52:52,386,647,566,4
2026-08-06 20:52:53,385,651,560,4
2026-08-06 20:52:54,384,654,557,4
2026-08-06 20:52:55,385,646,565,4
2026-08-06 20:52:56,386,651,548,4
2026-08-06 20:52:57,388,651,557,4
2026-08-06 20:52:58,384,651,558,4
2026-08-06 20:52:59,385,648,559,4
2026-08-06 20:53:00,385,649,560,4
2026-08-06 20:53:01,386,651,559,4
2026-08-06 20:53:02,386,656,564,4
2026-08-06 20:53:03,386,649,560,4
2026-08-06 20:53:04,386,652,557,4
2026-08-06 20:53:05,386,654,563,4
2026-08-06 20:53:06,385,653,563,4
2026-08-06 20:53:07,385,653,558,4
2026-08-06 20:53:08,383,649,555,4
2026-08-06 20:53:09,383,650,560,4
2026-08-06 20:53:10,384,649,558,4
2026-08-06 20:53:11,387,651,561,4
2026-08-06 20:53:12,383,655,564,4
2026-08-06 20:53:13,386,649,558,4
2026-08-06 20:53:14,384,646,550,4
2026-08-06 20:53:15,385,650,554,4
2026-08-06 20:53:16,385,657,566,4
2026-08-06 20:53:17,384,654,553,4
2026-08-06 20:53:18,385,653,554,4
2026-08-06 20:53:19,386,650,557,4
2026-08-06 20:53:20,385,650,560,4
2026-08-06 20:53:21,386,657,557,4
2026-08-06 20:53:22,385,652,563,4
2026-08-06 20:53:23,385,648,562,4
2026-08-06 20:53:24,384,650,561,4
2026-08-06 20:53:25,384,649,553,4
2026-08-06 20:53:26,385,654,562,4
2026-08-06 20:53:27,386,654,559,4
2026-08-06 20:53:28,386,651,558,4
2026-08-06 20:53:29,385,653,555,4
2026-08-06 20:53:30,388,655,555,4
2026-08-06 20:53:31,386,652,557,4
2026-08-06 20:53:32,385,654,561,4
2026-08-06 20:53:33,385,652,561,4
2026-08-06 20:53:34,384,648,562,4
2026-08-06 20:53:35,384,651,564,4
2026-08-06 20:53:36,385,652,566,4
2026-08-06 20:53:37,381,656,573,4
2026-08-06 20:53:38,385,652,562,4
2026-08-06 20:53:39,386,650,555,4
2026-08-06 20:53:40,383,652,566,4
2026-08-06 20:53:41,385,652,556,4
2026-08-06 20:53:42,386,647,554,4
2026-08-06 20:53:43,386,653,562,4
2026-08-06 20:53:44,387,650,560,4
2026-08-06 20:53:45,383,651,562,4
2026-08-06 20:53:46,384,650,558,4
2026-08-06 20:53:47,386,652,555,4
2026-08-06 20:53:48,386,647,560,4
2026-08-06 20:53:49,385,652,566,4
2026-08-06 20:53:50,385,647,559,4
2026-08-06 20:53:51,388,651,553,4
2026-08-06 20:53:52,385,653,559,4
2026-08-06 20:53:53,383,654,557,4
2026-08-06 20:53:54,386,649,553,4
2026-08-06 20:53:55,385,653,561,4
2026-08-06 20:53:56,386,658,559,4
2026-08-06 20:53:57,386,650,554,4
2026-08-06 20:53:58,387,655,560,4
2026-08-06 20:53:59,384,652,557,4
2026-08-06 20:54:00,384,657,561,4
2026-08-06 20:54:01,386,650,552,4
2026-08-06 20:54:02,384,651,547,4
2026-08-06 20:54:03,386,648,564,4
2026-08-06 20:54:04,387,652,565,4
2026-08-06 20:54:05,386,649,558,4
2026-08-06 20:54:06,384,650,557,4
2026-08-06 20:54:07,385,649,558,4
2026-08-06 20:54:08,383,649,562,4
2026-08-06 20:54:09,387,656,563,4
2026-08-06 20:54:10,385,651,570,4
2026-08-06 20:54:11,383,656,554,4
2026-08-06 20:54:12,385,655,559,4
2026-08-06 20:54:13,385,653,555,4
2026-08-06 20:54:14,386,651,560,4
2026-08-06 20:54:15,386,651,559,4
2026-08-06 20:54:16,386,654,556,4
2026-08-06 20:54:17,385,652,559,4
2026-08-06 20:54:18,384,649,551,4
2026-08-06 20:54:19,384,652,556,4
2026-08-06 20:54:20,386,655,562,4
2026-08-06 20:54:21,386,651,559,4
2026-08-06 20:54:22,388,657,567,4
2026-08-06 20:54:23,385,654,561,4
2026-08-06 20:54:24,385,652,552,4
2026-08-06 20:54:25,385,648,555,4
2026-08-06 20:54:26,384,647,561,4
2026-08-06 20:54:27,384,652,549,4
2026-08-06 20:54:28,388,651,554,4
2026-08-06 20:54:29,385,652,559,4
2026-08-06 20:54:30,386,655,553,4
2026-08-06 20:54:31,386,647,562,4
2026-08-06 20:54:32,386,650,557,4
2026-08-06 20:54:33,383,652,560,4
2026-08-06 20:54:34,387,654,551,4
2026-08-06 20:54:35,387,650,557,4
2026-08-06 20:54:36,385,653,566,4
2026-08-06 20:54:37,383,656,567,4
2026-08-06 20:54:38,385,651,543,4
2026-08-06 20:54:39,382,653,552,4
2026-08-06 20:54:40,386,651,565,4
2026-08-06 20:54:41,386,652,556,4
2026-08-06 20:54:42,384,655,551,4
2026-08-06 20:54:43,385,655,564,4
2026-08-06 20:54:44,383,648,559,4
2026-08-06 20:54:45,385,648,555,4
2026-08-06 20:54:46,387,652,558,4
2026-08-06 20:54:47,384,654,561,4
2026-08-06 20:54:48,385,655,556,4
2026-08-06 20:54:49,386,654,562,4
2026-08-06 20:54:50,386,655,554,4
2026-08-06 20:54:51,385,651,572,4
2026-08-06 20:54:52,387,656,573,4
2026-08-06 20:54:53,386,651,557,4
2026-08-06 20:54:54,386,648,565,4
2026-08-06 20:54:55,385,659,556,4
2026-08-06 20:54:56,385,650,552,4
2026-08-06 20:54:57,385,654,552,4
2026-08-06 20:54:58,386,653,547,4
2026-08-06 20:54:59,385,649,550,4
2026-08-06 20:55:00,383,650,554,4
2026-08-06 20:55:01,385,651,554,4
2026-08-06 20:55:02,384,650,555,4
2026-08-06 20:55:03,385,651,565,4
2026-08-06 20:55:04,386,652,554,4
2026-08-06 20:55:05,385,649,550,4
2026-08-06 20:55:06,385,650,559,4
2026-08-06 20:55:07,385,648,556,4
2026-08-06 20:55:08,386,648,564,4
2026-08-06 20:55:09,386,652,556,4
2026-08-06 20:55:10,385,649,569,4
2026-08-06 20:55:11,386,649,564,4
2026-08-06 20:55:12,383,651,568,4
2026-08-06 20:55:13,386,652,556,4
2026-08-06 20:55:14,386,650,555,4
2026-08-06 20:55:15,384,647,554,4
2026-08-06 20:55:16,385,652,555,4
2026-08-06 20:55:17,387,647,563,4
2026-08-06 20:55:18,385,652,555,4
2026-08-06 20:55:19,386,651,554,4
2026-08-06 20:55:20,386,647,550,4
2026-08-06 20:55:21,384,649,561,4
2026-08-06 20:55:22,386,654,550,4
2026-08-06 20:55:23,385,657,565,4
2026-08-06 20:55:24,386,653,568,4
2026-08-06 20:55:25,384,647,564,4
2026-08-06 20:55:26,384,654,559,4
2026-08-06 20:55:27,388,650,565,4
2026-08-06 20:55:28,385,651,559,4
2026-08-06 20:55:29,384,651,555,4
2026-08-06 20:55:30,386,652,560,4
2026-08-06 20:55:31,386,653,562,4
2026-08-06 20:55:32,385,654,561,4
2026-08-06 20:55:33,386,652,563,4
2026-08-06 20:55:34,385,650,565,4
2026-08-06 20:55:35,387,656,552,4
2026-08-06 20:55:36,384,646,557,4
2026-08-06 20:55:37,383,654,569,4
2026-08-06 20:55:38,384,657,566,4
2026-08-06 20:55:39,385,648,559,4
2026-08-06 20:55:40,385,649,561,4
2026-08-06 20:55:41,386,654,557,4
2026-08-06 20:55:42,386,654,566,4
2026-08-06 20:55:43,386,651,550,4
2026-08-06 20:55:44,383,653,555,4
2026-08-06 20:55:45,384,651,554,4
2026-08-06 20:55:46,386,651,557,4
2026-08-06 20:55:47,384,648,565,4
2026-08-06 20:55:48,387,650,562,4
2026-08-06 20:55:49,384,650,560,4
2026-08-06 20:55:50,387,651,560,4
2026-08-06 20:55:51,385,656,557,4
2026-08-06 20:55:52,385,649,561,4
2026-08-06 20:55:53,385,653,560,4
2026-08-06 20:55:54,383,658,562,4
2026-08-06 20:55:55,385,649,555,4
2026-08-06 20:55:56,387,654,566,4
2026-08-06 20:55:57,384,654,561,4
2026-08-06 20:55:58,386,653,564,4
2026-08-06 20:55:59,386,649,557,4
2026-08-06 20:56:00,386,655,564,4
2026-08-06 20:56:01,385,647,557,4
2026-08-06 20:56:02,386,650,549,4
2026-08-06 20:56:03,385,651,558,4
2026-08-06 20:56:04,386,653,544,4
2026-08-06 20:56:05,383,650,562,4
2026-08-06 20:56:06,386,653,558,4
2026-08-06 20:56:07,387,653,559,4
2026-08-06 20:56:08,386,648,562,4
2026-08-06 20:56:09,384,651,560,4
2026-08-06 20:56:10,385,650,557,4
2026-08-06 20:56:11,384,655,555,4
2026-08-06 20:56:12,384,654,557,4
2026-08-06 20:56:13,387,654,554,4
2026-08-06 20:56:14,387,654,558,4
2026-08-06 20:56:15,386,654,548,4
2026-08-06 20:56:16,385,652,552,4
2026-08-06 20:56:17,386,652,547,4
2026-08-06 20:56:18,385,652,554,4
2026-08-06 20:56:19,384,654,564,4
2026-08-06 20:56:20,387,647,563,4
2026-08-06 20:56:21,386,648,562,4
2026-08-06 20:56:22,385,651,558,4
2026-08-06 20:56:23,386,652,568,4
2026-08-06 20:56:24,385,655,556,4
2026-08-06 20:56:25,384,653,546,4
2026-08-06 20:56:26,385,653,550,4
2026-08-06 20:56:27,385,652,570,4
2026-08-06 20:56:28,386,655,555,4
2026-08-06 20:56:29,386,653,558,4
2026-08-06 20:56:30,384,651,562,4
2026-08-06 20:56:31,385,654,560,4
2026-08-06 20:56:32,386,653,562,4
2026-08-06 20:56:33,385,646,556,4
2026-08-06 20:56:34,385,652,556,4
2026-08-06 20:56:35,389,655,555,4
2026-08-06 20:56:36,386,654,554,4
2026-08-06 20:56:37,385,649,559,4
2026-08-06 20:56:38,387,652,562,4
2026-08-06 20:56:39,382,654,559,4
2026-08-06 20:56:40,383,652,554,4
2026-08-06 20:56:41,386,649,555,4
2026-08-06 20:56:42,384,654,558,4
2026-08-06 20:56:43,387,651,569,4
2026-08-06 20:56:44,389,651,565,4
2026-08-06 20:56:45,388,657,568,4
2026-08-06 20:56:46,386,655,565,4
2026-08-06 20:56:47,385,651,564,4
2026-08-06 20:56:48,385,653,561,4
2026-08-06 20:56:49,386,649,561,4
2026-08-06 20:56:50,386,649,561,4
2026-08-06 20:56:51,382,651,550,4
2026-08-06 20:56:52,385,656,562,4
2026-08-06 20:56:53,387,652,559,4
2026-08-06 20:56:54,386,649,557,4
2026-08-06 20:56:55,385,655,557,4
2026-08-06 20:56:56,385,656,560,4
2026-08-06 20:56:57,386,650,562,4
2026-08-06 20:56:58,384,653,558,4
2026-08-06 20:56:59,386,649,567,4
2026-08-06 20:57:00,384,651,556,4
2026-08-06 20:57:01,386,654,556,4
2026-08-06 20:57:02,386,651,558,4
2026-08-06 20:57:03,386,649,558,4
2026-08-06 20:57:04,385,654,557,4
2026-08-06 20:57:05,386,652,564,4
2026-08-06 20:57:06,384,652,550,4
2026-08-06 20:57:07,385,654,564,4
2026-08-06 20:57:08,383,651,554,4
2026-08-06 20:57:09,387,653,560,4
2026-08-06 20:57:10,384,656,555,4
2026-08-06 20:57:11,384,650,564,4
2026-08-06 20:57:12,385,653,571,4
2026-08-06 20:57:13,384,656,564,4
2026-08-06 20:57:14,387,656,559,4
2026-08-06 20:57:15,384,656,565,4
2026-08-06 20:57:16,386,650,560,4
2026-08-06 20:57:17,387,650,566,4
2026-08-06 20:57:18,385,651,568,4
2026-08-06 20:57:19,386,655,561,4
2026-08-06 20:57:20,383,655,557,4
2026-08-06 20:57:21,384,650,559,4
2026-08-06 20:57:22,385,651,562,4
2026-08-06 20:57:23,385,649,563,4
2026-08-06 20:57:24,386,650,560,4
2026-08-06 20:57:25,387,651,552,4
2026-08-06 20:57:26,388,657,558,4
2026-08-06 20:57:27,387,655,562,4
2026-08-06 20:57:28,386,654,560,4
2026-08-06 20:57:29,383,652,556,4
2026-08-06 20:57:30,386,651,561,4
2026-08-06 20:57:31,385,649,553,4
2026-08-06 20:57:32,384,654,560,4
2026-08-06 20:57:33,386,653,552,4
2026-08-06 20:57:34,385,656,552,4
2026-08-06 20:57:35,386,653,555,4
2026-08-06 20:57:36,384,653,560,4
2026-08-06 20:57:37,384,652,560,4
2026-08-06 20:57:38,387,654,560,4
2026-08-06 20:57:39,387,658,561,4
2026-08-06 20:57:40,387,652,556,4
2026-08-06 20:57:41,382,653,560,4
2026-08-06 20:57:42,386,657,563,4
2026-08-06 20:57:43,384,654,561,4
2026-08-06 20:57:44,385,654,552,4
2026-08-06 20:57:45,386,655,565,4
2026-08-06 20:57:46,385,649,559,4
2026-08-06 20:57:47,384,651,561,4
2026-08-06 20:57:48,385,655,560,4
2026-08-06 20:57:49,386,652,562,4
2026-08-06 20:57:50,383,651,559,4
2026-08-06 20:57:51,385,651,564,4
2026-08-06 20:57:52,384,650,562,4
2026-08-06 20:57:53,385,648,560,4
2026-08-06 20:57:54,386,648,568,4
2026-08-06 20:57:55,385,654,561,4
2026-08-06 20:57:56,384,647,558,4
2026-08-06 20:57:57,385,653,552,4
2026-08-06 20:57:58,385,659,565,4
2026-08-06 20:57:59,384,650,554,4
2026-08-06 20:58:00,383,651,558,4
2026-08-06 20:58:01,385,651,563,4
2026-08-06 20:58:02,384,649,555,4
2026-08-06 20:58:03,386,648,561,4
2026-08-06 20:58:04,384,655,561,4
2026-08-06 20:58:05,385,654,562,4
2026-08-06 20:58:06,385,654,553,4
2026-08-06 20:58:07,385,657,565,4
2026-08-06 20:58:08,385,653,559,4
2026-08-06 20:58:09,385,652,559,4
2026-08-06 20:58:10,384,651,556,4
2026-08-06 20:58:11,384,652,549,4
2026-08-06 20:58:12,384,655,560,4
2026-08-06 20:58:13,384,652,561,4
2026-08-06 20:58:14,387,652,562,4
2026-08-06 20:58:15,385,652,561,4
2026-08-06 20:58:16,385,655,553,4
2026-08-06 20:58:17,387,655,557,4
2026-08-06 20:58:18,384,651,567,4
2026-08-06 20:58:19,388,653,557,4
2026-08-06 20:58:20,386,647,554,4
2026-08-06 20:58:21,385,656,555,4
2026-08-06 20:58:22,385,647,563,4
2026-08-06 20:58:23,388,648,552,4
2026-08-06 20:58:24,387,654,558,4
2026-08-06 20:58:25,385,652,545,4
2026-08-06 20:58:26,384,653,560,4
2026-08-06 20:58:27,384,650,567,4
2026-08-06 20:58:28,386,654,561,4
2026-08-06 20:58:29,386,657,561,4
2026-08-06 20:58:30,386,647,567,4
2026-08-06 20:58:31,387,660,561,4
2026-08-06 20:58:32,384,659,558,4
2026-08-06 20:58:33,385,652,566,4
2026-08-06 20:58:34,384,657,558,4
2026-08-06 20:58:35,384,656,555,4
2026-08-06 20:58:36,386,649,554,4
2026-08-06 20:58:37,385,658,561,4
2026-08-06 20:58:38,386,648,564,4
2026-08-06 20:58:39,384,658,562,4
2026-08-06 20:58:40,384,651,559,4
2026-08-06 20:58:41,387,648,558,4
2026-08-06 20:58:42,385,653,564,4
2026-08-06 20:58:43,385,655,565,4
2026-08-06 20:58:44,386,654,566,4
2026-08-06 20:58:45,384,650,554,4
2026-08-06 20:58:46,386,651,569,4
2026-08-06 20:58:47,385,654,569,4
2026-08-06 20:58:48,383,650,559,4
2026-08-06 20:58:49,386,651,556,4
2026-08-06 20:58:50,385,648,552,4
2026-08-06 20:58:51,385,657,563,4
2026-08-06 20:58:52,384,652,562,4
2026-08-06 20:58:53,384,649,558,4
2026-08-06 20:58:54,385,653,561,4
2026-08-06 20:58:55,385,652,551,4
2026-08-06 20:58:56,384,651,564,4
2026-08-06 20:58:58,385,651,562,4
2026-08-06 20:58:58,386,655,552,4
2026-08-06 20:58:59,386,652,555,4
2026-08-06 20:59:00,387,654,556,4
2026-08-06 20:59:01,385,647,548,4
2026-08-06 20:59:02,386,650,561,4
2026-08-06 20:59:03,386,655,562,4
2026-08-06 20:59:04,385,651,553,4
2026-08-06 20:59:05,387,654,570,4
2026-08-06 20:59:06,384,655,564,4
2026-08-06 20:59:07,386,650,552,4
2026-08-06 20:59:08,386,652,558,4
2026-08-06 20:59:09,385,654,547,4
2026-08-06 20:59:10,387,648,547,4
2026-08-06 20:59:11,386,651,556,4
2026-08-06 20:59:12,386,651,554,4
2026-08-06 20:59:13,387,649,569,4
2026-08-06 20:59:14,386,654,561,4
2026-08-06 20:59:15,384,654,556,4
2026-08-06 20:59:16,382,656,550,4
2026-08-06 20:59:17,385,656,559,4
2026-08-06 20:59:18,383,651,560,4
2026-08-06 20:59:19,384,651,554,4
2026-08-06 20:59:20,385,652,563,4
2026-08-06 20:59:21,385,651,552,4
2026-08-06 20:59:22,386,652,560,4
2026-08-06 20:59:23,387,648,555,4
2026-08-06 20:59:24,386,653,557,4
2026-08-06 20:59:25,385,648,559,4
2026-08-06 20:59:26,383,656,563,4
2026-08-06 20:59:27,385,648,550,4
2026-08-06 20:59:28,385,648,567,4
2026-08-06 20:59:29,385,652,560,4
2026-08-06 20:59:30,384,650,559,4
2026-08-06 20:59:31,385,650,552,4
2026-08-06 20:59:32,386,651,556,4
2026-08-06 20:59:33,385,652,556,4
2026-08-06 20:59:34,385,651,560,4
2026-08-06 20:59:35,385,647,556,4
2026-08-06 20:59:36,383,653,552,4
2026-08-06 20:59:37,386,651,562,4
2026-08-06 20:59:38,387,651,563,4
2026-08-06 20:59:39,387,649,557,4
2026-08-06 20:59:40,386,654,557,4
2026-08-06 20:59:41,387,654,552,4
2026-08-06 20:59:42,386,647,557,4
2026-08-06 20:59:43,387,649,555,4
2026-08-06 20:59:44,387,655,570,4
2026-08-06 20:59:45,386,648,552,4
2026-08-06 20:59:46,384,648,563,4
2026-08-06 20:59:47,385,652,556,4
2026-08-06 20:59:48,385,652,563,4
2026-08-06 20:59:49,386,651,562,4
2026-08-06 20:59:50,387,653,567,4
2026-08-06 20:59:51,383,652,558,4
2026-08-06 20:59:52,385,653,552,4
2026-08-06 20:59:53,385,654,563,4
2026-08-06 20:59:54,385,652,557,4
2026-08-06 20:59:55,388,653,557,4
2026-08-06 20:59:56,385,649,563,4
2026-08-06 20:59:57,384,657,558,4
2026-08-06 20:59:58,386,647,565,4
2026-08-06 20:59:59,382,649,565,4
2026-08-06 21:00:00,387,650,571,4
2026-08-06 21:00:01,385,654,565,4
2026-08-06 21:00:02,384,649,554,4
2026-08-06 21:00:03,384,648,542,4
2026-08-06 21:00:04,385,649,559,4
2026-08-06 21:00:05,386,655,556,4
2026-08-06 21:00:06,384,651,563,4
2026-08-06 21:00:07,385,652,555,4
2026-08-06 21:00:08,385,651,554,4
2026-08-06 21:00:09,385,647,566,4
2026-08-06 21:00:10,384,649,563,4
2026-08-06 21:00:11,387,651,552,4
2026-08-06 21:00:12,387,650,551,4
2026-08-06 21:00:13,386,647,564,4
2026-08-06 21:00:14,385,653,556,4
2026-08-06 21:00:15,386,655,557,4
2026-08-06 21:00:16,384,654,562,4
2026-08-06 21:00:17,383,650,558,4
2026-08-06 21:00:18,386,654,561,4
2026-08-06 21:00:19,384,649,554,4
2026-08-06 21:00:20,385,655,556,4
2026-08-06 21:00:21,386,648,558,4
2026-08-06 21:00:22,386,653,560,4
2026-08-06 21:00:23,385,654,558,4
2026-08-06 21:00:24,386,652,567,4
2026-08-06 21:00:25,385,655,553,4
2026-08-06 21:00:26,383,653,553,4
2026-08-06 21:00:27,388,652,555,4
2026-08-06 21:00:28,386,648,557,4
2026-08-06 21:00:29,387,649,564,4
2026-08-06 21:00:30,384,650,562,4
2026-08-06 21:00:31,383,654,554,4
2026-08-06 21:00:32,384,653,563,4
2026-08-06 21:00:33,386,651,558,4
2026-08-06 21:00:34,384,653,558,4
2026-08-06 21:00:35,386,655,561,4
2026-08-06 21:00:36,383,653,562,4
2026-08-06 21:00:37,384,651,560,4
2026-08-06 21:00:38,385,656,561,4
2026-08-06 21:00:39,385,649,556,4
2026-08-06 21:00:40,389,649,564,4
2026-08-06 21:00:41,386,656,548,4
2026-08-06 21:00:42,386,649,570,4
2026-08-06 21:00:43,385,651,562,4
2026-08-06 21:00:44,386,654,563,4
2026-08-06 21:00:45,384,653,565,4
2026-08-06 21:00:46,388,653,547,4
2026-08-06 21:00:47,385,651,555,4
2026-08-06 21:00:48,385,652,558,4
2026-08-06 21:00:49,384,652,553,4
2026-08-06 21:00:50,385,655,563,4
2026-08-06 21:00:51,387,657,558,4
2026-08-06 21:00:52,385,648,561,4
2026-08-06 21:00:53,385,655,555,4
2026-08-06 21:00:54,387,650,561,4
2026-08-06 21:00:55,384,654,559,4
2026-08-06 21:00:56,386,653,553,4
2026-08-06 21:00:57,388,653,566,4
2026-08-06 21:00:58,384,653,563,4
2026-08-06 21:00:59,387,648,561,4
2026-08-06 21:01:00,385,651,563,4
2026-08-06 21:01:01,386,653,561,4
2026-08-06 21:01:02,387,654,545,4
2026-08-06 21:01:03,384,651,557,4
2026-08-06 21:01:04,387,652,563,4
2026-08-06 21:01:05,383,652,564,4
2026-08-06 21:01:06,387,650,550,4
2026-08-06 21:01:07,383,653,552,4
2026-08-06 21:01:08,385,651,552,4
2026-08-06 21:01:09,384,652,556,4
2026-08-06 21:01:10,387,650,561,4
2026-08-06 21:01:11,386,653,555,4
2026-08-06 21:01:12,384,654,568,4
2026-08-06 21:01:13,385,652,544,4
2026-08-06 21:01:14,385,651,569,4
2026-08-06 21:01:15,385,653,562,4
2026-08-06 21:01:16,383,657,546,4
2026-08-06 21:01:17,382,655,559,4
2026-08-06 21:01:18,385,653,562,4
2026-08-06 21:01:19,387,657,559,4
2026-08-06 21:01:20,387,654,567,4
2026-08-06 21:01:21,384,652,559,4
2026-08-06 21:01:22,388,651,560,4
2026-08-06 21:01:23,387,652,559,4
2026-08-06 21:01:24,385,656,564,4
2026-08-06 21:01:25,385,650,554,4
2026-08-06 21:01:26,385,652,553,4
2026-08-06 21:01:27,384,655,560,4
2026-08-06 21:01:28,387,651,564,4
2026-08-06 21:01:29,387,654,554,4
2026-08-06 21:01:30,386,653,562,4
2026-08-06 21:01:31,384,648,550,4
2026-08-06 21:01:32,385,656,556,4
2026-08-06 21:01:33,387,650,560,4
2026-08-06 21:01:34,384,649,564,4
2026-08-06 21:01:35,384,652,559,4
2026-08-06 21:01:36,386,654,560,4
2026-08-06 21:01:37,385,649,561,4
2026-08-06 21:01:38,384,646,558,4
2026-08-06 21:01:39,384,650,558,4
2026-08-06 21:01:40,385,653,556,4
2026-08-06 21:01:41,385,650,552,4
2026-08-06 21:01:42,385,651,555,4
2026-08-06 21:01:43,384,649,562,4
2026-08-06 21:01:44,388,654,561,4
2026-08-06 21:01:45,387,655,565,4
2026-08-06 21:01:46,384,652,558,4
2026-08-06 21:01:47,384,649,549,4
2026-08-06 21:01:48,385,647,565,4
2026-08-06 21:01:49,381,651,559,4
2026-08-06 21:01:50,384,653,552,4
2026-08-06 21:01:51,383,652,558,4
2026-08-06 21:01:52,386,652,563,4
2026-08-06 21:01:53,382,652,556,4
2026-08-06 21:01:54,381,652,561,4
2026-08-06 21:01:55,386,652,547,4
2026-08-06 21:01:56,385,652,561,4
2026-08-06 21:01:57,386,651,562,4
2026-08-06 21:01:58,382,654,551,4
2026-08-06 21:01:59,385,651,562,4
2026-08-06 21:02:00,385,649,560,4
2026-08-06 21:02:01,386,647,555,4
2026-08-06 21:02:02,384,656,564,4
2026-08-06 21:02:03,385,652,553,4
2026-08-06 21:02:04,382,652,559,4
2026-08-06 21:02:05,385,657,559,4
2026-08-06 21:02:06,387,652,558,4
2026-08-06 21:02:07,384,655,557,4
2026-08-06 21:02:08,385,649,562,4
2026-08-06 21:02:09,387,653,565,4
2026-08-06 21:02:10,386,657,565,4
2026-08-06 21:02:11,385,655,552,4
2026-08-06 21:02:12,388,651,559,4
2026-08-06 21:02:13,386,655,563,4
2026-08-06 21:02:14,387,655,559,4
2026-08-06 21:02:15,384,656,560,4
2026-08-06 21:02:16,387,650,560,4
2026-08-06 21:02:17,386,651,559,4
2026-08-06 21:02:18,388,652,564,4
2026-08-06 21:02:19,388,651,552,4
2026-08-06 21:02:20,386,657,564,4
2026-08-06 21:02:21,387,648,559,4
2026-08-06 21:02:22,384,647,564,4
2026-08-06 21:02:23,386,656,557,4
2026-08-06 21:02:24,386,655,563,4
2026-08-06 21:02:25,385,648,566,4
2026-08-06 21:02:26,387,647,566,4
2026-08-06 21:02:27,388,657,557,4
2026-08-06 21:02:28,384,650,565,4
2026-08-06 21:02:29,386,652,558,4
2026-08-06 21:02:30,385,653,556,4
2026-08-06 21:02:31,384,650,549,4
2026-08-06 21:02:32,385,650,565,4
2026-08-06 21:02:33,386,649,558,4
2026-08-06 21:02:34,384,655,555,4
2026-08-06 21:02:35,385,647,558,4
2026-08-06 21:02:36,385,648,566,4
2026-08-06 21:02:37,386,649,560,4
2026-08-06 21:02:38,385,648,553,4
2026-08-06 21:02:39,386,648,557,4
2026-08-06 21:02:40,385,649,544,4
2026-08-06 21:02:41,379,655,555,4
2026-08-06 21:02:42,384,653,563,4
2026-08-06 21:02:43,386,649,554,4
2026-08-06 21:02:44,386,648,562,4
2026-08-06 21:02:45,385,652,559,4
2026-08-06 21:02:46,386,653,557,4
2026-08-06 21:02:47,384,651,559,4
2026-08-06 21:02:48,385,652,556,4
2026-08-06 21:02:49,385,655,553,4
2026-08-06 21:02:50,386,650,563,4
2026-08-06 21:02:51,385,651,556,4
2026-08-06 21:02:52,385,659,552,4
2026-08-06 21:02:53,383,652,553,4
2026-08-06 21:02:54,384,654,560,4
2026-08-06 21:02:55,384,650,551,4
2026-08-06 21:02:56,385,653,561,4
2026-08-06 21:02:57,385,651,557,4
2026-08-06 21:02:58,382,654,552,4
2026-08-06 21:02:59,384,652,556,4
2026-08-06 21:03:00,385,653,569,4
2026-08-06 21:03:01,384,654,552,4
2026-08-06 21:03:02,384,652,551,4
2026-08-06 21:03:03,385,654,554,4
2026-08-06 21:03:04,387,653,558,4
2026-08-06 21:03:05,384,653,557,4
2026-08-06 21:03:06,385,655,558,4
2026-08-06 21:03:07,387,657,564,4
2026-08-06 21:03:08,385,651,553,4
2026-08-06 21:03:09,383,650,558,4
2026-08-06 21:03:10,386,652,552,4
2026-08-06 21:03:11,385,653,554,4
2026-08-06 21:03:12,386,658,560,4
2026-08-06 21:03:13,383,660,555,4
2026-08-06 21:03:14,384,650,557,4
2026-08-06 21:03:15,386,656,555,4
2026-08-06 21:03:16,387,653,555,4
2026-08-06 21:03:17,383,654,556,4
2026-08-06 21:03:18,386,648,561,4
2026-08-06 21:03:19,387,659,565,4
2026-08-06 21:03:20,386,653,548,4
2026-08-06 21:03:21,384,653,552,4
2026-08-06 21:03:22,383,653,568,4
2026-08-06 21:03:23,387,655,552,4
2026-08-06 21:03:24,384,656,551,4
2026-08-06 21:03:25,386,653,553,4
2026-08-06 21:03:26,384,652,558,4
2026-08-06 21:03:27,385,653,559,4
2026-08-06 21:03:28,387,654,561,4
2026-08-06 21:03:29,384,652,562,4
2026-08-06 21:03:30,384,652,552,4
2026-08-06 21:03:31,385,654,555,4
2026-08-06 21:03:32,384,647,563,4
2026-08-06 21:03:33,388,651,560,4
2026-08-06 21:03:34,385,656,565,4
2026-08-06 21:03:35,385,655,561,4
2026-08-06 21:03:36,383,653,567,4
2026-08-06 21:03:37,382,652,567,4
2026-08-06 21:03:38,387,653,564,4
2026-08-06 21:03:39,385,656,572,4
2026-08-06 21:03:40,383,653,560,4
2026-08-06 21:03:41,386,649,562,4
2026-08-06 21:03:42,385,653,553,4
2026-08-06 21:03:43,384,654,552,4
2026-08-06 21:03:44,384,651,554,4
2026-08-06 21:03:45,386,654,556,4
2026-08-06 21:03:46,386,649,567,4
2026-08-06 21:03:47,384,655,558,4
2026-08-06 21:03:48,385,649,557,4
2026-08-06 21:03:49,384,657,552,4
2026-08-06 21:03:50,385,653,555,4
2026-08-06 21:03:51,384,650,554,4
2026-08-06 21:03:52,385,652,553,4
2026-08-06 21:03:53,385,650,554,4
2026-08-06 21:03:54,387,653,564,4
2026-08-06 21:03:55,386,652,559,4
2026-08-06 21:03:56,384,653,556,4
2026-08-06 21:03:57,386,656,557,4
2026-08-06 21:03:58,386,655,554,4
2026-08-06 21:03:59,385,656,555,4
2026-08-06 21:04:00,383,656,558,4
2026-08-06 21:04:01,385,649,559,4
2026-08-06 21:04:02,385,653,560,4
2026-08-06 21:04:03,386,655,554,4
2026-08-06 21:04:04,385,649,572,4
2026-08-06 21:04:05,385,651,559,4
2026-08-06 21:04:06,388,650,560,4
2026-08-06 21:04:07,386,657,554,4
2026-08-06 21:04:08,384,653,557,4
2026-08-06 21:04:09,384,654,558,4
2026-08-06 21:04:10,385,655,559,4
2026-08-06 21:04:11,389,652,563,4
2026-08-06 21:04:12,383,655,562,4
2026-08-06 21:04:13,384,653,560,4
2026-08-06 21:04:14,386,652,550,4
2026-08-06 21:04:15,387,649,556,4
2026-08-06 21:04:16,387,653,554,4
2026-08-06 21:04:17,385,653,553,4
2026-08-06 21:04:18,385,651,560,4
2026-08-06 21:04:19,387,654,564,4
2026-08-06 21:04:20,386,653,569,4
2026-08-06 21:04:21,387,650,575,4
2026-08-06 21:04:22,386,649,557,4
2026-08-06 21:04:23,385,652,555,4
2026-08-06 21:04:24,386,648,557,4
2026-08-06 21:04:25,386,653,556,4
2026-08-06 21:04:26,384,648,560,4
2026-08-06 21:04:27,385,654,558,4
2026-08-06 21:04:28,385,650,548,4
2026-08-06 21:04:29,387,652,551,4
2026-08-06 21:04:30,386,651,555,4
2026-08-06 21:04:31,384,653,554,4
2026-08-06 21:04:32,386,653,561,4
2026-08-06 21:04:33,385,650,560,4
2026-08-06 21:04:34,384,654,564,4
2026-08-06 21:04:35,386,658,551,4
2026-08-06 21:04:36,387,656,554,4
2026-08-06 21:04:37,385,651,554,4
2026-08-06 21:04:38,386,654,562,4
2026-08-06 21:04:39,385,653,562,4
2026-08-06 21:04:40,387,653,552,4
2026-08-06 21:04:41,383,655,557,4
2026-08-06 21:04:42,384,652,560,4
2026-08-06 21:04:43,385,658,556,4
2026-08-06 21:04:44,386,651,565,4
2026-08-06 21:04:45,387,649,555,4
2026-08-06 21:04:46,384,650,559,4
2026-08-06 21:04:47,385,649,560,4
2026-08-06 21:04:48,386,656,558,4
2026-08-06 21:04:49,385,654,557,4
2026-08-06 21:04:50,384,647,555,4
2026-08-06 21:04:51,384,653,558,4
2026-08-06 21:04:52,384,653,553,4
2026-08-06 21:04:53,386,650,556,4
2026-08-06 21:04:54,385,652,554,4
2026-08-06 21:04:55,384,654,561,4
2026-08-06 21:04:56,388,652,552,4
2026-08-06 21:04:57,387,651,563,4
2026-08-06 21:04:58,385,651,561,4
2026-08-06 21:04:59,387,653,558,4
2026-08-06 21:05:00,385,651,562,4
2026-08-06 21:05:01,387,652,563,4
2026-08-06 21:05:02,384,655,562,4
2026-08-06 21:05:03,385,652,550,4
2026-08-06 21:05:04,385,649,561,4
2026-08-06 21:05:05,384,657,565,4
2026-08-06 21:05:06,386,650,549,4
2026-08-06 21:05:07,385,650,557,4
2026-08-06 21:05:08,386,653,566,4
2026-08-06 21:05:09,386,655,558,4
2026-08-06 21:05:10,387,650,558,4
2026-08-06 21:05:11,382,653,556,4
2026-08-06 21:05:12,386,654,554,4
2026-08-06 21:05:13,386,656,561,4
2026-08-06 21:05:14,384,653,560,4
2026-08-06 21:05:15,384,651,564,4
2026-08-06 21:05:16,384,653,557,4
2026-08-06 21:05:17,389,651,555,4
2026-08-06 21:05:18,386,650,555,4
2026-08-06 21:05:19,387,654,557,4
2026-08-06 21:05:20,387,651,552,4
2026-08-06 21:05:21,387,655,561,4
2026-08-06 21:05:22,385,653,556,4
2026-08-06 21:05:23,385,653,564,4
2026-08-06 21:05:24,388,652,562,4
2026-08-06 21:05:25,388,647,563,4
2026-08-06 21:05:26,386,653,560,4
2026-08-06 21:05:27,386,652,566,4
2026-08-06 21:05:28,382,656,555,4
2026-08-06 21:05:29,386,654,559,4
2026-08-06 21:05:30,385,655,565,4
2026-08-06 21:05:31,387,653,563,4
2026-08-06 21:05:32,386,647,562,4
2026-08-06 21:05:33,387,651,554,4
2026-08-06 21:05:34,385,652,555,4
2026-08-06 21:05:35,388,652,557,4
2026-08-06 21:05:36,385,650,549,4
2026-08-06 21:05:37,387,655,565,4
2026-08-06 21:05:38,383,656,563,4
2026-08-06 21:05:39,385,657,553,4
2026-08-06 21:05:40,386,653,554,4
2026-08-06 21:05:41,384,652,558,4
2026-08-06 21:05:42,382,652,561,4
2026-08-06 21:05:43,383,653,564,4
2026-08-06 21:05:44,384,656,557,4
2026-08-06 21:05:45,385,651,559,4
2026-08-06 21:05:46,383,655,565,4
2026-08-06 21:05:47,385,655,555,4
2026-08-06 21:05:48,385,647,562,4
2026-08-06 21:05:49,386,653,557,4
2026-08-06 21:05:50,383,651,552,4
2026-08-06 21:05:51,387,652,560,4
2026-08-06 21:05:52,385,648,544,4
2026-08-06 21:05:53,384,652,555,4
2026-08-06 21:05:54,386,652,558,4
2026-08-06 21:05:55,388,655,559,4
2026-08-06 21:05:56,385,656,560,4
2026-08-06 21:05:57,386,650,558,4
2026-08-06 21:05:58,385,653,556,4
2026-08-06 21:05:59,386,656,566,4
2026-08-06 21:06:00,388,651,558,4
2026-08-06 21:06:01,386,654,551,4
2026-08-06 21:06:02,385,651,560,4
2026-08-06 21:06:03,384,654,554,4
2026-08-06 21:06:04,386,657,550,4
2026-08-06 21:06:05,385,655,561,4
2026-08-06 21:06:06,384,653,546,4
2026-08-06 21:06:07,385,648,567,4
2026-08-06 21:06:08,384,654,563,4
2026-08-06 21:06:09,385,654,562,4
2026-08-06 21:06:10,390,649,558,4
2026-08-06 21:06:11,386,652,558,4
2026-08-06 21:06:12,385,656,556,4
2026-08-06 21:06:13,386,653,552,4
2026-08-06 21:06:14,385,649,559,4
2026-08-06 21:06:15,387,648,566,4
2026-08-06 21:06:16,385,652,563,4
2026-08-06 21:06:17,384,653,565,4
2026-08-06 21:06:18,384,654,560,4
2026-08-06 21:06:19,384,651,561,4
2026-08-06 21:06:20,385,658,554,4
2026-08-06 21:06:21,385,658,563,4
2026-08-06 21:06:22,384,652,557,4
2026-08-06 21:06:23,384,654,556,4
2026-08-06 21:06:24,385,652,553,4
2026-08-06 21:06:25,387,655,552,4
2026-08-06 21:06:26,384,651,563,4
2026-08-06 21:06:27,384,650,554,4
2026-08-06 21:06:28,386,657,558,4
2026-08-06 21:06:29,385,651,558,4
2026-08-06 21:06:30,385,654,564,4
2026-08-06 21:06:31,386,651,554,4
2026-08-06 21:06:32,387,657,561,4
2026-08-06 21:06:33,385,651,554,4
2026-08-06 21:06:34,387,653,560,4
2026-08-06 21:06:35,386,650,556,4
2026-08-06 21:06:36,386,651,554,4
2026-08-06 21:06:37,385,652,561,4
2026-08-06 21:06:38,383,653,557,4
2026-08-06 21:06:39,385,654,562,4
2026-08-06 21:06:40,385,654,557,4
2026-08-06 21:06:41,385,653,560,4
2026-08-06 21:06:42,385,652,552,4
2026-08-06 21:06:43,385,646,563,4
2026-08-06 21:06:44,387,652,553,4
2026-08-06 21:06:45,384,651,557,4
2026-08-06 21:06:46,388,650,563,4
2026-08-06 21:06:47,385,650,562,4
2026-08-06 21:06:48,387,654,550,4
2026-08-06 21:06:49,385,655,556,4
2026-08-06 21:06:50,385,648,545,4
2026-08-06 21:06:51,383,653,558,4
2026-08-06 21:06:52,386,653,554,4
2026-08-06 21:06:53,387,653,557,4
2026-08-06 21:06:54,381,653,564,4
2026-08-06 21:06:55,385,650,557,4
2026-08-06 21:06:56,384,651,559,4
2026-08-06 21:06:57,385,652,557,4
2026-08-06 21:06:58,384,656,565,4
2026-08-06 21:06:59,385,649,557,4
2026-08-06 21:07:00,382,654,567,4
2026-08-06 21:07:01,384,656,556,4
2026-08-06 21:07:02,385,655,561,4
2026-08-06 21:07:03,386,650,556,4
2026-08-06 21:07:04,387,653,555,4
2026-08-06 21:07:05,390,650,548,4
2026-08-06 21:07:06,385,653,570,4
2026-08-06 21:07:07,388,648,544,4
2026-08-06 21:07:08,386,655,556,4
2026-08-06 21:07:09,385,655,542,4
2026-08-06 21:07:10,382,653,560,4
2026-08-06 21:07:11,384,654,560,4
2026-08-06 21:07:12,383,653,546,4
2026-08-06 21:07:13,386,655,553,4
2026-08-06 21:07:14,385,647,547,4
2026-08-06 21:07:15,383,655,559,4
2026-08-06 21:07:16,384,651,564,4
2026-08-06 21:07:17,386,652,554,4
2026-08-06 21:07:18,385,653,566,4
2026-08-06 21:07:19,381,649,553,4
2026-08-06 21:07:20,383,658,561,4
2026-08-06 21:07:21,385,654,556,4
2026-08-06 21:07:22,383,649,553,4
2026-08-06 21:07:23,384,649,551,4
2026-08-06 21:07:24,387,652,557,4
2026-08-06 21:07:25,384,652,558,4
2026-08-06 21:07:26,386,651,558,4
2026-08-06 21:07:27,386,654,559,4
2026-08-06 21:07:28,385,655,561,4
2026-08-06 21:07:29,386,650,563,4
2026-08-06 21:07:30,384,659,549,4
2026-08-06 21:07:31,386,661,546,4
2026-08-06 21:07:32,385,656,554,4
2026-08-06 21:07:33,386,650,553,4
2026-08-06 21:07:34,387,650,559,4
2026-08-06 21:07:35,387,656,560,4
2026-08-06 21:07:36,386,654,560,4
2026-08-06 21:07:37,382,649,556,4
2026-08-06 21:07:38,386,656,556,4
2026-08-06 21:07:39,384,653,557,4
2026-08-06 21:07:40,385,651,548,4
2026-08-06 21:07:41,386,653,560,4
2026-08-06 21:07:42,385,648,558,4
2026-08-06 21:07:43,384,649,555,4
2026-08-06 21:07:44,386,651,560,4
2026-08-06 21:07:45,387,654,560,4
2026-08-06 21:07:46,386,660,547,4
2026-08-06 21:07:47,387,655,552,4
2026-08-06 21:07:48,385,655,556,4
2026-08-06 21:07:49,383,653,555,4
2026-08-06 21:07:50,383,653,553,4
2026-08-06 21:07:51,385,647,559,4
2026-08-06 21:07:52,384,654,547,4
2026-08-06 21:07:53,384,655,561,4
2026-08-06 21:07:54,383,650,555,4
2026-08-06 21:07:55,387,652,550,4
2026-08-06 21:07:56,384,650,557,4
2026-08-06 21:07:57,383,654,550,4
2026-08-06 21:07:58,386,654,551,4
2026-08-06 21:07:59,385,654,557,4
2026-08-06 21:08:00,384,649,555,4
2026-08-06 21:08:01,382,653,551,4
2026-08-06 21:08:02,386,651,554,4
2026-08-06 21:08:03,386,648,547,4
2026-08-06 21:08:04,385,655,552,4
2026-08-06 21:08:05,382,652,558,4
2026-08-06 21:08:06,385,654,544,4
2026-08-06 21:08:07,387,653,556,4
2026-08-06 21:08:08,389,653,542,4
2026-08-06 21:08:09,384,650,554,4
2026-08-06 21:08:10,386,649,553,4
2026-08-06 21:08:11,385,653,548,4
2026-08-06 21:08:12,386,655,566,4
2026-08-06 21:08:13,388,650,552,4
2026-08-06 21:08:14,383,651,553,4
2026-08-06 21:08:15,386,654,546,4
2026-08-06 21:08:16,382,651,559,4
2026-08-06 21:08:17,384,654,559,4
2026-08-06 21:08:18,384,652,557,4
2026-08-06 21:08:19,386,654,551,4
2026-08-06 21:08:20,382,650,556,4
2026-08-06 21:08:21,387,651,566,4
2026-08-06 21:08:22,386,652,557,4
2026-08-06 21:08:23,384,651,562,4
2026-08-06 21:08:24,385,649,559,4
2026-08-06 21:08:25,386,652,560,4
2026-08-06 21:08:26,385,649,556,4
2026-08-06 21:08:27,387,654,560,4
2026-08-06 21:08:28,387,657,560,4
2026-08-06 21:08:29,385,653,555,4
2026-08-06 21:08:30,385,647,546,4
2026-08-06 21:08:31,385,654,563,4
2026-08-06 21:08:32,384,656,558,4
2026-08-06 21:08:33,385,653,564,4
2026-08-06 21:08:34,387,658,555,4
2026-08-06 21:08:35,385,655,559,4
2026-08-06 21:08:36,386,656,561,4
2026-08-06 21:08:37,384,655,559,4
2026-08-06 21:08:38,386,656,564,4
2026-08-06 21:08:39,385,658,546,4
2026-08-06 21:08:40,386,653,558,4
2026-08-06 21:08:41,385,654,563,4
2026-08-06 21:08:42,385,654,561,4
2026-08-06 21:08:43,384,658,560,4
2026-08-06 21:08:44,388,652,556,4
2026-08-06 21:08:45,386,648,567,4
2026-08-06 21:08:46,384,645,556,4
2026-08-06 21:08:47,384,657,551,4
2026-08-06 21:08:48,384,655,558,4
2026-08-06 21:08:49,385,652,549,4
2026-08-06 21:08:50,387,651,558,4
2026-08-06 21:08:51,383,653,555,4
2026-08-06 21:08:52,384,653,568,4
2026-08-06 21:08:53,387,653,559,4
2026-08-06 21:08:54,384,654,549,4
2026-08-06 21:08:55,385,654,554,4
2026-08-06 21:08:56,387,648,550,4
2026-08-06 21:08:57,386,653,558,4
2026-08-06 21:08:58,384,652,551,4
2026-08-06 21:08:59,386,653,555,4
2026-08-06 21:09:00,388,654,555,4
2026-08-06 21:09:01,385,648,552,4
2026-08-06 21:09:02,385,657,554,4
2026-08-06 21:09:03,388,650,549,4
2026-08-06 21:09:04,384,654,545,4
2026-08-06 21:09:05,382,651,551,4
2026-08-06 21:09:06,386,651,555,4
2026-08-06 21:09:07,385,655,553,4
2026-08-06 21:09:08,384,655,560,4
2026-08-06 21:09:09,382,649,551,4
2026-08-06 21:09:10,385,651,560,4
2026-08-06 21:09:11,385,654,561,4
2026-08-06 21:09:12,388,654,558,4
2026-08-06 21:09:13,385,655,556,4
2026-08-06 21:09:14,383,653,560,4
2026-08-06 21:09:15,385,652,553,4
2026-08-06 21:09:16,386,652,554,4
2026-08-06 21:09:17,383,658,561,4
2026-08-06 21:09:18,385,653,553,4
2026-08-06 21:09:19,385,655,554,4
2026-08-06 21:09:20,384,655,556,4
2026-08-06 21:09:21,387,649,562,4
2026-08-06 21:09:22,385,654,554,4
2026-08-06 21:09:23,385,652,558,4
2026-08-06 21:09:24,387,652,564,4
2026-08-06 21:09:25,386,658,547,4
2026-08-06 21:09:26,384,654,556,4
2026-08-06 21:09:27,385,654,547,4
2026-08-06 21:09:28,380,653,544,4
2026-08-06 21:09:29,384,656,559,4
2026-08-06 21:09:30,389,652,559,4
2026-08-06 21:09:31,384,650,565,4
2026-08-06 21:09:32,383,649,553,4
2026-08-06 21:09:33,385,652,566,4
2026-08-06 21:09:34,383,660,550,4
2026-08-06 21:09:35,383,652,553,4
2026-08-06 21:09:36,384,658,563,4
2026-08-06 21:09:37,384,655,568,4
2026-08-06 21:09:38,386,654,561,4
2026-08-06 21:09:39,388,651,553,4
2026-08-06 21:09:40,385,649,556,4
2026-08-06 21:09:41,386,654,552,4
2026-08-06 21:09:42,387,657,553,4
2026-08-06 21:09:43,386,650,553,4
2026-08-06 21:09:44,383,653,544,4
2026-08-06 21:09:45,386,652,553,4
2026-08-06 21:09:46,381,655,552,4
2026-08-06 21:09:47,386,649,554,4
2026-08-06 21:09:48,385,649,562,4
2026-08-06 21:09:49,386,649,557,4
2026-08-06 21:09:50,384,656,562,4
2026-08-06 21:09:51,385,655,562,4
2026-08-06 21:09:52,385,654,561,4
2026-08-06 21:09:53,384,652,545,4
2026-08-06 21:09:54,385,659,557,4
2026-08-06 21:09:55,386,651,565,4
2026-08-06 21:09:56,383,658,561,4
2026-08-06 21:09:57,387,655,554,4
2026-08-06 21:09:58,388,651,556,4
2026-08-06 21:09:59,385,651,548,4
2026-08-06 21:10:00,384,654,562,4
2026-08-06 21:10:01,386,651,555,4
2026-08-06 21:10:02,386,652,558,4
2026-08-06 21:10:03,382,659,551,4
2026-08-06 21:10:04,386,649,559,4
2026-08-06 21:10:05,385,652,556,4
2026-08-06 21:10:06,388,653,557,4
2026-08-06 21:10:07,385,655,554,4
2026-08-06 21:10:08,385,652,557,4
2026-08-06 21:10:09,384,654,557,4
2026-08-06 21:10:10,386,653,555,4
2026-08-06 21:10:11,383,654,555,4
2026-08-06 21:10:12,389,655,551,4
2026-08-06 21:10:13,383,650,554,4
2026-08-06 21:10:14,387,653,553,4
2026-08-06 21:10:15,386,653,554,4
2026-08-06 21:10:16,386,648,557,4
2026-08-06 21:10:17,385,651,555,4
2026-08-06 21:10:18,384,652,550,4
2026-08-06 21:10:19,384,654,559,4
2026-08-06 21:10:20,383,652,561,4
2026-08-06 21:10:21,383,651,558,4
2026-08-06 21:10:22,383,656,554,4
2026-08-06 21:10:23,382,654,556,4
2026-08-06 21:10:24,383,653,554,4
2026-08-06 21:10:25,384,649,557,4
2026-08-06 21:10:26,387,649,551,4
2026-08-06 21:10:27,385,654,551,4
2026-08-06 21:10:28,384,654,555,4
2026-08-06 21:10:29,384,656,561,4
2026-08-06 21:10:30,384,651,550,4
2026-08-06 21:10:31,387,652,560,4
2026-08-06 21:10:32,385,653,552,4
2026-08-06 21:10:33,385,655,563,4
2026-08-06 21:10:34,386,652,556,4
2026-08-06 21:10:35,385,653,560,4
2026-08-06 21:10:36,383,652,551,4
2026-08-06 21:10:37,386,650,561,4
2026-08-06 21:10:38,385,652,560,4
2026-08-06 21:10:39,385,650,547,4
2026-08-06 21:10:40,383,651,561,4
2026-08-06 21:10:41,386,651,563,4
2026-08-06 21:10:42,385,654,549,4
2026-08-06 21:10:43,384,654,557,4
2026-08-06 21:10:44,384,658,557,4
2026-08-06 21:10:45,386,655,557,4
2026-08-06 21:10:46,387,649,553,4
2026-08-06 21:10:47,384,652,556,4
2026-08-06 21:10:48,387,648,557,4
2026-08-06 21:10:49,386,652,555,4
2026-08-06 21:10:50,385,652,550,4
2026-08-06 21:10:51,384,655,552,4
2026-08-06 21:10:52,383,656,560,4
2026-08-06 21:10:53,386,652,550,4
2026-08-06 21:10:54,386,656,552,4
2026-08-06 21:10:55,386,651,548,4
2026-08-06 21:10:56,387,649,551,4
2026-08-06 21:10:57,384,654,564,4
2026-08-06 21:10:58,386,653,557,4
2026-08-06 21:10:59,384,651,551,4
2026-08-06 21:11:00,384,650,557,4
2026-08-06 21:11:01,388,654,549,4
2026-08-06 21:11:02,383,653,554,4
2026-08-06 21:11:03,386,651,557,4
2026-08-06 21:11:04,383,651,556,4
2026-08-06 21:11:05,382,655,556,4
2026-08-06 21:11:06,386,652,549,4
2026-08-06 21:11:07,383,657,551,4
2026-08-06 21:11:08,383,649,547,4
2026-08-06 21:11:09,384,652,549,4
2026-08-06 21:11:10,385,651,567,4
2026-08-06 21:11:11,383,656,566,4
2026-08-06 21:11:12,384,651,549,4
2026-08-06 21:11:13,384,651,554,4
2026-08-06 21:11:14,386,647,549,4
2026-08-06 21:11:15,386,651,554,4
2026-08-06 21:11:16,387,655,553,4
2026-08-06 21:11:17,385,648,558,4
2026-08-06 21:11:18,386,655,559,4
2026-08-06 21:11:19,386,653,548,4
2026-08-06 21:11:20,384,654,552,4
2026-08-06 21:11:21,386,652,558,4
2026-08-06 21:11:22,386,659,551,4
2026-08-06 21:11:23,385,651,553,4
2026-08-06 21:11:24,384,650,553,4
2026-08-06 21:11:25,384,651,558,4
2026-08-06 21:11:26,388,655,560,4
2026-08-06 21:11:27,384,653,551,4
2026-08-06 21:11:28,381,650,552,4
2026-08-06 21:11:29,385,656,560,4
2026-08-06 21:11:30,384,655,553,4
2026-08-06 21:11:31,384,650,552,4
2026-08-06 21:11:32,385,653,559,4
2026-08-06 21:11:33,387,655,565,4
2026-08-06 21:11:34,386,650,558,4
2026-08-06 21:11:35,385,655,555,4
2026-08-06 21:11:36,386,655,556,4
2026-08-06 21:11:37,382,654,559,4
2026-08-06 21:11:38,383,656,555,4
2026-08-06 21:11:39,381,656,558,4
2026-08-06 21:11:40,384,653,563,4
2026-08-06 21:11:41,384,653,557,4
2026-08-06 21:11:42,385,653,562,4
2026-08-06 21:11:43,384,656,551,4
2026-08-06 21:11:44,387,649,559,4
2026-08-06 21:11:45,386,653,547,4
2026-08-06 21:11:46,387,652,549,4
2026-08-06 21:11:47,384,653,550,4
2026-08-06 21:11:48,385,656,552,4
2026-08-06 21:11:49,386,654,561,4
2026-08-06 21:11:50,385,653,554,4
2026-08-06 21:11:51,385,653,548,4
2026-08-06 21:11:52,383,652,546,4
2026-08-06 21:11:53,382,656,552,4
2026-08-06 21:11:54,385,651,555,4
2026-08-06 21:11:55,384,651,553,4
2026-08-06 21:11:56,387,648,552,4
2026-08-06 21:11:57,385,655,553,4
2026-08-06 21:11:58,386,651,562,4
2026-08-06 21:11:59,383,653,560,4
2026-08-06 21:12:00,384,655,559,4
2026-08-06 21:12:01,384,651,551,4
2026-08-06 21:12:02,386,651,558,4
2026-08-06 21:12:03,383,654,554,4
2026-08-06 21:12:04,384,652,548,4
2026-08-06 21:12:05,381,653,558,4
2026-08-06 21:12:06,383,656,561,4
2026-08-06 21:12:07,385,652,554,4
2026-08-06 21:12:08,386,655,555,4
2026-08-06 21:12:09,387,651,555,4
2026-08-06 21:12:10,384,653,558,4
2026-08-06 21:12:11,383,657,561,4
2026-08-06 21:12:12,385,657,556,4
2026-08-06 21:12:13,386,650,551,4
2026-08-06 21:12:14,384,653,553,4
2026-08-06 21:12:15,386,652,545,4
2026-08-06 21:12:16,384,655,563,4
2026-08-06 21:12:17,387,652,563,4
2026-08-06 21:12:18,387,651,557,4
2026-08-06 21:12:19,384,652,543,4
2026-08-06 21:12:20,383,657,549,4
2026-08-06 21:12:21,385,655,547,4
2026-08-06 21:12:22,383,650,560,4
2026-08-06 21:12:23,386,654,549,4
2026-08-06 21:12:24,387,657,559,4
2026-08-06 21:12:25,385,656,551,4
2026-08-06 21:12:26,383,650,556,4
2026-08-06 21:12:27,384,651,557,4
2026-08-06 21:12:28,384,652,558,4
2026-08-06 21:12:29,386,656,556,4
2026-08-06 21:12:30,385,654,545,4
2026-08-06 21:12:31,388,651,557,4
2026-08-06 21:12:32,382,654,555,4
2026-08-06 21:12:33,384,653,558,4
2026-08-06 21:12:34,387,652,552,4
2026-08-06 21:12:35,384,654,561,4
2026-08-06 21:12:36,384,655,556,4
2026-08-06 21:12:37,384,651,548,4
2026-08-06 21:12:38,383,656,556,4
2026-08-06 21:12:39,384,656,551,4
2026-08-06 21:12:40,385,650,553,4
2026-08-06 21:12:41,386,650,552,4
2026-08-06 21:12:42,384,649,563,4
2026-08-06 21:12:43,384,653,555,4
2026-08-06 21:12:44,385,655,559,4
2026-08-06 21:12:45,387,653,550,4
2026-08-06 21:12:46,390,651,552,4
2026-08-06 21:12:47,386,652,560,4
2026-08-06 21:12:48,387,652,563,4
2026-08-06 21:12:49,387,653,552,4
2026-08-06 21:12:50,383,654,558,4
2026-08-06 21:12:51,384,654,565,4
2026-08-06 21:12:52,386,655,564,4
2026-08-06 21:12:53,384,649,564,4
2026-08-06 21:12:54,388,652,548,4
2026-08-06 21:12:55,386,655,542,4
2026-08-06 21:12:56,384,656,558,4
2026-08-06 21:12:57,384,654,545,4
2026-08-06 21:12:58,386,653,551,4
2026-08-06 21:12:59,385,657,552,4
2026-08-06 21:13:00,386,651,565,4
2026-08-06 21:13:01,383,655,548,4
2026-08-06 21:13:02,385,650,558,4
2026-08-06 21:13:03,383,648,558,4
2026-08-06 21:13:04,385,651,559,4
2026-08-06 21:13:05,384,653,555,4
2026-08-06 21:13:06,382,651,552,4
2026-08-06 21:13:07,388,650,550,4
2026-08-06 21:13:08,384,651,549,4
2026-08-06 21:13:09,385,656,548,4
2026-08-06 21:13:10,387,653,551,4
2026-08-06 21:13:11,385,653,562,4
2026-08-06 21:13:12,387,654,552,4
2026-08-06 21:13:13,384,652,557,4
2026-08-06 21:13:14,385,652,557,4
2026-08-06 21:13:15,388,655,557,4
2026-08-06 21:13:16,385,651,549,4
2026-08-06 21:13:17,384,654,557,4
2026-08-06 21:13:18,386,651,550,4
2026-08-06 21:13:19,383,652,557,4
2026-08-06 21:13:20,385,649,545,4
2026-08-06 21:13:21,384,651,544,4
2026-08-06 21:13:22,383,656,546,4
2026-08-06 21:13:23,384,653,556,4
2026-08-06 21:13:24,383,659,554,4
2026-08-06 21:13:25,386,655,555,4
2026-08-06 21:13:26,382,650,560,4
2026-08-06 21:13:27,385,649,552,4
2026-08-06 21:13:28,385,649,556,4
2026-08-06 21:13:29,383,655,554,4
2026-08-06 21:13:30,384,650,560,4
2026-08-06 21:13:31,383,649,560,4
2026-08-06 21:13:32,386,654,561,4
2026-08-06 21:13:33,387,647,558,4
2026-08-06 21:13:34,386,653,550,4
2026-08-06 21:13:35,384,652,554,4
2026-08-06 21:13:36,387,653,555,4
2026-08-06 21:13:37,384,653,552,4
2026-08-06 21:13:38,389,651,551,4
2026-08-06 21:13:39,388,657,545,4
2026-08-06 21:13:40,383,653,554,4
2026-08-06 21:13:41,381,655,555,4
2026-08-06 21:13:42,385,657,555,4
2026-08-06 21:13:43,384,654,553,4
2026-08-06 21:13:44,386,656,547,4
2026-08-06 21:13:45,383,657,560,4
2026-08-06 21:13:46,385,653,568,4
2026-08-06 21:13:47,383,650,559,4
2026-08-06 21:13:48,383,654,548,4
2026-08-06 21:13:49,384,653,547,4
2026-08-06 21:13:50,384,658,555,4
2026-08-06 21:13:51,383,654,549,4
2026-08-06 21:13:52,387,653,565,4
2026-08-06 21:13:53,384,654,559,4
2026-08-06 21:13:54,385,652,552,4
2026-08-06 21:13:55,387,649,559,4
2026-08-06 21:13:56,388,654,557,4
2026-08-06 21:13:57,386,651,558,4
2026-08-06 21:13:58,384,656,553,4
2026-08-06 21:13:59,387,655,561,4
2026-08-06 21:14:00,385,655,556,4
2026-08-06 21:14:01,387,656,567,4
2026-08-06 21:14:02,382,652,567,4
2026-08-06 21:14:03,381,654,558,4
2026-08-06 21:14:04,385,656,549,4
2026-08-06 21:14:05,383,655,545,4
2026-08-06 21:14:06,385,651,554,4
2026-08-06 21:14:07,386,653,559,4
2026-08-06 21:14:08,384,651,556,4
2026-08-06 21:14:09,385,653,555,4
2026-08-06 21:14:10,384,649,551,4
2026-08-06 21:14:11,387,659,556,4
2026-08-06 21:14:12,385,652,551,4
2026-08-06 21:14:13,385,653,551,4
2026-08-06 21:14:14,383,654,560,4
2026-08-06 21:14:15,383,648,557,4
2026-08-06 21:14:16,383,651,558,4
2026-08-06 21:14:17,384,655,551,4
2026-08-06 21:14:18,385,656,559,4
2026-08-06 21:14:19,385,654,560,4
2026-08-06 21:14:20,386,655,560,4
2026-08-06 21:14:21,387,652,554,4
2026-08-06 21:14:22,384,653,560,4
2026-08-06 21:14:23,384,653,556,4
2026-08-06 21:14:24,385,651,556,0
2026-08-06 21:14:25,386,651,554,0
2026-08-06 21:14:26,386,650,559,0
2026-08-06 21:14:27,388,653,550,0
2026-08-06 21:14:28,385,653,559,0
2026-08-06 21:14:29,386,656,557,0
2026-08-06 21:14:30,385,653,560,0
2026-08-06 21:14:31,384,655,560,0
2026-08-06 21:14:32,386,650,548,0
2026-08-06 21:14:33,383,650,551,0
2026-08-06 21:14:34,384,650,552,0
2026-08-06 21:14:35,386,653,555,0
2026-08-06 21:14:36,383,650,556,0
2026-08-06 21:14:37,385,650,555,0
2026-08-06 21:14:38,386,651,558,0
2026-08-06 21:14:39,383,656,549,0
2026-08-06 21:14:40,384,658,557,0
2026-08-06 21:14:41,384,652,553,0
2026-08-06 21:14:42,382,655,558,0
2026-08-06 21:14:43,385,650,554,0
2026-08-06 21:14:44,386,656,561,0
2026-08-06 21:14:45,387,653,546,0
2026-08-06 21:14:46,384,653,551,0
2026-08-06 21:14:47,386,648,553,0
2026-08-06 21:14:48,387,654,555,0
2026-08-06 21:14:49,385,656,554,0
2026-08-06 21:14:50,385,651,562,0
2026-08-06 21:14:51,385,650,562,0
2026-08-06 21:14:52,386,651,545,0
2026-08-06 21:14:53,384,654,560,0
2026-08-06 21:14:54,388,656,551,0
2026-08-06 21:14:55,386,652,554,0
2026-08-06 21:14:56,387,653,566,0
2026-08-06 21:14:57,384,651,551,0
2026-08-06 21:14:58,383,654,544,0
2026-08-06 21:14:59,384,654,559,0
2026-08-06 21:15:00,386,651,547,0
2026-08-06 21:15:01,386,653,548,0
2026-08-06 21:15:02,384,657,555,0
2026-08-06 21:15:03,384,653,558,0
2026-08-06 21:15:04,384,650,557,0
2026-08-06 21:15:05,384,651,558,0
2026-08-06 21:15:06,385,655,559,0
2026-08-06 21:15:07,386,652,556,0
2026-08-06 21:15:08,386,655,557,0
2026-08-06 21:15:09,386,657,553,0
2026-08-06 21:15:10,383,657,559,0
2026-08-06 21:15:11,384,655,558,0
2026-08-06 21:15:12,383,653,546,0
2026-08-06 21:15:13,386,652,550,0
2026-08-06 21:15:14,385,650,555,0
2026-08-06 21:15:15,385,652,556,0
2026-08-06 21:15:16,382,653,551,0
2026-08-06 21:15:17,385,652,549,0
2026-08-06 21:15:18,387,656,544,0
2026-08-06 21:15:19,385,652,556,0
2026-08-06 21:15:20,385,649,556,0
2026-08-06 21:15:21,385,653,559,0
2026-08-06 21:15:22,381,654,560,0
2026-08-06 21:15:23,388,649,561,0
2026-08-06 21:15:24,386,650,556,0
2026-08-06 21:15:25,384,652,551,0
2026-08-06 21:15:26,384,653,556,0
2026-08-06 21:15:27,385,653,551,0
2026-08-06 21:15:28,387,655,551,0
2026-08-06 21:15:29,384,654,555,0
2026-08-06 21:15:30,386,650,555,0
2026-08-06 21:15:31,384,652,552,0
2026-08-06 21:15:32,387,654,552,0
2026-08-06 21:15:33,386,657,555,0
2026-08-06 21:15:34,386,654,553,0
2026-08-06 21:15:35,384,652,558,0
2026-08-06 21:15:36,386,647,548,0
2026-08-06 21:15:37,386,654,563,0
2026-08-06 21:15:38,385,652,556,0
2026-08-06 21:15:39,387,649,562,0
2026-08-06 21:15:40,385,658,550,0
2026-08-06 21:15:41,384,650,571,0
2026-08-06 21:15:42,385,655,555,0
2026-08-06 21:15:43,385,648,558,0
2026-08-06 21:15:44,385,654,550,0
2026-08-06 21:15:45,384,651,555,0
2026-08-06 21:15:46,387,653,556,0
2026-08-06 21:15:47,386,659,549,0
2026-08-06 21:15:48,387,654,556,0
2026-08-06 21:15:49,385,651,552,0
2026-08-06 21:15:50,387,657,553,0
2026-08-06 21:15:51,382,657,548,0
2026-08-06 21:15:52,386,650,546,0
2026-08-06 21:15:53,383,656,553,0
2026-08-06 21:15:54,386,644,554,0
2026-08-06 21:15:55,385,653,560,0
2026-08-06 21:15:56,382,650,558,0
2026-08-06 21:15:57,386,653,558,0
2026-08-06 21:15:58,384,650,549,0
2026-08-06 21:15:59,384,651,552,0
2026-08-06 21:16:00,383,659,558,0
2026-08-06 21:16:01,385,652,555,0
2026-08-06 21:16:02,382,652,551,0
2026-08-06 21:16:03,384,650,557,0
2026-08-06 21:16:04,385,654,562,0
2026-08-06 21:16:05,384,655,551,0
2026-08-06 21:16:06,387,657,570,0
2026-08-06 21:16:07,383,653,558,0
2026-08-06 21:16:08,384,653,553,0
2026-08-06 21:16:09,386,654,554,0
2026-08-06 21:16:10,384,654,554,0
2026-08-06 21:16:11,386,655,554,0
2026-08-06 21:16:12,388,649,547,0
2026-08-06 21:16:13,382,653,559,0
2026-08-06 21:16:14,384,651,558,0
2026-08-06 21:16:15,385,655,560,0
2026-08-06 21:16:16,388,652,554,0
2026-08-06 21:16:17,382,655,554,0
2026-08-06 21:16:18,384,657,552,0
2026-08-06 21:16:19,384,650,558,0
2026-08-06 21:16:20,384,654,560,0
2026-08-06 21:16:21,384,652,561,0
2026-08-06 21:16:22,386,651,542,0
2026-08-06 21:16:23,385,657,557,0
2026-08-06 21:16:24,386,646,556,0
2026-08-06 21:16:25,383,653,556,0
2026-08-06 21:16:26,384,654,558,0
2026-08-06 21:16:27,385,655,554,0
2026-08-06 21:16:28,383,653,554,0
2026-08-06 21:16:29,386,650,552,0
2026-08-06 21:16:30,384,648,557,0
2026-08-06 21:16:31,385,650,557,0
2026-08-06 21:16:32,384,653,546,0
2026-08-06 21:16:33,383,651,562,0
2026-08-06 21:16:34,384,656,551,0
2026-08-06 21:16:35,384,656,553,0
2026-08-06 21:16:36,384,654,560,0
2026-08-06 21:16:37,385,654,559,0
2026-08-06 21:16:38,383,654,550,0
2026-08-06 21:16:39,383,651,560,0
2026-08-06 21:16:40,385,655,554,0
2026-08-06 21:16:41,385,652,562,0
2026-08-06 21:16:42,383,649,549,0
2026-08-06 21:16:43,387,652,559,0
2026-08-06 21:16:44,386,652,545,0
2026-08-06 21:16:45,384,656,548,0
2026-08-06 21:16:46,382,655,560,0
2026-08-06 21:16:47,385,651,553,0
2026-08-06 21:16:48,382,656,559,0
2026-08-06 21:16:49,387,650,558,0
2026-08-06 21:16:50,388,655,554,0
2026-08-06 21:16:51,384,658,544,0
2026-08-06 21:16:52,382,651,558,0
2026-08-06 21:16:53,387,650,553,0
2026-08-06 21:16:54,386,652,552,0
2026-08-06 21:16:55,388,655,559,0
2026-08-06 21:16:56,383,656,550,0
2026-08-06 21:16:57,383,649,555,0
2026-08-06 21:16:58,385,654,560,0
2026-08-06 21:16:59,384,654,557,0
2026-08-06 21:17:00,383,655,555,0
2026-08-06 21:17:01,388,650,553,0
2026-08-06 21:17:02,387,650,553,0
2026-08-06 21:17:03,383,654,553,0
2026-08-06 21:17:04,383,654,548,0
2026-08-06 21:17:05,386,652,558,0
2026-08-06 21:17:06,382,653,557,0
2026-08-06 21:17:07,384,652,557,0
2026-08-06 21:17:08,385,652,559,0
2026-08-06 21:17:09,387,650,552,0
2026-08-06 21:17:10,388,650,548,0
2026-08-06 21:17:11,382,650,563,0
2026-08-06 21:17:12,384,652,554,0
2026-08-06 21:17:13,383,651,555,0
2026-08-06 21:17:14,383,654,557,0
2026-08-06 21:17:15,386,654,557,0
2026-08-06 21:17:16,386,650,560,0
2026-08-06 21:17:17,386,652,557,0
2026-08-06 21:17:18,385,655,551,0
2026-08-06 21:17:19,385,649,550,0
2026-08-06 21:17:20,384,653,552,0
2026-08-06 21:17:21,384,654,563,0
2026-08-06 21:17:22,387,653,551,0
2026-08-06 21:17:23,386,655,553,0
2026-08-06 21:17:24,383,657,552,0
2026-08-06 21:17:25,384,653,551,0
2026-08-06 21:17:26,385,652,542,0
2026-08-06 21:17:27,384,655,553,0
2026-08-06 21:17:28,382,652,555,0
2026-08-06 21:17:29,385,654,554,0
2026-08-06 21:17:30,382,653,554,0
2026-08-06 21:17:31,385,653,550,0
2026-08-06 21:17:32,385,653,555,0
2026-08-06 21:17:33,385,649,563,0
2026-08-06 21:17:34,384,648,549,0
2026-08-06 21:17:35,387,652,548,0
2026-08-06 21:17:36,384,651,554,0
2026-08-06 21:17:37,385,655,552,0
2026-08-06 21:17:38,386,653,550,0
2026-08-06 21:17:39,385,653,552,0
2026-08-06 21:17:40,385,653,546,0
2026-08-06 21:17:41,385,652,553,0
2026-08-06 21:17:42,385,649,551,0
2026-08-06 21:17:43,383,654,555,0
2026-08-06 21:17:44,384,653,551,0
2026-08-06 21:17:45,387,650,553,0
2026-08-06 21:17:46,386,650,542,0
2026-08-06 21:17:47,385,652,552,0
2026-08-06 21:17:48,383,652,558,0
2026-08-06 21:17:49,383,654,547,0
2026-08-06 21:17:50,383,656,552,0
2026-08-06 21:17:51,386,648,557,0
2026-08-06 21:17:52,386,654,555,0
2026-08-06 21:17:53,384,655,550,0
2026-08-06 21:17:54,387,650,550,0
2026-08-06 21:17:55,387,654,564,0
2026-08-06 21:17:56,386,650,569,0
2026-08-06 21:17:57,385,653,558,0
2026-08-06 21:17:58,385,648,553,0
2026-08-06 21:17:59,384,654,558,0
2026-08-06 21:18:00,387,651,552,0
2026-08-06 21:18:01,384,656,552,0
2026-08-06 21:18:02,383,655,559,0
2026-08-06 21:18:03,384,653,559,0
2026-08-06 21:18:04,385,654,549,0
2026-08-06 21:18:05,384,652,545,0
2026-08-06 21:18:06,384,651,558,0
2026-08-06 21:18:07,385,652,547,0
2026-08-06 21:18:08,385,656,551,0
2026-08-06 21:18:09,386,652,555,0
2026-08-06 21:18:10,384,652,550,0
2026-08-06 21:18:11,382,652,554,0
2026-08-06 21:18:12,384,652,544,0
2026-08-06 21:18:13,383,651,565,0
2026-08-06 21:18:14,385,652,554,0
2026-08-06 21:18:15,385,651,549,0
2026-08-06 21:18:16,386,653,556,0
2026-08-06 21:18:17,386,655,556,0
2026-08-06 21:18:18,385,653,552,0
2026-08-06 21:18:19,387,649,542,0
2026-08-06 21:18:20,383,655,559,0
2026-08-06 21:18:21,385,654,565,0
2026-08-06 21:18:22,387,654,556,0
2026-08-06 21:18:23,383,651,553,0
2026-08-06 21:18:24,387,658,565,0
2026-08-06 21:18:25,384,653,553,0
2026-08-06 21:18:26,385,652,565,0
2026-08-06 21:18:27,385,657,555,0
2026-08-06 21:18:28,386,654,549,0
2026-08-06 21:18:29,384,653,560,0
2026-08-06 21:18:30,384,647,555,0
2026-08-06 21:18:31,382,648,556,0
2026-08-06 21:18:32,384,649,560,0
2026-08-06 21:18:33,385,649,547,0
2026-08-06 21:18:34,384,656,560,0
2026-08-06 21:18:35,386,651,551,0
2026-08-06 21:18:36,384,651,557,0
2026-08-06 21:18:37,386,652,559,0
2026-08-06 21:18:38,383,651,564,0
2026-08-06 21:18:39,385,655,551,0
2026-08-06 21:18:40,384,649,550,0
2026-08-06 21:18:41,385,652,550,0
2026-08-06 21:18:42,386,650,548,0
2026-08-06 21:18:43,386,651,550,0
2026-08-06 21:18:44,387,651,557,0
2026-08-06 21:18:45,385,652,554,0
2026-08-06 21:18:46,384,654,554,0
2026-08-06 21:18:47,387,648,552,0
2026-08-06 21:18:48,385,657,556,0
2026-08-06 21:18:49,384,650,554,0
2026-08-06 21:18:50,384,654,552,0
2026-08-06 21:18:51,383,654,548,0
2026-08-06 21:18:52,386,655,554,0
2026-08-06 21:18:53,384,648,558,0
2026-08-06 21:18:54,387,651,556,0
2026-08-06 21:18:55,384,654,545,0
2026-08-06 21:18:56,386,646,551,0
2026-08-06 21:18:57,383,654,537,0
2026-08-06 21:18:58,386,652,562,0
2026-08-06 21:18:59,382,652,551,0
2026-08-06 21:19:00,384,656,543,0
2026-08-06 21:19:01,385,655,542,0
2026-08-06 21:19:02,382,655,548,0
2026-08-06 21:19:03,385,654,564,0
2026-08-06 21:19:04,386,651,559,0
2026-08-06 21:19:05,384,656,540,0
2026-08-06 21:19:06,386,648,556,0
2026-08-06 21:19:07,385,653,544,0
2026-08-06 21:19:08,383,648,553,0
2026-08-06 21:19:09,382,654,555,0
2026-08-06 21:19:10,384,649,559,0
2026-08-06 21:19:11,383,648,550,0
2026-08-06 21:19:12,387,654,548,0
2026-08-06 21:19:13,384,652,558,0
2026-08-06 21:19:14,386,653,545,0
2026-08-06 21:19:15,384,652,545,0
2026-08-06 21:19:16,383,649,559,0
2026-08-06 21:19:17,385,653,560,0
2026-08-06 21:19:18,386,650,555,0
2026-08-06 21:19:19,385,651,563,0
2026-08-06 21:19:20,385,652,557,0
2026-08-06 21:19:21,385,651,551,0
2026-08-06 21:19:22,385,651,551,0
2026-08-06 21:19:23,385,651,546,0
2026-08-06 21:19:24,386,654,548,0
2026-08-06 21:19:25,383,653,548,0
2026-08-06 21:19:26,387,657,542,0
2026-08-06 21:19:27,384,645,556,0
2026-08-06 21:19:28,384,653,549,0
2026-08-06 21:19:29,382,653,545,0
2026-08-06 21:19:30,381,650,544,0
2026-08-06 21:19:31,384,654,558,0
2026-08-06 21:19:32,386,654,549,0
2026-08-06 21:19:33,385,651,558,0
2026-08-06 21:19:34,387,646,547,0
2026-08-06 21:19:35,383,647,544,0
2026-08-06 21:19:36,385,648,552,0
2026-08-06 21:19:37,387,652,558,0
2026-08-06 21:19:38,389,653,555,0
2026-08-06 21:19:39,385,655,551,0
2026-08-06 21:19:40,383,651,552,0
2026-08-06 21:19:41,384,653,556,0
2026-08-06 21:19:42,385,655,554,0
2026-08-06 21:19:43,385,654,553,0
2026-08-06 21:19:44,381,652,545,0
2026-08-06 21:19:45,386,657,546,0
2026-08-06 21:19:46,384,653,556,0
2026-08-06 21:19:47,382,651,550,0
2026-08-06 21:19:48,385,653,543,0
2026-08-06 21:19:49,387,653,549,0
2026-08-06 21:19:50,382,652,558,0
2026-08-06 21:19:51,382,655,547,0
2026-08-06 21:19:52,382,650,550,0
2026-08-06 21:19:53,385,656,547,0
2026-08-06 21:19:54,386,652,549,0
2026-08-06 21:19:55,384,652,556,0
2026-08-06 21:19:56,385,654,555,0
2026-08-06 21:19:57,384,653,561,0
2026-08-06 21:19:58,386,650,551,0
2026-08-06 21:19:59,382,655,542,0
2026-08-06 21:20:00,382,649,556,0
2026-08-06 21:20:01,383,659,561,0
2026-08-06 21:20:02,385,652,553,0
2026-08-06 21:20:03,386,648,553,0
2026-08-06 21:20:04,384,652,560,0
2026-08-06 21:20:05,388,654,553,0
2026-08-06 21:20:06,386,651,552,0
2026-08-06 21:20:07,385,649,553,0
2026-08-06 21:20:08,384,657,567,0
2026-08-06 21:20:09,384,652,549,0
2026-08-06 21:20:10,385,652,542,0
2026-08-06 21:20:11,384,652,557,0
2026-08-06 21:20:12,385,652,557,0
2026-08-06 21:20:13,385,654,552,0
2026-08-06 21:20:14,384,646,555,0
2026-08-06 21:20:15,384,653,543,0
2026-08-06 21:20:16,383,654,555,0
2026-08-06 21:20:17,384,654,551,0
2026-08-06 21:20:18,381,652,549,0
2026-08-06 21:20:19,382,659,559,0
2026-08-06 21:20:20,384,654,549,0
2026-08-06 21:20:21,383,651,565,0
2026-08-06 21:20:22,385,655,560,0
2026-08-06 21:20:23,384,654,554,0
2026-08-06 21:20:24,384,656,556,0
2026-08-06 21:20:25,388,648,544,0
2026-08-06 21:20:26,385,653,549,0
2026-08-06 21:20:27,384,655,548,0
2026-08-06 21:20:28,385,654,564,0
2026-08-06 21:20:29,386,655,546,0
2026-08-06 21:20:30,385,654,553,0
2026-08-06 21:20:31,384,652,553,0
2026-08-06 21:20:32,384,656,557,0
2026-08-06 21:20:33,383,652,548,0
2026-08-06 21:20:34,383,653,546,0
2026-08-06 21:20:35,381,654,563,0
2026-08-06 21:20:36,383,655,551,0
2026-08-06 21:20:37,382,654,564,0
2026-08-06 21:20:38,384,653,558,0
2026-08-06 21:20:39,385,656,555,0
2026-08-06 21:20:40,385,657,550,0
2026-08-06 21:20:41,386,654,549,0
2026-08-06 21:20:42,385,651,550,0
2026-08-06 21:20:43,384,655,558,0
2026-08-06 21:20:44,385,651,543,0
2026-08-06 21:20:45,385,655,551,0
2026-08-06 21:20:46,385,657,555,0
2026-08-06 21:20:47,384,651,554,0
2026-08-06 21:20:48,387,650,550,0
2026-08-06 21:20:49,383,649,540,0
2026-08-06 21:20:50,384,650,549,0
2026-08-06 21:20:51,383,650,546,0
2026-08-06 21:20:52,384,650,553,0
2026-08-06 21:20:53,383,654,538,0
2026-08-06 21:20:54,382,650,560,0
2026-08-06 21:20:55,384,658,548,0
2026-08-06 21:20:56,385,651,549,0
2026-08-06 21:20:57,386,652,552,0
2026-08-06 21:20:58,388,652,553,0
2026-08-06 21:20:59,384,652,556,0
2026-08-06 21:21:00,384,652,553,0
2026-08-06 21:21:01,386,650,547,0
2026-08-06 21:21:02,387,656,552,0
2026-08-06 21:21:03,384,655,550,0
2026-08-06 21:21:04,382,658,551,0
2026-08-06 21:21:05,384,650,552,0
2026-08-06 21:21:06,382,657,549,0
2026-08-06 21:21:07,385,650,545,0
2026-08-06 21:21:08,385,653,559,0
2026-08-06 21:21:09,387,647,561,0
2026-08-06 21:21:10,385,653,554,0
2026-08-06 21:21:11,385,654,557,0
2026-08-06 21:21:12,384,657,550,0
2026-08-06 21:21:13,386,651,557,0
2026-08-06 21:21:14,384,655,558,0
2026-08-06 21:21:15,385,653,558,0
2026-08-06 21:21:16,383,657,561,0
2026-08-06 21:21:17,386,653,553,0
2026-08-06 21:21:18,385,652,552,0
2026-08-06 21:21:19,386,656,549,0
2026-08-06 21:21:20,385,651,549,0
2026-08-06 21:21:21,386,655,547,0
2026-08-06 21:21:22,383,653,550,0
2026-08-06 21:21:23,386,650,561,0
2026-08-06 21:21:24,384,651,543,0
2026-08-06 21:21:25,384,650,560,0
2026-08-06 21:21:26,385,653,555,0
2026-08-06 21:21:27,385,654,539,0
2026-08-06 21:21:28,382,654,557,0
2026-08-06 21:21:29,383,652,550,0
2026-08-06 21:21:30,384,652,556,0
2026-08-06 21:21:31,389,652,549,0
2026-08-06 21:21:32,383,648,552,0
2026-08-06 21:21:33,384,654,553,0
2026-08-06 21:21:34,384,650,556,0
2026-08-06 21:21:35,386,654,549,0
2026-08-06 21:21:36,385,652,546,0
2026-08-06 21:21:37,385,652,561,0
2026-08-06 21:21:38,384,650,543,0
2026-08-06 21:21:39,384,653,556,0
2026-08-06 21:21:40,384,650,551,0
2026-08-06 21:21:41,386,654,545,0
2026-08-06 21:21:42,385,656,551,0
2026-08-06 21:21:43,386,652,557,0
2026-08-06 21:21:44,385,655,548,0
2026-08-06 21:21:45,382,656,554,0
2026-08-06 21:21:46,384,651,550,0
2026-08-06 21:21:47,383,662,550,0
2026-08-06 21:21:48,386,654,550,0
2026-08-06 21:21:49,385,650,550,0
2026-08-06 21:21:50,385,661,557,0
2026-08-06 21:21:51,383,656,546,0
2026-08-06 21:21:52,385,654,560,0
2026-08-06 21:21:53,383,655,542,0
2026-08-06 21:21:54,386,654,545,0
2026-08-06 21:21:55,385,652,558,0
2026-08-06 21:21:56,385,652,544,0
2026-08-06 21:21:57,386,647,551,0
2026-08-06 21:21:58,383,654,557,0
2026-08-06 21:21:59,384,653,552,0
2026-08-06 21:22:00,386,651,549,0
2026-08-06 21:22:01,385,654,550,0
2026-08-06 21:22:02,385,650,546,0
2026-08-06 21:22:03,386,651,551,0
2026-08-06 21:22:04,384,657,549,0
2026-08-06 21:22:05,386,655,550,0
2026-08-06 21:22:06,384,657,549,0
2026-08-06 21:22:07,387,657,551,0
2026-08-06 21:22:08,384,649,551,0
2026-08-06 21:22:09,383,653,548,0
2026-08-06 21:22:10,386,651,549,0
2026-08-06 21:22:11,384,650,547,0
2026-08-06 21:22:12,384,654,552,0
2026-08-06 21:22:13,383,653,552,0
2026-08-06 21:22:14,386,653,545,0
2026-08-06 21:22:15,384,655,556,0
2026-08-06 21:22:16,387,652,541,0
2026-08-06 21:22:17,387,655,545,0
2026-08-06 21:22:18,384,651,555,0
2026-08-06 21:22:19,380,657,558,0
2026-08-06 21:22:20,385,654,553,0
2026-08-06 21:22:21,383,651,552,0
2026-08-06 21:22:22,384,653,559,0
2026-08-06 21:22:23,386,653,543,0
2026-08-06 21:22:24,386,651,546,0
2026-08-06 21:22:25,383,652,549,0
2026-08-06 21:22:26,383,652,550,0
2026-08-06 21:22:27,385,653,550,0
2026-08-06 21:22:28,384,650,551,0
2026-08-06 21:22:29,386,653,554,0
2026-08-06 21:22:30,383,649,552,0
2026-08-06 21:22:31,383,653,557,0
2026-08-06 21:22:32,383,650,542,0
2026-08-06 21:22:33,388,654,550,0
2026-08-06 21:22:34,386,658,531,0
2026-08-06 21:22:35,383,652,546,0
2026-08-06 21:22:36,383,652,556,0
2026-08-06 21:22:37,380,655,535,0
2026-08-06 21:22:38,383,653,550,0
2026-08-06 21:22:39,387,656,549,0
2026-08-06 21:22:40,385,653,559,0
2026-08-06 21:22:41,386,649,555,0
2026-08-06 21:22:42,385,653,548,0
2026-08-06 21:22:43,385,653,552,0
2026-08-06 21:22:44,385,648,547,0
2026-08-06 21:22:45,385,652,560,0
2026-08-06 21:22:46,385,652,548,0
2026-08-06 21:22:47,384,649,554,0
2026-08-06 21:22:49,384,652,553,0
2026-08-06 21:22:49,383,653,553,0
2026-08-06 21:22:50,385,653,553,0
2026-08-06 21:22:51,382,651,554,0
2026-08-06 21:22:52,385,656,556,0
2026-08-06 21:22:53,386,654,543,0
2026-08-06 21:22:54,384,653,552,0
2026-08-06 21:22:55,385,655,548,0
2026-08-06 21:22:56,384,648,558,0
2026-08-06 21:22:57,383,655,559,0
2026-08-06 21:22:58,383,655,556,0
2026-08-06 21:22:59,388,654,555,0
2026-08-06 21:23:00,384,652,560,0
2026-08-06 21:23:01,384,652,544,0
2026-08-06 21:23:02,383,652,554,0
2026-08-06 21:23:03,385,655,543,0
2026-08-06 21:23:04,384,651,546,0
2026-08-06 21:23:05,386,648,550,0
2026-08-06 21:23:06,384,653,548,0
2026-08-06 21:23:07,382,654,549,0
2026-08-06 21:23:08,384,656,548,0
2026-08-06 21:23:09,387,653,558,0
2026-08-06 21:23:10,387,650,545,0
2026-08-06 21:23:11,387,659,550,0
2026-08-06 21:23:12,385,658,556,0
2026-08-06 21:23:13,384,650,555,0
2026-08-06 21:23:14,384,649,546,0
2026-08-06 21:23:15,386,651,549,0
2026-08-06 21:23:16,386,654,545,0
2026-08-06 21:23:17,385,652,564,0
2026-08-06 21:23:18,384,651,547,0
2026-08-06 21:23:19,385,647,557,0
2026-08-06 21:23:20,383,655,556,0
2026-08-06 21:23:21,385,652,555,0
2026-08-06 21:23:22,385,657,542,0
2026-08-06 21:23:23,384,652,544,0
2026-08-06 21:23:24,382,651,564,0
2026-08-06 21:23:25,390,649,558,0
2026-08-06 21:23:26,384,651,559,0
2026-08-06 21:23:27,383,655,549,0
2026-08-06 21:23:28,385,649,554,0
2026-08-06 21:23:29,386,654,562,0
2026-08-06 21:23:30,385,647,546,0
2026-08-06 21:23:31,385,654,554,0
2026-08-06 21:23:32,384,653,554,0
2026-08-06 21:23:33,383,653,551,0
2026-08-06 21:23:34,385,648,554,0
2026-08-06 21:23:35,382,656,549,0
2026-08-06 21:23:36,387,652,558,0
2026-08-06 21:23:37,385,655,560,0
2026-08-06 21:23:38,385,650,541,0
2026-08-06 21:23:39,383,654,561,0
2026-08-06 21:23:40,384,650,549,0
2026-08-06 21:23:41,384,651,556,0
2026-08-06 21:23:42,384,647,554,0
2026-08-06 21:23:43,384,654,553,0
2026-08-06 21:23:44,385,654,553,0
2026-08-06 21:23:45,386,651,558,0
2026-08-06 21:23:46,385,652,547,0
2026-08-06 21:23:47,385,650,558,0
2026-08-06 21:23:48,385,654,561,0
2026-08-06 21:23:49,386,651,561,0
2026-08-06 21:23:50,387,653,547,0
2026-08-06 21:23:51,383,656,553,0
2026-08-06 21:23:52,383,651,540,0
2026-08-06 21:23:53,383,653,542,0
2026-08-06 21:23:54,387,657,541,0
2026-08-06 21:23:55,384,659,560,0
2026-08-06 21:23:56,386,651,540,0
2026-08-06 21:23:57,381,647,536,0
2026-08-06 21:23:58,382,655,559,0
2026-08-06 21:23:59,385,651,544,0
2026-08-06 21:24:00,384,656,542,0
2026-08-06 21:24:01,385,654,546,0
2026-08-06 21:24:02,384,654,552,0
2026-08-06 21:24:03,385,655,561,0
2026-08-06 21:24:04,384,652,547,0
2026-08-06 21:24:05,383,649,550,0
2026-08-06 21:24:06,384,654,549,0
2026-08-06 21:24:07,384,651,551,0
2026-08-06 21:24:08,385,648,549,0
2026-08-06 21:24:09,386,653,549,0
2026-08-06 21:24:10,386,651,547,0
2026-08-06 21:24:11,386,653,548,0
2026-08-06 21:24:12,382,653,550,0
2026-08-06 21:24:13,385,648,546,0
2026-08-06 21:24:14,382,652,559,0
2026-08-06 21:24:15,384,652,548,0
2026-08-06 21:24:16,384,657,543,0
2026-08-06 21:24:17,384,653,544,0
2026-08-06 21:24:18,382,650,544,0
2026-08-06 21:24:19,385,656,557,0
2026-08-06 21:24:20,386,650,542,0
2026-08-06 21:24:21,384,655,546,0
2026-08-06 21:24:22,383,651,559,0
2026-08-06 21:24:23,386,652,554,0
2026-08-06 21:24:24,386,650,542,0
2026-08-06 21:24:25,384,650,540,0
2026-08-06 21:24:26,386,651,548,0
2026-08-06 21:24:27,382,653,546,0
2026-08-06 21:24:28,382,655,552,0
2026-08-06 21:24:29,386,654,546,0
2026-08-06 21:24:30,383,652,545,0
2026-08-06 21:24:31,382,655,550,0
2026-08-06 21:24:32,383,654,555,0
2026-08-06 21:24:33,385,651,540,0
2026-08-06 21:24:34,384,652,548,0
2026-08-06 21:24:35,388,651,548,0
2026-08-06 21:24:36,384,651,550,0
2026-08-06 21:24:37,385,654,546,0
2026-08-06 21:24:38,383,647,554,0
2026-08-06 21:24:39,384,651,550,0
2026-08-06 21:24:40,386,656,555,0
2026-08-06 21:24:41,379,652,543,0
2026-08-06 21:24:42,384,654,556,0
2026-08-06 21:24:43,382,653,558,0
2026-08-06 21:24:44,386,652,553,0
2026-08-06 21:24:45,385,651,549,0
2026-08-06 21:24:46,384,655,549,0
2026-08-06 21:24:47,386,655,544,0
2026-08-06 21:24:48,384,648,545,0
2026-08-06 21:24:49,383,651,551,0
2026-08-06 21:24:50,385,654,552,0
2026-08-06 21:24:51,386,654,540,0
2026-08-06 21:24:52,385,652,565,0
2026-08-06 21:24:53,384,656,548,0
2026-08-06 21:24:54,384,648,546,0
2026-08-06 21:24:55,385,651,548,0
2026-08-06 21:24:56,385,657,555,0
2026-08-06 21:24:57,386,653,553,0
2026-08-06 21:24:58,382,652,540,0
2026-08-06 21:24:59,385,651,548,0
2026-08-06 21:25:00,386,651,561,0
2026-08-06 21:25:01,384,652,538,0
2026-08-06 21:25:02,384,655,544,0
2026-08-06 21:25:03,381,652,564,0
2026-08-06 21:25:04,387,647,544,0
2026-08-06 21:25:05,385,659,554,0
2026-08-06 21:25:06,384,655,547,0
2026-08-06 21:25:07,383,654,547,0
2026-08-06 21:25:08,385,651,558,0
2026-08-06 21:25:09,383,655,543,0
2026-08-06 21:25:10,386,653,540,0
2026-08-06 21:25:11,384,648,548,0
2026-08-06 21:25:12,386,652,551,0
2026-08-06 21:25:13,380,656,547,0
2026-08-06 21:25:14,387,656,540,0
2026-08-06 21:25:15,385,653,551,0
2026-08-06 21:25:16,384,649,544,0
2026-08-06 21:25:17,383,656,557,0
2026-08-06 21:25:18,385,652,542,0
2026-08-06 21:25:19,384,652,552,0
2026-08-06 21:25:20,384,651,560,0
2026-08-06 21:25:21,383,656,565,0
2026-08-06 21:25:22,384,657,561,0
2026-08-06 21:25:23,382,653,554,0
2026-08-06 21:25:24,384,657,548,0
2026-08-06 21:25:25,385,655,545,0
2026-08-06 21:25:26,384,651,550,0
2026-08-06 21:25:27,383,653,545,0
2026-08-06 21:25:28,381,655,546,0
2026-08-06 21:25:29,390,650,555,0
2026-08-06 21:25:30,386,653,539,0
2026-08-06 21:25:31,384,656,547,0
2026-08-06 21:25:32,384,653,547,0
2026-08-06 21:25:33,384,652,560,0
2026-08-06 21:25:34,384,652,545,0
2026-08-06 21:25:35,383,657,548,0
2026-08-06 21:25:36,385,649,549,0
2026-08-06 21:25:37,384,654,551,0
2026-08-06 21:25:38,385,652,557,0
2026-08-06 21:25:39,385,653,559,0
2026-08-06 21:25:40,385,653,561,0
2026-08-06 21:25:41,385,648,541,0
2026-08-06 21:25:42,387,649,541,0
2026-08-06 21:25:43,385,656,557,0
2026-08-06 21:25:44,384,652,545,0
2026-08-06 21:25:45,381,655,547,0
2026-08-06 21:25:46,384,654,549,0
2026-08-06 21:25:47,386,657,542,0
2026-08-06 21:25:48,385,651,546,0
2026-08-06 21:25:49,384,651,552,0
2026-08-06 21:25:50,383,649,557,0
2026-08-06 21:25:51,383,656,551,0
2026-08-06 21:25:52,384,652,541,0
2026-08-06 21:25:53,385,655,549,0
2026-08-06 21:25:54,383,656,549,0
2026-08-06 21:25:55,383,658,553,0
2026-08-06 21:25:56,384,650,549,0
2026-08-06 21:25:57,384,654,550,0
2026-08-06 21:25:58,385,653,544,0
2026-08-06 21:25:59,385,651,552,0
2026-08-06 21:26:00,382,654,545,0
2026-08-06 21:26:01,385,653,553,0
2026-08-06 21:26:02,385,645,542,0
2026-08-06 21:26:03,383,652,545,0
2026-08-06 21:26:04,384,649,551,0
2026-08-06 21:26:05,386,655,550,0
2026-08-06 21:26:06,386,652,555,0
2026-08-06 21:26:07,385,653,547,0
2026-08-06 21:26:08,384,653,550,0
2026-08-06 21:26:09,384,651,540,0
2026-08-06 21:26:10,383,654,547,0
2026-08-06 21:26:11,382,652,555,0
2026-08-06 21:26:12,384,652,552,0
2026-08-06 21:26:13,385,651,557,0
2026-08-06 21:26:14,382,655,567,0
2026-08-06 21:26:15,386,647,553,0
2026-08-06 21:26:16,385,656,547,0
2026-08-06 21:26:17,386,649,552,0
2026-08-06 21:26:18,383,652,552,0
2026-08-06 21:26:19,383,650,547,0
2026-08-06 21:26:20,384,659,547,0
2026-08-06 21:26:21,386,658,549,0
2026-08-06 21:26:22,384,655,548,0
2026-08-06 21:26:23,385,653,549,0
2026-08-06 21:26:24,384,654,544,0
2026-08-06 21:26:25,384,652,557,0
2026-08-06 21:26:26,384,653,556,0
2026-08-06 21:26:27,383,650,545,0
2026-08-06 21:26:28,384,653,551,0
2026-08-06 21:26:29,383,654,548,0
2026-08-06 21:26:30,384,655,546,0
2026-08-06 21:26:31,383,656,542,0
2026-08-06 21:26:32,384,652,557,0
2026-08-06 21:26:33,385,653,546,0
2026-08-06 21:26:34,383,653,550,0
2026-08-06 21:26:35,383,652,548,0
2026-08-06 21:26:36,385,657,551,0
2026-08-06 21:26:37,385,654,552,0
2026-08-06 21:26:38,384,652,548,0
2026-08-06 21:26:39,383,651,551,0
2026-08-06 21:26:40,382,656,555,0
2026-08-06 21:26:41,386,652,547,0
2026-08-06 21:26:42,385,649,545,0
2026-08-06 21:26:43,384,654,552,0
2026-08-06 21:26:44,383,651,545,0
2026-08-06 21:26:45,385,656,553,0
2026-08-06 21:26:46,383,652,557,0
2026-08-06 21:26:47,385,653,546,0
2026-08-06 21:26:48,384,650,532,0
2026-08-06 21:26:49,384,651,547,0
2026-08-06 21:26:50,385,656,545,0
2026-08-06 21:26:51,385,657,548,0
2026-08-06 21:26:52,385,656,556,0
2026-08-06 21:26:53,384,652,552,0
2026-08-06 21:26:54,383,652,553,0
2026-08-06 21:26:55,384,654,545,0
2026-08-06 21:26:56,387,653,547,0
2026-08-06 21:26:57,384,655,545,0
2026-08-06 21:26:58,385,658,550,0
2026-08-06 21:26:59,384,655,545,0
2026-08-06 21:27:00,384,655,546,0
2026-08-06 21:27:01,382,654,545,0
2026-08-06 21:27:02,387,651,542,0
2026-08-06 21:27:03,385,657,548,0
2026-08-06 21:27:04,386,658,543,0
2026-08-06 21:27:05,384,653,547,0
2026-08-06 21:27:06,384,654,549,0
2026-08-06 21:27:07,382,657,550,0
2026-08-06 21:27:08,386,656,548,0
2026-08-06 21:27:09,385,653,545,0
2026-08-06 21:27:10,385,650,541,0
2026-08-06 21:27:11,383,654,542,0
2026-08-06 21:27:12,383,655,539,0
2026-08-06 21:27:13,382,654,545,0
2026-08-06 21:27:14,382,654,545,0
2026-08-06 21:27:15,385,654,547,0
2026-08-06 21:27:16,382,655,541,0
2026-08-06 21:27:17,385,652,548,0
2026-08-06 21:27:18,382,655,546,0
2026-08-06 21:27:19,384,651,545,0
2026-08-06 21:27:20,384,654,558,0
2026-08-06 21:27:21,383,649,558,0
2026-08-06 21:27:22,383,657,549,0
2026-08-06 21:27:23,383,651,554,0
2026-08-06 21:27:24,382,653,565,0
2026-08-06 21:27:25,384,651,551,0
2026-08-06 21:27:26,381,658,551,0
2026-08-06 21:27:27,379,652,551,0
2026-08-06 21:27:28,384,656,541,0
2026-08-06 21:27:29,383,655,550,0
2026-08-06 21:27:30,386,655,548,0
2026-08-06 21:27:31,382,649,547,0
2026-08-06 21:27:32,384,657,548,0
2026-08-06 21:27:33,386,655,546,0
2026-08-06 21:27:34,385,653,547,0
2026-08-06 21:27:35,383,656,549,0
2026-08-06 21:27:36,384,652,550,0
2026-08-06 21:27:37,384,656,544,0
2026-08-06 21:27:38,384,653,538,0
2026-08-06 21:27:39,384,653,563,0
2026-08-06 21:27:40,383,655,553,0
2026-08-06 21:27:41,386,649,536,0
2026-08-06 21:27:42,383,651,556,0
2026-08-06 21:27:43,384,658,539,0
2026-08-06 21:27:44,387,657,545,0
2026-08-06 21:27:45,387,652,543,0
2026-08-06 21:27:46,382,654,546,0
2026-08-06 21:27:47,385,652,541,0
2026-08-06 21:27:48,385,649,545,0
2026-08-06 21:27:49,383,656,547,0
2026-08-06 21:27:50,384,653,552,0
2026-08-06 21:27:51,385,649,548,0
2026-08-06 21:27:52,384,656,539,0
2026-08-06 21:27:53,383,657,558,0
2026-08-06 21:27:54,384,655,545,0
2026-08-06 21:27:55,385,655,550,0
2026-08-06 21:27:56,380,657,551,0
2026-08-06 21:27:57,385,652,545,0
2026-08-06 21:27:58,384,655,552,0
2026-08-06 21:27:59,384,652,547,0
2026-08-06 21:28:00,385,654,551,0
2026-08-06 21:28:01,382,657,557,0
2026-08-06 21:28:02,384,650,546,0
2026-08-06 21:28:03,385,650,554,0
2026-08-06 21:28:04,384,657,547,0
2026-08-06 21:28:05,385,656,554,0
2026-08-06 21:28:06,384,651,546,0
2026-08-06 21:28:07,384,654,542,0
2026-08-06 21:28:08,386,658,548,0
2026-08-06 21:28:09,386,654,551,0
2026-08-06 21:28:10,384,657,555,0
2026-08-06 21:28:11,385,660,536,0
2026-08-06 21:28:12,384,653,541,0
2026-08-06 21:28:13,383,655,555,0
2026-08-06 21:28:14,386,655,551,0
2026-08-06 21:28:15,384,655,548,0
2026-08-06 21:28:16,384,653,545,0
2026-08-06 21:28:17,384,653,542,0
2026-08-06 21:28:18,385,656,541,0
2026-08-06 21:28:19,386,657,551,0
2026-08-06 21:28:20,382,650,552,0
2026-08-06 21:28:21,385,657,555,0
2026-08-06 21:28:22,384,662,552,0
2026-08-06 21:28:23,384,658,554,0
2026-08-06 21:28:24,383,653,543,0
2026-08-06 21:28:25,386,650,542,0
2026-08-06 21:28:26,384,653,547,0
2026-08-06 21:28:27,381,657,568,0
2026-08-06 21:28:28,386,652,556,0
2026-08-06 21:28:29,386,656,552,0
2026-08-06 21:28:30,383,661,546,0
2026-08-06 21:28:31,383,652,559,0
2026-08-06 21:28:32,384,653,551,0
2026-08-06 21:28:33,383,655,553,0
2026-08-06 21:28:34,386,657,548,0
2026-08-06 21:28:35,385,653,547,0
2026-08-06 21:28:36,383,652,552,0
2026-08-06 21:28:37,383,653,544,0
2026-08-06 21:28:38,383,652,553,0
2026-08-06 21:28:39,386,655,555,0
2026-08-06 21:28:40,383,657,554,0
2026-08-06 21:28:41,381,652,543,0
2026-08-06 21:28:42,386,656,551,0
2026-08-06 21:28:43,384,652,549,0
2026-08-06 21:28:44,384,655,553,0
2026-08-06 21:28:45,387,649,551,0
2026-08-06 21:28:46,382,657,545,0
2026-08-06 21:28:47,383,655,535,0
2026-08-06 21:28:48,384,652,544,0
2026-08-06 21:28:49,385,650,558,0
2026-08-06 21:28:50,384,653,552,0
2026-08-06 21:28:51,384,654,552,0
2026-08-06 21:28:52,384,655,547,0
2026-08-06 21:28:53,384,656,551,0
2026-08-06 21:28:54,385,656,549,0
2026-08-06 21:28:55,386,657,553,0
2026-08-06 21:28:56,385,659,546,0
2026-08-06 21:28:57,385,653,550,0
2026-08-06 21:28:58,384,656,543,0
2026-08-06 21:28:59,386,653,545,0
2026-08-06 21:29:00,386,658,543,0
2026-08-06 21:29:01,384,654,550,0
2026-08-06 21:29:02,385,661,550,0
2026-08-06 21:29:03,384,654,551,0
2026-08-06 21:29:04,386,657,545,0
2026-08-06 21:29:05,382,653,542,0
2026-08-06 21:29:06,384,647,546,0
2026-08-06 21:29:07,383,655,547,0
2026-08-06 21:29:08,387,655,555,0
2026-08-06 21:29:09,385,651,544,0
2026-08-06 21:29:10,385,658,543,0
2026-08-06 21:29:11,386,654,552,0
2026-08-06 21:29:12,385,652,546,0
2026-08-06 21:29:13,382,657,547,0
2026-08-06 21:29:14,384,654,549,0
2026-08-06 21:29:15,384,656,548,0
2026-08-06 21:29:16,386,658,542,0
2026-08-06 21:29:17,384,657,549,0
2026-08-06 21:29:18,383,651,543,0
2026-08-06 21:29:19,386,655,537,0
2026-08-06 21:29:20,384,657,543,0
2026-08-06 21:29:21,385,654,550,0
2026-08-06 21:29:22,387,651,537,0
2026-08-06 21:29:23,385,658,551,0
2026-08-06 21:29:24,384,656,547,0
2026-08-06 21:29:25,382,656,546,0
2026-08-06 21:29:26,384,656,556,0
2026-08-06 21:29:27,387,658,547,0
2026-08-06 21:29:28,384,653,548,0
2026-08-06 21:29:29,386,658,543,0
2026-08-06 21:29:30,383,658,536,0
2026-08-06 21:29:31,385,651,539,0
2026-08-06 21:29:32,385,656,543,0
2026-08-06 21:29:33,382,651,555,0
2026-08-06 21:29:34,385,656,550,0
2026-08-06 21:29:35,383,655,537,0
2026-08-06 21:29:36,387,656,555,0
2026-08-06 21:29:37,385,657,536,0
2026-08-06 21:29:38,383,653,546,0
2026-08-06 21:29:39,384,651,546,0
2026-08-06 21:29:40,388,654,538,0
2026-08-06 21:29:41,383,654,547,0
2026-08-06 21:29:42,384,653,545,0
2026-08-06 21:29:43,386,657,552,0
2026-08-06 21:29:44,384,656,536,0
2026-08-06 21:29:45,384,653,538,0
2026-08-06 21:29:46,384,655,544,0
2026-08-06 21:29:47,384,651,557,0
2026-08-06 21:29:48,383,653,548,0
2026-08-06 21:29:49,383,652,551,0
2026-08-06 21:29:50,385,651,543,0
2026-08-06 21:29:51,384,651,547,0
2026-08-06 21:29:52,384,653,549,0
2026-08-06 21:29:53,382,653,543,0
2026-08-06 21:29:54,386,656,536,0
2026-08-06 21:29:55,384,651,547,0
2026-08-06 21:29:56,386,656,555,0
2026-08-06 21:29:57,386,651,548,0
2026-08-06 21:29:58,384,656,543,0
2026-08-06 21:29:59,385,655,541,0
2026-08-06 21:30:00,385,651,541,0
2026-08-06 21:30:01,385,657,547,0
2026-08-06 21:30:02,384,658,543,0
2026-08-06 21:30:03,383,657,554,0
2026-08-06 21:30:04,385,653,556,0
2026-08-06 21:30:05,385,655,546,0
2026-08-06 21:30:06,386,654,553,0
2026-08-06 21:30:07,385,660,550,0
2026-08-06 21:30:08,385,657,555,0
2026-08-06 21:30:09,385,653,548,0
2026-08-06 21:30:10,384,650,553,0
2026-08-06 21:30:11,384,653,545,0
2026-08-06 21:30:12,385,653,540,0
2026-08-06 21:30:13,384,655,547,0
2026-08-06 21:30:14,385,656,556,0
2026-08-06 21:30:15,384,654,556,0
2026-08-06 21:30:16,382,652,553,0
2026-08-06 21:30:17,385,660,546,0
2026-08-06 21:30:18,384,658,547,0
2026-08-06 21:30:19,387,659,542,0
2026-08-06 21:30:20,385,651,542,0
2026-08-06 21:30:21,383,657,547,0
2026-08-06 21:30:22,384,652,542,0
2026-08-06 21:30:23,384,649,552,0
2026-08-06 21:30:24,384,657,542,0
2026-08-06 21:30:25,382,649,543,0
2026-08-06 21:30:26,385,653,548,0
2026-08-06 21:30:27,385,656,554,0
2026-08-06 21:30:28,385,650,546,0
2026-08-06 21:30:29,382,657,554,0
2026-08-06 21:30:30,383,655,545,0
2026-08-06 21:30:31,383,657,537,0
2026-08-06 21:30:32,385,656,546,0
2026-08-06 21:30:33,386,654,550,0
2026-08-06 21:30:34,383,661,549,0
2026-08-06 21:30:35,384,657,547,0
2026-08-06 21:30:36,386,655,558,0
2026-08-06 21:30:37,383,656,536,0
2026-08-06 21:30:38,383,656,547,0
2026-08-06 21:30:39,386,656,541,0
2026-08-06 21:30:40,384,658,550,0
2026-08-06 21:30:41,385,656,544,0
2026-08-06 21:30:42,386,651,549,0
2026-08-06 21:30:43,384,656,547,0
2026-08-06 21:30:44,385,657,551,0
2026-08-06 21:30:45,386,656,544,0
2026-08-06 21:30:46,383,655,542,0
2026-08-06 21:30:47,387,657,540,0
2026-08-06 21:30:48,384,658,533,0
2026-08-06 21:30:49,387,653,546,0
2026-08-06 21:30:50,383,653,551,0
2026-08-06 21:30:51,385,652,527,0
2026-08-06 21:30:52,382,656,552,0
2026-08-06 21:30:53,385,657,554,0
2026-08-06 21:30:54,384,655,547,0
2026-08-06 21:30:55,385,654,545,0
2026-08-06 21:30:56,383,657,539,0
2026-08-06 21:30:57,383,652,547,0
2026-08-06 21:30:58,383,655,548,0
2026-08-06 21:30:59,385,652,542,0
2026-08-06 21:31:00,385,652,551,0
2026-08-06 21:31:01,384,648,550,0
2026-08-06 21:31:02,383,654,553,0
2026-08-06 21:31:03,384,655,533,0
2026-08-06 21:31:04,383,652,540,0
2026-08-06 21:31:05,385,653,555,0
2026-08-06 21:31:06,385,654,548,0
2026-08-06 21:31:07,387,652,538,0
2026-08-06 21:31:08,386,656,553,0
2026-08-06 21:31:09,385,654,542,0
2026-08-06 21:31:10,383,655,551,0
2026-08-06 21:31:11,384,655,542,0
2026-08-06 21:31:12,383,654,550,0
2026-08-06 21:31:13,384,657,541,0
2026-08-06 21:31:14,382,659,541,0
2026-08-06 21:31:15,384,656,543,0
2026-08-06 21:31:16,386,654,558,0
2026-08-06 21:31:17,384,658,544,0
2026-08-06 21:31:18,382,657,543,0
2026-08-06 21:31:19,386,654,546,0
2026-08-06 21:31:20,384,658,554,0
2026-08-06 21:31:21,384,651,549,0
2026-08-06 21:31:22,386,655,549,0
2026-08-06 21:31:23,384,651,545,0
2026-08-06 21:31:24,383,653,548,0
2026-08-06 21:31:25,381,657,541,0
2026-08-06 21:31:26,383,655,536,0
2026-08-06 21:31:27,384,658,536,0
2026-08-06 21:31:28,385,656,545,0
2026-08-06 21:31:29,386,655,542,0
2026-08-06 21:31:30,383,654,546,0
2026-08-06 21:31:31,385,652,545,0
2026-08-06 21:31:32,385,651,530,0
2026-08-06 21:31:33,385,659,536,0
2026-08-06 21:31:34,382,660,552,0
2026-08-06 21:31:35,384,653,553,0
2026-08-06 21:31:36,386,653,542,0
2026-08-06 21:31:37,383,653,539,0
2026-08-06 21:31:38,387,653,561,0
2026-08-06 21:31:39,384,656,542,0
2026-08-06 21:31:40,384,657,537,0
2026-08-06 21:31:41,385,654,549,0
2026-08-06 21:31:42,385,660,548,0
2026-08-06 21:31:43,384,655,550,0
2026-08-06 21:31:44,384,655,548,0
2026-08-06 21:31:45,384,652,549,0
2026-08-06 21:31:46,383,653,547,0
2026-08-06 21:31:47,384,653,547,0
2026-08-06 21:31:48,382,653,552,0
2026-08-06 21:31:49,384,653,555,0
2026-08-06 21:31:50,386,653,549,0
2026-08-06 21:31:51,384,656,545,0
2026-08-06 21:31:52,387,654,544,0
2026-08-06 21:31:53,385,652,548,0
2026-08-06 21:31:54,382,653,549,0
2026-08-06 21:31:55,382,655,553,0
2026-08-06 21:31:56,385,656,549,0
2026-08-06 21:31:57,383,653,546,0
2026-08-06 21:31:58,382,658,543,0
2026-08-06 21:31:59,381,652,547,0
2026-08-06 21:32:00,383,660,544,0
2026-08-06 21:32:01,385,655,556,0
2026-08-06 21:32:02,383,660,552,0
2026-08-06 21:32:03,386,657,541,0
2026-08-06 21:32:04,386,654,552,0
2026-08-06 21:32:05,386,653,543,0
2026-08-06 21:32:06,384,660,546,0
2026-08-06 21:32:07,383,654,551,0
2026-08-06 21:32:08,385,656,555,0
2026-08-06 21:32:09,382,655,548,0
2026-08-06 21:32:10,385,654,547,0
2026-08-06 21:32:11,383,654,545,0
2026-08-06 21:32:12,381,659,538,0
2026-08-06 21:32:13,381,656,537,0
2026-08-06 21:32:14,386,660,538,0
2026-08-06 21:32:15,384,651,559,0
2026-08-06 21:32:16,383,657,548,0
2026-08-06 21:32:17,384,652,542,0
2026-08-06 21:32:18,383,657,548,0
2026-08-06 21:32:19,383,658,555,0
2026-08-06 21:32:20,383,652,549,0
2026-08-06 21:32:21,385,657,540,0
2026-08-06 21:32:22,380,659,552,0
2026-08-06 21:32:23,385,661,554,0
2026-08-06 21:32:24,384,652,551,0
2026-08-06 21:32:25,386,656,548,0
2026-08-06 21:32:26,382,657,544,0
2026-08-06 21:32:27,384,653,541,0
2026-08-06 21:32:28,384,658,542,0
2026-08-06 21:32:29,384,654,553,0
2026-08-06 21:32:30,382,654,547,0
2026-08-06 21:32:31,384,654,548,0
2026-08-06 21:32:32,384,654,550,0
2026-08-06 21:32:33,386,656,553,0
2026-08-06 21:32:34,384,655,544,0
2026-08-06 21:32:35,386,652,542,0
2026-08-06 21:32:36,386,657,555,0
2026-08-06 21:32:37,385,654,544,0
2026-08-06 21:32:38,385,658,551,0
2026-08-06 21:32:39,384,656,553,0
2026-08-06 21:32:40,383,658,551,0
2026-08-06 21:32:41,384,654,546,0
2026-08-06 21:32:42,381,655,549,0
2026-08-06 21:32:43,384,652,553,0
2026-08-06 21:32:44,386,656,550,0
2026-08-06 21:32:45,389,654,550,0
2026-08-06 21:32:46,385,655,555,0
2026-08-06 21:32:47,384,657,548,0
2026-08-06 21:32:48,381,656,536,0
2026-08-06 21:32:49,386,654,551,0
2026-08-06 21:32:50,382,654,552,0
2026-08-06 21:32:51,385,652,556,0
2026-08-06 21:32:52,385,662,534,0
2026-08-06 21:32:53,385,655,539,0
2026-08-06 21:32:54,382,657,556,0
2026-08-06 21:32:55,384,655,541,0
2026-08-06 21:32:56,384,649,546,0
2026-08-06 21:32:57,385,659,543,0
2026-08-06 21:32:58,387,656,542,0
2026-08-06 21:32:59,385,655,542,0
2026-08-06 21:33:00,385,652,545,0
2026-08-06 21:33:01,384,655,541,0
2026-08-06 21:33:02,385,655,547,0
2026-08-06 21:33:03,383,657,547,0
2026-08-06 21:33:04,384,653,546,0
2026-08-06 21:33:05,385,658,554,0
2026-08-06 21:33:06,384,655,555,0
2026-08-06 21:33:07,384,656,559,0
2026-08-06 21:33:08,384,655,543,0
2026-08-06 21:33:09,383,658,552,0
2026-08-06 21:33:10,383,656,545,0
2026-08-06 21:33:11,384,657,546,0
2026-08-06 21:33:12,384,655,548,0
2026-08-06 21:33:13,383,655,546,0
2026-08-06 21:33:14,384,656,548,0
2026-08-06 21:33:15,384,659,553,0
2026-08-06 21:33:16,384,656,550,0
2026-08-06 21:33:17,384,656,553,0
2026-08-06 21:33:18,385,656,549,0
2026-08-06 21:33:19,384,653,555,0
2026-08-06 21:33:20,384,651,547,0
2026-08-06 21:33:21,383,654,545,0
2026-08-06 21:33:22,386,655,549,0
2026-08-06 21:33:23,384,654,542,0
2026-08-06 21:33:24,384,657,556,0
2026-08-06 21:33:25,386,657,550,0
2026-08-06 21:33:26,385,656,543,0
2026-08-06 21:33:27,386,654,547,0
2026-08-06 21:33:28,385,655,553,0
2026-08-06 21:33:29,386,653,547,0
2026-08-06 21:33:30,384,655,539,0
2026-08-06 21:33:31,383,655,548,0
2026-08-06 21:33:32,384,651,545,0
2026-08-06 21:33:33,386,656,532,0
2026-08-06 21:33:34,385,657,557,0
2026-08-06 21:33:35,384,658,554,0
2026-08-06 21:33:36,383,659,553,0
2026-08-06 21:33:37,387,655,545,0
2026-08-06 21:33:38,383,661,550,0
2026-08-06 21:33:39,383,653,553,0
2026-08-06 21:33:40,385,656,551,0
2026-08-06 21:33:41,382,655,562,0
2026-08-06 21:33:42,383,656,552,0
2026-08-06 21:33:43,384,652,543,0
2026-08-06 21:33:44,386,655,551,0
2026-08-06 21:33:45,384,655,550,0
2026-08-06 21:33:46,384,656,545,0
2026-08-06 21:33:47,384,655,546,0
2026-08-06 21:33:48,384,654,540,0
2026-08-06 21:33:49,385,658,548,0
2026-08-06 21:33:50,387,655,554,0
2026-08-06 21:33:51,385,657,551,0
2026-08-06 21:33:52,386,653,544,0
2026-08-06 21:33:53,385,654,547,0
2026-08-06 21:33:54,386,658,554,0
2026-08-06 21:33:55,383,651,550,0
2026-08-06 21:33:56,382,655,541,0
2026-08-06 21:33:57,385,651,556,0
2026-08-06 21:33:58,383,655,542,0
2026-08-06 21:33:59,387,654,559,0
2026-08-06 21:34:00,385,657,556,0
2026-08-06 21:34:01,386,654,554,0
2026-08-06 21:34:02,384,651,548,0
2026-08-06 21:34:03,381,659,547,0
2026-08-06 21:34:04,384,656,547,0
2026-08-06 21:34:05,382,659,552,0
2026-08-06 21:34:06,385,654,552,0
2026-08-06 21:34:07,382,658,547,0
2026-08-06 21:34:08,382,656,547,0
2026-08-06 21:34:09,383,654,556,0
2026-08-06 21:34:10,387,654,547,0
2026-08-06 21:34:11,384,659,552,0
2026-08-06 21:34:12,382,657,557,0
2026-08-06 21:34:13,384,656,547,0
2026-08-06 21:34:14,387,654,551,0
2026-08-06 21:34:15,384,652,543,0
2026-08-06 21:34:16,385,653,540,0
2026-08-06 21:34:17,386,655,550,0
2026-08-06 21:34:18,386,656,547,0
2026-08-06 21:34:19,385,654,548,0
2026-08-06 21:34:20,384,657,545,0
2026-08-06 21:34:21,383,657,548,0
2026-08-06 21:34:22,382,654,547,0
2026-08-06 21:34:23,385,655,553,0
2026-08-06 21:34:24,384,659,550,0
2026-08-06 21:34:25,385,656,544,0
2026-08-06 21:34:26,384,654,545,0
2026-08-06 21:34:27,387,660,556,0
2026-08-06 21:34:28,385,656,536,0
2026-08-06 21:34:29,385,653,545,0
2026-08-06 21:34:30,385,654,546,0
2026-08-06 21:34:31,384,657,548,0
2026-08-06 21:34:32,386,653,550,0
2026-08-06 21:34:33,384,652,543,0
2026-08-06 21:34:34,388,657,553,0
2026-08-06 21:34:35,384,654,544,0
2026-08-06 21:34:36,383,654,543,0
2026-08-06 21:34:37,383,655,554,0
2026-08-06 21:34:38,382,655,540,0
2026-08-06 21:34:39,383,656,553,0
2026-08-06 21:34:40,386,653,554,0
2026-08-06 21:34:41,385,655,550,0
2026-08-06 21:34:42,383,658,550,0
2026-08-06 21:34:43,385,657,549,0
2026-08-06 21:34:44,383,655,550,0
2026-08-06 21:34:45,386,659,546,0
2026-08-06 21:34:46,384,656,545,0
2026-08-06 21:34:47,386,655,545,0
2026-08-06 21:34:48,384,660,546,0
2026-08-06 21:34:49,382,653,555,0
2026-08-06 21:34:50,381,654,552,0
2026-08-06 21:34:51,384,656,542,0
2026-08-06 21:34:52,384,652,545,0
2026-08-06 21:34:53,386,652,549,0
2026-08-06 21:34:54,384,656,544,0
2026-08-06 21:34:55,383,655,553,0
2026-08-06 21:34:56,385,651,548,0
2026-08-06 21:34:57,385,654,544,0
2026-08-06 21:34:58,385,656,549,0
2026-08-06 21:34:59,384,659,553,0
2026-08-06 21:35:00,384,657,547,0
2026-08-06 21:35:01,384,653,541,0
2026-08-06 21:35:02,384,650,545,0
2026-08-06 21:35:03,383,657,542,0
2026-08-06 21:35:04,384,660,552,0
2026-08-06 21:35:05,385,660,552,0
2026-08-06 21:35:06,384,656,551,0
2026-08-06 21:35:07,383,656,557,0
2026-08-06 21:35:08,385,656,552,0
2026-08-06 21:35:09,383,657,540,0
2026-08-06 21:35:10,385,655,536,0
2026-08-06 21:35:11,384,658,549,0
2026-08-06 21:35:12,384,656,544,0
2026-08-06 21:35:13,386,657,549,0
2026-08-06 21:35:14,386,654,548,0
2026-08-06 21:35:15,384,657,557,0
2026-08-06 21:35:16,385,658,544,0
2026-08-06 21:35:17,385,654,548,0
2026-08-06 21:35:18,384,658,549,0
2026-08-06 21:35:19,385,658,550,0
2026-08-06 21:35:20,388,659,549,0
2026-08-06 21:35:21,387,659,552,0
2026-08-06 21:35:22,384,657,547,0
2026-08-06 21:35:23,383,658,549,0
2026-08-06 21:35:24,384,662,553,0
2026-08-06 21:35:25,385,661,550,0
2026-08-06 21:35:26,383,657,548,0
2026-08-06 21:35:27,387,654,552,0
2026-08-06 21:35:28,382,656,556,0
2026-08-06 21:35:29,383,658,539,0
2026-08-06 21:35:30,384,654,554,0
2026-08-06 21:35:31,387,654,539,0
2026-08-06 21:35:32,383,657,535,0
2026-08-06 21:35:33,385,659,542,0
2026-08-06 21:35:35,384,658,541,0
2026-08-06 21:35:35,383,657,556,0
2026-08-06 21:35:36,382,655,545,0
2026-08-06 21:35:37,382,659,561,0
2026-08-06 21:35:38,383,658,554,0
2026-08-06 21:35:39,381,654,548,0
2026-08-06 21:35:40,384,661,550,0
2026-08-06 21:35:41,384,658,544,0
2026-08-06 21:35:42,385,660,545,0
2026-08-06 21:35:43,385,661,544,0
2026-08-06 21:35:44,384,653,552,0
2026-08-06 21:35:45,384,657,536,0
2026-08-06 21:35:46,384,655,550,0
2026-08-06 21:35:47,386,656,543,0
2026-08-06 21:35:48,381,657,547,0
2026-08-06 21:35:49,385,659,550,0
2026-08-06 21:35:50,384,657,557,0
2026-08-06 21:35:51,385,661,541,0
2026-08-06 21:35:52,387,659,561,0
2026-08-06 21:35:53,384,658,560,0
2026-08-06 21:35:54,383,656,547,0
2026-08-06 21:35:55,384,658,552,0
2026-08-06 21:35:56,385,659,554,0
2026-08-06 21:35:57,387,654,554,0
2026-08-06 21:35:58,386,657,539,0
2026-08-06 21:35:59,383,656,545,0
2026-08-06 21:36:00,383,658,550,0
2026-08-06 21:36:01,385,658,543,0
2026-08-06 21:36:02,381,654,552,0
2026-08-06 21:36:03,385,657,564,0
2026-08-06 21:36:04,384,657,554,0
2026-08-06 21:36:05,383,655,531,0
2026-08-06 21:36:06,385,655,546,0
2026-08-06 21:36:07,385,657,549,0
2026-08-06 21:36:08,384,658,540,0
2026-08-06 21:36:09,384,653,558,0
2026-08-06 21:36:10,383,657,555,0
2026-08-06 21:36:11,384,659,557,0
2026-08-06 21:36:12,385,658,554,0
2026-08-06 21:36:13,384,658,559,0
2026-08-06 21:36:14,384,657,549,0
2026-08-06 21:36:15,383,655,549,0
2026-08-06 21:36:16,385,659,554,0
2026-08-06 21:36:17,384,656,550,0
2026-08-06 21:36:18,385,659,562,0
2026-08-06 21:36:19,385,659,541,0
2026-08-06 21:36:20,383,655,536,0
2026-08-06 21:36:21,385,661,541,0
2026-08-06 21:36:22,385,655,554,0
2026-08-06 21:36:23,383,653,556,0
2026-08-06 21:36:24,383,662,547,0
2026-08-06 21:36:25,382,657,556,0
2026-08-06 21:36:26,386,650,554,0
2026-08-06 21:36:27,385,655,563,0
2026-08-06 21:36:28,384,656,543,0
2026-08-06 21:36:29,384,660,535,0
2026-08-06 21:36:30,383,658,540,0
2026-08-06 21:36:31,386,662,548,0
2026-08-06 21:36:32,383,661,552,0
2026-08-06 21:36:33,384,657,545,0
2026-08-06 21:36:34,383,661,541,0
2026-08-06 21:36:35,384,659,557,0
2026-08-06 21:36:36,385,659,549,0
2026-08-06 21:36:37,383,659,552,0
2026-08-06 21:36:38,386,657,543,0
2026-08-06 21:36:39,380,658,548,0
2026-08-06 21:36:40,385,653,541,0
2026-08-06 21:36:41,384,657,543,0
2026-08-06 21:36:42,388,659,551,0
2026-08-06 21:36:43,385,658,553,0
2026-08-06 21:36:44,387,653,543,0
2026-08-06 21:36:45,385,660,553,0
2026-08-06 21:36:46,386,657,546,0
2026-08-06 21:36:47,383,656,548,0
2026-08-06 21:36:48,385,658,552,0
2026-08-06 21:36:49,385,659,545,0
2026-08-06 21:36:50,384,659,545,0
2026-08-06 21:36:51,383,658,554,0
2026-08-06 21:36:52,385,662,542,0
2026-08-06 21:36:53,381,653,546,0
2026-08-06 21:36:54,384,656,550,0
2026-08-06 21:36:55,389,656,555,0
2026-08-06 21:36:56,382,658,541,0
2026-08-06 21:36:57,384,657,558,0
2026-08-06 21:36:58,385,658,551,0
2026-08-06 21:36:59,381,660,544,0
2026-08-06 21:37:00,383,659,550,0
2026-08-06 21:37:01,385,658,555,0
2026-08-06 21:37:02,383,660,552,0
2026-08-06 21:37:03,385,656,562,0
2026-08-06 21:37:04,385,655,544,0
2026-08-06 21:37:05,384,657,552,0
2026-08-06 21:37:06,385,656,549,0
2026-08-06 21:37:07,384,660,543,0
2026-08-06 21:37:08,381,658,546,0
2026-08-06 21:37:09,385,655,545,0
2026-08-06 21:37:10,386,659,543,0
2026-08-06 21:37:11,384,656,556,0
2026-08-06 21:37:12,385,657,561,0
2026-08-06 21:37:13,384,659,548,0
2026-08-06 21:37:14,383,656,548,0
2026-08-06 21:37:15,382,658,554,0
2026-08-06 21:37:16,382,655,554,0
2026-08-06 21:37:17,383,658,551,0
2026-08-06 21:37:18,383,660,549,0
2026-08-06 21:37:19,386,654,553,0
2026-08-06 21:37:20,385,656,544,0
2026-08-06 21:37:21,385,656,552,0
2026-08-06 21:37:22,385,660,555,0
2026-08-06 21:37:23,385,659,563,0
2026-08-06 21:37:24,382,655,548,0
2026-08-06 21:37:25,384,654,552,0
2026-08-06 21:37:26,381,658,540,0
2026-08-06 21:37:27,386,659,542,0
2026-08-06 21:37:28,383,660,541,0
2026-08-06 21:37:29,385,657,560,0
2026-08-06 21:37:30,386,658,553,0
2026-08-06 21:37:31,382,657,545,0
2026-08-06 21:37:32,385,657,550,0
2026-08-06 21:37:33,386,658,556,0
2026-08-06 21:37:34,382,659,545,0
2026-08-06 21:37:35,386,658,548,0
2026-08-06 21:37:36,385,655,550,0
2026-08-06 21:37:37,383,660,545,0
2026-08-06 21:37:38,384,660,554,0
2026-08-06 21:37:39,383,662,546,0
2026-08-06 21:37:40,385,657,545,0
2026-08-06 21:37:41,385,655,545,0
2026-08-06 21:37:42,385,661,547,0
2026-08-06 21:37:43,385,657,551,0
2026-08-06 21:37:44,387,659,552,0
2026-08-06 21:37:45,386,663,539,0
2026-08-06 21:37:46,384,659,531,0
2026-08-06 21:37:47,383,658,552,0
2026-08-06 21:37:48,385,658,539,0
2026-08-06 21:37:49,388,656,549,0
2026-08-06 21:37:50,383,662,540,0
2026-08-06 21:37:51,384,655,551,0
2026-08-06 21:37:52,385,664,537,0
2026-08-06 21:37:53,385,661,542,0
2026-08-06 21:37:54,381,654,532,0
2026-08-06 21:37:55,386,660,542,0
2026-08-06 21:37:56,385,655,540,0
2026-08-06 21:37:57,384,661,563,0
2026-08-06 21:37:58,378,656,545,0
2026-08-06 21:37:59,386,655,543,0
2026-08-06 21:38:00,385,655,543,0
2026-08-06 21:38:01,382,660,540,0
2026-08-06 21:38:02,385,662,548,0
2026-08-06 21:38:03,386,659,543,0
2026-08-06 21:38:04,382,653,552,0
2026-08-06 21:38:05,387,655,545,0
2026-08-06 21:38:06,384,659,544,0
2026-08-06 21:38:07,384,659,549,0
2026-08-06 21:38:08,384,660,555,0
2026-08-06 21:38:09,386,660,547,0
2026-08-06 21:38:10,383,662,545,0
2026-08-06 21:38:11,383,657,546,0
2026-08-06 21:38:12,384,659,548,0
2026-08-06 21:38:13,385,662,546,0
2026-08-06 21:38:14,386,662,554,0
2026-08-06 21:38:15,383,658,554,0
2026-08-06 21:38:16,383,662,542,0
2026-08-06 21:38:17,385,658,540,0
2026-08-06 21:38:18,383,662,550,0
2026-08-06 21:38:19,384,662,552,0
2026-08-06 21:38:20,381,659,542,0
2026-08-06 21:38:21,385,662,547,0
2026-08-06 21:38:22,386,659,540,0
2026-08-06 21:38:23,385,651,533,0
2026-08-06 21:38:24,380,663,553,0
2026-08-06 21:38:25,382,662,548,0
2026-08-06 21:38:26,387,662,547,0
2026-08-06 21:38:27,384,657,542,0
2026-08-06 21:38:28,381,662,552,0
2026-08-06 21:38:29,385,660,541,0
2026-08-06 21:38:30,383,660,548,0
2026-08-06 21:38:31,383,662,533,0
2026-08-06 21:38:32,384,658,551,0
2026-08-06 21:38:33,385,660,548,0
2026-08-06 21:38:34,384,660,556,0
2026-08-06 21:38:35,384,662,547,0
2026-08-06 21:38:36,385,657,551,0
2026-08-06 21:38:37,384,661,555,0
2026-08-06 21:38:38,385,660,549,0
2026-08-06 21:38:39,383,660,545,0
2026-08-06 21:38:40,388,660,549,0
2026-08-06 21:38:41,382,658,538,0
2026-08-06 21:38:42,382,659,540,0
2026-08-06 21:38:43,385,653,546,0
2026-08-06 21:38:44,384,660,547,0
2026-08-06 21:38:45,384,660,551,0
2026-08-06 21:38:46,385,664,550,0
2026-08-06 21:38:47,384,658,539,0
2026-08-06 21:38:48,384,660,539,0
2026-08-06 21:38:49,384,657,554,0
2026-08-06 21:38:50,384,662,543,0
2026-08-06 21:38:51,382,659,554,0
2026-08-06 21:38:52,383,661,544,0
2026-08-06 21:38:53,382,660,533,0
2026-08-06 21:38:54,387,664,534,0
2026-08-06 21:38:55,384,660,548,0
2026-08-06 21:38:56,382,664,549,0
2026-08-06 21:38:57,384,663,550,0
2026-08-06 21:38:58,382,658,549,0
2026-08-06 21:38:59,383,662,544,0
2026-08-06 21:39:00,386,661,542,0
2026-08-06 21:39:01,383,660,555,0
2026-08-06 21:39:02,382,660,544,0
2026-08-06 21:39:03,386,659,557,0
2026-08-06 21:39:04,384,663,543,0
2026-08-06 21:39:05,383,654,555,0
2026-08-06 21:39:06,382,663,553,0
2026-08-06 21:39:07,384,660,544,0
2026-08-06 21:39:08,385,660,541,0
2026-08-06 21:39:09,384,660,557,0
2026-08-06 21:39:10,386,659,551,0
2026-08-06 21:39:11,386,662,550,0
2026-08-06 21:39:12,384,661,546,0
2026-08-06 21:39:13,384,659,544,0
2026-08-06 21:39:14,385,661,545,0
2026-08-06 21:39:15,385,660,550,0
2026-08-06 21:39:16,383,661,546,0
2026-08-06 21:39:17,384,659,549,0
2026-08-06 21:39:18,384,662,552,0
2026-08-06 21:39:19,386,659,546,0
2026-08-06 21:39:20,383,658,549,0
2026-08-06 21:39:21,386,659,540,0
2026-08-06 21:39:22,385,654,543,0
2026-08-06 21:39:23,385,658,540,0
2026-08-06 21:39:24,385,655,548,0
2026-08-06 21:39:25,385,660,539,0
2026-08-06 21:39:26,382,655,551,0
2026-08-06 21:39:27,383,660,556,0
2026-08-06 21:39:28,383,657,536,0
2026-08-06 21:39:29,387,658,556,0
2026-08-06 21:39:30,386,661,538,0
2026-08-06 21:39:31,384,661,540,0
2026-08-06 21:39:32,384,665,534,0
2026-08-06 21:39:33,382,658,551,0
2026-08-06 21:39:34,384,655,540,0
2026-08-06 21:39:35,387,661,536,0
2026-08-06 21:39:36,384,657,545,0
2026-08-06 21:39:37,383,659,547,0
2026-08-06 21:39:38,383,652,558,0
2026-08-06 21:39:39,385,661,545,0
2026-08-06 21:39:40,385,662,548,0
2026-08-06 21:39:41,384,656,543,0
2026-08-06 21:39:42,385,658,552,0
2026-08-06 21:39:43,384,659,547,0
2026-08-06 21:39:44,384,657,543,0
2026-08-06 21:39:45,380,657,541,0
2026-08-06 21:39:46,384,660,558,0
2026-08-06 21:39:47,386,656,550,0
2026-08-06 21:39:48,385,656,550,0
2026-08-06 21:39:49,382,662,545,0
2026-08-06 21:39:50,385,660,545,0
2026-08-06 21:39:51,385,661,549,0
2026-08-06 21:39:52,384,662,554,0
2026-08-06 21:39:53,381,655,541,0
2026-08-06 21:39:54,384,665,553,0
2026-08-06 21:39:55,386,657,551,0
2026-08-06 21:39:56,384,659,549,0
2026-08-06 21:39:57,386,660,550,0
2026-08-06 21:39:58,384,661,551,0
2026-08-06 21:39:59,384,662,547,0
2026-08-06 21:40:00,385,659,560,0
2026-08-06 21:40:01,386,659,561,0
2026-08-06 21:40:02,384,656,548,0
2026-08-06 21:40:03,385,662,537,0
2026-08-06 21:40:04,383,663,549,0
2026-08-06 21:40:05,385,664,554,0
2026-08-06 21:40:06,384,665,555,0
2026-08-06 21:40:07,385,656,540,0
2026-08-06 21:40:08,385,662,540,0
2026-08-06 21:40:09,382,660,552,0
2026-08-06 21:40:10,383,658,547,0
2026-08-06 21:40:11,382,663,549,0
2026-08-06 21:40:12,387,660,543,0
2026-08-06 21:40:13,386,662,538,0
2026-08-06 21:40:14,384,660,545,0
2026-08-06 21:40:15,385,663,545,0
2026-08-06 21:40:16,384,656,542,0
2026-08-06 21:40:17,386,661,546,0
2026-08-06 21:40:18,381,659,543,0
2026-08-06 21:40:19,384,659,554,0
2026-08-06 21:40:20,383,662,543,0
2026-08-06 21:40:21,384,664,552,0
2026-08-06 21:40:22,385,657,557,0
2026-08-06 21:40:23,385,659,549,0
2026-08-06 21:40:24,386,657,540,0
2026-08-06 21:40:25,384,658,546,0
2026-08-06 21:40:26,385,657,540,0
2026-08-06 21:40:27,385,660,550,0
2026-08-06 21:40:28,385,663,550,0
2026-08-06 21:40:29,386,658,544,0
2026-08-06 21:40:30,385,657,554,0
2026-08-06 21:40:31,383,662,542,0
2026-08-06 21:40:32,387,661,547,0
2026-08-06 21:40:33,385,660,560,0
2026-08-06 21:40:34,383,662,548,0
2026-08-06 21:40:35,382,659,557,0
2026-08-06 21:40:36,384,661,550,0
2026-08-06 21:40:37,387,663,551,0
2026-08-06 21:40:38,381,664,548,0
2026-08-06 21:40:39,383,661,545,0
2026-08-06 21:40:40,385,661,547,0
2026-08-06 21:40:41,385,661,531,0
2026-08-06 21:40:42,383,661,553,0
2026-08-06 21:40:43,385,658,530,0
2026-08-06 21:40:44,384,661,546,0
2026-08-06 21:40:45,385,660,555,0
2026-08-06 21:40:46,384,658,548,0
2026-08-06 21:40:47,387,661,535,0
2026-08-06 21:40:48,383,659,544,0
2026-08-06 21:40:49,382,661,540,0
2026-08-06 21:40:50,383,664,537,0
2026-08-06 21:40:51,384,660,543,0
2026-08-06 21:40:52,382,657,559,0
2026-08-06 21:40:53,383,663,548,0
2026-08-06 21:40:54,384,658,554,0
2026-08-06 21:40:55,381,662,551,0
2026-08-06 21:40:56,384,663,546,0
2026-08-06 21:40:57,384,664,542,0
2026-08-06 21:40:58,386,657,555,0
2026-08-06 21:40:59,385,659,548,0
2026-08-06 21:41:00,386,658,549,0
2026-08-06 21:41:01,384,654,545,0
2026-08-06 21:41:02,385,663,546,0
2026-08-06 21:41:03,387,658,548,0
2026-08-06 21:41:04,384,661,546,0
2026-08-06 21:41:05,387,662,552,0
2026-08-06 21:41:06,383,662,547,0
2026-08-06 21:41:07,386,661,558,0
2026-08-06 21:41:08,385,659,532,0
2026-08-06 21:41:09,385,660,543,0
2026-08-06 21:41:10,385,658,538,0
2026-08-06 21:41:11,382,656,541,0
2026-08-06 21:41:12,384,659,544,0
2026-08-06 21:41:13,385,664,541,0
2026-08-06 21:41:14,386,661,551,0
2026-08-06 21:41:15,384,658,541,0
2026-08-06 21:41:16,385,660,538,0
2026-08-06 21:41:17,385,664,547,0
2026-08-06 21:41:18,383,660,556,0
2026-08-06 21:41:19,385,661,566,0
2026-08-06 21:41:20,386,660,544,0
2026-08-06 21:41:21,384,664,548,0
2026-08-06 21:41:22,384,656,549,0
2026-08-06 21:41:23,382,656,546,0
2026-08-06 21:41:24,389,660,553,0
2026-08-06 21:41:25,384,661,537,0
2026-08-06 21:41:26,384,662,535,0
2026-08-06 21:41:27,383,663,543,0
2026-08-06 21:41:28,387,661,562,0
2026-08-06 21:41:29,383,658,550,0
2026-08-06 21:41:30,383,662,535,0
2026-08-06 21:41:31,385,659,538,0
2026-08-06 21:41:32,385,658,550,0
2026-08-06 21:41:33,385,660,549,0
2026-08-06 21:41:34,384,658,544,0
2026-08-06 21:41:35,385,660,536,0
2026-08-06 21:41:36,386,661,548,0
2026-08-06 21:41:37,385,659,554,0
2026-08-06 21:41:38,386,659,550,0
2026-08-06 21:41:39,384,660,547,0
2026-08-06 21:41:40,385,661,544,0
2026-08-06 21:41:41,384,660,551,0
2026-08-06 21:41:42,384,662,535,0
2026-08-06 21:41:43,383,662,548,0
2026-08-06 21:41:44,384,659,541,0
2026-08-06 21:41:45,384,660,547,0
2026-08-06 21:41:46,383,657,551,0
2026-08-06 21:41:47,384,664,548,0
2026-08-06 21:41:48,387,661,542,0
2026-08-06 21:41:49,383,660,551,0
2026-08-06 21:41:50,386,662,547,0
2026-08-06 21:41:51,386,664,546,0
2026-08-06 21:41:52,385,656,543,0
2026-08-06 21:41:53,384,663,545,0
2026-08-06 21:41:54,382,657,538,0
2026-08-06 21:41:55,383,662,535,0
2026-08-06 21:41:56,385,657,548,0
2026-08-06 21:41:57,383,663,541,0
2026-08-06 21:41:58,386,659,553,0
2026-08-06 21:41:59,387,659,553,0
2026-08-06 21:42:00,382,661,545,0
2026-08-06 21:42:01,386,659,544,0
2026-08-06 21:42:02,383,662,549,0
2026-08-06 21:42:03,383,660,540,0
2026-08-06 21:42:04,385,662,548,0
2026-08-06 21:42:05,383,663,534,0
2026-08-06 21:42:06,386,660,544,0
2026-08-06 21:42:07,384,659,541,0
2026-08-06 21:42:08,381,659,550,0
2026-08-06 21:42:09,383,659,551,0
2026-08-06 21:42:10,386,659,546,0
2026-08-06 21:42:11,385,662,551,0
2026-08-06 21:42:12,385,660,555,0
2026-08-06 21:42:13,385,661,545,0
2026-08-06 21:42:14,385,661,542,0
2026-08-06 21:42:15,387,664,551,0
2026-08-06 21:42:16,384,661,549,0
2026-08-06 21:42:17,381,658,548,0
2026-08-06 21:42:18,385,662,547,0
2026-08-06 21:42:19,383,661,562,0
2026-08-06 21:42:20,385,663,542,0
2026-08-06 21:42:21,383,662,550,0
2026-08-06 21:42:22,383,656,554,0
2026-08-06 21:42:23,383,663,539,0
2026-08-06 21:42:24,387,658,547,0
2026-08-06 21:42:25,385,662,554,0
2026-08-06 21:42:26,385,659,547,0
2026-08-06 21:42:27,383,661,542,0
2026-08-06 21:42:28,383,660,547,0
2026-08-06 21:42:29,385,659,551,0
2026-08-06 21:42:30,383,662,551,0
2026-08-06 21:42:31,387,666,553,0
2026-08-06 21:42:32,385,664,535,0
2026-08-06 21:42:33,386,656,555,0
2026-08-06 21:42:34,385,661,557,0
2026-08-06 21:42:35,385,658,546,0
2026-08-06 21:42:36,384,665,550,0
2026-08-06 21:42:37,384,663,544,0
2026-08-06 21:42:38,387,661,550,0
2026-08-06 21:42:39,383,663,537,0
2026-08-06 21:42:40,385,659,547,0
2026-08-06 21:42:41,386,659,533,0
2026-08-06 21:42:42,385,666,541,0
2026-08-06 21:42:43,386,662,547,0
2026-08-06 21:42:44,382,657,547,0
2026-08-06 21:42:45,385,661,539,0
2026-08-06 21:42:46,384,661,549,0
2026-08-06 21:42:47,383,658,549,0
2026-08-06 21:42:48,384,663,542,0
2026-08-06 21:42:49,385,667,543,0
2026-08-06 21:42:50,384,656,550,0
2026-08-06 21:42:51,387,658,535,0
2026-08-06 21:42:52,382,665,538,0
2026-08-06 21:42:53,384,660,548,0
2026-08-06 21:42:54,385,660,550,0
2026-08-06 21:42:55,386,657,561,0
2026-08-06 21:42:56,385,655,541,0
2026-08-06 21:42:57,387,663,543,0
2026-08-06 21:42:58,383,660,545,0
2026-08-06 21:42:59,384,661,545,0
2026-08-06 21:43:00,385,661,551,0
2026-08-06 21:43:01,385,660,547,0
2026-08-06 21:43:02,383,663,547,0
2026-08-06 21:43:03,388,659,549,0
2026-08-06 21:43:04,388,661,545,0
2026-08-06 21:43:05,385,664,546,0
2026-08-06 21:43:06,386,657,547,0
2026-08-06 21:43:07,386,660,554,0
2026-08-06 21:43:08,382,659,539,0
2026-08-06 21:43:09,385,663,542,0
2026-08-06 21:43:10,384,657,546,0
2026-08-06 21:43:11,383,661,542,0
2026-08-06 21:43:12,386,658,539,0
2026-08-06 21:43:13,384,661,547,0
2026-08-06 21:43:14,382,667,547,0
2026-08-06 21:43:15,385,661,548,0
2026-08-06 21:43:16,384,661,549,0
2026-08-06 21:43:17,386,661,543,0
2026-08-06 21:43:18,384,658,555,0
2026-08-06 21:43:19,383,661,551,0
2026-08-06 21:43:20,385,661,541,0
2026-08-06 21:43:21,384,657,541,0
2026-08-06 21:43:22,386,666,539,0
2026-08-06 21:43:23,387,662,539,0
2026-08-06 21:43:24,384,661,559,0
2026-08-06 21:43:25,383,662,551,0
2026-08-06 21:43:26,383,663,551,0
2026-08-06 21:43:27,386,661,544,0
2026-08-06 21:43:28,384,661,533,0
2026-08-06 21:43:29,385,660,541,0
2026-08-06 21:43:30,388,660,538,0
2026-08-06 21:43:31,384,661,544,0
2026-08-06 21:43:32,385,660,545,0
2026-08-06 21:43:33,383,661,534,0
2026-08-06 21:43:34,384,665,555,0
2026-08-06 21:43:35,387,657,541,0
2026-08-06 21:43:36,385,659,544,0
2026-08-06 21:43:37,384,664,540,0
2026-08-06 21:43:38,382,658,553,0
2026-08-06 21:43:39,385,665,531,0
2026-08-06 21:43:40,383,668,540,0
2026-08-06 21:43:41,385,662,547,0
2026-08-06 21:43:42,384,660,553,0
2026-08-06 21:43:43,386,659,544,0
2026-08-06 21:43:44,383,659,548,0
2026-08-06 21:43:45,382,660,559,0
2026-08-06 21:43:46,385,660,533,0
2026-08-06 21:43:47,382,663,545,0
2026-08-06 21:43:48,386,666,554,0
2026-08-06 21:43:49,384,663,542,0
2026-08-06 21:43:50,383,664,551,0
2026-08-06 21:43:51,384,663,543,0
2026-08-06 21:43:52,387,660,557,0
2026-08-06 21:43:53,385,664,551,0
2026-08-06 21:43:54,383,662,551,0
2026-08-06 21:43:55,385,658,553,0
2026-08-06 21:43:56,384,663,545,0
2026-08-06 21:43:57,386,659,553,0
2026-08-06 21:43:58,382,665,545,0
2026-08-06 21:43:59,384,659,544,0
2026-08-06 21:44:00,383,663,549,0
2026-08-06 21:44:01,385,659,545,0
2026-08-06 21:44:02,384,664,537,0
2026-08-06 21:44:03,385,659,545,0
2026-08-06 21:44:04,384,662,535,0
2026-08-06 21:44:05,383,665,548,0
2026-08-06 21:44:06,381,663,536,0
2026-08-06 21:44:07,384,660,536,0
2026-08-06 21:44:08,382,663,556,0
2026-08-06 21:44:09,386,661,552,0
2026-08-06 21:44:10,382,664,534,0
2026-08-06 21:44:11,385,659,563,0
2026-08-06 21:44:12,384,665,544,0
2026-08-06 21:44:13,383,662,543,0
2026-08-06 21:44:14,383,664,553,0
2026-08-06 21:44:15,386,662,547,0
2026-08-06 21:44:16,385,659,549,0
2026-08-06 21:44:17,385,661,541,0
2026-08-06 21:44:18,384,660,553,0
2026-08-06 21:44:19,385,661,545,0
2026-08-06 21:44:20,381,663,542,0
2026-08-06 21:44:21,384,662,536,0
2026-08-06 21:44:22,383,662,547,0
2026-08-06 21:44:23,383,663,553,0
2026-08-06 21:44:24,385,658,552,0
2026-08-06 21:44:25,387,662,540,0
2026-08-06 21:44:26,386,665,543,0
2026-08-06 21:44:27,384,664,533,0
2026-08-06 21:44:28,385,664,541,0
2026-08-06 21:44:29,383,661,542,0
2026-08-06 21:44:30,380,661,545,0
2026-08-06 21:44:31,386,667,548,0
2026-08-06 21:44:32,384,664,542,0
2026-08-06 21:44:33,388,663,539,0
2026-08-06 21:44:34,386,663,560,0
2026-08-06 21:44:35,383,662,541,0
2026-08-06 21:44:36,385,664,552,0
2026-08-06 21:44:37,386,661,541,0
2026-08-06 21:44:38,384,661,547,0
2026-08-06 21:44:39,383,661,553,0
2026-08-06 21:44:40,384,663,536,0
2026-08-06 21:44:41,384,660,540,0
2026-08-06 21:44:42,385,661,553,0
2026-08-06 21:44:43,384,662,539,0
2026-08-06 21:44:44,384,661,558,0
2026-08-06 21:44:45,384,663,543,0
2026-08-06 21:44:46,383,660,556,0
2026-08-06 21:44:47,386,664,570,0
2026-08-06 21:44:48,385,662,546,0
2026-08-06 21:44:49,385,661,545,0
2026-08-06 21:44:50,385,664,549,0
2026-08-06 21:44:51,383,658,548,0
2026-08-06 21:44:52,384,662,559,0
2026-08-06 21:44:53,382,667,548,0
2026-08-06 21:44:54,384,659,531,0
2026-08-06 21:44:55,383,659,547,0
2026-08-06 21:44:56,384,664,559,0
2026-08-06 21:44:57,383,661,548,0
2026-08-06 21:44:58,384,657,546,0
2026-08-06 21:44:59,383,662,537,0
2026-08-06 21:45:00,384,658,548,0
2026-08-06 21:45:01,383,658,545,0
2026-08-06 21:45:02,386,666,530,0
2026-08-06 21:45:03,382,661,538,0
2026-08-06 21:45:04,383,660,545,0
2026-08-06 21:45:05,384,661,542,0
2026-08-06 21:45:06,383,665,556,0
2026-08-06 21:45:07,384,659,544,0
2026-08-06 21:45:08,387,658,536,0
2026-08-06 21:45:09,383,661,559,0
2026-08-06 21:45:10,382,662,539,0
2026-08-06 21:45:11,385,663,538,0
2026-08-06 21:45:12,384,661,541,0
2026-08-06 21:45:13,383,658,553,0
2026-08-06 21:45:14,384,667,551,0
2026-08-06 21:45:15,383,658,555,0
2026-08-06 21:45:16,384,659,551,0
2026-08-06 21:45:17,383,658,559,0
2026-08-06 21:45:18,384,663,547,0
2026-08-06 21:45:19,384,661,546,0
2026-08-06 21:45:20,383,661,544,0
2026-08-06 21:45:21,385,661,540,0
2026-08-06 21:45:22,384,661,541,0
2026-08-06 21:45:23,382,663,541,0
2026-08-06 21:45:24,385,663,535,0
2026-08-06 21:45:25,383,660,546,0
2026-08-06 21:45:26,385,666,546,0
2026-08-06 21:45:27,385,659,547,0
2026-08-06 21:45:28,385,662,541,0
2026-08-06 21:45:29,385,666,542,0
2026-08-06 21:45:30,387,663,538,0
2026-08-06 21:45:31,386,659,549,0
2026-08-06 21:45:32,385,657,543,0
2026-08-06 21:45:33,384,663,547,0
2026-08-06 21:45:34,385,660,553,0
2026-08-06 21:45:35,385,660,550,0
2026-08-06 21:45:36,385,661,547,0
2026-08-06 21:45:37,384,662,545,0
2026-08-06 21:45:38,386,657,547,0
2026-08-06 21:45:39,385,663,548,0
2026-08-06 21:45:40,385,662,556,0
2026-08-06 21:45:41,384,659,563,0
2026-08-06 21:45:42,383,660,535,0
2026-08-06 21:45:43,385,659,543,0
2026-08-06 21:45:44,384,663,544,0
2026-08-06 21:45:45,387,661,542,0
2026-08-06 21:45:46,384,660,539,0
2026-08-06 21:45:47,387,660,550,0
2026-08-06 21:45:48,383,666,551,0
2026-08-06 21:45:49,384,662,544,0
2026-08-06 21:45:50,385,658,546,0
2026-08-06 21:45:51,386,661,541,0
2026-08-06 21:45:52,384,667,540,0
2026-08-06 21:45:53,385,665,549,0
2026-08-06 21:45:54,384,662,540,0
2026-08-06 21:45:55,382,666,551,0
2026-08-06 21:45:56,385,662,555,0
2026-08-06 21:45:57,384,665,546,0
2026-08-06 21:45:58,383,663,535,0
2026-08-06 21:45:59,386,665,549,0
2026-08-06 21:46:00,382,659,539,0
2026-08-06 21:46:01,382,660,546,0
2026-08-06 21:46:02,384,658,545,0
2026-08-06 21:46:03,383,663,549,0
2026-08-06 21:46:04,383,664,543,0
2026-08-06 21:46:05,384,660,554,0
2026-08-06 21:46:06,385,663,540,0
2026-08-06 21:46:07,383,664,541,0
2026-08-06 21:46:08,385,665,546,0
2026-08-06 21:46:09,384,661,542,0
2026-08-06 21:46:10,383,658,546,0
2026-08-06 21:46:11,383,666,545,0
2026-08-06 21:46:12,385,664,537,0
2026-08-06 21:46:13,384,659,545,0
2026-08-06 21:46:14,387,660,541,0
2026-08-06 21:46:15,384,664,550,0
2026-08-06 21:46:16,381,662,555,0
2026-08-06 21:46:17,382,660,542,0
2026-08-06 21:46:18,382,663,543,0
2026-08-06 21:46:19,384,664,553,0
2026-08-06 21:46:20,383,659,549,0
2026-08-06 21:46:21,382,665,532,0
2026-08-06 21:46:22,384,662,541,0
2026-08-06 21:46:23,384,665,541,0
2026-08-06 21:46:24,385,661,543,0
2026-08-06 21:46:25,385,663,548,0
2026-08-06 21:46:26,383,668,560,0
2026-08-06 21:46:27,388,664,544,0
2026-08-06 21:46:28,387,661,544,0
2026-08-06 21:46:29,386,657,545,0
2026-08-06 21:46:30,382,657,535,0
2026-08-06 21:46:31,383,666,549,0
2026-08-06 21:46:32,384,662,541,0
2026-08-06 21:46:33,386,659,543,0
2026-08-06 21:46:34,383,665,543,0
2026-08-06 21:46:35,386,661,542,0
2026-08-06 21:46:36,386,662,537,0
2026-08-06 21:46:37,386,660,534,0
2026-08-06 21:46:38,385,658,534,0
2026-08-06 21:46:39,388,659,539,0
2026-08-06 21:46:40,384,664,545,0
2026-08-06 21:46:41,388,668,541,0
2026-08-06 21:46:42,386,664,545,0
2026-08-06 21:46:43,385,665,545,0
2026-08-06 21:46:44,383,660,548,0
2026-08-06 21:46:45,385,666,535,0
2026-08-06 21:46:46,385,660,535,0
2026-08-06 21:46:47,382,661,533,0
2026-08-06 21:46:48,385,660,550,0
2026-08-06 21:46:49,383,661,557,0
2026-08-06 21:46:50,386,658,536,0
2026-08-06 21:46:51,386,659,546,0
2026-08-06 21:46:52,386,661,554,0
2026-08-06 21:46:53,386,663,554,0
2026-08-06 21:46:54,384,665,543,0
2026-08-06 21:46:55,382,666,550,0
2026-08-06 21:46:56,385,659,544,0
2026-08-06 21:46:57,383,663,546,0
2026-08-06 21:46:58,385,666,554,0
2026-08-06 21:46:59,385,664,545,0
2026-08-06 21:47:00,385,667,542,0
2026-08-06 21:47:01,384,655,539,0
2026-08-06 21:47:02,388,660,541,0
2026-08-06 21:47:03,384,658,549,0
2026-08-06 21:47:04,387,664,540,0
2026-08-06 21:47:05,386,661,538,0
2026-08-06 21:47:06,385,664,552,0
2026-08-06 21:47:07,386,664,547,0
2026-08-06 21:47:08,386,665,550,0
2026-08-06 21:47:09,383,664,543,0
2026-08-06 21:47:10,386,667,539,0
2026-08-06 21:47:11,386,657,541,0
2026-08-06 21:47:12,385,667,524,0
2026-08-06 21:47:13,386,661,547,0
2026-08-06 21:47:14,388,660,554,0
2026-08-06 21:47:15,386,659,562,0
2026-08-06 21:47:16,384,662,554,0
2026-08-06 21:47:17,384,663,544,0
2026-08-06 21:47:18,378,663,541,0
2026-08-06 21:47:19,384,657,554,0
2026-08-06 21:47:20,384,665,544,0
2026-08-06 21:47:21,387,667,544,0
2026-08-06 21:47:22,384,664,554,0
2026-08-06 21:47:23,383,662,547,0
2026-08-06 21:47:24,383,661,545,0
2026-08-06 21:47:25,382,662,540,0
2026-08-06 21:47:26,383,661,549,0
2026-08-06 21:47:27,387,663,546,0
2026-08-06 21:47:28,384,662,544,0
2026-08-06 21:47:29,387,658,541,0
2026-08-06 21:47:30,384,660,546,0
2026-08-06 21:47:31,384,664,534,0
2026-08-06 21:47:32,384,658,557,0
2026-08-06 21:47:33,384,663,541,0
2026-08-06 21:47:34,384,661,556,0
2026-08-06 21:47:35,383,659,547,0
2026-08-06 21:47:36,388,665,551,0
2026-08-06 21:47:37,386,659,544,0
2026-08-06 21:47:38,384,661,551,0
2026-08-06 21:47:39,385,659,533,0
2026-08-06 21:47:40,385,658,547,0
2026-08-06 21:47:41,384,665,543,0
2026-08-06 21:47:42,385,664,544,0
2026-08-06 21:47:43,384,669,550,0
2026-08-06 21:47:44,382,665,540,0
2026-08-06 21:47:45,383,664,545,0
2026-08-06 21:47:46,386,664,558,0
2026-08-06 21:47:47,386,662,552,0
2026-08-06 21:47:48,386,660,541,0
2026-08-06 21:47:49,385,662,552,0
2026-08-06 21:47:50,384,663,553,0
2026-08-06 21:47:51,385,661,548,0
2026-08-06 21:47:52,385,666,548,0
2026-08-06 21:47:53,384,661,542,0
2026-08-06 21:47:54,384,662,553,0
2026-08-06 21:47:55,385,663,540,0
2026-08-06 21:47:56,385,661,544,0
2026-08-06 21:47:57,385,663,546,0
2026-08-06 21:47:58,385,660,549,0
2026-08-06 21:47:59,386,669,544,0
2026-08-06 21:48:00,384,666,550,0
2026-08-06 21:48:01,387,664,546,0
2026-08-06 21:48:02,383,663,545,0
2026-08-06 21:48:03,385,663,546,0
2026-08-06 21:48:04,384,665,547,0
2026-08-06 21:48:05,382,668,544,0
2026-08-06 21:48:06,384,664,542,0
2026-08-06 21:48:07,386,664,549,0
2026-08-06 21:48:08,387,663,552,0
2026-08-06 21:48:09,382,663,537,0
2026-08-06 21:48:10,383,668,545,0
2026-08-06 21:48:11,385,663,544,0
2026-08-06 21:48:12,382,664,543,0
2026-08-06 21:48:13,382,660,549,0
2026-08-06 21:48:14,386,662,538,0
2026-08-06 21:48:15,387,661,541,0
2026-08-06 21:48:16,385,667,537,0
2026-08-06 21:48:17,386,660,549,0
2026-08-06 21:48:18,385,663,546,0
2026-08-06 21:48:19,385,663,544,0
2026-08-06 21:48:20,385,661,550,0
2026-08-06 21:48:21,385,664,539,0
2026-08-06 21:48:22,385,662,552,0
2026-08-06 21:48:23,384,661,542,0
2026-08-06 21:48:24,386,659,548,0
2026-08-06 21:48:25,385,660,545,0
2026-08-06 21:48:26,384,662,538,0
2026-08-06 21:48:27,385,661,552,0
2026-08-06 21:48:28,386,661,543,0
2026-08-06 21:48:29,384,660,547,0
2026-08-06 21:48:30,385,667,537,0
2026-08-06 21:48:31,386,664,545,0
2026-08-06 21:48:32,384,667,549,0
2026-08-06 21:48:33,387,663,541,0
2026-08-06 21:48:34,384,666,551,0
2026-08-06 21:48:35,383,663,559,0
2026-08-06 21:48:36,383,662,530,0
2026-08-06 21:48:37,381,662,548,0
2026-08-06 21:48:38,387,661,549,0
2026-08-06 21:48:39,383,664,548,0
2026-08-06 21:48:40,385,663,547,0
2026-08-06 21:48:41,381,666,541,0
2026-08-06 21:48:42,384,660,555,0
2026-08-06 21:48:43,385,662,543,0
2026-08-06 21:48:44,383,664,535,0
2026-08-06 21:48:45,384,658,541,0
2026-08-06 21:48:46,385,662,545,0
2026-08-06 21:48:47,384,662,546,0
2026-08-06 21:48:48,384,663,556,0
2026-08-06 21:48:49,383,662,557,0
2026-08-06 21:48:50,385,665,541,0
2026-08-06 21:48:51,384,661,538,0
2026-08-06 21:48:52,384,664,550,0
2026-08-06 21:48:53,384,662,547,0
2026-08-06 21:48:54,383,663,552,0
2026-08-06 21:48:55,385,664,540,0
2026-08-06 21:48:56,384,663,538,0
2026-08-06 21:48:57,387,664,531,0
2026-08-06 21:48:58,386,666,545,0
2026-08-06 21:48:59,382,661,534,0
2026-08-06 21:49:00,381,660,546,0
2026-08-06 21:49:01,383,662,545,0
2026-08-06 21:49:02,386,661,557,0
2026-08-06 21:49:03,384,663,559,0
2026-08-06 21:49:04,384,662,540,0
2026-08-06 21:49:05,381,662,547,0
2026-08-06 21:49:06,383,659,541,0
2026-08-06 21:49:07,384,668,545,0
2026-08-06 21:49:08,382,661,549,0
2026-08-06 21:49:09,385,662,540,0
2026-08-06 21:49:10,385,659,553,0
2026-08-06 21:49:11,381,659,546,0
2026-08-06 21:49:12,385,665,540,0
2026-08-06 21:49:13,383,661,547,0
2026-08-06 21:49:14,385,659,551,0
2026-08-06 21:49:15,386,661,544,0
2026-08-06 21:49:16,383,666,543,0
2026-08-06 21:49:17,385,666,538,0
2026-08-06 21:49:18,385,659,546,0
2026-08-06 21:49:19,382,665,542,0
2026-08-06 21:49:20,386,662,536,0
2026-08-06 21:49:21,383,665,545,0
2026-08-06 21:49:22,383,663,546,0
2026-08-06 21:49:23,384,663,542,0
2026-08-06 21:49:24,387,662,540,0
2026-08-06 21:49:25,385,656,541,0
2026-08-06 21:49:26,383,664,548,0
2026-08-06 21:49:27,384,661,544,0
2026-08-06 21:49:28,382,668,541,0
2026-08-06 21:49:29,384,663,551,0
2026-08-06 21:49:30,385,664,538,0
2026-08-06 21:49:31,383,662,543,0
2026-08-06 21:49:32,384,661,545,0
2026-08-06 21:49:33,385,662,537,0
2026-08-06 21:49:34,384,665,552,0
2026-08-06 21:49:35,384,662,551,0
2026-08-06 21:49:36,385,663,530,0
2026-08-06 21:49:37,383,666,544,0
2026-08-06 21:49:38,389,664,555,0
2026-08-06 21:49:39,380,660,551,0
2026-08-06 21:49:40,386,664,553,0
2026-08-06 21:49:41,385,660,548,0
2026-08-06 21:49:42,386,666,548,0
2026-08-06 21:49:43,385,670,554,0
2026-08-06 21:49:44,382,664,548,0
2026-08-06 21:49:45,384,665,553,0
2026-08-06 21:49:46,386,662,549,0
2026-08-06 21:49:47,385,662,545,0
2026-08-06 21:49:48,382,660,551,0
2026-08-06 21:49:49,389,662,545,0
2026-08-06 21:49:50,386,663,550,0
2026-08-06 21:49:51,384,664,535,0
2026-08-06 21:49:52,384,659,549,0
2026-08-06 21:49:53,385,665,564,0
2026-08-06 21:49:54,382,659,548,0
2026-08-06 21:49:55,385,664,537,0
2026-08-06 21:49:56,388,665,543,0
2026-08-06 21:49:57,380,663,548,0
2026-08-06 21:49:58,385,663,547,0
2026-08-06 21:49:59,384,663,551,0
2026-08-06 21:50:00,386,662,549,0
2026-08-06 21:50:01,386,659,541,0
2026-08-06 21:50:02,386,666,551,0
2026-08-06 21:50:03,384,658,550,0
2026-08-06 21:50:04,383,662,550,0
2026-08-06 21:50:05,387,660,554,0
2026-08-06 21:50:06,385,658,559,0
2026-08-06 21:50:07,383,660,542,0
2026-08-06 21:50:08,383,667,545,0
2026-08-06 21:50:09,383,661,543,0
2026-08-06 21:50:10,383,663,548,0
2026-08-06 21:50:11,385,663,543,0
2026-08-06 21:50:12,384,659,556,0
2026-08-06 21:50:13,385,662,538,0
2026-08-06 21:50:14,383,667,542,0
2026-08-06 21:50:15,385,664,538,0
2026-08-06 21:50:16,386,663,543,0
2026-08-06 21:50:17,384,669,546,0
2026-08-06 21:50:18,385,661,544,0
2026-08-06 21:50:19,387,663,541,0
2026-08-06 21:50:20,386,661,540,0
2026-08-06 21:50:21,384,660,548,0
2026-08-06 21:50:22,385,662,542,0
2026-08-06 21:50:23,385,667,548,0
2026-08-06 21:50:24,383,662,553,0
2026-08-06 21:50:25,384,663,554,0
2026-08-06 21:50:26,384,660,548,0
2026-08-06 21:50:27,384,661,546,0
2026-08-06 21:50:28,386,663,550,0
2026-08-06 21:50:29,384,658,540,0
2026-08-06 21:50:30,382,664,546,0
2026-08-06 21:50:31,384,665,539,0
2026-08-06 21:50:32,383,664,540,0
2026-08-06 21:50:33,382,664,548,0
2026-08-06 21:50:34,384,661,540,0
2026-08-06 21:50:35,383,663,547,0
2026-08-06 21:50:36,382,669,536,0
2026-08-06 21:50:37,383,662,556,0
2026-08-06 21:50:38,383,656,550,0
2026-08-06 21:50:39,384,664,545,0
2026-08-06 21:50:40,384,665,551,0
2026-08-06 21:50:41,382,666,539,0
2026-08-06 21:50:42,387,664,546,0
2026-08-06 21:50:43,388,659,548,0
2026-08-06 21:50:44,384,663,549,0
2026-08-06 21:50:45,385,660,542,0
2026-08-06 21:50:46,386,668,543,0
2026-08-06 21:50:47,383,667,555,0
2026-08-06 21:50:48,384,663,551,0
2026-08-06 21:50:49,384,667,547,0
2026-08-06 21:50:50,383,662,552,0
2026-08-06 21:50:51,384,663,551,0
2026-08-06 21:50:52,384,658,546,0
2026-08-06 21:50:53,383,665,551,0
2026-08-06 21:50:54,385,667,545,0
2026-08-06 21:50:55,384,665,547,0
2026-08-06 21:50:56,384,664,543,0
2026-08-06 21:50:57,383,664,539,0
2026-08-06 21:50:58,383,665,536,0
2026-08-06 21:50:59,383,663,544,0
2026-08-06 21:51:00,385,665,540,0
2026-08-06 21:51:01,384,668,550,0
2026-08-06 21:51:02,385,660,549,0
2026-08-06 21:51:03,383,668,550,0
2026-08-06 21:51:04,386,663,539,0
2026-08-06 21:51:05,385,666,552,0
2026-08-06 21:51:06,383,663,549,0
2026-08-06 21:51:07,386,662,545,0
2026-08-06 21:51:08,384,662,550,0
2026-08-06 21:51:09,385,668,549,0
2026-08-06 21:51:10,384,658,554,0
2026-08-06 21:51:11,384,663,547,0
2026-08-06 21:51:12,383,663,553,0
2026-08-06 21:51:13,383,664,544,0
2026-08-06 21:51:14,384,665,549,0
2026-08-06 21:51:15,383,661,539,0
2026-08-06 21:51:16,384,659,541,0
2026-08-06 21:51:17,384,665,545,0
2026-08-06 21:51:18,385,663,530,0
2026-08-06 21:51:19,385,661,563,0
2026-08-06 21:51:20,384,665,540,0
2026-08-06 21:51:21,383,663,551,0
2026-08-06 21:51:22,383,660,557,0
2026-08-06 21:51:23,383,662,538,0
2026-08-06 21:51:24,383,666,550,0
2026-08-06 21:51:25,384,662,545,0
2026-08-06 21:51:26,383,662,551,0
2026-08-06 21:51:27,386,659,547,0
2026-08-06 21:51:28,382,664,559,0
2026-08-06 21:51:29,383,658,538,0
2026-08-06 21:51:30,382,662,545,0
2026-08-06 21:51:31,384,660,536,0
2026-08-06 21:51:32,387,658,546,0
2026-08-06 21:51:33,384,662,555,0
2026-08-06 21:51:34,383,663,545,0
2026-08-06 21:51:35,386,662,540,0
2026-08-06 21:51:36,383,665,543,0
2026-08-06 21:51:37,385,666,554,0
2026-08-06 21:51:38,384,664,540,0
2026-08-06 21:51:39,387,662,561,0
2026-08-06 21:51:40,384,663,528,0
2026-08-06 21:51:41,384,659,555,0
2026-08-06 21:51:42,385,668,539,0
2026-08-06 21:51:43,384,658,552,0
2026-08-06 21:51:44,385,664,553,0
2026-08-06 21:51:45,385,661,544,0
2026-08-06 21:51:46,384,662,546,0
2026-08-06 21:51:47,383,663,555,0
2026-08-06 21:51:49,381,664,540,0
2026-08-06 21:51:49,384,665,539,0
2026-08-06 21:51:50,384,666,557,0
2026-08-06 21:51:51,386,660,558,0
2026-08-06 21:51:52,384,661,541,0
2026-08-06 21:51:53,384,659,553,0
2026-08-06 21:51:54,384,662,543,0
2026-08-06 21:51:55,385,663,539,0
2026-08-06 21:51:56,385,662,550,0
2026-08-06 21:51:57,384,661,543,0
2026-08-06 21:51:58,382,666,541,0
2026-08-06 21:51:59,383,663,542,0
2026-08-06 21:52:00,385,661,541,0
2026-08-06 21:52:01,383,663,539,0
2026-08-06 21:52:02,387,663,549,0
2026-08-06 21:52:03,382,662,552,0
2026-08-06 21:52:04,384,665,551,0
2026-08-06 21:52:05,386,663,541,0
2026-08-06 21:52:06,385,665,546,0
2026-08-06 21:52:07,383,665,540,0
2026-08-06 21:52:08,384,663,547,0
2026-08-06 21:52:09,386,664,544,0
2026-08-06 21:52:10,383,660,546,0
2026-08-06 21:52:11,385,660,545,0
2026-08-06 21:52:12,384,663,548,0
2026-08-06 21:52:13,385,662,550,0
2026-08-06 21:52:14,386,661,552,0
2026-08-06 21:52:15,387,664,540,0
2026-08-06 21:52:16,383,660,552,0
2026-08-06 21:52:17,385,666,543,0
2026-08-06 21:52:18,385,660,554,0
2026-08-06 21:52:19,386,661,542,0
2026-08-06 21:52:20,385,662,557,0
2026-08-06 21:52:21,385,661,544,0
2026-08-06 21:52:22,384,666,549,0
2026-08-06 21:52:23,384,666,543,0
2026-08-06 21:52:24,383,663,554,0
2026-08-06 21:52:25,386,663,551,0
2026-08-06 21:52:26,384,660,548,0
2026-08-06 21:52:27,384,665,546,0
2026-08-06 21:52:28,386,663,548,0
2026-08-06 21:52:29,384,662,542,0
2026-08-06 21:52:30,385,665,555,0
2026-08-06 21:52:31,382,658,549,0
2026-08-06 21:52:32,382,661,542,0
2026-08-06 21:52:33,386,661,539,0
2026-08-06 21:52:34,385,664,547,0
2026-08-06 21:52:35,385,663,543,0
2026-08-06 21:52:36,382,662,546,0
2026-08-06 21:52:37,382,660,550,0
2026-08-06 21:52:38,381,664,546,0
2026-08-06 21:52:39,382,664,533,0
2026-08-06 21:52:40,386,659,553,0
2026-08-06 21:52:41,383,661,551,0
2026-08-06 21:52:42,385,660,544,0
2026-08-06 21:52:43,383,667,534,0
2026-08-06 21:52:44,382,664,537,0
2026-08-06 21:52:45,387,661,533,0
2026-08-06 21:52:46,383,662,539,0
2026-08-06 21:52:47,383,658,540,0
2026-08-06 21:52:48,384,666,552,0
2026-08-06 21:52:49,385,661,548,0
2026-08-06 21:52:50,383,658,542,0
2026-08-06 21:52:51,385,665,553,0
2026-08-06 21:52:52,384,662,533,0
2026-08-06 21:52:53,383,661,539,0
2026-08-06 21:52:54,386,663,544,0
2026-08-06 21:52:55,385,663,542,0
2026-08-06 21:52:56,384,656,549,0
2026-08-06 21:52:57,384,665,550,0
2026-08-06 21:52:58,385,663,556,0
2026-08-06 21:52:59,383,664,561,0
2026-08-06 21:53:00,384,667,554,0
2026-08-06 21:53:01,382,662,540,0
2026-08-06 21:53:02,384,658,553,0
2026-08-06 21:53:03,384,662,541,0
2026-08-06 21:53:04,385,660,540,0
2026-08-06 21:53:05,384,660,543,0
2026-08-06 21:53:06,383,663,544,0
2026-08-06 21:53:07,384,659,543,0
2026-08-06 21:53:08,381,662,549,0
2026-08-06 21:53:09,383,660,554,0
2026-08-06 21:53:10,381,667,550,0
2026-08-06 21:53:11,385,664,532,0
2026-08-06 21:53:12,386,662,544,0
2026-08-06 21:53:13,384,657,545,0
2026-08-06 21:53:14,386,662,542,0
2026-08-06 21:53:15,384,667,551,0
2026-08-06 21:53:16,384,662,539,0
2026-08-06 21:53:17,381,668,548,0
2026-08-06 21:53:18,382,664,544,0
2026-08-06 21:53:19,383,660,559,0
2026-08-06 21:53:20,382,661,534,0
2026-08-06 21:53:21,385,666,550,0
2026-08-06 21:53:22,385,661,549,0
2026-08-06 21:53:23,386,661,542,0
2026-08-06 21:53:24,386,672,537,0
2026-08-06 21:53:25,384,658,555,0
2026-08-06 21:53:26,384,663,545,0
2026-08-06 21:53:27,386,665,550,0
2026-08-06 21:53:28,384,662,545,0
2026-08-06 21:53:29,385,664,547,0
2026-08-06 21:53:30,385,666,551,0
2026-08-06 21:53:31,385,666,550,0
2026-08-06 21:53:32,383,661,547,0
2026-08-06 21:53:33,384,663,543,0
2026-08-06 21:53:34,383,664,542,0
2026-08-06 21:53:35,383,663,550,0
2026-08-06 21:53:36,382,662,545,0
2026-08-06 21:53:37,387,663,540,0
2026-08-06 21:53:38,385,663,547,0
2026-08-06 21:53:39,383,664,546,0
2026-08-06 21:53:40,384,661,545,0
2026-08-06 21:53:41,383,667,556,0
2026-08-06 21:53:42,384,664,545,0
2026-08-06 21:53:43,385,666,550,0
2026-08-06 21:53:44,385,663,544,0
2026-08-06 21:53:45,383,664,537,0
2026-08-06 21:53:46,384,666,546,0
2026-08-06 21:53:47,383,664,546,0
2026-08-06 21:53:48,385,666,548,0
2026-08-06 21:53:49,384,661,553,0
2026-08-06 21:53:50,386,660,531,0
2026-08-06 21:53:51,386,663,550,0
2026-08-06 21:53:52,384,661,549,0
2026-08-06 21:53:53,385,663,549,0
2026-08-06 21:53:54,387,661,542,0
2026-08-06 21:53:55,385,663,546,0
2026-08-06 21:53:56,383,664,550,0
2026-08-06 21:53:57,383,667,541,0
2026-08-06 21:53:58,383,667,544,0
2026-08-06 21:53:59,380,665,560,0
2026-08-06 21:54:00,383,662,542,0
2026-08-06 21:54:01,384,670,542,0
2026-08-06 21:54:02,385,666,549,0
2026-08-06 21:54:03,384,668,546,0
2026-08-06 21:54:04,384,664,545,0
2026-08-06 21:54:05,384,668,543,0
2026-08-06 21:54:06,382,667,535,0
2026-08-06 21:54:07,385,665,551,0
2026-08-06 21:54:08,384,660,554,0
2026-08-06 21:54:09,384,664,551,0
2026-08-06 21:54:10,387,663,536,0
2026-08-06 21:54:11,382,665,546,0
2026-08-06 21:54:12,386,661,548,0
2026-08-06 21:54:13,383,665,551,0
2026-08-06 21:54:14,386,662,557,0
2026-08-06 21:54:15,383,669,533,0
2026-08-06 21:54:16,384,668,551,0
2026-08-06 21:54:17,386,668,553,0
2026-08-06 21:54:18,385,666,541,0
2026-08-06 21:54:19,384,666,547,0
2026-08-06 21:54:20,385,665,546,0
2026-08-06 21:54:21,382,667,539,0
2026-08-06 21:54:22,386,665,537,0
2026-08-06 21:54:23,386,667,542,0
2026-08-06 21:54:24,383,661,543,0
2026-08-06 21:54:25,385,662,535,0
2026-08-06 21:54:26,385,666,550,0
2026-08-06 21:54:27,383,662,548,0
2026-08-06 21:54:28,382,669,555,0
2026-08-06 21:54:29,387,666,557,0
2026-08-06 21:54:30,382,664,541,0
2026-08-06 21:54:31,386,659,548,0
2026-08-06 21:54:32,385,664,544,0
2026-08-06 21:54:33,384,662,547,0
2026-08-06 21:54:34,385,668,545,0
2026-08-06 21:54:35,388,666,543,0
2026-08-06 21:54:36,386,660,541,0
2026-08-06 21:54:37,384,662,547,0
2026-08-06 21:54:38,386,665,555,0
2026-08-06 21:54:39,384,664,544,0
2026-08-06 21:54:40,383,662,541,0
2026-08-06 21:54:41,383,664,531,0
2026-08-06 21:54:42,382,667,557,0
2026-08-06 21:54:43,384,662,529,0
2026-08-06 21:54:44,384,668,554,0
2026-08-06 21:54:45,384,662,539,0
2026-08-06 21:54:46,384,663,557,0
2026-08-06 21:54:47,383,659,560,0
2026-08-06 21:54:48,385,663,545,0
2026-08-06 21:54:49,384,661,553,0
2026-08-06 21:54:50,382,661,541,0
2026-08-06 21:54:51,382,661,556,0
2026-08-06 21:54:52,385,662,545,0
2026-08-06 21:54:53,385,667,539,0
2026-08-06 21:54:54,383,664,537,0
2026-08-06 21:54:55,385,665,529,0
2026-08-06 21:54:56,384,665,546,0
2026-08-06 21:54:57,384,660,543,0
2026-08-06 21:54:58,384,669,552,0
2026-08-06 21:54:59,383,667,540,0
2026-08-06 21:55:00,383,664,545,0
2026-08-06 21:55:01,386,662,552,0
2026-08-06 21:55:02,386,665,553,0
2026-08-06 21:55:03,384,665,551,0
2026-08-06 21:55:04,383,661,543,0
2026-08-06 21:55:05,384,660,546,0
2026-08-06 21:55:06,385,666,545,0
2026-08-06 21:55:07,381,661,537,0
2026-08-06 21:55:08,384,661,552,0
2026-08-06 21:55:09,386,664,539,0
2026-08-06 21:55:10,386,664,534,0
2026-08-06 21:55:11,383,661,549,0
2026-08-06 21:55:12,383,664,564,0
2026-08-06 21:55:13,386,667,533,0
2026-08-06 21:55:14,382,668,540,0
2026-08-06 21:55:15,384,664,557,0
2026-08-06 21:55:16,381,668,548,0
2026-08-06 21:55:17,385,663,535,0
2026-08-06 21:55:18,384,665,540,0
2026-08-06 21:55:19,385,662,536,0
2026-08-06 21:55:20,384,663,544,0
2026-08-06 21:55:21,382,661,547,0
2026-08-06 21:55:22,383,666,547,0
2026-08-06 21:55:23,384,665,543,0
2026-08-06 21:55:24,384,664,544,0
2026-08-06 21:55:25,382,663,544,0
2026-08-06 21:55:26,387,669,548,0
2026-08-06 21:55:27,384,666,541,0
2026-08-06 21:55:28,382,665,545,0
2026-08-06 21:55:29,381,662,532,0
2026-08-06 21:55:30,385,665,553,0
2026-08-06 21:55:31,385,664,543,0
2026-08-06 21:55:32,383,660,546,0
2026-08-06 21:55:33,379,662,533,0
2026-08-06 21:55:34,384,666,545,0
2026-08-06 21:55:35,383,665,541,0
2026-08-06 21:55:36,384,666,554,0
2026-08-06 21:55:37,387,666,545,0
2026-08-06 21:55:38,385,667,551,0
2026-08-06 21:55:39,384,661,549,0
2026-08-06 21:55:40,384,668,545,0
2026-08-06 21:55:41,383,666,551,0
2026-08-06 21:55:42,382,663,542,0
2026-08-06 21:55:43,384,660,548,0
2026-08-06 21:55:44,383,664,557,0
2026-08-06 21:55:45,385,664,541,0
2026-08-06 21:55:46,383,664,557,0
2026-08-06 21:55:47,385,666,528,0
2026-08-06 21:55:48,388,665,549,0
2026-08-06 21:55:49,383,664,555,0
2026-08-06 21:55:50,386,665,547,0
2026-08-06 21:55:51,384,659,559,0
2026-08-06 21:55:52,385,665,544,0
2026-08-06 21:55:53,383,662,543,0
2026-08-06 21:55:54,385,665,543,0
2026-08-06 21:55:55,382,663,548,0
2026-08-06 21:55:56,386,666,536,0
2026-08-06 21:55:57,385,667,552,0
2026-08-06 21:55:58,382,665,556,0
2026-08-06 21:55:59,383,666,548,0
2026-08-06 21:56:00,382,664,538,0
2026-08-06 21:56:01,385,664,545,0
2026-08-06 21:56:02,384,664,543,0
2026-08-06 21:56:03,384,662,550,0
2026-08-06 21:56:04,386,665,538,0
2026-08-06 21:56:05,387,663,541,0
2026-08-06 21:56:06,385,666,535,0
2026-08-06 21:56:07,385,665,555,0
2026-08-06 21:56:08,384,667,551,0
2026-08-06 21:56:09,384,665,546,0
2026-08-06 21:56:10,383,663,547,0
2026-08-06 21:56:11,385,662,547,0
2026-08-06 21:56:12,384,664,541,0
2026-08-06 21:56:13,384,669,543,0
2026-08-06 21:56:14,385,665,540,0
2026-08-06 21:56:15,384,659,552,0
2026-08-06 21:56:16,388,667,551,0
2026-08-06 21:56:17,385,663,547,0
2026-08-06 21:56:18,383,663,545,0
2026-08-06 21:56:19,386,664,544,0
2026-08-06 21:56:20,385,666,546,0
2026-08-06 21:56:21,385,657,551,0
2026-08-06 21:56:22,385,664,543,0
2026-08-06 21:56:23,385,664,542,0
2026-08-06 21:56:24,383,660,547,0
2026-08-06 21:56:25,383,666,543,0
2026-08-06 21:56:26,382,671,543,0
2026-08-06 21:56:27,384,665,548,0
2026-08-06 21:56:28,385,667,547,0
2026-08-06 21:56:29,385,666,547,0
2026-08-06 21:56:30,386,666,539,0
2026-08-06 21:56:31,385,665,560,0
2026-08-06 21:56:32,386,667,551,0
2026-08-06 21:56:33,384,666,543,0
2026-08-06 21:56:34,384,668,550,0
2026-08-06 21:56:35,387,664,543,0
2026-08-06 21:56:36,385,667,555,0
2026-08-06 21:56:37,385,667,542,0
2026-08-06 21:56:38,386,662,553,0
2026-08-06 21:56:39,384,667,547,0
2026-08-06 21:56:40,383,662,541,0
2026-08-06 21:56:41,383,665,543,0
2026-08-06 21:56:42,383,664,544,0
2026-08-06 21:56:43,385,665,554,0
2026-08-06 21:56:44,382,666,544,0
2026-08-06 21:56:45,383,661,552,0
2026-08-06 21:56:46,387,668,541,0
2026-08-06 21:56:47,387,671,549,0
2026-08-06 21:56:48,382,662,541,0
2026-08-06 21:56:49,383,666,563,0
2026-08-06 21:56:50,384,667,536,0
2026-08-06 21:56:51,386,666,553,0
2026-08-06 21:56:52,384,667,548,0
2026-08-06 21:56:53,383,667,546,0
2026-08-06 21:56:54,385,665,553,0
2026-08-06 21:56:55,385,662,534,0
2026-08-06 21:56:56,383,663,551,0
2026-08-06 21:56:57,384,664,559,0
2026-08-06 21:56:58,383,666,536,0
2026-08-06 21:56:59,386,665,558,0
2026-08-06 21:57:00,384,669,540,0
2026-08-06 21:57:01,384,663,553,0
2026-08-06 21:57:02,385,661,553,0
2026-08-06 21:57:03,384,668,540,0
2026-08-06 21:57:04,386,664,547,0
2026-08-06 21:57:05,388,665,553,0
2026-08-06 21:57:06,384,666,541,0
2026-08-06 21:57:07,386,665,543,0
2026-08-06 21:57:08,385,661,546,0
2026-08-06 21:57:09,382,659,551,0
2026-08-06 21:57:10,383,662,538,0
2026-08-06 21:57:11,386,665,548,0
2026-08-06 21:57:12,383,663,539,0
2026-08-06 21:57:13,385,665,543,0
2026-08-06 21:57:14,386,662,536,0
2026-08-06 21:57:15,384,664,546,0
2026-08-06 21:57:16,384,664,544,0
2026-08-06 21:57:17,385,665,544,0
2026-08-06 21:57:18,385,667,553,0
2026-08-06 21:57:19,384,665,546,0
2026-08-06 21:57:20,382,669,543,0
2026-08-06 21:57:21,385,664,556,0
2026-08-06 21:57:22,384,663,555,0
2026-08-06 21:57:23,384,667,554,0
2026-08-06 21:57:24,382,663,556,0
2026-08-06 21:57:25,384,664,545,0
2026-08-06 21:57:26,382,665,550,0
2026-08-06 21:57:27,384,664,547,0
2026-08-06 21:57:28,385,662,553,0
2026-08-06 21:57:29,384,660,552,0
2026-08-06 21:57:30,385,661,541,0
2026-08-06 21:57:31,384,665,543,0
2026-08-06 21:57:32,384,665,543,0
2026-08-06 21:57:33,383,669,544,0
2026-08-06 21:57:34,384,663,542,0
2026-08-06 21:57:35,384,666,543,0
2026-08-06 21:57:36,385,661,557,0
2026-08-06 21:57:37,385,665,544,0
2026-08-06 21:57:38,384,665,550,0
2026-08-06 21:57:39,381,659,554,0
2026-08-06 21:57:40,384,668,554,0
2026-08-06 21:57:41,383,664,558,0
2026-08-06 21:57:42,384,664,543,0
2026-08-06 21:57:43,384,664,537,0
2026-08-06 21:57:44,385,665,544,0
2026-08-06 21:57:45,386,664,549,0
2026-08-06 21:57:46,383,668,554,0
2026-08-06 21:57:47,385,666,544,0
2026-08-06 21:57:48,384,664,549,0
2026-08-06 21:57:49,384,660,550,0
2026-08-06 21:57:50,383,664,535,0
2026-08-06 21:57:51,384,664,546,0
2026-08-06 21:57:52,384,666,547,0
2026-08-06 21:57:53,384,669,547,0
2026-08-06 21:57:54,383,665,549,0
2026-08-06 21:57:55,383,663,550,0
2026-08-06 21:57:56,382,664,547,0
2026-08-06 21:57:57,386,666,548,0
2026-08-06 21:57:58,384,664,538,0
2026-08-06 21:57:59,385,665,539,0
2026-08-06 21:58:00,387,666,541,0
2026-08-06 21:58:01,384,667,535,0
2026-08-06 21:58:02,384,662,548,0
2026-08-06 21:58:03,384,665,541,0
2026-08-06 21:58:04,385,662,544,0
2026-08-06 21:58:05,383,665,534,0
2026-08-06 21:58:06,384,667,549,0
2026-08-06 21:58:07,381,665,551,0
2026-08-06 21:58:08,384,661,541,0
2026-08-06 21:58:09,382,664,539,0
2026-08-06 21:58:10,382,664,553,0
2026-08-06 21:58:11,382,657,544,0
2026-08-06 21:58:12,382,662,541,0
2026-08-06 21:58:13,383,663,545,0
2026-08-06 21:58:14,384,667,534,0
2026-08-06 21:58:15,385,663,555,0
2026-08-06 21:58:16,385,662,540,0
2026-08-06 21:58:17,385,670,543,0
2026-08-06 21:58:18,384,667,541,0
2026-08-06 21:58:19,383,664,552,0
2026-08-06 21:58:20,383,669,553,0
2026-08-06 21:58:21,384,664,547,0
2026-08-06 21:58:22,383,664,538,0
2026-08-06 21:58:23,383,663,540,0
2026-08-06 21:58:24,384,665,538,0
2026-08-06 21:58:25,385,664,548,0
2026-08-06 21:58:26,384,665,558,0
2026-08-06 21:58:27,383,661,547,0
2026-08-06 21:58:28,384,663,544,0
2026-08-06 21:58:29,384,661,541,0
2026-08-06 21:58:30,383,666,544,0
2026-08-06 21:58:31,382,664,544,0
2026-08-06 21:58:32,384,664,533,0
2026-08-06 21:58:33,391,663,549,0
2026-08-06 21:58:34,387,666,543,0
2026-08-06 21:58:35,385,665,540,0
2026-08-06 21:58:36,385,664,547,0
2026-08-06 21:58:37,384,665,551,0
2026-08-06 21:58:38,384,664,548,0
2026-08-06 21:58:39,387,661,553,0
2026-08-06 21:58:40,385,663,546,0
2026-08-06 21:58:41,385,664,541,0
2026-08-06 21:58:42,383,666,549,0
2026-08-06 21:58:43,383,668,556,0
2026-08-06 21:58:44,385,665,535,0
2026-08-06 21:58:45,386,663,545,0
2026-08-06 21:58:46,383,665,552,0
2026-08-06 21:58:47,384,663,545,0
2026-08-06 21:58:48,385,661,549,0
2026-08-06 21:58:49,384,658,537,0
2026-08-06 21:58:50,383,662,554,0
2026-08-06 21:58:51,383,658,540,0
2026-08-06 21:58:52,384,661,540,0
2026-08-06 21:58:53,386,668,564,0
2026-08-06 21:58:54,385,663,551,0
2026-08-06 21:58:55,382,661,544,0
2026-08-06 21:58:56,385,662,552,0
2026-08-06 21:58:57,383,665,540,0
2026-08-06 21:58:58,383,661,544,0
2026-08-06 21:58:59,383,662,540,0
2026-08-06 21:59:00,384,664,543,0
2026-08-06 21:59:01,386,659,553,0
2026-08-06 21:59:02,382,665,548,0
2026-08-06 21:59:03,385,666,548,0
2026-08-06 21:59:04,384,670,530,0
2026-08-06 21:59:05,383,667,538,0
2026-08-06 21:59:06,385,665,558,0
2026-08-06 21:59:07,386,663,559,0
2026-08-06 21:59:08,385,665,533,0
2026-08-06 21:59:09,382,668,549,0
2026-08-06 21:59:10,384,665,550,0
2026-08-06 21:59:11,388,661,546,0
2026-08-06 21:59:12,383,663,550,0
2026-08-06 21:59:13,383,666,539,0
2026-08-06 21:59:14,385,670,548,0
2026-08-06 21:59:15,384,670,553,0
2026-08-06 21:59:16,385,666,555,0
2026-08-06 21:59:17,385,668,541,0
2026-08-06 21:59:18,381,666,541,0
2026-08-06 21:59:19,383,663,543,0
2026-08-06 21:59:20,384,668,540,0
2026-08-06 21:59:21,382,662,551,0
2026-08-06 21:59:22,384,665,535,0
2026-08-06 21:59:23,384,668,538,0
2026-08-06 21:59:24,383,667,542,0
2026-08-06 21:59:25,384,662,545,0
2026-08-06 21:59:26,385,669,540,0
2026-08-06 21:59:27,382,665,545,0
2026-08-06 21:59:28,384,669,554,0
2026-08-06 21:59:29,382,669,547,0
2026-08-06 21:59:30,385,661,548,0
2026-08-06 21:59:31,383,663,559,0
2026-08-06 21:59:32,384,667,551,0
2026-08-06 21:59:33,386,661,549,0
2026-08-06 21:59:34,381,661,544,0
2026-08-06 21:59:35,381,665,550,0
2026-08-06 21:59:36,384,667,545,0
2026-08-06 21:59:37,383,665,527,0
2026-08-06 21:59:38,385,665,540,0
2026-08-06 21:59:39,384,666,548,0
2026-08-06 21:59:40,384,663,545,0
2026-08-06 21:59:41,384,663,546,0
2026-08-06 21:59:42,384,669,538,0
2026-08-06 21:59:43,383,665,551,0
2026-08-06 21:59:44,384,669,540,0
2026-08-06 21:59:45,386,666,556,0
2026-08-06 21:59:46,383,661,553,0
2026-08-06 21:59:47,383,665,548,0
2026-08-06 21:59:48,383,671,538,0
2026-08-06 21:59:49,386,669,544,0
2026-08-06 21:59:50,384,666,534,0
2026-08-06 21:59:51,386,669,545,0
2026-08-06 21:59:52,385,664,544,0
2026-08-06 21:59:53,384,667,551,0
2026-08-06 21:59:54,383,663,538,0
2026-08-06 21:59:55,383,663,546,0
2026-08-06 21:59:56,384,667,545,0
2026-08-06 21:59:57,384,663,540,0
2026-08-06 21:59:58,382,665,549,0
2026-08-06 21:59:59,385,668,539,0
2026-08-06 22:00:00,385,663,554,0
2026-08-06 22:00:01,383,664,537,0
2026-08-06 22:00:02,386,663,554,0
2026-08-06 22:00:03,386,664,546,0
2026-08-06 22:00:04,385,667,539,0
2026-08-06 22:00:05,382,662,555,0
2026-08-06 22:00:06,385,669,544,0
2026-08-06 22:00:07,384,663,526,0
2026-08-06 22:00:08,384,666,543,0
2026-08-06 22:00:09,386,658,538,0
2026-08-06 22:00:10,383,664,544,0
2026-08-06 22:00:11,386,666,555,0
2026-08-06 22:00:12,384,670,533,0
2026-08-06 22:00:13,385,663,545,0
2026-08-06 22:00:14,384,668,549,0
2026-08-06 22:00:15,384,667,543,0
2026-08-06 22:00:16,387,666,538,0
2026-08-06 22:00:17,383,664,553,0
2026-08-06 22:00:18,383,664,543,0
2026-08-06 22:00:19,384,665,548,0
2026-08-06 22:00:20,385,666,550,0
2026-08-06 22:00:21,382,668,546,0
2026-08-06 22:00:22,383,666,552,0
2026-08-06 22:00:23,383,664,549,0
2026-08-06 22:00:24,385,665,544,0
2026-08-06 22:00:25,384,665,562,0
2026-08-06 22:00:26,384,660,548,0
2026-08-06 22:00:27,383,663,539,0
2026-08-06 22:00:28,384,663,538,0
2026-08-06 22:00:29,380,667,545,0
2026-08-06 22:00:30,387,664,548,0
2026-08-06 22:00:31,383,662,547,0
2026-08-06 22:00:32,388,667,544,0
2026-08-06 22:00:33,384,669,542,0
2026-08-06 22:00:34,386,662,544,0
2026-08-06 22:00:35,383,667,545,0
2026-08-06 22:00:36,383,667,545,0
2026-08-06 22:00:37,383,661,541,0
2026-08-06 22:00:38,386,664,545,0
2026-08-06 22:00:39,384,664,536,0
2026-08-06 22:00:40,383,667,553,0
2026-08-06 22:00:41,383,663,553,0
2026-08-06 22:00:42,382,663,539,0
2026-08-06 22:00:43,382,664,552,0
2026-08-06 22:00:44,385,667,549,0
2026-08-06 22:00:45,383,668,546,0
2026-08-06 22:00:46,384,669,540,0
2026-08-06 22:00:47,385,663,539,0
2026-08-06 22:00:48,383,664,543,0
2026-08-06 22:00:49,382,667,544,0
2026-08-06 22:00:50,383,667,543,0
2026-08-06 22:00:51,384,668,536,0
2026-08-06 22:00:52,384,667,546,0
2026-08-06 22:00:53,384,664,543,0
2026-08-06 22:00:54,383,663,543,0
2026-08-06 22:00:55,383,667,549,0
2026-08-06 22:00:56,384,661,556,0
2026-08-06 22:00:57,382,668,558,0
2026-08-06 22:00:58,383,663,553,0
2026-08-06 22:00:59,383,664,539,0
2026-08-06 22:01:00,384,665,539,0
2026-08-06 22:01:01,384,661,550,0
2026-08-06 22:01:02,385,665,537,0
2026-08-06 22:01:03,385,666,552,0
2026-08-06 22:01:04,384,664,547,0
2026-08-06 22:01:05,386,665,547,0
2026-08-06 22:01:06,385,665,544,0
2026-08-06 22:01:07,385,666,538,0
2026-08-06 22:01:08,385,668,543,0
2026-08-06 22:01:09,382,663,541,0
2026-08-06 22:01:10,385,666,548,0
2026-08-06 22:01:11,383,665,531,0
2026-08-06 22:01:12,387,660,552,0
2026-08-06 22:01:13,380,665,539,0
2026-08-06 22:01:14,382,666,535,0
2026-08-06 22:01:15,386,663,552,0
2026-08-06 22:01:16,383,666,538,0
2026-08-06 22:01:17,383,662,552,0
2026-08-06 22:01:18,385,662,544,0
2026-08-06 22:01:19,384,665,558,0
2026-08-06 22:01:20,383,662,548,0
2026-08-06 22:01:21,383,662,544,0
2026-08-06 22:01:22,382,667,549,0
2026-08-06 22:01:23,383,666,542,0
2026-08-06 22:01:24,385,663,540,0
2026-08-06 22:01:25,383,662,537,0
2026-08-06 22:01:26,383,663,546,0
2026-08-06 22:01:27,385,667,536,0
2026-08-06 22:01:28,383,667,563,0
2026-08-06 22:01:29,384,669,555,0
2026-08-06 22:01:30,385,671,535,0
2026-08-06 22:01:31,380,662,539,0
2026-08-06 22:01:32,386,665,542,0
2026-08-06 22:01:33,383,670,559,0
2026-08-06 22:01:34,383,669,546,0
2026-08-06 22:01:35,382,664,538,0
2026-08-06 22:01:36,382,665,548,0
2026-08-06 22:01:37,384,665,552,0
2026-08-06 22:01:38,382,662,546,0
2026-08-06 22:01:39,382,667,545,0
2026-08-06 22:01:40,384,665,555,0
2026-08-06 22:01:41,384,671,551,0
2026-08-06 22:01:42,381,663,532,0
2026-08-06 22:01:43,383,664,542,0
2026-08-06 22:01:44,380,667,538,0
2026-08-06 22:01:45,385,663,550,0
2026-08-06 22:01:46,385,669,547,0
2026-08-06 22:01:47,384,666,556,0
2026-08-06 22:01:48,384,671,541,0
2026-08-06 22:01:49,386,665,540,0
2026-08-06 22:01:50,381,668,552,0
2026-08-06 22:01:51,381,669,534,0
2026-08-06 22:01:52,381,664,545,0
2026-08-06 22:01:53,383,668,538,0
2026-08-06 22:01:54,384,664,553,0
2026-08-06 22:01:55,384,666,542,0
2026-08-06 22:01:56,384,670,555,0
2026-08-06 22:01:57,384,665,540,0
2026-08-06 22:01:58,384,672,542,0
2026-08-06 22:01:59,384,661,538,0
2026-08-06 22:02:00,383,666,536,0
2026-08-06 22:02:01,385,664,538,0
2026-08-06 22:02:02,382,668,555,0
2026-08-06 22:02:03,382,666,555,0
2026-08-06 22:02:04,385,669,551,0
2026-08-06 22:02:05,385,664,555,0
2026-08-06 22:02:06,382,668,532,0
2026-08-06 22:02:07,383,664,552,0
2026-08-06 22:02:08,383,667,542,0
2026-08-06 22:02:09,385,659,543,0
2026-08-06 22:02:10,382,665,551,0
2026-08-06 22:02:11,385,669,545,0
2026-08-06 22:02:12,382,664,545,0
2026-08-06 22:02:13,386,667,561,0
2026-08-06 22:02:14,382,668,548,0
2026-08-06 22:02:15,384,666,555,0
2026-08-06 22:02:16,383,670,540,0
2026-08-06 22:02:17,383,667,552,0
2026-08-06 22:02:18,384,667,543,0
2026-08-06 22:02:19,384,669,543,0
2026-08-06 22:02:20,384,665,544,0
2026-08-06 22:02:21,384,663,540,0
2026-08-06 22:02:22,384,660,548,0
2026-08-06 22:02:23,383,666,539,0
2026-08-06 22:02:24,384,666,560,0
2026-08-06 22:02:25,381,666,549,0
2026-08-06 22:02:26,381,666,556,0
2026-08-06 22:02:27,382,669,536,0
2026-08-06 22:02:28,383,669,548,0
2026-08-06 22:02:29,384,666,543,0
2026-08-06 22:02:30,384,669,542,0
2026-08-06 22:02:31,381,667,536,0
2026-08-06 22:02:32,382,664,540,0
2026-08-06 22:02:33,385,663,544,0
2026-08-06 22:02:34,385,669,540,0
2026-08-06 22:02:35,382,666,547,0
2026-08-06 22:02:36,381,665,550,0
2026-08-06 22:02:37,383,662,546,0
2026-08-06 22:02:38,385,663,548,0
2026-08-06 22:02:39,385,665,545,0
2026-08-06 22:02:40,385,668,527,0
2026-08-06 22:02:41,385,663,546,0
2026-08-06 22:02:42,384,674,551,0
2026-08-06 22:02:43,384,665,542,0
2026-08-06 22:02:44,385,665,542,0
2026-08-06 22:02:45,384,668,555,0
2026-08-06 22:02:46,384,664,551,0
2026-08-06 22:02:47,384,664,537,0
2026-08-06 22:02:48,384,660,552,0
2026-08-06 22:02:49,384,662,549,0
2026-08-06 22:02:50,382,668,555,0
2026-08-06 22:02:51,383,666,546,0
2026-08-06 22:02:52,380,660,547,0
2026-08-06 22:02:53,385,665,545,0
2026-08-06 22:02:54,383,666,553,0
2026-08-06 22:02:55,383,657,547,0
2026-08-06 22:02:56,382,672,550,0
2026-08-06 22:02:57,384,664,553,0
2026-08-06 22:02:58,384,662,543,0
2026-08-06 22:02:59,381,681,549,0
2026-08-06 22:03:00,380,663,543,0
2026-08-06 22:03:01,381,667,546,0
2026-08-06 22:03:02,383,665,547,0
2026-08-06 22:03:03,385,668,538,0
2026-08-06 22:03:04,383,664,557,0
2026-08-06 22:03:05,383,667,547,0
2026-08-06 22:03:06,382,669,540,0
2026-08-06 22:03:07,382,664,541,0
2026-08-06 22:03:08,385,665,534,0
2026-08-06 22:03:09,383,667,541,0
2026-08-06 22:03:10,382,666,540,0
2026-08-06 22:03:11,382,665,549,0
2026-08-06 22:03:12,384,668,550,0
2026-08-06 22:03:13,384,668,541,0
2026-08-06 22:03:14,385,671,552,0
2026-08-06 22:03:15,386,665,547,0
2026-08-06 22:03:16,384,666,545,0
2026-08-06 22:03:17,384,664,539,0
2026-08-06 22:03:18,383,668,549,0
2026-08-06 22:03:19,383,664,549,0
2026-08-06 22:03:20,385,666,544,0
2026-08-06 22:03:21,385,665,556,0
2026-08-06 22:03:22,384,665,538,0
2026-08-06 22:03:23,385,668,549,0
2026-08-06 22:03:24,385,662,540,0
2026-08-06 22:03:25,380,667,545,0
2026-08-06 22:03:26,384,659,539,0
2026-08-06 22:03:27,384,664,540,0
2026-08-06 22:03:28,385,668,543,0
2026-08-06 22:03:29,384,664,545,0
2026-08-06 22:03:30,383,663,542,0
2026-08-06 22:03:31,384,671,547,0
2026-08-06 22:03:32,385,664,543,0
2026-08-06 22:03:33,385,665,555,0
2026-08-06 22:03:34,385,664,540,0
2026-08-06 22:03:35,386,664,540,0
2026-08-06 22:03:36,383,663,541,0
2026-08-06 22:03:37,385,666,539,0
2026-08-06 22:03:38,383,666,542,0
2026-08-06 22:03:39,384,666,535,0
2026-08-06 22:03:40,385,667,548,0
2026-08-06 22:03:41,383,668,546,0
2026-08-06 22:03:42,385,669,544,0
2026-08-06 22:03:43,385,666,552,0
2026-08-06 22:03:44,383,667,542,0
2026-08-06 22:03:45,384,664,551,0
2026-08-06 22:03:46,383,663,540,0
2026-08-06 22:03:47,386,665,540,0
2026-08-06 22:03:48,383,666,534,0
2026-08-06 22:03:50,384,660,545,0
2026-08-06 22:03:50,384,666,541,0
2026-08-06 22:03:51,385,667,556,0
2026-08-06 22:03:52,385,666,547,0
2026-08-06 22:03:53,384,665,537,0
2026-08-06 22:03:54,384,666,546,0
2026-08-06 22:03:55,382,667,541,0
2026-08-06 22:03:56,383,665,537,0
2026-08-06 22:03:57,384,671,551,0
2026-08-06 22:03:58,382,665,551,0
2026-08-06 22:03:59,383,668,536,0
2026-08-06 22:04:00,381,659,542,0
2026-08-06 22:04:01,383,664,542,0
2026-08-06 22:04:02,382,665,551,0
2026-08-06 22:04:03,384,668,545,0
2026-08-06 22:04:04,384,665,541,0
2026-08-06 22:04:05,385,667,535,0
2026-08-06 22:04:06,384,666,557,0
2026-08-06 22:04:07,383,666,534,0
2026-08-06 22:04:08,384,670,541,0
2026-08-06 22:04:09,383,668,540,0
2026-08-06 22:04:10,382,666,556,0
2026-08-06 22:04:11,382,668,540,0
2026-08-06 22:04:12,384,662,544,0
2026-08-06 22:04:13,383,666,556,0
2026-08-06 22:04:14,383,661,551,0
2026-08-06 22:04:15,385,666,549,0
2026-08-06 22:04:16,386,664,551,0
2026-08-06 22:04:17,383,664,542,0
2026-08-06 22:04:18,382,666,536,0
2026-08-06 22:04:19,383,667,552,0
2026-08-06 22:04:20,386,668,538,0
2026-08-06 22:04:21,383,667,551,0
2026-08-06 22:04:22,380,669,537,0
2026-08-06 22:04:23,384,664,555,0
2026-08-06 22:04:24,383,667,547,0
2026-08-06 22:04:25,383,665,544,0
2026-08-06 22:04:26,383,666,548,0
2026-08-06 22:04:27,383,665,544,0
2026-08-06 22:04:28,384,667,537,0
2026-08-06 22:04:29,383,669,546,0
2026-08-06 22:04:31,384,667,541,0
2026-08-06 22:04:31,382,669,555,0
2026-08-06 22:04:32,384,668,557,0
2026-08-06 22:04:33,385,666,551,0
2026-08-06 22:04:34,383,668,543,0
2026-08-06 22:04:35,382,667,549,0
2026-08-06 22:04:36,384,662,548,0
2026-08-06 22:04:37,383,660,546,0
2026-08-06 22:04:38,385,663,558,0
2026-08-06 22:04:39,383,670,531,0
2026-08-06 22:04:40,384,668,538,0
2026-08-06 22:04:41,382,664,534,0
2026-08-06 22:04:42,385,667,542,0
2026-08-06 22:04:43,383,665,544,0
2026-08-06 22:04:44,384,669,540,0
2026-08-06 22:04:45,384,669,545,0
2026-08-06 22:04:46,384,670,543,0
2026-08-06 22:04:47,382,664,542,0
2026-08-06 22:04:48,387,665,539,0
2026-08-06 22:04:49,383,663,543,0
2026-08-06 22:04:50,382,664,537,0
2026-08-06 22:04:51,383,665,542,0
2026-08-06 22:04:52,384,666,548,0
2026-08-06 22:04:53,383,665,552,0
2026-08-06 22:04:54,384,664,550,0
2026-08-06 22:04:55,384,670,544,0
2026-08-06 22:04:56,384,665,549,0
2026-08-06 22:04:57,384,663,537,0
2026-08-06 22:04:58,383,665,543,0
2026-08-06 22:04:59,384,667,537,0
2026-08-06 22:05:00,385,666,539,0
2026-08-06 22:05:01,382,665,536,0
2026-08-06 22:05:02,385,665,537,0
2026-08-06 22:05:03,387,670,550,0
2026-08-06 22:05:04,383,669,543,0
2026-08-06 22:05:05,383,665,547,0
2026-08-06 22:05:06,385,670,539,0
2026-08-06 22:05:07,384,664,553,0
2026-08-06 22:05:08,382,671,542,0
2026-08-06 22:05:09,382,664,550,0
2026-08-06 22:05:10,385,667,549,0
2026-08-06 22:05:11,383,671,551,0
2026-08-06 22:05:12,383,664,542,0
2026-08-06 22:05:13,384,667,542,0
2026-08-06 22:05:14,386,669,550,0
2026-08-06 22:05:15,381,670,555,0
2026-08-06 22:05:16,386,666,543,0
2026-08-06 22:05:17,382,669,547,0
2026-08-06 22:05:18,385,665,541,0
2026-08-06 22:05:19,384,663,542,0
2026-08-06 22:05:20,383,669,551,0
2026-08-06 22:05:21,384,668,541,0
2026-08-06 22:05:22,384,667,547,0
2026-08-06 22:05:23,384,666,536,0
2026-08-06 22:05:24,385,669,536,0
2026-08-06 22:05:25,385,664,546,0
2026-08-06 22:05:26,381,667,548,0
2026-08-06 22:05:27,385,668,541,0
2026-08-06 22:05:28,384,667,567,0
2026-08-06 22:05:29,386,668,549,0
2026-08-06 22:05:30,384,669,542,0
2026-08-06 22:05:31,385,670,544,0
2026-08-06 22:05:32,383,668,538,0
2026-08-06 22:05:33,381,662,545,0
2026-08-06 22:05:34,382,668,548,0
2026-08-06 22:05:35,384,668,544,0
2026-08-06 22:05:36,387,670,534,0
2026-08-06 22:05:37,386,669,549,0
2026-08-06 22:05:38,383,669,552,0
2026-08-06 22:05:39,381,667,552,0
2026-08-06 22:05:40,385,669,538,0
2026-08-06 22:05:41,381,667,544,0
2026-08-06 22:05:42,384,669,534,0
2026-08-06 22:05:43,382,667,548,0
2026-08-06 22:05:44,384,666,537,0
2026-08-06 22:05:45,383,672,544,0
2026-08-06 22:05:46,383,669,539,0
2026-08-06 22:05:47,383,663,543,0
2026-08-06 22:05:48,384,663,534,0
2026-08-06 22:05:49,384,668,548,0
2026-08-06 22:05:50,385,667,541,0
2026-08-06 22:05:51,382,663,544,0
2026-08-06 22:05:52,384,666,549,0
2026-08-06 22:05:53,383,667,540,0
2026-08-06 22:05:54,384,668,552,0
2026-08-06 22:05:55,384,666,548,0
2026-08-06 22:05:56,385,666,540,0
2026-08-06 22:05:57,383,670,555,0
2026-08-06 22:05:58,382,665,541,0
2026-08-06 22:05:59,384,666,547,0
2026-08-06 22:06:00,381,668,546,0
2026-08-06 22:06:01,380,669,538,0
2026-08-06 22:06:02,382,667,545,0
2026-08-06 22:06:03,385,667,542,0
2026-08-06 22:06:04,385,669,554,0
2026-08-06 22:06:05,386,663,542,0
2026-08-06 22:06:06,384,664,545,0
2026-08-06 22:06:07,382,667,547,0
2026-08-06 22:06:08,385,671,552,0
2026-08-06 22:06:09,384,669,535,0
2026-08-06 22:06:10,382,669,548,0
2026-08-06 22:06:11,383,666,541,0
2026-08-06 22:06:12,383,672,544,0
2026-08-06 22:06:13,383,671,545,0
2026-08-06 22:06:14,382,663,540,0
2026-08-06 22:06:15,383,673,536,0
2026-08-06 22:06:16,384,667,537,0
2026-08-06 22:06:17,383,667,552,0
2026-08-06 22:06:18,382,672,547,0
2026-08-06 22:06:19,383,670,542,0
2026-08-06 22:06:20,384,665,542,0
2026-08-06 22:06:21,386,671,537,0
2026-08-06 22:06:22,382,665,549,0
2026-08-06 22:06:23,384,673,550,0
2026-08-06 22:06:24,382,668,551,0
2026-08-06 22:06:25,384,663,545,0
2026-08-06 22:06:26,383,671,536,0
2026-08-06 22:06:27,381,672,549,0
2026-08-06 22:06:28,385,665,554,0
2026-08-06 22:06:29,384,671,544,0
2026-08-06 22:06:30,383,669,548,0
2026-08-06 22:06:31,382,672,544,0
2026-08-06 22:06:32,382,670,553,0
2026-08-06 22:06:33,385,669,549,0
2026-08-06 22:06:34,384,668,551,0
2026-08-06 22:06:35,382,667,545,0
2026-08-06 22:06:36,385,671,553,0
2026-08-06 22:06:37,384,665,540,0
2026-08-06 22:06:38,382,667,550,0
2026-08-06 22:06:39,384,666,532,0
2026-08-06 22:06:40,384,664,546,0
2026-08-06 22:06:41,383,665,534,0
2026-08-06 22:06:42,383,672,547,0
2026-08-06 22:06:43,385,670,555,0
2026-08-06 22:06:44,384,667,538,0
2026-08-06 22:06:45,383,664,550,0
2026-08-06 22:06:46,383,666,548,0
2026-08-06 22:06:47,381,668,539,0
2026-08-06 22:06:48,383,669,546,0
2026-08-06 22:06:49,383,671,551,0
2026-08-06 22:06:50,384,670,535,0
2026-08-06 22:06:51,384,675,545,0
2026-08-06 22:06:52,383,667,553,0
2026-08-06 22:06:53,384,670,550,0
2026-08-06 22:06:54,383,668,547,0
2026-08-06 22:06:55,381,670,551,0
2026-08-06 22:06:56,382,668,552,0
2026-08-06 22:06:57,384,671,544,0
2026-08-06 22:06:58,380,670,547,0
2026-08-06 22:06:59,384,670,539,0
2026-08-06 22:07:00,383,673,552,0
2026-08-06 22:07:01,383,672,546,0
2026-08-06 22:07:02,385,671,540,0
2026-08-06 22:07:03,384,667,547,0
2026-08-06 22:07:04,383,664,535,0
2026-08-06 22:07:05,385,664,542,0
2026-08-06 22:07:06,381,662,550,0
2026-08-06 22:07:07,384,670,558,0
2026-08-06 22:07:08,382,669,545,0
2026-08-06 22:07:09,382,665,544,0
2026-08-06 22:07:10,384,667,550,0
2026-08-06 22:07:11,385,670,544,0
2026-08-06 22:07:12,385,667,558,0
2026-08-06 22:07:13,385,668,554,0
2026-08-06 22:07:14,383,669,540,0
2026-08-06 22:07:15,386,673,553,0
2026-08-06 22:07:16,383,670,544,0
2026-08-06 22:07:17,381,664,542,0
2026-08-06 22:07:18,381,669,540,0
2026-08-06 22:07:19,380,666,544,0
2026-08-06 22:07:20,383,670,540,0
2026-08-06 22:07:21,383,667,547,0
2026-08-06 22:07:22,382,667,545,0
2026-08-06 22:07:23,386,670,547,0
2026-08-06 22:07:24,380,670,545,0
2026-08-06 22:07:25,386,668,547,0
2026-08-06 22:07:26,384,669,547,0
2026-08-06 22:07:27,384,669,548,0
2026-08-06 22:07:28,386,674,535,0
2026-08-06 22:07:29,382,670,548,0
2026-08-06 22:07:30,382,667,559,0
2026-08-06 22:07:31,384,667,541,0
2026-08-06 22:07:32,382,674,545,0
2026-08-06 22:07:33,384,668,538,0
2026-08-06 22:07:34,383,667,553,0
2026-08-06 22:07:35,381,668,543,0
2026-08-06 22:07:36,385,673,548,0
2026-08-06 22:07:37,383,669,545,0
2026-08-06 22:07:38,383,670,549,0
2026-08-06 22:07:39,383,667,557,0
2026-08-06 22:07:40,384,672,555,0
2026-08-06 22:07:41,383,666,554,0
2026-08-06 22:07:42,383,669,527,0
2026-08-06 22:07:43,381,671,548,0
2026-08-06 22:07:44,383,669,545,0
2026-08-06 22:07:45,383,674,543,0
2026-08-06 22:07:46,382,674,532,0
2026-08-06 22:07:47,383,670,548,0
2026-08-06 22:07:48,383,669,542,0
2026-08-06 22:07:49,386,668,557,0
2026-08-06 22:07:50,383,670,536,0
2026-08-06 22:07:51,383,664,548,0
2026-08-06 22:07:52,385,667,546,0
2026-08-06 22:07:53,384,668,545,0
2026-08-06 22:07:54,384,668,539,0
2026-08-06 22:07:55,382,670,542,0
2026-08-06 22:07:56,384,667,540,0
2026-08-06 22:07:57,381,664,555,0
2026-08-06 22:07:58,383,671,558,0
2026-08-06 22:07:59,383,670,549,0
2026-08-06 22:08:00,383,668,554,0
2026-08-06 22:08:01,383,672,539,0
2026-08-06 22:08:02,386,666,550,0
2026-08-06 22:08:03,384,666,536,0
2026-08-06 22:08:04,383,667,538,0
2026-08-06 22:08:05,383,669,541,0
2026-08-06 22:08:06,382,664,543,0
2026-08-06 22:08:07,384,663,542,0
2026-08-06 22:08:08,385,666,541,0
2026-08-06 22:08:09,384,663,543,0
2026-08-06 22:08:10,384,671,547,0
2026-08-06 22:08:11,384,670,542,0
2026-08-06 22:08:12,383,666,534,0
2026-08-06 22:08:13,385,668,542,0
2026-08-06 22:08:14,382,671,553,0
2026-08-06 22:08:15,383,667,541,0
2026-08-06 22:08:16,384,668,540,0
2026-08-06 22:08:17,381,666,550,0
2026-08-06 22:08:18,385,672,544,0
2026-08-06 22:08:19,382,670,541,0
2026-08-06 22:08:20,384,669,535,0
2026-08-06 22:08:21,382,668,545,0
2026-08-06 22:08:22,383,670,542,0
2026-08-06 22:08:23,385,670,536,0
2026-08-06 22:08:24,379,667,534,0
2026-08-06 22:08:25,383,668,549,0
2026-08-06 22:08:26,383,665,543,0
2026-08-06 22:08:27,384,668,555,0
2026-08-06 22:08:28,382,668,542,0
2026-08-06 22:08:29,384,670,549,0
2026-08-06 22:08:30,385,671,544,0
2026-08-06 22:08:31,381,668,546,0
2026-08-06 22:08:32,381,670,550,0
2026-08-06 22:08:33,383,668,550,0
2026-08-06 22:08:34,384,669,543,0
2026-08-06 22:08:35,380,667,552,0
2026-08-06 22:08:36,383,669,561,0
2026-08-06 22:08:37,382,669,537,0
2026-08-06 22:08:38,385,669,544,0
2026-08-06 22:08:39,385,670,534,0
2026-08-06 22:08:40,383,668,540,0
2026-08-06 22:08:41,384,673,545,0
2026-08-06 22:08:42,382,668,546,0
2026-08-06 22:08:43,383,667,535,0
2026-08-06 22:08:44,383,670,543,0
2026-08-06 22:08:45,384,673,550,0
2026-08-06 22:08:46,384,667,545,0
2026-08-06 22:08:47,382,668,544,0
2026-08-06 22:08:48,383,671,536,0
2026-08-06 22:08:49,386,671,545,0
2026-08-06 22:08:50,381,672,557,0
2026-08-06 22:08:51,385,669,541,0
2026-08-06 22:08:52,381,674,546,0
2026-08-06 22:08:53,381,670,544,0
2026-08-06 22:08:54,384,668,538,0
2026-08-06 22:08:55,383,665,547,0
2026-08-06 22:08:56,383,665,547,0
2026-08-06 22:08:57,382,671,545,0
2026-08-06 22:08:58,384,678,551,0
2026-08-06 22:08:59,382,670,542,0
2026-08-06 22:09:00,383,669,550,0
2026-08-06 22:09:01,382,669,549,0
2026-08-06 22:09:02,381,668,546,0
2026-08-06 22:09:03,385,664,541,0
2026-08-06 22:09:04,383,673,551,0
2026-08-06 22:09:05,386,672,545,0
2026-08-06 22:09:06,386,666,547,0
2026-08-06 22:09:07,384,668,557,0
2026-08-06 22:09:08,381,667,543,0
2026-08-06 22:09:09,382,669,546,0
2026-08-06 22:09:10,384,671,537,0
2026-08-06 22:09:11,384,672,532,0
2026-08-06 22:09:12,384,664,535,0
2026-08-06 22:09:13,384,667,537,0
2026-08-06 22:09:14,385,672,550,0
2026-08-06 22:09:15,381,669,540,0
2026-08-06 22:09:16,382,668,547,0
2026-08-06 22:09:17,384,670,542,0
2026-08-06 22:09:18,379,673,542,0
2026-08-06 22:09:19,383,670,553,0
2026-08-06 22:09:20,381,668,548,0
2026-08-06 22:09:21,384,667,550,0
2026-08-06 22:09:22,382,671,553,0
2026-08-06 22:09:23,382,674,544,0
2026-08-06 22:09:24,381,670,545,0
2026-08-06 22:09:25,381,672,551,0
2026-08-06 22:09:26,383,675,543,0
2026-08-06 22:09:27,383,670,542,0
2026-08-06 22:09:28,380,665,555,0
2026-08-06 22:09:29,383,671,549,0
2026-08-06 22:09:30,382,667,554,0
2026-08-06 22:09:31,384,666,556,0
2026-08-06 22:09:32,382,667,541,0
2026-08-06 22:09:33,383,665,538,0
2026-08-06 22:09:34,381,666,537,0
2026-08-06 22:09:35,384,670,535,0
2026-08-06 22:09:36,386,667,540,0
2026-08-06 22:09:37,382,670,548,0
2026-08-06 22:09:38,381,670,558,0
2026-08-06 22:09:39,383,672,553,0
2026-08-06 22:09:40,384,669,547,0
2026-08-06 22:09:41,385,673,541,0
2026-08-06 22:09:42,384,668,551,0
2026-08-06 22:09:43,385,670,550,0
2026-08-06 22:09:44,383,675,556,0
2026-08-06 22:09:45,386,667,550,0
2026-08-06 22:09:46,383,667,553,0
2026-08-06 22:09:47,383,673,540,0
2026-08-06 22:09:48,384,665,546,0
2026-08-06 22:09:49,383,675,550,0
2026-08-06 22:09:50,382,667,549,0
2026-08-06 22:09:51,384,669,545,0
2026-08-06 22:09:52,384,671,541,0
2026-08-06 22:09:53,383,670,550,0
2026-08-06 22:09:54,383,667,551,0
2026-08-06 22:09:55,381,670,542,0
2026-08-06 22:09:56,384,672,540,0
2026-08-06 22:09:57,383,671,542,0
2026-08-06 22:09:58,385,671,554,0
2026-08-06 22:09:59,385,678,559,0
2026-08-06 22:10:00,384,673,531,0
2026-08-06 22:10:01,386,670,550,0
2026-08-06 22:10:02,382,671,543,0
2026-08-06 22:10:03,381,672,541,0
2026-08-06 22:10:04,383,670,542,0
2026-08-06 22:10:05,384,673,550,0
2026-08-06 22:10:06,384,674,553,0
2026-08-06 22:10:07,382,671,545,0
2026-08-06 22:10:08,380,669,539,0
2026-08-06 22:10:09,383,676,548,0
2026-08-06 22:10:10,382,671,554,0
2026-08-06 22:10:11,383,670,533,0
2026-08-06 22:10:12,386,672,545,0
2026-08-06 22:10:13,382,671,548,0
2026-08-06 22:10:14,381,676,538,0
2026-08-06 22:10:15,383,667,540,0
2026-08-06 22:10:16,382,668,549,0
2026-08-06 22:10:17,384,672,539,0
2026-08-06 22:10:18,382,669,547,0
2026-08-06 22:10:19,383,668,546,0
2026-08-06 22:10:20,383,669,540,0
2026-08-06 22:10:21,382,667,538,0
2026-08-06 22:10:22,384,672,539,0
2026-08-06 22:10:23,382,670,541,0
2026-08-06 22:10:24,383,669,546,0
2026-08-06 22:10:25,386,669,548,0
2026-08-06 22:10:26,384,671,538,0
2026-08-06 22:10:27,386,670,555,0
2026-08-06 22:10:28,383,671,552,0
2026-08-06 22:10:29,383,673,541,0
2026-08-06 22:10:30,384,674,543,0
2026-08-06 22:10:31,382,670,553,0
2026-08-06 22:10:32,382,667,554,0
2026-08-06 22:10:33,383,672,536,0
2026-08-06 22:10:34,385,668,536,0
2026-08-06 22:10:35,383,669,553,0
2026-08-06 22:10:36,383,672,535,0
2026-08-06 22:10:37,386,674,548,0
2026-08-06 22:10:38,383,672,557,0
2026-08-06 22:10:39,382,672,553,0
2026-08-06 22:10:40,385,669,553,0
2026-08-06 22:10:41,383,665,552,0
2026-08-06 22:10:42,385,668,542,0
2026-08-06 22:10:43,384,675,543,0
2026-08-06 22:10:44,381,675,543,0
2026-08-06 22:10:45,383,673,537,0
2026-08-06 22:10:46,383,668,541,0
2026-08-06 22:10:47,382,668,545,0
2026-08-06 22:10:48,383,670,546,0
2026-08-06 22:10:49,384,670,538,0
2026-08-06 22:10:50,383,670,553,0
2026-08-06 22:10:51,382,668,541,0
2026-08-06 22:10:52,383,671,551,0
2026-08-06 22:10:53,380,668,536,0
2026-08-06 22:10:54,383,672,552,0
2026-08-06 22:10:55,383,667,558,0
2026-08-06 22:10:56,383,672,543,0
2026-08-06 22:10:57,382,671,545,0
2026-08-06 22:10:58,383,675,547,0
2026-08-06 22:10:59,381,674,551,0
2026-08-06 22:11:00,384,671,540,0
2026-08-06 22:11:01,383,676,548,0
2026-08-06 22:11:02,382,675,544,0
2026-08-06 22:11:03,382,669,546,0
2026-08-06 22:11:04,381,671,541,0
2026-08-06 22:11:05,383,671,541,0
2026-08-06 22:11:06,384,669,545,0
2026-08-06 22:11:07,385,669,550,0
2026-08-06 22:11:08,382,668,541,0
2026-08-06 22:11:09,384,676,545,0
2026-08-06 22:11:10,382,669,545,0
2026-08-06 22:11:11,383,670,547,0
2026-08-06 22:11:12,385,674,543,0
2026-08-06 22:11:13,381,674,550,0
2026-08-06 22:11:14,383,668,541,0
2026-08-06 22:11:15,382,669,550,0
2026-08-06 22:11:16,381,671,559,0
2026-08-06 22:11:17,383,674,541,0
2026-08-06 22:11:18,384,671,548,0
2026-08-06 22:11:19,384,673,558,0
2026-08-06 22:11:20,380,670,527,0
2026-08-06 22:11:21,385,670,559,0
2026-08-06 22:11:22,384,670,551,0
2026-08-06 22:11:23,383,670,551,0
2026-08-06 22:11:24,380,669,552,0
2026-08-06 22:11:25,384,672,553,0
2026-08-06 22:11:26,384,666,539,0
2026-08-06 22:11:27,383,666,553,0
2026-08-06 22:11:28,383,674,552,0
2026-08-06 22:11:29,383,670,536,0
2026-08-06 22:11:30,382,667,540,0
2026-08-06 22:11:31,383,670,545,0
2026-08-06 22:11:32,383,675,553,0
2026-08-06 22:11:33,383,667,536,0
2026-08-06 22:11:34,383,670,535,0
2026-08-06 22:11:35,384,670,543,0
2026-08-06 22:11:36,383,677,554,0
2026-08-06 22:11:37,382,674,539,0
2026-08-06 22:11:38,383,671,555,0
2026-08-06 22:11:39,384,669,555,0
2026-08-06 22:11:40,381,670,544,0
2026-08-06 22:11:41,385,666,555,0
2026-08-06 22:11:42,384,673,531,0
2026-08-06 22:11:43,383,669,560,0
2026-08-06 22:11:44,382,669,556,0
2026-08-06 22:11:45,384,672,545,0
2026-08-06 22:11:46,382,667,541,0
2026-08-06 22:11:47,382,672,538,0
2026-08-06 22:11:48,383,672,536,0
2026-08-06 22:11:49,382,670,550,0
2026-08-06 22:11:50,383,672,550,0
2026-08-06 22:11:51,383,676,546,0
2026-08-06 22:11:52,383,674,541,0
2026-08-06 22:11:53,383,668,540,0
2026-08-06 22:11:54,383,673,544,0
2026-08-06 22:11:55,387,676,536,0
2026-08-06 22:11:56,383,670,553,0
2026-08-06 22:11:57,382,672,545,0
2026-08-06 22:11:58,383,675,545,0
2026-08-06 22:11:59,384,667,553,0
2026-08-06 22:12:00,382,669,545,0
2026-08-06 22:12:01,382,671,548,0
2026-08-06 22:12:02,382,673,547,0
2026-08-06 22:12:03,382,677,546,0
2026-08-06 22:12:04,383,670,541,0
2026-08-06 22:12:05,382,673,543,0
2026-08-06 22:12:06,382,674,543,0
2026-08-06 22:12:07,384,677,543,0
2026-08-06 22:12:08,383,677,544,0
2026-08-06 22:12:09,384,675,538,0
2026-08-06 22:12:10,381,670,543,0
2026-08-06 22:12:11,381,673,542,0
2026-08-06 22:12:12,382,673,551,0
2026-08-06 22:12:13,381,672,543,0
2026-08-06 22:12:14,386,672,540,0
2026-08-06 22:12:15,380,673,540,0
2026-08-06 22:12:16,384,677,553,0
2026-08-06 22:12:17,383,668,537,0
2026-08-06 22:12:18,380,678,543,0
2026-08-06 22:12:19,384,672,546,0
2026-08-06 22:12:20,385,672,550,0
2026-08-06 22:12:21,384,674,547,0
2026-08-06 22:12:22,385,673,552,0
2026-08-06 22:12:23,381,676,545,0
2026-08-06 22:12:24,384,671,551,0
2026-08-06 22:12:25,384,678,539,0
2026-08-06 22:12:26,382,675,546,0
2026-08-06 22:12:27,382,673,549,0
2026-08-06 22:12:28,385,670,545,0
2026-08-06 22:12:29,383,672,552,0
2026-08-06 22:12:30,384,670,537,0
2026-08-06 22:12:31,384,672,539,0
2026-08-06 22:12:32,382,674,541,0
2026-08-06 22:12:33,383,670,554,0
2026-08-06 22:12:34,383,670,558,0
2026-08-06 22:12:35,384,674,552,0
2026-08-06 22:12:36,384,672,546,0
2026-08-06 22:12:37,386,673,541,0
2026-08-06 22:12:38,384,675,543,0
2026-08-06 22:12:39,384,672,534,0
2026-08-06 22:12:40,382,674,550,0
2026-08-06 22:12:41,382,671,545,0
2026-08-06 22:12:42,386,671,548,0
2026-08-06 22:12:43,384,673,545,0
2026-08-06 22:12:44,385,674,538,0
2026-08-06 22:12:45,381,669,541,0
2026-08-06 22:12:46,385,677,544,0
2026-08-06 22:12:47,384,669,551,0
2026-08-06 22:12:48,385,672,547,0
2026-08-06 22:12:49,383,671,532,0
2026-08-06 22:12:50,385,674,543,0
2026-08-06 22:12:51,385,667,548,0
2026-08-06 22:12:52,386,677,544,0
2026-08-06 22:12:53,382,680,551,0
2026-08-06 22:12:54,382,677,546,0
2026-08-06 22:12:55,382,674,548,0
2026-08-06 22:12:56,382,671,544,0
2026-08-06 22:12:57,382,669,540,0
2026-08-06 22:12:58,384,673,544,0
2026-08-06 22:12:59,382,671,542,0
2026-08-06 22:13:00,383,673,558,0
2026-08-06 22:13:01,381,674,543,0
2026-08-06 22:13:02,383,671,542,0
2026-08-06 22:13:03,380,672,543,0
2026-08-06 22:13:04,382,668,547,0
2026-08-06 22:13:05,383,675,545,0
2026-08-06 22:13:06,384,673,555,0
2026-08-06 22:13:07,384,672,545,0
2026-08-06 22:13:08,384,673,539,0
2026-08-06 22:13:09,384,672,549,0
2026-08-06 22:13:10,383,673,547,0
2026-08-06 22:13:11,380,672,538,0
2026-08-06 22:13:12,384,670,545,0
2026-08-06 22:13:13,383,675,549,0
2026-08-06 22:13:14,385,672,558,0
2026-08-06 22:13:15,385,671,539,0
2026-08-06 22:13:16,384,672,548,0
2026-08-06 22:13:17,384,675,547,0
2026-08-06 22:13:18,384,672,546,0
2026-08-06 22:13:19,384,674,543,0
2026-08-06 22:13:20,379,669,533,0
2026-08-06 22:13:21,383,672,553,0
2026-08-06 22:13:22,382,674,558,0
2026-08-06 22:13:23,384,676,552,0
2026-08-06 22:13:24,384,669,540,0
2026-08-06 22:13:25,382,671,538,0
2026-08-06 22:13:26,384,673,546,0
2026-08-06 22:13:27,384,677,557,0
2026-08-06 22:13:28,384,672,545,0
2026-08-06 22:13:29,383,673,541,0
2026-08-06 22:13:30,386,673,549,0
2026-08-06 22:13:31,383,676,543,0
2026-08-06 22:13:32,382,677,557,0
2026-08-06 22:13:33,385,674,538,0
2026-08-06 22:13:34,383,679,539,0
2026-08-06 22:13:35,383,676,552,0
2026-08-06 22:13:36,383,676,534,0
2026-08-06 22:13:37,383,676,552,0
2026-08-06 22:13:38,383,676,540,0
2026-08-06 22:13:39,383,676,539,0
2026-08-06 22:13:40,383,674,558,0
2026-08-06 22:13:41,386,673,540,0
2026-08-06 22:13:42,383,673,540,0
2026-08-06 22:13:43,381,680,537,0
2026-08-06 22:13:44,384,674,548,0
2026-08-06 22:13:45,381,674,557,0
2026-08-06 22:13:46,385,676,554,0
2026-08-06 22:13:47,381,674,549,0
2026-08-06 22:13:48,382,673,537,0
2026-08-06 22:13:49,382,673,538,0
2026-08-06 22:13:50,385,674,551,0
2026-08-06 22:13:51,384,676,553,0
2026-08-06 22:13:52,382,672,545,0
2026-08-06 22:13:53,384,674,548,0
2026-08-06 22:13:54,382,671,550,0
2026-08-06 22:13:55,384,676,544,0
2026-08-06 22:13:56,383,667,550,0
2026-08-06 22:13:57,387,680,536,0
2026-08-06 22:13:58,383,673,551,0
2026-08-06 22:13:59,383,675,562,0
2026-08-06 22:14:00,383,670,539,0
2026-08-06 22:14:01,385,673,545,0
2026-08-06 22:14:02,383,675,554,0
2026-08-06 22:14:03,383,679,542,0
2026-08-06 22:14:04,381,672,561,0
2026-08-06 22:14:05,384,675,538,0
2026-08-06 22:14:06,385,675,548,0
2026-08-06 22:14:07,385,676,543,0
2026-08-06 22:14:08,384,676,551,0
2026-08-06 22:14:09,382,671,547,0
2026-08-06 22:14:10,380,674,549,0
2026-08-06 22:14:11,381,676,549,0
2026-08-06 22:14:12,385,675,534,0
2026-08-06 22:14:13,380,675,535,0
2026-08-06 22:14:14,382,676,551,0
2026-08-06 22:14:15,383,673,548,0
2026-08-06 22:14:16,385,669,546,0
2026-08-06 22:14:17,381,673,542,0
2026-08-06 22:14:18,386,672,536,0
2026-08-06 22:14:19,385,671,553,0
2026-08-06 22:14:20,382,676,546,0
2026-08-06 22:14:21,383,680,540,0
2026-08-06 22:14:22,384,675,541,0
2026-08-06 22:14:23,379,677,543,0
2026-08-06 22:14:24,385,674,535,0
2026-08-06 22:14:25,385,679,553,0
2026-08-06 22:14:26,386,675,547,0
2026-08-06 22:14:27,384,675,546,0
2026-08-06 22:14:28,383,674,538,0
2026-08-06 22:14:29,383,674,541,0
2026-08-06 22:14:30,384,673,546,0
2026-08-06 22:14:31,384,680,542,0
2026-08-06 22:14:32,385,676,545,0
2026-08-06 22:14:33,381,677,558,0
2026-08-06 22:14:34,382,677,547,0
2026-08-06 22:14:35,383,668,544,0
2026-08-06 22:14:36,385,682,542,0
2026-08-06 22:14:37,384,679,541,0
2026-08-06 22:14:38,388,672,552,0
2026-08-06 22:14:39,384,673,547,0
2026-08-06 22:14:40,383,670,542,0
2026-08-06 22:14:41,384,676,544,0
2026-08-06 22:14:42,384,676,547,0
2026-08-06 22:14:43,382,674,540,0
2026-08-06 22:14:44,384,673,548,0
2026-08-06 22:14:45,383,677,536,0
2026-08-06 22:14:46,384,674,540,0
2026-08-06 22:14:47,382,679,546,0
2026-08-06 22:14:48,381,673,538,0
2026-08-06 22:14:49,385,678,541,0
2026-08-06 22:14:50,384,677,545,0
2026-08-06 22:14:51,384,678,537,0
2026-08-06 22:14:52,381,677,540,0
2026-08-06 22:14:53,384,681,545,0
2026-08-06 22:14:54,381,679,550,0
2026-08-06 22:14:55,385,675,545,0
2026-08-06 22:14:56,381,677,545,0
2026-08-06 22:14:57,382,678,542,0
2026-08-06 22:14:58,382,675,541,0
2026-08-06 22:14:59,382,674,542,0
2026-08-06 22:15:00,382,672,549,0
2026-08-06 22:15:01,381,678,544,0
2026-08-06 22:15:02,382,672,538,0
2026-08-06 22:15:03,383,681,542,0
2026-08-06 22:15:04,381,682,549,0
2026-08-06 22:15:05,383,673,547,0
2026-08-06 22:15:06,382,675,545,0
2026-08-06 22:15:07,382,679,535,0
2026-08-06 22:15:08,384,678,548,0
2026-08-06 22:15:09,384,674,544,0
2026-08-06 22:15:10,379,674,553,0
2026-08-06 22:15:11,386,677,538,0
2026-08-06 22:15:12,382,675,532,0
2026-08-06 22:15:13,385,682,552,0
2026-08-06 22:15:14,385,671,555,0
2026-08-06 22:15:15,383,678,546,0
2026-08-06 22:15:16,385,672,545,0
2026-08-06 22:15:17,384,673,555,0
2026-08-06 22:15:18,384,676,547,0
2026-08-06 22:15:19,385,672,556,0
2026-08-06 22:15:20,383,676,548,0
2026-08-06 22:15:21,383,675,554,0
2026-08-06 22:15:22,388,674,550,0
2026-08-06 22:15:23,383,672,541,0
2026-08-06 22:15:24,384,675,551,0
2026-08-06 22:15:25,384,675,542,0
2026-08-06 22:15:26,381,671,553,0
2026-08-06 22:15:27,382,674,546,0
2026-08-06 22:15:28,383,680,545,0
2026-08-06 22:15:29,384,672,549,0
2026-08-06 22:15:30,380,678,555,0
2026-08-06 22:15:31,384,673,539,0
2026-08-06 22:15:32,383,675,548,0
2026-08-06 22:15:33,385,676,555,0
2026-08-06 22:15:34,382,676,547,0
2026-08-06 22:15:35,381,678,552,0
2026-08-06 22:15:36,382,676,542,0
2026-08-06 22:15:37,384,676,547,0
2026-08-06 22:15:38,386,674,536,0
2026-08-06 22:15:39,381,673,544,0
2026-08-06 22:15:40,381,676,541,0
2026-08-06 22:15:41,386,678,543,0
2026-08-06 22:15:42,381,679,552,0
2026-08-06 22:15:43,380,672,535,0
2026-08-06 22:15:44,384,680,548,0
2026-08-06 22:15:45,384,680,541,0
2026-08-06 22:15:46,381,673,548,0
2026-08-06 22:15:47,384,672,555,0
2026-08-06 22:15:48,384,679,546,0
2026-08-06 22:15:49,384,679,547,0
2026-08-06 22:15:50,384,676,547,0
2026-08-06 22:15:51,383,676,539,0
2026-08-06 22:15:52,381,677,546,0
2026-08-06 22:15:53,382,674,549,0
2026-08-06 22:15:54,384,672,554,0
2026-08-06 22:15:55,383,678,527,0
2026-08-06 22:15:56,383,677,540,0
2026-08-06 22:15:57,383,676,544,0
2026-08-06 22:15:58,383,677,542,0
2026-08-06 22:15:59,384,678,550,0
2026-08-06 22:16:00,382,675,537,0
2026-08-06 22:16:01,381,676,548,0
2026-08-06 22:16:02,384,678,547,0
2026-08-06 22:16:03,384,676,550,0
2026-08-06 22:16:04,383,678,544,0
2026-08-06 22:16:05,384,680,551,0
2026-08-06 22:16:06,383,674,543,0
2026-08-06 22:16:07,381,679,548,0
2026-08-06 22:16:08,383,680,551,0
2026-08-06 22:16:09,382,676,560,0
2026-08-06 22:16:10,382,678,535,0
2026-08-06 22:16:11,383,677,544,0
2026-08-06 22:16:12,383,676,553,0
2026-08-06 22:16:13,382,676,522,0
2026-08-06 22:16:14,381,678,543,0
2026-08-06 22:16:15,383,674,548,0
2026-08-06 22:16:16,385,675,537,0
2026-08-06 22:16:17,384,677,541,0
2026-08-06 22:16:18,382,678,548,0
2026-08-06 22:16:19,384,675,550,0
2026-08-06 22:16:20,384,677,548,0
2026-08-06 22:16:21,382,677,553,0
2026-08-06 22:16:22,384,677,555,0
2026-08-06 22:16:23,383,676,553,0
2026-08-06 22:16:24,383,675,558,0
2026-08-06 22:16:25,383,674,552,0
2026-08-06 22:16:26,384,675,555,0
2026-08-06 22:16:27,383,676,536,0
2026-08-06 22:16:28,380,672,543,0
2026-08-06 22:16:29,380,677,560,0
2026-08-06 22:16:30,383,675,541,0
2026-08-06 22:16:31,381,677,543,0
2026-08-06 22:16:32,383,681,537,0
2026-08-06 22:16:33,378,677,547,0
2026-08-06 22:16:34,383,675,551,0
2026-08-06 22:16:35,379,672,544,0
2026-08-06 22:16:36,382,676,549,0
2026-08-06 22:16:37,385,680,540,0
2026-08-06 22:16:38,387,674,533,0
2026-08-06 22:16:39,381,678,557,0
2026-08-06 22:16:40,381,674,543,0
2026-08-06 22:16:41,382,674,535,0
2026-08-06 22:16:42,383,669,543,0
2026-08-06 22:16:43,383,676,543,0
2026-08-06 22:16:44,385,679,551,0
2026-08-06 22:16:45,381,674,548,0
2026-08-06 22:16:46,383,678,547,0
2026-08-06 22:16:47,383,673,550,0
2026-08-06 22:16:48,384,682,538,0
2026-08-06 22:16:49,384,678,540,0
2026-08-06 22:16:50,383,677,536,0
2026-08-06 22:16:51,383,678,541,0
2026-08-06 22:16:52,383,677,546,0
2026-08-06 22:16:53,383,680,552,0
2026-08-06 22:16:54,382,681,550,0
2026-08-06 22:16:55,384,675,543,0
2026-08-06 22:16:56,383,675,547,0
2026-08-06 22:16:57,384,671,542,0
2026-08-06 22:16:58,383,676,542,0
2026-08-06 22:16:59,384,679,545,0
2026-08-06 22:17:00,386,669,557,0
2026-08-06 22:17:01,384,678,544,0
2026-08-06 22:17:02,381,679,542,0
2026-08-06 22:17:03,382,679,534,0
2026-08-06 22:17:04,381,679,544,0
2026-08-06 22:17:05,382,680,548,0
2026-08-06 22:17:06,385,678,557,0
2026-08-06 22:17:07,384,672,538,0
2026-08-06 22:17:08,379,680,546,0
2026-08-06 22:17:09,381,679,543,0
2026-08-06 22:17:10,382,677,544,0
2026-08-06 22:17:11,385,679,542,0
2026-08-06 22:17:12,385,678,544,0
2026-08-06 22:17:13,381,684,545,0
2026-08-06 22:17:14,382,680,539,0
2026-08-06 22:17:15,386,674,547,0
2026-08-06 22:17:16,383,679,545,0
2026-08-06 22:17:17,383,676,543,0
2026-08-06 22:17:18,383,678,542,0
2026-08-06 22:17:19,386,675,533,0
2026-08-06 22:17:20,385,673,554,0
2026-08-06 22:17:21,384,678,547,0
2026-08-06 22:17:22,384,675,544,0
2026-08-06 22:17:23,384,680,537,0
2026-08-06 22:17:24,383,674,542,0
2026-08-06 22:17:25,384,679,545,0
2026-08-06 22:17:27,384,684,548,0
2026-08-06 22:17:27,383,685,551,0
2026-08-06 22:17:28,384,680,538,0
2026-08-06 22:17:29,384,678,551,0
2026-08-06 22:17:30,379,683,539,0
2026-08-06 22:17:31,381,682,540,0
2026-08-06 22:17:32,386,676,553,0
2026-08-06 22:17:33,385,675,548,0
2026-08-06 22:17:34,381,680,556,0
2026-08-06 22:17:35,384,682,540,0
2026-08-06 22:17:36,382,678,531,0
2026-08-06 22:17:37,382,678,548,0
2026-08-06 22:17:38,383,681,551,0
2026-08-06 22:17:39,383,683,550,0
2026-08-06 22:17:40,383,681,550,0
2026-08-06 22:17:41,384,682,552,0
2026-08-06 22:17:42,380,676,546,0
2026-08-06 22:17:43,384,683,542,0
2026-08-06 22:17:44,384,682,543,0
2026-08-06 22:17:45,385,680,544,0
2026-08-06 22:17:46,386,680,549,0
2026-08-06 22:17:47,382,675,546,0
2026-08-06 22:17:48,385,687,546,0
2026-08-06 22:17:49,382,681,549,0
2026-08-06 22:17:50,384,684,540,0
2026-08-06 22:17:51,382,682,545,0
2026-08-06 22:17:52,386,679,536,0
2026-08-06 22:17:53,387,682,548,0
2026-08-06 22:17:54,384,681,543,0
2026-08-06 22:17:55,382,682,549,0
2026-08-06 22:17:56,383,681,543,0
2026-08-06 22:17:57,382,680,538,0
2026-08-06 22:17:58,381,678,543,0
2026-08-06 22:17:59,378,681,550,0
2026-08-06 22:18:00,386,684,544,0
2026-08-06 22:18:01,383,679,545,0
2026-08-06 22:18:02,384,683,546,0
2026-08-06 22:18:03,385,680,540,0
2026-08-06 22:18:04,383,682,538,0
2026-08-06 22:18:05,383,679,550,0
2026-08-06 22:18:06,381,679,538,0
2026-08-06 22:18:07,384,684,543,0
2026-08-06 22:18:08,384,679,538,0
2026-08-06 22:18:09,384,680,552,0
2026-08-06 22:18:10,381,680,558,0
2026-08-06 22:18:11,382,680,536,0
2026-08-06 22:18:12,383,678,550,0
2026-08-06 22:18:13,384,685,552,0
2026-08-06 22:18:14,385,681,557,0
2026-08-06 22:18:15,383,675,547,0
2026-08-06 22:18:16,386,685,547,0
2026-08-06 22:18:17,382,686,557,0
2026-08-06 22:18:18,382,683,540,0
2026-08-06 22:18:19,382,685,537,0
2026-08-06 22:18:20,384,683,548,0
2026-08-06 22:18:21,380,677,561,0
2026-08-06 22:18:22,382,681,535,0
2026-08-06 22:18:23,383,685,537,0
2026-08-06 22:18:24,385,683,545,0
2026-08-06 22:18:25,383,681,544,0
2026-08-06 22:18:26,383,680,547,0
2026-08-06 22:18:27,380,684,547,0
2026-08-06 22:18:28,382,682,538,0
2026-08-06 22:18:29,383,680,536,0
2026-08-06 22:18:30,385,677,557,0
2026-08-06 22:18:31,384,679,545,0
2026-08-06 22:18:32,385,683,544,0
2026-08-06 22:18:33,385,684,548,0
2026-08-06 22:18:34,384,687,548,0
2026-08-06 22:18:35,381,683,541,0
2026-08-06 22:18:36,379,687,552,0
2026-08-06 22:18:37,383,684,533,0
2026-08-06 22:18:38,385,680,556,0
2026-08-06 22:18:39,384,678,546,0
2026-08-06 22:18:40,385,682,547,0
2026-08-06 22:18:41,384,683,552,0
2026-08-06 22:18:42,384,682,547,0
2026-08-06 22:18:43,381,680,551,0
2026-08-06 22:18:44,382,680,546,0
2026-08-06 22:18:45,383,683,544,0
2026-08-06 22:18:46,384,682,541,0
2026-08-06 22:18:47,384,683,545,0
2026-08-06 22:18:48,381,686,542,0
2026-08-06 22:18:49,385,683,552,0
2026-08-06 22:18:50,384,682,556,0
2026-08-06 22:18:51,383,679,544,0
2026-08-06 22:18:52,383,684,543,0
2026-08-06 22:18:53,385,680,544,0
2026-08-06 22:18:54,381,683,558,0
2026-08-06 22:18:55,384,678,540,0
2026-08-06 22:18:56,384,679,548,0
2026-08-06 22:18:57,382,682,546,0
2026-08-06 22:18:58,382,681,542,0
2026-08-06 22:18:59,386,684,539,0
2026-08-06 22:19:00,384,683,546,0
2026-08-06 22:19:01,384,682,548,0
2026-08-06 22:19:02,384,680,546,0
2026-08-06 22:19:03,382,682,546,0
2026-08-06 22:19:04,383,688,546,0
2026-08-06 22:19:05,381,677,547,0
2026-08-06 22:19:06,384,677,548,0
2026-08-06 22:19:07,384,682,551,0
2026-08-06 22:19:08,384,683,544,0
2026-08-06 22:19:09,384,682,544,0
2026-08-06 22:19:10,384,681,553,0
2026-08-06 22:19:11,384,680,545,0
2026-08-06 22:19:12,382,682,543,0
2026-08-06 22:19:13,381,685,544,0
2026-08-06 22:19:14,385,683,542,0
2026-08-06 22:19:15,384,681,549,0
2026-08-06 22:19:16,383,681,543,0
2026-08-06 22:19:17,386,680,529,0
2026-08-06 22:19:18,384,675,537,0
2026-08-06 22:19:19,383,680,544,0
2026-08-06 22:19:20,381,679,548,0
2026-08-06 22:19:21,386,684,544,0
2026-08-06 22:19:22,383,679,538,0
2026-08-06 22:19:23,382,686,535,0
2026-08-06 22:19:24,381,687,546,0
2026-08-06 22:19:25,382,678,545,0
2026-08-06 22:19:26,382,687,543,0
2026-08-06 22:19:27,384,685,543,0
2026-08-06 22:19:28,383,682,547,0
2026-08-06 22:19:29,385,680,537,0
2026-08-06 22:19:30,385,685,546,0
2026-08-06 22:19:31,386,685,542,0
2026-08-06 22:19:32,383,682,558,0
2026-08-06 22:19:33,382,684,536,0
2026-08-06 22:19:34,382,682,537,0
2026-08-06 22:19:35,383,683,544,0
2026-08-06 22:19:36,384,681,550,0
2026-08-06 22:19:37,382,685,551,0
2026-08-06 22:19:38,382,680,552,0
2026-08-06 22:19:39,384,679,549,0
2026-08-06 22:19:40,387,684,556,0
2026-08-06 22:19:41,386,683,547,0
2026-08-06 22:19:42,382,679,537,0
2026-08-06 22:19:43,382,679,543,0
2026-08-06 22:19:44,385,683,551,0
2026-08-06 22:19:45,383,685,552,0
2026-08-06 22:19:46,384,679,548,0
2026-08-06 22:19:47,381,684,555,0
2026-08-06 22:19:48,383,684,564,0
2026-08-06 22:19:49,383,680,541,0
2026-08-06 22:19:50,383,680,542,0
2026-08-06 22:19:51,381,682,552,0
2026-08-06 22:19:52,384,683,550,0
2026-08-06 22:19:53,384,678,535,0
2026-08-06 22:19:54,385,683,547,0
2026-08-06 22:19:55,384,683,548,0
2026-08-06 22:19:56,384,676,550,0
2026-08-06 22:19:57,383,681,553,0
2026-08-06 22:19:58,385,678,547,0
2026-08-06 22:19:59,383,681,547,0
2026-08-06 22:20:00,383,679,543,0
2026-08-06 22:20:01,384,676,544,0
2026-08-06 22:20:02,385,685,550,0
2026-08-06 22:20:03,385,680,539,0
2026-08-06 22:20:04,383,679,546,0
2026-08-06 22:20:05,384,676,546,0
2026-08-06 22:20:06,383,683,550,0
2026-08-06 22:20:07,384,684,542,0
2026-08-06 22:20:08,382,678,547,0
2026-08-06 22:20:09,383,681,547,0
2026-08-06 22:20:10,385,684,553,0
2026-08-06 22:20:11,382,681,542,0
2026-08-06 22:20:12,382,685,545,0
2026-08-06 22:20:13,382,685,549,0
2026-08-06 22:20:14,383,679,539,0
2026-08-06 22:20:15,385,682,549,0
2026-08-06 22:20:16,383,686,553,0
2026-08-06 22:20:17,385,679,549,0
2026-08-06 22:20:18,382,685,539,0
2026-08-06 22:20:19,381,687,546,0
2026-08-06 22:20:20,381,680,546,0
2026-08-06 22:20:21,382,682,544,0
2026-08-06 22:20:22,380,677,544,0
2026-08-06 22:20:23,383,682,550,0
2026-08-06 22:20:24,383,681,559,0
2026-08-06 22:20:25,385,682,544,0
2026-08-06 22:20:26,382,682,540,0
2026-08-06 22:20:27,383,683,550,0
2026-08-06 22:20:28,385,678,545,0
2026-08-06 22:20:29,383,686,544,0
2026-08-06 22:20:30,384,679,541,0
2026-08-06 22:20:31,385,683,536,0
2026-08-06 22:20:32,383,683,534,0
2026-08-06 22:20:33,382,681,540,0
2026-08-06 22:20:34,382,680,541,0
2026-08-06 22:20:35,387,682,549,0
2026-08-06 22:20:36,385,681,554,0
2026-08-06 22:20:37,384,686,549,0
2026-08-06 22:20:38,381,680,546,0
2026-08-06 22:20:39,382,682,558,0
2026-08-06 22:20:40,385,680,535,0
2026-08-06 22:20:41,384,680,557,0
2026-08-06 22:20:42,384,680,546,0
2026-08-06 22:20:43,382,683,549,0
2026-08-06 22:20:44,384,679,550,0
2026-08-06 22:20:45,382,685,545,0
2026-08-06 22:20:46,383,683,536,0
2026-08-06 22:20:47,387,683,553,0
2026-08-06 22:20:48,384,677,547,0
2026-08-06 22:20:49,383,684,549,0
2026-08-06 22:20:50,383,681,553,0
2026-08-06 22:20:51,383,684,551,0
2026-08-06 22:20:52,382,680,554,0
2026-08-06 22:20:53,383,686,543,0
2026-08-06 22:20:54,384,689,547,0
2026-08-06 22:20:55,384,683,548,0
2026-08-06 22:20:56,383,690,535,0
2026-08-06 22:20:57,385,683,549,0
2026-08-06 22:20:58,384,683,544,0
2026-08-06 22:20:59,384,679,548,0
2026-08-06 22:21:00,382,682,538,0
2026-08-06 22:21:01,382,684,538,0
2026-08-06 22:21:02,385,679,541,0
2026-08-06 22:21:03,382,683,547,0
2026-08-06 22:21:04,381,682,547,0
2026-08-06 22:21:05,379,681,542,0
2026-08-06 22:21:06,383,677,543,0
2026-08-06 22:21:07,385,680,544,0
2026-08-06 22:21:08,383,679,538,0
2026-08-06 22:21:09,383,685,537,0
2026-08-06 22:21:10,386,683,540,0
2026-08-06 22:21:11,383,682,540,0
2026-08-06 22:21:12,383,684,546,0
2026-08-06 22:21:13,383,681,548,0
2026-08-06 22:21:14,383,680,552,0
2026-08-06 22:21:15,383,683,538,0
2026-08-06 22:21:16,383,683,550,0
2026-08-06 22:21:17,384,684,550,0
2026-08-06 22:21:18,384,685,536,0
2026-08-06 22:21:19,381,681,554,0
2026-08-06 22:21:20,381,686,544,0
2026-08-06 22:21:21,386,678,541,0
2026-08-06 22:21:22,384,678,551,0
2026-08-06 22:21:23,381,679,535,0
2026-08-06 22:21:24,379,681,539,0
2026-08-06 22:21:25,384,684,543,0
2026-08-06 22:21:26,382,683,544,0
2026-08-06 22:21:27,383,684,544,0
2026-08-06 22:21:28,383,682,558,0
2026-08-06 22:21:29,383,680,537,0
2026-08-06 22:21:30,382,685,537,0
2026-08-06 22:21:31,382,686,547,0
2026-08-06 22:21:32,383,680,541,0
2026-08-06 22:21:33,381,684,539,0
2026-08-06 22:21:34,382,685,548,0
2026-08-06 22:21:35,387,686,552,0
2026-08-06 22:21:36,383,681,553,0
2026-08-06 22:21:37,384,678,533,0
2026-08-06 22:21:38,385,684,537,0
2026-08-06 22:21:39,386,678,541,0
2026-08-06 22:21:40,384,682,546,0
2026-08-06 22:21:41,381,683,555,0
2026-08-06 22:21:42,382,681,549,0
2026-08-06 22:21:43,383,684,542,0
2026-08-06 22:21:44,382,680,544,0
2026-08-06 22:21:45,384,685,533,0
2026-08-06 22:21:46,382,681,542,0
2026-08-06 22:21:47,384,685,535,0
2026-08-06 22:21:48,381,684,557,0
2026-08-06 22:21:49,382,686,540,0
2026-08-06 22:21:50,381,682,542,0
2026-08-06 22:21:51,382,684,552,0
2026-08-06 22:21:52,382,682,543,0
2026-08-06 22:21:53,384,682,548,0
2026-08-06 22:21:54,383,684,547,0
2026-08-06 22:21:55,383,682,545,0
2026-08-06 22:21:56,380,681,552,0
2026-08-06 22:21:57,385,680,553,0
2026-08-06 22:21:58,384,680,538,0
2026-08-06 22:21:59,385,680,532,0
2026-08-06 22:22:00,385,683,556,0
2026-08-06 22:22:01,383,683,534,0
2026-08-06 22:22:02,382,686,540,0
2026-08-06 22:22:03,381,689,542,0
2026-08-06 22:22:04,383,683,543,0
2026-08-06 22:22:05,384,685,543,0
2026-08-06 22:22:06,386,687,545,0
2026-08-06 22:22:07,383,685,535,0
2026-08-06 22:22:08,387,685,547,0
2026-08-06 22:22:09,381,680,549,0
2026-08-06 22:22:10,383,680,546,0
2026-08-06 22:22:11,383,687,553,0
2026-08-06 22:22:12,384,686,536,0
2026-08-06 22:22:13,384,684,531,0
2026-08-06 22:22:14,384,682,528,0
2026-08-06 22:22:15,383,686,546,0
2026-08-06 22:22:16,384,688,548,0
2026-08-06 22:22:17,383,681,548,0
2026-08-06 22:22:18,382,690,556,0
2026-08-06 22:22:19,383,683,545,0
2026-08-06 22:22:20,384,690,543,0
2026-08-06 22:22:21,383,687,550,0
2026-08-06 22:22:22,384,682,546,0
2026-08-06 22:22:23,382,682,549,0
2026-08-06 22:22:24,383,683,554,0
2026-08-06 22:22:25,385,682,548,0
2026-08-06 22:22:26,383,687,555,0
2026-08-06 22:22:27,381,683,553,0
2026-08-06 22:22:28,382,683,542,0
2026-08-06 22:22:29,383,681,544,0
2026-08-06 22:22:30,384,688,549,0
2026-08-06 22:22:31,384,680,539,0
2026-08-06 22:22:32,383,688,551,0
2026-08-06 22:22:33,382,683,544,0
2026-08-06 22:22:34,381,683,552,0
2026-08-06 22:22:35,384,688,539,0
2026-08-06 22:22:36,383,681,543,0
2026-08-06 22:22:37,384,680,541,0
2026-08-06 22:22:38,383,689,548,0
2026-08-06 22:22:39,383,683,552,0
2026-08-06 22:22:40,384,685,543,0
2026-08-06 22:22:41,385,687,534,0
2026-08-06 22:22:42,383,681,546,0
2026-08-06 22:22:43,386,685,540,0
2026-08-06 22:22:44,383,688,554,0
2026-08-06 22:22:45,384,682,547,0
2026-08-06 22:22:46,383,679,544,0
2026-08-06 22:22:47,383,690,549,0
2026-08-06 22:22:48,383,685,543,0
2026-08-06 22:22:49,380,685,541,0
2026-08-06 22:22:50,382,679,547,0
2026-08-06 22:22:51,387,682,538,0
2026-08-06 22:22:52,382,686,548,0
2026-08-06 22:22:53,381,682,552,0
2026-08-06 22:22:54,385,684,540,0
2026-08-06 22:22:55,382,683,542,0
2026-08-06 22:22:56,382,686,556,0
2026-08-06 22:22:57,382,684,548,0
2026-08-06 22:22:58,383,682,547,0
2026-08-06 22:22:59,384,685,542,0
2026-08-06 22:23:00,383,686,546,0
2026-08-06 22:23:01,381,683,535,0
2026-08-06 22:23:02,384,682,537,0
2026-08-06 22:23:03,382,685,542,0
2026-08-06 22:23:04,386,683,536,0
2026-08-06 22:23:05,383,689,549,0
2026-08-06 22:23:06,384,685,546,0
2026-08-06 22:23:07,382,681,548,0
2026-08-06 22:23:08,383,687,545,0
2026-08-06 22:23:09,383,687,546,0
2026-08-06 22:23:10,380,681,556,0
2026-08-06 22:23:11,384,685,549,0
2026-08-06 22:23:12,386,685,550,0
2026-08-06 22:23:13,381,682,541,0
2026-08-06 22:23:14,385,681,530,0
2026-08-06 22:23:15,383,685,538,0
2026-08-06 22:23:16,384,684,536,0
2026-08-06 22:23:17,386,680,547,0
2026-08-06 22:23:18,382,685,547,0
2026-08-06 22:23:19,382,682,543,0
2026-08-06 22:23:20,386,684,551,0
2026-08-06 22:23:21,382,680,539,0
2026-08-06 22:23:22,383,685,542,0
2026-08-06 22:23:23,381,686,551,0
2026-08-06 22:23:24,382,685,544,0
2026-08-06 22:23:25,382,684,538,0
2026-08-06 22:23:26,384,684,555,0
2026-08-06 22:23:27,384,686,546,0
2026-08-06 22:23:28,383,686,540,0
2026-08-06 22:23:29,385,682,538,0
2026-08-06 22:23:30,384,685,530,0
2026-08-06 22:23:31,380,680,548,0
2026-08-06 22:23:32,383,686,550,0
2026-08-06 22:23:33,384,685,544,0
2026-08-06 22:23:34,383,679,544,0
2026-08-06 22:23:35,384,686,546,0
2026-08-06 22:23:36,382,689,563,0
2026-08-06 22:23:37,382,689,555,0
2026-08-06 22:23:38,383,680,535,0
2026-08-06 22:23:39,382,686,542,0
2026-08-06 22:23:40,383,682,543,0
2026-08-06 22:23:41,383,690,547,0
2026-08-06 22:23:42,383,683,538,0
2026-08-06 22:23:43,386,683,550,0
2026-08-06 22:23:44,384,685,535,0
2026-08-06 22:23:45,384,685,539,0
2026-08-06 22:23:46,382,687,534,0
2026-08-06 22:23:47,384,690,539,0
2026-08-06 22:23:48,382,683,542,0
2026-08-06 22:23:49,385,688,538,0
2026-08-06 22:23:50,382,684,553,0
2026-08-06 22:23:51,385,682,558,0
2026-08-06 22:23:52,383,686,555,0
2026-08-06 22:23:53,384,688,538,0
2026-08-06 22:23:54,386,686,529,0
2026-08-06 22:23:55,383,682,542,0
2026-08-06 22:23:56,384,682,541,0
2026-08-06 22:23:57,382,682,546,0
2026-08-06 22:23:58,384,686,535,0
2026-08-06 22:23:59,384,683,545,0
2026-08-06 22:24:00,383,686,550,0
2026-08-06 22:24:01,384,689,546,0
2026-08-06 22:24:02,380,682,536,0
2026-08-06 22:24:03,383,686,544,0
2026-08-06 22:24:04,385,684,547,0
2026-08-06 22:24:05,383,683,542,0
2026-08-06 22:24:06,385,685,549,0
2026-08-06 22:24:07,384,680,542,0
2026-08-06 22:24:08,382,684,549,0
2026-08-06 22:24:09,382,683,541,0
2026-08-06 22:24:10,384,684,537,0
2026-08-06 22:24:11,383,679,542,0
2026-08-06 22:24:12,383,686,542,0
2026-08-06 22:24:13,383,683,547,0
2026-08-06 22:24:14,382,688,543,0
2026-08-06 22:24:15,382,682,544,0
2026-08-06 22:24:16,382,691,548,0
2026-08-06 22:24:17,383,682,552,0
2026-08-06 22:24:18,385,686,549,0
2026-08-06 22:24:19,382,680,545,0
2026-08-06 22:24:20,383,689,543,0
2026-08-06 22:24:21,382,683,549,0
2026-08-06 22:24:22,383,682,544,0
2026-08-06 22:24:23,382,688,543,0
2026-08-06 22:24:24,382,684,538,0
2026-08-06 22:24:25,385,687,542,0
2026-08-06 22:24:26,382,685,548,0
2026-08-06 22:24:27,383,684,537,0
2026-08-06 22:24:28,385,689,545,0
2026-08-06 22:24:29,384,686,548,0
2026-08-06 22:24:30,383,684,548,0
2026-08-06 22:24:31,382,680,548,0
2026-08-06 22:24:32,382,687,540,0
2026-08-06 22:24:33,381,684,546,0
2026-08-06 22:24:34,381,689,540,0
2026-08-06 22:24:35,383,683,547,0
2026-08-06 22:24:36,384,681,544,0
2026-08-06 22:24:37,382,686,547,0
2026-08-06 22:24:38,381,684,534,0
2026-08-06 22:24:39,381,685,545,0
2026-08-06 22:24:40,386,683,543,0
2026-08-06 22:24:41,385,687,555,0
2026-08-06 22:24:42,383,686,542,0
2026-08-06 22:24:43,382,686,549,0
2026-08-06 22:24:44,384,686,547,0
2026-08-06 22:24:45,382,686,555,0
2026-08-06 22:24:46,382,685,539,0
2026-08-06 22:24:47,384,684,544,0
2026-08-06 22:24:48,384,687,547,0
2026-08-06 22:24:49,383,684,547,0
2026-08-06 22:24:50,386,683,540,0
2026-08-06 22:24:51,384,683,539,0
2026-08-06 22:24:52,384,687,545,0
2026-08-06 22:24:53,383,688,553,0
2026-08-06 22:24:54,384,683,542,0
2026-08-06 22:24:55,386,682,542,0
2026-08-06 22:24:56,382,681,542,0
2026-08-06 22:24:57,381,684,542,0
2026-08-06 22:24:58,383,684,537,0
2026-08-06 22:24:59,383,689,541,0
2026-08-06 22:25:00,385,683,548,0
2026-08-06 22:25:01,382,688,558,0
2026-08-06 22:25:02,382,682,551,0
2026-08-06 22:25:03,384,681,543,0
2026-08-06 22:25:04,382,682,541,0
2026-08-06 22:25:05,383,685,537,0
2026-08-06 22:25:06,383,687,538,0
2026-08-06 22:25:07,384,682,551,0
2026-08-06 22:25:08,382,680,541,0
2026-08-06 22:25:09,381,690,539,0
2026-08-06 22:25:10,383,685,536,0
2026-08-06 22:25:11,383,688,537,0
2026-08-06 22:25:12,381,682,548,0
2026-08-06 22:25:13,384,682,547,0
2026-08-06 22:25:14,382,683,546,0
2026-08-06 22:25:15,382,683,536,0
2026-08-06 22:25:16,383,686,538,0
2026-08-06 22:25:17,380,682,550,0
2026-08-06 22:25:18,378,687,555,0
2026-08-06 22:25:19,383,692,543,0
2026-08-06 22:25:20,383,688,537,0
2026-08-06 22:25:21,382,684,548,0
2026-08-06 22:25:22,382,682,539,0
2026-08-06 22:25:23,384,684,558,0
2026-08-06 22:25:24,383,681,564,0
2026-08-06 22:25:25,382,682,535,0
2026-08-06 22:25:26,384,686,551,0
2026-08-06 22:25:27,384,685,549,0
2026-08-06 22:25:28,382,686,558,0
2026-08-06 22:25:29,382,687,553,0
2026-08-06 22:25:30,383,689,548,0
2026-08-06 22:25:31,386,685,531,0
2026-08-06 22:25:32,381,688,548,0
2026-08-06 22:25:33,382,684,536,0
2026-08-06 22:25:34,384,686,553,0
2026-08-06 22:25:35,384,686,548,0
2026-08-06 22:25:36,384,684,548,0
2026-08-06 22:25:37,383,685,538,0
2026-08-06 22:25:38,383,681,550,0
2026-08-06 22:25:39,383,683,552,0
2026-08-06 22:25:40,379,681,545,0
2026-08-06 22:25:41,383,683,544,0
2026-08-06 22:25:42,383,683,541,0
2026-08-06 22:25:43,383,682,540,0
2026-08-06 22:25:44,381,689,548,0
2026-08-06 22:25:45,382,685,540,0
2026-08-06 22:25:46,384,688,542,0
2026-08-06 22:25:47,384,685,539,0
2026-08-06 22:25:48,382,683,550,0
2026-08-06 22:25:49,384,686,535,0
2026-08-06 22:25:50,384,687,555,0
2026-08-06 22:25:51,382,690,545,0
2026-08-06 22:25:52,381,684,529,0
2026-08-06 22:25:53,386,688,540,0
2026-08-06 22:25:54,381,684,537,0
2026-08-06 22:25:55,384,685,551,0
2026-08-06 22:25:56,382,689,549,0
2026-08-06 22:25:57,385,683,539,0
2026-08-06 22:25:58,385,685,535,0
2026-08-06 22:25:59,382,685,550,0
2026-08-06 22:26:00,381,684,556,0
2026-08-06 22:26:01,381,686,543,0
2026-08-06 22:26:02,384,688,542,0
2026-08-06 22:26:03,380,684,542,0
2026-08-06 22:26:04,384,684,551,0
2026-08-06 22:26:05,383,686,553,0
2026-08-06 22:26:06,384,684,541,0
2026-08-06 22:26:07,381,687,553,0
2026-08-06 22:26:08,381,678,546,0
2026-08-06 22:26:09,385,689,556,0
2026-08-06 22:26:10,384,685,528,0
2026-08-06 22:26:11,384,685,546,0
2026-08-06 22:26:12,382,682,551,0
2026-08-06 22:26:13,382,685,552,0
2026-08-06 22:26:14,384,681,549,0
2026-08-06 22:26:15,382,684,544,0
2026-08-06 22:26:16,385,687,536,0
2026-08-06 22:26:17,381,681,550,0
2026-08-06 22:26:18,384,685,547,0
2026-08-06 22:26:19,382,689,544,0
2026-08-06 22:26:20,383,683,542,0
2026-08-06 22:26:21,383,681,546,0
2026-08-06 22:26:22,385,691,541,0
2026-08-06 22:26:23,382,685,531,0
2026-08-06 22:26:24,382,684,558,0
2026-08-06 22:26:25,382,686,535,0
2026-08-06 22:26:26,384,686,542,0
2026-08-06 22:26:27,382,686,532,0
2026-08-06 22:26:28,382,681,554,0
2026-08-06 22:26:29,383,684,535,0
2026-08-06 22:26:30,382,688,536,0
2026-08-06 22:26:31,385,687,541,0
2026-08-06 22:26:32,384,685,551,0
2026-08-06 22:26:33,383,683,551,0
2026-08-06 22:26:34,379,684,542,0
2026-08-06 22:26:35,378,683,544,0
2026-08-06 22:26:36,384,687,539,0
2026-08-06 22:26:37,383,684,532,0
2026-08-06 22:26:38,381,685,543,0
2026-08-06 22:26:39,381,685,529,0
2026-08-06 22:26:40,384,685,541,0
2026-08-06 22:26:41,386,683,554,0
2026-08-06 22:26:42,383,686,544,0
2026-08-06 22:26:43,384,683,537,0
2026-08-06 22:26:44,382,680,549,0
2026-08-06 22:26:45,383,681,554,0
2026-08-06 22:26:46,383,685,538,0
2026-08-06 22:26:47,386,686,542,0
2026-08-06 22:26:48,379,682,552,0
2026-08-06 22:26:49,384,689,529,0
2026-08-06 22:26:50,386,683,547,0
2026-08-06 22:26:51,383,686,545,0
2026-08-06 22:26:52,382,685,541,0
2026-08-06 22:26:53,382,685,548,0
2026-08-06 22:26:54,384,689,525,0
2026-08-06 22:26:55,383,688,554,0
2026-08-06 22:26:56,381,688,538,0
2026-08-06 22:26:57,381,682,555,0
2026-08-06 22:26:58,384,689,536,0
2026-08-06 22:26:59,383,687,543,0
2026-08-06 22:27:00,382,685,545,0
2026-08-06 22:27:01,385,685,541,0
2026-08-06 22:27:02,389,686,541,0
2026-08-06 22:27:03,382,686,551,0
2026-08-06 22:27:04,382,684,544,0
2026-08-06 22:27:05,382,687,542,0
2026-08-06 22:27:06,383,683,547,0
2026-08-06 22:27:07,383,685,542,0
2026-08-06 22:27:08,385,681,539,0
2026-08-06 22:27:09,382,680,541,0
2026-08-06 22:27:10,382,680,552,0
2026-08-06 22:27:11,383,683,548,0
2026-08-06 22:27:12,389,684,554,0
2026-08-06 22:27:13,382,687,549,0
2026-08-06 22:27:14,382,684,550,0
2026-08-06 22:27:15,382,685,536,0
2026-08-06 22:27:16,382,683,547,0
2026-08-06 22:27:17,383,682,549,0
2026-08-06 22:27:18,383,683,546,0
2026-08-06 22:27:19,383,685,533,0
2026-08-06 22:27:20,382,686,547,0
2026-08-06 22:27:21,381,686,551,0
2026-08-06 22:27:22,384,682,546,0
2026-08-06 22:27:23,385,691,539,0
2026-08-06 22:27:24,382,687,531,0
2026-08-06 22:27:25,383,679,547,0
2026-08-06 22:27:26,382,686,546,0
2026-08-06 22:27:27,381,684,547,0
2026-08-06 22:27:28,386,683,540,0
2026-08-06 22:27:29,384,685,537,0
2026-08-06 22:27:30,384,687,545,0
2026-08-06 22:27:31,385,689,543,0
2026-08-06 22:27:32,383,690,540,0
2026-08-06 22:27:33,382,685,544,0
2026-08-06 22:27:34,381,685,539,0
2026-08-06 22:27:35,383,684,546,0
2026-08-06 22:27:36,385,684,536,0
2026-08-06 22:27:37,385,689,547,0
2026-08-06 22:27:38,382,686,539,0
2026-08-06 22:27:39,381,685,546,0
2026-08-06 22:27:40,382,685,546,0
2026-08-06 22:27:41,382,688,558,0
2026-08-06 22:27:42,383,687,547,0
2026-08-06 22:27:43,382,684,540,0
2026-08-06 22:27:44,383,688,536,0
2026-08-06 22:27:45,382,685,544,0
2026-08-06 22:27:46,380,691,556,0
2026-08-06 22:27:47,382,685,555,0
2026-08-06 22:27:48,381,687,550,0
2026-08-06 22:27:49,383,686,546,0
2026-08-06 22:27:50,381,682,551,0
2026-08-06 22:27:51,383,685,544,0
2026-08-06 22:27:52,384,680,545,0
2026-08-06 22:27:53,382,684,548,0
2026-08-06 22:27:54,383,683,551,0
2026-08-06 22:27:55,381,689,543,0
2026-08-06 22:27:56,382,686,546,0
2026-08-06 22:27:57,380,683,538,0
2026-08-06 22:27:58,381,687,564,0
2026-08-06 22:27:59,381,689,555,0
2026-08-06 22:28:00,383,689,544,0
2026-08-06 22:28:01,384,685,542,0
2026-08-06 22:28:02,383,683,550,0
2026-08-06 22:28:03,384,682,539,0
2026-08-06 22:28:04,383,685,534,0
2026-08-06 22:28:05,384,683,542,0
2026-08-06 22:28:06,380,685,546,0
2026-08-06 22:28:07,383,679,555,0
2026-08-06 22:28:08,384,686,541,0
2026-08-06 22:28:09,382,680,532,0
2026-08-06 22:28:10,384,686,543,0
2026-08-06 22:28:11,383,685,543,0
2026-08-06 22:28:12,384,687,545,0
2026-08-06 22:28:13,384,687,551,0
2026-08-06 22:28:14,382,685,544,0
2026-08-06 22:28:15,382,688,546,0
2026-08-06 22:28:16,379,689,531,0
2026-08-06 22:28:17,382,683,549,0
2026-08-06 22:28:18,383,685,530,0
2026-08-06 22:28:19,381,684,532,0
2026-08-06 22:28:20,383,688,545,0
2026-08-06 22:28:21,381,689,545,0
2026-08-06 22:28:22,383,685,556,0
2026-08-06 22:28:23,383,689,532,0
2026-08-06 22:28:24,384,683,551,0
2026-08-06 22:28:25,382,684,537,0
2026-08-06 22:28:26,383,684,540,0
2026-08-06 22:28:27,381,683,540,0
2026-08-06 22:28:28,381,683,542,0
2026-08-06 22:28:29,386,683,542,0
2026-08-06 22:28:30,383,684,551,0
2026-08-06 22:28:31,382,689,548,0
2026-08-06 22:28:32,385,687,541,0
2026-08-06 22:28:33,384,689,544,0
2026-08-06 22:28:34,380,684,560,0
2026-08-06 22:28:35,382,680,559,0
2026-08-06 22:28:36,383,684,551,0
2026-08-06 22:28:37,382,685,548,0
2026-08-06 22:28:38,381,687,552,0
2026-08-06 22:28:39,384,687,544,0
2026-08-06 22:28:40,381,687,565,0
2026-08-06 22:28:41,381,685,549,0
2026-08-06 22:28:42,383,685,547,0
2026-08-06 22:28:43,384,684,534,0
2026-08-06 22:28:44,384,684,543,0
2026-08-06 22:28:45,382,688,542,0
2026-08-06 22:28:46,381,684,543,0
2026-08-06 22:28:47,383,681,547,0
2026-08-06 22:28:48,382,687,537,0
2026-08-06 22:28:49,385,681,540,0
2026-08-06 22:28:50,384,688,550,0
2026-08-06 22:28:51,385,687,542,0
2026-08-06 22:28:52,383,680,546,0
2026-08-06 22:28:53,381,686,550,0
2026-08-06 22:28:54,382,685,539,0
2026-08-06 22:28:55,383,685,540,0
2026-08-06 22:28:56,384,683,537,0
2026-08-06 22:28:57,383,687,550,0
2026-08-06 22:28:58,385,687,535,0
2026-08-06 22:28:59,384,687,544,0
2026-08-06 22:29:00,382,684,544,0
2026-08-06 22:29:01,384,684,544,0
2026-08-06 22:29:02,381,692,534,0
2026-08-06 22:29:03,380,689,549,0
2026-08-06 22:29:04,382,692,550,0
2026-08-06 22:29:05,383,688,541,0
2026-08-06 22:29:06,384,687,540,0
2026-08-06 22:29:07,384,683,547,0
2026-08-06 22:29:08,382,687,540,0
2026-08-06 22:29:09,382,688,547,0
2026-08-06 22:29:10,383,689,561,0
2026-08-06 22:29:11,382,683,547,0
2026-08-06 22:29:12,380,678,553,0
2026-08-06 22:29:13,384,688,549,0
2026-08-06 22:29:14,382,685,539,0
2026-08-06 22:29:15,380,687,547,0
2026-08-06 22:29:16,383,682,553,0
2026-08-06 22:29:17,383,689,541,0
2026-08-06 22:29:18,382,681,548,0
2026-08-06 22:29:19,383,683,537,0
2026-08-06 22:29:20,384,686,544,0
2026-08-06 22:29:21,384,687,542,0
2026-08-06 22:29:22,382,689,545,0
2026-08-06 22:29:23,383,690,549,0
2026-08-06 22:29:24,379,690,550,0
2026-08-06 22:29:25,380,685,533,0
2026-08-06 22:29:26,380,682,551,0
2026-08-06 22:29:27,382,687,563,0
2026-08-06 22:29:28,382,691,540,0
2026-08-06 22:29:29,383,685,550,0
2026-08-06 22:29:30,381,692,533,0
2026-08-06 22:29:31,382,689,537,0
2026-08-06 22:29:32,383,685,549,0
2026-08-06 22:29:33,381,689,563,0
2026-08-06 22:29:34,381,686,545,0
2026-08-06 22:29:35,382,684,544,0
2026-08-06 22:29:36,382,686,550,0
2026-08-06 22:29:37,382,689,540,0
2026-08-06 22:29:38,385,685,538,0
2026-08-06 22:29:39,382,687,539,0
2026-08-06 22:29:40,384,690,547,0
2026-08-06 22:29:41,383,692,541,0
2026-08-06 22:29:42,382,685,538,0
2026-08-06 22:29:43,382,681,541,0
2026-08-06 22:29:44,384,685,547,0
2026-08-06 22:29:45,385,689,551,0
2026-08-06 22:29:46,382,689,550,0
2026-08-06 22:29:47,383,688,548,0
2026-08-06 22:29:48,383,690,547,0
2026-08-06 22:29:49,382,688,541,0
2026-08-06 22:29:50,382,686,538,0
2026-08-06 22:29:51,384,685,548,0
2026-08-06 22:29:52,381,685,548,0
2026-08-06 22:29:53,384,691,548,0
2026-08-06 22:29:54,382,682,543,0
2026-08-06 22:29:55,383,688,555,0
2026-08-06 22:29:56,385,685,542,0
2026-08-06 22:29:57,384,688,542,0
2026-08-06 22:29:58,380,687,545,0
2026-08-06 22:29:59,384,692,542,0
2026-08-06 22:30:00,382,688,551,0
2026-08-06 22:30:01,386,687,543,0
2026-08-06 22:30:02,382,687,542,0
2026-08-06 22:30:03,381,689,550,0
2026-08-06 22:30:04,383,690,553,0
2026-08-06 22:30:05,384,684,554,0
2026-08-06 22:30:06,388,687,541,0
2026-08-06 22:30:07,382,689,531,0
2026-08-06 22:30:08,384,683,538,0
2026-08-06 22:30:09,382,686,544,0
2026-08-06 22:30:10,381,692,545,0
2026-08-06 22:30:11,383,683,544,0
2026-08-06 22:30:12,385,685,541,0
2026-08-06 22:30:13,384,685,539,0
2026-08-06 22:30:14,383,685,545,0
2026-08-06 22:30:15,384,690,554,0
2026-08-06 22:30:16,383,687,554,0
2026-08-06 22:30:17,380,687,550,0
2026-08-06 22:30:18,381,685,559,0
2026-08-06 22:30:19,382,682,545,0
2026-08-06 22:30:20,384,686,548,0
2026-08-06 22:30:21,383,691,548,0
2026-08-06 22:30:22,385,681,536,0
2026-08-06 22:30:23,382,687,545,0
2026-08-06 22:30:24,383,688,544,0
2026-08-06 22:30:25,382,688,555,0
2026-08-06 22:30:26,386,687,537,0
2026-08-06 22:30:27,383,687,545,0
2026-08-06 22:30:28,384,687,546,0
2026-08-06 22:30:29,380,691,548,0
2026-08-06 22:30:30,384,686,549,0
2026-08-06 22:30:31,382,690,542,0
2026-08-06 22:30:32,386,685,538,0
2026-08-06 22:30:33,382,684,552,0
2026-08-06 22:30:34,387,690,538,0
2026-08-06 22:30:35,383,691,538,0
2026-08-06 22:30:36,382,692,558,0
2026-08-06 22:30:37,381,687,553,0
2026-08-06 22:30:38,384,685,540,0
2026-08-06 22:30:39,384,689,545,0
2026-08-06 22:30:40,383,689,547,0
2026-08-06 22:30:41,383,689,545,0
2026-08-06 22:30:42,383,687,541,0
2026-08-06 22:30:43,383,685,541,0
2026-08-06 22:30:44,384,688,542,0
2026-08-06 22:30:45,384,687,540,0
2026-08-06 22:30:46,387,686,546,0
2026-08-06 22:30:47,381,688,539,0
2026-08-06 22:30:48,384,684,549,0
2026-08-06 22:30:49,382,685,540,0
2026-08-06 22:30:50,381,688,545,0
2026-08-06 22:30:51,384,683,548,0
2026-08-06 22:30:52,384,685,550,0
2026-08-06 22:30:53,383,687,540,0
2026-08-06 22:30:54,383,687,540,0
2026-08-06 22:30:55,381,690,540,0
2026-08-06 22:30:56,384,684,555,0
2026-08-06 22:30:57,381,686,551,0
2026-08-06 22:30:58,383,687,542,0
2026-08-06 22:30:59,383,683,542,0
2026-08-06 22:31:00,384,688,548,0
2026-08-06 22:31:01,381,691,544,0
2026-08-06 22:31:02,381,690,557,0
2026-08-06 22:31:03,382,689,554,0
2026-08-06 22:31:04,385,681,562,0
2026-08-06 22:31:05,383,685,542,0
2026-08-06 22:31:06,382,681,537,0
2026-08-06 22:31:07,384,690,538,0
2026-08-06 22:31:08,382,685,536,0
2026-08-06 22:31:09,385,681,550,0
2026-08-06 22:31:10,382,684,543,0
2026-08-06 22:31:11,385,682,553,0
2026-08-06 22:31:12,380,684,537,0
2026-08-06 22:31:13,384,689,548,0
2026-08-06 22:31:14,384,682,534,0
2026-08-06 22:31:15,384,686,535,0
2026-08-06 22:31:16,385,689,534,0
2026-08-06 22:31:17,386,689,536,0
2026-08-06 22:31:18,382,693,532,0
2026-08-06 22:31:19,380,691,543,0
2026-08-06 22:31:20,383,692,543,0
2026-08-06 22:31:21,385,689,534,0
2026-08-06 22:31:22,383,688,540,0
2026-08-06 22:31:23,382,690,552,0
2026-08-06 22:31:24,384,687,538,0
2026-08-06 22:31:25,383,688,543,0
2026-08-06 22:31:26,383,686,543,0
2026-08-06 22:31:27,383,690,534,0
2026-08-06 22:31:28,381,683,551,0
2026-08-06 22:31:29,383,685,545,0
2026-08-06 22:31:30,383,685,548,0
2026-08-06 22:31:31,384,686,548,0
2026-08-06 22:31:32,382,686,541,0
2026-08-06 22:31:33,382,680,548,0
2026-08-06 22:31:34,382,685,541,0
2026-08-06 22:31:35,382,688,547,0
2026-08-06 22:31:36,385,687,547,0
2026-08-06 22:31:37,384,690,555,0
2026-08-06 22:31:38,383,691,532,0
2026-08-06 22:31:39,382,688,555,0
2026-08-06 22:31:40,379,685,550,0
2026-08-06 22:31:41,384,689,536,0
2026-08-06 22:31:42,383,688,533,0
2026-08-06 22:31:43,384,687,545,0
2026-08-06 22:31:44,382,685,547,0
2026-08-06 22:31:45,385,688,549,0
2026-08-06 22:31:46,385,683,540,0
2026-08-06 22:31:47,385,688,549,0
2026-08-06 22:31:48,383,688,531,0
2026-08-06 22:31:49,385,685,545,0
2026-08-06 22:31:50,383,684,541,0
2026-08-06 22:31:51,384,687,551,0
2026-08-06 22:31:52,381,688,550,0
2026-08-06 22:31:53,380,686,542,0
2026-08-06 22:31:54,382,688,544,0
2026-08-06 22:31:55,383,688,556,0
2026-08-06 22:31:56,386,687,531,0
2026-08-06 22:31:57,379,689,548,0
2026-08-06 22:31:58,382,690,549,0
2026-08-06 22:31:59,382,686,532,0
2026-08-06 22:32:00,386,688,546,0
2026-08-06 22:32:01,383,687,547,0
2026-08-06 22:32:02,385,685,547,0
2026-08-06 22:32:03,381,686,541,0
2026-08-06 22:32:04,384,689,542,0
2026-08-06 22:32:05,383,683,540,0
2026-08-06 22:32:06,383,688,546,0
2026-08-06 22:32:07,382,685,543,0
2026-08-06 22:32:08,385,688,545,0
2026-08-06 22:32:09,382,688,535,0
2026-08-06 22:32:10,383,688,548,0
2026-08-06 22:32:11,382,690,553,0
2026-08-06 22:32:12,383,689,540,0
2026-08-06 22:32:13,384,688,537,0
2026-08-06 22:32:14,383,686,552,0
2026-08-06 22:32:15,382,681,535,0
2026-08-06 22:32:16,382,686,543,0
2026-08-06 22:32:17,385,686,548,0
2026-08-06 22:32:18,382,688,541,0
2026-08-06 22:32:19,384,691,539,0
2026-08-06 22:32:20,382,686,551,0
2026-08-06 22:32:21,382,686,548,0
2026-08-06 22:32:22,384,683,549,0
2026-08-06 22:32:23,383,689,543,0
2026-08-06 22:32:24,384,687,541,0
2026-08-06 22:32:25,382,684,541,0
2026-08-06 22:32:26,385,687,533,0
2026-08-06 22:32:27,381,687,551,0
2026-08-06 22:32:28,382,687,544,0
2026-08-06 22:32:29,383,685,544,0
2026-08-06 22:32:30,382,688,539,0
2026-08-06 22:32:31,378,686,553,0
2026-08-06 22:32:32,383,690,553,0
2026-08-06 22:32:33,385,687,557,0
2026-08-06 22:32:34,383,689,537,0
2026-08-06 22:32:35,384,687,544,0
2026-08-06 22:32:36,383,686,543,0
2026-08-06 22:32:37,382,688,543,0
2026-08-06 22:32:38,382,683,543,0
2026-08-06 22:32:39,382,685,544,0
2026-08-06 22:32:40,384,685,536,0
2026-08-06 22:32:41,383,684,538,0
2026-08-06 22:32:42,382,686,534,0
2026-08-06 22:32:43,382,687,546,0
2026-08-06 22:32:44,385,687,543,0
2026-08-06 22:32:45,382,685,542,0
2026-08-06 22:32:46,383,687,551,0
2026-08-06 22:32:47,382,689,545,0
2026-08-06 22:32:48,384,686,549,0
2026-08-06 22:32:49,383,690,538,0
2026-08-06 22:32:50,382,689,551,0
2026-08-06 22:32:51,383,688,553,0
2026-08-06 22:32:52,383,686,540,0
2026-08-06 22:32:53,384,691,554,0
2026-08-06 22:32:54,382,689,553,0
2026-08-06 22:32:55,382,686,543,0
2026-08-06 22:32:56,381,682,542,0
2026-08-06 22:32:57,382,688,543,0
2026-08-06 22:32:58,380,685,547,0
2026-08-06 22:32:59,383,688,533,0
2026-08-06 22:33:00,383,686,552,0
2026-08-06 22:33:01,382,685,544,0
2026-08-06 22:33:02,384,688,554,0
2026-08-06 22:33:03,382,684,542,0
2026-08-06 22:33:04,386,686,536,0
2026-08-06 22:33:05,384,690,543,0
2026-08-06 22:33:06,384,687,548,0
2026-08-06 22:33:07,383,689,541,0
2026-08-06 22:33:08,381,691,538,0
2026-08-06 22:33:09,382,691,531,0
2026-08-06 22:33:10,383,689,542,0
2026-08-06 22:33:11,384,685,550,0
2026-08-06 22:33:12,381,686,551,0
2026-08-06 22:33:13,382,690,547,0
2026-08-06 22:33:14,383,690,542,0
2026-08-06 22:33:15,381,688,547,0
2026-08-06 22:33:16,382,690,541,0
2026-08-06 22:33:17,382,686,542,0
2026-08-06 22:33:18,382,688,544,0
2026-08-06 22:33:19,384,687,534,0
2026-08-06 22:33:20,383,686,544,0
2026-08-06 22:33:21,381,690,549,0
2026-08-06 22:33:22,379,686,547,0
2026-08-06 22:33:23,382,689,539,0
2026-08-06 22:33:24,383,683,546,0
2026-08-06 22:33:25,384,683,533,0
2026-08-06 22:33:26,383,686,523,0
2026-08-06 22:33:27,382,687,541,0
2026-08-06 22:33:28,382,685,545,0
2026-08-06 22:33:29,385,688,555,0
2026-08-06 22:33:30,381,692,534,0
2026-08-06 22:33:31,382,686,540,0
2026-08-06 22:33:32,385,683,554,0
2026-08-06 22:33:33,383,686,530,0
2026-08-06 22:33:34,382,690,551,0
2026-08-06 22:33:35,382,686,545,0
2026-08-06 22:33:36,383,690,544,0
2026-08-06 22:33:37,384,691,546,0
2026-08-06 22:33:38,384,688,551,0
2026-08-06 22:33:39,383,686,540,0
2026-08-06 22:33:40,382,690,555,0
2026-08-06 22:33:41,382,689,537,0
2026-08-06 22:33:42,382,687,548,0
2026-08-06 22:33:43,383,686,552,0
2026-08-06 22:33:44,383,685,543,0
2026-08-06 22:33:45,380,685,543,0
2026-08-06 22:33:46,383,691,548,0
2026-08-06 22:33:47,380,687,546,0
2026-08-06 22:33:48,382,689,549,0
2026-08-06 22:33:49,383,689,551,0
2026-08-06 22:33:50,381,689,545,0
2026-08-06 22:33:51,376,689,552,0
2026-08-06 22:33:52,382,689,542,0
2026-08-06 22:33:53,383,689,556,0
2026-08-06 22:33:54,382,688,552,0
2026-08-06 22:33:55,381,682,546,0
2026-08-06 22:33:56,380,685,549,0
2026-08-06 22:33:57,384,685,549,0
2026-08-06 22:33:58,381,689,543,0
2026-08-06 22:33:59,382,684,536,0
2026-08-06 22:34:00,381,689,537,0
2026-08-06 22:34:01,382,687,548,0
2026-08-06 22:34:02,382,692,544,0
2026-08-06 22:34:03,382,690,545,0
2026-08-06 22:34:04,383,690,545,0
2026-08-06 22:34:05,383,689,538,0
2026-08-06 22:34:06,386,687,547,0
2026-08-06 22:34:07,381,688,543,0
2026-08-06 22:34:08,384,686,541,0
2026-08-06 22:34:09,382,689,539,0
2026-08-06 22:34:10,383,687,539,0
2026-08-06 22:34:11,385,689,549,0
2026-08-06 22:34:12,384,686,545,0
2026-08-06 22:34:13,383,691,551,0
2026-08-06 22:34:14,382,689,549,0
2026-08-06 22:34:15,384,688,541,0
2026-08-06 22:34:16,378,690,543,0
2026-08-06 22:34:17,384,684,539,0
2026-08-06 22:34:18,383,690,547,0
2026-08-06 22:34:19,381,689,538,0
2026-08-06 22:34:20,383,684,531,0
2026-08-06 22:34:21,381,692,556,0
2026-08-06 22:34:22,382,691,546,0
2026-08-06 22:34:23,381,687,537,0
2026-08-06 22:34:24,385,690,538,0
2026-08-06 22:34:25,384,689,535,0
2026-08-06 22:34:26,381,691,550,0
2026-08-06 22:34:27,383,685,538,0
2026-08-06 22:34:28,383,687,545,0
2026-08-06 22:34:29,382,693,559,0
2026-08-06 22:34:30,383,688,541,0
2026-08-06 22:34:31,383,688,540,0
2026-08-06 22:34:32,381,689,552,0
2026-08-06 22:34:33,381,684,539,0
2026-08-06 22:34:34,385,688,546,0
2026-08-06 22:34:35,381,690,540,0
2026-08-06 22:34:36,385,691,549,0
2026-08-06 22:34:37,383,689,535,0
2026-08-06 22:34:38,383,689,535,0
2026-08-06 22:34:39,383,685,539,0
2026-08-06 22:34:40,383,694,545,0
2026-08-06 22:34:41,382,695,548,0
2026-08-06 22:34:42,383,689,546,0
2026-08-06 22:34:43,380,688,548,0
2026-08-06 22:34:44,382,687,540,0
2026-08-06 22:34:45,381,685,533,0
2026-08-06 22:34:46,382,690,546,0
2026-08-06 22:34:47,385,687,550,0
2026-08-06 22:34:48,384,690,543,0
2026-08-06 22:34:49,387,686,551,0
2026-08-06 22:34:50,383,686,555,0
2026-08-06 22:34:51,381,690,543,0
2026-08-06 22:34:52,384,689,535,0
2026-08-06 22:34:53,380,686,549,0
2026-08-06 22:34:54,381,688,543,0
2026-08-06 22:34:55,383,691,541,0
2026-08-06 22:34:56,383,693,552,0
2026-08-06 22:34:57,381,689,553,0
2026-08-06 22:34:58,381,688,550,0
2026-08-06 22:34:59,384,688,543,0
2026-08-06 22:35:00,382,691,535,0
2026-08-06 22:35:01,380,690,552,0
2026-08-06 22:35:02,379,696,543,0
2026-08-06 22:35:03,382,690,559,0
2026-08-06 22:35:04,383,685,550,0
2026-08-06 22:35:05,382,693,536,0
2026-08-06 22:35:06,385,690,549,0
2026-08-06 22:35:07,383,690,543,0
2026-08-06 22:35:08,385,692,557,0
2026-08-06 22:35:09,383,691,549,0
2026-08-06 22:35:10,381,693,536,0
2026-08-06 22:35:11,382,690,547,0
2026-08-06 22:35:12,381,687,545,0
2026-08-06 22:35:13,385,685,551,0
2026-08-06 22:35:14,385,688,526,0
2026-08-06 22:35:15,381,688,542,0
2026-08-06 22:35:16,383,688,549,0
2026-08-06 22:35:17,386,691,552,0
2026-08-06 22:35:18,385,688,544,0
2026-08-06 22:35:19,382,691,544,0
2026-08-06 22:35:20,382,691,549,0
2026-08-06 22:35:21,385,690,562,0
2026-08-06 22:35:22,382,695,550,0
2026-08-06 22:35:23,386,687,536,0
2026-08-06 22:35:24,382,689,545,0
2026-08-06 22:35:25,382,689,550,0
2026-08-06 22:35:26,383,696,534,0
2026-08-06 22:35:27,383,693,534,0
2026-08-06 22:35:28,381,691,543,0
2026-08-06 22:35:29,384,688,549,0
2026-08-06 22:35:30,383,689,558,0
2026-08-06 22:35:31,385,691,553,0
2026-08-06 22:35:32,383,689,535,0
2026-08-06 22:35:33,381,693,549,0
2026-08-06 22:35:34,383,688,540,0
2026-08-06 22:35:35,381,692,544,0
2026-08-06 22:35:36,383,692,543,0
2026-08-06 22:35:37,384,690,538,0
2026-08-06 22:35:38,384,688,553,0
2026-08-06 22:35:39,383,686,551,0
2026-08-06 22:35:40,382,691,549,0
2026-08-06 22:35:41,382,692,551,0
2026-08-06 22:35:42,381,686,548,0
2026-08-06 22:35:43,383,692,537,0
2026-08-06 22:35:44,383,692,545,0
2026-08-06 22:35:45,382,690,545,0
2026-08-06 22:35:46,384,689,553,0
2026-08-06 22:35:47,384,688,542,0
2026-08-06 22:35:48,384,687,543,0
2026-08-06 22:35:49,381,690,546,0
2026-08-06 22:35:50,383,686,544,0
2026-08-06 22:35:51,383,689,547,0
2026-08-06 22:35:52,382,687,548,0
2026-08-06 22:35:53,382,692,539,0
2026-08-06 22:35:54,382,693,541,0
2026-08-06 22:35:55,384,690,542,0
2026-08-06 22:35:56,381,690,546,0
2026-08-06 22:35:57,382,687,545,0
2026-08-06 22:35:58,381,692,542,0
2026-08-06 22:35:59,382,690,538,0
2026-08-06 22:36:00,384,691,529,0
2026-08-06 22:36:01,383,690,544,0
2026-08-06 22:36:02,382,683,533,0
2026-08-06 22:36:03,381,693,543,0
2026-08-06 22:36:04,383,687,541,0
2026-08-06 22:36:05,381,690,541,0
2026-08-06 22:36:06,382,688,546,0
2026-08-06 22:36:07,386,690,555,0
2026-08-06 22:36:08,381,691,553,0
2026-08-06 22:36:09,384,693,550,0
2026-08-06 22:36:10,382,690,541,0
2026-08-06 22:36:11,381,690,550,0
2026-08-06 22:36:12,384,691,543,0
2026-08-06 22:36:13,382,691,540,0
2026-08-06 22:36:14,383,688,557,0
2026-08-06 22:36:15,382,693,542,0
2026-08-06 22:36:16,381,692,546,0
2026-08-06 22:36:17,384,692,541,0
2026-08-06 22:36:18,381,691,558,0
2026-08-06 22:36:19,381,689,552,0
2026-08-06 22:36:20,381,693,539,0
2026-08-06 22:36:21,383,691,533,0
2026-08-06 22:36:22,382,691,547,0
2026-08-06 22:36:23,382,692,542,0
2026-08-06 22:36:24,382,696,552,0
2026-08-06 22:36:25,379,693,544,0
2026-08-06 22:36:26,383,693,546,0
2026-08-06 22:36:27,384,692,539,0
2026-08-06 22:36:28,383,689,541,0
2026-08-06 22:36:29,382,687,546,0
2026-08-06 22:36:30,385,693,541,0
2026-08-06 22:36:31,381,694,526,0
2026-08-06 22:36:32,381,691,550,0
2026-08-06 22:36:33,380,696,548,0
2026-08-06 22:36:34,383,692,538,0
2026-08-06 22:36:35,382,694,540,0
2026-08-06 22:36:36,382,689,544,0
2026-08-06 22:36:37,382,691,554,0
2026-08-06 22:36:38,382,690,548,0
2026-08-06 22:36:39,383,693,543,0
2026-08-06 22:36:40,384,692,547,0
2026-08-06 22:36:41,382,691,534,0
2026-08-06 22:36:42,384,690,545,0
2026-08-06 22:36:43,383,689,548,0
2026-08-06 22:36:44,384,691,542,0
2026-08-06 22:36:45,382,689,554,0
2026-08-06 22:36:46,377,689,551,0
2026-08-06 22:36:47,379,687,554,0
2026-08-06 22:36:48,383,688,555,0
2026-08-06 22:36:49,384,687,547,0
2026-08-06 22:36:50,384,686,548,0
2026-08-06 22:36:51,382,690,540,0
2026-08-06 22:36:52,382,694,559,0
2026-08-06 22:36:53,384,694,538,0
2026-08-06 22:36:54,382,692,548,0
2026-08-06 22:36:55,381,695,540,0
2026-08-06 22:36:56,383,694,530,0
2026-08-06 22:36:57,382,691,535,0
2026-08-06 22:36:58,379,696,549,0
2026-08-06 22:36:59,386,683,536,0
2026-08-06 22:37:00,383,691,540,0
2026-08-06 22:37:01,380,686,561,0
2026-08-06 22:37:02,385,689,538,0
2026-08-06 22:37:03,384,691,546,0
2026-08-06 22:37:04,383,692,542,0
2026-08-06 22:37:05,382,693,535,0
2026-08-06 22:37:06,382,688,538,0
2026-08-06 22:37:07,384,689,551,0
2026-08-06 22:37:08,381,693,552,0
2026-08-06 22:37:09,383,693,552,0
2026-08-06 22:37:10,381,693,539,0
2026-08-06 22:37:11,383,693,538,0
2026-08-06 22:37:12,383,689,541,0
2026-08-06 22:37:13,383,689,532,0
2026-08-06 22:37:14,383,692,540,0
2026-08-06 22:37:15,382,690,548,0
2026-08-06 22:37:16,378,690,544,0
2026-08-06 22:37:17,385,694,530,0
2026-08-06 22:37:18,382,691,545,0
2026-08-06 22:37:19,384,692,548,0
2026-08-06 22:37:20,380,689,544,0
2026-08-06 22:37:21,381,689,552,0
2026-08-06 22:37:22,384,689,540,0
2026-08-06 22:37:23,385,693,534,0
2026-08-06 22:37:24,384,692,541,0
2026-08-06 22:37:25,385,692,541,0
2026-08-06 22:37:26,384,692,552,0
2026-08-06 22:37:27,384,690,553,0
2026-08-06 22:37:28,383,690,530,0
2026-08-06 22:37:29,382,693,553,0
2026-08-06 22:37:30,384,693,552,0
2026-08-06 22:37:31,383,692,548,0
2026-08-06 22:37:32,382,697,537,0
2026-08-06 22:37:33,383,691,536,0
2026-08-06 22:37:34,382,692,532,0
2026-08-06 22:37:35,381,691,550,0
2026-08-06 22:37:36,384,691,548,0
2026-08-06 22:37:37,383,690,546,0
2026-08-06 22:37:38,382,690,549,0
2026-08-06 22:37:39,383,691,535,0
2026-08-06 22:37:40,382,692,541,0
2026-08-06 22:37:41,386,695,556,0
2026-08-06 22:37:42,384,689,537,0
2026-08-06 22:37:43,384,692,554,0
2026-08-06 22:37:44,382,697,549,0
2026-08-06 22:37:45,381,695,554,0
2026-08-06 22:37:46,383,692,536,0
2026-08-06 22:37:47,380,691,547,0
2026-08-06 22:37:48,382,690,542,0
2026-08-06 22:37:49,382,689,549,0
2026-08-06 22:37:50,383,692,540,0
2026-08-06 22:37:51,380,688,544,0
2026-08-06 22:37:52,383,694,539,0
2026-08-06 22:37:53,383,693,537,0
2026-08-06 22:37:54,385,694,560,0
2026-08-06 22:37:55,382,694,536,0
2026-08-06 22:37:56,383,691,543,0
2026-08-06 22:37:57,385,694,552,0
2026-08-06 22:37:58,382,693,540,0
2026-08-06 22:37:59,384,696,558,0
2026-08-06 22:38:00,380,691,541,0
2026-08-06 22:38:01,385,693,552,0
2026-08-06 22:38:02,380,690,542,0
2026-08-06 22:38:03,382,694,538,0
2026-08-06 22:38:04,383,690,553,0
2026-08-06 22:38:05,384,694,545,0
2026-08-06 22:38:06,380,695,540,0
2026-08-06 22:38:07,383,690,541,0
2026-08-06 22:38:08,382,694,542,0
2026-08-06 22:38:09,385,686,542,0
2026-08-06 22:38:10,382,693,544,0
2026-08-06 22:38:11,379,688,553,0
2026-08-06 22:38:12,384,695,552,0
2026-08-06 22:38:13,383,690,549,0
2026-08-06 22:38:14,383,689,551,0
2026-08-06 22:38:15,380,683,552,0
2026-08-06 22:38:16,380,693,541,0
2026-08-06 22:38:17,383,694,532,0
2026-08-06 22:38:18,380,697,562,0
2026-08-06 22:38:19,384,693,551,0
2026-08-06 22:38:20,383,692,543,0
2026-08-06 22:38:21,383,690,544,0
2026-08-06 22:38:22,381,697,530,0
2026-08-06 22:38:23,382,690,555,0
2026-08-06 22:38:24,384,692,539,0
2026-08-06 22:38:25,385,693,541,0
2026-08-06 22:38:26,381,693,545,0
2026-08-06 22:38:27,385,690,543,0
2026-08-06 22:38:28,384,689,541,0
2026-08-06 22:38:29,383,691,542,0
2026-08-06 22:38:30,384,692,549,0
2026-08-06 22:38:31,384,689,552,0
2026-08-06 22:38:32,384,692,549,0
2026-08-06 22:38:33,384,692,543,0
2026-08-06 22:38:34,384,690,538,0
2026-08-06 22:38:35,380,689,546,0
2026-08-06 22:38:36,383,691,538,0
2026-08-06 22:38:37,383,687,550,0
2026-08-06 22:38:38,382,688,527,0
2026-08-06 22:38:39,383,695,541,0
2026-08-06 22:38:40,381,690,554,0
2026-08-06 22:38:41,382,691,525,0
2026-08-06 22:38:42,383,694,545,0
2026-08-06 22:38:43,385,692,547,0
2026-08-06 22:38:44,382,691,545,0
2026-08-06 22:38:45,383,691,544,0
2026-08-06 22:38:47,386,692,546,0
2026-08-06 22:38:47,384,696,541,0
2026-08-06 22:38:48,384,687,543,0
2026-08-06 22:38:49,386,692,541,0
2026-08-06 22:38:50,383,689,538,0
2026-08-06 22:38:51,384,690,547,0
2026-08-06 22:38:52,383,688,555,0
2026-08-06 22:38:53,384,690,547,0
2026-08-06 22:38:54,383,686,548,0
2026-08-06 22:38:55,382,692,534,0
2026-08-06 22:38:56,383,692,550,0
2026-08-06 22:38:57,381,692,544,0
2026-08-06 22:38:58,381,691,536,0
2026-08-06 22:38:59,380,694,535,0
2026-08-06 22:39:00,382,691,541,0
2026-08-06 22:39:01,385,685,540,0
2026-08-06 22:39:02,382,693,542,0
2026-08-06 22:39:03,384,692,545,0
2026-08-06 22:39:04,385,688,537,0
2026-08-06 22:39:05,383,690,546,0
2026-08-06 22:39:06,385,692,543,0
2026-08-06 22:39:07,381,694,551,0
2026-08-06 22:39:08,383,695,548,0
2026-08-06 22:39:09,381,693,563,0
2026-08-06 22:39:10,382,691,556,0
2026-08-06 22:39:11,384,693,546,0
2026-08-06 22:39:12,384,693,543,0
2026-08-06 22:39:13,384,693,545,0
2026-08-06 22:39:14,383,691,543,0
2026-08-06 22:39:15,382,689,543,0
2026-08-06 22:39:16,383,692,555,0
2026-08-06 22:39:17,385,690,544,0
2026-08-06 22:39:18,385,685,539,0
2026-08-06 22:39:19,381,692,554,0
2026-08-06 22:39:20,382,691,550,0
2026-08-06 22:39:21,384,688,547,0
2026-08-06 22:39:22,384,695,558,0
2026-08-06 22:39:23,382,695,535,0
2026-08-06 22:39:24,385,688,547,0
2026-08-06 22:39:25,383,693,550,0
2026-08-06 22:39:26,383,691,545,0
2026-08-06 22:39:27,382,692,545,0
2026-08-06 22:39:28,382,692,548,0
2026-08-06 22:39:29,383,692,548,0
2026-08-06 22:39:30,384,690,551,0
2026-08-06 22:39:31,382,688,533,0
2026-08-06 22:39:32,382,690,548,0
2026-08-06 22:39:33,384,690,550,0
2026-08-06 22:39:34,382,693,556,0
2026-08-06 22:39:35,382,691,546,0
2026-08-06 22:39:36,384,691,551,0
2026-08-06 22:39:37,382,690,542,0
2026-08-06 22:39:38,382,692,545,0
2026-08-06 22:39:39,384,692,546,0
2026-08-06 22:39:40,382,691,552,0
2026-08-06 22:39:41,384,687,535,0
2026-08-06 22:39:42,381,694,544,0
2026-08-06 22:39:43,382,696,532,0
2026-08-06 22:39:44,382,688,537,0
2026-08-06 22:39:45,381,689,543,0
2026-08-06 22:39:46,383,688,544,0
2026-08-06 22:39:47,383,693,546,0
2026-08-06 22:39:48,382,693,540,0
2026-08-06 22:39:49,383,695,551,0
2026-08-06 22:39:50,384,693,549,0
2026-08-06 22:39:51,382,690,550,0
2026-08-06 22:39:52,383,692,546,0
2026-08-06 22:39:53,382,690,558,0
2026-08-06 22:39:54,382,692,549,0
2026-08-06 22:39:55,382,691,538,0
2026-08-06 22:39:56,384,689,559,0
2026-08-06 22:39:57,382,688,549,0
2026-08-06 22:39:58,384,691,553,0
2026-08-06 22:39:59,381,691,554,0
2026-08-06 22:40:00,380,695,554,0
2026-08-06 22:40:01,381,696,543,0
2026-08-06 22:40:02,383,693,543,0
2026-08-06 22:40:03,385,692,534,0
2026-08-06 22:40:04,380,693,549,0
2026-08-06 22:40:05,383,694,538,0
2026-08-06 22:40:06,383,689,545,0
2026-08-06 22:40:07,382,690,561,0
2026-08-06 22:40:08,382,692,543,0
2026-08-06 22:40:09,383,695,538,0
2026-08-06 22:40:10,385,689,544,0
2026-08-06 22:40:11,384,692,544,0
2026-08-06 22:40:12,384,696,545,0
2026-08-06 22:40:13,383,696,550,0
2026-08-06 22:40:14,382,690,552,0
2026-08-06 22:40:15,386,688,540,0
2026-08-06 22:40:16,385,695,539,0
2026-08-06 22:40:17,382,692,545,0
2026-08-06 22:40:18,383,694,542,0
2026-08-06 22:40:19,385,692,547,0
2026-08-06 22:40:20,383,692,553,0
2026-08-06 22:40:21,382,689,546,0
2026-08-06 22:40:22,384,696,551,0
2026-08-06 22:40:23,383,692,543,0
2026-08-06 22:40:24,381,691,543,0
2026-08-06 22:40:25,383,693,550,0
2026-08-06 22:40:26,383,694,543,0
2026-08-06 22:40:27,383,690,543,0
2026-08-06 22:40:28,385,691,551,0
2026-08-06 22:40:29,382,691,534,0
2026-08-06 22:40:30,383,691,548,0
2026-08-06 22:40:31,381,695,546,0
2026-08-06 22:40:32,384,693,545,0
2026-08-06 22:40:33,382,695,541,0
2026-08-06 22:40:34,383,696,545,0
2026-08-06 22:40:35,382,691,548,0
2026-08-06 22:40:36,381,695,542,0
2026-08-06 22:40:37,384,687,551,0
2026-08-06 22:40:38,385,694,535,0
2026-08-06 22:40:39,386,693,541,0
2026-08-06 22:40:40,384,692,552,0
2026-08-06 22:40:41,380,690,546,0
2026-08-06 22:40:42,382,691,536,0
2026-08-06 22:40:43,381,689,554,0
2026-08-06 22:40:44,384,695,553,0
2026-08-06 22:40:45,383,692,545,0
2026-08-06 22:40:46,381,693,554,0
2026-08-06 22:40:47,387,693,535,0
2026-08-06 22:40:48,382,692,543,0
2026-08-06 22:40:49,384,696,552,0
2026-08-06 22:40:50,384,691,542,0
2026-08-06 22:40:51,383,690,544,0
2026-08-06 22:40:52,383,695,546,0
2026-08-06 22:40:53,380,691,549,0
2026-08-06 22:40:54,382,696,542,0
2026-08-06 22:40:55,385,694,542,0
2026-08-06 22:40:56,379,693,556,0
2026-08-06 22:40:57,382,693,546,0
2026-08-06 22:40:58,383,695,544,0
2026-08-06 22:40:59,381,697,546,0
2026-08-06 22:41:00,383,693,537,0
2026-08-06 22:41:01,384,691,549,0
2026-08-06 22:41:02,382,697,551,0
2026-08-06 22:41:03,386,689,552,0
2026-08-06 22:41:04,383,689,553,0
2026-08-06 22:41:05,383,691,557,0
2026-08-06 22:41:06,382,693,556,0
2026-08-06 22:41:07,386,690,546,0
2026-08-06 22:41:08,381,693,539,0
2026-08-06 22:41:09,384,695,540,0
2026-08-06 22:41:10,382,690,538,0
2026-08-06 22:41:11,383,693,537,0
2026-08-06 22:41:12,384,695,537,0
2026-08-06 22:41:13,382,693,538,0
2026-08-06 22:41:14,383,693,555,0
2026-08-06 22:41:15,386,692,531,0
2026-08-06 22:41:16,385,693,560,0
2026-08-06 22:41:17,381,692,564,0
2026-08-06 22:41:18,384,692,554,0
2026-08-06 22:41:19,384,691,542,0
2026-08-06 22:41:20,382,692,546,0
2026-08-06 22:41:21,380,690,541,0
2026-08-06 22:41:22,383,691,544,0
2026-08-06 22:41:23,383,692,547,0
2026-08-06 22:41:24,384,694,547,0
2026-08-06 22:41:25,384,697,536,0
2026-08-06 22:41:26,384,692,544,0
2026-08-06 22:41:27,384,695,547,0
2026-08-06 22:41:28,382,695,538,0
2026-08-06 22:41:29,382,694,540,0
2026-08-06 22:41:30,383,689,552,0
2026-08-06 22:41:31,382,693,552,0
2026-08-06 22:41:32,383,696,552,0
2026-08-06 22:41:33,382,694,541,0
2026-08-06 22:41:34,383,693,542,0
2026-08-06 22:41:35,380,690,557,0
2026-08-06 22:41:36,383,692,540,0
2026-08-06 22:41:37,385,686,555,0
2026-08-06 22:41:38,383,690,538,0
2026-08-06 22:41:39,385,696,541,0
2026-08-06 22:41:40,382,696,535,0
2026-08-06 22:41:41,384,697,539,0
2026-08-06 22:41:42,383,690,533,0
2026-08-06 22:41:43,383,689,564,0
2026-08-06 22:41:44,385,696,536,0
2026-08-06 22:41:45,385,693,545,0
2026-08-06 22:41:46,381,691,550,0
2026-08-06 22:41:47,382,694,538,0
2026-08-06 22:41:48,383,698,544,0
2026-08-06 22:41:49,384,688,556,0
2026-08-06 22:41:50,383,691,552,0
2026-08-06 22:41:51,384,696,542,0
2026-08-06 22:41:52,381,695,546,0
2026-08-06 22:41:54,382,695,556,0
2026-08-06 22:41:54,384,694,542,0
2026-08-06 22:41:55,382,697,541,0
2026-08-06 22:41:56,384,692,549,0
2026-08-06 22:41:57,383,696,542,0
2026-08-06 22:41:58,383,694,542,0
2026-08-06 22:41:59,385,697,541,0
2026-08-06 22:42:00,384,693,554,0
2026-08-06 22:42:01,384,693,541,0
2026-08-06 22:42:02,382,694,554,0
2026-08-06 22:42:03,387,696,541,0
2026-08-06 22:42:04,381,693,541,0
2026-08-06 22:42:05,382,692,541,0
2026-08-06 22:42:06,385,693,556,0
2026-08-06 22:42:07,379,693,541,0
2026-08-06 22:42:08,384,694,540,0
2026-08-06 22:42:09,384,694,555,0
2026-08-06 22:42:10,383,694,543,0
2026-08-06 22:42:11,384,691,546,0
2026-08-06 22:42:12,383,693,543,0
2026-08-06 22:42:13,380,694,549,0
2026-08-06 22:42:14,382,689,555,0
2026-08-06 22:42:15,383,698,550,0
2026-08-06 22:42:16,384,695,557,0
2026-08-06 22:42:17,385,693,542,0
2026-08-06 22:42:18,383,693,541,0
2026-08-06 22:42:19,383,692,537,0
2026-08-06 22:42:20,381,695,538,0
2026-08-06 22:42:21,379,687,538,0
2026-08-06 22:42:22,384,691,553,0
2026-08-06 22:42:23,383,691,545,0
2026-08-06 22:42:24,388,693,534,0
2026-08-06 22:42:25,380,697,534,0
2026-08-06 22:42:26,383,694,552,0
2026-08-06 22:42:27,384,695,538,0
2026-08-06 22:42:28,382,693,536,0
2026-08-06 22:42:29,381,692,557,0
2026-08-06 22:42:30,383,693,551,0
2026-08-06 22:42:31,384,693,533,0
2026-08-06 22:42:32,383,696,546,0
2026-08-06 22:42:33,382,694,550,0
2026-08-06 22:42:34,383,694,550,0
2026-08-06 22:42:35,384,697,547,0
2026-08-06 22:42:36,383,696,542,0
2026-08-06 22:42:37,384,696,548,0
2026-08-06 22:42:38,382,691,548,0
2026-08-06 22:42:39,385,694,556,0
2026-08-06 22:42:40,382,694,540,0
2026-08-06 22:42:41,383,695,549,0
2026-08-06 22:42:42,385,694,550,0
2026-08-06 22:42:43,388,691,544,0
2026-08-06 22:42:44,382,695,553,0
2026-08-06 22:42:45,383,693,535,0
2026-08-06 22:42:46,383,693,547,0
2026-08-06 22:42:47,381,692,543,0
2026-08-06 22:42:48,383,695,548,0
2026-08-06 22:42:49,383,694,546,0
2026-08-06 22:42:50,382,694,546,0
2026-08-06 22:42:51,383,692,550,0
2026-08-06 22:42:52,383,693,545,0
2026-08-06 22:42:53,381,691,541,0
2026-08-06 22:42:54,382,694,547,0
2026-08-06 22:42:55,386,695,550,0
2026-08-06 22:42:56,384,696,547,0
2026-08-06 22:42:57,383,694,539,0
2026-08-06 22:42:58,382,696,552,0
2026-08-06 22:42:59,383,694,542,0
2026-08-06 22:43:00,384,696,558,0
2026-08-06 22:43:01,383,696,546,0
2026-08-06 22:43:02,381,694,556,0
2026-08-06 22:43:03,382,693,539,0
2026-08-06 22:43:04,384,698,540,0
2026-08-06 22:43:05,382,698,554,0
2026-08-06 22:43:06,384,690,540,0
2026-08-06 22:43:07,383,700,554,0
2026-08-06 22:43:08,384,698,555,0
2026-08-06 22:43:09,381,691,537,0
2026-08-06 22:43:10,380,693,558,0
2026-08-06 22:43:11,382,698,537,0
2026-08-06 22:43:12,384,697,535,0
2026-08-06 22:43:13,383,688,531,0
2026-08-06 22:43:14,381,697,549,0
2026-08-06 22:43:15,382,694,555,0
2026-08-06 22:43:16,378,699,539,0
2026-08-06 22:43:17,382,690,539,0
2026-08-06 22:43:18,387,699,552,0
2026-08-06 22:43:19,385,697,542,0
2026-08-06 22:43:20,383,694,540,0
2026-08-06 22:43:21,383,697,550,0
2026-08-06 22:43:22,382,696,547,0
2026-08-06 22:43:23,385,693,546,0
2026-08-06 22:43:24,384,699,543,0
2026-08-06 22:43:25,381,692,541,0
2026-08-06 22:43:26,383,698,549,0
2026-08-06 22:43:27,380,695,534,0
2026-08-06 22:43:28,382,701,550,0
2026-08-06 22:43:29,380,697,548,0
2026-08-06 22:43:30,383,697,547,0
2026-08-06 22:43:31,383,695,551,0
2026-08-06 22:43:32,383,694,541,0
2026-08-06 22:43:33,383,691,543,0
2026-08-06 22:43:34,384,697,562,0
2026-08-06 22:43:35,385,689,544,0
2026-08-06 22:43:36,384,697,541,0
2026-08-06 22:43:37,382,697,554,0
2026-08-06 22:43:38,381,695,549,0
2026-08-06 22:43:39,384,694,545,0
2026-08-06 22:43:40,380,691,550,0
2026-08-06 22:43:41,384,695,536,0
2026-08-06 22:43:42,384,694,534,0
2026-08-06 22:43:43,382,693,539,0
2026-08-06 22:43:44,384,691,548,0
2026-08-06 22:43:45,388,696,543,0
2026-08-06 22:43:46,383,695,540,0
2026-08-06 22:43:47,383,697,540,0
2026-08-06 22:43:48,386,693,543,0
2026-08-06 22:43:49,380,697,544,0
2026-08-06 22:43:50,383,696,550,0
2026-08-06 22:43:51,385,694,554,0
2026-08-06 22:43:52,384,692,535,0
2026-08-06 22:43:53,384,696,539,0
2026-08-06 22:43:54,379,696,542,0
2026-08-06 22:43:55,383,694,547,0
2026-08-06 22:43:56,384,695,546,0
2026-08-06 22:43:57,382,693,546,0
2026-08-06 22:43:58,382,694,556,0
2026-08-06 22:43:59,384,691,552,0
2026-08-06 22:44:00,386,691,538,0
2026-08-06 22:44:01,383,690,547,0
2026-08-06 22:44:02,383,693,553,0
2026-08-06 22:44:03,385,690,538,0
2026-08-06 22:44:04,383,696,548,0
2026-08-06 22:44:05,383,692,553,0
2026-08-06 22:44:06,380,696,552,0
2026-08-06 22:44:07,386,692,540,0
2026-08-06 22:44:08,383,693,531,0
2026-08-06 22:44:09,380,694,547,0
2026-08-06 22:44:10,382,693,545,0
2026-08-06 22:44:11,383,695,533,0
2026-08-06 22:44:12,383,693,545,0
2026-08-06 22:44:13,384,695,555,0
2026-08-06 22:44:14,382,691,541,0
2026-08-06 22:44:15,384,692,533,0
2026-08-06 22:44:16,384,692,554,0
2026-08-06 22:44:17,383,700,529,0
2026-08-06 22:44:18,382,692,557,0
2026-08-06 22:44:19,383,694,548,0
2026-08-06 22:44:20,382,694,553,0
2026-08-06 22:44:21,383,699,536,0
2026-08-06 22:44:22,382,694,548,0
2026-08-06 22:44:23,382,695,538,0
2026-08-06 22:44:24,383,697,548,0
2026-08-06 22:44:25,386,688,544,0
2026-08-06 22:44:26,381,695,555,0
2026-08-06 22:44:27,383,694,541,0
2026-08-06 22:44:28,385,693,553,0
2026-08-06 22:44:29,384,694,552,0
2026-08-06 22:44:30,384,691,549,0
2026-08-06 22:44:31,385,694,545,0
2026-08-06 22:44:32,383,692,545,0
2026-08-06 22:44:33,380,695,551,0
2026-08-06 22:44:34,383,696,547,0
2026-08-06 22:44:35,383,699,546,0
2026-08-06 22:44:36,381,695,537,0
2026-08-06 22:44:37,388,692,546,0
2026-08-06 22:44:38,385,692,536,0
2026-08-06 22:44:39,383,697,550,0
2026-08-06 22:44:40,382,696,552,0
2026-08-06 22:44:41,381,694,547,0
2026-08-06 22:44:42,384,696,553,0
2026-08-06 22:44:43,387,696,555,0
2026-08-06 22:44:44,384,694,539,0
2026-08-06 22:44:45,384,693,549,0
2026-08-06 22:44:46,384,698,541,0
2026-08-06 22:44:47,384,693,549,0
2026-08-06 22:44:48,383,696,557,0
2026-08-06 22:44:49,382,692,546,0
2026-08-06 22:44:50,384,696,541,0
2026-08-06 22:44:51,384,692,545,0
2026-08-06 22:44:52,382,693,542,0
2026-08-06 22:44:53,382,695,544,0
2026-08-06 22:44:54,385,699,532,0
2026-08-06 22:44:55,382,694,535,0
2026-08-06 22:44:56,383,697,544,0
2026-08-06 22:44:57,384,691,555,0
2026-08-06 22:44:58,382,699,547,0
2026-08-06 22:44:59,383,694,541,0
2026-08-06 22:45:00,384,696,537,0
2026-08-06 22:45:01,383,698,547,0
2026-08-06 22:45:02,383,694,551,0
2026-08-06 22:45:03,381,697,527,0
2026-08-06 22:45:04,381,693,538,0
2026-08-06 22:45:05,385,695,552,0
2026-08-06 22:45:06,382,690,551,0
2026-08-06 22:45:07,382,697,542,0
2026-08-06 22:45:08,381,694,540,0
2026-08-06 22:45:09,383,695,556,0
2026-08-06 22:45:10,381,691,538,0
2026-08-06 22:45:11,383,693,544,0
2026-08-06 22:45:12,384,696,545,0
2026-08-06 22:45:13,384,694,557,0
2026-08-06 22:45:14,383,692,547,0
2026-08-06 22:45:15,382,698,548,0
2026-08-06 22:45:16,384,695,561,0
2026-08-06 22:45:17,382,691,547,0
2026-08-06 22:45:18,382,697,543,0
2026-08-06 22:45:19,382,697,545,0
2026-08-06 22:45:20,383,693,540,0
2026-08-06 22:45:21,384,693,548,0
2026-08-06 22:45:22,384,701,539,0
2026-08-06 22:45:23,382,698,542,0
2026-08-06 22:45:24,383,696,538,0
2026-08-06 22:45:25,383,694,543,0
2026-08-06 22:45:26,382,694,535,0
2026-08-06 22:45:27,383,692,546,0
2026-08-06 22:45:28,384,695,539,0
2026-08-06 22:45:29,383,694,535,0
2026-08-06 22:45:30,379,696,545,0
2026-08-06 22:45:31,384,696,546,0
2026-08-06 22:45:32,386,694,549,0
2026-08-06 22:45:33,382,699,546,0
2026-08-06 22:45:34,381,697,545,0
2026-08-06 22:45:35,384,695,547,0
2026-08-06 22:45:36,384,698,541,0
2026-08-06 22:45:37,385,697,548,0
2026-08-06 22:45:38,383,695,543,0
2026-08-06 22:45:39,384,695,551,0
2026-08-06 22:45:40,383,697,543,0
2026-08-06 22:45:41,382,694,557,0
2026-08-06 22:45:42,382,696,545,0
2026-08-06 22:45:43,382,688,555,0
2026-08-06 22:45:44,381,694,552,0
2026-08-06 22:45:45,384,695,558,0
2026-08-06 22:45:46,384,695,534,0
2026-08-06 22:45:47,384,694,544,0
2026-08-06 22:45:48,382,693,551,0
2026-08-06 22:45:49,384,692,538,0
2026-08-06 22:45:50,380,696,545,0
2026-08-06 22:45:51,382,691,544,0
2026-08-06 22:45:52,383,690,542,0
2026-08-06 22:45:53,381,697,541,0
2026-08-06 22:45:54,382,695,546,0
2026-08-06 22:45:55,383,692,537,0
2026-08-06 22:45:56,384,696,541,0
2026-08-06 22:45:57,384,695,554,0
2026-08-06 22:45:58,383,697,549,0
2026-08-06 22:45:59,383,696,558,0
2026-08-06 22:46:00,382,700,556,0
2026-08-06 22:46:01,385,695,541,0
2026-08-06 22:46:02,384,695,543,0
2026-08-06 22:46:03,382,693,562,0
2026-08-06 22:46:04,384,696,539,0
2026-08-06 22:46:05,383,695,546,0
2026-08-06 22:46:06,384,695,542,0
2026-08-06 22:46:07,380,703,538,0
2026-08-06 22:46:08,381,698,537,0
2026-08-06 22:46:09,382,695,546,0
2026-08-06 22:46:10,383,694,554,0
2026-08-06 22:46:11,381,696,540,0
2026-08-06 22:46:12,382,698,546,0
2026-08-06 22:46:13,383,696,550,0
2026-08-06 22:46:14,383,690,537,0
2026-08-06 22:46:15,386,694,551,0
2026-08-06 22:46:16,381,693,543,0
2026-08-06 22:46:17,382,693,557,0
2026-08-06 22:46:18,383,698,535,0
2026-08-06 22:46:19,383,700,559,0
2026-08-06 22:46:20,384,694,549,0
2026-08-06 22:46:21,385,699,545,0
2026-08-06 22:46:22,385,694,537,0
2026-08-06 22:46:23,384,698,547,0
2026-08-06 22:46:24,381,697,560,0
2026-08-06 22:46:25,380,692,537,0
2026-08-06 22:46:26,382,694,549,0
2026-08-06 22:46:27,384,693,548,0
2026-08-06 22:46:28,382,692,538,0
2026-08-06 22:46:29,381,699,536,0
2026-08-06 22:46:30,381,697,543,0
2026-08-06 22:46:31,383,694,537,0
2026-08-06 22:46:32,385,701,538,0
2026-08-06 22:46:33,385,700,541,0
2026-08-06 22:46:34,384,694,547,0
2026-08-06 22:46:35,384,692,537,0
2026-08-06 22:46:36,383,697,546,0
2026-08-06 22:46:37,385,695,538,0
2026-08-06 22:46:38,383,696,537,0
2026-08-06 22:46:39,383,701,536,0
2026-08-06 22:46:40,383,698,538,0
2026-08-06 22:46:41,383,696,548,0
2026-08-06 22:46:42,383,695,538,0
2026-08-06 22:46:43,383,696,545,0
2026-08-06 22:46:44,383,697,543,0
2026-08-06 22:46:45,383,695,544,0
2026-08-06 22:46:46,383,690,546,0
2026-08-06 22:46:47,380,699,550,0
2026-08-06 22:46:48,384,695,546,0
2026-08-06 22:46:49,379,694,538,0
2026-08-06 22:46:50,382,699,546,0
2026-08-06 22:46:51,381,694,535,0
2026-08-06 22:46:52,383,696,539,0
2026-08-06 22:46:53,382,697,546,0
2026-08-06 22:46:54,381,696,543,0
2026-08-06 22:46:55,382,696,542,0
2026-08-06 22:46:56,384,693,537,0
2026-08-06 22:46:57,382,696,539,0
2026-08-06 22:46:58,382,691,554,0
2026-08-06 22:46:59,382,699,540,0
2026-08-06 22:47:00,382,698,538,0
2026-08-06 22:47:01,381,695,548,0
2026-08-06 22:47:02,384,694,533,0
2026-08-06 22:47:03,384,693,545,0
2026-08-06 22:47:04,381,697,545,0
2026-08-06 22:47:05,383,694,551,0
2026-08-06 22:47:06,382,697,550,0
2026-08-06 22:47:07,382,697,541,0
2026-08-06 22:47:08,381,696,558,0
2026-08-06 22:47:09,384,695,539,0
2026-08-06 22:47:10,382,696,540,0
2026-08-06 22:47:11,384,693,549,0
2026-08-06 22:47:12,382,696,542,0
2026-08-06 22:47:13,382,696,534,0
2026-08-06 22:47:14,382,696,559,0
2026-08-06 22:47:15,384,695,543,0
2026-08-06 22:47:16,380,697,534,0
2026-08-06 22:47:17,384,696,543,0
2026-08-06 22:47:18,384,692,547,0
2026-08-06 22:47:19,382,698,551,0
2026-08-06 22:47:20,383,692,549,0
2026-08-06 22:47:21,383,697,534,0
2026-08-06 22:47:22,384,692,541,0
2026-08-06 22:47:23,380,698,530,0
2026-08-06 22:47:24,382,697,546,0
2026-08-06 22:47:25,381,696,560,0
2026-08-06 22:47:26,382,696,538,0
2026-08-06 22:47:27,383,697,538,0
2026-08-06 22:47:28,382,696,542,0
2026-08-06 22:47:29,382,700,545,0
2026-08-06 22:47:30,382,696,550,0
2026-08-06 22:47:31,386,696,538,0
2026-08-06 22:47:32,383,696,554,0
2026-08-06 22:47:33,384,695,558,0
2026-08-06 22:47:34,385,694,547,0
2026-08-06 22:47:35,384,695,549,0
2026-08-06 22:47:36,382,695,547,0
2026-08-06 22:47:37,383,696,545,0
2026-08-06 22:47:38,385,699,550,0
2026-08-06 22:47:39,383,693,545,0
2026-08-06 22:47:40,384,698,545,0
2026-08-06 22:47:41,383,695,553,0
2026-08-06 22:47:42,382,691,540,0
2026-08-06 22:47:43,385,697,544,0
2026-08-06 22:47:44,382,695,549,0
2026-08-06 22:47:45,382,694,543,0
2026-08-06 22:47:46,383,698,541,0
2026-08-06 22:47:47,380,697,550,0
2026-08-06 22:47:48,384,693,546,0
2026-08-06 22:47:49,381,695,541,0
2026-08-06 22:47:50,380,696,547,0
2026-08-06 22:47:51,380,697,546,0
2026-08-06 22:47:52,383,698,548,0
2026-08-06 22:47:53,382,693,551,0
2026-08-06 22:47:54,383,696,544,0
2026-08-06 22:47:55,382,694,549,0
2026-08-06 22:47:56,382,695,549,0
2026-08-06 22:47:57,381,692,535,0
2026-08-06 22:47:58,380,698,545,0
2026-08-06 22:47:59,385,694,552,0
2026-08-06 22:48:00,384,695,559,0
2026-08-06 22:48:01,384,689,541,0
2026-08-06 22:48:02,382,695,562,0
2026-08-06 22:48:03,381,700,542,0
2026-08-06 22:48:04,382,692,538,0
2026-08-06 22:48:05,382,694,540,0
2026-08-06 22:48:06,382,693,560,0
2026-08-06 22:48:07,382,696,551,0
2026-08-06 22:48:08,382,698,551,0
2026-08-06 22:48:09,381,695,538,0
2026-08-06 22:48:10,383,696,543,0
2026-08-06 22:48:11,382,696,538,0
2026-08-06 22:48:12,385,697,532,0
2026-08-06 22:48:13,383,695,554,0
2026-08-06 22:48:14,383,701,540,0
2026-08-06 22:48:15,382,694,543,0
2026-08-06 22:48:16,382,693,535,0
2026-08-06 22:48:17,384,692,540,0
2026-08-06 22:48:18,382,695,555,0
2026-08-06 22:48:19,382,694,549,0
2026-08-06 22:48:20,383,694,550,0
2026-08-06 22:48:21,383,692,539,0
2026-08-06 22:48:22,382,698,547,0
2026-08-06 22:48:23,382,692,538,0
2026-08-06 22:48:24,381,696,545,0
2026-08-06 22:48:25,383,694,546,0
2026-08-06 22:48:26,381,694,543,0
2026-08-06 22:48:27,384,696,543,0
2026-08-06 22:48:28,382,692,534,0
2026-08-06 22:48:29,382,693,546,0
2026-08-06 22:48:30,381,699,546,0
2026-08-06 22:48:31,384,695,548,0
2026-08-06 22:48:32,385,698,540,0
2026-08-06 22:48:33,381,695,545,0
2026-08-06 22:48:34,384,692,543,0
2026-08-06 22:48:35,381,693,544,0
2026-08-06 22:48:36,383,698,551,0
2026-08-06 22:48:37,382,699,549,0
2026-08-06 22:48:38,381,697,547,0
2026-08-06 22:48:39,383,698,544,0
2026-08-06 22:48:40,384,699,537,0
2026-08-06 22:48:41,383,698,543,0
2026-08-06 22:48:42,382,702,545,0
2026-08-06 22:48:43,384,696,540,0
2026-08-06 22:48:44,383,698,547,0
2026-08-06 22:48:45,382,697,534,0
2026-08-06 22:48:46,384,698,551,0
2026-08-06 22:48:47,384,694,544,0
2026-08-06 22:48:48,383,695,549,0
2026-08-06 22:48:49,383,695,552,0
2026-08-06 22:48:50,383,695,553,0
2026-08-06 22:48:51,383,692,560,0
2026-08-06 22:48:52,383,699,541,0
2026-08-06 22:48:53,383,695,534,0
2026-08-06 22:48:54,382,696,542,0
2026-08-06 22:48:55,384,699,548,0
2026-08-06 22:48:56,383,697,540,0
2026-08-06 22:48:57,382,696,550,0
2026-08-06 22:48:58,385,700,542,0
2026-08-06 22:48:59,385,700,548,0
2026-08-06 22:49:00,380,698,546,0
2026-08-06 22:49:01,383,691,552,0
2026-08-06 22:49:02,381,698,540,0
2026-08-06 22:49:03,383,691,548,0
2026-08-06 22:49:04,380,691,555,0
2026-08-06 22:49:05,383,695,557,0
2026-08-06 22:49:06,382,692,545,0
2026-08-06 22:49:07,383,696,528,0
2026-08-06 22:49:08,385,696,535,0
2026-08-06 22:49:09,384,693,542,0
2026-08-06 22:49:10,382,690,541,0
2026-08-06 22:49:11,383,695,539,0
2026-08-06 22:49:12,381,698,554,0
2026-08-06 22:49:13,381,698,534,0
2026-08-06 22:49:14,385,695,542,0
2026-08-06 22:49:15,383,700,554,0
2026-08-06 22:49:16,384,697,547,0
2026-08-06 22:49:17,384,694,550,0
2026-08-06 22:49:18,382,699,549,0
2026-08-06 22:49:19,384,693,545,0
2026-08-06 22:49:20,383,698,553,0
2026-08-06 22:49:21,383,699,547,0
2026-08-06 22:49:22,382,695,547,0
2026-08-06 22:49:23,383,695,542,0
2026-08-06 22:49:24,385,691,544,0
2026-08-06 22:49:25,383,696,546,0
2026-08-06 22:49:26,383,700,541,0
2026-08-06 22:49:27,383,698,546,0
2026-08-06 22:49:28,381,695,538,0
2026-08-06 22:49:29,381,698,549,0
2026-08-06 22:49:30,381,698,544,0
2026-08-06 22:49:31,381,699,551,0
2026-08-06 22:49:32,382,697,546,0
2026-08-06 22:49:33,382,695,552,0
2026-08-06 22:49:34,381,699,542,0
2026-08-06 22:49:35,383,694,544,0
2026-08-06 22:49:36,380,694,535,0
2026-08-06 22:49:37,380,693,542,0
2026-08-06 22:49:38,382,693,543,0
2026-08-06 22:49:39,383,703,541,0
2026-08-06 22:49:40,383,700,552,0
2026-08-06 22:49:41,385,696,534,0
2026-08-06 22:49:42,383,702,541,0
2026-08-06 22:49:43,382,689,553,0
2026-08-06 22:49:44,381,697,548,0
2026-08-06 22:49:45,382,692,543,0
2026-08-06 22:49:46,383,697,537,0
2026-08-06 22:49:47,382,696,552,0
2026-08-06 22:49:48,382,696,541,0
2026-08-06 22:49:49,380,696,552,0
2026-08-06 22:49:50,387,699,551,0
2026-08-06 22:49:51,384,693,550,0
2026-08-06 22:49:52,382,700,539,0
2026-08-06 22:49:53,383,695,545,0
2026-08-06 22:49:54,381,698,558,0
2026-08-06 22:49:55,383,693,531,0
2026-08-06 22:49:56,385,696,545,0
2026-08-06 22:49:57,382,698,549,0
2026-08-06 22:49:58,380,701,545,0
2026-08-06 22:49:59,384,696,549,0
2026-08-06 22:50:00,385,695,537,0
2026-08-06 22:50:01,383,694,538,0
2026-08-06 22:50:02,381,699,540,0
2026-08-06 22:50:03,384,696,554,0
2026-08-06 22:50:04,383,695,547,0
2026-08-06 22:50:05,382,697,544,0
2026-08-06 22:50:06,379,695,540,0
2026-08-06 22:50:07,383,693,550,0
2026-08-06 22:50:08,382,692,546,0
2026-08-06 22:50:09,385,692,537,0
2026-08-06 22:50:10,384,688,535,0
2026-08-06 22:50:11,382,695,537,0
2026-08-06 22:50:12,384,695,543,0
2026-08-06 22:50:13,382,696,539,0
2026-08-06 22:50:14,384,694,546,0
2026-08-06 22:50:15,386,694,536,0
2026-08-06 22:50:16,382,700,544,0
2026-08-06 22:50:17,384,696,540,0
2026-08-06 22:50:18,383,692,552,0
2026-08-06 22:50:19,382,695,553,0
2026-08-06 22:50:20,379,694,537,0
2026-08-06 22:50:21,382,698,552,0
2026-08-06 22:50:22,383,696,544,0
2026-08-06 22:50:23,384,695,547,0
2026-08-06 22:50:24,380,695,553,0
2026-08-06 22:50:25,383,691,545,0
2026-08-06 22:50:26,383,698,534,0
2026-08-06 22:50:27,380,698,557,0
2026-08-06 22:50:28,382,697,557,0
2026-08-06 22:50:29,382,696,548,0
2026-08-06 22:50:30,382,697,545,0
2026-08-06 22:50:31,382,698,531,0
2026-08-06 22:50:32,382,695,543,0
2026-08-06 22:50:33,384,687,545,0
2026-08-06 22:50:35,379,700,544,0
2026-08-06 22:50:35,384,698,548,0
2026-08-06 22:50:36,382,699,552,0
2026-08-06 22:50:37,383,698,550,0
2026-08-06 22:50:38,382,701,535,0
2026-08-06 22:50:39,385,695,549,0
2026-08-06 22:50:40,382,699,550,0
2026-08-06 22:50:41,387,693,537,0
2026-08-06 22:50:42,384,695,545,0
2026-08-06 22:50:43,382,696,536,0
2026-08-06 22:50:44,384,698,553,0
2026-08-06 22:50:45,383,695,542,0
2026-08-06 22:50:46,381,691,541,0
2026-08-06 22:50:47,383,702,541,0
2026-08-06 22:50:48,383,697,532,0
2026-08-06 22:50:49,380,696,553,0
2026-08-06 22:50:50,385,697,540,0
2026-08-06 22:50:51,386,697,545,0
2026-08-06 22:50:52,383,695,549,0
2026-08-06 22:50:53,385,698,542,0
2026-08-06 22:50:54,380,693,555,0
2026-08-06 22:50:56,384,693,547,0
2026-08-06 22:50:56,384,694,546,0
2026-08-06 22:50:57,383,694,553,0
2026-08-06 22:50:58,385,698,532,0
2026-08-06 22:50:59,383,697,537,0
2026-08-06 22:51:00,384,697,547,0
2026-08-06 22:51:01,383,695,545,0
2026-08-06 22:51:02,380,697,539,0
2026-08-06 22:51:03,381,698,547,0
2026-08-06 22:51:04,382,699,548,0
2026-08-06 22:51:05,384,700,535,0
2026-08-06 22:51:06,381,695,553,0
2026-08-06 22:51:07,383,692,535,0
2026-08-06 22:51:08,384,698,550,0
2026-08-06 22:51:09,382,697,541,0
2026-08-06 22:51:10,382,698,543,0
2026-08-06 22:51:11,384,699,541,0
2026-08-06 22:51:12,381,692,550,0
2026-08-06 22:51:13,384,699,546,0
2026-08-06 22:51:14,383,696,541,0
2026-08-06 22:51:15,380,694,541,0
2026-08-06 22:51:16,383,700,538,0
2026-08-06 22:51:17,382,694,543,0
2026-08-06 22:51:18,383,695,547,0
2026-08-06 22:51:19,383,696,533,0
2026-08-06 22:51:20,384,696,543,0
2026-08-06 22:51:21,384,699,545,0
2026-08-06 22:51:22,384,695,544,0
2026-08-06 22:51:23,382,693,551,0
2026-08-06 22:51:24,382,695,544,0
2026-08-06 22:51:25,382,696,542,0
2026-08-06 22:51:26,381,696,535,0
2026-08-06 22:51:27,384,698,544,0
2026-08-06 22:51:28,382,697,552,0
2026-08-06 22:51:29,385,695,540,0
2026-08-06 22:51:30,385,693,540,0
2026-08-06 22:51:31,382,694,548,0
2026-08-06 22:51:32,385,699,540,0
2026-08-06 22:51:33,385,700,545,0
2026-08-06 22:51:34,383,693,543,0
2026-08-06 22:51:35,384,695,546,0
2026-08-06 22:51:36,383,699,541,0
2026-08-06 22:51:37,381,698,556,0
2026-08-06 22:51:38,382,695,541,0
2026-08-06 22:51:39,382,695,537,0
2026-08-06 22:51:40,382,699,548,0
2026-08-06 22:51:41,382,700,547,0
2026-08-06 22:51:42,385,700,538,0
2026-08-06 22:51:43,384,696,545,0
2026-08-06 22:51:44,381,699,541,0
2026-08-06 22:51:45,385,696,550,0
2026-08-06 22:51:46,383,700,552,0
2026-08-06 22:51:47,381,697,546,0
2026-08-06 22:51:48,381,697,548,0
2026-08-06 22:51:49,383,698,544,0
2026-08-06 22:51:50,382,696,546,0
2026-08-06 22:51:51,384,698,544,0
2026-08-06 22:51:52,381,696,544,0
2026-08-06 22:51:53,384,698,550,0
2026-08-06 22:51:54,383,698,547,0
2026-08-06 22:51:55,382,696,544,0
2026-08-06 22:51:56,382,697,548,0
2026-08-06 22:51:57,379,695,560,0
2026-08-06 22:51:58,383,697,554,0
2026-08-06 22:51:59,384,700,541,0
2026-08-06 22:52:00,384,694,537,0
2026-08-06 22:52:01,383,695,551,0
2026-08-06 22:52:02,384,693,538,0
2026-08-06 22:52:03,382,696,546,0
2026-08-06 22:52:04,381,691,542,0
2026-08-06 22:52:05,385,700,556,0
2026-08-06 22:52:06,383,696,545,0
2026-08-06 22:52:07,383,699,544,0
2026-08-06 22:52:08,385,698,543,0
2026-08-06 22:52:09,383,702,547,0
2026-08-06 22:52:10,383,694,541,0
2026-08-06 22:52:11,383,701,546,0
2026-08-06 22:52:12,382,699,550,0
2026-08-06 22:52:13,383,696,542,0
2026-08-06 22:52:14,384,700,547,0
2026-08-06 22:52:15,385,699,541,0
2026-08-06 22:52:16,384,694,552,0
2026-08-06 22:52:17,383,697,546,0
2026-08-06 22:52:18,382,699,556,0
2026-08-06 22:52:19,384,694,555,0
2026-08-06 22:52:20,382,697,551,0
2026-08-06 22:52:21,380,699,545,0
2026-08-06 22:52:22,381,702,542,0
2026-08-06 22:52:23,384,700,545,0
2026-08-06 22:52:24,382,698,543,0
2026-08-06 22:52:25,382,696,553,0
2026-08-06 22:52:26,384,694,532,0
2026-08-06 22:52:27,382,699,554,0
2026-08-06 22:52:28,384,697,548,0
2026-08-06 22:52:29,382,696,547,0
2026-08-06 22:52:30,384,695,546,0
2026-08-06 22:52:31,382,696,550,0
2026-08-06 22:52:32,381,695,546,0
2026-08-06 22:52:33,383,695,546,0
2026-08-06 22:52:34,383,698,550,0
2026-08-06 22:52:35,379,698,552,0
2026-08-06 22:52:36,380,697,539,0
2026-08-06 22:52:37,383,697,551,0
2026-08-06 22:52:38,385,698,549,0
2026-08-06 22:52:39,382,696,541,0
2026-08-06 22:52:40,382,695,557,0
2026-08-06 22:52:41,382,696,544,0
2026-08-06 22:52:42,382,697,556,0
2026-08-06 22:52:43,383,699,532,0
2026-08-06 22:52:44,384,697,555,0
2026-08-06 22:52:45,382,697,541,0
2026-08-06 22:52:46,383,699,547,0
2026-08-06 22:52:47,381,694,552,0
2026-08-06 22:52:48,379,696,553,0
2026-08-06 22:52:49,381,694,533,0
2026-08-06 22:52:50,381,694,543,0
2026-08-06 22:52:51,381,695,547,0
2026-08-06 22:52:52,383,696,537,0
2026-08-06 22:52:53,381,698,544,0
2026-08-06 22:52:54,380,695,546,0
2026-08-06 22:52:55,381,702,534,0
2026-08-06 22:52:56,384,696,554,0
2026-08-06 22:52:57,381,696,536,0
2026-08-06 22:52:58,384,694,554,0
2026-08-06 22:52:59,386,698,542,0
2026-08-06 22:53:00,383,696,547,0
2026-08-06 22:53:01,383,697,547,0
2026-08-06 22:53:02,382,699,532,0
2026-08-06 22:53:03,384,696,545,0
2026-08-06 22:53:04,382,694,547,0
2026-08-06 22:53:05,381,697,547,0
2026-08-06 22:53:06,383,698,534,0
2026-08-06 22:53:07,384,695,544,0
2026-08-06 22:53:08,383,698,543,0
2026-08-06 22:53:09,382,695,541,0
2026-08-06 22:53:10,385,702,551,0
2026-08-06 22:53:11,383,700,529,0
2026-08-06 22:53:12,380,693,535,0
2026-08-06 22:53:13,382,697,551,0
2026-08-06 22:53:14,381,697,550,0
2026-08-06 22:53:15,382,692,547,0
2026-08-06 22:53:16,384,701,549,0
2026-08-06 22:53:17,383,695,550,0
2026-08-06 22:53:18,379,695,546,0
2026-08-06 22:53:19,383,698,545,0
2026-08-06 22:53:20,382,698,547,0
2026-08-06 22:53:21,383,698,546,0
2026-08-06 22:53:22,382,699,526,0
2026-08-06 22:53:23,381,697,540,0
2026-08-06 22:53:24,385,695,545,0
2026-08-06 22:53:25,383,697,554,0
2026-08-06 22:53:26,383,696,549,0
2026-08-06 22:53:27,382,696,553,0
2026-08-06 22:53:28,381,695,542,0
2026-08-06 22:53:29,383,701,555,0
2026-08-06 22:53:30,385,699,532,0
2026-08-06 22:53:31,382,695,549,0
2026-08-06 22:53:32,383,699,546,0
2026-08-06 22:53:33,385,700,537,0
2026-08-06 22:53:34,385,695,536,0
2026-08-06 22:53:35,382,696,564,0
2026-08-06 22:53:36,384,696,549,0
2026-08-06 22:53:37,379,697,540,0
2026-08-06 22:53:38,384,696,554,0
2026-08-06 22:53:39,383,697,532,0
2026-08-06 22:53:40,382,698,540,0
2026-08-06 22:53:41,384,698,534,0
2026-08-06 22:53:42,385,696,550,0
2026-08-06 22:53:43,383,693,562,0
2026-08-06 22:53:44,381,702,549,0
2026-08-06 22:53:45,381,702,548,0
2026-08-06 22:53:46,380,699,537,0
2026-08-06 22:53:47,383,695,545,0
2026-08-06 22:53:48,382,700,548,0
2026-08-06 22:53:49,382,698,538,0
2026-08-06 22:53:50,385,698,545,0
2026-08-06 22:53:51,382,696,552,0
2026-08-06 22:53:52,383,693,547,0
2026-08-06 22:53:53,383,699,548,0
2026-08-06 22:53:54,382,702,534,0
2026-08-06 22:53:55,381,699,562,0
2026-08-06 22:53:56,379,695,538,0
2026-08-06 22:53:57,384,699,538,0
2026-08-06 22:53:58,383,698,543,0
2026-08-06 22:53:59,382,701,554,0
2026-08-06 22:54:00,381,694,550,0
2026-08-06 22:54:01,383,699,543,0
2026-08-06 22:54:02,387,696,546,0
2026-08-06 22:54:03,380,697,548,0
2026-08-06 22:54:04,384,696,526,0
2026-08-06 22:54:05,384,697,547,0
2026-08-06 22:54:06,382,699,545,0
2026-08-06 22:54:07,382,701,539,0
2026-08-06 22:54:08,379,698,537,0
2026-08-06 22:54:09,381,696,541,0
2026-08-06 22:54:10,381,696,544,0
2026-08-06 22:54:11,382,698,551,0
2026-08-06 22:54:12,384,694,545,0
2026-08-06 22:54:13,382,703,552,0
2026-08-06 22:54:14,383,699,541,0
2026-08-06 22:54:15,384,698,536,0
2026-08-06 22:54:16,383,699,540,0
2026-08-06 22:54:17,383,699,541,0
2026-08-06 22:54:18,382,698,545,0
2026-08-06 22:54:19,382,702,544,0
2026-08-06 22:54:20,383,698,547,0
2026-08-06 22:54:21,386,704,543,0
2026-08-06 22:54:22,384,698,548,0
2026-08-06 22:54:23,383,700,547,0
2026-08-06 22:54:24,383,699,539,0
2026-08-06 22:54:25,382,700,549,0
2026-08-06 22:54:26,381,703,546,0
2026-08-06 22:54:27,382,699,546,0
2026-08-06 22:54:28,379,702,549,0
2026-08-06 22:54:29,385,701,549,0
2026-08-06 22:54:30,382,704,550,0
2026-08-06 22:54:31,384,702,545,0
2026-08-06 22:54:32,382,707,554,0
2026-08-06 22:54:33,384,702,551,0
2026-08-06 22:54:34,383,697,538,0
2026-08-06 22:54:35,385,704,532,0
2026-08-06 22:54:36,385,702,545,0
2026-08-06 22:54:37,383,706,544,0
2026-08-06 22:54:38,382,698,534,0
2026-08-06 22:54:39,381,707,547,0
2026-08-06 22:54:40,382,703,543,0
2026-08-06 22:54:41,382,702,559,0
2026-08-06 22:54:42,384,698,539,0
2026-08-06 22:54:43,384,708,547,0
2026-08-06 22:54:44,381,702,548,0
2026-08-06 22:54:45,382,697,551,0
2026-08-06 22:54:46,383,706,539,0
2026-08-06 22:54:47,384,702,544,0
2026-08-06 22:54:48,381,703,542,0
2026-08-06 22:54:49,381,703,543,0
2026-08-06 22:54:50,381,705,542,0
2026-08-06 22:54:51,382,704,551,0
2026-08-06 22:54:52,383,702,539,0
2026-08-06 22:54:53,381,701,551,0
2026-08-06 22:54:54,380,703,554,0
2026-08-06 22:54:55,383,703,544,0
2026-08-06 22:54:56,382,704,552,0
2026-08-06 22:54:57,382,701,547,0
2026-08-06 22:54:58,384,704,546,0
2026-08-06 22:54:59,383,702,546,0
2026-08-06 22:55:00,380,704,551,0
2026-08-06 22:55:01,384,702,544,0
2026-08-06 22:55:02,379,701,543,0
2026-08-06 22:55:03,381,704,553,0
2026-08-06 22:55:04,383,705,539,0
2026-08-06 22:55:05,381,704,546,0
2026-08-06 22:55:06,382,704,545,0
2026-08-06 22:55:07,383,702,535,0
2026-08-06 22:55:08,383,703,547,0
2026-08-06 22:55:09,380,704,548,0
2026-08-06 22:55:10,385,702,562,0
2026-08-06 22:55:11,382,703,554,0
2026-08-06 22:55:12,383,702,541,0
2026-08-06 22:55:13,382,702,540,0
2026-08-06 22:55:14,382,704,539,0
2026-08-06 22:55:15,381,704,546,0
2026-08-06 22:55:16,380,701,542,0
2026-08-06 22:55:17,380,701,541,0
2026-08-06 22:55:18,383,703,537,0
2026-08-06 22:55:19,382,705,555,0
2026-08-06 22:55:20,382,703,542,0
2026-08-06 22:55:21,381,706,547,0
2026-08-06 22:55:22,381,701,540,0
2026-08-06 22:55:23,384,701,550,0
2026-08-06 22:55:24,382,700,548,0
2026-08-06 22:55:25,384,698,542,0
2026-08-06 22:55:26,383,705,549,0
2026-08-06 22:55:27,385,704,537,0
2026-08-06 22:55:28,384,705,547,0
2026-08-06 22:55:29,383,702,548,0
2026-08-06 22:55:30,380,702,538,0
2026-08-06 22:55:31,382,705,536,0
2026-08-06 22:55:32,384,703,542,0
2026-08-06 22:55:33,383,701,548,0
2026-08-06 22:55:34,383,701,547,0
2026-08-06 22:55:35,384,706,538,0
2026-08-06 22:55:36,381,700,544,0
2026-08-06 22:55:37,383,698,548,0
2026-08-06 22:55:38,383,701,554,0
2026-08-06 22:55:39,381,705,550,0
2026-08-06 22:55:40,380,704,554,0
2026-08-06 22:55:41,382,704,547,0
2026-08-06 22:55:42,382,702,552,0
2026-08-06 22:55:43,379,703,547,0
2026-08-06 22:55:44,382,701,551,0
2026-08-06 22:55:45,381,702,539,0
2026-08-06 22:55:46,384,702,542,0
2026-08-06 22:55:47,380,701,542,0
2026-08-06 22:55:48,384,704,543,0
2026-08-06 22:55:49,382,704,550,0
2026-08-06 22:55:50,384,706,547,0
2026-08-06 22:55:51,382,701,548,0
2026-08-06 22:55:52,384,703,553,0
2026-08-06 22:55:53,381,702,540,0
2026-08-06 22:55:54,384,701,542,0
2026-08-06 22:55:55,382,702,541,0
2026-08-06 22:55:56,382,701,549,0
2026-08-06 22:55:57,384,700,546,0
2026-08-06 22:55:58,380,700,545,0
2026-08-06 22:55:59,381,710,544,0
2026-08-06 22:56:00,385,703,543,0
2026-08-06 22:56:01,382,705,539,0
2026-08-06 22:56:02,384,701,553,0
2026-08-06 22:56:03,381,705,540,0
2026-08-06 22:56:04,382,702,550,0
2026-08-06 22:56:05,380,706,541,0
2026-08-06 22:56:06,383,697,539,0
2026-08-06 22:56:07,383,706,552,0
2026-08-06 22:56:08,382,701,538,0
2026-08-06 22:56:09,382,704,547,0
2026-08-06 22:56:10,379,703,559,0
2026-08-06 22:56:11,384,699,536,0
2026-08-06 22:56:12,382,705,550,0
2026-08-06 22:56:13,380,705,551,0
2026-08-06 22:56:14,385,704,551,0
2026-08-06 22:56:15,382,703,541,0
2026-08-06 22:56:16,382,702,541,0
2026-08-06 22:56:17,381,703,531,0
2026-08-06 22:56:18,384,704,563,0
2026-08-06 22:56:19,385,702,521,0
2026-08-06 22:56:20,383,707,538,0
2026-08-06 22:56:21,384,705,541,0
2026-08-06 22:56:22,384,703,547,0
2026-08-06 22:56:23,382,703,534,0
2026-08-06 22:56:24,381,700,542,0
2026-08-06 22:56:25,382,706,549,0
2026-08-06 22:56:26,382,703,558,0
2026-08-06 22:56:27,384,705,538,0
2026-08-06 22:56:28,383,702,534,0
2026-08-06 22:56:29,381,705,541,0
2026-08-06 22:56:30,382,700,544,0
2026-08-06 22:56:31,380,703,541,0
2026-08-06 22:56:32,381,705,547,0
2026-08-06 22:56:33,381,705,546,0
2026-08-06 22:56:34,382,701,542,0
2026-08-06 22:56:35,381,703,537,0
2026-08-06 22:56:36,381,705,547,0
2026-08-06 22:56:37,379,701,540,0
2026-08-06 22:56:38,382,700,545,0
2026-08-06 22:56:39,384,703,546,0
2026-08-06 22:56:40,383,704,549,0
2026-08-06 22:56:41,384,708,538,0
2026-08-06 22:56:42,383,704,539,0
2026-08-06 22:56:43,384,703,538,0
2026-08-06 22:56:44,383,704,548,0
2026-08-06 22:56:45,383,704,549,0
2026-08-06 22:56:46,383,703,538,0
2026-08-06 22:56:47,381,699,544,0
2026-08-06 22:56:48,382,703,540,0
2026-08-06 22:56:49,386,701,538,0
2026-08-06 22:56:50,383,703,549,0
2026-08-06 22:56:51,382,703,545,0
2026-08-06 22:56:52,382,705,543,0
2026-08-06 22:56:53,383,701,533,0
2026-08-06 22:56:54,385,703,548,0
2026-08-06 22:56:55,384,699,547,0
2026-08-06 22:56:56,384,705,554,0
2026-08-06 22:56:57,381,702,536,0
2026-08-06 22:56:58,384,701,554,0
2026-08-06 22:56:59,385,707,555,0
2026-08-06 22:57:00,382,705,544,0
2026-08-06 22:57:01,382,701,547,0
2026-08-06 22:57:02,383,703,545,0
2026-08-06 22:57:03,383,705,548,0
2026-08-06 22:57:04,383,707,535,0
2026-08-06 22:57:05,382,703,541,0
2026-08-06 22:57:06,379,703,546,0
2026-08-06 22:57:07,385,701,556,0
2026-08-06 22:57:08,382,702,541,0
2026-08-06 22:57:09,381,701,553,0
2026-08-06 22:57:10,381,706,541,0
2026-08-06 22:57:11,384,703,544,0
2026-08-06 22:57:12,384,702,549,0
2026-08-06 22:57:13,383,704,541,0
2026-08-06 22:57:14,380,704,552,0
2026-08-06 22:57:15,383,705,542,0
2026-08-06 22:57:16,385,705,540,0
2026-08-06 22:57:17,382,704,546,0
2026-08-06 22:57:18,384,706,549,0
2026-08-06 22:57:19,383,705,536,0
2026-08-06 22:57:20,381,702,557,0
2026-08-06 22:57:21,384,702,547,0
2026-08-06 22:57:22,384,702,548,0
2026-08-06 22:57:23,382,702,547,0
2026-08-06 22:57:24,379,707,543,0
2026-08-06 22:57:25,382,703,547,0
2026-08-06 22:57:26,383,703,553,0
2026-08-06 22:57:27,384,705,545,0
2026-08-06 22:57:28,382,705,552,0
2026-08-06 22:57:29,382,702,545,0
2026-08-06 22:57:30,380,707,552,0
2026-08-06 22:57:31,380,705,560,0
2026-08-06 22:57:32,385,703,543,0
2026-08-06 22:57:33,384,703,553,0
2026-08-06 22:57:34,382,699,548,0
2026-08-06 22:57:35,384,701,543,0
2026-08-06 22:57:36,381,707,548,0
2026-08-06 22:57:37,383,708,542,0
2026-08-06 22:57:38,382,704,555,0
2026-08-06 22:57:39,383,704,529,0
2026-08-06 22:57:40,379,705,544,0
2026-08-06 22:57:41,386,708,542,0
2026-08-06 22:57:42,384,700,552,0
2026-08-06 22:57:43,384,703,540,0
2026-08-06 22:57:44,381,702,534,0
2026-08-06 22:57:45,384,707,556,0
2026-08-06 22:57:46,379,705,547,0
2026-08-06 22:57:47,383,701,541,0
2026-08-06 22:57:48,381,707,552,0
2026-08-06 22:57:49,382,703,538,0
2026-08-06 22:57:50,383,698,553,0
2026-08-06 22:57:51,384,705,537,0
2026-08-06 22:57:52,382,700,540,0
2026-08-06 22:57:53,385,706,545,0
2026-08-06 22:57:54,383,702,544,0
2026-08-06 22:57:55,382,701,530,0
2026-08-06 22:57:56,383,700,551,0
2026-08-06 22:57:57,382,704,538,0
2026-08-06 22:57:58,382,701,534,0
2026-08-06 22:57:59,383,702,555,0
2026-08-06 22:58:00,384,702,542,0
2026-08-06 22:58:01,381,704,554,0
2026-08-06 22:58:02,381,705,542,0
2026-08-06 22:58:03,383,704,544,0
2026-08-06 22:58:04,383,707,542,0
2026-08-06 22:58:05,383,703,544,0
2026-08-06 22:58:06,380,703,540,0
2026-08-06 22:58:07,382,700,550,0
2026-08-06 22:58:08,383,698,542,0
2026-08-06 22:58:09,383,703,547,0
2026-08-06 22:58:10,383,710,545,0
2026-08-06 22:58:11,382,707,550,0
2026-08-06 22:58:12,385,705,538,0
2026-08-06 22:58:13,382,706,548,0
2026-08-06 22:58:14,383,707,541,0
2026-08-06 22:58:15,379,703,557,0
2026-08-06 22:58:16,380,706,541,0
2026-08-06 22:58:17,381,704,538,0
2026-08-06 22:58:18,384,706,536,0
2026-08-06 22:58:19,383,701,554,0
2026-08-06 22:58:20,377,704,551,0
2026-08-06 22:58:21,384,702,552,0
2026-08-06 22:58:22,382,709,564,0
2026-08-06 22:58:23,383,709,547,0
2026-08-06 22:58:24,382,707,542,0
2026-08-06 22:58:25,383,707,546,0
2026-08-06 22:58:26,382,703,543,0
2026-08-06 22:58:27,383,703,532,0
2026-08-06 22:58:28,381,705,541,0
2026-08-06 22:58:29,380,703,536,0
2026-08-06 22:58:30,379,703,545,0
2026-08-06 22:58:31,385,704,551,0
2026-08-06 22:58:32,381,700,553,0
2026-08-06 22:58:33,383,702,548,0
2026-08-06 22:58:34,383,703,537,0
2026-08-06 22:58:35,384,703,559,0
2026-08-06 22:58:36,384,708,542,0
2026-08-06 22:58:37,382,704,538,0
2026-08-06 22:58:38,382,703,544,0
2026-08-06 22:58:39,383,705,538,0
2026-08-06 22:58:40,384,704,547,0
2026-08-06 22:58:41,382,699,546,0
2026-08-06 22:58:42,385,700,534,0
2026-08-06 22:58:43,385,707,542,0
2026-08-06 22:58:44,381,709,531,0
2026-08-06 22:58:45,384,702,544,0
2026-08-06 22:58:46,383,707,550,0
2026-08-06 22:58:47,382,704,537,0
2026-08-06 22:58:48,383,705,538,0
2026-08-06 22:58:49,380,708,540,0
2026-08-06 22:58:50,382,705,539,0
2026-08-06 22:58:51,383,703,548,0
2026-08-06 22:58:52,382,703,540,0
2026-08-06 22:58:53,383,704,534,0
2026-08-06 22:58:54,382,708,549,0
2026-08-06 22:58:55,381,707,543,0
2026-08-06 22:58:56,384,706,537,0
2026-08-06 22:58:57,383,700,559,0
2026-08-06 22:58:58,380,703,545,0
2026-08-06 22:58:59,380,702,542,0
2026-08-06 22:59:00,379,706,537,0
2026-08-06 22:59:01,383,703,544,0
2026-08-06 22:59:02,382,706,541,0
2026-08-06 22:59:03,381,705,541,0
2026-08-06 22:59:04,383,705,543,0
2026-08-06 22:59:05,383,710,547,0
2026-08-06 22:59:06,383,708,537,0
2026-08-06 22:59:07,384,705,555,0
2026-08-06 22:59:08,383,705,546,0
2026-08-06 22:59:09,380,703,546,0
2026-08-06 22:59:10,383,704,539,0
2026-08-06 22:59:11,385,704,548,0
2026-08-06 22:59:12,383,703,535,0
2026-08-06 22:59:13,385,706,550,0
2026-08-06 22:59:14,382,708,545,0
2026-08-06 22:59:15,385,709,543,0
2026-08-06 22:59:16,380,704,542,0
2026-08-06 22:59:17,381,703,546,0
2026-08-06 22:59:18,382,705,541,0
2026-08-06 22:59:19,383,703,545,0
2026-08-06 22:59:20,383,703,544,0
2026-08-06 22:59:21,384,710,552,0
2026-08-06 22:59:22,381,704,535,0
2026-08-06 22:59:23,385,702,546,0
2026-08-06 22:59:24,383,701,548,0
2026-08-06 22:59:25,381,701,548,0
2026-08-06 22:59:26,382,704,530,0
2026-08-06 22:59:27,382,700,534,0
2026-08-06 22:59:28,382,705,551,0
2026-08-06 22:59:29,383,704,545,0
2026-08-06 22:59:30,379,701,526,0
2026-08-06 22:59:31,384,704,541,0
2026-08-06 22:59:32,382,706,544,0
2026-08-06 22:59:33,382,708,539,0
2026-08-06 22:59:34,383,706,546,0
2026-08-06 22:59:35,381,707,558,0
2026-08-06 22:59:36,383,709,538,0
2026-08-06 22:59:37,382,704,547,0
2026-08-06 22:59:38,383,709,550,0
2026-08-06 22:59:39,380,709,533,0
2026-08-06 22:59:40,382,704,543,0
2026-08-06 22:59:41,383,705,540,0
2026-08-06 22:59:42,382,702,549,0
2026-08-06 22:59:43,381,703,551,0
2026-08-06 22:59:44,381,701,531,0
2026-08-06 22:59:45,384,706,538,0
2026-08-06 22:59:46,383,702,538,0
2026-08-06 22:59:47,384,701,555,0
2026-08-06 22:59:48,384,705,539,0
2026-08-06 22:59:49,380,702,547,0
2026-08-06 22:59:50,384,704,555,0
2026-08-06 22:59:51,383,704,549,0
2026-08-06 22:59:52,385,702,534,0
2026-08-06 22:59:53,382,704,543,0
2026-08-06 22:59:54,383,705,546,0
2026-08-06 22:59:55,384,705,559,0
2026-08-06 22:59:56,382,706,542,0
2026-08-06 22:59:57,381,703,544,0
2026-08-06 22:59:58,385,710,546,0
2026-08-06 22:59:59,384,708,546,0
2026-08-06 23:00:00,385,706,536,0
2026-08-06 23:00:01,384,703,555,0
2026-08-06 23:00:02,382,701,544,0
2026-08-06 23:00:03,382,710,548,0
2026-08-06 23:00:04,379,705,547,0
2026-08-06 23:00:05,382,701,544,0
2026-08-06 23:00:06,383,703,544,0
2026-08-06 23:00:07,381,703,551,0
2026-08-06 23:00:08,380,707,538,0
2026-08-06 23:00:09,379,706,537,0
2026-08-06 23:00:10,382,706,547,0
2026-08-06 23:00:11,382,703,541,0
2026-08-06 23:00:12,383,706,534,0
2026-08-06 23:00:13,381,707,541,0
2026-08-06 23:00:14,383,703,540,0
2026-08-06 23:00:15,381,703,544,0
2026-08-06 23:00:16,382,704,542,0
2026-08-06 23:00:17,382,707,551,0
2026-08-06 23:00:18,383,698,558,0
2026-08-06 23:00:19,384,707,543,0
2026-08-06 23:00:20,384,704,549,0
2026-08-06 23:00:21,383,703,557,0
2026-08-06 23:00:22,383,704,544,0
2026-08-06 23:00:23,382,707,534,0
2026-08-06 23:00:24,381,704,535,0
2026-08-06 23:00:25,382,707,548,0
2026-08-06 23:00:26,384,707,556,0
2026-08-06 23:00:27,383,707,541,0
2026-08-06 23:00:28,383,708,554,0
2026-08-06 23:00:29,386,703,553,0
2026-08-06 23:00:30,382,710,550,0
2026-08-06 23:00:31,382,708,546,0
2026-08-06 23:00:32,383,707,543,0
2026-08-06 23:00:33,384,708,542,0
2026-08-06 23:00:34,386,704,552,0
2026-08-06 23:00:35,382,702,561,0
2026-08-06 23:00:36,384,706,541,0
2026-08-06 23:00:37,378,703,545,0
2026-08-06 23:00:38,382,704,542,0
2026-08-06 23:00:39,384,706,549,0
2026-08-06 23:00:40,382,705,539,0
2026-08-06 23:00:41,385,707,542,0
2026-08-06 23:00:42,382,704,538,0
2026-08-06 23:00:43,384,703,556,0
2026-08-06 23:00:44,386,705,552,0
2026-08-06 23:00:45,385,705,552,0
2026-08-06 23:00:46,382,706,539,0
2026-08-06 23:00:47,382,706,549,0
2026-08-06 23:00:48,385,706,548,0
2026-08-06 23:00:49,383,708,537,0
2026-08-06 23:00:50,382,704,539,0
2026-08-06 23:00:51,380,705,548,0
2026-08-06 23:00:52,382,704,543,0
2026-08-06 23:00:53,381,702,542,0
2026-08-06 23:00:54,383,703,535,0
2026-08-06 23:00:55,384,706,537,0
2026-08-06 23:00:56,383,703,547,0
2026-08-06 23:00:57,384,704,538,0
2026-08-06 23:00:59,382,704,541,0
2026-08-06 23:00:59,382,704,548,0
2026-08-06 23:01:00,381,706,556,0
2026-08-06 23:01:01,382,704,538,0
2026-08-06 23:01:02,380,707,549,0
2026-08-06 23:01:03,381,704,545,0
2026-08-06 23:01:04,383,708,543,0
2026-08-06 23:01:05,381,707,543,0
2026-08-06 23:01:06,381,705,548,0
2026-08-06 23:01:07,385,707,535,0
2026-08-06 23:01:08,383,705,537,0
2026-08-06 23:01:09,382,703,562,0
2026-08-06 23:01:10,380,708,550,0
2026-08-06 23:01:11,386,703,549,0
2026-08-06 23:01:12,384,711,539,0
2026-08-06 23:01:13,383,707,552,0
2026-08-06 23:01:14,383,708,545,0
2026-08-06 23:01:15,383,706,551,0
2026-08-06 23:01:16,379,704,545,0
2026-08-06 23:01:17,384,706,551,0
2026-08-06 23:01:18,382,705,541,0
2026-08-06 23:01:19,384,706,543,0
2026-08-06 23:01:20,385,705,549,0
2026-08-06 23:01:21,382,704,549,0
2026-08-06 23:01:22,381,709,543,0
2026-08-06 23:01:23,383,707,534,0
2026-08-06 23:01:24,383,705,550,0
2026-08-06 23:01:25,382,702,553,0
2026-08-06 23:01:26,383,703,532,0
2026-08-06 23:01:27,383,709,546,0
2026-08-06 23:01:28,382,705,547,0
2026-08-06 23:01:29,380,706,547,0
2026-08-06 23:01:30,381,703,546,0
2026-08-06 23:01:31,382,705,548,0
2026-08-06 23:01:32,383,711,546,0
2026-08-06 23:01:33,382,705,546,0
2026-08-06 23:01:34,382,702,550,0
2026-08-06 23:01:35,382,704,544,0
2026-08-06 23:01:36,383,703,527,0
2026-08-06 23:01:37,383,710,539,0
2026-08-06 23:01:38,382,706,543,0
2026-08-06 23:01:39,382,709,541,0
2026-08-06 23:01:40,384,707,538,0
2026-08-06 23:01:41,382,705,547,0
2026-08-06 23:01:42,382,706,551,0
2026-08-06 23:01:43,384,709,536,0
2026-08-06 23:01:44,382,702,541,0
2026-08-06 23:01:45,382,710,531,0
2026-08-06 23:01:46,382,706,535,0
2026-08-06 23:01:47,383,707,538,0
2026-08-06 23:01:48,382,707,545,0
2026-08-06 23:01:49,385,701,546,0
2026-08-06 23:01:50,382,709,549,0
2026-08-06 23:01:51,382,705,547,0
2026-08-06 23:01:52,383,706,544,0
2026-08-06 23:01:53,380,706,556,0
2026-08-06 23:01:54,383,701,553,0
2026-08-06 23:01:55,384,706,535,0
2026-08-06 23:01:56,382,709,555,0
2026-08-06 23:01:57,384,706,562,0
2026-08-06 23:01:58,383,707,550,0
2026-08-06 23:01:59,380,709,551,0
2026-08-06 23:02:00,380,705,561,0
2026-08-06 23:02:01,381,705,543,0
2026-08-06 23:02:02,382,711,540,0
2026-08-06 23:02:03,384,702,548,0
2026-08-06 23:02:04,382,712,542,0
2026-08-06 23:02:05,384,706,549,0
2026-08-06 23:02:06,380,703,551,0
2026-08-06 23:02:07,382,705,549,0
2026-08-06 23:02:08,383,707,543,0
2026-08-06 23:02:09,381,707,530,0
2026-08-06 23:02:10,383,707,538,0
2026-08-06 23:02:11,381,703,546,0
2026-08-06 23:02:12,382,710,534,0
2026-08-06 23:02:13,382,703,536,0
2026-08-06 23:02:14,382,706,549,0
2026-08-06 23:02:15,382,709,533,0
2026-08-06 23:02:16,383,707,556,0
2026-08-06 23:02:17,381,707,545,0
2026-08-06 23:02:18,380,707,546,0
2026-08-06 23:02:19,383,704,549,0
2026-08-06 23:02:20,380,708,544,0
2026-08-06 23:02:21,384,705,541,0
2026-08-06 23:02:22,381,704,546,0
2026-08-06 23:02:23,384,706,553,0
2026-08-06 23:02:24,384,706,541,0
2026-08-06 23:02:25,383,702,555,0
2026-08-06 23:02:26,384,710,543,0
2026-08-06 23:02:27,385,706,541,0
2026-08-06 23:02:28,384,705,529,0
2026-08-06 23:02:29,380,709,541,0
2026-08-06 23:02:30,384,707,541,0
2026-08-06 23:02:31,384,706,539,0
2026-08-06 23:02:32,381,705,548,0
2026-08-06 23:02:33,381,706,544,0
2026-08-06 23:02:34,383,705,545,0
2026-08-06 23:02:35,385,709,546,0
2026-08-06 23:02:36,384,707,542,0
2026-08-06 23:02:37,382,706,541,0
2026-08-06 23:02:38,380,704,543,0
2026-08-06 23:02:39,384,710,534,0
2026-08-06 23:02:40,381,705,550,0
2026-08-06 23:02:41,381,704,537,0
2026-08-06 23:02:42,381,705,546,0
2026-08-06 23:02:43,383,705,529,0
2026-08-06 23:02:44,380,705,535,0
2026-08-06 23:02:45,384,707,547,0
2026-08-06 23:02:46,384,702,547,0
2026-08-06 23:02:47,382,705,541,0
2026-08-06 23:02:48,382,708,545,0
2026-08-06 23:02:49,383,706,543,0
2026-08-06 23:02:50,384,703,530,0
2026-08-06 23:02:51,382,708,544,0
2026-08-06 23:02:52,384,703,551,0
2026-08-06 23:02:53,382,702,536,0
2026-08-06 23:02:54,383,704,537,0
2026-08-06 23:02:55,384,704,547,0
2026-08-06 23:02:56,383,704,544,0
2026-08-06 23:02:57,383,703,538,0
2026-08-06 23:02:58,385,705,542,0
2026-08-06 23:02:59,382,705,554,0
2026-08-06 23:03:00,383,705,553,0
2026-08-06 23:03:01,383,706,537,0
2026-08-06 23:03:02,382,703,557,0
2026-08-06 23:03:03,385,705,535,0
2026-08-06 23:03:04,380,706,553,0
2026-08-06 23:03:05,382,707,551,0
2026-08-06 23:03:06,383,702,546,0
2026-08-06 23:03:07,380,708,543,0
2026-08-06 23:03:08,382,702,551,0
2026-08-06 23:03:09,379,701,541,0
2026-08-06 23:03:11,382,702,541,0
2026-08-06 23:03:11,381,706,547,0
2026-08-06 23:03:13,383,706,543,0
2026-08-06 23:03:13,384,701,535,0
2026-08-06 23:03:14,383,708,533,0
2026-08-06 23:03:15,383,706,541,0
2026-08-06 23:03:16,381,703,543,0
2026-08-06 23:03:17,382,707,545,0
2026-08-06 23:03:18,385,703,535,0
2026-08-06 23:03:19,382,709,538,0
2026-08-06 23:03:20,382,708,543,0
2026-08-06 23:03:21,383,707,542,0
2026-08-06 23:03:22,384,706,537,0
2026-08-06 23:03:23,381,700,552,0
2026-08-06 23:03:24,384,705,541,0
2026-08-06 23:03:25,383,705,543,0
2026-08-06 23:03:26,381,708,552,0
2026-08-06 23:03:27,384,704,536,0
2026-08-06 23:03:28,380,706,546,0
2026-08-06 23:03:29,383,702,545,0
2026-08-06 23:03:30,383,709,545,0
2026-08-06 23:03:31,383,705,544,0
2026-08-06 23:03:32,382,709,541,0
2026-08-06 23:03:33,385,709,572,0
2026-08-06 23:03:34,382,704,552,0
2026-08-06 23:03:35,384,709,558,0
2026-08-06 23:03:36,386,707,556,0
2026-08-06 23:03:37,383,701,550,0
2026-08-06 23:03:38,384,709,543,0
2026-08-06 23:03:39,382,709,555,0
2026-08-06 23:03:40,382,709,543,0
2026-08-06 23:03:41,379,707,543,0
2026-08-06 23:03:42,381,703,544,0
2026-08-06 23:03:43,382,702,550,0
2026-08-06 23:03:44,384,703,545,0
2026-08-06 23:03:45,385,708,548,0
2026-08-06 23:03:46,380,706,555,0
2026-08-06 23:03:47,384,705,544,0
2026-08-06 23:03:48,382,707,540,0
2026-08-06 23:03:49,384,706,545,0
2026-08-06 23:03:50,381,705,546,0
2026-08-06 23:03:51,381,701,550,0
2026-08-06 23:03:52,383,705,540,0
2026-08-06 23:03:53,382,704,551,0
2026-08-06 23:03:54,385,706,541,0
2026-08-06 23:03:55,382,704,554,0
2026-08-06 23:03:56,382,706,542,0
2026-08-06 23:03:57,379,704,533,0
2026-08-06 23:03:58,380,704,547,0
2026-08-06 23:03:59,380,703,553,0
2026-08-06 23:04:00,385,706,539,0
2026-08-06 23:04:01,383,706,547,0
2026-08-06 23:04:02,381,705,538,0
2026-08-06 23:04:03,382,710,538,0
2026-08-06 23:04:04,381,707,541,0
2026-08-06 23:04:05,383,704,546,0
2026-08-06 23:04:06,381,709,540,0
2026-08-06 23:04:07,384,703,553,0
2026-08-06 23:04:08,383,706,542,0
2026-08-06 23:04:09,383,706,540,0
2026-08-06 23:04:10,380,707,552,0
2026-08-06 23:04:11,383,707,561,0
2026-08-06 23:04:12,385,700,547,0
2026-08-06 23:04:13,377,702,553,0
2026-08-06 23:04:14,382,705,553,0
2026-08-06 23:04:15,387,712,557,0
2026-08-06 23:04:16,383,706,549,0
2026-08-06 23:04:17,383,707,548,0
2026-08-06 23:04:18,382,702,543,0
2026-08-06 23:04:19,382,708,552,0
2026-08-06 23:04:20,381,707,539,0
2026-08-06 23:04:21,382,708,536,0
2026-08-06 23:04:22,382,704,546,0
2026-08-06 23:04:23,379,706,543,0
2026-08-06 23:04:24,384,704,540,0
2026-08-06 23:04:25,382,708,548,0
2026-08-06 23:04:26,382,701,531,0
2026-08-06 23:04:27,383,709,566,0
2026-08-06 23:04:28,381,713,534,0
2026-08-06 23:04:29,384,702,540,0
2026-08-06 23:04:30,382,703,543,0
2026-08-06 23:04:31,381,708,556,0
2026-08-06 23:04:32,382,710,538,0
2026-08-06 23:04:33,385,707,539,0
2026-08-06 23:04:34,384,708,544,0
2026-08-06 23:04:35,384,703,559,0
2026-08-06 23:04:36,381,701,534,0
2026-08-06 23:04:37,383,703,542,0
2026-08-06 23:04:38,382,706,541,0
2026-08-06 23:04:39,383,702,550,0
2026-08-06 23:04:40,384,705,554,0
2026-08-06 23:04:41,381,706,549,0
2026-08-06 23:04:42,383,699,553,0
2026-08-06 23:04:43,381,704,547,0
2026-08-06 23:04:44,383,702,551,0
2026-08-06 23:04:45,382,706,544,0
2026-08-06 23:04:46,385,704,544,0
2026-08-06 23:04:47,383,706,557,0
2026-08-06 23:04:49,384,708,543,0
2026-08-06 23:04:49,386,703,537,0
2026-08-06 23:04:50,381,705,545,0
2026-08-06 23:04:51,383,703,545,0
2026-08-06 23:04:52,381,706,543,0
2026-08-06 23:04:53,380,706,532,0
2026-08-06 23:04:54,384,702,555,0
2026-08-06 23:04:55,383,704,568,0
2026-08-06 23:04:56,385,703,553,0
2026-08-06 23:04:57,382,709,545,0
2026-08-06 23:04:58,380,707,555,0
2026-08-06 23:04:59,382,705,538,0
2026-08-06 23:05:00,382,705,556,0
2026-08-06 23:05:01,382,708,551,0
2026-08-06 23:05:02,384,711,559,0
2026-08-06 23:05:03,383,710,530,0
2026-08-06 23:05:04,382,711,544,0
2026-08-06 23:05:05,381,706,547,0
2026-08-06 23:05:06,382,706,541,0
2026-08-06 23:05:07,384,704,537,0
2026-08-06 23:05:08,382,705,536,0
2026-08-06 23:05:09,382,706,529,0
2026-08-06 23:05:10,379,705,551,0
2026-08-06 23:05:11,382,701,554,0
2026-08-06 23:05:12,381,708,535,0
2026-08-06 23:05:13,382,708,545,0
2026-08-06 23:05:14,382,710,533,0
2026-08-06 23:05:15,383,703,535,0
2026-08-06 23:05:16,384,707,526,0
2026-08-06 23:05:17,383,701,556,0
2026-08-06 23:05:18,383,707,537,0
2026-08-06 23:05:19,382,703,548,0
2026-08-06 23:05:20,384,711,540,0
2026-08-06 23:05:21,384,705,543,0
2026-08-06 23:05:22,384,709,540,0
2026-08-06 23:05:23,385,709,541,0
2026-08-06 23:05:24,382,704,555,0
2026-08-06 23:05:25,384,707,537,0
2026-08-06 23:05:26,384,709,542,0
2026-08-06 23:05:27,381,704,541,0
2026-08-06 23:05:28,384,706,549,0
2026-08-06 23:05:29,382,708,540,0
2026-08-06 23:05:30,383,709,543,0
2026-08-06 23:05:31,384,702,553,0
2026-08-06 23:05:32,384,702,553,0
2026-08-06 23:05:33,380,706,549,0
2026-08-06 23:05:34,380,704,546,0
2026-08-06 23:05:35,381,707,544,0
2026-08-06 23:05:36,383,708,553,0
2026-08-06 23:05:37,382,704,547,0
2026-08-06 23:05:38,382,703,556,0
2026-08-06 23:05:39,383,706,547,0
2026-08-06 23:05:40,384,706,538,0
2026-08-06 23:05:41,382,702,548,0
2026-08-06 23:05:42,382,706,542,0
2026-08-06 23:05:43,384,706,551,0
2026-08-06 23:05:44,379,709,541,0
2026-08-06 23:05:45,383,708,538,0
2026-08-06 23:05:46,381,704,547,0
2026-08-06 23:05:47,379,705,553,0
2026-08-06 23:05:48,383,707,537,0
2026-08-06 23:05:49,382,707,543,0
2026-08-06 23:05:50,387,702,546,0
2026-08-06 23:05:51,379,705,541,0
2026-08-06 23:05:52,381,703,546,0
2026-08-06 23:05:53,378,706,543,0
2026-08-06 23:05:54,382,704,547,0
2026-08-06 23:05:55,381,703,546,0
2026-08-06 23:05:56,380,703,561,0
2026-08-06 23:05:57,382,709,547,0
2026-08-06 23:05:58,381,710,551,0
2026-08-06 23:05:59,380,706,547,0
2026-08-06 23:06:00,382,701,544,0
2026-08-06 23:06:01,382,707,534,0
2026-08-06 23:06:02,384,706,547,0
2026-08-06 23:06:03,380,706,537,0
2026-08-06 23:06:04,385,707,551,0
2026-08-06 23:06:05,383,708,539,0
2026-08-06 23:06:06,384,707,541,0
2026-08-06 23:06:07,384,706,540,0
2026-08-06 23:06:08,383,704,544,0
2026-08-06 23:06:09,382,706,546,0
2026-08-06 23:06:10,381,705,529,0
2026-08-06 23:06:11,385,708,532,0
2026-08-06 23:06:12,384,704,554,0
2026-08-06 23:06:13,383,709,547,0
2026-08-06 23:06:14,383,708,540,0
2026-08-06 23:06:15,382,705,534,0
2026-08-06 23:06:16,385,709,534,0
2026-08-06 23:06:17,384,704,553,0
2026-08-06 23:06:18,381,708,542,0
2026-08-06 23:06:19,384,708,546,0
2026-08-06 23:06:20,381,710,540,0
2026-08-06 23:06:21,384,708,531,0
2026-08-06 23:06:22,381,705,548,0
2026-08-06 23:06:23,382,710,544,0
2026-08-06 23:06:24,380,702,546,0
2026-08-06 23:06:25,384,708,553,0
2026-08-06 23:06:26,385,712,541,0
2026-08-06 23:06:27,383,706,555,0
2026-08-06 23:06:28,383,708,547,0
2026-08-06 23:06:29,381,710,545,0
2026-08-06 23:06:30,380,700,558,0
2026-08-06 23:06:31,383,706,554,0
2026-08-06 23:06:32,382,707,541,0
2026-08-06 23:06:33,382,701,547,0
2026-08-06 23:06:34,383,706,540,0
2026-08-06 23:06:35,380,709,545,0
2026-08-06 23:06:36,382,713,548,0
2026-08-06 23:06:37,382,710,541,0
2026-08-06 23:06:38,381,704,546,0
2026-08-06 23:06:39,383,704,547,0
2026-08-06 23:06:40,381,706,550,0
2026-08-06 23:06:41,382,706,548,0
2026-08-06 23:06:42,382,703,550,0
2026-08-06 23:06:43,380,703,545,0
2026-08-06 23:06:44,383,707,537,0
2026-08-06 23:06:45,387,702,550,0
2026-08-06 23:06:46,383,705,540,0
2026-08-06 23:06:47,384,705,530,0
2026-08-06 23:06:48,383,702,535,0
2026-08-06 23:06:49,382,708,558,0
2026-08-06 23:06:50,384,707,542,0
2026-08-06 23:06:51,381,711,552,0
2026-08-06 23:06:52,383,708,544,0
2026-08-06 23:06:53,385,707,538,0
2026-08-06 23:06:54,385,705,546,0
2026-08-06 23:06:55,383,708,541,0
2026-08-06 23:06:56,383,705,542,0
2026-08-06 23:06:57,381,708,542,0
2026-08-06 23:06:58,381,704,554,0
2026-08-06 23:06:59,386,706,540,0
2026-08-06 23:07:00,381,708,545,0
2026-08-06 23:07:01,384,704,547,0
2026-08-06 23:07:02,383,709,535,0
2026-08-06 23:07:03,383,708,554,0
2026-08-06 23:07:04,386,709,542,0
2026-08-06 23:07:05,381,706,545,0
2026-08-06 23:07:06,381,710,557,0
2026-08-06 23:07:07,383,708,548,0
2026-08-06 23:07:08,384,708,540,0
2026-08-06 23:07:09,384,704,544,0
2026-08-06 23:07:10,383,707,549,0
2026-08-06 23:07:11,381,704,530,0
2026-08-06 23:07:12,385,706,547,0
2026-08-06 23:07:13,384,707,525,0
2026-08-06 23:07:14,381,708,536,0
2026-08-06 23:07:15,381,709,553,0
2026-08-06 23:07:16,383,707,537,0
2026-08-06 23:07:17,384,705,537,0
2026-08-06 23:07:18,385,707,538,0
2026-08-06 23:07:19,382,710,545,0
2026-08-06 23:07:20,383,705,534,0
2026-08-06 23:07:21,383,705,541,0
2026-08-06 23:07:22,385,707,539,0
2026-08-06 23:07:23,384,706,537,0
2026-08-06 23:07:24,382,708,541,0
2026-08-06 23:07:25,385,708,543,0
2026-08-06 23:07:26,382,704,539,0
2026-08-06 23:07:27,384,709,539,0
2026-08-06 23:07:28,383,707,551,0
2026-08-06 23:07:29,385,709,534,0
2026-08-06 23:07:30,382,703,542,0
2026-08-06 23:07:31,381,709,543,0
2026-08-06 23:07:32,382,706,538,0
2026-08-06 23:07:33,383,709,564,0
2026-08-06 23:07:34,385,706,548,0
2026-08-06 23:07:35,381,710,550,0
2026-08-06 23:07:36,384,706,535,0
2026-08-06 23:07:37,382,710,544,0
2026-08-06 23:07:38,382,712,553,0
2026-08-06 23:07:39,381,707,556,0
2026-08-06 23:07:40,380,708,533,0
2026-08-06 23:07:41,382,708,548,0
2026-08-06 23:07:42,382,710,548,0
2026-08-06 23:07:43,382,705,544,0
2026-08-06 23:07:44,383,708,529,0
2026-08-06 23:07:45,384,705,537,0
2026-08-06 23:07:46,384,703,543,0
2026-08-06 23:07:47,385,709,543,0
2026-08-06 23:07:48,381,704,548,0
2026-08-06 23:07:49,381,703,547,0
2026-08-06 23:07:50,384,701,544,0
2026-08-06 23:07:51,383,709,552,0
2026-08-06 23:07:52,383,701,538,0
2026-08-06 23:07:53,384,705,548,0
2026-08-06 23:07:54,382,703,552,0
2026-08-06 23:07:55,382,709,541,0
2026-08-06 23:07:56,382,703,539,0
2026-08-06 23:07:57,382,706,554,0
2026-08-06 23:07:58,383,700,550,0
2026-08-06 23:07:59,381,707,538,0
2026-08-06 23:08:00,381,706,549,0
2026-08-06 23:08:01,382,703,541,0
2026-08-06 23:08:02,382,705,543,0
2026-08-06 23:08:03,384,706,539,0
2026-08-06 23:08:04,380,713,538,0
2026-08-06 23:08:05,384,703,545,0
2026-08-06 23:08:06,381,706,548,0
2026-08-06 23:08:07,382,706,540,0
2026-08-06 23:08:08,382,713,542,0
2026-08-06 23:08:09,381,707,549,0
2026-08-06 23:08:10,380,706,554,0
2026-08-06 23:08:11,383,701,545,0
2026-08-06 23:08:12,383,710,545,0
2026-08-06 23:08:13,383,710,532,0
2026-08-06 23:08:14,381,709,548,0
2026-08-06 23:08:15,384,707,562,0
2026-08-06 23:08:16,383,707,553,0
2026-08-06 23:08:17,380,711,548,0
2026-08-06 23:08:18,382,707,563,0
2026-08-06 23:08:19,384,707,537,0
2026-08-06 23:08:20,382,709,542,0
2026-08-06 23:08:21,383,703,546,0
2026-08-06 23:08:22,383,707,528,0
2026-08-06 23:08:23,382,708,538,0
2026-08-06 23:08:24,382,703,555,0
2026-08-06 23:08:25,381,709,547,0
2026-08-06 23:08:26,382,711,548,0
2026-08-06 23:08:27,382,705,555,0
2026-08-06 23:08:28,385,706,551,0
2026-08-06 23:08:29,382,709,541,0
2026-08-06 23:08:30,381,708,552,0
2026-08-06 23:08:31,380,705,540,0
2026-08-06 23:08:32,383,705,541,0
2026-08-06 23:08:33,384,708,548,0
2026-08-06 23:08:34,380,707,536,0
2026-08-06 23:08:35,383,711,543,0
2026-08-06 23:08:36,385,702,542,0
2026-08-06 23:08:37,383,707,540,0
2026-08-06 23:08:38,379,704,537,0
2026-08-06 23:08:39,383,710,550,0
2026-08-06 23:08:40,385,707,550,0
2026-08-06 23:08:41,381,707,540,0
2026-08-06 23:08:42,380,707,545,0
2026-08-06 23:08:43,384,712,544,0
2026-08-06 23:08:44,380,707,550,0
2026-08-06 23:08:45,381,707,539,0
2026-08-06 23:08:46,382,708,551,0
2026-08-06 23:08:47,384,706,549,0
2026-08-06 23:08:48,383,704,548,0
2026-08-06 23:08:49,381,706,552,0
2026-08-06 23:08:50,384,708,546,0
2026-08-06 23:08:51,383,705,546,0
2026-08-06 23:08:52,380,708,528,0
2026-08-06 23:08:53,385,703,549,0
2026-08-06 23:08:54,385,710,534,0
2026-08-06 23:08:55,383,708,544,0
2026-08-06 23:08:56,383,704,547,0
2026-08-06 23:08:57,381,709,538,0
2026-08-06 23:08:58,380,707,548,0
2026-08-06 23:08:59,383,704,540,0
2026-08-06 23:09:00,383,706,545,0
2026-08-06 23:09:01,381,703,550,0
2026-08-06 23:09:02,382,708,533,0
2026-08-06 23:09:03,383,705,549,0
2026-08-06 23:09:04,381,705,542,0
2026-08-06 23:09:05,383,708,537,0
2026-08-06 23:09:06,383,711,559,0
2026-08-06 23:09:07,382,706,556,0
2026-08-06 23:09:08,383,707,544,0
2026-08-06 23:09:09,383,710,557,0
2026-08-06 23:09:10,385,708,545,0
2026-08-06 23:09:11,382,707,544,0
2026-08-06 23:09:12,384,707,547,0
2026-08-06 23:09:13,383,704,542,0
2026-08-06 23:09:14,385,705,544,0
2026-08-06 23:09:15,382,707,527,0
2026-08-06 23:09:16,382,710,539,0
2026-08-06 23:09:17,382,705,543,0
2026-08-06 23:09:18,384,707,544,0
2026-08-06 23:09:19,380,708,554,0
2026-08-06 23:09:20,382,703,550,0
2026-08-06 23:09:21,381,703,553,0
2026-08-06 23:09:22,386,708,544,0
2026-08-06 23:09:23,384,707,544,0
2026-08-06 23:09:24,383,707,546,0
2026-08-06 23:09:25,383,708,552,0
2026-08-06 23:09:26,382,707,538,0
2026-08-06 23:09:27,384,706,547,0
2026-08-06 23:09:28,382,705,537,0
2026-08-06 23:09:29,385,705,545,0
2026-08-06 23:09:30,382,706,542,0
2026-08-06 23:09:31,382,705,544,0
2026-08-06 23:09:32,382,704,548,0
2026-08-06 23:09:33,381,706,548,0
2026-08-06 23:09:34,382,704,555,0
2026-08-06 23:09:35,384,706,546,0
2026-08-06 23:09:36,384,706,533,0
2026-08-06 23:09:37,384,705,530,0
2026-08-06 23:09:38,382,708,552,0
2026-08-06 23:09:39,379,705,552,0
2026-08-06 23:09:40,382,708,548,0
2026-08-06 23:09:41,384,704,540,0
2026-08-06 23:09:42,382,707,553,0
2026-08-06 23:09:43,383,705,550,0
2026-08-06 23:09:44,384,704,544,0
2026-08-06 23:09:45,382,708,535,0
2026-08-06 23:09:46,383,707,537,0
2026-08-06 23:09:47,384,708,555,0
2026-08-06 23:09:48,384,704,552,0
2026-08-06 23:09:49,381,708,541,0
2026-08-06 23:09:50,383,706,542,0
2026-08-06 23:09:51,384,708,543,0
2026-08-06 23:09:52,385,710,538,0
2026-08-06 23:09:53,381,710,549,0
2026-08-06 23:09:54,384,706,550,0
2026-08-06 23:09:55,384,708,546,0
2026-08-06 23:09:56,385,706,551,0
2026-08-06 23:09:57,382,707,552,0
2026-08-06 23:09:58,382,704,549,0
2026-08-06 23:09:59,382,706,537,0
2026-08-06 23:10:00,381,706,548,0
2026-08-06 23:10:01,384,708,541,0
2026-08-06 23:10:02,380,709,535,0
2026-08-06 23:10:03,384,708,538,0
2026-08-06 23:10:04,382,708,544,0
2026-08-06 23:10:05,382,701,542,0
2026-08-06 23:10:06,382,708,548,0
2026-08-06 23:10:07,381,705,544,0
2026-08-06 23:10:08,381,707,537,0
2026-08-06 23:10:09,380,707,543,0
2026-08-06 23:10:10,383,707,545,0
2026-08-06 23:10:11,385,703,540,0
2026-08-06 23:10:12,381,710,525,0
2026-08-06 23:10:13,382,708,545,0
2026-08-06 23:10:14,383,706,549,0
2026-08-06 23:10:15,380,705,534,0
2026-08-06 23:10:16,380,709,543,0
2026-08-06 23:10:17,383,708,544,0
2026-08-06 23:10:18,383,707,550,0
2026-08-06 23:10:19,380,706,544,0
2026-08-06 23:10:20,382,711,545,0
2026-08-06 23:10:21,383,706,551,0
2026-08-06 23:10:22,382,709,540,0
2026-08-06 23:10:23,382,708,545,0
2026-08-06 23:10:24,383,707,550,0
2026-08-06 23:10:25,382,707,545,0
2026-08-06 23:10:26,380,703,555,0
2026-08-06 23:10:27,383,706,556,0
2026-08-06 23:10:28,382,707,541,0
2026-08-06 23:10:29,381,706,542,0
2026-08-06 23:10:30,385,709,552,0
2026-08-06 23:10:31,383,707,538,0
2026-08-06 23:10:32,381,705,544,0
2026-08-06 23:10:33,383,706,545,0
2026-08-06 23:10:34,382,709,552,0
2026-08-06 23:10:35,382,708,545,0
2026-08-06 23:10:36,379,707,541,0
2026-08-06 23:10:37,382,708,546,0
2026-08-06 23:10:38,384,709,546,0
2026-08-06 23:10:39,382,705,556,0
2026-08-06 23:10:40,382,707,545,0
2026-08-06 23:10:41,384,708,539,0
2026-08-06 23:10:42,383,705,554,0
2026-08-06 23:10:43,383,709,547,0
2026-08-06 23:10:44,385,703,550,0
2026-08-06 23:10:45,382,709,546,0
2026-08-06 23:10:46,381,710,539,0
2026-08-06 23:10:47,384,709,537,0
2026-08-06 23:10:48,384,706,546,0
2026-08-06 23:10:49,382,708,519,0
2026-08-06 23:10:50,380,705,547,0
2026-08-06 23:10:51,382,707,540,0
2026-08-06 23:10:52,381,711,536,0
2026-08-06 23:10:53,382,707,545,0
2026-08-06 23:10:54,383,706,544,0
2026-08-06 23:10:55,383,702,557,0
2026-08-06 23:10:56,383,706,547,0
2026-08-06 23:10:57,381,709,543,0
2026-08-06 23:10:58,382,709,541,0
2026-08-06 23:10:59,382,707,545,0
2026-08-06 23:11:00,381,705,556,0
2026-08-06 23:11:01,381,708,556,0
2026-08-06 23:11:02,382,707,554,0
2026-08-06 23:11:03,384,709,538,0
2026-08-06 23:11:04,382,710,543,0
2026-08-06 23:11:05,381,709,537,0
2026-08-06 23:11:06,381,706,550,0
2026-08-06 23:11:07,383,709,534,0
2026-08-06 23:11:08,382,710,549,0
2026-08-06 23:11:09,386,703,540,0
2026-08-06 23:11:10,382,707,545,0
2026-08-06 23:11:11,380,709,542,0
2026-08-06 23:11:12,383,708,543,0
2026-08-06 23:11:13,384,707,558,0
2026-08-06 23:11:15,382,708,539,0
2026-08-06 23:11:15,380,710,547,0
2026-08-06 23:11:16,381,710,548,0
2026-08-06 23:11:17,384,707,548,0
2026-08-06 23:11:18,382,710,543,0
2026-08-06 23:11:19,381,712,540,0
2026-08-06 23:11:20,383,704,554,0
2026-08-06 23:11:21,382,712,538,0
2026-08-06 23:11:22,382,710,549,0
2026-08-06 23:11:23,384,707,543,0
2026-08-06 23:11:24,380,709,544,0
2026-08-06 23:11:25,386,704,542,0
2026-08-06 23:11:26,386,710,546,0
2026-08-06 23:11:27,383,707,532,0
2026-08-06 23:11:28,382,708,547,0
2026-08-06 23:11:29,381,704,555,0
2026-08-06 23:11:30,381,707,550,0
2026-08-06 23:11:31,379,707,548,0
2026-08-06 23:11:32,385,706,543,0
2026-08-06 23:11:33,384,709,541,0
2026-08-06 23:11:34,385,710,538,0
2026-08-06 23:11:35,381,705,549,0
2026-08-06 23:11:36,381,709,550,0
2026-08-06 23:11:37,380,704,552,0
2026-08-06 23:11:38,381,708,547,0
2026-08-06 23:11:39,381,708,536,0
2026-08-06 23:11:40,381,708,543,0
2026-08-06 23:11:41,383,710,549,0
2026-08-06 23:11:42,379,708,551,0
2026-08-06 23:11:43,380,712,538,0
2026-08-06 23:11:44,380,706,544,0
2026-08-06 23:11:45,382,709,550,0
2026-08-06 23:11:46,383,710,540,0
2026-08-06 23:11:47,384,710,541,0
2026-08-06 23:11:48,382,709,557,0
2026-08-06 23:11:49,384,708,547,0
2026-08-06 23:11:50,383,708,541,0
2026-08-06 23:11:51,382,708,550,0
2026-08-06 23:11:52,383,707,553,0
2026-08-06 23:11:53,383,707,553,0
2026-08-06 23:11:54,383,708,544,0
2026-08-06 23:11:55,384,712,544,0
2026-08-06 23:11:56,383,709,541,0
2026-08-06 23:11:57,381,706,545,0
2026-08-06 23:11:58,380,708,544,0
2026-08-06 23:11:59,384,708,532,0
2026-08-06 23:12:00,379,706,535,0
2026-08-06 23:12:01,384,704,541,0
2026-08-06 23:12:02,382,708,541,0
2026-08-06 23:12:03,382,709,543,0
2026-08-06 23:12:04,384,704,541,0
2026-08-06 23:12:05,381,706,542,0
2026-08-06 23:12:06,386,705,558,0
2026-08-06 23:12:07,383,704,543,0
2026-08-06 23:12:08,381,711,539,0
2026-08-06 23:12:09,385,707,546,0
2026-08-06 23:12:10,382,707,549,0
2026-08-06 23:12:11,382,707,546,0
2026-08-06 23:12:12,383,708,542,0
2026-08-06 23:12:13,381,709,548,0
2026-08-06 23:12:14,386,710,550,0
2026-08-06 23:12:15,386,706,552,0
2026-08-06 23:12:16,380,708,553,0
2026-08-06 23:12:17,383,708,554,0
2026-08-06 23:12:18,384,710,522,0
2026-08-06 23:12:19,383,713,537,0
2026-08-06 23:12:20,381,705,547,0
2026-08-06 23:12:21,382,712,556,0
2026-08-06 23:12:22,383,704,536,0
2026-08-06 23:12:23,383,705,541,0
2026-08-06 23:12:24,383,706,529,0
2026-08-06 23:12:25,379,714,567,0
2026-08-06 23:12:26,381,708,532,0
2026-08-06 23:12:27,381,707,544,0
2026-08-06 23:12:28,380,705,550,0
2026-08-06 23:12:29,383,710,545,0
2026-08-06 23:12:30,381,709,536,0
2026-08-06 23:12:31,380,707,545,0
2026-08-06 23:12:32,381,707,548,0
2026-08-06 23:12:33,382,710,547,0
2026-08-06 23:12:34,383,706,550,0
2026-08-06 23:12:35,382,710,550,0
2026-08-06 23:12:36,381,712,550,0
2026-08-06 23:12:37,382,713,543,0
2026-08-06 23:12:38,382,707,548,0
2026-08-06 23:12:39,382,705,550,0
2026-08-06 23:12:40,380,710,552,0
2026-08-06 23:12:41,385,709,531,0
2026-08-06 23:12:42,381,709,558,0
2026-08-06 23:12:43,384,711,548,0
2026-08-06 23:12:44,382,708,549,0
2026-08-06 23:12:45,384,703,533,0
2026-08-06 23:12:46,384,710,552,0
2026-08-06 23:12:47,385,707,549,0
2026-08-06 23:12:48,381,708,548,0
2026-08-06 23:12:49,381,708,548,0
2026-08-06 23:12:50,382,705,548,0
2026-08-06 23:12:51,382,707,543,0
2026-08-06 23:12:52,382,710,539,0
2026-08-06 23:12:53,381,710,543,0
2026-08-06 23:12:54,381,708,545,0
2026-08-06 23:12:55,384,708,539,0
2026-08-06 23:12:56,382,710,541,0
2026-08-06 23:12:57,383,707,540,0
2026-08-06 23:12:58,382,708,547,0
2026-08-06 23:12:59,381,706,554,0
2026-08-06 23:13:00,381,708,557,0
2026-08-06 23:13:01,381,706,556,0
2026-08-06 23:13:02,382,709,541,0
2026-08-06 23:13:03,382,706,547,0
2026-08-06 23:13:04,380,707,534,0
2026-08-06 23:13:05,383,706,539,0
2026-08-06 23:13:06,383,706,542,0
2026-08-06 23:13:07,382,709,550,0
2026-08-06 23:13:08,382,710,536,0
2026-08-06 23:13:09,383,706,546,0
2026-08-06 23:13:10,381,711,543,0
2026-08-06 23:13:11,384,706,540,0
2026-08-06 23:13:12,382,708,544,0
2026-08-06 23:13:13,384,704,552,0
2026-08-06 23:13:14,382,708,549,0
2026-08-06 23:13:15,383,709,554,0
2026-08-06 23:13:16,384,705,556,0
2026-08-06 23:13:19,382,703,538,0
2026-08-06 23:13:19,382,699,539,0
2026-08-06 23:13:19,381,705,548,0
2026-08-06 23:13:20,382,704,551,0
2026-08-06 23:13:21,382,706,549,0
2026-08-06 23:13:22,382,707,534,0
2026-08-06 23:13:23,380,708,543,0
2026-08-06 23:13:24,383,711,546,0
2026-08-06 23:13:25,382,707,541,0
2026-08-06 23:13:26,382,710,545,0
2026-08-06 23:13:27,380,711,540,0
2026-08-06 23:13:28,380,708,537,0
2026-08-06 23:13:29,384,707,554,0
2026-08-06 23:13:30,384,709,546,0
2026-08-06 23:13:31,380,710,543,0
2026-08-06 23:13:32,382,708,545,0
2026-08-06 23:13:33,383,710,547,0
2026-08-06 23:13:34,381,708,554,0
2026-08-06 23:13:35,383,710,547,0
2026-08-06 23:13:36,383,711,551,0
2026-08-06 23:13:37,382,707,539,0
2026-08-06 23:13:38,383,704,549,0
2026-08-06 23:13:39,384,705,545,0
2026-08-06 23:13:40,382,711,535,0
2026-08-06 23:13:41,381,712,552,0
2026-08-06 23:13:42,380,709,545,0
2026-08-06 23:13:43,385,709,548,0
2026-08-06 23:13:44,383,706,535,0
2026-08-06 23:13:45,381,708,552,0
2026-08-06 23:13:46,384,707,546,0
2026-08-06 23:13:47,383,705,542,0
2026-08-06 23:13:48,383,708,540,0
2026-08-06 23:13:49,381,711,550,0
2026-08-06 23:13:50,385,713,538,0
2026-08-06 23:13:51,384,706,538,0
2026-08-06 23:13:52,382,705,544,0
2026-08-06 23:13:53,381,706,539,0
2026-08-06 23:13:54,383,710,543,0
2026-08-06 23:13:55,383,709,542,0
2026-08-06 23:13:56,383,711,540,0
2026-08-06 23:13:57,381,709,548,0
2026-08-06 23:13:58,384,705,551,0
2026-08-06 23:13:59,382,708,542,0
2026-08-06 23:14:00,383,711,546,0
2026-08-06 23:14:01,384,710,543,0
2026-08-06 23:14:02,383,710,551,0
2026-08-06 23:14:03,383,705,552,0
2026-08-06 23:14:04,381,708,548,0
2026-08-06 23:14:05,385,710,542,0
2026-08-06 23:14:06,383,706,554,0
2026-08-06 23:14:07,380,708,548,0
2026-08-06 23:14:08,383,707,529,0
2026-08-06 23:14:10,383,706,551,0
2026-08-06 23:14:10,381,705,544,0
2026-08-06 23:14:11,382,708,531,0
2026-08-06 23:14:12,381,711,547,0
2026-08-06 23:14:13,383,709,547,0
2026-08-06 23:14:14,379,709,535,0
2026-08-06 23:14:15,383,709,546,0
2026-08-06 23:14:16,381,709,536,0
2026-08-06 23:14:17,384,707,552,0
2026-08-06 23:14:18,383,713,540,0
2026-08-06 23:14:19,386,708,530,0
2026-08-06 23:14:20,381,710,543,0
2026-08-06 23:14:21,383,709,539,0
2026-08-06 23:14:22,384,710,552,0
2026-08-06 23:14:23,382,709,543,0
2026-08-06 23:14:24,385,712,550,0
2026-08-06 23:14:25,383,710,547,0
2026-08-06 23:14:26,381,707,548,0
2026-08-06 23:14:27,383,710,556,0
2026-08-06 23:14:28,381,709,536,0
2026-08-06 23:14:29,384,703,549,0
2026-08-06 23:14:30,381,709,541,0
2026-08-06 23:14:31,384,713,539,0
2026-08-06 23:14:32,383,708,533,0
2026-08-06 23:14:33,384,706,538,0
2026-08-06 23:14:34,381,712,547,0
2026-08-06 23:14:35,385,710,548,0
2026-08-06 23:14:36,384,709,545,0
2026-08-06 23:14:37,381,704,548,0
2026-08-06 23:14:38,385,712,549,0
2026-08-06 23:14:39,381,708,526,0
2026-08-06 23:14:40,383,709,543,0
2026-08-06 23:14:41,382,710,545,0
2026-08-06 23:14:42,383,709,542,0
2026-08-06 23:14:43,381,709,541,0
2026-08-06 23:14:44,382,707,540,0
2026-08-06 23:14:45,382,707,548,0
2026-08-06 23:14:46,380,707,532,0
2026-08-06 23:14:47,385,711,538,0
2026-08-06 23:14:48,384,707,556,0
2026-08-06 23:14:49,382,710,548,0
2026-08-06 23:14:50,382,707,545,0
2026-08-06 23:14:51,381,705,540,0
2026-08-06 23:14:52,382,709,534,0
2026-08-06 23:14:53,382,712,558,0
2026-08-06 23:14:54,384,709,542,0
2026-08-06 23:14:55,385,708,541,0
2026-08-06 23:14:56,382,705,541,0
2026-08-06 23:14:57,382,711,552,0
2026-08-06 23:14:58,382,711,543,0
2026-08-06 23:14:59,382,709,559,0
2026-08-06 23:15:00,387,708,541,0
2026-08-06 23:15:01,380,708,548,0
2026-08-06 23:15:02,384,707,544,0
2026-08-06 23:15:03,381,707,559,0
2026-08-06 23:15:04,382,712,553,0
2026-08-06 23:15:05,382,705,558,0
2026-08-06 23:15:06,383,709,543,0
2026-08-06 23:15:07,380,712,544,0
2026-08-06 23:15:08,385,705,542,0
2026-08-06 23:15:09,380,710,551,0
2026-08-06 23:15:10,382,703,545,0
2026-08-06 23:15:11,382,710,538,0
2026-08-06 23:15:12,382,713,547,0
2026-08-06 23:15:13,383,705,554,0
2026-08-06 23:15:14,382,703,544,0
2026-08-06 23:15:15,381,707,540,0
2026-08-06 23:15:16,385,708,549,0
2026-08-06 23:15:17,385,709,556,0
2026-08-06 23:15:18,385,708,541,0
2026-08-06 23:15:19,379,709,545,0
2026-08-06 23:15:20,383,708,551,0
2026-08-06 23:15:21,383,711,553,0
2026-08-06 23:15:22,383,707,555,0
2026-08-06 23:15:23,383,712,551,0
2026-08-06 23:15:24,383,712,541,0
2026-08-06 23:15:25,383,706,546,0
2026-08-06 23:15:26,384,715,545,0
2026-08-06 23:15:27,383,708,542,0
2026-08-06 23:15:28,382,710,543,0
2026-08-06 23:15:29,382,711,525,0
2026-08-06 23:15:30,383,707,555,0
2026-08-06 23:15:31,384,709,545,0
2026-08-06 23:15:32,381,706,549,0
2026-08-06 23:15:33,382,709,544,0
2026-08-06 23:15:34,384,708,541,0
2026-08-06 23:15:35,382,711,544,0
2026-08-06 23:15:36,384,709,541,0
2026-08-06 23:15:37,384,709,554,0
2026-08-06 23:15:38,385,707,538,0
2026-08-06 23:15:39,381,713,526,0
2026-08-06 23:15:40,383,709,545,0
2026-08-06 23:15:41,382,707,533,0
2026-08-06 23:15:42,383,708,545,0
2026-08-06 23:15:43,382,705,540,0
2026-08-06 23:15:44,382,708,549,0
2026-08-06 23:15:45,381,711,544,0
2026-08-06 23:15:46,382,709,553,0
2026-08-06 23:15:47,381,706,545,0
2026-08-06 23:15:48,382,706,538,0
2026-08-06 23:15:49,384,711,552,0
2026-08-06 23:15:50,383,707,548,0
2026-08-06 23:15:51,382,709,550,0
2026-08-06 23:15:52,380,704,545,0
2026-08-06 23:15:53,383,704,539,0
2026-08-06 23:15:54,380,706,548,0
2026-08-06 23:15:55,382,709,546,0
2026-08-06 23:15:56,385,704,549,0
2026-08-06 23:15:57,382,711,557,0
2026-08-06 23:15:58,382,709,546,0
2026-08-06 23:15:59,382,706,544,0
2026-08-06 23:16:00,383,707,538,0
2026-08-06 23:16:01,382,705,547,0
2026-08-06 23:16:02,383,705,537,0
2026-08-06 23:16:03,385,708,550,0
2026-08-06 23:16:04,383,711,546,0
2026-08-06 23:16:05,381,708,543,0
2026-08-06 23:16:06,386,707,541,0
2026-08-06 23:16:07,383,705,544,0
2026-08-06 23:16:08,382,708,546,0
2026-08-06 23:16:09,380,713,551,0
2026-08-06 23:16:10,384,711,546,0
2026-08-06 23:16:11,385,709,541,0
2026-08-06 23:16:12,381,707,551,0
2026-08-06 23:16:13,383,708,543,0
2026-08-06 23:16:14,383,705,554,0
2026-08-06 23:16:15,382,706,548,0
2026-08-06 23:16:16,382,709,538,0
2026-08-06 23:16:17,380,708,538,0
2026-08-06 23:16:18,384,707,546,0
2026-08-06 23:16:19,381,713,550,0
2026-08-06 23:16:20,385,710,546,0
2026-08-06 23:16:21,381,713,545,0
2026-08-06 23:16:22,384,708,545,0
2026-08-06 23:16:23,383,707,553,0
2026-08-06 23:16:24,381,711,540,0
2026-08-06 23:16:25,382,708,552,0
2026-08-06 23:16:26,384,711,543,0
2026-08-06 23:16:27,383,710,551,0
2026-08-06 23:16:28,383,709,543,0
2026-08-06 23:16:29,385,703,548,0
2026-08-06 23:16:30,382,713,541,0
2026-08-06 23:16:31,385,709,541,0
2026-08-06 23:16:32,385,708,557,0
2026-08-06 23:16:33,381,705,553,0
2026-08-06 23:16:34,381,708,537,0
2026-08-06 23:16:35,380,712,553,0
2026-08-06 23:16:36,384,709,533,0
2026-08-06 23:16:37,384,701,537,0
2026-08-06 23:16:38,383,705,530,0
2026-08-06 23:16:39,381,704,539,0
2026-08-06 23:16:40,383,712,541,0
2026-08-06 23:16:41,382,708,547,0
2026-08-06 23:16:42,383,712,540,0
2026-08-06 23:16:43,383,710,544,0
2026-08-06 23:16:44,379,706,544,0
2026-08-06 23:16:45,384,707,542,0
2026-08-06 23:16:46,383,711,534,0
2026-08-06 23:16:47,382,708,542,0
2026-08-06 23:16:48,381,711,553,0
2026-08-06 23:16:49,383,709,542,0
2026-08-06 23:16:50,382,713,534,0
2026-08-06 23:16:51,383,711,537,0
2026-08-06 23:16:52,383,715,546,0
2026-08-06 23:16:53,382,710,534,0
2026-08-06 23:16:54,382,708,553,0
2026-08-06 23:16:55,383,705,553,0
2026-08-06 23:16:56,382,706,542,0
2026-08-06 23:16:57,384,710,535,0
2026-08-06 23:16:58,385,705,543,0
2026-08-06 23:16:59,383,704,533,0
2026-08-06 23:17:00,382,708,536,0
2026-08-06 23:17:01,378,708,544,0
2026-08-06 23:17:02,385,713,546,0
2026-08-06 23:17:03,384,707,558,0
2026-08-06 23:17:04,382,711,549,0
2026-08-06 23:17:05,385,707,539,0
2026-08-06 23:17:06,384,711,543,0
2026-08-06 23:17:07,382,715,530,0
2026-08-06 23:17:08,380,709,544,0
2026-08-06 23:17:09,385,707,555,0
2026-08-06 23:17:10,384,712,545,0
2026-08-06 23:17:11,383,709,547,0
2026-08-06 23:17:12,383,714,549,0
2026-08-06 23:17:13,384,711,549,0
2026-08-06 23:17:14,384,710,545,0
2026-08-06 23:17:15,383,709,538,0
2026-08-06 23:17:16,382,713,558,0
2026-08-06 23:17:17,379,710,539,0
2026-08-06 23:17:18,383,712,550,0
2026-08-06 23:17:19,382,707,552,0
2026-08-06 23:17:20,380,714,534,0
2026-08-06 23:17:21,387,708,524,0
2026-08-06 23:17:22,382,709,543,0
2026-08-06 23:17:23,382,709,537,0
2026-08-06 23:17:24,383,707,545,0
2026-08-06 23:17:25,383,706,546,0
2026-08-06 23:17:26,382,709,554,0
2026-08-06 23:17:27,382,709,548,0
2026-08-06 23:17:28,381,707,557,0
2026-08-06 23:17:29,387,714,543,0
2026-08-06 23:17:30,383,711,536,0
2026-08-06 23:17:31,380,712,540,0
2026-08-06 23:17:32,384,711,543,0
2026-08-06 23:17:33,384,710,549,0
2026-08-06 23:17:34,383,707,547,0
2026-08-06 23:17:35,385,707,541,0
2026-08-06 23:17:36,382,713,545,0
2026-08-06 23:17:37,385,710,548,0
2026-08-06 23:17:38,384,708,545,0
2026-08-06 23:17:39,384,711,534,0
2026-08-06 23:17:40,380,715,547,0
2026-08-06 23:17:41,382,707,542,0
2026-08-06 23:17:42,382,712,542,0
2026-08-06 23:17:43,381,708,556,0
2026-08-06 23:17:44,383,710,544,0
2026-08-06 23:17:45,381,712,553,0
2026-08-06 23:17:46,382,713,555,0
2026-08-06 23:17:47,385,710,543,0
2026-08-06 23:17:48,382,713,546,0
2026-08-06 23:17:49,381,711,533,0
2026-08-06 23:17:50,383,707,540,0
2026-08-06 23:17:51,383,711,547,0
2026-08-06 23:17:52,382,712,541,0
2026-08-06 23:17:53,382,710,554,0
2026-08-06 23:17:54,386,712,543,0
2026-08-06 23:17:55,382,708,556,0
2026-08-06 23:17:56,383,709,552,0
2026-08-06 23:17:57,383,705,557,0
2026-08-06 23:17:58,382,713,553,0
2026-08-06 23:17:59,383,705,531,0
2026-08-06 23:18:00,382,710,555,0
2026-08-06 23:18:01,382,709,537,0
2026-08-06 23:18:02,383,711,534,0
2026-08-06 23:18:03,383,712,546,0
2026-08-06 23:18:04,386,709,535,0
2026-08-06 23:18:05,382,709,551,0
2026-08-06 23:18:06,382,708,552,0
2026-08-06 23:18:07,385,711,548,0
2026-08-06 23:18:08,384,710,547,0
2026-08-06 23:18:09,384,709,554,0
2026-08-06 23:18:10,384,711,538,0
2026-08-06 23:18:11,382,710,554,0
2026-08-06 23:18:12,381,713,550,0
2026-08-06 23:18:13,383,711,547,0
2026-08-06 23:18:14,381,707,559,0
2026-08-06 23:18:15,381,707,550,0
2026-08-06 23:18:16,383,711,555,0
2026-08-06 23:18:17,381,706,550,0
2026-08-06 23:18:18,381,710,555,0
2026-08-06 23:18:19,383,708,549,0
2026-08-06 23:18:20,384,710,544,0
2026-08-06 23:18:21,384,713,550,0
2026-08-06 23:18:22,381,713,545,0
2026-08-06 23:18:23,381,714,536,0
2026-08-06 23:18:24,382,712,549,0
2026-08-06 23:18:25,384,707,546,0
2026-08-06 23:18:26,382,714,548,0
2026-08-06 23:18:27,383,708,547,0
2026-08-06 23:18:28,381,712,539,0
2026-08-06 23:18:29,383,711,545,0
2026-08-06 23:18:30,380,710,558,0
2026-08-06 23:18:31,384,709,546,0
2026-08-06 23:18:32,380,708,549,0
2026-08-06 23:18:33,382,708,539,0
2026-08-06 23:18:34,385,709,555,0
2026-08-06 23:18:35,384,712,540,0
2026-08-06 23:18:36,381,709,541,0
2026-08-06 23:18:37,382,708,538,0
2026-08-06 23:18:38,382,706,542,0
2026-08-06 23:18:39,383,712,549,0
2026-08-06 23:18:40,380,707,536,0
2026-08-06 23:18:41,381,707,546,0
2026-08-06 23:18:42,382,712,542,0
2026-08-06 23:18:43,383,709,535,0
2026-08-06 23:18:44,383,709,547,0
2026-08-06 23:18:45,381,708,543,0
2026-08-06 23:18:46,384,709,552,0
2026-08-06 23:18:47,381,713,544,0
2026-08-06 23:18:48,383,712,546,0
2026-08-06 23:18:49,381,710,548,0
2026-08-06 23:18:50,385,707,554,0
2026-08-06 23:18:51,382,708,539,0
2026-08-06 23:18:52,382,707,550,0
2026-08-06 23:18:53,384,711,546,0
2026-08-06 23:18:54,383,711,551,0
2026-08-06 23:18:55,383,708,544,0
2026-08-06 23:18:56,381,706,545,0
2026-08-06 23:18:57,385,710,542,0
2026-08-06 23:18:58,383,706,549,0
2026-08-06 23:18:59,378,712,550,0
2026-08-06 23:19:00,380,709,564,0
2026-08-06 23:19:01,384,710,542,0
2026-08-06 23:19:02,381,712,546,0
2026-08-06 23:19:03,383,711,551,0
2026-08-06 23:19:04,383,710,541,0
2026-08-06 23:19:05,382,709,543,0
2026-08-06 23:19:06,380,706,553,0
2026-08-06 23:19:07,384,711,552,0
2026-08-06 23:19:08,383,712,555,0
2026-08-06 23:19:09,381,707,548,0
2026-08-06 23:19:10,383,714,550,0
2026-08-06 23:19:11,380,714,554,0
2026-08-06 23:19:12,383,711,543,0
2026-08-06 23:19:13,381,712,544,0
2026-08-06 23:19:14,384,711,542,0
2026-08-06 23:19:15,386,708,556,0
2026-08-06 23:19:16,384,711,545,0
2026-08-06 23:19:17,380,714,546,0
2026-08-06 23:19:18,382,714,555,0
2026-08-06 23:19:19,382,715,556,0
2026-08-06 23:19:20,382,715,532,0
2026-08-06 23:19:21,383,713,541,0
2026-08-06 23:19:22,383,713,555,0
2026-08-06 23:19:23,383,709,563,0
2026-08-06 23:19:24,382,712,535,0
2026-08-06 23:19:25,381,710,553,0
2026-08-06 23:19:26,382,709,546,0
2026-08-06 23:19:27,382,707,551,0
2026-08-06 23:19:28,383,710,544,0
2026-08-06 23:19:29,382,709,535,0
2026-08-06 23:19:30,380,711,545,0
2026-08-06 23:19:31,382,713,551,0
2026-08-06 23:19:32,382,711,551,0
2026-08-06 23:19:33,384,711,545,0
2026-08-06 23:19:34,385,713,563,0
2026-08-06 23:19:35,381,711,545,0
2026-08-06 23:19:36,381,710,541,0
2026-08-06 23:19:37,383,712,536,0
2026-08-06 23:19:38,383,707,550,0
2026-08-06 23:19:39,382,712,545,0
2026-08-06 23:19:40,381,710,539,0
2026-08-06 23:19:41,383,711,554,0
2026-08-06 23:19:42,378,703,553,0
2026-08-06 23:19:43,383,708,548,0
2026-08-06 23:19:45,381,708,536,0
2026-08-06 23:19:45,384,709,543,0
2026-08-06 23:19:46,381,713,548,0
2026-08-06 23:19:47,381,705,545,0
2026-08-06 23:19:48,382,712,558,0
2026-08-06 23:19:49,384,706,544,0
2026-08-06 23:19:50,384,710,543,0
2026-08-06 23:19:51,379,710,539,0
2026-08-06 23:19:52,383,709,557,0
2026-08-06 23:19:53,384,710,540,0
2026-08-06 23:19:54,382,714,549,0
2026-08-06 23:19:55,384,711,545,0
2026-08-06 23:19:56,381,709,546,0
2026-08-06 23:19:57,380,712,544,0
2026-08-06 23:19:58,384,710,543,0
2026-08-06 23:19:59,383,710,539,0
2026-08-06 23:20:00,384,709,543,0
2026-08-06 23:20:01,385,713,536,0
2026-08-06 23:20:02,384,714,556,0
2026-08-06 23:20:03,383,714,549,0
2026-08-06 23:20:04,381,708,544,0
2026-08-06 23:20:05,382,708,551,0
2026-08-06 23:20:06,381,710,542,0
2026-08-06 23:20:07,383,713,525,0
2026-08-06 23:20:08,383,713,549,0
2026-08-06 23:20:09,381,711,541,0
2026-08-06 23:20:10,382,711,545,0
2026-08-06 23:20:11,384,710,549,0
2026-08-06 23:20:12,382,714,540,0
2026-08-06 23:20:13,382,709,546,0
2026-08-06 23:20:14,384,711,546,0
2026-08-06 23:20:15,383,709,549,0
2026-08-06 23:20:16,383,706,553,0
2026-08-06 23:20:17,383,708,569,0
2026-08-06 23:20:18,384,711,543,0
2026-08-06 23:20:19,382,713,539,0
2026-08-06 23:20:20,382,712,551,0
2026-08-06 23:20:21,381,717,551,0
2026-08-06 23:20:22,382,713,535,0
2026-08-06 23:20:23,384,715,540,0
2026-08-06 23:20:24,383,711,543,0
2026-08-06 23:20:25,382,710,544,0
2026-08-06 23:20:26,382,714,551,0
2026-08-06 23:20:27,382,711,535,0
2026-08-06 23:20:28,385,714,535,0
2026-08-06 23:20:29,381,709,548,0
2026-08-06 23:20:30,383,710,547,0
2026-08-06 23:20:31,384,709,542,0
2026-08-06 23:20:32,381,708,546,0
2026-08-06 23:20:33,384,714,539,0
2026-08-06 23:20:34,382,711,542,0
2026-08-06 23:20:35,382,713,551,0
2026-08-06 23:20:36,382,707,540,0
2026-08-06 23:20:37,383,711,551,0
2026-08-06 23:20:38,382,710,546,0
2026-08-06 23:20:39,386,708,539,0
2026-08-06 23:20:40,382,708,553,0
2026-08-06 23:20:41,383,712,540,0
2026-08-06 23:20:42,382,710,539,0
2026-08-06 23:20:43,383,714,554,0
2026-08-06 23:20:44,380,710,543,0
2026-08-06 23:20:45,383,708,535,0
2026-08-06 23:20:46,383,710,542,0
2026-08-06 23:20:47,382,712,533,0
2026-08-06 23:20:48,382,707,540,0
2026-08-06 23:20:49,382,710,544,0
2026-08-06 23:20:50,384,710,539,0
2026-08-06 23:20:51,386,712,548,0
2026-08-06 23:20:52,382,717,544,0
2026-08-06 23:20:53,381,711,553,0
2026-08-06 23:20:54,385,707,531,0
2026-08-06 23:20:55,382,710,557,0
2026-08-06 23:20:56,383,708,546,0
2026-08-06 23:20:57,382,705,552,0
2026-08-06 23:20:58,381,710,535,0
2026-08-06 23:20:59,384,712,537,0
2026-08-06 23:21:00,384,707,553,0
2026-08-06 23:21:01,382,714,544,0
2026-08-06 23:21:02,384,707,541,0
2026-08-06 23:21:03,383,712,539,0
2026-08-06 23:21:04,385,711,537,0
2026-08-06 23:21:05,383,706,548,0
2026-08-06 23:21:06,384,710,542,0
2026-08-06 23:21:07,382,712,544,0
2026-08-06 23:21:08,382,710,541,0
2026-08-06 23:21:09,383,708,544,0
2026-08-06 23:21:10,382,712,547,0
2026-08-06 23:21:11,382,715,548,0
2026-08-06 23:21:12,381,711,541,0
2026-08-06 23:21:13,382,711,535,0
2026-08-06 23:21:14,380,710,549,0
2026-08-06 23:21:15,385,706,551,0
2026-08-06 23:21:16,385,713,533,0
2026-08-06 23:21:17,382,712,541,0
2026-08-06 23:21:18,381,711,543,0
2026-08-06 23:21:19,381,707,543,0
2026-08-06 23:21:20,383,712,547,0
2026-08-06 23:21:21,381,714,552,0
2026-08-06 23:21:22,382,712,543,0
2026-08-06 23:21:23,381,713,546,0
2026-08-06 23:21:24,381,708,541,0
2026-08-06 23:21:25,382,714,546,0
2026-08-06 23:21:26,380,715,551,0
2026-08-06 23:21:27,383,713,552,0
2026-08-06 23:21:28,381,707,537,0
2026-08-06 23:21:29,383,706,558,0
2026-08-06 23:21:30,384,710,556,0
2026-08-06 23:21:31,381,709,549,0
2026-08-06 23:21:32,381,711,541,0
2026-08-06 23:21:33,383,714,548,0
2026-08-06 23:21:34,383,710,544,0
2026-08-06 23:21:35,384,708,547,0
2026-08-06 23:21:36,382,710,544,0
2026-08-06 23:21:37,383,709,548,0
2026-08-06 23:21:38,382,710,550,0
2026-08-06 23:21:39,382,707,530,0
2026-08-06 23:21:40,381,709,547,0
2026-08-06 23:21:41,383,713,537,0
2026-08-06 23:21:42,383,718,546,0
2026-08-06 23:21:43,382,711,542,0
2026-08-06 23:21:44,382,711,542,0
2026-08-06 23:21:45,380,711,540,0
2026-08-06 23:21:46,384,712,551,0
2026-08-06 23:21:47,383,708,550,0
2026-08-06 23:21:48,380,716,546,0
2026-08-06 23:21:49,383,713,535,0
2026-08-06 23:21:50,384,712,544,0
2026-08-06 23:21:51,384,709,538,0
2026-08-06 23:21:52,384,710,536,0
2026-08-06 23:21:53,382,714,540,0
2026-08-06 23:21:54,381,712,549,0
2026-08-06 23:21:55,383,707,543,0
2026-08-06 23:21:56,380,713,541,0
2026-08-06 23:21:57,381,707,547,0
2026-08-06 23:21:58,382,710,532,0
2026-08-06 23:21:59,383,714,547,0
2026-08-06 23:22:00,383,712,541,0
2026-08-06 23:22:01,383,712,541,0
2026-08-06 23:22:02,383,707,549,0
2026-08-06 23:22:03,385,714,553,0
2026-08-06 23:22:04,385,708,536,0
2026-08-06 23:22:05,384,712,547,0
2026-08-06 23:22:06,383,711,555,0
2026-08-06 23:22:07,385,711,535,0
2026-08-06 23:22:08,383,713,534,0
2026-08-06 23:22:09,385,705,561,0
2026-08-06 23:22:10,381,714,551,0
2026-08-06 23:22:11,381,706,535,0
2026-08-06 23:22:12,384,712,550,0
2026-08-06 23:22:13,385,712,561,0
2026-08-06 23:22:14,385,712,544,0
2026-08-06 23:22:15,384,711,537,0
2026-08-06 23:22:16,380,710,533,0
2026-08-06 23:22:17,381,714,534,0
2026-08-06 23:22:18,383,710,546,0
2026-08-06 23:22:19,382,711,548,0
2026-08-06 23:22:20,379,703,551,0
2026-08-06 23:22:21,382,707,538,0
2026-08-06 23:22:22,382,711,556,0
2026-08-06 23:22:23,384,712,564,0
2026-08-06 23:22:24,382,710,539,0
2026-08-06 23:22:25,383,711,550,0
2026-08-06 23:22:26,382,713,540,0
2026-08-06 23:22:27,381,713,545,0
2026-08-06 23:22:28,383,712,548,0
2026-08-06 23:22:29,382,708,540,0
2026-08-06 23:22:30,383,707,550,0
2026-08-06 23:22:31,382,714,530,0
2026-08-06 23:22:32,384,708,534,0
2026-08-06 23:22:33,383,712,529,0
2026-08-06 23:22:34,383,709,556,0
2026-08-06 23:22:35,381,712,550,0
2026-08-06 23:22:36,382,710,546,0
2026-08-06 23:22:37,384,712,542,0
2026-08-06 23:22:38,384,712,540,0
2026-08-06 23:22:39,384,709,552,0
2026-08-06 23:22:40,384,710,530,0
2026-08-06 23:22:41,381,714,547,0
2026-08-06 23:22:42,382,716,545,0
2026-08-06 23:22:43,381,716,539,0
2026-08-06 23:22:44,384,710,547,0
2026-08-06 23:22:45,384,709,543,0
2026-08-06 23:22:46,384,713,544,0
2026-08-06 23:22:47,384,714,539,0
2026-08-06 23:22:48,379,712,549,0
2026-08-06 23:22:49,383,707,538,0
2026-08-06 23:22:50,381,710,545,0
2026-08-06 23:22:51,380,716,535,0
2026-08-06 23:22:52,383,707,551,0
2026-08-06 23:22:53,381,714,559,0
2026-08-06 23:22:54,386,712,536,0
2026-08-06 23:22:55,382,707,552,0
2026-08-06 23:22:56,382,710,545,0
2026-08-06 23:22:57,383,710,538,0
2026-08-06 23:22:58,383,709,545,0
2026-08-06 23:22:59,384,715,534,0
2026-08-06 23:23:00,383,711,542,0
2026-08-06 23:23:01,384,710,542,0
2026-08-06 23:23:02,380,712,534,0
2026-08-06 23:23:03,381,707,552,0
2026-08-06 23:23:04,383,714,541,0
2026-08-06 23:23:05,385,711,549,0
2026-08-06 23:23:06,383,710,545,0
2026-08-06 23:23:07,384,712,548,0
2026-08-06 23:23:08,380,711,546,0
2026-08-06 23:23:09,383,712,547,0
2026-08-06 23:23:10,382,713,545,0
2026-08-06 23:23:11,381,706,542,0
2026-08-06 23:23:12,379,708,545,0
2026-08-06 23:23:13,383,711,553,0
2026-08-06 23:23:14,382,712,535,0
2026-08-06 23:23:15,379,708,543,0
2026-08-06 23:23:16,381,710,548,0
2026-08-06 23:23:17,383,715,539,0
2026-08-06 23:23:18,384,711,547,0
2026-08-06 23:23:19,384,709,543,0
2026-08-06 23:23:20,380,712,544,0
2026-08-06 23:23:21,383,713,544,0
2026-08-06 23:23:22,384,711,551,0
2026-08-06 23:23:23,382,715,528,0
2026-08-06 23:23:24,381,713,545,0
2026-08-06 23:23:25,383,707,544,0
2026-08-06 23:23:26,380,706,544,0
2026-08-06 23:23:27,383,718,552,0
2026-08-06 23:23:28,383,709,548,0
2026-08-06 23:23:29,384,712,534,0
2026-08-06 23:23:30,382,712,543,0
2026-08-06 23:23:31,383,715,550,0
2026-08-06 23:23:32,383,705,540,0
2026-08-06 23:23:33,384,710,551,0
2026-08-06 23:23:34,383,711,546,0
2026-08-06 23:23:35,382,712,557,0
2026-08-06 23:23:36,385,711,539,0
2026-08-06 23:23:37,380,709,547,0
2026-08-06 23:23:38,386,713,551,0
2026-08-06 23:23:39,384,711,548,0
2026-08-06 23:23:40,380,709,552,0
2026-08-06 23:23:41,383,710,540,0
2026-08-06 23:23:42,384,712,546,0
2026-08-06 23:23:43,381,710,547,0
2026-08-06 23:23:44,382,711,537,0
2026-08-06 23:23:45,384,712,542,0
2026-08-06 23:23:46,384,711,538,0
2026-08-06 23:23:47,385,708,540,0
2026-08-06 23:23:48,384,712,544,0
2026-08-06 23:23:49,385,712,542,0
2026-08-06 23:23:50,383,712,552,0
2026-08-06 23:23:51,381,708,546,0
2026-08-06 23:23:52,384,707,550,0
2026-08-06 23:23:53,382,713,531,0
2026-08-06 23:23:54,381,711,544,0
2026-08-06 23:23:55,385,711,548,0
2026-08-06 23:23:56,384,711,546,0
2026-08-06 23:23:57,382,709,547,0
2026-08-06 23:23:58,384,715,539,0
2026-08-06 23:23:59,380,709,541,0
2026-08-06 23:24:00,384,709,540,0
2026-08-06 23:24:01,383,711,542,0
2026-08-06 23:24:02,382,711,545,0
2026-08-06 23:24:03,381,716,548,0
2026-08-06 23:24:04,383,710,545,0
2026-08-06 23:24:05,384,712,545,0
2026-08-06 23:24:06,384,709,557,0
2026-08-06 23:24:07,380,711,539,0
2026-08-06 23:24:08,382,714,556,0
2026-08-06 23:24:09,382,710,561,0
2026-08-06 23:24:10,382,711,545,0
2026-08-06 23:24:11,381,711,541,0
2026-08-06 23:24:12,380,709,556,0
2026-08-06 23:24:13,381,714,536,0
2026-08-06 23:24:14,383,711,534,0
2026-08-06 23:24:15,383,714,541,0
2026-08-06 23:24:16,381,712,546,0
2026-08-06 23:24:17,384,714,539,0
2026-08-06 23:24:18,382,713,558,0
2026-08-06 23:24:19,382,709,533,0
2026-08-06 23:24:20,383,711,535,0
2026-08-06 23:24:21,381,713,541,0
2026-08-06 23:24:22,382,707,533,0
2026-08-06 23:24:23,381,714,549,0
2026-08-06 23:24:24,383,714,534,0
2026-08-06 23:24:25,381,709,545,0
2026-08-06 23:24:26,383,711,553,0
2026-08-06 23:24:27,382,709,541,0
2026-08-06 23:24:28,384,709,545,0
2026-08-06 23:24:29,382,714,541,0
2026-08-06 23:24:30,384,713,535,0
2026-08-06 23:24:31,381,714,545,0
2026-08-06 23:24:32,382,710,549,0
2026-08-06 23:24:33,382,707,549,0
2026-08-06 23:24:34,381,714,547,0
2026-08-06 23:24:35,384,714,543,0
2026-08-06 23:24:36,379,712,553,0
2026-08-06 23:24:37,382,712,546,0
2026-08-06 23:24:38,382,707,544,0
2026-08-06 23:24:39,382,708,539,0
2026-08-06 23:24:40,382,712,541,0
2026-08-06 23:24:41,382,714,548,0
2026-08-06 23:24:42,381,713,555,0
2026-08-06 23:24:43,383,711,565,0
2026-08-06 23:24:44,381,716,545,0
2026-08-06 23:24:45,383,713,552,0
2026-08-06 23:24:46,384,712,544,0
2026-08-06 23:24:47,380,713,557,0
2026-08-06 23:24:48,383,708,547,0
2026-08-06 23:24:50,382,707,539,0
2026-08-06 23:24:50,383,713,554,0
2026-08-06 23:24:51,381,710,551,0
2026-08-06 23:24:52,383,704,555,0
2026-08-06 23:24:53,384,709,539,0
2026-08-06 23:24:54,384,712,549,0
2026-08-06 23:24:55,383,712,544,0
2026-08-06 23:24:56,382,706,545,0
2026-08-06 23:24:57,384,711,554,0
2026-08-06 23:24:58,382,708,560,0
2026-08-06 23:24:59,383,714,554,0
2026-08-06 23:25:00,383,713,533,0
2026-08-06 23:25:01,381,711,538,0
2026-08-06 23:25:02,383,712,551,0
2026-08-06 23:25:03,383,711,551,0
2026-08-06 23:25:04,383,713,547,0
2026-08-06 23:25:05,380,711,539,0
2026-08-06 23:25:06,382,716,547,0
2026-08-06 23:25:07,382,711,542,0
2026-08-06 23:25:08,382,713,545,0
2026-08-06 23:25:09,382,710,548,0
2026-08-06 23:25:10,383,711,544,0
2026-08-06 23:25:11,383,712,554,0
2026-08-06 23:25:12,381,710,547,0
2026-08-06 23:25:13,383,711,552,0
2026-08-06 23:25:14,382,708,551,0
2026-08-06 23:25:15,382,719,545,0
2026-08-06 23:25:16,382,715,537,0
2026-08-06 23:25:17,382,717,532,0
2026-08-06 23:25:18,378,718,544,0
2026-08-06 23:25:19,383,712,554,0
2026-08-06 23:25:20,379,712,537,0
2026-08-06 23:25:21,383,712,540,0
2026-08-06 23:25:22,383,709,551,0
2026-08-06 23:25:23,384,711,548,0
2026-08-06 23:25:24,379,710,537,0
2026-08-06 23:25:25,383,709,550,0
2026-08-06 23:25:26,382,709,548,0
2026-08-06 23:25:27,383,711,540,0
2026-08-06 23:25:28,383,710,552,0
2026-08-06 23:25:29,381,713,553,0
2026-08-06 23:25:30,383,713,538,0
2026-08-06 23:25:31,382,713,543,0
2026-08-06 23:25:32,384,712,545,0
2026-08-06 23:25:33,382,714,547,0
2026-08-06 23:25:34,381,713,544,0
2026-08-06 23:25:35,383,711,554,0
2026-08-06 23:25:36,382,705,558,0
2026-08-06 23:25:37,382,710,545,0
2026-08-06 23:25:38,384,714,530,0
2026-08-06 23:25:39,384,713,541,0
2026-08-06 23:25:40,382,710,538,0
2026-08-06 23:25:41,383,710,550,0
2026-08-06 23:25:42,383,710,539,0
2026-08-06 23:25:43,382,713,550,0
2026-08-06 23:25:44,379,713,544,0
2026-08-06 23:25:45,383,711,533,0
2026-08-06 23:25:46,381,709,551,0
2026-08-06 23:25:47,385,711,546,0
2026-08-06 23:25:48,385,712,550,0
2026-08-06 23:25:49,385,713,546,0
2026-08-06 23:25:50,384,710,540,0
2026-08-06 23:25:51,384,713,544,0
2026-08-06 23:25:52,382,710,544,0
2026-08-06 23:25:53,381,709,551,0
2026-08-06 23:25:54,382,711,544,0
2026-08-06 23:25:55,383,710,545,0
2026-08-06 23:25:56,383,713,551,0
2026-08-06 23:25:57,382,710,549,0
2026-08-06 23:25:58,383,711,546,0
2026-08-06 23:25:59,383,716,552,0
2026-08-06 23:26:00,382,711,539,0
2026-08-06 23:26:02,384,711,547,0
2026-08-06 23:26:02,382,712,536,0
2026-08-06 23:26:03,384,712,537,0
2026-08-06 23:26:04,383,713,553,0
2026-08-06 23:26:05,384,714,544,0
2026-08-06 23:26:06,383,715,542,0
2026-08-06 23:26:07,384,710,545,0
2026-08-06 23:26:08,381,710,544,0
2026-08-06 23:26:09,383,709,548,0
2026-08-06 23:26:10,385,708,548,0
2026-08-06 23:26:11,381,711,545,0
2026-08-06 23:26:12,382,714,533,0
2026-08-06 23:26:13,382,710,535,0
2026-08-06 23:26:14,380,712,557,0
2026-08-06 23:26:15,384,713,546,0
2026-08-06 23:26:16,386,710,538,0
2026-08-06 23:26:17,379,712,547,0
2026-08-06 23:26:18,384,709,550,0
2026-08-06 23:26:19,380,714,542,0
2026-08-06 23:26:20,382,710,546,0
2026-08-06 23:26:21,382,708,542,0
2026-08-06 23:26:22,381,713,548,0
2026-08-06 23:26:23,381,710,545,0
2026-08-06 23:26:24,381,709,547,0
2026-08-06 23:26:25,384,709,542,0
2026-08-06 23:26:26,381,716,555,0
2026-08-06 23:26:27,385,707,544,0
2026-08-06 23:26:28,384,709,545,0
2026-08-06 23:26:29,382,710,541,0
2026-08-06 23:26:30,379,712,542,0
2026-08-06 23:26:31,383,713,558,0
2026-08-06 23:26:32,384,713,541,0
2026-08-06 23:26:33,382,712,545,0
2026-08-06 23:26:34,383,712,543,0
2026-08-06 23:26:35,383,709,538,0
2026-08-06 23:26:36,382,711,552,0
2026-08-06 23:26:37,382,711,546,0
2026-08-06 23:26:38,380,709,554,0
2026-08-06 23:26:39,383,707,545,0
2026-08-06 23:26:40,379,706,546,0
2026-08-06 23:26:41,382,705,550,0
2026-08-06 23:26:42,383,710,557,0
2026-08-06 23:26:43,380,712,549,0
2026-08-06 23:26:44,382,714,541,0
2026-08-06 23:26:45,382,713,544,0
2026-08-06 23:26:46,381,710,552,0
2026-08-06 23:26:47,384,710,550,0
2026-08-06 23:26:48,383,712,558,0
2026-08-06 23:26:49,382,711,564,0
2026-08-06 23:26:50,384,714,542,0
2026-08-06 23:26:51,381,711,546,0
2026-08-06 23:26:52,382,709,544,0
2026-08-06 23:26:53,383,713,540,0
2026-08-06 23:26:54,383,707,552,0
2026-08-06 23:26:55,382,714,533,0
2026-08-06 23:26:56,383,711,541,0
2026-08-06 23:26:57,383,714,546,0
2026-08-06 23:26:58,381,713,543,0
2026-08-06 23:26:59,383,713,541,0
2026-08-06 23:27:00,383,711,544,0
2026-08-06 23:27:01,382,708,557,0
2026-08-06 23:27:02,386,710,544,0
2026-08-06 23:27:03,383,710,544,0
2026-08-06 23:27:04,384,707,548,0
2026-08-06 23:27:05,383,712,544,0
2026-08-06 23:27:06,382,713,545,0
2026-08-06 23:27:07,382,718,546,0
2026-08-06 23:27:08,383,710,549,0
2026-08-06 23:27:09,384,708,539,0
2026-08-06 23:27:10,383,710,538,0
2026-08-06 23:27:11,381,718,542,0
2026-08-06 23:27:12,383,708,542,0
2026-08-06 23:27:13,382,712,555,0
2026-08-06 23:27:14,382,711,541,0
2026-08-06 23:27:15,385,712,547,0
2026-08-06 23:27:16,381,712,547,0
2026-08-06 23:27:17,383,710,543,0
2026-08-06 23:27:18,381,709,547,0
2026-08-06 23:27:19,382,712,557,0
2026-08-06 23:27:20,381,710,543,0
2026-08-06 23:27:21,382,713,542,0
2026-08-06 23:27:22,380,713,548,0
2026-08-06 23:27:23,382,712,536,0
2026-08-06 23:27:24,380,709,539,0
2026-08-06 23:27:25,384,712,544,0
2026-08-06 23:27:26,384,712,546,0
2026-08-06 23:27:27,382,711,540,0
2026-08-06 23:27:28,383,716,550,0
2026-08-06 23:27:29,382,707,544,0
2026-08-06 23:27:30,381,712,534,0
2026-08-06 23:27:31,383,716,547,0
2026-08-06 23:27:32,384,710,540,0
2026-08-06 23:27:33,384,711,536,0
2026-08-06 23:27:34,383,713,548,0
2026-08-06 23:27:35,381,714,534,0
2026-08-06 23:27:36,378,714,551,0
2026-08-06 23:27:37,384,707,544,0
2026-08-06 23:27:38,380,711,553,0
2026-08-06 23:27:39,383,710,547,0
2026-08-06 23:27:40,381,711,542,0
2026-08-06 23:27:41,386,712,549,0
2026-08-06 23:27:42,383,711,544,0
2026-08-06 23:27:43,381,711,528,0
2026-08-06 23:27:44,383,713,542,0
2026-08-06 23:27:45,383,713,543,0
2026-08-06 23:27:46,382,709,534,0
2026-08-06 23:27:47,382,716,545,0
2026-08-06 23:27:48,384,712,548,0
2026-08-06 23:27:49,385,709,541,0
2026-08-06 23:27:50,384,710,538,0
2026-08-06 23:27:51,384,712,544,0
2026-08-06 23:27:52,383,710,549,0
2026-08-06 23:27:53,382,713,549,0
2026-08-06 23:27:54,382,707,546,0
2026-08-06 23:27:55,383,712,548,0
2026-08-06 23:27:56,385,715,549,0
2026-08-06 23:27:57,382,711,544,0
2026-08-06 23:27:58,381,711,543,0
2026-08-06 23:27:59,383,711,541,0
2026-08-06 23:28:00,383,707,536,0
2026-08-06 23:28:01,383,711,542,0
2026-08-06 23:28:02,382,710,540,0
2026-08-06 23:28:03,383,709,535,0
2026-08-06 23:28:04,382,709,537,0
2026-08-06 23:28:05,382,711,546,0
2026-08-06 23:28:06,382,717,548,0
2026-08-06 23:28:07,384,710,555,0
2026-08-06 23:28:08,383,709,558,0
2026-08-06 23:28:09,386,715,543,0
2026-08-06 23:28:10,381,714,561,0
2026-08-06 23:28:11,383,707,539,0
2026-08-06 23:28:12,384,706,548,0
2026-08-06 23:28:13,383,714,545,0
2026-08-06 23:28:14,377,707,547,0
2026-08-06 23:28:15,383,712,547,0
2026-08-06 23:28:16,380,718,544,0
2026-08-06 23:28:17,383,710,545,0
2026-08-06 23:28:18,384,716,544,0
2026-08-06 23:28:19,382,710,543,0
2026-08-06 23:28:20,381,712,556,0
2026-08-06 23:28:21,383,710,534,0
2026-08-06 23:28:22,382,712,547,0
2026-08-06 23:28:23,386,710,539,0
2026-08-06 23:28:24,382,710,549,0
2026-08-06 23:28:25,382,714,531,0
2026-08-06 23:28:26,382,714,548,0
2026-08-06 23:28:27,383,711,546,0
2026-08-06 23:28:28,383,712,542,0
2026-08-06 23:28:29,383,711,540,0
2026-08-06 23:28:30,384,712,551,0
2026-08-06 23:28:31,384,713,556,0
2026-08-06 23:28:32,383,713,544,0
2026-08-06 23:28:33,382,710,536,0
2026-08-06 23:28:34,383,708,532,0
2026-08-06 23:28:35,382,714,538,0
2026-08-06 23:28:36,382,713,537,0
2026-08-06 23:28:37,383,711,553,0
2026-08-06 23:28:38,382,710,546,0
2026-08-06 23:28:39,381,716,554,0
2026-08-06 23:28:40,382,712,538,0
2026-08-06 23:28:41,381,709,551,0
2026-08-06 23:28:42,383,710,536,0
2026-08-06 23:28:43,385,709,536,0
2026-08-06 23:28:44,383,714,543,0
2026-08-06 23:28:45,382,709,547,0
2026-08-06 23:28:46,381,707,544,0
2026-08-06 23:28:47,383,714,535,0
2026-08-06 23:28:48,383,712,547,0
2026-08-06 23:28:49,383,710,537,0
2026-08-06 23:28:50,381,707,542,0
2026-08-06 23:28:51,383,710,553,0
2026-08-06 23:28:52,381,708,547,0
2026-08-06 23:28:53,382,710,538,0
2026-08-06 23:28:54,386,710,550,0
2026-08-06 23:28:55,382,713,544,0
2026-08-06 23:28:56,383,710,545,0
2026-08-06 23:28:57,381,713,552,0
2026-08-06 23:28:58,383,717,540,0
2026-08-06 23:28:59,383,708,539,0
2026-08-06 23:29:00,380,713,545,0
2026-08-06 23:29:01,380,704,526,0
2026-08-06 23:29:02,381,712,553,0
2026-08-06 23:29:03,382,714,537,0
2026-08-06 23:29:04,380,715,547,0
2026-08-06 23:29:05,383,711,547,0
2026-08-06 23:29:06,381,710,548,0
2026-08-06 23:29:07,384,709,545,0
2026-08-06 23:29:08,379,718,546,0
2026-08-06 23:29:09,382,710,550,0
2026-08-06 23:29:10,383,709,555,0
2026-08-06 23:29:11,385,710,541,0
2026-08-06 23:29:12,380,707,544,0
2026-08-06 23:29:13,382,710,546,0
2026-08-06 23:29:14,383,714,530,0
2026-08-06 23:29:15,382,706,538,0
2026-08-06 23:29:16,383,706,537,0
2026-08-06 23:29:17,382,714,551,0
2026-08-06 23:29:18,385,708,536,0
2026-08-06 23:29:19,381,710,543,0
2026-08-06 23:29:20,383,711,547,0
2026-08-06 23:29:21,384,713,555,0
2026-08-06 23:29:22,382,710,550,0
2026-08-06 23:29:23,384,712,555,0
2026-08-06 23:29:24,383,714,538,0
2026-08-06 23:29:25,384,713,546,0
2026-08-06 23:29:26,383,714,544,0
2026-08-06 23:29:27,383,712,535,0
2026-08-06 23:29:28,383,712,548,0
2026-08-06 23:29:29,385,710,546,0
2026-08-06 23:29:30,384,714,539,0
2026-08-06 23:29:31,382,715,543,0
2026-08-06 23:29:32,382,711,547,0
2026-08-06 23:29:33,382,713,552,0
2026-08-06 23:29:34,382,713,545,0
2026-08-06 23:29:35,383,709,554,0
2026-08-06 23:29:36,382,709,548,0
2026-08-06 23:29:37,383,707,540,0
2026-08-06 23:29:38,383,711,544,0
2026-08-06 23:29:39,383,711,557,0
2026-08-06 23:29:40,383,711,543,0
2026-08-06 23:29:41,382,714,556,0
2026-08-06 23:29:42,382,709,543,0
2026-08-06 23:29:43,380,713,555,0
2026-08-06 23:29:44,383,714,554,0
2026-08-06 23:29:45,380,715,564,0
2026-08-06 23:29:46,384,710,547,0
2026-08-06 23:29:47,381,706,539,0
2026-08-06 23:29:48,380,705,558,0
2026-08-06 23:29:49,383,721,527,0
2026-08-06 23:29:50,383,712,541,0
2026-08-06 23:29:51,381,711,544,0
2026-08-06 23:29:52,383,710,541,0
2026-08-06 23:29:53,382,718,539,0
2026-08-06 23:29:54,381,717,534,0
2026-08-06 23:29:55,381,715,548,0
2026-08-06 23:29:56,381,711,546,0
2026-08-06 23:29:57,384,714,552,0
2026-08-06 23:29:58,383,715,542,0
2026-08-06 23:29:59,381,712,555,0
2026-08-06 23:30:00,384,712,542,0
2026-08-06 23:30:01,385,715,549,0
2026-08-06 23:30:02,385,711,554,0
2026-08-06 23:30:03,383,711,543,0
2026-08-06 23:30:04,383,714,543,0
2026-08-06 23:30:05,384,714,541,0
2026-08-06 23:30:06,385,715,545,0
2026-08-06 23:30:07,383,708,546,0
2026-08-06 23:30:08,384,712,551,0
2026-08-06 23:30:09,383,711,547,0
2026-08-06 23:30:10,383,710,552,0
2026-08-06 23:30:11,381,713,547,0
2026-08-06 23:30:12,382,714,543,0
2026-08-06 23:30:13,381,717,557,0
2026-08-06 23:30:14,382,713,556,0
2026-08-06 23:30:15,380,713,536,0
2026-08-06 23:30:16,385,711,554,0
2026-08-06 23:30:17,384,712,549,0
2026-08-06 23:30:18,380,711,546,0
2026-08-06 23:30:19,379,717,549,0
2026-08-06 23:30:20,385,709,539,0
2026-08-06 23:30:21,382,711,538,0
2026-08-06 23:30:22,380,711,543,0
2026-08-06 23:30:23,381,713,540,0
2026-08-06 23:30:24,381,708,548,0
2026-08-06 23:30:25,382,712,553,0
2026-08-06 23:30:26,380,709,539,0
2026-08-06 23:30:27,382,711,546,0
2026-08-06 23:30:28,382,712,542,0
2026-08-06 23:30:29,382,707,544,0
2026-08-06 23:30:30,386,712,547,0
2026-08-06 23:30:31,384,712,551,0
2026-08-06 23:30:32,383,710,550,0
2026-08-06 23:30:33,382,712,552,0
2026-08-06 23:30:34,381,711,539,0
2026-08-06 23:30:35,379,709,548,0
2026-08-06 23:30:36,381,711,539,0
2026-08-06 23:30:37,383,712,535,0
2026-08-06 23:30:38,384,712,550,0
2026-08-06 23:30:39,381,713,538,0
2026-08-06 23:30:40,381,710,553,0
2026-08-06 23:30:41,381,707,547,0
2026-08-06 23:30:42,380,709,535,0
2026-08-06 23:30:43,384,712,538,0
2026-08-06 23:30:44,384,707,548,0
2026-08-06 23:30:45,382,709,547,0
2026-08-06 23:30:46,381,707,542,0
2026-08-06 23:30:47,384,714,545,0
2026-08-06 23:30:48,382,714,539,0
2026-08-06 23:30:49,384,715,544,0
2026-08-06 23:30:50,384,712,550,0
2026-08-06 23:30:51,381,713,542,0
2026-08-06 23:30:52,384,708,560,0
2026-08-06 23:30:53,382,712,536,0
2026-08-06 23:30:54,381,714,544,0
2026-08-06 23:30:55,381,711,568,0
2026-08-06 23:30:56,382,713,541,0
2026-08-06 23:30:57,381,713,551,0
2026-08-06 23:30:58,382,706,548,0
2026-08-06 23:30:59,382,708,535,0
2026-08-06 23:31:00,385,712,549,0
2026-08-06 23:31:01,386,709,556,0
2026-08-06 23:31:02,382,709,554,0
2026-08-06 23:31:03,383,708,552,0
2026-08-06 23:31:04,379,707,545,0
2026-08-06 23:31:05,382,715,551,0
2026-08-06 23:31:06,383,713,538,0
2026-08-06 23:31:07,381,711,538,0
2026-08-06 23:31:08,382,715,537,0
2026-08-06 23:31:09,383,711,549,0
2026-08-06 23:31:10,383,710,539,0
2026-08-06 23:31:11,383,713,546,0
2026-08-06 23:31:12,382,710,540,0
2026-08-06 23:31:13,383,715,542,0
2026-08-06 23:31:14,380,711,542,0
2026-08-06 23:31:15,386,712,548,0
2026-08-06 23:31:16,384,710,546,0
2026-08-06 23:31:17,383,711,548,0
2026-08-06 23:31:18,381,713,556,0
2026-08-06 23:31:19,382,714,540,0
2026-08-06 23:31:20,382,708,550,0
2026-08-06 23:31:21,382,710,535,0
2026-08-06 23:31:22,383,712,550,0
2026-08-06 23:31:23,384,713,544,0
2026-08-06 23:31:24,380,714,544,0
2026-08-06 23:31:25,381,714,534,0
2026-08-06 23:31:26,382,708,541,0
2026-08-06 23:31:27,385,708,537,0
2026-08-06 23:31:28,382,716,547,0
2026-08-06 23:31:29,385,710,548,0
2026-08-06 23:31:30,382,710,547,0
2026-08-06 23:31:31,383,713,554,0
2026-08-06 23:31:32,384,710,546,0
2026-08-06 23:31:33,379,712,541,0
2026-08-06 23:31:34,383,715,543,0
2026-08-06 23:31:35,381,711,560,0
2026-08-06 23:31:36,383,710,537,0
2026-08-06 23:31:37,382,712,534,0
2026-08-06 23:31:38,382,709,559,0
2026-08-06 23:31:39,383,711,555,0
2026-08-06 23:31:40,380,709,544,0
2026-08-06 23:31:41,382,712,540,0
2026-08-06 23:31:42,383,711,535,0
2026-08-06 23:31:43,382,713,544,0
2026-08-06 23:31:44,384,712,550,0
2026-08-06 23:31:45,384,708,549,0
2026-08-06 23:31:46,384,708,558,0
2026-08-06 23:31:47,384,709,542,0
2026-08-06 23:31:48,380,712,551,0
2026-08-06 23:31:49,382,714,546,0
2026-08-06 23:31:50,383,709,533,0
2026-08-06 23:31:51,383,711,555,0
2026-08-06 23:31:52,383,713,560,0
2026-08-06 23:31:53,383,714,541,0
2026-08-06 23:31:54,383,711,539,0
2026-08-06 23:31:55,379,710,541,0
2026-08-06 23:31:56,382,712,537,0
2026-08-06 23:31:57,383,715,546,0
2026-08-06 23:31:58,380,705,545,0
2026-08-06 23:31:59,382,719,537,0
2026-08-06 23:32:00,381,709,540,0
2026-08-06 23:32:01,382,712,539,0
2026-08-06 23:32:02,385,711,545,0
2026-08-06 23:32:03,383,708,542,0
2026-08-06 23:32:04,384,714,544,0
2026-08-06 23:32:05,381,707,544,0
2026-08-06 23:32:06,384,716,548,0
2026-08-06 23:32:07,380,709,543,0
2026-08-06 23:32:08,383,711,548,0
2026-08-06 23:32:09,381,711,545,0
2026-08-06 23:32:10,381,711,545,0
2026-08-06 23:32:11,383,715,545,0
2026-08-06 23:32:12,383,710,542,0
2026-08-06 23:32:13,384,715,555,0
2026-08-06 23:32:14,381,713,549,0
2026-08-06 23:32:15,383,713,550,0
2026-08-06 23:32:16,382,712,548,0
2026-08-06 23:32:17,383,713,544,0
2026-08-06 23:32:18,381,715,537,0
2026-08-06 23:32:19,381,711,543,0
2026-08-06 23:32:20,381,715,540,0
2026-08-06 23:32:21,381,710,534,0
2026-08-06 23:32:22,382,714,548,0
2026-08-06 23:32:23,383,708,539,0
2026-08-06 23:32:24,383,711,538,0
2026-08-06 23:32:25,384,707,549,0
2026-08-06 23:32:26,382,711,544,0
2026-08-06 23:32:27,382,714,535,0
2026-08-06 23:32:28,384,710,551,0
2026-08-06 23:32:29,384,712,539,0
2026-08-06 23:32:30,383,708,550,0
2026-08-06 23:32:31,381,711,551,0
2026-08-06 23:32:32,383,711,542,0
2026-08-06 23:32:33,384,713,556,0
2026-08-06 23:32:34,383,709,546,0
2026-08-06 23:32:35,381,719,538,0
2026-08-06 23:32:36,381,710,543,0
2026-08-06 23:32:37,381,715,542,0
2026-08-06 23:32:38,380,712,547,0
2026-08-06 23:32:39,380,713,547,0
2026-08-06 23:32:40,382,710,535,0
2026-08-06 23:32:41,382,713,542,0
2026-08-06 23:32:42,382,710,552,0
2026-08-06 23:32:43,382,708,543,0
2026-08-06 23:32:44,381,709,537,0
2026-08-06 23:32:45,380,713,547,0
2026-08-06 23:32:46,384,710,552,0
2026-08-06 23:32:47,381,715,544,0
2026-08-06 23:32:48,383,707,548,0
2026-08-06 23:32:49,380,708,545,0
2026-08-06 23:32:50,384,708,548,0
2026-08-06 23:32:51,385,716,547,0
2026-08-06 23:32:52,381,712,554,0
2026-08-06 23:32:53,387,715,543,0
2026-08-06 23:32:54,383,709,548,0
2026-08-06 23:32:55,386,708,557,0
2026-08-06 23:32:56,382,709,544,0
2026-08-06 23:32:57,384,712,561,0
2026-08-06 23:32:58,383,711,549,0
2026-08-06 23:32:59,382,711,550,0
2026-08-06 23:33:00,383,713,559,0
2026-08-06 23:33:01,383,710,545,0
2026-08-06 23:33:02,384,711,539,0
2026-08-06 23:33:03,382,711,542,0
2026-08-06 23:33:04,384,711,547,0
2026-08-06 23:33:05,384,714,545,0
2026-08-06 23:33:06,383,712,547,0
2026-08-06 23:33:07,384,710,561,0
2026-08-06 23:33:08,382,710,543,0
2026-08-06 23:33:09,382,714,544,0
2026-08-06 23:33:10,383,714,537,0
2026-08-06 23:33:11,383,711,548,0
2026-08-06 23:33:12,381,718,540,0
2026-08-06 23:33:13,380,714,542,0
2026-08-06 23:33:14,381,713,546,0
2026-08-06 23:33:15,384,712,552,0
2026-08-06 23:33:16,382,714,547,0
2026-08-06 23:33:17,383,714,532,0
2026-08-06 23:33:18,381,710,549,0
2026-08-06 23:33:19,382,711,549,0
2026-08-06 23:33:20,382,712,556,0
2026-08-06 23:33:21,382,713,546,0
2026-08-06 23:33:22,384,711,551,0
2026-08-06 23:33:23,383,710,552,0
2026-08-06 23:33:24,383,710,531,0
2026-08-06 23:33:25,381,713,547,0
2026-08-06 23:33:26,383,712,545,0
2026-08-06 23:33:27,379,710,554,0
2026-08-06 23:33:28,382,715,553,0
2026-08-06 23:33:29,384,713,540,0
2026-08-06 23:33:30,382,711,539,0
2026-08-06 23:33:31,384,712,546,0
2026-08-06 23:33:32,383,709,539,0
2026-08-06 23:33:33,382,712,535,0
2026-08-06 23:33:34,384,712,547,0
2026-08-06 23:33:35,384,711,541,0
2026-08-06 23:33:36,383,716,547,0
2026-08-06 23:33:37,383,714,539,0
2026-08-06 23:33:38,382,714,546,0
2026-08-06 23:33:39,382,710,547,0
2026-08-06 23:33:40,384,709,548,0
2026-08-06 23:33:41,385,711,541,0
2026-08-06 23:33:42,381,712,545,0
2026-08-06 23:33:43,383,710,541,0
2026-08-06 23:33:44,384,712,542,0
2026-08-06 23:33:45,381,711,550,0
2026-08-06 23:33:46,381,709,554,0
2026-08-06 23:33:47,381,717,541,0
2026-08-06 23:33:48,382,713,527,0
2026-08-06 23:33:49,380,710,536,0
2026-08-06 23:33:50,384,713,546,0
2026-08-06 23:33:51,385,708,547,0
2026-08-06 23:33:52,381,716,543,0
2026-08-06 23:33:53,382,716,548,0
2026-08-06 23:33:54,381,706,540,0
2026-08-06 23:33:55,382,713,545,0
2026-08-06 23:33:56,385,711,547,0
2026-08-06 23:33:57,383,717,535,0
2026-08-06 23:33:58,383,710,533,0
2026-08-06 23:33:59,384,714,545,0
2026-08-06 23:34:00,383,711,551,0
2026-08-06 23:34:01,385,712,542,0
2026-08-06 23:34:02,380,707,555,0
2026-08-06 23:34:03,383,713,531,0
2026-08-06 23:34:04,382,707,542,0
2026-08-06 23:34:05,382,716,540,0
2026-08-06 23:34:06,381,715,551,0
2026-08-06 23:34:07,383,712,543,0
2026-08-06 23:34:08,383,710,541,0
2026-08-06 23:34:09,383,711,536,0
2026-08-06 23:34:11,379,710,544,0
2026-08-06 23:34:11,382,713,546,0
2026-08-06 23:34:12,384,715,541,0
2026-08-06 23:34:13,382,715,550,0
2026-08-06 23:34:14,382,714,551,0
2026-08-06 23:34:15,382,712,533,0
2026-08-06 23:34:16,381,711,550,0
2026-08-06 23:34:17,384,712,547,0
2026-08-06 23:34:18,384,714,542,0
2026-08-06 23:34:19,383,710,547,0
2026-08-06 23:34:20,383,716,549,0
2026-08-06 23:34:21,381,716,549,0
2026-08-06 23:34:22,383,715,550,0
2026-08-06 23:34:23,382,710,550,0
2026-08-06 23:34:24,381,710,548,0
2026-08-06 23:34:25,382,710,543,0
2026-08-06 23:34:26,385,716,538,0
2026-08-06 23:34:27,383,711,551,0
2026-08-06 23:34:28,383,716,540,0
2026-08-06 23:34:29,382,710,542,0
2026-08-06 23:34:30,384,711,544,0
2026-08-06 23:34:31,382,709,540,0
2026-08-06 23:34:32,380,710,550,0
2026-08-06 23:34:33,382,705,554,0
2026-08-06 23:34:34,381,711,543,0
2026-08-06 23:34:35,383,714,557,0
2026-08-06 23:34:36,380,713,544,0
2026-08-06 23:34:37,382,713,547,0
2026-08-06 23:34:38,383,712,552,0
2026-08-06 23:34:39,381,711,553,0
2026-08-06 23:34:40,381,712,551,0
2026-08-06 23:34:41,381,715,540,0
2026-08-06 23:34:42,381,715,551,0
2026-08-06 23:34:43,380,710,541,0
2026-08-06 23:34:44,383,707,545,0
2026-08-06 23:34:45,383,710,546,0
2026-08-06 23:34:46,380,712,556,0
2026-08-06 23:34:47,380,709,541,0
2026-08-06 23:34:48,383,715,541,0
2026-08-06 23:34:49,383,710,544,0
2026-08-06 23:34:50,381,710,556,0
2026-08-06 23:34:51,381,714,531,0
2026-08-06 23:34:52,381,714,533,0
2026-08-06 23:34:53,384,715,551,0
2026-08-06 23:34:54,383,710,552,0
2026-08-06 23:34:55,381,715,545,0
2026-08-06 23:34:56,382,716,545,0
2026-08-06 23:34:57,384,715,522,0
2026-08-06 23:34:58,383,713,532,0
2026-08-06 23:34:59,382,711,550,0
2026-08-06 23:35:00,381,712,549,0
2026-08-06 23:35:01,385,714,537,0
2026-08-06 23:35:02,381,711,543,0
2026-08-06 23:35:03,385,714,546,0
2026-08-06 23:35:04,382,714,540,0
2026-08-06 23:35:05,381,714,542,0
2026-08-06 23:35:06,383,708,546,0
2026-08-06 23:35:07,383,710,549,0
2026-08-06 23:35:08,383,712,540,0
2026-08-06 23:35:09,385,711,548,0
2026-08-06 23:35:10,381,715,535,0
2026-08-06 23:35:11,380,709,545,0
2026-08-06 23:35:12,381,714,553,0
2026-08-06 23:35:13,381,709,535,0
2026-08-06 23:35:14,381,713,537,0
2026-08-06 23:35:15,382,713,545,0
2026-08-06 23:35:16,378,712,548,0
2026-08-06 23:35:17,381,716,545,0
2026-08-06 23:35:18,382,712,546,0
2026-08-06 23:35:19,384,713,546,0
2026-08-06 23:35:20,382,713,547,0
2026-08-06 23:35:21,383,713,552,0
2026-08-06 23:35:22,384,713,550,0
2026-08-06 23:35:23,384,719,537,0
2026-08-06 23:35:24,383,714,540,0
2026-08-06 23:35:25,382,713,545,0
2026-08-06 23:35:26,380,711,540,0
2026-08-06 23:35:27,380,711,546,0
2026-08-06 23:35:28,384,714,549,0
2026-08-06 23:35:29,384,713,544,0
2026-08-06 23:35:30,380,709,547,0
2026-08-06 23:35:31,380,713,542,0
2026-08-06 23:35:32,381,714,540,0
2026-08-06 23:35:33,381,713,557,0
2026-08-06 23:35:34,382,709,554,0
2026-08-06 23:35:35,382,708,540,0
2026-08-06 23:35:36,382,717,543,0
2026-08-06 23:35:37,383,714,549,0
2026-08-06 23:35:38,382,710,552,0
2026-08-06 23:35:39,385,712,534,0
2026-08-06 23:35:40,384,713,539,0
2026-08-06 23:35:41,380,711,551,0
2026-08-06 23:35:42,379,713,545,0
2026-08-06 23:35:43,385,716,545,0
2026-08-06 23:35:44,381,711,557,0
2026-08-06 23:35:45,382,708,561,0
2026-08-06 23:35:46,381,710,536,0
2026-08-06 23:35:47,384,711,547,0
2026-08-06 23:35:48,382,708,552,0
2026-08-06 23:35:49,382,712,554,0
2026-08-06 23:35:50,380,714,540,0
2026-08-06 23:35:51,385,714,556,0
2026-08-06 23:35:52,383,710,556,0
2026-08-06 23:35:53,381,713,544,0
2026-08-06 23:35:54,384,713,540,0
2026-08-06 23:35:55,383,715,553,0
2026-08-06 23:35:56,383,710,547,0
2026-08-06 23:35:57,383,713,537,0
2026-08-06 23:35:58,380,713,547,0
2026-08-06 23:35:59,381,709,555,0
2026-08-06 23:36:00,381,715,543,0
2026-08-06 23:36:01,381,712,530,0
2026-08-06 23:36:02,384,713,540,0
2026-08-06 23:36:03,380,710,538,0
2026-08-06 23:36:04,382,710,556,0
2026-08-06 23:36:05,385,715,549,0
2026-08-06 23:36:06,382,710,548,0
2026-08-06 23:36:07,379,710,549,0
2026-08-06 23:36:08,384,708,548,0
2026-08-06 23:36:09,382,709,549,0
2026-08-06 23:36:10,383,710,547,0
2026-08-06 23:36:11,381,706,540,0
2026-08-06 23:36:12,383,715,545,0
2026-08-06 23:36:13,383,714,551,0
2026-08-06 23:36:14,382,711,535,0
2026-08-06 23:36:15,381,710,544,0
2026-08-06 23:36:16,384,713,549,0
2026-08-06 23:36:17,383,712,533,0
2026-08-06 23:36:18,382,713,542,0
2026-08-06 23:36:19,382,711,557,0
2026-08-06 23:36:20,381,718,545,0
2026-08-06 23:36:21,381,712,553,0
2026-08-06 23:36:22,381,712,536,0
2026-08-06 23:36:23,384,713,536,0
2026-08-06 23:36:24,382,712,549,0
2026-08-06 23:36:25,383,712,555,0
2026-08-06 23:36:26,382,714,550,0
2026-08-06 23:36:27,380,716,540,0
2026-08-06 23:36:28,379,711,547,0
2026-08-06 23:36:29,383,710,540,0
2026-08-06 23:36:30,380,707,546,0
2026-08-06 23:36:31,381,714,532,0
2026-08-06 23:36:32,384,708,548,0
2026-08-06 23:36:33,379,711,536,0
2026-08-06 23:36:34,383,715,540,0
2026-08-06 23:36:35,380,709,537,0
2026-08-06 23:36:36,381,717,536,0
2026-08-06 23:36:37,383,716,542,0
2026-08-06 23:36:38,383,715,548,0
2026-08-06 23:36:39,383,713,547,0
2026-08-06 23:36:40,383,713,538,0
2026-08-06 23:36:41,385,711,545,0
2026-08-06 23:36:42,383,713,542,0
2026-08-06 23:36:43,381,714,534,0
2026-08-06 23:36:44,382,715,541,0
2026-08-06 23:36:45,381,719,537,0
2026-08-06 23:36:46,382,714,549,0
2026-08-06 23:36:47,380,714,540,0
2026-08-06 23:36:49,383,708,533,0
2026-08-06 23:36:49,384,715,548,0
2026-08-06 23:36:50,384,718,549,0
2026-08-06 23:36:51,382,715,542,0
2026-08-06 23:36:52,383,715,550,0
2026-08-06 23:36:53,382,713,536,0
2026-08-06 23:36:54,382,720,544,0
2026-08-06 23:36:55,382,713,541,0
2026-08-06 23:36:56,380,712,543,0
2026-08-06 23:36:57,382,713,538,0
2026-08-06 23:36:58,383,710,542,0
2026-08-06 23:36:59,383,711,546,0
2026-08-06 23:37:00,381,716,534,0
2026-08-06 23:37:01,382,713,554,0
2026-08-06 23:37:02,381,715,550,0
2026-08-06 23:37:03,382,714,544,0
2026-08-06 23:37:04,380,714,549,0
2026-08-06 23:37:05,381,713,553,0
2026-08-06 23:37:06,383,712,545,0
2026-08-06 23:37:07,382,714,554,0
2026-08-06 23:37:08,383,717,540,0
2026-08-06 23:37:09,383,713,552,0
2026-08-06 23:37:10,384,714,534,0
2026-08-06 23:37:11,383,716,539,0
2026-08-06 23:37:12,383,709,534,0
2026-08-06 23:37:13,383,713,543,0
2026-08-06 23:37:14,383,713,552,0
2026-08-06 23:37:16,382,712,545,0
2026-08-06 23:37:16,381,714,546,0
2026-08-06 23:37:17,381,708,557,0
2026-08-06 23:37:18,381,710,545,0
2026-08-06 23:37:19,382,714,549,0
2026-08-06 23:37:20,379,717,541,0
2026-08-06 23:37:21,381,716,534,0
2026-08-06 23:37:22,381,716,557,0
2026-08-06 23:37:23,383,715,544,0
2026-08-06 23:37:24,385,714,541,0
2026-08-06 23:37:25,383,716,548,0
2026-08-06 23:37:26,382,713,556,0
2026-08-06 23:37:27,382,712,553,0
2026-08-06 23:37:28,382,715,544,0
2026-08-06 23:37:29,380,717,556,0
2026-08-06 23:37:30,383,711,555,0
2026-08-06 23:37:31,384,712,544,0
2026-08-06 23:37:32,381,716,542,0
2026-08-06 23:37:33,381,715,549,0
2026-08-06 23:37:34,383,715,543,0
2026-08-06 23:37:35,382,714,544,0
2026-08-06 23:37:36,382,711,539,0
2026-08-06 23:37:37,383,717,550,0
2026-08-06 23:37:38,384,716,546,0
2026-08-06 23:37:39,383,716,539,0
2026-08-06 23:37:40,378,718,538,0
2026-08-06 23:37:41,381,715,543,0
2026-08-06 23:37:42,383,717,548,0
2026-08-06 23:37:43,384,710,548,0
2026-08-06 23:37:44,383,714,545,0
2026-08-06 23:37:45,381,717,543,0
2026-08-06 23:37:46,384,715,541,0
2026-08-06 23:37:47,384,715,549,0
2026-08-06 23:37:48,383,711,544,0
2026-08-06 23:37:49,384,717,547,0
2026-08-06 23:37:50,383,716,549,0
2026-08-06 23:37:51,382,719,544,0
2026-08-06 23:37:52,381,717,542,0
2026-08-06 23:37:53,383,715,561,0
2026-08-06 23:37:54,384,712,549,0
2026-08-06 23:37:55,384,711,548,0
2026-08-06 23:37:56,381,714,545,0
2026-08-06 23:37:57,384,715,534,0
2026-08-06 23:37:58,379,713,545,0
2026-08-06 23:37:59,383,710,539,0
2026-08-06 23:38:00,379,714,537,0
2026-08-06 23:38:01,381,716,544,0
2026-08-06 23:38:02,383,711,548,0
2026-08-06 23:38:03,383,714,548,0
2026-08-06 23:38:04,381,713,541,0
2026-08-06 23:38:05,380,714,551,0
2026-08-06 23:38:06,383,715,535,0
2026-08-06 23:38:07,383,710,541,0
2026-08-06 23:38:08,383,715,543,0
2026-08-06 23:38:09,382,710,552,0
2026-08-06 23:38:10,380,712,550,0
2026-08-06 23:38:11,382,716,550,0
2026-08-06 23:38:12,382,712,536,0
2026-08-06 23:38:13,383,713,536,0
2026-08-06 23:38:14,383,713,535,0
2026-08-06 23:38:15,381,716,548,0
2026-08-06 23:38:16,383,717,545,0
2026-08-06 23:38:17,385,713,550,0
2026-08-06 23:38:18,383,712,541,0
2026-08-06 23:38:19,381,715,553,0
2026-08-06 23:38:20,383,713,549,0
2026-08-06 23:38:21,380,716,553,0
2026-08-06 23:38:22,381,712,555,0
2026-08-06 23:38:23,384,717,546,0
2026-08-06 23:38:24,382,716,546,0
2026-08-06 23:38:25,383,712,540,0
2026-08-06 23:38:26,384,713,544,0
2026-08-06 23:38:27,381,712,544,0
2026-08-06 23:38:28,380,713,544,0
2026-08-06 23:38:29,382,716,539,0
2026-08-06 23:38:30,383,713,559,0
2026-08-06 23:38:31,383,715,549,0
2026-08-06 23:38:32,381,713,542,0
2026-08-06 23:38:33,381,712,547,0
2026-08-06 23:38:35,381,711,540,0
2026-08-06 23:38:35,381,716,534,0
2026-08-06 23:38:36,382,710,542,0
2026-08-06 23:38:37,381,715,556,0
2026-08-06 23:38:38,379,720,548,0
2026-08-06 23:38:39,380,711,555,0
2026-08-06 23:38:40,382,718,550,0
2026-08-06 23:38:41,384,711,544,0
2026-08-06 23:38:42,382,715,535,0
2026-08-06 23:38:43,382,713,543,0
2026-08-06 23:38:44,383,715,550,0
2026-08-06 23:38:45,381,718,539,0
2026-08-06 23:38:46,383,719,533,0
2026-08-06 23:38:47,380,711,552,0
2026-08-06 23:38:48,383,711,548,0
2026-08-06 23:38:49,383,713,543,0
2026-08-06 23:38:50,384,718,554,0
2026-08-06 23:38:51,385,714,550,0
2026-08-06 23:38:52,383,711,541,0
2026-08-06 23:38:53,384,714,533,0
2026-08-06 23:38:54,382,717,548,0
2026-08-06 23:38:55,382,710,542,0
2026-08-06 23:38:56,382,719,538,0
2026-08-06 23:38:57,381,716,548,0
2026-08-06 23:38:58,382,717,540,0
2026-08-06 23:38:59,380,718,552,0
2026-08-06 23:39:00,380,714,549,0
2026-08-06 23:39:01,384,713,546,0
2026-08-06 23:39:02,381,713,541,0
2026-08-06 23:39:03,383,712,535,0
2026-08-06 23:39:04,380,715,546,0
2026-08-06 23:39:05,384,717,541,0
2026-08-06 23:39:06,384,712,533,0
2026-08-06 23:39:07,380,712,536,0
2026-08-06 23:39:08,378,713,543,0
2026-08-06 23:39:09,380,715,546,0
2026-08-06 23:39:10,380,713,539,0
2026-08-06 23:39:11,383,715,545,0
2026-08-06 23:39:12,382,712,551,0
2026-08-06 23:39:13,382,710,560,0
2026-08-06 23:39:14,381,716,554,0
2026-08-06 23:39:15,382,719,551,0
2026-08-06 23:39:16,379,717,537,0
2026-08-06 23:39:17,381,713,541,0
2026-08-06 23:39:18,381,714,552,0
2026-08-06 23:39:19,381,712,533,0
2026-08-06 23:39:20,382,715,550,0
2026-08-06 23:39:21,385,715,541,0
2026-08-06 23:39:22,383,717,548,0
2026-08-06 23:39:23,381,713,547,0
2026-08-06 23:39:24,383,712,547,0
2026-08-06 23:39:25,381,714,552,0
2026-08-06 23:39:26,383,716,539,0
2026-08-06 23:39:27,378,715,557,0
2026-08-06 23:39:28,383,714,539,0
2026-08-06 23:39:29,383,716,549,0
2026-08-06 23:39:30,385,712,536,0
2026-08-06 23:39:31,381,716,536,0
2026-08-06 23:39:32,380,716,550,0
2026-08-06 23:39:33,382,717,545,0
2026-08-06 23:39:34,382,713,536,0
2026-08-06 23:39:35,382,716,546,0
2026-08-06 23:39:36,384,715,542,0
2026-08-06 23:39:37,381,718,537,0
2026-08-06 23:39:38,384,717,547,0
2026-08-06 23:39:39,382,717,552,0
2026-08-06 23:39:40,385,717,537,0
2026-08-06 23:39:41,383,716,544,0
2026-08-06 23:39:42,383,716,545,0
2026-08-06 23:39:43,383,716,542,0
2026-08-06 23:39:44,382,716,552,0
2026-08-06 23:39:45,383,718,543,0
2026-08-06 23:39:46,380,714,547,0
2026-08-06 23:39:47,384,718,544,0
2026-08-06 23:39:48,381,717,544,0
2026-08-06 23:39:49,380,716,545,0
2026-08-06 23:39:50,384,715,540,0
2026-08-06 23:39:51,382,713,555,0
2026-08-06 23:39:52,379,715,543,0
2026-08-06 23:39:53,384,713,534,0
2026-08-06 23:39:54,380,715,548,0
2026-08-06 23:39:55,383,715,548,0
2026-08-06 23:39:56,383,717,541,0
2026-08-06 23:39:57,382,720,543,0
2026-08-06 23:39:58,383,717,539,0
2026-08-06 23:39:59,381,710,542,0
2026-08-06 23:40:00,385,717,542,0
2026-08-06 23:40:01,381,719,543,0
2026-08-06 23:40:02,384,715,548,0
2026-08-06 23:40:03,378,717,550,0
2026-08-06 23:40:04,382,720,534,0
2026-08-06 23:40:05,381,719,559,0
2026-08-06 23:40:06,383,717,540,0
2026-08-06 23:40:07,382,720,548,0
2026-08-06 23:40:08,381,718,548,0
2026-08-06 23:40:09,382,716,539,0
2026-08-06 23:40:10,384,718,549,0
2026-08-06 23:40:11,383,716,543,0
2026-08-06 23:40:12,382,717,550,0
2026-08-06 23:40:13,381,720,546,0
2026-08-06 23:40:14,384,717,549,0
2026-08-06 23:40:15,382,717,554,0
2026-08-06 23:40:16,383,719,555,0
2026-08-06 23:40:17,384,720,545,0
2026-08-06 23:40:18,379,716,536,0
2026-08-06 23:40:19,384,714,543,0
2026-08-06 23:40:20,383,715,541,0
2026-08-06 23:40:21,384,717,543,0
2026-08-06 23:40:22,385,710,544,0
2026-08-06 23:40:23,380,714,554,0
2026-08-06 23:40:24,386,716,540,0
2026-08-06 23:40:25,384,712,555,0
2026-08-06 23:40:26,381,714,538,0
2026-08-06 23:40:27,382,716,531,0
2026-08-06 23:40:28,384,714,526,0
2026-08-06 23:40:29,380,717,549,0
2026-08-06 23:40:30,381,717,547,0
2026-08-06 23:40:31,381,714,553,0
2026-08-06 23:40:32,381,714,550,0
2026-08-06 23:40:33,382,716,556,0
2026-08-06 23:40:34,385,716,548,0
2026-08-06 23:40:35,382,724,553,0
2026-08-06 23:40:36,381,715,544,0
2026-08-06 23:40:37,382,717,549,0
2026-08-06 23:40:38,387,719,541,0
2026-08-06 23:40:39,381,712,541,0
2026-08-06 23:40:40,381,712,555,0
2026-08-06 23:40:41,383,718,549,0
2026-08-06 23:40:42,381,713,555,0
2026-08-06 23:40:43,384,713,539,0
2026-08-06 23:40:44,382,718,541,0
2026-08-06 23:40:45,382,716,547,0
2026-08-06 23:40:46,381,714,535,0
2026-08-06 23:40:47,384,717,544,0
2026-08-06 23:40:48,381,714,536,0
2026-08-06 23:40:49,382,714,548,0
2026-08-06 23:40:50,381,714,538,0
2026-08-06 23:40:51,380,712,551,0
2026-08-06 23:40:52,384,713,540,0
2026-08-06 23:40:53,384,717,553,0
2026-08-06 23:40:54,383,714,549,0
2026-08-06 23:40:55,381,717,534,0
2026-08-06 23:40:56,381,714,539,0
2026-08-06 23:40:57,381,719,544,0
2026-08-06 23:40:58,381,714,544,0
2026-08-06 23:40:59,384,715,547,0
2026-08-06 23:41:00,377,713,558,0
2026-08-06 23:41:01,383,716,528,0
2026-08-06 23:41:02,385,714,549,0
2026-08-06 23:41:03,381,713,550,0
2026-08-06 23:41:04,382,710,553,0
2026-08-06 23:41:05,383,717,547,0
2026-08-06 23:41:06,383,715,550,0
2026-08-06 23:41:07,386,715,532,0
2026-08-06 23:41:08,382,717,545,0
2026-08-06 23:41:09,383,714,553,0
2026-08-06 23:41:10,378,715,554,0
2026-08-06 23:41:11,379,714,551,0
2026-08-06 23:41:12,381,713,552,0
2026-08-06 23:41:13,385,715,531,0
2026-08-06 23:41:14,384,714,548,0
2026-08-06 23:41:15,381,712,544,0
2026-08-06 23:41:16,381,719,543,0
2026-08-06 23:41:17,382,718,546,0
2026-08-06 23:41:18,382,716,542,0
2026-08-06 23:41:19,384,714,554,0
2026-08-06 23:41:20,379,718,549,0
2026-08-06 23:41:21,384,711,544,0
2026-08-06 23:41:22,379,716,547,0
2026-08-06 23:41:23,381,714,542,0
2026-08-06 23:41:24,381,715,550,0
2026-08-06 23:41:25,380,723,545,0
2026-08-06 23:41:26,379,713,546,0
2026-08-06 23:41:27,380,714,549,0
2026-08-06 23:41:28,381,719,546,0
2026-08-06 23:41:29,382,716,543,0
2026-08-06 23:41:30,381,720,542,0
2026-08-06 23:41:31,381,722,544,0
2026-08-06 23:41:32,383,719,540,0
2026-08-06 23:41:33,382,719,538,0
2026-08-06 23:41:34,383,714,547,0
2026-08-06 23:41:35,381,719,551,0
2026-08-06 23:41:36,382,716,531,0
2026-08-06 23:41:37,382,718,551,0
2026-08-06 23:41:38,383,719,551,0
2026-08-06 23:41:39,383,713,548,0
2026-08-06 23:41:40,380,717,548,0
2026-08-06 23:41:41,383,719,533,0
2026-08-06 23:41:42,382,719,542,0
2026-08-06 23:41:43,383,721,539,0
2026-08-06 23:41:44,381,720,537,0
2026-08-06 23:41:45,381,718,558,0
2026-08-06 23:41:46,383,719,561,0
2026-08-06 23:41:47,382,720,537,0
2026-08-06 23:41:48,380,719,548,0
2026-08-06 23:41:49,379,716,556,0
2026-08-06 23:41:50,380,719,535,0
2026-08-06 23:41:51,382,713,541,0
2026-08-06 23:41:52,381,717,556,0
2026-08-06 23:41:53,383,717,546,0
2026-08-06 23:41:54,384,717,540,0
2026-08-06 23:41:55,381,713,545,0
2026-08-06 23:41:56,383,720,553,0
2026-08-06 23:41:57,380,720,538,0
2026-08-06 23:41:58,381,719,549,0
2026-08-06 23:41:59,380,716,559,0
2026-08-06 23:42:00,383,721,540,0
2026-08-06 23:42:01,383,719,532,0
2026-08-06 23:42:02,382,719,547,0
2026-08-06 23:42:03,378,721,545,0
2026-08-06 23:42:04,379,715,547,0
2026-08-06 23:42:05,381,721,546,0
2026-08-06 23:42:06,382,715,548,0
2026-08-06 23:42:07,380,714,559,0
2026-08-06 23:42:08,382,717,551,0
2026-08-06 23:42:09,385,716,544,0
2026-08-06 23:42:10,381,716,546,0
2026-08-06 23:42:11,381,718,539,0
2026-08-06 23:42:12,383,716,539,0
2026-08-06 23:42:13,382,717,548,0
2026-08-06 23:42:14,378,717,544,0
2026-08-06 23:42:15,382,716,551,0
2026-08-06 23:42:16,382,719,540,0
2026-08-06 23:42:17,383,716,541,0
2026-08-06 23:42:18,383,719,540,0
2026-08-06 23:42:19,382,717,554,0
2026-08-06 23:42:20,382,718,544,0
2026-08-06 23:42:21,381,717,543,0
2026-08-06 23:42:22,380,716,545,0
2026-08-06 23:42:23,382,716,554,0
2026-08-06 23:42:24,381,716,542,0
2026-08-06 23:42:25,379,719,537,0
2026-08-06 23:42:26,382,723,549,0
2026-08-06 23:42:27,382,716,547,0
2026-08-06 23:42:28,382,717,543,0
2026-08-06 23:42:29,380,718,545,0
2026-08-06 23:42:30,380,722,545,0
2026-08-06 23:42:31,384,719,539,0
2026-08-06 23:42:32,384,716,537,0
2026-08-06 23:42:33,382,717,545,0
2026-08-06 23:42:34,381,717,562,0
2026-08-06 23:42:35,380,719,550,0
2026-08-06 23:42:36,384,718,542,0
2026-08-06 23:42:37,383,717,537,0
2026-08-06 23:42:38,382,721,543,0
2026-08-06 23:42:39,382,715,542,0
2026-08-06 23:42:40,381,720,552,0
2026-08-06 23:42:41,378,717,550,0
2026-08-06 23:42:42,379,720,542,0
2026-08-06 23:42:43,378,720,543,0
2026-08-06 23:42:44,381,718,544,0
2026-08-06 23:42:45,379,721,547,0
2026-08-06 23:42:46,380,726,543,0
2026-08-06 23:42:47,382,715,558,0
2026-08-06 23:42:48,381,720,555,0
2026-08-06 23:42:49,382,724,551,0
2026-08-06 23:42:50,383,723,548,0
2026-08-06 23:42:51,384,718,549,0
2026-08-06 23:42:52,382,718,538,0
2026-08-06 23:42:53,383,718,548,0
2026-08-06 23:42:54,380,718,535,0
2026-08-06 23:42:55,382,714,534,0
2026-08-06 23:42:56,381,717,544,0
2026-08-06 23:42:57,384,720,549,0
2026-08-06 23:42:58,382,722,550,0
2026-08-06 23:42:59,384,716,541,0
2026-08-06 23:43:00,381,718,546,0
2026-08-06 23:43:01,382,720,538,0
2026-08-06 23:43:02,382,722,556,0
2026-08-06 23:43:03,383,716,550,0
2026-08-06 23:43:04,382,716,540,0
2026-08-06 23:43:05,380,724,536,0
2026-08-06 23:43:06,382,719,557,0
2026-08-06 23:43:07,383,719,543,0
2026-08-06 23:43:08,380,718,543,0
2026-08-06 23:43:09,381,718,541,0
2026-08-06 23:43:10,382,716,543,0
2026-08-06 23:43:11,383,723,548,0
2026-08-06 23:43:12,382,720,542,0
2026-08-06 23:43:13,383,722,536,0
2026-08-06 23:43:14,380,719,550,0
2026-08-06 23:43:15,384,719,547,0
2026-08-06 23:43:16,380,721,540,0
2026-08-06 23:43:17,384,722,548,0
2026-08-06 23:43:18,380,719,535,0
2026-08-06 23:43:19,381,723,534,0
2026-08-06 23:43:20,382,723,545,0
2026-08-06 23:43:21,379,720,558,0
2026-08-06 23:43:22,384,718,537,0
2026-08-06 23:43:23,383,724,542,0
2026-08-06 23:43:24,383,717,548,0
2026-08-06 23:43:25,381,713,541,0
2026-08-06 23:43:26,384,711,545,0
2026-08-06 23:43:27,382,717,546,0
2026-08-06 23:43:28,381,715,552,0
2026-08-06 23:43:29,383,720,537,0
2026-08-06 23:43:30,384,718,548,0
2026-08-06 23:43:31,383,718,535,0
2026-08-06 23:43:32,380,719,549,0
2026-08-06 23:43:33,384,718,537,0
2026-08-06 23:43:34,383,716,547,0
2026-08-06 23:43:35,383,716,539,0
2026-08-06 23:43:36,382,720,554,0
2026-08-06 23:43:38,384,718,544,0
2026-08-06 23:43:38,382,715,535,0
2026-08-06 23:43:39,382,716,544,0
2026-08-06 23:43:40,385,725,518,0
2026-08-06 23:43:41,382,717,554,0
2026-08-06 23:43:42,380,724,547,0
2026-08-06 23:43:43,383,719,556,0
2026-08-06 23:43:44,380,717,551,0
2026-08-06 23:43:45,380,722,544,0
2026-08-06 23:43:46,384,719,545,0
2026-08-06 23:43:47,381,719,550,0
2026-08-06 23:43:48,382,720,552,0
2026-08-06 23:43:49,377,716,537,0
2026-08-06 23:43:50,380,716,553,0
2026-08-06 23:43:51,381,716,539,0
2026-08-06 23:43:52,382,718,546,0
2026-08-06 23:43:53,385,717,540,0
2026-08-06 23:43:54,382,717,552,0
2026-08-06 23:43:55,381,719,543,0
2026-08-06 23:43:56,379,719,547,0
2026-08-06 23:43:57,382,719,551,0
2026-08-06 23:43:58,381,721,541,0
2026-08-06 23:43:59,381,716,545,0
2026-08-06 23:44:00,382,719,540,0
2026-08-06 23:44:01,379,721,538,0
2026-08-06 23:44:03,381,723,544,0
2026-08-06 23:44:03,384,716,536,0
2026-08-06 23:44:04,380,721,552,0
2026-08-06 23:44:05,383,725,554,0
2026-08-06 23:44:06,382,721,545,0
2026-08-06 23:44:07,381,718,551,0
2026-08-06 23:44:08,384,717,540,0
2026-08-06 23:44:09,379,718,543,0
2026-08-06 23:44:10,381,718,550,0
2026-08-06 23:44:11,381,715,552,0
2026-08-06 23:44:12,380,717,550,0
2026-08-06 23:44:13,382,719,551,0
2026-08-06 23:44:14,381,719,532,0
2026-08-06 23:44:15,384,717,542,0
2026-08-06 23:44:16,382,716,540,0
2026-08-06 23:44:18,381,720,547,0
2026-08-06 23:44:18,382,716,543,0
2026-08-06 23:44:19,380,716,545,0
2026-08-06 23:44:20,382,719,543,0
2026-08-06 23:44:21,382,719,564,0
2026-08-06 23:44:22,383,721,541,0
2026-08-06 23:44:23,384,720,544,0
2026-08-06 23:44:24,381,721,535,0
2026-08-06 23:44:25,381,718,555,0
2026-08-06 23:44:26,381,717,555,0
2026-08-06 23:44:27,380,717,554,0
2026-08-06 23:44:28,383,719,519,0
2026-08-06 23:44:29,380,719,536,0
2026-08-06 23:44:30,384,720,529,0
2026-08-06 23:44:31,381,718,534,0
2026-08-06 23:44:32,385,721,534,0
2026-08-06 23:44:35,382,725,539,0
2026-08-06 23:44:35,379,724,543,0
2026-08-06 23:44:35,384,716,551,0
2026-08-06 23:44:36,381,722,561,0
2026-08-06 23:44:37,385,719,542,0
2026-08-06 23:44:38,378,719,536,0
2026-08-06 23:44:39,382,715,543,0
2026-08-06 23:44:40,381,717,552,0
2026-08-06 23:44:41,382,722,539,0
2026-08-06 23:44:42,384,718,533,0
2026-08-06 23:44:43,383,718,544,0
2026-08-06 23:44:44,377,719,537,0
2026-08-06 23:44:45,380,714,538,0
2026-08-06 23:44:46,384,713,551,0
2026-08-06 23:44:47,382,721,536,0
2026-08-06 23:44:48,381,721,547,0
2026-08-06 23:44:49,382,720,536,0
2026-08-06 23:44:50,380,718,554,0
2026-08-06 23:44:51,383,719,557,0
2026-08-06 23:44:52,383,720,549,0
2026-08-06 23:44:53,381,715,544,0
2026-08-06 23:44:54,383,719,541,0
2026-08-06 23:44:55,381,719,539,0
2026-08-06 23:44:56,381,719,550,0
2026-08-06 23:44:57,381,719,543,0
2026-08-06 23:44:58,384,718,546,0
2026-08-06 23:44:59,381,718,551,0
2026-08-06 23:45:00,380,721,541,0
2026-08-06 23:45:01,380,716,550,0
2026-08-06 23:45:03,381,716,551,0
2026-08-06 23:45:03,381,714,545,0
2026-08-06 23:45:04,380,716,543,0
2026-08-06 23:45:05,381,718,539,0
2026-08-06 23:45:06,381,721,542,0
2026-08-06 23:45:07,381,722,545,0
2026-08-06 23:45:08,381,721,544,0
2026-08-06 23:45:09,380,716,554,0
2026-08-06 23:45:10,381,717,551,0
2026-08-06 23:45:11,380,720,547,0
2026-08-06 23:45:12,383,717,540,0
2026-08-06 23:45:13,383,721,554,0
2026-08-06 23:45:14,383,717,553,0
2026-08-06 23:45:15,385,719,537,0
2026-08-06 23:45:16,381,721,542,0
2026-08-06 23:45:17,382,717,548,0
2026-08-06 23:45:18,382,721,548,0
2026-08-06 23:45:19,383,721,545,0
2026-08-06 23:45:20,381,724,546,0
2026-08-06 23:45:21,383,718,550,0
2026-08-06 23:45:22,381,715,546,0
2026-08-06 23:45:23,384,719,548,0
2026-08-06 23:45:24,381,724,548,0
2026-08-06 23:45:25,383,719,541,0
2026-08-06 23:45:26,383,718,542,0
2026-08-06 23:45:27,381,720,554,0
2026-08-06 23:45:28,382,719,546,0
2026-08-06 23:45:29,381,721,540,0
2026-08-06 23:45:30,382,720,548,0
2026-08-06 23:45:31,380,714,557,0
2026-08-06 23:45:32,383,718,547,0
2026-08-06 23:45:33,384,721,538,0
2026-08-06 23:45:34,381,719,558,0
2026-08-06 23:45:35,383,719,555,0
2026-08-06 23:45:36,381,718,541,0
2026-08-06 23:45:37,384,721,539,0
2026-08-06 23:45:38,382,720,556,0
2026-08-06 23:45:39,381,720,548,0
2026-08-06 23:45:40,386,722,543,0
2026-08-06 23:45:41,383,720,534,0
2026-08-06 23:45:42,379,717,557,0
2026-08-06 23:45:43,382,724,552,0
2026-08-06 23:45:44,382,714,544,0
2026-08-06 23:45:45,382,720,548,0
2026-08-06 23:45:46,382,718,543,0
2026-08-06 23:45:47,381,724,549,0
2026-08-06 23:45:48,382,722,551,0
2026-08-06 23:45:49,384,719,545,0
2026-08-06 23:45:50,383,719,550,0
2026-08-06 23:45:51,380,719,551,0
2026-08-06 23:45:52,383,718,544,0
2026-08-06 23:45:53,382,720,552,0
2026-08-06 23:45:54,384,717,551,0
2026-08-06 23:45:55,381,720,532,0
2026-08-06 23:45:56,381,717,560,0
2026-08-06 23:45:57,384,719,534,0
2026-08-06 23:45:58,377,720,555,0
2026-08-06 23:45:59,386,720,529,0
2026-08-06 23:46:00,381,719,553,0
2026-08-06 23:46:01,379,721,545,0
2026-08-06 23:46:02,382,719,545,0
2026-08-06 23:46:03,384,719,539,0
2026-08-06 23:46:04,381,724,541,0
2026-08-06 23:46:05,382,713,531,0
2026-08-06 23:46:06,383,718,547,0
2026-08-06 23:46:07,383,719,540,0
2026-08-06 23:46:08,383,722,548,0
2026-08-06 23:46:09,385,721,544,0
2026-08-06 23:46:10,381,720,555,0
2026-08-06 23:46:11,380,719,540,0
2026-08-06 23:46:12,381,719,548,0
2026-08-06 23:46:13,385,719,546,0
2026-08-06 23:46:14,382,723,541,0
2026-08-06 23:46:15,384,718,539,0
2026-08-06 23:46:16,382,719,536,0
2026-08-06 23:46:17,381,717,540,0
2026-08-06 23:46:18,383,724,543,0
2026-08-06 23:46:19,383,721,538,0
2026-08-06 23:46:20,382,715,541,0
2026-08-06 23:46:21,383,720,552,0
2026-08-06 23:46:22,384,717,539,0
2026-08-06 23:46:23,386,718,542,0
2026-08-06 23:46:24,381,721,535,0
2026-08-06 23:46:25,380,722,555,0
2026-08-06 23:46:26,382,720,551,0
2026-08-06 23:46:27,383,719,536,0
2026-08-06 23:46:28,380,723,545,0
2026-08-06 23:46:29,380,720,544,0
2026-08-06 23:46:30,378,724,553,0
2026-08-06 23:46:31,379,716,546,0
2026-08-06 23:46:32,381,725,541,0
2026-08-06 23:46:33,381,719,551,0
2026-08-06 23:46:34,383,722,532,0
2026-08-06 23:46:35,383,721,548,0
2026-08-06 23:46:36,381,725,537,0
2026-08-06 23:46:37,382,719,550,0
2026-08-06 23:46:38,381,721,551,0
2026-08-06 23:46:39,382,716,548,0
2026-08-06 23:46:40,378,723,543,0
2026-08-06 23:46:41,382,720,547,0
2026-08-06 23:46:42,382,720,542,0
2026-08-06 23:46:43,384,723,549,0
2026-08-06 23:46:44,382,719,543,0
2026-08-06 23:46:45,381,719,553,0
2026-08-06 23:46:46,381,721,545,0
2026-08-06 23:46:47,383,718,548,0
2026-08-06 23:46:48,383,715,541,0
2026-08-06 23:46:49,385,718,547,0
2026-08-06 23:46:50,383,728,543,0
2026-08-06 23:46:51,383,723,552,0
2026-08-06 23:46:52,383,718,546,0
2026-08-06 23:46:53,381,719,541,0
2026-08-06 23:46:54,382,721,536,0
2026-08-06 23:46:55,381,721,539,0
2026-08-06 23:46:56,382,716,538,0
2026-08-06 23:46:57,384,720,558,0
2026-08-06 23:46:58,382,721,543,0
2026-08-06 23:46:59,382,723,547,0
2026-08-06 23:47:00,383,721,547,0
2026-08-06 23:47:01,383,722,538,0
2026-08-06 23:47:02,382,721,550,0
2026-08-06 23:47:03,382,720,547,0
2026-08-06 23:47:04,382,716,549,0
2026-08-06 23:47:05,383,718,544,0
2026-08-06 23:47:06,383,719,543,0
2026-08-06 23:47:08,384,720,538,0
2026-08-06 23:47:08,383,721,544,0
2026-08-06 23:47:09,383,725,556,0
2026-08-06 23:47:10,384,718,549,0
2026-08-06 23:47:12,383,719,538,0
2026-08-06 23:47:12,385,718,549,0
2026-08-06 23:47:13,383,719,545,0
2026-08-06 23:47:14,382,721,534,0
2026-08-06 23:47:15,385,722,549,0
2026-08-06 23:47:16,379,723,546,0
2026-08-06 23:47:17,382,722,531,0
2026-08-06 23:47:18,381,720,534,0
2026-08-06 23:47:19,382,718,539,0
2026-08-06 23:47:20,379,718,551,0
2026-08-06 23:47:21,381,721,540,0
2026-08-06 23:47:22,382,717,549,0
2026-08-06 23:47:23,382,722,543,0
2026-08-06 23:47:24,381,721,555,0
2026-08-06 23:47:25,382,725,537,0
2026-08-06 23:47:26,382,720,553,0
2026-08-06 23:47:27,381,724,538,0
2026-08-06 23:47:28,382,722,540,0
2026-08-06 23:47:29,380,722,546,0
2026-08-06 23:47:30,380,725,543,0
2026-08-06 23:47:31,379,725,541,0
2026-08-06 23:47:32,384,716,536,0
2026-08-06 23:47:33,381,721,545,0
2026-08-06 23:47:34,381,725,545,0
2026-08-06 23:47:35,382,723,539,0
2026-08-06 23:47:36,381,721,542,0
2026-08-06 23:47:37,384,725,540,0
2026-08-06 23:47:38,380,721,556,0
2026-08-06 23:47:39,381,720,553,0
2026-08-06 23:47:40,381,719,548,0
2026-08-06 23:47:41,378,721,542,0
2026-08-06 23:47:42,383,720,539,0
2026-08-06 23:47:43,382,721,557,0
2026-08-06 23:47:44,384,722,551,0
2026-08-06 23:47:45,381,721,549,0
2026-08-06 23:47:47,383,717,543,0
2026-08-06 23:47:47,382,722,555,0
2026-08-06 23:47:48,381,722,537,0
2026-08-06 23:47:49,381,721,548,0
2026-08-06 23:47:50,382,722,538,0
2026-08-06 23:47:51,381,724,552,0
2026-08-06 23:47:52,381,723,539,0
2026-08-06 23:47:53,379,722,557,0
2026-08-06 23:47:54,383,724,543,0
2026-08-06 23:47:55,382,718,547,0
2026-08-06 23:47:57,380,718,530,0
2026-08-06 23:47:57,381,719,542,0
2026-08-06 23:47:58,384,721,556,0
2026-08-06 23:47:59,379,721,553,0
2026-08-06 23:48:00,382,719,546,0
2026-08-06 23:48:01,382,716,553,0
2026-08-06 23:48:02,381,721,545,0
2026-08-06 23:48:03,381,722,539,0
2026-08-06 23:48:04,383,719,542,0
2026-08-06 23:48:05,383,724,551,0
2026-08-06 23:48:06,382,720,542,0
2026-08-06 23:48:07,383,718,544,0
2026-08-06 23:48:08,380,720,549,0
2026-08-06 23:48:09,381,717,546,0
2026-08-06 23:48:10,380,726,535,0
2026-08-06 23:48:11,379,722,560,0
2026-08-06 23:48:12,383,721,544,0
2026-08-06 23:48:13,381,724,547,0
2026-08-06 23:48:14,383,722,551,0
2026-08-06 23:48:15,382,717,542,0
2026-08-06 23:48:16,381,725,545,0
2026-08-06 23:48:17,381,721,548,0
2026-08-06 23:48:18,382,715,543,0
2026-08-06 23:48:19,378,719,541,0
2026-08-06 23:48:20,383,726,550,0
2026-08-06 23:48:21,382,721,543,0
2026-08-06 23:48:22,383,726,550,0
2026-08-06 23:48:23,382,721,552,0
2026-08-06 23:48:24,381,721,542,0
2026-08-06 23:48:25,381,725,544,0
2026-08-06 23:48:26,381,723,544,0
2026-08-06 23:48:27,383,723,550,0
2026-08-06 23:48:28,384,724,548,0
2026-08-06 23:48:29,381,720,544,0
2026-08-06 23:48:30,383,718,554,0
2026-08-06 23:48:31,380,722,547,0
2026-08-06 23:48:32,378,722,526,0
2026-08-06 23:48:33,385,726,544,0
2026-08-06 23:48:34,379,720,554,0
2026-08-06 23:48:35,380,719,541,0
2026-08-06 23:48:36,382,724,549,0
2026-08-06 23:48:37,383,724,547,0
2026-08-06 23:48:38,381,726,552,0
2026-08-06 23:48:39,383,721,549,0
2026-08-06 23:48:40,382,720,549,0
2026-08-06 23:48:41,382,722,548,0
2026-08-06 23:48:42,382,722,536,0
2026-08-06 23:48:43,383,721,554,0
2026-08-06 23:48:44,383,720,550,0
2026-08-06 23:48:45,386,718,537,0
2026-08-06 23:48:46,386,724,546,0
2026-08-06 23:48:47,383,725,546,0
2026-08-06 23:48:48,384,725,545,0
2026-08-06 23:48:49,381,722,558,0
2026-08-06 23:48:50,380,719,531,0
2026-08-06 23:48:51,382,718,537,0
2026-08-06 23:48:52,380,724,543,0
2026-08-06 23:48:53,383,723,550,0
2026-08-06 23:48:54,382,724,541,0
2026-08-06 23:48:55,385,725,543,0
2026-08-06 23:48:56,380,725,538,0
2026-08-06 23:48:57,382,722,543,0
2026-08-06 23:48:58,378,722,534,0
2026-08-06 23:48:59,383,722,543,0
2026-08-06 23:49:00,384,725,544,0
2026-08-06 23:49:01,382,719,543,0
2026-08-06 23:49:02,383,724,557,0
2026-08-06 23:49:03,385,727,540,0
2026-08-06 23:49:04,382,724,557,0
2026-08-06 23:49:05,385,722,543,0
2026-08-06 23:49:06,382,720,546,0
2026-08-06 23:49:07,383,720,545,0
2026-08-06 23:49:08,381,724,543,0
2026-08-06 23:49:09,382,719,546,0
2026-08-06 23:49:10,383,726,539,0
2026-08-06 23:49:11,381,728,535,0
2026-08-06 23:49:12,381,721,538,0
2026-08-06 23:49:13,382,723,551,0
2026-08-06 23:49:14,385,723,551,0
2026-08-06 23:49:15,380,718,545,0
2026-08-06 23:49:16,384,724,543,0
2026-08-06 23:49:17,383,723,539,0
2026-08-06 23:49:18,385,722,548,0
2026-08-06 23:49:19,385,725,544,0
2026-08-06 23:49:20,382,728,542,0
2026-08-06 23:49:21,383,721,538,0
2026-08-06 23:49:22,380,729,548,0
2026-08-06 23:49:24,386,723,548,0
2026-08-06 23:49:25,382,721,552,0
2026-08-06 23:49:25,382,725,541,0
2026-08-06 23:49:26,382,728,538,0
2026-08-06 23:49:27,381,722,549,0
2026-08-06 23:49:28,383,724,549,0
2026-08-06 23:49:29,382,723,541,0
2026-08-06 23:49:30,383,721,553,0
2026-08-06 23:49:31,382,727,538,0
2026-08-06 23:49:32,382,723,533,0
2026-08-06 23:49:33,384,723,546,0
2026-08-06 23:49:34,383,727,544,0
2026-08-06 23:49:35,383,720,547,0
2026-08-06 23:49:36,377,723,549,0
2026-08-06 23:49:37,379,722,549,0
2026-08-06 23:49:38,382,722,548,0
2026-08-06 23:49:39,380,728,546,0
2026-08-06 23:49:40,382,725,550,0
2026-08-06 23:49:41,380,725,532,0
2026-08-06 23:49:42,381,722,559,0
2026-08-06 23:49:43,385,721,546,0
2026-08-06 23:49:44,384,726,550,0
2026-08-06 23:49:45,381,723,546,0
2026-08-06 23:49:47,380,722,554,0
2026-08-06 23:49:47,383,726,542,0
2026-08-06 23:49:48,384,724,539,0
2026-08-06 23:49:49,382,724,546,0
2026-08-06 23:49:50,384,726,542,0
2026-08-06 23:49:51,381,723,546,0
2026-08-06 23:49:52,380,723,538,0
2026-08-06 23:49:53,382,722,540,0
2026-08-06 23:49:54,380,722,547,0
2026-08-06 23:49:55,382,722,540,0
2026-08-06 23:49:56,382,725,548,0
2026-08-06 23:49:57,380,729,541,0
2026-08-06 23:49:58,382,724,549,0
2026-08-06 23:49:59,382,722,554,0
2026-08-06 23:50:00,381,722,557,0
2026-08-06 23:50:01,382,726,534,0
2026-08-06 23:50:02,384,725,547,0
2026-08-06 23:50:03,380,726,553,0
2026-08-06 23:50:04,383,723,556,0
2026-08-06 23:50:05,383,723,542,0
2026-08-06 23:50:06,379,727,537,0
2026-08-06 23:50:07,383,724,546,0
2026-08-06 23:50:08,381,720,544,0
2026-08-06 23:50:09,383,723,538,0
2026-08-06 23:50:10,379,725,551,0
2026-08-06 23:50:11,382,726,537,0
2026-08-06 23:50:12,381,725,539,0
2026-08-06 23:50:13,382,720,556,0
2026-08-06 23:50:14,380,726,543,0
2026-08-06 23:50:15,380,722,545,0
2026-08-06 23:50:16,384,721,553,0
2026-08-06 23:50:17,384,726,548,0
2026-08-06 23:50:18,383,722,530,0
2026-08-06 23:50:19,381,720,545,0
2026-08-06 23:50:20,382,722,547,0
2026-08-06 23:50:21,382,722,548,0
2026-08-06 23:50:22,382,725,551,0
2026-08-06 23:50:23,379,724,548,0
2026-08-06 23:50:24,379,722,539,0
2026-08-06 23:50:25,379,723,536,0
2026-08-06 23:50:26,380,720,541,0
2026-08-06 23:50:27,382,723,546,0
2026-08-06 23:50:28,380,727,552,0
2026-08-06 23:50:29,382,724,543,0
2026-08-06 23:50:30,380,720,550,0
2026-08-06 23:50:31,384,725,539,0
2026-08-06 23:50:32,382,720,549,0
2026-08-06 23:50:33,384,723,550,0
2026-08-06 23:50:34,381,725,550,0
2026-08-06 23:50:35,382,720,550,0
2026-08-06 23:50:36,381,722,548,0
2026-08-06 23:50:37,383,719,551,0
2026-08-06 23:50:38,382,726,546,0
2026-08-06 23:50:39,382,724,554,0
2026-08-06 23:50:40,384,728,539,0
2026-08-06 23:50:41,382,726,545,0
2026-08-06 23:50:42,382,723,538,0
2026-08-06 23:50:43,384,722,547,0
2026-08-06 23:50:44,382,720,551,0
2026-08-06 23:50:45,382,722,545,0
2026-08-06 23:50:46,384,726,538,0
2026-08-06 23:50:47,383,725,549,0
2026-08-06 23:50:48,385,722,556,0
2026-08-06 23:50:49,385,722,544,0
2026-08-06 23:50:50,384,726,539,0
2026-08-06 23:50:51,382,723,540,0
2026-08-06 23:50:52,383,728,541,0
2026-08-06 23:50:53,383,726,536,0
2026-08-06 23:50:54,383,727,537,0
2026-08-06 23:50:55,381,724,543,0
2026-08-06 23:50:56,384,719,531,0
2026-08-06 23:50:57,381,725,546,0
2026-08-06 23:50:58,379,726,558,0
2026-08-06 23:50:59,381,723,552,0
2026-08-06 23:51:00,381,723,552,0
2026-08-06 23:51:01,382,725,543,0
2026-08-06 23:51:02,380,729,550,0
2026-08-06 23:51:03,383,726,552,0
2026-08-06 23:51:04,385,723,543,0
2026-08-06 23:51:05,384,720,543,0
2026-08-06 23:51:06,380,726,531,0
2026-08-06 23:51:07,381,725,547,0
2026-08-06 23:51:08,379,726,546,0
2026-08-06 23:51:09,382,723,550,0
2026-08-06 23:51:11,382,727,548,0
2026-08-06 23:51:11,379,720,534,0
2026-08-06 23:51:12,380,725,530,0
2026-08-06 23:51:13,381,725,546,0
2026-08-06 23:51:14,382,728,538,0
2026-08-06 23:51:15,385,722,548,0
2026-08-06 23:51:16,383,724,551,0
2026-08-06 23:51:17,382,724,546,0
2026-08-06 23:51:18,383,729,547,0
2026-08-06 23:51:19,386,721,548,0
2026-08-06 23:51:20,379,724,555,0
2026-08-06 23:51:21,381,722,546,0
2026-08-06 23:51:22,382,729,544,0
2026-08-06 23:51:23,382,723,543,0
2026-08-06 23:51:24,383,727,551,0
2026-08-06 23:51:25,382,728,547,0
2026-08-06 23:51:26,385,722,548,0
2026-08-06 23:51:27,382,724,528,0
2026-08-06 23:51:28,383,727,553,0
2026-08-06 23:51:29,384,725,543,0
2026-08-06 23:51:30,379,727,547,0
2026-08-06 23:51:31,383,728,549,0
2026-08-06 23:51:32,382,725,544,0
2026-08-06 23:51:33,385,721,548,0
2026-08-06 23:51:34,383,731,553,0
2026-08-06 23:51:35,382,725,548,0
2026-08-06 23:51:36,382,721,548,0
2026-08-06 23:51:37,383,729,546,0
2026-08-06 23:51:38,382,720,551,0
2026-08-06 23:51:39,381,726,534,0
2026-08-06 23:51:40,381,722,538,0
2026-08-06 23:51:41,382,726,552,0
2026-08-06 23:51:42,384,724,536,0
2026-08-06 23:51:43,381,724,536,0
2026-08-06 23:51:44,380,726,552,0
2026-08-06 23:51:45,383,723,557,0
2026-08-06 23:51:46,381,729,556,0
2026-08-06 23:51:47,385,722,541,0
2026-08-06 23:51:48,382,721,552,0
2026-08-06 23:51:49,381,725,540,0
2026-08-06 23:51:50,381,724,550,0
2026-08-06 23:51:51,380,729,545,0
2026-08-06 23:51:52,381,723,550,0
2026-08-06 23:51:53,381,724,545,0
2026-08-06 23:51:54,383,726,545,0
2026-08-06 23:51:55,381,726,538,0
2026-08-06 23:51:57,382,729,536,0
2026-08-06 23:51:57,380,725,537,0
2026-08-06 23:51:58,384,724,545,0
2026-08-06 23:51:59,382,725,547,0
2026-08-06 23:52:00,381,724,553,0
2026-08-06 23:52:01,382,726,555,0
2026-08-06 23:52:02,380,726,553,0
2026-08-06 23:52:03,380,724,542,0
2026-08-06 23:52:04,383,723,536,0
2026-08-06 23:52:05,381,725,541,0
2026-08-06 23:52:06,381,720,540,0
2026-08-06 23:52:07,378,729,537,0
2026-08-06 23:52:08,383,720,539,0
2026-08-06 23:52:09,383,726,548,0
2026-08-06 23:52:10,382,729,537,0
2026-08-06 23:52:11,382,723,559,0
2026-08-06 23:52:12,384,724,553,0
2026-08-06 23:52:13,384,727,538,0
2026-08-06 23:52:14,381,727,539,0
2026-08-06 23:52:15,382,726,550,0
2026-08-06 23:52:16,381,727,554,0
2026-08-06 23:52:17,380,725,556,0
2026-08-06 23:52:18,381,727,545,0
2026-08-06 23:52:19,382,725,549,0
2026-08-06 23:52:20,381,726,542,0
2026-08-06 23:52:21,383,725,537,0
2026-08-06 23:52:22,382,724,537,0
2026-08-06 23:52:23,382,722,534,0
2026-08-06 23:52:24,382,723,542,0
2026-08-06 23:52:25,382,727,551,0
2026-08-06 23:52:26,382,724,550,0
2026-08-06 23:52:27,385,727,550,0
2026-08-06 23:52:28,381,726,545,0
2026-08-06 23:52:29,383,726,535,0
2026-08-06 23:52:30,380,726,540,0
2026-08-06 23:52:31,384,727,541,0
2026-08-06 23:52:32,378,725,546,0
2026-08-06 23:52:33,381,725,541,0
2026-08-06 23:52:34,381,729,541,0
2026-08-06 23:52:35,382,724,546,0
2026-08-06 23:52:36,382,722,547,0
2026-08-06 23:52:37,382,727,543,0
2026-08-06 23:52:38,383,724,545,0
2026-08-06 23:52:39,383,728,546,0
2026-08-06 23:52:40,380,728,548,0
2026-08-06 23:52:41,383,726,547,0
2026-08-06 23:52:42,383,727,546,0
2026-08-06 23:52:43,385,727,552,0
2026-08-06 23:52:44,382,731,542,0
2026-08-06 23:52:45,380,726,549,0
2026-08-06 23:52:46,380,728,533,0
2026-08-06 23:52:47,380,725,548,0
2026-08-06 23:52:48,383,725,543,0
2026-08-06 23:52:49,383,727,545,0
2026-08-06 23:52:51,381,726,544,0
2026-08-06 23:52:51,379,729,550,0
2026-08-06 23:52:52,379,726,538,0
2026-08-06 23:52:53,381,731,545,0
2026-08-06 23:52:54,382,725,541,0
2026-08-06 23:52:55,380,728,538,0
2026-08-06 23:52:56,380,726,540,0
2026-08-06 23:52:57,381,720,546,0
2026-08-06 23:52:58,382,722,549,0
2026-08-06 23:52:59,380,729,545,0
2026-08-06 23:53:00,379,726,551,0
2026-08-06 23:53:01,381,729,545,0
2026-08-06 23:53:02,383,726,541,0
2026-08-06 23:53:03,381,725,549,0
2026-08-06 23:53:04,381,729,538,0
2026-08-06 23:53:05,383,728,552,0
2026-08-06 23:53:06,381,726,545,0
2026-08-06 23:53:07,384,723,544,0
2026-08-06 23:53:08,381,730,537,0
2026-08-06 23:53:09,384,732,538,0
2026-08-06 23:53:10,383,726,545,0
2026-08-06 23:53:11,381,725,526,0
2026-08-06 23:53:12,381,724,536,0
2026-08-06 23:53:13,380,728,538,0
2026-08-06 23:53:14,384,726,545,0
2026-08-06 23:53:15,384,727,549,0
2026-08-06 23:53:16,383,730,547,0
2026-08-06 23:53:17,382,729,529,0
2026-08-06 23:53:18,380,730,555,0
2026-08-06 23:53:19,381,730,539,0
2026-08-06 23:53:20,381,727,530,0
2026-08-06 23:53:21,381,728,562,0
2026-08-06 23:53:22,382,726,535,0
2026-08-06 23:53:23,379,727,536,0
2026-08-06 23:53:24,382,727,553,0
2026-08-06 23:53:25,384,723,532,0
2026-08-06 23:53:26,381,726,553,0
2026-08-06 23:53:27,379,728,551,0
2026-08-06 23:53:28,384,727,538,0
2026-08-06 23:53:29,382,729,556,0
2026-08-06 23:53:30,381,728,542,0
2026-08-06 23:53:31,380,729,532,0
2026-08-06 23:53:32,383,727,539,0
2026-08-06 23:53:33,381,727,533,0
2026-08-06 23:53:34,381,728,547,0
2026-08-06 23:53:35,383,723,549,0
2026-08-06 23:53:36,380,730,547,0
2026-08-06 23:53:37,382,732,544,0
2026-08-06 23:53:38,382,731,541,0
2026-08-06 23:53:39,382,735,551,0
2026-08-06 23:53:40,381,727,538,0
2026-08-06 23:53:41,383,733,545,0
2026-08-06 23:53:42,383,729,551,0
2026-08-06 23:53:43,382,727,561,0
2026-08-06 23:53:44,381,729,535,0
2026-08-06 23:53:45,379,727,541,0
2026-08-06 23:53:46,383,724,547,0
2026-08-06 23:53:47,380,725,549,0
2026-08-06 23:53:48,381,732,538,0
2026-08-06 23:53:49,382,725,540,0
2026-08-06 23:53:50,383,729,537,0
2026-08-06 23:53:51,381,732,534,0
2026-08-06 23:53:52,383,729,547,0
2026-08-06 23:53:53,383,729,538,0
2026-08-06 23:53:54,381,729,537,0
2026-08-06 23:53:55,382,730,560,0
2026-08-06 23:53:56,382,731,531,0
2026-08-06 23:53:57,383,730,539,0
2026-08-06 23:53:58,383,729,553,0
2026-08-06 23:53:59,381,733,543,0
2026-08-06 23:54:00,384,731,544,0
2026-08-06 23:54:01,378,725,547,0
2026-08-06 23:54:02,384,728,544,0
2026-08-06 23:54:03,378,730,546,0
2026-08-06 23:54:04,381,732,542,0
2026-08-06 23:54:05,383,725,553,0
2026-08-06 23:54:06,382,732,546,0
2026-08-06 23:54:07,382,729,540,0
2026-08-06 23:54:08,384,729,545,0
2026-08-06 23:54:09,383,728,561,0
2026-08-06 23:54:10,383,729,544,0
2026-08-06 23:54:11,381,728,552,0
2026-08-06 23:54:12,382,727,539,0
2026-08-06 23:54:13,383,726,549,0
2026-08-06 23:54:14,383,734,540,0
2026-08-06 23:54:15,383,730,542,0
2026-08-06 23:54:16,381,734,552,0
2026-08-06 23:54:17,384,727,537,0
2026-08-06 23:54:18,383,729,539,0
2026-08-06 23:54:19,382,729,541,0
2026-08-06 23:54:20,381,729,556,0
2026-08-06 23:54:21,383,725,535,0
2026-08-06 23:54:22,381,733,553,0
2026-08-06 23:54:23,379,725,533,0
2026-08-06 23:54:24,382,729,558,0
2026-08-06 23:54:25,381,729,546,0
2026-08-06 23:54:26,383,732,537,0
2026-08-06 23:54:27,383,730,552,0
2026-08-06 23:54:28,386,725,549,0
2026-08-06 23:54:29,382,730,545,0
2026-08-06 23:54:30,383,732,543,0
2026-08-06 23:54:31,383,728,544,0
2026-08-06 23:54:32,383,726,537,0
2026-08-06 23:54:33,383,730,556,0
2026-08-06 23:54:34,380,728,546,0
2026-08-06 23:54:35,382,730,540,0
2026-08-06 23:54:36,382,727,546,0
2026-08-06 23:54:37,381,732,552,0
2026-08-06 23:54:38,380,728,540,0
2026-08-06 23:54:39,381,729,545,0
2026-08-06 23:54:40,382,730,562,0
2026-08-06 23:54:41,387,732,542,0
2026-08-06 23:54:42,384,730,545,0
2026-08-06 23:54:43,382,730,544,0
2026-08-06 23:54:44,381,725,542,0
2026-08-06 23:54:45,384,731,525,0
2026-08-06 23:54:46,382,733,551,0
2026-08-06 23:54:47,380,731,552,0
2026-08-06 23:54:48,381,732,533,0
2026-08-06 23:54:49,383,726,551,0
2026-08-06 23:54:50,382,733,541,0
2026-08-06 23:54:51,384,731,548,0
2026-08-06 23:54:52,382,730,552,0
2026-08-06 23:54:53,383,730,540,0
2026-08-06 23:54:54,385,731,548,0
2026-08-06 23:54:55,383,732,542,0
2026-08-06 23:54:56,381,727,546,0
2026-08-06 23:54:57,384,730,550,0
2026-08-06 23:54:59,380,732,539,0
2026-08-06 23:54:59,380,730,559,0
2026-08-06 23:55:00,382,731,542,0
2026-08-06 23:55:01,381,730,548,0
2026-08-06 23:55:02,381,736,548,0
2026-08-06 23:55:03,381,731,535,0
2026-08-06 23:55:04,381,731,541,0
2026-08-06 23:55:05,378,730,545,0
2026-08-06 23:55:06,385,730,553,0
2026-08-06 23:55:07,383,727,552,0
2026-08-06 23:55:08,382,731,548,0
2026-08-06 23:55:09,379,730,547,0
2026-08-06 23:55:10,381,732,550,0
2026-08-06 23:55:11,378,730,538,0
2026-08-06 23:55:12,381,730,536,0
2026-08-06 23:55:13,382,734,548,0
2026-08-06 23:55:14,383,734,548,0
2026-08-06 23:55:15,382,732,544,0
2026-08-06 23:55:16,382,725,554,0
2026-08-06 23:55:17,382,734,531,0
2026-08-06 23:55:18,381,730,552,0
2026-08-06 23:55:19,380,726,531,0
2026-08-06 23:55:20,380,731,544,0
2026-08-06 23:55:21,381,732,534,0
2026-08-06 23:55:22,381,730,549,0
2026-08-06 23:55:23,383,731,550,0
2026-08-06 23:55:24,381,731,550,0
2026-08-06 23:55:25,380,731,553,0
2026-08-06 23:55:26,381,727,543,0
2026-08-06 23:55:27,384,729,531,0
2026-08-06 23:55:28,384,727,552,0
2026-08-06 23:55:29,383,735,536,0
2026-08-06 23:55:30,379,730,544,0
2026-08-06 23:55:31,381,732,553,0
2026-08-06 23:55:32,378,729,558,0
2026-08-06 23:55:33,383,725,530,0
2026-08-06 23:55:34,379,728,536,0
2026-08-06 23:55:35,382,735,547,0
2026-08-06 23:55:36,382,732,547,0
2026-08-06 23:55:37,379,735,541,0
2026-08-06 23:55:38,385,732,549,0
2026-08-06 23:55:40,381,733,562,0
2026-08-06 23:55:40,383,731,529,0
2026-08-06 23:55:41,381,725,547,0
2026-08-06 23:55:42,383,727,553,0
2026-08-06 23:55:43,382,730,535,0
2026-08-06 23:55:44,381,727,557,0
2026-08-06 23:55:45,384,729,537,0
2026-08-06 23:55:46,384,735,546,0
2026-08-06 23:55:47,383,728,546,0
2026-08-06 23:55:48,380,730,553,0
2026-08-06 23:55:49,382,726,548,0
2026-08-06 23:55:50,383,732,527,0
2026-08-06 23:55:51,380,731,553,0
2026-08-06 23:55:52,384,727,550,0
2026-08-06 23:55:53,382,731,536,0
2026-08-06 23:55:54,384,734,551,0
2026-08-06 23:55:55,381,734,554,0
2026-08-06 23:55:56,378,729,539,0
2026-08-06 23:55:57,383,727,537,0
2026-08-06 23:55:58,378,729,534,0
2026-08-06 23:55:59,384,733,552,0
2026-08-06 23:56:00,384,729,555,0
2026-08-06 23:56:01,380,736,551,0
2026-08-06 23:56:02,379,728,547,0
2026-08-06 23:56:03,383,733,551,0
2026-08-06 23:56:04,383,727,544,0
2026-08-06 23:56:05,381,729,530,0
2026-08-06 23:56:06,383,730,552,0
2026-08-06 23:56:07,382,731,544,0
2026-08-06 23:56:08,381,729,543,0
2026-08-06 23:56:09,381,733,538,0
2026-08-06 23:56:10,385,728,547,0
2026-08-06 23:56:11,381,733,550,0
2026-08-06 23:56:12,383,730,540,0
2026-08-06 23:56:13,385,734,550,0
2026-08-06 23:56:14,382,732,538,0
2026-08-06 23:56:15,384,729,552,0
2026-08-06 23:56:16,384,735,551,0
2026-08-06 23:56:17,384,733,546,0
2026-08-06 23:56:18,383,732,542,0
2026-08-06 23:56:19,381,732,546,0
2026-08-06 23:56:20,383,732,545,0
2026-08-06 23:56:21,383,736,545,0
2026-08-06 23:56:22,384,729,549,0
2026-08-06 23:56:23,388,729,559,0
2026-08-06 23:56:24,384,734,537,0
2026-08-06 23:56:25,380,732,548,0
2026-08-06 23:56:26,381,738,548,0
2026-08-06 23:56:27,380,733,550,0
2026-08-06 23:56:28,380,734,546,0
2026-08-06 23:56:29,382,736,551,0
2026-08-06 23:56:30,380,731,549,0
2026-08-06 23:56:31,381,730,551,0
2026-08-06 23:56:32,383,733,546,0
2026-08-06 23:56:33,379,737,557,0
2026-08-06 23:56:34,381,733,554,0
2026-08-06 23:56:35,382,738,536,0
2026-08-06 23:56:36,382,734,542,0
2026-08-06 23:56:37,384,731,557,0
2026-08-06 23:56:38,382,731,535,0
2026-08-06 23:56:39,386,735,539,0
2026-08-06 23:56:40,382,734,545,0
2026-08-06 23:56:41,382,732,540,0
2026-08-06 23:56:42,381,732,548,0
2026-08-06 23:56:43,381,734,552,0
2026-08-06 23:56:44,381,734,544,0
2026-08-06 23:56:45,382,730,541,0
2026-08-06 23:56:46,382,738,546,0
2026-08-06 23:56:47,380,727,541,0
2026-08-06 23:56:48,380,731,540,0
2026-08-06 23:56:49,382,732,550,0
2026-08-06 23:56:50,381,730,549,0
2026-08-06 23:56:51,382,732,532,0
2026-08-06 23:56:52,381,733,542,0
2026-08-06 23:56:53,383,733,538,0
2026-08-06 23:56:54,379,735,542,0
2026-08-06 23:56:55,383,729,533,0
2026-08-06 23:56:56,382,729,546,0
2026-08-06 23:56:57,382,733,551,0
2026-08-06 23:56:58,382,730,535,0
2026-08-06 23:56:59,383,734,543,0
2026-08-06 23:57:00,383,731,545,0
2026-08-06 23:57:01,383,733,545,0
2026-08-06 23:57:02,383,730,545,0
2026-08-06 23:57:03,382,732,544,0
2026-08-06 23:57:04,381,731,548,0
2026-08-06 23:57:05,382,733,555,0
2026-08-06 23:57:06,381,735,547,0
2026-08-06 23:57:07,380,733,548,0
2026-08-06 23:57:08,383,735,541,0
2026-08-06 23:57:09,382,731,529,0
2026-08-06 23:57:10,383,731,546,0
2026-08-06 23:57:11,378,734,551,0
2026-08-06 23:57:12,383,735,534,0
2026-08-06 23:57:13,378,736,548,0
2026-08-06 23:57:14,382,734,543,0
2026-08-06 23:57:15,382,731,541,0
2026-08-06 23:57:16,383,733,539,0
2026-08-06 23:57:17,381,733,547,0
2026-08-06 23:57:18,384,733,537,0
2026-08-06 23:57:19,381,728,536,0
2026-08-06 23:57:20,382,733,541,0
2026-08-06 23:57:21,384,730,546,0
2026-08-06 23:57:22,380,733,536,0
2026-08-06 23:57:23,384,733,537,0
2026-08-06 23:57:24,381,734,538,0
2026-08-06 23:57:25,384,731,538,0
2026-08-06 23:57:26,379,736,545,0
2026-08-06 23:57:27,383,731,535,0
2026-08-06 23:57:28,382,736,541,0
2026-08-06 23:57:29,385,731,541,0
2026-08-06 23:57:30,381,734,547,0
2026-08-06 23:57:31,379,735,543,0
2026-08-06 23:57:32,381,732,533,0
2026-08-06 23:57:33,384,732,551,0
2026-08-06 23:57:34,382,731,550,0
2026-08-06 23:57:35,383,735,553,0
2026-08-06 23:57:36,383,736,545,0
2026-08-06 23:57:37,382,735,546,0
2026-08-06 23:57:38,380,736,544,0
2026-08-06 23:57:39,381,728,536,0
2026-08-06 23:57:40,382,734,556,0
2026-08-06 23:57:41,382,733,549,0
2026-08-06 23:57:42,380,733,541,0
2026-08-06 23:57:43,381,737,549,0
2026-08-06 23:57:44,383,733,526,0
2026-08-06 23:57:45,383,731,533,0
2026-08-06 23:57:46,383,738,551,0
2026-08-06 23:57:48,379,733,549,0
2026-08-06 23:57:48,384,733,547,0
2026-08-06 23:57:49,383,730,552,0
2026-08-06 23:57:50,380,731,545,0
2026-08-06 23:57:51,383,729,553,0
2026-08-06 23:57:52,380,729,549,0
2026-08-06 23:57:53,383,734,542,0
2026-08-06 23:57:54,378,733,548,0
2026-08-06 23:57:55,383,731,536,0
2026-08-06 23:57:56,381,733,540,0
2026-08-06 23:57:57,384,735,550,0
2026-08-06 23:57:58,378,735,540,0
2026-08-06 23:57:59,384,733,556,0
2026-08-06 23:58:00,384,735,561,0
2026-08-06 23:58:01,380,731,539,0
2026-08-06 23:58:02,381,735,534,0
2026-08-06 23:58:03,379,734,549,0
2026-08-06 23:58:04,384,734,540,0
2026-08-06 23:58:05,381,729,545,0
2026-08-06 23:58:06,383,734,531,0
2026-08-06 23:58:07,381,735,544,0
2026-08-06 23:58:08,380,731,549,0
2026-08-06 23:58:09,383,739,553,0
2026-08-06 23:58:10,383,730,550,0
2026-08-06 23:58:11,385,735,548,0
2026-08-06 23:58:12,383,730,547,0
2026-08-06 23:58:13,381,732,541,0
2026-08-06 23:58:14,382,734,542,0
2026-08-06 23:58:15,383,732,544,0
2026-08-06 23:58:16,381,732,547,0
2026-08-06 23:58:17,384,728,541,0
2026-08-06 23:58:18,379,732,552,0
2026-08-06 23:58:19,383,734,550,0
2026-08-06 23:58:20,383,737,545,0
2026-08-06 23:58:21,383,732,544,0
2026-08-06 23:58:22,381,735,546,0
2026-08-06 23:58:23,382,732,543,0
2026-08-06 23:58:24,382,734,547,0
2026-08-06 23:58:25,380,736,540,0
2026-08-06 23:58:26,383,729,549,0
2026-08-06 23:58:27,381,736,536,0
2026-08-06 23:58:28,381,728,551,0
2026-08-06 23:58:29,381,739,546,0
2026-08-06 23:58:30,381,739,542,0
2026-08-06 23:58:31,382,731,534,0
2026-08-06 23:58:32,380,735,545,0
2026-08-06 23:58:33,381,729,549,0
2026-08-06 23:58:34,380,730,531,0
2026-08-06 23:58:35,385,734,549,0
2026-08-06 23:58:36,380,737,557,0
2026-08-06 23:58:37,382,733,538,0
2026-08-06 23:58:38,384,732,551,0
2026-08-06 23:58:39,383,730,538,0
2026-08-06 23:58:40,382,730,545,0
2026-08-06 23:58:41,382,734,530,0
2026-08-06 23:58:42,382,734,542,0
2026-08-06 23:58:43,381,732,544,0
2026-08-06 23:58:44,379,733,534,0
2026-08-06 23:58:45,380,734,538,0
2026-08-06 23:58:46,379,735,538,0
2026-08-06 23:58:47,382,734,556,0
2026-08-06 23:58:48,380,727,544,0
2026-08-06 23:58:49,380,733,537,0
2026-08-06 23:58:50,384,738,544,0
2026-08-06 23:58:51,380,739,536,0
2026-08-06 23:58:52,381,733,547,0
2026-08-06 23:58:53,384,735,542,0
2026-08-06 23:58:54,383,735,561,0
2026-08-06 23:58:55,380,729,554,0
2026-08-06 23:58:56,382,734,547,0
2026-08-06 23:58:57,380,737,544,0
2026-08-06 23:58:58,378,734,554,0
2026-08-06 23:58:59,381,730,545,0
2026-08-06 23:59:00,381,733,540,0
2026-08-06 23:59:01,381,734,538,0
2026-08-06 23:59:02,383,729,553,0
2026-08-06 23:59:03,378,733,541,0
2026-08-06 23:59:04,382,736,529,0
2026-08-06 23:59:05,383,730,542,0
2026-08-06 23:59:06,382,736,550,0
2026-08-06 23:59:07,381,740,544,0
2026-08-06 23:59:08,383,730,539,0
2026-08-06 23:59:09,382,731,542,0
2026-08-06 23:59:10,384,735,550,0
2026-08-06 23:59:11,382,732,554,0
2026-08-06 23:59:12,380,738,551,0
2026-08-06 23:59:13,382,732,549,0
2026-08-06 23:59:14,381,735,544,0
2026-08-06 23:59:15,380,739,553,0
2026-08-06 23:59:16,379,733,561,0
2026-08-06 23:59:17,377,732,551,0
2026-08-06 23:59:18,379,731,551,0
2026-08-06 23:59:19,383,731,542,0
2026-08-06 23:59:20,382,733,532,0
2026-08-06 23:59:21,383,736,548,0
2026-08-06 23:59:22,382,729,550,0
2026-08-06 23:59:23,381,733,536,0
2026-08-06 23:59:24,381,730,538,0
2026-08-06 23:59:25,381,735,531,0
2026-08-06 23:59:26,382,733,555,0
2026-08-06 23:59:27,383,733,539,0
2026-08-06 23:59:28,381,730,542,0
2026-08-06 23:59:29,384,733,550,0
2026-08-06 23:59:30,382,733,546,0
2026-08-06 23:59:31,382,732,546,0
2026-08-06 23:59:32,384,731,537,0
2026-08-06 23:59:33,382,729,574,0
2026-08-06 23:59:34,381,739,555,0
2026-08-06 23:59:35,380,740,547,0
2026-08-06 23:59:36,379,736,539,0
2026-08-06 23:59:37,383,733,547,0
2026-08-06 23:59:38,382,733,549,0
2026-08-06 23:59:39,381,733,543,0
2026-08-06 23:59:40,382,732,555,0
2026-08-06 23:59:41,380,737,533,0
2026-08-06 23:59:42,384,733,543,0
2026-08-06 23:59:43,383,733,536,0
2026-08-06 23:59:44,380,734,548,0
2026-08-06 23:59:45,382,732,547,0
2026-08-06 23:59:46,382,736,544,0
2026-08-06 23:59:47,382,735,537,0
2026-08-06 23:59:48,381,734,550,0
2026-08-06 23:59:49,379,739,544,0
2026-08-06 23:59:50,386,735,554,0
2026-08-06 23:59:51,381,733,539,0
2026-08-06 23:59:52,382,736,544,0
2026-08-06 23:59:53,383,736,539,0
2026-08-06 23:59:54,380,736,550,0
2026-08-06 23:59:55,378,736,552,0
2026-08-06 23:59:56,383,731,541,0
2026-08-06 23:59:57,383,734,549,0
2026-08-06 23:59:58,381,734,533,0
2026-08-06 23:59:59,380,734,549,0
