timestamp,sensor1,sensor2,sensor3,mqtt_state
2026-07-20 08:15:32,401,518,458,0
2026-07-20 08:15:33,388,519,471,0
2026-07-20 08:15:34,396,528,445,0
2026-07-20 08:15:35,362,524,457,0
2026-07-20 08:15:36,337,515,454,0
2026-07-20 08:15:37,369,519,450,0
2026-07-20 08:15:38,369,508,472,0
2026-07-20 08:15:39,384,516,488,0
2026-07-20 08:15:40,344,506,513,0
2026-07-20 08:15:41,333,504,497,0
2026-07-20 08:15:42,336,509,499,0
2026-07-20 08:15:43,324,516,501,0
2026-07-20 08:15:44,342,504,505,0
2026-07-20 08:15:45,344,519,509,0
2026-07-20 08:15:46,385,510,517,0
2026-07-20 08:15:47,346,532,555,0
2026-07-20 08:15:48,381,517,508,0
2026-07-20 08:15:49,382,531,522,0
2026-07-20 08:15:50,373,496,481,0
2026-07-20 08:15:51,353,497,475,0
2026-07-20 08:15:52,377,483,516,0
2026-07-20 08:15:53,351,496,507,0
2026-07-20 08:15:54,358,506,518,0
2026-07-20 08:15:55,362,513,549,0
2026-07-20 08:15:56,373,517,535,0
2026-07-20 08:15:57,351,536,581,0
2026-07-20 08:15:58,341,511,554,0
2026-07-20 08:15:59,343,526,534,0
2026-07-20 08:16:00,341,524,488,0
2026-07-20 08:16:01,367,525,509,0
2026-07-20 08:16:02,365,533,478,0
2026-07-20 08:16:03,396,526,510,0
2026-07-20 08:16:04,381,518,480,0
2026-07-20 08:16:05,410,532,511,0
2026-07-20 08:16:06,392,539,518,0
2026-07-20 08:16:07,374,526,508,0
2026-07-20 08:16:08,378,516,472,0
2026-07-20 08:16:09,389,525,485,0
2026-07-20 08:16:10,400,522,488,0
2026-07-20 08:16:11,396,523,464,0
2026-07-20 08:16:12,406,513,467,0
2026-07-20 08:16:13,392,524,464,0
2026-07-20 08:16:14,370,520,461,0
2026-07-20 08:16:15,369,517,471,0
2026-07-20 08:16:16,368,521,462,0
2026-07-20 08:16:17,382,532,455,0
2026-07-20 08:16:18,355,521,479,0
2026-07-20 08:16:19,368,520,455,0
2026-07-20 08:16:20,360,526,462,0
2026-07-20 08:16:21,395,518,473,0
2026-07-20 08:16:22,395,502,487,0
2026-07-20 08:16:23,405,529,488,0
2026-07-20 08:16:24,412,521,476,0
2026-07-20 08:16:25,421,526,475,0
2026-07-20 08:16:26,379,515,507,0
2026-07-20 08:16:27,363,540,509,0
2026-07-20 08:16:28,357,517,483,0
2026-07-20 08:16:29,391,536,490,0
2026-07-20 08:16:30,386,527,534,0
2026-07-20 08:16:31,383,526,532,0
2026-07-20 08:16:32,363,523,512,0
2026-07-20 08:16:33,328,540,554,0
2026-07-20 08:16:34,340,528,559,0
2026-07-20 08:16:35,346,506,527,0
2026-07-20 08:16:36,344,528,532,0
2026-07-20 08:16:37,382,507,566,0
2026-07-20 08:16:38,365,523,512,0
2026-07-20 08:16:39,380,525,519,0
2026-07-20 08:16:40,342,498,517,0
2026-07-20 08:16:41,374,529,482,0
2026-07-20 08:16:42,387,535,472,0
2026-07-20 08:16:43,389,513,516,0
2026-07-20 08:16:44,351,524,559,0
2026-07-20 08:16:45,386,516,535,0
2026-07-20 08:16:46,357,536,508,0
2026-07-20 08:16:47,353,532,516,0
2026-07-20 08:16:48,325,520,509,0
2026-07-20 08:16:49,338,509,500,0
2026-07-20 08:16:50,333,515,510,0
2026-07-20 08:16:51,319,527,519,0
2026-07-20 08:16:52,332,517,494,0
2026-07-20 08:16:53,336,510,511,0
2026-07-20 08:16:54,323,512,502,0
2026-07-20 08:16:55,343,511,507,0
2026-07-20 08:16:56,368,510,502,0
2026-07-20 08:16:57,377,512,495,0
2026-07-20 08:16:58,402,514,487,0
2026-07-20 08:16:59,368,517,486,0
2026-07-20 08:17:00,361,506,460,0
2026-07-20 08:17:01,372,523,443,0
2026-07-20 08:17:02,391,524,457,0
2026-07-20 08:17:03,361,529,446,0
2026-07-20 08:17:04,385,516,454,0
2026-07-20 08:17:05,362,521,461,0
2026-07-20 08:17:06,369,513,468,0
2026-07-20 08:17:07,402,524,464,0
2026-07-20 08:17:08,401,508,452,0
2026-07-20 08:17:09,351,515,483,0
2026-07-20 08:17:10,364,514,462,0
2026-07-20 08:17:11,368,516,475,0
2026-07-20 08:17:12,375,528,446,0
2026-07-20 08:17:13,389,533,492,0
2026-07-20 08:17:14,407,522,480,0
2026-07-20 08:17:15,390,516,491,0
2026-07-20 08:17:16,366,520,477,0
2026-07-20 08:17:17,397,518,448,0
2026-07-20 08:17:18,354,522,473,0
2026-07-20 08:17:19,404,524,440,0
2026-07-20 08:17:20,364,518,467,0
2026-07-20 08:17:21,406,519,462,0
2026-07-20 08:17:22,415,530,457,0
2026-07-20 08:17:23,368,524,463,0
2026-07-20 08:17:24,386,522,436,0
2026-07-20 08:17:25,361,516,452,0
2026-07-20 08:17:26,348,518,454,0
2026-07-20 08:17:27,368,517,464,0
2026-07-20 08:17:28,354,523,470,0
2026-07-20 08:17:29,381,511,454,0
2026-07-20 08:17:30,350,510,495,0
2026-07-20 08:17:31,359,512,502,0
2026-07-20 08:17:32,325,503,517,0
2026-07-20 08:17:33,330,512,506,0
2026-07-20 08:17:34,336,516,510,0
2026-07-20 08:17:35,341,516,501,0
2026-07-20 08:17:36,331,521,511,0
2026-07-20 08:17:37,320,528,488,0
2026-07-20 08:17:38,310,512,515,0
2026-07-20 08:17:39,344,514,493,0
2026-07-20 08:17:40,347,507,517,0
2026-07-20 08:17:41,335,515,483,0
2026-07-20 08:17:42,363,521,515,0
2026-07-20 08:17:43,382,531,518,0
2026-07-20 08:17:44,369,520,531,0
2026-07-20 08:17:45,339,525,514,0
2026-07-20 08:17:46,348,520,502,0
2026-07-20 08:17:47,375,530,536,0
2026-07-20 08:17:48,350,512,548,0
2026-07-20 08:17:49,338,519,541,0
2026-07-20 08:17:50,343,518,506,0
2026-07-20 08:17:51,355,500,530,0
2026-07-20 08:17:52,370,528,468,0
2026-07-20 08:17:53,355,522,517,0
2026-07-20 08:17:54,342,510,520,0
2026-07-20 08:17:55,345,503,495,0
2026-07-20 08:17:56,361,523,549,0
2026-07-20 08:17:57,359,516,550,0
2026-07-20 08:17:58,381,528,557,0
2026-07-20 08:17:59,337,535,562,0
2026-07-20 08:18:00,349,511,514,0
2026-07-20 08:18:01,322,504,546,0
2026-07-20 08:18:02,353,531,521,0
2026-07-20 08:18:03,348,526,554,0
2026-07-20 08:18:04,323,520,477,0
2026-07-20 08:18:05,341,534,529,0
2026-07-20 08:18:06,337,518,517,0
2026-07-20 08:18:07,360,522,491,0
2026-07-20 08:18:08,365,520,508,0
2026-07-20 08:18:09,394,527,502,0
2026-07-20 08:18:10,392,536,490,0
2026-07-20 08:18:11,365,543,481,0
2026-07-20 08:18:12,384,531,508,0
2026-07-20 08:18:13,370,500,473,0
2026-07-20 08:18:14,395,516,464,0
2026-07-20 08:18:15,364,520,462,0
2026-07-20 08:18:16,380,517,453,0
2026-07-20 08:18:17,392,514,461,0
2026-07-20 08:18:18,382,528,466,0
2026-07-20 08:18:19,371,514,484,0
2026-07-20 08:18:20,376,504,465,0
2026-07-20 08:18:21,388,513,485,0
2026-07-20 08:18:22,380,512,478,0
2026-07-20 08:18:23,351,512,471,0
2026-07-20 08:18:24,371,509,495,0
2026-07-20 08:18:25,358,516,512,0
2026-07-20 08:18:26,328,518,495,0
2026-07-20 08:18:27,378,502,502,0
2026-07-20 08:18:28,347,514,489,0
2026-07-20 08:18:29,379,514,516,0
2026-07-20 08:18:30,371,524,511,0
2026-07-20 08:18:31,388,518,495,0
2026-07-20 08:18:32,336,514,506,0
2026-07-20 08:18:33,354,516,481,0
2026-07-20 08:18:34,382,516,478,0
2026-07-20 08:18:35,373,507,468,0
2026-07-20 08:18:36,398,509,475,0
2026-07-20 08:18:37,365,517,460,0
2026-07-20 08:18:38,398,506,456,0
2026-07-20 08:18:39,397,522,466,0
2026-07-20 08:18:40,343,520,455,0
2026-07-20 08:18:41,393,522,465,0
2026-07-20 08:18:42,396,513,457,0
2026-07-20 08:18:43,349,522,462,0
2026-07-20 08:18:44,393,517,474,0
2026-07-20 08:18:45,398,522,474,0
2026-07-20 08:18:46,349,532,498,0
2026-07-20 08:18:47,376,508,511,0
2026-07-20 08:18:48,400,541,516,0
2026-07-20 08:18:49,377,514,499,0
2026-07-20 08:18:50,376,519,522,0
2026-07-20 08:18:51,361,519,493,0
2026-07-20 08:18:52,345,519,520,0
2026-07-20 08:18:54,349,519,542,0
2026-07-20 08:18:54,333,508,509,0
2026-07-20 08:18:55,319,517,550,0
2026-07-20 08:18:56,381,525,553,0
2026-07-20 08:18:57,355,510,579,0
2026-07-20 08:18:58,367,508,569,0
2026-07-20 08:18:59,366,531,480,0
2026-07-20 08:19:00,367,534,523,0
2026-07-20 08:19:01,334,525,507,0
2026-07-20 08:19:02,380,526,513,0
2026-07-20 08:19:03,389,525,527,0
2026-07-20 08:19:04,343,527,513,0
2026-07-20 08:19:05,357,521,526,0
2026-07-20 08:19:06,350,516,508,0
2026-07-20 08:19:07,325,531,500,0
2026-07-20 08:19:08,326,528,504,0
2026-07-20 08:19:09,341,514,511,0
2026-07-20 08:19:10,342,511,515,0
2026-07-20 08:19:11,344,508,502,0
2026-07-20 08:19:12,380,518,499,0
2026-07-20 08:19:13,344,508,463,0
2026-07-20 08:19:14,392,507,456,0
2026-07-20 08:19:15,332,508,472,0
2026-07-20 08:19:16,347,524,455,0
2026-07-20 08:19:17,371,519,464,0
2026-07-20 08:19:18,354,503,472,0
2026-07-20 08:19:19,378,516,499,0
2026-07-20 08:19:20,358,535,488,0
2026-07-20 08:19:21,352,543,522,0
2026-07-20 08:19:22,392,546,515,0
2026-07-20 08:19:23,395,529,507,0
2026-07-20 08:19:24,329,515,526,0
2026-07-20 08:19:25,352,536,531,0
2026-07-20 08:19:26,334,524,534,0
2026-07-20 08:19:27,337,518,509,0
2026-07-20 08:19:28,356,534,543,0
2026-07-20 08:19:29,348,533,582,0
2026-07-20 08:19:30,354,522,552,0
2026-07-20 08:19:31,345,525,556,0
2026-07-20 08:19:32,325,505,548,0
2026-07-20 08:19:33,351,519,556,0
2026-07-20 08:19:34,359,518,562,0
2026-07-20 08:19:35,328,516,539,0
2026-07-20 08:19:36,364,528,571,0
2026-07-20 08:19:37,380,518,569,0
2026-07-20 08:19:38,386,522,545,0
2026-07-20 08:19:39,370,528,538,0
2026-07-20 08:19:40,393,520,542,0
2026-07-20 08:19:41,368,531,556,0
2026-07-20 08:19:42,371,517,538,0
2026-07-20 08:19:43,376,517,490,0
2026-07-20 08:19:44,344,523,561,0
2026-07-20 08:19:45,341,503,527,0
2026-07-20 08:19:46,369,532,513,0
2026-07-20 08:19:47,398,510,506,0
2026-07-20 08:19:48,365,523,517,0
2026-07-20 08:19:49,340,500,498,0
2026-07-20 08:19:50,373,525,499,0
2026-07-20 08:19:51,355,509,496,0
2026-07-20 08:19:52,351,533,489,0
2026-07-20 08:19:53,381,522,479,0
2026-07-20 08:19:54,347,526,496,0
2026-07-20 08:19:55,362,518,495,0
2026-07-20 08:19:56,378,532,500,0
2026-07-20 08:19:57,353,510,499,0
2026-07-20 08:19:58,364,513,558,0
2026-07-20 08:19:59,374,511,540,0
2026-07-20 08:20:00,385,517,510,0
2026-07-20 08:20:01,376,520,512,0
2026-07-20 08:20:02,368,520,513,0
2026-07-20 08:20:03,362,514,516,0
2026-07-20 08:20:04,331,515,498,0
2026-07-20 08:20:05,337,523,515,0
2026-07-20 08:20:06,339,526,514,0
2026-07-20 08:20:07,329,522,524,0
2026-07-20 08:20:08,334,518,509,0
2026-07-20 08:20:09,324,519,513,0
2026-07-20 08:20:10,326,506,518,0
2026-07-20 08:20:11,318,503,507,0
2026-07-20 08:20:12,327,512,514,0
2026-07-20 08:20:13,365,520,496,0
2026-07-20 08:20:14,376,510,500,0
2026-07-20 08:20:15,330,514,501,0
2026-07-20 08:20:16,383,519,505,0
2026-07-20 08:20:17,368,512,493,0
2026-07-20 08:20:18,343,520,480,0
2026-07-20 08:20:19,364,513,478,0
2026-07-20 08:20:20,376,521,481,0
2026-07-20 08:20:21,402,508,489,0
2026-07-20 08:20:22,365,523,478,0
2026-07-20 08:20:23,365,524,489,0
2026-07-20 08:20:24,357,510,484,0
2026-07-20 08:20:25,370,510,489,0
2026-07-20 08:20:26,363,513,509,0
2026-07-20 08:20:27,326,509,522,0
2026-07-20 08:20:28,331,510,489,0
2026-07-20 08:20:29,323,505,518,0
2026-07-20 08:20:30,329,509,499,0
2026-07-20 08:20:31,334,526,519,0
2026-07-20 08:20:32,335,510,513,0
2026-07-20 08:20:33,385,522,524,0
2026-07-20 08:20:34,349,544,492,0
2026-07-20 08:20:35,390,528,497,0
2026-07-20 08:20:36,375,505,475,0
2026-07-20 08:20:37,375,495,474,0
2026-07-20 08:20:38,385,517,514,0
2026-07-20 08:20:39,355,520,544,0
2026-07-20 08:20:40,334,516,533,0
2026-07-20 08:20:41,325,509,553,0
2026-07-20 08:20:42,347,521,555,0
2026-07-20 08:20:43,351,518,526,0
2026-07-20 08:20:44,334,517,521,0
2026-07-20 08:20:45,342,517,525,0
2026-07-20 08:20:46,367,529,518,0
2026-07-20 08:20:47,365,534,489,0
2026-07-20 08:20:48,351,534,488,0
2026-07-20 08:20:49,363,528,480,0
2026-07-20 08:20:50,361,512,473,0
2026-07-20 08:20:51,377,534,455,0
2026-07-20 08:20:52,362,508,448,0
2026-07-20 08:20:53,345,507,431,0
2026-07-20 08:20:54,366,511,474,0
2026-07-20 08:20:55,347,517,483,0
2026-07-20 08:20:56,329,510,514,0
2026-07-20 08:20:57,336,506,501,0
2026-07-20 08:20:58,335,509,507,0
2026-07-20 08:20:59,338,509,507,0
2026-07-20 08:21:00,335,523,480,0
2026-07-20 08:21:01,335,503,512,0
2026-07-20 08:21:02,341,517,505,0
2026-07-20 08:21:03,371,535,531,0
2026-07-20 08:21:04,332,533,505,0
2026-07-20 08:21:05,379,531,527,0
2026-07-20 08:21:06,383,520,532,0
2026-07-20 08:21:07,381,510,485,0
2026-07-20 08:21:08,344,507,487,0
2026-07-20 08:21:09,365,521,519,0
2026-07-20 08:21:10,372,528,509,0
2026-07-20 08:21:11,388,515,500,0
2026-07-20 08:21:12,365,523,527,0
2026-07-20 08:21:13,329,518,546,0
2026-07-20 08:21:14,333,518,550,0
2026-07-20 08:21:15,348,515,519,0
2026-07-20 08:21:16,360,518,530,0
2026-07-20 08:21:17,354,535,526,0
2026-07-20 08:21:18,359,539,529,0
2026-07-20 08:21:19,364,520,494,0
2026-07-20 08:21:20,373,541,497,0
2026-07-20 08:21:21,373,522,491,0
2026-07-20 08:21:22,398,542,502,0
2026-07-20 08:21:23,365,541,484,0
2026-07-20 08:21:24,404,532,462,0
2026-07-20 08:21:25,397,522,464,0
2026-07-20 08:21:26,407,529,454,0
2026-07-20 08:21:27,384,524,452,0
2026-07-20 08:21:28,354,510,461,0
2026-07-20 08:21:29,355,505,469,0
2026-07-20 08:21:30,363,516,442,0
2026-07-20 08:21:31,390,514,493,0
2026-07-20 08:21:32,371,518,488,0
2026-07-20 08:21:33,377,509,496,0
2026-07-20 08:21:34,368,514,512,0
2026-07-20 08:21:35,348,510,519,0
2026-07-20 08:21:36,320,518,508,0
2026-07-20 08:21:37,327,516,516,0
2026-07-20 08:21:38,309,504,498,0
2026-07-20 08:21:39,326,512,505,0
2026-07-20 08:21:40,332,504,508,0
2026-07-20 08:21:41,336,522,508,0
2026-07-20 08:21:42,322,526,492,0
2026-07-20 08:21:43,330,526,495,0
2026-07-20 08:21:44,322,507,500,0
2026-07-20 08:21:45,330,526,506,0
2026-07-20 08:21:46,326,526,514,0
2026-07-20 08:21:47,327,524,516,0
2026-07-20 08:21:48,331,527,508,0
2026-07-20 08:21:49,337,530,498,0
2026-07-20 08:21:50,339,528,514,0
2026-07-20 08:21:51,320,526,513,0
2026-07-20 08:21:52,327,519,521,0
2026-07-20 08:21:53,329,531,508,0
2026-07-20 08:21:54,328,530,514,0
2026-07-20 08:21:55,330,521,505,0
2026-07-20 08:21:56,366,528,496,0
2026-07-20 08:21:57,332,534,489,0
2026-07-20 08:21:58,326,534,513,0
2026-07-20 08:21:59,340,514,507,0
2026-07-20 08:22:00,357,523,516,0
2026-07-20 08:22:01,357,508,505,0
2026-07-20 08:22:02,352,525,510,0
2026-07-20 08:22:03,336,523,505,0
2026-07-20 08:22:04,351,537,505,0
2026-07-20 08:22:05,357,515,511,0
2026-07-20 08:22:06,356,540,512,0
2026-07-20 08:22:07,356,511,501,0
2026-07-20 08:22:08,368,521,503,0
2026-07-20 08:22:09,346,527,507,0
2026-07-20 08:22:10,360,525,513,0
2026-07-20 08:22:11,347,520,517,0
2026-07-20 08:22:12,383,516,504,0
2026-07-20 08:22:13,359,517,510,0
2026-07-20 08:22:14,360,513,519,0
2026-07-20 08:22:15,392,516,524,0
2026-07-20 08:22:16,388,520,522,0
2026-07-20 08:22:17,339,522,518,0
2026-07-20 08:22:18,358,520,509,0
2026-07-20 08:22:19,355,534,509,0
2026-07-20 08:22:20,373,517,530,0
2026-07-20 08:22:21,360,520,502,0
2026-07-20 08:22:22,371,531,551,0
2026-07-20 08:22:23,376,517,519,0
2026-07-20 08:22:24,382,525,522,0
2026-07-20 08:22:25,397,513,518,0
2026-07-20 08:22:26,358,516,522,0
2026-07-20 08:22:27,390,525,539,0
2026-07-20 08:22:28,357,514,523,0
2026-07-20 08:22:29,331,504,506,0
2026-07-20 08:22:30,367,513,518,0
2026-07-20 08:22:31,384,507,539,0
2026-07-20 08:22:32,367,527,535,0
2026-07-20 08:22:33,386,531,524,0
2026-07-20 08:22:34,371,533,530,0
2026-07-20 08:22:35,376,526,523,0
2026-07-20 08:22:36,339,504,524,0
2026-07-20 08:22:37,394,514,524,0
2026-07-20 08:22:38,345,521,511,0
2026-07-20 08:22:39,355,525,500,0
2026-07-20 08:22:40,331,527,507,0
2026-07-20 08:22:41,317,518,511,0
2026-07-20 08:22:42,328,530,506,0
2026-07-20 08:22:43,330,520,520,0
2026-07-20 08:22:44,324,510,499,0
2026-07-20 08:22:45,316,500,508,0
2026-07-20 08:22:46,329,519,504,0
2026-07-20 08:22:47,340,509,505,0
2026-07-20 08:22:48,353,520,507,0
2026-07-20 08:22:49,365,516,516,0
2026-07-20 08:22:52,391,517,505,0
2026-07-20 08:22:52,348,507,506,0
2026-07-20 08:22:52,381,513,479,0
2026-07-20 08:22:53,378,519,460,0
2026-07-20 08:22:54,385,505,460,0
2026-07-20 08:22:55,395,504,460,0
2026-07-20 08:22:56,399,534,457,0
2026-07-20 08:22:57,365,520,453,0
2026-07-20 08:22:58,361,531,457,0
2026-07-20 08:22:59,341,519,455,0
2026-07-20 08:23:00,369,504,468,0
2026-07-20 08:23:01,381,525,474,0
2026-07-20 08:23:02,391,536,479,0
2026-07-20 08:23:03,387,530,492,0
2026-07-20 08:23:04,376,533,514,0
2026-07-20 08:23:05,359,527,501,0
2026-07-20 08:23:06,412,517,493,0
2026-07-20 08:23:07,415,540,477,0
2026-07-20 08:23:08,381,528,514,0
2026-07-20 08:23:09,388,520,488,0
2026-07-20 08:23:10,384,539,474,0
2026-07-20 08:23:11,405,506,474,0
2026-07-20 08:23:12,382,516,469,0
2026-07-20 08:23:13,368,519,478,0
2026-07-20 08:23:14,358,511,460,0
2026-07-20 08:23:15,404,521,460,0
2026-07-20 08:23:16,355,529,456,0
2026-07-20 08:23:17,362,521,462,0
2026-07-20 08:23:18,386,522,468,0
2026-07-20 08:23:19,360,513,456,0
2026-07-20 08:23:20,381,518,465,0
2026-07-20 08:23:21,352,514,494,0
2026-07-20 08:23:22,320,502,497,0
2026-07-20 08:23:23,328,524,502,0
2026-07-20 08:23:24,333,512,506,0
2026-07-20 08:23:25,331,526,507,0
2026-07-20 08:23:26,362,527,513,0
2026-07-20 08:23:27,383,516,497,0
2026-07-20 08:23:28,359,520,519,0
2026-07-20 08:23:29,379,520,525,0
2026-07-20 08:23:30,386,527,516,0
2026-07-20 08:23:31,340,520,464,0
2026-07-20 08:23:32,343,517,479,0
2026-07-20 08:23:33,371,515,499,0
2026-07-20 08:23:34,349,499,547,0
2026-07-20 08:23:35,384,502,533,0
2026-07-20 08:23:36,383,519,577,0
2026-07-20 08:23:37,354,523,535,0
2026-07-20 08:23:38,330,527,532,0
2026-07-20 08:23:39,350,532,552,0
2026-07-20 08:23:40,332,527,537,0
2026-07-20 08:23:41,334,523,531,0
2026-07-20 08:23:42,353,525,521,0
2026-07-20 08:23:43,371,528,517,0
2026-07-20 08:23:44,386,538,510,0
2026-07-20 08:23:45,353,517,510,0
2026-07-20 08:23:46,400,538,508,0
2026-07-20 08:23:47,361,540,503,0
2026-07-20 08:23:48,398,537,467,0
2026-07-20 08:23:49,414,513,479,0
2026-07-20 08:23:50,387,528,483,0
2026-07-20 08:23:51,388,519,461,0
2026-07-20 08:23:52,402,527,442,0
2026-07-20 08:23:53,353,524,459,0
2026-07-20 08:23:54,389,532,454,0
2026-07-20 08:23:55,385,513,444,0
2026-07-20 08:23:56,370,528,461,0
2026-07-20 08:23:57,360,521,456,0
2026-07-20 08:23:58,391,525,476,0
2026-07-20 08:23:59,400,524,480,0
2026-07-20 08:24:00,351,542,511,0
2026-07-20 08:24:01,387,519,506,0
2026-07-20 08:24:02,392,520,483,0
2026-07-20 08:24:03,386,530,501,0
2026-07-20 08:24:04,357,521,542,0
2026-07-20 08:24:05,345,511,536,0
2026-07-20 08:24:06,323,513,505,0
2026-07-20 08:24:07,314,527,561,0
2026-07-20 08:24:08,363,522,570,0
2026-07-20 08:24:09,365,511,535,0
2026-07-20 08:24:10,342,518,494,0
2026-07-20 08:24:11,355,527,507,0
2026-07-20 08:24:12,349,529,481,0
2026-07-20 08:24:13,370,531,471,0
2026-07-20 08:24:14,364,527,494,0
2026-07-20 08:24:15,335,509,527,0
2026-07-20 08:24:16,394,510,524,0
2026-07-20 08:24:17,371,533,504,0
2026-07-20 08:24:18,340,512,518,0
2026-07-20 08:24:19,328,525,513,0
2026-07-20 08:24:20,324,521,495,0
2026-07-20 08:24:21,315,517,515,0
2026-07-20 08:24:22,334,510,494,0
2026-07-20 08:24:23,380,513,495,0
2026-07-20 08:24:24,353,507,485,0
2026-07-20 08:24:25,371,515,447,0
2026-07-20 08:24:26,354,538,449,0
2026-07-20 08:24:27,331,522,467,0
2026-07-20 08:24:28,387,523,471,0
2026-07-20 08:24:29,396,539,498,0
2026-07-20 08:24:30,370,515,502,0
2026-07-20 08:24:31,399,528,503,0
2026-07-20 08:24:32,366,534,488,0
2026-07-20 08:24:33,368,522,532,0
2026-07-20 08:24:34,331,521,529,0
2026-07-20 08:24:35,329,524,499,0
2026-07-20 08:24:36,336,506,541,0
2026-07-20 08:24:37,338,517,534,0
2026-07-20 08:24:38,361,517,568,0
2026-07-20 08:24:39,360,515,520,0
2026-07-20 08:24:40,361,508,560,0
2026-07-20 08:24:41,362,516,497,0
2026-07-20 08:24:42,358,523,509,0
2026-07-20 08:24:43,385,522,523,0
2026-07-20 08:24:44,365,540,507,0
2026-07-20 08:24:45,369,515,513,0
2026-07-20 08:24:46,368,529,549,0
2026-07-20 08:24:47,381,525,548,0
2026-07-20 08:24:48,357,528,549,0
2026-07-20 08:24:49,347,522,511,0
2026-07-20 08:24:50,339,527,507,0
2026-07-20 08:24:51,337,514,501,0
2026-07-20 08:24:52,324,511,512,0
2026-07-20 08:24:53,332,518,506,0
2026-07-20 08:24:54,329,514,498,0
2026-07-20 08:24:55,382,520,503,0
2026-07-20 08:24:56,354,510,481,0
2026-07-20 08:24:57,397,517,458,0
2026-07-20 08:24:58,377,503,476,0
2026-07-20 08:24:59,405,523,451,0
2026-07-20 08:25:00,354,522,449,0
2026-07-20 08:25:01,361,521,466,0
2026-07-20 08:25:02,404,531,482,0
2026-07-20 08:25:03,374,540,488,0
2026-07-20 08:25:04,356,527,513,0
2026-07-20 08:25:05,372,527,502,0
2026-07-20 08:25:06,339,522,512,0
2026-07-20 08:25:07,334,525,514,0
2026-07-20 08:25:08,356,517,508,0
2026-07-20 08:25:09,339,515,549,0
2026-07-20 08:25:10,363,524,529,0
2026-07-20 08:25:11,356,538,534,0
2026-07-20 08:25:12,350,493,552,0
2026-07-20 08:25:13,391,533,516,0
2026-07-20 08:25:14,363,498,490,0
2026-07-20 08:25:15,333,529,494,0
2026-07-20 08:25:16,361,509,493,0
2026-07-20 08:25:17,349,515,517,0
2026-07-20 08:25:18,360,517,530,0
2026-07-20 08:25:19,377,527,519,0
2026-07-20 08:25:20,323,528,494,0
2026-07-20 08:25:21,345,504,506,0
2026-07-20 08:25:22,325,527,519,0
2026-07-20 08:25:23,328,519,509,0
2026-07-20 08:25:24,334,528,500,0
2026-07-20 08:25:25,306,513,500,0
2026-07-20 08:25:26,337,516,529,0
2026-07-20 08:25:27,372,509,500,0
2026-07-20 08:25:28,392,516,475,0
2026-07-20 08:25:29,382,502,468,0
2026-07-20 08:25:30,391,525,460,0
2026-07-20 08:25:31,352,521,469,0
2026-07-20 08:25:32,379,524,463,0
2026-07-20 08:25:33,394,515,457,0
2026-07-20 08:25:34,360,521,453,0
2026-07-20 08:25:35,379,516,506,0
2026-07-20 08:25:36,408,520,472,0
2026-07-20 08:25:37,378,527,505,0
2026-07-20 08:25:38,372,529,479,0
2026-07-20 08:25:39,364,523,510,0
2026-07-20 08:25:40,388,538,481,0
2026-07-20 08:25:41,367,532,505,0
2026-07-20 08:25:42,353,525,505,0
2026-07-20 08:25:43,406,530,488,0
2026-07-20 08:25:44,380,512,482,0
2026-07-20 08:25:45,355,527,508,0
2026-07-20 08:25:46,415,535,495,0
2026-07-20 08:25:47,348,516,521,0
2026-07-20 08:25:48,398,517,488,0
2026-07-20 08:25:49,419,517,520,0
2026-07-20 08:25:50,386,529,504,0
2026-07-20 08:25:51,393,539,509,0
2026-07-20 08:25:52,370,516,514,0
2026-07-20 08:25:53,403,531,483,0
2026-07-20 08:25:54,374,518,513,0
2026-07-20 08:25:55,412,522,482,0
2026-07-20 08:25:56,377,538,501,0
2026-07-20 08:25:57,381,528,497,0
2026-07-20 08:25:58,361,511,472,0
2026-07-20 08:25:59,371,509,483,0
2026-07-20 08:26:00,370,514,520,0
2026-07-20 08:26:01,361,542,504,0
2026-07-20 08:26:02,403,543,511,0
2026-07-20 08:26:03,360,530,495,0
2026-07-20 08:26:04,359,544,484,0
2026-07-20 08:26:05,421,507,489,0
2026-07-20 08:26:06,376,545,498,0
2026-07-20 08:26:07,394,523,492,0
2026-07-20 08:26:08,396,532,510,0
2026-07-20 08:26:09,401,532,507,0
2026-07-20 08:26:10,368,527,504,0
2026-07-20 08:26:11,383,515,506,0
2026-07-20 08:26:12,365,528,504,0
2026-07-20 08:26:13,353,525,502,0
2026-07-20 08:26:14,367,529,520,0
2026-07-20 08:26:15,352,532,535,0
2026-07-20 08:26:16,359,524,526,0
2026-07-20 08:26:17,391,529,525,0
2026-07-20 08:26:18,328,528,513,0
2026-07-20 08:26:19,348,532,552,0
2026-07-20 08:26:20,343,520,505,0
2026-07-20 08:26:21,330,536,532,0
2026-07-20 08:26:22,332,524,543,0
2026-07-20 08:26:23,339,524,505,0
2026-07-20 08:26:24,322,532,517,0
2026-07-20 08:26:25,351,547,539,0
2026-07-20 08:26:26,366,531,498,0
2026-07-20 08:26:27,343,536,522,0
2026-07-20 08:26:28,348,517,525,0
2026-07-20 08:26:29,365,542,503,0
2026-07-20 08:26:30,370,533,522,0
2026-07-20 08:26:31,390,521,519,0
2026-07-20 08:26:32,352,532,507,0
2026-07-20 08:26:33,399,534,518,0
2026-07-20 08:26:34,411,530,485,0
2026-07-20 08:26:35,357,528,526,0
2026-07-20 08:26:36,352,531,513,0
2026-07-20 08:26:37,398,522,496,0
2026-07-20 08:26:38,378,535,499,0
2026-07-20 08:26:39,377,519,486,0
2026-07-20 08:26:40,381,521,459,0
2026-07-20 08:26:41,389,520,471,0
2026-07-20 08:26:42,384,535,454,0
2026-07-20 08:26:43,360,524,458,0
2026-07-20 08:26:44,352,533,451,0
2026-07-20 08:26:45,353,516,461,0
2026-07-20 08:26:46,340,521,444,0
2026-07-20 08:26:47,352,513,485,0
2026-07-20 08:26:48,355,516,496,0
2026-07-20 08:26:49,368,510,489,0
2026-07-20 08:26:50,336,516,530,0
2026-07-20 08:26:51,333,513,486,0
2026-07-20 08:26:52,336,514,497,0
2026-07-20 08:26:53,319,509,501,0
2026-07-20 08:26:54,334,516,519,0
2026-07-20 08:26:55,319,518,508,0
2026-07-20 08:26:56,333,512,513,0
2026-07-20 08:26:57,326,521,514,0
2026-07-20 08:26:58,329,515,511,0
2026-07-20 08:26:59,335,512,500,0
2026-07-20 08:27:00,316,510,514,0
2026-07-20 08:27:01,322,510,510,0
2026-07-20 08:27:02,345,509,503,0
2026-07-20 08:27:03,376,513,503,0
2026-07-20 08:27:04,365,514,488,0
2026-07-20 08:27:06,374,516,488,0
2026-07-20 08:27:06,345,523,471,0
2026-07-20 08:27:07,361,524,462,0
2026-07-20 08:27:08,393,517,468,0
2026-07-20 08:27:09,347,524,466,0
2026-07-20 08:27:10,392,523,457,0
2026-07-20 08:27:11,378,537,461,0
2026-07-20 08:27:12,338,532,499,0
2026-07-20 08:27:13,402,530,526,0
2026-07-20 08:27:14,392,542,493,0
2026-07-20 08:27:15,391,531,507,0
2026-07-20 08:27:16,352,510,515,0
2026-07-20 08:27:17,363,516,537,0
2026-07-20 08:27:18,330,527,560,0
2026-07-20 08:27:19,347,521,513,0
2026-07-20 08:27:20,346,509,527,0
2026-07-20 08:27:21,366,520,554,0
2026-07-20 08:27:22,344,528,576,0
2026-07-20 08:27:23,403,524,526,0
2026-07-20 08:27:24,349,507,507,0
2026-07-20 08:27:25,371,541,507,0
2026-07-20 08:27:26,352,514,486,0
2026-07-20 08:27:27,391,525,460,0
2026-07-20 08:27:28,378,535,505,0
2026-07-20 08:27:29,353,517,544,0
2026-07-20 08:27:30,384,508,514,0
2026-07-20 08:27:31,354,517,504,0
2026-07-20 08:27:32,361,514,507,0
2026-07-20 08:27:33,349,535,507,0
2026-07-20 08:27:34,323,511,520,0
2026-07-20 08:27:35,330,526,511,0
2026-07-20 08:27:36,324,508,519,0
2026-07-20 08:27:37,325,518,505,0
2026-07-20 08:27:38,336,518,493,0
2026-07-20 08:27:39,326,512,503,0
2026-07-20 08:27:40,326,519,517,0
2026-07-20 08:27:41,313,511,510,0
2026-07-20 08:27:42,307,521,499,0
2026-07-20 08:27:43,311,518,503,0
2026-07-20 08:27:44,333,530,506,0
2026-07-20 08:27:45,321,522,508,0
2026-07-20 08:27:46,357,527,496,0
2026-07-20 08:27:47,353,511,525,0
2026-07-20 08:27:48,374,525,515,0
2026-07-20 08:27:49,355,526,552,0
2026-07-20 08:27:50,351,536,515,0
2026-07-20 08:27:51,388,524,496,0
2026-07-20 08:27:52,378,509,499,0
2026-07-20 08:27:53,372,512,521,0
2026-07-20 08:27:54,331,518,526,0
2026-07-20 08:27:55,391,509,525,0
2026-07-20 08:27:56,367,517,534,0
2026-07-20 08:27:57,357,527,550,0
2026-07-20 08:27:58,328,529,551,0
2026-07-20 08:27:59,330,526,535,0
2026-07-20 08:28:00,343,518,531,0
2026-07-20 08:28:01,338,527,516,0
2026-07-20 08:28:02,387,545,504,0
2026-07-20 08:28:03,371,526,510,0
2026-07-20 08:28:04,406,518,520,0
2026-07-20 08:28:05,340,523,515,0
2026-07-20 08:28:06,392,527,480,0
2026-07-20 08:28:07,362,537,460,0
2026-07-20 08:28:08,380,524,459,0
2026-07-20 08:28:09,349,510,464,0
2026-07-20 08:28:10,398,521,468,0
2026-07-20 08:28:11,374,523,445,0
2026-07-20 08:28:12,380,519,473,0
2026-07-20 08:28:13,382,515,495,0
2026-07-20 08:28:14,365,509,505,0
2026-07-20 08:28:15,336,511,509,0
2026-07-20 08:28:16,329,514,509,0
2026-07-20 08:28:17,311,514,505,0
2026-07-20 08:28:18,327,525,511,0
2026-07-20 08:28:19,332,515,519,0
2026-07-20 08:28:20,319,518,510,0
2026-07-20 08:28:21,350,515,518,0
2026-07-20 08:28:22,365,526,523,0
2026-07-20 08:28:23,367,523,539,0
2026-07-20 08:28:24,366,519,513,0
2026-07-20 08:28:25,368,534,498,0
2026-07-20 08:28:26,379,515,504,0
2026-07-20 08:28:27,383,517,492,0
2026-07-20 08:28:28,337,516,474,0
2026-07-20 08:28:29,367,529,495,0
2026-07-20 08:28:30,351,521,482,0
2026-07-20 08:28:31,364,528,512,0
2026-07-20 08:28:32,371,504,481,0
2026-07-20 08:28:33,387,520,536,0
2026-07-20 08:28:34,384,512,539,0
2026-07-20 08:28:35,369,528,520,0
2026-07-20 08:28:36,352,527,556,0
2026-07-20 08:28:37,373,525,570,0
2026-07-20 08:28:38,334,529,519,0
2026-07-20 08:28:39,351,515,539,0
2026-07-20 08:28:40,330,520,528,0
2026-07-20 08:28:41,327,531,545,0
2026-07-20 08:28:42,322,509,581,0
2026-07-20 08:28:43,327,517,560,0
2026-07-20 08:28:44,337,516,575,0
2026-07-20 08:28:45,325,518,537,0
2026-07-20 08:28:46,329,504,534,0
2026-07-20 08:28:47,332,513,547,0
2026-07-20 08:28:48,327,522,561,0
2026-07-20 08:28:49,319,519,519,0
2026-07-20 08:28:50,346,516,536,0
2026-07-20 08:28:51,342,525,548,0
2026-07-20 08:28:52,323,524,541,0
2026-07-20 08:28:53,339,535,531,0
2026-07-20 08:28:54,334,509,506,0
2026-07-20 08:28:55,336,523,529,0
2026-07-20 08:28:56,328,527,549,0
2026-07-20 08:28:57,323,515,548,0
2026-07-20 08:28:58,384,523,554,0
2026-07-20 08:28:59,343,516,547,0
2026-07-20 08:29:00,373,505,513,0
2026-07-20 08:29:01,356,513,510,0
2026-07-20 08:29:02,377,526,521,0
2026-07-20 08:29:03,388,524,515,0
2026-07-20 08:29:04,403,514,485,0
2026-07-20 08:29:05,353,522,515,0
2026-07-20 08:29:06,356,528,534,0
2026-07-20 08:29:07,400,512,518,0
2026-07-20 08:29:08,350,532,504,0
2026-07-20 08:29:09,359,532,493,0
2026-07-20 08:29:10,338,522,516,0
2026-07-20 08:29:11,327,526,524,0
2026-07-20 08:29:12,338,529,519,0
2026-07-20 08:29:13,309,515,499,0
2026-07-20 08:29:14,337,520,497,0
2026-07-20 08:29:15,332,517,508,0
2026-07-20 08:29:16,351,511,510,0
2026-07-20 08:29:17,362,516,498,0
2026-07-20 08:29:18,356,516,470,0
2026-07-20 08:29:19,381,517,501,0
2026-07-20 08:29:20,342,520,443,0
2026-07-20 08:29:21,352,522,451,0
2026-07-20 08:29:22,345,538,455,0
2026-07-20 08:29:23,366,516,449,0
2026-07-20 08:29:24,389,533,452,0
2026-07-20 08:29:25,369,525,456,0
2026-07-20 08:29:26,402,529,453,0
2026-07-20 08:29:27,389,523,455,0
2026-07-20 08:29:28,366,520,455,0
2026-07-20 08:29:29,410,501,458,0
2026-07-20 08:29:30,370,512,456,0
2026-07-20 08:29:31,390,520,454,0
2026-07-20 08:29:32,352,515,460,0
2026-07-20 08:29:33,388,513,449,0
2026-07-20 08:29:34,353,515,493,0
2026-07-20 08:29:35,378,512,479,0
2026-07-20 08:29:36,366,521,502,0
2026-07-20 08:29:37,364,511,513,0
2026-07-20 08:29:38,321,510,511,0
2026-07-20 08:29:39,330,509,512,0
2026-07-20 08:29:40,321,511,508,0
2026-07-20 08:29:41,326,526,524,0
2026-07-20 08:29:42,308,537,529,0
2026-07-20 08:29:43,353,534,517,0
2026-07-20 08:29:44,351,526,527,0
2026-07-20 08:29:45,340,513,526,0
2026-07-20 08:29:46,386,518,532,0
2026-07-20 08:29:47,349,506,492,0
2026-07-20 08:29:48,395,513,497,0
2026-07-20 08:29:49,393,527,494,0
2026-07-20 08:29:50,354,533,505,0
2026-07-20 08:29:51,348,520,520,0
2026-07-20 08:29:52,350,525,516,0
2026-07-20 08:29:53,349,523,569,0
2026-07-20 08:29:54,313,536,560,0
2026-07-20 08:29:55,328,510,573,0
2026-07-20 08:29:56,332,519,500,0
2026-07-20 08:29:57,348,521,550,0
2026-07-20 08:29:58,326,538,530,0
2026-07-20 08:29:59,362,524,532,0
2026-07-20 08:30:00,379,519,504,0
2026-07-20 08:30:01,400,519,497,0
2026-07-20 08:30:02,372,541,512,0
2026-07-20 08:30:03,352,541,490,0
2026-07-20 08:30:04,397,537,479,0
2026-07-20 08:30:05,386,526,480,0
2026-07-20 08:30:06,404,519,475,0
2026-07-20 08:30:07,391,520,497,0
2026-07-20 08:30:08,376,528,472,0
2026-07-20 08:30:09,365,522,476,0
2026-07-20 08:30:10,353,529,476,0
2026-07-20 08:30:11,372,528,457,0
2026-07-20 08:30:12,378,524,461,0
2026-07-20 08:30:13,367,535,451,0
2026-07-20 08:30:14,402,534,477,0
2026-07-20 08:30:15,367,539,516,0
2026-07-20 08:30:16,376,519,489,0
2026-07-20 08:30:17,421,550,494,0
2026-07-20 08:30:18,418,528,519,0
2026-07-20 08:30:19,366,540,503,0
2026-07-20 08:30:20,339,525,507,0
2026-07-20 08:30:21,330,529,515,0
2026-07-20 08:30:22,339,536,545,0
2026-07-20 08:30:23,354,532,552,0
2026-07-20 08:30:24,336,522,551,0
2026-07-20 08:30:25,378,521,558,0
2026-07-20 08:30:26,359,506,500,0
2026-07-20 08:30:27,370,523,485,0
2026-07-20 08:30:28,379,533,510,0
2026-07-20 08:30:29,383,521,511,0
2026-07-20 08:30:30,338,518,506,0
2026-07-20 08:30:31,354,522,491,0
2026-07-20 08:30:32,376,527,530,0
2026-07-20 08:30:33,356,512,512,0
2026-07-20 08:30:34,377,517,520,0
2026-07-20 08:30:35,397,524,513,0
2026-07-20 08:30:36,361,521,510,0
2026-07-20 08:30:37,357,519,513,0
2026-07-20 08:30:38,336,510,506,0
2026-07-20 08:30:39,331,531,521,0
2026-07-20 08:30:40,312,522,508,0
2026-07-20 08:30:41,336,520,504,0
2026-07-20 08:30:42,317,506,519,0
2026-07-20 08:30:44,371,523,519,0
2026-07-20 08:30:45,337,526,498,0
2026-07-20 08:30:45,361,519,475,0
2026-07-20 08:30:46,391,531,458,0
2026-07-20 08:30:47,336,520,459,0
2026-07-20 08:30:48,363,529,480,0
2026-07-20 08:30:49,387,524,466,0
2026-07-20 08:30:50,393,525,477,0
2026-07-20 08:30:51,401,532,518,0
2026-07-20 08:30:52,403,523,526,0
2026-07-20 08:30:53,406,526,482,0
2026-07-20 08:30:54,385,540,506,0
2026-07-20 08:30:55,343,539,520,0
2026-07-20 08:30:56,325,524,507,0
2026-07-20 08:30:57,351,533,541,0
2026-07-20 08:30:58,330,518,533,0
2026-07-20 08:30:59,345,519,518,0
2026-07-20 08:31:00,328,525,558,0
2026-07-20 08:31:01,330,520,524,0
2026-07-20 08:31:02,324,516,558,0
2026-07-20 08:31:03,343,526,520,0
2026-07-20 08:31:04,306,514,563,0
2026-07-20 08:31:05,337,513,525,0
2026-07-20 08:31:06,329,513,553,0
2026-07-20 08:31:07,336,525,514,0
2026-07-20 08:31:08,362,515,518,0
2026-07-20 08:31:09,347,518,547,0
2026-07-20 08:31:10,336,522,554,0
2026-07-20 08:31:11,363,514,535,0
2026-07-20 08:31:12,326,518,551,0
2026-07-20 08:31:13,351,530,543,0
2026-07-20 08:31:14,333,522,540,0
2026-07-20 08:31:15,343,518,501,0
2026-07-20 08:31:16,328,528,516,0
2026-07-20 08:31:17,321,526,516,0
2026-07-20 08:31:18,321,531,561,0
2026-07-20 08:31:19,338,528,555,0
2026-07-20 08:31:20,330,519,549,0
2026-07-20 08:31:21,355,510,552,0
2026-07-20 08:31:22,328,520,559,0
2026-07-20 08:31:23,356,515,581,0
2026-07-20 08:31:24,350,526,565,0
2026-07-20 08:31:25,337,522,535,0
2026-07-20 08:31:26,340,528,549,0
2026-07-20 08:31:27,322,519,544,0
2026-07-20 08:31:28,358,523,529,0
2026-07-20 08:31:29,356,512,565,0
2026-07-20 08:31:30,350,516,533,0
2026-07-20 08:31:31,345,517,525,0
2026-07-20 08:31:32,367,517,523,0
2026-07-20 08:31:33,363,515,521,0
2026-07-20 08:31:34,372,518,525,0
2026-07-20 08:31:35,396,527,504,0
2026-07-20 08:31:36,363,519,484,0
2026-07-20 08:31:37,354,521,498,0
2026-07-20 08:31:38,370,527,508,0
2026-07-20 08:31:39,387,531,498,0
2026-07-20 08:31:40,356,512,495,0
2026-07-20 08:31:41,385,515,492,0
2026-07-20 08:31:42,377,530,495,0
2026-07-20 08:31:43,352,515,515,0
2026-07-20 08:31:44,395,519,560,0
2026-07-20 08:31:45,346,511,532,0
2026-07-20 08:31:46,386,538,521,0
2026-07-20 08:31:47,360,539,515,0
2026-07-20 08:31:48,388,525,506,0
2026-07-20 08:31:49,363,529,515,0
2026-07-20 08:31:50,352,529,508,0
2026-07-20 08:31:51,351,529,513,0
2026-07-20 08:31:52,322,528,506,0
2026-07-20 08:31:53,323,516,507,0
2026-07-20 08:31:54,341,523,496,0
2026-07-20 08:31:55,348,522,520,0
2026-07-20 08:31:56,333,516,496,0
2026-07-20 08:31:57,318,522,487,0
2026-07-20 08:31:58,344,509,516,0
2026-07-20 08:31:59,365,508,515,0
2026-07-20 08:32:00,397,520,484,0
2026-07-20 08:32:01,386,512,470,0
2026-07-20 08:32:02,371,511,468,0
2026-07-20 08:32:03,342,530,463,0
2026-07-20 08:32:04,392,526,463,0
2026-07-20 08:32:05,379,527,464,0
2026-07-20 08:32:06,400,540,518,0
2026-07-20 08:32:07,372,508,523,0
2026-07-20 08:32:08,389,526,523,0
2026-07-20 08:32:09,363,517,533,0
2026-07-20 08:32:10,323,538,548,0
2026-07-20 08:32:11,339,522,534,0
2026-07-20 08:32:12,327,521,536,0
2026-07-20 08:32:13,347,514,563,0
2026-07-20 08:32:14,331,517,538,0
2026-07-20 08:32:15,358,527,527,0
2026-07-20 08:32:16,367,522,555,0
2026-07-20 08:32:17,348,505,500,0
2026-07-20 08:32:18,389,525,532,0
2026-07-20 08:32:19,375,532,510,0
2026-07-20 08:32:20,357,525,528,0
2026-07-20 08:32:21,354,512,531,0
2026-07-20 08:32:22,384,510,505,0
2026-07-20 08:32:23,343,524,505,0
2026-07-20 08:32:24,387,529,509,0
2026-07-20 08:32:25,374,520,517,0
2026-07-20 08:32:26,332,514,513,0
2026-07-20 08:32:27,334,516,497,0
2026-07-20 08:32:28,320,525,519,0
2026-07-20 08:32:29,332,516,516,0
2026-07-20 08:32:30,338,512,514,0
2026-07-20 08:32:31,361,509,502,0
2026-07-20 08:32:32,348,512,471,0
2026-07-20 08:32:33,351,515,466,0
2026-07-20 08:32:34,394,530,454,0
2026-07-20 08:32:35,392,526,448,0
2026-07-20 08:32:36,393,528,467,0
2026-07-20 08:32:37,387,535,489,0
2026-07-20 08:32:38,359,543,498,0
2026-07-20 08:32:39,398,534,474,0
2026-07-20 08:32:40,363,525,485,0
2026-07-20 08:32:41,352,529,506,0
2026-07-20 08:32:42,360,530,530,0
2026-07-20 08:32:43,331,531,546,0
2026-07-20 08:32:44,343,535,566,0
2026-07-20 08:32:45,341,511,579,0
2026-07-20 08:32:46,329,517,551,0
2026-07-20 08:32:47,351,541,535,0
2026-07-20 08:32:48,362,527,530,0
2026-07-20 08:32:49,354,513,515,0
2026-07-20 08:32:50,390,514,485,0
2026-07-20 08:32:51,390,506,523,0
2026-07-20 08:32:52,373,526,473,0
2026-07-20 08:32:53,340,525,488,0
2026-07-20 08:32:54,385,531,521,0
2026-07-20 08:32:55,356,529,496,0
2026-07-20 08:32:56,376,537,506,0
2026-07-20 08:32:57,383,523,533,0
2026-07-20 08:32:58,362,528,519,0
2026-07-20 08:32:59,383,527,485,0
2026-07-20 08:33:00,369,517,522,0
2026-07-20 08:33:01,377,526,510,0
2026-07-20 08:33:02,375,517,536,0
2026-07-20 08:33:03,350,516,511,0
2026-07-20 08:33:04,371,535,515,0
2026-07-20 08:33:05,402,529,523,0
2026-07-20 08:33:06,371,530,514,0
2026-07-20 08:33:07,386,523,517,0
2026-07-20 08:33:08,368,515,495,0
2026-07-20 08:33:09,356,529,504,0
2026-07-20 08:33:10,368,517,500,0
2026-07-20 08:33:11,361,512,505,0
2026-07-20 08:33:12,370,531,540,0
2026-07-20 08:33:13,370,521,540,0
2026-07-20 08:33:14,370,508,568,0
2026-07-20 08:33:15,345,516,578,0
2026-07-20 08:33:16,339,525,526,0
2026-07-20 08:33:17,333,517,544,0
2026-07-20 08:33:18,338,532,538,0
2026-07-20 08:33:19,362,529,528,0
2026-07-20 08:33:20,401,521,489,0
2026-07-20 08:33:21,361,526,493,0
2026-07-20 08:33:22,392,524,474,0
2026-07-20 08:33:23,367,521,462,0
2026-07-20 08:33:24,365,532,449,0
2026-07-20 08:33:25,329,532,464,0
2026-07-20 08:33:26,349,529,463,0
2026-07-20 08:33:27,395,516,479,0
2026-07-20 08:33:28,358,521,513,0
2026-07-20 08:33:29,323,515,507,0
2026-07-20 08:33:30,316,514,504,0
2026-07-20 08:33:31,321,508,495,0
2026-07-20 08:33:32,343,530,528,0
2026-07-20 08:33:33,324,516,519,0
2026-07-20 08:33:34,333,520,521,0
2026-07-20 08:33:35,369,533,506,0
2026-07-20 08:33:36,361,536,518,0
2026-07-20 08:33:37,391,518,542,0
2026-07-20 08:33:38,378,530,498,0
2026-07-20 08:33:39,350,529,530,0
2026-07-20 08:33:40,342,527,477,0
2026-07-20 08:33:41,370,525,516,0
2026-07-20 08:33:42,336,525,496,0
2026-07-20 08:33:43,359,524,507,0
2026-07-20 08:33:44,386,530,547,0
2026-07-20 08:33:45,350,514,542,0
2026-07-20 08:33:46,346,525,549,0
2026-07-20 08:33:47,345,530,516,0
2026-07-20 08:33:48,353,532,522,0
2026-07-20 08:33:49,381,518,506,0
2026-07-20 08:33:50,374,531,528,0
2026-07-20 08:33:51,395,531,485,0
2026-07-20 08:33:52,397,534,489,0
2026-07-20 08:33:53,373,533,475,0
2026-07-20 08:33:54,332,528,454,0
2026-07-20 08:33:55,387,525,455,0
2026-07-20 08:33:56,381,521,462,0
2026-07-20 08:33:57,342,511,466,0
2026-07-20 08:33:58,346,515,495,0
2026-07-20 08:33:59,348,521,522,0
2026-07-20 08:34:00,336,527,507,0
2026-07-20 08:34:01,314,521,499,0
2026-07-20 08:34:02,320,522,501,0
2026-07-20 08:34:03,321,529,507,0
2026-07-20 08:34:04,342,525,512,0
2026-07-20 08:34:05,346,524,506,0
2026-07-20 08:34:06,362,528,527,0
2026-07-20 08:34:07,352,525,515,0
2026-07-20 08:34:08,399,532,526,0
2026-07-20 08:34:09,385,530,502,0
2026-07-20 08:34:10,354,529,513,0
2026-07-20 08:34:11,350,545,510,0
2026-07-20 08:34:12,349,515,494,0
2026-07-20 08:34:13,341,514,490,0
2026-07-20 08:34:14,393,532,497,0
2026-07-20 08:34:15,357,520,510,0
2026-07-20 08:34:16,361,515,552,0
2026-07-20 08:34:17,376,523,532,0
2026-07-20 08:34:18,345,519,542,0
2026-07-20 08:34:19,384,518,562,0
2026-07-20 08:34:20,323,520,558,0
2026-07-20 08:34:21,331,510,536,0
2026-07-20 08:34:24,326,518,564,0
2026-07-20 08:34:24,328,526,516,0
2026-07-20 08:34:24,330,541,507,0
2026-07-20 08:34:25,333,523,500,0
2026-07-20 08:34:26,339,529,519,0
2026-07-20 08:34:27,324,529,525,0
2026-07-20 08:34:28,342,532,544,0
2026-07-20 08:34:29,354,538,515,0
2026-07-20 08:34:30,356,528,518,0
2026-07-20 08:34:31,373,527,497,0
2026-07-20 08:34:32,363,536,502,0
2026-07-20 08:34:33,372,522,521,0
2026-07-20 08:34:34,367,537,504,0
2026-07-20 08:34:35,363,526,515,0
2026-07-20 08:34:36,358,546,505,0
2026-07-20 08:34:37,372,528,499,0
2026-07-20 08:34:38,359,535,492,0
2026-07-20 08:34:39,393,536,516,0
2026-07-20 08:34:40,359,516,506,0
2026-07-20 08:34:41,372,537,501,0
2026-07-20 08:34:42,354,522,495,0
2026-07-20 08:34:43,357,533,535,0
2026-07-20 08:34:44,386,530,499,0
2026-07-20 08:34:45,336,520,534,0
2026-07-20 08:34:46,342,530,523,0
2026-07-20 08:34:47,334,525,515,0
2026-07-20 08:34:48,333,517,538,0
2026-07-20 08:34:49,344,514,535,0
2026-07-20 08:34:50,330,520,530,0
2026-07-20 08:34:51,334,516,533,0
2026-07-20 08:34:52,337,529,509,0
2026-07-20 08:34:53,373,520,527,0
2026-07-20 08:34:54,371,522,560,0
2026-07-20 08:34:55,394,507,573,0
2026-07-20 08:34:56,356,516,524,0
2026-07-20 08:34:57,367,515,510,0
2026-07-20 08:34:58,368,507,486,0
2026-07-20 08:34:59,394,511,513,0
2026-07-20 08:35:00,395,520,489,0
2026-07-20 08:35:01,357,527,491,0
2026-07-20 08:35:02,380,531,501,0
2026-07-20 08:35:03,393,530,520,0
2026-07-20 08:35:04,386,515,545,0
2026-07-20 08:35:05,393,525,525,0
2026-07-20 08:35:06,351,529,508,0
2026-07-20 08:35:07,327,524,506,0
2026-07-20 08:35:08,331,523,525,0
2026-07-20 08:35:09,330,522,513,0
2026-07-20 08:35:10,330,516,516,0
2026-07-20 08:35:11,336,521,490,0
2026-07-20 08:35:12,359,517,521,0
2026-07-20 08:35:13,379,513,500,0
2026-07-20 08:35:14,366,520,487,0
2026-07-20 08:35:15,395,514,462,0
2026-07-20 08:35:16,347,524,456,0
2026-07-20 08:35:17,367,528,460,0
2026-07-20 08:35:18,400,526,474,0
2026-07-20 08:35:19,384,525,467,0
2026-07-20 08:35:20,371,525,488,0
2026-07-20 08:35:21,364,512,504,0
2026-07-20 08:35:22,385,539,498,0
2026-07-20 08:35:23,377,527,502,0
2026-07-20 08:35:24,350,528,534,0
2026-07-20 08:35:25,343,531,551,0
2026-07-20 08:35:26,326,521,517,0
2026-07-20 08:35:28,324,527,526,0
2026-07-20 08:35:29,311,518,548,0
2026-07-20 08:35:29,338,524,548,0
2026-07-20 08:35:30,354,521,544,0
2026-07-20 08:35:31,392,523,526,0
2026-07-20 08:35:32,366,519,519,0
2026-07-20 08:35:33,340,527,515,0
2026-07-20 08:35:34,356,526,502,0
2026-07-20 08:35:35,352,515,484,0
2026-07-20 08:35:36,342,528,525,0
2026-07-20 08:35:37,386,534,535,0
2026-07-20 08:35:38,389,533,526,0
2026-07-20 08:35:39,343,529,525,0
2026-07-20 08:35:40,338,516,506,0
2026-07-20 08:35:41,314,528,519,0
2026-07-20 08:35:42,322,521,503,0
2026-07-20 08:35:43,328,506,502,0
2026-07-20 08:35:44,334,517,514,0
2026-07-20 08:35:45,312,523,504,0
2026-07-20 08:35:46,366,516,494,0
2026-07-20 08:35:47,385,512,484,0
2026-07-20 08:35:48,385,517,473,0
2026-07-20 08:35:49,352,512,464,0
2026-07-20 08:35:50,359,530,460,0
2026-07-20 08:35:51,356,534,454,0
2026-07-20 08:35:52,385,525,448,0
2026-07-20 08:35:53,374,524,463,0
2026-07-20 08:35:54,402,525,463,0
2026-07-20 08:35:55,351,525,469,0
2026-07-20 08:35:56,373,515,464,0
2026-07-20 08:35:57,402,526,472,0
2026-07-20 08:35:58,370,530,486,0
2026-07-20 08:35:59,369,536,505,0
2026-07-20 08:36:00,386,529,490,0
2026-07-20 08:36:01,359,531,511,0
2026-07-20 08:36:02,357,541,489,0
2026-07-20 08:36:03,385,528,539,0
2026-07-20 08:36:04,382,538,510,0
2026-07-20 08:36:05,373,533,527,0
2026-07-20 08:36:06,379,531,497,0
2026-07-20 08:36:07,359,533,518,0
2026-07-20 08:36:08,359,525,534,0
2026-07-20 08:36:09,360,516,500,0
2026-07-20 08:36:10,348,524,515,0
2026-07-20 08:36:11,350,530,512,0
2026-07-20 08:36:12,358,537,532,0
2026-07-20 08:36:13,357,522,524,0
2026-07-20 08:36:14,369,523,510,0
2026-07-20 08:36:15,384,540,518,0
2026-07-20 08:36:16,373,538,520,0
2026-07-20 08:36:17,368,537,502,0
2026-07-20 08:36:18,380,537,485,0
2026-07-20 08:36:19,416,536,513,0
2026-07-20 08:36:20,355,524,483,0
2026-07-20 08:36:21,407,528,485,0
2026-07-20 08:36:22,381,521,478,0
2026-07-20 08:36:23,381,535,467,0
2026-07-20 08:36:24,383,528,478,0
2026-07-20 08:36:25,402,523,465,0
2026-07-20 08:36:26,359,533,459,0
2026-07-20 08:36:27,402,510,459,0
2026-07-20 08:36:28,402,524,474,0
2026-07-20 08:36:29,347,520,465,0
2026-07-20 08:36:30,351,521,494,0
2026-07-20 08:36:31,364,522,513,0
2026-07-20 08:36:32,374,512,513,0
2026-07-20 08:36:33,361,520,529,0
2026-07-20 08:36:34,323,514,517,0
2026-07-20 08:36:35,317,518,513,0
2026-07-20 08:36:36,337,507,510,0
2026-07-20 08:36:37,320,519,506,0
2026-07-20 08:36:38,318,516,505,0
2026-07-20 08:36:39,309,513,512,0
2026-07-20 08:36:40,323,510,512,0
2026-07-20 08:36:41,324,524,506,0
2026-07-20 08:36:42,315,507,506,0
2026-07-20 08:36:43,307,513,501,0
2026-07-20 08:36:44,314,502,521,0
2026-07-20 08:36:45,323,506,514,0
2026-07-20 08:36:46,323,513,499,0
2026-07-20 08:36:47,315,502,504,0
2026-07-20 08:36:48,331,529,507,0
2026-07-20 08:36:49,334,521,522,0
2026-07-20 08:36:50,326,524,498,0
2026-07-20 08:36:51,318,507,506,0
2026-07-20 08:36:52,317,511,518,0
2026-07-20 08:36:53,328,509,521,0
2026-07-20 08:36:54,325,516,523,0
2026-07-20 08:36:55,346,514,497,0
2026-07-20 08:36:56,343,515,499,0
2026-07-20 08:36:57,352,519,518,0
2026-07-20 08:36:58,334,511,511,0
2026-07-20 08:36:59,366,518,504,0
2026-07-20 08:37:00,373,514,489,0
2026-07-20 08:37:01,401,531,448,0
2026-07-20 08:37:02,350,511,464,0
2026-07-20 08:37:03,391,543,471,0
2026-07-20 08:37:04,349,521,462,0
2026-07-20 08:37:05,356,532,466,0
2026-07-20 08:37:06,353,520,478,0
2026-07-20 08:37:07,363,523,491,0
2026-07-20 08:37:08,379,545,506,0
2026-07-20 08:37:09,395,542,506,0
2026-07-20 08:37:10,336,548,514,0
2026-07-20 08:37:11,366,515,505,0
2026-07-20 08:37:12,343,533,538,0
2026-07-20 08:37:13,333,520,527,0
2026-07-20 08:37:14,344,518,557,0
2026-07-20 08:37:15,332,534,560,0
2026-07-20 08:37:16,347,521,560,0
2026-07-20 08:37:17,353,518,521,0
2026-07-20 08:37:18,387,520,531,0
2026-07-20 08:37:19,357,504,492,0
2026-07-20 08:37:20,351,535,524,0
2026-07-20 08:37:21,346,540,526,0
2026-07-20 08:37:22,347,518,490,0
2026-07-20 08:37:23,371,514,520,0
2026-07-20 08:37:24,357,529,538,0
2026-07-20 08:37:25,386,517,516,0
2026-07-20 08:37:26,341,523,530,0
2026-07-20 08:37:27,374,518,509,0
2026-07-20 08:37:28,338,515,525,0
2026-07-20 08:37:29,316,538,517,0
2026-07-20 08:37:30,323,527,498,0
2026-07-20 08:37:31,316,501,504,0
2026-07-20 08:37:32,311,518,500,0
2026-07-20 08:37:33,363,517,523,0
2026-07-20 08:37:34,358,512,507,0
2026-07-20 08:37:35,369,511,481,0
2026-07-20 08:37:36,405,518,457,0
2026-07-20 08:37:37,350,527,456,0
2026-07-20 08:37:38,366,522,451,0
2026-07-20 08:37:39,402,534,448,0
2026-07-20 08:37:40,391,528,452,0
2026-07-20 08:37:41,373,529,463,0
2026-07-20 08:37:42,420,522,483,0
2026-07-20 08:37:43,361,519,494,0
2026-07-20 08:37:44,398,550,514,0
2026-07-20 08:37:45,404,530,498,0
2026-07-20 08:37:46,392,517,477,0
2026-07-20 08:37:47,364,521,519,0
2026-07-20 08:37:48,367,524,499,0
2026-07-20 08:37:49,355,530,514,0
2026-07-20 08:37:50,348,533,495,0
2026-07-20 08:37:51,341,529,531,0
2026-07-20 08:37:52,330,530,494,0
2026-07-20 08:37:53,346,527,501,0
2026-07-20 08:37:54,333,529,504,0
2026-07-20 08:37:55,334,534,536,0
2026-07-20 08:37:56,325,529,559,0
2026-07-20 08:37:57,339,530,518,0
2026-07-20 08:37:58,346,544,525,0
2026-07-20 08:37:59,341,523,537,0
2026-07-20 08:38:00,333,520,519,0
2026-07-20 08:38:01,315,528,523,0
2026-07-20 08:38:02,335,535,510,0
2026-07-20 08:38:03,339,529,533,0
2026-07-20 08:38:04,331,545,533,0
2026-07-20 08:38:05,338,524,544,0
2026-07-20 08:38:06,329,537,505,0
2026-07-20 08:38:07,366,526,508,0
2026-07-20 08:38:08,331,521,519,0
2026-07-20 08:38:09,352,540,515,0
2026-07-20 08:38:10,338,543,525,0
2026-07-20 08:38:11,349,527,523,0
2026-07-20 08:38:12,359,532,520,0
2026-07-20 08:38:13,370,527,511,0
2026-07-20 08:38:14,394,538,512,0
2026-07-20 08:38:15,386,522,470,0
2026-07-20 08:38:16,354,530,514,0
2026-07-20 08:38:17,392,529,497,0
2026-07-20 08:38:18,381,536,493,0
2026-07-20 08:38:19,362,533,501,0
2026-07-20 08:38:20,360,520,509,0
2026-07-20 08:38:21,377,522,485,0
2026-07-20 08:38:22,404,530,480,0
2026-07-20 08:38:23,352,530,473,0
2026-07-20 08:38:24,386,521,485,0
2026-07-20 08:38:25,395,518,458,0
2026-07-20 08:38:26,401,530,461,0
2026-07-20 08:38:27,375,527,462,0
2026-07-20 08:38:28,392,513,467,0
2026-07-20 08:38:29,395,535,460,0
2026-07-20 08:38:30,363,530,453,0
2026-07-20 08:38:31,386,520,478,0
2026-07-20 08:38:32,390,526,456,0
2026-07-20 08:38:33,356,514,455,0
2026-07-20 08:38:34,388,526,471,0
2026-07-20 08:38:35,357,522,468,0
2026-07-20 08:38:36,368,518,467,0
2026-07-20 08:38:37,385,522,465,0
2026-07-20 08:38:38,399,518,493,0
2026-07-20 08:38:39,380,515,495,0
2026-07-20 08:38:40,356,531,473,0
2026-07-20 08:38:41,398,515,480,0
2026-07-20 08:38:42,348,518,473,0
2026-07-20 08:38:43,377,512,462,0
2026-07-20 08:38:44,383,519,462,0
2026-07-20 08:38:45,343,522,466,0
2026-07-20 08:38:46,349,534,456,0
2026-07-20 08:38:47,349,532,458,0
2026-07-20 08:38:48,333,512,451,0
2026-07-20 08:38:49,349,532,452,0
2026-07-20 08:38:50,366,534,465,0
2026-07-20 08:38:51,372,527,467,0
2026-07-20 08:38:52,403,529,441,0
2026-07-20 08:38:53,396,521,459,0
2026-07-20 08:38:54,346,507,464,0
2026-07-20 08:38:55,347,518,469,0
2026-07-20 08:38:56,410,520,465,0
2026-07-20 08:38:57,363,538,486,0
2026-07-20 08:38:58,360,528,475,0
2026-07-20 08:38:59,400,528,496,0
2026-07-20 08:39:00,347,519,495,0
2026-07-20 08:39:01,365,538,507,0
2026-07-20 08:39:02,319,521,540,0
2026-07-20 08:39:03,345,529,553,0
2026-07-20 08:39:04,334,518,518,0
2026-07-20 08:39:05,319,521,538,0
2026-07-20 08:39:06,364,525,530,0
2026-07-20 08:39:07,371,522,538,0
2026-07-20 08:39:08,385,521,507,0
2026-07-20 08:39:09,342,515,534,0
2026-07-20 08:39:10,359,533,513,0
2026-07-20 08:39:11,373,524,491,0
2026-07-20 08:39:12,372,522,480,0
2026-07-20 08:39:13,369,516,509,0
2026-07-20 08:39:14,377,541,536,0
2026-07-20 08:39:15,378,512,523,0
2026-07-20 08:39:16,342,518,517,0
2026-07-20 08:39:17,365,542,536,0
2026-07-20 08:39:18,349,533,535,0
2026-07-20 08:39:19,364,537,529,0
2026-07-20 08:39:20,375,523,512,0
2026-07-20 08:39:21,344,519,540,0
2026-07-20 08:39:22,382,528,541,0
2026-07-20 08:39:23,375,518,537,0
2026-07-20 08:39:24,349,531,511,0
2026-07-20 08:39:25,384,519,529,0
2026-07-20 08:39:26,355,531,517,0
2026-07-20 08:39:27,375,528,480,0
2026-07-20 08:39:28,373,529,505,0
2026-07-20 08:39:29,344,523,518,0
2026-07-20 08:39:30,368,518,518,0
2026-07-20 08:39:31,379,510,499,0
2026-07-20 08:39:32,354,528,526,0
2026-07-20 08:39:33,377,514,572,0
2026-07-20 08:39:34,350,516,513,0
2026-07-20 08:39:35,330,526,550,0
2026-07-20 08:39:36,330,534,555,0
2026-07-20 08:39:37,320,522,527,0
2026-07-20 08:39:38,342,543,518,0
2026-07-20 08:39:39,346,528,498,0
2026-07-20 08:39:40,388,521,518,0
2026-07-20 08:39:41,398,539,504,0
2026-07-20 08:39:42,374,520,515,0
2026-07-20 08:39:43,397,538,474,0
2026-07-20 08:39:44,382,528,456,0
2026-07-20 08:39:45,407,527,451,0
2026-07-20 08:39:46,375,513,456,0
2026-07-20 08:39:47,351,537,469,0
2026-07-20 08:39:48,369,510,453,0
2026-07-20 08:39:49,397,523,466,0
2026-07-20 08:39:50,390,527,494,0
2026-07-20 08:39:51,351,517,494,0
2026-07-20 08:39:52,333,514,508,0
2026-07-20 08:39:53,336,524,521,0
2026-07-20 08:39:54,327,518,515,0
2026-07-20 08:39:55,319,518,512,0
2026-07-20 08:39:56,337,520,519,0
2026-07-20 08:39:57,319,527,512,0
2026-07-20 08:39:58,322,514,514,0
2026-07-20 08:39:59,328,516,524,0
2026-07-20 08:40:00,316,531,514,0
2026-07-20 08:40:01,323,511,508,0
2026-07-20 08:40:02,321,524,516,0
2026-07-20 08:40:03,314,512,514,0
2026-07-20 08:40:04,322,515,519,0
2026-07-20 08:40:05,314,519,509,0
2026-07-20 08:40:06,325,504,501,0
2026-07-20 08:40:07,322,528,505,0
2026-07-20 08:40:08,324,513,512,0
2026-07-20 08:40:09,321,522,517,0
2026-07-20 08:40:10,320,518,496,0
2026-07-20 08:40:11,328,520,496,0
2026-07-20 08:40:12,325,525,512,0
2026-07-20 08:40:13,368,518,512,0
2026-07-20 08:40:14,344,524,515,0
2026-07-20 08:40:15,346,513,507,0
2026-07-20 08:40:16,369,515,487,0
2026-07-20 08:40:17,371,522,490,0
2026-07-20 08:40:18,370,525,475,0
2026-07-20 08:40:19,365,530,448,0
2026-07-20 08:40:20,349,548,452,0
2026-07-20 08:40:21,377,546,457,0
2026-07-20 08:40:22,356,525,444,0
2026-07-20 08:40:23,376,522,451,0
2026-07-20 08:40:24,360,537,462,0
2026-07-20 08:40:25,376,529,477,0
2026-07-20 08:40:26,396,532,491,0
2026-07-20 08:40:27,379,522,494,0
2026-07-20 08:40:28,408,533,483,0
2026-07-20 08:40:29,409,526,494,0
2026-07-20 08:40:30,380,533,513,0
2026-07-20 08:40:31,387,526,493,0
2026-07-20 08:40:32,416,537,509,0
2026-07-20 08:40:33,378,536,502,0
2026-07-20 08:40:34,401,529,516,0
2026-07-20 08:40:35,405,523,487,0
2026-07-20 08:40:36,387,523,528,0
2026-07-20 08:40:37,405,531,508,0
2026-07-20 08:40:38,408,525,500,0
2026-07-20 08:40:39,405,536,514,0
2026-07-20 08:40:40,363,519,478,0
2026-07-20 08:40:41,413,529,476,0
2026-07-20 08:40:42,358,526,446,0
2026-07-20 08:40:43,372,526,465,0
2026-07-20 08:40:44,351,519,459,0
2026-07-20 08:40:45,356,509,477,0
2026-07-20 08:40:46,341,516,502,0
2026-07-20 08:40:47,345,520,513,0
2026-07-20 08:40:48,328,515,526,0
2026-07-20 08:40:49,332,525,504,0
2026-07-20 08:40:50,319,529,509,0
2026-07-20 08:40:51,314,513,504,0
2026-07-20 08:40:52,380,533,544,0
2026-07-20 08:40:53,348,521,534,0
2026-07-20 08:40:54,362,510,500,0
2026-07-20 08:40:55,347,538,493,0
2026-07-20 08:40:56,358,517,524,0
2026-07-20 08:40:57,376,531,505,0
2026-07-20 08:40:58,362,511,495,0
2026-07-20 08:40:59,348,513,538,0
2026-07-20 08:41:00,354,508,553,0
2026-07-20 08:41:01,317,534,535,0
2026-07-20 08:41:02,341,520,531,0
2026-07-20 08:41:03,323,532,500,0
2026-07-20 08:41:04,352,533,528,0
2026-07-20 08:41:05,360,540,535,0
2026-07-20 08:41:06,398,526,505,0
2026-07-20 08:41:07,361,538,515,0
2026-07-20 08:41:08,378,527,496,0
2026-07-20 08:41:09,408,532,471,0
2026-07-20 08:41:10,360,528,458,0
2026-07-20 08:41:11,402,528,460,0
2026-07-20 08:41:12,392,526,455,0
2026-07-20 08:41:13,369,520,448,0
2026-07-20 08:41:14,378,511,478,0
2026-07-20 08:41:15,342,526,516,0
2026-07-20 08:41:16,348,520,492,0
2026-07-20 08:41:17,317,532,511,0
2026-07-20 08:41:18,326,531,498,0
2026-07-20 08:41:19,330,526,504,0
2026-07-20 08:41:20,337,520,502,0
2026-07-20 08:41:21,369,535,511,0
2026-07-20 08:41:22,361,522,533,0
2026-07-20 08:41:23,374,540,535,0
2026-07-20 08:41:24,369,525,494,0
2026-07-20 08:41:25,346,536,486,0
2026-07-20 08:41:26,382,525,498,0
2026-07-20 08:41:27,371,539,489,0
2026-07-20 08:41:28,398,515,513,0
2026-07-20 08:41:29,376,520,520,0
2026-07-20 08:41:30,354,518,564,0
2026-07-20 08:41:31,360,528,564,0
2026-07-20 08:41:32,343,524,516,0
2026-07-20 08:41:33,332,523,534,0
2026-07-20 08:41:34,345,534,516,0
2026-07-20 08:41:35,355,533,521,0
2026-07-20 08:41:36,391,533,515,0
2026-07-20 08:41:37,381,545,494,0
2026-07-20 08:41:38,402,535,484,0
2026-07-20 08:41:39,366,531,483,0
2026-07-20 08:41:40,382,542,447,0
2026-07-20 08:41:41,389,522,455,0
2026-07-20 08:41:42,355,540,460,0
2026-07-20 08:41:43,351,516,480,0
2026-07-20 08:41:44,358,516,498,0
2026-07-20 08:41:45,361,517,500,0
2026-07-20 08:41:46,327,528,522,0
2026-07-20 08:41:47,324,512,503,0
2026-07-20 08:41:48,305,526,514,0
2026-07-20 08:41:49,324,516,505,0
2026-07-20 08:41:50,320,533,515,0
2026-07-20 08:41:51,364,521,517,0
2026-07-20 08:41:52,366,532,520,0
2026-07-20 08:41:53,385,526,537,0
2026-07-20 08:41:54,365,523,547,0
2026-07-20 08:41:55,379,522,486,0
2026-07-20 08:41:56,396,517,473,0
2026-07-20 08:41:57,358,520,513,0
2026-07-20 08:41:58,352,508,504,0
2026-07-20 08:41:59,388,527,496,0
2026-07-20 08:42:00,370,523,519,0
2026-07-20 08:42:01,369,514,538,0
2026-07-20 08:42:02,385,518,569,0
2026-07-20 08:42:03,322,522,523,0
2026-07-20 08:42:04,334,511,531,0
2026-07-20 08:42:05,323,515,548,0
2026-07-20 08:42:06,331,526,548,0
2026-07-20 08:42:07,333,529,503,0
2026-07-20 08:42:08,328,530,481,0
2026-07-20 08:42:09,378,524,513,0
2026-07-20 08:42:10,353,534,489,0
2026-07-20 08:42:11,356,546,496,0
2026-07-20 08:42:12,399,520,472,0
2026-07-20 08:42:13,340,528,457,0
2026-07-20 08:42:14,367,534,455,0
2026-07-20 08:42:15,374,532,460,0
2026-07-20 08:42:16,360,514,459,0
2026-07-20 08:42:17,344,518,477,0
2026-07-20 08:42:18,340,522,502,0
2026-07-20 08:42:19,349,523,510,0
2026-07-20 08:42:20,339,520,494,0
2026-07-20 08:42:21,326,518,504,0
2026-07-20 08:42:22,320,522,501,0
2026-07-20 08:42:23,310,528,505,0
2026-07-20 08:42:24,343,526,499,0
2026-07-20 08:42:25,381,533,520,0
2026-07-20 08:42:26,396,528,507,0
2026-07-20 08:42:27,373,535,526,0
2026-07-20 08:42:28,365,516,513,0
2026-07-20 08:42:29,367,525,525,0
2026-07-20 08:42:30,373,529,487,0
2026-07-20 08:42:31,379,504,485,0
2026-07-20 08:42:32,397,533,503,0
2026-07-20 08:42:33,350,519,537,0
2026-07-20 08:42:34,368,522,552,0
2026-07-20 08:42:35,347,526,563,0
2026-07-20 08:42:36,332,536,523,0
2026-07-20 08:42:37,339,531,518,0
2026-07-20 08:42:38,319,529,508,0
2026-07-20 08:42:39,371,529,516,0
2026-07-20 08:42:40,355,531,503,0
2026-07-20 08:42:41,382,539,492,0
2026-07-20 08:42:42,394,516,508,0
2026-07-20 08:42:43,396,537,472,0
2026-07-20 08:42:44,370,530,471,0
2026-07-20 08:42:45,375,529,462,0
2026-07-20 08:42:46,400,524,453,0
2026-07-20 08:42:47,360,521,457,0
2026-07-20 08:42:48,390,526,500,0
2026-07-20 08:42:49,353,517,510,0
2026-07-20 08:42:50,331,530,494,0
2026-07-20 08:42:51,324,524,504,0
2026-07-20 08:42:52,319,521,510,0
2026-07-20 08:42:53,345,536,510,0
2026-07-20 08:42:54,369,530,522,0
2026-07-20 08:42:55,349,530,524,0
2026-07-20 08:42:56,368,520,532,0
2026-07-20 08:42:57,397,511,487,0
2026-07-20 08:42:58,369,518,511,0
2026-07-20 08:42:59,363,519,478,0
2026-07-20 08:43:00,373,520,495,0
2026-07-20 08:43:01,349,529,531,0
2026-07-20 08:43:02,385,522,569,0
2026-07-20 08:43:03,324,510,550,0
2026-07-20 08:43:04,331,529,527,0
2026-07-20 08:43:05,316,537,527,0
2026-07-20 08:43:06,327,524,526,0
2026-07-20 08:43:07,354,524,538,0
2026-07-20 08:43:08,377,547,509,0
2026-07-20 08:43:09,375,540,490,0
2026-07-20 08:43:10,404,525,499,0
2026-07-20 08:43:11,382,528,468,0
2026-07-20 08:43:12,357,525,467,0
2026-07-20 08:43:13,350,539,433,0
2026-07-20 08:43:14,370,511,452,0
2026-07-20 08:43:15,400,524,478,0
2026-07-20 08:43:16,356,517,496,0
2026-07-20 08:43:17,341,516,520,0
2026-07-20 08:43:18,311,512,505,0
2026-07-20 08:43:19,326,516,516,0
2026-07-20 08:43:20,306,522,499,0
2026-07-20 08:43:21,316,531,501,0
2026-07-20 08:43:22,324,535,513,0
2026-07-20 08:43:23,349,513,505,0
2026-07-20 08:43:24,403,541,507,0
2026-07-20 08:43:25,401,536,522,0
2026-07-20 08:43:26,360,531,535,0
2026-07-20 08:43:27,374,531,469,0
2026-07-20 08:43:28,392,518,502,0
2026-07-20 08:43:29,389,529,534,0
2026-07-20 08:43:30,356,523,521,0
2026-07-20 08:43:31,389,521,512,0
2026-07-20 08:43:32,383,532,558,0
2026-07-20 08:43:33,376,513,510,0
2026-07-20 08:43:34,315,529,546,0
2026-07-20 08:43:35,321,518,515,0
2026-07-20 08:43:36,325,528,565,0
2026-07-20 08:43:37,337,525,531,0
2026-07-20 08:43:38,355,536,526,0
2026-07-20 08:43:39,410,523,516,0
2026-07-20 08:43:40,404,537,498,0
2026-07-20 08:43:41,364,526,489,0
2026-07-20 08:43:42,408,533,482,0
2026-07-20 08:43:43,400,529,471,0
2026-07-20 08:43:44,377,528,477,0
2026-07-20 08:43:45,379,532,473,0
2026-07-20 08:43:46,402,526,469,0
2026-07-20 08:43:47,388,523,453,0
2026-07-20 08:43:48,389,524,477,0
2026-07-20 08:43:49,393,523,483,0
2026-07-20 08:43:50,363,526,516,0
2026-07-20 08:43:51,340,513,536,0
2026-07-20 08:43:52,331,519,524,0
2026-07-20 08:43:53,309,519,487,0
2026-07-20 08:43:54,326,535,512,0
2026-07-20 08:43:55,314,514,506,0
2026-07-20 08:43:56,319,523,515,0
2026-07-20 08:43:57,305,529,505,0
2026-07-20 08:43:58,350,528,502,0
2026-07-20 08:43:59,351,534,491,0
2026-07-20 08:44:00,379,513,523,0
2026-07-20 08:44:01,391,533,529,0
2026-07-20 08:44:02,407,533,533,0
2026-07-20 08:44:03,359,532,541,0
2026-07-20 08:44:04,373,523,514,0
2026-07-20 08:44:05,377,524,536,0
2026-07-20 08:44:06,362,516,505,0
2026-07-20 08:44:07,366,515,480,0
2026-07-20 08:44:08,379,524,500,0
2026-07-20 08:44:09,366,530,505,0
2026-07-20 08:44:10,381,530,503,0
2026-07-20 08:44:11,364,534,496,0
2026-07-20 08:44:12,378,506,532,0
2026-07-20 08:44:13,375,526,536,0
2026-07-20 08:44:14,366,513,540,0
2026-07-20 08:44:15,376,517,568,0
2026-07-20 08:44:16,366,523,556,0
2026-07-20 08:44:17,382,520,557,0
2026-07-20 08:44:18,371,527,540,0
2026-07-20 08:44:19,362,517,550,0
2026-07-20 08:44:20,333,513,511,0
2026-07-20 08:44:21,314,523,545,0
2026-07-20 08:44:22,321,527,541,0
2026-07-20 08:44:23,320,529,564,0
2026-07-20 08:44:24,331,518,576,0
2026-07-20 08:44:25,317,529,547,0
2026-07-20 08:44:26,322,532,546,0
2026-07-20 08:44:27,340,533,535,0
2026-07-20 08:44:28,301,535,549,0
2026-07-20 08:44:29,314,516,538,0
2026-07-20 08:44:30,328,523,559,0
2026-07-20 08:44:31,334,520,539,0
2026-07-20 08:44:32,378,524,505,0
2026-07-20 08:44:33,355,531,526,0
2026-07-20 08:44:34,350,513,535,0
2026-07-20 08:44:35,384,530,546,0
2026-07-20 08:44:36,376,518,547,0
2026-07-20 08:44:37,363,519,527,0
2026-07-20 08:44:38,360,534,496,0
2026-07-20 08:44:39,378,535,527,0
2026-07-20 08:44:40,396,532,541,0
2026-07-20 08:44:41,392,521,497,0
2026-07-20 08:44:42,348,519,483,0
2026-07-20 08:44:43,383,519,498,0
2026-07-20 08:44:44,375,530,473,0
2026-07-20 08:44:45,372,518,552,0
2026-07-20 08:44:46,361,526,516,0
2026-07-20 08:44:47,352,529,511,0
2026-07-20 08:44:48,363,520,516,0
2026-07-20 08:44:49,311,528,501,0
2026-07-20 08:44:50,328,529,516,0
2026-07-20 08:44:51,328,530,515,0
2026-07-20 08:44:52,312,536,510,0
2026-07-20 08:44:53,321,526,500,0
2026-07-20 08:44:54,327,520,524,0
2026-07-20 08:44:55,349,521,498,0
2026-07-20 08:44:56,357,518,481,0
2026-07-20 08:44:57,368,527,474,0
2026-07-20 08:44:58,355,512,481,0
2026-07-20 08:44:59,378,535,470,0
2026-07-20 08:45:00,369,530,470,0
2026-07-20 08:45:01,397,510,465,0
2026-07-20 08:45:02,372,530,499,0
2026-07-20 08:45:03,375,533,489,0
2026-07-20 08:45:04,422,523,509,0
2026-07-20 08:45:05,363,530,508,0
2026-07-20 08:45:06,387,536,522,0
2026-07-20 08:45:07,351,524,516,0
2026-07-20 08:45:08,329,540,511,0
2026-07-20 08:45:09,330,535,526,0
2026-07-20 08:45:10,323,526,514,0
2026-07-20 08:45:11,331,529,559,0
2026-07-20 08:45:12,343,522,561,0
2026-07-20 08:45:13,298,516,541,0
2026-07-20 08:45:14,351,525,567,0
2026-07-20 08:45:15,367,529,557,0
2026-07-20 08:45:16,375,531,525,0
2026-07-20 08:45:17,348,525,510,0
2026-07-20 08:45:18,369,511,489,0
2026-07-20 08:45:19,382,532,509,0
2026-07-20 08:45:20,367,538,486,0
2026-07-20 08:45:21,392,525,457,0
2026-07-20 08:45:22,388,526,490,0
2026-07-20 08:45:23,389,528,527,0
2026-07-20 08:45:24,362,527,484,0
2026-07-20 08:45:25,365,536,516,0
2026-07-20 08:45:26,361,535,529,0
2026-07-20 08:45:27,363,535,561,0
2026-07-20 08:45:28,381,518,543,0
2026-07-20 08:45:29,327,522,547,0
2026-07-20 08:45:30,343,523,552,0
2026-07-20 08:45:31,322,510,533,0
2026-07-20 08:45:32,314,531,574,0
2026-07-20 08:45:33,342,521,539,0
2026-07-20 08:45:34,327,509,524,0
2026-07-20 08:45:35,362,529,508,0
2026-07-20 08:45:36,371,516,511,0
2026-07-20 08:45:37,357,524,496,0
2026-07-20 08:45:38,401,522,489,0
2026-07-20 08:45:39,348,520,456,0
2026-07-20 08:45:40,370,516,463,0
2026-07-20 08:45:41,389,536,458,0
2026-07-20 08:45:42,397,518,472,0
2026-07-20 08:45:43,365,503,471,0
2026-07-20 08:45:44,388,525,515,0
2026-07-20 08:45:45,353,514,510,0
2026-07-20 08:45:46,340,521,518,0
2026-07-20 08:45:47,301,516,515,0
2026-07-20 08:45:48,325,533,512,0
2026-07-20 08:45:49,315,531,517,0
2026-07-20 08:45:50,331,526,506,0
2026-07-20 08:45:51,327,530,517,0
2026-07-20 08:45:52,307,520,518,0
2026-07-20 08:45:53,323,518,502,0
2026-07-20 08:45:54,323,520,507,0
2026-07-20 08:45:56,310,527,512,0
2026-07-20 08:45:56,315,522,510,0
2026-07-20 08:45:58,322,533,504,0
2026-07-20 08:45:58,316,519,509,0
2026-07-20 08:45:59,313,516,521,0
2026-07-20 08:46:00,327,521,512,0
2026-07-20 08:46:01,313,528,522,0
2026-07-20 08:46:02,305,522,519,0
2026-07-20 08:46:03,311,517,517,0
2026-07-20 08:46:04,375,522,515,0
2026-07-20 08:46:05,373,510,470,0
2026-07-20 08:46:06,384,500,470,0
2026-07-20 08:46:07,398,519,453,0
2026-07-20 08:46:08,406,532,444,0
2026-07-20 08:46:09,344,527,469,0
2026-07-20 08:46:10,378,527,516,0
2026-07-20 08:46:11,378,541,489,0
2026-07-20 08:46:12,407,533,505,0
2026-07-20 08:46:13,377,523,495,0
2026-07-20 08:46:14,355,527,515,0
2026-07-20 08:46:15,330,538,520,0
2026-07-20 08:46:16,304,522,535,0
2026-07-20 08:46:17,328,536,540,0
2026-07-20 08:46:18,334,516,564,0
2026-07-20 08:46:19,391,514,569,0
2026-07-20 08:46:20,389,527,515,0
2026-07-20 08:46:21,345,502,507,0
2026-07-20 08:46:22,349,538,484,0
2026-07-20 08:46:23,386,530,494,0
2026-07-20 08:46:24,388,514,513,0
2026-07-20 08:46:25,354,519,549,0
2026-07-20 08:46:26,350,521,510,0
2026-07-20 08:46:27,399,520,505,0
2026-07-20 08:46:28,365,535,509,0
2026-07-20 08:46:29,329,526,521,0
2026-07-20 08:46:30,321,535,499,0
2026-07-20 08:46:31,305,515,514,0
2026-07-20 08:46:32,311,520,508,0
2026-07-20 08:46:33,343,517,503,0
2026-07-20 08:46:34,332,519,501,0
2026-07-20 08:46:35,371,519,478,0
2026-07-20 08:46:36,358,531,460,0
2026-07-20 08:46:37,410,512,446,0
2026-07-20 08:46:38,389,536,461,0
2026-07-20 08:46:39,370,526,461,0
2026-07-20 08:46:40,358,530,486,0
2026-07-20 08:46:41,401,530,502,0
2026-07-20 08:46:42,410,536,505,0
2026-07-20 08:46:43,354,525,508,0
2026-07-20 08:46:44,369,530,527,0
2026-07-20 08:46:45,322,543,524,0
2026-07-20 08:46:46,331,534,530,0
2026-07-20 08:46:47,322,523,558,0
2026-07-20 08:46:48,332,529,562,0
2026-07-20 08:46:49,318,515,549,0
2026-07-20 08:46:50,318,520,531,0
2026-07-20 08:46:51,369,520,558,0
2026-07-20 08:46:52,371,516,556,0
2026-07-20 08:46:53,363,519,535,0
2026-07-20 08:46:54,401,519,541,0
2026-07-20 08:46:55,363,512,535,0
2026-07-20 08:46:56,362,540,504,0
2026-07-20 08:46:57,360,520,500,0
2026-07-20 08:46:58,366,543,512,0
2026-07-20 08:46:59,331,521,519,0
2026-07-20 08:47:00,355,536,533,0
2026-07-20 08:47:01,347,521,496,0
2026-07-20 08:47:02,378,512,509,0
2026-07-20 08:47:03,372,546,491,0
2026-07-20 08:47:04,349,528,475,0
2026-07-20 08:47:05,398,530,496,0
2026-07-20 08:47:06,370,512,495,0
2026-07-20 08:47:07,388,533,524,0
2026-07-20 08:47:08,382,520,494,0
2026-07-20 08:47:09,382,515,497,0
2026-07-20 08:47:10,347,528,516,0
2026-07-20 08:47:11,336,532,549,0
2026-07-20 08:47:12,354,539,504,0
2026-07-20 08:47:13,329,529,509,0
2026-07-20 08:47:14,364,520,491,0
2026-07-20 08:47:15,360,531,508,0
2026-07-20 08:47:16,377,521,489,0
2026-07-20 08:47:17,340,530,500,0
2026-07-20 08:47:18,378,507,501,0
2026-07-20 08:47:19,378,520,496,0
2026-07-20 08:47:20,347,537,504,0
2026-07-20 08:47:21,364,537,504,0
2026-07-20 08:47:22,355,521,506,0
2026-07-20 08:47:23,385,528,497,0
2026-07-20 08:47:24,350,531,503,0
2026-07-20 08:47:25,371,520,499,0
2026-07-20 08:47:26,403,529,496,0
2026-07-20 08:47:27,369,538,501,0
2026-07-20 08:47:28,357,523,514,0
2026-07-20 08:47:29,371,534,477,0
2026-07-20 08:47:30,401,536,496,0
2026-07-20 08:47:31,374,529,519,0
2026-07-20 08:47:32,384,528,484,0
2026-07-20 08:47:33,345,534,485,0
2026-07-20 08:47:34,386,536,510,0
2026-07-20 08:47:35,366,528,498,0
2026-07-20 08:47:36,364,509,473,0
2026-07-20 08:47:37,347,534,497,0
2026-07-20 08:47:38,403,519,519,0
2026-07-20 08:47:39,381,535,485,0
2026-07-20 08:47:40,375,522,484,0
2026-07-20 08:47:41,363,537,485,0
2026-07-20 08:47:42,399,524,562,0
2026-07-20 08:47:43,356,537,501,0
2026-07-20 08:47:44,373,510,522,0
2026-07-20 08:47:45,403,523,489,0
2026-07-20 08:47:46,394,531,527,0
2026-07-20 08:47:47,381,524,563,0
2026-07-20 08:47:48,330,522,545,0
2026-07-20 08:47:49,353,513,554,0
2026-07-20 08:47:50,328,520,548,0
2026-07-20 08:47:51,328,524,545,0
2026-07-20 08:47:52,326,513,540,0
2026-07-20 08:47:53,346,535,521,0
2026-07-20 08:47:54,353,531,510,0
2026-07-20 08:47:55,354,535,519,0
2026-07-20 08:47:56,385,534,512,0
2026-07-20 08:47:57,401,525,509,0
2026-07-20 08:47:58,423,535,476,0
2026-07-20 08:47:59,367,532,466,0
2026-07-20 08:48:00,392,518,466,0
2026-07-20 08:48:01,406,533,451,0
2026-07-20 08:48:02,374,502,459,0
2026-07-20 08:48:03,336,528,458,0
2026-07-20 08:48:04,344,517,473,0
2026-07-20 08:48:05,371,526,472,0
2026-07-20 08:48:06,366,516,491,0
2026-07-20 08:48:07,363,531,506,0
2026-07-20 08:48:08,328,533,519,0
2026-07-20 08:48:09,333,530,534,0
2026-07-20 08:48:10,321,531,517,0
2026-07-20 08:48:11,326,533,514,0
2026-07-20 08:48:12,318,518,504,0
2026-07-20 08:48:13,325,531,518,0
2026-07-20 08:48:14,305,531,509,0
2026-07-20 08:48:15,330,528,526,0
2026-07-20 08:48:16,336,519,512,0
2026-07-20 08:48:17,324,531,510,0
2026-07-20 08:48:18,323,521,518,0
2026-07-20 08:48:19,322,526,512,0
2026-07-20 08:48:20,320,527,505,0
2026-07-20 08:48:21,333,521,503,0
2026-07-20 08:48:22,332,523,510,0
2026-07-20 08:48:23,332,522,507,0
2026-07-20 08:48:24,371,524,490,0
2026-07-20 08:48:25,396,529,473,0
2026-07-20 08:48:26,348,509,466,0
2026-07-20 08:48:27,353,522,457,0
2026-07-20 08:48:28,355,530,440,0
2026-07-20 08:48:29,377,529,469,0
2026-07-20 08:48:30,361,525,466,0
2026-07-20 08:48:31,398,520,465,0
2026-07-20 08:48:32,367,527,506,0
2026-07-20 08:48:33,364,532,479,0
2026-07-20 08:48:34,411,533,489,0
2026-07-20 08:48:35,400,533,502,0
2026-07-20 08:48:36,357,527,492,0
2026-07-20 08:48:37,351,525,517,0
2026-07-20 08:48:38,368,542,516,0
2026-07-20 08:48:39,321,536,520,0
2026-07-20 08:48:40,325,520,553,0
2026-07-20 08:48:41,320,518,554,0
2026-07-20 08:48:42,357,528,557,0
2026-07-20 08:48:43,362,524,530,0
2026-07-20 08:48:44,356,532,522,0
2026-07-20 08:48:45,389,529,475,0
2026-07-20 08:48:46,386,511,505,0
2026-07-20 08:48:47,379,539,513,0
2026-07-20 08:48:48,363,534,491,0
2026-07-20 08:48:49,351,516,479,0
2026-07-20 08:48:50,372,520,555,0
2026-07-20 08:48:51,375,526,523,0
2026-07-20 08:48:52,391,517,507,0
2026-07-20 08:48:53,369,525,507,0
2026-07-20 08:48:54,394,543,537,0
2026-07-20 08:48:55,394,538,514,0
2026-07-20 08:48:56,397,514,520,0
2026-07-20 08:48:57,364,516,510,0
2026-07-20 08:48:59,333,516,516,0
2026-07-20 08:48:59,335,528,512,0
2026-07-20 08:49:00,312,527,506,0
2026-07-20 08:49:01,314,521,516,0
2026-07-20 08:49:02,328,535,511,0
2026-07-20 08:49:03,312,532,518,0
2026-07-20 08:49:04,339,525,514,0
2026-07-20 08:49:05,318,527,506,0
2026-07-20 08:49:06,312,525,513,0
2026-07-20 08:49:07,308,516,521,0
2026-07-20 08:49:08,318,532,497,0
2026-07-20 08:49:09,320,538,508,0
2026-07-20 08:49:10,328,519,508,0
2026-07-20 08:49:11,315,535,520,0
2026-07-20 08:49:12,318,530,510,0
2026-07-20 08:49:13,304,533,522,0
2026-07-20 08:49:14,335,527,524,0
2026-07-20 08:49:15,331,521,501,0
2026-07-20 08:49:16,365,532,508,0
2026-07-20 08:49:17,339,522,522,0
2026-07-20 08:49:18,380,537,549,0
2026-07-20 08:49:19,366,536,544,0
2026-07-20 08:49:20,383,536,525,0
2026-07-20 08:49:21,376,531,499,0
2026-07-20 08:49:22,362,516,512,0
2026-07-20 08:49:23,365,547,505,0
2026-07-20 08:49:24,377,521,532,0
2026-07-20 08:49:25,374,517,524,0
2026-07-20 08:49:26,328,518,541,0
2026-07-20 08:49:27,358,521,559,0
2026-07-20 08:49:28,313,522,532,0
2026-07-20 08:49:29,334,529,567,0
2026-07-20 08:49:30,347,533,526,0
2026-07-20 08:49:31,359,539,514,0
2026-07-20 08:49:32,352,531,505,0
2026-07-20 08:49:33,349,534,510,0
2026-07-20 08:49:34,377,541,507,0
2026-07-20 08:49:35,390,530,487,0
2026-07-20 08:49:36,410,538,466,0
2026-07-20 08:49:37,386,536,444,0
2026-07-20 08:49:38,394,508,450,0
2026-07-20 08:49:39,361,528,478,0
2026-07-20 08:49:40,371,516,478,0
2026-07-20 08:49:41,355,528,516,0
2026-07-20 08:49:42,318,515,514,0
2026-07-20 08:49:43,319,528,503,0
2026-07-20 08:49:44,313,530,515,0
2026-07-20 08:49:45,319,537,506,0
2026-07-20 08:49:46,319,518,505,0
2026-07-20 08:49:47,349,533,510,0
2026-07-20 08:49:48,393,523,517,0
2026-07-20 08:49:49,367,517,547,0
2026-07-20 08:49:50,372,535,545,0
2026-07-20 08:49:51,373,522,533,0
2026-07-20 08:49:52,379,530,544,0
2026-07-20 08:49:53,379,524,492,0
2026-07-20 08:49:54,369,543,495,0
2026-07-20 08:49:55,357,523,482,0
2026-07-20 08:49:56,395,516,493,0
2026-07-20 08:49:57,388,537,510,0
2026-07-20 08:49:58,359,540,497,0
2026-07-20 08:49:59,380,540,516,0
2026-07-20 08:50:00,390,541,520,0
2026-07-20 08:50:01,356,510,515,0
2026-07-20 08:50:02,358,534,541,0
2026-07-20 08:50:03,359,519,528,0
2026-07-20 08:50:04,382,534,510,0
2026-07-20 08:50:05,416,542,515,0
2026-07-20 08:50:06,385,536,524,0
2026-07-20 08:50:07,366,524,497,0
2026-07-20 08:50:08,417,540,518,0
2026-07-20 08:50:09,388,521,523,0
2026-07-20 08:50:10,361,524,507,0
2026-07-20 08:50:11,356,518,511,0
2026-07-20 08:50:12,318,540,517,0
2026-07-20 08:50:13,315,520,492,0
2026-07-20 08:50:14,324,527,506,0
2026-07-20 08:50:15,302,522,511,0
2026-07-20 08:50:16,342,526,521,0
2026-07-20 08:50:17,359,514,490,0
2026-07-20 08:50:18,387,526,467,0
2026-07-20 08:50:19,376,522,470,0
2026-07-20 08:50:20,376,533,451,0
2026-07-20 08:50:21,374,527,476,0
2026-07-20 08:50:22,370,536,497,0
2026-07-20 08:50:23,381,527,508,0
2026-07-20 08:50:24,408,536,508,0
2026-07-20 08:50:25,374,541,522,0
2026-07-20 08:50:26,357,528,501,0
2026-07-20 08:50:27,326,550,529,0
2026-07-20 08:50:28,336,514,512,0
2026-07-20 08:50:29,338,525,551,0
2026-07-20 08:50:30,328,519,545,0
2026-07-20 08:50:31,366,521,561,0
2026-07-20 08:50:32,380,527,549,0
2026-07-20 08:50:33,372,532,560,0
2026-07-20 08:50:34,375,533,519,0
2026-07-20 08:50:35,393,545,528,0
2026-07-20 08:50:36,356,536,464,0
2026-07-20 08:50:37,387,532,489,0
2026-07-20 08:50:38,373,520,524,0
2026-07-20 08:50:39,370,525,515,0
2026-07-20 08:50:40,360,529,526,0
2026-07-20 08:50:41,361,538,513,0
2026-07-20 08:50:42,329,524,512,0
2026-07-20 08:50:43,313,530,511,0
2026-07-20 08:50:44,308,527,528,0
2026-07-20 08:50:45,310,519,517,0
2026-07-20 08:50:46,325,521,516,0
2026-07-20 08:50:47,322,510,494,0
2026-07-20 08:50:48,309,521,519,0
2026-07-20 08:50:49,342,521,522,0
2026-07-20 08:50:50,344,523,513,0
2026-07-20 08:50:51,353,523,497,0
2026-07-20 08:50:52,368,522,470,0
2026-07-20 08:50:53,355,533,449,0
2026-07-20 08:50:54,353,527,484,0
2026-07-20 08:50:55,374,536,464,0
2026-07-20 08:50:56,393,520,464,0
2026-07-20 08:50:57,369,531,453,0
2026-07-20 08:50:58,335,536,481,0
2026-07-20 08:50:59,359,530,513,0
2026-07-20 08:51:00,366,540,503,0
2026-07-20 08:51:01,339,544,517,0
2026-07-20 08:51:02,403,550,502,0
2026-07-20 08:51:03,372,534,508,0
2026-07-20 08:51:04,337,541,545,0
2026-07-20 08:51:05,342,543,528,0
2026-07-20 08:51:06,337,535,541,0
2026-07-20 08:51:07,325,528,527,0
2026-07-20 08:51:08,354,531,548,0
2026-07-20 08:51:09,346,525,533,0
2026-07-20 08:51:10,338,518,583,0
2026-07-20 08:51:11,335,515,537,0
2026-07-20 08:51:12,335,520,548,0
2026-07-20 08:51:13,362,528,586,0
2026-07-20 08:51:14,374,520,533,0
2026-07-20 08:51:15,401,528,512,0
2026-07-20 08:51:16,389,537,520,0
2026-07-20 08:51:17,372,523,490,0
2026-07-20 08:51:18,369,529,519,0
2026-07-20 08:51:19,393,520,491,0
2026-07-20 08:51:20,393,531,508,0
2026-07-20 08:51:21,357,536,546,0
2026-07-20 08:51:22,349,515,529,0
2026-07-20 08:51:23,358,539,511,0
2026-07-20 08:51:24,350,523,516,0
2026-07-20 08:51:25,329,527,513,0
2026-07-20 08:51:26,319,534,490,0
2026-07-20 08:51:27,322,522,511,0
2026-07-20 08:51:28,320,522,506,0
2026-07-20 08:51:29,321,523,513,0
2026-07-20 08:51:30,358,516,489,0
2026-07-20 08:51:31,366,518,464,0
2026-07-20 08:51:32,361,533,460,0
2026-07-20 08:51:33,386,528,458,0
2026-07-20 08:51:34,384,544,465,0
2026-07-20 08:51:35,364,528,478,0
2026-07-20 08:51:36,407,536,518,0
2026-07-20 08:51:37,368,540,512,0
2026-07-20 08:51:38,361,519,499,0
2026-07-20 08:51:39,342,533,529,0
2026-07-20 08:51:40,324,534,530,0
2026-07-20 08:51:41,341,518,547,0
2026-07-20 08:51:42,328,532,547,0
2026-07-20 08:51:43,321,517,543,0
2026-07-20 08:51:44,357,528,529,0
2026-07-20 08:51:45,372,522,558,0
2026-07-20 08:51:46,366,527,535,0
2026-07-20 08:51:47,390,522,515,0
2026-07-20 08:51:48,377,534,580,0
2026-07-20 08:51:49,392,517,530,0
2026-07-20 08:51:50,376,516,542,0
2026-07-20 08:51:51,391,524,521,0
2026-07-20 08:51:52,374,531,516,0
2026-07-20 08:51:53,387,542,510,0
2026-07-20 08:51:54,360,528,516,0
2026-07-20 08:51:55,395,541,524,0
2026-07-20 08:51:56,369,517,531,0
2026-07-20 08:51:57,377,527,542,0
2026-07-20 08:51:58,376,519,517,0
2026-07-20 08:51:59,339,533,523,0
2026-07-20 08:52:00,321,530,518,0
2026-07-20 08:52:01,327,534,512,0
2026-07-20 08:52:02,300,529,512,0
2026-07-20 08:52:03,313,523,521,0
2026-07-20 08:52:04,325,523,529,0
2026-07-20 08:52:05,316,517,490,0
2026-07-20 08:52:06,303,526,511,0
2026-07-20 08:52:07,305,519,506,0
2026-07-20 08:52:08,323,520,512,0
2026-07-20 08:52:09,361,527,511,0
2026-07-20 08:52:10,339,519,519,0
2026-07-20 08:52:11,342,518,511,0
2026-07-20 08:52:12,364,522,500,0
2026-07-20 08:52:13,370,517,486,0
2026-07-20 08:52:14,357,522,517,0
2026-07-20 08:52:15,377,519,495,0
2026-07-20 08:52:16,345,517,519,0
2026-07-20 08:52:17,380,522,498,0
2026-07-20 08:52:18,361,523,506,0
2026-07-20 08:52:19,387,518,512,0
2026-07-20 08:52:20,349,527,505,0
2026-07-20 08:52:21,344,521,515,0
2026-07-20 08:52:22,305,519,527,0
2026-07-20 08:52:23,307,523,520,0
2026-07-20 08:52:24,317,523,529,0
2026-07-20 08:52:25,327,530,507,0
2026-07-20 08:52:26,310,521,529,0
2026-07-20 08:52:27,339,524,515,0
2026-07-20 08:52:28,364,540,519,0
2026-07-20 08:52:29,339,526,504,0
2026-07-20 08:52:30,332,540,505,0
2026-07-20 08:52:31,389,526,509,0
2026-07-20 08:52:32,357,527,534,0
2026-07-20 08:52:33,378,514,532,0
2026-07-20 08:52:34,377,536,510,0
2026-07-20 08:52:35,372,537,530,0
2026-07-20 08:52:36,385,541,504,0
2026-07-20 08:52:37,375,529,499,0
2026-07-20 08:52:38,359,525,489,0
2026-07-20 08:52:39,389,540,481,0
2026-07-20 08:52:40,376,541,524,0
2026-07-20 08:52:41,372,517,526,0
2026-07-20 08:52:42,381,534,525,0
2026-07-20 08:52:43,346,522,483,0
2026-07-20 08:52:44,369,517,522,0
2026-07-20 08:52:45,365,545,548,0
2026-07-20 08:52:46,354,526,560,0
2026-07-20 08:52:47,364,533,579,0
2026-07-20 08:52:48,336,521,575,0
2026-07-20 08:52:49,323,539,565,0
2026-07-20 08:52:50,328,516,544,0
2026-07-20 08:52:51,318,527,513,0
2026-07-20 08:52:52,343,531,536,0
2026-07-20 08:52:53,313,521,568,0
2026-07-20 08:52:54,337,545,554,0
2026-07-20 08:52:55,318,539,565,0
2026-07-20 08:52:56,355,539,557,0
2026-07-20 08:52:57,327,531,533,0
2026-07-20 08:52:58,342,521,549,0
2026-07-20 08:52:59,348,531,554,0
2026-07-20 08:53:00,363,527,537,0
2026-07-20 08:53:01,341,513,558,0
2026-07-20 08:53:02,339,519,567,0
2026-07-20 08:53:03,323,526,566,0
2026-07-20 08:53:04,364,528,554,0
2026-07-20 08:53:05,360,523,517,0
2026-07-20 08:53:06,377,521,540,0
2026-07-20 08:53:07,339,538,520,0
2026-07-20 08:53:08,362,542,506,0
2026-07-20 08:53:09,372,534,502,0
2026-07-20 08:53:10,372,516,538,0
2026-07-20 08:53:11,357,524,501,0
2026-07-20 08:53:12,382,529,568,0
2026-07-20 08:53:13,372,538,520,0
2026-07-20 08:53:14,357,529,496,0
2026-07-20 08:53:15,370,542,526,0
2026-07-20 08:53:16,343,533,529,0
2026-07-20 08:53:17,332,536,519,0
2026-07-20 08:53:18,334,521,521,0
2026-07-20 08:53:19,319,515,529,0
2026-07-20 08:53:20,304,516,533,0
2026-07-20 08:53:21,345,519,516,0
2026-07-20 08:53:22,392,533,502,0
2026-07-20 08:53:23,387,531,470,0
2026-07-20 08:53:24,382,542,458,0
2026-07-20 08:53:25,359,543,459,0
2026-07-20 08:53:26,391,518,466,0
2026-07-20 08:53:27,367,538,482,0
2026-07-20 08:53:28,422,531,495,0
2026-07-20 08:53:29,408,538,518,0
2026-07-20 08:53:30,378,520,522,0
2026-07-20 08:53:31,363,530,522,0
2026-07-20 08:53:32,355,531,546,0
2026-07-20 08:53:33,333,532,539,0
2026-07-20 08:53:34,304,516,590,0
2026-07-20 08:53:35,336,523,511,0
2026-07-20 08:53:36,316,518,553,0
2026-07-20 08:53:37,380,533,512,0
2026-07-20 08:53:38,369,522,524,0
2026-07-20 08:53:39,403,537,522,0
2026-07-20 08:53:40,365,535,538,0
2026-07-20 08:53:41,399,513,472,0
2026-07-20 08:53:42,383,534,522,0
2026-07-20 08:53:43,364,534,496,0
2026-07-20 08:53:44,363,528,480,0
2026-07-20 08:53:45,371,532,492,0
2026-07-20 08:53:46,381,530,491,0
2026-07-20 08:53:47,377,523,531,0
2026-07-20 08:53:48,358,534,494,0
2026-07-20 08:53:49,373,515,494,0
2026-07-20 08:53:50,388,542,518,0
2026-07-20 08:53:51,356,535,526,0
2026-07-20 08:53:52,374,538,471,0
2026-07-20 08:53:53,372,521,497,0
2026-07-20 08:53:54,350,515,481,0
2026-07-20 08:53:55,387,540,494,0
2026-07-20 08:53:56,352,527,519,0
2026-07-20 08:53:57,376,535,483,0
2026-07-20 08:53:58,359,522,505,0
2026-07-20 08:53:59,358,533,513,0
2026-07-20 08:54:00,370,518,537,0
2026-07-20 08:54:01,368,523,533,0
2026-07-20 08:54:02,375,531,528,0
2026-07-20 08:54:03,375,518,565,0
2026-07-20 08:54:04,367,517,574,0
2026-07-20 08:54:05,373,523,584,0
2026-07-20 08:54:06,363,532,577,0
2026-07-20 08:54:07,338,525,537,0
2026-07-20 08:54:08,336,527,527,0
2026-07-20 08:54:09,335,530,524,0
2026-07-20 08:54:10,309,531,518,0
2026-07-20 08:54:11,341,527,572,0
2026-07-20 08:54:12,339,530,571,0
2026-07-20 08:54:13,326,541,548,0
2026-07-20 08:54:14,325,519,536,0
2026-07-20 08:54:15,330,526,514,0
2026-07-20 08:54:16,339,525,514,0
2026-07-20 08:54:17,359,535,522,0
2026-07-20 08:54:18,358,542,535,0
2026-07-20 08:54:19,356,536,543,0
2026-07-20 08:54:20,394,535,515,0
2026-07-20 08:54:21,358,541,512,0
2026-07-20 08:54:22,403,522,509,0
2026-07-20 08:54:23,370,529,501,0
2026-07-20 08:54:24,405,538,507,0
2026-07-20 08:54:25,394,534,509,0
2026-07-20 08:54:26,365,550,514,0
2026-07-20 08:54:27,376,539,514,0
2026-07-20 08:54:28,397,526,511,0
2026-07-20 08:54:29,334,523,524,0
2026-07-20 08:54:30,336,523,512,0
2026-07-20 08:54:31,306,538,552,0
2026-07-20 08:54:32,318,526,564,0
2026-07-20 08:54:33,316,542,567,0
2026-07-20 08:54:34,345,516,547,0
2026-07-20 08:54:35,353,533,533,0
2026-07-20 08:54:36,381,513,576,0
2026-07-20 08:54:37,369,509,524,0
2026-07-20 08:54:38,395,491,528,0
2026-07-20 08:54:39,390,533,506,0
2026-07-20 08:54:40,394,526,500,0
2026-07-20 08:54:41,371,527,497,0
2026-07-20 08:54:42,387,545,510,0
2026-07-20 08:54:43,371,520,521,0
2026-07-20 08:54:44,342,525,524,0
2026-07-20 08:54:45,349,531,506,0
2026-07-20 08:54:46,304,528,500,0
2026-07-20 08:54:47,323,526,512,0
2026-07-20 08:54:48,324,525,516,0
2026-07-20 08:54:49,325,516,515,0
2026-07-20 08:54:50,349,528,513,0
2026-07-20 08:54:51,400,526,510,0
2026-07-20 08:54:52,365,526,467,0
2026-07-20 08:54:53,368,537,461,0
2026-07-20 08:54:54,395,531,467,0
2026-07-20 08:54:55,378,532,446,0
2026-07-20 08:54:56,427,504,476,0
2026-07-20 08:54:57,385,528,522,0
2026-07-20 08:54:58,366,525,506,0
2026-07-20 08:54:59,349,527,508,0
2026-07-20 08:55:00,367,535,525,0
2026-07-20 08:55:01,341,550,521,0
2026-07-20 08:55:02,321,522,525,0
2026-07-20 08:55:03,315,533,540,0
2026-07-20 08:55:04,364,515,572,0
2026-07-20 08:55:05,313,523,535,0
2026-07-20 08:55:06,334,535,551,0
2026-07-20 08:55:07,358,513,590,0
2026-07-20 08:55:08,366,535,561,0
2026-07-20 08:55:09,375,532,529,0
2026-07-20 08:55:10,385,532,485,0
2026-07-20 08:55:11,384,543,503,0
2026-07-20 08:55:12,350,550,509,0
2026-07-20 08:55:13,343,536,501,0
2026-07-20 08:55:14,379,529,522,0
2026-07-20 08:55:15,378,515,528,0
2026-07-20 08:55:16,372,537,544,0
2026-07-20 08:55:17,369,521,530,0
2026-07-20 08:55:18,369,532,509,0
2026-07-20 08:55:19,334,533,525,0
2026-07-20 08:55:20,313,540,504,0
2026-07-20 08:55:21,307,545,508,0
2026-07-20 08:55:22,316,534,517,0
2026-07-20 08:55:23,323,532,522,0
2026-07-20 08:55:24,329,517,499,0
2026-07-20 08:55:25,322,531,521,0
2026-07-20 08:55:26,363,518,527,0
2026-07-20 08:55:27,377,522,483,0
2026-07-20 08:55:28,384,519,492,0
2026-07-20 08:55:29,395,523,464,0
2026-07-20 08:55:30,360,532,462,0
2026-07-20 08:55:31,398,527,463,0
2026-07-20 08:55:32,393,526,463,0
2026-07-20 08:55:33,371,530,458,0
2026-07-20 08:55:34,395,540,470,0
2026-07-20 08:55:35,360,531,461,0
2026-07-20 08:55:36,383,532,458,0
2026-07-20 08:55:37,364,527,461,0
2026-07-20 08:55:38,386,535,490,0
2026-07-20 08:55:39,359,536,496,0
2026-07-20 08:55:40,398,523,509,0
2026-07-20 08:55:41,412,544,510,0
2026-07-20 08:55:42,399,531,501,0
2026-07-20 08:55:43,404,534,504,0
2026-07-20 08:55:44,368,538,513,0
2026-07-20 08:55:45,418,543,528,0
2026-07-20 08:55:46,388,540,529,0
2026-07-20 08:55:47,360,537,514,0
2026-07-20 08:55:48,384,527,528,0
2026-07-20 08:55:49,383,530,512,0
2026-07-20 08:55:50,372,539,534,0
2026-07-20 08:55:51,405,538,526,0
2026-07-20 08:55:52,372,541,523,0
2026-07-20 08:55:53,377,525,506,0
2026-07-20 08:55:54,365,540,515,0
2026-07-20 08:55:55,368,530,500,0
2026-07-20 08:55:56,364,533,488,0
2026-07-20 08:55:57,346,540,491,0
2026-07-20 08:55:58,396,533,500,0
2026-07-20 08:55:59,385,546,481,0
2026-07-20 08:56:00,370,526,492,0
2026-07-20 08:56:01,386,531,490,0
2026-07-20 08:56:02,387,530,470,0
2026-07-20 08:56:03,384,527,468,0
2026-07-20 08:56:04,415,533,466,0
2026-07-20 08:56:05,372,550,454,0
2026-07-20 08:56:06,387,543,453,0
2026-07-20 08:56:07,388,531,459,0
2026-07-20 08:56:08,403,534,445,0
2026-07-20 08:56:09,384,530,456,0
2026-07-20 08:56:10,354,519,439,0
2026-07-20 08:56:11,360,516,466,0
2026-07-20 08:56:12,393,525,460,0
2026-07-20 08:56:13,349,525,485,0
2026-07-20 08:56:14,398,535,487,0
2026-07-20 08:56:15,329,514,512,0
2026-07-20 08:56:16,313,522,521,0
2026-07-20 08:56:17,316,512,538,0
2026-07-20 08:56:18,323,518,500,0
2026-07-20 08:56:19,310,522,522,0
2026-07-20 08:56:20,323,536,536,0
2026-07-20 08:56:21,315,526,497,0
2026-07-20 08:56:22,321,540,501,0
2026-07-20 08:56:23,317,529,513,0
2026-07-20 08:56:24,335,533,519,0
2026-07-20 08:56:25,323,519,508,0
2026-07-20 08:56:26,316,530,497,0
2026-07-20 08:56:27,322,526,493,0
2026-07-20 08:56:28,324,531,510,0
2026-07-20 08:56:29,306,524,513,0
2026-07-20 08:56:30,318,528,515,0
2026-07-20 08:56:31,307,515,510,0
2026-07-20 08:56:32,314,529,513,0
2026-07-20 08:56:33,303,535,520,0
2026-07-20 08:56:34,303,513,517,0
2026-07-20 08:56:35,308,517,502,0
2026-07-20 08:56:36,308,519,509,0
2026-07-20 08:56:37,329,534,532,0
2026-07-20 08:56:38,328,528,529,0
2026-07-20 08:56:39,348,524,516,0
2026-07-20 08:56:40,314,520,518,0
2026-07-20 08:56:41,325,519,501,0
2026-07-20 08:56:42,330,519,511,0
2026-07-20 08:56:43,337,517,519,0
2026-07-20 08:56:44,322,526,528,0
2026-07-20 08:56:45,336,521,521,0
2026-07-20 08:56:46,346,523,498,0
2026-07-20 08:56:47,323,518,533,0
2026-07-20 08:56:48,332,527,506,0
2026-07-20 08:56:49,354,527,515,0
2026-07-20 08:56:50,373,524,510,0
2026-07-20 08:56:51,349,519,476,0
2026-07-20 08:56:52,391,527,484,0
2026-07-20 08:56:53,390,531,471,0
2026-07-20 08:56:54,356,511,470,0
2026-07-20 08:56:55,384,517,464,0
2026-07-20 08:56:56,398,530,456,0
2026-07-20 08:56:57,390,502,474,0
2026-07-20 08:56:58,402,528,463,0
2026-07-20 08:56:59,393,521,466,0
2026-07-20 08:57:00,341,543,446,0
2026-07-20 08:57:01,383,532,460,0
2026-07-20 08:57:02,359,519,460,0
2026-07-20 08:57:03,397,538,452,0
2026-07-20 08:57:04,359,529,461,0
2026-07-20 08:57:05,359,534,448,0
2026-07-20 08:57:06,354,543,459,0
2026-07-20 08:57:07,353,538,464,0
2026-07-20 08:57:08,396,516,460,0
2026-07-20 08:57:09,384,529,457,0
2026-07-20 08:57:10,353,536,466,0
2026-07-20 08:57:11,396,532,453,0
2026-07-20 08:57:12,384,540,471,0
2026-07-20 08:57:13,383,532,471,0
2026-07-20 08:57:14,361,533,451,0
2026-07-20 08:57:15,398,510,465,0
2026-07-20 08:57:16,358,533,448,0
2026-07-20 08:57:17,404,510,471,0
2026-07-20 08:57:18,395,533,485,0
2026-07-20 08:57:19,357,522,477,0
2026-07-20 08:57:20,347,521,497,0
2026-07-20 08:57:21,353,525,498,0
2026-07-20 08:57:22,325,520,505,0
2026-07-20 08:57:23,364,521,522,0
2026-07-20 08:57:24,313,529,505,0
2026-07-20 08:57:25,325,525,500,0
2026-07-20 08:57:26,323,532,489,0
2026-07-20 08:57:27,318,530,503,0
2026-07-20 08:57:28,302,531,527,0
2026-07-20 08:57:29,303,519,499,0
2026-07-20 08:57:30,343,527,517,0
2026-07-20 08:57:31,358,536,516,0
2026-07-20 08:57:32,387,528,515,0
2026-07-20 08:57:33,357,524,536,0
2026-07-20 08:57:34,402,525,521,0
2026-07-20 08:57:35,397,541,525,0
2026-07-20 08:57:36,356,534,511,0
2026-07-20 08:57:37,341,511,502,0
2026-07-20 08:57:38,402,512,498,0
2026-07-20 08:57:39,359,507,511,0
2026-07-20 08:57:40,367,520,535,0
2026-07-20 08:57:41,350,524,535,0
2026-07-20 08:57:42,317,524,553,0
2026-07-20 08:57:43,323,532,549,0
2026-07-20 08:57:44,317,525,540,0
2026-07-20 08:57:45,336,533,536,0
2026-07-20 08:57:46,368,526,531,0
2026-07-20 08:57:47,386,529,525,0
2026-07-20 08:57:48,373,541,513,0
2026-07-20 08:57:49,404,530,516,0
2026-07-20 08:57:50,367,536,476,0
2026-07-20 08:57:51,382,525,463,0
2026-07-20 08:57:52,370,526,440,0
2026-07-20 08:57:53,390,538,466,0
2026-07-20 08:57:54,360,523,463,0
2026-07-20 08:57:55,387,520,493,0
2026-07-20 08:57:56,377,524,510,0
2026-07-20 08:57:57,320,521,517,0
2026-07-20 08:57:58,322,528,508,0
2026-07-20 08:57:59,299,521,530,0
2026-07-20 08:58:00,312,528,517,0
2026-07-20 08:58:01,318,532,542,0
2026-07-20 08:58:02,323,533,515,0
2026-07-20 08:58:03,325,532,513,0
2026-07-20 08:58:04,322,522,506,0
2026-07-20 08:58:05,311,525,513,0
2026-07-20 08:58:06,314,537,522,0
2026-07-20 08:58:07,324,532,527,0
2026-07-20 08:58:08,332,529,505,0
2026-07-20 08:58:09,320,544,507,0
2026-07-20 08:58:10,324,537,512,0
2026-07-20 08:58:11,329,520,518,0
2026-07-20 08:58:12,331,529,497,0
2026-07-20 08:58:13,330,530,508,0
2026-07-20 08:58:14,313,524,523,0
2026-07-20 08:58:15,377,524,493,0
2026-07-20 08:58:16,358,517,460,0
2026-07-20 08:58:17,351,545,454,0
2026-07-20 08:58:18,356,535,456,0
2026-07-20 08:58:19,399,531,469,0
2026-07-20 08:58:20,409,530,484,0
2026-07-20 08:58:21,352,524,488,0
2026-07-20 08:58:22,415,538,498,0
2026-07-20 08:58:23,393,535,521,0
2026-07-20 08:58:24,347,529,547,0
2026-07-20 08:58:25,335,547,537,0
2026-07-20 08:58:26,327,536,557,0
2026-07-20 08:58:27,318,526,540,0
2026-07-20 08:58:28,330,528,562,0
2026-07-20 08:58:29,377,530,550,0
2026-07-20 08:58:30,363,530,525,0
2026-07-20 08:58:31,383,537,495,0
2026-07-20 08:58:32,350,541,531,0
2026-07-20 08:58:33,341,516,514,0
2026-07-20 08:58:34,352,542,506,0
2026-07-20 08:58:35,375,523,553,0
2026-07-20 08:58:36,375,535,528,0
2026-07-20 08:58:37,371,538,535,0
2026-07-20 08:58:38,346,519,522,0
2026-07-20 08:58:39,335,537,524,0
2026-07-20 08:58:40,318,536,520,0
2026-07-20 08:58:41,328,533,528,0
2026-07-20 08:58:42,327,526,533,0
2026-07-20 08:58:43,344,522,519,0
2026-07-20 08:58:44,368,521,513,0
2026-07-20 08:58:45,357,529,464,0
2026-07-20 08:58:46,361,526,456,0
2026-07-20 08:58:47,347,535,447,0
2026-07-20 08:58:48,366,535,462,0
2026-07-20 08:58:49,396,535,454,0
2026-07-20 08:58:50,362,532,500,0
2026-07-20 08:58:51,411,534,506,0
2026-07-20 08:58:52,359,527,499,0
2026-07-20 08:58:53,358,536,533,0
2026-07-20 08:58:54,352,531,538,0
2026-07-20 08:58:55,324,533,549,0
2026-07-20 08:58:56,324,535,525,0
2026-07-20 08:58:57,345,518,576,0
2026-07-20 08:58:58,363,539,564,0
2026-07-20 08:58:59,357,535,547,0
2026-07-20 08:59:00,390,514,499,0
2026-07-20 08:59:01,349,505,501,0
2026-07-20 08:59:02,358,538,529,0
2026-07-20 08:59:03,355,527,498,0
2026-07-20 08:59:04,372,517,540,0
2026-07-20 08:59:05,379,541,520,0
2026-07-20 08:59:06,368,534,538,0
2026-07-20 08:59:07,372,534,535,0
2026-07-20 08:59:08,349,543,531,0
2026-07-20 08:59:10,338,511,527,0
2026-07-20 08:59:10,328,538,520,0
2026-07-20 08:59:11,317,534,520,0
2026-07-20 08:59:12,307,520,527,0
2026-07-20 08:59:13,316,525,523,0
2026-07-20 08:59:14,342,517,520,0
2026-07-20 08:59:15,416,518,494,0
2026-07-20 08:59:16,355,516,461,0
2026-07-20 08:59:17,372,525,452,0
2026-07-20 08:59:18,365,535,459,0
2026-07-20 08:59:19,362,529,452,0
2026-07-20 08:59:20,381,511,493,0
2026-07-20 08:59:21,365,544,491,0
2026-07-20 08:59:22,353,548,506,0
2026-07-20 08:59:23,364,529,521,0
2026-07-20 08:59:24,373,524,512,0
2026-07-20 08:59:25,388,531,514,0
2026-07-20 08:59:26,364,528,529,0
2026-07-20 08:59:27,335,523,519,0
2026-07-20 08:59:28,320,521,525,0
2026-07-20 08:59:29,328,533,523,0
2026-07-20 08:59:30,335,521,547,0
2026-07-20 08:59:31,343,514,552,0
2026-07-20 08:59:32,339,541,594,0
2026-07-20 08:59:33,349,525,556,0
2026-07-20 08:59:34,387,515,530,0
2026-07-20 08:59:35,371,529,543,0
2026-07-20 08:59:36,371,543,513,0
2026-07-20 08:59:37,371,546,520,0
2026-07-20 08:59:38,383,548,506,0
2026-07-20 08:59:39,358,549,492,0
2026-07-20 08:59:40,351,541,480,0
2026-07-20 08:59:41,354,526,486,0
2026-07-20 08:59:42,387,532,486,0
2026-07-20 08:59:43,369,518,511,0
2026-07-20 08:59:44,363,539,514,0
2026-07-20 08:59:45,390,539,505,0
2026-07-20 08:59:46,357,530,516,0
2026-07-20 08:59:47,394,540,515,0
2026-07-20 08:59:48,344,524,530,0
2026-07-20 08:59:49,388,518,509,0
2026-07-20 08:59:50,345,540,498,0
2026-07-20 08:59:51,385,546,481,0
2026-07-20 08:59:52,381,517,503,0
2026-07-20 08:59:53,335,533,507,0
2026-07-20 08:59:54,362,541,496,0
2026-07-20 08:59:55,358,528,518,0
2026-07-20 08:59:56,382,549,514,0
2026-07-20 08:59:57,382,525,526,0
2026-07-20 08:59:58,373,523,507,0
2026-07-20 08:59:59,365,520,551,0
2026-07-20 09:00:00,346,527,558,0
2026-07-20 09:00:01,329,540,583,0
2026-07-20 09:00:02,335,537,549,0
2026-07-20 09:00:03,336,528,533,0
2026-07-20 09:00:04,345,529,502,0
2026-07-20 09:00:05,367,534,499,0
2026-07-20 09:00:06,358,525,527,0
2026-07-20 09:00:07,364,540,484,0
2026-07-20 09:00:08,376,522,469,0
2026-07-20 09:00:09,383,533,466,0
2026-07-20 09:00:10,361,530,453,0
2026-07-20 09:00:11,379,527,456,0
2026-07-20 09:00:12,341,521,458,0
2026-07-20 09:00:13,396,516,457,0
2026-07-20 09:00:14,353,529,476,0
2026-07-20 09:00:15,346,523,507,0
2026-07-20 09:00:16,339,533,512,0
2026-07-20 09:00:17,347,517,521,0
2026-07-20 09:00:18,311,521,523,0
2026-07-20 09:00:19,312,525,511,0
2026-07-20 09:00:20,313,515,519,0
2026-07-20 09:00:21,318,529,516,0
2026-07-20 09:00:22,347,545,508,0
2026-07-20 09:00:23,336,544,523,0
2026-07-20 09:00:24,369,534,527,0
2026-07-20 09:00:25,348,529,514,0
2026-07-20 09:00:26,362,526,515,0
2026-07-20 09:00:27,365,526,517,0
2026-07-20 09:00:28,385,540,536,0
2026-07-20 09:00:29,385,521,536,0
2026-07-20 09:00:30,374,529,511,0
2026-07-20 09:00:31,342,516,529,0
2026-07-20 09:00:32,377,522,523,0
2026-07-20 09:00:33,344,546,507,0
2026-07-20 09:00:34,320,520,508,0
2026-07-20 09:00:35,325,531,518,0
2026-07-20 09:00:36,332,522,522,0
2026-07-20 09:00:37,328,534,527,0
2026-07-20 09:00:38,314,519,530,0
2026-07-20 09:00:39,330,523,520,0
2026-07-20 09:00:40,360,521,501,0
2026-07-20 09:00:41,357,520,514,0
2026-07-20 09:00:42,358,520,461,0
2026-07-20 09:00:43,353,514,451,0
2026-07-20 09:00:44,387,524,457,0
2026-07-20 09:00:45,368,534,459,0
2026-07-20 09:00:46,414,532,480,0
2026-07-20 09:00:47,355,548,501,0
2026-07-20 09:00:48,355,526,506,0
2026-07-20 09:00:49,366,543,512,0
2026-07-20 09:00:50,348,543,511,0
2026-07-20 09:00:51,317,537,547,0
2026-07-20 09:00:52,336,524,528,0
2026-07-20 09:00:53,333,529,547,0
2026-07-20 09:00:54,339,525,545,0
2026-07-20 09:00:55,327,523,553,0
2026-07-20 09:00:56,364,540,537,0
2026-07-20 09:00:57,355,524,519,0
2026-07-20 09:00:58,350,539,535,0
2026-07-20 09:00:59,378,546,493,0
2026-07-20 09:01:00,405,530,507,0
2026-07-20 09:01:01,368,517,504,0
2026-07-20 09:01:02,349,538,517,0
2026-07-20 09:01:03,349,542,530,0
2026-07-20 09:01:04,365,517,539,0
2026-07-20 09:01:05,355,544,512,0
2026-07-20 09:01:06,328,534,523,0
2026-07-20 09:01:07,321,533,507,0
2026-07-20 09:01:08,317,529,518,0
2026-07-20 09:01:09,316,511,524,0
2026-07-20 09:01:10,325,528,511,0
2026-07-20 09:01:11,377,525,512,0
2026-07-20 09:01:12,358,523,496,0
2026-07-20 09:01:13,359,521,471,0
2026-07-20 09:01:14,353,528,470,0
2026-07-20 09:01:15,397,543,449,0
2026-07-20 09:01:16,341,538,476,0
2026-07-20 09:01:17,400,533,466,0
2026-07-20 09:01:18,373,522,483,0
2026-07-20 09:01:19,380,529,489,0
2026-07-20 09:01:20,375,538,510,0
2026-07-20 09:01:21,391,536,505,0
2026-07-20 09:01:22,383,531,500,0
2026-07-20 09:01:23,337,532,508,0
2026-07-20 09:01:24,345,553,537,0
2026-07-20 09:01:25,337,535,506,0
2026-07-20 09:01:26,330,526,520,0
2026-07-20 09:01:27,329,544,525,0
2026-07-20 09:01:28,309,526,574,0
2026-07-20 09:01:29,370,516,558,0
2026-07-20 09:01:30,364,525,531,0
2026-07-20 09:01:31,352,524,540,0
2026-07-20 09:01:32,368,500,523,0
2026-07-20 09:01:33,357,523,503,0
2026-07-20 09:01:34,402,544,527,0
2026-07-20 09:01:35,367,531,488,0
2026-07-20 09:01:36,365,538,481,0
2026-07-20 09:01:37,388,529,533,0
2026-07-20 09:01:38,348,544,521,0
2026-07-20 09:01:39,355,528,524,0
2026-07-20 09:01:40,371,525,539,0
2026-07-20 09:01:41,401,519,535,0
2026-07-20 09:01:42,345,534,547,0
2026-07-20 09:01:43,385,534,541,0
2026-07-20 09:01:44,378,546,552,0
2026-07-20 09:01:45,362,520,528,0
2026-07-20 09:01:46,393,541,531,0
2026-07-20 09:01:47,363,523,526,0
2026-07-20 09:01:48,401,512,517,0
2026-07-20 09:01:49,375,524,519,0
2026-07-20 09:01:50,376,524,507,0
2026-07-20 09:01:51,361,525,522,0
2026-07-20 09:01:52,401,545,506,0
2026-07-20 09:01:53,393,505,471,0
2026-07-20 09:01:54,367,515,534,0
2026-07-20 09:01:55,339,514,572,0
2026-07-20 09:01:56,313,518,556,0
2026-07-20 09:01:57,343,526,545,0
2026-07-20 09:01:58,326,535,535,0
2026-07-20 09:01:59,329,539,513,0
2026-07-20 09:02:00,356,524,520,0
2026-07-20 09:02:01,417,532,523,0
2026-07-20 09:02:02,388,532,529,0
2026-07-20 09:02:03,395,530,505,0
2026-07-20 09:02:04,379,526,497,0
2026-07-20 09:02:05,399,528,471,0
2026-07-20 09:02:06,378,535,459,0
2026-07-20 09:02:07,338,544,457,0
2026-07-20 09:02:08,357,526,487,0
2026-07-20 09:02:09,386,520,501,0
2026-07-20 09:02:10,347,529,509,0
2026-07-20 09:02:11,316,517,517,0
2026-07-20 09:02:12,320,523,536,0
2026-07-20 09:02:13,340,540,522,0
2026-07-20 09:02:14,341,537,511,0
2026-07-20 09:02:15,373,531,517,0
2026-07-20 09:02:16,374,540,520,0
2026-07-20 09:02:17,358,535,538,0
2026-07-20 09:02:18,357,539,523,0
2026-07-20 09:02:19,345,549,537,0
2026-07-20 09:02:20,356,531,518,0
2026-07-20 09:02:21,363,520,477,0
2026-07-20 09:02:22,379,535,505,0
2026-07-20 09:02:23,392,532,528,0
2026-07-20 09:02:24,397,530,510,0
2026-07-20 09:02:25,349,512,543,0
2026-07-20 09:02:26,349,536,581,0
2026-07-20 09:02:27,342,516,555,0
2026-07-20 09:02:28,333,535,530,0
2026-07-20 09:02:29,341,529,533,0
2026-07-20 09:02:30,379,532,513,0
2026-07-20 09:02:31,367,537,509,0
2026-07-20 09:02:32,373,533,515,0
2026-07-20 09:02:33,366,533,504,0
2026-07-20 09:02:34,364,537,501,0
2026-07-20 09:02:35,359,533,499,0
2026-07-20 09:02:36,417,532,479,0
2026-07-20 09:02:37,363,540,450,0
2026-07-20 09:02:38,384,535,469,0
2026-07-20 09:02:39,347,531,466,0
2026-07-20 09:02:40,412,516,450,0
2026-07-20 09:02:41,367,523,467,0
2026-07-20 09:02:42,356,528,484,0
2026-07-20 09:02:43,375,513,505,0
2026-07-20 09:02:44,345,523,515,0
2026-07-20 09:02:45,326,524,505,0
2026-07-20 09:02:46,324,525,515,0
2026-07-20 09:02:47,318,530,523,0
2026-07-20 09:02:48,307,513,498,0
2026-07-20 09:02:49,317,520,500,0
2026-07-20 09:02:50,322,535,505,0
2026-07-20 09:02:51,317,542,523,0
2026-07-20 09:02:52,335,520,500,0
2026-07-20 09:02:53,335,549,542,0
2026-07-20 09:02:54,378,541,527,0
2026-07-20 09:02:55,381,516,527,0
2026-07-20 09:02:56,339,543,540,0
2026-07-20 09:02:57,383,543,564,0
2026-07-20 09:02:58,354,522,503,0
2026-07-20 09:02:59,384,511,505,0
2026-07-20 09:03:00,373,549,547,0
2026-07-20 09:03:01,385,541,499,0
2026-07-20 09:03:02,361,549,479,0
2026-07-20 09:03:03,350,510,519,0
2026-07-20 09:03:04,372,532,519,0
2026-07-20 09:03:05,385,545,511,0
2026-07-20 09:03:06,346,515,543,0
2026-07-20 09:03:07,342,520,571,0
2026-07-20 09:03:08,326,517,567,0
2026-07-20 09:03:09,339,517,558,0
2026-07-20 09:03:10,314,547,506,0
2026-07-20 09:03:11,331,528,539,0
2026-07-20 09:03:12,330,526,514,0
2026-07-20 09:03:13,337,532,519,0
2026-07-20 09:03:14,396,528,515,0
2026-07-20 09:03:15,403,531,504,0
2026-07-20 09:03:16,358,537,516,0
2026-07-20 09:03:17,397,547,486,0
2026-07-20 09:03:18,400,545,480,0
2026-07-20 09:03:19,406,537,472,0
2026-07-20 09:03:20,390,533,448,0
2026-07-20 09:03:21,362,545,470,0
2026-07-20 09:03:22,373,534,457,0
2026-07-20 09:03:23,374,526,464,0
2026-07-20 09:03:24,398,532,465,0
2026-07-20 09:03:25,356,539,480,0
2026-07-20 09:03:26,413,553,459,0
2026-07-20 09:03:27,359,523,470,0
2026-07-20 09:03:28,389,521,466,0
2026-07-20 09:03:29,357,528,470,0
2026-07-20 09:03:30,398,529,473,0
2026-07-20 09:03:31,415,530,491,0
2026-07-20 09:03:32,388,546,511,0
2026-07-20 09:03:33,391,536,516,0
2026-07-20 09:03:34,376,546,504,0
2026-07-20 09:03:35,359,535,511,0
2026-07-20 09:03:36,342,537,533,0
2026-07-20 09:03:37,325,532,524,0
2026-07-20 09:03:38,342,549,526,0
2026-07-20 09:03:39,338,528,550,0
2026-07-20 09:03:40,344,530,573,0
2026-07-20 09:03:41,365,520,542,0
2026-07-20 09:03:42,389,509,540,0
2026-07-20 09:03:43,368,505,493,0
2026-07-20 09:03:44,404,537,523,0
2026-07-20 09:03:45,348,545,524,0
2026-07-20 09:03:46,384,515,488,0
2026-07-20 09:03:47,376,545,528,0
2026-07-20 09:03:48,363,523,505,0
2026-07-20 09:03:49,348,520,533,0
2026-07-20 09:03:50,373,544,534,0
2026-07-20 09:03:51,359,523,514,0
2026-07-20 09:03:52,352,518,539,0
2026-07-20 09:03:53,333,538,541,0
2026-07-20 09:03:54,324,531,536,0
2026-07-20 09:03:55,322,525,501,0
2026-07-20 09:03:56,332,537,544,0
2026-07-20 09:03:57,314,534,498,0
2026-07-20 09:03:58,316,523,526,0
2026-07-20 09:03:59,314,521,503,0
2026-07-20 09:04:00,317,536,522,0
2026-07-20 09:04:01,327,524,529,0
2026-07-20 09:04:02,337,523,511,0
2026-07-20 09:04:03,308,520,503,0
2026-07-20 09:04:04,300,525,525,0
2026-07-20 09:04:05,331,514,514,0
2026-07-20 09:04:06,342,517,533,0
2026-07-20 09:04:07,334,515,507,0
2026-07-20 09:04:08,359,523,537,0
2026-07-20 09:04:09,322,520,528,0
2026-07-20 09:04:10,327,524,495,0
2026-07-20 09:04:11,332,526,513,0
2026-07-20 09:04:12,333,533,528,0
2026-07-20 09:04:13,331,520,515,0
2026-07-20 09:04:14,341,541,502,0
2026-07-20 09:04:15,316,530,512,0
2026-07-20 09:04:16,322,527,525,0
2026-07-20 09:04:17,336,539,517,0
2026-07-20 09:04:18,338,522,518,0
2026-07-20 09:04:19,349,523,518,0
2026-07-20 09:04:20,370,515,513,0
2026-07-20 09:04:21,363,544,544,0
2026-07-20 09:04:22,389,521,528,0
2026-07-20 09:04:23,391,538,534,0
2026-07-20 09:04:24,365,520,509,0
2026-07-20 09:04:25,337,536,524,0
2026-07-20 09:04:26,364,526,520,0
2026-07-20 09:04:27,353,518,525,0
2026-07-20 09:04:28,373,546,494,0
2026-07-20 09:04:29,377,515,512,0
2026-07-20 09:04:30,361,531,575,0
2026-07-20 09:04:31,358,541,552,0
2026-07-20 09:04:32,356,508,589,0
2026-07-20 09:04:33,336,545,544,0
2026-07-20 09:04:34,321,534,547,0
2026-07-20 09:04:35,339,550,538,0
2026-07-20 09:04:36,341,541,529,0
2026-07-20 09:04:37,332,552,519,0
2026-07-20 09:04:38,369,548,530,0
2026-07-20 09:04:39,374,531,537,0
2026-07-20 09:04:40,391,540,538,0
2026-07-20 09:04:41,373,548,519,0
2026-07-20 09:04:42,403,540,519,0
2026-07-20 09:04:43,373,538,503,0
2026-07-20 09:04:44,374,532,505,0
2026-07-20 09:04:45,406,542,510,0
2026-07-20 09:04:46,359,528,498,0
2026-07-20 09:04:47,369,536,476,0
2026-07-20 09:04:48,376,533,481,0
2026-07-20 09:04:49,356,533,455,0
2026-07-20 09:04:50,346,548,467,0
2026-07-20 09:04:51,388,515,461,0
2026-07-20 09:04:52,362,507,458,0
2026-07-20 09:04:53,384,518,463,0
2026-07-20 09:04:54,355,522,484,0
2026-07-20 09:04:55,392,531,489,0
2026-07-20 09:04:56,382,524,513,0
2026-07-20 09:04:57,360,523,505,0
2026-07-20 09:04:58,354,527,527,0
2026-07-20 09:04:59,349,514,540,0
2026-07-20 09:05:00,338,519,516,0
2026-07-20 09:05:01,336,529,548,0
2026-07-20 09:05:02,319,532,511,0
2026-07-20 09:05:03,318,525,509,0
2026-07-20 09:05:04,322,536,524,0
2026-07-20 09:05:05,325,537,523,0
2026-07-20 09:05:06,327,527,530,0
2026-07-20 09:05:07,317,529,524,0
2026-07-20 09:05:08,391,544,534,0
2026-07-20 09:05:09,325,525,535,0
2026-07-20 09:05:10,358,534,516,0
2026-07-20 09:05:11,344,519,494,0
2026-07-20 09:05:12,388,538,535,0
2026-07-20 09:05:13,348,523,515,0
2026-07-20 09:05:14,370,522,517,0
2026-07-20 09:05:15,365,525,517,0
2026-07-20 09:05:16,353,531,539,0
2026-07-20 09:05:17,369,515,520,0
2026-07-20 09:05:18,375,537,530,0
2026-07-20 09:05:19,351,545,528,0
2026-07-20 09:05:20,361,527,520,0
2026-07-20 09:05:21,378,531,515,0
2026-07-20 09:05:22,378,531,507,0
2026-07-20 09:05:23,404,545,529,0
2026-07-20 09:05:24,371,522,526,0
2026-07-20 09:05:25,371,537,507,0
2026-07-20 09:05:26,372,528,524,0
2026-07-20 09:05:27,360,539,536,0
2026-07-20 09:05:28,367,518,519,0
2026-07-20 09:05:29,313,521,498,0
2026-07-20 09:05:30,335,527,521,0
2026-07-20 09:05:31,331,537,503,0
2026-07-20 09:05:32,315,523,519,0
2026-07-20 09:05:33,329,513,517,0
2026-07-20 09:05:34,335,516,528,0
2026-07-20 09:05:35,358,517,521,0
2026-07-20 09:05:36,383,532,491,0
2026-07-20 09:05:37,388,527,458,0
2026-07-20 09:05:38,392,547,457,0
2026-07-20 09:05:39,361,530,458,0
2026-07-20 09:05:40,379,521,463,0
2026-07-20 09:05:41,378,536,498,0
2026-07-20 09:05:42,404,536,525,0
2026-07-20 09:05:43,397,536,527,0
2026-07-20 09:05:44,363,529,522,0
2026-07-20 09:05:45,363,529,505,0
2026-07-20 09:05:46,337,537,535,0
2026-07-20 09:05:47,329,537,538,0
2026-07-20 09:05:48,326,515,512,0
2026-07-20 09:05:49,347,539,549,0
2026-07-20 09:05:50,380,534,525,0
2026-07-20 09:05:51,368,516,510,0
2026-07-20 09:05:52,379,537,509,0
2026-07-20 09:05:53,404,539,508,0
2026-07-20 09:05:54,351,539,490,0
2026-07-20 09:05:55,378,542,481,0
2026-07-20 09:05:56,393,520,565,0
2026-07-20 09:05:57,401,546,552,0
2026-07-20 09:05:58,395,548,519,0
2026-07-20 09:05:59,361,529,516,0
2026-07-20 09:06:00,328,523,530,0
2026-07-20 09:06:01,324,530,530,0
2026-07-20 09:06:02,327,534,546,0
2026-07-20 09:06:03,326,535,508,0
2026-07-20 09:06:04,324,514,534,0
2026-07-20 09:06:05,309,522,512,0
2026-07-20 09:06:06,357,527,526,0
2026-07-20 09:06:07,344,521,493,0
2026-07-20 09:06:08,352,539,462,0
2026-07-20 09:06:09,357,518,463,0
2026-07-20 09:06:10,381,521,468,0
2026-07-20 09:06:11,383,529,467,0
2026-07-20 09:06:12,388,528,489,0
2026-07-20 09:06:13,407,536,494,0
2026-07-20 09:06:14,402,551,513,0
2026-07-20 09:06:15,360,549,507,0
2026-07-20 09:06:16,366,536,521,0
2026-07-20 09:06:17,356,536,522,0
2026-07-20 09:06:18,359,530,509,0
2026-07-20 09:06:19,331,521,541,0
2026-07-20 09:06:20,325,530,576,0
2026-07-20 09:06:21,340,514,580,0
2026-07-20 09:06:22,329,530,574,0
2026-07-20 09:06:23,348,529,546,0
2026-07-20 09:06:24,357,512,566,0
2026-07-20 09:06:25,373,534,540,0
2026-07-20 09:06:26,390,507,530,0
2026-07-20 09:06:27,376,542,537,0
2026-07-20 09:06:28,353,534,533,0
2026-07-20 09:06:29,388,534,550,0
2026-07-20 09:06:30,334,541,532,0
2026-07-20 09:06:31,369,539,553,0
2026-07-20 09:06:32,379,529,538,0
2026-07-20 09:06:33,360,529,506,0
2026-07-20 09:06:34,333,541,522,0
2026-07-20 09:06:35,334,519,484,0
2026-07-20 09:06:36,333,525,537,0
2026-07-20 09:06:37,326,525,509,0
2026-07-20 09:06:38,320,527,552,0
2026-07-20 09:06:39,348,520,529,0
2026-07-20 09:06:40,359,512,517,0
2026-07-20 09:06:41,382,531,504,0
2026-07-20 09:06:42,407,529,473,0
2026-07-20 09:06:43,398,528,456,0
2026-07-20 09:06:44,394,522,459,0
2026-07-20 09:06:45,394,549,473,0
2026-07-20 09:06:46,385,548,468,0
2026-07-20 09:06:47,402,552,464,0
2026-07-20 09:06:48,381,546,503,0
2026-07-20 09:06:49,395,543,507,0
2026-07-20 09:06:50,416,535,492,0
2026-07-20 09:06:51,377,538,526,0
2026-07-20 09:06:52,391,533,521,0
2026-07-20 09:06:53,385,540,510,0
2026-07-20 09:06:54,368,541,523,0
2026-07-20 09:06:55,357,529,543,0
2026-07-20 09:06:56,328,546,539,0
2026-07-20 09:06:57,329,543,529,0
2026-07-20 09:06:58,313,523,541,0
2026-07-20 09:06:59,353,545,548,0
2026-07-20 09:07:00,324,542,531,0
2026-07-20 09:07:01,346,537,550,0
2026-07-20 09:07:02,349,551,538,0
2026-07-20 09:07:03,360,537,525,0
2026-07-20 09:07:04,350,534,543,0
2026-07-20 09:07:05,356,529,552,0
2026-07-20 09:07:06,326,550,538,0
2026-07-20 09:07:07,337,536,516,0
2026-07-20 09:07:08,332,534,536,0
2026-07-20 09:07:09,349,528,544,0
2026-07-20 09:07:10,351,540,531,0
2026-07-20 09:07:11,349,553,536,0
2026-07-20 09:07:12,364,547,530,0
2026-07-20 09:07:14,334,528,531,0
2026-07-20 09:07:14,356,537,525,0
2026-07-20 09:07:15,347,538,528,0
2026-07-20 09:07:16,338,544,532,0
2026-07-20 09:07:17,334,527,527,0
2026-07-20 09:07:18,338,548,522,0
2026-07-20 09:07:19,358,530,509,0
2026-07-20 09:07:20,339,518,527,0
2026-07-20 09:07:21,331,535,526,0
2026-07-20 09:07:22,334,541,547,0
2026-07-20 09:07:23,326,518,562,0
2026-07-20 09:07:24,346,534,570,0
2026-07-20 09:07:25,344,522,547,0
2026-07-20 09:07:26,332,516,566,0
2026-07-20 09:07:27,338,527,551,0
2026-07-20 09:07:28,371,522,556,0
2026-07-20 09:07:29,355,525,520,0
2026-07-20 09:07:30,372,546,503,0
2026-07-20 09:07:31,350,540,489,0
2026-07-20 09:07:32,366,520,473,0
2026-07-20 09:07:33,382,517,513,0
2026-07-20 09:07:34,390,539,483,0
2026-07-20 09:07:35,349,543,526,0
2026-07-20 09:07:36,365,533,527,0
2026-07-20 09:07:37,390,526,522,0
2026-07-20 09:07:38,345,543,543,0
2026-07-20 09:07:39,332,532,514,0
2026-07-20 09:07:40,322,534,518,0
2026-07-20 09:07:41,318,536,522,0
2026-07-20 09:07:42,329,528,524,0
2026-07-20 09:07:43,319,531,508,0
2026-07-20 09:07:44,351,523,528,0
2026-07-20 09:07:45,398,526,503,0
2026-07-20 09:07:46,396,523,471,0
2026-07-20 09:07:47,362,531,462,0
2026-07-20 09:07:48,352,529,455,0
2026-07-20 09:07:49,367,532,444,0
2026-07-20 09:07:50,416,529,463,0
2026-07-20 09:07:51,410,536,482,0
2026-07-20 09:07:52,366,547,493,0
2026-07-20 09:07:53,393,540,496,0
2026-07-20 09:07:54,381,549,505,0
2026-07-20 09:07:55,370,540,519,0
2026-07-20 09:07:56,385,536,488,0
2026-07-20 09:07:57,367,530,522,0
2026-07-20 09:07:58,351,530,533,0
2026-07-20 09:07:59,332,526,544,0
2026-07-20 09:08:00,349,544,543,0
2026-07-20 09:08:01,336,529,531,0
2026-07-20 09:08:02,323,535,531,0
2026-07-20 09:08:03,330,537,526,0
2026-07-20 09:08:04,334,534,523,0
2026-07-20 09:08:05,339,532,514,0
2026-07-20 09:08:06,321,546,522,0
2026-07-20 09:08:07,341,521,531,0
2026-07-20 09:08:08,347,531,555,0
2026-07-20 09:08:09,323,540,542,0
2026-07-20 09:08:10,345,537,538,0
2026-07-20 09:08:11,348,543,530,0
2026-07-20 09:08:12,331,516,514,0
2026-07-20 09:08:13,343,540,523,0
2026-07-20 09:08:14,356,541,525,0
2026-07-20 09:08:15,343,545,525,0
2026-07-20 09:08:16,353,523,518,0
2026-07-20 09:08:17,381,536,503,0
2026-07-20 09:08:18,356,538,515,0
2026-07-20 09:08:19,398,530,501,0
2026-07-20 09:08:20,403,542,525,0
2026-07-20 09:08:21,383,539,511,0
2026-07-20 09:08:22,408,539,508,0
2026-07-20 09:08:23,413,538,501,0
2026-07-20 09:08:24,360,533,485,0
2026-07-20 09:08:25,390,538,483,0
2026-07-20 09:08:26,385,529,465,0
2026-07-20 09:08:27,368,538,464,0
2026-07-20 09:08:28,327,538,452,0
2026-07-20 09:08:29,393,519,459,0
2026-07-20 09:08:30,346,537,457,0
2026-07-20 09:08:31,366,534,463,0
2026-07-20 09:08:32,384,514,472,0
2026-07-20 09:08:33,391,522,472,0
2026-07-20 09:08:34,372,520,475,0
2026-07-20 09:08:35,369,525,509,0
2026-07-20 09:08:36,368,524,507,0
2026-07-20 09:08:37,355,519,510,0
2026-07-20 09:08:38,348,522,525,0
2026-07-20 09:08:39,350,523,513,0
2026-07-20 09:08:40,345,529,522,0
2026-07-20 09:08:41,305,519,509,0
2026-07-20 09:08:42,316,527,523,0
2026-07-20 09:08:43,329,525,503,0
2026-07-20 09:08:44,325,522,517,0
2026-07-20 09:08:45,340,529,521,0
2026-07-20 09:08:46,326,522,516,0
2026-07-20 09:08:47,342,522,516,0
2026-07-20 09:08:48,342,519,505,0
2026-07-20 09:08:49,305,524,524,0
2026-07-20 09:08:50,373,529,529,0
2026-07-20 09:08:51,335,527,522,0
2026-07-20 09:08:52,369,524,509,0
2026-07-20 09:08:53,375,529,502,0
2026-07-20 09:08:54,387,517,496,0
2026-07-20 09:08:55,356,521,483,0
2026-07-20 09:08:56,358,527,474,0
2026-07-20 09:08:57,393,525,450,0
2026-07-20 09:08:58,396,525,460,0
2026-07-20 09:08:59,369,536,444,0
2026-07-20 09:09:00,362,544,467,0
2026-07-20 09:09:01,401,525,464,0
2026-07-20 09:09:02,382,523,485,0
2026-07-20 09:09:03,382,536,508,0
2026-07-20 09:09:04,367,533,523,0
2026-07-20 09:09:05,353,530,510,0
2026-07-20 09:09:06,348,528,520,0
2026-07-20 09:09:07,356,538,533,0
2026-07-20 09:09:08,348,537,521,0
2026-07-20 09:09:09,333,519,528,0
2026-07-20 09:09:10,323,541,527,0
2026-07-20 09:09:11,327,537,544,0
2026-07-20 09:09:12,361,516,546,0
2026-07-20 09:09:13,358,520,548,0
2026-07-20 09:09:14,361,517,572,0
2026-07-20 09:09:15,366,541,498,0
2026-07-20 09:09:16,348,514,516,0
2026-07-20 09:09:17,354,524,491,0
2026-07-20 09:09:18,376,532,488,0
2026-07-20 09:09:19,346,541,547,0
2026-07-20 09:09:20,375,543,545,0
2026-07-20 09:09:21,407,522,526,0
2026-07-20 09:09:22,373,543,525,0
2026-07-20 09:09:23,324,541,529,0
2026-07-20 09:09:24,328,536,522,0
2026-07-20 09:09:25,301,530,503,0
2026-07-20 09:09:26,313,524,524,0
2026-07-20 09:09:27,343,532,516,0
2026-07-20 09:09:28,349,523,519,0
2026-07-20 09:09:29,344,514,483,0
2026-07-20 09:09:30,354,538,451,0
2026-07-20 09:09:31,382,543,459,0
2026-07-20 09:09:32,399,529,466,0
2026-07-20 09:09:33,374,532,485,0
2026-07-20 09:09:34,413,537,494,0
2026-07-20 09:09:35,372,527,526,0
2026-07-20 09:09:36,359,544,537,0
2026-07-20 09:09:37,371,542,523,0
2026-07-20 09:09:38,362,548,526,0
2026-07-20 09:09:39,321,537,551,0
2026-07-20 09:09:40,327,515,540,0
2026-07-20 09:09:41,349,534,548,0
2026-07-20 09:09:42,328,524,538,0
2026-07-20 09:09:43,318,527,532,0
2026-07-20 09:09:44,354,502,555,0
2026-07-20 09:09:45,363,522,586,0
2026-07-20 09:09:46,354,518,528,0
2026-07-20 09:09:47,394,519,536,0
2026-07-20 09:09:48,360,534,556,0
2026-07-20 09:09:49,350,525,514,0
2026-07-20 09:09:50,357,534,515,0
2026-07-20 09:09:51,366,542,528,0
2026-07-20 09:09:52,361,544,546,0
2026-07-20 09:09:53,399,535,531,0
2026-07-20 09:09:54,376,502,507,0
2026-07-20 09:09:55,368,510,496,0
2026-07-20 09:09:56,365,536,503,0
2026-07-20 09:09:57,394,524,529,0
2026-07-20 09:09:58,365,544,570,0
2026-07-20 09:09:59,369,516,575,0
2026-07-20 09:10:00,346,538,565,0
2026-07-20 09:10:01,341,552,561,0
2026-07-20 09:10:02,332,529,545,0
2026-07-20 09:10:03,332,528,522,0
2026-07-20 09:10:04,363,520,509,0
2026-07-20 09:10:05,379,537,517,0
2026-07-20 09:10:06,350,546,512,0
2026-07-20 09:10:07,407,541,495,0
2026-07-20 09:10:08,387,530,450,0
2026-07-20 09:10:09,360,538,461,0
2026-07-20 09:10:10,359,517,464,0
2026-07-20 09:10:12,408,533,452,0
2026-07-20 09:10:12,361,524,480,0
2026-07-20 09:10:13,357,531,496,0
2026-07-20 09:10:14,345,527,531,0
2026-07-20 09:10:15,333,522,518,0
2026-07-20 09:10:16,324,534,506,0
2026-07-20 09:10:17,323,525,518,0
2026-07-20 09:10:18,361,539,525,0
2026-07-20 09:10:19,337,518,528,0
2026-07-20 09:10:20,360,532,527,0
2026-07-20 09:10:21,391,523,540,0
2026-07-20 09:10:22,361,535,542,0
2026-07-20 09:10:23,366,527,519,0
2026-07-20 09:10:24,396,527,504,0
2026-07-20 09:10:25,372,515,491,0
2026-07-20 09:10:26,359,516,520,0
2026-07-20 09:10:27,385,507,524,0
2026-07-20 09:10:28,375,529,495,0
2026-07-20 09:10:29,371,540,558,0
2026-07-20 09:10:30,343,519,541,0
2026-07-20 09:10:31,335,547,521,0
2026-07-20 09:10:32,351,546,528,0
2026-07-20 09:10:33,325,527,550,0
2026-07-20 09:10:34,335,537,519,0
2026-07-20 09:10:35,363,529,521,0
2026-07-20 09:10:36,389,525,505,0
2026-07-20 09:10:37,391,535,509,0
2026-07-20 09:10:38,381,532,508,0
2026-07-20 09:10:39,367,534,483,0
2026-07-20 09:10:40,361,512,451,0
2026-07-20 09:10:41,372,531,465,0
2026-07-20 09:10:42,364,537,459,0
2026-07-20 09:10:43,384,521,482,0
2026-07-20 09:10:44,345,517,511,0
2026-07-20 09:10:45,311,526,522,0
2026-07-20 09:10:46,318,525,506,0
2026-07-20 09:10:47,323,524,519,0
2026-07-20 09:10:48,315,523,515,0
2026-07-20 09:10:49,345,534,529,0
2026-07-20 09:10:50,384,538,545,0
2026-07-20 09:10:51,395,549,547,0
2026-07-20 09:10:52,362,527,540,0
2026-07-20 09:10:53,357,525,515,0
2026-07-20 09:10:54,369,526,513,0
2026-07-20 09:10:55,362,530,496,0
2026-07-20 09:10:56,389,554,479,0
2026-07-20 09:10:57,364,500,500,0
2026-07-20 09:10:58,361,528,548,0
2026-07-20 09:10:59,370,531,571,0
2026-07-20 09:11:00,303,514,577,0
2026-07-20 09:11:01,322,519,566,0
2026-07-20 09:11:02,337,524,566,0
2026-07-20 09:11:03,316,547,515,0
2026-07-20 09:11:04,334,533,535,0
2026-07-20 09:11:05,379,542,512,0
2026-07-20 09:11:06,417,532,511,0
2026-07-20 09:11:07,379,544,496,0
2026-07-20 09:11:08,348,541,484,0
2026-07-20 09:11:09,358,540,463,0
2026-07-20 09:11:10,385,530,459,0
2026-07-20 09:11:11,340,526,458,0
2026-07-20 09:11:12,339,521,478,0
2026-07-20 09:11:13,368,523,507,0
2026-07-20 09:11:14,319,525,510,0
2026-07-20 09:11:15,313,531,512,0
2026-07-20 09:11:16,320,523,521,0
2026-07-20 09:11:17,318,531,502,0
2026-07-20 09:11:18,327,551,514,0
2026-07-20 09:11:19,362,546,526,0
2026-07-20 09:11:20,360,519,530,0
2026-07-20 09:11:21,391,544,556,0
2026-07-20 09:11:22,370,550,498,0
2026-07-20 09:11:23,348,530,491,0
2026-07-20 09:11:24,362,525,499,0
2026-07-20 09:11:25,385,518,504,0
2026-07-20 09:11:26,392,547,543,0
2026-07-20 09:11:27,372,523,542,0
2026-07-20 09:11:28,380,512,568,0
2026-07-20 09:11:29,351,528,544,0
2026-07-20 09:11:30,324,513,539,0
2026-07-20 09:11:31,342,524,545,0
2026-07-20 09:11:32,356,530,514,0
2026-07-20 09:11:33,366,525,530,0
2026-07-20 09:11:34,356,547,522,0
2026-07-20 09:11:35,422,541,502,0
2026-07-20 09:11:36,365,534,479,0
2026-07-20 09:11:37,385,530,478,0
2026-07-20 09:11:38,370,542,467,0
2026-07-20 09:11:39,369,550,454,0
2026-07-20 09:11:40,356,531,463,0
2026-07-20 09:11:41,348,514,502,0
2026-07-20 09:11:42,361,521,530,0
2026-07-20 09:11:43,345,517,513,0
2026-07-20 09:11:44,314,519,514,0
2026-07-20 09:11:45,322,531,502,0
2026-07-20 09:11:46,315,536,517,0
2026-07-20 09:11:47,334,545,508,0
2026-07-20 09:11:48,374,529,534,0
2026-07-20 09:11:49,375,548,514,0
2026-07-20 09:11:50,397,531,564,0
2026-07-20 09:11:51,374,541,535,0
2026-07-20 09:11:52,373,543,501,0
2026-07-20 09:11:53,373,518,491,0
2026-07-20 09:11:54,383,521,542,0
2026-07-20 09:11:55,373,533,572,0
2026-07-20 09:11:56,352,516,546,0
2026-07-20 09:11:57,325,544,558,0
2026-07-20 09:11:58,311,515,541,0
2026-07-20 09:11:59,318,534,497,0
2026-07-20 09:12:00,358,533,543,0
2026-07-20 09:12:01,363,545,526,0
2026-07-20 09:12:02,365,532,527,0
2026-07-20 09:12:03,423,543,518,0
2026-07-20 09:12:04,412,542,512,0
2026-07-20 09:12:05,383,524,476,0
2026-07-20 09:12:06,349,532,441,0
2026-07-20 09:12:07,387,533,471,0
2026-07-20 09:12:08,369,528,454,0
2026-07-20 09:12:09,337,518,455,0
2026-07-20 09:12:10,356,522,487,0
2026-07-20 09:12:11,377,524,517,0
2026-07-20 09:12:12,320,525,523,0
2026-07-20 09:12:13,300,525,495,0
2026-07-20 09:12:14,309,539,497,0
2026-07-20 09:12:15,315,540,499,0
2026-07-20 09:12:16,332,541,518,0
2026-07-20 09:12:17,361,521,531,0
2026-07-20 09:12:18,385,546,502,0
2026-07-20 09:12:19,394,527,530,0
2026-07-20 09:12:20,377,524,500,0
2026-07-20 09:12:21,395,535,492,0
2026-07-20 09:12:22,356,547,519,0
2026-07-20 09:12:23,363,542,530,0
2026-07-20 09:12:24,382,521,540,0
2026-07-20 09:12:25,358,521,563,0
2026-07-20 09:12:26,346,525,540,0
2026-07-20 09:12:27,329,518,547,0
2026-07-20 09:12:28,334,534,518,0
2026-07-20 09:12:29,344,539,520,0
2026-07-20 09:12:30,314,543,537,0
2026-07-20 09:12:31,383,531,523,0
2026-07-20 09:12:32,405,535,526,0
2026-07-20 09:12:33,365,537,515,0
2026-07-20 09:12:34,411,534,467,0
2026-07-20 09:12:35,348,533,472,0
2026-07-20 09:12:36,398,537,465,0
2026-07-20 09:12:37,364,528,464,0
2026-07-20 09:12:38,348,530,476,0
2026-07-20 09:12:39,380,516,484,0
2026-07-20 09:12:40,367,528,498,0
2026-07-20 09:12:41,322,528,522,0
2026-07-20 09:12:42,319,520,510,0
2026-07-20 09:12:43,313,525,516,0
2026-07-20 09:12:44,329,541,508,0
2026-07-20 09:12:45,334,554,505,0
2026-07-20 09:12:46,360,518,521,0
2026-07-20 09:12:47,345,524,542,0
2026-07-20 09:12:48,352,540,533,0
2026-07-20 09:12:49,371,545,526,0
2026-07-20 09:12:50,361,535,535,0
2026-07-20 09:12:51,360,539,477,0
2026-07-20 09:12:52,368,519,500,0
2026-07-20 09:12:53,397,519,497,0
2026-07-20 09:12:54,393,520,490,0
2026-07-20 09:12:55,381,541,562,0
2026-07-20 09:12:56,336,528,532,0
2026-07-20 09:12:57,331,524,526,0
2026-07-20 09:12:58,318,513,540,0
2026-07-20 09:12:59,327,519,580,0
2026-07-20 09:13:00,323,520,541,0
2026-07-20 09:13:01,357,546,518,0
2026-07-20 09:13:02,359,529,507,0
2026-07-20 09:13:03,394,527,517,0
2026-07-20 09:13:04,383,536,508,0
2026-07-20 09:13:05,356,531,500,0
2026-07-20 09:13:06,352,531,452,0
2026-07-20 09:13:07,387,529,452,0
2026-07-20 09:13:08,376,534,469,0
2026-07-20 09:13:09,389,537,466,0
2026-07-20 09:13:10,365,520,453,0
2026-07-20 09:13:11,380,528,465,0
2026-07-20 09:13:12,354,529,495,0
2026-07-20 09:13:13,379,523,502,0
2026-07-20 09:13:14,348,524,528,0
2026-07-20 09:13:15,339,516,515,0
2026-07-20 09:13:16,321,528,508,0
2026-07-20 09:13:17,325,535,517,0
2026-07-20 09:13:18,321,527,516,0
2026-07-20 09:13:19,320,527,514,0
2026-07-20 09:13:20,314,524,504,0
2026-07-20 09:13:21,327,519,517,0
2026-07-20 09:13:22,319,541,527,0
2026-07-20 09:13:23,348,530,521,0
2026-07-20 09:13:24,345,539,530,0
2026-07-20 09:13:25,340,531,514,0
2026-07-20 09:13:26,382,555,530,0
2026-07-20 09:13:27,363,520,524,0
2026-07-20 09:13:28,356,531,532,0
2026-07-20 09:13:29,377,549,536,0
2026-07-20 09:13:30,351,521,510,0
2026-07-20 09:13:31,375,512,525,0
2026-07-20 09:13:32,362,521,520,0
2026-07-20 09:13:33,408,523,528,0
2026-07-20 09:13:34,350,527,507,0
2026-07-20 09:13:35,371,535,520,0
2026-07-20 09:13:36,358,519,521,0
2026-07-20 09:13:37,328,539,495,0
2026-07-20 09:13:38,330,541,527,0
2026-07-20 09:13:39,317,540,504,0
2026-07-20 09:13:40,325,521,530,0
2026-07-20 09:13:41,326,534,519,0
2026-07-20 09:13:42,314,524,530,0
2026-07-20 09:13:43,354,534,512,0
2026-07-20 09:13:44,379,519,502,0
2026-07-20 09:13:45,358,523,482,0
2026-07-20 09:13:46,376,512,467,0
2026-07-20 09:13:47,382,530,461,0
2026-07-20 09:13:48,392,534,447,0
2026-07-20 09:13:49,393,536,476,0
2026-07-20 09:13:50,364,536,519,0
2026-07-20 09:13:51,391,536,508,0
2026-07-20 09:13:52,345,532,524,0
2026-07-20 09:13:53,357,520,520,0
2026-07-20 09:13:54,365,528,527,0
2026-07-20 09:13:55,336,545,545,0
2026-07-20 09:13:56,340,528,531,0
2026-07-20 09:13:57,317,554,555,0
2026-07-20 09:13:58,325,529,576,0
2026-07-20 09:13:59,332,514,554,0
2026-07-20 09:14:00,340,530,557,0
2026-07-20 09:14:01,393,536,545,0
2026-07-20 09:14:02,356,509,522,0
2026-07-20 09:14:03,352,560,519,0
2026-07-20 09:14:04,359,514,521,0
2026-07-20 09:14:05,378,549,501,0
2026-07-20 09:14:06,365,524,506,0
2026-07-20 09:14:07,396,544,503,0
2026-07-20 09:14:08,358,522,535,0
2026-07-20 09:14:09,372,538,521,0
2026-07-20 09:14:10,397,522,539,0
2026-07-20 09:14:11,390,523,523,0
2026-07-20 09:14:12,383,541,541,0
2026-07-20 09:14:13,345,539,506,0
2026-07-20 09:14:14,375,548,525,0
2026-07-20 09:14:15,387,547,538,0
2026-07-20 09:14:16,384,551,513,0
2026-07-20 09:14:17,370,522,530,0
2026-07-20 09:14:18,390,524,521,0
2026-07-20 09:14:19,366,545,512,0
2026-07-20 09:14:20,351,518,492,0
2026-07-20 09:14:21,359,545,466,0
2026-07-20 09:14:22,359,525,487,0
2026-07-20 09:14:23,355,527,486,0
2026-07-20 09:14:24,391,552,511,0
2026-07-20 09:14:25,372,508,521,0
2026-07-20 09:14:26,357,523,542,0
2026-07-20 09:14:27,390,529,567,0
2026-07-20 09:14:28,370,515,564,0
2026-07-20 09:14:29,340,532,570,0
2026-07-20 09:14:30,323,520,537,0
2026-07-20 09:14:31,317,530,547,0
2026-07-20 09:14:32,327,527,515,0
2026-07-20 09:14:33,319,528,510,0
2026-07-20 09:14:34,346,528,520,0
2026-07-20 09:14:35,410,540,525,0
2026-07-20 09:14:36,379,534,511,0
2026-07-20 09:14:37,349,547,488,0
2026-07-20 09:14:38,390,526,486,0
2026-07-20 09:14:39,397,521,445,0
2026-07-20 09:14:40,398,530,458,0
2026-07-20 09:14:41,399,539,464,0
2026-07-20 09:14:42,387,523,476,0
2026-07-20 09:14:43,359,527,493,0
2026-07-20 09:14:44,373,524,541,0
2026-07-20 09:14:45,334,523,525,0
2026-07-20 09:14:46,312,531,521,0
2026-07-20 09:14:47,325,535,517,0
2026-07-20 09:14:48,319,520,525,0
2026-07-20 09:14:49,324,525,507,0
2026-07-20 09:14:50,344,542,519,0
2026-07-20 09:14:51,341,546,513,0
2026-07-20 09:14:52,354,523,522,0
2026-07-20 09:14:53,388,525,518,0
2026-07-20 09:14:54,372,528,524,0
2026-07-20 09:14:55,375,525,539,0
2026-07-20 09:14:56,357,536,522,0
2026-07-20 09:14:57,370,549,516,0
2026-07-20 09:14:58,375,524,518,0
2026-07-20 09:14:59,373,543,535,0
2026-07-20 09:15:00,383,540,520,0
2026-07-20 09:15:01,412,537,526,0
2026-07-20 09:15:02,375,536,508,0
2026-07-20 09:15:03,335,548,526,0
2026-07-20 09:15:04,351,532,515,0
2026-07-20 09:15:05,339,525,526,0
2026-07-20 09:15:06,332,536,501,0
2026-07-20 09:15:07,314,543,505,0
2026-07-20 09:15:08,313,531,512,0
2026-07-20 09:15:09,316,540,499,0
2026-07-20 09:15:10,325,528,535,0
2026-07-20 09:15:11,321,520,540,0
2026-07-20 09:15:12,356,528,529,0
2026-07-20 09:15:13,382,535,496,0
2026-07-20 09:15:14,355,517,464,0
2026-07-20 09:15:15,356,534,454,0
2026-07-20 09:15:16,391,532,459,0
2026-07-20 09:15:17,370,544,461,0
2026-07-20 09:15:18,402,540,482,0
2026-07-20 09:15:19,384,539,517,0
2026-07-20 09:15:20,379,532,514,0
2026-07-20 09:15:21,367,553,515,0
2026-07-20 09:15:22,356,523,516,0
2026-07-20 09:15:23,347,533,513,0
2026-07-20 09:15:24,332,530,545,0
2026-07-20 09:15:25,317,517,579,0
2026-07-20 09:15:26,339,525,521,0
2026-07-20 09:15:27,373,526,569,0
2026-07-20 09:15:28,349,533,529,0
2026-07-20 09:15:29,359,542,513,0
2026-07-20 09:15:30,382,556,502,0
2026-07-20 09:15:31,361,532,492,0
2026-07-20 09:15:32,400,545,475,0
2026-07-20 09:15:33,374,541,547,0
2026-07-20 09:15:34,348,546,554,0
2026-07-20 09:15:35,379,533,526,0
2026-07-20 09:15:36,401,546,529,0
2026-07-20 09:15:37,356,524,521,0
2026-07-20 09:15:38,341,541,528,0
2026-07-20 09:15:39,322,530,520,0
2026-07-20 09:15:40,314,532,537,0
2026-07-20 09:15:41,314,525,496,0
2026-07-20 09:15:42,342,523,520,0
2026-07-20 09:15:43,357,534,521,0
2026-07-20 09:15:44,378,527,507,0
2026-07-20 09:15:45,378,526,481,0
2026-07-20 09:15:46,401,533,467,0
2026-07-20 09:15:47,382,520,441,0
2026-07-20 09:15:48,381,529,448,0
2026-07-20 09:15:49,376,532,467,0
2026-07-20 09:15:50,384,535,474,0
2026-07-20 09:15:51,390,533,484,0
2026-07-20 09:15:52,374,546,491,0
2026-07-20 09:15:53,380,542,519,0
2026-07-20 09:15:54,368,549,525,0
2026-07-20 09:15:55,370,553,512,0
2026-07-20 09:15:56,361,549,507,0
2026-07-20 09:15:57,331,524,553,0
2026-07-20 09:15:58,350,535,508,0
2026-07-20 09:15:59,318,513,539,0
2026-07-20 09:16:00,333,522,562,0
2026-07-20 09:16:01,347,514,556,0
2026-07-20 09:16:02,388,527,543,0
2026-07-20 09:16:03,379,522,496,0
2026-07-20 09:16:04,388,553,484,0
2026-07-20 09:16:05,397,526,491,0
2026-07-20 09:16:06,367,516,494,0
2026-07-20 09:16:07,374,542,492,0
2026-07-20 09:16:08,400,517,507,0
2026-07-20 09:16:09,387,537,536,0
2026-07-20 09:16:10,369,529,550,0
2026-07-20 09:16:11,381,529,513,0
2026-07-20 09:16:12,356,546,533,0
2026-07-20 09:16:13,332,525,529,0
2026-07-20 09:16:14,320,532,513,0
2026-07-20 09:16:15,314,538,500,0
2026-07-20 09:16:16,311,536,506,0
2026-07-20 09:16:17,310,540,530,0
2026-07-20 09:16:18,326,535,517,0
2026-07-20 09:16:19,334,531,522,0
2026-07-20 09:16:20,331,521,522,0
2026-07-20 09:16:21,319,532,527,0
2026-07-20 09:16:22,327,525,511,0
2026-07-20 09:16:23,334,522,538,0
2026-07-20 09:16:24,355,524,550,0
2026-07-20 09:16:25,369,522,498,0
2026-07-20 09:16:26,362,526,518,0
2026-07-20 09:16:27,326,530,524,0
2026-07-20 09:16:28,334,527,522,0
2026-07-20 09:16:29,331,531,506,0
2026-07-20 09:16:30,312,520,517,0
2026-07-20 09:16:31,321,527,510,0
2026-07-20 09:16:32,324,529,506,0
2026-07-20 09:16:33,335,526,515,0
2026-07-20 09:16:34,312,535,528,0
2026-07-20 09:16:35,308,539,505,0
2026-07-20 09:16:36,326,540,527,0
2026-07-20 09:16:37,317,519,536,0
2026-07-20 09:16:38,330,542,513,0
2026-07-20 09:16:39,333,548,526,0
2026-07-20 09:16:40,352,552,521,0
2026-07-20 09:16:41,336,543,536,0
2026-07-20 09:16:42,362,544,501,0
2026-07-20 09:16:43,378,542,524,0
2026-07-20 09:16:44,359,549,517,0
2026-07-20 09:16:45,397,532,521,0
2026-07-20 09:16:46,380,520,544,0
2026-07-20 09:16:47,375,528,529,0
2026-07-20 09:16:48,385,533,512,0
2026-07-20 09:16:49,359,533,535,0
2026-07-20 09:16:50,373,526,498,0
2026-07-20 09:16:51,386,543,503,0
2026-07-20 09:16:52,365,523,522,0
2026-07-20 09:16:53,374,543,520,0
2026-07-20 09:16:54,365,547,552,0
2026-07-20 09:16:55,350,519,543,0
2026-07-20 09:16:56,370,523,536,0
2026-07-20 09:16:57,384,521,533,0
2026-07-20 09:16:58,364,554,515,0
2026-07-20 09:16:59,350,545,539,0
2026-07-20 09:17:00,314,528,541,0
2026-07-20 09:17:01,296,534,521,0
2026-07-20 09:17:02,325,526,506,0
2026-07-20 09:17:03,330,516,528,0
2026-07-20 09:17:04,370,525,525,0
2026-07-20 09:17:05,410,531,472,0
2026-07-20 09:17:06,404,524,461,0
2026-07-20 09:17:07,396,537,446,0
2026-07-20 09:17:08,374,530,470,0
2026-07-20 09:17:09,393,533,473,0
2026-07-20 09:17:10,384,531,487,0
2026-07-20 09:17:11,372,549,516,0
2026-07-20 09:17:12,390,526,516,0
2026-07-20 09:17:13,371,551,519,0
2026-07-20 09:17:14,350,531,538,0
2026-07-20 09:17:15,334,536,543,0
2026-07-20 09:17:16,339,546,531,0
2026-07-20 09:17:17,349,522,529,0
2026-07-20 09:17:18,314,527,559,0
2026-07-20 09:17:19,368,517,575,0
2026-07-20 09:17:20,386,527,565,0
2026-07-20 09:17:21,362,533,536,0
2026-07-20 09:17:22,361,521,561,0
2026-07-20 09:17:23,369,522,519,0
2026-07-20 09:17:24,388,533,534,0
2026-07-20 09:17:25,359,544,514,0
2026-07-20 09:17:26,361,535,506,0
2026-07-20 09:17:27,400,531,529,0
2026-07-20 09:17:28,352,531,538,0
2026-07-20 09:17:29,393,539,525,0
2026-07-20 09:17:30,362,516,521,0
2026-07-20 09:17:31,329,530,530,0
2026-07-20 09:17:32,320,550,507,0
2026-07-20 09:17:33,326,536,539,0
2026-07-20 09:17:34,327,538,515,0
2026-07-20 09:17:35,319,523,544,0
2026-07-20 09:17:38,334,525,535,0
2026-07-20 09:17:38,332,530,517,0
2026-07-20 09:17:38,363,523,515,0
2026-07-20 09:17:39,348,523,524,0
2026-07-20 09:17:40,357,523,514,0
2026-07-20 09:17:41,394,526,504,0
2026-07-20 09:17:42,376,527,485,0
2026-07-20 09:17:43,385,531,493,0
2026-07-20 09:17:44,390,521,472,0
2026-07-20 09:17:45,364,527,457,0
2026-07-20 09:17:46,379,535,442,0
2026-07-20 09:17:47,379,536,461,0
2026-07-20 09:17:48,378,543,456,0
2026-07-20 09:17:49,375,527,457,0
2026-07-20 09:17:50,361,541,482,0
2026-07-20 09:17:51,374,540,466,0
2026-07-20 09:17:52,417,518,472,0
2026-07-20 09:17:53,372,533,463,0
2026-07-20 09:17:54,375,538,463,0
2026-07-20 09:17:55,386,523,466,0
2026-07-20 09:17:56,362,528,451,0
2026-07-20 09:17:57,380,529,522,0
2026-07-20 09:17:58,392,524,475,0
2026-07-20 09:17:59,391,526,497,0
2026-07-20 09:18:00,382,520,486,0
2026-07-20 09:18:01,395,520,507,0
2026-07-20 09:18:02,369,527,494,0
2026-07-20 09:18:03,352,535,524,0
2026-07-20 09:18:04,367,527,520,0
2026-07-20 09:18:05,352,527,529,0
2026-07-20 09:18:06,352,520,507,0
2026-07-20 09:18:07,335,521,530,0
2026-07-20 09:18:08,318,526,511,0
2026-07-20 09:18:09,315,526,523,0
2026-07-20 09:18:10,329,527,523,0
2026-07-20 09:18:11,315,528,518,0
2026-07-20 09:18:12,316,532,508,0
2026-07-20 09:18:13,313,543,510,0
2026-07-20 09:18:14,316,528,534,0
2026-07-20 09:18:15,322,547,507,0
2026-07-20 09:18:16,360,528,500,0
2026-07-20 09:18:17,322,534,526,0
2026-07-20 09:18:18,335,520,524,0
2026-07-20 09:18:19,346,525,514,0
2026-07-20 09:18:20,344,530,522,0
2026-07-20 09:18:21,378,531,537,0
2026-07-20 09:18:22,390,537,518,0
2026-07-20 09:18:23,362,543,522,0
2026-07-20 09:18:24,374,527,522,0
2026-07-20 09:18:25,356,550,534,0
2026-07-20 09:18:26,386,536,484,0
2026-07-20 09:18:27,354,542,517,0
2026-07-20 09:18:28,373,502,485,0
2026-07-20 09:18:29,359,533,540,0
2026-07-20 09:18:30,390,511,529,0
2026-07-20 09:18:31,353,523,574,0
2026-07-20 09:18:32,334,508,542,0
2026-07-20 09:18:33,342,556,557,0
2026-07-20 09:18:34,336,525,544,0
2026-07-20 09:18:35,345,533,539,0
2026-07-20 09:18:36,370,532,527,0
2026-07-20 09:18:37,386,543,536,0
2026-07-20 09:18:38,364,544,512,0
2026-07-20 09:18:39,382,527,514,0
2026-07-20 09:18:40,393,531,494,0
2026-07-20 09:18:41,379,532,471,0
2026-07-20 09:18:42,385,537,456,0
2026-07-20 09:18:43,401,544,444,0
2026-07-20 09:18:44,357,533,448,0
2026-07-20 09:18:45,401,528,484,0
2026-07-20 09:18:46,374,521,501,0
2026-07-20 09:18:47,326,529,532,0
2026-07-20 09:18:48,335,519,499,0
2026-07-20 09:18:49,312,522,517,0
2026-07-20 09:18:50,315,528,510,0
2026-07-20 09:18:51,313,540,499,0
2026-07-20 09:18:52,323,540,511,0
2026-07-20 09:18:53,362,539,515,0
2026-07-20 09:18:54,356,533,525,0
2026-07-20 09:18:55,364,527,518,0
2026-07-20 09:18:56,358,543,523,0
2026-07-20 09:18:57,403,524,530,0
2026-07-20 09:18:58,350,522,515,0
2026-07-20 09:18:59,345,530,534,0
2026-07-20 09:19:00,361,528,550,0
2026-07-20 09:19:01,387,536,554,0
2026-07-20 09:19:02,391,531,529,0
2026-07-20 09:19:03,385,546,493,0
2026-07-20 09:19:04,385,548,508,0
2026-07-20 09:19:05,373,525,477,0
2026-07-20 09:19:06,376,546,484,0
2026-07-20 09:19:07,365,523,497,0
2026-07-20 09:19:08,357,522,493,0
2026-07-20 09:19:09,414,528,535,0
2026-07-20 09:19:10,366,528,539,0
2026-07-20 09:19:11,358,517,479,0
2026-07-20 09:19:12,372,545,486,0
2026-07-20 09:19:13,355,551,483,0
2026-07-20 09:19:14,386,539,482,0
2026-07-20 09:19:15,369,524,484,0
2026-07-20 09:19:16,370,520,509,0
2026-07-20 09:19:17,375,543,501,0
2026-07-20 09:19:18,357,544,522,0
2026-07-20 09:19:19,391,527,480,0
2026-07-20 09:19:20,364,513,503,0
2026-07-20 09:19:21,354,523,535,0
2026-07-20 09:19:22,355,545,484,0
2026-07-20 09:19:23,371,521,506,0
2026-07-20 09:19:24,390,549,518,0
2026-07-20 09:19:25,367,523,507,0
2026-07-20 09:19:26,368,549,525,0
2026-07-20 09:19:27,361,546,525,0
2026-07-20 09:19:28,389,537,521,0
2026-07-20 09:19:29,372,530,519,0
2026-07-20 09:19:30,385,518,524,0
2026-07-20 09:19:31,356,551,535,0
2026-07-20 09:19:32,327,543,527,0
2026-07-20 09:19:33,325,528,485,0
2026-07-20 09:19:34,316,527,521,0
2026-07-20 09:19:35,311,526,534,0
2026-07-20 09:19:36,313,530,502,0
2026-07-20 09:19:37,357,523,524,0
2026-07-20 09:19:38,367,534,476,0
2026-07-20 09:19:39,348,540,457,0
2026-07-20 09:19:40,370,517,456,0
2026-07-20 09:19:41,347,530,468,0
2026-07-20 09:19:42,367,538,476,0
2026-07-20 09:19:43,378,529,498,0
2026-07-20 09:19:44,405,532,517,0
2026-07-20 09:19:45,385,525,523,0
2026-07-20 09:19:46,379,524,525,0
2026-07-20 09:19:47,364,537,524,0
2026-07-20 09:19:48,317,522,540,0
2026-07-20 09:19:49,328,533,541,0
2026-07-20 09:19:50,327,523,563,0
2026-07-20 09:19:51,331,528,586,0
2026-07-20 09:19:52,349,533,534,0
2026-07-20 09:19:53,371,533,521,0
2026-07-20 09:19:54,349,514,547,0
2026-07-20 09:19:55,368,532,511,0
2026-07-20 09:19:56,351,555,513,0
2026-07-20 09:19:57,363,546,521,0
2026-07-20 09:19:58,362,537,500,0
2026-07-20 09:19:59,359,548,535,0
2026-07-20 09:20:00,388,554,511,0
2026-07-20 09:20:01,368,537,512,0
2026-07-20 09:20:02,369,530,529,0
2026-07-20 09:20:03,335,526,523,0
2026-07-20 09:20:04,335,527,506,0
2026-07-20 09:20:05,326,524,517,0
2026-07-20 09:20:06,322,521,527,0
2026-07-20 09:20:07,324,521,533,0
2026-07-20 09:20:08,344,526,522,0
2026-07-20 09:20:09,357,521,527,0
2026-07-20 09:20:10,376,525,477,0
2026-07-20 09:20:13,355,533,462,0
2026-07-20 09:20:13,394,546,453,0
2026-07-20 09:20:13,369,532,477,0
2026-07-20 09:20:14,402,529,459,0
2026-07-20 09:20:15,387,542,507,0
2026-07-20 09:20:16,408,546,517,0
2026-07-20 09:20:17,373,525,509,0
2026-07-20 09:20:18,417,544,508,0
2026-07-20 09:20:19,414,541,498,0
2026-07-20 09:20:20,356,530,515,0
2026-07-20 09:20:21,387,548,516,0
2026-07-20 09:20:22,366,530,532,0
2026-07-20 09:20:23,357,530,516,0
2026-07-20 09:20:24,350,530,536,0
2026-07-20 09:20:25,329,542,522,0
2026-07-20 09:20:26,342,535,519,0
2026-07-20 09:20:27,344,542,525,0
2026-07-20 09:20:28,348,534,532,0
2026-07-20 09:20:29,335,537,526,0
2026-07-20 09:20:30,363,535,518,0
2026-07-20 09:20:31,379,544,522,0
2026-07-20 09:20:32,421,550,512,0
2026-07-20 09:20:33,380,548,503,0
2026-07-20 09:20:34,380,532,515,0
2026-07-20 09:20:35,384,548,488,0
2026-07-20 09:20:36,376,534,447,0
2026-07-20 09:20:37,370,518,459,0
2026-07-20 09:20:38,373,519,470,0
2026-07-20 09:20:39,336,523,523,0
2026-07-20 09:20:40,316,517,513,0
2026-07-20 09:20:41,299,527,522,0
2026-07-20 09:20:42,321,530,535,0
2026-07-20 09:20:43,308,523,531,0
2026-07-20 09:20:44,344,551,523,0
2026-07-20 09:20:45,366,543,506,0
2026-07-20 09:20:46,377,546,530,0
2026-07-20 09:20:47,365,538,495,0
2026-07-20 09:20:48,412,542,503,0
2026-07-20 09:20:49,372,553,510,0
2026-07-20 09:20:50,397,548,513,0
2026-07-20 09:20:51,396,560,517,0
2026-07-20 09:20:52,395,516,535,0
2026-07-20 09:20:53,394,515,557,0
2026-07-20 09:20:54,341,514,552,0
2026-07-20 09:20:55,332,517,558,0
2026-07-20 09:20:56,342,527,534,0
2026-07-20 09:20:57,333,528,567,0
2026-07-20 09:20:58,326,526,518,0
2026-07-20 09:21:01,353,538,543,0
2026-07-20 09:21:01,384,531,512,0
2026-07-20 09:21:01,407,546,511,0
2026-07-20 09:21:02,408,533,505,0
2026-07-20 09:21:03,394,539,508,0
2026-07-20 09:21:04,393,522,455,0
2026-07-20 09:21:05,343,539,475,0
2026-07-20 09:21:06,362,536,461,0
2026-07-20 09:21:07,368,536,466,0
2026-07-20 09:21:08,375,528,478,0
2026-07-20 09:21:09,367,520,535,0
2026-07-20 09:21:10,362,518,506,0
2026-07-20 09:21:11,365,526,511,0
2026-07-20 09:21:12,326,526,526,0
2026-07-20 09:21:13,357,516,511,0
2026-07-20 09:21:14,336,536,518,0
2026-07-20 09:21:15,350,526,526,0
2026-07-20 09:21:16,348,527,509,0
2026-07-20 09:21:17,345,512,536,0
2026-07-20 09:21:18,343,529,517,0
2026-07-20 09:21:19,352,520,515,0
2026-07-20 09:21:20,369,520,507,0
2026-07-20 09:21:21,353,528,475,0
2026-07-20 09:21:22,371,520,467,0
2026-07-20 09:21:23,395,529,459,0
2026-07-20 09:21:24,353,547,471,0
2026-07-20 09:21:25,364,530,457,0
2026-07-20 09:21:26,368,531,451,0
2026-07-20 09:21:27,369,558,464,0
2026-07-20 09:21:28,375,547,455,0
2026-07-20 09:21:29,378,529,445,0
2026-07-20 09:21:30,380,537,459,0
2026-07-20 09:21:31,397,537,479,0
2026-07-20 09:21:32,365,536,480,0
2026-07-20 09:21:33,392,539,493,0
2026-07-20 09:21:34,391,547,488,0
2026-07-20 09:21:35,379,537,518,0
2026-07-20 09:21:36,383,539,504,0
2026-07-20 09:21:37,390,530,523,0
2026-07-20 09:21:38,374,545,524,0
2026-07-20 09:21:39,338,526,515,0
2026-07-20 09:21:40,325,529,518,0
2026-07-20 09:21:41,381,544,525,0
2026-07-20 09:21:42,333,533,535,0
2026-07-20 09:21:43,351,551,535,0
2026-07-20 09:21:44,329,554,553,0
2026-07-20 09:21:45,347,528,525,0
2026-07-20 09:21:46,333,528,556,0
2026-07-20 09:21:47,360,521,558,0
2026-07-20 09:21:48,354,524,572,0
2026-07-20 09:21:49,370,532,523,0
2026-07-20 09:21:50,365,530,549,0
2026-07-20 09:21:51,366,528,551,0
2026-07-20 09:21:52,359,542,558,0
2026-07-20 09:21:53,365,520,513,0
2026-07-20 09:21:54,333,521,530,0
2026-07-20 09:21:55,384,545,496,0
2026-07-20 09:21:56,367,540,520,0
2026-07-20 09:21:57,348,550,497,0
2026-07-20 09:21:58,373,549,528,0
2026-07-20 09:21:59,370,547,501,0
2026-07-20 09:22:00,356,553,510,0
2026-07-20 09:22:01,397,511,524,0
2026-07-20 09:22:02,390,507,497,0
2026-07-20 09:22:03,356,503,483,0
2026-07-20 09:22:04,365,554,517,0
2026-07-20 09:22:05,384,556,513,0
2026-07-20 09:22:06,384,521,484,0
2026-07-20 09:22:07,380,515,557,0
2026-07-20 09:22:08,387,540,558,0
2026-07-20 09:22:09,373,551,537,0
2026-07-20 09:22:10,347,522,588,0
2026-07-20 09:22:11,333,533,571,0
2026-07-20 09:22:12,323,524,536,0
2026-07-20 09:22:13,375,536,529,0
2026-07-20 09:22:14,416,534,528,0
2026-07-20 09:22:15,405,531,512,0
2026-07-20 09:22:16,368,528,519,0
2026-07-20 09:22:17,368,543,488,0
2026-07-20 09:22:18,378,533,451,0
2026-07-20 09:22:19,378,533,470,0
2026-07-20 09:22:20,379,536,467,0
2026-07-20 09:22:21,401,526,478,0
2026-07-20 09:22:22,396,533,498,0
2026-07-20 09:22:23,327,531,533,0
2026-07-20 09:22:24,328,520,523,0
2026-07-20 09:22:25,319,523,517,0
2026-07-20 09:22:26,316,531,533,0
2026-07-20 09:22:27,335,523,512,0
2026-07-20 09:22:28,326,537,508,0
2026-07-20 09:22:29,363,545,523,0
2026-07-20 09:22:30,380,535,535,0
2026-07-20 09:22:31,376,527,535,0
2026-07-20 09:22:32,373,553,526,0
2026-07-20 09:22:33,360,542,563,0
2026-07-20 09:22:34,365,548,486,0
2026-07-20 09:22:35,370,529,505,0
2026-07-20 09:22:36,389,527,499,0
2026-07-20 09:22:37,383,508,510,0
2026-07-20 09:22:38,360,543,567,0
2026-07-20 09:22:39,340,546,571,0
2026-07-20 09:22:40,337,532,565,0
2026-07-20 09:22:41,314,546,546,0
2026-07-20 09:22:42,330,541,536,0
2026-07-20 09:22:43,341,546,512,0
2026-07-20 09:22:44,331,535,523,0
2026-07-20 09:22:45,324,533,520,0
2026-07-20 09:22:46,370,525,529,0
2026-07-20 09:22:47,342,551,505,0
2026-07-20 09:22:48,331,549,538,0
2026-07-20 09:22:49,342,529,523,0
2026-07-20 09:22:50,330,528,520,0
2026-07-20 09:22:51,340,528,528,0
2026-07-20 09:22:52,322,549,547,0
2026-07-20 09:22:53,343,529,545,0
2026-07-20 09:22:54,308,518,543,0
2026-07-20 09:22:55,314,515,563,0
2026-07-20 09:22:56,340,526,586,0
2026-07-20 09:22:57,370,520,571,0
2026-07-20 09:22:58,359,526,523,0
2026-07-20 09:22:59,372,527,529,0
2026-07-20 09:23:00,376,525,507,0
2026-07-20 09:23:01,363,545,511,0
2026-07-20 09:23:02,371,524,508,0
2026-07-20 09:23:03,398,523,538,0
2026-07-20 09:23:04,370,521,544,0
2026-07-20 09:23:05,386,543,539,0
2026-07-20 09:23:06,345,524,518,0
2026-07-20 09:23:07,336,545,534,0
2026-07-20 09:23:08,325,539,536,0
2026-07-20 09:23:09,329,531,529,0
2026-07-20 09:23:10,308,530,505,0
2026-07-20 09:23:11,318,526,515,0
2026-07-20 09:23:12,327,526,526,0
2026-07-20 09:23:13,364,528,506,0
2026-07-20 09:23:14,349,528,465,0
2026-07-20 09:23:15,397,525,460,0
2026-07-20 09:23:16,373,546,450,0
2026-07-20 09:23:17,403,527,456,0
2026-07-20 09:23:18,397,543,455,0
2026-07-20 09:23:19,399,536,473,0
2026-07-20 09:23:20,410,528,497,0
2026-07-20 09:23:21,373,549,495,0
2026-07-20 09:23:22,375,551,507,0
2026-07-20 09:23:23,370,541,524,0
2026-07-20 09:23:24,371,535,525,0
2026-07-20 09:23:25,358,519,508,0
2026-07-20 09:23:26,404,535,508,0
2026-07-20 09:23:27,357,537,524,0
2026-07-20 09:23:28,351,525,531,0
2026-07-20 09:23:29,330,526,535,0
2026-07-20 09:23:30,324,538,520,0
2026-07-20 09:23:31,351,526,540,0
2026-07-20 09:23:32,337,528,541,0
2026-07-20 09:23:33,330,550,518,0
2026-07-20 09:23:34,344,549,528,0
2026-07-20 09:23:35,313,513,561,0
2026-07-20 09:23:36,329,522,548,0
2026-07-20 09:23:37,321,519,530,0
2026-07-20 09:23:38,319,525,552,0
2026-07-20 09:23:39,318,514,581,0
2026-07-20 09:23:40,333,527,577,0
2026-07-20 09:23:41,344,523,543,0
2026-07-20 09:23:42,325,534,532,0
2026-07-20 09:23:43,342,529,552,0
2026-07-20 09:23:44,325,540,562,0
2026-07-20 09:23:45,327,528,566,0
2026-07-20 09:23:46,334,526,539,0
2026-07-20 09:23:47,338,550,538,0
2026-07-20 09:23:48,344,535,544,0
2026-07-20 09:23:49,324,527,530,0
2026-07-20 09:23:50,357,529,514,0
2026-07-20 09:23:51,387,545,520,0
2026-07-20 09:23:52,396,533,511,0
2026-07-20 09:23:53,361,533,490,0
2026-07-20 09:23:54,403,534,512,0
2026-07-20 09:23:55,383,546,477,0
2026-07-20 09:23:56,398,530,454,0
2026-07-20 09:23:57,381,537,451,0
2026-07-20 09:23:58,356,528,446,0
2026-07-20 09:23:59,371,523,489,0
2026-07-20 09:24:00,319,525,504,0
2026-07-20 09:24:01,319,523,529,0
2026-07-20 09:24:02,316,536,546,0
2026-07-20 09:24:03,304,516,528,0
2026-07-20 09:24:04,324,528,513,0
2026-07-20 09:24:05,334,520,529,0
2026-07-20 09:24:06,352,545,518,0
2026-07-20 09:24:07,363,523,521,0
2026-07-20 09:24:08,375,529,536,0
2026-07-20 09:24:09,368,531,542,0
2026-07-20 09:24:10,401,545,514,0
2026-07-20 09:24:11,392,548,513,0
2026-07-20 09:24:12,357,548,501,0
2026-07-20 09:24:13,360,544,489,0
2026-07-20 09:24:14,396,558,485,0
2026-07-20 09:24:15,364,523,515,0
2026-07-20 09:24:16,373,525,537,0
2026-07-20 09:24:17,390,518,538,0
2026-07-20 09:24:18,358,510,564,0
2026-07-20 09:24:19,331,521,549,0
2026-07-20 09:24:20,323,550,532,0
2026-07-20 09:24:21,315,520,537,0
2026-07-20 09:24:22,334,531,555,0
2026-07-20 09:24:23,316,542,520,0
2026-07-20 09:24:24,356,530,516,0
2026-07-20 09:24:25,370,529,517,0
2026-07-20 09:24:26,410,544,501,0
2026-07-20 09:24:27,369,557,516,0
2026-07-20 09:24:28,388,527,501,0
2026-07-20 09:24:29,383,523,470,0
2026-07-20 09:24:30,383,552,474,0
2026-07-20 09:24:31,353,531,477,0
2026-07-20 09:24:32,356,533,445,0
2026-07-20 09:24:33,376,533,472,0
2026-07-20 09:24:34,398,562,461,0
2026-07-20 09:24:35,376,556,463,0
2026-07-20 09:24:36,363,536,479,0
2026-07-20 09:24:37,381,528,466,0
2026-07-20 09:24:38,353,528,477,0
2026-07-20 09:24:39,377,525,493,0
2026-07-20 09:24:40,356,523,504,0
2026-07-20 09:24:41,391,535,515,0
2026-07-20 09:24:42,382,535,521,0
2026-07-20 09:24:43,375,534,509,0
2026-07-20 09:24:44,365,533,518,0
2026-07-20 09:24:45,338,515,520,0
2026-07-20 09:24:46,365,529,524,0
2026-07-20 09:24:47,310,523,523,0
2026-07-20 09:24:48,361,530,530,0
2026-07-20 09:24:49,341,522,531,0
2026-07-20 09:24:50,357,521,503,0
2026-07-20 09:24:51,368,530,504,0
2026-07-20 09:24:52,379,532,480,0
2026-07-20 09:24:53,374,533,470,0
2026-07-20 09:24:54,360,529,468,0
2026-07-20 09:24:55,358,530,455,0
2026-07-20 09:24:56,399,535,469,0
2026-07-20 09:24:57,396,533,459,0
2026-07-20 09:24:58,380,535,465,0
2026-07-20 09:24:59,371,542,474,0
2026-07-20 09:25:00,367,542,505,0
2026-07-20 09:25:01,387,554,516,0
2026-07-20 09:25:02,404,555,503,0
2026-07-20 09:25:03,366,549,510,0
2026-07-20 09:25:04,329,544,537,0
2026-07-20 09:25:07,346,533,545,0
2026-07-20 09:25:07,348,530,517,0
2026-07-20 09:25:07,327,517,564,0
2026-07-20 09:25:08,352,529,542,0
2026-07-20 09:25:09,367,528,573,0
2026-07-20 09:25:10,342,528,512,0
2026-07-20 09:25:11,356,534,503,0
2026-07-20 09:25:12,368,552,519,0
2026-07-20 09:25:13,382,548,518,0
2026-07-20 09:25:14,358,522,491,0
2026-07-20 09:25:15,372,541,488,0
2026-07-20 09:25:16,352,529,526,0
2026-07-20 09:25:17,368,527,530,0
2026-07-20 09:25:18,369,552,545,0
2026-07-20 09:25:19,351,552,544,0
2026-07-20 09:25:20,365,524,529,0
2026-07-20 09:25:21,382,530,516,0
2026-07-20 09:25:22,375,523,542,0
2026-07-20 09:25:23,365,524,528,0
2026-07-20 09:25:24,362,544,515,0
2026-07-20 09:25:25,375,551,528,0
2026-07-20 09:25:26,392,530,527,0
2026-07-20 09:25:27,372,519,537,0
2026-07-20 09:25:28,349,541,539,0
2026-07-20 09:25:29,360,539,541,0
2026-07-20 09:25:30,348,543,564,0
2026-07-20 09:25:31,359,546,545,0
2026-07-20 09:25:32,382,528,531,0
2026-07-20 09:25:33,357,551,523,0
2026-07-20 09:25:34,379,534,508,0
2026-07-20 09:25:35,359,554,522,0
2026-07-20 09:25:36,364,518,517,0
2026-07-20 09:25:37,359,554,474,0
2026-07-20 09:25:38,382,535,538,0
2026-07-20 09:25:39,374,532,547,0
2026-07-20 09:25:40,345,515,522,0
2026-07-20 09:25:41,343,547,547,0
2026-07-20 09:25:42,330,535,544,0
2026-07-20 09:25:43,320,529,549,0
2026-07-20 09:25:44,340,532,524,0
2026-07-20 09:25:45,361,541,514,0
2026-07-20 09:25:46,406,530,509,0
2026-07-20 09:25:47,353,544,515,0
2026-07-20 09:25:48,365,534,494,0
2026-07-20 09:25:49,362,536,479,0
2026-07-20 09:25:50,367,527,457,0
2026-07-20 09:25:51,354,536,461,0
2026-07-20 09:25:52,408,559,457,0
2026-07-20 09:25:53,366,531,466,0
2026-07-20 09:25:54,360,525,518,0
2026-07-20 09:25:55,370,526,522,0
2026-07-20 09:25:56,346,534,538,0
2026-07-20 09:25:57,324,526,513,0
2026-07-20 09:25:58,340,539,534,0
2026-07-20 09:25:59,325,543,520,0
2026-07-20 09:26:00,344,532,537,0
2026-07-20 09:26:01,353,529,520,0
2026-07-20 09:26:02,360,531,526,0
2026-07-20 09:26:03,371,556,543,0
2026-07-20 09:26:04,348,535,549,0
2026-07-20 09:26:05,354,549,508,0
2026-07-20 09:26:06,361,516,483,0
2026-07-20 09:26:07,394,529,495,0
2026-07-20 09:26:08,378,550,505,0
2026-07-20 09:26:09,369,531,528,0
2026-07-20 09:26:10,342,548,567,0
2026-07-20 09:26:11,346,524,522,0
2026-07-20 09:26:12,340,520,561,0
2026-07-20 09:26:13,327,519,568,0
2026-07-20 09:26:14,337,542,552,0
2026-07-20 09:26:15,329,544,549,0
2026-07-20 09:26:16,338,541,520,0
2026-07-20 09:26:17,367,539,521,0
2026-07-20 09:26:18,364,551,522,0
2026-07-20 09:26:19,367,523,524,0
2026-07-20 09:26:20,370,545,503,0
2026-07-20 09:26:21,398,532,508,0
2026-07-20 09:26:22,364,533,494,0
2026-07-20 09:26:23,392,533,490,0
2026-07-20 09:26:24,367,542,489,0
2026-07-20 09:26:25,377,544,490,0
2026-07-20 09:26:26,406,534,491,0
2026-07-20 09:26:27,388,537,485,0
2026-07-20 09:26:28,362,542,496,0
2026-07-20 09:26:29,391,538,514,0
2026-07-20 09:26:30,395,546,514,0
2026-07-20 09:26:31,370,546,525,0
2026-07-20 09:26:32,346,534,544,0
2026-07-20 09:26:33,330,527,543,0
2026-07-20 09:26:34,328,544,572,0
2026-07-20 09:26:35,344,545,565,0
2026-07-20 09:26:36,331,545,554,0
2026-07-20 09:26:37,381,520,580,0
2026-07-20 09:26:38,374,530,495,0
2026-07-20 09:26:39,387,516,505,0
2026-07-20 09:26:40,363,533,510,0
2026-07-20 09:26:41,376,548,515,0
2026-07-20 09:26:42,364,546,499,0
2026-07-20 09:26:43,365,550,526,0
2026-07-20 09:26:44,371,552,539,0
2026-07-20 09:26:45,361,534,518,0
2026-07-20 09:26:46,366,548,521,0
2026-07-20 09:26:47,326,546,528,0
2026-07-20 09:26:48,319,533,527,0
2026-07-20 09:26:49,325,537,523,0
2026-07-20 09:26:50,330,532,525,0
2026-07-20 09:26:51,338,526,518,0
2026-07-20 09:26:52,362,530,519,0
2026-07-20 09:26:53,379,519,491,0
2026-07-20 09:26:54,367,530,464,0
2026-07-20 09:26:55,355,517,453,0
2026-07-20 09:26:56,360,530,469,0
2026-07-20 09:26:57,374,536,462,0
2026-07-20 09:26:58,376,547,508,0
2026-07-20 09:26:59,362,538,510,0
2026-07-20 09:27:00,383,542,512,0
2026-07-20 09:27:01,367,532,497,0
2026-07-20 09:27:02,363,537,530,0
2026-07-20 09:27:03,361,541,556,0
2026-07-20 09:27:04,349,533,561,0
2026-07-20 09:27:05,334,561,568,0
2026-07-20 09:27:06,348,519,592,0
2026-07-20 09:27:07,323,544,553,0
2026-07-20 09:27:08,365,532,548,0
2026-07-20 09:27:09,380,521,564,0
2026-07-20 09:27:10,362,505,485,0
2026-07-20 09:27:11,385,523,497,0
2026-07-20 09:27:12,375,542,518,0
2026-07-20 09:27:13,403,543,498,0
2026-07-20 09:27:14,354,542,486,0
2026-07-20 09:27:15,358,535,511,0
2026-07-20 09:27:16,365,531,553,0
2026-07-20 09:27:17,386,531,517,0
2026-07-20 09:27:18,353,545,508,0
2026-07-20 09:27:19,347,525,535,0
2026-07-20 09:27:20,346,531,525,0
2026-07-20 09:27:21,331,534,516,0
2026-07-20 09:27:22,342,538,518,0
2026-07-20 09:27:23,322,538,508,0
2026-07-20 09:27:24,342,537,519,0
2026-07-20 09:27:25,359,521,520,0
2026-07-20 09:27:26,369,520,529,0
2026-07-20 09:27:27,360,521,504,0
2026-07-20 09:27:28,357,528,481,0
2026-07-20 09:27:29,369,544,465,0
2026-07-20 09:27:30,368,545,463,0
2026-07-20 09:27:31,380,537,458,0
2026-07-20 09:27:32,391,540,469,0
2026-07-20 09:27:33,399,541,501,0
2026-07-20 09:27:34,387,534,544,0
2026-07-20 09:27:35,387,553,515,0
2026-07-20 09:27:36,367,528,516,0
2026-07-20 09:27:37,338,533,505,0
2026-07-20 09:27:38,351,540,527,0
2026-07-20 09:27:39,331,519,532,0
2026-07-20 09:27:40,318,524,549,0
2026-07-20 09:27:41,351,525,576,0
2026-07-20 09:27:42,377,521,558,0
2026-07-20 09:27:43,359,544,534,0
2026-07-20 09:27:44,359,527,519,0
2026-07-20 09:27:45,367,541,484,0
2026-07-20 09:27:46,401,521,496,0
2026-07-20 09:27:47,375,527,516,0
2026-07-20 09:27:48,399,551,515,0
2026-07-20 09:27:49,371,540,495,0
2026-07-20 09:27:50,364,535,528,0
2026-07-20 09:27:51,368,542,536,0
2026-07-20 09:27:52,402,527,520,0
2026-07-20 09:27:53,369,524,529,0
2026-07-20 09:27:54,352,542,528,0
2026-07-20 09:27:55,351,542,519,0
2026-07-20 09:27:56,321,549,511,0
2026-07-20 09:27:57,334,534,529,0
2026-07-20 09:27:58,335,529,538,0
2026-07-20 09:27:59,327,529,505,0
2026-07-20 09:28:00,339,517,516,0
2026-07-20 09:28:01,336,526,529,0
2026-07-20 09:28:02,383,527,528,0
2026-07-20 09:28:03,368,537,513,0
2026-07-20 09:28:04,384,532,477,0
2026-07-20 09:28:05,357,519,479,0
2026-07-20 09:28:06,374,552,453,0
2026-07-20 09:28:07,383,545,471,0
2026-07-20 09:28:08,394,542,452,0
2026-07-20 09:28:09,394,554,458,0
2026-07-20 09:28:10,374,538,474,0
2026-07-20 09:28:11,391,545,464,0
2026-07-20 09:28:12,367,522,482,0
2026-07-20 09:28:13,410,549,493,0
2026-07-20 09:28:14,398,544,494,0
2026-07-20 09:28:15,370,548,531,0
2026-07-20 09:28:16,389,536,521,0
2026-07-20 09:28:17,407,541,509,0
2026-07-20 09:28:18,369,546,549,0
2026-07-20 09:28:19,350,538,543,0
2026-07-20 09:28:20,329,547,509,0
2026-07-20 09:28:21,348,539,524,0
2026-07-20 09:28:22,343,544,533,0
2026-07-20 09:28:23,340,534,523,0
2026-07-20 09:28:24,338,522,579,0
2026-07-20 09:28:25,338,532,550,0
2026-07-20 09:28:26,338,519,565,0
2026-07-20 09:28:27,370,534,553,0
2026-07-20 09:28:28,381,542,562,0
2026-07-20 09:28:29,369,533,539,0
2026-07-20 09:28:30,362,519,562,0
2026-07-20 09:28:31,375,508,540,0
2026-07-20 09:28:32,351,550,518,0
2026-07-20 09:28:33,359,548,481,0
2026-07-20 09:28:34,356,530,504,0
2026-07-20 09:28:35,379,525,475,0
2026-07-20 09:28:36,366,545,517,0
2026-07-20 09:28:37,350,543,538,0
2026-07-20 09:28:38,402,548,543,0
2026-07-20 09:28:39,354,532,541,0
2026-07-20 09:28:40,360,546,541,0
2026-07-20 09:28:41,383,541,524,0
2026-07-20 09:28:42,360,526,523,0
2026-07-20 09:28:43,384,546,515,0
2026-07-20 09:28:44,354,545,511,0
2026-07-20 09:28:45,359,551,544,0
2026-07-20 09:28:46,373,525,532,0
2026-07-20 09:28:47,358,551,520,0
2026-07-20 09:28:48,344,541,502,0
2026-07-20 09:28:49,346,531,511,0
2026-07-20 09:28:50,329,546,529,0
2026-07-20 09:28:51,326,533,533,0
2026-07-20 09:28:52,334,537,531,0
2026-07-20 09:28:53,338,528,531,0
2026-07-20 09:28:54,342,520,547,0
2026-07-20 09:28:55,326,540,518,0
2026-07-20 09:28:56,331,540,536,0
2026-07-20 09:28:57,322,546,505,0
2026-07-20 09:28:58,329,540,532,0
2026-07-20 09:28:59,333,542,537,0
2026-07-20 09:29:00,351,543,539,0
2026-07-20 09:29:01,318,519,536,0
2026-07-20 09:29:02,353,552,522,0
2026-07-20 09:29:03,357,527,536,0
2026-07-20 09:29:04,392,548,506,0
2026-07-20 09:29:05,383,533,551,0
2026-07-20 09:29:06,386,546,542,0
2026-07-20 09:29:07,391,540,491,0
2026-07-20 09:29:08,365,542,479,0
2026-07-20 09:29:09,369,528,504,0
2026-07-20 09:29:10,368,507,508,0
2026-07-20 09:29:11,370,539,531,0
2026-07-20 09:29:12,369,521,569,0
2026-07-20 09:29:13,357,525,528,0
2026-07-20 09:29:14,346,518,565,0
2026-07-20 09:29:15,338,551,550,0
2026-07-20 09:29:16,353,531,525,0
2026-07-20 09:29:17,357,536,500,0
2026-07-20 09:29:18,366,557,510,0
2026-07-20 09:29:19,365,553,505,0
2026-07-20 09:29:20,366,543,482,0
2026-07-20 09:29:21,410,542,463,0
2026-07-20 09:29:22,385,549,469,0
2026-07-20 09:29:23,380,545,469,0
2026-07-20 09:29:24,362,544,485,0
2026-07-20 09:29:25,363,515,476,0
2026-07-20 09:29:26,349,537,517,0
2026-07-20 09:29:27,334,527,532,0
2026-07-20 09:29:28,346,524,532,0
2026-07-20 09:29:29,328,535,510,0
2026-07-20 09:29:30,331,521,530,0
2026-07-20 09:29:31,354,553,513,0
2026-07-20 09:29:32,380,551,538,0
2026-07-20 09:29:33,371,520,522,0
2026-07-20 09:29:34,363,546,556,0
2026-07-20 09:29:35,347,545,529,0
2026-07-20 09:29:36,385,527,477,0
2026-07-20 09:29:37,372,527,516,0
2026-07-20 09:29:38,389,551,488,0
2026-07-20 09:29:39,358,533,532,0
2026-07-20 09:29:40,356,533,564,0
2026-07-20 09:29:41,346,532,554,0
2026-07-20 09:29:42,314,520,550,0
2026-07-20 09:29:43,346,515,567,0
2026-07-20 09:29:44,334,545,551,0
2026-07-20 09:29:45,341,537,529,0
2026-07-20 09:29:46,378,545,520,0
2026-07-20 09:29:47,392,541,529,0
2026-07-20 09:29:48,396,535,496,0
2026-07-20 09:29:49,373,541,508,0
2026-07-20 09:29:50,372,539,478,0
2026-07-20 09:29:51,400,543,463,0
2026-07-20 09:29:52,353,537,464,0
2026-07-20 09:29:53,365,535,480,0
2026-07-20 09:29:54,371,524,473,0
2026-07-20 09:29:55,365,526,506,0
2026-07-20 09:29:56,365,530,544,0
2026-07-20 09:29:57,337,529,536,0
2026-07-20 09:29:58,338,524,495,0
2026-07-20 09:29:59,328,551,527,0
2026-07-20 09:30:00,337,548,534,0
2026-07-20 09:30:01,357,520,515,0
2026-07-20 09:30:02,351,542,529,0
2026-07-20 09:30:03,387,532,538,0
2026-07-20 09:30:04,356,523,533,0
2026-07-20 09:30:05,391,538,542,0
2026-07-20 09:30:06,344,549,519,0
2026-07-20 09:30:07,388,528,518,0
2026-07-20 09:30:08,352,540,492,0
2026-07-20 09:30:09,382,544,503,0
2026-07-20 09:30:10,395,509,524,0
2026-07-20 09:30:11,361,535,513,0
2026-07-20 09:30:12,400,541,552,0
2026-07-20 09:30:13,354,542,531,0
2026-07-20 09:30:14,391,540,564,0
2026-07-20 09:30:15,368,514,540,0
2026-07-20 09:30:16,359,532,569,0
2026-07-20 09:30:17,373,538,544,0
2026-07-20 09:30:18,353,530,564,0
2026-07-20 09:30:19,387,531,536,0
2026-07-20 09:30:20,380,517,557,0
2026-07-20 09:30:21,356,532,540,0
2026-07-20 09:30:22,366,518,476,0
2026-07-20 09:30:23,371,509,515,0
2026-07-20 09:30:24,371,550,499,0
2026-07-20 09:30:25,353,522,525,0
2026-07-20 09:30:26,380,526,504,0
2026-07-20 09:30:27,369,526,512,0
2026-07-20 09:30:28,391,550,559,0
2026-07-20 09:30:29,393,550,540,0
2026-07-20 09:30:30,353,526,506,0
2026-07-20 09:30:31,360,550,518,0
2026-07-20 09:30:32,325,549,513,0
2026-07-20 09:30:33,335,539,550,0
2026-07-20 09:30:34,328,544,540,0
2026-07-20 09:30:35,335,525,524,0
2026-07-20 09:30:36,367,532,515,0
2026-07-20 09:30:37,383,518,526,0
2026-07-20 09:30:38,397,518,495,0
2026-07-20 09:30:39,382,531,469,0
2026-07-20 09:30:40,392,542,469,0
2026-07-20 09:30:41,362,554,464,0
2026-07-20 09:30:42,386,525,467,0
2026-07-20 09:30:43,378,526,465,0
2026-07-20 09:30:44,402,533,466,0
2026-07-20 09:30:45,387,534,466,0
2026-07-20 09:30:46,361,544,464,0
2026-07-20 09:30:47,395,530,467,0
2026-07-20 09:30:48,359,534,458,0
2026-07-20 09:30:49,407,539,455,0
2026-07-20 09:30:50,367,525,468,0
2026-07-20 09:30:51,367,537,466,0
2026-07-20 09:30:52,398,531,461,0
2026-07-20 09:30:53,365,535,475,0
2026-07-20 09:30:54,375,525,469,0
2026-07-20 09:30:55,378,526,503,0
2026-07-20 09:30:56,340,554,536,0
2026-07-20 09:30:57,319,540,523,0
2026-07-20 09:30:58,359,544,521,0
2026-07-20 09:30:59,374,516,517,0
2026-07-20 09:31:00,353,524,563,0
2026-07-20 09:31:01,384,528,538,0
2026-07-20 09:31:02,361,531,512,0
2026-07-20 09:31:03,374,526,506,0
2026-07-20 09:31:04,356,519,481,0
2026-07-20 09:31:05,349,508,494,0
2026-07-20 09:31:06,363,539,551,0
2026-07-20 09:31:07,381,524,584,0
2026-07-20 09:31:08,356,527,585,0
2026-07-20 09:31:09,331,553,566,0
2026-07-20 09:31:10,351,525,528,0
2026-07-20 09:31:11,347,537,527,0
2026-07-20 09:31:12,347,539,525,0
2026-07-20 09:31:13,384,528,546,0
2026-07-20 09:31:14,388,537,521,0
2026-07-20 09:31:15,348,542,529,0
2026-07-20 09:31:16,378,546,506,0
2026-07-20 09:31:17,397,542,473,0
2026-07-20 09:31:18,379,525,470,0
2026-07-20 09:31:19,404,547,458,0
2026-07-20 09:31:20,390,537,455,0
2026-07-20 09:31:21,365,530,470,0
2026-07-20 09:31:22,350,529,517,0
2026-07-20 09:31:23,370,537,523,0
2026-07-20 09:31:24,337,532,533,0
2026-07-20 09:31:25,345,530,535,0
2026-07-20 09:31:26,326,533,528,0
2026-07-20 09:31:27,337,545,525,0
2026-07-20 09:31:28,347,552,510,0
2026-07-20 09:31:29,340,534,525,0
2026-07-20 09:31:30,376,550,540,0
2026-07-20 09:31:31,388,530,525,0
2026-07-20 09:31:32,359,542,550,0
2026-07-20 09:31:33,376,531,559,0
2026-07-20 09:31:34,384,538,548,0
2026-07-20 09:31:35,363,529,495,0
2026-07-20 09:31:36,354,538,492,0
2026-07-20 09:31:37,379,558,509,0
2026-07-20 09:31:38,378,556,498,0
2026-07-20 09:31:39,378,512,514,0
2026-07-20 09:31:40,382,550,537,0
2026-07-20 09:31:41,394,523,497,0
2026-07-20 09:31:42,390,538,510,0
2026-07-20 09:31:43,381,530,551,0
2026-07-20 09:31:44,359,536,568,0
2026-07-20 09:31:45,358,517,522,0
2026-07-20 09:31:46,398,525,561,0
2026-07-20 09:31:47,391,514,536,0
2026-07-20 09:31:48,372,534,546,0
2026-07-20 09:31:49,364,550,550,0
2026-07-20 09:31:50,383,530,523,0
2026-07-20 09:31:51,379,515,518,0
2026-07-20 09:31:52,388,522,499,0
2026-07-20 09:31:53,390,513,546,0
2026-07-20 09:31:54,397,531,535,0
2026-07-20 09:31:55,398,543,502,0
2026-07-20 09:31:56,355,530,497,0
2026-07-20 09:31:57,376,540,512,0
2026-07-20 09:31:58,364,531,500,0
2026-07-20 09:31:59,388,547,525,0
2026-07-20 09:32:00,393,543,519,0
2026-07-20 09:32:01,396,547,527,0
2026-07-20 09:32:02,361,540,513,0
2026-07-20 09:32:03,330,541,522,0
2026-07-20 09:32:04,342,544,511,0
2026-07-20 09:32:05,342,542,516,0
2026-07-20 09:32:06,328,532,512,0
2026-07-20 09:32:07,336,529,526,0
2026-07-20 09:32:08,356,522,523,0
2026-07-20 09:32:09,353,525,486,0
2026-07-20 09:32:10,397,544,448,0
2026-07-20 09:32:11,398,518,474,0
2026-07-20 09:32:12,359,534,450,0
2026-07-20 09:32:13,347,545,486,0
2026-07-20 09:32:14,375,541,497,0
2026-07-20 09:32:15,397,548,525,0
2026-07-20 09:32:16,392,530,513,0
2026-07-20 09:32:17,374,556,521,0
2026-07-20 09:32:18,366,538,528,0
2026-07-20 09:32:19,344,543,552,0
2026-07-20 09:32:20,334,532,513,0
2026-07-20 09:32:21,341,531,540,0
2026-07-20 09:32:22,345,523,573,0
2026-07-20 09:32:23,340,513,556,0
2026-07-20 09:32:24,374,536,569,0
2026-07-20 09:32:25,385,521,496,0
2026-07-20 09:32:26,361,515,540,0
2026-07-20 09:32:27,356,512,548,0
2026-07-20 09:32:28,362,522,490,0
2026-07-20 09:32:29,371,550,491,0
2026-07-20 09:32:30,382,530,518,0
2026-07-20 09:32:31,355,530,541,0
2026-07-20 09:32:32,372,528,532,0
2026-07-20 09:32:33,343,557,534,0
2026-07-20 09:32:34,347,543,526,0
2026-07-20 09:32:35,321,551,517,0
2026-07-20 09:32:36,326,522,519,0
2026-07-20 09:32:37,332,543,536,0
2026-07-20 09:32:38,324,532,515,0
2026-07-20 09:32:39,336,520,526,0
2026-07-20 09:32:40,345,529,533,0
2026-07-20 09:32:41,355,530,513,0
2026-07-20 09:32:42,363,524,491,0
2026-07-20 09:32:43,399,527,472,0
2026-07-20 09:32:44,371,529,463,0
2026-07-20 09:32:45,364,539,458,0
2026-07-20 09:32:46,362,550,448,0
2026-07-20 09:32:47,401,526,457,0
2026-07-20 09:32:48,385,531,472,0
2026-07-20 09:32:49,384,554,481,0
2026-07-20 09:32:50,380,540,493,0
2026-07-20 09:32:51,393,537,509,0
2026-07-20 09:32:52,406,549,504,0
2026-07-20 09:32:53,383,538,503,0
2026-07-20 09:32:54,391,555,505,0
2026-07-20 09:32:55,368,523,506,0
2026-07-20 09:32:56,371,535,499,0
2026-07-20 09:32:57,362,550,502,0
2026-07-20 09:32:58,362,528,520,0
2026-07-20 09:32:59,370,529,537,0
2026-07-20 09:33:00,360,544,515,0
2026-07-20 09:33:01,352,549,544,0
2026-07-20 09:33:02,341,547,545,0
2026-07-20 09:33:03,346,525,560,0
2026-07-20 09:33:04,347,519,566,0
2026-07-20 09:33:05,336,526,523,0
2026-07-20 09:33:06,330,528,568,0
2026-07-20 09:33:07,364,533,548,0
2026-07-20 09:33:08,338,548,575,0
2026-07-20 09:33:09,359,533,558,0
2026-07-20 09:33:10,399,531,559,0
2026-07-20 09:33:11,400,530,521,0
2026-07-20 09:33:12,345,541,520,0
2026-07-20 09:33:13,351,544,506,0
2026-07-20 09:33:14,385,535,511,0
2026-07-20 09:33:15,366,551,503,0
2026-07-20 09:33:16,390,532,499,0
2026-07-20 09:33:17,392,536,495,0
2026-07-20 09:33:18,378,535,496,0
2026-07-20 09:33:19,367,528,504,0
2026-07-20 09:33:20,374,526,508,0
2026-07-20 09:33:21,406,529,521,0
2026-07-20 09:33:22,355,549,552,0
2026-07-20 09:33:23,370,529,532,0
2026-07-20 09:33:24,340,529,526,0
2026-07-20 09:33:25,324,553,510,0
2026-07-20 09:33:26,330,540,505,0
2026-07-20 09:33:27,325,529,524,0
2026-07-20 09:33:28,317,532,525,0
2026-07-20 09:33:29,345,525,535,0
2026-07-20 09:33:30,380,532,526,0
2026-07-20 09:33:31,397,532,500,0
2026-07-20 09:33:32,381,537,463,0
2026-07-20 09:33:33,350,527,468,0
2026-07-20 09:33:34,397,541,454,0
2026-07-20 09:33:35,370,539,477,0
2026-07-20 09:33:36,393,546,504,0
2026-07-20 09:33:37,378,543,514,0
2026-07-20 09:33:38,359,530,518,0
2026-07-20 09:33:39,374,547,515,0
2026-07-20 09:33:40,349,537,534,0
2026-07-20 09:33:41,342,521,535,0
2026-07-20 09:33:42,302,526,565,0
2026-07-20 09:33:43,327,548,538,0
2026-07-20 09:33:44,351,519,561,0
2026-07-20 09:33:45,357,540,566,0
2026-07-20 09:33:46,336,526,523,0
2026-07-20 09:33:47,352,504,537,0
2026-07-20 09:33:48,366,522,528,0
2026-07-20 09:33:49,387,527,486,0
2026-07-20 09:33:50,365,532,511,0
2026-07-20 09:33:51,393,562,538,0
2026-07-20 09:33:52,353,547,529,0
2026-07-20 09:33:53,371,537,538,0
2026-07-20 09:33:54,364,550,517,0
2026-07-20 09:33:55,320,539,514,0
2026-07-20 09:33:56,323,538,510,0
2026-07-20 09:33:57,336,526,508,0
2026-07-20 09:33:58,321,533,526,0
2026-07-20 09:33:59,342,522,533,0
2026-07-20 09:34:00,362,535,530,0
2026-07-20 09:34:01,399,522,475,0
2026-07-20 09:34:02,375,543,469,0
2026-07-20 09:34:03,357,530,466,0
2026-07-20 09:34:04,371,540,453,0
2026-07-20 09:34:05,386,543,474,0
2026-07-20 09:34:06,395,529,507,0
2026-07-20 09:34:07,386,531,510,0
2026-07-20 09:34:08,384,540,516,0
2026-07-20 09:34:09,371,537,513,0
2026-07-20 09:34:10,338,534,532,0
2026-07-20 09:34:11,332,521,524,0
2026-07-20 09:34:12,342,538,584,0
2026-07-20 09:34:13,339,518,591,0
2026-07-20 09:34:14,342,517,579,0
2026-07-20 09:34:15,355,541,573,0
2026-07-20 09:34:16,369,519,538,0
2026-07-20 09:34:17,352,511,522,0
2026-07-20 09:34:18,388,528,511,0
2026-07-20 09:34:19,364,527,514,0
2026-07-20 09:34:20,350,539,519,0
2026-07-20 09:34:21,376,545,530,0
2026-07-20 09:34:22,371,531,536,0
2026-07-20 09:34:23,375,531,519,0
2026-07-20 09:34:24,355,537,519,0
2026-07-20 09:34:25,327,556,518,0
2026-07-20 09:34:26,337,547,521,0
2026-07-20 09:34:27,336,527,501,0
2026-07-20 09:34:28,340,531,539,0
2026-07-20 09:34:29,348,533,514,0
2026-07-20 09:34:30,362,524,508,0
2026-07-20 09:34:31,387,528,508,0
2026-07-20 09:34:32,366,532,464,0
2026-07-20 09:34:33,383,529,450,0
2026-07-20 09:34:34,367,532,479,0
2026-07-20 09:34:35,360,536,495,0
2026-07-20 09:34:36,371,532,505,0
2026-07-20 09:34:37,411,537,511,0
2026-07-20 09:34:38,394,545,536,0
2026-07-20 09:34:39,354,537,533,0
2026-07-20 09:34:40,346,557,547,0
2026-07-20 09:34:41,342,539,540,0
2026-07-20 09:34:42,324,557,534,0
2026-07-20 09:34:43,329,553,526,0
2026-07-20 09:34:44,332,523,567,0
2026-07-20 09:34:45,363,539,570,0
2026-07-20 09:34:46,364,544,566,0
2026-07-20 09:34:47,370,541,555,0
2026-07-20 09:34:48,369,543,522,0
2026-07-20 09:34:49,365,555,543,0
2026-07-20 09:34:50,368,526,500,0
2026-07-20 09:34:51,358,549,510,0
2026-07-20 09:34:52,390,548,481,0
2026-07-20 09:34:53,373,543,514,0
2026-07-20 09:34:54,375,532,540,0
2026-07-20 09:34:55,398,535,529,0
2026-07-20 09:34:56,356,553,548,0
2026-07-20 09:34:57,370,522,523,0
2026-07-20 09:34:58,400,535,542,0
2026-07-20 09:34:59,356,530,529,0
2026-07-20 09:35:00,363,534,525,0
2026-07-20 09:35:01,347,529,509,0
2026-07-20 09:35:02,339,525,524,0
2026-07-20 09:35:03,325,558,539,0
2026-07-20 09:35:04,335,539,528,0
2026-07-20 09:35:05,337,530,522,0
2026-07-20 09:35:06,335,525,528,0
2026-07-20 09:35:07,349,531,518,0
2026-07-20 09:35:08,352,525,520,0
2026-07-20 09:35:09,365,532,533,0
2026-07-20 09:35:10,390,528,472,0
2026-07-20 09:35:11,363,533,477,0
2026-07-20 09:35:12,384,539,457,0
2026-07-20 09:35:13,365,548,462,0
2026-07-20 09:35:14,390,542,481,0
2026-07-20 09:35:15,368,529,484,0
2026-07-20 09:35:16,387,526,503,0
2026-07-20 09:35:17,387,540,490,0
2026-07-20 09:35:18,393,544,511,0
2026-07-20 09:35:19,370,538,526,0
2026-07-20 09:35:20,357,548,521,0
2026-07-20 09:35:21,339,545,541,0
2026-07-20 09:35:22,335,548,530,0
2026-07-20 09:35:23,354,519,542,0
2026-07-20 09:35:24,335,535,562,0
2026-07-20 09:35:25,347,524,562,0
2026-07-20 09:35:26,366,548,538,0
2026-07-20 09:35:27,398,519,522,0
2026-07-20 09:35:28,361,546,503,0
2026-07-20 09:35:29,346,550,490,0
2026-07-20 09:35:30,394,552,542,0
2026-07-20 09:35:31,388,545,475,0
2026-07-20 09:35:32,386,529,512,0
2026-07-20 09:35:33,381,528,545,0
2026-07-20 09:35:34,391,552,525,0
2026-07-20 09:35:35,357,551,514,0
2026-07-20 09:35:36,375,533,530,0
2026-07-20 09:35:37,339,533,526,0
2026-07-20 09:35:38,334,554,526,0
2026-07-20 09:35:39,346,536,516,0
2026-07-20 09:35:40,328,527,528,0
2026-07-20 09:35:41,350,528,503,0
2026-07-20 09:35:42,376,532,512,0
2026-07-20 09:35:43,384,538,505,0
2026-07-20 09:35:44,367,536,446,0
2026-07-20 09:35:45,386,531,475,0
2026-07-20 09:35:46,394,527,460,0
2026-07-20 09:35:47,386,544,457,0
2026-07-20 09:35:48,368,542,487,0
2026-07-20 09:35:49,366,557,500,0
2026-07-20 09:35:50,373,537,515,0
2026-07-20 09:35:51,372,552,532,0
2026-07-20 09:35:52,383,530,537,0
2026-07-20 09:35:53,344,544,532,0
2026-07-20 09:35:54,340,558,553,0
2026-07-20 09:35:55,342,545,524,0
2026-07-20 09:35:56,334,531,558,0
2026-07-20 09:35:57,367,548,525,0
2026-07-20 09:35:58,369,540,564,0
2026-07-20 09:35:59,365,535,558,0
2026-07-20 09:36:00,391,516,488,0
2026-07-20 09:36:01,392,551,516,0
2026-07-20 09:36:02,382,551,473,0
2026-07-20 09:36:03,369,525,491,0
2026-07-20 09:36:04,387,532,541,0
2026-07-20 09:36:05,385,531,543,0
2026-07-20 09:36:06,382,550,528,0
2026-07-20 09:36:07,370,524,521,0
2026-07-20 09:36:08,349,527,511,0
2026-07-20 09:36:09,334,527,513,0
2026-07-20 09:36:10,339,526,515,0
2026-07-20 09:36:11,314,528,498,0
2026-07-20 09:36:12,361,522,519,0
2026-07-20 09:36:13,362,525,511,0
2026-07-20 09:36:14,406,533,485,0
2026-07-20 09:36:15,377,525,457,0
2026-07-20 09:36:16,399,540,478,0
2026-07-20 09:36:17,391,533,454,0
2026-07-20 09:36:18,375,548,459,0
2026-07-20 09:36:19,403,534,499,0
2026-07-20 09:36:20,365,535,514,0
2026-07-20 09:36:21,385,531,507,0
2026-07-20 09:36:22,362,536,508,0
2026-07-20 09:36:23,354,540,543,0
2026-07-20 09:36:24,337,534,516,0
2026-07-20 09:36:25,343,523,537,0
2026-07-20 09:36:26,346,551,528,0
2026-07-20 09:36:27,330,533,550,0
2026-07-20 09:36:28,358,518,576,0
2026-07-20 09:36:29,366,557,586,0
2026-07-20 09:36:30,383,545,559,0
2026-07-20 09:36:31,380,541,567,0
2026-07-20 09:36:32,383,506,520,0
2026-07-20 09:36:33,391,517,501,0
2026-07-20 09:36:34,357,556,505,0
2026-07-20 09:36:35,386,522,480,0
2026-07-20 09:36:36,403,549,493,0
2026-07-20 09:36:37,376,553,516,0
2026-07-20 09:36:38,369,538,533,0
2026-07-20 09:36:39,354,536,545,0
2026-07-20 09:36:40,373,522,532,0
2026-07-20 09:36:41,376,550,523,0
2026-07-20 09:36:42,359,549,528,0
2026-07-20 09:36:43,341,554,540,0
2026-07-20 09:36:44,344,528,533,0
2026-07-20 09:36:45,331,533,522,0
2026-07-20 09:36:46,327,549,533,0
2026-07-20 09:36:47,332,544,517,0
2026-07-20 09:36:48,330,521,508,0
2026-07-20 09:36:49,343,540,525,0
2026-07-20 09:36:50,324,531,510,0
2026-07-20 09:36:51,334,539,509,0
2026-07-20 09:36:52,327,531,520,0
2026-07-20 09:36:53,338,535,535,0
2026-07-20 09:36:54,336,549,520,0
2026-07-20 09:36:55,337,543,500,0
2026-07-20 09:36:56,336,523,516,0
2026-07-20 09:36:57,362,530,521,0
2026-07-20 09:36:58,363,528,521,0
2026-07-20 09:36:59,367,539,525,0
2026-07-20 09:37:00,395,547,546,0
2026-07-20 09:37:01,383,532,527,0
2026-07-20 09:37:02,367,550,493,0
2026-07-20 09:37:03,393,532,520,0
2026-07-20 09:37:04,356,539,481,0
2026-07-20 09:37:05,382,531,498,0
2026-07-20 09:37:06,355,527,585,0
2026-07-20 09:37:07,343,526,557,0
2026-07-20 09:37:08,331,536,566,0
2026-07-20 09:37:09,348,519,527,0
2026-07-20 09:37:10,344,532,505,0
2026-07-20 09:37:11,361,532,533,0
2026-07-20 09:37:12,355,559,539,0
2026-07-20 09:37:13,385,555,523,0
2026-07-20 09:37:14,406,530,517,0
2026-07-20 09:37:15,371,533,506,0
2026-07-20 09:37:16,393,555,465,0
2026-07-20 09:37:17,358,538,456,0
2026-07-20 09:37:18,376,539,462,0
2026-07-20 09:37:19,391,525,462,0
2026-07-20 09:37:20,403,529,477,0
2026-07-20 09:37:21,366,530,509,0
2026-07-20 09:37:22,352,525,553,0
2026-07-20 09:37:23,334,531,512,0
2026-07-20 09:37:24,333,542,529,0
2026-07-20 09:37:25,324,545,537,0
2026-07-20 09:37:26,332,535,539,0
2026-07-20 09:37:27,361,548,510,0
2026-07-20 09:37:28,364,549,520,0
2026-07-20 09:37:29,363,531,558,0
2026-07-20 09:37:30,362,547,524,0
2026-07-20 09:37:31,382,535,497,0
2026-07-20 09:37:32,349,544,489,0
2026-07-20 09:37:33,396,542,490,0
2026-07-20 09:37:34,390,522,536,0
2026-07-20 09:37:35,373,536,533,0
2026-07-20 09:37:36,376,522,547,0
2026-07-20 09:37:37,362,511,568,0
2026-07-20 09:37:38,339,521,555,0
2026-07-20 09:37:39,358,521,565,0
2026-07-20 09:37:40,328,549,567,0
2026-07-20 09:37:41,358,547,533,0
2026-07-20 09:37:42,385,543,511,0
2026-07-20 09:37:43,375,554,520,0
2026-07-20 09:37:44,409,533,509,0
2026-07-20 09:37:45,396,556,503,0
2026-07-20 09:37:46,370,549,463,0
2026-07-20 09:37:47,379,548,475,0
2026-07-20 09:37:48,393,516,467,0
2026-07-20 09:37:49,377,548,457,0
2026-07-20 09:37:50,399,525,490,0
2026-07-20 09:37:51,364,530,532,0
2026-07-20 09:37:52,337,532,528,0
2026-07-20 09:37:53,321,528,522,0
2026-07-20 09:37:54,324,533,525,0
2026-07-20 09:37:55,329,537,512,0
2026-07-20 09:37:56,336,555,528,0
2026-07-20 09:37:57,347,526,545,0
2026-07-20 09:37:58,383,548,536,0
2026-07-20 09:37:59,360,548,541,0
2026-07-20 09:38:00,384,540,533,0
2026-07-20 09:38:01,361,531,520,0
2026-07-20 09:38:02,383,542,503,0
2026-07-20 09:38:03,351,549,507,0
2026-07-20 09:38:04,385,551,487,0
2026-07-20 09:38:05,392,513,534,0
2026-07-20 09:38:06,374,535,519,0
2026-07-20 09:38:07,344,528,575,0
2026-07-20 09:38:08,356,527,577,0
2026-07-20 09:38:09,344,523,571,0
2026-07-20 09:38:10,327,550,520,0
2026-07-20 09:38:11,331,529,538,0
2026-07-20 09:38:12,356,527,505,0
2026-07-20 09:38:13,367,542,520,0
2026-07-20 09:38:14,375,537,519,0
2026-07-20 09:38:15,372,552,523,0
2026-07-20 09:38:16,403,543,518,0
2026-07-20 09:38:17,363,535,473,0
2026-07-20 09:38:18,410,533,463,0
2026-07-20 09:38:19,384,551,458,0
2026-07-20 09:38:20,384,538,459,0
2026-07-20 09:38:21,408,536,475,0
2026-07-20 09:38:22,378,528,524,0
2026-07-20 09:38:23,351,530,523,0
2026-07-20 09:38:24,321,526,534,0
2026-07-20 09:38:25,325,526,517,0
2026-07-20 09:38:26,330,536,518,0
2026-07-20 09:38:27,336,534,510,0
2026-07-20 09:38:28,361,536,506,0
2026-07-20 09:38:29,362,527,535,0
2026-07-20 09:38:30,359,546,518,0
2026-07-20 09:38:31,362,535,540,0
2026-07-20 09:38:32,384,535,493,0
2026-07-20 09:38:33,343,544,493,0
2026-07-20 09:38:34,385,532,496,0
2026-07-20 09:38:35,386,555,536,0
2026-07-20 09:38:36,355,519,525,0
2026-07-20 09:38:37,373,530,541,0
2026-07-20 09:38:38,354,521,581,0
2026-07-20 09:38:39,348,526,603,0
2026-07-20 09:38:40,349,523,577,0
2026-07-20 09:38:41,340,547,560,0
2026-07-20 09:38:42,331,549,538,0
2026-07-20 09:38:43,320,550,561,0
2026-07-20 09:38:44,346,540,524,0
2026-07-20 09:38:45,380,544,526,0
2026-07-20 09:38:46,381,539,512,0
2026-07-20 09:38:47,376,547,533,0
2026-07-20 09:38:48,397,547,534,0
2026-07-20 09:38:49,381,546,500,0
2026-07-20 09:38:50,371,532,484,0
2026-07-20 09:38:51,377,544,476,0
2026-07-20 09:38:52,379,535,469,0
2026-07-20 09:38:53,405,543,464,0
2026-07-20 09:38:54,379,538,451,0
2026-07-20 09:38:55,373,543,448,0
2026-07-20 09:38:56,368,522,472,0
2026-07-20 09:38:57,373,522,480,0
2026-07-20 09:38:58,365,517,450,0
2026-07-20 09:38:59,381,557,455,0
2026-07-20 09:39:00,375,529,468,0
2026-07-20 09:39:01,369,528,459,0
2026-07-20 09:39:02,399,525,461,0
2026-07-20 09:39:03,392,514,461,0
2026-07-20 09:39:04,402,530,467,0
2026-07-20 09:39:05,377,538,465,0
2026-07-20 09:39:06,390,524,468,0
2026-07-20 09:39:07,387,529,491,0
2026-07-20 09:39:08,366,533,487,0
2026-07-20 09:39:09,359,533,481,0
2026-07-20 09:39:10,390,540,497,0
2026-07-20 09:39:11,366,530,515,0
2026-07-20 09:39:12,349,531,519,0
2026-07-20 09:39:13,349,523,520,0
2026-07-20 09:39:14,331,518,549,0
2026-07-20 09:39:15,325,531,534,0
2026-07-20 09:39:16,344,524,532,0
2026-07-20 09:39:17,325,560,552,0
2026-07-20 09:39:18,358,543,516,0
2026-07-20 09:39:19,381,531,540,0
2026-07-20 09:39:20,404,543,555,0
2026-07-20 09:39:21,371,545,542,0
2026-07-20 09:39:22,357,545,517,0
2026-07-20 09:39:23,374,551,510,0
2026-07-20 09:39:24,359,531,504,0
2026-07-20 09:39:25,379,521,524,0
2026-07-20 09:39:26,361,518,519,0
2026-07-20 09:39:27,377,522,564,0
2026-07-20 09:39:28,356,528,537,0
2026-07-20 09:39:29,350,519,545,0
2026-07-20 09:39:30,351,533,574,0
2026-07-20 09:39:31,339,518,564,0
2026-07-20 09:39:32,347,539,561,0
2026-07-20 09:39:33,351,540,542,0
2026-07-20 09:39:34,363,544,540,0
2026-07-20 09:39:35,362,552,513,0
2026-07-20 09:39:36,399,543,510,0
2026-07-20 09:39:37,394,557,517,0
2026-07-20 09:39:38,400,546,498,0
2026-07-20 09:39:39,381,540,504,0
2026-07-20 09:39:40,378,541,451,0
2026-07-20 09:39:41,380,526,473,0
2026-07-20 09:39:42,386,528,459,0
2026-07-20 09:39:43,399,538,461,0
2026-07-20 09:39:44,370,545,468,0
2026-07-20 09:39:45,369,531,478,0
2026-07-20 09:39:46,385,526,503,0
2026-07-20 09:39:47,365,536,528,0
2026-07-20 09:39:48,337,536,534,0
2026-07-20 09:39:49,331,535,511,0
2026-07-20 09:39:50,339,535,518,0
2026-07-20 09:39:51,336,536,535,0
2026-07-20 09:39:52,335,544,509,0
2026-07-20 09:39:53,334,532,521,0
2026-07-20 09:39:54,354,538,525,0
2026-07-20 09:39:55,361,544,530,0
2026-07-20 09:39:56,382,550,529,0
2026-07-20 09:39:57,364,524,517,0
2026-07-20 09:39:58,367,540,527,0
2026-07-20 09:39:59,358,548,545,0
2026-07-20 09:40:00,368,553,543,0
2026-07-20 09:40:01,364,520,528,0
2026-07-20 09:40:02,376,529,516,0
2026-07-20 09:40:03,356,526,532,0
2026-07-20 09:40:04,384,531,505,0
2026-07-20 09:40:05,371,527,496,0
2026-07-20 09:40:06,366,536,500,0
2026-07-20 09:40:07,394,539,520,0
2026-07-20 09:40:08,374,554,516,0
2026-07-20 09:40:09,360,550,519,0
2026-07-20 09:40:10,366,537,491,0
2026-07-20 09:40:11,390,532,479,0
2026-07-20 09:40:12,351,526,478,0
2026-07-20 09:40:13,383,536,539,0
2026-07-20 09:40:14,359,544,518,0
2026-07-20 09:40:15,379,526,534,0
2026-07-20 09:40:16,360,543,552,0
2026-07-20 09:40:17,363,546,539,0
2026-07-20 09:40:18,349,543,535,0
2026-07-20 09:40:19,388,548,547,0
2026-07-20 09:40:20,354,549,519,0
2026-07-20 09:40:21,325,517,507,0
2026-07-20 09:40:22,333,550,538,0
2026-07-20 09:40:23,334,526,521,0
2026-07-20 09:40:24,333,531,504,0
2026-07-20 09:40:25,354,530,513,0
2026-07-20 09:40:26,386,523,508,0
2026-07-20 09:40:27,390,528,488,0
2026-07-20 09:40:28,381,515,445,0
2026-07-20 09:40:31,373,550,451,0
2026-07-20 09:40:31,386,534,447,0
2026-07-20 09:40:31,398,533,477,0
2026-07-20 09:40:32,376,545,497,0
2026-07-20 09:40:33,361,551,509,0
2026-07-20 09:40:34,399,552,524,0
2026-07-20 09:40:41,391,537,504,0
2026-07-20 09:40:41,352,538,529,0
2026-07-20 09:40:41,367,544,559,0
2026-07-20 09:40:41,340,542,519,0
2026-07-20 09:40:41,339,532,551,0
2026-07-20 09:40:41,336,531,550,0
2026-07-20 09:40:41,351,522,581,0
2026-07-20 09:40:42,365,523,595,0
2026-07-20 09:40:43,366,532,547,0
2026-07-20 09:40:44,361,523,522,0
2026-07-20 09:40:45,359,523,494,0
2026-07-20 09:40:46,368,554,525,0
2026-07-20 09:40:47,370,518,520,0
2026-07-20 09:40:48,376,514,516,0
2026-07-20 09:40:49,382,530,515,0
2026-07-20 09:40:50,384,523,546,0
2026-07-20 09:40:51,353,530,519,0
2026-07-20 09:40:52,365,551,507,0
2026-07-20 09:40:53,381,527,503,0
2026-07-20 09:40:54,361,546,475,0
2026-07-20 09:40:55,356,516,532,0
2026-07-20 09:40:56,353,539,494,0
2026-07-20 09:40:57,371,546,532,0
2026-07-20 09:40:58,385,552,491,0
2026-07-20 09:40:59,355,521,514,0
2026-07-20 09:41:00,356,521,506,0
2026-07-20 09:41:01,383,524,506,0
2026-07-20 09:41:02,390,545,519,0
2026-07-20 09:41:03,356,512,533,0
2026-07-20 09:41:04,357,550,519,0
2026-07-20 09:41:05,351,513,525,0
2026-07-20 09:41:06,386,512,503,0
2026-07-20 09:41:07,388,516,494,0
2026-07-20 09:41:08,353,509,550,0
2026-07-20 09:41:09,395,529,548,0
2026-07-20 09:41:10,361,523,503,0
2026-07-20 09:41:11,381,531,579,0
2026-07-20 09:41:12,368,547,560,0
2026-07-20 09:41:13,360,542,528,0
2026-07-20 09:41:14,350,553,571,0
2026-07-20 09:41:15,361,544,556,0
2026-07-20 09:41:16,359,552,572,0
2026-07-20 09:41:17,339,522,535,0
2026-07-20 09:41:18,337,521,549,0
2026-07-20 09:41:19,338,540,567,0
2026-07-20 09:41:20,341,518,555,0
2026-07-20 09:41:21,345,554,538,0
2026-07-20 09:41:22,338,534,513,0
2026-07-20 09:41:23,347,538,518,0
2026-07-20 09:41:24,358,529,523,0
2026-07-20 09:41:25,357,542,529,0
2026-07-20 09:41:26,387,529,533,0
2026-07-20 09:41:27,373,540,523,0
2026-07-20 09:41:28,392,542,509,0
2026-07-20 09:41:29,382,536,508,0
2026-07-20 09:41:30,379,537,506,0
2026-07-20 09:41:31,399,534,485,0
2026-07-20 09:41:32,412,535,470,0
2026-07-20 09:41:33,385,537,470,0
2026-07-20 09:41:34,390,536,470,0
2026-07-20 09:41:35,370,529,466,0
2026-07-20 09:41:36,372,548,473,0
2026-07-20 09:41:37,379,532,460,0
2026-07-20 09:41:38,354,530,484,0
2026-07-20 09:41:39,361,528,488,0
2026-07-20 09:41:40,368,532,509,0
2026-07-20 09:41:41,344,521,515,0
2026-07-20 09:41:42,330,535,521,0
2026-07-20 09:41:43,334,525,521,0
2026-07-20 09:41:44,332,530,528,0
2026-07-20 09:41:45,335,541,520,0
2026-07-20 09:41:46,339,551,505,0
2026-07-20 09:41:47,338,541,520,0
2026-07-20 09:41:48,342,528,517,0
2026-07-20 09:41:49,345,527,527,0
2026-07-20 09:41:50,346,553,519,0
2026-07-20 09:41:51,347,536,518,0
2026-07-20 09:41:52,366,528,519,0
2026-07-20 09:41:53,372,545,523,0
2026-07-20 09:41:54,382,543,530,0
2026-07-20 09:41:55,350,532,538,0
2026-07-20 09:41:56,350,532,513,0
2026-07-20 09:41:57,355,533,527,0
2026-07-20 09:41:58,334,548,511,0
2026-07-20 09:41:59,377,523,525,0
2026-07-20 09:42:00,346,528,540,0
2026-07-20 09:42:01,330,541,522,0
2026-07-20 09:42:02,338,532,528,0
2026-07-20 09:42:03,344,535,508,0
2026-07-20 09:42:04,357,523,531,0
2026-07-20 09:42:05,381,525,516,0
2026-07-20 09:42:06,407,536,481,0
2026-07-20 09:42:07,392,530,467,0
2026-07-20 09:42:08,396,529,475,0
2026-07-20 09:42:09,372,539,459,0
2026-07-20 09:42:10,381,521,488,0
2026-07-20 09:42:11,392,535,518,0
2026-07-20 09:42:12,375,542,528,0
2026-07-20 09:42:13,398,538,518,0
2026-07-20 09:42:14,379,543,534,0
2026-07-20 09:42:15,342,532,518,0
2026-07-20 09:42:16,354,549,539,0
2026-07-20 09:42:17,347,555,591,0
2026-07-20 09:42:18,331,516,575,0
2026-07-20 09:42:19,346,523,551,0
2026-07-20 09:42:20,359,546,574,0
2026-07-20 09:42:21,367,515,527,0
2026-07-20 09:42:22,363,525,508,0
2026-07-20 09:42:23,387,531,491,0
2026-07-20 09:42:24,352,553,507,0
2026-07-20 09:42:25,369,535,520,0
2026-07-20 09:42:26,372,545,509,0
2026-07-20 09:42:27,373,548,535,0
2026-07-20 09:42:28,396,530,547,0
2026-07-20 09:42:29,371,539,535,0
2026-07-20 09:42:30,361,522,527,0
2026-07-20 09:42:31,345,541,524,0
2026-07-20 09:42:32,327,532,508,0
2026-07-20 09:42:33,342,528,498,0
2026-07-20 09:42:34,338,523,526,0
2026-07-20 09:42:35,344,523,527,0
2026-07-20 09:42:36,369,528,537,0
2026-07-20 09:42:37,380,530,498,0
2026-07-20 09:42:38,392,529,477,0
2026-07-20 09:42:39,369,551,471,0
2026-07-20 09:42:40,371,556,460,0
2026-07-20 09:42:41,354,533,467,0
2026-07-20 09:42:42,406,547,452,0
2026-07-20 09:42:43,407,536,488,0
2026-07-20 09:42:44,366,545,503,0
2026-07-20 09:42:45,380,542,519,0
2026-07-20 09:42:46,393,533,523,0
2026-07-20 09:42:47,364,533,537,0
2026-07-20 09:42:48,373,542,522,0
2026-07-20 09:42:49,378,538,510,0
2026-07-20 09:42:50,379,526,531,0
2026-07-20 09:42:51,355,536,516,0
2026-07-20 09:42:52,363,532,532,0
2026-07-20 09:42:53,355,555,512,0
2026-07-20 09:42:54,347,528,526,0
2026-07-20 09:42:55,360,538,563,0
2026-07-20 09:42:56,351,524,520,0
2026-07-20 09:42:57,341,541,539,0
2026-07-20 09:42:58,320,534,538,0
2026-07-20 09:42:59,332,532,548,0
2026-07-20 09:43:00,330,541,564,0
2026-07-20 09:43:01,337,539,534,0
2026-07-20 09:43:02,355,547,529,0
2026-07-20 09:43:03,333,539,520,0
2026-07-20 09:43:04,336,522,566,0
2026-07-20 09:43:05,340,545,567,0
2026-07-20 09:43:06,323,548,542,0
2026-07-20 09:43:07,339,512,575,0
2026-07-20 09:43:08,331,529,541,0
2026-07-20 09:43:09,343,543,558,0
2026-07-20 09:43:10,355,518,573,0
2026-07-20 09:43:11,352,519,551,0
2026-07-20 09:43:12,383,535,503,0
2026-07-20 09:43:13,376,539,535,0
2026-07-20 09:43:14,371,535,536,0
2026-07-20 09:43:15,353,531,499,0
2026-07-20 09:43:16,354,560,513,0
2026-07-20 09:43:17,361,516,497,0
2026-07-20 09:43:18,358,550,516,0
2026-07-20 09:43:19,373,520,480,0
2026-07-20 09:43:20,368,518,532,0
2026-07-20 09:43:21,394,517,493,0
2026-07-20 09:43:22,368,552,503,0
2026-07-20 09:43:23,358,559,486,0
2026-07-20 09:43:24,382,529,515,0
2026-07-20 09:43:25,357,539,477,0
2026-07-20 09:43:26,360,518,474,0
2026-07-20 09:43:27,375,547,530,0
2026-07-20 09:43:28,347,542,506,0
2026-07-20 09:43:29,372,530,506,0
2026-07-20 09:43:30,365,553,523,0
2026-07-20 09:43:31,385,551,513,0
2026-07-20 09:43:32,389,515,516,0
2026-07-20 09:43:33,370,539,492,0
2026-07-20 09:43:34,367,558,477,0
2026-07-20 09:43:35,390,562,504,0
2026-07-20 09:43:36,360,516,528,0
2026-07-20 09:43:37,379,548,535,0
2026-07-20 09:43:38,386,522,521,0
2026-07-20 09:43:39,362,540,525,0
2026-07-20 09:43:40,370,524,501,0
2026-07-20 09:43:41,361,508,511,0
2026-07-20 09:43:42,354,531,511,0
2026-07-20 09:43:43,394,514,546,0
2026-07-20 09:43:44,357,533,497,0
2026-07-20 09:43:46,381,538,530,0
2026-07-20 09:43:47,362,518,514,0
2026-07-20 09:43:47,364,555,539,0
2026-07-20 09:43:48,384,554,531,0
2026-07-20 09:43:49,379,548,492,0
2026-07-20 09:43:50,386,524,516,0
2026-07-20 09:43:51,367,554,480,0
2026-07-20 09:43:52,366,539,532,0
2026-07-20 09:43:53,354,553,541,0
2026-07-20 09:43:54,350,528,544,0
2026-07-20 09:43:55,395,548,535,0
2026-07-20 09:43:56,374,544,523,0
2026-07-20 09:43:57,349,547,516,0
2026-07-20 09:43:58,336,551,540,0
2026-07-20 09:43:59,336,530,523,0
2026-07-20 09:44:00,338,531,499,0
2026-07-20 09:44:01,337,527,515,0
2026-07-20 09:44:02,365,518,532,0
2026-07-20 09:44:03,343,524,493,0
2026-07-20 09:44:04,398,531,458,0
2026-07-20 09:44:05,368,539,455,0
2026-07-20 09:44:06,385,545,451,0
2026-07-20 09:44:07,367,553,460,0
2026-07-20 09:44:08,387,536,487,0
2026-07-20 09:44:09,391,539,509,0
2026-07-20 09:44:10,377,534,502,0
2026-07-20 09:44:11,394,533,525,0
2026-07-20 09:44:12,366,542,522,0
2026-07-20 09:44:13,343,536,533,0
2026-07-20 09:44:14,353,543,545,0
2026-07-20 09:44:15,338,520,549,0
2026-07-20 09:44:16,334,525,544,0
2026-07-20 09:44:17,353,517,542,0
2026-07-20 09:44:18,343,528,573,0
2026-07-20 09:44:19,376,514,542,0
2026-07-20 09:44:20,380,529,551,0
2026-07-20 09:44:21,388,556,522,0
2026-07-20 09:44:22,360,538,516,0
2026-07-20 09:44:23,390,528,474,0
2026-07-20 09:44:24,368,550,481,0
2026-07-20 09:44:25,390,529,494,0
2026-07-20 09:44:26,360,547,483,0
2026-07-20 09:44:27,391,544,557,0
2026-07-20 09:44:28,397,520,522,0
2026-07-20 09:44:29,383,533,527,0
2026-07-20 09:44:30,378,550,510,0
2026-07-20 09:44:31,357,519,529,0
2026-07-20 09:44:32,358,535,527,0
2026-07-20 09:44:33,343,534,513,0
2026-07-20 09:44:34,346,543,530,0
2026-07-20 09:44:35,344,531,508,0
2026-07-20 09:44:36,344,533,531,0
2026-07-20 09:44:37,344,531,532,0
2026-07-20 09:44:38,362,532,537,0
2026-07-20 09:44:39,366,534,519,0
2026-07-20 09:44:40,354,530,529,0
2026-07-20 09:44:41,351,529,514,0
2026-07-20 09:44:42,365,519,524,0
2026-07-20 09:44:43,385,530,514,0
2026-07-20 09:44:44,367,539,522,0
2026-07-20 09:44:45,379,527,527,0
2026-07-20 09:44:46,378,531,501,0
2026-07-20 09:44:47,376,535,522,0
2026-07-20 09:44:48,369,535,531,0
2026-07-20 09:44:49,384,527,515,0
2026-07-20 09:44:50,382,535,528,0
2026-07-20 09:44:51,363,536,510,0
2026-07-20 09:44:52,384,531,507,0
2026-07-20 09:44:53,366,543,506,0
2026-07-20 09:44:54,375,522,501,0
2026-07-20 09:44:55,376,519,496,0
2026-07-20 09:44:56,386,530,480,0
2026-07-20 09:44:57,394,534,474,0
2026-07-20 09:44:58,364,518,459,0
2026-07-20 09:44:59,363,540,458,0
2026-07-20 09:45:00,384,526,458,0
2026-07-20 09:45:01,357,525,462,0
2026-07-20 09:45:02,381,544,453,0
2026-07-20 09:45:03,380,543,467,0
2026-07-20 09:45:04,383,531,462,0
2026-07-20 09:45:05,377,539,452,0
2026-07-20 09:45:06,380,546,450,0
2026-07-20 09:45:07,373,547,454,0
2026-07-20 09:45:08,369,543,494,0
2026-07-20 09:45:09,381,549,507,0
2026-07-20 09:45:10,358,548,527,0
2026-07-20 09:45:11,377,544,532,0
2026-07-20 09:45:12,366,537,525,0
2026-07-20 09:45:13,365,554,537,0
2026-07-20 09:45:14,362,532,536,0
2026-07-20 09:45:15,334,556,558,0
2026-07-20 09:45:16,344,528,560,0
2026-07-20 09:45:17,338,556,560,0
2026-07-20 09:45:18,353,545,583,0
2026-07-20 09:45:19,358,521,537,0
2026-07-20 09:45:20,372,519,595,0
2026-07-20 09:45:21,355,540,547,0
2026-07-20 09:45:22,371,548,501,0
2026-07-20 09:45:23,393,526,484,0
2026-07-20 09:45:24,399,521,526,0
2026-07-20 09:45:25,370,535,499,0
2026-07-20 09:45:26,368,547,504,0
2026-07-20 09:45:27,366,543,525,0
2026-07-20 09:45:28,347,532,528,0
2026-07-20 09:45:29,367,550,544,0
2026-07-20 09:45:30,369,548,517,0
2026-07-20 09:45:31,366,536,534,0
2026-07-20 09:45:32,360,549,530,0
2026-07-20 09:45:33,352,550,523,0
2026-07-20 09:45:34,335,525,516,0
2026-07-20 09:45:35,326,544,516,0
2026-07-20 09:45:36,337,551,504,0
2026-07-20 09:45:37,340,547,522,0
2026-07-20 09:45:38,345,523,515,0
2026-07-20 09:45:39,335,537,499,0
2026-07-20 09:45:40,332,544,510,0
2026-07-20 09:45:41,335,525,529,0
2026-07-20 09:45:42,338,543,510,0
2026-07-20 09:45:43,339,537,529,0
2026-07-20 09:45:44,342,542,509,0
2026-07-20 09:45:45,343,549,511,0
2026-07-20 09:45:46,332,534,513,0
2026-07-20 09:45:47,324,526,537,0
2026-07-20 09:45:48,349,535,518,0
2026-07-20 09:45:49,345,524,519,0
2026-07-20 09:45:50,367,528,536,0
2026-07-20 09:45:51,376,541,503,0
2026-07-20 09:45:52,392,515,542,0
2026-07-20 09:45:53,372,552,541,0
2026-07-20 09:45:54,379,541,532,0
2026-07-20 09:45:55,367,523,525,0
2026-07-20 09:45:56,372,526,513,0
2026-07-20 09:45:57,401,549,499,0
2026-07-20 09:45:58,383,557,504,0
2026-07-20 09:45:59,397,541,481,0
2026-07-20 09:46:00,379,534,505,0
2026-07-20 09:46:01,372,550,494,0
2026-07-20 09:46:02,351,518,509,0
2026-07-20 09:46:03,370,530,541,0
2026-07-20 09:46:04,368,521,582,0
2026-07-20 09:46:05,343,525,559,0
2026-07-20 09:46:06,325,513,576,0
2026-07-20 09:46:07,346,543,525,0
2026-07-20 09:46:08,350,531,549,0
2026-07-20 09:46:09,333,538,539,0
2026-07-20 09:46:10,378,540,521,0
2026-07-20 09:46:11,365,550,518,0
2026-07-20 09:46:12,419,535,516,0
2026-07-20 09:46:13,384,527,489,0
2026-07-20 09:46:14,406,539,486,0
2026-07-20 09:46:15,383,540,451,0
2026-07-20 09:46:16,378,540,469,0
2026-07-20 09:46:17,387,515,493,0
2026-07-20 09:46:18,381,526,531,0
2026-07-20 09:46:19,370,527,515,0
2026-07-20 09:46:20,350,533,527,0
2026-07-20 09:46:21,337,529,538,0
2026-07-20 09:46:22,331,531,515,0
2026-07-20 09:46:23,349,548,530,0
2026-07-20 09:46:24,353,544,524,0
2026-07-20 09:46:25,384,556,519,0
2026-07-20 09:46:26,366,531,537,0
2026-07-20 09:46:27,367,528,520,0
2026-07-20 09:46:28,398,548,532,0
2026-07-20 09:46:29,388,546,503,0
2026-07-20 09:46:30,385,525,479,0
2026-07-20 09:46:31,371,558,496,0
2026-07-20 09:46:32,366,518,530,0
2026-07-20 09:46:33,355,532,524,0
2026-07-20 09:46:34,353,534,564,0
2026-07-20 09:46:35,379,548,545,0
2026-07-20 09:46:36,358,527,555,0
2026-07-20 09:46:37,348,510,583,0
2026-07-20 09:46:38,350,520,535,0
2026-07-20 09:46:39,330,537,527,0
2026-07-20 09:46:40,355,528,538,0
2026-07-20 09:46:41,371,541,525,0
2026-07-20 09:46:42,406,533,510,0
2026-07-20 09:46:43,376,552,531,0
2026-07-20 09:46:44,390,528,510,0
2026-07-20 09:46:45,390,546,497,0
2026-07-20 09:46:46,369,534,477,0
2026-07-20 09:46:47,358,530,476,0
2026-07-20 09:46:48,396,542,460,0
2026-07-20 09:46:49,391,520,453,0
2026-07-20 09:46:50,378,532,447,0
2026-07-20 09:46:51,370,528,468,0
2026-07-20 09:46:52,375,520,459,0
2026-07-20 09:46:53,357,529,469,0
2026-07-20 09:46:54,370,534,482,0
2026-07-20 09:46:55,387,522,489,0
2026-07-20 09:46:56,377,527,502,0
2026-07-20 09:46:57,356,523,522,0
2026-07-20 09:46:58,376,525,520,0
2026-07-20 09:46:59,362,533,522,0
2026-07-20 09:47:00,375,523,497,0
2026-07-20 09:47:01,396,522,508,0
2026-07-20 09:47:02,368,524,529,0
2026-07-20 09:47:03,356,516,523,0
2026-07-20 09:47:04,373,527,503,0
2026-07-20 09:47:05,400,530,503,0
2026-07-20 09:47:06,380,526,483,0
2026-07-20 09:47:07,405,528,487,0
2026-07-20 09:47:08,368,525,480,0
2026-07-20 09:47:09,364,537,504,0
2026-07-20 09:47:10,362,522,507,0
2026-07-20 09:47:11,356,528,481,0
2026-07-20 09:47:12,352,530,466,0
2026-07-20 09:47:13,400,538,460,0
2026-07-20 09:47:14,377,533,464,0
2026-07-20 09:47:15,383,532,457,0
2026-07-20 09:47:16,391,542,477,0
2026-07-20 09:47:17,396,534,453,0
2026-07-20 09:47:18,377,533,460,0
2026-07-20 09:47:19,377,549,475,0
2026-07-20 09:47:20,376,542,471,0
2026-07-20 09:47:21,394,549,476,0
2026-07-20 09:47:22,368,537,496,0
2026-07-20 09:47:23,379,524,506,0
2026-07-20 09:47:24,400,532,509,0
2026-07-20 09:47:25,381,532,494,0
2026-07-20 09:47:26,399,530,524,0
2026-07-20 09:47:27,376,541,516,0
2026-07-20 09:47:28,395,544,518,0
2026-07-20 09:47:29,372,545,526,0
2026-07-20 09:47:30,383,545,506,0
2026-07-20 09:47:31,376,527,519,0
2026-07-20 09:47:32,372,526,518,0
2026-07-20 09:47:33,374,539,542,0
2026-07-20 09:47:34,370,549,537,0
2026-07-20 09:47:35,346,537,537,0
2026-07-20 09:47:36,349,539,547,0
2026-07-20 09:47:37,350,543,514,0
2026-07-20 09:47:38,345,536,535,0
2026-07-20 09:47:39,347,553,557,0
2026-07-20 09:47:40,353,506,564,0
2026-07-20 09:47:41,352,514,557,0
2026-07-20 09:47:42,368,523,606,0
2026-07-20 09:47:43,366,524,549,0
2026-07-20 09:47:44,377,525,491,0
2026-07-20 09:47:45,355,563,535,0
2026-07-20 09:47:46,393,558,498,0
2026-07-20 09:47:47,394,540,521,0
2026-07-20 09:47:48,371,546,504,0
2026-07-20 09:47:49,363,546,543,0
2026-07-20 09:47:50,393,538,551,0
2026-07-20 09:47:51,387,556,536,0
2026-07-20 09:47:52,369,539,518,0
2026-07-20 09:47:53,349,547,510,0
2026-07-20 09:47:54,355,527,534,0
2026-07-20 09:47:55,348,530,525,0
2026-07-20 09:47:56,355,539,514,0
2026-07-20 09:47:57,355,535,512,0
2026-07-20 09:47:58,371,527,545,0
2026-07-20 09:47:59,361,531,522,0
2026-07-20 09:48:00,370,529,507,0
2026-07-20 09:48:01,392,528,458,0
2026-07-20 09:48:02,379,511,462,0
2026-07-20 09:48:03,388,534,465,0
2026-07-20 09:48:04,365,535,455,0
2026-07-20 09:48:05,400,531,481,0
2026-07-20 09:48:06,377,543,469,0
2026-07-20 09:48:07,396,538,465,0
2026-07-20 09:48:08,369,543,477,0
2026-07-20 09:48:09,383,551,527,0
2026-07-20 09:48:10,389,529,507,0
2026-07-20 09:48:11,370,542,519,0
2026-07-20 09:48:12,396,541,507,0
2026-07-20 09:48:13,364,540,506,0
2026-07-20 09:48:14,384,518,515,0
2026-07-20 09:48:15,391,534,517,0
2026-07-20 09:48:16,373,548,538,0
2026-07-20 09:48:17,380,539,536,0
2026-07-20 09:48:18,370,533,525,0
2026-07-20 09:48:19,354,543,540,0
2026-07-20 09:48:20,372,543,525,0
2026-07-20 09:48:21,358,534,535,0
2026-07-20 09:48:22,369,519,514,0
2026-07-20 09:48:23,367,533,536,0
2026-07-20 09:48:24,365,528,523,0
2026-07-20 09:48:25,376,526,519,0
2026-07-20 09:48:26,374,532,518,0
2026-07-20 09:48:27,366,538,508,0
2026-07-20 09:48:28,368,528,503,0
2026-07-20 09:48:29,399,532,501,0
2026-07-20 09:48:30,365,548,510,0
2026-07-20 09:48:31,404,528,510,0
2026-07-20 09:48:32,386,535,495,0
2026-07-20 09:48:33,377,552,506,0
2026-07-20 09:48:34,379,540,504,0
2026-07-20 09:48:35,367,533,495,0
2026-07-20 09:48:36,385,537,502,0
2026-07-20 09:48:37,380,526,475,0
2026-07-20 09:48:38,370,545,475,0
2026-07-20 09:48:39,386,536,455,0
2026-07-20 09:48:40,402,525,476,0
2026-07-20 09:48:41,403,547,474,0
2026-07-20 09:48:42,389,533,468,0
2026-07-20 09:48:43,373,551,458,0
2026-07-20 09:48:44,387,522,463,0
2026-07-20 09:48:45,379,544,462,0
2026-07-20 09:48:46,382,551,468,0
2026-07-20 09:48:47,398,533,459,0
2026-07-20 09:48:48,385,529,477,0
2026-07-20 09:48:49,372,539,460,0
2026-07-20 09:48:50,395,521,460,0
2026-07-20 09:48:51,381,534,469,0
2026-07-20 09:48:52,389,539,466,0
2026-07-20 09:48:53,399,536,460,0
2026-07-20 09:48:54,385,550,453,0
2026-07-20 09:48:55,393,534,468,0
2026-07-20 09:48:56,379,544,468,0
2026-07-20 09:48:57,394,549,473,0
2026-07-20 09:48:58,379,546,480,0
2026-07-20 09:48:59,397,545,472,0
2026-07-20 09:49:00,380,535,484,0
2026-07-20 09:49:01,381,529,498,0
2026-07-20 09:49:02,391,551,520,0
2026-07-20 09:49:03,387,540,504,0
2026-07-20 09:49:04,372,534,515,0
2026-07-20 09:49:05,372,549,528,0
2026-07-20 09:49:06,363,537,544,0
2026-07-20 09:49:07,359,524,544,0
2026-07-20 09:49:08,358,521,559,0
2026-07-20 09:49:09,358,546,562,0
2026-07-20 09:49:10,367,515,582,0
2026-07-20 09:49:11,378,514,547,0
2026-07-20 09:49:12,401,515,524,0
2026-07-20 09:49:13,383,562,531,0
2026-07-20 09:49:14,357,537,498,0
2026-07-20 09:49:15,400,543,497,0
2026-07-20 09:49:16,370,548,503,0
2026-07-20 09:49:17,380,559,530,0
2026-07-20 09:49:18,406,550,556,0
2026-07-20 09:49:19,382,522,528,0
2026-07-20 09:49:20,374,550,544,0
2026-07-20 09:49:21,348,543,516,0
2026-07-20 09:49:22,362,546,532,0
2026-07-20 09:49:23,355,531,528,0
2026-07-20 09:49:24,356,534,536,0
2026-07-20 09:49:25,365,527,513,0
2026-07-20 09:49:26,394,533,535,0
2026-07-20 09:49:27,401,526,507,0
2026-07-20 09:49:28,403,527,481,0
2026-07-20 09:49:29,401,541,478,0
2026-07-20 09:49:30,379,549,457,0
2026-07-20 09:49:31,382,551,470,0
2026-07-20 09:49:32,373,539,482,0
2026-07-20 09:49:33,388,544,495,0
2026-07-20 09:49:34,405,548,522,0
2026-07-20 09:49:35,373,532,518,0
2026-07-20 09:49:36,390,555,519,0
2026-07-20 09:49:37,373,530,525,0
2026-07-20 09:49:38,363,527,532,0
2026-07-20 09:49:39,346,522,545,0
2026-07-20 09:49:40,361,533,582,0
2026-07-20 09:49:41,353,537,578,0
2026-07-20 09:49:42,358,513,587,0
2026-07-20 09:49:43,365,520,579,0
2026-07-20 09:49:44,369,528,539,0
2026-07-20 09:49:45,363,521,520,0
2026-07-20 09:49:46,364,509,571,0
2026-07-20 09:49:47,384,528,495,0
2026-07-20 09:49:48,384,529,521,0
2026-07-20 09:49:49,387,527,516,0
2026-07-20 09:49:50,373,547,510,0
2026-07-20 09:49:51,372,551,524,0
2026-07-20 09:49:52,379,551,534,0
2026-07-20 09:49:53,384,540,537,0
2026-07-20 09:49:54,399,536,536,0
2026-07-20 09:49:55,395,546,516,0
2026-07-20 09:49:56,398,535,524,0
2026-07-20 09:49:57,385,533,538,0
2026-07-20 09:49:58,371,552,538,0
2026-07-20 09:49:59,362,523,557,0
2026-07-20 09:50:00,361,528,545,0
2026-07-20 09:50:01,359,552,502,0
2026-07-20 09:50:02,357,546,542,0
2026-07-20 09:50:03,362,533,523,0
2026-07-20 09:50:04,366,532,515,0
2026-07-20 09:50:05,358,514,546,0
2026-07-20 09:50:06,350,525,529,0
2026-07-20 09:50:07,349,525,549,0
2026-07-20 09:50:08,355,529,545,0
2026-07-20 09:50:09,358,524,534,0
2026-07-20 09:50:10,341,524,527,0
2026-07-20 09:50:11,354,521,534,0
2026-07-20 09:50:12,368,518,540,0
2026-07-20 09:50:13,353,524,535,0
2026-07-20 09:50:14,357,524,514,0
2026-07-20 09:50:15,367,525,547,0
2026-07-20 09:50:16,377,522,516,0
2026-07-20 09:50:17,388,523,539,0
2026-07-20 09:50:18,380,535,505,0
2026-07-20 09:50:19,386,533,514,0
2026-07-20 09:50:20,371,535,527,0
2026-07-20 09:50:21,380,535,517,0
2026-07-20 09:50:22,382,524,521,0
2026-07-20 09:50:23,394,535,511,0
2026-07-20 09:50:24,389,535,511,0
2026-07-20 09:50:25,396,523,490,0
2026-07-20 09:50:26,408,526,475,0
2026-07-20 09:50:27,379,524,478,0
2026-07-20 09:50:28,372,530,491,0
2026-07-20 09:50:29,395,530,488,0
2026-07-20 09:50:30,394,526,496,0
2026-07-20 09:50:31,377,522,473,0
2026-07-20 09:50:32,405,526,488,0
2026-07-20 09:50:33,373,529,490,0
2026-07-20 09:50:34,389,538,496,0
2026-07-20 09:50:35,372,536,495,0
2026-07-20 09:50:36,397,525,504,0
2026-07-20 09:50:37,394,526,508,0
2026-07-20 09:50:38,362,532,478,0
2026-07-20 09:50:39,368,536,487,0
2026-07-20 09:50:40,365,535,473,0
2026-07-20 09:50:41,358,533,481,0
2026-07-20 09:50:42,365,529,492,0
2026-07-20 09:50:43,376,542,455,0
2026-07-20 09:50:44,369,534,476,0
2026-07-20 09:50:45,359,529,473,0
2026-07-20 09:50:46,372,553,471,0
2026-07-20 09:50:47,385,553,461,0
2026-07-20 09:50:48,382,518,459,0
2026-07-20 09:50:49,366,537,460,0
2026-07-20 09:50:50,365,538,465,0
2026-07-20 09:50:51,397,527,483,0
2026-07-20 09:50:52,381,545,506,0
2026-07-20 09:50:53,377,540,506,0
2026-07-20 09:50:54,370,535,521,0
2026-07-20 09:50:55,381,543,509,0
2026-07-20 09:50:56,392,532,522,0
2026-07-20 09:50:57,383,540,523,0
2026-07-20 09:50:58,367,536,527,0
2026-07-20 09:50:59,362,542,536,0
2026-07-20 09:51:00,353,520,528,0
2026-07-20 09:51:01,344,522,529,0
2026-07-20 09:51:02,353,529,550,0
2026-07-20 09:51:03,356,514,542,0
2026-07-20 09:51:04,351,535,525,0
2026-07-20 09:51:05,344,554,565,0
2026-07-20 09:51:06,340,510,570,0
2026-07-20 09:51:07,352,521,539,0
2026-07-20 09:51:08,348,544,563,0
2026-07-20 09:51:09,359,521,585,0
2026-07-20 09:51:10,388,524,601,0
2026-07-20 09:51:11,384,540,554,0
2026-07-20 09:51:12,370,529,548,0
2026-07-20 09:51:13,394,509,538,0
2026-07-20 09:51:14,372,533,553,0
2026-07-20 09:51:15,382,529,576,0
2026-07-20 09:51:16,384,517,571,0
2026-07-20 09:51:17,377,509,555,0
2026-07-20 09:51:18,359,524,516,0
2026-07-20 09:51:19,345,516,542,0
2026-07-20 09:51:20,361,510,546,0
2026-07-20 09:51:21,360,533,561,0
2026-07-20 09:51:22,348,518,543,0
2026-07-20 09:51:23,338,546,550,0
2026-07-20 09:51:24,339,541,567,0
2026-07-20 09:51:25,348,535,526,0
2026-07-20 09:51:26,340,532,540,0
2026-07-20 09:51:27,375,529,573,0
2026-07-20 09:51:28,359,528,529,0
2026-07-20 09:51:29,373,531,535,0
2026-07-20 09:51:30,384,538,510,0
2026-07-20 09:51:31,402,536,514,0
2026-07-20 09:51:32,372,531,533,0
2026-07-20 09:51:33,388,533,510,0
2026-07-20 09:51:34,374,536,491,0
2026-07-20 09:51:35,377,543,471,0
2026-07-20 09:51:36,386,537,460,0
2026-07-20 09:51:37,393,547,461,0
2026-07-20 09:51:38,394,542,461,0
2026-07-20 09:51:39,364,530,474,0
2026-07-20 09:51:40,381,535,475,0
2026-07-20 09:51:41,400,529,486,0
2026-07-20 09:51:42,375,530,503,0
2026-07-20 09:51:43,355,530,522,0
2026-07-20 09:51:44,357,522,532,0
2026-07-20 09:51:45,343,527,518,0
2026-07-20 09:51:46,355,537,531,0
2026-07-20 09:51:47,357,520,534,0
2026-07-20 09:51:48,368,522,528,0
2026-07-20 09:51:49,354,527,507,0
2026-07-20 09:51:50,355,521,508,0
2026-07-20 09:51:51,373,543,529,0
2026-07-20 09:51:52,377,544,542,0
2026-07-20 09:51:53,372,528,528,0
2026-07-20 09:51:54,365,525,539,0
2026-07-20 09:51:55,366,529,541,0
2026-07-20 09:51:56,393,550,533,0
2026-07-20 09:51:57,362,535,522,0
2026-07-20 09:51:58,381,530,499,0
2026-07-20 09:51:59,391,518,513,0
2026-07-20 09:52:00,398,531,476,0
2026-07-20 09:52:01,395,538,519,0
2026-07-20 09:52:02,391,556,532,0
2026-07-20 09:52:03,383,538,519,0
2026-07-20 09:52:04,356,513,519,0
2026-07-20 09:52:05,378,537,551,0
2026-07-20 09:52:06,376,528,507,0
2026-07-20 09:52:07,361,521,553,0
2026-07-20 09:52:08,342,521,542,0
2026-07-20 09:52:09,360,524,558,0
2026-07-20 09:52:10,351,516,566,0
2026-07-20 09:52:11,349,545,528,0
2026-07-20 09:52:12,339,523,557,0
2026-07-20 09:52:13,355,553,514,0
2026-07-20 09:52:14,367,519,518,0
2026-07-20 09:52:15,375,533,523,0
2026-07-20 09:52:16,357,540,520,0
2026-07-20 09:52:17,383,536,524,0
2026-07-20 09:52:18,370,545,508,0
2026-07-20 09:52:19,376,541,494,0
2026-07-20 09:52:20,397,543,490,0
2026-07-20 09:52:21,406,532,479,0
2026-07-20 09:52:22,371,531,470,0
2026-07-20 09:52:23,401,539,482,0
2026-07-20 09:52:24,382,540,461,0
2026-07-20 09:52:25,411,540,466,0
2026-07-20 09:52:26,375,540,457,0
2026-07-20 09:52:27,406,538,462,0
2026-07-20 09:52:28,382,544,462,0
2026-07-20 09:52:29,380,541,460,0
2026-07-20 09:52:30,394,535,457,0
2026-07-20 09:52:31,382,536,488,0
2026-07-20 09:52:32,373,527,468,0
2026-07-20 09:52:33,391,539,465,0
2026-07-20 09:52:34,379,540,483,0
2026-07-20 09:52:35,399,551,478,0
2026-07-20 09:52:36,385,541,506,0
2026-07-20 09:52:37,391,545,486,0
2026-07-20 09:52:38,395,527,513,0
2026-07-20 09:52:39,370,550,528,0
2026-07-20 09:52:40,397,532,519,0
2026-07-20 09:52:41,376,525,528,0
2026-07-20 09:52:42,367,539,522,0
2026-07-20 09:52:43,354,532,524,0
2026-07-20 09:52:44,356,525,524,0
2026-07-20 09:52:45,343,546,549,0
2026-07-20 09:52:46,344,507,540,0
2026-07-20 09:52:47,340,522,561,0
2026-07-20 09:52:48,374,530,530,0
2026-07-20 09:52:49,346,523,557,0
2026-07-20 09:52:50,385,531,555,0
2026-07-20 09:52:51,385,556,478,0
2026-07-20 09:52:52,379,536,507,0
2026-07-20 09:52:53,360,550,499,0
2026-07-20 09:52:54,391,541,522,0
2026-07-20 09:52:55,403,532,542,0
2026-07-20 09:52:56,399,542,553,0
2026-07-20 09:52:57,383,526,522,0
2026-07-20 09:52:58,357,526,524,0
2026-07-20 09:52:59,337,515,517,0
2026-07-20 09:53:00,349,540,512,0
2026-07-20 09:53:01,352,520,537,0
2026-07-20 09:53:02,351,522,527,0
2026-07-20 09:53:03,361,519,514,0
2026-07-20 09:53:04,382,532,507,0
2026-07-20 09:53:05,375,528,479,0
2026-07-20 09:53:06,394,540,473,0
2026-07-20 09:53:07,386,544,459,0
2026-07-20 09:53:08,394,544,464,0
2026-07-20 09:53:09,378,539,477,0
2026-07-20 09:53:10,385,528,465,0
2026-07-20 09:53:11,387,538,489,0
2026-07-20 09:53:12,391,548,492,0
2026-07-20 09:53:13,407,543,522,0
2026-07-20 09:53:14,384,534,520,0
2026-07-20 09:53:15,401,533,526,0
2026-07-20 09:53:16,401,545,519,0
2026-07-20 09:53:17,374,534,517,0
2026-07-20 09:53:18,383,533,518,0
2026-07-20 09:53:19,396,538,521,0
2026-07-20 09:53:20,397,533,516,0
2026-07-20 09:53:21,387,522,536,0
2026-07-20 09:53:22,375,534,521,0
2026-07-20 09:53:23,372,532,518,0
2026-07-20 09:53:24,363,529,519,0
2026-07-20 09:53:25,384,539,515,0
2026-07-20 09:53:26,392,537,510,0
2026-07-20 09:53:27,381,541,501,0
2026-07-20 09:53:28,391,548,454,0
2026-07-20 09:53:29,368,539,467,0
2026-07-20 09:53:30,395,528,465,0
2026-07-20 09:53:31,370,529,472,0
2026-07-20 09:53:32,377,523,517,0
2026-07-20 09:53:33,352,539,521,0
2026-07-20 09:53:34,339,519,529,0
2026-07-20 09:53:35,355,529,503,0
2026-07-20 09:53:36,349,537,530,0
2026-07-20 09:53:37,354,531,526,0
2026-07-20 09:53:38,367,537,528,0
2026-07-20 09:53:39,384,533,537,0
2026-07-20 09:53:40,380,549,543,0
2026-07-20 09:53:41,392,550,542,0
2026-07-20 09:53:42,375,534,545,0
2026-07-20 09:53:43,394,527,483,0
2026-07-20 09:53:44,363,549,489,0
2026-07-20 09:53:45,378,547,519,0
2026-07-20 09:53:46,390,520,508,0
2026-07-20 09:53:47,358,527,523,0
2026-07-20 09:53:48,360,524,536,0
2026-07-20 09:53:49,359,534,594,0
2026-07-20 09:53:50,362,513,543,0
2026-07-20 09:53:51,360,524,567,0
2026-07-20 09:53:52,355,525,544,0
2026-07-20 09:53:53,354,518,543,0
2026-07-20 09:53:54,344,527,550,0
2026-07-20 09:53:55,340,534,517,0
2026-07-20 09:53:56,378,526,516,0
2026-07-20 09:53:57,357,547,524,0
2026-07-20 09:53:58,362,529,541,0
2026-07-20 09:53:59,370,534,520,0
2026-07-20 09:54:00,380,539,529,0
2026-07-20 09:54:01,397,545,532,0
2026-07-20 09:54:02,400,532,513,0
2026-07-20 09:54:03,386,534,516,0
2026-07-20 09:54:04,384,547,488,0
2026-07-20 09:54:05,378,539,510,0
2026-07-20 09:54:06,367,535,500,0
2026-07-20 09:54:07,390,533,467,0
2026-07-20 09:54:08,374,519,460,0
2026-07-20 09:54:09,385,541,459,0
2026-07-20 09:54:10,384,533,477,0
2026-07-20 09:54:11,387,527,470,0
2026-07-20 09:54:12,382,538,469,0
2026-07-20 09:54:13,391,532,449,0
2026-07-20 09:54:14,371,527,461,0
2026-07-20 09:54:15,379,533,487,0
2026-07-20 09:54:16,393,524,499,0
2026-07-20 09:54:17,350,537,514,0
2026-07-20 09:54:18,335,523,528,0
2026-07-20 09:54:19,350,525,525,0
2026-07-20 09:54:20,349,548,502,0
2026-07-20 09:54:21,356,541,537,0
2026-07-20 09:54:22,364,531,508,0
2026-07-20 09:54:23,396,552,531,0
2026-07-20 09:54:24,363,526,541,0
2026-07-20 09:54:25,381,533,555,0
2026-07-20 09:54:26,369,528,514,0
2026-07-20 09:54:27,366,539,493,0
2026-07-20 09:54:28,393,532,543,0
2026-07-20 09:54:29,364,550,521,0
2026-07-20 09:54:30,364,512,553,0
2026-07-20 09:54:31,373,524,557,0
2026-07-20 09:54:32,372,542,577,0
2026-07-20 09:54:33,374,523,569,0
2026-07-20 09:54:34,363,528,543,0
2026-07-20 09:54:35,344,512,528,0
2026-07-20 09:54:36,351,509,537,0
2026-07-20 09:54:37,341,533,555,0
2026-07-20 09:54:38,369,529,531,0
2026-07-20 09:54:39,389,546,527,0
2026-07-20 09:54:40,372,543,527,0
2026-07-20 09:54:41,389,544,525,0
2026-07-20 09:54:42,397,517,476,0
2026-07-20 09:54:43,357,527,457,0
2026-07-20 09:54:44,362,533,454,0
2026-07-20 09:54:45,384,520,467,0
2026-07-20 09:54:46,373,520,477,0
2026-07-20 09:54:47,400,531,526,0
2026-07-20 09:54:48,368,526,538,0
2026-07-20 09:54:49,350,531,516,0
2026-07-20 09:54:50,350,528,517,0
2026-07-20 09:54:51,355,535,522,0
2026-07-20 09:54:52,347,548,520,0
2026-07-20 09:54:53,349,541,527,0
2026-07-20 09:54:54,373,533,528,0
2026-07-20 09:54:55,368,544,539,0
2026-07-20 09:54:56,362,525,541,0
2026-07-20 09:54:57,377,532,510,0
2026-07-20 09:54:58,371,545,487,0
2026-07-20 09:54:59,366,556,490,0
2026-07-20 09:55:00,358,526,523,0
2026-07-20 09:55:01,358,525,537,0
2026-07-20 09:55:02,374,523,525,0
2026-07-20 09:55:03,367,548,589,0
2026-07-20 09:55:04,343,524,551,0
2026-07-20 09:55:05,352,541,521,0
2026-07-20 09:55:06,342,546,528,0
2026-07-20 09:55:07,357,532,532,0
2026-07-20 09:55:08,361,536,522,0
2026-07-20 09:55:09,398,537,512,0
2026-07-20 09:55:10,371,546,511,0
2026-07-20 09:55:11,381,530,517,0
2026-07-20 09:55:12,379,542,495,0
2026-07-20 09:55:13,410,550,472,0
2026-07-20 09:55:14,390,540,464,0
2026-07-20 09:55:15,370,535,473,0
2026-07-20 09:55:16,401,523,461,0
2026-07-20 09:55:17,367,523,494,0
2026-07-20 09:55:18,365,524,525,0
2026-07-20 09:55:19,353,523,543,0
2026-07-20 09:55:20,353,516,535,0
2026-07-20 09:55:21,348,549,539,0
2026-07-20 09:55:22,355,528,537,0
2026-07-20 09:55:23,368,537,536,0
2026-07-20 09:55:24,394,531,525,0
2026-07-20 09:55:25,368,528,524,0
2026-07-20 09:55:26,368,555,557,0
2026-07-20 09:55:27,373,533,501,0
2026-07-20 09:55:28,360,529,511,0
2026-07-20 09:55:29,378,554,515,0
2026-07-20 09:55:30,361,554,503,0
2026-07-20 09:55:31,373,541,515,0
2026-07-20 09:55:32,387,527,535,0
2026-07-20 09:55:33,367,535,576,0
2026-07-20 09:55:34,351,538,538,0
2026-07-20 09:55:35,354,519,558,0
2026-07-20 09:55:36,354,540,527,0
2026-07-20 09:55:37,370,533,544,0
2026-07-20 09:55:38,373,533,528,0
2026-07-20 09:55:39,375,532,509,0
2026-07-20 09:55:40,401,519,523,0
2026-07-20 09:55:41,389,548,514,0
2026-07-20 09:55:42,371,539,485,0
2026-07-20 09:55:43,384,533,448,0
2026-07-20 09:55:44,381,527,469,0
2026-07-20 09:55:45,388,540,462,0
2026-07-20 09:55:46,376,524,480,0
2026-07-20 09:55:47,381,533,506,0
2026-07-20 09:55:48,376,525,545,0
2026-07-20 09:55:49,357,530,517,0
2026-07-20 09:55:50,354,525,527,0
2026-07-20 09:55:51,350,540,527,0
2026-07-20 09:55:52,353,529,544,0
2026-07-20 09:55:53,368,542,513,0
2026-07-20 09:55:54,403,531,533,0
2026-07-20 09:55:55,375,554,564,0
2026-07-20 09:55:56,366,530,540,0
2026-07-20 09:55:57,385,531,551,0
2026-07-20 09:55:58,376,529,523,0
2026-07-20 09:55:59,388,533,515,0
2026-07-20 09:56:00,394,513,502,0
2026-07-20 09:56:01,361,539,514,0
2026-07-20 09:56:02,361,517,531,0
2026-07-20 09:56:03,383,531,587,0
2026-07-20 09:56:04,369,524,539,0
2026-07-20 09:56:05,346,553,558,0
2026-07-20 09:56:06,356,524,543,0
2026-07-20 09:56:07,346,533,551,0
2026-07-20 09:56:08,363,528,534,0
2026-07-20 09:56:09,382,540,544,0
2026-07-20 09:56:10,406,535,522,0
2026-07-20 09:56:11,373,532,515,0
2026-07-20 09:56:12,397,538,481,0
2026-07-20 09:56:13,390,532,478,0
2026-07-20 09:56:14,383,544,459,0
2026-07-20 09:56:15,379,547,452,0
2026-07-20 09:56:16,372,534,474,0
2026-07-20 09:56:17,388,531,501,0
2026-07-20 09:56:18,385,531,526,0
2026-07-20 09:56:19,355,530,518,0
2026-07-20 09:56:20,349,534,512,0
2026-07-20 09:56:21,344,546,527,0
2026-07-20 09:56:22,352,552,519,0
2026-07-20 09:56:23,357,525,523,0
2026-07-20 09:56:24,385,517,538,0
2026-07-20 09:56:25,363,525,540,0
2026-07-20 09:56:26,357,556,561,0
2026-07-20 09:56:27,385,538,541,0
2026-07-20 09:56:28,363,530,480,0
2026-07-20 09:56:29,356,518,520,0
2026-07-20 09:56:30,361,523,524,0
2026-07-20 09:56:31,363,512,505,0
2026-07-20 09:56:32,370,545,537,0
2026-07-20 09:56:33,362,522,576,0
2026-07-20 09:56:34,364,537,543,0
2026-07-20 09:56:35,361,534,564,0
2026-07-20 09:56:36,359,531,548,0
2026-07-20 09:56:37,360,527,549,0
2026-07-20 09:56:38,386,533,504,0
2026-07-20 09:56:39,363,539,521,0
2026-07-20 09:56:40,365,535,524,0
2026-07-20 09:56:41,362,540,501,0
2026-07-20 09:56:42,380,550,496,0
2026-07-20 09:56:43,373,543,468,0
2026-07-20 09:56:44,372,547,458,0
2026-07-20 09:56:45,398,513,440,0
2026-07-20 09:56:46,370,534,475,0
2026-07-20 09:56:47,397,526,518,0
2026-07-20 09:56:48,358,525,522,0
2026-07-20 09:56:49,341,518,524,0
2026-07-20 09:56:50,332,529,518,0
2026-07-20 09:56:51,345,531,545,0
2026-07-20 09:56:52,364,535,520,0
2026-07-20 09:56:53,367,535,540,0
2026-07-20 09:56:54,378,535,532,0
2026-07-20 09:56:55,355,533,528,0
2026-07-20 09:56:56,364,542,542,0
2026-07-20 09:56:57,389,542,572,0
2026-07-20 09:56:58,389,535,506,0
2026-07-20 09:56:59,354,527,506,0
2026-07-20 09:57:00,354,547,533,0
2026-07-20 09:57:01,359,538,505,0
2026-07-20 09:57:02,379,523,550,0
2026-07-20 09:57:03,390,529,577,0
2026-07-20 09:57:04,355,521,574,0
2026-07-20 09:57:05,346,540,569,0
2026-07-20 09:57:06,360,525,534,0
2026-07-20 09:57:07,357,532,533,0
2026-07-20 09:57:08,383,534,539,0
2026-07-20 09:57:09,374,542,536,0
2026-07-20 09:57:10,407,544,508,0
2026-07-20 09:57:11,386,550,523,0
2026-07-20 09:57:12,394,526,491,0
2026-07-20 09:57:13,379,531,472,0
2026-07-20 09:57:14,382,532,476,0
2026-07-20 09:57:15,376,539,456,0
2026-07-20 09:57:16,388,514,457,0
2026-07-20 09:57:17,387,523,490,0
2026-07-20 09:57:18,366,523,521,0
2026-07-20 09:57:19,372,525,526,0
2026-07-20 09:57:20,341,538,521,0
2026-07-20 09:57:21,352,530,518,0
2026-07-20 09:57:22,353,539,535,0
2026-07-20 09:57:23,354,546,566,0
2026-07-20 09:57:24,363,541,519,0
2026-07-20 09:57:25,398,525,521,0
2026-07-20 09:57:26,368,529,518,0
2026-07-20 09:57:27,381,527,540,0
2026-07-20 09:57:28,363,524,471,0
2026-07-20 09:57:29,364,531,512,0
2026-07-20 09:57:30,398,512,507,0
2026-07-20 09:57:31,367,539,491,0
2026-07-20 09:57:32,367,527,518,0
2026-07-20 09:57:33,360,526,555,0
2026-07-20 09:57:34,352,532,540,0
2026-07-20 09:57:35,349,517,559,0
2026-07-20 09:57:36,349,534,570,0
2026-07-20 09:57:37,337,523,540,0
2026-07-20 09:57:38,366,530,519,0
2026-07-20 09:57:39,382,526,546,0
2026-07-20 09:57:40,377,520,522,0
2026-07-20 09:57:41,360,542,527,0
2026-07-20 09:57:42,355,530,488,0
2026-07-20 09:57:43,405,523,458,0
2026-07-20 09:57:44,396,540,444,0
2026-07-20 09:57:45,374,534,475,0
2026-07-20 09:57:46,391,514,460,0
2026-07-20 09:57:47,375,534,474,0
2026-07-20 09:57:48,389,538,506,0
2026-07-20 09:57:49,384,524,532,0
2026-07-20 09:57:50,337,533,541,0
2026-07-20 09:57:51,344,529,530,0
2026-07-20 09:57:52,347,526,537,0
2026-07-20 09:57:53,352,544,527,0
2026-07-20 09:57:54,366,543,544,0
2026-07-20 09:57:55,365,536,529,0
2026-07-20 09:57:56,383,546,534,0
2026-07-20 09:57:57,398,529,566,0
2026-07-20 09:57:58,360,526,519,0
2026-07-20 09:57:59,375,543,521,0
2026-07-20 09:58:00,367,534,534,0
2026-07-20 09:58:01,363,539,509,0
2026-07-20 09:58:02,372,527,530,0
2026-07-20 09:58:03,353,536,517,0
2026-07-20 09:58:04,374,538,579,0
2026-07-20 09:58:05,364,526,604,0
2026-07-20 09:58:06,342,525,547,0
2026-07-20 09:58:07,353,520,579,0
2026-07-20 09:58:08,346,535,538,0
2026-07-20 09:58:09,356,532,545,0
2026-07-20 09:58:10,366,543,542,0
2026-07-20 09:58:11,382,534,513,0
2026-07-20 09:58:12,394,547,539,0
2026-07-20 09:58:13,413,543,513,0
2026-07-20 09:58:14,381,531,487,0
2026-07-20 09:58:15,374,547,475,0
2026-07-20 09:58:16,382,534,444,0
2026-07-20 09:58:17,375,547,458,0
2026-07-20 09:58:18,407,530,453,0
2026-07-20 09:58:19,383,525,485,0
2026-07-20 09:58:20,387,529,527,0
2026-07-20 09:58:21,343,521,512,0
2026-07-20 09:58:22,340,527,527,0
2026-07-20 09:58:23,346,527,527,0
2026-07-20 09:58:24,348,530,516,0
2026-07-20 09:58:25,356,527,513,0
2026-07-20 09:58:26,348,540,540,0
2026-07-20 09:58:27,369,523,533,0
2026-07-20 09:58:28,390,539,551,0
2026-07-20 09:58:29,382,529,539,0
2026-07-20 09:58:30,362,547,532,0
2026-07-20 09:58:31,362,525,483,0
2026-07-20 09:58:32,356,546,510,0
2026-07-20 09:58:33,389,536,489,0
2026-07-20 09:58:34,367,524,510,0
2026-07-20 09:58:35,362,527,505,0
2026-07-20 09:58:36,355,522,558,0
2026-07-20 09:58:37,370,522,568,0
