timestamp,sensor1,sensor2,sensor3,mqtt_state
2026-07-30 08:17:37,111,3050,3050,0
2026-07-30 08:17:38,110,3050,3050,0
2026-07-30 08:17:39,111,3050,3050,0
2026-07-30 08:17:40,111,3050,3050,0
2026-07-30 08:17:41,110,3050,3050,0
2026-07-30 08:17:42,111,3050,3050,0
2026-07-30 08:17:44,110,3050,3050,0
2026-07-30 08:17:44,111,3050,3050,0
2026-07-30 08:17:46,110,3050,3050,0
2026-07-30 08:17:46,110,3050,3050,0
2026-07-30 08:17:47,110,3050,3050,0
2026-07-30 08:17:49,111,3050,3050,0
2026-07-30 08:17:50,111,3050,3050,0
2026-07-30 08:17:51,111,3050,3050,0
2026-07-30 08:17:52,110,3050,3050,0
2026-07-30 08:17:53,109,3050,3050,0
2026-07-30 08:17:54,110,3050,3050,0
2026-07-30 08:17:55,111,3050,3050,0
2026-07-30 08:17:56,111,3050,3050,0
2026-07-30 08:17:57,110,3050,3050,0
2026-07-30 08:17:57,110,3050,3050,0
2026-07-30 08:17:58,110,3050,3050,0
2026-07-30 08:17:59,110,3050,3050,0
2026-07-30 08:18:00,111,3050,3050,0
2026-07-30 08:18:02,111,3050,3050,0
2026-07-30 08:18:02,112,3050,3050,0
2026-07-30 08:18:03,111,3050,3050,0
2026-07-30 08:18:04,111,3050,3050,0
2026-07-30 08:18:05,110,3050,3050,0
2026-07-30 08:18:06,111,3050,3050,0
2026-07-30 08:18:07,111,3050,3050,0
2026-07-30 08:18:08,110,3050,3050,0
2026-07-30 08:18:09,110,3050,3050,0
2026-07-30 08:18:11,110,3050,3050,0
2026-07-30 08:18:11,110,3050,3050,0
2026-07-30 08:18:13,110,3050,3050,0
2026-07-30 08:18:13,110,3050,3050,0
2026-07-30 08:18:14,110,3050,3050,0
2026-07-30 08:18:15,111,3050,3050,0
2026-07-30 08:18:17,111,3050,3050,0
2026-07-30 08:18:17,110,3050,3050,0
2026-07-30 08:18:18,110,3050,3050,0
2026-07-30 08:18:19,110,3050,3050,0
2026-07-30 08:18:20,110,3050,3050,0
2026-07-30 08:18:21,110,3050,3050,0
2026-07-30 08:18:22,110,3050,3050,0
2026-07-30 08:18:23,110,3050,3050,0
2026-07-30 08:18:24,110,3050,3050,0
2026-07-30 08:18:25,110,3050,3050,0
2026-07-30 08:18:26,111,3050,3050,0
2026-07-30 08:18:27,111,3050,3050,0
2026-07-30 08:18:28,110,3050,3050,0
2026-07-30 08:18:29,111,3050,3050,0
2026-07-30 08:18:30,111,3050,3050,0
2026-07-30 08:18:31,110,3050,3050,0
2026-07-30 08:18:32,110,3050,3050,0
2026-07-30 08:18:33,111,3050,3050,0
2026-07-30 08:18:34,111,3050,3050,0
2026-07-30 08:18:35,110,3050,3050,0
2026-07-30 08:18:36,111,3050,3050,0
2026-07-30 08:18:37,110,3050,3050,0
2026-07-30 08:18:39,111,3050,3050,0
2026-07-30 08:18:39,111,3050,3050,0
2026-07-30 08:18:40,110,3050,3050,0
2026-07-30 08:18:41,111,3050,3050,0
2026-07-30 08:18:42,110,3050,3050,0
2026-07-30 08:18:43,112,3050,3050,0
2026-07-30 08:18:44,110,3050,3050,0
2026-07-30 08:18:45,111,3050,3050,0
2026-07-30 08:18:46,111,3050,3050,0
2026-07-30 08:18:48,111,3050,3050,0
2026-07-30 08:18:49,111,3050,3050,0
2026-07-30 08:18:49,110,3050,3050,0
2026-07-30 08:18:51,110,3050,3050,0
2026-07-30 08:18:51,110,3050,3050,0
2026-07-30 08:18:53,111,3050,3050,0
2026-07-30 08:18:53,110,3050,3050,0
2026-07-30 08:18:54,111,3050,3050,0
2026-07-30 08:18:55,110,3050,3050,0
2026-07-30 08:18:56,110,3050,3050,0
2026-07-30 08:18:57,110,3050,3050,0
2026-07-30 08:18:58,110,3050,3050,0
2026-07-30 08:18:59,111,3050,3050,0
2026-07-30 08:19:00,110,3050,3050,0
2026-07-30 08:19:01,110,3050,3050,0
2026-07-30 08:19:02,111,3050,3050,0
2026-07-30 08:19:03,110,3050,3050,0
2026-07-30 08:19:04,111,3050,3050,0
2026-07-30 08:19:05,111,3050,3050,0
2026-07-30 08:19:06,111,3050,3050,0
2026-07-30 08:19:07,111,3050,3050,0
2026-07-30 08:19:08,110,3050,3050,0
2026-07-30 08:19:09,111,3050,3050,0
2026-07-30 08:19:10,110,3050,3050,0
2026-07-30 08:19:11,111,3050,3050,0
2026-07-30 08:19:12,110,3050,3050,0
2026-07-30 08:19:13,111,3050,3050,0
2026-07-30 08:19:14,110,3050,3050,0
2026-07-30 08:19:15,110,3050,3050,0
2026-07-30 08:19:16,111,3050,3050,0
2026-07-30 08:19:17,111,3050,3050,0
2026-07-30 08:19:18,111,3050,3050,0
2026-07-30 08:19:19,110,3050,3050,0
2026-07-30 08:19:20,110,3050,3050,0
2026-07-30 08:19:21,111,3050,3050,0
2026-07-30 08:19:22,110,3050,3050,0
2026-07-30 08:19:23,111,3050,3050,0
2026-07-30 08:19:24,110,3050,3050,0
2026-07-30 08:19:25,110,3050,3050,0
2026-07-30 08:19:26,110,3050,3050,0
2026-07-30 08:19:27,111,3050,3050,0
2026-07-30 08:19:28,110,3050,3050,0
2026-07-30 08:19:29,111,3050,3050,0
2026-07-30 08:19:30,111,3050,3050,0
2026-07-30 08:19:31,110,3050,3050,0
2026-07-30 08:19:32,110,3050,3050,0
2026-07-30 08:19:33,111,3050,3050,0
2026-07-30 08:19:34,110,3050,3050,0
2026-07-30 08:19:35,110,3050,3050,0
2026-07-30 08:19:36,110,3050,3050,0
2026-07-30 08:19:37,111,3050,3050,0
2026-07-30 08:19:38,110,3050,3050,0
2026-07-30 08:19:39,110,3050,3050,0
2026-07-30 08:19:40,110,3050,3050,0
2026-07-30 08:19:41,110,3050,3050,0
2026-07-30 08:19:42,111,3050,3050,0
2026-07-30 08:19:43,110,3050,3050,0
2026-07-30 08:19:44,110,3050,3050,0
2026-07-30 08:19:45,111,3050,3050,0
2026-07-30 08:19:46,110,3050,3050,0
2026-07-30 08:19:47,111,3050,3050,0
2026-07-30 08:19:48,110,3050,3050,0
2026-07-30 08:19:49,110,3050,3050,0
2026-07-30 08:19:50,111,3050,3050,0
2026-07-30 08:19:51,110,3050,3050,0
2026-07-30 08:19:52,110,3050,3050,0
2026-07-30 08:19:53,110,3050,3050,0
2026-07-30 08:19:54,111,3050,3050,0
2026-07-30 08:19:55,110,3050,3050,0
2026-07-30 08:19:56,111,3050,3050,0
2026-07-30 08:19:57,110,3050,3050,0
2026-07-30 08:19:58,110,3050,3050,0
2026-07-30 08:19:59,110,3050,3050,0
2026-07-30 08:20:00,111,3050,3050,0
2026-07-30 08:20:01,110,3050,3050,0
2026-07-30 08:20:02,110,3050,3050,0
2026-07-30 08:20:03,111,3050,3050,0
2026-07-30 08:20:04,111,3050,3050,0
2026-07-30 08:20:05,111,3050,3050,0
2026-07-30 08:20:06,111,3050,3050,0
2026-07-30 08:20:07,110,3050,3050,0
2026-07-30 08:20:08,110,3050,3050,0
2026-07-30 08:20:09,110,3050,3050,0
2026-07-30 08:20:10,110,3050,3050,0
2026-07-30 08:20:11,110,3050,3050,0
2026-07-30 08:20:12,110,3050,3050,0
2026-07-30 08:20:13,111,3050,3050,0
2026-07-30 08:20:14,110,3050,3050,0
2026-07-30 08:20:15,111,3050,3050,0
2026-07-30 08:20:16,111,3050,3050,0
2026-07-30 08:20:17,110,3050,3050,0
2026-07-30 08:20:18,110,3050,3050,0
2026-07-30 08:20:19,112,3050,3050,0
2026-07-30 08:20:20,110,3050,3050,0
2026-07-30 08:20:21,112,3050,3050,0
2026-07-30 08:20:22,110,3050,3050,0
2026-07-30 08:20:23,111,3050,3050,0
2026-07-30 08:20:24,111,3050,3050,0
2026-07-30 08:20:25,110,3050,3050,0
2026-07-30 08:20:26,110,3050,3050,0
2026-07-30 08:20:27,110,3050,3050,0
2026-07-30 08:20:28,110,3050,3050,0
2026-07-30 08:20:29,110,3050,3050,0
2026-07-30 08:20:30,111,3050,3050,0
2026-07-30 08:20:31,110,3050,3050,0
2026-07-30 08:20:32,111,3050,3050,0
2026-07-30 08:20:33,111,3050,3050,0
2026-07-30 08:20:34,111,3050,3050,0
2026-07-30 08:20:35,111,3050,3050,0
2026-07-30 08:20:36,111,3050,3050,0
2026-07-30 08:20:37,111,3050,3050,0
2026-07-30 08:20:38,110,3050,3050,0
2026-07-30 08:20:39,111,3050,3050,0
2026-07-30 08:20:40,111,3050,3050,0
2026-07-30 08:20:41,111,3050,3050,0
2026-07-30 08:20:42,111,3050,3050,0
2026-07-30 08:20:43,111,3050,3050,0
2026-07-30 08:20:44,111,3050,3050,0
2026-07-30 08:20:45,111,3050,3050,0
2026-07-30 08:20:46,110,3050,3050,0
2026-07-30 08:20:47,111,3050,3050,0
2026-07-30 08:20:48,111,3050,3050,0
2026-07-30 08:20:49,110,3050,3050,0
2026-07-30 08:20:50,110,3050,3050,0
2026-07-30 08:20:51,111,3050,3050,0
2026-07-30 08:20:52,111,3050,3050,0
2026-07-30 08:20:53,111,3050,3050,0
2026-07-30 08:20:54,111,3050,3050,0
2026-07-30 08:20:55,112,3050,3050,0
2026-07-30 08:20:56,111,3050,3050,0
2026-07-30 08:20:57,111,3050,3050,0
2026-07-30 08:20:58,112,3050,3050,0
2026-07-30 08:20:59,110,3050,3050,0
2026-07-30 08:21:00,111,3050,3050,0
2026-07-30 08:21:01,111,3050,3050,0
2026-07-30 08:21:02,111,3050,3050,0
2026-07-30 08:21:03,110,3050,3050,0
2026-07-30 08:21:04,110,3050,3050,0
2026-07-30 08:21:05,111,3050,3050,0
2026-07-30 08:21:06,111,3050,3050,0
2026-07-30 08:21:07,111,3050,3050,0
2026-07-30 08:21:08,110,3050,3050,0
2026-07-30 08:21:09,112,3050,3050,0
2026-07-30 08:21:10,111,3050,3050,0
2026-07-30 08:21:11,111,3050,3050,0
2026-07-30 08:21:12,110,3050,3050,0
2026-07-30 08:21:13,111,3050,3050,0
2026-07-30 08:21:14,111,3050,3050,0
2026-07-30 08:21:15,111,3050,3050,0
2026-07-30 08:21:16,111,3050,3050,0
2026-07-30 08:21:17,110,3050,3050,0
2026-07-30 08:21:18,110,3050,3050,0
2026-07-30 08:21:19,111,3050,3050,0
2026-07-30 08:21:20,110,3050,3050,0
2026-07-30 08:21:21,110,3050,3050,0
2026-07-30 08:21:22,110,3050,3050,0
2026-07-30 08:21:23,111,3050,3050,0
2026-07-30 08:21:24,111,3050,3050,0
2026-07-30 08:21:25,112,3050,3050,0
2026-07-30 08:21:26,111,3050,3050,0
2026-07-30 08:21:27,111,3050,3050,0
2026-07-30 08:21:28,110,3050,3050,0
2026-07-30 08:21:29,111,3050,3050,0
2026-07-30 08:21:30,111,3050,3050,0
2026-07-30 08:21:31,111,3050,3050,0
2026-07-30 08:21:32,111,3050,3050,0
2026-07-30 08:21:33,110,3050,3050,0
2026-07-30 08:21:35,111,3050,3050,0
2026-07-30 08:21:35,111,3050,3050,0
2026-07-30 08:21:36,111,3050,3050,0
2026-07-30 08:21:37,111,3050,3050,0
2026-07-30 08:21:38,111,3050,3050,0
2026-07-30 08:21:39,111,3050,3050,0
2026-07-30 08:21:40,111,3050,3050,0
2026-07-30 08:21:41,111,3050,3050,0
2026-07-30 08:21:42,110,3050,3050,0
2026-07-30 08:21:43,111,3050,3050,0
2026-07-30 08:21:44,111,3050,3050,0
2026-07-30 08:21:45,111,3050,3050,0
2026-07-30 08:21:46,111,3050,3050,0
2026-07-30 08:21:47,110,3050,3050,0
2026-07-30 08:21:48,111,3050,3050,0
2026-07-30 08:21:49,110,3050,3050,0
2026-07-30 08:21:50,111,3050,3050,0
2026-07-30 08:21:51,110,3050,3050,0
2026-07-30 08:21:52,110,3050,3050,0
2026-07-30 08:21:53,110,3050,3050,0
2026-07-30 08:21:54,110,3050,3050,0
2026-07-30 08:21:55,110,3050,3050,0
2026-07-30 08:21:56,111,3050,3050,0
2026-07-30 08:21:57,110,3050,3050,0
2026-07-30 08:21:58,110,3050,3050,0
2026-07-30 08:21:59,109,3050,3050,0
2026-07-30 08:22:00,110,3050,3050,0
2026-07-30 08:22:01,111,3050,3050,0
2026-07-30 08:22:02,110,3050,3050,0
2026-07-30 08:22:03,110,3050,3050,0
2026-07-30 08:22:04,110,3050,3050,0
2026-07-30 08:22:05,110,3050,3050,0
2026-07-30 08:22:06,111,3050,3050,0
2026-07-30 08:22:07,110,3050,3050,0
2026-07-30 08:22:08,111,3050,3050,0
2026-07-30 08:22:09,111,3050,3050,0
2026-07-30 08:22:10,110,3050,3050,0
2026-07-30 08:22:11,111,3050,3050,0
2026-07-30 08:22:12,110,3050,3050,0
2026-07-30 08:22:13,110,3050,3050,0
2026-07-30 08:22:14,111,3050,3050,0
2026-07-30 08:22:15,110,3050,3050,0
2026-07-30 08:22:16,110,3050,3050,0
2026-07-30 08:22:17,110,3050,3050,0
2026-07-30 08:22:18,111,3050,3050,0
2026-07-30 08:22:19,110,3050,3050,0
2026-07-30 08:22:21,110,3050,3050,0
2026-07-30 08:22:21,110,3050,3050,0
2026-07-30 08:22:22,111,3050,3050,0
2026-07-30 08:22:23,110,3050,3050,0
2026-07-30 08:22:24,110,3050,3050,0
2026-07-30 08:22:25,111,3050,3050,0
2026-07-30 08:22:26,111,3050,3050,0
2026-07-30 08:22:27,110,3050,3050,0
2026-07-30 08:22:28,110,3050,3050,0
2026-07-30 08:22:29,110,3050,3050,0
2026-07-30 08:22:30,110,3050,3050,0
2026-07-30 08:22:31,111,3050,3050,0
2026-07-30 08:22:32,110,3050,3050,0
2026-07-30 08:22:33,110,3050,3050,0
2026-07-30 08:22:34,110,3050,3050,0
2026-07-30 08:22:35,110,3050,3050,0
2026-07-30 08:22:36,110,3050,3050,0
2026-07-30 08:22:37,109,3050,3050,0
2026-07-30 08:22:38,111,3050,3050,0
2026-07-30 08:22:39,111,3050,3050,0
2026-07-30 08:22:40,111,3050,3050,0
2026-07-30 08:22:41,110,3050,3050,0
2026-07-30 08:22:42,110,3050,3050,0
2026-07-30 08:22:43,110,3050,3050,0
2026-07-30 08:22:44,110,3050,3050,0
2026-07-30 08:22:45,110,3050,3050,0
2026-07-30 08:22:46,110,3050,3050,0
2026-07-30 08:22:47,111,3050,3050,0
2026-07-30 08:22:48,110,3050,3050,0
2026-07-30 08:22:49,110,3050,3050,0
2026-07-30 08:22:50,110,3050,3050,0
2026-07-30 08:22:51,110,3050,3050,0
2026-07-30 08:22:52,111,3050,3050,0
2026-07-30 08:22:53,110,3050,3050,0
2026-07-30 08:22:54,111,3050,3050,0
2026-07-30 08:22:55,110,3050,3050,0
2026-07-30 08:22:56,108,3050,3050,0
2026-07-30 08:22:57,110,3050,3050,0
2026-07-30 08:22:58,110,3050,3050,0
2026-07-30 08:22:59,111,3050,3050,0
2026-07-30 08:23:00,109,3050,3050,0
2026-07-30 08:23:01,109,3050,3050,0
2026-07-30 08:23:02,110,3050,3050,0
2026-07-30 08:23:03,109,3050,3050,0
2026-07-30 08:23:04,110,3050,3050,0
2026-07-30 08:23:05,110,3050,3050,0
2026-07-30 08:23:06,110,3050,3050,0
2026-07-30 08:23:07,110,3050,3050,0
2026-07-30 08:23:08,110,3050,3050,0
2026-07-30 08:23:09,110,3050,3050,0
2026-07-30 08:23:10,110,3050,3050,0
2026-07-30 08:23:11,110,3050,3050,0
2026-07-30 08:23:12,111,3050,3050,0
2026-07-30 08:23:13,110,3050,3050,0
2026-07-30 08:23:14,109,3050,3050,0
2026-07-30 08:23:15,111,3050,3050,0
2026-07-30 08:23:16,110,3050,3050,0
2026-07-30 08:23:17,110,3050,3050,0
2026-07-30 08:23:18,110,3050,3050,0
2026-07-30 08:23:19,109,3050,3050,0
2026-07-30 08:23:20,111,3050,3050,0
2026-07-30 08:23:22,110,3050,3050,0
2026-07-30 08:23:22,111,3050,3050,0
2026-07-30 08:23:23,110,3050,3050,0
2026-07-30 08:23:24,110,3050,3050,0
2026-07-30 08:23:25,111,3050,3050,0
2026-07-30 08:23:26,110,3050,3050,0
2026-07-30 08:23:27,110,3050,3050,0
2026-07-30 08:23:28,110,3050,3050,0
2026-07-30 08:23:29,111,3050,3050,0
2026-07-30 08:23:30,109,3050,3050,0
2026-07-30 08:23:31,109,3050,3050,0
2026-07-30 08:23:32,110,3050,3050,0
2026-07-30 08:23:33,111,3050,3050,0
2026-07-30 08:23:34,110,3050,3050,0
2026-07-30 08:23:35,110,3050,3050,0
2026-07-30 08:23:36,110,3050,3050,0
2026-07-30 08:23:37,110,3050,3050,0
2026-07-30 08:23:38,110,3050,3050,0
2026-07-30 08:23:39,111,3050,3050,0
2026-07-30 08:23:40,111,3050,3050,0
2026-07-30 08:23:41,110,3050,3050,0
2026-07-30 08:23:42,110,3050,3050,0
2026-07-30 08:23:43,110,3050,3050,0
2026-07-30 08:23:44,110,3050,3050,0
2026-07-30 08:23:45,110,3050,3050,0
2026-07-30 08:23:46,109,3050,3050,0
2026-07-30 08:23:47,110,3050,3050,0
2026-07-30 08:23:48,110,3050,3050,0
2026-07-30 08:23:49,109,3050,3050,0
2026-07-30 08:23:50,110,3050,3050,0
2026-07-30 08:23:51,110,3050,3050,0
2026-07-30 08:23:52,110,3050,3050,0
2026-07-30 08:23:53,111,3050,3050,0
2026-07-30 08:23:54,110,3050,3050,0
2026-07-30 08:23:55,109,3050,3050,0
2026-07-30 08:23:56,110,3050,3050,0
2026-07-30 08:23:57,110,3050,3050,0
2026-07-30 08:23:58,110,3050,3050,0
2026-07-30 08:23:59,110,3050,3050,0
2026-07-30 08:24:00,110,3050,3050,0
2026-07-30 08:24:01,110,3050,3050,0
2026-07-30 08:24:02,111,3050,3050,0
2026-07-30 08:24:03,109,3050,3050,0
2026-07-30 08:24:04,110,3050,3050,0
2026-07-30 08:24:05,110,3050,3050,0
2026-07-30 08:24:06,109,3050,3050,0
2026-07-30 08:24:07,110,3050,3050,0
2026-07-30 08:24:08,109,3050,3050,0
2026-07-30 08:24:09,110,3050,3050,0
2026-07-30 08:24:10,110,3050,3050,0
2026-07-30 08:24:11,110,3050,3050,0
2026-07-30 08:24:12,110,3050,3050,0
2026-07-30 08:24:13,110,3050,3050,0
2026-07-30 08:24:14,110,3050,3050,0
2026-07-30 08:24:15,109,3050,3050,0
2026-07-30 08:24:16,109,3050,3050,0
2026-07-30 08:24:17,109,3050,3050,0
2026-07-30 08:24:18,110,3050,3050,0
2026-07-30 08:24:19,109,3050,3050,0
2026-07-30 08:24:20,110,3050,3050,0
2026-07-30 08:24:21,110,3050,3050,0
2026-07-30 08:24:22,110,3050,3050,0
2026-07-30 08:24:23,110,3050,3050,0
2026-07-30 08:24:24,110,3050,3050,0
2026-07-30 08:24:25,110,3050,3050,0
2026-07-30 08:24:26,110,3050,3050,0
2026-07-30 08:24:27,109,3050,3050,0
2026-07-30 08:24:28,111,3050,3050,0
2026-07-30 08:24:29,110,3050,3050,0
2026-07-30 08:24:30,110,3050,3050,0
2026-07-30 08:24:31,110,3050,3050,0
2026-07-30 08:24:32,110,3050,3050,0
2026-07-30 08:24:33,110,3050,3050,0
2026-07-30 08:24:34,110,3050,3050,0
2026-07-30 08:24:35,110,3050,3050,0
2026-07-30 08:24:36,109,3050,3050,0
2026-07-30 08:24:37,110,3050,3050,0
2026-07-30 08:24:38,111,3050,3050,0
2026-07-30 08:24:39,110,3050,3050,0
2026-07-30 08:24:40,111,3050,3050,0
2026-07-30 08:24:41,110,3050,3050,0
2026-07-30 08:24:42,110,3050,3050,0
2026-07-30 08:24:43,110,3050,3050,0
2026-07-30 08:24:44,109,3050,3050,0
2026-07-30 08:24:45,110,3050,3050,0
2026-07-30 08:24:46,109,3050,3050,0
2026-07-30 08:24:47,109,3050,3050,0
2026-07-30 08:24:48,109,3050,3050,0
2026-07-30 08:24:49,109,3050,3050,0
2026-07-30 08:24:50,109,3050,3050,0
2026-07-30 08:24:51,110,3050,3050,0
2026-07-30 08:24:52,109,3050,3050,0
2026-07-30 08:24:53,110,3050,3050,0
2026-07-30 08:24:54,110,3050,3050,0
2026-07-30 08:24:55,110,3050,3050,0
2026-07-30 08:24:56,110,3050,3050,0
2026-07-30 08:24:57,110,3050,3050,0
2026-07-30 08:24:58,109,3050,3050,0
2026-07-30 08:24:59,110,3050,3050,0
2026-07-30 08:25:00,109,3050,3050,0
2026-07-30 08:25:01,111,3050,3050,0
2026-07-30 08:25:02,111,3050,3050,0
2026-07-30 08:25:03,109,3050,3050,0
2026-07-30 08:25:04,110,3050,3050,0
2026-07-30 08:25:05,110,3050,3050,0
2026-07-30 08:25:06,110,3050,3050,0
2026-07-30 08:25:07,110,3050,3050,0
2026-07-30 08:25:08,110,3050,3050,0
2026-07-30 08:25:09,110,3050,3050,0
2026-07-30 08:25:10,109,3050,3050,0
2026-07-30 08:25:11,109,3050,3050,0
2026-07-30 08:25:12,110,3050,3050,0
2026-07-30 08:25:13,110,3050,3050,0
2026-07-30 08:25:14,110,3050,3050,0
2026-07-30 08:25:15,109,3050,3050,0
2026-07-30 08:25:16,110,3050,3050,0
2026-07-30 08:25:17,110,3050,3050,0
2026-07-30 08:25:18,110,3050,3050,0
2026-07-30 08:25:19,110,3050,3050,0
2026-07-30 08:25:20,110,3050,3050,0
2026-07-30 08:25:21,109,3050,3050,0
2026-07-30 08:25:22,109,3050,3050,0
2026-07-30 08:25:23,109,3050,3050,0
2026-07-30 08:25:24,110,3050,3050,0
2026-07-30 08:25:25,109,3050,3050,0
2026-07-30 08:25:26,110,3050,3050,0
2026-07-30 08:25:27,110,3050,3050,0
2026-07-30 08:25:28,110,3050,3050,0
2026-07-30 08:25:29,110,3050,3050,0
2026-07-30 08:25:30,110,3050,3050,0
2026-07-30 08:25:31,110,3050,3050,0
2026-07-30 08:25:32,109,3050,3050,0
2026-07-30 08:25:33,110,3050,3050,0
2026-07-30 08:25:34,109,3050,3050,0
2026-07-30 08:25:35,109,3050,3050,0
2026-07-30 08:25:36,110,3050,3050,0
2026-07-30 08:25:37,110,3050,3050,0
2026-07-30 08:25:38,110,3050,3050,0
2026-07-30 08:25:39,109,3050,3050,0
2026-07-30 08:25:40,110,3050,3050,0
2026-07-30 08:25:41,110,3050,3050,0
2026-07-30 08:25:43,110,3050,3050,0
2026-07-30 08:25:43,110,3050,3050,0
2026-07-30 08:25:44,110,3050,3050,0
2026-07-30 08:25:45,110,3050,3050,0
2026-07-30 08:25:46,109,3050,3050,0
2026-07-30 08:25:47,110,3050,3050,0
2026-07-30 08:25:48,109,3050,3050,0
2026-07-30 08:25:49,109,3050,3050,0
2026-07-30 08:25:50,110,3050,3050,0
2026-07-30 08:25:51,110,3050,3050,0
2026-07-30 08:25:52,111,3050,3050,0
2026-07-30 08:25:53,109,3050,3050,0
2026-07-30 08:25:54,111,3050,3050,0
2026-07-30 08:25:55,111,3050,3050,0
2026-07-30 08:25:56,110,3050,3050,0
2026-07-30 08:25:57,110,3050,3050,0
2026-07-30 08:25:58,110,3050,3050,0
2026-07-30 08:25:59,110,3050,3050,0
2026-07-30 08:26:00,109,3050,3050,0
2026-07-30 08:26:01,109,3050,3050,0
2026-07-30 08:26:02,110,3050,3050,0
2026-07-30 08:26:03,109,3050,3050,0
2026-07-30 08:26:04,109,3050,3050,0
2026-07-30 08:26:05,110,3050,3050,0
2026-07-30 08:26:06,110,3050,3050,0
2026-07-30 08:26:07,110,3050,3050,0
2026-07-30 08:26:09,110,3050,3050,0
2026-07-30 08:26:09,110,3050,3050,0
2026-07-30 08:26:10,111,3050,3050,0
2026-07-30 08:26:11,110,3050,3050,0
2026-07-30 08:26:12,111,3050,3050,0
2026-07-30 08:26:13,111,3050,3050,0
2026-07-30 08:26:14,111,3050,3050,0
2026-07-30 08:26:15,109,3050,3050,0
2026-07-30 08:26:16,110,3050,3050,0
2026-07-30 08:26:17,109,3050,3050,0
2026-07-30 08:26:18,109,3050,3050,0
2026-07-30 08:26:19,110,3050,3050,0
2026-07-30 08:26:20,110,3050,3050,0
2026-07-30 08:26:21,109,3050,3050,0
2026-07-30 08:26:22,110,3050,3050,0
2026-07-30 08:26:23,111,3050,3050,0
2026-07-30 08:26:24,110,3050,3050,0
2026-07-30 08:26:25,110,3050,3050,0
2026-07-30 08:26:26,109,3050,3050,0
2026-07-30 08:26:27,110,3050,3050,0
2026-07-30 08:26:28,110,3050,3050,0
2026-07-30 08:26:29,110,3050,3050,0
2026-07-30 08:26:30,109,3050,3050,0
2026-07-30 08:26:31,110,3050,3050,0
2026-07-30 08:26:32,111,3050,3050,0
2026-07-30 08:26:33,110,3050,3050,0
2026-07-30 08:26:34,110,3050,3050,0
2026-07-30 08:26:35,110,3050,3050,0
2026-07-30 08:26:36,111,3050,3050,0
2026-07-30 08:26:37,111,3050,3050,0
2026-07-30 08:26:38,110,3050,3050,0
2026-07-30 08:26:39,110,3050,3050,0
2026-07-30 08:26:40,110,3050,3050,0
2026-07-30 08:26:41,110,3050,3050,0
2026-07-30 08:26:42,110,3050,3050,0
2026-07-30 08:26:43,110,3050,3050,0
2026-07-30 08:26:44,110,3050,3050,0
2026-07-30 08:26:45,110,3050,3050,0
2026-07-30 08:26:46,110,3050,3050,0
2026-07-30 08:26:47,110,3050,3050,0
2026-07-30 08:26:48,110,3050,3050,0
2026-07-30 08:26:49,111,3050,3050,0
2026-07-30 08:26:50,110,3050,3050,0
2026-07-30 08:26:51,110,3050,3050,0
2026-07-30 08:26:52,111,3050,3050,0
2026-07-30 08:26:53,110,3050,3050,0
2026-07-30 08:26:54,111,3050,3050,0
2026-07-30 08:26:55,110,3050,3050,0
2026-07-30 08:26:56,110,3050,3050,0
2026-07-30 08:26:57,110,3050,3050,0
2026-07-30 08:26:58,111,3050,3050,0
2026-07-30 08:26:59,110,3050,3050,0
2026-07-30 08:27:00,110,3050,3050,0
2026-07-30 08:27:01,110,3050,3050,0
2026-07-30 08:27:02,110,3050,3050,0
2026-07-30 08:27:03,110,3050,3050,0
2026-07-30 08:27:04,110,3050,3050,0
2026-07-30 08:27:05,110,3050,3050,0
2026-07-30 08:27:06,111,3050,3050,0
2026-07-30 08:27:07,110,3050,3050,0
2026-07-30 08:27:08,110,3050,3050,0
2026-07-30 08:27:09,109,3050,3050,0
2026-07-30 08:27:10,110,3050,3050,0
2026-07-30 08:27:11,110,3050,3050,0
2026-07-30 08:27:12,110,3050,3050,0
2026-07-30 08:27:13,111,3050,3050,0
2026-07-30 08:27:14,110,3050,3050,0
2026-07-30 08:27:15,109,3050,3050,0
2026-07-30 08:27:16,110,3050,3050,0
2026-07-30 08:27:17,110,3050,3050,0
2026-07-30 08:27:18,109,3050,3050,0
2026-07-30 08:27:19,111,3050,3050,0
2026-07-30 08:27:20,110,3050,3050,0
2026-07-30 08:27:21,110,3050,3050,0
2026-07-30 08:27:22,110,3050,3050,0
2026-07-30 08:27:23,110,3050,3050,0
2026-07-30 08:27:24,110,3050,3050,0
2026-07-30 08:27:25,109,3050,3050,0
2026-07-30 08:27:26,110,3050,3050,0
2026-07-30 08:27:27,111,3050,3050,0
2026-07-30 08:27:28,110,3050,3050,0
2026-07-30 08:27:29,110,3050,3050,0
2026-07-30 08:27:30,110,3050,3050,0
2026-07-30 08:27:31,111,3050,3050,0
2026-07-30 08:27:32,111,3050,3050,0
2026-07-30 08:27:33,111,3050,3050,0
2026-07-30 08:27:34,110,3050,3050,0
2026-07-30 08:27:35,110,3050,3050,0
2026-07-30 08:27:36,111,3050,3050,0
2026-07-30 08:27:37,111,3050,3050,0
2026-07-30 08:27:38,110,3050,3050,0
2026-07-30 08:27:39,110,3050,3050,0
2026-07-30 08:27:40,111,3050,3050,0
2026-07-30 08:27:41,111,3050,3050,0
2026-07-30 08:27:42,110,3050,3050,0
2026-07-30 08:27:43,110,3050,3050,0
2026-07-30 08:27:44,110,3050,3050,0
2026-07-30 08:27:45,110,3050,3050,0
2026-07-30 08:27:46,110,3050,3050,0
2026-07-30 08:27:47,110,3050,3050,0
2026-07-30 08:27:48,111,3050,3050,0
2026-07-30 08:27:49,110,3050,3050,0
2026-07-30 08:27:50,111,3050,3050,0
2026-07-30 08:27:51,111,3050,3050,0
2026-07-30 08:27:52,111,3050,3050,0
2026-07-30 08:27:53,110,3050,3050,0
2026-07-30 08:27:54,111,3050,3050,0
2026-07-30 08:27:55,111,3050,3050,0
2026-07-30 08:27:56,111,3050,3050,0
2026-07-30 08:27:57,111,3050,3050,0
2026-07-30 08:27:58,111,3050,3050,0
2026-07-30 08:27:59,109,3050,3050,0
2026-07-30 08:28:00,111,3050,3050,0
2026-07-30 08:28:01,110,3050,3050,0
2026-07-30 08:28:02,110,3050,3050,0
2026-07-30 08:28:03,111,3050,3050,0
2026-07-30 08:28:04,111,3050,3050,0
2026-07-30 08:28:05,110,3050,3050,0
2026-07-30 08:28:06,110,3050,3050,0
2026-07-30 08:28:07,110,3050,3050,0
2026-07-30 08:28:08,111,3050,3050,0
2026-07-30 08:28:09,110,3050,3050,0
2026-07-30 08:28:10,109,3050,3050,0
2026-07-30 08:28:11,110,3050,3050,0
2026-07-30 08:28:12,110,3050,3050,0
2026-07-30 08:28:13,111,3050,3050,0
2026-07-30 08:28:14,111,3050,3050,0
2026-07-30 08:28:15,111,3050,3050,0
2026-07-30 08:28:16,110,3050,3050,0
2026-07-30 08:28:17,111,3050,3050,0
2026-07-30 08:28:18,111,3050,3050,0
2026-07-30 08:28:19,110,3050,3050,0
2026-07-30 08:28:20,110,3050,3050,0
2026-07-30 08:28:21,110,3050,3050,0
2026-07-30 08:28:22,110,3050,3050,0
2026-07-30 08:28:23,111,3050,3050,0
2026-07-30 08:28:24,110,3050,3050,0
2026-07-30 08:28:25,110,3050,3050,0
2026-07-30 08:28:26,110,3050,3050,0
2026-07-30 08:28:27,111,3050,3050,0
2026-07-30 08:28:28,111,3050,3050,0
2026-07-30 08:28:29,110,3050,3050,0
2026-07-30 08:28:30,110,3050,3050,0
2026-07-30 08:28:31,112,3050,3050,0
2026-07-30 08:28:32,110,3050,3050,0
2026-07-30 08:28:33,110,3050,3050,0
2026-07-30 08:28:34,110,3050,3050,0
2026-07-30 08:28:35,110,3050,3050,0
2026-07-30 08:28:36,111,3050,3050,0
2026-07-30 08:28:37,109,3050,3050,0
2026-07-30 08:28:38,110,3050,3050,0
2026-07-30 08:28:39,110,3050,3050,0
2026-07-30 08:28:40,111,3050,3050,0
2026-07-30 08:28:41,110,3050,3050,0
2026-07-30 08:28:42,110,3050,3050,0
2026-07-30 08:28:43,110,3050,3050,0
2026-07-30 08:28:44,110,3050,3050,0
2026-07-30 08:28:45,111,3050,3050,0
2026-07-30 08:28:46,110,3050,3050,0
2026-07-30 08:28:47,111,3050,3050,0
2026-07-30 08:28:48,111,3050,3050,0
2026-07-30 08:28:49,111,3050,3050,0
2026-07-30 08:28:50,111,3050,3050,0
2026-07-30 08:28:51,110,3050,3050,0
2026-07-30 08:28:52,110,3050,3050,0
2026-07-30 08:28:53,110,3050,3050,0
2026-07-30 08:28:54,110,3050,3050,0
2026-07-30 08:28:55,110,3050,3050,0
2026-07-30 08:28:56,111,3050,3050,0
2026-07-30 08:28:57,110,3050,3050,0
2026-07-30 08:28:58,111,3050,3050,0
2026-07-30 08:28:59,109,3050,3050,0
2026-07-30 08:29:00,110,3050,3050,0
2026-07-30 08:29:01,110,3050,3050,0
2026-07-30 08:29:02,110,3050,3050,0
2026-07-30 08:29:03,110,3050,3050,0
2026-07-30 08:29:04,111,3050,3050,0
2026-07-30 08:29:05,109,3050,3050,0
2026-07-30 08:29:06,110,3050,3050,0
2026-07-30 08:29:07,109,3050,3050,0
2026-07-30 08:29:08,109,3050,3050,0
2026-07-30 08:29:09,110,3050,3050,0
2026-07-30 08:29:10,110,3050,3050,0
2026-07-30 08:29:11,111,3050,3050,0
2026-07-30 08:29:12,109,3050,3050,0
2026-07-30 08:29:13,110,3050,3050,0
2026-07-30 08:29:14,111,3050,3050,0
2026-07-30 08:29:15,110,3050,3050,0
2026-07-30 08:29:16,111,3050,3050,0
2026-07-30 08:29:17,110,3050,3050,0
2026-07-30 08:29:18,110,3050,3050,0
2026-07-30 08:29:19,111,3050,3050,0
2026-07-30 08:29:20,110,3050,3050,0
2026-07-30 08:29:21,110,3050,3050,0
2026-07-30 08:29:22,110,3050,3050,0
2026-07-30 08:29:23,110,3050,3050,0
2026-07-30 08:29:24,110,3050,3050,0
2026-07-30 08:29:25,110,3050,3050,0
2026-07-30 08:29:26,110,3050,3050,0
2026-07-30 08:29:27,109,3050,3050,0
2026-07-30 08:29:28,110,3050,3050,0
2026-07-30 08:29:29,110,3050,3050,0
2026-07-30 08:29:30,110,3050,3050,0
2026-07-30 08:29:31,111,3050,3050,0
2026-07-30 08:29:32,110,3050,3050,0
2026-07-30 08:29:33,110,3050,3050,0
2026-07-30 08:29:34,111,3050,3050,0
2026-07-30 08:29:35,110,3050,3050,0
2026-07-30 08:29:36,110,3050,3050,0
2026-07-30 08:29:37,111,3050,3050,0
2026-07-30 08:29:38,110,3050,3050,0
2026-07-30 08:29:39,109,3050,3050,0
2026-07-30 08:29:40,110,3050,3050,0
2026-07-30 08:29:41,111,3050,3050,0
2026-07-30 08:29:42,110,3050,3050,0
2026-07-30 08:29:43,110,3050,3050,0
2026-07-30 08:29:44,110,3050,3050,0
2026-07-30 08:29:45,110,3050,3050,0
2026-07-30 08:29:46,110,3050,3050,0
2026-07-30 08:29:47,110,3050,3050,0
2026-07-30 08:29:48,110,3050,3050,0
2026-07-30 08:29:49,111,3050,3050,0
2026-07-30 08:29:50,110,3050,3050,0
2026-07-30 08:29:51,111,3050,3050,0
2026-07-30 08:29:52,112,3050,3050,0
2026-07-30 08:29:53,110,3050,3050,0
2026-07-30 08:29:54,111,3050,3050,0
2026-07-30 08:29:55,110,3050,3050,0
2026-07-30 08:29:56,110,3050,3050,0
2026-07-30 08:29:57,110,3050,3050,0
2026-07-30 08:29:58,110,3050,3050,0
2026-07-30 08:29:59,110,3050,3050,0
2026-07-30 08:30:00,110,3050,3050,0
2026-07-30 08:30:01,110,3050,3050,0
2026-07-30 08:30:02,111,3050,3050,0
2026-07-30 08:30:03,110,3050,3050,0
2026-07-30 08:30:04,110,3050,3050,0
2026-07-30 08:30:05,110,3050,3050,0
2026-07-30 08:30:06,111,3050,3050,0
2026-07-30 08:30:07,110,3050,3050,0
2026-07-30 08:30:08,110,3050,3050,0
2026-07-30 08:30:09,111,3050,3050,0
2026-07-30 08:30:10,111,3050,3050,0
2026-07-30 08:30:11,111,3050,3050,0
2026-07-30 08:30:12,110,3050,3050,0
2026-07-30 08:30:13,110,3050,3050,0
2026-07-30 08:30:14,111,3050,3050,0
2026-07-30 08:30:15,111,3050,3050,0
2026-07-30 08:30:16,110,3050,3050,0
2026-07-30 08:30:17,110,3050,3050,0
2026-07-30 08:30:18,110,3050,3050,0
2026-07-30 08:30:19,110,3050,3050,0
2026-07-30 08:30:20,110,3050,3050,0
2026-07-30 08:30:21,110,3050,3050,0
2026-07-30 08:30:22,110,3050,3050,0
2026-07-30 08:30:23,111,3050,3050,0
2026-07-30 08:30:24,110,3050,3050,0
2026-07-30 08:30:25,111,3050,3050,0
2026-07-30 08:30:26,110,3050,3050,0
2026-07-30 08:30:27,111,3050,3050,0
2026-07-30 08:30:28,112,3050,3050,0
2026-07-30 08:30:29,112,3050,3050,0
2026-07-30 08:30:30,111,3050,3050,0
2026-07-30 08:30:31,110,3050,3050,0
2026-07-30 08:30:32,111,3050,3050,0
2026-07-30 08:30:33,112,3050,3050,0
2026-07-30 08:30:34,110,3050,3050,0
2026-07-30 08:30:35,110,3050,3050,0
2026-07-30 08:30:36,110,3050,3050,0
2026-07-30 08:30:37,110,3050,3050,0
2026-07-30 08:30:38,110,3050,3050,0
2026-07-30 08:30:39,110,3050,3050,0
2026-07-30 08:30:40,111,3050,3050,0
2026-07-30 08:30:41,110,3050,3050,0
2026-07-30 08:30:42,111,3050,3050,0
2026-07-30 08:30:43,111,3050,3050,0
2026-07-30 08:30:44,110,3050,3050,0
2026-07-30 08:30:45,111,3050,3050,0
2026-07-30 08:30:46,111,3050,3050,0
2026-07-30 08:30:47,111,3050,3050,0
2026-07-30 08:30:48,110,3050,3050,0
2026-07-30 08:30:49,110,3050,3050,0
2026-07-30 08:30:50,110,3050,3050,0
2026-07-30 08:30:51,111,3050,3050,0
2026-07-30 08:30:52,110,3050,3050,0
2026-07-30 08:30:53,110,3050,3050,0
2026-07-30 08:30:54,111,3050,3050,0
2026-07-30 08:30:55,110,3050,3050,0
2026-07-30 08:30:56,110,3050,3050,0
2026-07-30 08:30:57,111,3050,3050,0
2026-07-30 08:30:58,110,3050,3050,0
2026-07-30 08:30:59,110,3050,3050,0
2026-07-30 08:31:00,111,3050,3050,0
2026-07-30 08:31:01,111,3050,3050,0
2026-07-30 08:31:02,111,3050,3050,0
2026-07-30 08:31:03,110,3050,3050,0
2026-07-30 08:31:04,111,3050,3050,0
2026-07-30 08:31:05,110,3050,3050,0
2026-07-30 08:31:06,110,3050,3050,0
2026-07-30 08:31:07,111,3050,3050,0
2026-07-30 08:31:08,110,3050,3050,0
2026-07-30 08:36:43,111,3050,3050,0
2026-07-30 08:36:44,110,3050,3050,0
2026-07-30 08:36:45,111,3050,3050,0
2026-07-30 08:36:46,110,3050,3050,0
2026-07-30 08:36:47,110,3050,3050,0
2026-07-30 08:36:48,110,3050,3050,0
2026-07-30 08:36:49,111,3050,3050,0
2026-07-30 08:36:50,111,3050,3050,0
2026-07-30 08:36:51,111,3050,3050,0
2026-07-30 08:36:52,111,3050,3050,0
2026-07-30 08:36:53,111,3050,3050,0
2026-07-30 08:36:54,110,3050,3050,0
2026-07-30 08:36:55,110,3050,3050,0
2026-07-30 08:36:56,110,3050,3050,0
2026-07-30 08:36:57,112,3050,3050,0
2026-07-30 08:36:58,111,3050,3050,0
2026-07-30 08:36:59,111,3050,3050,0
2026-07-30 08:37:00,112,3050,3050,0
2026-07-30 08:37:01,110,3050,3050,0
2026-07-30 08:37:02,111,3050,3050,0
2026-07-30 08:37:03,111,3050,3050,0
2026-07-30 08:37:04,110,3050,3050,0
2026-07-30 08:37:05,111,3050,3050,0
2026-07-30 08:37:06,111,3050,3050,0
2026-07-30 08:37:07,111,3050,3050,0
2026-07-30 08:37:08,111,3050,3050,0
2026-07-30 08:37:09,111,3050,3050,0
2026-07-30 08:37:10,111,3050,3050,0
2026-07-30 08:37:11,111,3050,3050,0
2026-07-30 08:37:12,111,3050,3050,0
2026-07-30 08:37:13,111,3050,3050,0
2026-07-30 08:37:14,111,3050,3050,0
2026-07-30 08:37:15,111,3050,3050,0
2026-07-30 08:37:16,111,3050,3050,0
2026-07-30 08:37:17,109,3050,3050,0
2026-07-30 08:37:18,110,3050,3050,0
2026-07-30 08:37:19,110,3050,3050,0
2026-07-30 08:37:20,111,3050,3050,0
2026-07-30 08:37:21,110,3050,3050,0
2026-07-30 08:37:22,111,3050,3050,0
2026-07-30 08:37:23,111,3050,3050,0
2026-07-30 08:37:24,111,3050,3050,0
2026-07-30 08:37:25,111,3050,3050,0
2026-07-30 08:37:26,111,3050,3050,0
2026-07-30 08:37:27,110,3050,3050,0
2026-07-30 08:37:28,111,3050,3050,0
2026-07-30 08:37:29,111,3050,3050,0
2026-07-30 08:37:30,110,3050,3050,0
2026-07-30 08:37:31,111,3050,3050,0
2026-07-30 08:37:32,112,3050,3050,0
2026-07-30 08:37:33,110,3050,3050,0
2026-07-30 08:37:34,112,3050,3050,0
2026-07-30 08:37:35,111,3050,3050,0
2026-07-30 08:37:36,111,3050,3050,0
2026-07-30 08:37:37,110,3050,3050,0
2026-07-30 08:37:38,111,3050,3050,0
2026-07-30 08:37:39,111,3050,3050,0
2026-07-30 08:37:40,111,3050,3050,0
2026-07-30 08:37:41,112,3050,3050,0
2026-07-30 08:37:42,111,3050,3050,0
2026-07-30 08:37:43,111,3050,3050,0
2026-07-30 08:37:44,111,3050,3050,0
2026-07-30 08:37:45,111,3050,3050,0
2026-07-30 08:37:46,111,3050,3050,0
2026-07-30 08:37:47,112,3050,3050,0
2026-07-30 08:37:48,110,3050,3050,0
2026-07-30 08:37:49,110,3050,3050,0
2026-07-30 08:37:50,112,3050,3050,0
2026-07-30 08:37:51,111,3050,3050,0
2026-07-30 08:37:52,111,3050,3050,0
2026-07-30 08:37:53,111,3050,3050,0
2026-07-30 08:37:54,111,3050,3050,0
2026-07-30 08:37:55,110,3050,3050,0
2026-07-30 08:37:56,112,3050,3050,0
2026-07-30 08:37:57,111,3050,3050,0
2026-07-30 08:37:58,110,3050,3050,0
2026-07-30 08:37:59,111,3050,3050,0
2026-07-30 08:38:00,111,3050,3050,0
2026-07-30 08:38:01,111,3050,3050,0
2026-07-30 08:38:02,111,3050,3050,0
2026-07-30 08:38:03,110,3050,3050,0
2026-07-30 08:38:04,111,3050,3050,0
2026-07-30 08:38:05,111,3050,3050,0
2026-07-30 08:38:06,111,3050,3050,0
2026-07-30 08:38:07,111,3050,3050,0
2026-07-30 08:38:08,110,3050,3050,0
2026-07-30 08:38:09,110,3050,3050,0
2026-07-30 08:38:10,110,3050,3050,0
2026-07-30 08:38:11,111,3050,3050,0
2026-07-30 08:38:12,111,3050,3050,0
2026-07-30 08:38:13,111,3050,3050,0
2026-07-30 08:38:14,110,3050,3050,0
2026-07-30 08:38:15,111,3050,3050,0
2026-07-30 08:38:16,111,3050,3050,0
2026-07-30 08:38:17,110,3050,3050,0
2026-07-30 08:38:18,111,3050,3050,0
2026-07-30 08:38:19,111,3050,3050,0
2026-07-30 08:38:20,110,3050,3050,0
2026-07-30 08:38:21,110,3050,3050,0
2026-07-30 08:38:22,111,3050,3050,0
2026-07-30 08:38:23,111,3050,3050,0
2026-07-30 08:38:24,111,3050,3050,0
2026-07-30 08:38:25,110,3050,3050,0
2026-07-30 08:38:26,111,3050,3050,0
2026-07-30 08:38:27,111,3050,3050,0
2026-07-30 08:38:28,110,3050,3050,0
2026-07-30 08:38:29,110,3050,3050,0
2026-07-30 08:38:30,111,3050,3050,0
2026-07-30 08:38:31,111,3050,3050,0
2026-07-30 08:38:32,111,3050,3050,0
2026-07-30 08:38:33,111,3050,3050,0
2026-07-30 08:38:34,111,3050,3050,0
2026-07-30 08:38:35,111,3050,3050,0
2026-07-30 08:38:36,110,3050,3050,0
2026-07-30 08:38:37,112,3050,3050,0
2026-07-30 08:38:38,111,3050,3050,0
2026-07-30 08:38:39,111,3050,3050,0
2026-07-30 08:38:40,110,3050,3050,0
2026-07-30 08:38:41,111,3050,3050,0
2026-07-30 08:38:42,112,3050,3050,0
2026-07-30 08:38:43,110,3050,3050,0
2026-07-30 08:38:44,110,3050,3050,0
2026-07-30 08:38:45,111,3050,3050,0
2026-07-30 08:38:46,110,3050,3050,0
2026-07-30 08:38:47,110,3050,3050,0
2026-07-30 08:38:48,111,3050,3050,0
2026-07-30 08:38:49,111,3050,3050,0
2026-07-30 08:38:50,110,3050,3050,0
2026-07-30 08:38:51,111,3050,3050,0
2026-07-30 08:38:52,110,3050,3050,0
2026-07-30 08:38:53,111,3050,3050,0
2026-07-30 08:38:54,110,3050,3050,0
2026-07-30 08:38:55,111,3050,3050,0
2026-07-30 08:38:56,111,3050,3050,0
2026-07-30 08:38:57,111,3050,3050,0
2026-07-30 08:38:58,111,3050,3050,0
2026-07-30 08:38:59,111,3050,3050,0
2026-07-30 08:39:00,111,3050,3050,0
2026-07-30 08:39:01,111,3050,3050,0
2026-07-30 08:39:02,111,3050,3050,0
2026-07-30 08:39:03,111,3050,3050,0
2026-07-30 08:39:04,111,3050,3050,0
2026-07-30 08:39:05,111,3050,3050,0
2026-07-30 08:39:06,111,3050,3050,0
2026-07-30 08:39:07,111,3050,3050,0
2026-07-30 08:39:08,112,3050,3050,0
2026-07-30 08:39:09,111,3050,3050,0
2026-07-30 08:39:10,111,3050,3050,0
2026-07-30 08:39:11,111,3050,3050,0
2026-07-30 08:39:12,111,3050,3050,0
2026-07-30 08:39:13,111,3050,3050,0
2026-07-30 08:39:14,110,3050,3050,0
2026-07-30 08:39:15,111,3050,3050,0
2026-07-30 08:39:16,111,3050,3050,0
2026-07-30 08:39:17,111,3050,3050,0
2026-07-30 08:39:18,111,3050,3050,0
2026-07-30 08:39:19,112,3050,3050,0
2026-07-30 08:39:20,111,3050,3050,0
2026-07-30 08:39:21,112,3050,3050,0
2026-07-30 08:39:22,112,3050,3050,0
2026-07-30 08:39:23,112,3050,3050,0
2026-07-30 08:39:24,111,3050,3050,0
2026-07-30 08:39:25,111,3050,3050,0
2026-07-30 08:39:26,111,3050,3050,0
2026-07-30 08:39:27,111,3050,3050,0
2026-07-30 08:39:28,110,3050,3050,0
2026-07-30 08:39:29,111,3050,3050,0
2026-07-30 08:39:30,111,3050,3050,0
2026-07-30 08:39:31,112,3050,3050,0
2026-07-30 08:39:32,112,3050,3050,0
2026-07-30 08:39:33,112,3050,3050,0
2026-07-30 08:39:34,111,3050,3050,0
2026-07-30 08:39:35,111,3050,3050,0
2026-07-30 08:39:36,111,3050,3050,0
2026-07-30 08:39:37,111,3050,3050,0
2026-07-30 08:39:38,111,3050,3050,0
2026-07-30 08:39:39,111,3050,3050,0
2026-07-30 08:39:40,111,3050,3050,0
2026-07-30 08:39:41,111,3050,3050,0
2026-07-30 08:39:42,112,3050,3050,0
2026-07-30 08:39:43,110,3050,3050,0
2026-07-30 08:39:44,112,3050,3050,0
2026-07-30 08:39:45,111,3050,3050,0
2026-07-30 08:39:46,111,3050,3050,0
2026-07-30 08:39:47,110,3050,3050,0
2026-07-30 08:39:48,112,3050,3050,0
2026-07-30 08:39:49,112,3050,3050,0
2026-07-30 08:39:50,112,3050,3050,0
2026-07-30 08:39:51,111,3050,3050,0
2026-07-30 08:39:52,111,3050,3050,0
2026-07-30 08:39:53,111,3050,3050,0
2026-07-30 08:39:54,111,3050,3050,0
2026-07-30 08:39:55,111,3050,3050,0
2026-07-30 08:39:56,111,3050,3050,0
2026-07-30 08:39:57,111,3050,3050,0
2026-07-30 08:39:58,111,3050,3050,0
2026-07-30 08:39:59,111,3050,3050,0
2026-07-30 08:40:00,112,3050,3050,0
2026-07-30 08:40:01,111,3050,3050,0
2026-07-30 08:40:02,111,3050,3050,0
2026-07-30 08:40:03,112,3050,3050,0
2026-07-30 08:40:04,110,3050,3050,0
2026-07-30 08:40:05,111,3050,3050,0
2026-07-30 08:40:06,112,3050,3050,0
2026-07-30 08:40:07,112,3050,3050,0
2026-07-30 08:40:08,111,3050,3050,0
2026-07-30 08:40:09,111,3050,3050,0
2026-07-30 08:40:10,111,3050,3050,0
2026-07-30 08:40:11,111,3050,3050,0
2026-07-30 08:40:12,111,3050,3050,0
2026-07-30 08:40:13,111,3050,3050,0
2026-07-30 08:40:14,112,3050,3050,0
2026-07-30 08:40:15,111,3050,3050,0
2026-07-30 08:40:16,111,3050,3050,0
2026-07-30 08:40:17,112,3050,3050,0
2026-07-30 08:40:18,112,3050,3050,0
2026-07-30 08:40:19,111,3050,3050,0
2026-07-30 08:40:20,112,3050,3050,0
2026-07-30 08:40:21,111,3050,3050,0
2026-07-30 08:40:22,111,3050,3050,0
2026-07-30 08:40:23,111,3050,3050,0
2026-07-30 08:40:24,111,3050,3050,0
2026-07-30 08:40:25,112,3050,3050,0
2026-07-30 08:40:26,112,3050,3050,0
2026-07-30 08:40:27,111,3050,3050,0
2026-07-30 08:40:28,112,3050,3050,0
2026-07-30 08:40:29,111,3050,3050,0
2026-07-30 08:40:30,112,3050,3050,0
2026-07-30 08:40:31,111,3050,3050,0
2026-07-30 08:40:32,111,3050,3050,0
2026-07-30 08:40:33,111,3050,3050,0
2026-07-30 08:40:34,112,3050,3050,0
2026-07-30 08:40:35,112,3050,3050,0
2026-07-30 08:40:36,111,3050,3050,0
2026-07-30 08:40:37,111,3050,3050,0
2026-07-30 08:40:38,111,3050,3050,0
2026-07-30 08:40:39,112,3050,3050,0
2026-07-30 08:40:40,111,3050,3050,0
2026-07-30 08:40:41,111,3050,3050,0
2026-07-30 08:40:42,112,3050,3050,0
2026-07-30 08:40:43,111,3050,3050,0
2026-07-30 08:40:44,111,3050,3050,0
2026-07-30 08:40:45,111,3050,3050,0
2026-07-30 08:40:46,110,3050,3050,0
2026-07-30 08:40:47,112,3050,3050,0
2026-07-30 08:40:48,111,3050,3050,0
2026-07-30 08:40:49,111,3050,3050,0
2026-07-30 08:40:50,112,3050,3050,0
2026-07-30 08:40:51,112,3050,3050,0
2026-07-30 08:40:52,111,3050,3050,0
2026-07-30 08:40:53,112,3050,3050,0
2026-07-30 08:40:54,110,3050,3050,0
2026-07-30 08:40:55,111,3050,3050,0
2026-07-30 08:40:56,111,3050,3050,0
2026-07-30 08:40:57,110,3050,3050,0
2026-07-30 08:40:58,111,3050,3050,0
2026-07-30 08:40:59,111,3050,3050,0
2026-07-30 08:41:00,111,3050,3050,0
2026-07-30 08:41:01,111,3050,3050,0
2026-07-30 08:41:02,112,3050,3050,0
2026-07-30 08:41:03,111,3050,3050,0
2026-07-30 08:41:04,111,3050,3050,0
2026-07-30 08:41:05,111,3050,3050,0
2026-07-30 08:41:06,112,3050,3050,0
2026-07-30 08:41:07,111,3050,3050,0
2026-07-30 08:41:08,111,3050,3050,0
2026-07-30 08:41:09,111,3050,3050,0
2026-07-30 08:41:10,112,3050,3050,0
2026-07-30 08:41:11,112,3050,3050,0
2026-07-30 08:41:12,110,3050,3050,0
2026-07-30 08:41:13,112,3050,3050,0
2026-07-30 08:41:14,112,3050,3050,0
2026-07-30 08:41:15,111,3050,3050,0
2026-07-30 08:41:16,111,3050,3050,0
2026-07-30 08:41:17,111,3050,3050,0
2026-07-30 08:41:18,110,3050,3050,0
2026-07-30 08:41:19,112,3050,3050,0
2026-07-30 08:41:20,111,3050,3050,0
2026-07-30 08:41:21,111,3050,3050,0
2026-07-30 08:41:22,111,3050,3050,0
2026-07-30 08:41:23,111,3050,3050,0
2026-07-30 08:41:24,111,3050,3050,0
2026-07-30 08:41:25,111,3050,3050,0
2026-07-30 08:41:26,111,3050,3050,0
2026-07-30 08:41:27,112,3050,3050,0
2026-07-30 08:41:28,111,3050,3050,0
2026-07-30 08:41:29,112,3050,3050,0
2026-07-30 08:41:30,111,3050,3050,0
2026-07-30 08:41:31,112,3050,3050,0
2026-07-30 08:41:32,111,3050,3050,0
2026-07-30 08:41:33,111,3050,3050,0
2026-07-30 08:41:34,112,3050,3050,0
2026-07-30 08:41:35,111,3050,3050,0
2026-07-30 08:41:36,111,3050,3050,0
2026-07-30 08:41:37,111,3050,3050,0
2026-07-30 08:41:38,111,3050,3050,0
2026-07-30 08:41:39,111,3050,3050,0
2026-07-30 08:41:40,111,3050,3050,0
2026-07-30 08:41:41,112,3050,3050,0
2026-07-30 08:41:42,111,3050,3050,0
2026-07-30 08:41:43,111,3050,3050,0
2026-07-30 08:41:44,110,3050,3050,0
2026-07-30 08:41:45,111,3050,3050,0
2026-07-30 08:41:46,111,3050,3050,0
2026-07-30 08:41:47,111,3050,3050,0
2026-07-30 08:41:48,111,3050,3050,0
2026-07-30 08:41:49,111,3050,3050,0
2026-07-30 08:41:50,111,3050,3050,0
2026-07-30 08:41:51,111,3050,3050,0
2026-07-30 08:41:52,111,3050,3050,0
2026-07-30 08:41:53,112,3050,3050,0
2026-07-30 08:41:54,111,3050,3050,0
2026-07-30 08:41:55,111,3050,3050,0
2026-07-30 08:41:56,111,3050,3050,0
2026-07-30 08:41:57,111,3050,3050,0
2026-07-30 08:41:58,111,3050,3050,0
2026-07-30 08:41:59,111,3050,3050,0
2026-07-30 08:42:00,111,3050,3050,0
2026-07-30 08:42:01,111,3050,3050,0
2026-07-30 08:42:02,112,3050,3050,0
2026-07-30 08:42:03,110,3050,3050,0
2026-07-30 08:42:04,112,3050,3050,0
2026-07-30 08:42:05,111,3050,3050,0
2026-07-30 08:42:06,111,3050,3050,0
2026-07-30 08:42:07,112,3050,3050,0
2026-07-30 08:42:08,112,3050,3050,0
2026-07-30 08:42:09,112,3050,3050,0
2026-07-30 08:42:10,111,3050,3050,0
2026-07-30 08:42:11,112,3050,3050,0
2026-07-30 08:42:12,111,3050,3050,0
2026-07-30 08:42:13,112,3050,3050,0
2026-07-30 08:42:14,112,3050,3050,0
2026-07-30 08:42:15,111,3050,3050,0
2026-07-30 08:42:16,112,3050,3050,0
2026-07-30 08:42:17,111,3050,3050,0
2026-07-30 08:42:18,112,3050,3050,0
2026-07-30 08:42:19,112,3050,3050,0
2026-07-30 08:42:20,111,3050,3050,0
2026-07-30 08:42:21,112,3050,3050,0
2026-07-30 08:42:22,111,3050,3050,0
2026-07-30 08:42:23,111,3050,3050,0
2026-07-30 08:42:24,112,3050,3050,0
2026-07-30 08:42:25,111,3050,3050,0
2026-07-30 08:42:26,111,3050,3050,0
2026-07-30 08:42:27,112,3050,3050,0
2026-07-30 08:42:28,111,3050,3050,0
2026-07-30 08:42:29,111,3050,3050,0
2026-07-30 08:42:30,111,3050,3050,0
2026-07-30 08:42:31,112,3050,3050,0
2026-07-30 08:42:32,111,3050,3050,0
2026-07-30 08:42:33,112,3050,3050,0
2026-07-30 08:42:34,111,3050,3050,0
2026-07-30 08:42:35,112,3050,3050,0
2026-07-30 08:42:36,111,3050,3050,0
2026-07-30 08:42:37,111,3050,3050,0
2026-07-30 08:42:38,112,3050,3050,0
2026-07-30 08:42:39,111,3050,3050,0
2026-07-30 08:42:40,111,3050,3050,0
2026-07-30 08:42:41,111,3050,3050,0
2026-07-30 08:42:42,112,3050,3050,0
2026-07-30 08:42:43,111,3050,3050,0
2026-07-30 08:42:44,111,3050,3050,0
2026-07-30 08:42:45,112,3050,3050,0
2026-07-30 08:42:55,112,3050,3050,0
2026-07-30 08:42:56,112,3050,3050,0
2026-07-30 08:42:56,111,3050,3050,0
2026-07-30 08:42:56,113,3050,3050,0
2026-07-30 08:42:56,111,3050,3050,0
2026-07-30 08:42:56,112,3050,3050,0
2026-07-30 08:42:56,111,3050,3050,0
2026-07-30 08:42:56,112,3050,3050,0
2026-07-30 08:42:56,112,3050,3050,0
2026-07-30 08:42:56,111,3050,3050,0
2026-07-30 08:42:56,111,3050,3050,0
2026-07-30 08:42:57,111,3050,3050,0
2026-07-30 08:42:58,112,3050,3050,0
2026-07-30 08:42:59,111,3050,3050,0
2026-07-30 08:43:00,112,3050,3050,0
2026-07-30 08:43:01,112,3050,3050,0
2026-07-30 08:43:02,111,3050,3050,0
2026-07-30 08:43:03,112,3050,3050,0
2026-07-30 08:43:04,112,3050,3050,0
2026-07-30 08:43:05,111,3050,3050,0
2026-07-30 08:43:06,112,3050,3050,0
2026-07-30 08:43:07,112,3050,3050,0
2026-07-30 08:43:08,113,3050,3050,0
2026-07-30 08:43:09,113,3050,3050,0
2026-07-30 08:43:10,111,3050,3050,0
2026-07-30 08:43:11,112,3050,3050,0
2026-07-30 08:43:12,112,3050,3050,0
2026-07-30 08:43:13,111,3050,3050,0
2026-07-30 08:43:14,112,3050,3050,0
2026-07-30 08:43:15,111,3050,3050,0
2026-07-30 08:43:16,112,3050,3050,0
2026-07-30 08:43:17,112,3050,3050,0
2026-07-30 08:43:18,112,3050,3050,0
2026-07-30 08:43:19,111,3050,3050,0
2026-07-30 08:43:20,111,3050,3050,0
2026-07-30 08:43:21,111,3050,3050,0
2026-07-30 08:43:22,112,3050,3050,0
2026-07-30 08:43:23,111,3050,3050,0
2026-07-30 08:43:24,111,3050,3050,0
2026-07-30 08:43:25,112,3050,3050,0
2026-07-30 08:43:26,111,3050,3050,0
2026-07-30 08:43:27,112,3050,3050,0
2026-07-30 08:43:28,111,3050,3050,0
2026-07-30 08:43:29,111,3050,3050,0
2026-07-30 08:43:30,111,3050,3050,0
2026-07-30 08:43:31,112,3050,3050,0
2026-07-30 08:43:32,112,3050,3050,0
2026-07-30 08:43:33,112,3050,3050,0
2026-07-30 08:43:34,111,3050,3050,0
2026-07-30 08:43:35,111,3050,3050,0
2026-07-30 08:43:36,112,3050,3050,0
2026-07-30 08:43:37,111,3050,3050,0
2026-07-30 08:43:38,112,3050,3050,0
2026-07-30 08:43:39,112,3050,3050,0
2026-07-30 08:43:40,112,3050,3050,0
2026-07-30 08:43:41,113,3050,3050,0
2026-07-30 08:43:42,112,3050,3050,0
2026-07-30 08:43:43,111,3050,3050,0
2026-07-30 08:43:44,111,3050,3050,0
2026-07-30 08:43:45,112,3050,3050,0
2026-07-30 08:43:46,111,3050,3050,0
2026-07-30 08:43:47,112,3050,3050,0
2026-07-30 08:43:48,111,3050,3050,0
2026-07-30 08:43:49,111,3050,3050,0
2026-07-30 08:43:50,112,3050,3050,0
2026-07-30 08:43:51,112,3050,3050,0
2026-07-30 08:43:52,112,3050,3050,0
2026-07-30 08:43:53,112,3050,3050,0
2026-07-30 08:43:54,111,3050,3050,0
2026-07-30 08:43:55,111,3050,3050,0
2026-07-30 08:43:56,111,3050,3050,0
2026-07-30 08:43:57,112,3050,3050,0
2026-07-30 08:43:58,112,3050,3050,0
2026-07-30 08:43:59,112,3050,3050,0
2026-07-30 08:44:00,111,3050,3050,0
2026-07-30 08:44:01,112,3050,3050,0
2026-07-30 08:44:02,111,3050,3050,0
2026-07-30 08:44:03,113,3050,3050,0
2026-07-30 08:44:04,112,3050,3050,0
2026-07-30 08:44:05,111,3050,3050,0
2026-07-30 08:44:06,111,3050,3050,0
2026-07-30 08:44:07,111,3050,3050,0
2026-07-30 08:44:08,111,3050,3050,0
2026-07-30 08:44:09,112,3050,3050,0
2026-07-30 08:44:10,111,3050,3050,0
2026-07-30 08:44:11,112,3050,3050,0
2026-07-30 08:44:12,112,3050,3050,0
2026-07-30 08:44:13,112,3050,3050,0
2026-07-30 08:44:14,111,3050,3050,0
2026-07-30 08:44:15,111,3050,3050,0
2026-07-30 08:44:17,112,3050,3050,0
2026-07-30 08:44:17,112,3050,3050,0
2026-07-30 08:44:18,112,3050,3050,0
2026-07-30 08:44:19,113,3050,3050,0
2026-07-30 08:44:20,112,3050,3050,0
2026-07-30 08:44:21,111,3050,3050,0
2026-07-30 08:44:22,112,3050,3050,0
2026-07-30 08:44:23,112,3050,3050,0
2026-07-30 08:44:24,112,3050,3050,0
2026-07-30 08:44:25,111,3050,3050,0
2026-07-30 08:44:26,112,3050,3050,0
2026-07-30 08:44:27,112,3050,3050,0
2026-07-30 08:44:28,112,3050,3050,0
2026-07-30 08:44:29,112,3050,3050,0
2026-07-30 08:44:30,112,3050,3050,0
2026-07-30 08:44:31,112,3050,3050,0
2026-07-30 08:44:32,112,3050,3050,0
2026-07-30 08:44:33,112,3050,3050,0
2026-07-30 08:44:34,111,3050,3050,0
2026-07-30 08:44:35,112,3050,3050,0
2026-07-30 08:44:36,111,3050,3050,0
2026-07-30 08:44:37,111,3050,3050,0
2026-07-30 08:44:38,112,3050,3050,0
2026-07-30 08:44:39,112,3050,3050,0
2026-07-30 08:44:40,112,3050,3050,0
2026-07-30 08:44:41,112,3050,3050,0
2026-07-30 08:44:42,112,3050,3050,0
2026-07-30 08:44:43,111,3050,3050,0
2026-07-30 08:44:44,112,3050,3050,0
2026-07-30 08:44:45,112,3050,3050,0
2026-07-30 08:44:46,111,3050,3050,0
2026-07-30 08:44:47,112,3050,3050,0
2026-07-30 08:44:48,112,3050,3050,0
2026-07-30 08:44:49,112,3050,3050,0
2026-07-30 08:44:50,113,3050,3050,0
2026-07-30 08:44:51,111,3050,3050,0
2026-07-30 08:44:52,112,3050,3050,0
2026-07-30 08:44:53,112,3050,3050,0
2026-07-30 08:44:54,111,3050,3050,0
2026-07-30 08:44:55,112,3050,3050,0
2026-07-30 08:44:56,112,3050,3050,0
2026-07-30 08:44:57,112,3050,3050,0
2026-07-30 08:44:58,112,3050,3050,0
2026-07-30 08:44:59,112,3050,3050,0
2026-07-30 08:45:00,111,3050,3050,0
2026-07-30 08:45:01,112,3050,3050,0
2026-07-30 08:45:02,111,3050,3050,0
2026-07-30 08:45:03,111,3050,3050,0
2026-07-30 08:45:04,111,3050,3050,0
2026-07-30 08:45:05,112,3050,3050,0
2026-07-30 08:45:06,112,3050,3050,0
2026-07-30 08:45:07,111,3050,3050,0
2026-07-30 08:45:08,111,3050,3050,0
2026-07-30 08:45:09,112,3050,3050,0
2026-07-30 08:45:10,112,3050,3050,0
2026-07-30 08:45:11,112,3050,3050,0
2026-07-30 08:45:12,112,3050,3050,0
2026-07-30 08:45:13,112,3050,3050,0
2026-07-30 08:45:14,112,3050,3050,0
2026-07-30 08:45:15,112,3050,3050,0
2026-07-30 08:45:16,112,3050,3050,0
2026-07-30 08:45:17,112,3050,3050,0
2026-07-30 08:45:18,111,3050,3050,0
2026-07-30 08:45:19,112,3050,3050,0
2026-07-30 08:45:20,112,3050,3050,0
2026-07-30 08:45:21,112,3050,3050,0
2026-07-30 08:45:22,112,3050,3050,0
2026-07-30 08:45:23,112,3050,3050,0
2026-07-30 08:45:25,111,3050,3050,0
2026-07-30 08:45:25,111,3050,3050,0
2026-07-30 08:45:26,111,3050,3050,0
2026-07-30 08:45:27,111,3050,3050,0
2026-07-30 08:45:28,111,3050,3050,0
2026-07-30 08:45:29,112,3050,3050,0
2026-07-30 08:45:30,113,3050,3050,0
2026-07-30 08:45:31,111,3050,3050,0
2026-07-30 08:45:32,111,3050,3050,0
2026-07-30 08:45:33,112,3050,3050,0
2026-07-30 08:45:34,112,3050,3050,0
2026-07-30 08:45:35,112,3050,3050,0
2026-07-30 08:45:36,112,3050,3050,0
2026-07-30 08:45:37,112,3050,3050,0
2026-07-30 08:45:38,112,3050,3050,0
2026-07-30 08:45:39,112,3050,3050,0
2026-07-30 08:45:40,112,3050,3050,0
2026-07-30 08:45:41,111,3050,3050,0
2026-07-30 08:45:42,112,3050,3050,0
2026-07-30 08:45:43,112,3050,3050,0
2026-07-30 08:45:44,112,3050,3050,0
2026-07-30 08:45:45,112,3050,3050,0
2026-07-30 08:45:46,112,3050,3050,0
2026-07-30 08:45:47,112,3050,3050,0
2026-07-30 08:45:48,111,3050,3050,0
2026-07-30 08:45:49,112,3050,3050,0
2026-07-30 08:45:50,111,3050,3050,0
2026-07-30 08:45:51,111,3050,3050,0
2026-07-30 08:45:52,113,3050,3050,0
2026-07-30 08:45:53,112,3050,3050,0
2026-07-30 08:45:54,111,3050,3050,0
2026-07-30 08:45:55,112,3050,3050,0
2026-07-30 08:45:56,112,3050,3050,0
2026-07-30 08:45:57,112,3050,3050,0
2026-07-30 08:45:58,112,3050,3050,0
2026-07-30 08:45:59,112,3050,3050,0
2026-07-30 08:46:00,112,3050,3050,0
2026-07-30 08:46:01,111,3050,3050,0
2026-07-30 08:46:02,112,3050,3050,0
2026-07-30 08:46:03,113,3050,3050,0
2026-07-30 08:46:04,112,3050,3050,0
2026-07-30 08:46:05,112,3050,3050,0
2026-07-30 08:46:06,111,3050,3050,0
2026-07-30 08:46:07,111,3050,3050,0
2026-07-30 08:46:08,112,3050,3050,0
2026-07-30 08:46:09,111,3050,3050,0
2026-07-30 08:46:10,111,3050,3050,0
2026-07-30 08:46:11,112,3050,3050,0
2026-07-30 08:46:12,112,3050,3050,0
2026-07-30 08:46:13,112,3050,3050,0
2026-07-30 08:46:14,111,3050,3050,0
2026-07-30 08:46:15,112,3050,3050,0
2026-07-30 08:46:16,113,3050,3050,0
2026-07-30 08:46:17,112,3050,3050,0
2026-07-30 08:46:18,112,3050,3050,0
2026-07-30 08:46:19,112,3050,3050,0
2026-07-30 08:46:20,111,3050,3050,0
2026-07-30 08:46:21,111,3050,3050,0
2026-07-30 08:46:22,111,3050,3050,0
2026-07-30 08:46:23,111,3050,3050,0
2026-07-30 08:46:24,111,3050,3050,0
2026-07-30 08:46:25,111,3050,3050,0
2026-07-30 08:46:26,110,3050,3050,0
2026-07-30 08:46:27,111,3050,3050,0
2026-07-30 08:46:28,111,3050,3050,0
2026-07-30 08:46:29,111,3050,3050,0
2026-07-30 08:46:30,112,3050,3050,0
2026-07-30 08:46:31,112,3050,3050,0
2026-07-30 08:46:32,111,3050,3050,0
2026-07-30 08:46:33,111,3050,3050,0
2026-07-30 08:46:34,111,3050,3050,0
2026-07-30 08:46:35,112,3050,3050,0
2026-07-30 08:46:36,112,3050,3050,0
2026-07-30 08:46:37,111,3050,3050,0
2026-07-30 08:46:38,112,3050,3050,0
2026-07-30 08:46:39,111,3050,3050,0
2026-07-30 08:46:40,112,3050,3050,0
2026-07-30 08:46:41,112,3050,3050,0
2026-07-30 08:46:42,111,3050,3050,0
2026-07-30 08:46:43,112,3050,3050,0
2026-07-30 08:46:44,112,3050,3050,0
2026-07-30 08:46:45,112,3050,3050,0
2026-07-30 08:46:46,112,3050,3050,0
2026-07-30 08:46:47,112,3050,3050,0
2026-07-30 08:46:48,112,3050,3050,0
2026-07-30 08:46:49,112,3050,3050,0
2026-07-30 08:46:50,112,3050,3050,0
2026-07-30 08:46:51,112,3050,3050,0
2026-07-30 08:46:52,111,3050,3050,0
2026-07-30 08:46:53,112,3050,3050,0
2026-07-30 08:46:54,113,3050,3050,0
2026-07-30 08:46:55,111,3050,3050,0
2026-07-30 08:46:56,111,3050,3050,0
2026-07-30 08:46:57,111,3050,3050,0
2026-07-30 08:46:58,112,3050,3050,0
2026-07-30 08:46:59,111,3050,3050,0
2026-07-30 08:47:00,113,3050,3050,0
2026-07-30 08:47:01,112,3050,3050,0
2026-07-30 08:47:02,111,3050,3050,0
2026-07-30 08:47:03,112,3050,3050,0
2026-07-30 08:47:04,112,3050,3050,0
2026-07-30 08:47:05,112,3050,3050,0
2026-07-30 08:47:06,113,3050,3050,0
2026-07-30 08:47:07,112,3050,3050,0
2026-07-30 08:47:08,113,3050,3050,0
2026-07-30 08:47:09,112,3050,3050,0
2026-07-30 08:47:10,111,3050,3050,0
2026-07-30 08:47:11,111,3050,3050,0
2026-07-30 08:47:12,112,3050,3050,0
2026-07-30 08:47:13,112,3050,3050,0
2026-07-30 08:47:14,111,3050,3050,0
2026-07-30 08:47:15,112,3050,3050,0
2026-07-30 08:47:16,112,3050,3050,0
2026-07-30 08:47:17,111,3050,3050,0
2026-07-30 08:47:18,112,3050,3050,0
2026-07-30 08:47:19,112,3050,3050,0
2026-07-30 08:47:20,112,3050,3050,0
2026-07-30 08:47:21,112,3050,3050,0
2026-07-30 08:47:22,111,3050,3050,0
2026-07-30 08:47:23,111,3050,3050,0
2026-07-30 08:47:24,112,3050,3050,0
2026-07-30 08:47:25,112,3050,3050,0
2026-07-30 08:47:26,112,3050,3050,0
2026-07-30 08:47:27,112,3050,3050,0
2026-07-30 08:47:28,112,3050,3050,0
2026-07-30 08:47:29,112,3050,3050,0
2026-07-30 08:47:30,112,3050,3050,0
2026-07-30 08:47:31,112,3050,3050,0
2026-07-30 08:47:32,112,3050,3050,0
2026-07-30 08:47:33,112,3050,3050,0
2026-07-30 08:47:34,112,3050,3050,0
2026-07-30 08:47:35,112,3050,3050,0
2026-07-30 08:47:36,112,3050,3050,0
2026-07-30 08:47:37,112,3050,3050,0
2026-07-30 08:47:38,111,3050,3050,0
2026-07-30 08:47:39,112,3050,3050,0
2026-07-30 08:47:40,112,3050,3050,0
2026-07-30 08:47:41,112,3050,3050,0
2026-07-30 08:47:42,112,3050,3050,0
2026-07-30 08:47:43,112,3050,3050,0
2026-07-30 08:47:44,111,3050,3050,0
2026-07-30 08:47:45,112,3050,3050,0
2026-07-30 08:47:46,112,3050,3050,0
2026-07-30 08:47:47,112,3050,3050,0
2026-07-30 08:47:48,112,3050,3050,0
2026-07-30 08:47:49,111,3050,3050,0
2026-07-30 08:47:50,112,3050,3050,0
2026-07-30 08:47:51,111,3050,3050,0
2026-07-30 08:47:52,111,3050,3050,0
2026-07-30 08:47:53,112,3050,3050,0
2026-07-30 08:47:54,112,3050,3050,0
2026-07-30 08:47:55,111,3050,3050,0
2026-07-30 08:47:56,111,3050,3050,0
2026-07-30 08:47:57,112,3050,3050,0
2026-07-30 08:47:58,112,3050,3050,0
2026-07-30 08:47:59,112,3050,3050,0
2026-07-30 08:48:00,112,3050,3050,0
2026-07-30 08:48:01,112,3050,3050,0
2026-07-30 08:48:02,112,3050,3050,0
2026-07-30 08:48:03,112,3050,3050,0
2026-07-30 08:48:04,112,3050,3050,0
2026-07-30 08:48:05,112,3050,3050,0
2026-07-30 08:48:06,113,3050,3050,0
2026-07-30 08:48:07,112,3050,3050,0
2026-07-30 08:48:08,112,3050,3050,0
2026-07-30 08:48:09,112,3050,3050,0
2026-07-30 08:48:10,111,3050,3050,0
2026-07-30 08:48:11,112,3050,3050,0
2026-07-30 08:48:12,111,3050,3050,0
2026-07-30 08:48:13,112,3050,3050,0
2026-07-30 08:48:14,111,3050,3050,0
2026-07-30 08:48:15,112,3050,3050,0
2026-07-30 08:48:16,112,3050,3050,0
2026-07-30 08:48:17,111,3050,3050,0
2026-07-30 08:48:18,113,3050,3050,0
2026-07-30 08:48:19,111,3050,3050,0
2026-07-30 08:48:20,112,3050,3050,0
2026-07-30 08:48:21,111,3050,3050,0
2026-07-30 08:48:22,112,3050,3050,0
2026-07-30 08:48:23,112,3050,3050,0
2026-07-30 08:48:24,111,3050,3050,0
2026-07-30 08:48:25,112,3050,3050,0
2026-07-30 08:48:26,112,3050,3050,0
2026-07-30 08:48:27,111,3050,3050,0
2026-07-30 08:48:28,111,3050,3050,0
2026-07-30 08:48:29,112,3050,3050,0
2026-07-30 08:48:30,112,3050,3050,0
2026-07-30 08:48:31,112,3050,3050,0
2026-07-30 08:48:32,111,3050,3050,0
2026-07-30 08:48:33,111,3050,3050,0
2026-07-30 08:48:34,112,3050,3050,0
2026-07-30 08:48:35,111,3050,3050,0
2026-07-30 08:48:36,111,3050,3050,0
2026-07-30 08:48:37,112,3050,3050,0
2026-07-30 08:48:38,112,3050,3050,0
2026-07-30 08:48:39,112,3050,3050,0
2026-07-30 08:48:40,111,3050,3050,0
2026-07-30 08:48:41,111,3050,3050,0
2026-07-30 08:48:42,112,3050,3050,0
2026-07-30 08:48:43,112,3050,3050,0
2026-07-30 08:48:44,112,3050,3050,0
2026-07-30 08:48:45,111,3050,3050,0
2026-07-30 08:48:46,111,3050,3050,0
2026-07-30 08:48:47,112,3050,3050,0
2026-07-30 08:48:48,111,3050,3050,0
2026-07-30 08:48:49,112,3050,3050,0
2026-07-30 08:48:50,112,3050,3050,0
2026-07-30 08:48:51,111,3050,3050,0
2026-07-30 08:48:52,111,3050,3050,0
2026-07-30 08:48:53,112,3050,3050,0
2026-07-30 08:48:54,111,3050,3050,0
2026-07-30 08:48:55,111,3050,3050,0
2026-07-30 08:48:56,111,3050,3050,0
2026-07-30 08:48:57,112,3050,3050,0
2026-07-30 08:48:58,112,3050,3050,0
2026-07-30 08:48:59,112,3050,3050,0
2026-07-30 08:49:00,112,3050,3050,0
2026-07-30 08:49:01,111,3050,3050,0
2026-07-30 08:49:02,111,3050,3050,0
2026-07-30 08:49:03,112,3050,3050,0
2026-07-30 08:49:04,111,3050,3050,0
2026-07-30 08:49:05,111,3050,3050,0
2026-07-30 08:49:06,111,3050,3050,0
2026-07-30 08:49:07,112,3050,3050,0
2026-07-30 08:49:08,111,3050,3050,0
2026-07-30 08:49:09,112,3050,3050,0
2026-07-30 08:49:10,112,3050,3050,0
2026-07-30 08:49:11,111,3050,3050,0
2026-07-30 08:49:12,111,3050,3050,0
2026-07-30 08:49:13,111,3050,3050,0
2026-07-30 08:49:14,112,3050,3050,0
2026-07-30 08:49:15,112,3050,3050,0
2026-07-30 08:49:16,112,3050,3050,0
2026-07-30 08:49:17,111,3050,3050,0
2026-07-30 08:49:18,111,3050,3050,0
2026-07-30 08:49:19,111,3050,3050,0
2026-07-30 08:49:20,112,3050,3050,0
2026-07-30 08:49:21,111,3050,3050,0
2026-07-30 08:49:22,111,3050,3050,0
2026-07-30 08:49:23,111,3050,3050,0
2026-07-30 08:49:24,112,3050,3050,0
2026-07-30 08:49:25,112,3050,3050,0
2026-07-30 08:49:26,111,3050,3050,0
2026-07-30 08:49:27,111,3050,3050,0
2026-07-30 08:49:28,112,3050,3050,0
2026-07-30 08:49:29,112,3050,3050,0
2026-07-30 08:49:30,112,3050,3050,0
2026-07-30 08:49:31,111,3050,3050,0
2026-07-30 08:49:32,111,3050,3050,0
2026-07-30 08:49:33,111,3050,3050,0
2026-07-30 08:49:34,111,3050,3050,0
2026-07-30 08:49:35,111,3050,3050,0
2026-07-30 08:49:36,112,3050,3050,0
2026-07-30 08:49:37,111,3050,3050,0
2026-07-30 08:49:38,111,3050,3050,0
2026-07-30 08:49:39,111,3050,3050,0
2026-07-30 08:49:40,113,3050,3050,0
2026-07-30 08:49:41,112,3050,3050,0
2026-07-30 08:49:42,112,3050,3050,0
2026-07-30 08:49:43,112,3050,3050,0
2026-07-30 08:49:44,112,3050,3050,0
2026-07-30 08:49:45,111,3050,3050,0
2026-07-30 08:49:46,112,3050,3050,0
2026-07-30 08:49:47,112,3050,3050,0
2026-07-30 08:49:48,111,3050,3050,0
2026-07-30 08:49:49,111,3050,3050,0
2026-07-30 08:49:50,111,3050,3050,0
2026-07-30 08:49:51,111,3050,3050,0
2026-07-30 08:49:52,112,3050,3050,0
2026-07-30 08:49:53,112,3050,3050,0
2026-07-30 08:49:54,111,3050,3050,0
2026-07-30 08:49:55,112,3050,3050,0
2026-07-30 08:49:56,111,3050,3050,0
2026-07-30 08:49:57,112,3050,3050,0
2026-07-30 08:49:58,112,3050,3050,0
2026-07-30 08:49:59,112,3050,3050,0
2026-07-30 08:50:00,112,3050,3050,0
2026-07-30 08:50:01,112,3050,3050,0
2026-07-30 08:50:02,113,3050,3050,0
2026-07-30 08:50:03,112,3050,3050,0
2026-07-30 08:50:04,113,3050,3050,0
2026-07-30 08:50:05,112,3050,3050,0
2026-07-30 08:50:06,111,3050,3050,0
2026-07-30 08:50:07,112,3050,3050,0
2026-07-30 08:50:08,111,3050,3050,0
2026-07-30 08:50:09,111,3050,3050,0
2026-07-30 08:50:10,111,3050,3050,0
2026-07-30 08:50:11,111,3050,3050,0
2026-07-30 08:50:12,111,3050,3050,0
2026-07-30 08:50:13,111,3050,3050,0
2026-07-30 08:50:14,111,3050,3050,0
2026-07-30 08:50:15,112,3050,3050,0
2026-07-30 08:50:16,111,3050,3050,0
2026-07-30 08:50:17,112,3050,3050,0
2026-07-30 08:50:18,112,3050,3050,0
2026-07-30 08:50:19,112,3050,3050,0
2026-07-30 08:50:20,112,3050,3050,0
2026-07-30 08:50:21,111,3050,3050,0
2026-07-30 08:50:22,112,3050,3050,0
2026-07-30 08:50:23,112,3050,3050,0
2026-07-30 08:50:24,111,3050,3050,0
2026-07-30 08:50:25,111,3050,3050,0
2026-07-30 08:50:26,112,3050,3050,0
2026-07-30 08:50:27,111,3050,3050,0
2026-07-30 08:50:28,111,3050,3050,0
2026-07-30 08:50:29,111,3050,3050,0
2026-07-30 08:50:30,112,3050,3050,0
2026-07-30 08:50:31,112,3050,3050,0
2026-07-30 08:50:32,112,3050,3050,0
2026-07-30 08:50:33,112,3050,3050,0
2026-07-30 08:50:34,110,3050,3050,0
2026-07-30 08:50:35,112,3050,3050,0
2026-07-30 08:50:36,112,3050,3050,0
2026-07-30 08:50:37,111,3050,3050,0
2026-07-30 08:50:38,112,3050,3050,0
2026-07-30 08:50:39,112,3050,3050,0
2026-07-30 08:50:40,112,3050,3050,0
2026-07-30 08:50:41,111,3050,3050,0
2026-07-30 08:50:42,112,3050,3050,0
2026-07-30 08:50:43,112,3050,3050,0
2026-07-30 08:50:44,111,3050,3050,0
2026-07-30 08:50:45,112,3050,3050,0
2026-07-30 08:50:46,112,3050,3050,0
2026-07-30 08:50:47,112,3050,3050,0
2026-07-30 08:50:48,111,3050,3050,0
2026-07-30 08:50:49,111,3050,3050,0
2026-07-30 08:50:50,112,3050,3050,0
2026-07-30 08:50:51,111,3050,3050,0
2026-07-30 08:50:52,111,3050,3050,0
2026-07-30 08:50:53,112,3050,3050,0
2026-07-30 08:50:54,112,3050,3050,0
2026-07-30 08:50:55,111,3050,3050,0
2026-07-30 08:50:56,111,3050,3050,0
2026-07-30 08:50:57,112,3050,3050,0
2026-07-30 08:50:58,112,3050,3050,0
2026-07-30 08:50:59,111,3050,3050,0
2026-07-30 08:51:00,110,3050,3050,0
2026-07-30 08:51:01,112,3050,3050,0
2026-07-30 08:51:02,112,3050,3050,0
2026-07-30 08:51:03,111,3050,3050,0
2026-07-30 08:51:04,111,3050,3050,0
2026-07-30 08:51:05,111,3050,3050,0
2026-07-30 08:51:06,112,3050,3050,0
2026-07-30 08:51:07,111,3050,3050,0
2026-07-30 08:51:08,111,3050,3050,0
2026-07-30 08:51:09,112,3050,3050,0
2026-07-30 08:51:10,111,3050,3050,0
2026-07-30 08:51:11,112,3050,3050,0
2026-07-30 08:51:12,111,3050,3050,0
2026-07-30 08:51:13,112,3050,3050,0
2026-07-30 08:51:14,112,3050,3050,0
2026-07-30 08:51:15,111,3050,3050,0
2026-07-30 08:51:16,112,3050,3050,0
2026-07-30 08:51:17,111,3050,3050,0
2026-07-30 08:51:18,112,3050,3050,0
2026-07-30 08:51:19,112,3050,3050,0
2026-07-30 08:51:20,112,3050,3050,0
2026-07-30 08:51:21,111,3050,3050,0
2026-07-30 08:51:22,112,3050,3050,0
2026-07-30 08:51:23,111,3050,3050,0
2026-07-30 08:51:24,112,3050,3050,0
2026-07-30 08:51:25,112,3050,3050,0
2026-07-30 08:51:26,111,3050,3050,0
2026-07-30 08:51:27,112,3050,3050,0
2026-07-30 08:51:28,111,3050,3050,0
2026-07-30 08:51:29,111,3050,3050,0
2026-07-30 08:51:30,111,3050,3050,0
2026-07-30 08:51:31,111,3050,3050,0
2026-07-30 08:51:32,112,3050,3050,0
2026-07-30 08:51:33,112,3050,3050,0
2026-07-30 08:51:34,112,3050,3050,0
2026-07-30 08:51:35,111,3050,3050,0
2026-07-30 08:51:36,112,3050,3050,0
2026-07-30 08:51:37,112,3050,3050,0
2026-07-30 08:51:38,112,3050,3050,0
2026-07-30 08:51:39,112,3050,3050,0
2026-07-30 08:51:40,111,3050,3050,0
2026-07-30 08:51:41,112,3050,3050,0
2026-07-30 08:51:42,112,3050,3050,0
2026-07-30 08:51:43,111,3050,3050,0
2026-07-30 08:51:44,112,3050,3050,0
2026-07-30 08:51:45,112,3050,3050,0
2026-07-30 08:51:46,112,3050,3050,0
2026-07-30 08:51:47,111,3050,3050,0
2026-07-30 08:51:48,111,3050,3050,0
2026-07-30 08:51:49,112,3050,3050,0
2026-07-30 08:51:50,111,3050,3050,0
2026-07-30 08:51:51,112,3050,3050,0
2026-07-30 08:51:52,112,3050,3050,0
2026-07-30 08:51:53,112,3050,3050,0
2026-07-30 08:51:54,111,3050,3050,0
2026-07-30 08:51:55,111,3050,3050,0
2026-07-30 08:51:56,112,3050,3050,0
2026-07-30 08:51:57,111,3050,3050,0
2026-07-30 08:51:58,112,3050,3050,0
2026-07-30 08:51:59,112,3050,3050,0
2026-07-30 08:52:00,111,3050,3050,0
2026-07-30 08:52:01,112,3050,3050,0
2026-07-30 08:52:02,112,3050,3050,0
2026-07-30 08:52:03,111,3050,3050,0
2026-07-30 08:52:04,111,3050,3050,0
2026-07-30 08:52:05,111,3050,3050,0
2026-07-30 08:52:06,111,3050,3050,0
2026-07-30 08:52:07,112,3050,3050,0
2026-07-30 08:52:08,112,3050,3050,0
2026-07-30 08:52:09,111,3050,3050,0
2026-07-30 08:52:10,111,3050,3050,0
2026-07-30 08:52:11,112,3050,3050,0
2026-07-30 08:52:12,112,3050,3050,0
2026-07-30 08:52:13,111,3050,3050,0
2026-07-30 08:52:14,112,3050,3050,0
2026-07-30 08:52:15,111,3050,3050,0
2026-07-30 08:52:16,111,3050,3050,0
2026-07-30 08:52:17,111,3050,3050,0
2026-07-30 08:52:18,112,3050,3050,0
2026-07-30 08:52:19,112,3050,3050,0
2026-07-30 08:52:20,112,3050,3050,0
2026-07-30 08:52:21,111,3050,3050,0
2026-07-30 08:52:22,111,3050,3050,0
2026-07-30 08:52:23,112,3050,3050,0
2026-07-30 08:52:24,111,3050,3050,0
2026-07-30 08:52:25,113,3050,3050,0
2026-07-30 08:52:26,112,3050,3050,0
2026-07-30 08:52:27,111,3050,3050,0
2026-07-30 08:52:28,112,3050,3050,0
2026-07-30 08:52:29,111,3050,3050,0
2026-07-30 08:52:30,112,3050,3050,0
2026-07-30 08:52:31,112,3050,3050,0
2026-07-30 08:52:32,111,3050,3050,0
2026-07-30 08:52:33,111,3050,3050,0
2026-07-30 08:52:34,112,3050,3050,0
2026-07-30 08:52:35,112,3050,3050,0
2026-07-30 08:52:36,112,3050,3050,0
2026-07-30 08:52:37,112,3050,3050,0
2026-07-30 08:52:38,112,3050,3050,0
2026-07-30 08:52:39,112,3050,3050,0
2026-07-30 08:52:40,112,3050,3050,0
2026-07-30 08:52:41,112,3050,3050,0
2026-07-30 08:52:42,113,3050,3050,0
2026-07-30 08:52:43,112,3050,3050,0
2026-07-30 08:52:44,112,3050,3050,0
2026-07-30 08:52:45,112,3050,3050,0
2026-07-30 08:52:46,112,3050,3050,0
2026-07-30 08:52:47,111,3050,3050,0
2026-07-30 08:52:48,111,3050,3050,0
2026-07-30 08:52:49,111,3050,3050,0
2026-07-30 08:52:50,111,3050,3050,0
2026-07-30 08:52:51,112,3050,3050,0
2026-07-30 08:52:52,111,3050,3050,0
2026-07-30 08:52:53,113,3050,3050,0
2026-07-30 08:52:54,111,3050,3050,0
2026-07-30 08:52:55,112,3050,3050,0
2026-07-30 08:52:56,112,3050,3050,0
2026-07-30 08:52:57,112,3050,3050,0
2026-07-30 08:52:58,111,3050,3050,0
2026-07-30 08:52:59,112,3050,3050,0
2026-07-30 08:53:00,111,3050,3050,0
2026-07-30 08:53:01,112,3050,3050,0
2026-07-30 08:53:02,111,3050,3050,0
2026-07-30 08:53:03,111,3050,3050,0
2026-07-30 08:53:04,111,3050,3050,0
2026-07-30 08:53:05,112,3050,3050,0
2026-07-30 08:53:06,111,3050,3050,0
2026-07-30 08:53:07,112,3050,3050,0
2026-07-30 08:53:08,112,3050,3050,0
2026-07-30 08:53:09,112,3050,3050,0
2026-07-30 08:53:10,112,3050,3050,0
2026-07-30 08:53:11,113,3050,3050,0
2026-07-30 08:53:12,112,3050,3050,0
2026-07-30 08:53:13,112,3050,3050,0
2026-07-30 08:53:14,112,3050,3050,0
2026-07-30 08:53:15,111,3050,3050,0
2026-07-30 08:53:16,111,3050,3050,0
2026-07-30 08:53:17,112,3050,3050,0
2026-07-30 08:53:18,112,3050,3050,0
2026-07-30 08:53:19,111,3050,3050,0
2026-07-30 08:53:20,111,3050,3050,0
2026-07-30 08:53:21,112,3050,3050,0
2026-07-30 08:53:22,111,3050,3050,0
2026-07-30 08:53:23,111,3050,3050,0
2026-07-30 08:53:24,112,3050,3050,0
2026-07-30 08:53:25,112,3050,3050,0
2026-07-30 08:53:26,111,3050,3050,0
2026-07-30 08:53:27,112,3050,3050,0
2026-07-30 08:53:28,112,3050,3050,0
2026-07-30 08:53:29,111,3050,3050,0
2026-07-30 08:53:30,112,3050,3050,0
2026-07-30 08:53:31,112,3050,3050,0
2026-07-30 08:53:32,111,3050,3050,0
2026-07-30 08:53:33,111,3050,3050,0
2026-07-30 08:53:34,111,3050,3050,0
2026-07-30 08:53:35,112,3050,3050,0
2026-07-30 08:53:36,113,3050,3050,0
2026-07-30 08:53:37,112,3050,3050,0
2026-07-30 08:53:38,112,3050,3050,0
2026-07-30 08:53:39,111,3050,3050,0
2026-07-30 08:53:40,111,3050,3050,0
2026-07-30 08:53:41,112,3050,3050,0
2026-07-30 08:53:42,111,3050,3050,0
2026-07-30 08:53:43,112,3050,3050,0
2026-07-30 08:53:44,112,3050,3050,0
2026-07-30 08:53:45,112,3050,3050,0
2026-07-30 08:53:46,111,3050,3050,0
2026-07-30 08:53:47,113,3050,3050,0
2026-07-30 08:53:48,111,3050,3050,0
2026-07-30 08:53:49,111,3050,3050,0
2026-07-30 08:53:50,111,3050,3050,0
2026-07-30 08:53:51,112,3050,3050,0
2026-07-30 08:53:52,112,3050,3050,0
2026-07-30 08:53:53,112,3050,3050,0
2026-07-30 08:53:54,111,3050,3050,0
2026-07-30 08:53:55,111,3050,3050,0
2026-07-30 08:53:56,112,3050,3050,0
2026-07-30 08:53:57,112,3050,3050,0
2026-07-30 08:53:58,111,3050,3050,0
2026-07-30 08:53:59,112,3050,3050,0
2026-07-30 08:54:00,110,3050,3050,0
2026-07-30 08:54:01,112,3050,3050,0
2026-07-30 08:54:02,112,3050,3050,0
2026-07-30 08:54:03,112,3050,3050,0
2026-07-30 08:54:04,111,3050,3050,0
2026-07-30 08:54:05,112,3050,3050,0
2026-07-30 08:54:06,112,3050,3050,0
2026-07-30 08:54:07,112,3050,3050,0
2026-07-30 08:54:08,112,3050,3050,0
2026-07-30 08:54:09,111,3050,3050,0
2026-07-30 08:54:10,112,3050,3050,0
2026-07-30 08:54:11,111,3050,3050,0
2026-07-30 08:54:12,112,3050,3050,0
2026-07-30 08:54:13,111,3050,3050,0
2026-07-30 08:54:14,111,3050,3050,0
2026-07-30 08:54:15,112,3050,3050,0
2026-07-30 08:54:16,112,3050,3050,0
2026-07-30 08:54:17,111,3050,3050,0
2026-07-30 08:54:18,112,3050,3050,0
2026-07-30 08:54:19,112,3050,3050,0
2026-07-30 08:54:20,111,3050,3050,0
2026-07-30 08:54:21,112,3050,3050,0
2026-07-30 08:54:22,112,3050,3050,0
2026-07-30 08:54:23,111,3050,3050,0
2026-07-30 08:54:24,112,3050,3050,0
2026-07-30 08:54:25,112,3050,3050,0
2026-07-30 08:54:26,112,3050,3050,0
2026-07-30 08:54:27,112,3050,3050,0
2026-07-30 08:54:28,111,3050,3050,0
2026-07-30 08:54:29,112,3050,3050,0
2026-07-30 08:54:30,112,3050,3050,0
2026-07-30 08:54:31,111,3050,3050,0
2026-07-30 08:54:32,112,3050,3050,0
2026-07-30 08:54:33,111,3050,3050,0
2026-07-30 08:54:34,112,3050,3050,0
2026-07-30 08:54:35,111,3050,3050,0
2026-07-30 08:54:36,111,3050,3050,0
2026-07-30 08:54:37,112,3050,3050,0
2026-07-30 08:54:38,111,3050,3050,0
2026-07-30 08:54:39,111,3050,3050,0
2026-07-30 08:54:40,111,3050,3050,0
2026-07-30 08:54:41,111,3050,3050,0
2026-07-30 08:54:42,112,3050,3050,0
2026-07-30 08:54:43,112,3050,3050,0
2026-07-30 08:54:44,112,3050,3050,0
2026-07-30 08:54:45,112,3050,3050,0
2026-07-30 08:54:46,111,3050,3050,0
2026-07-30 08:54:47,111,3050,3050,0
2026-07-30 08:54:48,111,3050,3050,0
2026-07-30 08:54:49,112,3050,3050,0
2026-07-30 08:54:50,112,3050,3050,0
2026-07-30 08:54:51,112,3050,3050,0
2026-07-30 08:54:52,112,3050,3050,0
2026-07-30 08:54:53,112,3050,3050,0
2026-07-30 08:54:54,111,3050,3050,0
2026-07-30 08:54:55,112,3050,3050,0
2026-07-30 08:54:56,111,3050,3050,0
2026-07-30 08:54:57,112,3050,3050,0
2026-07-30 08:54:58,111,3050,3050,0
2026-07-30 08:54:59,112,3050,3050,0
2026-07-30 08:55:00,111,3050,3050,0
2026-07-30 08:55:01,111,3050,3050,0
2026-07-30 08:55:02,112,3050,3050,0
2026-07-30 08:55:03,112,3050,3050,0
2026-07-30 08:55:04,112,3050,3050,0
2026-07-30 08:55:05,111,3050,3050,0
2026-07-30 08:55:06,112,3050,3050,0
2026-07-30 08:55:07,112,3050,3050,0
2026-07-30 08:55:08,113,3050,3050,0
2026-07-30 08:55:09,113,3050,3050,0
2026-07-30 08:55:10,111,3050,3050,0
2026-07-30 08:55:11,112,3050,3050,0
2026-07-30 08:55:12,112,3050,3050,0
2026-07-30 08:55:13,112,3050,3050,0
2026-07-30 08:55:14,112,3050,3050,0
2026-07-30 08:55:15,112,3050,3050,0
2026-07-30 08:55:16,111,3050,3050,0
2026-07-30 08:55:17,112,3050,3050,0
2026-07-30 08:55:18,111,3050,3050,0
2026-07-30 08:55:19,111,3050,3050,0
2026-07-30 08:55:20,111,3050,3050,0
2026-07-30 08:55:21,112,3050,3050,0
2026-07-30 08:55:22,112,3050,3050,0
2026-07-30 08:55:23,112,3050,3050,0
2026-07-30 08:55:24,112,3050,3050,0
2026-07-30 08:55:25,111,3050,3050,0
2026-07-30 08:55:26,112,3050,3050,0
2026-07-30 08:55:27,112,3050,3050,0
2026-07-30 08:55:28,111,3050,3050,0
2026-07-30 08:55:29,112,3050,3050,0
2026-07-30 08:55:30,112,3050,3050,0
2026-07-30 08:55:31,112,3050,3050,0
2026-07-30 08:55:32,112,3050,3050,0
2026-07-30 08:55:33,112,3050,3050,0
2026-07-30 08:55:34,112,3050,3050,0
2026-07-30 08:55:35,112,3050,3050,0
2026-07-30 08:55:36,112,3050,3050,0
2026-07-30 08:55:37,111,3050,3050,0
2026-07-30 08:55:38,112,3050,3050,0
2026-07-30 08:55:39,112,3050,3050,0
2026-07-30 08:55:40,112,3050,3050,0
2026-07-30 08:55:41,112,3050,3050,0
2026-07-30 08:55:42,112,3050,3050,0
2026-07-30 08:55:43,112,3050,3050,0
2026-07-30 08:55:44,112,3050,3050,0
2026-07-30 08:55:45,113,3050,3050,0
2026-07-30 08:55:46,112,3050,3050,0
2026-07-30 08:55:47,112,3050,3050,0
2026-07-30 08:55:48,112,3050,3050,0
2026-07-30 08:55:49,111,3050,3050,0
2026-07-30 08:55:50,113,3050,3050,0
2026-07-30 08:55:51,112,3050,3050,0
2026-07-30 08:55:52,112,3050,3050,0
2026-07-30 08:55:53,112,3050,3050,0
2026-07-30 08:55:54,111,3050,3050,0
2026-07-30 08:55:55,112,3050,3050,0
2026-07-30 08:55:56,112,3050,3050,0
2026-07-30 08:55:57,112,3050,3050,0
2026-07-30 08:55:58,112,3050,3050,0
2026-07-30 08:55:59,112,3050,3050,0
2026-07-30 08:56:00,112,3050,3050,0
2026-07-30 08:56:01,111,3050,3050,0
2026-07-30 08:56:02,111,3050,3050,0
2026-07-30 08:56:03,112,3050,3050,0
2026-07-30 08:56:04,112,3050,3050,0
2026-07-30 08:56:05,112,3050,3050,0
2026-07-30 08:56:06,112,3050,3050,0
2026-07-30 08:56:07,111,3050,3050,0
2026-07-30 08:56:08,112,3050,3050,0
2026-07-30 08:56:09,111,3050,3050,0
2026-07-30 08:56:10,111,3050,3050,0
2026-07-30 08:56:11,111,3050,3050,0
2026-07-30 08:56:12,112,3050,3050,0
2026-07-30 08:56:13,112,3050,3050,0
2026-07-30 08:56:14,112,3050,3050,0
2026-07-30 08:56:15,112,3050,3050,0
2026-07-30 08:56:16,112,3050,3050,0
2026-07-30 08:56:17,112,3050,3050,0
2026-07-30 08:56:18,112,3050,3050,0
2026-07-30 08:56:19,112,3050,3050,0
2026-07-30 08:56:20,112,3050,3050,0
2026-07-30 08:56:21,112,3050,3050,0
2026-07-30 08:56:22,111,3050,3050,0
2026-07-30 08:56:23,111,3050,3050,0
2026-07-30 08:56:24,111,3050,3050,0
2026-07-30 08:56:25,112,3050,3050,0
2026-07-30 08:56:26,113,3050,3050,0
2026-07-30 08:56:27,112,3050,3050,0
2026-07-30 08:56:28,112,3050,3050,0
2026-07-30 08:56:29,112,3050,3050,0
2026-07-30 08:56:30,112,3050,3050,0
2026-07-30 08:56:31,112,3050,3050,0
2026-07-30 08:56:32,112,3050,3050,0
2026-07-30 08:56:33,111,3050,3050,0
2026-07-30 08:56:34,111,3050,3050,0
2026-07-30 08:56:35,112,3050,3050,0
2026-07-30 08:56:36,111,3050,3050,0
2026-07-30 08:56:37,112,3050,3050,0
2026-07-30 08:56:38,111,3050,3050,0
2026-07-30 08:56:39,111,3050,3050,0
2026-07-30 08:56:40,111,3050,3050,0
2026-07-30 08:56:41,112,3050,3050,0
2026-07-30 08:56:42,111,3050,3050,0
2026-07-30 08:56:43,111,3050,3050,0
2026-07-30 08:56:44,112,3050,3050,0
2026-07-30 08:56:45,113,3050,3050,0
2026-07-30 08:56:46,112,3050,3050,0
2026-07-30 08:56:47,112,3050,3050,0
2026-07-30 08:56:48,112,3050,3050,0
2026-07-30 08:56:49,113,3050,3050,0
2026-07-30 08:56:50,112,3050,3050,0
2026-07-30 08:56:51,111,3050,3050,0
2026-07-30 08:56:52,112,3050,3050,0
2026-07-30 08:56:53,113,3050,3050,0
2026-07-30 08:56:54,112,3050,3050,0
2026-07-30 08:56:55,112,3050,3050,0
2026-07-30 08:56:56,112,3050,3050,0
2026-07-30 08:56:57,111,3050,3050,0
2026-07-30 08:56:58,112,3050,3050,0
2026-07-30 08:56:59,112,3050,3050,0
2026-07-30 08:57:00,112,3050,3050,0
2026-07-30 08:57:01,112,3050,3050,0
2026-07-30 08:57:02,112,3050,3050,0
2026-07-30 08:57:03,112,3050,3050,0
2026-07-30 08:57:04,112,3050,3050,0
2026-07-30 08:57:05,112,3050,3050,0
2026-07-30 08:57:06,112,3050,3050,0
2026-07-30 08:57:07,111,3050,3050,0
2026-07-30 08:57:08,111,3050,3050,0
2026-07-30 08:57:09,111,3050,3050,0
2026-07-30 08:57:10,112,3050,3050,0
2026-07-30 08:57:11,112,3050,3050,0
2026-07-30 08:57:12,112,3050,3050,0
2026-07-30 08:57:13,111,3050,3050,0
2026-07-30 08:57:14,111,3050,3050,0
2026-07-30 08:57:15,112,3050,3050,0
2026-07-30 08:57:16,112,3050,3050,0
2026-07-30 08:57:17,111,3050,3050,0
2026-07-30 08:57:18,111,3050,3050,0
2026-07-30 08:57:19,112,3050,3050,0
2026-07-30 08:57:20,112,3050,3050,0
2026-07-30 08:57:21,112,3050,3050,0
2026-07-30 08:57:22,112,3050,3050,0
2026-07-30 08:57:23,111,3050,3050,0
2026-07-30 08:57:24,112,3050,3050,0
2026-07-30 08:57:25,112,3050,3050,0
2026-07-30 08:57:26,112,3050,3050,0
2026-07-30 08:57:27,111,3050,3050,0
2026-07-30 08:57:28,111,3050,3050,0
2026-07-30 08:57:29,112,3050,3050,0
2026-07-30 08:57:30,112,3050,3050,0
2026-07-30 08:57:31,112,3050,3050,0
2026-07-30 08:57:32,112,3050,3050,0
2026-07-30 08:57:33,113,3050,3050,0
2026-07-30 08:57:34,112,3050,3050,0
2026-07-30 08:57:35,112,3050,3050,0
2026-07-30 08:57:36,112,3050,3050,0
2026-07-30 08:57:37,111,3050,3050,0
2026-07-30 08:57:38,111,3050,3050,0
2026-07-30 08:57:39,112,3050,3050,0
2026-07-30 08:57:40,111,3050,3050,0
2026-07-30 08:57:41,112,3050,3050,0
2026-07-30 08:57:42,112,3050,3050,0
2026-07-30 08:57:43,112,3050,3050,0
2026-07-30 08:57:44,112,3050,3050,0
2026-07-30 08:57:45,111,3050,3050,0
2026-07-30 08:57:46,112,3050,3050,0
2026-07-30 08:57:47,111,3050,3050,0
2026-07-30 08:57:48,112,3050,3050,0
2026-07-30 08:57:49,112,3050,3050,0
2026-07-30 08:57:50,112,3050,3050,0
2026-07-30 08:57:51,112,3050,3050,0
2026-07-30 08:57:52,111,3050,3050,0
2026-07-30 08:57:53,111,3050,3050,0
2026-07-30 08:57:54,113,3050,3050,0
2026-07-30 08:57:55,111,3050,3050,0
2026-07-30 08:57:56,112,3050,3050,0
2026-07-30 08:57:57,112,3050,3050,0
2026-07-30 08:57:58,112,3050,3050,0
2026-07-30 08:57:59,112,3050,3050,0
2026-07-30 08:58:00,111,3050,3050,0
2026-07-30 08:58:01,111,3050,3050,0
2026-07-30 08:58:02,113,3050,3050,0
2026-07-30 08:58:03,112,3050,3050,0
2026-07-30 08:58:04,112,3050,3050,0
2026-07-30 08:58:05,111,3050,3050,0
2026-07-30 08:58:06,111,3050,3050,0
2026-07-30 08:58:07,111,3050,3050,0
2026-07-30 08:58:08,112,3050,3050,0
2026-07-30 08:58:09,112,3050,3050,0
2026-07-30 08:58:10,112,3050,3050,0
2026-07-30 08:58:11,112,3050,3050,0
2026-07-30 08:58:12,111,3050,3050,0
2026-07-30 08:58:13,111,3050,3050,0
2026-07-30 08:58:14,112,3050,3050,0
2026-07-30 08:58:15,111,3050,3050,0
2026-07-30 08:58:16,112,3050,3050,0
2026-07-30 08:58:17,112,3050,3050,0
2026-07-30 08:58:18,112,3050,3050,0
2026-07-30 08:58:19,111,3050,3050,0
2026-07-30 08:58:20,112,3050,3050,0
2026-07-30 08:58:21,112,3050,3050,0
2026-07-30 08:58:22,112,3050,3050,0
2026-07-30 08:58:23,112,3050,3050,0
2026-07-30 08:58:24,112,3050,3050,0
2026-07-30 08:58:25,112,3050,3050,0
2026-07-30 08:58:26,112,3050,3050,0
2026-07-30 08:58:27,112,3050,3050,0
2026-07-30 08:58:28,112,3050,3050,0
2026-07-30 08:58:29,112,3050,3050,0
2026-07-30 08:58:30,112,3050,3050,0
2026-07-30 08:58:31,112,3050,3050,0
2026-07-30 08:58:32,112,3050,3050,0
2026-07-30 08:58:33,112,3050,3050,0
2026-07-30 08:58:34,112,3050,3050,0
2026-07-30 08:58:35,111,3050,3050,0
2026-07-30 08:58:36,111,3050,3050,0
2026-07-30 08:58:37,112,3050,3050,0
2026-07-30 08:58:38,112,3050,3050,0
2026-07-30 08:58:39,112,3050,3050,0
2026-07-30 08:58:40,112,3050,3050,0
2026-07-30 08:58:41,113,3050,3050,0
2026-07-30 08:58:42,112,3050,3050,0
2026-07-30 08:58:43,111,3050,3050,0
2026-07-30 08:58:44,112,3050,3050,0
2026-07-30 08:58:45,111,3050,3050,0
2026-07-30 08:58:46,112,3050,3050,0
2026-07-30 08:58:47,112,3050,3050,0
2026-07-30 08:58:48,112,3050,3050,0
2026-07-30 08:58:49,111,3050,3050,0
2026-07-30 08:58:50,112,3050,3050,0
2026-07-30 08:58:51,111,3050,3050,0
2026-07-30 08:58:52,112,3050,3050,0
2026-07-30 08:58:53,111,3050,3050,0
2026-07-30 08:58:54,111,3050,3050,0
2026-07-30 08:58:55,112,3050,3050,0
2026-07-30 08:58:56,112,3050,3050,0
2026-07-30 08:58:57,111,3050,3050,0
2026-07-30 08:58:58,111,3050,3050,0
2026-07-30 08:58:59,112,3050,3050,0
2026-07-30 08:59:00,111,3050,3050,0
2026-07-30 08:59:01,111,3050,3050,0
2026-07-30 08:59:02,111,3050,3050,0
2026-07-30 08:59:03,112,3050,3050,0
2026-07-30 08:59:04,112,3050,3050,0
2026-07-30 08:59:05,112,3050,3050,0
2026-07-30 08:59:06,112,3050,3050,0
2026-07-30 08:59:07,112,3050,3050,0
2026-07-30 08:59:08,112,3050,3050,0
2026-07-30 08:59:09,111,3050,3050,0
2026-07-30 08:59:10,111,3050,3050,0
2026-07-30 08:59:11,112,3050,3050,0
2026-07-30 08:59:12,113,3050,3050,0
2026-07-30 08:59:13,111,3050,3050,0
2026-07-30 08:59:14,111,3050,3050,0
2026-07-30 08:59:15,112,3050,3050,0
2026-07-30 08:59:16,111,3050,3050,0
2026-07-30 08:59:17,113,3050,3050,0
2026-07-30 08:59:18,112,3050,3050,0
2026-07-30 08:59:19,112,3050,3050,0
2026-07-30 08:59:20,112,3050,3050,0
2026-07-30 08:59:21,112,3050,3050,0
2026-07-30 08:59:22,111,3050,3050,0
2026-07-30 08:59:23,112,3050,3050,0
2026-07-30 08:59:24,112,3050,3050,0
2026-07-30 08:59:25,112,3050,3050,0
2026-07-30 08:59:26,111,3050,3050,0
2026-07-30 08:59:27,112,3050,3050,0
2026-07-30 08:59:28,112,3050,3050,0
2026-07-30 08:59:29,111,3050,3050,0
2026-07-30 08:59:30,111,3050,3050,0
2026-07-30 08:59:31,113,3050,3050,0
2026-07-30 08:59:32,111,3050,3050,0
2026-07-30 08:59:33,112,3050,3050,0
2026-07-30 08:59:34,112,3050,3050,0
2026-07-30 08:59:35,111,3050,3050,0
2026-07-30 08:59:36,111,3050,3050,0
2026-07-30 08:59:37,112,3050,3050,0
2026-07-30 08:59:38,112,3050,3050,0
2026-07-30 08:59:39,112,3050,3050,0
2026-07-30 08:59:40,112,3050,3050,0
2026-07-30 08:59:41,112,3050,3050,0
2026-07-30 08:59:42,112,3050,3050,0
2026-07-30 08:59:43,111,3050,3050,0
2026-07-30 08:59:44,111,3050,3050,0
2026-07-30 08:59:45,112,3050,3050,0
2026-07-30 08:59:46,111,3050,3050,0
2026-07-30 08:59:47,112,3050,3050,0
2026-07-30 08:59:48,112,3050,3050,0
2026-07-30 08:59:49,112,3050,3050,0
2026-07-30 08:59:50,112,3050,3050,0
2026-07-30 08:59:51,112,3050,3050,0
2026-07-30 08:59:52,111,3050,3050,0
2026-07-30 08:59:53,111,3050,3050,0
2026-07-30 08:59:54,112,3050,3050,0
2026-07-30 08:59:55,112,3050,3050,0
2026-07-30 08:59:56,112,3050,3050,0
2026-07-30 08:59:57,111,3050,3050,0
2026-07-30 08:59:58,111,3050,3050,0
2026-07-30 08:59:59,111,3050,3050,0
2026-07-30 09:00:00,111,3050,3050,0
2026-07-30 09:00:01,111,3050,3050,0
2026-07-30 09:00:02,112,3050,3050,0
2026-07-30 09:00:03,112,3050,3050,0
2026-07-30 09:00:04,112,3050,3050,0
2026-07-30 09:00:05,111,3050,3050,0
2026-07-30 09:00:06,112,3050,3050,0
2026-07-30 09:00:07,111,3050,3050,0
2026-07-30 09:00:08,112,3050,3050,0
2026-07-30 09:00:09,111,3050,3050,0
2026-07-30 09:00:10,111,3050,3050,0
2026-07-30 09:00:11,112,3050,3050,0
2026-07-30 09:00:12,111,3050,3050,0
2026-07-30 09:00:13,111,3050,3050,0
2026-07-30 09:00:14,112,3050,3050,0
2026-07-30 09:00:15,111,3050,3050,0
2026-07-30 09:00:16,110,3050,3050,0
2026-07-30 09:00:17,111,3050,3050,0
2026-07-30 09:00:18,111,3050,3050,0
2026-07-30 09:00:19,112,3050,3050,0
2026-07-30 09:00:20,111,3050,3050,0
2026-07-30 09:00:21,112,3050,3050,0
2026-07-30 09:00:22,111,3050,3050,0
2026-07-30 09:00:23,111,3050,3050,0
2026-07-30 09:00:24,112,3050,3050,0
2026-07-30 09:00:25,112,3050,3050,0
2026-07-30 09:00:26,111,3050,3050,0
2026-07-30 09:00:27,112,3050,3050,0
2026-07-30 09:00:28,111,3050,3050,0
2026-07-30 09:00:29,112,3050,3050,0
2026-07-30 09:00:30,111,3050,3050,0
2026-07-30 09:00:31,112,3050,3050,0
2026-07-30 09:00:32,111,3050,3050,0
2026-07-30 09:00:33,112,3050,3050,0
2026-07-30 09:00:34,112,3050,3050,0
2026-07-30 09:00:35,112,3050,3050,0
2026-07-30 09:00:36,111,3050,3050,0
2026-07-30 09:00:37,111,3050,3050,0
2026-07-30 09:00:38,111,3050,3050,0
2026-07-30 09:00:39,111,3050,3050,0
2026-07-30 09:00:40,111,3050,3050,0
2026-07-30 09:00:41,112,3050,3050,0
2026-07-30 09:00:42,112,3050,3050,0
2026-07-30 09:00:43,111,3050,3050,0
2026-07-30 09:00:44,111,3050,3050,0
2026-07-30 09:00:45,112,3050,3050,0
2026-07-30 09:00:46,112,3050,3050,0
2026-07-30 09:00:47,112,3050,3050,0
2026-07-30 09:00:48,111,3050,3050,0
2026-07-30 09:00:49,112,3050,3050,0
2026-07-30 09:00:50,111,3050,3050,0
2026-07-30 09:00:51,111,3050,3050,0
2026-07-30 09:00:52,111,3050,3050,0
2026-07-30 09:00:53,111,3050,3050,0
2026-07-30 09:00:54,111,3050,3050,0
2026-07-30 09:00:55,111,3050,3050,0
2026-07-30 09:00:56,111,3050,3050,0
2026-07-30 09:00:57,111,3050,3050,0
2026-07-30 09:00:58,112,3050,3050,0
2026-07-30 09:00:59,111,3050,3050,0
2026-07-30 09:01:00,111,3050,3050,0
2026-07-30 09:01:01,110,3050,3050,0
2026-07-30 09:01:02,112,3050,3050,0
2026-07-30 09:01:03,112,3050,3050,0
2026-07-30 09:01:04,111,3050,3050,0
2026-07-30 09:01:05,111,3050,3050,0
2026-07-30 09:01:06,111,3050,3050,0
2026-07-30 09:01:07,112,3050,3050,0
2026-07-30 09:01:08,111,3050,3050,0
2026-07-30 09:01:09,112,3050,3050,0
2026-07-30 09:01:10,112,3050,3050,0
2026-07-30 09:01:11,112,3050,3050,0
2026-07-30 09:01:12,112,3050,3050,0
2026-07-30 09:01:13,111,3050,3050,0
2026-07-30 09:01:14,111,3050,3050,0
2026-07-30 09:01:15,111,3050,3050,0
2026-07-30 09:01:16,111,3050,3050,0
2026-07-30 09:01:17,111,3050,3050,0
2026-07-30 09:01:18,111,3050,3050,0
2026-07-30 09:01:19,112,3050,3050,0
2026-07-30 09:01:20,111,3050,3050,0
2026-07-30 09:01:21,111,3050,3050,0
2026-07-30 09:01:22,111,3050,3050,0
2026-07-30 09:01:23,112,3050,3050,0
2026-07-30 09:01:24,111,3050,3050,0
2026-07-30 09:01:25,111,3050,3050,0
2026-07-30 09:01:26,111,3050,3050,0
2026-07-30 09:01:27,112,3050,3050,0
2026-07-30 09:01:28,112,3050,3050,0
2026-07-30 09:01:29,112,3050,3050,0
2026-07-30 09:01:30,112,3050,3050,0
2026-07-30 09:01:31,111,3050,3050,0
2026-07-30 09:01:32,111,3050,3050,0
2026-07-30 09:01:33,112,3050,3050,0
2026-07-30 09:01:34,112,3050,3050,0
2026-07-30 09:01:35,111,3050,3050,0
2026-07-30 09:01:36,112,3050,3050,0
2026-07-30 09:01:37,111,3050,3050,0
2026-07-30 09:01:38,112,3050,3050,0
2026-07-30 09:01:39,112,3050,3050,0
2026-07-30 09:01:40,110,3050,3050,0
2026-07-30 09:01:41,112,3050,3050,0
2026-07-30 09:01:42,112,3050,3050,0
2026-07-30 09:01:43,111,3050,3050,0
2026-07-30 09:01:44,111,3050,3050,0
2026-07-30 09:01:45,111,3050,3050,0
2026-07-30 09:01:46,111,3050,3050,0
2026-07-30 09:01:47,111,3050,3050,0
2026-07-30 09:01:48,111,3050,3050,0
2026-07-30 09:01:49,110,3050,3050,0
2026-07-30 09:01:50,111,3050,3050,0
2026-07-30 09:01:51,112,3050,3050,0
2026-07-30 09:01:52,111,3050,3050,0
2026-07-30 09:01:53,111,3050,3050,0
2026-07-30 09:01:54,111,3050,3050,0
2026-07-30 09:01:55,112,3050,3050,0
2026-07-30 09:01:56,111,3050,3050,0
2026-07-30 09:01:57,111,3050,3050,0
2026-07-30 09:01:58,112,3050,3050,0
2026-07-30 09:01:59,111,3050,3050,0
2026-07-30 09:02:00,112,3050,3050,0
2026-07-30 09:02:01,112,3050,3050,0
2026-07-30 09:02:02,110,3050,3050,0
2026-07-30 09:02:03,111,3050,3050,0
2026-07-30 09:02:04,112,3050,3050,0
2026-07-30 09:02:05,111,3050,3050,0
2026-07-30 09:02:06,112,3050,3050,0
2026-07-30 09:02:07,112,3050,3050,0
2026-07-30 09:02:08,111,3050,3050,0
2026-07-30 09:02:09,112,3050,3050,0
2026-07-30 09:02:10,112,3050,3050,0
2026-07-30 09:02:11,111,3050,3050,0
2026-07-30 09:02:12,111,3050,3050,0
2026-07-30 09:02:13,111,3050,3050,0
2026-07-30 09:02:14,112,3050,3050,0
2026-07-30 09:02:15,112,3050,3050,0
2026-07-30 09:02:16,111,3050,3050,0
2026-07-30 09:02:17,112,3050,3050,0
2026-07-30 09:02:18,112,3050,3050,0
2026-07-30 09:02:19,112,3050,3050,0
2026-07-30 09:02:20,111,3050,3050,0
2026-07-30 09:02:21,112,3050,3050,0
2026-07-30 09:02:22,111,3050,3050,0
2026-07-30 09:02:23,112,3050,3050,0
2026-07-30 09:02:24,111,3050,3050,0
2026-07-30 09:02:25,112,3050,3050,0
2026-07-30 09:02:26,111,3050,3050,0
2026-07-30 09:02:27,112,3050,3050,0
2026-07-30 09:02:28,111,3050,3050,0
2026-07-30 09:02:29,111,3050,3050,0
2026-07-30 09:02:30,112,3050,3050,0
2026-07-30 09:02:31,112,3050,3050,0
2026-07-30 09:02:32,111,3050,3050,0
2026-07-30 09:02:33,112,3050,3050,0
2026-07-30 09:02:34,111,3050,3050,0
2026-07-30 09:02:35,111,3050,3050,0
2026-07-30 09:02:36,112,3050,3050,0
2026-07-30 09:02:37,111,3050,3050,0
2026-07-30 09:02:38,111,3050,3050,0
2026-07-30 09:02:39,111,3050,3050,0
2026-07-30 09:02:40,111,3050,3050,0
2026-07-30 09:02:41,112,3050,3050,0
2026-07-30 09:02:42,111,3050,3050,0
2026-07-30 09:02:43,111,3050,3050,0
2026-07-30 09:02:44,112,3050,3050,0
2026-07-30 09:02:45,112,3050,3050,0
2026-07-30 09:02:46,112,3050,3050,0
2026-07-30 09:02:47,111,3050,3050,0
2026-07-30 09:02:48,112,3050,3050,0
2026-07-30 09:02:49,113,3050,3050,0
2026-07-30 09:02:50,111,3050,3050,0
2026-07-30 09:02:51,111,3050,3050,0
2026-07-30 09:02:52,111,3050,3050,0
2026-07-30 09:02:53,111,3050,3050,0
2026-07-30 09:02:54,112,3050,3050,0
2026-07-30 09:02:55,111,3050,3050,0
2026-07-30 09:02:56,112,3050,3050,0
2026-07-30 09:02:57,112,3050,3050,0
2026-07-30 09:02:58,112,3050,3050,0
2026-07-30 09:02:59,112,3050,3050,0
2026-07-30 09:03:00,111,3050,3050,0
2026-07-30 09:03:01,111,3050,3050,0
2026-07-30 09:03:02,112,3050,3050,0
2026-07-30 09:03:03,112,3050,3050,0
2026-07-30 09:03:04,112,3050,3050,0
2026-07-30 09:03:05,111,3050,3050,0
2026-07-30 09:03:06,112,3050,3050,0
2026-07-30 09:03:07,111,3050,3050,0
2026-07-30 09:03:08,112,3050,3050,0
2026-07-30 09:03:09,111,3050,3050,0
2026-07-30 09:03:10,111,3050,3050,0
2026-07-30 09:03:11,112,3050,3050,0
2026-07-30 09:03:12,112,3050,3050,0
2026-07-30 09:03:13,111,3050,3050,0
2026-07-30 09:03:14,112,3050,3050,0
2026-07-30 09:03:15,112,3050,3050,0
2026-07-30 09:03:16,112,3050,3050,0
2026-07-30 09:03:17,111,3050,3050,0
2026-07-30 09:03:18,112,3050,3050,0
2026-07-30 09:03:19,111,3050,3050,0
2026-07-30 09:03:20,112,3050,3050,0
2026-07-30 09:03:21,112,3050,3050,0
2026-07-30 09:03:22,111,3050,3050,0
2026-07-30 09:03:23,112,3050,3050,0
2026-07-30 09:03:24,111,3050,3050,0
2026-07-30 09:03:25,112,3050,3050,0
2026-07-30 09:03:26,111,3050,3050,0
2026-07-30 09:03:27,112,3050,3050,0
2026-07-30 09:03:28,112,3050,3050,0
2026-07-30 09:03:29,111,3050,3050,0
2026-07-30 09:03:30,111,3050,3050,0
2026-07-30 09:03:31,111,3050,3050,0
2026-07-30 09:03:32,111,3050,3050,0
2026-07-30 09:03:33,112,3050,3050,0
2026-07-30 09:03:34,112,3050,3050,0
2026-07-30 09:03:35,112,3050,3050,0
2026-07-30 09:03:36,112,3050,3050,0
2026-07-30 09:03:37,112,3050,3050,0
2026-07-30 09:03:38,112,3050,3050,0
2026-07-30 09:03:39,111,3050,3050,0
2026-07-30 09:03:40,112,3050,3050,0
2026-07-30 09:03:41,111,3050,3050,0
2026-07-30 09:03:42,111,3050,3050,0
2026-07-30 09:03:43,111,3050,3050,0
2026-07-30 09:03:44,112,3050,3050,0
2026-07-30 09:03:45,112,3050,3050,0
2026-07-30 09:03:46,112,3050,3050,0
2026-07-30 09:03:47,111,3050,3050,0
2026-07-30 09:03:48,111,3050,3050,0
2026-07-30 09:03:49,112,3050,3050,0
2026-07-30 09:03:50,111,3050,3050,0
2026-07-30 09:03:51,111,3050,3050,0
2026-07-30 09:03:52,112,3050,3050,0
2026-07-30 09:03:53,111,3050,3050,0
2026-07-30 09:03:54,112,3050,3050,0
2026-07-30 09:03:55,112,3050,3050,0
2026-07-30 09:03:56,111,3050,3050,0
2026-07-30 09:03:57,112,3050,3050,0
2026-07-30 09:03:58,111,3050,3050,0
2026-07-30 09:03:59,111,3050,3050,0
2026-07-30 09:04:00,112,3050,3050,0
2026-07-30 09:04:01,112,3050,3050,0
2026-07-30 09:04:02,112,3050,3050,0
2026-07-30 09:04:03,112,3050,3050,0
2026-07-30 09:04:04,111,3050,3050,0
2026-07-30 09:04:05,111,3050,3050,0
2026-07-30 09:04:06,111,3050,3050,0
2026-07-30 09:04:07,111,3050,3050,0
2026-07-30 09:04:08,112,3050,3050,0
2026-07-30 09:04:09,110,3050,3050,0
2026-07-30 09:04:10,111,3050,3050,0
2026-07-30 09:04:11,111,3050,3050,0
2026-07-30 09:04:12,112,3050,3050,0
2026-07-30 09:04:13,111,3050,3050,0
2026-07-30 09:04:14,111,3050,3050,0
2026-07-30 09:04:19,112,3050,3050,0
2026-07-30 09:04:19,112,3050,3050,0
2026-07-30 09:04:19,111,3050,3050,0
2026-07-30 09:04:19,112,3050,3050,0
2026-07-30 09:04:19,112,3050,3050,0
2026-07-30 09:04:20,112,3050,3050,0
2026-07-30 09:04:21,112,3050,3050,0
2026-07-30 09:04:22,112,3050,3050,0
2026-07-30 09:04:23,111,3050,3050,0
2026-07-30 09:04:24,111,3050,3050,0
2026-07-30 09:04:25,111,3050,3050,0
2026-07-30 09:04:26,111,3050,3050,0
2026-07-30 09:04:27,111,3050,3050,0
2026-07-30 09:04:28,111,3050,3050,0
2026-07-30 09:04:29,111,3050,3050,0
2026-07-30 09:04:30,112,3050,3050,0
2026-07-30 09:04:31,112,3050,3050,0
2026-07-30 09:04:32,111,3050,3050,0
2026-07-30 09:04:33,112,3050,3050,0
2026-07-30 09:04:34,112,3050,3050,0
2026-07-30 09:04:35,111,3050,3050,0
2026-07-30 09:04:36,111,3050,3050,0
2026-07-30 09:04:38,112,3050,3050,0
2026-07-30 09:04:38,113,3050,3050,0
2026-07-30 09:04:39,111,3050,3050,0
2026-07-30 09:04:41,111,3050,3050,0
2026-07-30 09:04:42,112,3050,3050,0
2026-07-30 09:04:42,112,3050,3050,0
2026-07-30 09:04:43,112,3050,3050,0
2026-07-30 09:04:44,111,3050,3050,0
2026-07-30 09:04:46,111,3050,3050,0
2026-07-30 09:04:46,112,3050,3050,0
2026-07-30 09:04:47,111,3050,3050,0
2026-07-30 09:04:48,111,3050,3050,0
2026-07-30 09:04:49,111,3050,3050,0
2026-07-30 09:04:50,112,3050,3050,0
2026-07-30 09:04:51,111,3050,3050,0
2026-07-30 09:04:52,112,3050,3050,0
2026-07-30 09:04:53,111,3050,3050,0
2026-07-30 09:04:54,111,3050,3050,0
2026-07-30 09:04:55,110,3050,3050,0
2026-07-30 09:04:56,111,3050,3050,0
2026-07-30 09:04:57,111,3050,3050,0
2026-07-30 09:04:58,111,3050,3050,0
2026-07-30 09:04:59,111,3050,3050,0
2026-07-30 09:05:01,112,3050,3050,0
2026-07-30 09:05:01,111,3050,3050,0
2026-07-30 09:05:02,111,3050,3050,0
2026-07-30 09:05:03,111,3050,3050,0
2026-07-30 09:05:04,111,3050,3050,0
2026-07-30 09:05:05,111,3050,3050,0
2026-07-30 09:05:06,111,3050,3050,0
2026-07-30 09:05:07,111,3050,3050,0
2026-07-30 09:05:08,111,3050,3050,0
2026-07-30 09:05:09,112,3050,3050,0
2026-07-30 09:05:10,111,3050,3050,0
2026-07-30 09:05:11,111,3050,3050,0
2026-07-30 09:05:12,112,3050,3050,0
2026-07-30 09:05:14,111,3050,3050,0
2026-07-30 09:05:14,111,3050,3050,0
2026-07-30 09:05:15,111,3050,3050,0
2026-07-30 09:05:16,110,3050,3050,0
2026-07-30 09:05:17,112,3050,3050,0
2026-07-30 09:05:18,111,3050,3050,0
2026-07-30 09:05:19,112,3050,3050,0
2026-07-30 09:05:20,112,3050,3050,0
2026-07-30 09:05:21,111,3050,3050,0
2026-07-30 09:05:22,112,3050,3050,0
2026-07-30 09:05:23,111,3050,3050,0
2026-07-30 09:05:24,111,3050,3050,0
2026-07-30 09:05:25,111,3050,3050,0
2026-07-30 09:05:26,111,3050,3050,0
2026-07-30 09:05:27,111,3050,3050,0
2026-07-30 09:05:28,111,3050,3050,0
2026-07-30 09:05:29,112,3050,3050,0
2026-07-30 09:05:30,111,3050,3050,0
2026-07-30 09:05:31,112,3050,3050,0
2026-07-30 09:05:32,111,3050,3050,0
2026-07-30 09:05:33,111,3050,3050,0
2026-07-30 09:05:34,112,3050,3050,0
2026-07-30 09:05:35,111,3050,3050,0
2026-07-30 09:05:36,111,3050,3050,0
2026-07-30 09:05:37,111,3050,3050,0
2026-07-30 09:05:38,111,3050,3050,0
2026-07-30 09:05:39,111,3050,3050,0
2026-07-30 09:05:40,111,3050,3050,0
2026-07-30 09:05:41,111,3050,3050,0
2026-07-30 09:05:42,112,3050,3050,0
2026-07-30 09:05:43,111,3050,3050,0
2026-07-30 09:05:44,111,3050,3050,0
2026-07-30 09:05:45,112,3050,3050,0
2026-07-30 09:05:46,111,3050,3050,0
2026-07-30 09:05:47,111,3050,3050,0
2026-07-30 09:05:48,112,3050,3050,0
2026-07-30 09:05:49,111,3050,3050,0
2026-07-30 09:05:50,111,3050,3050,0
2026-07-30 09:05:51,112,3050,3050,0
2026-07-30 09:05:52,112,3050,3050,0
2026-07-30 09:05:53,111,3050,3050,0
2026-07-30 09:05:54,112,3050,3050,0
2026-07-30 09:05:55,112,3050,3050,0
2026-07-30 09:05:56,111,3050,3050,0
2026-07-30 09:05:57,111,3050,3050,0
2026-07-30 09:05:58,112,3050,3050,0
2026-07-30 09:05:59,111,3050,3050,0
2026-07-30 09:06:00,112,3050,3050,0
2026-07-30 09:06:01,112,3050,3050,0
2026-07-30 09:06:02,111,3050,3050,0
2026-07-30 09:06:03,111,3050,3050,0
2026-07-30 09:06:04,110,3050,3050,0
2026-07-30 09:06:05,111,3050,3050,0
2026-07-30 09:06:06,112,3050,3050,0
2026-07-30 09:06:07,112,3050,3050,0
2026-07-30 09:06:08,111,3050,3050,0
2026-07-30 09:06:09,112,3050,3050,0
2026-07-30 09:06:10,112,3050,3050,0
2026-07-30 09:06:11,111,3050,3050,0
2026-07-30 09:06:12,111,3050,3050,0
2026-07-30 09:06:13,111,3050,3050,0
2026-07-30 09:06:14,111,3050,3050,0
2026-07-30 09:06:15,111,3050,3050,0
2026-07-30 09:06:16,112,3050,3050,0
2026-07-30 09:06:17,111,3050,3050,0
2026-07-30 09:06:18,110,3050,3050,0
2026-07-30 09:06:19,111,3050,3050,0
2026-07-30 09:06:20,111,3050,3050,0
2026-07-30 09:06:21,112,3050,3050,0
2026-07-30 09:06:22,111,3050,3050,0
2026-07-30 09:06:23,111,3050,3050,0
2026-07-30 09:06:24,112,3050,3050,0
2026-07-30 09:06:25,111,3050,3050,0
2026-07-30 09:06:26,111,3050,3050,0
2026-07-30 09:06:27,112,3050,3050,0
2026-07-30 09:06:28,112,3050,3050,0
2026-07-30 09:06:29,110,3050,3050,0
2026-07-30 09:06:30,111,3050,3050,0
2026-07-30 09:06:31,111,3050,3050,0
2026-07-30 09:06:32,111,3050,3050,0
2026-07-30 09:06:33,111,3050,3050,0
2026-07-30 09:06:34,111,3050,3050,0
2026-07-30 09:06:35,111,3050,3050,0
2026-07-30 09:06:36,112,3050,3050,0
2026-07-30 09:06:37,111,3050,3050,0
2026-07-30 09:06:38,111,3050,3050,0
2026-07-30 09:06:39,112,3050,3050,0
2026-07-30 09:06:40,111,3050,3050,0
2026-07-30 09:06:41,112,3050,3050,0
2026-07-30 09:06:42,112,3050,3050,0
2026-07-30 09:06:43,112,3050,3050,0
2026-07-30 09:06:44,112,3050,3050,0
2026-07-30 09:06:45,112,3050,3050,0
2026-07-30 09:06:46,111,3050,3050,0
2026-07-30 09:06:47,111,3050,3050,0
2026-07-30 09:06:48,112,3050,3050,0
2026-07-30 09:06:49,111,3050,3050,0
2026-07-30 09:06:50,111,3050,3050,0
2026-07-30 09:06:51,111,3050,3050,0
2026-07-30 09:06:52,111,3050,3050,0
2026-07-30 09:06:53,111,3050,3050,0
2026-07-30 09:06:54,112,3050,3050,0
2026-07-30 09:06:55,111,3050,3050,0
2026-07-30 09:06:56,111,3050,3050,0
2026-07-30 09:06:57,112,3050,3050,0
2026-07-30 09:06:58,111,3050,3050,0
2026-07-30 09:06:59,112,3050,3050,0
2026-07-30 09:07:00,112,3050,3050,0
2026-07-30 09:07:01,111,3050,3050,0
2026-07-30 09:07:02,111,3050,3050,0
2026-07-30 09:07:03,112,3050,3050,0
2026-07-30 09:07:04,111,3050,3050,0
2026-07-30 09:07:05,111,3050,3050,0
2026-07-30 09:07:06,111,3050,3050,0
2026-07-30 09:07:07,112,3050,3050,0
2026-07-30 09:07:08,111,3050,3050,0
2026-07-30 09:07:09,111,3050,3050,0
2026-07-30 09:07:10,111,3050,3050,0
2026-07-30 09:07:11,111,3050,3050,0
2026-07-30 09:07:12,112,3050,3050,0
2026-07-30 09:07:13,111,3050,3050,0
2026-07-30 09:07:14,112,3050,3050,0
2026-07-30 09:07:15,112,3050,3050,0
2026-07-30 09:07:16,111,3050,3050,0
2026-07-30 09:07:17,112,3050,3050,0
2026-07-30 09:07:18,111,3050,3050,0
2026-07-30 09:07:19,112,3050,3050,0
2026-07-30 09:07:20,112,3050,3050,0
2026-07-30 09:07:21,111,3050,3050,0
2026-07-30 09:07:22,112,3050,3050,0
2026-07-30 09:07:23,111,3050,3050,0
2026-07-30 09:07:24,112,3050,3050,0
2026-07-30 09:07:25,111,3050,3050,0
2026-07-30 09:07:26,111,3050,3050,0
2026-07-30 09:07:27,110,3050,3050,0
2026-07-30 09:07:28,112,3050,3050,0
2026-07-30 09:07:29,110,3050,3050,0
2026-07-30 09:07:30,111,3050,3050,0
2026-07-30 09:07:31,111,3050,3050,0
2026-07-30 09:07:32,111,3050,3050,0
2026-07-30 09:07:33,111,3050,3050,0
2026-07-30 09:07:34,111,3050,3050,0
2026-07-30 09:07:35,111,3050,3050,0
2026-07-30 09:07:36,111,3050,3050,0
2026-07-30 09:07:37,112,3050,3050,0
2026-07-30 09:07:38,111,3050,3050,0
2026-07-30 09:07:39,111,3050,3050,0
2026-07-30 09:07:40,111,3050,3050,0
2026-07-30 09:07:41,112,3050,3050,0
2026-07-30 09:07:42,111,3050,3050,0
2026-07-30 09:07:43,112,3050,3050,0
2026-07-30 09:07:44,111,3050,3050,0
2026-07-30 09:07:45,111,3050,3050,0
2026-07-30 09:07:46,111,3050,3050,0
2026-07-30 09:07:47,110,3050,3050,0
2026-07-30 09:07:48,111,3050,3050,0
2026-07-30 09:07:49,112,3050,3050,0
2026-07-30 09:07:50,112,3050,3050,0
2026-07-30 09:07:51,111,3050,3050,0
2026-07-30 09:07:52,111,3050,3050,0
2026-07-30 09:07:53,111,3050,3050,0
2026-07-30 09:07:54,111,3050,3050,0
2026-07-30 09:07:55,112,3050,3050,0
2026-07-30 09:07:56,111,3050,3050,0
2026-07-30 09:07:57,111,3050,3050,0
2026-07-30 09:07:58,112,3050,3050,0
2026-07-30 09:07:59,111,3050,3050,0
2026-07-30 09:08:00,110,3050,3050,0
2026-07-30 09:08:01,112,3050,3050,0
2026-07-30 09:08:02,111,3050,3050,0
2026-07-30 09:08:03,111,3050,3050,0
2026-07-30 09:08:04,112,3050,3050,0
2026-07-30 09:08:05,111,3050,3050,0
2026-07-30 09:08:06,112,3050,3050,0
2026-07-30 09:08:07,112,3050,3050,0
2026-07-30 09:08:08,112,3050,3050,0
2026-07-30 09:08:09,112,3050,3050,0
2026-07-30 09:08:10,112,3050,3050,0
2026-07-30 09:08:11,111,3050,3050,0
2026-07-30 09:08:12,111,3050,3050,0
2026-07-30 09:08:13,111,3050,3050,0
2026-07-30 09:08:14,112,3050,3050,0
2026-07-30 09:08:15,112,3050,3050,0
2026-07-30 09:08:16,112,3050,3050,0
2026-07-30 09:08:17,112,3050,3050,0
2026-07-30 09:08:18,110,3050,3050,0
2026-07-30 09:08:19,112,3050,3050,0
2026-07-30 09:08:20,111,3050,3050,0
2026-07-30 09:08:21,112,3050,3050,0
2026-07-30 09:08:22,112,3050,3050,0
2026-07-30 09:08:23,111,3050,3050,0
2026-07-30 09:08:24,112,3050,3050,0
2026-07-30 09:08:25,111,3050,3050,0
2026-07-30 09:08:26,111,3050,3050,0
2026-07-30 09:08:27,111,3050,3050,0
2026-07-30 09:08:28,112,3050,3050,0
2026-07-30 09:08:29,112,3050,3050,0
2026-07-30 09:08:30,112,3050,3050,0
2026-07-30 09:08:31,112,3050,3050,0
2026-07-30 09:08:32,111,3050,3050,0
2026-07-30 09:08:33,112,3050,3050,0
2026-07-30 09:08:34,111,3050,3050,0
2026-07-30 09:08:35,112,3050,3050,0
2026-07-30 09:08:36,112,3050,3050,0
2026-07-30 09:08:37,112,3050,3050,0
2026-07-30 09:08:38,112,3050,3050,0
2026-07-30 09:08:39,112,3050,3050,0
2026-07-30 09:08:40,111,3050,3050,0
2026-07-30 09:08:41,111,3050,3050,0
2026-07-30 09:08:42,111,3050,3050,0
2026-07-30 09:08:43,111,3050,3050,0
2026-07-30 09:08:44,111,3050,3050,0
2026-07-30 09:08:45,111,3050,3050,0
2026-07-30 09:08:46,111,3050,3050,0
2026-07-30 09:08:47,111,3050,3050,0
2026-07-30 09:08:48,112,3050,3050,0
2026-07-30 09:08:49,111,3050,3050,0
2026-07-30 09:08:50,112,3050,3050,0
2026-07-30 09:08:51,111,3050,3050,0
2026-07-30 09:08:52,111,3050,3050,0
2026-07-30 09:08:53,111,3050,3050,0
2026-07-30 09:08:54,111,3050,3050,0
2026-07-30 09:08:55,110,3050,3050,0
2026-07-30 09:08:56,111,3050,3050,0
2026-07-30 09:08:57,111,3050,3050,0
2026-07-30 09:08:58,112,3050,3050,0
2026-07-30 09:08:59,112,3050,3050,0
2026-07-30 09:09:00,111,3050,3050,0
2026-07-30 09:09:01,111,3050,3050,0
2026-07-30 09:09:02,111,3050,3050,0
2026-07-30 09:09:03,111,3050,3050,0
2026-07-30 09:09:04,111,3050,3050,0
2026-07-30 09:09:05,111,3050,3050,0
2026-07-30 09:09:06,112,3050,3050,0
2026-07-30 09:09:07,111,3050,3050,0
2026-07-30 09:09:08,111,3050,3050,0
2026-07-30 09:09:09,112,3050,3050,0
2026-07-30 09:09:10,112,3050,3050,0
2026-07-30 09:09:11,111,3050,3050,0
2026-07-30 09:09:12,111,3050,3050,0
2026-07-30 09:09:13,110,3050,3050,0
2026-07-30 09:09:14,111,3050,3050,0
2026-07-30 09:09:15,112,3050,3050,0
2026-07-30 09:09:16,112,3050,3050,0
2026-07-30 09:09:17,111,3050,3050,0
2026-07-30 09:09:18,112,3050,3050,0
2026-07-30 09:09:19,112,3050,3050,0
2026-07-30 09:09:20,111,3050,3050,0
2026-07-30 09:09:21,111,3050,3050,0
2026-07-30 09:09:22,111,3050,3050,0
2026-07-30 09:09:23,111,3050,3050,0
2026-07-30 09:09:24,111,3050,3050,0
2026-07-30 09:09:25,112,3050,3050,0
2026-07-30 09:09:26,111,3050,3050,0
2026-07-30 09:09:27,111,3050,3050,0
2026-07-30 09:09:28,111,3050,3050,0
2026-07-30 09:09:29,111,3050,3050,0
2026-07-30 09:09:30,112,3050,3050,0
2026-07-30 09:09:31,111,3050,3050,0
2026-07-30 09:09:32,112,3050,3050,0
2026-07-30 09:09:33,112,3050,3050,0
2026-07-30 09:09:34,112,3050,3050,0
2026-07-30 09:09:35,112,3050,3050,0
2026-07-30 09:09:36,111,3050,3050,0
2026-07-30 09:09:37,112,3050,3050,0
2026-07-30 09:09:38,110,3050,3050,0
2026-07-30 09:09:39,111,3050,3050,0
2026-07-30 09:09:40,111,3050,3050,0
2026-07-30 09:09:41,112,3050,3050,0
2026-07-30 09:09:42,111,3050,3050,0
2026-07-30 09:09:43,111,3050,3050,0
2026-07-30 09:09:44,111,3050,3050,0
2026-07-30 09:09:45,111,3050,3050,0
2026-07-30 09:09:46,111,3050,3050,0
2026-07-30 09:09:47,112,3050,3050,0
2026-07-30 09:09:48,111,3050,3050,0
2026-07-30 09:09:49,112,3050,3050,0
2026-07-30 09:09:51,111,3050,3050,0
2026-07-30 09:09:51,111,3050,3050,0
2026-07-30 09:09:52,112,3050,3050,0
2026-07-30 09:09:53,112,3050,3050,0
2026-07-30 09:09:54,111,3050,3050,0
2026-07-30 09:09:55,111,3050,3050,0
2026-07-30 09:09:56,111,3050,3050,0
2026-07-30 09:09:57,111,3050,3050,0
2026-07-30 09:09:58,112,3050,3050,0
2026-07-30 09:09:59,111,3050,3050,0
2026-07-30 09:10:00,111,3050,3050,0
2026-07-30 09:10:01,111,3050,3050,0
2026-07-30 09:10:02,112,3050,3050,0
2026-07-30 09:10:03,111,3050,3050,0
2026-07-30 09:10:04,111,3050,3050,0
2026-07-30 09:10:05,112,3050,3050,0
2026-07-30 09:10:06,111,3050,3050,0
2026-07-30 09:10:07,112,3050,3050,0
2026-07-30 09:10:08,112,3050,3050,0
2026-07-30 09:10:10,112,3050,3050,0
2026-07-30 09:10:10,110,3050,3050,0
2026-07-30 09:10:11,111,3050,3050,0
2026-07-30 09:10:12,111,3050,3050,0
2026-07-30 09:10:13,111,3050,3050,0
2026-07-30 09:10:15,111,3050,3050,0
2026-07-30 09:10:15,111,3050,3050,0
2026-07-30 09:10:16,112,3050,3050,0
2026-07-30 09:10:17,112,3050,3050,0
2026-07-30 09:10:18,111,3050,3050,0
2026-07-30 09:10:19,112,3050,3050,0
2026-07-30 09:10:20,111,3050,3050,0
2026-07-30 09:10:21,110,3050,3050,0
2026-07-30 09:10:22,111,3050,3050,0
2026-07-30 09:10:23,111,3050,3050,0
2026-07-30 09:10:24,111,3050,3050,0
2026-07-30 09:10:25,111,3050,3050,0
2026-07-30 09:10:26,111,3050,3050,0
2026-07-30 09:10:27,112,3050,3050,0
2026-07-30 09:10:28,112,3050,3050,0
2026-07-30 09:10:29,112,3050,3050,0
2026-07-30 09:10:31,111,3050,3050,0
2026-07-30 09:10:31,112,3050,3050,0
2026-07-30 09:10:32,112,3050,3050,0
2026-07-30 09:10:33,111,3050,3050,0
2026-07-30 09:10:34,112,3050,3050,0
2026-07-30 09:10:35,112,3050,3050,0
2026-07-30 09:10:36,111,3050,3050,0
2026-07-30 09:10:37,112,3050,3050,0
2026-07-30 09:10:38,111,3050,3050,0
2026-07-30 09:10:39,111,3050,3050,0
2026-07-30 09:10:40,111,3050,3050,0
2026-07-30 09:10:41,111,3050,3050,0
2026-07-30 09:10:42,112,3050,3050,0
2026-07-30 09:10:43,111,3050,3050,0
2026-07-30 09:10:44,112,3050,3050,0
2026-07-30 09:10:45,111,3050,3050,0
2026-07-30 09:10:46,112,3050,3050,0
2026-07-30 09:10:47,111,3050,3050,0
2026-07-30 09:10:48,111,3050,3050,0
2026-07-30 09:10:49,112,3050,3050,0
2026-07-30 09:10:50,112,3050,3050,0
2026-07-30 09:10:51,111,3050,3050,0
2026-07-30 09:10:52,111,3050,3050,0
2026-07-30 09:10:53,112,3050,3050,0
2026-07-30 09:10:54,112,3050,3050,0
2026-07-30 09:10:55,111,3050,3050,0
2026-07-30 09:10:56,111,3050,3050,0
2026-07-30 09:10:57,111,3050,3050,0
2026-07-30 09:10:58,112,3050,3050,0
2026-07-30 09:10:59,111,3050,3050,0
2026-07-30 09:11:00,112,3050,3050,0
2026-07-30 09:11:01,111,3050,3050,0
2026-07-30 09:11:02,111,3050,3050,0
2026-07-30 09:11:03,111,3050,3050,0
2026-07-30 09:11:04,112,3050,3050,0
2026-07-30 09:11:05,111,3050,3050,0
2026-07-30 09:11:06,111,3050,3050,0
2026-07-30 09:11:07,111,3050,3050,0
2026-07-30 09:11:08,112,3050,3050,0
2026-07-30 09:11:09,112,3050,3050,0
2026-07-30 09:11:10,111,3050,3050,0
2026-07-30 09:11:11,111,3050,3050,0
2026-07-30 09:11:12,111,3050,3050,0
2026-07-30 09:11:13,111,3050,3050,0
2026-07-30 09:11:14,112,3050,3050,0
2026-07-30 09:11:15,112,3050,3050,0
2026-07-30 09:11:16,111,3050,3050,0
2026-07-30 09:11:17,110,3050,3050,0
2026-07-30 09:11:18,112,3050,3050,0
2026-07-30 09:11:19,111,3050,3050,0
2026-07-30 09:11:20,111,3050,3050,0
2026-07-30 09:11:21,111,3050,3050,0
2026-07-30 09:11:22,112,3050,3050,0
2026-07-30 09:11:23,111,3050,3050,0
2026-07-30 09:11:24,111,3050,3050,0
2026-07-30 09:11:25,111,3050,3050,0
2026-07-30 09:11:26,111,3050,3050,0
2026-07-30 09:11:27,112,3050,3050,0
2026-07-30 09:11:28,112,3050,3050,0
2026-07-30 09:11:29,112,3050,3050,0
2026-07-30 09:11:30,111,3050,3050,0
2026-07-30 09:11:31,111,3050,3050,0
2026-07-30 09:11:32,111,3050,3050,0
2026-07-30 09:11:33,111,3050,3050,0
2026-07-30 09:11:34,112,3050,3050,0
2026-07-30 09:11:35,111,3050,3050,0
2026-07-30 09:11:36,111,3050,3050,0
2026-07-30 09:11:37,111,3050,3050,0
2026-07-30 09:11:38,112,3050,3050,0
2026-07-30 09:11:39,111,3050,3050,0
2026-07-30 09:11:40,112,3050,3050,0
2026-07-30 09:11:41,111,3050,3050,0
2026-07-30 09:11:42,111,3050,3050,0
2026-07-30 09:11:43,111,3050,3050,0
2026-07-30 09:11:44,110,3050,3050,0
2026-07-30 09:11:45,112,3050,3050,0
2026-07-30 09:11:46,111,3050,3050,0
2026-07-30 09:11:47,112,3050,3050,0
2026-07-30 09:11:48,112,3050,3050,0
2026-07-30 09:11:49,111,3050,3050,0
2026-07-30 09:11:50,111,3050,3050,0
2026-07-30 09:11:51,111,3050,3050,0
2026-07-30 09:11:52,111,3050,3050,0
2026-07-30 09:11:53,111,3050,3050,0
2026-07-30 09:11:54,111,3050,3050,0
2026-07-30 09:11:55,111,3050,3050,0
2026-07-30 09:11:56,111,3050,3050,0
2026-07-30 09:11:57,111,3050,3050,0
2026-07-30 09:11:58,112,3050,3050,0
2026-07-30 09:11:59,111,3050,3050,0
2026-07-30 09:12:00,111,3050,3050,0
2026-07-30 09:12:01,111,3050,3050,0
2026-07-30 09:12:02,112,3050,3050,0
2026-07-30 09:12:03,111,3050,3050,0
2026-07-30 09:12:04,111,3050,3050,0
2026-07-30 09:12:05,111,3050,3050,0
2026-07-30 09:12:06,111,3050,3050,0
2026-07-30 09:12:07,111,3050,3050,0
2026-07-30 09:12:08,112,3050,3050,0
2026-07-30 09:12:09,111,3050,3050,0
2026-07-30 09:12:10,112,3050,3050,0
2026-07-30 09:12:11,111,3050,3050,0
2026-07-30 09:12:12,112,3050,3050,0
2026-07-30 09:12:13,112,3050,3050,0
2026-07-30 09:12:14,111,3050,3050,0
2026-07-30 09:12:15,112,3050,3050,0
2026-07-30 09:12:16,112,3050,3050,0
2026-07-30 09:12:17,111,3050,3050,0
2026-07-30 09:12:18,111,3050,3050,0
2026-07-30 09:12:19,111,3050,3050,0
2026-07-30 09:12:20,111,3050,3050,0
2026-07-30 09:12:21,111,3050,3050,0
2026-07-30 09:12:22,111,3050,3050,0
2026-07-30 09:12:23,112,3050,3050,0
2026-07-30 09:12:24,111,3050,3050,0
2026-07-30 09:12:25,112,3050,3050,0
2026-07-30 09:12:26,111,3050,3050,0
2026-07-30 09:12:27,111,3050,3050,0
2026-07-30 09:12:28,112,3050,3050,0
2026-07-30 09:12:29,111,3050,3050,0
2026-07-30 09:12:30,111,3050,3050,0
2026-07-30 09:12:31,111,3050,3050,0
2026-07-30 09:12:32,111,3050,3050,0
2026-07-30 09:12:33,111,3050,3050,0
2026-07-30 09:12:34,112,3050,3050,0
2026-07-30 09:12:35,111,3050,3050,0
2026-07-30 09:12:36,110,3050,3050,0
2026-07-30 09:12:37,112,3050,3050,0
2026-07-30 09:12:38,111,3050,3050,0
2026-07-30 09:12:39,112,3050,3050,0
2026-07-30 09:12:40,111,3050,3050,0
2026-07-30 09:12:41,111,3050,3050,0
2026-07-30 09:12:42,111,3050,3050,0
2026-07-30 09:12:43,111,3050,3050,0
2026-07-30 09:12:44,112,3050,3050,0
2026-07-30 09:12:45,112,3050,3050,0
2026-07-30 09:12:46,111,3050,3050,0
2026-07-30 09:12:47,111,3050,3050,0
2026-07-30 09:12:48,111,3050,3050,0
2026-07-30 09:12:49,112,3050,3050,0
2026-07-30 09:12:50,112,3050,3050,0
2026-07-30 09:12:51,112,3050,3050,0
2026-07-30 09:12:52,112,3050,3050,0
2026-07-30 09:12:53,112,3050,3050,0
2026-07-30 09:12:54,112,3050,3050,0
2026-07-30 09:12:55,111,3050,3050,0
2026-07-30 09:12:56,110,3050,3050,0
2026-07-30 09:12:57,111,3050,3050,0
2026-07-30 09:12:58,111,3050,3050,0
2026-07-30 09:12:59,111,3050,3050,0
2026-07-30 09:13:00,111,3050,3050,0
2026-07-30 09:13:01,111,3050,3050,0
2026-07-30 09:13:02,111,3050,3050,0
2026-07-30 09:13:03,112,3050,3050,0
2026-07-30 09:13:04,111,3050,3050,0
2026-07-30 09:13:05,112,3050,3050,0
2026-07-30 09:13:06,112,3050,3050,0
2026-07-30 09:13:07,111,3050,3050,0
2026-07-30 09:13:08,111,3050,3050,0
2026-07-30 09:13:09,111,3050,3050,0
2026-07-30 09:13:10,111,3050,3050,0
2026-07-30 09:13:11,111,3050,3050,0
2026-07-30 09:13:12,111,3050,3050,0
2026-07-30 09:13:13,112,3050,3050,0
2026-07-30 09:13:14,111,3050,3050,0
2026-07-30 09:13:15,111,3050,3050,0
2026-07-30 09:13:16,111,3050,3050,0
2026-07-30 09:13:17,111,3050,3050,0
2026-07-30 09:13:18,112,3050,3050,0
2026-07-30 09:13:19,111,3050,3050,0
2026-07-30 09:13:20,111,3050,3050,0
2026-07-30 09:13:21,111,3050,3050,0
2026-07-30 09:13:22,110,3050,3050,0
2026-07-30 09:13:23,112,3050,3050,0
2026-07-30 09:13:24,111,3050,3050,0
2026-07-30 09:13:25,112,3050,3050,0
2026-07-30 09:13:26,112,3050,3050,0
2026-07-30 09:13:27,112,3050,3050,0
2026-07-30 09:13:28,111,3050,3050,0
2026-07-30 09:13:29,111,3050,3050,0
2026-07-30 09:13:30,111,3050,3050,0
2026-07-30 09:13:31,111,3050,3050,0
2026-07-30 09:13:32,111,3050,3050,0
2026-07-30 09:13:33,111,3050,3050,0
2026-07-30 09:13:34,112,3050,3050,0
2026-07-30 09:13:35,111,3050,3050,0
2026-07-30 09:13:36,111,3050,3050,0
2026-07-30 09:13:37,112,3050,3050,0
2026-07-30 09:13:38,111,3050,3050,0
2026-07-30 09:13:39,111,3050,3050,0
2026-07-30 09:13:40,111,3050,3050,0
2026-07-30 09:13:41,111,3050,3050,0
2026-07-30 09:13:42,112,3050,3050,0
2026-07-30 09:13:43,111,3050,3050,0
2026-07-30 09:13:44,111,3050,3050,0
2026-07-30 09:13:45,111,3050,3050,0
2026-07-30 09:13:46,111,3050,3050,0
2026-07-30 09:13:47,111,3050,3050,0
2026-07-30 09:13:48,111,3050,3050,0
2026-07-30 09:13:49,111,3050,3050,0
2026-07-30 09:13:50,112,3050,3050,0
2026-07-30 09:13:51,111,3050,3050,0
2026-07-30 09:13:52,111,3050,3050,0
2026-07-30 09:13:53,110,3050,3050,0
2026-07-30 09:13:54,112,3050,3050,0
2026-07-30 09:13:55,111,3050,3050,0
2026-07-30 09:13:56,111,3050,3050,0
2026-07-30 09:13:57,111,3050,3050,0
2026-07-30 09:13:58,111,3050,3050,0
2026-07-30 09:13:59,112,3050,3050,0
2026-07-30 09:14:00,112,3050,3050,0
2026-07-30 09:14:01,111,3050,3050,0
2026-07-30 09:14:02,112,3050,3050,0
2026-07-30 09:14:03,111,3050,3050,0
2026-07-30 09:14:04,111,3050,3050,0
2026-07-30 09:14:05,111,3050,3050,0
2026-07-30 09:14:06,111,3050,3050,0
2026-07-30 09:14:07,111,3050,3050,0
2026-07-30 09:14:08,111,3050,3050,0
2026-07-30 09:14:09,111,3050,3050,0
2026-07-30 09:14:10,111,3050,3050,0
2026-07-30 09:14:11,112,3050,3050,0
2026-07-30 09:14:12,111,3050,3050,0
2026-07-30 09:14:13,110,3050,3050,0
2026-07-30 09:14:14,111,3050,3050,0
2026-07-30 09:14:15,111,3050,3050,0
2026-07-30 09:14:16,112,3050,3050,0
2026-07-30 09:14:17,111,3050,3050,0
2026-07-30 09:14:18,111,3050,3050,0
2026-07-30 09:14:19,111,3050,3050,0
2026-07-30 09:14:20,111,3050,3050,0
2026-07-30 09:14:21,111,3050,3050,0
2026-07-30 09:14:22,111,3050,3050,0
2026-07-30 09:14:23,112,3050,3050,0
2026-07-30 09:14:24,111,3050,3050,0
2026-07-30 09:14:25,111,3050,3050,0
2026-07-30 09:14:26,111,3050,3050,0
2026-07-30 09:14:27,111,3050,3050,0
2026-07-30 09:14:28,111,3050,3050,0
2026-07-30 09:14:29,111,3050,3050,0
2026-07-30 09:14:30,111,3050,3050,0
2026-07-30 09:14:31,111,3050,3050,0
2026-07-30 09:14:32,111,3050,3050,0
2026-07-30 09:14:33,111,3050,3050,0
2026-07-30 09:14:34,110,3050,3050,0
2026-07-30 09:14:35,112,3050,3050,0
2026-07-30 09:14:36,112,3050,3050,0
2026-07-30 09:14:37,111,3050,3050,0
2026-07-30 09:14:38,112,3050,3050,0
2026-07-30 09:14:39,110,3050,3050,0
2026-07-30 09:14:40,112,3050,3050,0
2026-07-30 09:14:41,111,3050,3050,0
2026-07-30 09:14:42,112,3050,3050,0
2026-07-30 09:14:43,111,3050,3050,0
2026-07-30 09:14:44,111,3050,3050,0
2026-07-30 09:14:45,112,3050,3050,0
2026-07-30 09:14:46,111,3050,3050,0
2026-07-30 09:14:47,111,3050,3050,0
2026-07-30 09:14:48,112,3050,3050,0
2026-07-30 09:14:49,111,3050,3050,0
2026-07-30 09:14:50,111,3050,3050,0
2026-07-30 09:14:51,111,3050,3050,0
2026-07-30 09:14:52,111,3050,3050,0
2026-07-30 09:14:53,111,3050,3050,0
2026-07-30 09:14:54,111,3050,3050,0
2026-07-30 09:14:55,111,3050,3050,0
2026-07-30 09:14:56,111,3050,3050,0
2026-07-30 09:14:57,111,3050,3050,0
2026-07-30 09:14:58,111,3050,3050,0
2026-07-30 09:14:59,112,3050,3050,0
2026-07-30 09:15:00,111,3050,3050,0
2026-07-30 09:15:01,111,3050,3050,0
2026-07-30 09:15:02,110,3050,3050,0
2026-07-30 09:15:03,111,3050,3050,0
2026-07-30 09:15:04,111,3050,3050,0
2026-07-30 09:15:05,111,3050,3050,0
2026-07-30 09:15:06,111,3050,3050,0
2026-07-30 09:15:07,111,3050,3050,0
2026-07-30 09:15:08,111,3050,3050,0
2026-07-30 09:15:09,111,3050,3050,0
2026-07-30 09:15:10,112,3050,3050,0
2026-07-30 09:15:11,111,3050,3050,0
2026-07-30 09:15:12,110,3050,3050,0
2026-07-30 09:15:13,111,3050,3050,0
2026-07-30 09:15:14,111,3050,3050,0
2026-07-30 09:15:15,112,3050,3050,0
2026-07-30 09:15:16,111,3050,3050,0
2026-07-30 09:15:17,112,3050,3050,0
2026-07-30 09:15:18,112,3050,3050,0
2026-07-30 09:15:19,111,3050,3050,0
2026-07-30 09:15:20,111,3050,3050,0
2026-07-30 09:15:21,112,3050,3050,0
2026-07-30 09:15:22,111,3050,3050,0
2026-07-30 09:15:23,112,3050,3050,0
2026-07-30 09:15:24,112,3050,3050,0
2026-07-30 09:15:25,112,3050,3050,0
2026-07-30 09:15:26,111,3050,3050,0
2026-07-30 09:15:27,111,3050,3050,0
2026-07-30 09:15:28,111,3050,3050,0
2026-07-30 09:15:29,111,3050,3050,0
2026-07-30 09:15:30,111,3050,3050,0
2026-07-30 09:15:31,111,3050,3050,0
2026-07-30 09:15:32,112,3050,3050,0
2026-07-30 09:15:33,111,3050,3050,0
2026-07-30 09:15:34,112,3050,3050,0
2026-07-30 09:15:35,111,3050,3050,0
2026-07-30 09:15:36,111,3050,3050,0
2026-07-30 09:15:37,112,3050,3050,0
2026-07-30 09:15:38,111,3050,3050,0
2026-07-30 09:15:39,111,3050,3050,0
2026-07-30 09:15:40,111,3050,3050,0
2026-07-30 09:15:41,111,3050,3050,0
2026-07-30 09:15:42,111,3050,3050,0
2026-07-30 09:15:43,111,3050,3050,0
2026-07-30 09:15:44,111,3050,3050,0
2026-07-30 09:15:45,111,3050,3050,0
2026-07-30 09:15:46,112,3050,3050,0
2026-07-30 09:15:47,111,3050,3050,0
2026-07-30 09:15:48,110,3050,3050,0
2026-07-30 09:15:49,110,3050,3050,0
2026-07-30 09:15:50,111,3050,3050,0
2026-07-30 09:15:51,111,3050,3050,0
2026-07-30 09:15:52,111,3050,3050,0
2026-07-30 09:15:53,110,3050,3050,0
2026-07-30 09:15:54,111,3050,3050,0
2026-07-30 09:15:55,111,3050,3050,0
2026-07-30 09:15:56,110,3050,3050,0
2026-07-30 09:15:57,111,3050,3050,0
2026-07-30 09:15:58,112,3050,3050,0
2026-07-30 09:15:59,112,3050,3050,0
2026-07-30 09:16:00,111,3050,3050,0
2026-07-30 09:16:01,111,3050,3050,0
2026-07-30 09:16:02,112,3050,3050,0
2026-07-30 09:16:03,110,3050,3050,0
2026-07-30 09:16:04,111,3050,3050,0
2026-07-30 09:16:05,111,3050,3050,0
2026-07-30 09:16:06,111,3050,3050,0
2026-07-30 09:16:07,111,3050,3050,0
2026-07-30 09:16:08,112,3050,3050,0
2026-07-30 09:16:09,111,3050,3050,0
2026-07-30 09:16:10,112,3050,3050,0
2026-07-30 09:16:11,111,3050,3050,0
2026-07-30 09:16:12,111,3050,3050,0
2026-07-30 09:16:13,111,3050,3050,0
2026-07-30 09:16:14,111,3050,3050,0
2026-07-30 09:16:15,112,3050,3050,0
2026-07-30 09:16:16,111,3050,3050,0
2026-07-30 09:16:17,111,3050,3050,0
2026-07-30 09:16:18,111,3050,3050,0
2026-07-30 09:16:19,111,3050,3050,0
2026-07-30 09:16:20,112,3050,3050,0
2026-07-30 09:16:21,111,3050,3050,0
2026-07-30 09:16:22,111,3050,3050,0
2026-07-30 09:16:23,111,3050,3050,0
2026-07-30 09:16:24,111,3050,3050,0
2026-07-30 09:16:25,111,3050,3050,0
2026-07-30 09:16:26,111,3050,3050,0
2026-07-30 09:16:27,112,3050,3050,0
2026-07-30 09:16:28,111,3050,3050,0
2026-07-30 09:16:29,111,3050,3050,0
2026-07-30 09:16:30,112,3050,3050,0
2026-07-30 09:16:31,112,3050,3050,0
2026-07-30 09:16:32,112,3050,3050,0
2026-07-30 09:16:33,111,3050,3050,0
2026-07-30 09:16:34,112,3050,3050,0
2026-07-30 09:16:35,111,3050,3050,0
2026-07-30 09:16:36,111,3050,3050,0
2026-07-30 09:16:37,110,3050,3050,0
2026-07-30 09:16:38,110,3050,3050,0
2026-07-30 09:16:39,110,3050,3050,0
2026-07-30 09:16:40,111,3050,3050,0
2026-07-30 09:16:41,111,3050,3050,0
2026-07-30 09:16:42,111,3050,3050,0
2026-07-30 09:16:43,111,3050,3050,0
2026-07-30 09:16:44,111,3050,3050,0
2026-07-30 09:16:45,111,3050,3050,0
2026-07-30 09:16:46,111,3050,3050,0
2026-07-30 09:16:47,111,3050,3050,0
2026-07-30 09:16:48,110,3050,3050,0
2026-07-30 09:16:49,111,3050,3050,0
2026-07-30 09:16:50,110,3050,3050,0
2026-07-30 09:16:51,112,3050,3050,0
2026-07-30 09:16:52,111,3050,3050,0
2026-07-30 09:16:53,111,3050,3050,0
2026-07-30 09:16:54,112,3050,3050,0
2026-07-30 09:16:55,111,3050,3050,0
2026-07-30 09:16:56,111,3050,3050,0
2026-07-30 09:16:57,111,3050,3050,0
2026-07-30 09:16:58,111,3050,3050,0
2026-07-30 09:16:59,111,3050,3050,0
2026-07-30 09:17:00,111,3050,3050,0
2026-07-30 09:17:01,111,3050,3050,0
2026-07-30 09:17:02,110,3050,3050,0
2026-07-30 09:17:03,111,3050,3050,0
2026-07-30 09:17:04,111,3050,3050,0
2026-07-30 09:17:05,111,3050,3050,0
2026-07-30 09:17:06,112,3050,3050,0
2026-07-30 09:17:07,112,3050,3050,0
2026-07-30 09:17:08,112,3050,3050,0
2026-07-30 09:17:09,111,3050,3050,0
2026-07-30 09:17:10,112,3050,3050,0
2026-07-30 09:17:11,111,3050,3050,0
2026-07-30 09:17:12,110,3050,3050,0
2026-07-30 09:17:13,111,3050,3050,0
2026-07-30 09:17:14,111,3050,3050,0
2026-07-30 09:17:15,111,3050,3050,0
2026-07-30 09:17:16,110,3050,3050,0
2026-07-30 09:17:17,111,3050,3050,0
2026-07-30 09:17:18,111,3050,3050,0
2026-07-30 09:17:19,112,3050,3050,0
2026-07-30 09:17:20,111,3050,3050,0
2026-07-30 09:17:21,111,3050,3050,0
2026-07-30 09:17:22,110,3050,3050,0
2026-07-30 09:17:23,111,3050,3050,0
2026-07-30 09:17:24,111,3050,3050,0
2026-07-30 09:17:25,111,3050,3050,0
2026-07-30 09:17:26,111,3050,3050,0
2026-07-30 09:17:27,110,3050,3050,0
2026-07-30 09:17:28,112,3050,3050,0
2026-07-30 09:17:29,111,3050,3050,0
2026-07-30 09:17:30,111,3050,3050,0
2026-07-30 09:17:31,111,3050,3050,0
2026-07-30 09:17:32,111,3050,3050,0
2026-07-30 09:17:33,111,3050,3050,0
2026-07-30 09:17:34,111,3050,3050,0
2026-07-30 09:17:35,112,3050,3050,0
2026-07-30 09:17:36,111,3050,3050,0
2026-07-30 09:17:37,111,3050,3050,0
2026-07-30 09:17:38,111,3050,3050,0
2026-07-30 09:17:39,110,3050,3050,0
2026-07-30 09:17:40,110,3050,3050,0
2026-07-30 09:17:41,112,3050,3050,0
2026-07-30 09:17:42,111,3050,3050,0
2026-07-30 09:17:43,111,3050,3050,0
2026-07-30 09:17:44,111,3050,3050,0
2026-07-30 09:17:45,111,3050,3050,0
2026-07-30 09:17:46,111,3050,3050,0
2026-07-30 09:17:47,112,3050,3050,0
2026-07-30 09:17:48,111,3050,3050,0
2026-07-30 09:17:49,111,3050,3050,0
2026-07-30 09:17:50,112,3050,3050,0
2026-07-30 09:17:51,111,3050,3050,0
2026-07-30 09:17:52,111,3050,3050,0
2026-07-30 09:17:53,112,3050,3050,0
2026-07-30 09:17:54,111,3050,3050,0
2026-07-30 09:17:55,112,3050,3050,0
2026-07-30 09:17:56,111,3050,3050,0
2026-07-30 09:17:57,112,3050,3050,0
2026-07-30 09:17:58,111,3050,3050,0
2026-07-30 09:17:59,112,3050,3050,0
2026-07-30 09:18:00,112,3050,3050,0
2026-07-30 09:18:01,111,3050,3050,0
2026-07-30 09:18:02,111,3050,3050,0
2026-07-30 09:18:03,111,3050,3050,0
2026-07-30 09:18:04,112,3050,3050,0
2026-07-30 09:18:05,111,3050,3050,0
2026-07-30 09:18:06,110,3050,3050,0
2026-07-30 09:18:07,111,3050,3050,0
2026-07-30 09:18:08,112,3050,3050,0
2026-07-30 09:18:09,111,3050,3050,0
2026-07-30 09:18:10,112,3050,3050,0
2026-07-30 09:18:11,111,3050,3050,0
2026-07-30 09:18:12,112,3050,3050,0
2026-07-30 09:18:13,112,3050,3050,0
2026-07-30 09:18:14,110,3050,3050,0
2026-07-30 09:18:15,111,3050,3050,0
2026-07-30 09:18:16,111,3050,3050,0
2026-07-30 09:18:17,111,3050,3050,0
2026-07-30 09:18:18,111,3050,3050,0
2026-07-30 09:18:19,111,3050,3050,0
2026-07-30 09:18:20,110,3050,3050,0
2026-07-30 09:18:21,110,3050,3050,0
2026-07-30 09:18:22,111,3050,3050,0
2026-07-30 09:18:23,111,3050,3050,0
2026-07-30 09:18:24,111,3050,3050,0
2026-07-30 09:18:25,111,3050,3050,0
2026-07-30 09:18:26,111,3050,3050,0
2026-07-30 09:18:27,110,3050,3050,0
2026-07-30 09:18:28,111,3050,3050,0
2026-07-30 09:18:29,112,3050,3050,0
2026-07-30 09:18:30,112,3050,3050,0
2026-07-30 09:18:31,112,3050,3050,0
2026-07-30 09:18:32,111,3050,3050,0
2026-07-30 09:18:33,111,3050,3050,0
2026-07-30 09:18:34,110,3050,3050,0
2026-07-30 09:18:35,111,3050,3050,0
2026-07-30 09:18:36,112,3050,3050,0
2026-07-30 09:18:37,111,3050,3050,0
2026-07-30 09:18:38,111,3050,3050,0
2026-07-30 09:18:39,111,3050,3050,0
2026-07-30 09:18:40,111,3050,3050,0
2026-07-30 09:18:41,110,3050,3050,0
2026-07-30 09:18:42,112,3050,3050,0
2026-07-30 09:18:43,111,3050,3050,0
2026-07-30 09:18:44,111,3050,3050,0
2026-07-30 09:18:45,111,3050,3050,0
2026-07-30 09:18:46,112,3050,3050,0
2026-07-30 09:18:47,110,3050,3050,0
2026-07-30 09:18:48,111,3050,3050,0
2026-07-30 09:18:49,111,3050,3050,0
2026-07-30 09:18:50,111,3050,3050,0
2026-07-30 09:18:51,111,3050,3050,0
2026-07-30 09:18:52,111,3050,3050,0
2026-07-30 09:18:53,110,3050,3050,0
2026-07-30 09:18:54,111,3050,3050,0
2026-07-30 09:18:55,112,3050,3050,0
2026-07-30 09:18:56,111,3050,3050,0
2026-07-30 09:18:57,111,3050,3050,0
2026-07-30 09:18:58,112,3050,3050,0
2026-07-30 09:18:59,111,3050,3050,0
2026-07-30 09:19:00,111,3050,3050,0
2026-07-30 09:19:01,111,3050,3050,0
2026-07-30 09:19:02,110,3050,3050,0
2026-07-30 09:19:03,111,3050,3050,0
2026-07-30 09:19:04,111,3050,3050,0
2026-07-30 09:19:05,112,3050,3050,0
2026-07-30 09:19:06,111,3050,3050,0
2026-07-30 09:19:07,111,3050,3050,0
2026-07-30 09:19:08,110,3050,3050,0
2026-07-30 09:19:09,111,3050,3050,0
2026-07-30 09:19:10,111,3050,3050,0
2026-07-30 09:19:11,110,3050,3050,0
2026-07-30 09:19:12,111,3050,3050,0
2026-07-30 09:19:13,111,3050,3050,0
2026-07-30 09:19:14,111,3050,3050,0
2026-07-30 09:19:15,111,3050,3050,0
2026-07-30 09:19:16,111,3050,3050,0
2026-07-30 09:19:17,111,3050,3050,0
2026-07-30 09:19:18,111,3050,3050,0
2026-07-30 09:19:19,111,3050,3050,0
2026-07-30 09:19:20,111,3050,3050,0
2026-07-30 09:19:21,112,3050,3050,0
2026-07-30 09:19:22,110,3050,3050,0
2026-07-30 09:19:23,111,3050,3050,0
2026-07-30 09:19:24,111,3050,3050,0
2026-07-30 09:19:25,111,3050,3050,0
2026-07-30 09:19:26,111,3050,3050,0
2026-07-30 09:19:27,111,3050,3050,0
2026-07-30 09:19:28,112,3050,3050,0
2026-07-30 09:19:29,112,3050,3050,0
2026-07-30 09:19:30,111,3050,3050,0
2026-07-30 09:19:31,111,3050,3050,0
2026-07-30 09:19:32,111,3050,3050,0
2026-07-30 09:19:33,112,3050,3050,0
2026-07-30 09:19:34,111,3050,3050,0
2026-07-30 09:19:35,112,3050,3050,0
2026-07-30 09:19:36,111,3050,3050,0
2026-07-30 09:19:37,111,3050,3050,0
2026-07-30 09:19:38,111,3050,3050,0
2026-07-30 09:19:39,110,3050,3050,0
2026-07-30 09:19:40,111,3050,3050,0
2026-07-30 09:19:41,112,3050,3050,0
2026-07-30 09:19:42,112,3050,3050,0
2026-07-30 09:19:43,111,3050,3050,0
2026-07-30 09:19:44,111,3050,3050,0
2026-07-30 09:19:45,111,3050,3050,0
2026-07-30 09:19:46,111,3050,3050,0
2026-07-30 09:19:47,112,3050,3050,0
2026-07-30 09:19:48,111,3050,3050,0
2026-07-30 09:19:49,112,3050,3050,0
2026-07-30 09:19:50,111,3050,3050,0
2026-07-30 09:19:51,111,3050,3050,0
2026-07-30 09:19:52,111,3050,3050,0
2026-07-30 09:19:53,111,3050,3050,0
2026-07-30 09:19:54,111,3050,3050,0
2026-07-30 09:19:55,112,3050,3050,0
2026-07-30 09:19:56,111,3050,3050,0
2026-07-30 09:19:57,112,3050,3050,0
2026-07-30 09:19:58,111,3050,3050,0
2026-07-30 09:19:59,111,3050,3050,0
2026-07-30 09:20:00,111,3050,3050,0
2026-07-30 09:20:01,111,3050,3050,0
2026-07-30 09:20:02,112,3050,3050,0
2026-07-30 09:20:03,111,3050,3050,0
2026-07-30 09:20:04,111,3050,3050,0
2026-07-30 09:20:05,113,3050,3050,0
2026-07-30 09:20:06,112,3050,3050,0
2026-07-30 09:20:07,111,3050,3050,0
2026-07-30 09:20:08,112,3050,3050,0
2026-07-30 09:20:09,112,3050,3050,0
2026-07-30 09:20:10,111,3050,3050,0
2026-07-30 09:20:11,111,3050,3050,0
2026-07-30 09:20:12,111,3050,3050,0
2026-07-30 09:20:13,111,3050,3050,0
2026-07-30 09:20:14,111,3050,3050,0
2026-07-30 09:20:15,111,3050,3050,0
2026-07-30 09:20:16,111,3050,3050,0
2026-07-30 09:20:17,111,3050,3050,0
2026-07-30 09:20:18,111,3050,3050,0
2026-07-30 09:20:19,111,3050,3050,0
2026-07-30 09:20:20,111,3050,3050,0
2026-07-30 09:20:21,111,3050,3050,0
2026-07-30 09:20:22,112,3050,3050,0
2026-07-30 09:20:23,110,3050,3050,0
2026-07-30 09:20:24,111,3050,3050,0
2026-07-30 09:20:25,111,3050,3050,0
2026-07-30 09:20:26,111,3050,3050,0
2026-07-30 09:20:27,111,3050,3050,0
2026-07-30 09:20:28,112,3050,3050,0
2026-07-30 09:20:29,110,3050,3050,0
2026-07-30 09:20:30,111,3050,3050,0
2026-07-30 09:20:31,112,3050,3050,0
2026-07-30 09:20:32,111,3050,3050,0
2026-07-30 09:20:33,111,3050,3050,0
2026-07-30 09:20:34,111,3050,3050,0
2026-07-30 09:20:35,111,3050,3050,0
2026-07-30 09:20:36,111,3050,3050,0
2026-07-30 09:20:37,111,3050,3050,0
2026-07-30 09:20:38,111,3050,3050,0
2026-07-30 09:20:39,111,3050,3050,0
2026-07-30 09:20:40,111,3050,3050,0
2026-07-30 09:20:41,110,3050,3050,0
2026-07-30 09:20:42,112,3050,3050,0
2026-07-30 09:20:43,112,3050,3050,0
2026-07-30 09:20:44,112,3050,3050,0
2026-07-30 09:20:45,111,3050,3050,0
2026-07-30 09:20:46,110,3050,3050,0
2026-07-30 09:20:47,112,3050,3050,0
2026-07-30 09:20:48,111,3050,3050,0
2026-07-30 09:20:49,111,3050,3050,0
2026-07-30 09:20:50,111,3050,3050,0
2026-07-30 09:20:51,111,3050,3050,0
2026-07-30 09:20:52,112,3050,3050,0
2026-07-30 09:20:53,112,3050,3050,0
2026-07-30 09:20:54,111,3050,3050,0
2026-07-30 09:20:55,111,3050,3050,0
2026-07-30 09:20:56,111,3050,3050,0
2026-07-30 09:20:57,112,3050,3050,0
2026-07-30 09:20:58,111,3050,3050,0
2026-07-30 09:20:59,111,3050,3050,0
2026-07-30 09:21:00,111,3050,3050,0
2026-07-30 09:21:01,111,3050,3050,0
2026-07-30 09:21:02,112,3050,3050,0
2026-07-30 09:21:03,110,3050,3050,0
2026-07-30 09:21:04,112,3050,3050,0
2026-07-30 09:21:05,111,3050,3050,0
2026-07-30 09:21:06,110,3050,3050,0
2026-07-30 09:21:07,112,3050,3050,0
2026-07-30 09:21:08,111,3050,3050,0
2026-07-30 09:21:09,111,3050,3050,0
2026-07-30 09:21:10,111,3050,3050,0
2026-07-30 09:21:11,111,3050,3050,0
2026-07-30 09:21:12,111,3050,3050,0
2026-07-30 09:21:13,111,3050,3050,0
2026-07-30 09:21:14,111,3050,3050,0
2026-07-30 09:21:15,112,3050,3050,0
2026-07-30 09:21:16,111,3050,3050,0
2026-07-30 09:21:17,111,3050,3050,0
2026-07-30 09:21:18,111,3050,3050,0
2026-07-30 09:21:19,111,3050,3050,0
2026-07-30 09:21:20,112,3050,3050,0
2026-07-30 09:21:21,111,3050,3050,0
2026-07-30 09:21:22,112,3050,3050,0
2026-07-30 09:21:23,110,3050,3050,0
2026-07-30 09:21:24,111,3050,3050,0
2026-07-30 09:21:25,112,3050,3050,0
2026-07-30 09:21:26,111,3050,3050,0
2026-07-30 09:21:27,112,3050,3050,0
2026-07-30 09:21:28,112,3050,3050,0
2026-07-30 09:21:29,111,3050,3050,0
2026-07-30 09:21:30,111,3050,3050,0
2026-07-30 09:21:31,111,3050,3050,0
2026-07-30 09:21:32,111,3050,3050,0
2026-07-30 09:21:33,110,3050,3050,0
2026-07-30 09:21:34,110,3050,3050,0
2026-07-30 09:21:35,111,3050,3050,0
2026-07-30 09:21:36,111,3050,3050,0
2026-07-30 09:21:37,111,3050,3050,0
2026-07-30 09:21:38,111,3050,3050,0
2026-07-30 09:21:39,111,3050,3050,0
2026-07-30 09:21:40,111,3050,3050,0
2026-07-30 09:21:41,111,3050,3050,0
2026-07-30 09:21:42,111,3050,3050,0
2026-07-30 09:21:43,111,3050,3050,0
2026-07-30 09:21:44,111,3050,3050,0
2026-07-30 09:21:45,111,3050,3050,0
2026-07-30 09:21:46,111,3050,3050,0
2026-07-30 09:21:47,110,3050,3050,0
2026-07-30 09:21:48,111,3050,3050,0
2026-07-30 09:21:49,111,3050,3050,0
2026-07-30 09:21:50,111,3050,3050,0
2026-07-30 09:21:51,111,3050,3050,0
2026-07-30 09:21:52,111,3050,3050,0
2026-07-30 09:21:53,111,3050,3050,0
2026-07-30 09:21:54,112,3050,3050,0
2026-07-30 09:21:55,111,3050,3050,0
2026-07-30 09:21:56,111,3050,3050,0
2026-07-30 09:21:57,111,3050,3050,0
2026-07-30 09:21:58,111,3050,3050,0
2026-07-30 09:21:59,111,3050,3050,0
2026-07-30 09:22:00,110,3050,3050,0
2026-07-30 09:22:01,111,3050,3050,0
2026-07-30 09:22:02,112,3050,3050,0
2026-07-30 09:22:03,110,3050,3050,0
2026-07-30 09:22:04,112,3050,3050,0
2026-07-30 09:22:05,112,3050,3050,0
2026-07-30 09:22:06,110,3050,3050,0
2026-07-30 09:22:07,111,3050,3050,0
2026-07-30 09:22:08,111,3050,3050,0
2026-07-30 09:22:09,111,3050,3050,0
2026-07-30 09:22:10,111,3050,3050,0
2026-07-30 09:22:11,111,3050,3050,0
2026-07-30 09:22:12,112,3050,3050,0
2026-07-30 09:22:13,111,3050,3050,0
2026-07-30 09:22:14,111,3050,3050,0
2026-07-30 09:22:15,111,3050,3050,0
2026-07-30 09:22:16,111,3050,3050,0
2026-07-30 09:22:17,111,3050,3050,0
2026-07-30 09:22:18,111,3050,3050,0
2026-07-30 09:22:19,111,3050,3050,0
2026-07-30 09:22:20,111,3050,3050,0
2026-07-30 09:22:21,110,3050,3050,0
2026-07-30 09:22:22,112,3050,3050,0
2026-07-30 09:22:23,112,3050,3050,0
2026-07-30 09:22:24,110,3050,3050,0
2026-07-30 09:22:25,110,3050,3050,0
2026-07-30 09:22:26,111,3050,3050,0
2026-07-30 09:22:27,111,3050,3050,0
2026-07-30 09:22:28,111,3050,3050,0
2026-07-30 09:22:29,111,3050,3050,0
2026-07-30 09:22:30,111,3050,3050,0
2026-07-30 09:22:31,112,3050,3050,0
2026-07-30 09:22:32,111,3050,3050,0
2026-07-30 09:22:33,111,3050,3050,0
2026-07-30 09:22:34,111,3050,3050,0
2026-07-30 09:22:35,112,3050,3050,0
2026-07-30 09:22:36,111,3050,3050,0
2026-07-30 09:22:37,111,3050,3050,0
2026-07-30 09:22:38,111,3050,3050,0
2026-07-30 09:22:39,112,3050,3050,0
2026-07-30 09:22:40,112,3050,3050,0
2026-07-30 09:22:41,112,3050,3050,0
2026-07-30 09:22:42,111,3050,3050,0
2026-07-30 09:22:43,111,3050,3050,0
2026-07-30 09:22:44,112,3050,3050,0
2026-07-30 09:22:45,111,3050,3050,0
2026-07-30 09:22:46,111,3050,3050,0
2026-07-30 09:22:47,112,3050,3050,0
2026-07-30 09:22:48,111,3050,3050,0
2026-07-30 09:22:49,111,3050,3050,0
2026-07-30 09:22:50,111,3050,3050,0
2026-07-30 09:22:51,110,3050,3050,0
2026-07-30 09:22:52,112,3050,3050,0
2026-07-30 09:22:53,112,3050,3050,0
2026-07-30 09:22:54,112,3050,3050,0
2026-07-30 09:22:55,111,3050,3050,0
2026-07-30 09:22:56,112,3050,3050,0
2026-07-30 09:22:57,111,3050,3050,0
2026-07-30 09:22:58,111,3050,3050,0
2026-07-30 09:22:59,110,3050,3050,0
2026-07-30 09:23:00,111,3050,3050,0
2026-07-30 09:23:01,111,3050,3050,0
2026-07-30 09:23:02,112,3050,3050,0
2026-07-30 09:23:03,111,3050,3050,0
2026-07-30 09:23:04,111,3050,3050,0
2026-07-30 09:23:05,111,3050,3050,0
2026-07-30 09:23:06,111,3050,3050,0
2026-07-30 09:23:07,111,3050,3050,0
2026-07-30 09:23:08,112,3050,3050,0
2026-07-30 09:23:09,111,3050,3050,0
2026-07-30 09:23:10,112,3050,3050,0
2026-07-30 09:23:11,111,3050,3050,0
2026-07-30 09:23:12,112,3050,3050,0
2026-07-30 09:23:13,112,3050,3050,0
2026-07-30 09:23:14,112,3050,3050,0
2026-07-30 09:23:15,111,3050,3050,0
2026-07-30 09:23:16,111,3050,3050,0
2026-07-30 09:23:17,112,3050,3050,0
2026-07-30 09:23:18,112,3050,3050,0
2026-07-30 09:23:19,111,3050,3050,0
2026-07-30 09:23:20,112,3050,3050,0
2026-07-30 09:23:21,111,3050,3050,0
2026-07-30 09:23:22,111,3050,3050,0
2026-07-30 09:23:23,111,3050,3050,0
2026-07-30 09:23:24,112,3050,3050,0
2026-07-30 09:23:25,111,3050,3050,0
2026-07-30 09:23:26,110,3050,3050,0
2026-07-30 09:23:27,112,3050,3050,0
2026-07-30 09:23:28,112,3050,3050,0
2026-07-30 09:23:29,111,3050,3050,0
2026-07-30 09:23:30,111,3050,3050,0
2026-07-30 09:23:31,111,3050,3050,0
2026-07-30 09:23:32,111,3050,3050,0
2026-07-30 09:23:33,111,3050,3050,0
2026-07-30 09:23:34,112,3050,3050,0
2026-07-30 09:23:35,112,3050,3050,0
2026-07-30 09:23:36,111,3050,3050,0
2026-07-30 09:23:37,111,3050,3050,0
2026-07-30 09:23:38,111,3050,3050,0
2026-07-30 09:23:39,111,3050,3050,0
2026-07-30 09:23:40,111,3050,3050,0
2026-07-30 09:23:41,111,3050,3050,0
2026-07-30 09:23:42,111,3050,3050,0
2026-07-30 09:23:43,111,3050,3050,0
2026-07-30 09:23:44,111,3050,3050,0
2026-07-30 09:23:45,112,3050,3050,0
2026-07-30 09:23:46,111,3050,3050,0
2026-07-30 09:23:47,111,3050,3050,0
2026-07-30 09:23:48,111,3050,3050,0
2026-07-30 09:23:49,112,3050,3050,0
2026-07-30 09:23:50,111,3050,3050,0
2026-07-30 09:23:51,111,3050,3050,0
2026-07-30 09:23:52,111,3050,3050,0
2026-07-30 09:23:53,111,3050,3050,0
2026-07-30 09:23:54,111,3050,3050,0
2026-07-30 09:23:55,111,3050,3050,0
2026-07-30 09:23:56,112,3050,3050,0
2026-07-30 09:23:57,111,3050,3050,0
2026-07-30 09:23:58,111,3050,3050,0
2026-07-30 09:23:59,110,3050,3050,0
2026-07-30 09:24:00,111,3050,3050,0
2026-07-30 09:24:01,111,3050,3050,0
2026-07-30 09:24:02,111,3050,3050,0
2026-07-30 09:24:03,111,3050,3050,0
2026-07-30 09:24:04,112,3050,3050,0
2026-07-30 09:24:05,111,3050,3050,0
2026-07-30 09:24:06,112,3050,3050,0
2026-07-30 09:24:07,112,3050,3050,0
2026-07-30 09:24:08,112,3050,3050,0
2026-07-30 09:24:09,111,3050,3050,0
2026-07-30 09:24:10,111,3050,3050,0
2026-07-30 09:24:11,112,3050,3050,0
2026-07-30 09:24:12,111,3050,3050,0
2026-07-30 09:24:13,111,3050,3050,0
2026-07-30 09:24:14,111,3050,3050,0
2026-07-30 09:24:15,111,3050,3050,0
2026-07-30 09:24:16,111,3050,3050,0
2026-07-30 09:24:17,112,3050,3050,0
2026-07-30 09:24:18,112,3050,3050,0
2026-07-30 09:24:19,112,3050,3050,0
2026-07-30 09:24:20,111,3050,3050,0
2026-07-30 09:24:21,112,3050,3050,0
2026-07-30 09:24:22,111,3050,3050,0
2026-07-30 09:24:23,110,3050,3050,0
2026-07-30 09:24:24,112,3050,3050,0
2026-07-30 09:24:25,111,3050,3050,0
2026-07-30 09:24:26,112,3050,3050,0
2026-07-30 09:24:27,111,3050,3050,0
2026-07-30 09:24:28,111,3050,3050,0
2026-07-30 09:24:29,113,3050,3050,0
2026-07-30 09:24:30,111,3050,3050,0
2026-07-30 09:24:31,111,3050,3050,0
2026-07-30 09:24:32,112,3050,3050,0
2026-07-30 09:24:33,111,3050,3050,0
2026-07-30 09:24:34,111,3050,3050,0
2026-07-30 09:24:35,111,3050,3050,0
2026-07-30 09:24:36,112,3050,3050,0
2026-07-30 09:24:37,111,3050,3050,0
2026-07-30 09:24:38,111,3050,3050,0
2026-07-30 11:04:17,111,3050,3050,0
2026-07-30 11:04:17,111,3050,3050,0
2026-07-30 11:04:17,111,3050,3050,0
2026-07-30 11:04:17,111,3050,3050,0
2026-07-30 11:04:17,111,3050,3050,0
2026-07-30 11:04:17,111,3050,3050,0
2026-07-30 11:04:17,111,3050,3050,0
2026-07-30 11:04:17,111,3050,3050,0
2026-07-30 11:04:17,111,3050,3050,0
2026-07-30 11:04:17,111,3050,3050,0
2026-07-30 11:04:17,111,3050,3050,0
2026-07-30 11:04:17,112,3050,3050,0
2026-07-30 11:04:17,110,3050,3050,0
2026-07-30 11:04:17,111,3050,3050,0
2026-07-30 11:04:17,111,3050,3050,0
2026-07-30 11:04:17,111,3050,3050,0
2026-07-30 11:04:17,112,3050,3050,0
2026-07-30 11:04:17,111,3050,3050,0
2026-07-30 11:04:17,112,3050,3050,0
2026-07-30 11:04:17,111,3050,3050,0
2026-07-30 11:04:17,111,3050,3050,0
2026-07-30 11:04:17,112,3050,3050,0
2026-07-30 11:04:17,111,3050,3050,0
2026-07-30 11:04:17,112,3050,3050,0
2026-07-30 11:04:17,111,3050,3050,0
2026-07-30 11:04:17,111,3050,3050,0
2026-07-30 11:04:17,111,3050,3050,0
2026-07-30 11:04:17,111,3050,3050,0
2026-07-30 11:04:17,111,3050,3050,0
2026-07-30 11:04:17,112,3050,3050,0
2026-07-30 11:04:17,111,3050,3050,0
2026-07-30 11:04:17,112,3050,3050,0
2026-07-30 11:04:17,111,3050,3050,0
2026-07-30 11:04:17,111,3050,3050,0
2026-07-30 11:04:17,111,3050,3050,0
2026-07-30 11:04:17,111,3050,3050,0
2026-07-30 11:04:21,111,3050,3050,0
2026-07-30 11:04:22,111,3050,3050,0
2026-07-30 11:04:23,111,3050,3050,0
2026-07-30 11:04:24,111,3050,3050,0
2026-07-30 11:04:25,112,3050,3050,0
2026-07-30 11:04:26,111,3050,3050,0
2026-07-30 11:04:27,111,3050,3050,0
2026-07-30 11:04:28,111,3050,3050,0
2026-07-30 11:04:29,111,3050,3050,0
2026-07-30 11:04:30,111,3050,3050,0
2026-07-30 11:04:31,112,3050,3050,0
2026-07-30 11:04:32,111,3050,3050,0
2026-07-30 11:04:33,112,3050,3050,0
2026-07-30 11:04:34,112,3050,3050,0
2026-07-30 11:04:35,111,3050,3050,0
2026-07-30 11:04:36,112,3050,3050,0
2026-07-30 11:04:37,112,3050,3050,0
2026-07-30 11:04:38,112,3050,3050,0
2026-07-30 11:04:39,111,3050,3050,0
2026-07-30 11:04:40,111,3050,3050,0
2026-07-30 11:04:41,111,3050,3050,0
2026-07-30 11:04:42,110,3050,3050,0
2026-07-30 11:04:43,111,3050,3050,0
2026-07-30 11:04:44,112,3050,3050,0
2026-07-30 11:04:45,111,3050,3050,0
2026-07-30 11:04:46,111,3050,3050,0
2026-07-30 11:04:47,110,3050,3050,0
2026-07-30 11:04:48,111,3050,3050,0
2026-07-30 11:04:49,111,3050,3050,0
2026-07-30 11:04:50,111,3050,3050,0
2026-07-30 11:04:51,111,3050,3050,0
2026-07-30 11:04:52,111,3050,3050,0
2026-07-30 11:04:53,110,3050,3050,0
2026-07-30 11:04:54,111,3050,3050,0
2026-07-30 11:04:55,111,3050,3050,0
2026-07-30 11:04:56,111,3050,3050,0
2026-07-30 11:04:57,112,3050,3050,0
2026-07-30 11:04:58,111,3050,3050,0
2026-07-30 11:04:59,111,3050,3050,0
2026-07-30 11:05:00,112,3050,3050,0
2026-07-30 11:05:01,111,3050,3050,0
2026-07-30 11:05:02,111,3050,3050,0
2026-07-30 11:05:03,112,3050,3050,0
2026-07-30 11:05:04,111,3050,3050,0
2026-07-30 11:05:05,111,3050,3050,0
2026-07-30 11:05:06,112,3050,3050,0
2026-07-30 11:05:07,111,3050,3050,0
2026-07-30 11:05:08,112,3050,3050,0
2026-07-30 11:05:09,112,3050,3050,0
2026-07-30 11:05:10,112,3050,3050,0
2026-07-30 11:05:11,111,3050,3050,0
2026-07-30 11:05:12,112,3050,3050,0
2026-07-30 11:05:13,111,3050,3050,0
2026-07-30 11:05:14,111,3050,3050,0
2026-07-30 11:05:15,112,3050,3050,0
2026-07-30 11:05:16,111,3050,3050,0
2026-07-30 11:05:17,111,3050,3050,0
2026-07-30 11:05:18,111,3050,3050,0
2026-07-30 11:05:19,111,3050,3050,0
2026-07-30 11:05:20,111,3050,3050,0
2026-07-30 11:05:21,111,3050,3050,0
2026-07-30 11:05:22,111,3050,3050,0
2026-07-30 11:05:23,111,3050,3050,0
2026-07-30 11:05:24,111,3050,3050,0
2026-07-30 11:05:25,111,3050,3050,0
2026-07-30 11:05:26,111,3050,3050,0
2026-07-30 11:05:27,111,3050,3050,0
2026-07-30 11:05:28,112,3050,3050,0
2026-07-30 11:05:29,111,3050,3050,0
2026-07-30 11:05:30,111,3050,3050,0
2026-07-30 11:05:31,112,3050,3050,0
2026-07-30 11:05:32,111,3050,3050,0
2026-07-30 11:05:33,111,3050,3050,0
2026-07-30 11:05:34,111,3050,3050,0
2026-07-30 11:05:35,112,3050,3050,0
2026-07-30 11:05:36,112,3050,3050,0
2026-07-30 11:05:37,111,3050,3050,0
2026-07-30 11:05:38,111,3050,3050,0
2026-07-30 11:05:39,112,3050,3050,0
2026-07-30 11:05:40,112,3050,3050,0
2026-07-30 11:05:41,111,3050,3050,0
2026-07-30 11:05:42,111,3050,3050,0
2026-07-30 11:05:43,111,3050,3050,0
2026-07-30 11:05:44,111,3050,3050,0
2026-07-30 11:05:45,111,3050,3050,0
2026-07-30 11:05:46,111,3050,3050,0
2026-07-30 11:05:47,112,3050,3050,0
2026-07-30 11:05:48,111,3050,3050,0
2026-07-30 11:05:49,111,3050,3050,0
2026-07-30 11:05:50,111,3050,3050,0
2026-07-30 11:05:51,111,3050,3050,0
2026-07-30 11:05:52,111,3050,3050,0
2026-07-30 11:05:53,111,3050,3050,0
2026-07-30 11:05:54,111,3050,3050,0
2026-07-30 11:05:55,111,3050,3050,0
2026-07-30 11:05:56,112,3050,3050,0
2026-07-30 11:05:57,112,3050,3050,0
2026-07-30 11:05:58,110,3050,3050,0
2026-07-30 11:05:59,110,3050,3050,0
2026-07-30 11:06:00,111,3050,3050,0
2026-07-30 11:06:01,111,3050,3050,0
2026-07-30 11:06:02,110,3050,3050,0
2026-07-30 11:06:03,111,3050,3050,0
2026-07-30 11:06:04,111,3050,3050,0
2026-07-30 11:06:05,111,3050,3050,0
2026-07-30 11:06:06,111,3050,3050,0
2026-07-30 11:06:07,111,3050,3050,0
2026-07-30 11:06:08,111,3050,3050,0
2026-07-30 11:06:09,111,3050,3050,0
2026-07-30 11:06:10,112,3050,3050,0
2026-07-30 11:06:11,111,3050,3050,0
2026-07-30 11:06:12,111,3050,3050,0
2026-07-30 11:06:13,112,3050,3050,0
2026-07-30 11:06:14,111,3050,3050,0
2026-07-30 11:06:15,112,3050,3050,0
2026-07-30 11:06:16,111,3050,3050,0
2026-07-30 11:06:17,111,3050,3050,0
2026-07-30 11:06:18,112,3050,3050,0
2026-07-30 11:06:19,111,3050,3050,0
2026-07-30 11:06:20,111,3050,3050,0
2026-07-30 11:06:21,111,3050,3050,0
2026-07-30 11:06:22,112,3050,3050,0
2026-07-30 11:06:23,111,3050,3050,0
2026-07-30 11:06:24,111,3050,3050,0
2026-07-30 11:06:25,111,3050,3050,0
2026-07-30 11:06:26,112,3050,3050,0
2026-07-30 11:06:27,111,3050,3050,0
2026-07-30 11:06:28,111,3050,3050,0
2026-07-30 11:06:29,111,3050,3050,0
2026-07-30 11:06:30,111,3050,3050,0
2026-07-30 11:06:31,112,3050,3050,0
2026-07-30 11:06:32,111,3050,3050,0
2026-07-30 11:06:33,111,3050,3050,0
2026-07-30 11:06:34,111,3050,3050,0
2026-07-30 11:06:35,112,3050,3050,0
2026-07-30 11:06:36,111,3050,3050,0
2026-07-30 11:06:37,112,3050,3050,0
2026-07-30 11:06:38,112,3050,3050,0
2026-07-30 11:06:39,111,3050,3050,0
2026-07-30 11:06:40,111,3050,3050,0
2026-07-30 11:06:41,111,3050,3050,0
2026-07-30 11:06:42,111,3050,3050,0
2026-07-30 11:06:43,112,3050,3050,0
2026-07-30 11:06:44,112,3050,3050,0
2026-07-30 11:06:45,112,3050,3050,0
2026-07-30 11:06:46,111,3050,3050,0
2026-07-30 11:06:47,111,3050,3050,0
2026-07-30 11:06:48,111,3050,3050,0
2026-07-30 11:06:49,112,3050,3050,0
2026-07-30 11:06:50,111,3050,3050,0
2026-07-30 11:06:51,110,3050,3050,0
2026-07-30 11:06:52,111,3050,3050,0
2026-07-30 11:06:53,111,3050,3050,0
2026-07-30 11:06:54,111,3050,3050,0
2026-07-30 11:06:55,111,3050,3050,0
2026-07-30 11:06:56,111,3050,3050,0
2026-07-30 11:06:57,111,3050,3050,0
2026-07-30 11:06:58,112,3050,3050,0
2026-07-30 11:06:59,112,3050,3050,0
2026-07-30 11:07:00,112,3050,3050,0
2026-07-30 11:07:01,112,3050,3050,0
2026-07-30 11:07:02,110,3050,3050,0
2026-07-30 11:07:03,111,3050,3050,0
2026-07-30 11:07:04,112,3050,3050,0
2026-07-30 11:07:05,86,3050,3050,0
2026-07-30 11:07:06,85,3050,3050,0
2026-07-30 11:07:07,90,3050,3050,0
2026-07-30 11:07:08,93,3050,3050,0
2026-07-30 11:07:09,92,3050,3050,0
2026-07-30 11:07:10,85,3050,3050,0
2026-07-30 11:07:11,89,3050,3050,0
2026-07-30 11:07:12,77,3050,3050,0
2026-07-30 11:07:13,72,3050,3050,0
2026-07-30 11:07:16,70,3050,3050,0
2026-07-30 11:07:16,70,3050,3050,0
2026-07-30 11:07:16,72,3050,3050,0
2026-07-30 11:07:17,83,3050,3050,0
2026-07-30 11:07:18,92,3050,3050,0
2026-07-30 11:07:19,82,3050,3050,0
2026-07-30 11:07:20,80,3050,3050,0
2026-07-30 11:07:21,83,3050,3050,0
2026-07-30 11:07:22,82,3050,3050,0
2026-07-30 11:07:23,92,3050,3050,0
2026-07-30 11:07:24,85,3050,3050,0
2026-07-30 11:07:25,91,3050,3050,0
2026-07-30 11:07:26,77,3050,3050,0
2026-07-30 11:07:27,69,3050,3050,0
2026-07-30 11:07:28,67,3050,3050,0
2026-07-30 11:07:29,66,3050,3050,0
2026-07-30 11:07:30,70,3050,3050,0
2026-07-30 11:07:31,72,3050,3050,0
2026-07-30 11:07:32,89,3050,3050,0
2026-07-30 11:07:33,93,3050,3050,0
2026-07-30 11:07:34,87,3050,3050,0
2026-07-30 11:07:35,88,3050,3050,0
2026-07-30 11:07:36,89,3050,3050,0
2026-07-30 11:07:37,90,3050,3050,0
2026-07-30 11:07:38,84,3050,3050,0
2026-07-30 11:07:39,98,3050,3050,0
2026-07-30 11:07:40,89,3050,3050,0
2026-07-30 11:07:41,69,3050,3050,0
2026-07-30 11:07:42,77,3050,3050,0
2026-07-30 11:07:43,69,3050,3050,0
2026-07-30 11:07:44,73,3050,3050,0
2026-07-30 11:07:45,71,3050,3050,0
2026-07-30 11:07:46,79,3050,3050,0
2026-07-30 11:07:47,74,3050,3050,0
2026-07-30 11:07:48,85,3050,3050,0
2026-07-30 11:07:49,81,3050,3050,0
2026-07-30 11:07:50,90,3050,3050,0
2026-07-30 11:07:51,92,3050,3050,0
2026-07-30 11:07:52,90,3050,3050,0
2026-07-30 11:07:53,100,3050,3050,0
2026-07-30 11:07:54,82,3050,3050,0
2026-07-30 11:07:55,83,3050,3050,0
2026-07-30 11:07:56,88,3050,3050,0
2026-07-30 11:07:57,74,3050,3050,0
2026-07-30 11:07:58,72,3050,3050,0
2026-07-30 11:07:59,70,3050,3050,0
2026-07-30 11:08:00,74,3050,3050,0
2026-07-30 11:08:01,75,3050,3050,0
2026-07-30 11:08:02,86,3050,3050,0
2026-07-30 11:08:03,88,3050,3050,0
2026-07-30 11:08:04,87,3050,3050,0
2026-07-30 11:08:05,96,3050,3050,0
2026-07-30 11:08:06,84,3050,3050,0
2026-07-30 11:08:07,86,3050,3050,0
2026-07-30 11:08:08,91,3050,3050,0
2026-07-30 11:08:09,84,3050,3050,0
2026-07-30 11:08:10,92,3050,3050,0
2026-07-30 11:08:11,78,3050,3050,0
2026-07-30 11:08:12,65,3050,3050,0
2026-07-30 11:08:13,69,3050,3050,0
2026-07-30 11:08:14,72,3050,3050,0
2026-07-30 11:08:15,72,3050,3050,0
2026-07-30 11:08:16,72,3050,3050,0
2026-07-30 11:08:17,83,3050,3050,0
2026-07-30 11:08:18,78,3050,3050,0
2026-07-30 11:08:19,85,3050,3050,0
2026-07-30 11:08:20,82,3050,3050,0
2026-07-30 11:08:21,83,3050,3050,0
2026-07-30 11:08:22,96,3050,3050,0
2026-07-30 11:08:23,90,3050,3050,0
2026-07-30 11:08:24,92,3050,3050,0
2026-07-30 11:08:25,88,3050,3050,0
2026-07-30 11:08:26,82,3050,3050,0
2026-07-30 11:08:27,67,3050,3050,0
2026-07-30 11:08:28,72,3050,3050,0
2026-07-30 11:08:29,65,3050,3050,0
2026-07-30 11:08:30,68,3050,3050,0
2026-07-30 11:08:31,73,3050,3050,0
2026-07-30 11:08:32,89,3050,3050,0
2026-07-30 11:08:33,88,3050,3050,0
2026-07-30 11:08:34,85,3050,3050,0
2026-07-30 11:08:35,95,3050,3050,0
2026-07-30 11:08:36,100,3050,3050,0
2026-07-30 11:08:37,92,3050,3050,0
2026-07-30 11:08:38,89,3050,3050,0
2026-07-30 11:08:39,84,3050,3050,0
2026-07-30 11:08:40,90,3050,3050,0
2026-07-30 11:08:41,85,3050,3050,0
2026-07-30 11:08:42,68,3050,3050,0
2026-07-30 11:08:43,66,3050,3050,0
2026-07-30 11:08:44,78,3050,3050,0
2026-07-30 11:08:45,78,3050,3050,0
2026-07-30 11:08:46,87,3050,3050,0
2026-07-30 11:08:47,85,3050,3050,0
2026-07-30 11:08:48,86,3050,3050,0
2026-07-30 11:08:49,92,3050,3050,0
2026-07-30 11:08:50,92,3050,3050,0
2026-07-30 11:08:51,83,3050,3050,0
2026-07-30 11:08:52,84,3050,3050,0
2026-07-30 11:08:53,89,3050,3050,0
2026-07-30 11:08:54,84,3050,3050,0
2026-07-30 11:08:55,91,3050,3050,0
2026-07-30 11:08:56,90,3050,3050,0
2026-07-30 11:08:57,91,3050,3050,0
2026-07-30 11:08:58,89,3050,3050,0
2026-07-30 11:08:59,75,3050,3050,0
2026-07-30 11:09:00,76,3050,3050,0
2026-07-30 11:09:01,70,3050,3050,0
2026-07-30 11:09:02,68,3050,3050,0
2026-07-30 11:09:03,71,3050,3050,0
2026-07-30 11:09:04,73,3050,3050,0
2026-07-30 11:09:05,70,3050,3050,0
2026-07-30 11:09:06,68,3050,3050,0
2026-07-30 11:09:07,67,3050,3050,0
2026-07-30 11:09:08,73,3050,3050,0
2026-07-30 11:09:09,70,3050,3050,0
2026-07-30 11:09:10,69,3050,3050,0
2026-07-30 11:09:11,67,3050,3050,0
2026-07-30 11:09:12,73,3050,3050,0
2026-07-30 11:09:13,74,3050,3050,0
2026-07-30 11:09:14,81,3050,3050,0
2026-07-30 11:09:15,75,3050,3050,0
2026-07-30 11:09:16,79,3050,3050,0
2026-07-30 11:09:17,89,3050,3050,0
2026-07-30 11:09:18,86,3050,3050,0
2026-07-30 11:09:19,90,3050,3050,0
2026-07-30 11:09:20,94,3050,3050,0
2026-07-30 11:09:21,90,3050,3050,0
2026-07-30 11:09:22,92,3050,3050,0
2026-07-30 11:09:23,102,3050,3050,0
2026-07-30 11:09:24,88,3050,3050,0
2026-07-30 11:09:25,84,3050,3050,0
2026-07-30 11:09:26,94,0,3050,0
2026-07-30 11:09:27,92,0,3050,0
2026-07-30 11:09:28,93,0,3050,0
2026-07-30 11:09:29,94,0,3050,0
2026-07-30 11:09:30,99,0,3050,0
2026-07-30 11:09:31,94,0,3050,0
2026-07-30 11:09:32,71,0,3050,0
2026-07-30 11:09:33,67,0,3050,0
2026-07-30 11:09:34,72,0,3050,0
2026-07-30 11:09:35,73,0,3050,0
2026-07-30 11:09:36,72,3050,3050,0
2026-07-30 11:09:37,69,0,3050,0
2026-07-30 11:09:38,77,0,3050,0
2026-07-30 11:09:39,85,0,3050,0
2026-07-30 11:09:40,80,0,3050,0
2026-07-30 11:09:41,88,3050,3050,0
2026-07-30 11:09:42,89,0,3050,0
2026-07-30 11:09:43,88,0,3050,0
2026-07-30 11:09:44,89,0,3050,0
2026-07-30 11:09:45,86,0,3050,0
2026-07-30 11:09:46,83,0,3050,0
2026-07-30 11:09:47,84,3050,3050,0
2026-07-30 11:09:48,76,0,3050,0
2026-07-30 11:09:49,68,3050,3050,0
2026-07-30 11:09:50,72,0,3050,0
2026-07-30 11:09:51,68,0,3050,0
2026-07-30 11:09:52,68,0,3050,0
2026-07-30 11:09:53,75,0,3050,0
2026-07-30 11:09:54,84,0,3050,0
2026-07-30 11:09:55,89,0,3050,0
2026-07-30 11:09:56,86,0,3050,0
2026-07-30 11:09:57,97,0,3050,0
2026-07-30 11:09:58,85,0,3050,0
2026-07-30 11:09:59,91,0,3050,0
2026-07-30 11:10:00,98,0,3050,0
2026-07-30 11:10:01,94,0,3050,0
2026-07-30 11:10:02,82,3050,3050,0
2026-07-30 11:10:03,86,0,3050,0
2026-07-30 11:10:04,68,0,3050,0
2026-07-30 11:10:05,74,0,3050,0
2026-07-30 11:10:06,71,0,3050,0
2026-07-30 11:10:07,65,0,3050,0
2026-07-30 11:10:09,75,0,3050,0
2026-07-30 11:10:10,96,0,3050,0
2026-07-30 11:10:11,81,0,3050,0
2026-07-30 11:10:11,83,0,3050,0
2026-07-30 11:10:12,86,0,3050,0
2026-07-30 11:10:13,91,0,3050,0
2026-07-30 11:10:14,85,0,3050,0
2026-07-30 11:10:15,94,0,3050,0
2026-07-30 11:10:16,89,0,3050,0
2026-07-30 11:10:17,86,0,3050,0
2026-07-30 11:10:18,87,3050,3050,0
2026-07-30 11:10:19,62,0,3050,0
2026-07-30 11:10:21,70,0,3050,0
2026-07-30 11:10:21,66,0,3050,0
2026-07-30 11:10:23,73,0,3050,0
2026-07-30 11:10:23,70,3050,3050,0
2026-07-30 11:10:24,82,0,3050,0
2026-07-30 11:10:25,85,0,3050,0
2026-07-30 11:10:26,86,3050,3050,0
2026-07-30 11:10:27,83,0,3050,0
2026-07-30 11:10:28,95,0,3050,0
2026-07-30 11:10:29,93,3050,3050,0
2026-07-30 11:10:30,96,3050,3050,0
2026-07-30 11:10:31,92,0,3050,0
2026-07-30 11:10:32,84,0,3050,0
2026-07-30 11:10:33,87,0,3050,0
2026-07-30 11:10:34,67,0,3050,0
2026-07-30 11:10:35,63,0,3050,0
2026-07-30 11:10:36,67,0,3050,0
2026-07-30 11:10:37,67,3050,3050,0
2026-07-30 11:10:38,70,3050,3050,0
2026-07-30 11:10:39,86,3050,3050,0
2026-07-30 11:10:40,86,3050,3050,0
2026-07-30 11:10:41,86,3050,3050,0
2026-07-30 11:10:42,92,0,3050,0
2026-07-30 11:10:43,84,0,3050,0
2026-07-30 11:10:44,91,0,3050,0
2026-07-30 11:10:45,85,0,3050,0
2026-07-30 11:10:46,86,3050,3050,0
2026-07-30 11:10:47,83,0,3050,0
2026-07-30 11:10:49,89,3050,3050,0
2026-07-30 11:10:49,90,0,3050,0
2026-07-30 11:10:50,74,0,3050,0
2026-07-30 11:10:51,70,0,3050,0
2026-07-30 11:10:52,70,0,3050,0
2026-07-30 11:10:53,65,0,3050,0
2026-07-30 11:10:54,64,0,3050,0
2026-07-30 11:10:55,66,0,3050,0
2026-07-30 11:10:56,81,0,3050,0
2026-07-30 11:10:57,94,0,3050,0
2026-07-30 11:10:58,88,0,3050,0
2026-07-30 11:10:59,93,3050,3050,0
2026-07-30 11:11:01,93,0,3050,0
2026-07-30 11:11:01,97,0,3050,0
2026-07-30 11:11:02,88,0,3050,0
2026-07-30 11:11:03,85,0,3050,0
2026-07-30 11:11:04,94,0,3050,0
2026-07-30 11:11:05,87,3050,3050,0
2026-07-30 11:11:06,85,0,3050,0
2026-07-30 11:11:07,74,0,3050,0
2026-07-30 11:11:08,65,0,3050,0
2026-07-30 11:11:09,69,3050,3050,0
2026-07-30 11:11:10,73,0,3050,0
2026-07-30 11:11:11,73,0,3050,0
2026-07-30 11:11:12,77,0,3050,0
2026-07-30 11:11:13,90,0,3050,0
2026-07-30 11:11:14,89,0,3050,0
2026-07-30 11:11:15,85,0,3050,0
2026-07-30 11:11:16,81,3050,3050,0
2026-07-30 11:11:18,86,0,3050,0
2026-07-30 11:11:18,80,0,3050,0
2026-07-30 11:11:19,91,0,3050,0
2026-07-30 11:11:20,87,0,3050,0
2026-07-30 11:11:21,82,0,3050,0
2026-07-30 11:11:22,80,0,3050,0
2026-07-30 11:11:23,66,0,3050,0
2026-07-30 11:11:24,70,0,3050,0
2026-07-30 11:11:25,73,0,3050,0
2026-07-30 11:11:26,67,0,3050,0
2026-07-30 11:11:27,75,0,3050,0
2026-07-30 11:11:28,92,0,3050,0
2026-07-30 11:11:29,88,0,3050,0
2026-07-30 11:11:30,98,0,3050,0
2026-07-30 11:11:31,95,0,3050,0
2026-07-30 11:11:32,95,0,3050,0
2026-07-30 11:11:33,84,0,3050,0
2026-07-30 11:11:34,100,0,3050,0
2026-07-30 11:11:35,83,0,3050,0
2026-07-30 11:11:36,91,0,3050,0
2026-07-30 11:11:37,97,0,3050,0
2026-07-30 11:11:38,66,0,3050,0
2026-07-30 11:11:39,61,0,3050,0
2026-07-30 11:11:40,68,0,3050,0
2026-07-30 11:11:41,67,3050,3050,0
2026-07-30 11:11:42,73,0,3050,0
2026-07-30 11:11:44,81,0,3050,0
2026-07-30 11:11:45,85,0,3050,0
2026-07-30 11:11:45,88,3050,3050,0
2026-07-30 11:11:46,93,0,3050,0
2026-07-30 11:11:47,86,0,3050,0
2026-07-30 11:11:48,90,0,3050,0
2026-07-30 11:11:49,81,0,3050,0
2026-07-30 11:11:51,90,0,3050,0
2026-07-30 11:11:51,90,0,3050,0
2026-07-30 11:11:52,84,0,3050,0
2026-07-30 11:11:53,78,0,3050,0
2026-07-30 11:11:54,87,0,3050,0
2026-07-30 11:11:56,84,0,3050,0
2026-07-30 11:11:56,75,0,3050,0
2026-07-30 11:11:57,70,0,3050,0
2026-07-30 11:11:58,69,0,3050,0
2026-07-30 11:11:59,65,0,3050,0
2026-07-30 11:12:00,69,0,3050,0
2026-07-30 11:12:01,75,0,3050,0
2026-07-30 11:12:03,63,0,3050,0
2026-07-30 11:12:03,69,0,3050,0
2026-07-30 11:12:05,62,0,3050,0
2026-07-30 11:12:05,71,3050,3050,0
2026-07-30 11:12:06,70,0,3050,0
2026-07-30 11:12:07,66,0,3050,0
2026-07-30 11:12:08,66,0,3050,0
2026-07-30 11:12:09,67,3050,3050,0
2026-07-30 11:12:10,66,0,3050,0
2026-07-30 11:12:11,75,0,3050,0
2026-07-30 11:12:13,69,0,3050,0
2026-07-30 11:12:13,68,0,3050,0
2026-07-30 11:12:14,73,0,3050,0
2026-07-30 11:12:15,71,0,3050,0
2026-07-30 11:12:16,77,0,3050,0
2026-07-30 11:12:17,77,0,3050,0
2026-07-30 11:12:18,96,0,3050,0
2026-07-30 11:12:19,86,0,3050,0
2026-07-30 11:12:20,92,0,3050,0
2026-07-30 11:12:21,86,0,3050,0
2026-07-30 11:12:22,90,3050,3050,0
2026-07-30 11:12:23,95,0,3050,0
2026-07-30 11:12:24,91,0,3050,0
2026-07-30 11:12:25,87,0,3050,0
2026-07-30 11:12:26,91,0,3050,0
2026-07-30 11:12:27,79,0,3050,0
2026-07-30 11:12:28,92,0,3050,0
2026-07-30 11:12:29,94,0,3050,0
2026-07-30 11:12:30,88,0,3050,0
2026-07-30 11:12:32,90,0,3050,0
2026-07-30 11:12:32,91,0,3050,0
2026-07-30 11:12:33,92,0,3050,0
2026-07-30 11:12:34,86,0,3050,0
2026-07-30 11:12:35,76,0,3050,0
2026-07-30 11:12:36,97,0,3050,0
2026-07-30 11:12:37,88,0,3050,0
2026-07-30 11:12:38,88,3050,3050,0
2026-07-30 11:12:39,89,0,3050,0
2026-07-30 11:12:40,88,3050,3050,0
2026-07-30 11:12:41,86,0,3050,0
2026-07-30 11:12:42,88,0,3050,0
2026-07-30 11:12:43,89,0,3050,0
2026-07-30 11:12:44,68,0,3050,0
2026-07-30 11:12:45,68,0,3050,0
2026-07-30 11:12:46,65,0,3050,0
2026-07-30 11:12:47,69,0,3050,0
2026-07-30 11:12:48,78,0,3050,0
2026-07-30 11:12:49,80,0,3050,0
2026-07-30 11:12:50,97,0,3050,0
2026-07-30 11:12:51,86,0,3050,0
2026-07-30 11:12:52,95,0,3050,0
2026-07-30 11:12:53,89,0,3050,0
2026-07-30 11:12:54,91,0,3050,0
2026-07-30 11:12:55,93,0,3050,0
2026-07-30 11:12:56,92,0,3050,0
2026-07-30 11:12:57,86,0,3050,0
2026-07-30 11:12:58,74,0,3050,0
2026-07-30 11:12:59,69,0,3050,0
2026-07-30 11:13:00,77,3050,3050,0
2026-07-30 11:13:01,70,0,3050,0
2026-07-30 11:13:02,66,0,3050,0
2026-07-30 11:13:03,70,0,3050,0
2026-07-30 11:13:04,79,0,3050,0
2026-07-30 11:13:05,89,0,3050,0
2026-07-30 11:13:06,91,3050,3050,0
2026-07-30 11:13:07,81,0,3050,0
2026-07-30 11:13:08,81,0,3050,0
2026-07-30 11:13:10,92,0,3050,0
2026-07-30 11:13:10,85,0,3050,0
2026-07-30 11:13:11,87,0,3050,0
2026-07-30 11:13:12,86,0,3050,0
2026-07-30 11:13:13,80,3050,3050,0
2026-07-30 11:13:14,63,0,3050,0
2026-07-30 11:13:15,69,0,3050,0
2026-07-30 11:13:16,70,0,3050,0
2026-07-30 11:13:18,68,0,3050,0
2026-07-30 11:13:19,70,0,3050,0
2026-07-30 11:13:19,75,0,3050,0
2026-07-30 11:13:21,95,0,3050,0
2026-07-30 11:13:22,96,0,3050,0
2026-07-30 11:13:22,92,0,3050,0
2026-07-30 11:13:23,98,0,3050,0
2026-07-30 11:13:24,83,3050,3050,0
2026-07-30 11:13:25,79,0,3050,0
2026-07-30 11:13:26,88,0,3050,0
2026-07-30 11:13:27,88,0,3050,0
2026-07-30 11:13:28,81,3050,3050,0
2026-07-30 11:13:29,97,0,3050,0
2026-07-30 11:13:30,85,0,3050,0
2026-07-30 11:13:31,71,0,3050,0
2026-07-30 11:13:32,67,3050,3050,0
2026-07-30 11:13:33,62,0,3050,0
2026-07-30 11:13:34,73,0,3050,0
2026-07-30 11:13:35,68,3050,3050,0
2026-07-30 11:13:36,71,0,3050,0
2026-07-30 11:13:37,76,0,3050,0
2026-07-30 11:13:38,80,0,3050,0
2026-07-30 11:13:39,84,0,3050,0
2026-07-30 11:13:40,87,0,3050,0
2026-07-30 11:13:41,80,0,3050,0
2026-07-30 11:13:42,83,0,3050,0
2026-07-30 11:13:43,85,0,3050,0
2026-07-30 11:13:44,92,0,3050,0
2026-07-30 11:13:45,94,0,3050,0
2026-07-30 11:13:46,81,0,3050,0
2026-07-30 11:13:47,81,0,3050,0
2026-07-30 11:13:48,91,0,3050,0
2026-07-30 11:13:49,82,0,3050,0
2026-07-30 11:13:50,93,0,3050,0
2026-07-30 11:13:53,85,0,3050,0
2026-07-30 11:13:53,94,3050,3050,0
2026-07-30 11:13:54,85,0,3050,0
2026-07-30 11:13:54,90,3050,3050,0
2026-07-30 11:13:55,89,0,3050,0
2026-07-30 11:13:56,94,0,3050,0
2026-07-30 11:13:57,94,0,3050,0
2026-07-30 11:13:58,87,3050,3050,0
2026-07-30 11:13:59,91,0,3050,0
2026-07-30 11:14:01,89,0,3050,0
2026-07-30 11:14:01,88,3050,3050,2
2026-07-30 11:14:02,90,0,3050,2
2026-07-30 11:14:03,93,0,3050,2
2026-07-30 11:14:04,85,0,3050,2
2026-07-30 11:14:05,77,0,3050,2
2026-07-30 11:14:06,81,0,3050,2
2026-07-30 11:14:08,87,0,3050,2
2026-07-30 11:14:08,94,0,3050,2
2026-07-30 11:14:09,86,0,3050,2
2026-07-30 11:14:10,89,0,3050,2
2026-07-30 11:14:12,88,3050,3050,2
2026-07-30 11:14:13,76,0,3050,2
2026-07-30 11:14:13,74,0,3050,2
2026-07-30 11:14:14,65,0,3050,2
2026-07-30 11:14:15,67,0,3050,2
2026-07-30 11:14:16,69,0,3050,2
2026-07-30 11:14:17,64,0,3050,2
2026-07-30 11:14:18,60,0,3050,2
2026-07-30 11:14:19,67,0,3050,2
2026-07-30 11:14:22,68,0,3050,2
2026-07-30 11:14:22,69,0,3050,2
2026-07-30 11:14:22,74,3050,3050,2
2026-07-30 11:14:23,83,0,3050,2
2026-07-30 11:14:24,86,0,3050,2
2026-07-30 11:14:25,95,0,3050,2
2026-07-30 11:14:26,95,0,3050,2
2026-07-30 11:14:27,82,0,3050,2
2026-07-30 11:14:28,94,0,3050,2
2026-07-30 11:14:29,85,0,3050,2
2026-07-30 11:14:30,89,0,3050,2
2026-07-30 11:14:31,79,0,3050,2
2026-07-30 11:14:32,91,0,3050,2
2026-07-30 11:14:33,92,0,3050,2
2026-07-30 11:14:34,81,0,3050,2
2026-07-30 11:14:35,88,0,3050,2
2026-07-30 11:14:36,103,0,3050,2
2026-07-30 11:14:37,97,0,3050,2
2026-07-30 11:14:38,99,0,3050,2
2026-07-30 11:14:39,96,0,3050,2
2026-07-30 11:14:40,84,0,3050,2
2026-07-30 11:14:41,67,0,3050,2
2026-07-30 11:14:42,70,0,3050,2
2026-07-30 11:14:43,62,0,3050,2
2026-07-30 11:14:44,72,0,3050,2
2026-07-30 11:14:45,78,0,3050,2
2026-07-30 11:14:46,82,0,3050,2
2026-07-30 11:14:47,87,0,3050,2
2026-07-30 11:14:48,87,0,3050,0
2026-07-30 11:14:49,83,0,3050,0
2026-07-30 11:14:50,90,0,3050,0
2026-07-30 11:14:51,80,0,3050,0
2026-07-30 11:14:52,90,0,3050,0
2026-07-30 11:14:53,87,3050,3050,0
2026-07-30 11:14:55,92,0,3050,0
2026-07-30 11:14:56,73,0,3050,0
2026-07-30 11:14:56,69,0,3050,0
2026-07-30 11:14:57,66,0,3050,0
2026-07-30 11:14:58,76,0,3050,0
2026-07-30 11:14:59,68,0,3050,0
2026-07-30 11:15:01,74,0,3050,0
2026-07-30 11:15:01,84,0,3050,0
2026-07-30 11:15:02,83,3050,3050,0
2026-07-30 11:15:03,92,0,3050,0
2026-07-30 11:15:04,84,0,3050,0
2026-07-30 11:15:05,93,0,3050,0
2026-07-30 11:15:07,86,0,3050,0
2026-07-30 11:15:07,88,0,3050,0
2026-07-30 11:15:08,78,0,3050,0
2026-07-30 11:15:09,94,0,3050,0
2026-07-30 11:15:10,91,3050,3050,0
2026-07-30 11:15:11,87,0,3050,0
2026-07-30 11:15:12,74,0,3050,0
2026-07-30 11:15:13,61,0,3050,0
2026-07-30 11:15:14,70,0,3050,0
2026-07-30 11:15:15,68,0,3050,0
2026-07-30 11:15:16,68,0,3050,0
2026-07-30 11:15:17,74,0,3050,0
2026-07-30 11:15:18,69,0,3050,0
2026-07-30 11:15:19,84,0,3050,0
2026-07-30 11:15:21,78,0,3050,0
2026-07-30 11:15:21,89,0,3050,0
2026-07-30 11:15:22,86,0,3050,0
2026-07-30 11:15:23,89,0,3050,0
2026-07-30 11:15:24,89,0,3050,0
2026-07-30 11:15:25,86,0,3050,0
2026-07-30 11:15:26,85,0,3050,0
2026-07-30 11:15:27,88,0,3050,0
2026-07-30 11:15:28,96,0,3050,0
2026-07-30 11:15:30,83,0,3050,0
2026-07-30 11:15:30,91,0,3050,0
2026-07-30 11:15:31,84,0,3050,0
2026-07-30 11:15:32,93,3050,3050,0
2026-07-30 11:15:33,96,0,3050,0
2026-07-30 11:15:34,92,0,3050,0
2026-07-30 11:15:35,84,0,3050,0
2026-07-30 11:15:36,84,0,3050,0
2026-07-30 11:15:37,86,0,3050,0
2026-07-30 11:15:38,84,0,3050,0
2026-07-30 11:15:40,74,0,3050,0
2026-07-30 11:15:40,68,0,3050,0
2026-07-30 11:15:41,66,0,3050,0
2026-07-30 11:15:42,63,0,3050,0
2026-07-30 11:15:43,78,0,3050,0
2026-07-30 11:15:44,66,0,3050,0
2026-07-30 11:15:45,69,0,3050,0
2026-07-30 11:15:46,67,0,3050,0
2026-07-30 11:15:47,77,0,3050,0
2026-07-30 11:15:48,97,0,3050,0
2026-07-30 11:15:49,92,0,3050,0
2026-07-30 11:15:50,85,0,3050,0
2026-07-30 11:15:51,88,0,3050,0
2026-07-30 11:15:52,93,0,3050,0
2026-07-30 11:15:53,89,0,3050,0
2026-07-30 11:15:54,95,0,3050,0
2026-07-30 11:15:55,84,0,3050,0
2026-07-30 11:15:56,91,0,3050,0
2026-07-30 11:15:57,91,0,3050,0
2026-07-30 11:15:58,95,0,3050,0
2026-07-30 11:16:00,86,0,3050,0
2026-07-30 11:16:00,90,0,3050,0
2026-07-30 11:16:02,95,0,3050,0
2026-07-30 11:16:02,93,0,3050,0
2026-07-30 11:16:04,97,0,3050,0
2026-07-30 11:16:05,80,0,3050,0
2026-07-30 11:16:05,92,0,3050,0
2026-07-30 11:16:06,92,0,3050,0
2026-07-30 11:16:07,101,0,3050,0
2026-07-30 11:16:08,93,0,3050,0
2026-07-30 11:16:09,97,0,3050,0
2026-07-30 11:16:10,93,0,3050,0
2026-07-30 11:16:11,94,0,3050,0
2026-07-30 11:16:12,83,0,3050,0
2026-07-30 11:16:13,91,0,3050,0
2026-07-30 11:16:14,95,0,3050,0
2026-07-30 11:16:15,90,0,3050,0
2026-07-30 11:16:16,83,0,3050,0
2026-07-30 11:16:17,76,0,3050,0
2026-07-30 11:16:18,68,0,3050,0
2026-07-30 11:16:19,69,0,3050,0
2026-07-30 11:16:20,68,0,3050,0
2026-07-30 11:16:21,68,0,3050,0
2026-07-30 11:16:22,68,0,3050,0
2026-07-30 11:16:23,88,0,3050,0
2026-07-30 11:16:24,89,0,3050,0
2026-07-30 11:16:25,85,0,3050,0
2026-07-30 11:16:26,96,0,3050,0
2026-07-30 11:16:27,81,0,3050,0
2026-07-30 11:16:28,83,0,3050,0
2026-07-30 11:16:30,92,0,3050,0
2026-07-30 11:16:30,82,0,3050,0
2026-07-30 11:16:31,95,0,3050,0
2026-07-30 11:16:32,85,0,3050,0
2026-07-30 11:16:34,78,0,3050,0
2026-07-30 11:16:34,72,0,3050,0
2026-07-30 11:16:35,63,0,3050,0
2026-07-30 11:16:36,69,0,3050,0
2026-07-30 11:16:37,72,0,3050,0
2026-07-30 11:16:38,81,0,3050,0
2026-07-30 11:16:39,84,0,3050,0
2026-07-30 11:16:40,91,0,3050,0
2026-07-30 11:16:41,92,0,3050,0
2026-07-30 11:16:42,95,0,3050,0
2026-07-30 11:16:43,84,0,3050,0
2026-07-30 11:16:44,93,0,3050,0
2026-07-30 11:16:45,93,0,3050,0
2026-07-30 11:16:46,96,0,3050,0
2026-07-30 11:16:47,95,0,3050,0
2026-07-30 11:16:48,94,0,3050,0
2026-07-30 11:16:49,75,0,3050,0
2026-07-30 11:16:50,71,0,3050,0
2026-07-30 11:16:51,61,0,3050,0
2026-07-30 11:16:52,69,0,3050,0
2026-07-30 11:16:53,66,0,3050,0
2026-07-30 11:16:54,69,0,3050,0
2026-07-30 11:16:55,67,0,3050,0
2026-07-30 11:16:56,75,0,3050,0
2026-07-30 11:16:57,90,3050,3050,0
2026-07-30 11:16:58,85,0,3050,0
2026-07-30 11:16:59,92,0,3050,0
2026-07-30 11:17:00,95,0,3050,0
2026-07-30 11:17:01,82,0,3050,0
2026-07-30 11:17:02,89,0,3050,0
2026-07-30 11:17:03,83,0,3050,0
2026-07-30 11:17:04,92,0,3050,0
2026-07-30 11:17:05,80,0,3050,0
2026-07-30 11:17:06,86,0,3050,0
2026-07-30 11:17:07,87,0,3050,0
2026-07-30 11:17:08,90,0,3050,0
2026-07-30 11:17:09,90,0,3050,0
2026-07-30 11:17:10,86,0,3050,0
2026-07-30 11:17:11,72,0,3050,0
2026-07-30 11:17:12,85,0,3050,0
2026-07-30 11:17:13,70,0,3050,0
2026-07-30 11:17:14,69,0,3050,0
2026-07-30 11:17:15,67,0,3050,0
2026-07-30 11:17:16,68,0,3050,0
2026-07-30 11:17:17,67,0,3050,0
2026-07-30 11:17:18,80,0,3050,0
2026-07-30 11:17:19,95,0,3050,0
2026-07-30 11:17:20,95,0,3050,0
2026-07-30 11:17:21,92,0,3050,0
2026-07-30 11:17:22,89,0,3050,0
2026-07-30 11:17:23,86,0,3050,0
2026-07-30 11:17:24,95,0,3050,0
2026-07-30 11:17:25,92,0,3050,0
2026-07-30 11:17:26,87,0,3050,0
2026-07-30 11:17:28,99,0,3050,0
2026-07-30 11:17:28,88,0,3050,0
2026-07-30 11:17:29,95,0,3050,0
2026-07-30 11:17:30,88,0,3050,0
2026-07-30 11:17:31,90,0,3050,0
2026-07-30 11:17:32,85,0,3050,0
2026-07-30 11:17:33,76,0,3050,0
2026-07-30 11:17:34,70,0,3050,0
2026-07-30 11:17:35,67,0,3050,0
2026-07-30 11:17:36,70,0,3050,0
2026-07-30 11:17:37,69,0,3050,0
2026-07-30 11:17:38,65,0,3050,0
2026-07-30 11:17:39,69,3050,3050,0
2026-07-30 11:17:40,65,0,3050,0
2026-07-30 11:17:41,69,0,3050,0
2026-07-30 11:17:43,68,0,3050,0
2026-07-30 11:17:43,62,0,3050,0
2026-07-30 11:17:44,71,0,3050,0
2026-07-30 11:17:45,67,0,3050,0
2026-07-30 11:17:46,70,0,3050,0
2026-07-30 11:17:47,74,0,3050,0
2026-07-30 11:17:48,65,0,3050,0
2026-07-30 11:17:49,78,0,3050,0
2026-07-30 11:17:50,64,0,3050,0
2026-07-30 11:17:51,71,0,3050,0
2026-07-30 11:17:52,71,0,3050,0
2026-07-30 11:17:53,75,0,3050,0
2026-07-30 11:17:54,65,0,3050,0
2026-07-30 11:17:55,75,0,3050,0
2026-07-30 11:17:56,74,0,3050,0
2026-07-30 11:17:57,67,0,3050,0
2026-07-30 11:17:58,70,0,3050,0
2026-07-30 11:17:59,67,0,3050,0
2026-07-30 11:18:00,79,0,3050,0
2026-07-30 11:18:02,68,0,3050,0
2026-07-30 11:18:02,68,0,3050,0
2026-07-30 11:18:03,65,0,3050,0
2026-07-30 11:18:04,71,0,3050,0
2026-07-30 11:18:05,69,0,3050,0
2026-07-30 11:18:06,75,0,3050,0
2026-07-30 11:18:07,67,0,3050,0
2026-07-30 11:18:08,73,0,3050,0
2026-07-30 11:18:09,71,0,3050,0
2026-07-30 11:18:10,79,0,3050,0
2026-07-30 11:18:11,87,0,3050,0
2026-07-30 11:18:12,81,0,3050,0
2026-07-30 11:18:13,94,0,3050,0
2026-07-30 11:18:14,81,0,3050,0
2026-07-30 11:18:15,98,0,3050,0
2026-07-30 11:18:16,89,0,3050,0
2026-07-30 11:18:17,90,0,3050,0
2026-07-30 11:18:18,97,0,3050,0
2026-07-30 11:18:19,91,0,3050,0
2026-07-30 11:18:20,64,0,3050,0
2026-07-30 11:18:21,68,0,3050,0
2026-07-30 11:18:22,72,0,3050,0
2026-07-30 11:18:23,74,0,3050,0
2026-07-30 11:18:24,65,0,3050,0
2026-07-30 11:18:25,74,0,3050,0
2026-07-30 11:18:26,90,0,3050,0
2026-07-30 11:18:27,89,0,3050,0
2026-07-30 11:18:28,96,0,3050,0
2026-07-30 11:18:29,93,0,3050,0
2026-07-30 11:18:30,84,0,3050,0
2026-07-30 11:18:32,90,0,3050,0
2026-07-30 11:18:32,94,0,3050,0
2026-07-30 11:18:33,94,0,3050,0
2026-07-30 11:18:34,84,0,3050,0
2026-07-30 11:18:35,72,0,3050,0
2026-07-30 11:18:36,73,0,3050,0
2026-07-30 11:18:37,67,0,3050,0
2026-07-30 11:18:38,71,0,3050,0
2026-07-30 11:18:39,68,0,3050,0
2026-07-30 11:18:40,71,3050,3050,0
2026-07-30 11:18:42,81,0,3050,0
2026-07-30 11:18:42,82,0,3050,0
2026-07-30 11:18:43,84,0,3050,0
2026-07-30 11:18:44,84,0,3050,0
2026-07-30 11:18:46,79,0,3050,0
2026-07-30 11:18:46,89,0,3050,0
2026-07-30 11:18:47,82,0,3050,0
2026-07-30 11:18:48,92,0,3050,0
2026-07-30 11:18:49,94,0,3050,0
2026-07-30 11:18:50,78,0,3050,0
2026-07-30 11:18:51,67,0,3050,0
2026-07-30 11:18:52,74,0,3050,0
2026-07-30 11:18:53,65,0,3050,0
2026-07-30 11:18:54,69,0,3050,0
2026-07-30 11:18:55,72,0,3050,0
2026-07-30 11:18:56,95,0,3050,0
2026-07-30 11:18:57,93,0,3050,0
2026-07-30 11:18:58,89,0,3050,0
2026-07-30 11:18:59,92,0,3050,0
2026-07-30 11:19:00,83,0,3050,0
2026-07-30 11:19:01,91,0,3050,0
2026-07-30 11:19:02,88,0,3050,0
2026-07-30 11:19:03,92,0,3050,0
2026-07-30 11:19:04,73,0,3050,0
2026-07-30 11:19:05,78,0,3050,0
2026-07-30 11:19:06,68,0,3050,0
2026-07-30 11:19:07,67,0,3050,0
2026-07-30 11:19:08,67,0,3050,0
2026-07-30 11:19:09,65,0,3050,0
2026-07-30 11:19:10,69,0,3050,0
2026-07-30 11:19:11,80,0,3050,0
2026-07-30 11:19:12,87,0,3050,0
2026-07-30 11:19:13,94,0,3050,0
2026-07-30 11:19:14,81,0,3050,0
2026-07-30 11:19:15,93,0,3050,0
2026-07-30 11:19:16,80,0,3050,0
2026-07-30 11:19:17,81,0,3050,0
2026-07-30 11:19:18,88,0,3050,0
2026-07-30 11:19:19,89,0,3050,0
2026-07-30 11:19:20,82,0,3050,0
2026-07-30 11:19:21,66,0,3050,0
2026-07-30 11:19:22,66,0,3050,0
2026-07-30 11:19:23,62,0,3050,0
2026-07-30 11:19:24,68,0,3050,0
2026-07-30 11:19:25,72,0,3050,0
2026-07-30 11:19:26,66,0,3050,0
2026-07-30 11:19:27,67,0,3050,0
2026-07-30 11:19:28,66,0,3050,0
2026-07-30 11:19:29,65,0,3050,0
2026-07-30 11:19:30,71,0,3050,0
2026-07-30 11:19:31,76,0,3050,0
2026-07-30 11:19:32,76,0,3050,0
2026-07-30 11:19:33,73,0,3050,0
2026-07-30 11:19:34,77,0,3050,0
2026-07-30 11:19:35,81,0,3050,0
2026-07-30 11:19:36,78,0,3050,0
2026-07-30 11:19:37,77,0,3050,0
2026-07-30 11:19:38,73,0,3050,0
2026-07-30 11:19:39,75,0,3050,0
2026-07-30 11:19:40,66,0,3050,0
2026-07-30 11:19:41,73,0,3050,0
2026-07-30 11:19:42,71,0,3050,0
2026-07-30 11:19:43,68,0,3050,0
2026-07-30 11:19:44,60,0,3050,0
2026-07-30 11:19:45,70,0,3050,0
2026-07-30 11:19:46,73,0,3050,0
2026-07-30 11:19:47,64,0,3050,0
2026-07-30 11:19:48,63,0,3050,0
2026-07-30 11:19:49,66,0,3050,0
2026-07-30 11:19:50,70,0,3050,0
2026-07-30 11:19:51,78,3050,3050,0
2026-07-30 11:19:52,91,0,3050,0
2026-07-30 11:19:53,91,0,3050,0
2026-07-30 11:19:54,81,0,3050,0
2026-07-30 11:19:55,88,0,3050,0
2026-07-30 11:19:56,91,0,3050,0
2026-07-30 11:19:57,87,0,3050,0
2026-07-30 11:19:58,83,0,3050,0
2026-07-30 11:19:59,93,0,3050,0
2026-07-30 11:20:00,86,0,3050,0
2026-07-30 11:20:01,64,0,3050,0
2026-07-30 11:20:02,80,0,3050,0
2026-07-30 11:20:03,68,0,3050,0
2026-07-30 11:20:04,74,0,3050,0
2026-07-30 11:20:05,66,0,3050,0
2026-07-30 11:20:06,68,3050,3050,0
2026-07-30 11:20:07,62,0,3050,0
2026-07-30 11:20:08,69,0,3050,0
2026-07-30 11:20:09,72,0,3050,0
2026-07-30 11:20:10,83,0,3050,0
2026-07-30 11:20:11,90,0,3050,0
2026-07-30 11:20:12,93,0,3050,0
2026-07-30 11:20:13,79,0,3050,0
2026-07-30 11:20:14,87,0,3050,0
2026-07-30 11:20:15,97,0,3050,0
2026-07-30 11:20:16,94,0,3050,0
2026-07-30 11:20:17,81,3050,3050,2
2026-07-30 11:20:18,97,0,3050,2
2026-07-30 11:20:19,87,0,3050,2
2026-07-30 11:20:20,87,0,3050,2
2026-07-30 11:20:21,75,0,3050,2
2026-07-30 11:20:22,64,0,3050,2
2026-07-30 11:20:23,70,0,3050,2
2026-07-30 11:20:24,71,0,3050,2
2026-07-30 11:20:25,65,0,3050,2
2026-07-30 11:20:26,76,0,3050,2
2026-07-30 11:20:27,89,0,3050,2
2026-07-30 11:20:28,94,0,3050,2
2026-07-30 11:20:29,85,0,3050,2
2026-07-30 11:20:30,84,0,3050,2
2026-07-30 11:20:31,89,0,3050,2
2026-07-30 11:20:32,80,0,3050,2
2026-07-30 11:20:33,80,0,3050,2
2026-07-30 11:20:34,92,0,3050,2
2026-07-30 11:20:35,89,0,3050,2
2026-07-30 11:20:36,80,0,3050,2
2026-07-30 11:20:37,87,0,3050,2
2026-07-30 11:20:38,90,0,3050,2
2026-07-30 11:20:39,67,0,3050,2
2026-07-30 11:20:40,78,0,3050,2
2026-07-30 11:20:41,68,0,3050,2
2026-07-30 11:20:42,69,0,3050,2
2026-07-30 11:20:43,73,0,3050,2
2026-07-30 11:20:44,65,0,3050,2
2026-07-30 11:20:45,67,0,3050,2
2026-07-30 11:20:46,62,0,3050,2
2026-07-30 11:20:47,66,0,3050,2
2026-07-30 11:20:48,67,0,3050,2
2026-07-30 11:20:49,65,0,3050,2
2026-07-30 11:20:50,69,0,3050,2
2026-07-30 11:20:51,71,0,3050,2
2026-07-30 11:20:52,68,0,3050,2
2026-07-30 11:20:53,65,0,3050,2
2026-07-30 11:20:54,71,0,3050,2
2026-07-30 11:20:55,76,0,3050,2
2026-07-30 11:20:56,64,0,3050,2
2026-07-30 11:20:57,69,0,3050,2
2026-07-30 11:20:58,70,0,3050,2
2026-07-30 11:20:59,74,0,3050,2
2026-07-30 11:21:00,79,0,3050,2
2026-07-30 11:21:01,82,0,3050,2
2026-07-30 11:21:02,80,0,3050,2
2026-07-30 11:21:03,88,0,3050,2
2026-07-30 11:21:04,81,0,3050,2
2026-07-30 11:21:05,79,0,3050,2
2026-07-30 11:21:06,88,0,3050,2
2026-07-30 11:21:07,92,0,3050,2
2026-07-30 11:21:08,81,0,3050,2
2026-07-30 11:21:09,86,0,3050,2
2026-07-30 11:21:10,86,0,3050,2
2026-07-30 11:21:11,87,0,3050,2
2026-07-30 11:21:12,69,0,3050,2
2026-07-30 11:21:13,70,0,3050,2
2026-07-30 11:21:14,72,0,3050,2
2026-07-30 11:21:15,67,0,3050,2
2026-07-30 11:21:16,67,0,3050,2
2026-07-30 11:21:17,77,0,3050,2
2026-07-30 11:21:18,86,0,3050,2
2026-07-30 11:21:19,93,3050,3050,2
2026-07-30 11:21:20,92,0,3050,2
2026-07-30 11:21:21,91,0,3050,2
2026-07-30 11:21:22,80,0,3050,2
2026-07-30 11:21:23,84,0,3050,2
2026-07-30 11:21:24,96,0,3050,2
2026-07-30 11:21:25,85,0,3050,2
2026-07-30 11:21:26,88,0,3050,2
2026-07-30 11:21:27,84,0,3050,2
2026-07-30 11:21:28,88,0,3050,2
2026-07-30 11:21:29,81,0,3050,2
2026-07-30 11:21:30,84,0,3050,2
2026-07-30 11:21:31,80,0,3050,2
2026-07-30 11:21:32,76,0,3050,2
2026-07-30 11:21:33,83,0,3050,2
2026-07-30 11:21:34,76,0,3050,2
2026-07-30 11:21:35,77,0,3050,2
2026-07-30 11:21:36,81,0,3050,2
2026-07-30 11:21:37,86,0,3050,2
2026-07-30 11:21:38,85,0,3050,2
2026-07-30 11:21:39,91,0,3050,2
2026-07-30 11:21:40,90,0,3050,2
2026-07-30 11:21:41,92,0,3050,2
2026-07-30 11:21:42,87,0,3050,2
2026-07-30 11:21:43,101,0,3050,2
2026-07-30 11:21:44,89,0,3050,2
2026-07-30 11:21:45,91,0,3050,2
2026-07-30 11:21:46,96,0,3050,2
2026-07-30 11:21:47,82,3050,3050,2
2026-07-30 11:21:48,78,0,3050,2
2026-07-30 11:21:49,66,0,3050,2
2026-07-30 11:21:50,67,0,3050,2
2026-07-30 11:21:51,68,0,3050,2
2026-07-30 11:21:52,63,0,3050,2
2026-07-30 11:21:53,75,0,3050,2
2026-07-30 11:21:54,85,0,3050,2
2026-07-30 11:21:55,84,3050,3050,2
2026-07-30 11:21:56,85,0,3050,2
2026-07-30 11:21:57,81,0,3050,2
2026-07-30 11:21:58,80,0,3050,2
2026-07-30 11:21:59,90,0,3050,2
2026-07-30 11:22:00,88,0,3050,2
2026-07-30 11:22:01,86,0,3050,2
2026-07-30 11:22:02,83,0,3050,2
2026-07-30 11:22:03,85,0,3050,2
2026-07-30 11:22:04,82,0,3050,2
2026-07-30 11:22:05,81,0,3050,2
2026-07-30 11:22:06,83,0,3050,2
2026-07-30 11:22:07,84,0,3050,2
2026-07-30 11:22:08,88,0,3050,2
2026-07-30 11:22:09,84,0,3050,2
2026-07-30 11:22:10,79,0,3050,2
2026-07-30 11:22:11,87,0,3050,2
2026-07-30 11:22:12,85,0,3050,2
2026-07-30 11:22:13,83,0,3050,2
2026-07-30 11:22:14,86,0,3050,2
2026-07-30 11:22:15,87,0,3050,2
2026-07-30 11:22:16,83,0,3050,2
2026-07-30 11:22:17,82,0,3050,2
2026-07-30 11:22:18,80,0,3050,2
2026-07-30 11:22:19,81,0,3050,2
2026-07-30 11:22:20,83,0,3050,2
2026-07-30 11:22:21,82,0,3050,2
2026-07-30 11:22:22,85,0,3050,2
2026-07-30 11:22:23,82,0,3050,2
2026-07-30 11:22:24,83,0,3050,2
2026-07-30 11:22:25,82,0,3050,2
2026-07-30 11:22:26,81,0,3050,2
2026-07-30 11:22:27,79,0,3050,2
2026-07-30 11:22:28,85,0,3050,2
2026-07-30 11:22:29,84,0,3050,2
2026-07-30 11:22:30,86,0,3050,2
2026-07-30 11:22:31,85,0,3050,2
2026-07-30 11:22:32,85,0,3050,2
2026-07-30 11:22:33,88,0,3050,2
2026-07-30 11:22:34,80,0,3050,2
2026-07-30 11:22:35,89,0,3050,2
2026-07-30 11:22:36,81,0,3050,2
2026-07-30 11:22:37,80,0,3050,2
2026-07-30 11:22:38,88,0,3050,2
2026-07-30 11:22:39,86,0,3050,2
2026-07-30 11:22:40,84,0,3050,2
2026-07-30 11:22:41,84,0,3050,2
2026-07-30 11:22:42,84,0,3050,2
2026-07-30 11:22:43,81,0,3050,2
2026-07-30 11:22:44,82,0,3050,2
2026-07-30 11:22:45,90,0,3050,2
2026-07-30 11:22:46,86,0,3050,2
2026-07-30 11:22:47,82,0,3050,2
2026-07-30 11:22:48,80,3050,3050,2
2026-07-30 11:22:49,89,0,3050,2
2026-07-30 11:22:50,87,0,3050,2
2026-07-30 11:22:51,82,0,3050,2
2026-07-30 11:22:52,78,0,3050,2
2026-07-30 11:22:53,86,0,3050,2
2026-07-30 11:22:54,82,0,3050,2
2026-07-30 11:22:55,85,0,3050,2
2026-07-30 11:22:56,84,0,3050,2
2026-07-30 11:22:57,83,0,3050,2
2026-07-30 11:22:58,82,0,3050,2
2026-07-30 11:22:59,80,0,3050,2
2026-07-30 11:23:00,83,0,3050,2
2026-07-30 11:23:01,86,0,3050,2
2026-07-30 11:23:02,84,0,3050,2
2026-07-30 11:23:03,87,0,3050,2
2026-07-30 11:23:04,86,0,3050,2
2026-07-30 11:23:05,86,0,3050,2
2026-07-30 11:23:06,83,0,3050,2
2026-07-30 11:23:07,82,0,3050,2
2026-07-30 11:23:08,82,0,3050,2
2026-07-30 11:23:09,84,0,3050,2
2026-07-30 11:23:10,84,0,3050,2
2026-07-30 11:23:11,82,0,3050,2
2026-07-30 11:23:12,88,0,3050,2
2026-07-30 11:23:13,84,0,3050,2
2026-07-30 11:23:14,85,0,3050,2
2026-07-30 11:23:15,84,0,3050,2
2026-07-30 11:23:16,84,0,3050,2
2026-07-30 11:23:17,82,0,3050,2
2026-07-30 11:23:18,85,0,3050,2
2026-07-30 11:23:19,85,0,3050,2
2026-07-30 11:23:20,85,0,3050,2
2026-07-30 11:23:21,83,0,3050,2
2026-07-30 11:23:22,81,0,3050,2
2026-07-30 11:23:23,81,0,3050,2
2026-07-30 11:23:24,85,0,3050,2
2026-07-30 11:23:25,82,0,3050,2
2026-07-30 11:23:26,84,0,3050,2
2026-07-30 11:23:27,84,0,3050,2
2026-07-30 11:23:28,85,0,3050,2
2026-07-30 11:23:29,82,0,3050,2
2026-07-30 11:23:30,83,0,3050,2
2026-07-30 11:23:31,79,0,3050,2
2026-07-30 11:23:32,84,0,3050,2
2026-07-30 11:23:33,82,0,3050,2
2026-07-30 11:23:34,84,0,3050,2
2026-07-30 11:23:35,83,0,3050,2
2026-07-30 11:23:36,84,0,3050,2
2026-07-30 11:23:37,86,0,3050,2
2026-07-30 11:23:38,86,0,3050,2
2026-07-30 11:23:39,86,0,3050,2
2026-07-30 11:23:40,89,0,3050,2
2026-07-30 11:23:41,81,0,3050,2
2026-07-30 11:23:42,79,0,3050,2
2026-07-30 11:23:43,85,0,3050,2
2026-07-30 11:23:44,83,0,3050,2
2026-07-30 11:23:45,88,0,3050,2
2026-07-30 11:23:46,83,0,3050,2
2026-07-30 11:23:47,85,0,3050,2
2026-07-30 11:23:48,87,0,3050,2
2026-07-30 11:23:49,84,0,3050,2
2026-07-30 11:23:50,82,0,3050,2
2026-07-30 11:23:51,87,0,3050,2
2026-07-30 11:23:52,86,0,3050,2
2026-07-30 11:23:53,87,0,3050,2
2026-07-30 11:23:54,88,0,3050,2
2026-07-30 11:23:55,85,0,3050,2
2026-07-30 11:23:56,82,0,3050,2
2026-07-30 11:23:57,83,0,3050,2
2026-07-30 11:23:58,83,0,3050,2
2026-07-30 11:23:59,87,0,3050,2
2026-07-30 11:24:00,87,0,3050,2
2026-07-30 11:24:01,86,0,3050,2
2026-07-30 11:24:02,85,0,3050,2
2026-07-30 11:24:03,84,0,3050,2
2026-07-30 11:24:04,86,0,3050,2
2026-07-30 11:24:05,82,0,3050,2
2026-07-30 11:24:06,87,0,3050,2
2026-07-30 11:24:07,86,0,3050,2
2026-07-30 11:24:08,82,0,3050,2
2026-07-30 11:24:09,89,0,3050,2
2026-07-30 11:24:10,87,0,3050,2
2026-07-30 11:24:11,89,0,3050,2
2026-07-30 11:24:12,84,0,3050,2
2026-07-30 11:24:13,81,0,3050,2
2026-07-30 11:24:14,84,0,3050,2
2026-07-30 11:24:15,84,0,3050,2
2026-07-30 11:24:16,87,0,3050,2
2026-07-30 11:24:17,84,0,3050,2
2026-07-30 11:24:18,84,0,3050,2
2026-07-30 11:24:20,83,0,3050,2
2026-07-30 11:24:20,83,0,3050,2
2026-07-30 11:24:21,85,0,3050,2
2026-07-30 11:24:22,84,0,3050,2
2026-07-30 11:24:23,80,0,3050,2
2026-07-30 11:24:24,80,0,3050,2
2026-07-30 11:24:25,85,0,3050,2
2026-07-30 11:24:26,87,0,3050,2
2026-07-30 11:24:27,87,0,3050,2
2026-07-30 11:24:28,81,0,3050,2
2026-07-30 11:24:29,82,0,3050,2
2026-07-30 11:24:30,83,0,3050,2
2026-07-30 11:24:31,85,0,3050,2
2026-07-30 11:24:32,85,0,3050,2
2026-07-30 11:24:33,82,0,3050,2
2026-07-30 11:24:34,82,0,3050,2
2026-07-30 11:24:35,85,0,3050,2
2026-07-30 11:24:36,82,0,3050,2
2026-07-30 11:24:37,87,0,3050,2
2026-07-30 11:24:38,84,0,3050,2
2026-07-30 11:24:39,83,0,3050,2
2026-07-30 11:24:40,83,0,3050,2
2026-07-30 11:24:41,83,0,3050,2
2026-07-30 11:24:42,86,0,3050,2
2026-07-30 11:24:43,84,0,3050,2
2026-07-30 11:24:44,83,0,3050,2
2026-07-30 11:24:45,83,0,3050,2
2026-07-30 11:24:47,83,0,3050,2
2026-07-30 11:24:47,82,0,3050,2
2026-07-30 11:24:48,87,0,3050,2
2026-07-30 11:24:49,85,0,3050,2
2026-07-30 11:24:50,81,0,3050,2
2026-07-30 11:24:51,80,0,3050,2
2026-07-30 11:24:52,90,0,3050,2
2026-07-30 11:24:53,85,0,3050,2
2026-07-30 11:24:54,86,0,3050,2
2026-07-30 11:24:55,83,0,3050,2
2026-07-30 11:24:56,84,0,3050,2
2026-07-30 11:24:57,81,0,3050,2
2026-07-30 11:24:58,85,0,3050,2
2026-07-30 11:24:59,84,0,3050,2
2026-07-30 11:25:00,87,0,3050,2
2026-07-30 11:25:01,83,0,3050,2
2026-07-30 11:25:02,83,0,3050,2
2026-07-30 11:25:03,82,0,3050,2
2026-07-30 11:25:04,78,0,3050,2
2026-07-30 11:25:05,81,0,3050,2
2026-07-30 11:25:06,77,0,3050,2
2026-07-30 11:25:07,84,0,3050,2
2026-07-30 11:25:08,84,0,3050,2
2026-07-30 11:25:09,88,0,3050,2
2026-07-30 11:25:10,84,0,3050,2
2026-07-30 11:25:11,84,0,3050,2
2026-07-30 11:25:12,80,0,3050,2
2026-07-30 11:25:13,84,0,3050,2
2026-07-30 11:25:14,85,0,3050,2
2026-07-30 11:25:15,80,0,3050,2
2026-07-30 11:25:17,81,0,3050,2
2026-07-30 11:25:17,90,0,3050,2
2026-07-30 11:25:18,81,0,3050,2
2026-07-30 11:25:19,87,0,3050,2
2026-07-30 11:25:20,81,0,3050,2
2026-07-30 11:25:21,79,0,3050,2
2026-07-30 11:25:23,80,0,3050,2
2026-07-30 11:25:23,83,0,3050,2
2026-07-30 11:25:24,81,0,3050,2
2026-07-30 11:25:25,84,0,3050,2
2026-07-30 11:25:26,78,0,3050,2
2026-07-30 11:25:27,88,0,3050,2
2026-07-30 11:25:28,86,0,3050,2
2026-07-30 11:25:30,86,0,3050,2
2026-07-30 11:25:30,85,0,3050,2
2026-07-30 11:25:31,82,0,3050,2
2026-07-30 11:25:32,84,0,3050,2
2026-07-30 11:25:33,87,0,3050,2
2026-07-30 11:25:34,84,0,3050,2
2026-07-30 11:25:35,82,0,3050,2
2026-07-30 11:25:36,86,0,3050,2
2026-07-30 11:25:37,80,0,3050,2
2026-07-30 11:25:38,83,0,3050,2
2026-07-30 11:25:39,81,0,3050,2
2026-07-30 11:25:40,82,0,3050,2
2026-07-30 11:25:41,81,0,3050,2
2026-07-30 11:25:42,85,0,3050,2
2026-07-30 11:25:43,84,0,3050,2
2026-07-30 11:25:44,83,0,3050,2
2026-07-30 11:25:45,82,0,3050,2
2026-07-30 11:25:46,81,0,3050,2
2026-07-30 11:25:47,80,0,3050,2
2026-07-30 11:25:48,86,0,3050,2
2026-07-30 11:25:49,83,0,3050,2
2026-07-30 11:25:50,80,0,3050,2
2026-07-30 11:25:51,84,0,3050,2
2026-07-30 11:25:52,83,0,3050,2
2026-07-30 11:25:53,85,0,3050,2
2026-07-30 11:25:54,84,0,3050,2
2026-07-30 11:25:55,82,0,3050,2
2026-07-30 11:25:56,86,0,3050,2
2026-07-30 11:25:57,84,0,3050,2
2026-07-30 11:25:58,86,0,3050,2
2026-07-30 11:25:59,83,0,3050,2
2026-07-30 11:26:00,81,0,3050,2
2026-07-30 11:26:01,82,0,3050,2
2026-07-30 11:26:02,84,0,3050,2
2026-07-30 11:26:03,84,0,3050,2
2026-07-30 11:26:04,83,0,3050,2
2026-07-30 11:26:05,86,0,3050,2
2026-07-30 11:26:06,80,0,3050,2
2026-07-30 11:26:07,81,0,3050,2
2026-07-30 11:26:08,83,0,3050,2
2026-07-30 11:26:09,82,0,3050,2
2026-07-30 11:26:10,84,0,3050,2
2026-07-30 11:26:11,84,0,3050,2
2026-07-30 11:26:13,82,0,3050,2
2026-07-30 11:26:13,84,0,3050,2
2026-07-30 11:26:15,82,0,3050,2
2026-07-30 11:26:15,83,0,3050,2
2026-07-30 11:26:16,84,0,3050,2
2026-07-30 11:26:17,83,0,3050,2
2026-07-30 11:26:18,85,0,3050,2
2026-07-30 11:26:19,83,0,3050,2
2026-07-30 11:26:21,79,0,3050,2
2026-07-30 11:26:22,82,0,3050,2
2026-07-30 11:26:22,84,0,3050,2
2026-07-30 11:26:23,82,0,3050,2
2026-07-30 11:26:24,81,0,3050,2
2026-07-30 11:26:25,84,0,3050,2
2026-07-30 11:26:26,84,0,3050,2
2026-07-30 11:26:27,84,0,3050,2
2026-07-30 11:26:28,84,0,3050,2
2026-07-30 11:26:29,84,0,3050,2
2026-07-30 11:26:30,84,0,3050,2
2026-07-30 11:26:31,84,0,3050,2
2026-07-30 11:26:32,81,0,3050,2
2026-07-30 11:26:33,81,0,3050,2
2026-07-30 11:26:34,84,0,3050,2
2026-07-30 11:26:36,82,0,3050,2
2026-07-30 11:26:36,80,0,3050,2
2026-07-30 11:26:37,80,0,3050,2
2026-07-30 11:26:38,83,0,3050,2
2026-07-30 11:26:39,85,0,3050,2
2026-07-30 11:26:40,87,0,3050,2
2026-07-30 11:26:41,84,0,3050,2
2026-07-30 11:26:42,84,0,3050,2
2026-07-30 11:26:43,86,0,3050,2
2026-07-30 11:26:44,81,0,3050,2
2026-07-30 11:26:45,84,0,3050,2
2026-07-30 11:26:46,85,0,3050,2
2026-07-30 11:26:47,81,0,3050,2
2026-07-30 11:26:48,86,0,3050,2
2026-07-30 11:26:49,83,0,3050,2
2026-07-30 11:26:50,86,0,3050,2
2026-07-30 11:26:51,83,0,3050,2
2026-07-30 11:26:52,82,0,3050,2
2026-07-30 11:26:53,84,0,3050,2
2026-07-30 11:26:54,81,0,3050,2
2026-07-30 11:26:55,80,0,3050,2
2026-07-30 11:26:56,84,0,3050,2
2026-07-30 11:26:57,83,0,3050,2
2026-07-30 11:26:58,78,0,3050,2
2026-07-30 11:26:59,81,0,3050,2
2026-07-30 11:27:00,81,0,3050,2
2026-07-30 11:27:02,87,0,3050,2
2026-07-30 11:27:03,85,0,3050,2
2026-07-30 11:27:03,80,0,3050,2
2026-07-30 11:27:05,81,0,3050,2
2026-07-30 11:27:05,83,0,3050,2
2026-07-30 11:27:06,86,0,3050,2
2026-07-30 11:27:07,84,0,3050,2
2026-07-30 11:27:09,82,0,3050,2
2026-07-30 11:27:09,83,0,3050,2
2026-07-30 11:27:11,84,0,3050,2
2026-07-30 11:27:11,86,0,3050,2
2026-07-30 11:27:12,86,0,3050,2
2026-07-30 11:27:13,78,0,3050,2
2026-07-30 11:27:14,83,0,3050,2
2026-07-30 11:27:15,84,0,3050,2
2026-07-30 11:27:16,80,0,3050,2
2026-07-30 11:27:18,80,0,3050,2
2026-07-30 11:27:18,83,0,3050,2
2026-07-30 11:27:19,79,0,3050,2
2026-07-30 11:27:20,83,0,3050,2
2026-07-30 11:27:21,85,0,3050,2
2026-07-30 11:27:22,87,0,3050,2
2026-07-30 11:27:23,82,0,3050,2
2026-07-30 11:27:24,82,0,3050,2
2026-07-30 11:27:25,82,0,3050,2
2026-07-30 11:27:27,83,0,3050,2
2026-07-30 11:27:27,79,0,3050,2
2026-07-30 11:27:28,88,0,3050,2
2026-07-30 11:27:29,85,0,3050,2
2026-07-30 11:27:30,83,0,3050,2
2026-07-30 11:27:32,84,0,3050,2
2026-07-30 11:27:32,89,0,3050,2
2026-07-30 11:27:33,78,0,3050,2
2026-07-30 11:27:34,82,3050,3050,2
2026-07-30 11:27:35,83,0,3050,2
2026-07-30 11:27:36,85,0,3050,2
2026-07-30 11:27:37,77,0,3050,2
2026-07-30 11:27:38,80,0,3050,2
2026-07-30 11:27:39,82,0,3050,2
2026-07-30 11:27:40,80,0,3050,2
2026-07-30 11:27:41,82,0,3050,2
2026-07-30 11:27:43,84,0,3050,2
2026-07-30 11:27:44,81,0,3050,2
2026-07-30 11:27:44,86,0,3050,2
2026-07-30 11:27:45,84,0,3050,2
2026-07-30 11:27:46,83,0,3050,2
2026-07-30 11:27:47,84,0,3050,2
2026-07-30 11:27:49,82,0,3050,2
2026-07-30 11:27:49,83,0,3050,2
2026-07-30 11:27:51,81,0,3050,2
2026-07-30 11:27:51,84,0,3050,2
2026-07-30 11:27:52,84,0,3050,2
2026-07-30 11:27:53,83,0,3050,2
2026-07-30 11:27:54,82,0,3050,2
2026-07-30 11:27:55,82,0,3050,2
2026-07-30 11:27:56,85,0,3050,2
2026-07-30 11:27:57,81,0,3050,2
2026-07-30 11:27:58,82,0,3050,2
2026-07-30 11:28:00,84,0,3050,2
2026-07-30 11:28:01,87,0,3050,2
2026-07-30 11:28:02,78,0,3050,2
2026-07-30 11:28:02,77,0,3050,2
2026-07-30 11:28:03,80,0,3050,2
2026-07-30 11:28:05,81,0,3050,2
2026-07-30 11:28:05,83,0,3050,2
2026-07-30 11:28:07,83,0,3050,2
2026-07-30 11:28:07,82,0,3050,2
2026-07-30 11:28:09,83,0,3050,2
2026-07-30 11:28:09,82,0,3050,2
2026-07-30 11:28:11,83,0,3050,2
2026-07-30 11:28:11,82,0,3050,2
2026-07-30 11:28:13,79,0,3050,2
2026-07-30 11:28:13,83,0,3050,2
2026-07-30 11:28:14,85,0,3050,2
2026-07-30 11:28:15,81,0,3050,2
2026-07-30 11:28:16,87,0,3050,2
2026-07-30 11:28:17,82,0,3050,2
2026-07-30 11:28:18,85,0,3050,2
2026-07-30 11:28:19,81,0,3050,2
2026-07-30 11:28:20,85,0,3050,2
2026-07-30 11:28:21,82,0,3050,2
2026-07-30 11:28:23,84,0,3050,2
2026-07-30 11:28:23,85,0,3050,2
2026-07-30 11:28:24,84,0,3050,2
2026-07-30 11:28:25,84,0,3050,2
2026-07-30 11:28:26,86,0,3050,2
2026-07-30 11:28:27,85,0,3050,2
2026-07-30 11:28:28,83,0,3050,2
2026-07-30 11:28:29,85,0,3050,2
2026-07-30 11:28:30,83,0,3050,2
2026-07-30 11:28:31,84,0,3050,2
2026-07-30 11:28:32,88,0,3050,2
2026-07-30 11:28:33,79,0,3050,2
2026-07-30 11:28:35,80,0,3050,2
2026-07-30 11:28:35,80,0,3050,2
2026-07-30 11:28:36,84,0,3050,2
2026-07-30 11:28:37,79,0,3050,2
2026-07-30 11:28:38,83,0,3050,2
2026-07-30 11:28:39,83,0,3050,2
2026-07-30 11:28:40,81,0,3050,2
2026-07-30 11:28:41,80,0,3050,2
2026-07-30 11:28:42,83,0,3050,2
2026-07-30 11:28:43,80,0,3050,2
2026-07-30 11:28:44,83,0,3050,2
2026-07-30 11:28:45,83,0,3050,2
2026-07-30 11:28:46,84,0,3050,2
2026-07-30 11:28:47,83,0,3050,2
2026-07-30 11:28:48,87,0,3050,2
2026-07-30 11:28:49,86,0,3050,2
2026-07-30 11:28:50,82,0,3050,2
2026-07-30 11:28:51,83,0,3050,2
2026-07-30 11:28:52,85,0,3050,2
2026-07-30 11:28:53,85,0,3050,2
2026-07-30 11:28:54,79,0,3050,2
2026-07-30 11:28:55,80,0,3050,2
2026-07-30 11:28:56,80,0,3050,2
2026-07-30 11:28:57,86,0,3050,2
2026-07-30 11:28:58,81,0,3050,2
2026-07-30 11:28:59,82,0,3050,2
2026-07-30 11:29:00,85,0,3050,2
2026-07-30 11:29:01,86,0,3050,2
2026-07-30 11:29:02,82,0,3050,2
2026-07-30 11:29:03,77,0,3050,2
2026-07-30 11:29:04,79,0,3050,2
2026-07-30 11:29:05,84,0,3050,2
2026-07-30 11:29:06,79,0,3050,2
2026-07-30 11:29:07,84,0,3050,2
2026-07-30 11:29:09,80,0,3050,2
2026-07-30 11:29:09,82,0,3050,2
2026-07-30 11:29:10,80,0,3050,2
2026-07-30 11:29:11,81,0,3050,2
2026-07-30 11:29:12,83,0,3050,2
2026-07-30 11:29:13,82,0,3050,2
2026-07-30 11:29:14,86,0,3050,2
2026-07-30 11:29:15,81,0,3050,2
2026-07-30 11:29:16,84,0,3050,2
2026-07-30 11:29:17,88,0,3050,2
2026-07-30 11:29:18,81,0,3050,2
2026-07-30 11:29:19,84,0,3050,2
2026-07-30 11:29:20,83,0,3050,2
2026-07-30 11:29:22,82,0,3050,2
2026-07-30 11:29:22,85,0,3050,2
2026-07-30 11:29:23,82,0,3050,2
2026-07-30 11:29:24,85,0,3050,2
2026-07-30 11:29:25,84,0,3050,2
2026-07-30 11:29:26,82,0,3050,2
2026-07-30 11:29:27,84,0,3050,2
2026-07-30 11:29:28,80,0,3050,2
2026-07-30 11:29:29,83,0,3050,2
2026-07-30 11:29:30,79,0,3050,2
2026-07-30 11:29:31,82,0,3050,2
2026-07-30 11:29:32,80,0,3050,2
2026-07-30 11:29:33,85,0,3050,2
2026-07-30 11:29:34,83,0,3050,2
2026-07-30 11:29:35,87,0,3050,2
2026-07-30 11:29:36,82,0,3050,2
2026-07-30 11:29:37,81,0,3050,2
2026-07-30 11:29:38,83,0,3050,2
2026-07-30 11:29:39,80,0,3050,2
2026-07-30 11:29:40,81,0,3050,2
2026-07-30 11:29:41,83,0,3050,2
2026-07-30 11:29:42,84,0,3050,2
2026-07-30 11:29:43,80,0,3050,2
2026-07-30 11:29:44,84,0,3050,2
2026-07-30 11:29:45,82,0,3050,2
2026-07-30 11:29:46,87,0,3050,2
2026-07-30 11:29:47,83,0,3050,2
2026-07-30 11:29:48,79,0,3050,2
2026-07-30 11:29:49,80,0,3050,2
2026-07-30 11:29:50,80,0,3050,2
2026-07-30 11:29:51,81,0,3050,2
2026-07-30 11:29:52,82,0,3050,2
2026-07-30 11:29:53,87,0,3050,2
2026-07-30 11:29:54,84,0,3050,2
2026-07-30 11:29:56,81,0,3050,2
2026-07-30 11:29:56,84,0,3050,2
2026-07-30 11:29:58,83,0,3050,2
2026-07-30 11:29:58,84,0,3050,2
2026-07-30 11:29:59,78,0,3050,2
2026-07-30 11:30:00,81,0,3050,2
2026-07-30 11:30:01,77,0,3050,2
2026-07-30 11:30:02,86,0,3050,2
2026-07-30 11:30:03,85,0,3050,2
2026-07-30 11:30:04,80,0,3050,2
2026-07-30 11:30:05,82,0,3050,2
2026-07-30 11:30:06,82,0,3050,2
2026-07-30 11:30:07,83,0,3050,2
2026-07-30 11:30:08,85,0,3050,2
2026-07-30 11:30:09,83,0,3050,2
2026-07-30 11:30:10,79,0,3050,2
2026-07-30 11:30:11,82,0,3050,2
2026-07-30 11:30:12,82,0,3050,2
2026-07-30 11:30:13,86,0,3050,2
2026-07-30 11:30:14,82,0,3050,2
2026-07-30 11:30:15,87,0,3050,2
2026-07-30 11:30:16,82,0,3050,2
2026-07-30 11:30:17,82,0,3050,2
2026-07-30 11:30:18,83,0,3050,2
2026-07-30 11:30:19,84,0,3050,2
2026-07-30 11:30:20,89,0,3050,2
2026-07-30 11:30:21,80,0,3050,2
2026-07-30 11:30:22,83,0,3050,2
2026-07-30 11:30:23,78,0,3050,2
2026-07-30 11:30:24,84,0,3050,2
2026-07-30 11:30:25,82,0,3050,2
2026-07-30 11:30:26,83,0,3050,2
2026-07-30 11:30:27,79,0,3050,2
2026-07-30 11:30:28,87,0,3050,2
2026-07-30 11:30:29,82,0,3050,2
2026-07-30 11:30:30,83,0,3050,2
2026-07-30 11:30:31,85,0,3050,2
2026-07-30 11:30:32,84,0,3050,2
2026-07-30 11:30:33,84,0,3050,2
2026-07-30 11:30:34,80,0,3050,2
2026-07-30 11:30:35,85,0,3050,2
2026-07-30 11:30:36,85,0,3050,2
2026-07-30 11:30:37,85,0,3050,2
2026-07-30 11:30:38,82,0,3050,2
2026-07-30 11:30:39,79,0,3050,2
2026-07-30 11:30:40,82,0,3050,2
2026-07-30 11:30:41,87,0,3050,2
2026-07-30 11:30:42,85,0,3050,2
2026-07-30 11:30:43,84,0,3050,2
2026-07-30 11:30:44,82,0,3050,2
2026-07-30 11:30:45,80,0,3050,2
2026-07-30 11:30:46,82,0,3050,2
2026-07-30 11:30:47,87,0,3050,2
2026-07-30 11:30:48,80,0,3050,2
2026-07-30 11:30:49,82,0,3050,2
2026-07-30 11:30:50,85,0,3050,2
2026-07-30 11:30:51,82,0,3050,2
2026-07-30 11:30:52,85,0,3050,2
2026-07-30 11:30:53,83,0,3050,2
2026-07-30 11:30:54,78,0,3050,2
2026-07-30 11:30:55,80,0,3050,2
2026-07-30 11:30:56,79,0,3050,2
2026-07-30 11:30:57,84,0,3050,2
2026-07-30 11:30:58,85,0,3050,2
2026-07-30 11:30:59,84,0,3050,2
2026-07-30 11:31:00,80,0,3050,2
2026-07-30 11:31:01,80,0,3050,2
2026-07-30 11:31:02,84,0,3050,2
2026-07-30 11:31:03,90,0,3050,2
2026-07-30 11:31:04,86,0,3050,2
2026-07-30 11:31:05,79,0,3050,2
2026-07-30 11:31:06,73,0,3050,2
2026-07-30 11:31:07,80,0,3050,2
2026-07-30 11:31:08,79,0,3050,2
2026-07-30 11:31:09,82,0,3050,2
2026-07-30 11:31:10,83,0,3050,2
2026-07-30 11:31:11,84,0,3050,2
2026-07-30 11:31:12,87,0,3050,2
2026-07-30 11:31:13,87,0,3050,2
2026-07-30 11:31:14,82,0,3050,2
2026-07-30 11:31:15,78,0,3050,2
2026-07-30 11:31:16,81,0,3050,2
2026-07-30 11:31:17,80,0,3050,2
2026-07-30 11:31:18,82,0,3050,2
2026-07-30 11:31:19,83,0,3050,2
2026-07-30 11:31:20,89,0,3050,2
2026-07-30 11:31:21,80,0,3050,2
2026-07-30 11:31:22,81,0,3050,2
2026-07-30 11:31:23,79,0,3050,2
2026-07-30 11:31:24,83,0,3050,2
2026-07-30 11:31:25,81,0,3050,2
2026-07-30 11:31:26,83,0,3050,2
2026-07-30 11:31:27,82,0,3050,2
2026-07-30 11:31:28,80,0,3050,2
2026-07-30 11:31:29,77,0,3050,2
2026-07-30 11:31:30,80,0,3050,2
2026-07-30 11:31:31,78,0,3050,2
2026-07-30 11:31:32,83,0,3050,2
2026-07-30 11:31:34,83,0,3050,2
2026-07-30 11:31:34,84,0,3050,2
2026-07-30 11:31:36,87,0,3050,2
2026-07-30 11:31:36,83,0,3050,2
2026-07-30 11:31:37,84,0,3050,2
2026-07-30 11:31:38,82,0,3050,2
2026-07-30 11:31:40,81,0,3050,2
2026-07-30 11:31:40,88,0,3050,2
2026-07-30 11:31:41,84,0,3050,2
2026-07-30 11:31:42,85,0,3050,2
2026-07-30 11:31:43,82,0,3050,2
2026-07-30 11:31:44,82,0,3050,2
2026-07-30 11:31:45,81,0,3050,2
2026-07-30 11:31:46,79,0,3050,2
2026-07-30 11:31:48,82,0,3050,2
2026-07-30 11:31:48,79,0,3050,2
2026-07-30 11:31:49,79,0,3050,2
2026-07-30 11:31:50,84,0,3050,2
2026-07-30 11:31:51,85,0,3050,2
2026-07-30 11:31:52,80,0,3050,2
2026-07-30 11:31:54,83,0,3050,2
2026-07-30 11:31:54,87,0,3050,2
2026-07-30 11:31:55,85,0,3050,2
2026-07-30 11:31:56,84,0,3050,2
2026-07-30 11:31:57,85,0,3050,2
2026-07-30 11:31:58,86,0,3050,2
2026-07-30 11:31:59,81,0,3050,2
2026-07-30 11:32:01,83,0,3050,2
2026-07-30 11:32:01,88,0,3050,2
2026-07-30 11:32:02,76,0,3050,2
2026-07-30 11:32:03,84,0,3050,2
2026-07-30 11:32:04,85,0,3050,2
2026-07-30 11:32:05,78,0,3050,2
2026-07-30 11:32:06,82,0,3050,2
2026-07-30 11:32:07,82,0,3050,2
2026-07-30 11:32:08,84,0,3050,2
2026-07-30 11:32:09,85,0,3050,2
2026-07-30 11:32:10,87,0,3050,2
2026-07-30 11:32:11,88,0,3050,2
2026-07-30 11:32:12,82,0,3050,2
2026-07-30 11:32:14,81,0,3050,2
2026-07-30 11:32:14,84,0,3050,2
2026-07-30 11:32:15,82,0,3050,2
2026-07-30 11:32:17,80,0,3050,2
2026-07-30 11:32:17,82,0,3050,2
2026-07-30 11:32:18,84,0,3050,2
2026-07-30 11:32:19,84,0,3050,2
2026-07-30 11:32:20,85,0,3050,2
2026-07-30 11:32:21,82,0,3050,2
2026-07-30 11:32:22,80,0,3050,2
2026-07-30 11:32:23,83,0,3050,2
2026-07-30 11:32:25,86,0,3050,2
2026-07-30 11:32:25,82,0,3050,2
2026-07-30 11:32:26,85,0,3050,2
2026-07-30 11:32:27,85,0,3050,2
2026-07-30 11:32:28,86,0,3050,2
2026-07-30 11:32:29,84,0,3050,2
2026-07-30 11:32:30,83,0,3050,2
2026-07-30 11:32:31,83,0,3050,2
2026-07-30 11:32:32,84,0,3050,2
2026-07-30 11:32:33,90,0,3050,2
2026-07-30 11:32:35,85,0,3050,2
2026-07-30 11:32:35,85,0,3050,2
2026-07-30 11:32:36,83,0,3050,2
2026-07-30 11:32:37,84,0,3050,2
2026-07-30 11:32:38,74,0,3050,2
2026-07-30 11:32:39,84,0,3050,2
2026-07-30 11:32:40,82,0,3050,2
2026-07-30 11:32:41,86,0,3050,2
2026-07-30 11:32:42,83,0,3050,2
2026-07-30 11:32:43,85,0,3050,2
2026-07-30 11:32:44,85,0,3050,2
2026-07-30 11:32:45,84,0,3050,2
2026-07-30 11:32:46,82,0,3050,2
2026-07-30 11:32:47,83,0,3050,2
2026-07-30 11:32:48,83,0,3050,2
2026-07-30 11:32:49,81,0,3050,2
2026-07-30 11:32:50,88,0,3050,2
2026-07-30 11:32:51,86,0,3050,2
2026-07-30 11:32:52,83,0,3050,2
2026-07-30 11:32:53,83,0,3050,2
2026-07-30 11:32:54,81,0,3050,2
2026-07-30 11:32:55,80,0,3050,2
2026-07-30 11:32:56,82,0,3050,2
2026-07-30 11:32:57,81,0,3050,2
2026-07-30 11:32:58,82,0,3050,2
2026-07-30 11:32:59,83,0,3050,2
2026-07-30 11:33:00,77,0,3050,2
2026-07-30 11:33:01,81,0,3050,2
2026-07-30 11:33:02,83,0,3050,2
2026-07-30 11:33:03,79,0,3050,2
2026-07-30 11:33:04,81,0,3050,2
2026-07-30 11:33:05,83,0,3050,2
2026-07-30 11:33:06,79,0,3050,2
2026-07-30 11:33:07,85,0,3050,2
2026-07-30 11:33:08,85,0,3050,2
2026-07-30 11:33:09,80,0,3050,2
2026-07-30 11:33:10,82,0,3050,2
2026-07-30 11:33:11,84,0,3050,2
2026-07-30 11:33:12,86,0,3050,2
2026-07-30 11:33:13,84,0,3050,2
2026-07-30 11:33:14,84,0,3050,2
2026-07-30 11:33:15,80,0,3050,2
2026-07-30 11:33:16,82,0,3050,2
2026-07-30 11:33:17,80,0,3050,2
2026-07-30 11:33:18,83,0,3050,2
2026-07-30 11:33:19,85,0,3050,2
2026-07-30 11:33:20,86,0,3050,2
2026-07-30 11:33:21,80,0,3050,2
2026-07-30 11:33:22,79,0,3050,2
2026-07-30 11:33:23,81,0,3050,2
2026-07-30 11:33:24,78,0,3050,2
2026-07-30 11:33:25,81,0,3050,2
2026-07-30 11:33:26,81,0,3050,2
2026-07-30 11:33:27,79,0,3050,2
2026-07-30 11:33:28,81,0,3050,2
2026-07-30 11:33:29,81,0,3050,2
2026-07-30 11:33:30,83,0,3050,2
2026-07-30 11:33:31,81,0,3050,2
2026-07-30 11:33:32,85,0,3050,2
2026-07-30 11:33:33,86,0,3050,2
2026-07-30 11:33:34,84,0,3050,2
2026-07-30 11:33:35,82,0,3050,2
2026-07-30 11:33:36,85,0,3050,2
2026-07-30 11:33:38,85,0,3050,2
2026-07-30 11:33:38,85,0,3050,2
2026-07-30 11:33:40,81,0,3050,2
2026-07-30 11:33:40,83,0,3050,2
2026-07-30 11:33:41,82,0,3050,2
2026-07-30 11:33:42,76,0,3050,2
2026-07-30 11:33:43,86,0,3050,2
2026-07-30 11:33:44,84,0,3050,2
2026-07-30 11:33:46,83,0,3050,2
2026-07-30 11:33:46,82,0,3050,2
2026-07-30 11:33:47,82,0,3050,2
2026-07-30 11:33:48,84,0,3050,2
2026-07-30 11:33:49,82,0,3050,2
2026-07-30 11:33:51,84,0,3050,2
2026-07-30 11:33:52,80,0,3050,2
2026-07-30 11:33:53,84,0,3050,2
2026-07-30 11:33:54,84,0,3050,2
2026-07-30 11:33:55,83,0,3050,2
2026-07-30 11:33:56,84,0,3050,2
2026-07-30 11:33:56,80,0,3050,2
2026-07-30 11:33:57,81,0,3050,2
2026-07-30 11:33:59,79,0,3050,2
2026-07-30 11:33:59,83,0,3050,2
2026-07-30 11:34:01,83,0,3050,2
2026-07-30 11:34:02,85,0,3050,2
2026-07-30 11:34:02,77,0,3050,2
2026-07-30 11:34:03,80,0,3050,2
2026-07-30 11:34:04,86,0,3050,2
2026-07-30 11:34:05,82,0,3050,2
2026-07-30 11:34:06,75,0,3050,2
2026-07-30 11:34:07,79,0,3050,2
2026-07-30 11:34:08,83,0,3050,2
2026-07-30 11:34:09,80,0,3050,2
2026-07-30 11:34:10,85,0,3050,2
2026-07-30 11:34:11,83,0,3050,2
2026-07-30 11:34:12,77,0,3050,2
2026-07-30 11:34:13,83,0,3050,2
2026-07-30 11:34:14,86,0,3050,2
2026-07-30 11:34:16,83,0,3050,2
2026-07-30 11:34:16,83,0,3050,2
2026-07-30 11:34:18,83,0,3050,2
2026-07-30 11:34:18,84,0,3050,2
2026-07-30 11:34:19,85,0,3050,2
2026-07-30 11:34:20,84,0,3050,2
2026-07-30 11:34:21,84,0,3050,2
2026-07-30 11:34:22,88,0,3050,2
2026-07-30 11:34:23,84,0,3050,2
2026-07-30 11:34:25,78,0,3050,2
2026-07-30 11:34:25,84,0,3050,2
2026-07-30 11:34:26,80,0,3050,2
2026-07-30 11:34:27,86,0,3050,2
2026-07-30 11:34:28,79,0,3050,2
2026-07-30 11:34:30,79,0,3050,2
2026-07-30 11:34:30,84,0,3050,2
2026-07-30 11:34:31,85,0,3050,2
2026-07-30 11:34:32,86,0,3050,2
2026-07-30 11:34:33,85,0,3050,2
2026-07-30 11:34:34,83,0,3050,2
2026-07-30 11:34:35,87,0,3050,2
2026-07-30 11:34:37,78,0,3050,2
2026-07-30 11:34:37,86,0,3050,2
2026-07-30 11:34:38,86,0,3050,2
2026-07-30 11:34:39,80,0,3050,2
2026-07-30 11:34:40,80,0,3050,2
2026-07-30 11:34:42,86,0,3050,2
2026-07-30 11:34:43,84,3050,3050,2
2026-07-30 11:34:43,82,0,3050,2
2026-07-30 11:34:44,85,0,3050,2
2026-07-30 11:34:45,86,0,3050,2
2026-07-30 11:34:46,84,0,3050,2
2026-07-30 11:34:48,82,0,3050,2
2026-07-30 11:34:49,80,0,3050,2
2026-07-30 11:34:49,81,0,3050,2
2026-07-30 11:34:50,81,0,3050,2
2026-07-30 11:34:51,82,0,3050,2
2026-07-30 11:34:52,78,0,3050,2
2026-07-30 11:34:53,82,0,3050,2
2026-07-30 11:34:54,85,0,3050,2
2026-07-30 11:34:55,85,0,3050,2
2026-07-30 11:34:57,82,0,3050,2
2026-07-30 11:34:58,80,0,3050,2
2026-07-30 11:34:58,83,0,3050,2
2026-07-30 11:35:00,80,0,3050,2
2026-07-30 11:35:01,80,0,3050,2
2026-07-30 11:35:01,84,0,3050,2
2026-07-30 11:35:02,82,0,3050,2
2026-07-30 11:35:03,78,0,3050,2
2026-07-30 11:35:05,79,0,3050,2
2026-07-30 11:35:05,79,0,3050,2
2026-07-30 11:35:06,82,0,3050,2
2026-07-30 11:35:07,83,0,3050,2
2026-07-30 11:35:08,87,0,3050,2
2026-07-30 11:35:09,82,0,3050,2
2026-07-30 11:35:11,85,0,3050,2
2026-07-30 11:35:11,82,0,3050,2
2026-07-30 11:35:12,81,0,3050,2
2026-07-30 11:35:13,81,0,3050,2
2026-07-30 11:35:14,82,0,3050,2
2026-07-30 11:35:16,83,0,3050,2
2026-07-30 11:35:16,86,0,3050,2
2026-07-30 11:35:17,81,0,3050,2
2026-07-30 11:35:18,83,0,3050,2
2026-07-30 11:35:19,83,0,3050,2
2026-07-30 11:35:20,87,0,3050,2
2026-07-30 11:35:21,86,0,3050,2
2026-07-30 11:35:22,82,0,3050,2
2026-07-30 11:35:23,81,0,3050,2
2026-07-30 11:35:24,82,0,3050,2
2026-07-30 11:35:25,84,0,3050,2
2026-07-30 11:35:26,83,0,3050,2
2026-07-30 11:35:27,83,0,3050,2
2026-07-30 11:35:29,83,0,3050,2
2026-07-30 11:35:29,83,0,3050,2
2026-07-30 11:35:31,82,0,3050,2
2026-07-30 11:35:31,78,0,3050,2
2026-07-30 11:35:32,83,0,3050,2
2026-07-30 11:35:33,80,0,3050,2
2026-07-30 11:35:34,81,0,3050,2
2026-07-30 11:35:35,81,0,3050,2
2026-07-30 11:35:36,78,0,3050,2
2026-07-30 11:35:37,84,0,3050,2
2026-07-30 11:35:38,79,0,3050,2
2026-07-30 11:35:40,82,0,3050,2
2026-07-30 11:35:40,80,0,3050,2
2026-07-30 11:35:41,83,0,3050,2
2026-07-30 11:35:43,83,0,3050,2
2026-07-30 11:35:43,81,0,3050,2
2026-07-30 11:35:44,84,0,3050,2
2026-07-30 11:35:46,83,0,3050,2
2026-07-30 11:35:46,84,0,3050,2
2026-07-30 11:35:48,79,0,3050,2
2026-07-30 11:35:48,84,0,3050,2
2026-07-30 11:35:49,84,0,3050,2
2026-07-30 11:35:50,81,0,3050,2
2026-07-30 11:35:51,84,0,3050,2
2026-07-30 11:35:52,81,0,3050,2
2026-07-30 11:35:54,85,0,3050,2
2026-07-30 11:35:54,84,0,3050,2
2026-07-30 11:35:56,82,0,3050,2
2026-07-30 11:35:56,86,0,3050,2
2026-07-30 11:35:57,79,0,3050,2
2026-07-30 11:35:58,83,0,3050,2
2026-07-30 11:36:00,79,0,3050,2
2026-07-30 11:36:01,84,0,3050,2
2026-07-30 11:36:02,80,0,3050,2
2026-07-30 11:36:04,80,0,3050,2
2026-07-30 11:36:04,81,0,3050,2
2026-07-30 11:36:04,82,0,3050,2
2026-07-30 11:36:06,89,0,3050,2
2026-07-30 11:36:06,84,0,3050,2
2026-07-30 11:36:07,83,0,3050,2
2026-07-30 11:36:08,83,0,3050,2
2026-07-30 11:36:09,83,0,3050,2
2026-07-30 11:36:11,83,0,3050,2
2026-07-30 11:36:12,80,0,3050,2
2026-07-30 11:36:12,86,0,3050,2
2026-07-30 11:36:13,90,0,3050,2
2026-07-30 11:36:14,82,0,3050,2
2026-07-30 11:36:15,78,0,3050,2
2026-07-30 11:36:16,79,0,3050,2
2026-07-30 11:36:18,81,0,3050,2
2026-07-30 11:36:19,80,0,3050,2
2026-07-30 11:36:19,79,0,3050,2
2026-07-30 11:36:20,80,0,3050,2
2026-07-30 11:36:21,78,0,3050,2
2026-07-30 11:36:23,85,0,3050,2
2026-07-30 11:36:23,81,0,3050,2
2026-07-30 11:36:25,84,0,3050,2
2026-07-30 11:36:25,80,0,3050,2
2026-07-30 11:36:26,84,0,3050,2
2026-07-30 11:36:27,84,0,3050,2
2026-07-30 11:36:28,85,0,3050,2
2026-07-30 11:36:30,79,0,3050,2
2026-07-30 11:36:30,83,0,3050,2
2026-07-30 11:36:31,77,0,3050,2
2026-07-30 11:36:32,84,0,3050,2
2026-07-30 11:36:33,85,0,3050,2
2026-07-30 11:36:34,87,0,3050,2
2026-07-30 11:36:35,82,0,3050,2
2026-07-30 11:36:36,83,0,3050,2
2026-07-30 11:36:37,81,0,3050,2
2026-07-30 11:36:38,82,0,3050,2
2026-07-30 11:36:39,84,0,3050,2
2026-07-30 11:36:40,82,0,3050,2
2026-07-30 11:36:41,82,0,3050,2
2026-07-30 11:36:42,80,0,3050,2
2026-07-30 11:36:43,77,0,3050,2
2026-07-30 11:36:44,84,0,3050,2
2026-07-30 11:36:45,83,0,3050,2
2026-07-30 11:36:46,81,0,3050,2
2026-07-30 11:36:48,79,0,3050,2
2026-07-30 11:36:48,85,0,3050,2
2026-07-30 11:36:50,82,0,3050,2
2026-07-30 11:36:50,82,0,3050,2
2026-07-30 11:36:51,82,0,3050,2
2026-07-30 11:36:52,82,0,3050,2
2026-07-30 11:36:53,78,0,3050,2
2026-07-30 11:36:55,80,0,3050,2
2026-07-30 11:36:55,81,0,3050,2
2026-07-30 11:36:57,80,0,3050,2
2026-07-30 11:36:58,82,0,3050,2
2026-07-30 11:36:59,85,0,3050,2
2026-07-30 11:37:00,84,0,3050,2
2026-07-30 11:37:01,84,0,3050,2
2026-07-30 11:37:02,85,0,3050,2
2026-07-30 11:37:03,82,0,3050,2
2026-07-30 11:37:04,83,0,3050,2
2026-07-30 11:37:05,79,0,3050,2
2026-07-30 11:37:05,82,0,3050,2
2026-07-30 11:37:07,83,0,3050,2
2026-07-30 11:37:07,82,0,3050,2
2026-07-30 11:37:08,81,0,3050,2
2026-07-30 11:37:09,81,0,3050,2
2026-07-30 11:37:11,83,0,3050,2
2026-07-30 11:37:11,82,0,3050,2
2026-07-30 11:37:13,79,0,3050,2
2026-07-30 11:37:13,84,0,3050,2
2026-07-30 11:37:15,85,0,3050,2
2026-07-30 11:37:16,77,0,3050,2
2026-07-30 11:37:16,80,0,3050,2
2026-07-30 11:37:17,78,0,3050,2
2026-07-30 11:37:18,80,0,3050,2
2026-07-30 11:37:19,80,0,3050,2
2026-07-30 11:37:20,83,0,3050,2
2026-07-30 11:37:21,79,0,3050,2
2026-07-30 11:37:23,83,0,3050,2
2026-07-30 11:37:23,81,0,3050,2
2026-07-30 11:37:25,80,0,3050,2
2026-07-30 11:37:26,81,0,3050,2
2026-07-30 11:37:26,83,0,3050,2
2026-07-30 11:37:27,81,0,3050,2
2026-07-30 11:37:28,84,0,3050,2
2026-07-30 11:37:29,79,0,3050,2
2026-07-30 11:37:30,83,0,3050,2
2026-07-30 11:37:32,81,0,3050,2
2026-07-30 11:37:32,84,0,3050,2
2026-07-30 11:37:34,82,0,3050,2
2026-07-30 11:37:34,84,0,3050,2
2026-07-30 11:37:35,84,0,3050,2
2026-07-30 11:37:36,82,0,3050,2
2026-07-30 11:37:37,85,0,3050,2
2026-07-30 11:37:38,83,0,3050,2
2026-07-30 11:37:40,86,0,3050,2
2026-07-30 11:37:41,82,0,3050,2
2026-07-30 11:37:41,84,0,3050,2
2026-07-30 11:37:42,84,0,3050,2
2026-07-30 11:37:44,85,0,3050,2
2026-07-30 11:37:44,84,0,3050,2
2026-07-30 11:37:46,80,0,3050,2
2026-07-30 11:37:46,83,0,3050,2
2026-07-30 11:37:47,83,0,3050,2
2026-07-30 11:37:48,85,0,3050,2
2026-07-30 11:37:50,85,0,3050,2
2026-07-30 11:37:50,82,0,3050,2
2026-07-30 11:37:51,83,0,3050,2
2026-07-30 11:37:52,83,0,3050,2
2026-07-30 11:37:53,79,0,3050,2
2026-07-30 11:37:55,80,0,3050,2
2026-07-30 11:37:56,85,0,3050,2
2026-07-30 11:37:56,82,0,3050,2
2026-07-30 11:37:58,84,0,3050,2
2026-07-30 11:37:58,85,0,3050,2
2026-07-30 11:38:00,82,0,3050,2
2026-07-30 11:38:01,82,0,3050,2
2026-07-30 11:38:01,82,0,3050,2
2026-07-30 11:38:02,82,0,3050,2
2026-07-30 11:38:03,79,0,3050,2
2026-07-30 11:38:04,84,0,3050,2
2026-07-30 11:38:06,84,0,3050,2
2026-07-30 11:38:06,80,0,3050,2
2026-07-30 11:38:07,82,0,3050,2
2026-07-30 11:38:08,86,0,3050,2
2026-07-30 11:38:10,80,0,3050,2
2026-07-30 11:38:11,81,0,3050,2
2026-07-30 11:38:12,84,0,3050,2
2026-07-30 11:38:13,83,0,3050,2
2026-07-30 11:38:14,81,0,3050,2
2026-07-30 11:38:14,83,0,3050,2
2026-07-30 11:38:15,76,0,3050,2
2026-07-30 11:38:16,80,0,3050,2
2026-07-30 11:38:17,85,0,3050,2
2026-07-30 11:38:19,80,0,3050,2
2026-07-30 11:38:19,78,0,3050,2
2026-07-30 11:38:20,81,0,3050,2
2026-07-30 11:38:21,85,0,3050,2
2026-07-30 11:38:22,79,0,3050,2
2026-07-30 11:38:24,83,0,3050,2
2026-07-30 11:38:24,80,0,3050,2
2026-07-30 11:38:25,81,0,3050,2
2026-07-30 11:38:27,78,0,3050,2
2026-07-30 11:38:27,79,0,3050,2
2026-07-30 11:38:29,82,0,3050,2
2026-07-30 11:38:30,82,0,3050,2
2026-07-30 11:38:30,79,0,3050,2
2026-07-30 11:38:31,84,0,3050,2
2026-07-30 11:38:33,81,0,3050,2
2026-07-30 11:38:34,83,0,3050,2
2026-07-30 11:38:34,80,0,3050,2
2026-07-30 11:38:36,83,0,3050,2
2026-07-30 11:38:36,81,0,3050,2
2026-07-30 11:38:37,84,0,3050,2
2026-07-30 11:38:38,80,0,3050,2
2026-07-30 11:38:39,83,0,3050,2
2026-07-30 11:38:41,84,0,3050,2
2026-07-30 11:38:42,85,0,3050,2
2026-07-30 11:38:42,83,0,3050,2
2026-07-30 11:38:44,88,0,3050,2
2026-07-30 11:38:45,81,0,3050,2
2026-07-30 11:38:46,81,0,3050,2
2026-07-30 11:38:47,85,0,3050,2
2026-07-30 11:38:47,79,0,3050,2
2026-07-30 11:38:48,82,0,3050,2
2026-07-30 11:38:50,76,0,3050,2
2026-07-30 11:38:50,79,0,3050,2
2026-07-30 11:38:51,81,0,3050,2
2026-07-30 11:38:52,84,0,3050,2
2026-07-30 11:38:54,82,0,3050,2
2026-07-30 11:38:55,82,0,3050,2
2026-07-30 11:38:55,84,0,3050,2
2026-07-30 11:38:56,82,0,3050,2
2026-07-30 11:38:57,82,0,3050,2
2026-07-30 11:38:59,80,0,3050,2
2026-07-30 11:38:59,84,0,3050,2
2026-07-30 11:39:01,80,0,3050,2
2026-07-30 11:39:02,79,0,3050,2
2026-07-30 11:39:02,82,0,3050,2
2026-07-30 11:39:03,89,0,3050,2
2026-07-30 11:39:04,80,0,3050,2
2026-07-30 11:39:05,81,0,3050,2
2026-07-30 11:39:06,84,0,3050,2
2026-07-30 11:39:08,81,0,3050,2
2026-07-30 11:39:09,80,0,3050,2
2026-07-30 11:39:09,78,0,3050,2
2026-07-30 11:39:10,80,0,3050,2
2026-07-30 11:39:11,79,0,3050,2
2026-07-30 11:39:13,83,0,3050,2
2026-07-30 11:39:14,83,0,3050,2
2026-07-30 11:39:14,82,0,3050,2
2026-07-30 11:39:16,79,0,3050,2
2026-07-30 11:39:17,79,0,3050,2
2026-07-30 11:39:18,82,0,3050,2
2026-07-30 11:39:18,80,0,3050,2
2026-07-30 11:39:20,82,0,3050,2
2026-07-30 11:39:20,81,0,3050,2
2026-07-30 11:39:21,85,0,3050,2
2026-07-30 11:39:22,82,0,3050,2
2026-07-30 11:39:23,83,0,3050,2
2026-07-30 11:39:24,81,0,3050,2
2026-07-30 11:39:25,82,0,3050,2
2026-07-30 11:39:26,82,0,3050,2
2026-07-30 11:39:27,82,0,3050,2
2026-07-30 11:39:28,80,0,3050,2
2026-07-30 11:39:29,82,0,3050,2
2026-07-30 11:39:30,79,0,3050,2
2026-07-30 11:39:31,84,0,3050,2
2026-07-30 11:39:32,79,0,3050,2
2026-07-30 11:39:33,83,0,3050,2
2026-07-30 11:39:34,81,0,3050,2
2026-07-30 11:39:35,79,0,3050,2
2026-07-30 11:39:36,79,0,3050,2
2026-07-30 11:39:37,85,0,3050,2
2026-07-30 11:39:38,82,0,3050,2
2026-07-30 11:39:39,80,0,3050,2
2026-07-30 11:39:40,79,0,3050,2
2026-07-30 11:39:41,83,0,3050,2
2026-07-30 11:39:42,79,0,3050,2
2026-07-30 11:39:43,82,0,3050,2
2026-07-30 11:39:44,81,0,3050,2
2026-07-30 11:39:45,83,0,3050,2
2026-07-30 11:39:46,80,0,3050,2
2026-07-30 11:39:47,83,0,3050,2
2026-07-30 11:39:48,81,0,3050,2
2026-07-30 11:39:49,84,0,3050,2
2026-07-30 11:39:50,81,0,3050,2
2026-07-30 11:39:51,86,0,3050,2
2026-07-30 11:39:52,81,0,3050,2
2026-07-30 11:39:53,78,0,3050,2
2026-07-30 11:39:54,83,0,3050,2
2026-07-30 11:39:55,80,0,3050,2
2026-07-30 11:39:56,80,0,3050,2
2026-07-30 11:39:57,81,0,3050,2
2026-07-30 11:39:59,82,0,3050,2
2026-07-30 11:39:59,86,0,3050,2
2026-07-30 11:40:00,83,0,3050,2
2026-07-30 11:40:01,81,0,3050,2
2026-07-30 11:40:02,84,0,3050,2
2026-07-30 11:40:03,81,0,3050,2
2026-07-30 11:40:04,84,0,3050,2
2026-07-30 11:40:05,81,0,3050,2
2026-07-30 11:40:06,80,0,3050,2
2026-07-30 11:40:07,83,0,3050,2
2026-07-30 11:40:08,82,0,3050,2
2026-07-30 11:40:09,77,0,3050,2
2026-07-30 11:40:11,81,0,3050,2
2026-07-30 11:40:11,80,0,3050,2
2026-07-30 11:40:12,83,0,3050,2
2026-07-30 11:40:13,80,0,3050,2
2026-07-30 11:40:14,82,0,3050,2
2026-07-30 11:40:16,81,0,3050,2
2026-07-30 11:40:16,80,0,3050,2
2026-07-30 11:40:17,80,0,3050,2
2026-07-30 11:40:18,79,0,3050,2
2026-07-30 11:40:19,85,0,3050,2
2026-07-30 11:40:20,85,0,3050,2
2026-07-30 11:40:21,82,0,3050,2
2026-07-30 11:40:22,84,0,3050,2
2026-07-30 11:40:23,80,0,3050,2
2026-07-30 11:40:24,84,0,3050,2
2026-07-30 11:40:25,84,0,3050,2
2026-07-30 11:40:26,81,0,3050,2
2026-07-30 11:40:27,86,0,3050,2
2026-07-30 11:40:28,85,0,3050,2
2026-07-30 11:40:29,84,0,3050,2
2026-07-30 11:40:30,83,0,3050,2
2026-07-30 11:40:31,87,0,3050,2
2026-07-30 11:40:32,77,0,3050,2
2026-07-30 11:40:33,79,0,3050,2
2026-07-30 11:40:34,79,0,3050,2
2026-07-30 11:40:36,75,0,3050,2
2026-07-30 11:40:36,81,0,3050,2
2026-07-30 11:40:37,76,0,3050,2
2026-07-30 11:40:38,81,0,3050,2
2026-07-30 11:40:39,82,0,3050,2
2026-07-30 11:40:40,82,0,3050,2
2026-07-30 11:40:41,85,0,3050,2
2026-07-30 11:40:42,86,0,3050,2
2026-07-30 11:40:43,84,0,3050,2
2026-07-30 11:40:44,87,0,3050,2
2026-07-30 11:40:45,83,0,3050,2
2026-07-30 11:40:46,78,0,3050,2
2026-07-30 11:40:47,80,0,3050,2
2026-07-30 11:40:48,86,0,3050,2
2026-07-30 11:40:49,87,0,3050,2
2026-07-30 11:40:50,80,0,3050,2
2026-07-30 11:40:51,78,0,3050,2
2026-07-30 11:40:52,82,0,3050,2
2026-07-30 11:40:53,80,0,3050,2
2026-07-30 11:40:54,82,0,3050,2
2026-07-30 11:40:56,86,0,3050,2
2026-07-30 11:40:56,82,0,3050,2
2026-07-30 11:40:57,82,0,3050,2
2026-07-30 11:40:58,84,0,3050,2
2026-07-30 11:40:59,80,0,3050,2
2026-07-30 11:41:01,80,0,3050,2
2026-07-30 11:41:02,78,0,3050,2
2026-07-30 11:41:03,82,0,3050,2
2026-07-30 11:41:03,79,0,3050,2
2026-07-30 11:41:04,84,0,3050,2
2026-07-30 11:41:05,82,0,3050,2
2026-07-30 11:41:06,85,0,3050,2
2026-07-30 11:41:07,79,0,3050,2
2026-07-30 11:41:08,84,0,3050,2
2026-07-30 11:41:09,82,0,3050,2
2026-07-30 11:41:10,86,0,3050,2
2026-07-30 11:41:11,81,0,3050,2
2026-07-30 11:41:12,83,0,3050,2
2026-07-30 11:41:13,85,0,3050,2
2026-07-30 11:41:14,78,0,3050,2
2026-07-30 11:41:15,82,0,3050,2
2026-07-30 11:41:16,80,0,3050,2
2026-07-30 11:41:17,82,0,3050,2
2026-07-30 11:41:18,80,0,3050,2
2026-07-30 11:41:20,86,0,3050,2
2026-07-30 11:41:20,80,0,3050,2
2026-07-30 11:41:22,82,0,3050,2
2026-07-30 11:41:22,82,0,3050,2
2026-07-30 11:41:23,85,0,3050,2
2026-07-30 11:41:24,78,0,3050,2
2026-07-30 11:41:25,80,0,3050,2
2026-07-30 11:41:26,83,0,3050,2
2026-07-30 11:41:27,87,0,3050,2
2026-07-30 11:41:28,81,0,3050,2
2026-07-30 11:41:29,88,0,3050,2
2026-07-30 11:41:30,82,0,3050,2
2026-07-30 11:41:31,80,0,3050,2
2026-07-30 11:41:32,82,0,3050,2
2026-07-30 11:41:33,77,0,3050,2
2026-07-30 11:41:34,80,0,3050,2
2026-07-30 11:41:36,78,0,3050,2
2026-07-30 11:41:36,81,0,3050,2
2026-07-30 11:41:37,85,0,3050,2
2026-07-30 11:41:39,83,0,3050,2
2026-07-30 11:41:39,79,0,3050,2
2026-07-30 11:41:40,79,0,3050,2
2026-07-30 11:41:41,80,0,3050,2
2026-07-30 11:41:42,77,0,3050,2
2026-07-30 11:41:43,81,0,3050,2
2026-07-30 11:41:44,83,0,3050,2
2026-07-30 11:41:45,81,0,3050,2
2026-07-30 11:41:46,80,0,3050,2
2026-07-30 11:41:47,86,0,3050,2
2026-07-30 11:41:48,81,0,3050,2
2026-07-30 11:41:49,83,0,3050,2
2026-07-30 11:41:51,80,0,3050,2
2026-07-30 11:41:52,81,0,3050,2
2026-07-30 11:41:52,82,0,3050,2
2026-07-30 11:41:53,82,0,3050,2
2026-07-30 11:41:55,80,0,3050,2
2026-07-30 11:41:55,81,0,3050,2
2026-07-30 11:41:57,88,0,3050,2
2026-07-30 11:41:58,80,0,3050,2
2026-07-30 11:41:58,78,0,3050,2
2026-07-30 11:42:00,78,0,3050,2
2026-07-30 11:42:01,77,0,3050,2
2026-07-30 11:42:01,78,0,3050,2
2026-07-30 11:42:02,83,0,3050,2
2026-07-30 11:42:04,79,0,3050,2
2026-07-30 11:42:04,81,0,3050,2
2026-07-30 11:42:05,87,0,3050,2
2026-07-30 11:42:06,78,0,3050,2
2026-07-30 11:42:07,81,0,3050,2
2026-07-30 11:42:08,82,0,3050,2
2026-07-30 11:42:10,79,0,3050,2
2026-07-30 11:42:10,81,0,3050,2
2026-07-30 11:42:11,84,0,3050,2
2026-07-30 11:42:12,79,0,3050,2
2026-07-30 11:42:13,79,0,3050,2
2026-07-30 11:42:14,85,0,3050,2
2026-07-30 11:42:15,83,0,3050,2
2026-07-30 11:42:16,87,0,3050,2
2026-07-30 11:42:17,83,0,3050,2
2026-07-30 11:42:18,80,0,3050,2
2026-07-30 11:42:19,83,0,3050,2
2026-07-30 11:42:20,85,0,3050,2
2026-07-30 11:42:21,81,0,3050,2
2026-07-30 11:42:23,78,0,3050,2
2026-07-30 11:42:23,81,0,3050,2
2026-07-30 11:42:24,79,0,3050,2
2026-07-30 11:42:25,84,0,3050,2
2026-07-30 11:42:26,83,0,3050,2
2026-07-30 11:42:27,80,0,3050,2
2026-07-30 11:42:28,79,0,3050,2
2026-07-30 11:42:29,82,0,3050,2
2026-07-30 11:42:30,82,0,3050,2
2026-07-30 11:42:31,80,0,3050,2
2026-07-30 11:42:32,79,0,3050,2
2026-07-30 11:42:33,82,0,3050,2
2026-07-30 11:42:34,82,0,3050,2
2026-07-30 11:42:35,83,0,3050,2
2026-07-30 11:42:37,83,0,3050,2
2026-07-30 11:42:37,87,0,3050,2
2026-07-30 11:42:38,85,0,3050,2
2026-07-30 11:42:39,80,0,3050,2
2026-07-30 11:42:40,82,0,3050,2
2026-07-30 11:42:42,87,0,3050,2
2026-07-30 11:42:42,79,0,3050,2
2026-07-30 11:42:43,79,0,3050,2
2026-07-30 11:42:44,83,0,3050,2
2026-07-30 11:42:45,81,0,3050,2
2026-07-30 11:42:46,81,0,3050,2
2026-07-30 11:42:47,87,0,3050,2
2026-07-30 11:42:49,80,0,3050,2
2026-07-30 11:42:49,84,0,3050,2
2026-07-30 11:42:50,82,0,3050,2
2026-07-30 11:42:51,81,0,3050,2
2026-07-30 11:42:52,83,0,3050,2
2026-07-30 11:42:54,84,0,3050,2
2026-07-30 11:42:54,79,0,3050,2
2026-07-30 11:42:55,80,0,3050,2
2026-07-30 11:42:56,82,0,3050,2
2026-07-30 11:42:57,80,0,3050,2
2026-07-30 11:42:59,87,0,3050,2
2026-07-30 11:42:59,81,0,3050,2
2026-07-30 11:43:01,85,0,3050,2
2026-07-30 11:43:01,78,0,3050,2
2026-07-30 11:43:02,79,0,3050,2
2026-07-30 11:43:03,84,0,3050,2
2026-07-30 11:43:04,85,0,3050,2
2026-07-30 11:43:06,82,0,3050,2
2026-07-30 11:43:06,85,0,3050,2
2026-07-30 11:43:07,79,0,3050,2
2026-07-30 11:43:08,82,0,3050,2
2026-07-30 11:43:09,80,0,3050,2
2026-07-30 11:43:10,82,0,3050,2
2026-07-30 11:43:12,82,0,3050,2
2026-07-30 11:43:13,79,0,3050,2
2026-07-30 11:43:13,84,0,3050,2
2026-07-30 11:43:14,83,0,3050,2
2026-07-30 11:43:15,85,0,3050,2
2026-07-30 11:43:16,82,0,3050,2
2026-07-30 11:43:17,80,0,3050,2
2026-07-30 11:43:19,88,0,3050,2
2026-07-30 11:43:19,80,0,3050,2
2026-07-30 11:43:21,84,0,3050,2
2026-07-30 11:43:21,83,0,3050,2
2026-07-30 11:43:22,79,0,3050,2
2026-07-30 11:43:23,81,0,3050,2
2026-07-30 11:43:25,84,0,3050,2
2026-07-30 11:43:26,83,0,3050,2
2026-07-30 11:43:26,81,0,3050,2
2026-07-30 11:43:28,80,0,3050,2
2026-07-30 11:43:28,79,0,3050,2
2026-07-30 11:43:29,84,0,3050,2
2026-07-30 11:43:31,82,0,3050,2
2026-07-30 11:43:31,78,0,3050,2
2026-07-30 11:43:32,79,0,3050,2
2026-07-30 11:43:33,81,0,3050,2
2026-07-30 11:43:34,84,0,3050,2
2026-07-30 11:43:35,77,0,3050,2
2026-07-30 11:43:36,82,0,3050,2
2026-07-30 11:43:37,83,0,3050,2
2026-07-30 11:43:38,79,0,3050,2
2026-07-30 11:43:39,80,0,3050,2
2026-07-30 11:43:40,78,0,3050,2
2026-07-30 11:43:41,75,0,3050,2
2026-07-30 11:43:42,82,0,3050,2
2026-07-30 11:43:43,83,0,3050,2
2026-07-30 11:43:44,82,0,3050,2
2026-07-30 11:43:45,80,0,3050,2
2026-07-30 11:43:46,85,0,3050,2
2026-07-30 11:43:47,83,0,3050,2
2026-07-30 11:43:48,84,0,3050,2
2026-07-30 11:43:49,81,0,3050,2
2026-07-30 11:43:50,80,0,3050,2
2026-07-30 11:43:51,83,0,3050,2
2026-07-30 11:43:52,82,0,3050,2
2026-07-30 11:43:53,80,0,3050,2
2026-07-30 11:43:54,82,0,3050,2
2026-07-30 11:43:55,79,0,3050,2
2026-07-30 11:43:56,80,0,3050,2
2026-07-30 11:43:57,86,0,3050,2
2026-07-30 11:43:58,84,0,3050,2
2026-07-30 11:43:59,82,0,3050,2
2026-07-30 11:44:00,79,0,3050,2
2026-07-30 11:44:01,83,0,3050,2
2026-07-30 11:44:02,81,0,3050,2
2026-07-30 11:44:03,79,0,3050,2
2026-07-30 11:44:04,84,0,3050,2
2026-07-30 11:44:05,81,0,3050,2
2026-07-30 11:44:06,82,0,3050,2
2026-07-30 11:44:07,81,0,3050,2
2026-07-30 11:44:08,83,0,3050,2
2026-07-30 11:44:09,81,0,3050,2
2026-07-30 11:44:10,81,0,3050,2
2026-07-30 11:44:11,84,0,3050,2
2026-07-30 11:44:12,85,0,3050,2
2026-07-30 11:44:13,81,0,3050,2
2026-07-30 11:44:14,79,0,3050,2
2026-07-30 11:44:15,82,0,3050,2
2026-07-30 11:44:16,78,0,3050,2
2026-07-30 11:44:17,84,0,3050,2
2026-07-30 11:44:18,79,0,3050,2
2026-07-30 11:44:19,83,0,3050,2
2026-07-30 11:44:20,80,0,3050,2
2026-07-30 11:44:21,86,0,3050,2
2026-07-30 11:44:22,81,0,3050,2
2026-07-30 11:44:23,82,0,3050,2
2026-07-30 11:44:24,81,0,3050,2
2026-07-30 11:44:25,84,0,3050,2
2026-07-30 11:44:26,82,0,3050,2
2026-07-30 11:44:27,82,0,3050,2
2026-07-30 11:44:28,84,0,3050,2
2026-07-30 11:44:29,84,0,3050,2
2026-07-30 11:44:30,79,0,3050,2
2026-07-30 11:44:31,82,0,3050,2
2026-07-30 11:44:32,82,0,3050,2
2026-07-30 11:44:33,83,0,3050,2
2026-07-30 11:44:34,78,0,3050,2
2026-07-30 11:44:35,83,0,3050,2
2026-07-30 11:44:36,80,0,3050,2
2026-07-30 11:44:37,81,0,3050,2
2026-07-30 11:44:38,83,0,3050,2
2026-07-30 11:44:39,82,0,3050,2
2026-07-30 11:44:40,80,0,3050,2
2026-07-30 11:44:41,85,0,3050,2
2026-07-30 11:44:42,85,0,3050,2
2026-07-30 11:44:43,81,0,3050,2
2026-07-30 11:44:44,82,0,3050,2
2026-07-30 11:44:45,80,0,3050,2
2026-07-30 11:44:46,83,0,3050,2
2026-07-30 11:44:47,79,0,3050,2
2026-07-30 11:44:48,84,0,3050,2
2026-07-30 11:44:49,81,0,3050,2
2026-07-30 11:44:50,85,0,3050,2
2026-07-30 11:44:51,81,0,3050,2
2026-07-30 11:44:52,79,0,3050,2
2026-07-30 11:44:53,79,0,3050,2
2026-07-30 11:44:54,86,0,3050,2
2026-07-30 11:44:55,80,0,3050,2
2026-07-30 11:44:56,80,0,3050,2
2026-07-30 11:44:57,81,0,3050,2
2026-07-30 11:44:58,83,0,3050,2
2026-07-30 11:44:59,84,0,3050,2
2026-07-30 11:45:00,79,0,3050,2
2026-07-30 11:45:01,83,0,3050,2
2026-07-30 11:45:02,80,0,3050,2
2026-07-30 11:45:03,83,0,3050,2
2026-07-30 11:45:04,79,0,3050,2
2026-07-30 11:45:05,82,0,3050,2
2026-07-30 11:45:06,83,0,3050,2
2026-07-30 11:45:07,87,0,3050,2
2026-07-30 11:45:08,81,0,3050,2
2026-07-30 11:45:09,81,0,3050,2
2026-07-30 11:45:10,85,0,3050,2
2026-07-30 11:45:11,84,0,3050,2
2026-07-30 11:45:12,77,0,3050,2
2026-07-30 11:45:13,82,0,3050,2
2026-07-30 11:45:14,79,0,3050,2
2026-07-30 11:45:15,77,0,3050,2
2026-07-30 11:45:16,79,0,3050,2
2026-07-30 11:45:17,82,0,3050,2
2026-07-30 11:45:18,86,0,3050,2
2026-07-30 11:45:19,84,0,3050,2
2026-07-30 11:45:20,87,0,3050,2
2026-07-30 11:45:21,77,0,3050,2
2026-07-30 11:45:22,81,0,3050,2
2026-07-30 11:45:23,80,0,3050,2
2026-07-30 11:45:24,79,0,3050,2
2026-07-30 11:45:25,82,0,3050,2
2026-07-30 11:45:26,80,0,3050,2
2026-07-30 11:45:27,80,0,3050,2
2026-07-30 11:45:28,82,0,3050,2
2026-07-30 11:45:29,82,0,3050,2
2026-07-30 11:45:30,83,0,3050,2
2026-07-30 11:45:31,84,0,3050,2
2026-07-30 11:45:32,84,0,3050,2
2026-07-30 11:45:33,82,0,3050,2
2026-07-30 11:45:34,84,0,3050,2
2026-07-30 11:45:35,81,0,3050,2
2026-07-30 11:45:36,80,0,3050,2
2026-07-30 11:45:37,85,0,3050,2
2026-07-30 11:45:38,79,0,3050,2
2026-07-30 11:45:39,85,0,3050,2
2026-07-30 11:45:40,84,0,3050,2
2026-07-30 11:45:41,81,0,3050,2
2026-07-30 11:45:42,85,0,3050,2
2026-07-30 11:45:43,86,0,3050,2
2026-07-30 11:45:44,82,0,3050,2
2026-07-30 11:45:45,78,0,3050,2
2026-07-30 11:45:46,79,0,3050,2
2026-07-30 11:45:47,85,0,3050,2
2026-07-30 11:45:48,81,0,3050,2
2026-07-30 11:45:49,81,0,3050,2
2026-07-30 11:45:50,78,0,3050,2
2026-07-30 11:45:51,83,0,3050,2
2026-07-30 11:45:52,79,0,3050,2
2026-07-30 11:45:53,83,0,3050,2
2026-07-30 11:45:54,83,0,3050,2
2026-07-30 11:45:55,83,0,3050,2
2026-07-30 11:45:56,76,0,3050,2
2026-07-30 11:45:57,83,0,3050,2
2026-07-30 11:45:58,81,0,3050,2
2026-07-30 11:45:59,79,0,3050,2
2026-07-30 11:46:02,84,0,3050,2
2026-07-30 11:46:02,81,0,3050,2
2026-07-30 11:46:02,79,0,3050,2
2026-07-30 11:46:03,81,0,3050,2
2026-07-30 11:46:04,83,0,3050,2
2026-07-30 11:46:05,80,0,3050,2
2026-07-30 11:46:06,84,0,3050,2
2026-07-30 11:46:07,82,0,3050,2
2026-07-30 11:46:08,81,0,3050,2
2026-07-30 11:46:09,82,0,3050,2
2026-07-30 11:46:10,81,0,3050,2
2026-07-30 11:46:11,84,0,3050,2
2026-07-30 11:46:12,85,0,3050,2
2026-07-30 11:46:13,85,0,3050,2
2026-07-30 11:46:14,79,0,3050,2
2026-07-30 11:46:15,83,0,3050,2
2026-07-30 11:46:16,82,0,3050,2
2026-07-30 11:46:17,84,0,3050,2
2026-07-30 11:46:18,83,0,3050,2
2026-07-30 11:46:19,85,0,3050,2
2026-07-30 11:46:20,79,0,3050,2
2026-07-30 11:46:21,81,0,3050,2
2026-07-30 11:46:22,80,0,3050,2
2026-07-30 11:46:23,79,0,3050,2
2026-07-30 11:46:24,83,0,3050,2
2026-07-30 11:46:25,81,0,3050,2
2026-07-30 11:46:26,82,0,3050,2
2026-07-30 11:46:27,78,0,3050,2
2026-07-30 11:46:28,82,0,3050,2
2026-07-30 11:46:29,84,0,3050,2
2026-07-30 11:46:30,79,0,3050,2
2026-07-30 11:46:31,81,0,3050,2
2026-07-30 11:46:32,84,0,3050,2
2026-07-30 11:46:33,82,0,3050,2
2026-07-30 11:46:34,80,0,3050,2
2026-07-30 11:46:35,82,0,3050,2
2026-07-30 11:46:36,80,0,3050,2
2026-07-30 11:46:37,84,0,3050,2
2026-07-30 11:46:38,84,0,3050,2
2026-07-30 11:46:39,84,0,3050,2
2026-07-30 11:46:40,81,0,3050,2
2026-07-30 11:46:41,83,0,3050,2
2026-07-30 11:46:42,80,0,3050,2
2026-07-30 11:46:43,82,0,3050,2
2026-07-30 11:46:44,79,0,3050,2
2026-07-30 11:46:45,78,0,3050,2
2026-07-30 11:46:46,79,0,3050,2
2026-07-30 11:46:47,83,0,3050,2
2026-07-30 11:46:48,80,0,3050,2
2026-07-30 11:46:49,80,0,3050,2
2026-07-30 11:46:50,82,0,3050,2
2026-07-30 11:46:51,80,0,3050,2
2026-07-30 11:46:52,77,0,3050,2
2026-07-30 11:46:53,80,0,3050,2
2026-07-30 11:46:54,81,0,3050,2
2026-07-30 11:46:55,83,0,3050,2
2026-07-30 11:46:56,82,0,3050,2
2026-07-30 11:46:57,85,0,3050,2
2026-07-30 11:46:58,84,0,3050,2
2026-07-30 11:46:59,78,0,3050,2
2026-07-30 11:47:00,82,0,3050,2
2026-07-30 11:47:01,83,0,3050,2
2026-07-30 11:47:02,82,0,3050,2
2026-07-30 11:47:03,79,0,3050,2
2026-07-30 11:47:04,84,0,3050,2
2026-07-30 11:47:05,83,0,3050,2
2026-07-30 11:47:06,85,0,3050,2
2026-07-30 11:47:07,79,0,3050,2
2026-07-30 11:47:08,84,0,3050,2
2026-07-30 11:47:09,81,0,3050,2
2026-07-30 11:47:10,84,0,3050,2
2026-07-30 11:47:11,78,0,3050,2
2026-07-30 11:47:12,79,0,3050,2
2026-07-30 11:47:13,78,0,3050,2
2026-07-30 11:47:14,82,0,3050,2
2026-07-30 11:47:15,80,0,3050,2
2026-07-30 11:47:16,86,0,3050,2
2026-07-30 11:47:17,81,0,3050,2
2026-07-30 11:47:18,81,0,3050,2
2026-07-30 11:47:19,81,0,3050,2
2026-07-30 11:47:20,78,0,3050,2
2026-07-30 11:47:21,82,0,3050,2
2026-07-30 11:47:22,83,0,3050,2
2026-07-30 11:47:23,83,0,3050,2
2026-07-30 11:47:24,80,0,3050,2
2026-07-30 11:47:25,86,0,3050,2
2026-07-30 11:47:26,79,0,3050,2
2026-07-30 11:47:27,79,0,3050,2
2026-07-30 11:47:28,81,0,3050,2
2026-07-30 11:47:29,80,0,3050,2
2026-07-30 11:47:30,79,0,3050,2
2026-07-30 11:47:31,81,0,3050,2
2026-07-30 11:47:32,80,0,3050,2
2026-07-30 11:47:33,83,0,3050,2
2026-07-30 11:47:34,81,0,3050,2
2026-07-30 11:47:35,84,0,3050,2
2026-07-30 11:47:36,83,0,3050,2
2026-07-30 11:47:37,81,0,3050,2
2026-07-30 11:47:38,82,0,3050,2
2026-07-30 11:47:39,81,0,3050,2
2026-07-30 11:47:40,84,0,3050,2
2026-07-30 11:47:41,85,0,3050,2
2026-07-30 11:47:42,82,0,3050,2
2026-07-30 11:47:43,86,0,3050,2
2026-07-30 11:47:44,80,0,3050,2
2026-07-30 11:47:45,78,0,3050,2
2026-07-30 11:47:46,82,0,3050,2
2026-07-30 11:47:47,81,0,3050,2
2026-07-30 11:47:48,84,0,3050,2
2026-07-30 11:47:49,80,0,3050,2
2026-07-30 11:47:50,81,0,3050,2
2026-07-30 11:47:51,80,0,3050,2
2026-07-30 11:47:52,83,0,3050,2
2026-07-30 11:47:53,81,0,3050,2
2026-07-30 11:47:54,80,0,3050,2
2026-07-30 11:47:55,81,0,3050,2
2026-07-30 11:47:56,82,0,3050,2
2026-07-30 11:47:57,82,0,3050,2
2026-07-30 11:47:58,82,0,3050,2
2026-07-30 11:47:59,82,0,3050,2
2026-07-30 11:48:00,80,0,3050,2
2026-07-30 11:48:01,81,0,3050,2
2026-07-30 11:48:02,81,0,3050,2
2026-07-30 11:48:03,84,0,3050,2
2026-07-30 11:48:04,83,0,3050,2
2026-07-30 11:48:05,83,0,3050,2
2026-07-30 11:48:06,83,0,3050,2
2026-07-30 11:48:07,83,0,3050,2
2026-07-30 11:48:08,80,0,3050,2
2026-07-30 11:48:09,80,0,3050,2
2026-07-30 11:48:10,82,0,3050,2
2026-07-30 11:48:11,87,0,3050,2
2026-07-30 11:48:12,81,0,3050,2
2026-07-30 11:48:13,83,0,3050,2
2026-07-30 11:48:14,77,0,3050,2
2026-07-30 11:48:15,79,0,3050,2
2026-07-30 11:48:16,82,0,3050,2
2026-07-30 11:48:17,77,0,3050,2
2026-07-30 11:48:18,82,0,3050,2
2026-07-30 11:48:19,78,0,3050,2
2026-07-30 11:48:20,87,0,3050,2
2026-07-30 11:48:21,83,0,3050,2
2026-07-30 11:48:22,80,0,3050,2
2026-07-30 11:48:23,79,0,3050,2
2026-07-30 11:48:24,81,0,3050,2
2026-07-30 11:48:25,82,0,3050,2
2026-07-30 11:48:26,82,0,3050,2
2026-07-30 11:48:27,80,0,3050,2
2026-07-30 11:48:28,81,0,3050,2
2026-07-30 11:48:29,84,0,3050,2
2026-07-30 11:48:30,81,0,3050,2
2026-07-30 11:48:31,78,0,3050,2
2026-07-30 11:48:32,83,0,3050,2
2026-07-30 11:48:33,80,0,3050,2
2026-07-30 11:48:34,79,0,3050,2
2026-07-30 11:48:35,84,0,3050,2
2026-07-30 11:48:36,84,0,3050,2
2026-07-30 11:48:37,84,0,3050,2
2026-07-30 11:48:38,83,0,3050,2
2026-07-30 11:48:39,77,0,3050,2
2026-07-30 11:48:40,83,0,3050,2
2026-07-30 11:48:41,81,0,3050,2
2026-07-30 11:48:42,78,0,3050,2
2026-07-30 11:48:43,85,0,3050,2
2026-07-30 11:48:44,80,0,3050,2
2026-07-30 11:48:45,85,0,3050,2
2026-07-30 11:48:46,86,0,3050,2
2026-07-30 11:48:47,84,0,3050,2
2026-07-30 11:48:48,86,0,3050,2
2026-07-30 11:48:49,80,0,3050,2
2026-07-30 11:48:50,80,0,3050,2
2026-07-30 11:48:51,79,0,3050,2
2026-07-30 11:48:52,82,0,3050,2
2026-07-30 11:48:53,83,0,3050,2
2026-07-30 11:48:54,79,0,3050,2
2026-07-30 11:48:55,83,0,3050,2
2026-07-30 11:48:56,83,0,3050,2
2026-07-30 11:48:57,80,0,3050,2
2026-07-30 11:48:58,85,0,3050,2
2026-07-30 11:48:59,81,0,3050,2
2026-07-30 11:49:00,83,0,3050,2
2026-07-30 11:49:01,79,0,3050,2
2026-07-30 11:49:02,88,0,3050,2
2026-07-30 11:49:03,81,0,3050,2
2026-07-30 11:49:04,78,0,3050,2
2026-07-30 11:49:05,78,0,3050,2
2026-07-30 11:49:06,80,0,3050,2
2026-07-30 11:49:07,81,0,3050,2
2026-07-30 11:49:08,85,0,3050,2
2026-07-30 11:49:09,82,0,3050,2
2026-07-30 11:49:10,79,0,3050,2
2026-07-30 11:49:11,84,0,3050,2
2026-07-30 11:49:12,80,0,3050,2
2026-07-30 11:49:13,80,0,3050,2
2026-07-30 11:49:14,83,0,3050,2
2026-07-30 11:49:15,79,0,3050,2
2026-07-30 11:49:16,78,0,3050,2
2026-07-30 11:49:17,80,0,3050,2
2026-07-30 11:49:18,80,0,3050,2
2026-07-30 11:49:19,82,0,3050,2
2026-07-30 11:49:20,81,0,3050,2
2026-07-30 11:49:21,79,0,3050,2
2026-07-30 11:49:22,82,0,3050,2
2026-07-30 11:49:23,85,0,3050,2
2026-07-30 11:49:24,86,0,3050,2
2026-07-30 11:49:25,86,0,3050,2
2026-07-30 11:49:26,79,0,3050,2
2026-07-30 11:49:27,81,0,3050,2
2026-07-30 11:49:28,83,0,3050,2
2026-07-30 11:49:29,83,0,3050,2
2026-07-30 11:49:30,84,0,3050,2
2026-07-30 11:49:31,80,0,3050,2
2026-07-30 11:49:32,78,0,3050,2
2026-07-30 11:49:33,82,0,3050,2
2026-07-30 11:49:34,81,0,3050,2
2026-07-30 11:49:35,83,0,3050,2
2026-07-30 11:49:36,83,0,3050,2
2026-07-30 11:49:37,80,0,3050,2
2026-07-30 11:49:38,82,0,3050,2
2026-07-30 11:49:39,84,0,3050,2
2026-07-30 11:49:40,82,0,3050,2
2026-07-30 11:49:41,80,0,3050,2
2026-07-30 11:49:42,86,0,3050,2
2026-07-30 11:49:43,78,0,3050,2
2026-07-30 11:49:44,81,0,3050,2
2026-07-30 11:49:45,80,0,3050,2
2026-07-30 11:49:46,83,0,3050,2
2026-07-30 11:49:47,83,0,3050,2
2026-07-30 11:49:48,88,0,3050,2
2026-07-30 11:49:49,79,0,3050,2
2026-07-30 11:49:50,79,0,3050,2
2026-07-30 11:49:51,80,0,3050,2
2026-07-30 11:49:52,84,0,3050,2
2026-07-30 11:49:53,84,0,3050,2
2026-07-30 11:49:54,83,0,3050,2
2026-07-30 11:49:55,81,0,3050,2
2026-07-30 11:49:56,84,0,3050,2
2026-07-30 11:49:57,83,0,3050,2
2026-07-30 11:49:58,80,0,3050,2
2026-07-30 11:49:59,83,0,3050,2
2026-07-30 11:50:00,82,0,3050,2
2026-07-30 11:50:01,84,0,3050,2
2026-07-30 11:50:02,83,0,3050,2
2026-07-30 11:50:03,81,0,3050,2
2026-07-30 11:50:04,84,0,3050,2
2026-07-30 11:50:05,83,0,3050,2
2026-07-30 11:50:06,83,0,3050,2
2026-07-30 11:50:07,85,0,3050,2
2026-07-30 11:50:08,82,0,3050,2
2026-07-30 11:50:09,85,0,3050,2
2026-07-30 11:50:10,84,0,3050,2
2026-07-30 11:50:11,81,0,3050,2
2026-07-30 11:50:12,81,0,3050,2
2026-07-30 11:50:13,84,0,3050,2
2026-07-30 11:50:14,81,0,3050,2
2026-07-30 11:50:15,82,0,3050,2
2026-07-30 11:50:16,80,0,3050,2
2026-07-30 11:50:17,80,0,3050,2
2026-07-30 11:50:18,83,0,3050,2
2026-07-30 11:50:19,82,0,3050,2
2026-07-30 11:50:20,81,0,3050,2
2026-07-30 11:50:21,79,0,3050,2
2026-07-30 11:50:22,79,0,3050,2
2026-07-30 11:50:23,84,3050,3050,2
2026-07-30 11:50:24,87,0,3050,2
2026-07-30 11:50:25,74,0,3050,2
2026-07-30 11:50:26,86,0,3050,2
2026-07-30 11:50:27,88,0,3050,2
2026-07-30 11:50:28,78,0,3050,2
2026-07-30 11:50:29,81,0,3050,2
2026-07-30 11:50:30,81,0,3050,2
2026-07-30 11:50:31,89,0,3050,2
2026-07-30 11:50:32,82,0,3050,2
2026-07-30 11:50:33,83,0,3050,2
2026-07-30 11:50:34,84,0,3050,2
2026-07-30 11:50:35,81,0,3050,2
2026-07-30 11:50:36,84,0,3050,2
2026-07-30 11:50:37,80,0,3050,2
2026-07-30 11:50:38,88,0,3050,2
2026-07-30 11:50:39,80,0,3050,2
2026-07-30 11:50:40,80,0,3050,2
2026-07-30 11:50:41,82,0,3050,2
2026-07-30 11:50:42,83,0,3050,2
2026-07-30 11:50:43,86,0,3050,2
2026-07-30 11:50:44,80,0,3050,2
2026-07-30 11:50:45,81,0,3050,2
2026-07-30 11:50:46,79,0,3050,2
2026-07-30 11:50:47,85,0,3050,2
2026-07-30 11:50:48,84,0,3050,2
2026-07-30 11:50:49,84,0,3050,2
2026-07-30 11:50:50,80,0,3050,2
2026-07-30 11:50:51,81,0,3050,2
2026-07-30 11:50:52,83,0,3050,2
2026-07-30 11:50:53,80,0,3050,2
2026-07-30 11:50:54,82,0,3050,2
2026-07-30 11:50:55,78,0,3050,2
2026-07-30 11:50:56,79,0,3050,2
2026-07-30 11:50:57,85,0,3050,2
2026-07-30 11:50:58,84,0,3050,2
2026-07-30 11:50:59,81,0,3050,2
2026-07-30 11:51:00,85,0,3050,2
2026-07-30 11:51:01,83,3050,3050,2
2026-07-30 11:51:02,85,0,3050,2
2026-07-30 11:51:03,79,0,3050,2
2026-07-30 11:51:04,81,0,3050,2
2026-07-30 11:51:05,82,0,3050,2
2026-07-30 11:51:06,81,0,3050,2
2026-07-30 11:51:07,80,0,3050,2
2026-07-30 11:51:08,82,0,3050,2
2026-07-30 11:51:09,83,0,3050,2
2026-07-30 11:51:10,82,0,3050,2
2026-07-30 11:51:11,79,0,3050,2
2026-07-30 11:51:12,86,0,3050,2
2026-07-30 11:51:13,82,0,3050,2
2026-07-30 11:51:14,80,0,3050,2
2026-07-30 11:51:15,81,0,3050,2
2026-07-30 11:51:16,80,0,3050,2
2026-07-30 11:51:17,83,0,3050,2
2026-07-30 11:51:18,80,0,3050,2
2026-07-30 11:51:19,80,0,3050,2
2026-07-30 11:51:20,83,0,3050,2
2026-07-30 11:51:21,80,0,3050,2
2026-07-30 11:51:22,81,0,3050,2
2026-07-30 11:51:23,81,0,3050,2
2026-07-30 11:51:24,79,0,3050,2
2026-07-30 11:51:25,81,0,3050,2
2026-07-30 11:51:26,83,0,3050,2
2026-07-30 11:51:27,85,0,3050,2
2026-07-30 11:51:28,83,0,3050,2
2026-07-30 11:51:29,81,0,3050,2
2026-07-30 11:51:30,81,0,3050,2
2026-07-30 11:51:31,82,0,3050,2
2026-07-30 11:51:32,78,0,3050,2
2026-07-30 11:51:33,80,0,3050,2
2026-07-30 11:51:34,79,0,3050,2
2026-07-30 11:51:35,82,0,3050,2
2026-07-30 11:51:36,83,0,3050,2
2026-07-30 11:51:37,81,0,3050,2
2026-07-30 11:51:38,80,0,3050,2
2026-07-30 11:51:39,85,0,3050,2
2026-07-30 11:51:40,82,0,3050,2
2026-07-30 11:51:41,87,0,3050,2
2026-07-30 11:51:42,79,0,3050,2
2026-07-30 11:51:43,82,0,3050,2
2026-07-30 11:51:44,85,0,3050,2
2026-07-30 11:51:45,83,0,3050,2
2026-07-30 11:51:46,79,0,3050,2
2026-07-30 11:51:47,84,0,3050,2
2026-07-30 11:51:48,84,0,3050,2
2026-07-30 11:51:49,80,0,3050,2
2026-07-30 11:51:50,81,0,3050,2
2026-07-30 11:51:51,80,0,3050,2
2026-07-30 11:51:52,80,0,3050,2
2026-07-30 11:51:53,81,0,3050,2
2026-07-30 11:51:54,85,0,3050,2
2026-07-30 11:51:55,84,0,3050,2
2026-07-30 11:51:56,77,0,3050,2
2026-07-30 11:51:57,81,0,3050,2
2026-07-30 11:51:58,81,0,3050,2
2026-07-30 11:51:59,81,0,3050,2
2026-07-30 11:52:00,83,0,3050,2
2026-07-30 11:52:01,82,0,3050,2
2026-07-30 11:52:02,81,0,3050,2
2026-07-30 11:52:03,84,0,3050,2
2026-07-30 11:52:04,80,0,3050,2
2026-07-30 11:52:05,79,0,3050,2
2026-07-30 11:52:06,86,0,3050,2
2026-07-30 11:52:07,80,0,3050,2
2026-07-30 11:52:08,81,0,3050,2
2026-07-30 11:52:09,80,0,3050,2
2026-07-30 11:52:10,80,0,3050,2
2026-07-30 11:52:11,85,0,3050,2
2026-07-30 11:52:12,78,0,3050,2
2026-07-30 11:52:13,79,0,3050,2
2026-07-30 11:52:14,82,0,3050,2
2026-07-30 11:52:15,83,0,3050,2
2026-07-30 11:52:16,83,0,3050,2
2026-07-30 11:52:17,82,0,3050,2
2026-07-30 11:52:18,80,0,3050,2
2026-07-30 11:52:19,83,0,3050,2
2026-07-30 11:52:20,80,0,3050,2
2026-07-30 11:52:21,80,0,3050,2
2026-07-30 11:52:22,79,0,3050,2
2026-07-30 11:52:23,80,0,3050,2
2026-07-30 11:52:24,81,0,3050,2
2026-07-30 11:52:25,84,0,3050,2
2026-07-30 11:52:26,80,0,3050,2
2026-07-30 11:52:27,80,0,3050,2
2026-07-30 11:52:28,82,0,3050,2
2026-07-30 11:52:29,78,0,3050,2
2026-07-30 11:52:30,80,0,3050,2
2026-07-30 11:52:31,83,0,3050,2
2026-07-30 11:52:32,81,0,3050,2
2026-07-30 11:52:33,81,0,3050,2
2026-07-30 11:52:34,85,0,3050,2
2026-07-30 11:52:35,84,0,3050,2
2026-07-30 11:52:36,81,0,3050,2
2026-07-30 11:52:37,80,0,3050,2
2026-07-30 11:52:38,80,0,3050,2
2026-07-30 11:52:39,84,0,3050,2
2026-07-30 11:52:40,80,0,3050,2
2026-07-30 11:52:41,82,0,3050,2
2026-07-30 11:52:42,82,0,3050,2
2026-07-30 11:52:43,84,0,3050,2
2026-07-30 11:52:44,81,0,3050,2
2026-07-30 11:52:45,79,0,3050,2
2026-07-30 11:52:46,79,0,3050,2
2026-07-30 11:52:47,82,0,3050,2
2026-07-30 11:52:48,85,0,3050,2
2026-07-30 11:52:49,76,0,3050,2
2026-07-30 11:52:50,83,0,3050,2
2026-07-30 11:52:51,86,0,3050,2
2026-07-30 11:52:52,82,0,3050,2
2026-07-30 11:52:53,83,0,3050,2
2026-07-30 11:52:54,86,0,3050,2
2026-07-30 11:52:55,83,0,3050,2
2026-07-30 11:52:56,84,0,3050,2
2026-07-30 11:52:57,83,0,3050,2
2026-07-30 11:52:58,82,0,3050,2
2026-07-30 11:52:59,81,0,3050,2
2026-07-30 11:53:00,82,0,3050,2
2026-07-30 11:53:01,84,0,3050,2
2026-07-30 11:53:02,79,0,3050,2
2026-07-30 11:53:03,79,0,3050,2
2026-07-30 11:53:04,80,0,3050,2
2026-07-30 11:53:05,81,0,3050,2
2026-07-30 11:53:06,81,0,3050,2
2026-07-30 11:53:07,80,0,3050,2
2026-07-30 11:53:08,86,0,3050,2
2026-07-30 11:53:09,86,0,3050,2
2026-07-30 11:53:10,85,0,3050,2
2026-07-30 11:53:11,82,0,3050,2
2026-07-30 11:53:12,82,0,3050,2
2026-07-30 11:53:13,83,0,3050,2
2026-07-30 11:53:14,85,0,3050,2
2026-07-30 11:53:15,82,0,3050,2
2026-07-30 11:53:16,80,0,3050,2
2026-07-30 11:53:17,82,0,3050,2
2026-07-30 11:53:18,76,0,3050,2
2026-07-30 11:53:19,79,0,3050,2
2026-07-30 11:53:20,81,0,3050,2
2026-07-30 11:53:21,82,0,3050,2
2026-07-30 11:53:22,79,0,3050,2
2026-07-30 11:53:23,82,0,3050,2
2026-07-30 11:53:24,83,0,3050,2
2026-07-30 11:53:25,84,0,3050,2
2026-07-30 11:53:26,77,0,3050,2
2026-07-30 11:53:27,83,0,3050,2
2026-07-30 11:53:28,86,0,3050,2
2026-07-30 11:53:29,81,0,3050,2
2026-07-30 11:53:30,86,0,3050,2
2026-07-30 11:53:31,84,0,3050,2
2026-07-30 11:53:32,82,0,3050,2
2026-07-30 11:53:33,80,0,3050,2
2026-07-30 11:53:34,77,0,3050,2
2026-07-30 11:53:35,86,0,3050,2
2026-07-30 11:53:36,83,0,3050,2
2026-07-30 11:53:37,76,3050,3050,2
2026-07-30 11:53:38,83,0,3050,2
2026-07-30 11:53:39,81,0,3050,2
2026-07-30 11:53:40,82,0,3050,2
2026-07-30 11:53:41,81,0,3050,2
2026-07-30 11:53:42,81,0,3050,2
2026-07-30 11:53:43,83,0,3050,2
2026-07-30 11:53:44,84,0,3050,2
2026-07-30 11:53:45,80,0,3050,2
2026-07-30 11:53:46,80,0,3050,2
2026-07-30 11:53:47,79,0,3050,2
2026-07-30 11:53:48,84,0,3050,2
2026-07-30 11:53:49,82,0,3050,2
2026-07-30 11:53:50,82,0,3050,2
2026-07-30 11:53:51,81,0,3050,2
2026-07-30 11:53:52,81,0,3050,2
2026-07-30 11:53:53,81,0,3050,2
2026-07-30 11:53:54,82,0,3050,2
2026-07-30 11:53:55,77,0,3050,2
2026-07-30 11:53:56,79,0,3050,2
2026-07-30 11:53:57,79,0,3050,2
2026-07-30 11:53:58,78,0,3050,2
2026-07-30 11:53:59,78,0,3050,2
2026-07-30 11:54:00,81,0,3050,2
2026-07-30 11:54:01,86,0,3050,2
2026-07-30 11:54:02,84,0,3050,2
2026-07-30 11:54:03,81,0,3050,2
2026-07-30 11:54:04,81,0,3050,2
2026-07-30 11:54:05,78,0,3050,2
2026-07-30 11:54:06,80,0,3050,2
2026-07-30 11:54:07,79,0,3050,2
2026-07-30 11:54:11,82,0,3050,2
2026-07-30 11:54:11,79,0,3050,2
2026-07-30 11:54:11,83,0,3050,2
2026-07-30 11:54:11,80,0,3050,2
2026-07-30 11:54:12,89,0,3050,2
2026-07-30 11:54:13,79,0,3050,2
2026-07-30 11:54:14,83,0,3050,2
2026-07-30 11:54:15,86,0,3050,2
2026-07-30 11:54:16,78,0,3050,2
2026-07-30 11:54:17,82,0,3050,2
2026-07-30 11:54:18,80,0,3050,2
2026-07-30 11:54:19,83,0,3050,2
2026-07-30 11:54:20,83,0,3050,2
2026-07-30 11:54:21,81,0,3050,2
2026-07-30 11:54:22,81,0,3050,2
2026-07-30 11:54:23,79,0,3050,2
2026-07-30 11:54:24,81,0,3050,2
2026-07-30 11:54:25,84,0,3050,2
2026-07-30 11:54:26,84,0,3050,2
2026-07-30 11:54:27,85,0,3050,2
2026-07-30 11:54:28,77,0,3050,2
2026-07-30 11:54:29,76,0,3050,2
2026-07-30 11:54:30,82,0,3050,2
2026-07-30 11:54:31,82,0,3050,2
2026-07-30 11:54:32,77,0,3050,2
2026-07-30 11:54:33,80,0,3050,2
2026-07-30 11:54:34,78,0,3050,2
2026-07-30 11:54:35,86,0,3050,2
2026-07-30 11:54:36,84,0,3050,2
2026-07-30 11:54:37,83,0,3050,2
2026-07-30 11:54:38,85,0,3050,2
2026-07-30 11:54:39,84,0,3050,2
2026-07-30 11:54:40,82,0,3050,2
2026-07-30 11:54:41,82,0,3050,2
2026-07-30 11:54:42,83,0,3050,2
2026-07-30 11:54:43,80,0,3050,2
2026-07-30 11:54:44,79,0,3050,2
2026-07-30 11:54:45,81,0,3050,2
2026-07-30 11:54:46,78,0,3050,2
2026-07-30 11:54:47,80,0,3050,2
2026-07-30 11:54:48,79,0,3050,2
2026-07-30 11:54:49,77,0,3050,2
2026-07-30 11:54:50,84,0,3050,2
2026-07-30 11:54:51,76,0,3050,2
2026-07-30 11:54:52,79,0,3050,2
2026-07-30 11:54:53,83,0,3050,2
2026-07-30 11:54:54,82,0,3050,2
2026-07-30 11:54:55,79,0,3050,2
2026-07-30 11:54:56,83,0,3050,2
2026-07-30 11:54:57,85,0,3050,2
2026-07-30 11:54:58,78,0,3050,2
2026-07-30 11:54:59,86,0,3050,2
2026-07-30 11:55:00,86,0,3050,2
2026-07-30 11:55:01,89,0,3050,2
2026-07-30 11:55:02,83,0,3050,2
2026-07-30 11:55:03,82,0,3050,2
2026-07-30 11:55:04,81,0,3050,2
2026-07-30 11:55:05,81,0,3050,2
2026-07-30 11:55:06,82,0,3050,2
2026-07-30 11:55:07,82,0,3050,2
2026-07-30 11:55:08,84,0,3050,2
2026-07-30 11:55:09,82,0,3050,2
2026-07-30 11:55:10,83,0,3050,2
2026-07-30 11:55:11,81,0,3050,2
2026-07-30 11:55:12,83,0,3050,2
2026-07-30 11:55:13,82,0,3050,2
2026-07-30 11:55:14,85,0,3050,2
2026-07-30 11:55:15,83,0,3050,2
2026-07-30 11:55:16,83,0,3050,2
2026-07-30 11:55:17,83,0,3050,2
2026-07-30 11:55:18,81,0,3050,2
2026-07-30 11:55:19,83,0,3050,2
2026-07-30 11:55:20,79,0,3050,2
2026-07-30 11:55:21,82,0,3050,2
2026-07-30 11:55:22,83,0,3050,2
2026-07-30 11:55:23,82,0,3050,2
2026-07-30 11:55:24,80,0,3050,2
2026-07-30 11:55:25,82,0,3050,2
2026-07-30 11:55:26,79,0,3050,2
2026-07-30 11:55:27,79,0,3050,2
2026-07-30 11:55:28,78,0,3050,2
2026-07-30 11:55:29,83,0,3050,2
2026-07-30 11:55:30,80,0,3050,2
2026-07-30 11:55:31,79,0,3050,2
2026-07-30 11:55:32,81,0,3050,2
2026-07-30 11:55:33,81,0,3050,2
2026-07-30 11:55:34,80,0,3050,2
2026-07-30 11:55:35,87,0,3050,2
2026-07-30 11:55:36,80,0,3050,2
2026-07-30 11:55:37,82,0,3050,2
2026-07-30 11:55:38,82,0,3050,2
2026-07-30 11:55:39,82,0,3050,2
2026-07-30 11:55:40,83,0,3050,2
2026-07-30 11:55:41,81,0,3050,2
2026-07-30 11:55:42,85,0,3050,2
2026-07-30 11:55:43,80,0,3050,2
2026-07-30 11:55:44,78,0,3050,2
2026-07-30 11:55:45,84,0,3050,2
2026-07-30 11:55:46,84,0,3050,2
2026-07-30 11:55:47,83,0,3050,2
2026-07-30 11:55:48,78,0,3050,2
2026-07-30 11:55:49,79,0,3050,2
2026-07-30 11:55:50,80,0,3050,2
2026-07-30 11:55:51,85,0,3050,2
2026-07-30 11:55:52,80,0,3050,2
2026-07-30 11:55:53,81,0,3050,2
2026-07-30 11:55:54,82,0,3050,2
2026-07-30 11:55:55,85,0,3050,2
2026-07-30 11:55:56,84,0,3050,2
2026-07-30 11:55:57,84,0,3050,2
2026-07-30 11:55:58,81,0,3050,2
2026-07-30 11:55:59,83,0,3050,2
2026-07-30 11:56:00,79,0,3050,2
2026-07-30 11:56:01,80,0,3050,2
2026-07-30 11:56:02,81,0,3050,2
2026-07-30 11:56:03,79,0,3050,2
2026-07-30 11:56:04,83,0,3050,2
2026-07-30 11:56:05,81,0,3050,2
2026-07-30 11:56:06,79,0,3050,2
2026-07-30 11:56:07,81,3050,3050,2
2026-07-30 11:56:08,81,0,3050,2
2026-07-30 11:56:09,82,0,3050,2
2026-07-30 11:56:10,78,0,3050,2
2026-07-30 11:56:11,79,0,3050,2
2026-07-30 11:56:12,83,0,3050,2
2026-07-30 11:56:13,83,0,3050,2
2026-07-30 11:56:14,79,0,3050,2
2026-07-30 11:56:15,80,0,3050,2
2026-07-30 11:56:16,77,0,3050,2
2026-07-30 11:56:17,79,0,3050,2
2026-07-30 11:56:18,79,0,3050,2
2026-07-30 11:56:19,83,0,3050,2
2026-07-30 11:56:20,80,0,3050,2
2026-07-30 11:56:21,83,0,3050,2
2026-07-30 11:56:22,74,0,3050,2
2026-07-30 11:56:23,80,0,3050,2
2026-07-30 11:56:24,83,0,3050,2
2026-07-30 11:56:25,81,0,3050,2
2026-07-30 11:56:26,83,0,3050,2
2026-07-30 11:56:27,83,0,3050,2
2026-07-30 11:56:28,87,0,3050,2
2026-07-30 11:56:29,87,0,3050,2
2026-07-30 11:56:30,84,0,3050,2
2026-07-30 11:56:31,85,0,3050,2
2026-07-30 11:56:32,80,0,3050,2
2026-07-30 11:56:33,81,0,3050,2
2026-07-30 11:56:34,82,0,3050,2
2026-07-30 11:56:35,84,0,3050,2
2026-07-30 11:56:36,81,0,3050,2
2026-07-30 11:56:37,82,0,3050,2
2026-07-30 11:56:38,82,0,3050,2
2026-07-30 11:56:39,82,0,3050,2
2026-07-30 11:56:40,82,0,3050,2
2026-07-30 11:56:41,83,0,3050,2
2026-07-30 11:56:42,81,0,3050,2
2026-07-30 11:56:43,82,0,3050,2
2026-07-30 11:56:44,83,0,3050,2
2026-07-30 11:56:45,78,0,3050,2
2026-07-30 11:56:46,79,0,3050,2
2026-07-30 11:56:47,85,0,3050,2
2026-07-30 11:56:48,80,0,3050,2
2026-07-30 11:56:49,81,0,3050,2
2026-07-30 11:56:50,82,0,3050,2
2026-07-30 11:56:51,83,0,3050,2
2026-07-30 11:56:52,84,0,3050,2
2026-07-30 11:56:53,79,0,3050,2
2026-07-30 11:56:54,79,0,3050,2
2026-07-30 11:56:55,82,0,3050,2
2026-07-30 11:56:56,80,0,3050,2
2026-07-30 11:56:57,79,0,3050,2
2026-07-30 11:56:58,81,0,3050,2
2026-07-30 11:56:59,83,0,3050,2
2026-07-30 11:57:00,83,0,3050,2
2026-07-30 11:57:01,79,0,3050,2
2026-07-30 11:57:02,83,0,3050,2
2026-07-30 11:57:03,82,0,3050,2
2026-07-30 11:57:04,84,0,3050,2
2026-07-30 11:57:05,84,0,3050,2
2026-07-30 11:57:06,80,0,3050,2
2026-07-30 11:57:07,80,0,3050,2
2026-07-30 11:57:08,81,0,3050,2
2026-07-30 11:57:09,82,0,3050,2
2026-07-30 11:57:10,82,0,3050,2
2026-07-30 11:57:11,80,0,3050,2
2026-07-30 11:57:12,79,0,3050,2
2026-07-30 11:57:13,84,0,3050,2
2026-07-30 11:57:14,83,0,3050,2
2026-07-30 11:57:15,82,0,3050,2
2026-07-30 11:57:16,87,0,3050,2
2026-07-30 11:57:17,78,0,3050,2
2026-07-30 11:57:18,83,0,3050,2
2026-07-30 11:57:19,83,0,3050,2
2026-07-30 11:57:20,85,0,3050,2
2026-07-30 11:57:21,83,0,3050,2
2026-07-30 11:57:22,81,0,3050,2
2026-07-30 11:57:23,81,0,3050,2
2026-07-30 11:57:24,81,0,3050,2
2026-07-30 11:57:25,79,0,3050,2
2026-07-30 11:57:26,81,0,3050,2
2026-07-30 11:57:27,81,0,3050,2
2026-07-30 11:57:28,82,0,3050,2
2026-07-30 11:57:29,83,0,3050,2
2026-07-30 11:57:30,79,0,3050,2
2026-07-30 11:57:31,85,0,3050,2
2026-07-30 11:57:32,80,0,3050,2
2026-07-30 11:57:33,84,0,3050,2
2026-07-30 11:57:34,78,0,3050,2
2026-07-30 11:57:35,82,0,3050,2
2026-07-30 11:57:36,83,0,3050,2
2026-07-30 11:57:37,82,0,3050,2
2026-07-30 11:57:38,83,0,3050,2
2026-07-30 11:57:39,81,0,3050,2
2026-07-30 11:57:40,81,0,3050,2
2026-07-30 11:57:41,84,0,3050,2
2026-07-30 11:57:42,81,0,3050,2
2026-07-30 11:57:43,80,0,3050,2
2026-07-30 11:57:44,84,0,3050,2
2026-07-30 11:57:45,83,0,3050,2
2026-07-30 11:57:46,83,0,3050,2
2026-07-30 11:57:47,79,0,3050,2
2026-07-30 11:57:48,84,0,3050,2
2026-07-30 11:57:49,78,0,3050,2
2026-07-30 11:57:50,83,0,3050,2
2026-07-30 11:57:51,82,0,3050,2
2026-07-30 11:57:52,82,0,3050,2
2026-07-30 11:57:53,78,0,3050,2
2026-07-30 11:57:54,81,0,3050,2
2026-07-30 11:57:55,86,0,3050,2
2026-07-30 11:57:56,81,0,3050,2
2026-07-30 11:57:57,86,0,3050,2
2026-07-30 11:57:58,80,0,3050,2
2026-07-30 11:57:59,83,0,3050,2
2026-07-30 11:58:00,84,0,3050,2
2026-07-30 11:58:01,77,0,3050,2
2026-07-30 11:58:02,80,0,3050,2
2026-07-30 11:58:03,79,0,3050,2
2026-07-30 11:58:04,84,0,3050,2
2026-07-30 11:58:05,84,0,3050,2
2026-07-30 11:58:06,77,0,3050,2
2026-07-30 11:58:07,83,0,3050,2
2026-07-30 11:58:08,83,0,3050,2
2026-07-30 11:58:10,81,0,3050,2
2026-07-30 11:58:10,79,0,3050,2
2026-07-30 11:58:11,81,0,3050,2
2026-07-30 11:58:12,81,0,3050,2
2026-07-30 11:58:13,80,0,3050,2
2026-07-30 11:58:14,80,0,3050,2
2026-07-30 11:58:15,83,0,3050,2
2026-07-30 11:58:16,80,0,3050,2
2026-07-30 11:58:17,81,0,3050,2
2026-07-30 11:58:18,79,0,3050,2
2026-07-30 11:58:19,81,0,3050,2
2026-07-30 11:58:20,82,0,3050,2
2026-07-30 11:58:21,80,0,3050,2
2026-07-30 11:58:22,82,0,3050,2
2026-07-30 11:58:23,78,0,3050,2
2026-07-30 11:58:24,79,0,3050,2
2026-07-30 11:58:25,87,0,3050,2
2026-07-30 11:58:26,80,0,3050,2
2026-07-30 11:58:27,80,0,3050,2
2026-07-30 11:58:28,85,0,3050,2
2026-07-30 11:58:29,80,0,3050,2
2026-07-30 11:58:30,80,0,3050,2
2026-07-30 11:58:31,81,0,3050,2
2026-07-30 11:58:32,87,0,3050,2
2026-07-30 11:58:33,78,0,3050,2
2026-07-30 11:58:34,80,0,3050,2
2026-07-30 11:58:35,80,0,3050,2
2026-07-30 11:58:36,79,0,3050,2
2026-07-30 11:58:37,80,0,3050,2
2026-07-30 11:58:38,81,0,3050,2
2026-07-30 11:58:39,84,0,3050,2
2026-07-30 11:58:40,80,0,3050,2
2026-07-30 11:58:41,79,0,3050,2
2026-07-30 11:58:42,83,0,3050,2
2026-07-30 11:58:43,77,0,3050,2
2026-07-30 11:58:44,79,0,3050,2
2026-07-30 11:58:45,84,0,3050,2
2026-07-30 11:58:46,83,0,3050,2
2026-07-30 11:58:47,80,0,3050,2
2026-07-30 11:58:48,81,0,3050,2
2026-07-30 11:58:49,81,0,3050,2
2026-07-30 11:58:50,80,0,3050,2
2026-07-30 11:58:51,81,0,3050,2
2026-07-30 11:58:52,84,0,3050,2
2026-07-30 11:58:53,79,0,3050,2
2026-07-30 11:58:54,81,0,3050,2
2026-07-30 11:58:55,83,0,3050,2
2026-07-30 11:58:56,84,0,3050,2
2026-07-30 11:58:57,78,0,3050,2
2026-07-30 11:58:58,83,0,3050,2
2026-07-30 11:58:59,85,0,3050,2
2026-07-30 11:59:00,77,0,3050,2
2026-07-30 11:59:01,81,0,3050,2
2026-07-30 11:59:02,77,0,3050,2
2026-07-30 11:59:03,80,0,3050,2
2026-07-30 11:59:04,80,0,3050,2
2026-07-30 11:59:05,81,0,3050,2
2026-07-30 11:59:06,79,0,3050,2
2026-07-30 11:59:07,85,0,3050,2
2026-07-30 11:59:08,84,0,3050,2
2026-07-30 11:59:09,80,0,3050,2
2026-07-30 11:59:10,79,0,3050,2
2026-07-30 11:59:11,80,0,3050,2
2026-07-30 11:59:12,77,0,3050,2
2026-07-30 11:59:13,79,0,3050,2
2026-07-30 11:59:14,80,0,3050,2
2026-07-30 11:59:15,76,0,3050,2
2026-07-30 11:59:16,86,0,3050,2
2026-07-30 11:59:17,85,0,3050,2
2026-07-30 11:59:18,80,0,3050,2
2026-07-30 11:59:19,81,0,3050,2
2026-07-30 11:59:20,84,0,3050,2
2026-07-30 11:59:21,81,0,3050,2
2026-07-30 11:59:22,79,0,3050,2
2026-07-30 11:59:23,77,0,3050,2
2026-07-30 11:59:24,85,0,3050,2
2026-07-30 11:59:25,81,0,3050,2
2026-07-30 11:59:26,82,0,3050,2
2026-07-30 11:59:27,85,0,3050,2
2026-07-30 11:59:28,78,0,3050,2
2026-07-30 11:59:29,82,0,3050,2
2026-07-30 11:59:30,82,0,3050,2
2026-07-30 11:59:31,80,0,3050,2
2026-07-30 11:59:32,84,0,3050,2
2026-07-30 11:59:33,81,0,3050,2
2026-07-30 11:59:34,77,0,3050,2
2026-07-30 11:59:35,84,0,3050,2
2026-07-30 11:59:36,81,0,3050,2
2026-07-30 11:59:37,81,0,3050,2
2026-07-30 11:59:38,82,0,3050,2
2026-07-30 11:59:39,86,0,3050,2
2026-07-30 11:59:40,80,0,3050,2
2026-07-30 11:59:41,81,0,3050,2
2026-07-30 11:59:42,84,0,3050,2
2026-07-30 11:59:43,79,0,3050,2
2026-07-30 11:59:44,82,0,3050,2
2026-07-30 11:59:45,79,0,3050,2
2026-07-30 11:59:46,82,0,3050,2
2026-07-30 11:59:47,84,0,3050,2
2026-07-30 11:59:48,82,0,3050,2
2026-07-30 11:59:49,82,0,3050,2
2026-07-30 11:59:50,83,0,3050,2
2026-07-30 11:59:51,81,0,3050,2
2026-07-30 11:59:52,79,0,3050,2
2026-07-30 11:59:53,82,0,3050,2
2026-07-30 11:59:54,75,0,3050,2
2026-07-30 11:59:55,85,0,3050,2
2026-07-30 11:59:56,78,0,3050,2
2026-07-30 11:59:57,80,0,3050,2
2026-07-30 11:59:58,78,0,3050,2
2026-07-30 11:59:59,83,0,3050,2
2026-07-30 12:00:00,81,0,3050,2
2026-07-30 12:00:01,80,0,3050,2
2026-07-30 12:00:02,83,0,3050,2
2026-07-30 12:00:03,81,0,3050,2
2026-07-30 12:00:04,78,0,3050,2
2026-07-30 12:00:05,81,0,3050,2
2026-07-30 12:00:06,83,0,3050,2
2026-07-30 12:00:07,85,0,3050,2
2026-07-30 12:00:08,83,0,3050,2
2026-07-30 12:00:09,83,0,3050,2
2026-07-30 12:00:10,76,0,3050,2
2026-07-30 12:00:11,83,0,3050,2
2026-07-30 12:00:12,79,0,3050,2
2026-07-30 12:00:13,79,0,3050,2
2026-07-30 12:00:14,78,0,3050,2
2026-07-30 12:00:15,81,0,3050,2
2026-07-30 12:00:16,82,0,3050,2
2026-07-30 12:00:17,84,0,3050,2
2026-07-30 12:00:18,84,0,3050,2
2026-07-30 12:00:19,84,0,3050,2
2026-07-30 12:00:20,88,0,3050,2
2026-07-30 12:00:21,86,0,3050,2
2026-07-30 12:00:22,84,0,3050,2
2026-07-30 12:00:23,77,0,3050,2
2026-07-30 12:00:24,79,0,3050,2
2026-07-30 12:00:25,78,0,3050,2
2026-07-30 12:00:26,80,0,3050,2
2026-07-30 12:00:27,81,0,3050,2
2026-07-30 12:00:28,84,0,3050,2
2026-07-30 12:00:29,78,0,3050,2
2026-07-30 12:00:30,77,0,3050,2
2026-07-30 12:00:31,77,3050,3050,2
2026-07-30 12:00:32,79,0,3050,2
2026-07-30 12:00:33,77,0,3050,2
2026-07-30 12:00:34,84,0,3050,2
2026-07-30 12:00:35,79,0,3050,2
2026-07-30 12:00:36,83,0,3050,2
2026-07-30 12:00:37,82,0,3050,2
2026-07-30 12:00:38,82,0,3050,2
2026-07-30 12:00:39,82,0,3050,2
2026-07-30 12:00:40,82,0,3050,2
2026-07-30 12:00:41,81,0,3050,2
2026-07-30 12:00:42,83,0,3050,2
2026-07-30 12:00:43,83,0,3050,2
2026-07-30 12:00:44,85,0,3050,2
2026-07-30 12:00:45,81,0,3050,2
2026-07-30 12:00:46,80,0,3050,2
2026-07-30 12:00:47,82,0,3050,2
2026-07-30 12:00:48,78,0,3050,2
2026-07-30 12:00:49,79,0,3050,2
2026-07-30 12:00:50,82,0,3050,2
2026-07-30 12:00:51,83,0,3050,2
2026-07-30 12:00:52,78,0,3050,2
2026-07-30 12:00:53,79,0,3050,2
2026-07-30 12:00:54,80,0,3050,2
2026-07-30 12:00:55,81,0,3050,2
2026-07-30 12:00:56,81,0,3050,2
2026-07-30 12:00:57,79,0,3050,2
2026-07-30 12:00:58,85,0,3050,2
2026-07-30 12:00:59,86,0,3050,2
2026-07-30 12:01:00,83,0,3050,2
2026-07-30 12:01:01,81,0,3050,2
2026-07-30 12:01:02,82,0,3050,2
2026-07-30 12:01:03,82,0,3050,2
2026-07-30 12:01:04,83,0,3050,2
2026-07-30 12:01:05,84,0,3050,2
2026-07-30 12:01:06,82,0,3050,2
2026-07-30 12:01:07,80,0,3050,2
2026-07-30 12:01:08,79,0,3050,2
2026-07-30 12:01:09,83,0,3050,2
2026-07-30 12:01:10,80,0,3050,2
2026-07-30 12:01:11,83,0,3050,2
2026-07-30 12:01:12,82,0,3050,2
2026-07-30 12:01:13,79,0,3050,2
2026-07-30 12:01:14,85,0,3050,2
2026-07-30 12:01:15,81,0,3050,2
2026-07-30 12:01:16,84,0,3050,2
2026-07-30 12:01:17,85,0,3050,2
2026-07-30 12:01:18,84,0,3050,2
2026-07-30 12:01:19,78,0,3050,2
2026-07-30 12:01:20,84,0,3050,2
2026-07-30 12:01:21,85,0,3050,2
2026-07-30 12:01:22,77,0,3050,2
2026-07-30 12:01:23,79,0,3050,2
2026-07-30 12:01:24,80,0,3050,2
2026-07-30 12:01:25,80,0,3050,2
2026-07-30 12:01:26,82,0,3050,2
2026-07-30 12:01:27,83,0,3050,2
2026-07-30 12:01:28,83,0,3050,2
2026-07-30 12:01:29,84,0,3050,2
2026-07-30 12:01:30,84,0,3050,2
2026-07-30 12:01:31,78,0,3050,2
2026-07-30 12:01:32,85,0,3050,2
2026-07-30 12:01:33,78,0,3050,2
2026-07-30 12:01:34,78,0,3050,2
2026-07-30 12:01:35,85,0,3050,2
2026-07-30 12:01:36,80,0,3050,2
2026-07-30 12:01:37,82,0,3050,2
2026-07-30 12:01:38,83,0,3050,2
2026-07-30 12:01:39,81,0,3050,2
2026-07-30 12:01:40,86,0,3050,2
2026-07-30 12:01:41,77,0,3050,2
2026-07-30 12:01:42,82,0,3050,2
2026-07-30 12:01:43,80,0,3050,2
2026-07-30 12:01:44,83,0,3050,2
2026-07-30 12:01:45,79,0,3050,2
2026-07-30 12:01:46,81,0,3050,2
2026-07-30 12:01:47,80,0,3050,2
2026-07-30 12:01:48,81,0,3050,2
2026-07-30 12:01:49,81,0,3050,2
2026-07-30 12:01:50,79,0,3050,2
2026-07-30 12:01:51,80,0,3050,2
2026-07-30 12:01:52,80,0,3050,2
2026-07-30 12:01:53,79,0,3050,2
2026-07-30 12:01:54,82,0,3050,2
2026-07-30 12:01:55,82,0,3050,2
2026-07-30 12:01:56,83,0,3050,2
2026-07-30 12:01:57,82,0,3050,2
2026-07-30 12:01:58,81,0,3050,2
2026-07-30 12:01:59,82,0,3050,2
2026-07-30 12:02:00,82,0,3050,2
2026-07-30 12:02:01,81,0,3050,2
2026-07-30 12:02:02,80,0,3050,2
2026-07-30 12:02:03,85,0,3050,2
2026-07-30 12:02:04,87,0,3050,2
2026-07-30 12:02:05,80,0,3050,2
2026-07-30 12:02:06,79,0,3050,2
2026-07-30 12:02:07,85,0,3050,2
2026-07-30 12:02:08,84,0,3050,2
2026-07-30 12:02:09,77,0,3050,2
2026-07-30 12:02:10,78,0,3050,2
2026-07-30 12:02:11,83,0,3050,2
2026-07-30 12:02:12,84,0,3050,2
2026-07-30 12:02:13,82,0,3050,2
2026-07-30 12:02:14,83,0,3050,2
2026-07-30 12:02:15,81,0,3050,2
2026-07-30 12:02:16,79,0,3050,2
2026-07-30 12:02:17,79,0,3050,2
2026-07-30 12:02:18,80,0,3050,2
2026-07-30 12:02:19,82,0,3050,2
2026-07-30 12:02:20,83,0,3050,2
2026-07-30 12:02:21,82,0,3050,2
2026-07-30 12:02:22,83,0,3050,2
2026-07-30 12:02:23,86,0,3050,2
2026-07-30 12:02:24,80,0,3050,2
2026-07-30 12:02:25,82,0,3050,2
2026-07-30 12:02:26,85,0,3050,2
2026-07-30 12:02:27,82,0,3050,2
2026-07-30 12:02:28,80,0,3050,2
2026-07-30 12:02:29,78,0,3050,2
2026-07-30 12:02:30,81,0,3050,2
2026-07-30 12:02:31,81,0,3050,2
2026-07-30 12:02:32,82,0,3050,2
2026-07-30 12:02:33,80,0,3050,2
2026-07-30 12:02:34,81,0,3050,2
2026-07-30 12:02:35,83,0,3050,2
2026-07-30 12:02:36,76,0,3050,2
2026-07-30 12:02:37,76,0,3050,2
2026-07-30 12:02:38,82,0,3050,2
2026-07-30 12:02:39,79,0,3050,2
2026-07-30 12:02:40,79,0,3050,2
2026-07-30 12:02:41,82,0,3050,2
2026-07-30 12:02:42,80,0,3050,2
2026-07-30 12:02:43,81,0,3050,2
2026-07-30 12:02:44,82,0,3050,2
2026-07-30 12:02:45,83,0,3050,2
2026-07-30 12:02:47,79,0,3050,2
2026-07-30 12:02:47,77,0,3050,2
2026-07-30 12:02:48,83,0,3050,2
2026-07-30 12:02:50,81,0,3050,2
2026-07-30 12:02:51,83,0,3050,2
2026-07-30 12:02:52,82,0,3050,2
2026-07-30 12:02:52,82,0,3050,2
2026-07-30 12:02:53,81,0,3050,2
2026-07-30 12:02:54,82,0,3050,2
2026-07-30 12:02:55,85,0,3050,2
2026-07-30 12:02:56,77,0,3050,2
2026-07-30 12:02:57,82,0,3050,2
2026-07-30 12:02:58,78,0,3050,2
2026-07-30 12:02:59,85,0,3050,2
2026-07-30 12:03:00,82,0,3050,2
2026-07-30 12:03:01,84,0,3050,2
2026-07-30 12:03:02,80,0,3050,2
2026-07-30 12:03:03,83,0,3050,2
2026-07-30 12:03:04,85,0,3050,2
2026-07-30 12:03:05,78,0,3050,2
2026-07-30 12:03:06,79,0,3050,2
2026-07-30 12:03:07,82,0,3050,2
2026-07-30 12:03:08,80,0,3050,2
2026-07-30 12:03:09,80,0,3050,2
2026-07-30 12:03:10,80,0,3050,2
2026-07-30 12:03:11,77,0,3050,2
2026-07-30 12:03:12,80,0,3050,2
2026-07-30 12:03:13,84,0,3050,2
2026-07-30 12:03:14,85,0,3050,2
2026-07-30 12:03:15,82,0,3050,2
2026-07-30 12:03:16,83,0,3050,2
2026-07-30 12:03:17,82,0,3050,2
2026-07-30 12:03:18,81,0,3050,2
2026-07-30 12:03:19,78,0,3050,2
2026-07-30 12:03:20,83,0,3050,2
2026-07-30 12:03:21,81,0,3050,2
2026-07-30 12:03:22,82,0,3050,2
2026-07-30 12:03:23,83,0,3050,2
2026-07-30 12:03:24,83,0,3050,2
2026-07-30 12:03:25,82,0,3050,2
2026-07-30 12:03:26,84,0,3050,2
2026-07-30 12:03:27,81,0,3050,2
2026-07-30 12:03:28,80,0,3050,2
2026-07-30 12:03:29,80,0,3050,2
2026-07-30 12:03:30,84,0,3050,2
2026-07-30 12:03:31,86,0,3050,2
2026-07-30 12:03:32,81,0,3050,2
2026-07-30 12:03:33,76,0,3050,2
2026-07-30 12:03:34,81,0,3050,2
2026-07-30 12:03:35,83,0,3050,2
2026-07-30 12:03:36,79,0,3050,2
2026-07-30 12:03:37,84,0,3050,2
2026-07-30 12:03:38,84,0,3050,2
2026-07-30 12:03:39,84,0,3050,2
2026-07-30 12:03:40,80,0,3050,2
2026-07-30 12:03:41,82,0,3050,2
2026-07-30 12:03:42,83,0,3050,2
2026-07-30 12:03:43,78,0,3050,2
2026-07-30 12:03:44,82,0,3050,2
2026-07-30 12:03:45,82,0,3050,2
2026-07-30 12:03:46,81,0,3050,2
2026-07-30 12:03:47,84,0,3050,2
2026-07-30 12:03:48,81,0,3050,2
2026-07-30 12:03:49,83,0,3050,2
2026-07-30 12:03:50,86,0,3050,2
2026-07-30 12:03:51,79,0,3050,2
2026-07-30 12:03:52,78,0,3050,2
2026-07-30 12:03:53,81,0,3050,2
2026-07-30 12:03:54,83,0,3050,2
2026-07-30 12:03:55,80,0,3050,2
2026-07-30 12:03:56,78,0,3050,2
2026-07-30 12:03:57,83,0,3050,2
2026-07-30 12:03:58,82,0,3050,2
2026-07-30 12:03:59,82,0,3050,2
2026-07-30 12:04:00,84,0,3050,2
2026-07-30 12:04:01,82,0,3050,2
2026-07-30 12:04:02,85,0,3050,2
2026-07-30 12:04:03,84,0,3050,2
2026-07-30 12:04:04,81,0,3050,2
2026-07-30 12:04:05,77,0,3050,2
2026-07-30 12:04:06,85,0,3050,2
2026-07-30 12:04:07,83,0,3050,2
2026-07-30 12:04:08,77,0,3050,2
2026-07-30 12:04:09,81,0,3050,2
2026-07-30 12:04:10,82,0,3050,2
2026-07-30 12:04:11,81,0,3050,2
2026-07-30 12:04:12,80,0,3050,2
2026-07-30 12:04:13,84,0,3050,2
2026-07-30 12:04:14,79,0,3050,2
2026-07-30 12:04:15,82,0,3050,2
2026-07-30 12:04:16,80,0,3050,2
2026-07-30 12:04:17,80,0,3050,2
2026-07-30 12:04:18,77,0,3050,2
2026-07-30 12:04:19,84,0,3050,2
2026-07-30 12:04:20,85,0,3050,2
2026-07-30 12:04:21,78,0,3050,2
2026-07-30 12:04:22,80,0,3050,2
2026-07-30 12:04:23,83,0,3050,2
2026-07-30 12:04:24,81,0,3050,2
2026-07-30 12:04:25,83,0,3050,2
2026-07-30 12:04:26,83,0,3050,2
2026-07-30 12:04:27,81,0,3050,2
2026-07-30 12:04:28,80,0,3050,2
2026-07-30 12:04:29,78,0,3050,2
2026-07-30 12:04:30,82,0,3050,2
2026-07-30 12:04:31,79,0,3050,2
2026-07-30 12:04:32,79,0,3050,2
2026-07-30 12:04:33,85,0,3050,2
2026-07-30 12:04:34,84,0,3050,2
2026-07-30 12:04:35,84,0,3050,2
2026-07-30 12:04:36,79,0,3050,2
2026-07-30 12:04:37,80,0,3050,2
2026-07-30 12:04:38,83,0,3050,2
2026-07-30 12:04:39,80,0,3050,2
2026-07-30 12:04:40,77,0,3050,2
2026-07-30 12:04:41,79,0,3050,2
2026-07-30 12:04:42,78,0,3050,2
2026-07-30 12:04:43,79,0,3050,2
2026-07-30 12:04:44,81,0,3050,2
2026-07-30 12:04:45,79,0,3050,2
2026-07-30 12:04:46,81,0,3050,2
2026-07-30 12:04:47,81,0,3050,2
2026-07-30 12:04:48,86,0,3050,2
2026-07-30 12:04:49,87,0,3050,2
2026-07-30 12:04:50,81,0,3050,2
2026-07-30 12:04:51,79,0,3050,2
2026-07-30 12:04:52,81,0,3050,2
2026-07-30 12:04:53,81,0,3050,2
2026-07-30 12:04:54,79,0,3050,2
2026-07-30 12:04:55,84,0,3050,2
2026-07-30 12:04:56,79,0,3050,2
2026-07-30 12:04:57,80,0,3050,2
2026-07-30 12:04:58,77,0,3050,2
2026-07-30 12:04:59,87,0,3050,2
2026-07-30 12:05:00,83,0,3050,2
2026-07-30 12:05:01,81,0,3050,2
2026-07-30 12:05:02,78,0,3050,2
2026-07-30 12:05:03,86,0,3050,2
2026-07-30 12:05:04,81,0,3050,2
2026-07-30 12:05:05,80,0,3050,2
2026-07-30 12:05:06,80,0,3050,2
2026-07-30 12:05:07,83,0,3050,2
2026-07-30 12:05:08,80,0,3050,2
2026-07-30 12:05:09,80,0,3050,2
2026-07-30 12:05:10,84,0,3050,2
2026-07-30 12:05:11,84,0,3050,2
2026-07-30 12:05:12,79,0,3050,2
2026-07-30 12:05:13,79,0,3050,2
2026-07-30 12:05:14,81,0,3050,2
2026-07-30 12:05:15,84,0,3050,2
2026-07-30 12:05:16,80,0,3050,2
2026-07-30 12:05:17,83,0,3050,2
2026-07-30 12:05:18,80,0,3050,2
2026-07-30 12:05:19,85,0,3050,2
2026-07-30 12:05:20,83,0,3050,2
2026-07-30 12:05:21,84,0,3050,2
2026-07-30 12:05:22,81,0,3050,2
2026-07-30 12:05:23,78,0,3050,2
2026-07-30 12:05:24,82,0,3050,2
2026-07-30 12:05:25,87,0,3050,2
2026-07-30 12:05:26,82,0,3050,2
2026-07-30 12:05:27,84,0,3050,2
2026-07-30 12:05:28,80,0,3050,2
2026-07-30 12:05:29,78,0,3050,2
2026-07-30 12:05:30,83,0,3050,2
2026-07-30 12:05:31,79,0,3050,2
2026-07-30 12:05:32,81,0,3050,2
2026-07-30 12:05:33,82,0,3050,2
2026-07-30 12:05:34,80,0,3050,2
2026-07-30 12:05:35,83,0,3050,2
2026-07-30 12:05:36,83,0,3050,2
2026-07-30 12:05:37,85,0,3050,2
2026-07-30 12:05:38,79,0,3050,2
2026-07-30 12:05:39,82,0,3050,2
2026-07-30 12:05:40,79,0,3050,2
2026-07-30 12:05:41,80,0,3050,2
2026-07-30 12:05:42,85,0,3050,2
2026-07-30 12:05:43,80,0,3050,2
2026-07-30 12:05:44,83,0,3050,2
2026-07-30 12:05:45,83,0,3050,2
2026-07-30 12:05:46,82,0,3050,2
2026-07-30 12:05:47,82,0,3050,2
2026-07-30 12:05:48,82,0,3050,2
2026-07-30 12:05:49,81,0,3050,2
2026-07-30 12:05:50,83,0,3050,2
2026-07-30 12:05:51,80,0,3050,2
2026-07-30 12:05:52,84,0,3050,2
2026-07-30 12:05:53,85,0,3050,2
2026-07-30 12:05:54,83,0,3050,2
2026-07-30 12:05:55,79,0,3050,2
2026-07-30 12:05:56,81,0,3050,2
2026-07-30 12:05:57,80,0,3050,2
2026-07-30 12:05:58,79,0,3050,2
2026-07-30 12:05:59,81,0,3050,2
2026-07-30 12:06:00,79,0,3050,2
2026-07-30 12:06:01,85,0,3050,2
2026-07-30 12:06:02,83,0,3050,2
2026-07-30 12:06:03,80,0,3050,2
2026-07-30 12:06:04,84,0,3050,2
2026-07-30 12:06:05,80,0,3050,2
2026-07-30 12:06:06,77,0,3050,2
2026-07-30 12:06:07,80,0,3050,2
2026-07-30 12:06:08,80,0,3050,2
2026-07-30 12:06:09,79,0,3050,2
2026-07-30 12:06:10,83,0,3050,2
2026-07-30 12:06:11,81,0,3050,2
2026-07-30 12:06:12,82,0,3050,2
2026-07-30 12:06:13,81,0,3050,2
2026-07-30 12:06:14,81,0,3050,2
2026-07-30 12:06:15,85,0,3050,2
2026-07-30 12:06:16,85,0,3050,2
2026-07-30 12:06:17,82,0,3050,2
2026-07-30 12:06:18,83,0,3050,2
2026-07-30 12:06:19,78,0,3050,2
2026-07-30 12:06:20,84,0,3050,2
2026-07-30 12:06:21,82,0,3050,2
2026-07-30 12:06:22,83,0,3050,2
2026-07-30 12:06:23,82,0,3050,2
2026-07-30 12:06:24,85,0,3050,2
2026-07-30 12:06:25,80,0,3050,2
2026-07-30 12:06:26,79,0,3050,2
2026-07-30 12:06:27,81,0,3050,2
2026-07-30 12:06:28,80,0,3050,2
2026-07-30 12:06:29,85,0,3050,2
2026-07-30 12:06:30,78,0,3050,2
2026-07-30 12:06:31,81,0,3050,2
2026-07-30 12:06:32,83,0,3050,2
2026-07-30 12:06:33,78,0,3050,2
2026-07-30 12:06:34,80,0,3050,2
2026-07-30 12:06:35,81,0,3050,2
2026-07-30 12:06:36,82,0,3050,2
2026-07-30 12:06:37,86,0,3050,2
2026-07-30 12:06:38,78,0,3050,2
2026-07-30 12:06:39,80,0,3050,2
2026-07-30 12:06:40,82,0,3050,2
2026-07-30 12:06:41,85,0,3050,2
2026-07-30 12:06:42,83,0,3050,2
2026-07-30 12:06:43,85,0,3050,2
2026-07-30 12:06:44,82,0,3050,2
2026-07-30 12:06:45,82,0,3050,2
2026-07-30 12:06:46,84,0,3050,2
2026-07-30 12:06:47,81,0,3050,2
2026-07-30 12:06:48,84,0,3050,2
2026-07-30 12:06:49,81,0,3050,2
2026-07-30 12:06:50,81,0,3050,2
2026-07-30 12:06:51,83,0,3050,2
2026-07-30 12:06:52,83,0,3050,2
2026-07-30 12:06:53,80,0,3050,2
2026-07-30 12:06:54,77,0,3050,2
2026-07-30 12:06:55,82,0,3050,2
2026-07-30 12:06:56,81,0,3050,2
2026-07-30 12:06:57,81,0,3050,2
2026-07-30 12:06:58,85,0,3050,2
2026-07-30 12:06:59,79,0,3050,2
2026-07-30 12:07:00,87,0,3050,2
2026-07-30 12:07:01,81,0,3050,2
2026-07-30 12:07:02,84,0,3050,2
2026-07-30 12:07:03,80,0,3050,2
2026-07-30 12:07:04,76,0,3050,2
2026-07-30 12:07:05,83,0,3050,2
2026-07-30 12:07:06,84,0,3050,2
2026-07-30 12:07:07,80,0,3050,2
2026-07-30 12:07:08,80,0,3050,2
2026-07-30 12:07:09,84,0,3050,2
2026-07-30 12:07:10,86,0,3050,2
2026-07-30 12:07:11,78,0,3050,2
2026-07-30 12:07:12,81,0,3050,2
2026-07-30 12:07:13,85,0,3050,2
2026-07-30 12:07:14,78,0,3050,2
2026-07-30 12:07:15,81,0,3050,2
2026-07-30 12:07:16,84,0,3050,2
2026-07-30 12:07:17,83,0,3050,2
2026-07-30 12:07:18,81,0,3050,2
2026-07-30 12:07:19,78,0,3050,2
2026-07-30 12:07:20,83,0,3050,2
2026-07-30 12:07:21,79,0,3050,2
2026-07-30 12:07:22,84,0,3050,2
2026-07-30 12:07:23,85,0,3050,2
2026-07-30 12:07:24,85,0,3050,2
2026-07-30 12:07:25,84,0,3050,2
2026-07-30 12:07:26,80,0,3050,2
2026-07-30 12:07:27,79,0,3050,2
2026-07-30 12:07:28,84,0,3050,2
2026-07-30 12:07:29,81,0,3050,2
2026-07-30 12:07:30,82,0,3050,2
2026-07-30 12:07:31,84,0,3050,2
2026-07-30 12:07:32,83,0,3050,2
2026-07-30 12:07:33,79,0,3050,2
2026-07-30 12:07:34,85,0,3050,2
2026-07-30 12:07:35,81,0,3050,2
2026-07-30 12:07:36,79,0,3050,2
2026-07-30 12:07:37,84,0,3050,2
2026-07-30 12:07:38,83,0,3050,2
2026-07-30 12:07:39,83,0,3050,2
2026-07-30 12:07:40,79,0,3050,2
2026-07-30 12:07:41,83,0,3050,2
2026-07-30 12:07:42,76,0,3050,2
2026-07-30 12:07:43,82,0,3050,2
2026-07-30 12:07:44,80,0,3050,2
2026-07-30 12:07:45,80,0,3050,2
2026-07-30 12:07:46,81,0,3050,2
2026-07-30 12:07:47,83,0,3050,2
2026-07-30 12:07:48,82,0,3050,2
2026-07-30 12:07:49,77,0,3050,2
2026-07-30 12:07:50,81,0,3050,2
2026-07-30 12:07:51,78,0,3050,2
2026-07-30 12:07:52,82,0,3050,2
2026-07-30 12:07:53,82,0,3050,2
2026-07-30 12:07:54,84,0,3050,2
2026-07-30 12:07:55,83,0,3050,2
2026-07-30 12:07:56,85,0,3050,2
2026-07-30 12:07:57,79,0,3050,2
2026-07-30 12:07:58,79,0,3050,2
2026-07-30 12:07:59,78,0,3050,2
2026-07-30 12:08:00,79,3050,3050,2
2026-07-30 12:08:01,81,0,3050,2
2026-07-30 12:08:02,80,0,3050,2
2026-07-30 12:08:03,78,0,3050,2
2026-07-30 12:08:04,84,0,3050,2
2026-07-30 12:08:05,84,0,3050,2
2026-07-30 12:08:06,82,0,3050,2
2026-07-30 12:08:07,80,0,3050,2
2026-07-30 12:08:08,82,0,3050,2
2026-07-30 12:08:09,82,0,3050,2
2026-07-30 12:08:10,84,0,3050,2
2026-07-30 12:08:11,78,0,3050,2
2026-07-30 12:08:12,80,0,3050,2
2026-07-30 12:08:13,83,0,3050,2
2026-07-30 12:08:14,81,0,3050,2
2026-07-30 12:08:15,80,0,3050,2
2026-07-30 12:08:16,86,0,3050,2
2026-07-30 12:08:17,79,0,3050,2
2026-07-30 12:08:18,82,0,3050,2
2026-07-30 12:08:19,80,0,3050,2
2026-07-30 12:08:20,83,0,3050,2
2026-07-30 12:08:21,78,0,3050,2
2026-07-30 12:08:22,78,0,3050,2
2026-07-30 12:08:23,81,0,3050,2
2026-07-30 12:08:24,80,0,3050,2
2026-07-30 12:08:25,84,0,3050,2
2026-07-30 12:08:26,85,0,3050,2
2026-07-30 12:08:27,84,0,3050,2
2026-07-30 12:08:28,82,0,3050,2
2026-07-30 12:08:29,82,0,3050,2
2026-07-30 12:08:30,85,0,3050,2
2026-07-30 12:08:31,81,0,3050,2
2026-07-30 12:08:32,77,0,3050,2
2026-07-30 12:08:33,81,0,3050,2
2026-07-30 12:08:34,80,0,3050,2
2026-07-30 12:08:35,80,0,3050,2
2026-07-30 12:08:36,82,0,3050,2
2026-07-30 12:08:37,81,0,3050,2
2026-07-30 12:08:38,78,0,3050,2
2026-07-30 12:08:39,82,0,3050,2
2026-07-30 12:08:40,81,0,3050,2
2026-07-30 12:08:41,85,0,3050,2
2026-07-30 12:08:42,85,0,3050,2
2026-07-30 12:08:43,80,0,3050,2
2026-07-30 12:08:44,84,0,3050,2
2026-07-30 12:08:45,81,0,3050,2
2026-07-30 12:08:46,81,0,3050,2
2026-07-30 12:08:47,81,0,3050,2
2026-07-30 12:08:48,80,0,3050,2
2026-07-30 12:08:49,79,0,3050,2
2026-07-30 12:08:50,84,0,3050,2
2026-07-30 12:08:51,82,0,3050,2
2026-07-30 12:08:52,82,0,3050,2
2026-07-30 12:08:53,78,0,3050,2
2026-07-30 12:08:54,88,0,3050,2
2026-07-30 12:08:55,85,0,3050,2
2026-07-30 12:08:56,82,0,3050,2
2026-07-30 12:08:57,84,0,3050,2
2026-07-30 12:08:58,80,0,3050,2
2026-07-30 12:08:59,82,0,3050,2
2026-07-30 12:09:00,82,0,3050,2
2026-07-30 12:09:01,83,0,3050,2
2026-07-30 12:09:02,83,0,3050,2
2026-07-30 12:09:03,84,0,3050,2
2026-07-30 12:09:04,85,0,3050,2
2026-07-30 12:09:05,79,0,3050,2
2026-07-30 12:09:06,83,0,3050,2
2026-07-30 12:09:07,82,0,3050,2
2026-07-30 12:09:08,81,0,3050,2
2026-07-30 12:09:09,82,0,3050,2
2026-07-30 12:09:10,81,0,3050,2
2026-07-30 12:09:11,84,0,3050,2
2026-07-30 12:09:12,82,0,3050,2
2026-07-30 12:09:13,79,0,3050,2
2026-07-30 12:09:14,79,0,3050,2
2026-07-30 12:09:15,82,0,3050,2
2026-07-30 12:09:16,82,0,3050,2
2026-07-30 12:09:17,82,0,3050,2
2026-07-30 12:09:18,79,0,3050,2
2026-07-30 12:09:19,82,0,3050,2
2026-07-30 12:09:20,83,0,3050,2
2026-07-30 12:09:21,77,0,3050,2
2026-07-30 12:09:22,80,0,3050,2
2026-07-30 12:09:23,77,0,3050,2
2026-07-30 12:09:24,82,0,3050,2
2026-07-30 12:09:25,80,0,3050,2
2026-07-30 12:09:26,80,0,3050,2
2026-07-30 12:09:27,83,0,3050,2
2026-07-30 12:09:28,79,0,3050,2
2026-07-30 12:09:29,86,0,3050,2
2026-07-30 12:09:30,84,0,3050,2
2026-07-30 12:09:31,81,0,3050,2
2026-07-30 12:09:32,83,0,3050,2
2026-07-30 12:09:33,81,0,3050,2
2026-07-30 12:09:34,77,0,3050,2
2026-07-30 12:09:35,87,0,3050,2
2026-07-30 12:09:36,79,0,3050,2
2026-07-30 12:09:37,77,0,3050,2
2026-07-30 12:09:38,80,0,3050,2
2026-07-30 12:09:39,82,0,3050,2
2026-07-30 12:09:40,79,0,3050,2
2026-07-30 12:09:41,78,0,3050,2
2026-07-30 12:09:42,84,0,3050,2
2026-07-30 12:09:43,80,0,3050,2
2026-07-30 12:09:44,81,0,3050,2
2026-07-30 12:09:45,76,0,3050,2
2026-07-30 12:09:46,81,0,3050,2
2026-07-30 12:09:47,84,0,3050,2
2026-07-30 12:09:48,81,0,3050,2
2026-07-30 12:09:49,84,0,3050,2
2026-07-30 12:09:50,84,0,3050,2
2026-07-30 12:09:51,83,0,3050,2
2026-07-30 12:09:53,80,0,3050,2
2026-07-30 12:09:53,79,0,3050,2
2026-07-30 12:09:54,78,0,3050,2
2026-07-30 12:09:55,79,0,3050,2
2026-07-30 12:09:56,85,0,3050,2
2026-07-30 12:09:57,83,0,3050,2
2026-07-30 12:09:58,80,0,3050,2
2026-07-30 12:09:59,80,0,3050,2
2026-07-30 12:10:00,84,0,3050,2
2026-07-30 12:10:01,80,0,3050,2
2026-07-30 12:10:02,81,0,3050,2
2026-07-30 12:10:04,80,0,3050,2
2026-07-30 12:10:04,80,0,3050,2
2026-07-30 12:10:05,82,0,3050,2
2026-07-30 12:10:06,81,0,3050,2
2026-07-30 12:10:07,82,0,3050,2
2026-07-30 12:10:08,82,0,3050,2
2026-07-30 12:10:09,80,0,3050,2
2026-07-30 12:10:10,83,0,3050,2
2026-07-30 12:10:11,84,0,3050,2
2026-07-30 12:10:12,79,0,3050,2
2026-07-30 12:10:13,81,0,3050,2
2026-07-30 12:10:14,80,0,3050,2
2026-07-30 12:10:15,83,0,3050,2
2026-07-30 12:10:16,78,0,3050,2
2026-07-30 12:10:17,78,0,3050,2
2026-07-30 12:10:18,80,0,3050,2
2026-07-30 12:10:19,84,0,3050,2
2026-07-30 12:10:20,80,0,3050,2
2026-07-30 12:10:21,85,0,3050,2
2026-07-30 12:10:22,82,0,3050,2
2026-07-30 12:10:23,84,0,3050,2
2026-07-30 12:10:24,81,0,3050,2
2026-07-30 12:10:25,82,0,3050,2
2026-07-30 12:10:26,83,0,3050,2
2026-07-30 12:10:27,84,0,3050,2
2026-07-30 12:10:28,80,0,3050,2
2026-07-30 12:10:29,81,0,3050,2
2026-07-30 12:10:30,82,0,3050,2
2026-07-30 12:10:31,82,0,3050,2
2026-07-30 12:10:32,81,0,3050,2
2026-07-30 12:10:33,78,0,3050,2
2026-07-30 12:10:34,84,0,3050,2
2026-07-30 12:10:35,83,0,3050,2
2026-07-30 12:10:36,81,0,3050,2
2026-07-30 12:10:37,82,0,3050,2
2026-07-30 12:10:38,81,0,3050,2
2026-07-30 12:10:39,80,0,3050,2
2026-07-30 12:10:40,85,0,3050,2
2026-07-30 12:10:41,81,0,3050,2
2026-07-30 12:10:42,82,0,3050,2
2026-07-30 12:10:43,80,0,3050,2
2026-07-30 12:10:44,83,0,3050,2
2026-07-30 12:10:45,79,0,3050,2
2026-07-30 12:10:46,81,0,3050,2
2026-07-30 12:10:47,77,0,3050,2
2026-07-30 12:10:48,81,0,3050,2
2026-07-30 12:10:49,83,0,3050,2
2026-07-30 12:10:50,82,0,3050,2
2026-07-30 12:10:51,76,0,3050,2
2026-07-30 12:10:52,82,0,3050,2
2026-07-30 12:10:53,82,0,3050,2
2026-07-30 12:10:54,86,0,3050,2
2026-07-30 12:10:55,81,0,3050,2
2026-07-30 12:10:56,79,0,3050,2
2026-07-30 12:10:57,81,0,3050,2
2026-07-30 12:10:58,83,0,3050,2
2026-07-30 12:10:59,80,0,3050,2
2026-07-30 12:11:00,86,0,3050,2
2026-07-30 12:11:01,81,0,3050,2
2026-07-30 12:11:02,80,0,3050,2
2026-07-30 12:11:03,84,0,3050,2
2026-07-30 12:11:04,84,0,3050,2
2026-07-30 12:11:05,81,0,3050,2
2026-07-30 12:11:06,77,0,3050,2
2026-07-30 12:11:07,88,0,3050,2
2026-07-30 12:11:08,83,0,3050,2
2026-07-30 12:11:09,82,0,3050,2
2026-07-30 12:11:10,83,0,3050,2
2026-07-30 12:11:11,84,0,3050,2
2026-07-30 12:11:12,83,0,3050,2
2026-07-30 12:11:13,82,0,3050,2
2026-07-30 12:11:14,82,0,3050,2
2026-07-30 12:11:15,80,0,3050,2
2026-07-30 12:11:16,80,0,3050,2
2026-07-30 12:11:17,85,0,3050,2
2026-07-30 12:11:18,81,0,3050,2
2026-07-30 12:11:19,78,0,3050,2
2026-07-30 12:11:20,82,0,3050,2
2026-07-30 12:11:21,78,0,3050,2
2026-07-30 12:11:22,81,0,3050,2
2026-07-30 12:11:23,86,0,3050,2
2026-07-30 12:11:24,84,0,3050,2
2026-07-30 12:11:25,84,0,3050,2
2026-07-30 12:11:26,80,0,3050,2
2026-07-30 12:11:27,84,0,3050,2
2026-07-30 12:11:28,80,0,3050,2
2026-07-30 12:11:29,83,0,3050,2
2026-07-30 12:11:30,79,0,3050,2
2026-07-30 12:11:31,82,0,3050,2
2026-07-30 12:11:32,83,0,3050,2
2026-07-30 12:11:33,83,0,3050,2
2026-07-30 12:11:34,88,0,3050,2
2026-07-30 12:11:35,80,0,3050,2
2026-07-30 12:11:36,85,0,3050,2
2026-07-30 12:11:37,81,0,3050,2
2026-07-30 12:11:38,84,0,3050,2
2026-07-30 12:11:39,82,0,3050,2
2026-07-30 12:11:40,83,0,3050,2
2026-07-30 12:11:41,84,0,3050,2
2026-07-30 12:11:42,82,0,3050,2
2026-07-30 12:11:43,84,0,3050,2
2026-07-30 12:11:44,86,0,3050,2
2026-07-30 12:11:45,83,0,3050,2
2026-07-30 12:11:46,82,0,3050,2
2026-07-30 12:11:47,80,0,3050,2
2026-07-30 12:11:48,80,0,3050,2
2026-07-30 12:11:49,83,0,3050,2
2026-07-30 12:11:50,82,0,3050,2
2026-07-30 12:11:51,83,0,3050,2
2026-07-30 12:11:52,81,0,3050,2
2026-07-30 12:11:53,85,0,3050,2
2026-07-30 12:11:54,80,0,3050,2
2026-07-30 12:11:55,83,0,3050,2
2026-07-30 12:11:56,81,0,3050,2
2026-07-30 12:11:57,80,0,3050,2
2026-07-30 12:11:58,83,0,3050,2
2026-07-30 12:11:59,78,0,3050,2
2026-07-30 12:12:00,80,0,3050,2
2026-07-30 12:12:01,82,0,3050,2
2026-07-30 12:12:02,81,0,3050,2
2026-07-30 12:12:03,80,0,3050,2
2026-07-30 12:12:04,83,0,3050,2
2026-07-30 12:12:05,76,0,3050,2
2026-07-30 12:12:06,79,0,3050,2
2026-07-30 12:12:07,80,0,3050,2
2026-07-30 12:12:08,77,0,3050,2
2026-07-30 12:12:09,77,0,3050,2
2026-07-30 12:12:10,81,0,3050,2
2026-07-30 12:12:11,84,0,3050,2
2026-07-30 12:12:12,79,0,3050,2
2026-07-30 12:12:13,80,0,3050,2
2026-07-30 12:12:14,78,0,3050,2
2026-07-30 12:12:15,85,0,3050,2
2026-07-30 12:12:16,85,0,3050,2
2026-07-30 12:12:17,82,0,3050,2
2026-07-30 12:12:18,79,0,3050,2
2026-07-30 12:12:19,82,0,3050,2
2026-07-30 12:12:20,81,0,3050,2
2026-07-30 12:12:21,81,0,3050,2
2026-07-30 12:12:22,83,0,3050,2
2026-07-30 12:12:23,82,0,3050,2
2026-07-30 12:12:24,82,0,3050,2
2026-07-30 12:12:25,85,0,3050,2
2026-07-30 12:12:26,79,0,3050,2
2026-07-30 12:12:27,84,0,3050,2
2026-07-30 12:12:28,80,0,3050,2
2026-07-30 12:12:29,84,0,3050,2
2026-07-30 12:12:30,80,0,3050,2
2026-07-30 12:12:31,81,0,3050,2
2026-07-30 12:12:32,77,0,3050,2
2026-07-30 12:12:33,81,0,3050,2
2026-07-30 12:12:34,80,0,3050,2
2026-07-30 12:12:35,78,0,3050,2
2026-07-30 12:12:36,78,0,3050,2
2026-07-30 12:12:37,82,0,3050,2
2026-07-30 12:12:38,83,0,3050,2
2026-07-30 12:12:39,84,0,3050,2
2026-07-30 12:12:40,81,0,3050,2
2026-07-30 12:12:41,84,0,3050,2
2026-07-30 12:12:42,81,0,3050,2
2026-07-30 12:12:43,82,0,3050,2
2026-07-30 12:12:44,78,0,3050,2
2026-07-30 12:12:45,85,0,3050,2
2026-07-30 12:12:46,76,0,3050,2
2026-07-30 12:12:47,79,0,3050,2
2026-07-30 12:12:48,83,0,3050,2
2026-07-30 12:12:49,80,0,3050,2
2026-07-30 12:12:50,82,0,3050,2
2026-07-30 12:12:51,82,0,3050,2
2026-07-30 12:12:52,82,0,3050,2
2026-07-30 12:12:53,82,0,3050,2
2026-07-30 12:12:54,84,0,3050,2
2026-07-30 12:12:55,89,0,3050,2
2026-07-30 12:12:56,77,0,3050,2
2026-07-30 12:12:57,82,0,3050,2
2026-07-30 12:12:58,77,0,3050,2
2026-07-30 12:12:59,78,0,3050,2
2026-07-30 12:13:00,82,0,3050,2
2026-07-30 12:13:01,83,0,3050,2
2026-07-30 12:13:02,79,0,3050,2
2026-07-30 12:13:03,80,0,3050,2
2026-07-30 12:13:04,80,0,3050,2
2026-07-30 12:13:05,75,0,3050,2
2026-07-30 12:13:06,80,0,3050,2
2026-07-30 12:13:07,80,0,3050,2
2026-07-30 12:13:08,78,0,3050,2
2026-07-30 12:13:09,86,0,3050,2
2026-07-30 12:13:10,78,0,3050,2
2026-07-30 12:13:11,82,0,3050,2
2026-07-30 12:13:12,81,0,3050,2
2026-07-30 12:13:13,84,0,3050,2
2026-07-30 12:13:14,82,0,3050,2
2026-07-30 12:13:15,84,0,3050,2
2026-07-30 12:13:16,81,0,3050,2
2026-07-30 12:13:17,76,0,3050,2
2026-07-30 12:13:18,81,0,3050,2
2026-07-30 12:13:19,81,0,3050,2
2026-07-30 12:13:20,83,3050,3050,2
2026-07-30 12:13:21,80,0,3050,2
2026-07-30 12:13:22,85,0,3050,2
2026-07-30 12:13:23,82,0,3050,2
2026-07-30 12:13:24,83,0,3050,2
2026-07-30 12:13:25,83,0,3050,2
2026-07-30 12:13:26,80,0,3050,2
2026-07-30 12:13:27,81,0,3050,2
2026-07-30 12:13:28,84,0,3050,2
2026-07-30 12:13:29,77,0,3050,2
2026-07-30 12:13:30,81,0,3050,2
2026-07-30 12:13:31,82,0,3050,2
2026-07-30 12:13:32,86,0,3050,2
2026-07-30 12:13:33,77,0,3050,2
2026-07-30 12:13:34,80,0,3050,2
2026-07-30 12:13:35,78,0,3050,2
2026-07-30 12:13:36,84,0,3050,2
2026-07-30 12:13:37,85,0,3050,2
2026-07-30 12:13:38,77,0,3050,2
2026-07-30 12:13:39,81,0,3050,2
2026-07-30 12:13:40,78,0,3050,2
2026-07-30 12:13:41,81,0,3050,2
2026-07-30 12:13:42,82,0,3050,2
2026-07-30 12:13:43,85,0,3050,2
2026-07-30 12:13:44,83,0,3050,2
2026-07-30 12:13:45,81,0,3050,2
2026-07-30 12:13:46,82,0,3050,2
2026-07-30 12:13:47,80,0,3050,2
2026-07-30 12:13:48,81,0,3050,2
2026-07-30 12:13:49,82,0,3050,2
2026-07-30 12:13:50,82,0,3050,2
2026-07-30 12:13:51,80,0,3050,2
2026-07-30 12:13:52,83,0,3050,2
2026-07-30 12:13:53,83,0,3050,2
2026-07-30 12:13:54,80,0,3050,2
2026-07-30 12:13:55,82,0,3050,2
2026-07-30 12:13:56,87,0,3050,2
2026-07-30 12:13:57,80,0,3050,2
2026-07-30 12:13:58,82,0,3050,2
2026-07-30 12:13:59,76,0,3050,2
2026-07-30 12:14:00,83,0,3050,2
2026-07-30 12:14:02,80,0,3050,2
2026-07-30 12:14:02,77,0,3050,2
2026-07-30 12:14:03,83,0,3050,2
2026-07-30 12:14:04,83,0,3050,2
2026-07-30 12:14:05,80,0,3050,2
2026-07-30 12:14:06,82,0,3050,2
2026-07-30 12:14:07,81,0,3050,2
2026-07-30 12:14:08,83,0,3050,2
2026-07-30 12:14:09,83,0,3050,2
2026-07-30 12:14:10,82,0,3050,2
2026-07-30 12:14:11,82,0,3050,2
2026-07-30 12:14:12,86,0,3050,2
2026-07-30 12:14:13,83,0,3050,2
2026-07-30 12:14:14,81,0,3050,2
2026-07-30 12:14:15,80,0,3050,2
2026-07-30 12:14:16,78,0,3050,2
2026-07-30 12:14:17,76,0,3050,2
2026-07-30 12:14:18,85,0,3050,2
2026-07-30 12:14:21,79,0,3050,2
2026-07-30 12:14:21,83,0,3050,2
2026-07-30 12:14:21,77,0,3050,2
2026-07-30 12:14:22,84,0,3050,2
2026-07-30 12:14:23,86,0,3050,2
2026-07-30 12:14:24,79,0,3050,2
2026-07-30 12:14:25,84,0,3050,2
2026-07-30 12:14:26,77,0,3050,2
2026-07-30 12:14:27,84,0,3050,2
2026-07-30 12:14:28,79,0,3050,2
2026-07-30 12:14:29,80,0,3050,2
2026-07-30 12:14:30,80,0,3050,2
2026-07-30 12:14:31,83,0,3050,2
2026-07-30 12:14:32,79,0,3050,2
2026-07-30 12:14:33,81,0,3050,2
2026-07-30 12:14:34,81,0,3050,2
2026-07-30 12:14:35,81,0,3050,2
2026-07-30 12:14:36,83,0,3050,2
2026-07-30 12:14:37,82,0,3050,2
2026-07-30 12:14:38,82,0,3050,2
2026-07-30 12:14:39,83,0,3050,2
2026-07-30 12:14:40,80,0,3050,2
2026-07-30 12:14:41,80,0,3050,2
2026-07-30 12:14:42,82,0,3050,2
2026-07-30 12:14:43,78,0,3050,2
2026-07-30 12:14:44,86,0,3050,2
2026-07-30 12:14:45,81,0,3050,2
2026-07-30 12:14:46,83,0,3050,2
2026-07-30 12:14:47,87,0,3050,2
2026-07-30 12:14:48,81,0,3050,2
2026-07-30 12:14:49,84,0,3050,2
2026-07-30 12:14:51,86,0,3050,2
2026-07-30 12:14:51,77,0,3050,2
2026-07-30 12:14:52,73,0,3050,2
2026-07-30 12:14:53,80,0,3050,2
2026-07-30 12:14:54,81,0,3050,2
2026-07-30 12:14:55,79,0,3050,2
2026-07-30 12:14:56,80,0,3050,2
2026-07-30 12:14:57,80,0,3050,2
2026-07-30 12:14:58,82,0,3050,2
2026-07-30 12:14:59,79,0,3050,2
2026-07-30 12:15:00,83,0,3050,2
2026-07-30 12:15:01,83,0,3050,2
2026-07-30 12:15:02,86,0,3050,2
2026-07-30 12:15:03,79,0,3050,2
2026-07-30 12:15:04,82,0,3050,2
2026-07-30 12:15:05,85,0,3050,2
2026-07-30 12:15:06,79,0,3050,2
2026-07-30 12:15:07,79,0,3050,2
2026-07-30 12:15:08,82,0,3050,2
2026-07-30 12:15:09,80,0,3050,2
2026-07-30 12:15:10,83,0,3050,2
2026-07-30 12:15:11,78,0,3050,2
2026-07-30 12:15:12,80,0,3050,2
2026-07-30 12:15:13,79,0,3050,2
2026-07-30 12:15:14,82,0,3050,2
2026-07-30 12:15:15,84,0,3050,2
2026-07-30 12:15:16,82,0,3050,2
2026-07-30 12:15:17,78,0,3050,2
2026-07-30 12:15:18,83,0,3050,2
2026-07-30 12:15:19,82,0,3050,2
2026-07-30 12:15:20,82,0,3050,2
2026-07-30 12:15:21,86,0,3050,2
2026-07-30 12:15:22,82,0,3050,2
2026-07-30 12:15:23,84,0,3050,2
2026-07-30 12:15:24,79,0,3050,2
2026-07-30 12:15:25,86,0,3050,2
2026-07-30 12:15:26,78,0,3050,2
2026-07-30 12:15:27,80,0,3050,2
2026-07-30 12:15:28,83,0,3050,2
2026-07-30 12:15:29,81,0,3050,2
2026-07-30 12:15:30,81,0,3050,2
2026-07-30 12:15:31,81,0,3050,2
2026-07-30 12:15:32,82,0,3050,2
2026-07-30 12:15:33,82,0,3050,2
2026-07-30 12:15:34,78,0,3050,2
2026-07-30 12:15:35,81,0,3050,2
2026-07-30 12:15:36,80,0,3050,2
2026-07-30 12:15:37,81,0,3050,2
2026-07-30 12:15:38,82,0,3050,2
2026-07-30 12:15:39,81,0,3050,2
2026-07-30 12:15:40,83,0,3050,2
2026-07-30 12:15:41,83,0,3050,2
2026-07-30 12:15:42,86,0,3050,2
2026-07-30 12:15:43,81,0,3050,2
2026-07-30 12:15:44,82,0,3050,2
2026-07-30 12:15:45,83,0,3050,2
2026-07-30 12:15:46,79,0,3050,2
2026-07-30 12:15:47,82,0,3050,2
2026-07-30 12:15:48,83,0,3050,2
2026-07-30 12:15:49,80,0,3050,2
2026-07-30 12:15:50,82,0,3050,2
2026-07-30 12:15:51,79,0,3050,2
2026-07-30 12:15:52,81,0,3050,2
2026-07-30 12:15:53,82,0,3050,2
2026-07-30 12:15:54,80,0,3050,2
2026-07-30 12:15:55,86,0,3050,2
2026-07-30 12:15:56,82,0,3050,2
2026-07-30 12:15:57,85,0,3050,2
2026-07-30 12:15:58,81,0,3050,2
2026-07-30 12:15:59,85,0,3050,2
2026-07-30 12:16:00,81,0,3050,2
2026-07-30 12:16:01,81,0,3050,2
2026-07-30 12:16:02,81,0,3050,2
2026-07-30 12:16:03,81,0,3050,2
2026-07-30 12:16:04,79,0,3050,2
2026-07-30 12:16:05,84,0,3050,2
2026-07-30 12:16:06,79,0,3050,2
2026-07-30 12:16:07,82,0,3050,2
2026-07-30 12:16:08,80,0,3050,2
2026-07-30 12:16:09,79,0,3050,2
2026-07-30 12:16:10,81,0,3050,2
2026-07-30 12:16:12,80,0,3050,2
2026-07-30 12:16:12,77,0,3050,2
2026-07-30 12:16:13,84,0,3050,2
2026-07-30 12:16:14,81,0,3050,2
2026-07-30 12:16:15,81,0,3050,2
2026-07-30 12:16:16,82,0,3050,2
2026-07-30 12:16:17,82,0,3050,2
2026-07-30 12:16:18,78,0,3050,2
2026-07-30 12:16:19,78,0,3050,2
2026-07-30 12:16:20,80,0,3050,2
2026-07-30 12:16:21,84,0,3050,2
2026-07-30 12:16:22,85,0,3050,2
2026-07-30 12:16:23,80,0,3050,2
2026-07-30 12:16:24,77,0,3050,2
2026-07-30 12:16:25,86,0,3050,2
2026-07-30 12:16:26,76,0,3050,2
2026-07-30 12:16:27,80,0,3050,2
2026-07-30 12:16:28,83,0,3050,2
2026-07-30 12:16:29,81,0,3050,2
2026-07-30 12:16:30,83,0,3050,2
2026-07-30 12:16:31,87,0,3050,2
2026-07-30 12:16:32,85,0,3050,2
2026-07-30 12:16:33,81,0,3050,2
2026-07-30 12:16:34,85,0,3050,2
2026-07-30 12:16:35,83,0,3050,2
2026-07-30 12:16:36,84,0,3050,2
2026-07-30 12:16:37,77,0,3050,2
2026-07-30 12:16:38,83,0,3050,2
2026-07-30 12:16:39,84,0,3050,2
2026-07-30 12:16:40,82,0,3050,2
2026-07-30 12:16:41,79,0,3050,2
2026-07-30 12:16:42,87,0,3050,2
2026-07-30 12:16:43,83,0,3050,2
2026-07-30 12:16:44,86,0,3050,2
2026-07-30 12:16:45,80,0,3050,2
2026-07-30 12:16:46,81,0,3050,2
2026-07-30 12:16:47,84,0,3050,2
2026-07-30 12:16:48,77,0,3050,2
2026-07-30 12:16:49,84,0,3050,2
2026-07-30 12:16:50,77,0,3050,2
2026-07-30 12:16:51,84,0,3050,2
2026-07-30 12:16:52,79,0,3050,2
2026-07-30 12:16:53,85,0,3050,2
2026-07-30 12:16:54,83,0,3050,2
2026-07-30 12:16:55,83,0,3050,2
2026-07-30 12:16:56,82,0,3050,2
2026-07-30 12:16:57,84,0,3050,2
2026-07-30 12:16:58,85,0,3050,2
2026-07-30 12:16:59,85,0,3050,2
2026-07-30 12:17:00,83,0,3050,2
2026-07-30 12:17:01,83,0,3050,2
2026-07-30 12:17:02,87,0,3050,2
2026-07-30 12:17:03,80,0,3050,2
2026-07-30 12:17:04,84,0,3050,2
2026-07-30 12:17:05,80,0,3050,2
2026-07-30 12:17:06,77,0,3050,2
2026-07-30 12:17:07,82,0,3050,2
2026-07-30 12:17:09,79,0,3050,2
2026-07-30 12:17:09,82,0,3050,2
2026-07-30 12:17:10,82,0,3050,2
2026-07-30 12:17:11,78,0,3050,2
2026-07-30 12:17:12,80,0,3050,2
2026-07-30 12:17:13,78,0,3050,2
2026-07-30 12:17:14,77,0,3050,2
2026-07-30 12:17:15,84,0,3050,2
2026-07-30 12:17:16,78,0,3050,2
2026-07-30 12:17:17,81,0,3050,2
2026-07-30 12:17:18,79,0,3050,2
2026-07-30 12:17:19,83,0,3050,2
2026-07-30 12:17:20,81,0,3050,2
2026-07-30 12:17:21,83,0,3050,2
2026-07-30 12:17:22,80,0,3050,2
2026-07-30 12:17:23,82,0,3050,2
2026-07-30 12:17:24,80,0,3050,2
2026-07-30 12:17:25,81,0,3050,2
2026-07-30 12:17:26,80,0,3050,2
2026-07-30 12:17:27,85,0,3050,2
2026-07-30 12:17:28,84,0,3050,2
2026-07-30 12:17:29,83,0,3050,2
2026-07-30 12:17:30,85,0,3050,2
2026-07-30 12:17:31,83,0,3050,2
2026-07-30 12:17:32,82,0,3050,2
2026-07-30 12:17:33,85,0,3050,2
2026-07-30 12:17:34,83,0,3050,2
2026-07-30 12:17:35,80,0,3050,2
2026-07-30 12:17:36,80,0,3050,2
2026-07-30 12:17:37,79,0,3050,2
2026-07-30 12:17:38,82,0,3050,2
2026-07-30 12:17:39,79,0,3050,2
2026-07-30 12:17:40,83,0,3050,2
2026-07-30 12:17:41,84,0,3050,2
2026-07-30 12:17:42,83,0,3050,2
2026-07-30 12:17:43,79,0,3050,2
2026-07-30 12:17:44,81,0,3050,2
2026-07-30 12:17:45,90,0,3050,2
2026-07-30 12:17:46,82,0,3050,2
2026-07-30 12:17:47,82,0,3050,2
2026-07-30 12:17:48,80,0,3050,2
2026-07-30 12:17:49,80,0,3050,2
2026-07-30 12:17:50,80,0,3050,2
2026-07-30 12:17:51,83,0,3050,2
2026-07-30 12:17:52,81,0,3050,2
2026-07-30 12:17:53,81,0,3050,2
2026-07-30 12:17:54,80,0,3050,2
2026-07-30 12:17:55,77,0,3050,2
2026-07-30 12:17:56,80,0,3050,2
2026-07-30 12:17:57,87,0,3050,2
2026-07-30 12:17:58,85,0,3050,2
2026-07-30 12:17:59,82,0,3050,2
2026-07-30 12:18:00,84,0,3050,2
2026-07-30 12:18:01,82,0,3050,2
2026-07-30 12:18:02,83,0,3050,2
2026-07-30 12:18:03,86,0,3050,2
2026-07-30 12:18:04,79,0,3050,2
2026-07-30 12:18:05,82,0,3050,2
2026-07-30 12:18:06,83,0,3050,2
2026-07-30 12:18:07,76,0,3050,2
2026-07-30 12:18:08,82,0,3050,2
2026-07-30 12:18:09,81,0,3050,2
2026-07-30 12:18:10,83,0,3050,2
2026-07-30 12:18:11,83,0,3050,2
2026-07-30 12:18:12,78,0,3050,2
2026-07-30 12:18:13,76,0,3050,2
2026-07-30 12:18:14,79,0,3050,2
2026-07-30 12:18:15,78,0,3050,2
2026-07-30 12:18:16,82,0,3050,2
2026-07-30 12:18:17,80,0,3050,2
2026-07-30 12:18:18,79,0,3050,2
2026-07-30 12:18:19,81,0,3050,2
2026-07-30 12:18:20,83,0,3050,2
2026-07-30 12:18:21,80,0,3050,2
2026-07-30 12:18:22,82,0,3050,2
2026-07-30 12:18:23,79,0,3050,2
2026-07-30 12:18:24,79,0,3050,2
2026-07-30 12:18:25,82,0,3050,2
2026-07-30 12:18:26,83,0,3050,2
2026-07-30 12:18:27,84,0,3050,2
2026-07-30 12:18:28,84,0,3050,2
2026-07-30 12:18:29,78,0,3050,2
2026-07-30 12:18:30,85,0,3050,2
2026-07-30 12:18:31,78,0,3050,2
2026-07-30 12:18:32,83,0,3050,2
2026-07-30 12:18:33,85,0,3050,2
2026-07-30 12:18:34,78,0,3050,2
2026-07-30 12:18:35,77,0,3050,2
2026-07-30 12:18:36,78,0,3050,2
2026-07-30 12:18:37,83,0,3050,2
2026-07-30 12:18:38,87,0,3050,2
2026-07-30 12:18:39,81,0,3050,2
2026-07-30 12:18:40,80,0,3050,2
2026-07-30 12:18:41,84,0,3050,2
2026-07-30 12:18:42,79,0,3050,2
2026-07-30 12:18:43,85,0,3050,2
2026-07-30 12:18:44,80,0,3050,2
2026-07-30 12:18:45,81,0,3050,2
2026-07-30 12:18:46,82,0,3050,2
2026-07-30 12:18:47,82,0,3050,2
2026-07-30 12:18:48,81,0,3050,2
2026-07-30 12:18:49,81,0,3050,2
2026-07-30 12:18:50,84,0,3050,2
2026-07-30 12:18:51,81,0,3050,2
2026-07-30 12:18:52,86,0,3050,2
2026-07-30 12:18:53,80,0,3050,2
2026-07-30 12:18:54,80,0,3050,2
2026-07-30 12:18:55,77,0,3050,2
2026-07-30 12:18:56,79,0,3050,2
2026-07-30 12:18:57,83,0,3050,2
2026-07-30 12:18:58,80,0,3050,2
2026-07-30 12:18:59,84,0,3050,2
2026-07-30 12:19:00,86,0,3050,2
2026-07-30 12:19:01,82,0,3050,2
2026-07-30 12:19:02,85,0,3050,2
2026-07-30 12:19:03,83,0,3050,2
2026-07-30 12:19:04,79,0,3050,2
2026-07-30 12:19:05,80,0,3050,2
2026-07-30 12:19:06,84,0,3050,2
2026-07-30 12:19:07,83,0,3050,2
2026-07-30 12:19:08,85,0,3050,2
2026-07-30 12:19:09,84,0,3050,2
2026-07-30 12:19:10,82,0,3050,2
2026-07-30 12:19:11,81,0,3050,2
2026-07-30 12:19:12,81,0,3050,2
2026-07-30 12:19:13,79,0,3050,2
2026-07-30 12:19:14,82,0,3050,2
2026-07-30 12:19:15,78,0,3050,2
2026-07-30 12:19:16,79,0,3050,2
2026-07-30 12:19:17,82,0,3050,2
2026-07-30 12:19:18,82,0,3050,2
2026-07-30 12:19:19,81,0,3050,2
2026-07-30 12:19:20,86,0,3050,2
2026-07-30 12:19:21,83,0,3050,2
2026-07-30 12:19:22,82,0,3050,2
2026-07-30 12:19:23,80,0,3050,2
2026-07-30 12:19:24,79,0,3050,2
2026-07-30 12:19:25,82,0,3050,2
2026-07-30 12:19:26,83,0,3050,2
2026-07-30 12:19:27,81,0,3050,2
2026-07-30 12:19:28,80,0,3050,2
2026-07-30 12:19:29,79,0,3050,2
2026-07-30 12:19:30,80,0,3050,2
2026-07-30 12:19:31,82,0,3050,2
2026-07-30 12:19:32,81,0,3050,2
2026-07-30 12:19:33,84,0,3050,2
2026-07-30 12:19:34,82,0,3050,2
2026-07-30 12:19:35,81,0,3050,2
2026-07-30 12:19:36,82,0,3050,2
2026-07-30 12:19:37,82,0,3050,2
2026-07-30 12:19:38,85,0,3050,2
2026-07-30 12:19:39,81,0,3050,2
2026-07-30 12:19:40,84,0,3050,2
2026-07-30 12:19:41,83,0,3050,2
2026-07-30 12:19:42,81,0,3050,2
2026-07-30 12:19:43,81,0,3050,2
2026-07-30 12:19:44,83,0,3050,2
2026-07-30 12:19:45,81,0,3050,2
2026-07-30 12:19:46,79,0,3050,2
2026-07-30 12:19:47,83,0,3050,2
2026-07-30 12:19:48,79,0,3050,2
2026-07-30 12:19:49,82,0,3050,2
2026-07-30 12:19:50,78,0,3050,2
2026-07-30 12:19:51,82,0,3050,2
2026-07-30 12:19:52,79,0,3050,2
2026-07-30 12:19:53,81,0,3050,2
2026-07-30 12:19:54,83,0,3050,2
2026-07-30 12:19:55,80,0,3050,2
2026-07-30 12:19:56,84,0,3050,2
2026-07-30 12:19:57,82,0,3050,2
2026-07-30 12:19:58,83,0,3050,2
2026-07-30 12:19:59,81,0,3050,2
2026-07-30 12:20:00,81,0,3050,2
2026-07-30 12:20:01,80,0,3050,2
2026-07-30 12:20:02,76,0,3050,2
2026-07-30 12:20:03,86,0,3050,2
2026-07-30 12:20:04,80,0,3050,2
2026-07-30 12:20:05,84,0,3050,2
2026-07-30 12:20:06,85,0,3050,2
2026-07-30 12:20:07,82,0,3050,2
2026-07-30 12:20:08,83,0,3050,2
2026-07-30 12:20:09,78,0,3050,2
2026-07-30 12:20:10,84,0,3050,2
2026-07-30 12:20:11,83,0,3050,2
2026-07-30 12:20:12,83,0,3050,2
2026-07-30 12:20:13,78,0,3050,2
2026-07-30 12:20:14,84,0,3050,2
2026-07-30 12:20:15,81,0,3050,2
2026-07-30 12:20:16,80,0,3050,2
2026-07-30 12:20:17,85,0,3050,2
2026-07-30 12:20:18,81,0,3050,2
2026-07-30 12:20:19,79,0,3050,2
2026-07-30 12:20:20,81,0,3050,2
2026-07-30 12:20:21,83,0,3050,2
2026-07-30 12:20:22,80,0,3050,2
2026-07-30 12:20:23,79,0,3050,2
2026-07-30 12:20:24,85,0,3050,2
2026-07-30 12:20:25,84,0,3050,2
2026-07-30 12:20:26,83,0,3050,2
2026-07-30 12:20:27,78,0,3050,2
2026-07-30 12:20:28,81,0,3050,2
2026-07-30 12:20:29,86,0,3050,2
2026-07-30 12:20:30,82,0,3050,2
2026-07-30 12:20:31,86,0,3050,2
2026-07-30 12:20:33,83,0,3050,2
2026-07-30 12:20:33,81,0,3050,2
2026-07-30 12:20:34,79,0,3050,2
2026-07-30 12:20:35,80,0,3050,2
2026-07-30 12:20:36,81,0,3050,2
2026-07-30 12:20:37,86,0,3050,2
2026-07-30 12:20:38,83,0,3050,2
2026-07-30 12:20:39,88,0,3050,2
2026-07-30 12:20:40,84,0,3050,2
2026-07-30 12:20:41,85,0,3050,2
2026-07-30 12:20:42,78,0,3050,2
2026-07-30 12:20:43,85,0,3050,2
2026-07-30 12:20:44,82,0,3050,2
2026-07-30 12:20:45,83,0,3050,2
2026-07-30 12:20:46,76,0,3050,2
2026-07-30 12:20:47,82,0,3050,2
2026-07-30 12:20:48,79,0,3050,2
2026-07-30 12:20:49,80,0,3050,2
2026-07-30 12:20:50,79,0,3050,2
2026-07-30 12:20:51,86,0,3050,2
2026-07-30 12:20:52,83,0,3050,2
2026-07-30 12:20:53,77,0,3050,2
2026-07-30 12:20:54,82,0,3050,2
2026-07-30 12:20:55,81,0,3050,2
2026-07-30 12:20:56,83,0,3050,2
2026-07-30 12:20:57,84,0,3050,2
2026-07-30 12:20:58,82,0,3050,2
2026-07-30 12:20:59,82,0,3050,2
2026-07-30 12:21:00,83,0,3050,2
2026-07-30 12:21:01,80,0,3050,2
2026-07-30 12:21:02,82,0,3050,2
2026-07-30 12:21:03,81,0,3050,2
2026-07-30 12:21:04,81,0,3050,2
2026-07-30 12:21:05,82,0,3050,2
2026-07-30 12:21:06,80,0,3050,2
2026-07-30 12:21:07,82,0,3050,2
2026-07-30 12:21:08,84,0,3050,2
2026-07-30 12:21:09,81,0,3050,2
2026-07-30 12:21:10,83,0,3050,2
2026-07-30 12:21:11,82,0,3050,2
2026-07-30 12:21:12,84,0,3050,2
2026-07-30 12:21:13,84,0,3050,2
2026-07-30 12:21:14,83,0,3050,2
2026-07-30 12:21:15,79,0,3050,2
2026-07-30 12:21:16,87,0,3050,2
2026-07-30 12:21:17,79,0,3050,2
2026-07-30 12:21:18,86,0,3050,2
2026-07-30 12:21:19,81,0,3050,2
2026-07-30 12:21:20,80,0,3050,2
2026-07-30 12:21:21,80,0,3050,2
2026-07-30 12:21:22,86,0,3050,2
2026-07-30 12:21:23,80,0,3050,2
2026-07-30 12:21:24,81,0,3050,2
2026-07-30 12:21:25,84,0,3050,2
2026-07-30 12:21:26,81,0,3050,2
2026-07-30 12:21:27,86,0,3050,2
2026-07-30 12:21:28,83,0,3050,2
2026-07-30 12:21:29,86,0,3050,2
2026-07-30 12:21:30,80,0,3050,2
2026-07-30 12:21:31,79,0,3050,2
2026-07-30 12:21:32,87,0,3050,2
2026-07-30 12:21:33,83,0,3050,2
2026-07-30 12:21:34,85,0,3050,2
2026-07-30 12:21:35,79,0,3050,2
2026-07-30 12:21:36,82,0,3050,2
2026-07-30 12:21:37,80,0,3050,2
2026-07-30 12:21:38,80,0,3050,2
2026-07-30 12:21:39,80,0,3050,2
2026-07-30 12:21:40,78,0,3050,2
2026-07-30 12:21:41,82,0,3050,2
2026-07-30 12:21:42,82,0,3050,2
2026-07-30 12:21:43,84,0,3050,2
2026-07-30 12:21:44,83,0,3050,2
2026-07-30 12:21:45,80,0,3050,2
2026-07-30 12:21:46,80,0,3050,2
2026-07-30 12:21:47,83,0,3050,2
2026-07-30 12:21:48,79,0,3050,2
2026-07-30 12:21:49,82,0,3050,2
2026-07-30 12:21:50,84,0,3050,2
2026-07-30 12:21:51,77,0,3050,2
2026-07-30 12:21:52,83,0,3050,2
2026-07-30 12:21:53,77,0,3050,2
2026-07-30 12:21:54,83,0,3050,2
2026-07-30 12:21:55,79,0,3050,2
2026-07-30 12:21:56,83,0,3050,2
2026-07-30 12:21:57,80,0,3050,2
2026-07-30 12:21:58,84,0,3050,2
2026-07-30 12:21:59,87,0,3050,2
2026-07-30 12:22:00,83,0,3050,2
2026-07-30 12:22:01,83,0,3050,2
2026-07-30 12:22:02,82,0,3050,2
2026-07-30 12:22:03,81,0,3050,2
2026-07-30 12:22:04,80,0,3050,2
2026-07-30 12:22:05,81,0,3050,2
2026-07-30 12:22:06,86,0,3050,2
2026-07-30 12:22:07,82,0,3050,2
2026-07-30 12:22:08,80,0,3050,2
2026-07-30 12:22:09,84,0,3050,2
2026-07-30 12:22:10,83,0,3050,2
2026-07-30 12:22:11,84,0,3050,2
2026-07-30 12:22:12,80,0,3050,2
2026-07-30 12:22:13,81,0,3050,2
2026-07-30 12:22:14,81,0,3050,2
2026-07-30 12:22:15,81,0,3050,2
2026-07-30 12:22:16,83,0,3050,2
2026-07-30 12:22:17,84,0,3050,2
2026-07-30 12:22:18,82,0,3050,2
2026-07-30 12:22:19,83,0,3050,2
2026-07-30 12:22:21,80,0,3050,2
2026-07-30 12:22:21,80,0,3050,2
2026-07-30 12:22:22,82,0,3050,2
2026-07-30 12:22:23,81,0,3050,2
2026-07-30 12:22:24,87,0,3050,2
2026-07-30 12:22:25,83,0,3050,2
2026-07-30 12:22:26,88,0,3050,2
2026-07-30 12:22:27,83,0,3050,2
2026-07-30 12:22:28,84,0,3050,2
2026-07-30 12:22:29,80,0,3050,2
2026-07-30 12:22:30,81,0,3050,2
2026-07-30 12:22:31,86,0,3050,2
2026-07-30 12:22:32,84,0,3050,2
2026-07-30 12:22:33,85,0,3050,2
2026-07-30 12:22:34,81,3050,3050,2
2026-07-30 12:22:35,80,0,3050,2
2026-07-30 12:22:36,83,0,3050,2
2026-07-30 12:22:37,83,0,3050,2
2026-07-30 12:22:38,79,0,3050,2
2026-07-30 12:22:39,83,0,3050,2
2026-07-30 12:22:40,83,0,3050,2
2026-07-30 12:22:41,80,0,3050,2
2026-07-30 12:22:42,83,0,3050,2
2026-07-30 12:22:43,86,0,3050,2
2026-07-30 12:22:44,86,0,3050,2
2026-07-30 12:22:45,77,0,3050,2
2026-07-30 12:22:46,84,0,3050,2
2026-07-30 12:22:47,80,0,3050,2
2026-07-30 12:22:48,83,0,3050,2
2026-07-30 12:22:49,82,0,3050,2
2026-07-30 12:22:50,84,0,3050,2
2026-07-30 12:22:51,77,0,3050,2
2026-07-30 12:22:52,82,0,3050,2
2026-07-30 12:22:53,83,0,3050,2
2026-07-30 12:22:54,77,0,3050,2
2026-07-30 12:22:55,84,0,3050,2
2026-07-30 12:22:56,84,0,3050,2
2026-07-30 12:22:57,83,0,3050,2
2026-07-30 12:22:58,82,0,3050,2
2026-07-30 12:22:59,83,0,3050,2
2026-07-30 12:23:00,85,0,3050,2
2026-07-30 12:23:01,86,0,3050,2
2026-07-30 12:23:02,83,0,3050,2
2026-07-30 12:23:03,78,0,3050,2
2026-07-30 12:23:04,81,0,3050,2
2026-07-30 12:23:05,77,0,3050,2
2026-07-30 12:23:06,80,0,3050,2
2026-07-30 12:23:07,82,0,3050,2
2026-07-30 12:23:08,79,0,3050,2
2026-07-30 12:23:09,85,0,3050,2
2026-07-30 12:23:10,86,0,3050,2
2026-07-30 12:23:11,81,0,3050,2
2026-07-30 12:23:12,79,0,3050,2
2026-07-30 12:23:13,83,0,3050,2
2026-07-30 12:23:14,80,0,3050,2
2026-07-30 12:23:15,82,0,3050,2
2026-07-30 12:23:16,80,0,3050,2
2026-07-30 12:23:17,86,0,3050,2
2026-07-30 12:23:18,81,0,3050,2
2026-07-30 12:23:19,78,0,3050,2
2026-07-30 12:23:20,84,0,3050,2
2026-07-30 12:23:21,80,0,3050,2
2026-07-30 12:23:22,80,0,3050,2
2026-07-30 12:23:23,81,0,3050,2
2026-07-30 12:23:24,83,0,3050,2
2026-07-30 12:23:25,83,0,3050,2
2026-07-30 12:23:26,78,0,3050,2
2026-07-30 12:23:27,78,0,3050,2
2026-07-30 12:23:28,77,0,3050,2
2026-07-30 12:23:29,78,0,3050,2
2026-07-30 12:23:30,82,0,3050,2
2026-07-30 12:23:31,86,0,3050,2
2026-07-30 12:23:32,83,0,3050,2
2026-07-30 12:23:33,81,0,3050,2
2026-07-30 12:23:34,78,0,3050,2
2026-07-30 12:23:35,77,0,3050,2
2026-07-30 12:23:36,81,0,3050,2
2026-07-30 12:23:37,81,0,3050,2
2026-07-30 12:23:38,83,0,3050,2
2026-07-30 12:23:39,84,0,3050,2
2026-07-30 12:23:40,75,0,3050,2
2026-07-30 12:23:41,77,0,3050,2
2026-07-30 12:23:42,81,0,3050,2
2026-07-30 12:23:43,83,0,3050,2
2026-07-30 12:23:44,84,0,3050,2
2026-07-30 12:23:45,81,0,3050,2
2026-07-30 12:23:46,83,0,3050,2
2026-07-30 12:23:47,79,0,3050,2
2026-07-30 12:23:48,86,0,3050,2
2026-07-30 12:23:49,83,0,3050,2
2026-07-30 12:23:52,87,0,3050,2
2026-07-30 12:23:52,83,0,3050,2
2026-07-30 12:23:52,78,0,3050,2
2026-07-30 12:23:53,80,0,3050,2
2026-07-30 12:23:54,79,0,3050,2
2026-07-30 12:23:55,79,0,3050,2
2026-07-30 12:23:56,81,0,3050,2
2026-07-30 12:23:57,80,0,3050,2
2026-07-30 12:23:58,82,0,3050,2
2026-07-30 12:23:59,85,0,3050,2
2026-07-30 12:24:00,87,0,3050,2
2026-07-30 12:24:01,85,0,3050,2
2026-07-30 12:24:02,83,0,3050,2
2026-07-30 12:24:03,83,0,3050,2
2026-07-30 12:24:04,83,0,3050,2
2026-07-30 12:24:05,85,0,3050,2
2026-07-30 12:24:06,80,0,3050,2
2026-07-30 12:24:07,81,0,3050,2
2026-07-30 12:24:08,83,0,3050,2
2026-07-30 12:24:09,87,0,3050,2
2026-07-30 12:24:10,78,0,3050,2
2026-07-30 12:24:11,88,0,3050,2
2026-07-30 12:24:12,79,0,3050,2
2026-07-30 12:24:13,84,3050,3050,2
2026-07-30 12:24:14,83,0,3050,2
2026-07-30 12:24:15,82,0,3050,2
2026-07-30 12:24:16,84,0,3050,2
2026-07-30 12:24:17,83,0,3050,2
2026-07-30 12:24:18,82,0,3050,2
2026-07-30 12:24:19,81,0,3050,2
2026-07-30 12:24:20,83,0,3050,2
2026-07-30 12:24:21,77,0,3050,2
2026-07-30 12:24:22,80,0,3050,2
2026-07-30 12:24:23,82,0,3050,2
2026-07-30 12:24:24,83,0,3050,2
2026-07-30 12:24:25,84,0,3050,2
2026-07-30 12:24:27,80,0,3050,2
2026-07-30 12:24:27,82,0,3050,2
2026-07-30 12:24:28,82,0,3050,2
2026-07-30 12:24:29,79,0,3050,2
2026-07-30 12:24:30,82,0,3050,2
2026-07-30 12:24:31,83,0,3050,2
2026-07-30 12:24:32,78,0,3050,2
2026-07-30 12:24:33,80,0,3050,2
2026-07-30 12:24:34,81,0,3050,2
2026-07-30 12:24:35,81,0,3050,2
2026-07-30 12:24:36,79,0,3050,2
2026-07-30 12:24:37,82,0,3050,2
2026-07-30 12:24:38,80,0,3050,2
2026-07-30 12:24:39,78,0,3050,2
2026-07-30 12:24:40,86,0,3050,2
2026-07-30 12:24:41,85,0,3050,2
2026-07-30 12:24:42,83,0,3050,2
2026-07-30 12:24:43,82,0,3050,2
2026-07-30 12:24:44,88,0,3050,2
2026-07-30 12:24:45,81,0,3050,2
2026-07-30 12:24:46,82,0,3050,2
2026-07-30 12:24:47,82,0,3050,2
2026-07-30 12:24:48,86,0,3050,2
2026-07-30 12:24:49,85,0,3050,2
2026-07-30 12:24:50,80,0,3050,2
2026-07-30 12:24:51,84,0,3050,2
2026-07-30 12:24:52,83,0,3050,2
2026-07-30 12:24:53,82,0,3050,2
2026-07-30 12:24:54,82,0,3050,2
2026-07-30 12:24:55,82,0,3050,2
2026-07-30 12:24:56,81,0,3050,2
2026-07-30 12:24:57,80,0,3050,2
2026-07-30 12:24:58,83,0,3050,2
2026-07-30 12:24:59,86,0,3050,2
2026-07-30 12:25:00,82,0,3050,2
2026-07-30 12:25:01,83,0,3050,2
2026-07-30 12:25:02,81,0,3050,2
2026-07-30 12:25:03,82,0,3050,2
2026-07-30 12:25:04,78,0,3050,2
2026-07-30 12:25:05,82,0,3050,2
2026-07-30 12:25:06,82,0,3050,2
2026-07-30 12:25:07,83,0,3050,2
2026-07-30 12:25:08,86,0,3050,2
2026-07-30 12:25:09,85,0,3050,2
2026-07-30 12:25:10,82,0,3050,2
2026-07-30 12:25:11,83,0,3050,2
2026-07-30 12:25:12,83,0,3050,2
2026-07-30 12:25:13,77,0,3050,2
2026-07-30 12:25:14,83,0,3050,2
2026-07-30 12:25:15,82,0,3050,2
2026-07-30 12:25:16,79,0,3050,2
2026-07-30 12:25:17,80,0,3050,2
2026-07-30 12:25:18,76,0,3050,2
2026-07-30 12:25:19,75,0,3050,2
2026-07-30 12:25:20,85,0,3050,2
2026-07-30 12:25:21,81,0,3050,2
2026-07-30 12:25:22,80,0,3050,2
2026-07-30 12:25:23,84,0,3050,2
2026-07-30 12:25:24,78,0,3050,2
2026-07-30 12:25:25,85,0,3050,2
2026-07-30 12:25:26,81,0,3050,2
2026-07-30 12:25:27,88,0,3050,2
2026-07-30 12:25:28,86,0,3050,2
2026-07-30 12:25:29,85,0,3050,2
2026-07-30 12:25:30,85,0,3050,2
2026-07-30 12:25:31,81,0,3050,2
2026-07-30 12:25:32,82,0,3050,2
2026-07-30 12:25:33,82,0,3050,2
2026-07-30 12:25:34,79,0,3050,2
2026-07-30 12:25:35,81,0,3050,2
2026-07-30 12:25:36,85,0,3050,2
2026-07-30 12:25:37,82,0,3050,2
2026-07-30 12:25:38,82,0,3050,2
2026-07-30 12:25:39,82,0,3050,2
2026-07-30 12:25:40,83,0,3050,2
2026-07-30 12:25:41,84,0,3050,2
2026-07-30 12:25:42,89,0,3050,2
2026-07-30 12:25:43,78,0,3050,2
2026-07-30 12:25:44,81,0,3050,2
2026-07-30 12:25:45,86,0,3050,2
2026-07-30 12:25:46,85,0,3050,2
2026-07-30 12:25:47,82,0,3050,2
2026-07-30 12:25:48,84,0,3050,2
2026-07-30 12:25:49,87,0,3050,2
2026-07-30 12:25:50,84,0,3050,2
2026-07-30 12:25:51,80,0,3050,2
2026-07-30 12:25:52,82,0,3050,2
2026-07-30 12:25:53,79,0,3050,2
2026-07-30 12:25:54,83,0,3050,2
2026-07-30 12:25:55,83,0,3050,2
2026-07-30 12:25:56,80,0,3050,2
2026-07-30 12:25:57,82,0,3050,2
2026-07-30 12:25:58,78,0,3050,2
2026-07-30 12:25:59,80,0,3050,2
2026-07-30 12:26:00,82,0,3050,2
2026-07-30 12:26:01,85,0,3050,2
2026-07-30 12:26:02,86,0,3050,2
2026-07-30 12:26:03,85,0,3050,2
2026-07-30 12:26:04,83,0,3050,2
2026-07-30 12:26:05,85,0,3050,2
2026-07-30 12:26:06,79,0,3050,2
2026-07-30 12:26:07,79,0,3050,2
2026-07-30 12:26:08,81,0,3050,2
2026-07-30 12:26:09,80,0,3050,2
2026-07-30 12:26:10,84,0,3050,2
2026-07-30 12:26:11,81,0,3050,2
2026-07-30 12:26:12,77,0,3050,2
2026-07-30 12:26:13,78,0,3050,2
2026-07-30 12:26:14,79,0,3050,2
2026-07-30 12:26:15,81,0,3050,2
2026-07-30 12:26:16,86,0,3050,2
2026-07-30 12:26:17,83,0,3050,2
2026-07-30 12:26:18,80,0,3050,2
2026-07-30 12:26:19,85,0,3050,2
2026-07-30 12:26:20,80,0,3050,2
2026-07-30 12:26:21,81,0,3050,2
2026-07-30 12:26:22,82,0,3050,2
2026-07-30 12:26:23,80,0,3050,2
2026-07-30 12:26:24,81,0,3050,2
2026-07-30 12:26:25,82,0,3050,2
2026-07-30 12:26:26,82,0,3050,2
2026-07-30 12:26:27,84,0,3050,2
2026-07-30 12:26:28,83,0,3050,2
2026-07-30 12:26:29,75,0,3050,2
2026-07-30 12:26:30,81,0,3050,2
2026-07-30 12:26:31,79,0,3050,2
2026-07-30 12:26:32,83,0,3050,2
2026-07-30 12:26:33,85,0,3050,2
2026-07-30 12:26:34,78,0,3050,2
2026-07-30 12:26:35,82,0,3050,2
2026-07-30 12:26:36,79,0,3050,2
2026-07-30 12:26:37,86,0,3050,2
2026-07-30 12:26:38,79,0,3050,2
2026-07-30 12:26:39,85,0,3050,2
2026-07-30 12:26:40,81,0,3050,2
2026-07-30 12:26:41,83,0,3050,2
2026-07-30 12:26:42,82,0,3050,2
2026-07-30 12:26:43,83,0,3050,2
2026-07-30 12:26:44,81,0,3050,2
2026-07-30 12:26:45,82,0,3050,2
2026-07-30 12:26:46,84,0,3050,2
2026-07-30 12:26:47,86,0,3050,2
2026-07-30 12:26:48,81,0,3050,2
2026-07-30 12:26:49,84,0,3050,2
2026-07-30 12:26:50,82,0,3050,2
2026-07-30 12:26:51,82,0,3050,2
2026-07-30 12:26:52,82,0,3050,2
2026-07-30 12:26:53,83,0,3050,2
2026-07-30 12:26:54,80,0,3050,2
2026-07-30 12:26:55,84,0,3050,2
2026-07-30 12:26:56,79,0,3050,2
2026-07-30 12:26:57,83,0,3050,2
2026-07-30 12:26:58,79,0,3050,2
2026-07-30 12:26:59,85,0,3050,2
2026-07-30 12:27:00,82,0,3050,2
2026-07-30 12:27:01,81,0,3050,2
2026-07-30 12:27:02,84,0,3050,2
2026-07-30 12:27:03,87,0,3050,2
2026-07-30 12:27:04,88,0,3050,2
2026-07-30 12:27:05,80,0,3050,2
2026-07-30 12:27:06,80,0,3050,2
2026-07-30 12:27:07,83,0,3050,2
2026-07-30 12:27:08,82,0,3050,2
2026-07-30 12:27:09,80,0,3050,2
2026-07-30 12:27:10,85,0,3050,2
2026-07-30 12:27:11,81,0,3050,2
2026-07-30 12:27:12,80,0,3050,2
2026-07-30 12:27:13,80,0,3050,2
2026-07-30 12:27:14,85,0,3050,2
2026-07-30 12:27:15,80,0,3050,2
2026-07-30 12:27:16,81,0,3050,2
2026-07-30 12:27:17,82,0,3050,2
2026-07-30 12:27:18,76,0,3050,2
2026-07-30 12:27:19,79,0,3050,2
2026-07-30 12:27:21,83,0,3050,2
2026-07-30 12:27:21,80,0,3050,2
2026-07-30 12:27:22,78,0,3050,2
2026-07-30 12:27:23,79,0,3050,2
2026-07-30 12:27:24,82,0,3050,2
2026-07-30 12:27:25,86,0,3050,2
2026-07-30 12:27:26,79,0,3050,2
2026-07-30 12:27:27,82,0,3050,2
2026-07-30 12:27:28,79,0,3050,2
2026-07-30 12:27:29,79,0,3050,2
2026-07-30 12:27:30,81,0,3050,2
2026-07-30 12:27:31,79,0,3050,2
2026-07-30 12:27:32,82,0,3050,2
2026-07-30 12:27:33,81,0,3050,2
2026-07-30 12:27:34,82,0,3050,2
2026-07-30 12:27:35,83,0,3050,2
2026-07-30 12:27:36,83,0,3050,2
2026-07-30 12:27:37,80,0,3050,2
2026-07-30 12:27:38,81,0,3050,2
2026-07-30 12:27:39,82,0,3050,2
2026-07-30 12:27:40,79,0,3050,2
2026-07-30 12:27:41,77,0,3050,2
2026-07-30 12:27:42,84,0,3050,2
2026-07-30 12:27:43,78,0,3050,2
2026-07-30 12:27:44,83,0,3050,2
2026-07-30 12:27:45,79,0,3050,2
2026-07-30 12:27:46,84,0,3050,2
2026-07-30 12:27:47,79,0,3050,2
2026-07-30 12:27:48,83,0,3050,2
2026-07-30 12:27:49,76,0,3050,2
2026-07-30 12:27:50,83,0,3050,2
2026-07-30 12:27:51,79,0,3050,2
2026-07-30 12:27:52,86,0,3050,2
2026-07-30 12:27:53,81,0,3050,2
2026-07-30 12:27:54,78,0,3050,2
2026-07-30 12:27:55,81,0,3050,2
2026-07-30 12:27:56,80,0,3050,2
2026-07-30 12:27:57,86,0,3050,2
2026-07-30 12:27:58,78,0,3050,2
2026-07-30 12:27:59,81,0,3050,2
2026-07-30 12:28:00,79,0,3050,2
2026-07-30 12:28:01,80,0,3050,2
2026-07-30 12:28:02,82,0,3050,2
2026-07-30 12:28:03,77,0,3050,2
2026-07-30 12:28:04,83,0,3050,2
2026-07-30 12:28:05,77,0,3050,2
2026-07-30 12:28:07,81,0,3050,2
2026-07-30 12:28:07,80,0,3050,2
2026-07-30 12:28:08,81,0,3050,2
2026-07-30 12:28:09,82,0,3050,2
2026-07-30 12:28:10,88,0,3050,2
2026-07-30 12:28:11,80,0,3050,2
2026-07-30 12:28:12,82,0,3050,2
2026-07-30 12:28:13,83,0,3050,2
2026-07-30 12:28:14,84,0,3050,2
2026-07-30 12:28:15,82,0,3050,2
2026-07-30 12:28:16,79,0,3050,2
2026-07-30 12:28:17,84,0,3050,2
2026-07-30 12:28:18,82,0,3050,2
2026-07-30 12:28:19,83,0,3050,2
2026-07-30 12:28:20,76,0,3050,2
2026-07-30 12:28:21,80,0,3050,2
2026-07-30 12:28:22,82,0,3050,2
2026-07-30 12:28:23,83,0,3050,2
2026-07-30 12:28:24,83,0,3050,2
2026-07-30 12:28:25,85,0,3050,2
2026-07-30 12:28:26,81,0,3050,2
2026-07-30 12:28:27,83,0,3050,2
2026-07-30 12:28:28,87,0,3050,2
2026-07-30 12:28:29,82,0,3050,2
2026-07-30 12:28:30,80,0,3050,2
2026-07-30 12:28:31,81,0,3050,2
2026-07-30 12:28:32,84,0,3050,2
2026-07-30 12:28:33,82,0,3050,2
2026-07-30 12:28:34,79,0,3050,2
2026-07-30 12:28:35,84,0,3050,2
2026-07-30 12:28:36,86,0,3050,2
2026-07-30 12:28:37,83,0,3050,2
2026-07-30 12:28:38,82,0,3050,2
2026-07-30 12:28:39,82,0,3050,2
2026-07-30 12:28:40,77,0,3050,2
2026-07-30 12:28:41,81,0,3050,2
2026-07-30 12:28:42,84,0,3050,2
2026-07-30 12:28:43,77,0,3050,2
2026-07-30 12:28:44,83,0,3050,2
2026-07-30 12:28:45,82,0,3050,2
2026-07-30 12:28:46,82,3050,3050,2
2026-07-30 12:28:47,83,0,3050,2
2026-07-30 12:28:48,81,0,3050,2
2026-07-30 12:28:49,80,0,3050,2
2026-07-30 12:28:50,79,0,3050,2
2026-07-30 12:28:51,83,0,3050,2
2026-07-30 12:28:52,81,0,3050,2
2026-07-30 12:28:53,76,0,3050,2
2026-07-30 12:28:54,82,0,3050,2
2026-07-30 12:28:55,81,0,3050,2
2026-07-30 12:28:56,83,0,3050,2
2026-07-30 12:28:57,87,0,3050,2
2026-07-30 12:28:58,79,0,3050,2
2026-07-30 12:28:59,82,0,3050,2
2026-07-30 12:29:00,79,0,3050,2
2026-07-30 12:29:01,82,0,3050,2
2026-07-30 12:29:02,78,0,3050,2
2026-07-30 12:29:03,79,0,3050,2
2026-07-30 12:29:04,84,0,3050,2
2026-07-30 12:29:05,85,0,3050,2
2026-07-30 12:29:06,82,0,3050,2
2026-07-30 12:29:07,82,0,3050,2
2026-07-30 12:29:08,79,0,3050,2
2026-07-30 12:29:09,82,0,3050,2
2026-07-30 12:29:10,79,0,3050,2
2026-07-30 12:29:11,78,0,3050,2
2026-07-30 12:29:12,80,0,3050,2
2026-07-30 12:29:13,78,0,3050,2
2026-07-30 12:29:14,78,0,3050,2
2026-07-30 12:29:15,79,0,3050,2
2026-07-30 12:29:16,83,0,3050,2
2026-07-30 12:29:17,78,0,3050,2
2026-07-30 12:29:18,83,0,3050,2
2026-07-30 12:29:19,82,0,3050,2
2026-07-30 12:29:20,81,0,3050,2
2026-07-30 12:29:21,76,0,3050,2
2026-07-30 12:29:22,78,0,3050,2
2026-07-30 12:29:23,78,0,3050,2
2026-07-30 12:29:24,81,0,3050,2
2026-07-30 12:29:25,81,0,3050,2
2026-07-30 12:29:26,81,0,3050,2
2026-07-30 12:29:27,81,0,3050,2
2026-07-30 12:29:28,84,0,3050,2
2026-07-30 12:29:29,80,0,3050,2
2026-07-30 12:29:30,78,0,3050,2
2026-07-30 12:29:31,78,0,3050,2
2026-07-30 12:29:32,82,0,3050,2
2026-07-30 12:29:33,82,0,3050,2
2026-07-30 12:29:34,83,0,3050,2
2026-07-30 12:29:35,81,0,3050,2
2026-07-30 12:29:36,81,0,3050,2
2026-07-30 12:29:37,83,0,3050,2
2026-07-30 12:29:38,82,0,3050,2
2026-07-30 12:29:39,81,0,3050,2
2026-07-30 12:29:40,80,0,3050,2
2026-07-30 12:29:41,82,0,3050,2
2026-07-30 12:29:42,78,0,3050,2
2026-07-30 12:29:43,81,0,3050,2
2026-07-30 12:29:44,82,0,3050,2
2026-07-30 12:29:45,80,0,3050,2
2026-07-30 12:29:46,82,0,3050,2
2026-07-30 12:29:47,80,0,3050,2
2026-07-30 12:29:48,81,0,3050,2
2026-07-30 12:29:49,80,0,3050,2
2026-07-30 12:29:50,84,0,3050,2
2026-07-30 12:29:51,80,0,3050,2
2026-07-30 12:29:52,79,0,3050,2
2026-07-30 12:29:53,81,0,3050,2
2026-07-30 12:29:54,78,0,3050,2
2026-07-30 12:29:55,84,0,3050,2
2026-07-30 12:29:56,78,0,3050,2
2026-07-30 12:29:57,81,0,3050,2
2026-07-30 12:29:58,80,0,3050,2
2026-07-30 12:29:59,80,0,3050,2
2026-07-30 12:30:00,83,0,3050,2
2026-07-30 12:30:01,80,0,3050,2
2026-07-30 12:30:02,83,0,3050,2
2026-07-30 12:30:03,84,0,3050,2
2026-07-30 12:30:04,83,0,3050,2
2026-07-30 12:30:05,77,0,3050,2
2026-07-30 12:30:06,80,0,3050,2
2026-07-30 12:30:07,80,0,3050,2
2026-07-30 12:30:08,85,0,3050,2
2026-07-30 12:30:09,82,0,3050,2
2026-07-30 12:30:10,84,0,3050,2
2026-07-30 12:30:11,82,0,3050,2
2026-07-30 12:30:12,78,0,3050,2
2026-07-30 12:30:13,80,0,3050,2
2026-07-30 12:30:14,82,0,3050,2
2026-07-30 12:30:15,79,0,3050,2
2026-07-30 12:30:16,81,0,3050,2
2026-07-30 12:30:17,77,0,3050,2
2026-07-30 12:30:18,79,0,3050,2
2026-07-30 12:30:19,82,0,3050,2
2026-07-30 12:30:20,82,0,3050,2
2026-07-30 12:30:21,79,0,3050,2
2026-07-30 12:30:22,81,0,3050,2
2026-07-30 12:30:23,85,0,3050,2
2026-07-30 12:30:24,84,0,3050,2
2026-07-30 12:30:25,76,0,3050,2
2026-07-30 12:30:26,81,0,3050,2
2026-07-30 12:30:27,79,0,3050,2
2026-07-30 12:30:28,82,0,3050,2
2026-07-30 12:30:29,87,0,3050,2
2026-07-30 12:30:30,76,0,3050,2
2026-07-30 12:30:31,82,0,3050,2
2026-07-30 12:30:32,83,0,3050,2
2026-07-30 12:30:33,76,0,3050,2
2026-07-30 12:30:34,81,0,3050,2
2026-07-30 12:30:35,81,0,3050,2
2026-07-30 12:30:36,78,0,3050,2
2026-07-30 12:30:37,84,0,3050,2
2026-07-30 12:30:38,86,0,3050,2
2026-07-30 12:30:39,82,0,3050,2
2026-07-30 12:30:40,79,0,3050,2
2026-07-30 12:30:41,82,0,3050,2
2026-07-30 12:30:42,86,0,3050,2
2026-07-30 12:30:43,82,0,3050,2
2026-07-30 12:30:44,84,0,3050,2
2026-07-30 12:30:45,81,0,3050,2
2026-07-30 12:30:46,79,0,3050,2
2026-07-30 12:30:47,83,0,3050,2
2026-07-30 12:30:48,83,0,3050,2
2026-07-30 12:30:49,80,0,3050,2
2026-07-30 12:30:50,78,0,3050,2
2026-07-30 12:30:51,83,0,3050,2
2026-07-30 12:30:52,77,0,3050,2
2026-07-30 12:30:53,80,0,3050,2
2026-07-30 12:30:54,79,0,3050,2
2026-07-30 12:30:55,83,0,3050,2
2026-07-30 12:30:56,80,0,3050,2
2026-07-30 12:30:57,78,0,3050,2
2026-07-30 12:30:58,82,0,3050,2
2026-07-30 12:30:59,82,0,3050,2
2026-07-30 12:31:00,82,0,3050,2
2026-07-30 12:31:01,79,0,3050,2
2026-07-30 12:31:02,85,0,3050,2
2026-07-30 12:31:03,80,0,3050,2
2026-07-30 12:31:04,80,0,3050,2
2026-07-30 12:31:05,81,0,3050,2
2026-07-30 12:31:06,78,0,3050,2
2026-07-30 12:31:07,81,0,3050,2
2026-07-30 12:31:08,82,0,3050,2
2026-07-30 12:31:09,82,0,3050,2
2026-07-30 12:31:10,87,0,3050,2
2026-07-30 12:31:11,78,0,3050,2
2026-07-30 12:31:12,81,0,3050,2
2026-07-30 12:31:13,83,0,3050,2
2026-07-30 12:31:14,81,0,3050,2
2026-07-30 12:31:15,80,0,3050,2
2026-07-30 12:31:16,84,0,3050,2
2026-07-30 12:31:17,81,0,3050,2
2026-07-30 12:31:18,77,0,3050,2
2026-07-30 12:31:19,82,0,3050,2
2026-07-30 12:31:20,80,0,3050,2
2026-07-30 12:31:21,76,0,3050,2
2026-07-30 12:31:22,81,0,3050,2
2026-07-30 12:31:23,79,0,3050,2
2026-07-30 12:31:24,86,0,3050,2
2026-07-30 12:31:25,82,0,3050,2
2026-07-30 12:31:26,79,0,3050,2
2026-07-30 12:31:27,82,0,3050,2
2026-07-30 12:31:28,81,0,3050,2
2026-07-30 12:31:29,87,0,3050,2
2026-07-30 12:31:30,85,0,3050,2
2026-07-30 12:31:31,79,0,3050,2
2026-07-30 12:31:32,75,0,3050,2
2026-07-30 12:31:33,82,0,3050,2
2026-07-30 12:31:34,85,0,3050,2
2026-07-30 12:31:35,80,0,3050,2
2026-07-30 12:31:36,82,0,3050,2
2026-07-30 12:31:37,84,0,3050,2
2026-07-30 12:31:38,79,0,3050,2
2026-07-30 12:31:39,81,0,3050,2
2026-07-30 12:31:40,81,0,3050,2
2026-07-30 12:31:41,83,0,3050,2
2026-07-30 12:31:42,81,0,3050,2
2026-07-30 12:31:43,83,0,3050,2
2026-07-30 12:31:44,82,0,3050,2
2026-07-30 12:31:45,86,0,3050,2
2026-07-30 12:31:46,81,0,3050,2
2026-07-30 12:31:47,81,0,3050,2
2026-07-30 12:31:48,80,0,3050,2
2026-07-30 12:31:49,78,0,3050,2
2026-07-30 12:31:50,82,0,3050,2
2026-07-30 12:31:51,83,0,3050,2
2026-07-30 12:31:52,79,0,3050,2
2026-07-30 12:31:53,80,0,3050,2
2026-07-30 12:31:54,79,0,3050,2
2026-07-30 12:31:55,83,0,3050,2
2026-07-30 12:31:56,80,0,3050,2
2026-07-30 12:31:57,77,0,3050,2
2026-07-30 12:31:58,80,0,3050,2
2026-07-30 12:31:59,82,0,3050,2
2026-07-30 12:32:00,82,0,3050,2
2026-07-30 12:32:01,86,0,3050,2
2026-07-30 12:32:02,81,0,3050,2
2026-07-30 12:32:03,79,0,3050,2
2026-07-30 12:32:04,82,0,3050,2
2026-07-30 12:32:05,81,0,3050,2
2026-07-30 12:32:06,83,0,3050,2
2026-07-30 12:32:07,76,0,3050,2
2026-07-30 12:32:08,79,0,3050,2
2026-07-30 12:32:09,81,0,3050,2
2026-07-30 12:32:10,82,0,3050,2
2026-07-30 12:32:11,80,0,3050,2
2026-07-30 12:32:12,83,0,3050,2
2026-07-30 12:32:13,80,0,3050,2
2026-07-30 12:32:14,81,0,3050,2
2026-07-30 12:32:15,85,0,3050,2
2026-07-30 12:32:16,82,0,3050,2
2026-07-30 12:32:17,79,0,3050,2
2026-07-30 12:32:18,81,0,3050,2
2026-07-30 12:32:19,77,0,3050,2
2026-07-30 12:32:20,84,0,3050,2
2026-07-30 12:32:21,83,0,3050,2
2026-07-30 12:32:22,83,0,3050,2
2026-07-30 12:32:23,75,0,3050,2
2026-07-30 12:32:24,77,0,3050,2
2026-07-30 12:32:25,80,0,3050,2
2026-07-30 12:32:26,81,0,3050,2
2026-07-30 12:32:27,78,0,3050,2
2026-07-30 12:32:28,78,0,3050,2
2026-07-30 12:32:29,81,0,3050,2
2026-07-30 12:32:30,80,0,3050,2
2026-07-30 12:32:31,76,0,3050,2
2026-07-30 12:32:32,80,0,3050,2
2026-07-30 12:32:33,79,0,3050,2
2026-07-30 12:32:34,85,0,3050,2
2026-07-30 12:32:35,80,0,3050,2
2026-07-30 12:32:36,88,0,3050,2
2026-07-30 12:32:37,81,0,3050,2
2026-07-30 12:32:38,80,0,3050,2
2026-07-30 12:32:39,80,0,3050,2
2026-07-30 12:32:40,82,0,3050,2
2026-07-30 12:32:41,83,0,3050,2
2026-07-30 12:32:42,80,0,3050,2
2026-07-30 12:32:43,81,0,3050,2
2026-07-30 12:32:44,85,0,3050,2
2026-07-30 12:32:45,78,0,3050,2
2026-07-30 12:32:46,83,0,3050,2
2026-07-30 12:32:47,80,0,3050,2
2026-07-30 12:32:48,78,0,3050,2
2026-07-30 12:32:49,84,0,3050,2
2026-07-30 12:32:50,82,0,3050,2
2026-07-30 12:32:51,84,0,3050,2
2026-07-30 12:32:52,79,0,3050,2
2026-07-30 12:32:53,81,0,3050,2
2026-07-30 12:32:54,79,0,3050,2
2026-07-30 12:32:55,87,0,3050,2
2026-07-30 12:32:56,80,0,3050,2
2026-07-30 12:32:57,81,0,3050,2
2026-07-30 12:32:58,82,0,3050,2
2026-07-30 12:32:59,82,0,3050,2
2026-07-30 12:33:00,85,0,3050,2
2026-07-30 12:33:01,82,0,3050,2
2026-07-30 12:33:02,84,0,3050,2
2026-07-30 12:33:03,80,0,3050,2
2026-07-30 12:33:04,82,0,3050,2
2026-07-30 12:33:05,79,0,3050,2
2026-07-30 12:33:06,86,0,3050,2
2026-07-30 12:33:07,82,0,3050,2
2026-07-30 12:33:08,82,0,3050,2
2026-07-30 12:33:09,82,0,3050,2
2026-07-30 12:33:10,80,0,3050,2
2026-07-30 12:33:11,82,0,3050,2
2026-07-30 12:33:12,82,0,3050,2
2026-07-30 12:33:13,76,0,3050,2
2026-07-30 12:33:14,79,3050,3050,2
2026-07-30 12:33:15,82,0,3050,2
2026-07-30 12:33:16,80,0,3050,2
2026-07-30 12:33:17,78,0,3050,2
2026-07-30 12:33:18,77,0,3050,2
2026-07-30 12:33:19,77,0,3050,2
2026-07-30 12:33:20,83,0,3050,2
2026-07-30 12:33:21,78,0,3050,2
2026-07-30 12:33:22,77,0,3050,2
2026-07-30 12:33:23,79,0,3050,2
2026-07-30 12:33:24,82,0,3050,2
2026-07-30 12:33:25,81,0,3050,2
2026-07-30 12:33:26,79,0,3050,2
2026-07-30 12:33:27,79,0,3050,2
2026-07-30 12:33:28,83,0,3050,2
2026-07-30 12:33:29,77,0,3050,2
2026-07-30 12:33:30,81,0,3050,2
2026-07-30 12:33:31,77,0,3050,2
2026-07-30 12:33:32,80,0,3050,2
2026-07-30 12:33:33,77,0,3050,2
2026-07-30 12:33:34,77,0,3050,2
2026-07-30 12:33:35,78,0,3050,2
2026-07-30 12:33:36,79,0,3050,2
2026-07-30 12:33:37,84,0,3050,2
2026-07-30 12:33:38,79,0,3050,2
2026-07-30 12:33:39,84,0,3050,2
2026-07-30 12:33:40,84,0,3050,2
2026-07-30 12:33:41,77,0,3050,2
2026-07-30 12:33:42,82,0,3050,2
2026-07-30 12:33:43,79,0,3050,2
2026-07-30 12:33:44,84,0,3050,2
2026-07-30 12:33:45,87,0,3050,2
2026-07-30 12:33:46,81,0,3050,2
2026-07-30 12:33:47,79,0,3050,2
2026-07-30 12:33:48,80,0,3050,2
2026-07-30 12:33:49,80,0,3050,2
2026-07-30 12:33:50,80,0,3050,2
2026-07-30 12:33:51,82,0,3050,2
2026-07-30 12:33:52,81,0,3050,2
2026-07-30 12:33:53,82,0,3050,2
2026-07-30 12:33:54,80,0,3050,2
2026-07-30 12:33:55,79,0,3050,2
2026-07-30 12:33:56,84,0,3050,2
2026-07-30 12:33:57,80,0,3050,2
2026-07-30 12:33:58,76,0,3050,2
2026-07-30 12:33:59,81,0,3050,2
2026-07-30 12:34:00,77,0,3050,2
2026-07-30 12:34:01,80,0,3050,2
2026-07-30 12:34:02,79,0,3050,2
2026-07-30 12:34:03,79,0,3050,2
2026-07-30 12:34:04,81,0,3050,2
2026-07-30 12:34:05,81,0,3050,2
2026-07-30 12:34:06,78,0,3050,2
2026-07-30 12:34:07,79,0,3050,2
2026-07-30 12:34:08,81,0,3050,2
2026-07-30 12:34:09,82,0,3050,2
2026-07-30 12:34:10,78,0,3050,2
2026-07-30 12:34:11,82,0,3050,2
2026-07-30 12:34:12,82,0,3050,2
2026-07-30 12:34:13,76,0,3050,2
2026-07-30 12:34:14,80,0,3050,2
2026-07-30 12:34:15,80,0,3050,2
2026-07-30 12:34:16,79,0,3050,2
2026-07-30 12:34:17,78,0,3050,2
2026-07-30 12:34:18,80,0,3050,2
2026-07-30 12:34:19,77,0,3050,2
2026-07-30 12:34:20,77,0,3050,2
2026-07-30 12:34:21,83,0,3050,2
2026-07-30 12:34:22,80,0,3050,2
2026-07-30 12:34:23,83,0,3050,2
2026-07-30 12:34:24,83,0,3050,2
2026-07-30 12:34:25,81,0,3050,2
2026-07-30 12:34:26,83,0,3050,2
2026-07-30 12:34:27,75,0,3050,2
2026-07-30 12:34:28,80,0,3050,2
2026-07-30 12:34:29,84,0,3050,2
2026-07-30 12:34:30,80,0,3050,2
2026-07-30 12:34:31,82,0,3050,2
2026-07-30 12:34:32,83,0,3050,2
2026-07-30 12:34:33,79,0,3050,2
2026-07-30 12:34:34,88,0,3050,2
2026-07-30 12:34:35,85,0,3050,2
2026-07-30 12:34:36,82,0,3050,2
2026-07-30 12:34:37,80,0,3050,2
2026-07-30 12:34:38,82,0,3050,2
2026-07-30 12:34:39,78,0,3050,2
2026-07-30 12:34:40,79,0,3050,2
2026-07-30 12:34:41,78,0,3050,2
2026-07-30 12:34:42,81,0,3050,2
2026-07-30 12:34:43,82,0,3050,2
2026-07-30 12:34:45,79,0,3050,2
2026-07-30 12:34:45,77,0,3050,2
2026-07-30 12:34:46,80,0,3050,2
2026-07-30 12:34:47,80,0,3050,2
2026-07-30 12:34:48,79,0,3050,2
2026-07-30 12:34:49,80,0,3050,2
2026-07-30 12:34:50,81,0,3050,2
2026-07-30 12:34:51,81,0,3050,2
2026-07-30 12:34:52,81,0,3050,2
2026-07-30 12:34:53,78,0,3050,2
2026-07-30 12:34:54,76,0,3050,2
2026-07-30 12:34:55,84,0,3050,2
2026-07-30 12:34:56,79,0,3050,2
2026-07-30 12:34:57,80,0,3050,2
2026-07-30 12:34:58,80,0,3050,2
2026-07-30 12:34:59,81,0,3050,2
2026-07-30 12:35:00,84,0,3050,2
2026-07-30 12:35:01,78,0,3050,2
2026-07-30 12:35:02,80,0,3050,2
2026-07-30 12:35:03,78,0,3050,2
2026-07-30 12:35:04,74,0,3050,2
2026-07-30 12:35:05,77,0,3050,2
2026-07-30 12:35:06,80,0,3050,2
2026-07-30 12:35:07,78,0,3050,2
2026-07-30 12:35:08,78,0,3050,2
2026-07-30 12:35:09,81,0,3050,2
2026-07-30 12:35:10,79,0,3050,2
2026-07-30 12:35:11,78,0,3050,2
2026-07-30 12:35:12,83,0,3050,2
2026-07-30 12:35:13,77,0,3050,2
2026-07-30 12:35:14,79,0,3050,2
2026-07-30 12:35:15,82,0,3050,2
2026-07-30 12:35:16,83,0,3050,2
2026-07-30 12:35:17,78,0,3050,2
2026-07-30 12:35:18,81,0,3050,2
2026-07-30 12:35:19,81,0,3050,2
2026-07-30 12:35:20,84,0,3050,2
2026-07-30 12:35:21,82,0,3050,2
2026-07-30 12:35:22,83,0,3050,2
2026-07-30 12:35:23,88,0,3050,2
2026-07-30 12:35:24,81,0,3050,2
2026-07-30 12:35:25,79,0,3050,2
2026-07-30 12:35:26,83,0,3050,2
2026-07-30 12:35:27,82,0,3050,2
2026-07-30 12:35:28,80,0,3050,2
2026-07-30 12:35:29,79,0,3050,2
2026-07-30 12:35:30,80,0,3050,2
2026-07-30 12:35:31,78,0,3050,2
2026-07-30 12:35:32,78,0,3050,2
2026-07-30 12:35:33,82,0,3050,2
2026-07-30 12:35:34,79,0,3050,2
2026-07-30 12:35:35,76,0,3050,2
2026-07-30 12:35:36,78,0,3050,2
2026-07-30 12:35:37,83,0,3050,2
2026-07-30 12:35:38,82,0,3050,2
2026-07-30 12:35:39,83,0,3050,2
2026-07-30 12:35:40,76,0,3050,2
2026-07-30 12:35:41,78,0,3050,2
2026-07-30 12:35:42,82,0,3050,2
2026-07-30 12:35:43,83,0,3050,2
2026-07-30 12:35:44,81,0,3050,2
2026-07-30 12:35:45,78,0,3050,2
2026-07-30 12:35:46,82,0,3050,2
2026-07-30 12:35:47,84,0,3050,2
2026-07-30 12:35:48,81,0,3050,2
2026-07-30 12:35:49,79,0,3050,2
2026-07-30 12:35:50,83,0,3050,2
2026-07-30 12:35:51,82,0,3050,2
2026-07-30 12:35:52,79,0,3050,2
2026-07-30 12:35:53,76,0,3050,2
2026-07-30 12:35:54,79,0,3050,2
2026-07-30 12:35:55,83,0,3050,2
2026-07-30 12:35:56,81,0,3050,2
2026-07-30 12:35:57,83,0,3050,2
2026-07-30 12:35:58,81,0,3050,2
2026-07-30 12:35:59,79,0,3050,2
2026-07-30 12:36:00,77,0,3050,2
2026-07-30 12:36:01,80,0,3050,2
2026-07-30 12:36:02,81,0,3050,2
2026-07-30 12:36:03,81,0,3050,2
2026-07-30 12:36:04,80,0,3050,2
2026-07-30 12:36:05,83,0,3050,2
2026-07-30 12:36:06,76,0,3050,2
2026-07-30 12:36:07,77,0,3050,2
2026-07-30 12:36:08,80,0,3050,2
2026-07-30 12:36:09,82,0,3050,2
2026-07-30 12:36:10,81,0,3050,2
2026-07-30 12:36:11,78,0,3050,2
2026-07-30 12:36:12,77,0,3050,2
2026-07-30 12:36:13,79,0,3050,2
2026-07-30 12:36:14,80,0,3050,2
2026-07-30 12:36:15,78,0,3050,2
2026-07-30 12:36:16,80,0,3050,2
2026-07-30 12:36:17,83,0,3050,2
2026-07-30 12:36:18,78,0,3050,2
2026-07-30 12:36:19,78,0,3050,2
2026-07-30 12:36:20,78,0,3050,2
2026-07-30 12:36:21,80,0,3050,2
2026-07-30 12:36:22,87,0,3050,2
2026-07-30 12:36:23,82,0,3050,2
2026-07-30 12:36:24,78,0,3050,2
2026-07-30 12:36:25,80,0,3050,2
2026-07-30 12:36:26,78,0,3050,2
2026-07-30 12:36:27,80,0,3050,2
2026-07-30 12:36:28,82,0,3050,2
2026-07-30 12:36:29,84,0,3050,2
2026-07-30 12:36:30,79,0,3050,2
2026-07-30 12:36:31,78,3050,3050,2
2026-07-30 12:36:32,82,0,3050,2
2026-07-30 12:36:33,78,0,3050,2
2026-07-30 12:36:34,78,0,3050,2
2026-07-30 12:36:35,81,0,3050,2
2026-07-30 12:36:36,80,0,3050,2
2026-07-30 12:36:37,81,0,3050,2
2026-07-30 12:36:38,80,0,3050,2
2026-07-30 12:36:39,78,0,3050,2
2026-07-30 12:36:40,82,0,3050,2
2026-07-30 12:36:41,83,0,3050,2
2026-07-30 12:36:42,78,0,3050,2
2026-07-30 12:36:43,85,0,3050,2
2026-07-30 12:36:44,82,0,3050,2
2026-07-30 12:36:45,85,0,3050,2
2026-07-30 12:36:46,84,0,3050,2
2026-07-30 12:36:47,83,0,3050,2
2026-07-30 12:36:48,79,0,3050,2
2026-07-30 12:36:49,78,0,3050,2
2026-07-30 12:36:50,82,0,3050,2
2026-07-30 12:36:51,80,0,3050,2
2026-07-30 12:36:52,80,0,3050,2
2026-07-30 12:36:53,84,0,3050,2
2026-07-30 12:36:54,77,0,3050,2
2026-07-30 12:36:55,81,0,3050,2
2026-07-30 12:36:56,82,0,3050,2
2026-07-30 12:36:57,80,0,3050,2
2026-07-30 12:36:58,82,0,3050,2
2026-07-30 12:36:59,78,0,3050,2
2026-07-30 12:37:00,81,0,3050,2
2026-07-30 12:37:01,86,0,3050,2
2026-07-30 12:37:02,79,0,3050,2
2026-07-30 12:37:03,80,0,3050,2
2026-07-30 12:37:04,82,0,3050,2
2026-07-30 12:37:05,81,0,3050,2
2026-07-30 12:37:07,84,0,3050,2
2026-07-30 12:37:08,82,0,3050,2
2026-07-30 12:37:09,83,0,3050,2
2026-07-30 12:37:10,81,0,3050,2
2026-07-30 12:37:10,80,0,3050,2
2026-07-30 12:37:12,83,0,3050,2
2026-07-30 12:37:12,83,0,3050,2
2026-07-30 12:37:14,85,0,3050,2
2026-07-30 12:37:15,81,0,3050,2
2026-07-30 12:37:15,77,0,3050,2
2026-07-30 12:37:17,81,0,3050,2
2026-07-30 12:37:18,81,0,3050,2
2026-07-30 12:37:18,75,0,3050,2
2026-07-30 12:37:20,78,0,3050,2
2026-07-30 12:37:21,81,0,3050,2
2026-07-30 12:37:22,82,0,3050,2
2026-07-30 12:37:23,77,0,3050,2
2026-07-30 12:37:24,81,0,3050,2
2026-07-30 12:37:25,83,0,3050,2
2026-07-30 12:37:26,83,0,3050,2
2026-07-30 12:37:27,83,0,3050,2
2026-07-30 12:37:28,81,0,3050,2
2026-07-30 12:37:29,77,0,3050,2
2026-07-30 12:37:30,83,0,3050,2
2026-07-30 12:37:31,82,0,3050,2
2026-07-30 12:37:32,82,0,3050,2
2026-07-30 12:37:33,80,0,3050,2
2026-07-30 12:37:34,81,0,3050,2
2026-07-30 12:37:34,79,0,3050,2
2026-07-30 12:37:36,82,0,3050,2
2026-07-30 12:37:37,80,0,3050,2
2026-07-30 12:37:38,78,0,3050,2
2026-07-30 12:37:39,84,0,3050,2
2026-07-30 12:37:39,82,0,3050,2
2026-07-30 12:37:40,79,0,3050,2
2026-07-30 12:37:41,85,0,3050,2
2026-07-30 12:37:42,81,0,3050,2
2026-07-30 12:37:43,80,0,3050,2
2026-07-30 12:37:44,80,3050,3050,2
2026-07-30 12:37:45,78,0,3050,2
2026-07-30 12:37:46,79,0,3050,2
2026-07-30 12:37:47,82,0,3050,2
2026-07-30 12:37:48,80,0,3050,2
2026-07-30 12:37:49,86,0,3050,2
2026-07-30 12:37:50,78,0,3050,2
2026-07-30 12:37:51,82,0,3050,2
2026-07-30 12:37:52,84,0,3050,2
2026-07-30 12:37:53,80,0,3050,2
2026-07-30 12:37:54,82,0,3050,2
2026-07-30 12:37:55,81,0,3050,2
2026-07-30 12:37:56,78,0,3050,2
2026-07-30 12:37:57,79,0,3050,2
2026-07-30 12:37:58,80,0,3050,2
2026-07-30 12:37:59,79,0,3050,2
2026-07-30 12:38:00,83,0,3050,2
2026-07-30 12:38:01,80,0,3050,2
2026-07-30 12:38:02,80,0,3050,2
2026-07-30 12:38:03,81,0,3050,2
2026-07-30 12:38:04,84,0,3050,2
2026-07-30 12:38:05,80,0,3050,2
2026-07-30 12:38:06,80,0,3050,2
2026-07-30 12:38:07,81,3050,3050,2
2026-07-30 12:38:08,82,0,3050,2
2026-07-30 12:38:09,76,0,3050,2
2026-07-30 12:38:10,77,0,3050,2
2026-07-30 12:38:11,84,0,3050,2
2026-07-30 12:38:12,80,0,3050,2
2026-07-30 12:38:13,81,0,3050,2
2026-07-30 12:38:14,84,0,3050,2
2026-07-30 12:38:15,79,0,3050,2
2026-07-30 12:38:16,78,0,3050,2
2026-07-30 12:38:17,78,0,3050,2
2026-07-30 12:38:18,76,0,3050,2
2026-07-30 12:38:19,78,0,3050,2
2026-07-30 12:38:20,80,0,3050,2
2026-07-30 12:38:21,78,0,3050,2
2026-07-30 12:38:22,81,0,3050,2
2026-07-30 12:38:23,79,0,3050,2
2026-07-30 12:38:24,81,0,3050,2
2026-07-30 12:38:25,77,0,3050,2
2026-07-30 12:38:26,80,0,3050,2
2026-07-30 12:38:27,79,0,3050,2
2026-07-30 12:38:28,80,0,3050,2
2026-07-30 12:38:29,79,0,3050,2
2026-07-30 12:38:30,82,0,3050,2
2026-07-30 12:38:31,77,0,3050,2
2026-07-30 12:38:32,78,0,3050,2
2026-07-30 12:38:33,79,0,3050,2
2026-07-30 12:38:34,82,0,3050,2
2026-07-30 12:38:35,78,0,3050,2
2026-07-30 12:38:36,80,0,3050,2
2026-07-30 12:38:37,77,0,3050,2
2026-07-30 12:38:38,83,0,3050,2
2026-07-30 12:38:39,77,0,3050,2
2026-07-30 12:38:40,78,0,3050,2
2026-07-30 12:38:41,82,0,3050,2
2026-07-30 12:38:42,79,0,3050,2
2026-07-30 12:38:43,80,0,3050,2
2026-07-30 12:38:44,81,0,3050,2
2026-07-30 12:38:45,84,0,3050,2
2026-07-30 12:38:46,84,0,3050,2
2026-07-30 12:38:47,82,0,3050,2
2026-07-30 12:38:50,77,0,3050,2
2026-07-30 12:38:50,79,0,3050,2
2026-07-30 12:38:50,84,0,3050,2
2026-07-30 12:38:51,80,0,3050,2
2026-07-30 12:38:52,78,0,3050,2
2026-07-30 12:38:53,83,0,3050,2
2026-07-30 12:38:54,82,0,3050,2
2026-07-30 12:38:55,79,0,3050,2
2026-07-30 12:38:56,84,0,3050,2
2026-07-30 12:38:57,81,0,3050,2
2026-07-30 12:38:58,82,0,3050,2
2026-07-30 12:38:59,78,0,3050,2
2026-07-30 12:39:00,79,0,3050,2
2026-07-30 12:39:01,82,0,3050,2
2026-07-30 12:39:02,81,0,3050,2
2026-07-30 12:39:03,79,0,3050,2
2026-07-30 12:39:04,76,0,3050,2
2026-07-30 12:39:05,81,0,3050,2
2026-07-30 12:39:06,77,0,3050,2
2026-07-30 12:39:07,81,0,3050,2
2026-07-30 12:39:08,81,0,3050,2
2026-07-30 12:39:09,80,0,3050,2
2026-07-30 12:39:10,83,0,3050,2
2026-07-30 12:39:11,79,0,3050,2
2026-07-30 12:39:12,83,0,3050,2
2026-07-30 12:39:13,78,0,3050,2
2026-07-30 12:39:14,82,0,3050,2
2026-07-30 12:39:15,80,0,3050,2
2026-07-30 12:39:16,78,0,3050,2
2026-07-30 12:39:17,80,0,3050,2
2026-07-30 12:39:18,84,0,3050,2
2026-07-30 12:39:19,79,0,3050,2
2026-07-30 12:39:20,80,0,3050,2
2026-07-30 12:39:21,79,0,3050,2
2026-07-30 12:39:22,84,0,3050,2
2026-07-30 12:39:23,80,0,3050,2
2026-07-30 12:39:24,82,0,3050,2
2026-07-30 12:39:25,80,0,3050,2
2026-07-30 12:39:26,79,0,3050,2
2026-07-30 12:39:27,76,0,3050,2
2026-07-30 12:39:28,82,0,3050,2
2026-07-30 12:39:29,81,0,3050,2
2026-07-30 12:39:30,79,0,3050,2
2026-07-30 12:39:31,78,0,3050,2
2026-07-30 12:39:32,79,0,3050,2
2026-07-30 12:39:33,77,0,3050,2
2026-07-30 12:39:34,83,0,3050,2
2026-07-30 12:39:35,84,0,3050,2
2026-07-30 12:39:36,77,0,3050,2
2026-07-30 12:39:37,82,0,3050,2
2026-07-30 12:39:38,84,0,3050,2
2026-07-30 12:39:39,82,0,3050,2
2026-07-30 12:39:40,78,0,3050,2
2026-07-30 12:39:41,83,0,3050,2
2026-07-30 12:39:42,79,0,3050,2
2026-07-30 12:39:43,82,0,3050,2
2026-07-30 12:39:44,84,0,3050,2
2026-07-30 12:39:45,86,0,3050,2
2026-07-30 12:39:46,82,0,3050,2
2026-07-30 12:39:47,82,0,3050,2
2026-07-30 12:39:48,83,0,3050,2
2026-07-30 12:39:49,82,0,3050,2
2026-07-30 12:39:50,80,0,3050,2
2026-07-30 12:39:51,81,0,3050,2
2026-07-30 12:39:52,82,0,3050,2
2026-07-30 12:39:53,84,0,3050,2
2026-07-30 12:39:54,82,0,3050,2
2026-07-30 12:39:55,77,0,3050,2
2026-07-30 12:39:56,78,0,3050,2
2026-07-30 12:39:57,77,0,3050,2
2026-07-30 12:39:59,84,0,3050,2
2026-07-30 12:39:59,79,0,3050,2
2026-07-30 12:40:00,78,0,3050,2
2026-07-30 12:40:01,77,0,3050,2
2026-07-30 12:40:02,81,0,3050,2
2026-07-30 12:40:03,81,0,3050,2
2026-07-30 12:40:04,84,0,3050,2
2026-07-30 12:40:05,79,0,3050,2
2026-07-30 12:40:06,79,0,3050,2
2026-07-30 12:40:07,80,0,3050,2
2026-07-30 12:40:08,80,0,3050,2
2026-07-30 12:40:09,80,0,3050,2
2026-07-30 12:40:10,83,0,3050,2
2026-07-30 12:40:11,81,0,3050,2
2026-07-30 12:40:12,82,0,3050,2
2026-07-30 12:40:13,83,0,3050,2
2026-07-30 12:40:14,80,0,3050,2
2026-07-30 12:40:15,80,0,3050,2
2026-07-30 12:40:16,77,0,3050,2
2026-07-30 12:40:17,78,0,3050,2
2026-07-30 12:40:18,81,0,3050,2
2026-07-30 12:40:19,78,0,3050,2
2026-07-30 12:40:20,81,0,3050,2
2026-07-30 12:40:21,82,0,3050,2
2026-07-30 12:40:22,75,0,3050,2
2026-07-30 12:40:23,81,0,3050,2
2026-07-30 12:40:24,81,0,3050,2
2026-07-30 12:40:25,80,0,3050,2
2026-07-30 12:40:26,85,0,3050,2
2026-07-30 12:40:27,78,0,3050,2
2026-07-30 12:40:28,77,0,3050,2
2026-07-30 12:40:29,82,0,3050,2
2026-07-30 12:40:30,80,0,3050,2
2026-07-30 12:40:31,79,0,3050,2
2026-07-30 12:40:32,78,0,3050,2
2026-07-30 12:40:33,80,0,3050,2
2026-07-30 12:40:34,80,0,3050,2
2026-07-30 12:40:35,80,0,3050,2
2026-07-30 12:40:36,81,0,3050,2
2026-07-30 12:40:37,82,0,3050,2
2026-07-30 12:40:38,79,0,3050,2
2026-07-30 12:40:39,80,0,3050,2
2026-07-30 12:40:40,82,0,3050,2
2026-07-30 12:40:41,78,0,3050,2
2026-07-30 12:40:42,80,0,3050,2
2026-07-30 12:40:43,79,0,3050,2
2026-07-30 12:40:44,76,0,3050,2
2026-07-30 12:40:45,83,0,3050,2
2026-07-30 12:40:46,80,0,3050,2
2026-07-30 12:40:47,81,0,3050,2
2026-07-30 12:40:48,82,0,3050,2
2026-07-30 12:40:49,80,0,3050,2
2026-07-30 12:40:50,78,0,3050,2
2026-07-30 12:40:51,79,0,3050,2
2026-07-30 12:40:52,82,0,3050,2
2026-07-30 12:40:53,83,0,3050,2
2026-07-30 12:40:54,82,0,3050,2
2026-07-30 12:40:55,83,0,3050,2
2026-07-30 12:40:56,78,0,3050,2
2026-07-30 12:40:57,79,0,3050,2
2026-07-30 12:40:58,79,0,3050,2
2026-07-30 12:40:59,79,0,3050,2
2026-07-30 12:41:00,80,0,3050,2
2026-07-30 12:41:01,80,0,3050,2
2026-07-30 12:41:02,82,0,3050,2
2026-07-30 12:41:03,79,0,3050,2
2026-07-30 12:41:04,81,0,3050,2
2026-07-30 12:41:05,84,0,3050,2
2026-07-30 12:41:06,78,0,3050,2
2026-07-30 12:41:07,84,0,3050,2
2026-07-30 12:41:08,83,0,3050,2
2026-07-30 12:41:09,81,0,3050,2
2026-07-30 12:41:10,77,0,3050,2
2026-07-30 12:41:11,82,0,3050,2
2026-07-30 12:41:12,79,3050,3050,2
2026-07-30 12:41:13,79,0,3050,2
2026-07-30 12:41:14,81,0,3050,2
2026-07-30 12:41:15,79,0,3050,2
2026-07-30 12:41:16,83,3050,3050,2
2026-07-30 12:41:17,76,0,3050,2
2026-07-30 12:41:18,83,0,3050,2
2026-07-30 12:41:19,83,0,3050,2
2026-07-30 12:41:20,83,0,3050,2
2026-07-30 12:41:21,82,0,3050,2
2026-07-30 12:41:22,75,0,3050,2
2026-07-30 12:41:23,82,0,3050,2
2026-07-30 12:41:24,80,0,3050,2
2026-07-30 12:41:25,80,0,3050,2
2026-07-30 12:41:26,80,0,3050,2
2026-07-30 12:41:27,80,0,3050,2
2026-07-30 12:41:28,80,0,3050,2
2026-07-30 12:41:29,81,0,3050,2
2026-07-30 12:41:30,78,0,3050,2
2026-07-30 12:41:31,81,0,3050,2
2026-07-30 12:41:32,80,0,3050,2
2026-07-30 12:41:33,80,0,3050,2
2026-07-30 12:41:34,77,0,3050,2
2026-07-30 12:41:35,78,3050,3050,2
2026-07-30 12:41:36,80,0,3050,2
2026-07-30 12:41:37,81,0,3050,2
2026-07-30 12:41:38,81,0,3050,2
2026-07-30 12:41:39,82,0,3050,2
2026-07-30 12:41:40,81,0,3050,2
2026-07-30 12:41:41,79,0,3050,2
2026-07-30 12:41:43,76,0,3050,2
2026-07-30 12:41:43,82,0,3050,2
2026-07-30 12:41:45,78,0,3050,2
2026-07-30 12:41:45,79,0,3050,2
2026-07-30 12:41:46,81,0,3050,2
2026-07-30 12:41:47,80,0,3050,2
2026-07-30 12:41:48,81,0,3050,2
2026-07-30 12:41:49,82,0,3050,2
2026-07-30 12:41:50,86,0,3050,2
2026-07-30 12:41:51,81,0,3050,2
2026-07-30 12:41:52,84,0,3050,2
2026-07-30 12:41:53,77,0,3050,2
2026-07-30 12:41:54,82,0,3050,2
2026-07-30 12:41:55,77,0,3050,2
2026-07-30 12:41:56,83,0,3050,2
2026-07-30 12:41:57,82,0,3050,2
2026-07-30 12:41:58,80,0,3050,2
2026-07-30 12:41:59,82,0,3050,2
2026-07-30 12:42:00,81,0,3050,2
2026-07-30 12:42:01,78,0,3050,2
2026-07-30 12:42:02,78,0,3050,2
2026-07-30 12:42:03,80,0,3050,2
2026-07-30 12:42:04,80,0,3050,2
2026-07-30 12:42:05,80,0,3050,2
2026-07-30 12:42:06,84,0,3050,2
2026-07-30 12:42:07,82,0,3050,2
2026-07-30 12:42:08,81,0,3050,2
2026-07-30 12:42:09,77,0,3050,2
2026-07-30 12:42:10,75,0,3050,2
2026-07-30 12:42:11,86,0,3050,2
2026-07-30 12:42:12,80,0,3050,2
2026-07-30 12:42:13,81,0,3050,2
2026-07-30 12:42:14,80,0,3050,2
2026-07-30 12:42:15,79,0,3050,2
2026-07-30 12:42:16,85,0,3050,2
2026-07-30 12:42:17,80,0,3050,2
2026-07-30 12:42:18,81,0,3050,2
2026-07-30 12:42:19,84,0,3050,2
2026-07-30 12:42:20,81,0,3050,2
2026-07-30 12:42:21,79,0,3050,2
2026-07-30 12:42:22,84,0,3050,2
2026-07-30 12:42:23,78,0,3050,2
2026-07-30 12:42:24,80,0,3050,2
2026-07-30 12:42:25,81,0,3050,2
2026-07-30 12:42:26,81,0,3050,2
2026-07-30 12:42:27,78,0,3050,2
2026-07-30 12:42:28,82,0,3050,2
2026-07-30 12:42:29,81,0,3050,2
2026-07-30 12:42:30,81,0,3050,2
2026-07-30 12:42:31,80,0,3050,2
2026-07-30 12:42:32,79,0,3050,2
2026-07-30 12:42:33,83,0,3050,2
2026-07-30 12:42:34,79,0,3050,2
2026-07-30 12:42:35,79,0,3050,2
2026-07-30 12:42:36,81,0,3050,2
2026-07-30 12:42:37,78,0,3050,2
2026-07-30 12:42:38,79,0,3050,2
2026-07-30 12:42:39,82,0,3050,2
2026-07-30 12:42:40,81,0,3050,2
2026-07-30 12:42:41,80,0,3050,2
2026-07-30 12:42:42,81,0,3050,2
2026-07-30 12:42:43,79,0,3050,2
2026-07-30 12:42:44,78,0,3050,2
2026-07-30 12:42:45,85,0,3050,2
2026-07-30 12:42:46,80,0,3050,2
2026-07-30 12:42:47,82,0,3050,2
2026-07-30 12:42:48,81,0,3050,2
2026-07-30 12:42:49,80,0,3050,2
2026-07-30 12:42:50,82,0,3050,2
2026-07-30 12:42:51,83,0,3050,2
2026-07-30 12:42:52,80,0,3050,2
2026-07-30 12:42:53,77,0,3050,2
2026-07-30 12:42:54,81,0,3050,2
2026-07-30 12:42:55,80,0,3050,2
2026-07-30 12:42:56,81,0,3050,2
2026-07-30 12:42:57,78,0,3050,2
2026-07-30 12:42:58,83,0,3050,2
2026-07-30 12:42:59,81,0,3050,2
2026-07-30 12:43:00,81,0,3050,2
2026-07-30 12:43:01,84,0,3050,2
2026-07-30 12:43:02,83,0,3050,2
2026-07-30 12:43:03,80,0,3050,2
2026-07-30 12:43:04,81,0,3050,2
2026-07-30 12:43:05,81,0,3050,2
2026-07-30 12:43:06,79,0,3050,2
2026-07-30 12:43:07,80,0,3050,2
2026-07-30 12:43:08,80,0,3050,2
2026-07-30 12:43:09,85,0,3050,2
2026-07-30 12:43:10,86,0,3050,2
2026-07-30 12:43:11,79,0,3050,2
2026-07-30 12:43:12,79,0,3050,2
2026-07-30 12:43:13,78,0,3050,2
2026-07-30 12:43:14,79,0,3050,2
2026-07-30 12:43:15,83,0,3050,2
2026-07-30 12:43:16,82,0,3050,2
2026-07-30 12:43:17,79,0,3050,2
2026-07-30 12:43:18,87,0,3050,2
2026-07-30 12:43:19,82,0,3050,2
2026-07-30 12:43:20,83,0,3050,2
2026-07-30 12:43:21,82,0,3050,2
2026-07-30 12:43:22,82,0,3050,2
2026-07-30 12:43:23,78,0,3050,2
2026-07-30 12:43:24,81,0,3050,2
2026-07-30 12:43:25,82,0,3050,2
2026-07-30 12:43:26,79,0,3050,2
2026-07-30 12:43:27,77,0,3050,2
2026-07-30 12:43:28,78,0,3050,2
2026-07-30 12:43:29,86,0,3050,2
2026-07-30 12:43:30,80,0,3050,2
2026-07-30 12:43:31,81,0,3050,2
2026-07-30 12:43:32,82,0,3050,2
2026-07-30 12:43:33,82,0,3050,2
2026-07-30 12:43:34,85,0,3050,2
2026-07-30 12:43:35,79,0,3050,2
2026-07-30 12:43:36,80,0,3050,2
2026-07-30 12:43:37,83,0,3050,2
2026-07-30 12:43:38,80,0,3050,2
2026-07-30 12:43:39,80,0,3050,2
2026-07-30 12:43:40,78,0,3050,2
2026-07-30 12:43:41,77,0,3050,2
2026-07-30 12:43:42,82,0,3050,2
2026-07-30 12:43:43,79,0,3050,2
2026-07-30 12:43:44,75,0,3050,2
2026-07-30 12:43:45,79,0,3050,2
2026-07-30 12:43:46,80,0,3050,2
2026-07-30 12:43:47,78,0,3050,2
2026-07-30 12:43:48,81,0,3050,2
2026-07-30 12:43:49,81,0,3050,2
2026-07-30 12:43:50,81,0,3050,2
2026-07-30 12:43:51,82,0,3050,2
2026-07-30 12:43:52,80,0,3050,2
2026-07-30 12:43:53,77,0,3050,2
2026-07-30 12:43:54,78,0,3050,2
2026-07-30 12:43:55,82,0,3050,2
2026-07-30 12:43:56,75,0,3050,2
2026-07-30 12:43:57,81,0,3050,2
2026-07-30 12:43:58,79,0,3050,2
2026-07-30 12:43:59,77,0,3050,2
2026-07-30 12:44:01,80,0,3050,2
2026-07-30 12:44:01,77,0,3050,2
2026-07-30 12:44:02,85,0,3050,2
2026-07-30 12:44:03,80,0,3050,2
2026-07-30 12:44:05,74,0,3050,2
2026-07-30 12:44:05,80,0,3050,2
2026-07-30 12:44:06,78,0,3050,2
2026-07-30 12:44:07,74,0,3050,2
2026-07-30 12:44:09,80,0,3050,2
2026-07-30 12:44:09,82,0,3050,2
2026-07-30 12:44:10,79,0,3050,2
2026-07-30 12:44:11,80,0,3050,2
2026-07-30 12:44:12,82,0,3050,2
2026-07-30 12:44:13,83,0,3050,2
2026-07-30 12:44:14,80,0,3050,2
2026-07-30 12:44:15,82,0,3050,2
2026-07-30 12:44:17,81,0,3050,2
2026-07-30 12:44:17,80,0,3050,2
2026-07-30 12:44:18,78,0,3050,2
2026-07-30 12:44:19,84,0,3050,2
2026-07-30 12:44:20,79,0,3050,2
2026-07-30 12:44:21,82,0,3050,2
2026-07-30 12:44:22,82,0,3050,2
2026-07-30 12:44:23,81,0,3050,2
2026-07-30 12:44:24,81,0,3050,2
2026-07-30 12:44:25,80,0,3050,2
2026-07-30 12:44:26,80,0,3050,2
2026-07-30 12:44:27,77,0,3050,2
2026-07-30 12:44:28,84,0,3050,2
2026-07-30 12:44:29,77,0,3050,2
2026-07-30 12:44:30,83,0,3050,2
2026-07-30 12:44:31,82,0,3050,2
2026-07-30 12:44:32,79,0,3050,2
2026-07-30 12:44:33,77,0,3050,2
2026-07-30 12:44:34,85,0,3050,2
2026-07-30 12:44:35,79,3050,3050,2
2026-07-30 12:44:36,77,0,3050,2
2026-07-30 12:44:37,76,0,3050,2
2026-07-30 12:44:38,78,0,3050,2
2026-07-30 12:44:39,80,0,3050,2
2026-07-30 12:44:40,82,0,3050,2
2026-07-30 12:44:41,83,0,3050,2
2026-07-30 12:44:42,81,0,3050,2
2026-07-30 12:44:43,81,0,3050,2
2026-07-30 12:44:44,80,0,3050,2
2026-07-30 12:44:45,80,0,3050,2
2026-07-30 12:44:46,78,0,3050,2
2026-07-30 12:44:47,80,3050,3050,2
2026-07-30 12:44:48,84,0,3050,2
2026-07-30 12:44:49,80,0,3050,2
2026-07-30 12:44:50,79,0,3050,2
2026-07-30 12:44:51,80,0,3050,2
2026-07-30 12:44:52,84,0,3050,2
2026-07-30 12:44:53,80,0,3050,2
2026-07-30 12:44:54,80,0,3050,2
2026-07-30 12:44:55,78,0,3050,2
2026-07-30 12:44:56,79,0,3050,2
2026-07-30 12:44:57,81,0,3050,2
2026-07-30 12:44:58,79,0,3050,2
2026-07-30 12:44:59,79,0,3050,2
2026-07-30 12:45:00,85,0,3050,2
2026-07-30 12:45:01,79,0,3050,2
2026-07-30 12:45:02,84,0,3050,2
2026-07-30 12:45:03,82,0,3050,2
2026-07-30 12:45:04,79,0,3050,2
2026-07-30 12:45:05,76,0,3050,2
2026-07-30 12:45:06,82,0,3050,2
2026-07-30 12:45:07,79,0,3050,2
2026-07-30 12:45:08,78,0,3050,2
2026-07-30 12:45:09,83,0,3050,2
2026-07-30 12:45:10,83,0,3050,2
2026-07-30 12:45:11,80,0,3050,2
2026-07-30 12:45:12,83,0,3050,2
2026-07-30 12:45:13,81,0,3050,2
2026-07-30 12:45:14,78,0,3050,2
2026-07-30 12:45:15,82,0,3050,2
2026-07-30 12:45:16,76,0,3050,2
2026-07-30 12:45:17,81,0,3050,2
2026-07-30 12:45:18,80,0,3050,2
2026-07-30 12:45:19,84,0,3050,2
2026-07-30 12:45:20,80,0,3050,2
2026-07-30 12:45:21,80,0,3050,2
2026-07-30 12:45:22,81,0,3050,2
2026-07-30 12:45:23,83,0,3050,2
2026-07-30 12:45:24,84,0,3050,2
2026-07-30 12:45:25,79,0,3050,2
2026-07-30 12:45:26,79,0,3050,2
2026-07-30 12:45:27,73,0,3050,2
2026-07-30 12:45:28,75,0,3050,2
2026-07-30 12:45:29,77,0,3050,2
2026-07-30 12:45:30,85,0,3050,2
2026-07-30 12:45:31,83,0,3050,2
2026-07-30 12:45:32,82,0,3050,2
2026-07-30 12:45:33,80,0,3050,2
2026-07-30 12:45:34,77,0,3050,2
2026-07-30 12:45:35,83,0,3050,2
2026-07-30 12:45:36,78,0,3050,2
2026-07-30 12:45:37,78,0,3050,2
2026-07-30 12:45:38,79,0,3050,2
2026-07-30 12:45:39,77,0,3050,2
2026-07-30 12:45:40,82,0,3050,2
2026-07-30 12:45:41,81,0,3050,2
2026-07-30 12:45:42,85,0,3050,2
2026-07-30 12:45:43,80,0,3050,2
2026-07-30 12:45:44,81,0,3050,2
2026-07-30 12:45:45,84,0,3050,2
2026-07-30 12:45:46,78,0,3050,2
2026-07-30 12:45:47,80,0,3050,2
2026-07-30 12:45:48,85,0,3050,2
2026-07-30 12:45:49,82,0,3050,2
2026-07-30 12:45:50,81,0,3050,2
2026-07-30 12:45:51,81,0,3050,2
2026-07-30 12:45:52,78,0,3050,2
2026-07-30 12:45:53,76,0,3050,2
2026-07-30 12:45:54,82,0,3050,2
2026-07-30 12:45:55,82,3050,3050,2
2026-07-30 12:45:56,84,0,3050,2
2026-07-30 12:45:57,79,0,3050,2
2026-07-30 12:45:58,79,0,3050,2
2026-07-30 12:45:59,80,0,3050,2
2026-07-30 12:46:00,79,0,3050,2
2026-07-30 12:46:01,81,0,3050,2
2026-07-30 12:46:02,78,0,3050,2
2026-07-30 12:46:03,79,0,3050,2
2026-07-30 12:46:04,80,0,3050,2
2026-07-30 12:46:05,80,0,3050,2
2026-07-30 12:46:06,83,0,3050,2
2026-07-30 12:46:07,82,0,3050,2
2026-07-30 12:46:08,81,0,3050,2
2026-07-30 12:46:09,83,0,3050,2
2026-07-30 12:46:10,78,0,3050,2
2026-07-30 12:46:11,77,0,3050,2
2026-07-30 12:46:12,78,0,3050,2
2026-07-30 12:46:13,82,0,3050,2
2026-07-30 12:46:14,83,0,3050,2
2026-07-30 12:46:15,77,0,3050,2
2026-07-30 12:46:16,85,0,3050,2
2026-07-30 12:46:17,79,0,3050,2
2026-07-30 12:46:18,81,0,3050,2
2026-07-30 12:46:19,79,0,3050,2
2026-07-30 12:46:20,80,0,3050,2
2026-07-30 12:46:21,81,0,3050,2
2026-07-30 12:46:22,83,0,3050,2
2026-07-30 12:46:23,78,0,3050,2
2026-07-30 12:46:24,78,0,3050,2
2026-07-30 12:46:25,83,0,3050,2
2026-07-30 12:46:26,83,0,3050,2
2026-07-30 12:46:27,82,0,3050,2
2026-07-30 12:46:29,81,0,3050,2
2026-07-30 12:46:29,83,0,3050,2
2026-07-30 12:46:30,82,0,3050,2
2026-07-30 12:46:31,82,0,3050,2
2026-07-30 12:46:32,80,0,3050,2
2026-07-30 12:46:33,83,0,3050,2
2026-07-30 12:46:34,80,0,3050,2
2026-07-30 12:46:35,81,0,3050,2
2026-07-30 12:46:36,83,0,3050,2
2026-07-30 12:46:37,81,0,3050,2
2026-07-30 12:46:38,86,0,3050,2
2026-07-30 12:46:39,84,0,3050,2
2026-07-30 12:46:40,77,0,3050,2
2026-07-30 12:46:41,79,0,3050,2
2026-07-30 12:46:42,82,0,3050,2
2026-07-30 12:46:43,80,0,3050,2
2026-07-30 12:46:44,81,0,3050,2
2026-07-30 12:46:45,79,0,3050,2
2026-07-30 12:46:46,78,0,3050,2
2026-07-30 12:46:47,81,0,3050,2
2026-07-30 12:46:48,78,0,3050,2
2026-07-30 12:46:49,80,0,3050,2
2026-07-30 12:46:50,79,0,3050,2
2026-07-30 12:46:51,77,0,3050,2
2026-07-30 12:46:53,79,0,3050,2
2026-07-30 12:46:53,80,0,3050,2
2026-07-30 12:46:54,81,0,3050,2
2026-07-30 12:46:55,83,0,3050,2
2026-07-30 12:46:56,82,0,3050,2
2026-07-30 12:46:57,79,0,3050,2
2026-07-30 12:46:58,78,0,3050,2
2026-07-30 12:47:00,78,0,3050,2
2026-07-30 12:47:00,79,0,3050,2
2026-07-30 12:47:01,81,0,3050,2
2026-07-30 12:47:02,82,0,3050,2
2026-07-30 12:47:03,84,0,3050,2
2026-07-30 12:47:04,76,0,3050,2
2026-07-30 12:47:05,83,0,3050,2
2026-07-30 12:47:06,80,0,3050,2
2026-07-30 12:47:07,78,0,3050,2
2026-07-30 12:47:08,80,0,3050,2
2026-07-30 12:47:09,81,0,3050,2
2026-07-30 12:47:10,84,0,3050,2
2026-07-30 12:47:11,82,0,3050,2
2026-07-30 12:47:12,82,0,3050,2
2026-07-30 12:47:13,81,0,3050,2
2026-07-30 12:47:14,80,0,3050,2
2026-07-30 12:47:15,81,0,3050,2
2026-07-30 12:47:16,80,0,3050,2
2026-07-30 12:47:17,81,0,3050,2
2026-07-30 12:47:18,82,0,3050,2
2026-07-30 12:47:19,82,0,3050,2
2026-07-30 12:47:20,82,0,3050,2
2026-07-30 12:47:21,81,0,3050,2
2026-07-30 12:47:22,84,0,3050,2
2026-07-30 12:47:23,82,0,3050,2
2026-07-30 12:47:24,80,0,3050,2
2026-07-30 12:47:25,81,0,3050,2
2026-07-30 12:47:26,79,0,3050,2
2026-07-30 12:47:27,82,0,3050,2
2026-07-30 12:47:28,79,0,3050,2
2026-07-30 12:47:29,79,0,3050,2
2026-07-30 12:47:30,80,0,3050,2
2026-07-30 12:47:31,77,0,3050,2
2026-07-30 12:47:32,83,0,3050,2
2026-07-30 12:47:33,81,0,3050,2
2026-07-30 12:47:34,85,0,3050,2
2026-07-30 12:47:35,80,0,3050,2
2026-07-30 12:47:36,80,0,3050,2
2026-07-30 12:47:37,82,0,3050,2
2026-07-30 12:47:38,79,0,3050,2
2026-07-30 12:47:39,80,0,3050,2
2026-07-30 12:47:40,80,0,3050,2
2026-07-30 12:47:42,81,0,3050,2
2026-07-30 12:47:42,83,0,3050,2
2026-07-30 12:47:43,74,0,3050,2
2026-07-30 12:47:44,80,0,3050,2
2026-07-30 12:47:45,81,0,3050,2
2026-07-30 12:47:46,80,0,3050,2
2026-07-30 12:47:47,79,0,3050,2
2026-07-30 12:47:48,79,0,3050,2
2026-07-30 12:47:49,83,0,3050,2
2026-07-30 12:47:50,82,0,3050,2
2026-07-30 12:47:51,81,0,3050,2
2026-07-30 12:47:52,80,0,3050,2
2026-07-30 12:47:53,82,0,3050,2
2026-07-30 12:47:54,82,0,3050,2
2026-07-30 12:47:55,78,0,3050,2
2026-07-30 12:47:56,84,0,3050,2
2026-07-30 12:47:57,75,0,3050,2
2026-07-30 12:47:58,76,0,3050,2
2026-07-30 12:47:59,82,0,3050,2
2026-07-30 12:48:00,84,0,3050,2
2026-07-30 12:48:01,78,0,3050,2
2026-07-30 12:48:02,79,0,3050,2
2026-07-30 12:48:03,78,0,3050,2
2026-07-30 12:48:04,82,0,3050,2
2026-07-30 12:48:05,81,0,3050,2
2026-07-30 12:48:06,79,0,3050,2
2026-07-30 12:48:07,79,0,3050,2
2026-07-30 12:48:08,78,0,3050,2
2026-07-30 12:48:09,76,0,3050,2
2026-07-30 12:48:11,83,0,3050,2
2026-07-30 12:48:11,82,0,3050,2
2026-07-30 12:48:12,84,0,3050,2
2026-07-30 12:48:13,82,0,3050,2
2026-07-30 12:48:14,83,0,3050,2
2026-07-30 12:48:16,80,0,3050,2
2026-07-30 12:48:16,83,0,3050,2
2026-07-30 12:48:17,85,0,3050,2
2026-07-30 12:48:18,79,0,3050,2
2026-07-30 12:48:19,82,0,3050,2
2026-07-30 12:48:20,80,0,3050,2
2026-07-30 12:48:21,82,0,3050,2
2026-07-30 12:48:22,81,0,3050,2
2026-07-30 12:48:23,78,0,3050,2
2026-07-30 12:48:24,79,0,3050,2
2026-07-30 12:48:25,78,0,3050,2
2026-07-30 12:48:26,78,0,3050,2
2026-07-30 12:48:27,80,0,3050,2
2026-07-30 12:48:28,80,0,3050,2
2026-07-30 12:48:29,82,0,3050,2
2026-07-30 12:48:30,82,0,3050,2
2026-07-30 12:48:31,80,0,3050,2
2026-07-30 12:48:32,78,0,3050,2
2026-07-30 12:48:33,78,0,3050,2
2026-07-30 12:48:34,79,0,3050,2
2026-07-30 12:48:35,80,0,3050,2
2026-07-30 12:48:36,77,0,3050,2
2026-07-30 12:48:37,80,0,3050,2
2026-07-30 12:48:38,81,0,3050,2
2026-07-30 12:48:39,79,0,3050,2
2026-07-30 12:48:40,81,0,3050,2
2026-07-30 12:48:41,79,0,3050,2
2026-07-30 12:48:42,79,0,3050,2
2026-07-30 12:48:44,80,0,3050,2
2026-07-30 12:48:44,82,0,3050,2
2026-07-30 12:48:45,81,0,3050,2
2026-07-30 12:48:46,78,0,3050,2
2026-07-30 12:48:47,77,0,3050,2
2026-07-30 12:48:48,85,0,3050,2
2026-07-30 12:48:49,79,0,3050,2
2026-07-30 12:48:50,84,0,3050,2
2026-07-30 12:48:51,82,0,3050,2
2026-07-30 12:48:52,80,0,3050,2
2026-07-30 12:48:53,78,0,3050,2
2026-07-30 12:48:54,82,0,3050,2
2026-07-30 12:48:55,80,0,3050,2
2026-07-30 12:48:56,76,0,3050,2
2026-07-30 12:48:57,79,0,3050,2
2026-07-30 12:48:58,83,0,3050,2
2026-07-30 12:48:59,84,0,3050,2
2026-07-30 12:49:00,82,0,3050,2
2026-07-30 12:49:01,83,0,3050,2
2026-07-30 12:49:02,81,0,3050,2
2026-07-30 12:49:03,83,0,3050,2
2026-07-30 12:49:04,79,0,3050,2
2026-07-30 12:49:05,80,0,3050,2
2026-07-30 12:49:06,78,0,3050,2
2026-07-30 12:49:07,81,0,3050,2
2026-07-30 12:49:08,82,0,3050,2
2026-07-30 12:49:09,79,0,3050,2
2026-07-30 12:49:10,78,0,3050,2
2026-07-30 12:49:11,81,0,3050,2
2026-07-30 12:49:12,80,0,3050,2
2026-07-30 12:49:13,82,0,3050,2
2026-07-30 12:49:14,80,0,3050,2
2026-07-30 12:49:15,81,0,3050,2
2026-07-30 12:49:16,83,0,3050,2
2026-07-30 12:49:17,83,0,3050,2
2026-07-30 12:49:18,82,0,3050,2
2026-07-30 12:49:19,81,0,3050,2
2026-07-30 12:49:20,77,0,3050,2
2026-07-30 12:49:21,79,0,3050,2
2026-07-30 12:49:22,83,0,3050,2
2026-07-30 12:49:23,81,0,3050,2
2026-07-30 12:49:24,81,0,3050,2
2026-07-30 12:49:25,79,0,3050,2
2026-07-30 12:49:26,78,0,3050,2
2026-07-30 12:49:27,82,0,3050,2
2026-07-30 12:49:28,82,0,3050,2
2026-07-30 12:49:29,80,0,3050,2
2026-07-30 12:49:30,82,0,3050,2
2026-07-30 12:49:31,82,0,3050,2
2026-07-30 12:49:32,79,0,3050,2
2026-07-30 12:49:33,78,0,3050,2
2026-07-30 12:49:34,77,0,3050,2
2026-07-30 12:49:35,83,0,3050,2
2026-07-30 12:49:36,80,0,3050,2
2026-07-30 12:49:37,81,0,3050,2
2026-07-30 12:49:38,82,0,3050,2
2026-07-30 12:49:39,79,0,3050,2
2026-07-30 12:49:40,80,0,3050,2
2026-07-30 12:49:41,85,0,3050,2
2026-07-30 12:49:42,79,0,3050,2
2026-07-30 12:49:43,79,0,3050,2
2026-07-30 12:49:44,80,0,3050,2
2026-07-30 12:49:45,81,0,3050,2
2026-07-30 12:49:46,84,0,3050,2
2026-07-30 12:49:47,81,0,3050,2
2026-07-30 12:49:48,80,0,3050,2
2026-07-30 12:49:49,80,0,3050,2
2026-07-30 12:49:50,85,0,3050,2
2026-07-30 12:49:51,82,0,3050,2
2026-07-30 12:49:52,78,0,3050,2
2026-07-30 12:49:53,83,0,3050,2
2026-07-30 12:49:54,80,0,3050,2
2026-07-30 12:49:55,77,0,3050,2
2026-07-30 12:49:56,81,0,3050,2
2026-07-30 12:49:57,82,0,3050,2
2026-07-30 12:49:58,86,0,3050,2
2026-07-30 12:49:59,80,0,3050,2
2026-07-30 12:50:00,81,0,3050,2
2026-07-30 12:50:01,81,0,3050,2
2026-07-30 12:50:02,81,0,3050,2
2026-07-30 12:50:03,79,0,3050,2
2026-07-30 12:50:04,80,0,3050,2
2026-07-30 12:50:05,78,0,3050,2
2026-07-30 12:50:06,77,0,3050,2
2026-07-30 12:50:07,80,0,3050,2
2026-07-30 12:50:08,84,0,3050,2
2026-07-30 12:50:09,81,0,3050,2
2026-07-30 12:50:10,83,0,3050,2
2026-07-30 12:50:11,78,0,3050,2
2026-07-30 12:50:12,80,0,3050,2
2026-07-30 12:50:13,84,0,3050,2
2026-07-30 12:50:14,79,0,3050,2
2026-07-30 12:50:15,78,0,3050,2
2026-07-30 12:50:16,84,0,3050,2
2026-07-30 12:50:17,74,0,3050,2
2026-07-30 12:50:18,85,0,3050,2
2026-07-30 12:50:19,79,0,3050,2
2026-07-30 12:50:20,78,0,3050,2
2026-07-30 12:50:21,77,0,3050,2
2026-07-30 12:50:22,78,0,3050,2
2026-07-30 12:50:23,81,0,3050,2
2026-07-30 12:50:24,78,0,3050,2
2026-07-30 12:50:25,80,0,3050,2
2026-07-30 12:50:26,82,0,3050,2
2026-07-30 12:50:27,84,0,3050,2
2026-07-30 12:50:28,82,0,3050,2
2026-07-30 12:50:29,80,0,3050,2
2026-07-30 12:50:30,79,0,3050,2
2026-07-30 12:50:31,77,0,3050,2
2026-07-30 12:50:32,78,0,3050,2
2026-07-30 12:50:33,82,0,3050,2
2026-07-30 12:50:34,79,0,3050,2
2026-07-30 12:50:35,79,0,3050,2
2026-07-30 12:50:36,84,0,3050,2
2026-07-30 12:50:37,81,0,3050,2
2026-07-30 12:50:38,80,0,3050,2
2026-07-30 12:50:39,78,0,3050,2
2026-07-30 12:50:40,83,0,3050,2
2026-07-30 12:50:41,79,0,3050,2
2026-07-30 12:50:42,79,0,3050,2
2026-07-30 12:50:43,80,0,3050,2
2026-07-30 12:50:44,79,0,3050,2
2026-07-30 12:50:45,81,0,3050,2
2026-07-30 12:50:46,83,0,3050,2
2026-07-30 12:50:47,84,0,3050,2
2026-07-30 12:50:48,79,0,3050,2
2026-07-30 12:50:49,81,0,3050,2
2026-07-30 12:50:50,80,0,3050,2
2026-07-30 12:50:51,82,0,3050,2
2026-07-30 12:50:52,78,0,3050,2
2026-07-30 12:50:53,75,0,3050,2
2026-07-30 12:50:54,81,0,3050,2
2026-07-30 12:50:55,79,0,3050,2
2026-07-30 12:50:56,81,0,3050,2
2026-07-30 12:50:57,81,0,3050,2
2026-07-30 12:50:58,80,0,3050,2
2026-07-30 12:50:59,79,0,3050,2
2026-07-30 12:51:00,80,0,3050,2
2026-07-30 12:51:01,85,0,3050,2
2026-07-30 12:51:02,78,0,3050,2
2026-07-30 12:51:03,81,0,3050,2
2026-07-30 12:51:04,78,0,3050,2
2026-07-30 12:51:05,79,0,3050,2
2026-07-30 12:51:06,79,0,3050,2
2026-07-30 12:51:07,78,0,3050,2
2026-07-30 12:51:08,79,0,3050,2
2026-07-30 12:51:09,80,0,3050,2
2026-07-30 12:51:10,83,0,3050,2
2026-07-30 12:51:11,80,0,3050,2
2026-07-30 12:51:12,81,0,3050,2
2026-07-30 12:51:13,80,0,3050,2
2026-07-30 12:51:14,77,0,3050,2
2026-07-30 12:51:15,82,0,3050,2
2026-07-30 12:51:16,78,0,3050,2
2026-07-30 12:51:17,79,0,3050,2
2026-07-30 12:51:18,80,0,3050,2
2026-07-30 12:51:19,79,0,3050,2
2026-07-30 12:51:20,83,0,3050,2
2026-07-30 12:51:21,82,0,3050,2
2026-07-30 12:51:22,82,0,3050,2
2026-07-30 12:51:23,79,0,3050,2
2026-07-30 12:51:24,80,0,3050,2
2026-07-30 12:51:25,78,0,3050,2
2026-07-30 12:51:26,79,0,3050,2
2026-07-30 12:51:27,80,0,3050,2
2026-07-30 12:51:28,78,0,3050,2
2026-07-30 12:51:29,80,0,3050,2
2026-07-30 12:51:30,83,0,3050,2
2026-07-30 12:51:31,78,0,3050,2
2026-07-30 12:51:32,80,0,3050,2
2026-07-30 12:51:33,85,0,3050,2
2026-07-30 12:51:34,78,0,3050,2
2026-07-30 12:51:35,81,0,3050,2
2026-07-30 12:51:36,80,0,3050,2
2026-07-30 12:51:37,82,0,3050,2
2026-07-30 12:51:38,77,0,3050,2
2026-07-30 12:51:39,82,0,3050,2
2026-07-30 12:51:40,81,0,3050,2
2026-07-30 12:51:41,78,0,3050,2
2026-07-30 12:51:42,82,0,3050,2
2026-07-30 12:51:43,83,0,3050,2
2026-07-30 12:51:44,86,0,3050,2
2026-07-30 12:51:45,78,0,3050,2
2026-07-30 12:51:46,78,0,3050,2
2026-07-30 12:51:47,80,0,3050,2
2026-07-30 12:51:48,82,0,3050,2
2026-07-30 12:51:49,81,0,3050,2
2026-07-30 12:51:50,83,0,3050,2
2026-07-30 12:51:51,80,0,3050,2
2026-07-30 12:51:52,82,0,3050,2
2026-07-30 12:51:53,81,0,3050,2
2026-07-30 12:51:54,78,0,3050,2
2026-07-30 12:51:55,77,0,3050,2
2026-07-30 12:51:56,80,0,3050,2
2026-07-30 12:51:57,76,0,3050,2
2026-07-30 12:51:58,80,0,3050,2
2026-07-30 12:51:59,84,0,3050,2
2026-07-30 12:52:00,82,0,3050,2
2026-07-30 12:52:01,82,0,3050,2
2026-07-30 12:52:02,80,0,3050,2
2026-07-30 12:52:03,79,0,3050,2
2026-07-30 12:52:04,78,0,3050,2
2026-07-30 12:52:05,80,0,3050,2
2026-07-30 12:52:06,81,0,3050,2
2026-07-30 12:52:07,82,0,3050,2
2026-07-30 12:52:08,82,0,3050,2
2026-07-30 12:52:09,81,0,3050,2
2026-07-30 12:52:10,83,0,3050,2
2026-07-30 12:52:11,83,0,3050,2
2026-07-30 12:52:12,79,0,3050,2
2026-07-30 12:52:13,81,0,3050,2
2026-07-30 12:52:14,80,0,3050,2
2026-07-30 12:52:15,78,0,3050,2
2026-07-30 12:52:16,78,0,3050,2
2026-07-30 12:52:17,81,0,3050,2
2026-07-30 12:52:18,74,0,3050,2
2026-07-30 12:52:19,80,0,3050,2
2026-07-30 12:52:20,81,0,3050,2
2026-07-30 12:52:21,76,0,3050,2
2026-07-30 12:52:22,83,0,3050,2
2026-07-30 12:52:23,77,0,3050,2
2026-07-30 12:52:24,78,0,3050,2
2026-07-30 12:52:25,82,0,3050,2
2026-07-30 12:52:26,76,0,3050,2
2026-07-30 12:52:28,79,0,3050,2
2026-07-30 12:52:28,83,0,3050,2
2026-07-30 12:52:29,78,0,3050,2
2026-07-30 12:52:30,79,0,3050,2
2026-07-30 12:52:31,81,0,3050,2
2026-07-30 12:52:32,80,0,3050,2
2026-07-30 12:52:33,81,0,3050,2
2026-07-30 12:52:34,81,0,3050,2
2026-07-30 12:52:35,79,0,3050,2
2026-07-30 12:52:36,83,0,3050,2
2026-07-30 12:52:37,82,0,3050,2
2026-07-30 12:52:38,79,0,3050,2
2026-07-30 12:52:39,80,0,3050,2
2026-07-30 12:52:40,78,0,3050,2
2026-07-30 12:52:41,77,0,3050,2
2026-07-30 12:52:42,80,0,3050,2
2026-07-30 12:52:43,84,0,3050,2
2026-07-30 12:52:45,81,0,3050,2
2026-07-30 12:52:45,80,0,3050,2
2026-07-30 12:52:46,80,0,3050,2
2026-07-30 12:52:47,78,0,3050,2
2026-07-30 12:52:48,82,0,3050,2
2026-07-30 12:52:49,77,0,3050,2
2026-07-30 12:52:50,83,0,3050,2
2026-07-30 12:52:51,80,0,3050,2
2026-07-30 12:52:52,80,0,3050,2
2026-07-30 12:52:53,79,0,3050,2
2026-07-30 12:52:54,81,0,3050,2
2026-07-30 12:52:55,83,0,3050,2
2026-07-30 12:52:56,79,0,3050,2
2026-07-30 12:52:57,83,0,3050,2
2026-07-30 12:52:58,85,0,3050,2
2026-07-30 12:52:59,82,0,3050,2
2026-07-30 12:53:00,81,0,3050,2
2026-07-30 12:53:01,81,0,3050,2
2026-07-30 12:53:02,81,0,3050,2
2026-07-30 12:53:03,81,0,3050,2
2026-07-30 12:53:04,82,0,3050,2
2026-07-30 12:53:06,82,0,3050,2
2026-07-30 12:53:06,79,0,3050,2
2026-07-30 12:53:07,82,0,3050,2
2026-07-30 12:53:08,79,0,3050,2
2026-07-30 12:53:09,80,0,3050,2
2026-07-30 12:53:10,83,0,3050,2
2026-07-30 12:53:11,81,0,3050,2
2026-07-30 12:53:12,80,0,3050,2
2026-07-30 12:53:13,79,0,3050,2
2026-07-30 12:53:14,83,0,3050,2
2026-07-30 12:53:15,79,0,3050,2
2026-07-30 12:53:16,81,0,3050,2
2026-07-30 12:53:17,80,0,3050,2
2026-07-30 12:53:18,78,0,3050,2
2026-07-30 12:53:19,77,0,3050,2
2026-07-30 12:53:20,82,0,3050,2
2026-07-30 12:53:22,80,0,3050,2
2026-07-30 12:53:22,78,0,3050,2
2026-07-30 12:53:23,78,0,3050,2
2026-07-30 12:53:24,79,0,3050,2
2026-07-30 12:53:25,82,0,3050,2
2026-07-30 12:53:26,80,0,3050,2
2026-07-30 12:53:27,80,0,3050,2
2026-07-30 12:53:28,82,0,3050,2
2026-07-30 12:53:29,80,0,3050,2
2026-07-30 12:53:30,81,0,3050,2
2026-07-30 12:53:31,80,0,3050,2
2026-07-30 12:53:32,77,0,3050,2
2026-07-30 12:53:33,81,0,3050,2
2026-07-30 12:53:34,84,0,3050,2
2026-07-30 12:53:35,81,0,3050,2
2026-07-30 12:53:36,82,0,3050,2
2026-07-30 12:53:37,80,0,3050,2
2026-07-30 12:53:38,77,0,3050,2
2026-07-30 12:53:39,81,0,3050,2
2026-07-30 12:53:40,84,0,3050,2
2026-07-30 12:53:41,83,0,3050,2
2026-07-30 12:53:42,82,0,3050,2
2026-07-30 12:53:43,81,0,3050,2
2026-07-30 12:53:44,81,0,3050,2
2026-07-30 12:53:45,79,0,3050,2
2026-07-30 12:53:46,78,0,3050,2
2026-07-30 12:53:47,81,0,3050,2
2026-07-30 12:53:48,81,0,3050,2
2026-07-30 12:53:49,82,0,3050,2
2026-07-30 12:53:50,80,0,3050,2
2026-07-30 12:53:53,84,0,3050,2
2026-07-30 12:53:53,79,0,3050,2
2026-07-30 12:53:53,80,0,3050,2
2026-07-30 12:53:54,81,0,3050,2
2026-07-30 12:53:55,79,0,3050,2
2026-07-30 12:53:56,81,0,3050,2
2026-07-30 12:53:57,80,0,3050,2
2026-07-30 12:53:58,81,0,3050,2
2026-07-30 12:53:59,80,0,3050,2
2026-07-30 12:54:00,77,0,3050,2
2026-07-30 12:54:02,81,0,3050,2
2026-07-30 12:54:02,77,0,3050,2
2026-07-30 12:54:03,83,0,3050,2
2026-07-30 12:54:04,81,0,3050,2
2026-07-30 12:54:05,85,0,3050,2
2026-07-30 12:54:06,78,0,3050,2
2026-07-30 12:54:07,80,0,3050,2
2026-07-30 12:54:08,84,0,3050,2
2026-07-30 12:54:09,80,0,3050,2
2026-07-30 12:54:10,80,0,3050,2
2026-07-30 12:54:11,77,0,3050,2
2026-07-30 12:54:12,79,0,3050,2
2026-07-30 12:54:13,80,0,3050,2
2026-07-30 12:54:14,78,0,3050,2
2026-07-30 12:54:15,79,0,3050,2
2026-07-30 12:54:16,80,0,3050,2
2026-07-30 12:54:17,80,0,3050,2
2026-07-30 12:54:18,80,0,3050,2
2026-07-30 12:54:19,83,0,3050,2
2026-07-30 12:54:20,83,0,3050,2
2026-07-30 12:54:21,80,0,3050,2
2026-07-30 12:54:22,79,0,3050,2
2026-07-30 12:54:23,78,0,3050,2
2026-07-30 12:54:24,84,0,3050,2
2026-07-30 12:54:25,78,0,3050,2
2026-07-30 12:54:26,80,0,3050,2
2026-07-30 12:54:27,81,0,3050,2
2026-07-30 12:54:28,82,0,3050,2
2026-07-30 12:54:29,82,0,3050,2
2026-07-30 12:54:30,81,0,3050,2
2026-07-30 12:54:31,82,0,3050,2
2026-07-30 12:54:32,83,0,3050,2
2026-07-30 12:54:33,80,0,3050,2
2026-07-30 12:54:34,79,0,3050,2
2026-07-30 12:54:35,79,0,3050,2
2026-07-30 12:54:36,80,0,3050,2
2026-07-30 12:54:37,81,0,3050,2
2026-07-30 12:54:38,82,0,3050,2
2026-07-30 12:54:39,80,0,3050,2
2026-07-30 12:54:40,81,0,3050,2
2026-07-30 12:54:41,81,0,3050,2
2026-07-30 12:54:42,80,0,3050,2
2026-07-30 12:54:43,81,0,3050,2
2026-07-30 12:54:44,80,0,3050,2
2026-07-30 12:54:45,80,0,3050,2
2026-07-30 12:54:46,82,0,3050,2
2026-07-30 12:54:47,77,0,3050,2
2026-07-30 12:54:48,82,0,3050,2
2026-07-30 12:54:49,80,0,3050,2
2026-07-30 12:54:50,78,0,3050,2
2026-07-30 12:54:51,79,0,3050,2
2026-07-30 12:54:53,80,0,3050,2
2026-07-30 12:54:53,82,0,3050,2
2026-07-30 12:54:54,80,0,3050,2
2026-07-30 12:54:55,82,0,3050,2
2026-07-30 12:54:56,81,0,3050,2
2026-07-30 12:54:57,81,0,3050,2
2026-07-30 12:54:58,78,0,3050,2
2026-07-30 12:54:59,80,0,3050,2
2026-07-30 12:55:00,78,0,3050,2
2026-07-30 12:55:01,79,0,3050,2
2026-07-30 12:55:02,82,0,3050,2
2026-07-30 12:55:03,83,0,3050,2
2026-07-30 12:55:04,81,0,3050,2
2026-07-30 12:55:05,81,0,3050,2
2026-07-30 12:55:06,81,0,3050,2
2026-07-30 12:55:07,83,0,3050,2
2026-07-30 12:55:08,76,0,3050,2
2026-07-30 12:55:09,81,0,3050,2
2026-07-30 12:55:10,82,0,3050,2
2026-07-30 12:55:11,83,0,3050,2
2026-07-30 12:55:12,78,0,3050,2
2026-07-30 12:55:14,78,0,3050,2
2026-07-30 12:55:15,82,0,3050,2
2026-07-30 12:55:15,79,0,3050,2
2026-07-30 12:55:16,77,0,3050,2
2026-07-30 12:55:17,80,0,3050,2
2026-07-30 12:55:18,79,0,3050,2
2026-07-30 12:55:19,81,0,3050,2
2026-07-30 12:55:20,78,0,3050,2
2026-07-30 12:55:21,82,0,3050,2
2026-07-30 12:55:22,80,0,3050,2
2026-07-30 12:55:23,77,0,3050,2
2026-07-30 12:55:24,83,0,3050,2
2026-07-30 12:55:25,77,0,3050,2
2026-07-30 12:55:27,83,0,3050,2
2026-07-30 12:55:27,84,0,3050,2
2026-07-30 12:55:28,79,0,3050,2
2026-07-30 12:55:29,78,0,3050,2
2026-07-30 12:55:31,82,0,3050,2
2026-07-30 12:55:31,80,0,3050,2
2026-07-30 12:55:32,77,0,3050,2
2026-07-30 12:55:34,78,0,3050,2
2026-07-30 12:55:34,80,0,3050,2
2026-07-30 12:55:35,79,0,3050,2
2026-07-30 12:55:36,80,0,3050,2
2026-07-30 12:55:37,79,0,3050,2
2026-07-30 12:55:38,81,0,3050,2
2026-07-30 12:55:40,80,0,3050,2
2026-07-30 12:55:40,81,0,3050,2
2026-07-30 12:55:41,81,0,3050,2
2026-07-30 12:55:42,78,0,3050,2
2026-07-30 12:55:43,76,0,3050,2
2026-07-30 12:55:44,83,0,3050,2
2026-07-30 12:55:45,80,0,3050,2
2026-07-30 12:55:46,84,0,3050,2
2026-07-30 12:55:47,81,0,3050,2
2026-07-30 12:55:48,81,0,3050,2
2026-07-30 12:55:49,82,0,3050,2
2026-07-30 12:55:50,80,0,3050,2
2026-07-30 12:55:51,80,0,3050,2
2026-07-30 12:55:52,79,0,3050,2
2026-07-30 12:55:53,81,0,3050,2
2026-07-30 12:55:54,79,0,3050,2
2026-07-30 12:55:55,80,0,3050,2
2026-07-30 12:55:56,80,0,3050,2
2026-07-30 12:55:57,79,0,3050,2
2026-07-30 12:55:58,80,0,3050,2
2026-07-30 12:55:59,81,0,3050,2
2026-07-30 12:56:00,83,0,3050,2
2026-07-30 12:56:01,82,0,3050,2
2026-07-30 12:56:02,77,0,3050,2
2026-07-30 12:56:03,81,0,3050,2
2026-07-30 12:56:04,82,0,3050,2
2026-07-30 12:56:05,80,0,3050,2
2026-07-30 12:56:06,79,0,3050,2
2026-07-30 12:56:07,81,0,3050,2
2026-07-30 12:56:08,82,0,3050,2
2026-07-30 12:56:09,79,0,3050,2
2026-07-30 12:56:10,81,0,3050,2
2026-07-30 12:56:11,76,0,3050,2
2026-07-30 12:56:12,79,0,3050,2
2026-07-30 12:56:13,78,0,3050,2
2026-07-30 12:56:14,75,0,3050,2
2026-07-30 12:56:15,82,0,3050,2
2026-07-30 12:56:16,81,0,3050,2
2026-07-30 12:56:17,78,0,3050,2
2026-07-30 12:56:18,82,0,3050,2
2026-07-30 12:56:19,81,0,3050,2
2026-07-30 12:56:20,82,0,3050,2
2026-07-30 12:56:21,80,0,3050,2
2026-07-30 12:56:22,82,0,3050,2
2026-07-30 12:56:23,77,0,3050,2
2026-07-30 12:56:25,82,0,3050,2
2026-07-30 12:56:25,82,0,3050,2
2026-07-30 12:56:26,81,0,3050,2
2026-07-30 12:56:27,78,0,3050,2
2026-07-30 12:56:28,87,0,3050,2
2026-07-30 12:56:29,81,0,3050,2
2026-07-30 12:56:30,79,0,3050,2
2026-07-30 12:56:31,84,0,3050,2
2026-07-30 12:56:32,80,0,3050,2
2026-07-30 12:56:33,78,0,3050,2
2026-07-30 12:56:34,85,0,3050,2
2026-07-30 12:56:35,78,0,3050,2
2026-07-30 12:56:36,78,0,3050,2
2026-07-30 12:56:37,80,0,3050,2
2026-07-30 12:56:38,80,0,3050,2
2026-07-30 12:56:39,82,0,3050,2
2026-07-30 12:56:40,83,0,3050,2
2026-07-30 12:56:41,78,0,3050,2
2026-07-30 12:56:42,80,0,3050,2
2026-07-30 12:56:43,80,0,3050,2
2026-07-30 12:56:44,77,0,3050,2
2026-07-30 12:56:45,80,0,3050,2
2026-07-30 12:56:46,78,0,3050,2
2026-07-30 12:56:47,78,0,3050,2
2026-07-30 12:56:48,79,0,3050,2
2026-07-30 12:56:49,81,0,3050,2
2026-07-30 12:56:50,81,0,3050,2
2026-07-30 12:56:51,79,0,3050,2
2026-07-30 12:56:52,82,0,3050,2
2026-07-30 12:56:53,79,0,3050,2
2026-07-30 12:56:54,81,0,3050,2
2026-07-30 12:56:55,83,0,3050,2
2026-07-30 12:56:56,80,0,3050,2
2026-07-30 12:56:57,83,0,3050,2
2026-07-30 12:56:58,83,0,3050,2
2026-07-30 12:56:59,78,0,3050,2
2026-07-30 12:57:00,83,0,3050,2
2026-07-30 12:57:01,79,0,3050,2
2026-07-30 12:57:02,79,0,3050,2
2026-07-30 12:57:03,82,0,3050,2
2026-07-30 12:57:04,82,0,3050,2
2026-07-30 12:57:05,83,0,3050,2
2026-07-30 12:57:06,79,0,3050,2
2026-07-30 12:57:07,79,0,3050,2
2026-07-30 12:57:08,80,0,3050,2
2026-07-30 12:57:09,81,0,3050,2
2026-07-30 12:57:10,83,0,3050,2
2026-07-30 12:57:11,82,0,3050,2
2026-07-30 12:57:12,81,0,3050,2
2026-07-30 12:57:13,82,0,3050,2
2026-07-30 12:57:14,82,0,3050,2
2026-07-30 12:57:15,81,0,3050,2
2026-07-30 12:57:16,83,0,3050,2
2026-07-30 12:57:17,81,0,3050,2
2026-07-30 12:57:18,79,0,3050,2
2026-07-30 12:57:19,80,0,3050,2
2026-07-30 12:57:20,80,0,3050,2
2026-07-30 12:57:21,79,0,3050,2
2026-07-30 12:57:22,80,0,3050,2
2026-07-30 12:57:23,80,0,3050,2
2026-07-30 12:57:24,80,0,3050,2
2026-07-30 12:57:25,83,0,3050,2
2026-07-30 12:57:26,83,0,3050,2
2026-07-30 12:57:27,80,0,3050,2
2026-07-30 12:57:28,81,0,3050,2
2026-07-30 12:57:29,82,0,3050,2
2026-07-30 12:57:30,84,0,3050,2
2026-07-30 12:57:31,85,0,3050,2
2026-07-30 12:57:32,78,0,3050,2
2026-07-30 12:57:33,83,0,3050,2
2026-07-30 12:57:34,83,0,3050,2
2026-07-30 12:57:35,78,0,3050,2
2026-07-30 12:57:36,80,0,3050,2
2026-07-30 12:57:37,80,0,3050,2
2026-07-30 12:57:38,80,0,3050,2
2026-07-30 12:57:39,83,0,3050,2
2026-07-30 12:57:40,83,0,3050,2
2026-07-30 12:57:41,80,0,3050,2
2026-07-30 12:57:42,81,0,3050,2
2026-07-30 12:57:43,84,0,3050,2
2026-07-30 12:57:44,82,0,3050,2
2026-07-30 12:57:45,79,0,3050,2
2026-07-30 12:57:46,82,0,3050,2
2026-07-30 12:57:48,82,0,3050,2
2026-07-30 12:57:48,82,0,3050,2
2026-07-30 12:57:49,84,0,3050,2
2026-07-30 12:57:50,77,0,3050,2
2026-07-30 12:57:51,79,0,3050,2
2026-07-30 12:57:52,81,0,3050,2
2026-07-30 12:57:53,81,0,3050,2
2026-07-30 12:57:54,84,0,3050,2
2026-07-30 12:57:55,84,0,3050,2
2026-07-30 12:57:56,81,0,3050,2
2026-07-30 12:57:57,82,0,3050,2
2026-07-30 12:57:58,83,0,3050,2
2026-07-30 12:57:59,78,0,3050,2
2026-07-30 12:58:00,84,0,3050,2
2026-07-30 12:58:01,79,0,3050,2
2026-07-30 12:58:02,81,0,3050,2
2026-07-30 12:58:03,81,0,3050,2
2026-07-30 12:58:04,78,0,3050,2
2026-07-30 12:58:05,83,0,3050,2
2026-07-30 12:58:06,81,0,3050,2
2026-07-30 12:58:07,80,0,3050,2
2026-07-30 12:58:08,76,0,3050,2
2026-07-30 12:58:09,81,0,3050,2
2026-07-30 12:58:10,82,0,3050,2
2026-07-30 12:58:11,81,0,3050,2
2026-07-30 12:58:12,83,0,3050,2
2026-07-30 12:58:13,82,0,3050,2
2026-07-30 12:58:14,82,0,3050,2
2026-07-30 12:58:15,82,0,3050,2
2026-07-30 12:58:16,84,0,3050,2
2026-07-30 12:58:17,81,0,3050,2
2026-07-30 12:58:18,82,0,3050,2
2026-07-30 12:58:19,84,0,3050,2
2026-07-30 12:58:20,79,0,3050,2
2026-07-30 12:58:21,84,0,3050,2
2026-07-30 12:58:22,78,0,3050,2
2026-07-30 12:58:23,85,0,3050,2
2026-07-30 12:58:24,81,0,3050,2
2026-07-30 12:58:25,79,0,3050,2
2026-07-30 12:58:26,81,0,3050,2
2026-07-30 12:58:27,83,0,3050,2
2026-07-30 12:58:28,79,0,3050,2
2026-07-30 12:58:29,83,0,3050,2
2026-07-30 12:58:30,83,0,3050,2
2026-07-30 12:58:31,79,0,3050,2
2026-07-30 12:58:32,83,0,3050,2
2026-07-30 12:58:33,82,0,3050,2
2026-07-30 12:58:34,79,0,3050,2
2026-07-30 12:58:35,80,0,3050,2
2026-07-30 12:58:36,81,0,3050,2
2026-07-30 12:58:37,82,0,3050,2
2026-07-30 12:58:38,82,0,3050,2
2026-07-30 12:58:39,80,0,3050,2
2026-07-30 12:58:40,81,0,3050,2
2026-07-30 12:58:41,80,0,3050,2
2026-07-30 12:58:42,80,0,3050,2
2026-07-30 12:58:43,82,0,3050,2
2026-07-30 12:58:44,83,0,3050,2
2026-07-30 12:58:45,81,0,3050,2
2026-07-30 12:58:46,80,0,3050,2
2026-07-30 12:58:48,80,0,3050,2
2026-07-30 12:58:48,80,0,3050,2
2026-07-30 12:58:49,79,0,3050,2
2026-07-30 12:58:50,81,0,3050,2
2026-07-30 12:58:52,79,0,3050,2
2026-07-30 12:58:52,81,0,3050,2
2026-07-30 12:58:53,84,0,3050,2
2026-07-30 12:58:54,80,0,3050,2
2026-07-30 12:58:55,80,0,3050,2
2026-07-30 12:58:56,83,0,3050,2
2026-07-30 12:58:57,81,0,3050,2
2026-07-30 12:58:58,80,0,3050,2
2026-07-30 12:58:59,82,0,3050,2
2026-07-30 12:59:00,81,0,3050,2
2026-07-30 12:59:01,83,0,3050,2
2026-07-30 12:59:02,81,0,3050,2
2026-07-30 12:59:03,82,0,3050,2
2026-07-30 12:59:04,82,0,3050,2
2026-07-30 12:59:05,83,0,3050,2
2026-07-30 12:59:06,80,0,3050,2
2026-07-30 12:59:07,84,0,3050,2
2026-07-30 12:59:08,82,0,3050,2
2026-07-30 12:59:10,79,0,3050,2
2026-07-30 12:59:10,82,0,3050,2
2026-07-30 12:59:11,80,0,3050,2
2026-07-30 12:59:12,79,0,3050,2
2026-07-30 12:59:13,83,0,3050,2
2026-07-30 12:59:14,81,0,3050,2
2026-07-30 12:59:15,80,0,3050,2
2026-07-30 12:59:16,82,0,3050,2
2026-07-30 12:59:18,82,0,3050,2
2026-07-30 12:59:18,80,0,3050,2
2026-07-30 12:59:19,84,0,3050,2
2026-07-30 12:59:20,79,0,3050,2
2026-07-30 12:59:21,85,0,3050,2
2026-07-30 12:59:22,82,0,3050,2
2026-07-30 12:59:23,81,0,3050,2
2026-07-30 12:59:24,81,0,3050,2
2026-07-30 12:59:25,80,0,3050,2
2026-07-30 12:59:26,80,0,3050,2
2026-07-30 12:59:27,79,0,3050,2
2026-07-30 12:59:28,80,0,3050,2
2026-07-30 12:59:29,81,0,3050,2
2026-07-30 12:59:30,82,0,3050,2
2026-07-30 12:59:31,79,0,3050,2
2026-07-30 12:59:32,80,0,3050,2
2026-07-30 12:59:33,81,0,3050,2
2026-07-30 12:59:35,82,0,3050,2
2026-07-30 12:59:35,79,0,3050,2
2026-07-30 12:59:36,80,0,3050,2
2026-07-30 12:59:37,81,0,3050,2
2026-07-30 12:59:38,85,0,3050,2
2026-07-30 12:59:39,81,0,3050,2
2026-07-30 12:59:40,80,0,3050,2
2026-07-30 12:59:41,80,0,3050,2
2026-07-30 12:59:42,81,0,3050,2
2026-07-30 12:59:43,82,0,3050,2
2026-07-30 12:59:44,82,0,3050,2
2026-07-30 12:59:45,80,0,3050,2
2026-07-30 12:59:46,82,0,3050,2
2026-07-30 12:59:47,83,0,3050,2
2026-07-30 12:59:48,80,0,3050,2
2026-07-30 12:59:49,83,0,3050,2
2026-07-30 12:59:51,81,0,3050,2
2026-07-30 12:59:52,82,0,3050,2
2026-07-30 12:59:52,83,0,3050,2
2026-07-30 12:59:53,82,0,3050,2
2026-07-30 12:59:54,81,0,3050,2
2026-07-30 12:59:55,85,0,3050,2
2026-07-30 12:59:56,82,0,3050,2
2026-07-30 12:59:57,81,0,3050,2
2026-07-30 12:59:58,84,0,3050,2
2026-07-30 12:59:59,82,0,3050,2
2026-07-30 13:00:00,79,0,3050,2
2026-07-30 13:00:01,83,0,3050,2
2026-07-30 13:00:02,82,0,3050,2
2026-07-30 13:00:03,82,0,3050,2
2026-07-30 13:00:05,82,0,3050,2
2026-07-30 13:00:05,80,0,3050,2
2026-07-30 13:00:06,81,0,3050,2
2026-07-30 13:00:07,80,0,3050,2
2026-07-30 13:00:08,80,0,3050,2
2026-07-30 13:00:09,80,0,3050,2
2026-07-30 13:00:10,84,0,3050,2
2026-07-30 13:00:11,81,0,3050,2
2026-07-30 13:00:12,81,0,3050,2
2026-07-30 13:00:13,82,0,3050,2
2026-07-30 13:00:14,87,0,3050,2
2026-07-30 13:00:15,81,0,3050,2
2026-07-30 13:00:16,85,0,3050,2
2026-07-30 13:00:17,82,0,3050,2
2026-07-30 13:00:18,79,0,3050,2
2026-07-30 13:00:19,84,0,3050,2
2026-07-30 13:00:20,85,0,3050,2
2026-07-30 13:00:21,86,0,3050,2
2026-07-30 13:00:22,81,0,3050,2
2026-07-30 13:00:23,80,0,3050,2
2026-07-30 13:00:24,85,0,3050,2
2026-07-30 13:00:26,80,0,3050,2
2026-07-30 13:00:26,79,0,3050,2
2026-07-30 13:00:27,84,0,3050,2
2026-07-30 13:00:28,82,0,3050,2
2026-07-30 13:00:29,84,0,3050,2
2026-07-30 13:00:30,79,0,3050,2
2026-07-30 13:00:31,82,0,3050,2
2026-07-30 13:00:32,83,0,3050,2
2026-07-30 13:00:33,82,0,3050,2
2026-07-30 13:00:34,83,0,3050,2
2026-07-30 13:00:35,82,0,3050,2
2026-07-30 13:00:36,85,0,3050,2
2026-07-30 13:00:37,83,0,3050,2
2026-07-30 13:00:38,84,0,3050,2
2026-07-30 13:00:39,83,0,3050,2
2026-07-30 13:00:40,80,0,3050,2
2026-07-30 13:00:41,86,0,3050,2
2026-07-30 13:00:42,84,0,3050,2
2026-07-30 13:00:43,83,0,3050,2
2026-07-30 13:00:44,82,0,3050,2
2026-07-30 13:00:45,83,0,3050,2
2026-07-30 13:00:46,83,0,3050,2
2026-07-30 13:00:47,83,0,3050,2
2026-07-30 13:00:48,79,0,3050,2
2026-07-30 13:00:49,83,0,3050,2
2026-07-30 13:00:50,81,0,3050,2
2026-07-30 13:00:52,81,0,3050,2
2026-07-30 13:00:52,82,0,3050,2
2026-07-30 13:00:53,82,0,3050,2
2026-07-30 13:00:54,84,0,3050,2
2026-07-30 13:00:56,79,0,3050,2
2026-07-30 13:00:56,85,0,3050,2
2026-07-30 13:00:57,83,0,3050,2
2026-07-30 13:00:58,84,0,3050,2
2026-07-30 13:00:59,82,0,3050,2
2026-07-30 13:01:00,81,0,3050,2
2026-07-30 13:01:01,83,0,3050,2
2026-07-30 13:01:02,82,0,3050,2
2026-07-30 13:01:03,80,0,3050,2
2026-07-30 13:01:04,82,0,3050,2
2026-07-30 13:01:05,79,0,3050,2
2026-07-30 13:01:06,82,0,3050,2
2026-07-30 13:01:08,86,0,3050,2
2026-07-30 13:01:08,79,0,3050,2
2026-07-30 13:01:09,82,0,3050,2
2026-07-30 13:01:10,84,0,3050,2
2026-07-30 13:01:11,82,0,3050,2
2026-07-30 13:01:12,86,0,3050,2
2026-07-30 13:01:13,88,0,3050,2
2026-07-30 13:01:14,86,0,3050,2
2026-07-30 13:01:15,82,0,3050,2
2026-07-30 13:01:17,85,0,3050,2
2026-07-30 13:01:17,83,0,3050,2
2026-07-30 13:01:18,82,0,3050,2
2026-07-30 13:01:19,81,0,3050,2
2026-07-30 13:01:20,82,0,3050,2
2026-07-30 13:01:21,88,0,3050,2
2026-07-30 13:01:22,83,0,3050,2
2026-07-30 13:01:23,82,0,3050,2
2026-07-30 13:01:24,82,0,3050,2
2026-07-30 13:01:26,82,0,3050,2
2026-07-30 13:01:26,82,0,3050,2
2026-07-30 13:01:27,86,0,3050,2
2026-07-30 13:01:28,83,0,3050,2
2026-07-30 13:01:30,85,0,3050,2
2026-07-30 13:01:30,86,0,3050,2
2026-07-30 13:01:31,84,0,3050,2
2026-07-30 13:01:32,86,0,3050,2
2026-07-30 13:01:34,82,0,3050,2
2026-07-30 13:01:34,83,0,3050,2
2026-07-30 13:01:35,82,0,3050,2
2026-07-30 13:01:36,85,0,3050,2
2026-07-30 13:01:37,84,0,3050,2
2026-07-30 13:01:38,83,0,3050,2
2026-07-30 13:01:39,83,0,3050,2
2026-07-30 13:01:40,82,0,3050,2
2026-07-30 13:01:41,84,0,3050,2
2026-07-30 13:01:43,83,0,3050,2
2026-07-30 13:01:43,82,0,3050,2
2026-07-30 13:01:44,80,0,3050,2
2026-07-30 13:01:45,82,0,3050,2
2026-07-30 13:01:46,84,0,3050,2
2026-07-30 13:01:47,85,0,3050,2
2026-07-30 13:01:48,81,0,3050,2
2026-07-30 13:01:49,83,0,3050,2
2026-07-30 13:01:50,85,0,3050,2
2026-07-30 13:01:51,85,0,3050,2
2026-07-30 13:01:52,87,0,3050,2
2026-07-30 13:01:53,84,0,3050,2
2026-07-30 13:01:54,81,0,3050,2
2026-07-30 13:01:55,81,0,3050,2
2026-07-30 13:01:56,84,0,3050,2
2026-07-30 13:01:57,82,0,3050,2
2026-07-30 13:01:58,83,0,3050,2
2026-07-30 13:01:59,84,0,3050,2
2026-07-30 13:02:00,85,0,3050,2
2026-07-30 13:02:01,79,0,3050,2
2026-07-30 13:02:02,82,0,3050,2
2026-07-30 13:02:03,82,0,3050,2
2026-07-30 13:02:04,85,0,3050,2
2026-07-30 13:02:05,87,0,3050,2
2026-07-30 13:02:06,81,0,3050,2
2026-07-30 13:02:07,80,0,3050,2
2026-07-30 13:02:08,85,0,3050,2
2026-07-30 13:02:09,83,0,3050,2
2026-07-30 13:02:10,82,0,3050,2
2026-07-30 13:02:11,82,0,3050,2
2026-07-30 13:02:12,83,0,3050,2
2026-07-30 13:02:13,82,0,3050,2
2026-07-30 13:02:14,84,0,3050,2
2026-07-30 13:02:15,84,0,3050,2
2026-07-30 13:02:16,84,0,3050,2
2026-07-30 13:02:17,82,0,3050,2
2026-07-30 13:02:18,86,0,3050,2
2026-07-30 13:02:19,84,0,3050,2
2026-07-30 13:02:20,84,0,3050,2
2026-07-30 13:02:21,87,0,3050,2
2026-07-30 13:02:22,84,0,3050,2
2026-07-30 13:02:23,85,0,3050,2
2026-07-30 13:02:24,83,0,3050,2
2026-07-30 13:02:25,86,0,3050,2
2026-07-30 13:02:26,84,0,3050,2
2026-07-30 13:02:27,86,0,3050,2
2026-07-30 13:02:28,83,0,3050,2
2026-07-30 13:02:29,85,0,3050,2
2026-07-30 13:02:30,86,0,3050,2
2026-07-30 13:02:31,83,0,3050,2
2026-07-30 13:02:32,83,0,3050,2
2026-07-30 13:02:34,83,0,3050,2
2026-07-30 13:02:34,84,0,3050,2
2026-07-30 13:02:35,82,0,3050,2
2026-07-30 13:02:36,84,0,3050,2
2026-07-30 13:02:37,83,0,3050,2
2026-07-30 13:02:38,83,0,3050,2
2026-07-30 13:02:39,85,0,3050,2
2026-07-30 13:02:40,84,0,3050,2
2026-07-30 13:02:41,85,0,3050,2
2026-07-30 13:02:42,84,0,3050,2
2026-07-30 13:02:43,83,0,3050,2
2026-07-30 13:02:44,83,0,3050,2
2026-07-30 13:02:45,84,0,3050,2
2026-07-30 13:02:46,84,0,3050,2
2026-07-30 13:02:47,85,0,3050,2
2026-07-30 13:02:48,86,0,3050,2
2026-07-30 13:02:49,85,0,3050,2
2026-07-30 13:02:51,82,0,3050,2
2026-07-30 13:02:51,83,0,3050,2
2026-07-30 13:02:52,85,0,3050,2
2026-07-30 13:02:53,85,0,3050,2
2026-07-30 13:02:55,84,0,3050,2
2026-07-30 13:02:55,83,0,3050,2
2026-07-30 13:02:56,84,0,3050,2
2026-07-30 13:02:57,85,0,3050,2
2026-07-30 13:02:58,86,0,3050,2
2026-07-30 13:03:00,81,0,3050,2
2026-07-30 13:03:00,83,0,3050,2
2026-07-30 13:03:01,87,0,3050,2
2026-07-30 13:03:02,81,0,3050,2
2026-07-30 13:03:04,84,0,3050,2
2026-07-30 13:03:04,84,0,3050,2
2026-07-30 13:03:05,85,0,3050,2
2026-07-30 13:03:06,84,0,3050,2
2026-07-30 13:03:08,82,0,3050,2
2026-07-30 13:03:08,82,0,3050,2
2026-07-30 13:03:09,83,0,3050,2
2026-07-30 13:03:10,84,0,3050,2
2026-07-30 13:03:11,86,0,3050,2
2026-07-30 13:03:12,87,0,3050,2
2026-07-30 13:03:13,84,0,3050,2
2026-07-30 13:03:14,83,0,3050,2
2026-07-30 13:03:15,84,0,3050,2
2026-07-30 13:03:16,86,0,3050,2
2026-07-30 13:03:17,84,0,3050,2
2026-07-30 13:03:18,83,0,3050,2
2026-07-30 13:03:19,83,0,3050,2
2026-07-30 13:03:20,81,0,3050,2
2026-07-30 13:03:21,83,0,3050,2
2026-07-30 13:03:22,83,0,3050,2
2026-07-30 13:03:23,83,0,3050,2
2026-07-30 13:03:24,87,0,3050,2
2026-07-30 13:03:25,87,0,3050,2
2026-07-30 13:03:26,88,0,3050,2
2026-07-30 13:03:27,84,0,3050,2
2026-07-30 13:03:28,87,0,3050,2
2026-07-30 13:03:29,87,0,3050,2
2026-07-30 13:03:30,84,0,3050,2
2026-07-30 13:03:31,84,0,3050,2
2026-07-30 13:03:32,84,0,3050,2
2026-07-30 13:03:34,86,0,3050,2
2026-07-30 13:03:34,84,0,3050,2
2026-07-30 13:03:35,85,0,3050,2
2026-07-30 13:03:36,83,0,3050,2
2026-07-30 13:03:37,85,0,3050,2
2026-07-30 13:03:38,85,0,3050,2
2026-07-30 13:03:39,85,0,3050,2
2026-07-30 13:03:40,86,0,3050,2
2026-07-30 13:03:41,85,0,3050,2
2026-07-30 13:03:42,85,0,3050,2
2026-07-30 13:03:43,86,0,3050,2
2026-07-30 13:03:44,88,0,3050,2
2026-07-30 13:03:45,86,0,3050,2
2026-07-30 13:03:46,87,0,3050,2
2026-07-30 13:03:47,85,0,3050,2
2026-07-30 13:03:48,86,0,3050,2
2026-07-30 13:03:49,83,0,3050,2
2026-07-30 13:03:51,83,0,3050,2
2026-07-30 13:03:51,84,0,3050,2
2026-07-30 13:03:52,87,0,3050,2
2026-07-30 13:03:53,87,0,3050,2
2026-07-30 13:03:54,85,0,3050,2
2026-07-30 13:03:55,87,0,3050,2
2026-07-30 13:03:56,82,0,3050,2
2026-07-30 13:03:57,86,0,3050,2
2026-07-30 13:03:58,86,0,3050,2
2026-07-30 13:03:59,86,0,3050,2
2026-07-30 13:04:00,85,0,3050,2
2026-07-30 13:04:01,89,0,3050,2
2026-07-30 13:04:03,85,0,3050,2
2026-07-30 13:04:03,86,0,3050,2
2026-07-30 13:04:04,87,0,3050,2
2026-07-30 13:04:05,87,0,3050,2
2026-07-30 13:04:06,88,0,3050,2
2026-07-30 13:04:07,87,0,3050,2
2026-07-30 13:04:08,86,0,3050,2
2026-07-30 13:04:09,86,0,3050,2
2026-07-30 13:04:10,84,0,3050,2
2026-07-30 13:04:11,81,0,3050,2
2026-07-30 13:04:12,88,0,3050,2
2026-07-30 13:04:13,84,0,3050,2
2026-07-30 13:04:14,84,0,3050,2
2026-07-30 13:04:15,85,0,3050,2
2026-07-30 13:04:16,86,0,3050,2
2026-07-30 13:04:17,85,0,3050,2
2026-07-30 13:04:18,88,0,3050,2
2026-07-30 13:04:19,86,0,3050,2
2026-07-30 13:04:20,86,0,3050,2
2026-07-30 13:04:21,85,0,3050,2
2026-07-30 13:04:22,85,0,3050,2
2026-07-30 13:04:23,85,0,3050,2
2026-07-30 13:04:24,85,0,3050,2
2026-07-30 13:04:25,86,0,3050,2
2026-07-30 13:04:26,84,0,3050,2
2026-07-30 13:04:27,88,0,3050,2
2026-07-30 13:04:28,87,0,3050,2
2026-07-30 13:04:29,87,0,3050,2
2026-07-30 13:04:30,85,0,3050,2
2026-07-30 13:04:31,87,0,3050,2
2026-07-30 13:04:32,87,0,3050,2
2026-07-30 13:04:33,85,0,3050,2
2026-07-30 13:04:34,88,0,3050,2
2026-07-30 13:04:35,85,0,3050,2
2026-07-30 13:04:36,87,0,3050,2
2026-07-30 13:04:37,86,0,3050,2
2026-07-30 13:04:38,89,0,3050,2
2026-07-30 13:04:39,85,0,3050,2
2026-07-30 13:04:40,87,0,3050,2
2026-07-30 13:04:41,84,0,3050,2
2026-07-30 13:04:42,89,0,3050,2
2026-07-30 13:04:43,85,0,3050,2
2026-07-30 13:04:44,85,0,3050,2
2026-07-30 13:04:45,86,0,3050,2
2026-07-30 13:04:46,87,0,3050,2
2026-07-30 13:04:47,89,0,3050,2
2026-07-30 13:04:48,82,0,3050,2
2026-07-30 13:04:49,87,0,3050,2
2026-07-30 13:04:50,88,0,3050,2
2026-07-30 13:04:51,87,0,3050,2
2026-07-30 13:04:52,88,0,3050,2
2026-07-30 13:04:53,87,0,3050,2
2026-07-30 13:04:54,87,0,3050,2
2026-07-30 13:04:55,87,0,3050,2
2026-07-30 13:04:56,86,0,3050,2
2026-07-30 13:04:57,86,0,3050,2
2026-07-30 13:04:58,87,0,3050,2
2026-07-30 13:04:59,84,0,3050,2
2026-07-30 13:05:00,87,0,3050,2
2026-07-30 13:05:01,84,0,3050,2
2026-07-30 13:05:02,85,0,3050,2
2026-07-30 13:05:03,87,0,3050,2
2026-07-30 13:05:04,85,0,3050,2
2026-07-30 13:05:05,87,0,3050,2
2026-07-30 13:05:06,87,0,3050,2
2026-07-30 13:05:07,89,0,3050,2
2026-07-30 13:05:08,88,0,3050,2
2026-07-30 13:05:09,89,0,3050,2
2026-07-30 13:05:10,84,0,3050,2
2026-07-30 13:05:11,89,0,3050,2
2026-07-30 13:05:12,89,0,3050,2
2026-07-30 13:05:13,87,0,3050,2
2026-07-30 13:05:14,86,0,3050,2
2026-07-30 13:05:16,87,0,3050,2
2026-07-30 13:05:16,86,0,3050,2
2026-07-30 13:05:17,86,0,3050,2
2026-07-30 13:05:18,88,0,3050,2
2026-07-30 13:05:19,87,0,3050,2
2026-07-30 13:05:20,91,0,3050,2
2026-07-30 13:05:21,87,0,3050,2
2026-07-30 13:05:22,90,0,3050,2
2026-07-30 13:05:23,88,0,3050,2
2026-07-30 13:05:25,87,0,3050,2
2026-07-30 13:05:25,88,0,3050,2
2026-07-30 13:05:26,92,0,3050,2
2026-07-30 13:05:27,89,0,3050,2
2026-07-30 13:05:29,87,0,3050,2
2026-07-30 13:05:29,88,0,3050,2
2026-07-30 13:05:32,85,0,3050,2
2026-07-30 13:05:32,87,0,3050,2
2026-07-30 13:05:32,86,0,3050,2
2026-07-30 13:05:33,88,0,3050,2
2026-07-30 13:05:34,87,0,3050,2
2026-07-30 13:05:35,84,0,3050,2
2026-07-30 13:05:36,89,0,3050,2
2026-07-30 13:05:37,90,0,3050,2
2026-07-30 13:05:38,88,0,3050,2
2026-07-30 13:05:39,90,0,3050,2
2026-07-30 13:05:40,90,0,3050,2
2026-07-30 13:05:42,88,0,3050,2
2026-07-30 13:05:42,87,0,3050,2
2026-07-30 13:05:43,90,0,3050,2
2026-07-30 13:05:44,89,0,3050,2
2026-07-30 13:05:45,89,0,3050,2
2026-07-30 13:05:46,90,0,3050,2
2026-07-30 13:05:47,92,0,3050,2
2026-07-30 13:05:48,92,0,3050,2
2026-07-30 13:05:49,89,0,3050,2
2026-07-30 13:05:50,87,0,3050,2
2026-07-30 13:05:51,88,0,3050,2
2026-07-30 13:05:52,92,0,3050,2
2026-07-30 13:05:53,92,0,3050,2
2026-07-30 13:05:54,92,0,3050,2
2026-07-30 13:05:55,90,0,3050,2
2026-07-30 13:05:56,89,0,3050,2
2026-07-30 13:05:57,91,0,3050,2
2026-07-30 13:05:59,88,0,3050,2
2026-07-30 13:05:59,90,0,3050,2
2026-07-30 13:06:00,92,0,3050,2
2026-07-30 13:06:01,92,0,3050,2
2026-07-30 13:06:02,92,0,3050,2
2026-07-30 13:06:03,90,0,3050,2
2026-07-30 13:06:04,91,0,3050,2
2026-07-30 13:06:05,92,0,3050,2
2026-07-30 13:06:06,89,0,3050,2
2026-07-30 13:06:07,91,0,3050,2
2026-07-30 13:06:08,90,0,3050,2
2026-07-30 13:06:09,91,0,3050,2
2026-07-30 13:06:10,94,0,3050,2
2026-07-30 13:06:12,91,0,3050,2
2026-07-30 13:06:12,92,0,3050,2
2026-07-30 13:06:13,91,0,3050,2
2026-07-30 13:06:14,89,0,3050,2
2026-07-30 13:06:16,95,0,3050,2
2026-07-30 13:06:16,94,0,3050,2
2026-07-30 13:06:17,91,0,3050,2
2026-07-30 13:06:18,95,0,3050,2
2026-07-30 13:06:19,92,0,3050,2
2026-07-30 13:06:20,93,0,3050,2
2026-07-30 13:06:21,94,0,3050,2
2026-07-30 13:06:22,94,0,3050,2
2026-07-30 13:06:23,93,0,3050,2
2026-07-30 13:06:24,93,0,3050,2
2026-07-30 13:06:25,93,0,3050,2
2026-07-30 13:06:26,94,0,3050,2
2026-07-30 13:06:27,94,0,3050,2
2026-07-30 13:06:28,94,0,3050,2
2026-07-30 13:06:29,93,0,3050,2
2026-07-30 13:06:30,94,0,3050,2
2026-07-30 13:06:31,91,0,3050,2
2026-07-30 13:06:33,93,0,3050,2
2026-07-30 13:06:33,90,0,3050,2
2026-07-30 13:06:34,93,0,3050,2
2026-07-30 13:06:35,93,0,3050,2
2026-07-30 13:06:36,93,0,3050,2
2026-07-30 13:06:37,94,0,3050,2
2026-07-30 13:06:38,94,0,3050,2
2026-07-30 13:06:39,90,0,3050,2
2026-07-30 13:06:40,93,0,3050,2
2026-07-30 13:06:41,92,0,3050,2
2026-07-30 13:06:42,94,0,3050,2
2026-07-30 13:06:43,92,0,3050,2
2026-07-30 13:06:44,93,0,3050,2
2026-07-30 13:06:46,93,0,3050,2
2026-07-30 13:06:46,93,0,3050,2
2026-07-30 13:06:47,92,0,3050,2
2026-07-30 13:06:48,94,0,3050,2
2026-07-30 13:06:49,90,0,3050,2
2026-07-30 13:06:50,93,0,3050,2
2026-07-30 13:06:51,93,0,3050,2
2026-07-30 13:06:52,93,0,3050,2
2026-07-30 13:06:53,94,0,3050,2
2026-07-30 13:06:54,96,0,3050,2
2026-07-30 13:06:55,94,0,3050,2
2026-07-30 13:06:56,94,0,3050,2
2026-07-30 13:06:58,95,0,3050,2
2026-07-30 13:06:58,94,0,3050,2
2026-07-30 13:06:59,93,0,3050,2
2026-07-30 13:07:00,93,0,3050,2
2026-07-30 13:07:01,94,0,3050,2
2026-07-30 13:07:03,92,0,3050,2
2026-07-30 13:07:03,96,0,3050,2
2026-07-30 13:07:04,95,0,3050,2
2026-07-30 13:07:05,94,0,3050,2
2026-07-30 13:07:06,95,0,3050,2
2026-07-30 13:07:07,94,0,3050,2
2026-07-30 13:07:08,91,0,3050,2
2026-07-30 13:07:09,96,0,3050,2
2026-07-30 13:07:10,95,0,3050,2
2026-07-30 13:07:11,94,0,3050,2
2026-07-30 13:07:12,93,0,3050,2
2026-07-30 13:07:13,95,0,3050,2
2026-07-30 13:07:14,94,0,3050,2
2026-07-30 13:07:15,97,0,3050,2
2026-07-30 13:07:16,93,0,3050,2
2026-07-30 13:07:17,96,0,3050,2
2026-07-30 13:07:18,96,0,3050,2
2026-07-30 13:07:19,96,0,3050,2
2026-07-30 13:07:20,93,0,3050,2
2026-07-30 13:07:21,97,0,3050,2
2026-07-30 13:07:22,95,0,3050,2
2026-07-30 13:07:23,94,0,3050,2
2026-07-30 13:07:24,90,0,3050,2
2026-07-30 13:07:25,94,0,3050,2
2026-07-30 13:07:26,96,0,3050,2
2026-07-30 13:07:27,93,0,3050,2
2026-07-30 13:07:28,93,0,3050,2
2026-07-30 13:07:29,94,0,3050,2
2026-07-30 13:07:30,93,0,3050,2
2026-07-30 13:07:31,90,0,3050,2
2026-07-30 13:07:32,93,0,3050,2
2026-07-30 13:07:33,92,0,3050,2
2026-07-30 13:07:34,94,0,3050,2
2026-07-30 13:07:35,97,0,3050,2
2026-07-30 13:07:36,95,0,3050,2
2026-07-30 13:07:37,95,0,3050,2
2026-07-30 13:07:38,94,0,3050,2
2026-07-30 13:07:39,95,0,3050,2
2026-07-30 13:07:40,93,0,3050,2
2026-07-30 13:07:41,94,0,3050,2
2026-07-30 13:07:42,97,0,3050,2
2026-07-30 13:07:43,95,0,3050,2
2026-07-30 13:07:44,92,0,3050,2
2026-07-30 13:07:45,95,0,3050,2
2026-07-30 13:07:46,95,0,3050,2
2026-07-30 13:07:47,97,0,3050,2
2026-07-30 13:07:48,95,0,3050,2
2026-07-30 13:07:49,94,0,3050,2
2026-07-30 13:07:50,95,0,3050,2
2026-07-30 13:07:51,96,0,3050,2
2026-07-30 13:07:52,95,0,3050,2
2026-07-30 13:07:54,96,0,3050,2
2026-07-30 13:07:54,95,0,3050,2
2026-07-30 13:07:55,94,0,3050,2
2026-07-30 13:07:56,97,0,3050,2
2026-07-30 13:07:57,96,0,3050,2
2026-07-30 13:07:58,94,0,3050,2
2026-07-30 13:07:59,94,0,3050,2
2026-07-30 13:08:00,96,0,3050,2
2026-07-30 13:08:01,98,0,3050,2
2026-07-30 13:08:02,97,0,3050,2
2026-07-30 13:08:03,96,0,3050,2
2026-07-30 13:08:04,94,0,3050,2
2026-07-30 13:08:05,95,0,3050,2
2026-07-30 13:08:07,93,0,3050,2
2026-07-30 13:08:07,95,0,3050,2
2026-07-30 13:08:08,93,0,3050,2
2026-07-30 13:08:09,90,0,3050,2
2026-07-30 13:08:10,92,0,3050,2
2026-07-30 13:08:11,93,0,3050,2
2026-07-30 13:08:12,94,0,3050,2
2026-07-30 13:08:13,93,0,3050,2
2026-07-30 13:08:14,97,0,3050,2
2026-07-30 13:08:15,96,0,3050,2
2026-07-30 13:08:16,96,0,3050,2
2026-07-30 13:08:17,96,0,3050,2
2026-07-30 13:08:18,96,0,3050,2
2026-07-30 13:08:19,95,0,3050,2
2026-07-30 13:08:20,97,0,3050,2
2026-07-30 13:08:21,95,0,3050,2
2026-07-30 13:08:22,95,0,3050,2
2026-07-30 13:08:23,96,0,3050,2
2026-07-30 13:08:24,98,0,3050,2
2026-07-30 13:08:25,96,0,3050,2
2026-07-30 13:08:26,97,0,3050,2
2026-07-30 13:08:27,95,0,3050,2
2026-07-30 13:08:28,95,0,3050,2
2026-07-30 13:08:29,96,0,3050,2
2026-07-30 13:08:30,94,0,3050,2
2026-07-30 13:08:31,96,0,3050,2
2026-07-30 13:08:32,96,0,3050,2
2026-07-30 13:08:33,97,0,3050,2
2026-07-30 13:08:34,96,0,3050,2
2026-07-30 13:08:35,99,0,3050,2
2026-07-30 13:08:36,95,0,3050,2
2026-07-30 13:08:37,99,0,3050,2
2026-07-30 13:08:38,98,0,3050,2
2026-07-30 13:08:39,96,0,3050,2
2026-07-30 13:08:41,98,0,3050,2
2026-07-30 13:08:41,97,0,3050,2
2026-07-30 13:08:42,98,0,3050,2
2026-07-30 13:08:43,94,0,3050,2
2026-07-30 13:08:45,97,0,3050,2
2026-07-30 13:08:45,95,0,3050,2
2026-07-30 13:08:46,98,0,3050,2
2026-07-30 13:08:47,96,0,3050,2
2026-07-30 13:08:48,97,0,3050,2
2026-07-30 13:08:49,96,0,3050,2
2026-07-30 13:08:50,97,0,3050,2
2026-07-30 13:08:51,97,0,3050,2
2026-07-30 13:08:52,98,0,3050,2
2026-07-30 13:08:53,96,0,3050,2
2026-07-30 13:08:54,98,0,3050,2
2026-07-30 13:08:55,99,0,3050,2
2026-07-30 13:08:56,98,0,3050,2
2026-07-30 13:08:57,96,0,3050,2
2026-07-30 13:08:58,97,0,3050,2
2026-07-30 13:08:59,96,0,3050,2
2026-07-30 13:09:00,94,0,3050,2
2026-07-30 13:09:02,98,0,3050,2
2026-07-30 13:09:02,96,0,3050,2
2026-07-30 13:09:03,96,0,3050,2
2026-07-30 13:09:04,96,0,3050,2
2026-07-30 13:09:05,95,0,3050,2
2026-07-30 13:09:07,95,0,3050,2
2026-07-30 13:09:07,97,0,3050,2
2026-07-30 13:09:08,101,0,3050,2
2026-07-30 13:09:09,95,0,3050,2
2026-07-30 13:09:11,97,0,3050,2
2026-07-30 13:09:11,98,0,3050,2
2026-07-30 13:09:12,98,0,3050,2
2026-07-30 13:09:13,97,0,3050,2
2026-07-30 13:09:14,95,0,3050,2
2026-07-30 13:09:15,97,0,3050,2
2026-07-30 13:09:16,97,0,3050,2
2026-07-30 13:09:17,95,0,3050,2
2026-07-30 13:09:18,101,0,3050,2
2026-07-30 13:09:19,98,0,3050,2
2026-07-30 13:09:20,98,0,3050,2
2026-07-30 13:09:21,97,0,3050,2
2026-07-30 13:09:22,95,0,3050,2
2026-07-30 13:09:23,97,0,3050,2
2026-07-30 13:09:24,95,0,3050,2
2026-07-30 13:09:25,99,0,3050,2
2026-07-30 13:09:26,99,0,3050,2
2026-07-30 13:09:27,96,0,3050,2
2026-07-30 13:09:28,97,0,3050,2
2026-07-30 13:09:29,97,0,3050,2
2026-07-30 13:09:30,99,0,3050,2
2026-07-30 13:09:32,97,0,3050,2
2026-07-30 13:09:32,98,0,3050,2
2026-07-30 13:09:33,95,0,3050,2
2026-07-30 13:09:34,99,0,3050,2
2026-07-30 13:09:35,98,0,3050,2
2026-07-30 13:09:36,96,0,3050,2
2026-07-30 13:09:37,97,0,3050,2
2026-07-30 13:09:38,97,0,3050,2
2026-07-30 13:09:39,96,0,3050,2
2026-07-30 13:09:41,97,0,3050,2
2026-07-30 13:09:41,98,0,3050,2
2026-07-30 13:09:42,98,0,3050,2
2026-07-30 13:09:43,98,0,3050,2
2026-07-30 13:09:45,100,0,3050,2
2026-07-30 13:09:45,99,0,3050,2
2026-07-30 13:09:46,97,0,3050,2
2026-07-30 13:09:47,99,0,3050,2
2026-07-30 13:09:48,96,0,3050,2
2026-07-30 13:09:49,96,0,3050,2
2026-07-30 13:09:50,99,0,3050,2
2026-07-30 13:09:51,101,0,3050,2
2026-07-30 13:09:52,99,0,3050,2
2026-07-30 13:09:53,98,0,3050,2
2026-07-30 13:09:54,97,0,3050,2
2026-07-30 13:09:55,102,0,3050,2
2026-07-30 13:09:56,98,0,3050,2
2026-07-30 13:09:57,97,0,3050,2
2026-07-30 13:09:58,98,0,3050,2
2026-07-30 13:09:59,98,0,3050,2
2026-07-30 13:10:00,98,0,3050,2
2026-07-30 13:10:01,97,0,3050,2
2026-07-30 13:10:02,98,0,3050,2
2026-07-30 13:10:03,97,0,3050,2
2026-07-30 13:10:04,100,0,3050,2
2026-07-30 13:10:05,98,0,3050,2
2026-07-30 13:10:06,98,0,3050,2
2026-07-30 13:10:07,98,0,3050,2
2026-07-30 13:10:08,98,0,3050,2
2026-07-30 13:10:09,98,0,3050,2
2026-07-30 13:10:10,99,0,3050,2
2026-07-30 13:10:11,100,0,3050,2
2026-07-30 13:10:12,98,0,3050,2
2026-07-30 13:10:13,97,0,3050,2
2026-07-30 13:10:14,100,0,3050,2
2026-07-30 13:10:15,100,0,3050,2
2026-07-30 13:10:16,99,0,3050,2
2026-07-30 13:10:17,97,0,3050,2
2026-07-30 13:10:18,99,0,3050,2
2026-07-30 13:10:19,98,0,3050,2
2026-07-30 13:10:20,97,0,3050,2
2026-07-30 13:10:21,97,0,3050,2
2026-07-30 13:10:22,98,0,3050,2
2026-07-30 13:10:23,99,0,3050,2
2026-07-30 13:10:24,98,0,3050,2
2026-07-30 13:10:25,99,0,3050,2
2026-07-30 13:10:26,103,0,3050,2
2026-07-30 13:10:27,99,0,3050,2
2026-07-30 13:10:28,99,0,3050,2
2026-07-30 13:10:29,99,0,3050,2
2026-07-30 13:10:30,100,0,3050,2
2026-07-30 13:10:31,101,0,3050,2
2026-07-30 13:10:32,100,0,3050,2
2026-07-30 13:10:33,99,0,3050,2
2026-07-30 13:10:34,99,0,3050,2
2026-07-30 13:10:35,102,0,3050,2
2026-07-30 13:10:36,99,0,3050,2
2026-07-30 13:10:37,102,0,3050,2
2026-07-30 13:10:38,99,0,3050,2
2026-07-30 13:10:39,102,0,3050,2
2026-07-30 13:10:40,101,0,3050,2
2026-07-30 13:10:41,98,0,3050,2
2026-07-30 13:10:42,100,0,3050,2
2026-07-30 13:10:43,100,0,3050,2
2026-07-30 13:10:44,99,0,3050,2
2026-07-30 13:10:45,101,0,3050,2
2026-07-30 13:10:46,99,0,3050,2
2026-07-30 13:10:47,102,0,3050,2
2026-07-30 13:10:49,101,0,3050,2
2026-07-30 13:10:49,103,0,3050,2
2026-07-30 13:10:50,102,0,3050,2
2026-07-30 13:10:51,102,0,3050,2
2026-07-30 13:10:53,99,0,3050,2
2026-07-30 13:10:53,102,0,3050,2
2026-07-30 13:10:54,103,0,3050,2
2026-07-30 13:10:55,104,0,3050,2
2026-07-30 13:10:56,103,0,3050,2
2026-07-30 13:10:57,101,0,3050,2
2026-07-30 13:10:58,101,0,3050,2
2026-07-30 13:10:59,100,0,3050,2
2026-07-30 13:11:00,100,0,3050,2
2026-07-30 13:11:01,102,0,3050,2
2026-07-30 13:11:02,100,0,3050,2
2026-07-30 13:11:03,103,0,3050,2
2026-07-30 13:11:04,100,0,3050,2
2026-07-30 13:11:06,101,0,3050,2
2026-07-30 13:11:06,102,0,3050,2
2026-07-30 13:11:07,102,0,3050,2
2026-07-30 13:11:08,100,0,3050,2
2026-07-30 13:11:09,102,0,3050,2
2026-07-30 13:11:10,102,0,3050,2
2026-07-30 13:11:11,101,0,3050,2
2026-07-30 13:11:12,104,0,3050,2
2026-07-30 13:11:13,99,0,3050,2
2026-07-30 13:11:14,102,0,3050,2
2026-07-30 13:11:15,101,0,3050,2
2026-07-30 13:11:16,100,0,3050,2
2026-07-30 13:11:17,98,0,3050,2
2026-07-30 13:11:19,99,0,3050,2
2026-07-30 13:11:19,100,0,3050,2
2026-07-30 13:11:20,101,0,3050,2
2026-07-30 13:11:21,102,0,3050,2
2026-07-30 13:11:22,102,0,3050,2
2026-07-30 13:11:23,101,0,3050,2
2026-07-30 13:11:24,102,0,3050,2
2026-07-30 13:11:25,103,0,3050,2
2026-07-30 13:11:26,102,0,3050,2
2026-07-30 13:11:27,103,0,3050,2
2026-07-30 13:11:28,100,0,3050,2
2026-07-30 13:11:29,101,0,3050,2
2026-07-30 13:11:30,103,0,3050,2
2026-07-30 13:11:31,103,0,3050,2
2026-07-30 13:11:32,101,0,3050,2
2026-07-30 13:11:33,102,0,3050,2
2026-07-30 13:11:34,103,0,3050,2
2026-07-30 13:11:36,101,0,3050,2
2026-07-30 13:11:36,103,0,3050,2
2026-07-30 13:11:37,103,0,3050,2
2026-07-30 13:11:38,103,0,3050,2
2026-07-30 13:11:39,101,0,3050,2
2026-07-30 13:11:40,102,0,3050,2
2026-07-30 13:11:41,102,0,3050,2
2026-07-30 13:11:42,101,0,3050,2
2026-07-30 13:11:44,101,0,3050,2
2026-07-30 13:11:44,104,0,3050,2
2026-07-30 13:11:45,104,0,3050,2
2026-07-30 13:11:46,102,0,3050,2
2026-07-30 13:11:47,99,0,3050,2
2026-07-30 13:11:49,98,0,3050,2
2026-07-30 13:11:49,101,0,3050,2
2026-07-30 13:11:50,102,0,3050,2
2026-07-30 13:11:51,100,0,3050,2
2026-07-30 13:11:52,102,0,3050,2
2026-07-30 13:11:53,102,0,3050,2
2026-07-30 13:11:54,101,0,3050,2
2026-07-30 13:11:55,100,0,3050,2
2026-07-30 13:11:56,101,0,3050,2
2026-07-30 13:11:57,101,0,3050,2
2026-07-30 13:11:58,103,0,3050,2
2026-07-30 13:11:59,102,0,3050,2
2026-07-30 13:12:00,101,0,3050,2
2026-07-30 13:12:01,104,0,3050,2
2026-07-30 13:12:02,103,0,3050,2
2026-07-30 13:12:03,103,0,3050,2
2026-07-30 13:12:04,105,0,3050,2
2026-07-30 13:12:06,103,0,3050,2
2026-07-30 13:12:06,104,0,3050,2
2026-07-30 13:12:07,101,0,3050,2
2026-07-30 13:12:08,101,0,3050,2
2026-07-30 13:12:09,101,0,3050,2
2026-07-30 13:12:10,103,0,3050,2
2026-07-30 13:12:11,104,0,3050,2
2026-07-30 13:12:12,103,0,3050,2
2026-07-30 13:12:14,104,0,3050,2
2026-07-30 13:12:14,103,0,3050,2
2026-07-30 13:12:15,104,0,3050,2
2026-07-30 13:12:16,100,0,3050,2
2026-07-30 13:12:17,103,0,3050,2
2026-07-30 13:12:18,104,0,3050,2
2026-07-30 13:12:19,106,0,3050,2
2026-07-30 13:12:20,102,0,3050,2
2026-07-30 13:12:21,105,0,3050,2
2026-07-30 13:12:22,105,0,3050,2
2026-07-30 13:12:23,105,0,3050,2
2026-07-30 13:12:24,104,0,3050,2
2026-07-30 13:12:25,106,0,3050,2
2026-07-30 13:12:26,101,0,3050,2
2026-07-30 13:12:27,106,0,3050,2
2026-07-30 13:12:28,103,0,3050,2
2026-07-30 13:12:29,104,0,3050,2
2026-07-30 13:12:31,105,0,3050,2
2026-07-30 13:12:31,106,0,3050,2
2026-07-30 13:12:32,105,0,3050,2
2026-07-30 13:12:33,107,0,3050,2
2026-07-30 13:12:34,105,0,3050,2
2026-07-30 13:12:36,105,0,3050,2
2026-07-30 13:12:36,104,0,3050,2
2026-07-30 13:12:37,106,0,3050,2
2026-07-30 13:12:38,104,0,3050,2
2026-07-30 13:12:40,104,0,3050,2
2026-07-30 13:12:40,104,0,3050,2
2026-07-30 13:12:41,105,0,3050,2
2026-07-30 13:12:42,106,0,3050,2
2026-07-30 13:12:43,102,0,3050,2
2026-07-30 13:12:44,103,0,3050,2
2026-07-30 13:12:45,105,0,3050,2
2026-07-30 13:12:46,104,0,3050,2
2026-07-30 13:12:47,106,0,3050,2
2026-07-30 13:12:48,103,0,3050,2
2026-07-30 13:12:49,106,0,3050,2
2026-07-30 13:12:50,105,0,3050,2
2026-07-30 13:12:51,103,0,3050,2
2026-07-30 13:12:52,106,0,3050,2
2026-07-30 13:12:53,103,0,3050,2
2026-07-30 13:12:54,104,0,3050,2
2026-07-30 13:12:55,104,0,3050,2
2026-07-30 13:12:56,105,0,3050,2
2026-07-30 13:12:57,103,0,3050,2
2026-07-30 13:12:58,106,0,3050,2
2026-07-30 13:12:59,105,0,3050,2
2026-07-30 13:13:00,103,0,3050,2
2026-07-30 13:13:01,104,0,3050,2
2026-07-30 13:13:02,105,0,3050,2
2026-07-30 13:13:03,106,0,3050,2
2026-07-30 13:13:04,105,0,3050,2
2026-07-30 13:13:05,103,0,3050,2
2026-07-30 13:13:06,106,0,3050,2
2026-07-30 13:13:07,103,0,3050,2
2026-07-30 13:13:08,107,0,3050,2
2026-07-30 13:13:10,104,0,3050,2
2026-07-30 13:13:10,105,0,3050,2
2026-07-30 13:13:11,103,0,3050,2
2026-07-30 13:13:12,105,0,3050,2
2026-07-30 13:13:14,105,0,3050,2
2026-07-30 13:13:14,105,0,3050,2
2026-07-30 13:13:15,104,0,3050,2
2026-07-30 13:13:16,104,0,3050,2
2026-07-30 13:13:18,104,0,3050,2
2026-07-30 13:13:18,107,0,3050,2
2026-07-30 13:13:19,106,0,3050,2
2026-07-30 13:13:20,104,0,3050,2
2026-07-30 13:13:21,105,0,3050,2
2026-07-30 13:13:22,104,0,3050,2
2026-07-30 13:13:23,105,0,3050,2
2026-07-30 13:13:24,104,0,3050,2
2026-07-30 13:13:25,106,0,3050,2
2026-07-30 13:13:27,106,0,3050,2
2026-07-30 13:13:27,106,0,3050,2
2026-07-30 13:13:28,104,0,3050,2
2026-07-30 13:13:29,105,0,3050,2
2026-07-30 13:13:31,104,0,3050,2
2026-07-30 13:13:31,105,0,3050,2
2026-07-30 13:13:32,104,0,3050,2
2026-07-30 13:13:33,104,0,3050,2
2026-07-30 13:13:34,104,0,3050,2
2026-07-30 13:13:35,105,0,3050,2
2026-07-30 13:13:36,102,0,3050,2
2026-07-30 13:13:37,105,0,3050,2
2026-07-30 13:13:38,104,0,3050,2
2026-07-30 13:13:39,105,0,3050,2
2026-07-30 13:13:40,105,0,3050,2
2026-07-30 13:13:41,103,0,3050,2
2026-07-30 13:13:42,104,0,3050,2
2026-07-30 13:13:44,105,0,3050,2
2026-07-30 13:13:44,103,0,3050,2
2026-07-30 13:13:45,104,0,3050,2
2026-07-30 13:13:46,106,0,3050,2
2026-07-30 13:13:47,106,0,3050,2
2026-07-30 13:13:48,103,0,3050,2
2026-07-30 13:13:49,105,0,3050,2
2026-07-30 13:13:50,106,0,3050,2
2026-07-30 13:13:51,105,0,3050,2
2026-07-30 13:13:52,105,0,3050,2
2026-07-30 13:13:53,107,0,3050,2
2026-07-30 13:13:54,105,0,3050,2
2026-07-30 13:13:56,104,0,3050,2
2026-07-30 13:13:56,107,0,3050,2
2026-07-30 13:13:57,106,0,3050,2
2026-07-30 13:13:58,108,0,3050,2
2026-07-30 13:13:59,105,0,3050,2
2026-07-30 13:14:01,105,0,3050,2
2026-07-30 13:14:01,107,0,3050,2
2026-07-30 13:14:02,107,0,3050,2
2026-07-30 13:14:04,106,0,3050,2
2026-07-30 13:14:04,107,0,3050,2
2026-07-30 13:14:05,106,0,3050,2
2026-07-30 13:14:06,107,0,3050,2
2026-07-30 13:14:07,107,0,3050,2
2026-07-30 13:14:08,105,0,3050,2
2026-07-30 13:14:09,106,0,3050,2
2026-07-30 13:14:10,107,0,3050,2
2026-07-30 13:14:11,107,0,3050,2
2026-07-30 13:14:12,108,0,3050,2
2026-07-30 13:14:13,107,0,3050,2
2026-07-30 13:14:14,106,0,3050,2
2026-07-30 13:14:15,109,0,3050,2
2026-07-30 13:14:16,107,0,3050,2
2026-07-30 13:14:18,107,0,3050,2
2026-07-30 13:14:18,109,0,3050,2
2026-07-30 13:14:19,106,0,3050,2
2026-07-30 13:14:20,105,0,3050,2
2026-07-30 13:14:21,106,0,3050,2
2026-07-30 13:14:22,106,0,3050,2
2026-07-30 13:14:23,110,0,3050,2
2026-07-30 13:14:24,106,0,3050,2
2026-07-30 13:14:25,108,0,3050,2
2026-07-30 13:14:26,107,0,3050,2
2026-07-30 13:14:27,107,0,3050,2
2026-07-30 13:14:28,109,0,3050,2
2026-07-30 13:14:29,108,0,3050,2
2026-07-30 13:14:30,106,0,3050,2
2026-07-30 13:14:31,109,0,3050,2
2026-07-30 13:14:32,109,0,3050,2
2026-07-30 13:14:33,109,0,3050,2
2026-07-30 13:14:34,107,0,3050,2
2026-07-30 13:14:35,107,0,3050,2
2026-07-30 13:14:36,106,0,3050,2
2026-07-30 13:14:37,108,0,3050,2
2026-07-30 13:14:39,108,0,3050,2
2026-07-30 13:14:39,109,0,3050,2
2026-07-30 13:14:40,108,0,3050,2
2026-07-30 13:14:41,108,0,3050,2
2026-07-30 13:14:42,109,0,3050,2
2026-07-30 13:14:44,109,0,3050,2
2026-07-30 13:14:44,108,0,3050,2
2026-07-30 13:14:45,108,0,3050,2
2026-07-30 13:14:46,106,0,3050,2
2026-07-30 13:14:48,109,0,3050,2
2026-07-30 13:14:48,109,0,3050,2
2026-07-30 13:14:49,108,0,3050,2
2026-07-30 13:14:50,110,0,3050,2
2026-07-30 13:14:51,109,0,3050,2
2026-07-30 13:14:52,110,0,3050,2
2026-07-30 13:14:53,109,0,3050,2
2026-07-30 13:14:54,110,0,3050,2
2026-07-30 13:14:56,108,0,3050,2
2026-07-30 13:14:56,109,0,3050,2
2026-07-30 13:14:57,110,0,3050,2
2026-07-30 13:14:58,107,0,3050,2
2026-07-30 13:14:59,108,0,3050,2
2026-07-30 13:15:01,110,0,3050,2
2026-07-30 13:15:01,109,0,3050,2
2026-07-30 13:15:02,108,0,3050,2
2026-07-30 13:15:03,109,0,3050,2
2026-07-30 13:15:04,108,0,3050,2
2026-07-30 13:15:05,109,0,3050,2
2026-07-30 13:15:06,110,0,3050,2
2026-07-30 13:15:07,109,0,3050,2
2026-07-30 13:15:09,109,0,3050,2
2026-07-30 13:15:09,108,0,3050,2
2026-07-30 13:15:10,108,0,3050,2
2026-07-30 13:15:11,109,0,3050,2
2026-07-30 13:15:13,110,0,3050,2
2026-07-30 13:15:13,109,0,3050,2
2026-07-30 13:15:14,111,0,3050,2
2026-07-30 13:15:15,110,0,3050,2
2026-07-30 13:15:16,110,0,3050,2
2026-07-30 13:15:18,108,0,3050,2
2026-07-30 13:15:18,110,0,3050,2
2026-07-30 13:15:19,110,0,3050,2
2026-07-30 13:15:20,109,0,3050,2
2026-07-30 13:15:22,112,0,3050,2
2026-07-30 13:15:22,111,0,3050,2
2026-07-30 13:15:23,109,0,3050,2
2026-07-30 13:15:24,109,0,3050,2
2026-07-30 13:15:26,109,0,3050,2
2026-07-30 13:15:26,109,0,3050,2
2026-07-30 13:15:27,111,0,3050,2
2026-07-30 13:15:28,110,0,3050,2
2026-07-30 13:15:29,110,0,3050,2
2026-07-30 13:15:30,112,0,3050,2
2026-07-30 13:15:31,109,0,3050,2
2026-07-30 13:15:32,110,0,3050,2
2026-07-30 13:15:33,109,0,3050,2
2026-07-30 13:15:35,108,0,3050,2
2026-07-30 13:15:35,110,0,3050,2
2026-07-30 13:15:36,109,0,3050,2
2026-07-30 13:15:37,108,0,3050,2
2026-07-30 13:15:39,109,0,3050,2
2026-07-30 13:15:39,112,0,3050,2
2026-07-30 13:15:40,109,0,3050,2
2026-07-30 13:15:41,111,0,3050,2
2026-07-30 13:15:42,110,0,3050,2
2026-07-30 13:15:43,109,0,3050,2
2026-07-30 13:15:44,110,0,3050,2
2026-07-30 13:15:45,109,0,3050,2
2026-07-30 13:15:46,110,0,3050,2
2026-07-30 13:15:47,109,0,3050,2
2026-07-30 13:15:48,110,0,3050,2
2026-07-30 13:15:49,110,0,3050,2
2026-07-30 13:15:50,110,0,3050,2
2026-07-30 13:15:52,108,0,3050,2
2026-07-30 13:15:52,110,0,3050,2
2026-07-30 13:15:53,111,0,3050,2
2026-07-30 13:15:54,111,0,3050,2
2026-07-30 13:15:55,110,0,3050,2
2026-07-30 13:15:56,111,0,3050,2
2026-07-30 13:15:57,109,0,3050,2
2026-07-30 13:15:58,110,0,3050,2
2026-07-30 13:16:00,110,0,3050,2
2026-07-30 13:16:00,110,0,3050,2
2026-07-30 13:16:01,109,0,3050,2
2026-07-30 13:16:02,110,0,3050,2
2026-07-30 13:16:03,111,0,3050,2
2026-07-30 13:16:05,112,0,3050,2
2026-07-30 13:16:05,109,0,3050,2
2026-07-30 13:16:06,111,0,3050,2
2026-07-30 13:16:07,111,0,3050,2
2026-07-30 13:16:08,111,0,3050,2
2026-07-30 13:16:09,112,0,3050,2
2026-07-30 13:16:10,112,0,3050,2
2026-07-30 13:16:11,111,0,3050,2
2026-07-30 13:16:12,112,0,3050,2
2026-07-30 13:16:13,110,0,3050,2
2026-07-30 13:16:14,111,0,3050,2
2026-07-30 13:16:15,112,0,3050,2
2026-07-30 13:16:16,111,0,3050,2
2026-07-30 13:16:17,111,0,3050,2
2026-07-30 13:16:18,110,0,3050,2
2026-07-30 13:16:19,111,0,3050,2
2026-07-30 13:16:20,110,0,3050,2
2026-07-30 13:16:21,109,0,3050,2
2026-07-30 13:16:22,109,0,3050,2
2026-07-30 13:16:23,110,0,3050,2
2026-07-30 13:16:24,110,0,3050,2
2026-07-30 13:16:26,111,0,3050,2
2026-07-30 13:16:26,111,0,3050,2
2026-07-30 13:16:27,111,0,3050,2
2026-07-30 13:16:28,109,0,3050,2
2026-07-30 13:16:29,109,0,3050,2
2026-07-30 13:16:30,110,0,3050,2
2026-07-30 13:16:31,109,0,3050,2
2026-07-30 13:16:32,109,0,3050,2
2026-07-30 13:16:33,108,0,3050,2
2026-07-30 13:16:34,110,0,3050,2
2026-07-30 13:16:35,110,0,3050,2
2026-07-30 13:16:36,110,0,3050,2
2026-07-30 13:16:37,111,0,3050,2
2026-07-30 13:16:39,110,0,3050,2
2026-07-30 13:16:39,110,0,3050,2
2026-07-30 13:16:40,108,0,3050,2
2026-07-30 13:16:41,110,0,3050,2
2026-07-30 13:16:43,111,0,3050,2
2026-07-30 13:16:43,111,0,3050,2
2026-07-30 13:16:44,110,0,3050,2
2026-07-30 13:16:45,110,0,3050,2
2026-07-30 13:16:47,110,0,3050,2
2026-07-30 13:16:47,110,0,3050,2
2026-07-30 13:16:48,110,0,3050,2
2026-07-30 13:16:49,109,0,3050,2
2026-07-30 13:16:50,110,0,3050,2
2026-07-30 13:16:51,109,0,3050,2
2026-07-30 13:16:52,110,0,3050,2
2026-07-30 13:16:53,111,0,3050,2
2026-07-30 13:16:54,110,0,3050,2
2026-07-30 13:16:56,110,0,3050,2
2026-07-30 13:16:56,110,0,3050,2
2026-07-30 13:16:57,108,0,3050,2
2026-07-30 13:16:58,110,0,3050,2
2026-07-30 13:16:59,108,0,3050,2
2026-07-30 13:17:00,110,0,3050,2
2026-07-30 13:17:01,111,0,3050,2
2026-07-30 13:17:02,110,0,3050,2
2026-07-30 13:17:04,109,0,3050,2
2026-07-30 13:17:04,111,0,3050,2
2026-07-30 13:17:05,109,0,3050,2
2026-07-30 13:17:06,110,0,3050,2
2026-07-30 13:17:07,110,0,3050,2
2026-07-30 13:17:09,112,0,3050,2
2026-07-30 13:17:09,110,0,3050,2
2026-07-30 13:17:10,110,0,3050,2
2026-07-30 13:17:11,110,0,3050,2
2026-07-30 13:17:12,111,0,3050,2
2026-07-30 13:17:13,113,0,3050,2
2026-07-30 13:17:14,110,0,3050,2
2026-07-30 13:17:15,111,0,3050,2
2026-07-30 13:17:16,110,0,3050,2
2026-07-30 13:17:17,110,0,3050,2
2026-07-30 13:17:18,109,0,3050,2
2026-07-30 13:17:19,109,0,3050,2
2026-07-30 13:17:20,110,0,3050,2
2026-07-30 13:17:21,110,0,3050,2
2026-07-30 13:17:22,110,0,3050,2
2026-07-30 13:17:23,109,0,3050,2
2026-07-30 13:17:24,110,0,3050,2
2026-07-30 13:17:25,110,0,3050,2
2026-07-30 13:17:26,110,0,3050,2
2026-07-30 13:17:27,109,0,3050,2
2026-07-30 13:17:28,110,0,3050,2
2026-07-30 13:17:29,110,0,3050,2
2026-07-30 13:17:30,108,0,3050,2
2026-07-30 13:17:31,110,0,3050,2
2026-07-30 13:17:32,109,0,3050,2
2026-07-30 13:17:34,109,0,3050,2
2026-07-30 13:17:34,109,0,3050,2
2026-07-30 13:17:35,111,0,3050,2
2026-07-30 13:17:36,110,0,3050,2
2026-07-30 13:17:37,109,0,3050,2
2026-07-30 13:17:38,109,0,3050,2
2026-07-30 13:17:39,108,0,3050,2
2026-07-30 13:17:40,111,0,3050,2
2026-07-30 13:17:41,110,0,3050,2
2026-07-30 13:17:42,110,0,3050,2
2026-07-30 13:17:43,110,0,3050,2
2026-07-30 13:17:44,110,0,3050,2
2026-07-30 13:17:45,110,0,3050,2
2026-07-30 13:17:47,109,0,3050,2
2026-07-30 13:17:47,109,0,3050,2
2026-07-30 13:17:48,110,0,3050,2
2026-07-30 13:17:49,109,0,3050,2
2026-07-30 13:17:50,110,0,3050,2
2026-07-30 13:17:51,110,0,3050,2
2026-07-30 13:17:52,109,0,3050,2
2026-07-30 13:17:53,110,0,3050,2
2026-07-30 13:17:54,112,0,3050,2
2026-07-30 13:17:56,108,0,3050,2
2026-07-30 13:17:56,110,0,3050,2
2026-07-30 13:17:57,109,0,3050,2
2026-07-30 13:17:58,111,0,3050,2
2026-07-30 13:18:00,108,0,3050,2
2026-07-30 13:18:00,109,0,3050,2
2026-07-30 13:18:01,108,0,3050,2
2026-07-30 13:18:02,109,0,3050,2
2026-07-30 13:18:04,109,0,3050,2
2026-07-30 13:18:04,110,0,3050,2
2026-07-30 13:18:05,111,0,3050,2
2026-07-30 13:18:06,112,0,3050,2
2026-07-30 13:18:07,108,0,3050,2
2026-07-30 13:18:08,110,0,3050,2
2026-07-30 13:18:09,110,0,3050,2
2026-07-30 13:18:10,108,0,3050,2
2026-07-30 13:18:11,111,0,3050,2
2026-07-30 13:18:12,109,0,3050,2
2026-07-30 13:18:13,108,0,3050,2
2026-07-30 13:18:14,110,0,3050,2
2026-07-30 13:18:15,111,0,3050,2
2026-07-30 13:18:17,109,0,3050,2
2026-07-30 13:18:17,111,0,3050,2
2026-07-30 13:18:18,111,0,3050,2
2026-07-30 13:18:19,109,0,3050,2
2026-07-30 13:18:20,111,0,3050,2
2026-07-30 13:18:21,110,0,3050,2
2026-07-30 13:18:22,111,0,3050,2
2026-07-30 13:18:23,111,0,3050,2
2026-07-30 13:18:24,109,0,3050,2
2026-07-30 13:18:25,110,0,3050,2
2026-07-30 13:18:26,109,0,3050,2
2026-07-30 13:18:27,110,0,3050,2
2026-07-30 13:18:28,111,0,3050,2
2026-07-30 13:18:30,111,0,3050,2
2026-07-30 13:18:30,113,0,3050,2
2026-07-30 13:18:31,111,0,3050,2
2026-07-30 13:18:32,111,0,3050,2
2026-07-30 13:18:33,113,0,3050,2
2026-07-30 13:18:34,112,0,3050,2
2026-07-30 13:18:35,112,0,3050,2
2026-07-30 13:18:36,113,0,3050,2
2026-07-30 13:18:37,112,0,3050,2
2026-07-30 13:18:38,112,0,3050,2
2026-07-30 13:18:39,112,0,3050,2
2026-07-30 13:18:40,111,0,3050,2
2026-07-30 13:18:42,112,0,3050,2
2026-07-30 13:18:42,112,0,3050,2
2026-07-30 13:18:43,113,0,3050,2
2026-07-30 13:18:44,112,0,3050,2
2026-07-30 13:18:45,111,0,3050,2
2026-07-30 13:18:47,113,0,3050,2
2026-07-30 13:18:47,113,0,3050,2
2026-07-30 13:18:48,113,0,3050,2
2026-07-30 13:18:49,113,0,3050,2
2026-07-30 13:18:51,111,0,3050,2
2026-07-30 13:18:51,114,0,3050,2
2026-07-30 13:18:52,113,0,3050,2
2026-07-30 13:18:53,111,0,3050,2
2026-07-30 13:18:54,113,0,3050,2
2026-07-30 13:18:55,112,0,3050,2
2026-07-30 13:18:56,113,0,3050,2
2026-07-30 13:18:57,114,0,3050,2
2026-07-30 13:18:58,113,0,3050,2
2026-07-30 13:19:00,112,0,3050,2
2026-07-30 13:19:00,113,0,3050,2
2026-07-30 13:19:01,113,0,3050,2
2026-07-30 13:19:02,113,0,3050,2
2026-07-30 13:19:04,115,0,3050,2
2026-07-30 13:19:04,111,0,3050,2
2026-07-30 13:19:06,111,0,3050,2
2026-07-30 13:19:06,113,0,3050,2
2026-07-30 13:19:08,112,0,3050,2
2026-07-30 13:19:08,114,0,3050,2
2026-07-30 13:19:09,114,0,3050,2
2026-07-30 13:19:10,113,0,3050,2
2026-07-30 13:19:11,114,0,3050,2
2026-07-30 13:19:12,113,0,3050,2
2026-07-30 13:19:13,113,0,3050,2
2026-07-30 13:19:14,113,0,3050,2
2026-07-30 13:19:15,113,0,3050,2
2026-07-30 13:19:16,114,0,3050,2
2026-07-30 13:19:17,113,0,3050,2
2026-07-30 13:19:18,114,0,3050,2
2026-07-30 13:19:19,113,0,3050,2
2026-07-30 13:19:21,112,0,3050,2
2026-07-30 13:19:21,114,0,3050,2
2026-07-30 13:19:22,112,0,3050,2
2026-07-30 13:19:23,112,0,3050,2
2026-07-30 13:19:25,113,0,3050,2
2026-07-30 13:19:25,112,0,3050,2
2026-07-30 13:19:26,111,0,3050,2
2026-07-30 13:19:27,113,0,3050,2
2026-07-30 13:19:29,113,0,3050,2
2026-07-30 13:19:29,113,0,3050,2
2026-07-30 13:19:30,111,0,3050,2
2026-07-30 13:19:31,113,0,3050,2
2026-07-30 13:19:32,113,0,3050,2
2026-07-30 13:19:34,112,0,3050,2
2026-07-30 13:19:34,111,0,3050,2
2026-07-30 13:19:35,113,0,3050,2
2026-07-30 13:19:36,113,0,3050,2
2026-07-30 13:19:38,114,0,3050,2
2026-07-30 13:19:38,112,0,3050,2
2026-07-30 13:19:39,112,0,3050,2
2026-07-30 13:19:40,113,0,3050,2
2026-07-30 13:19:42,113,0,3050,2
2026-07-30 13:19:42,112,0,3050,2
2026-07-30 13:19:43,112,0,3050,2
2026-07-30 13:19:44,113,0,3050,2
2026-07-30 13:19:45,113,0,3050,2
2026-07-30 13:19:46,112,0,3050,2
2026-07-30 13:19:47,110,0,3050,2
2026-07-30 13:19:48,114,0,3050,2
2026-07-30 13:19:49,114,0,3050,2
2026-07-30 13:19:51,111,0,3050,2
2026-07-30 13:19:51,114,0,3050,2
2026-07-30 13:19:52,114,0,3050,2
2026-07-30 13:19:53,112,0,3050,2
2026-07-30 13:19:55,112,0,3050,2
2026-07-30 13:19:55,112,0,3050,2
2026-07-30 13:19:56,110,0,3050,2
2026-07-30 13:19:57,112,0,3050,2
2026-07-30 13:19:58,112,0,3050,2
2026-07-30 13:19:59,112,0,3050,2
2026-07-30 13:20:00,113,0,3050,2
2026-07-30 13:20:01,111,0,3050,2
2026-07-30 13:20:02,112,0,3050,2
2026-07-30 13:20:03,112,0,3050,2
2026-07-30 13:20:04,112,0,3050,2
2026-07-30 13:20:05,112,0,3050,2
2026-07-30 13:20:06,114,0,3050,2
2026-07-30 13:20:08,113,0,3050,2
2026-07-30 13:20:08,111,0,3050,2
2026-07-30 13:20:09,112,0,3050,2
2026-07-30 13:20:10,113,0,3050,2
2026-07-30 13:20:12,113,0,3050,2
2026-07-30 13:20:12,113,0,3050,2
2026-07-30 13:20:13,111,0,3050,2
2026-07-30 13:20:14,114,0,3050,2
2026-07-30 13:20:16,112,0,3050,2
2026-07-30 13:20:16,112,0,3050,2
2026-07-30 13:20:17,113,0,3050,2
2026-07-30 13:20:18,112,0,3050,2
2026-07-30 13:20:19,112,0,3050,2
2026-07-30 13:20:20,111,0,3050,2
2026-07-30 13:20:21,113,0,3050,2
2026-07-30 13:20:22,113,0,3050,2
2026-07-30 13:20:23,113,0,3050,2
2026-07-30 13:20:25,113,0,3050,2
2026-07-30 13:20:25,113,0,3050,2
2026-07-30 13:20:26,114,0,3050,2
2026-07-30 13:20:27,114,0,3050,2
2026-07-30 13:20:28,114,0,3050,2
2026-07-30 13:20:29,114,0,3050,2
2026-07-30 13:20:30,112,0,3050,2
2026-07-30 13:20:31,113,0,3050,2
2026-07-30 13:20:32,112,0,3050,2
2026-07-30 13:20:33,114,0,3050,2
2026-07-30 13:20:34,113,0,3050,2
2026-07-30 13:20:35,113,0,3050,2
2026-07-30 13:20:36,114,0,3050,2
2026-07-30 13:20:38,114,0,3050,2
2026-07-30 13:20:38,113,0,3050,2
2026-07-30 13:20:39,114,0,3050,2
2026-07-30 13:20:40,112,0,3050,2
2026-07-30 13:20:42,112,0,3050,2
2026-07-30 13:20:42,114,0,3050,2
2026-07-30 13:20:43,114,0,3050,2
2026-07-30 13:20:44,113,0,3050,2
2026-07-30 13:20:46,113,0,3050,2
2026-07-30 13:20:46,115,0,3050,2
2026-07-30 13:20:47,113,0,3050,2
2026-07-30 13:20:48,115,0,3050,2
2026-07-30 13:20:49,113,0,3050,2
2026-07-30 13:20:50,115,0,3050,2
2026-07-30 13:20:51,114,0,3050,2
2026-07-30 13:20:52,112,0,3050,2
2026-07-30 13:20:53,115,0,3050,2
2026-07-30 13:20:55,115,0,3050,2
2026-07-30 13:20:55,113,0,3050,2
2026-07-30 13:20:56,113,0,3050,2
2026-07-30 13:20:57,114,0,3050,2
2026-07-30 13:20:58,113,0,3050,2
2026-07-30 13:20:59,113,0,3050,2
2026-07-30 13:21:00,115,0,3050,2
2026-07-30 13:21:02,115,0,3050,2
2026-07-30 13:21:02,114,0,3050,2
2026-07-30 13:21:03,114,0,3050,2
2026-07-30 13:21:04,114,0,3050,2
2026-07-30 13:21:05,115,0,3050,2
2026-07-30 13:21:06,112,0,3050,2
2026-07-30 13:21:07,113,0,3050,2
2026-07-30 13:21:08,113,0,3050,2
2026-07-30 13:21:09,115,0,3050,2
2026-07-30 13:21:10,113,0,3050,2
2026-07-30 13:21:12,114,0,3050,2
2026-07-30 13:21:12,114,0,3050,2
2026-07-30 13:21:13,113,0,3050,2
2026-07-30 13:21:14,113,0,3050,2
2026-07-30 13:21:15,114,0,3050,2
2026-07-30 13:21:16,114,0,3050,2
2026-07-30 13:21:17,115,0,3050,2
2026-07-30 13:21:18,115,0,3050,2
2026-07-30 13:21:20,115,0,3050,2
2026-07-30 13:21:20,117,0,3050,2
2026-07-30 13:21:21,115,0,3050,2
2026-07-30 13:21:22,114,0,3050,2
2026-07-30 13:21:23,115,0,3050,2
2026-07-30 13:21:24,114,0,3050,2
2026-07-30 13:21:25,113,0,3050,2
2026-07-30 13:21:26,115,0,3050,2
2026-07-30 13:21:27,115,0,3050,2
2026-07-30 13:21:28,115,0,3050,2
2026-07-30 13:21:29,114,0,3050,2
2026-07-30 13:21:30,115,0,3050,2
2026-07-30 13:21:31,115,0,3050,2
2026-07-30 13:21:33,115,0,3050,2
2026-07-30 13:21:33,115,0,3050,2
2026-07-30 13:21:34,114,0,3050,2
2026-07-30 13:21:35,115,0,3050,2
2026-07-30 13:21:37,116,0,3050,2
2026-07-30 13:21:37,114,0,3050,2
2026-07-30 13:21:38,113,0,3050,2
2026-07-30 13:21:39,116,0,3050,2
2026-07-30 13:21:40,115,0,3050,2
2026-07-30 13:21:42,114,0,3050,2
2026-07-30 13:21:42,115,0,3050,2
2026-07-30 13:21:43,115,0,3050,2
2026-07-30 13:21:44,114,0,3050,2
2026-07-30 13:21:46,115,0,3050,2
2026-07-30 13:21:46,116,0,3050,2
2026-07-30 13:21:47,116,0,3050,2
2026-07-30 13:21:48,115,0,3050,2
2026-07-30 13:21:49,114,0,3050,2
2026-07-30 13:21:50,114,0,3050,2
2026-07-30 13:21:51,114,0,3050,2
2026-07-30 13:21:52,115,0,3050,2
2026-07-30 13:21:53,114,0,3050,2
2026-07-30 13:21:54,114,0,3050,2
2026-07-30 13:21:55,115,0,3050,2
2026-07-30 13:21:56,114,0,3050,2
2026-07-30 13:21:57,114,0,3050,2
2026-07-30 13:21:59,114,0,3050,2
2026-07-30 13:21:59,115,0,3050,2
2026-07-30 13:22:00,115,0,3050,2
2026-07-30 13:22:01,113,0,3050,2
2026-07-30 13:22:02,114,0,3050,2
2026-07-30 13:22:03,115,0,3050,2
2026-07-30 13:22:04,114,0,3050,2
2026-07-30 13:22:05,113,0,3050,2
2026-07-30 13:22:06,114,0,3050,2
2026-07-30 13:22:07,114,0,3050,2
2026-07-30 13:22:08,115,0,3050,2
2026-07-30 13:22:09,115,0,3050,2
2026-07-30 13:22:10,114,0,3050,2
2026-07-30 13:22:11,115,0,3050,2
2026-07-30 13:22:12,115,0,3050,2
2026-07-30 13:22:13,114,0,3050,2
2026-07-30 13:22:14,114,0,3050,2
2026-07-30 13:22:16,115,0,3050,2
2026-07-30 13:22:16,112,0,3050,2
2026-07-30 13:22:17,113,0,3050,2
2026-07-30 13:22:18,114,0,3050,2
2026-07-30 13:22:19,114,0,3050,2
2026-07-30 13:22:20,115,0,3050,2
2026-07-30 13:22:21,114,0,3050,2
2026-07-30 13:22:22,115,0,3050,2
2026-07-30 13:22:24,115,0,3050,2
2026-07-30 13:22:24,114,0,3050,2
2026-07-30 13:22:25,113,0,3050,2
2026-07-30 13:22:26,113,0,3050,2
2026-07-30 13:22:27,115,0,3050,2
2026-07-30 13:22:28,115,0,3050,2
2026-07-30 13:22:29,113,0,3050,2
2026-07-30 13:22:30,114,0,3050,2
2026-07-30 13:22:31,113,0,3050,2
2026-07-30 13:22:33,115,0,3050,2
2026-07-30 13:22:33,116,0,3050,2
2026-07-30 13:22:34,113,0,3050,2
2026-07-30 13:22:35,114,0,3050,2
2026-07-30 13:22:36,112,0,3050,2
2026-07-30 13:22:37,111,0,3050,2
2026-07-30 13:22:38,112,0,3050,2
2026-07-30 13:22:39,114,0,3050,2
2026-07-30 13:22:40,113,0,3050,2
2026-07-30 13:22:41,112,0,3050,2
2026-07-30 13:22:42,113,0,3050,2
2026-07-30 13:22:43,116,0,3050,2
2026-07-30 13:22:44,113,0,3050,2
2026-07-30 13:22:46,113,0,3050,2
2026-07-30 13:22:46,113,0,3050,2
2026-07-30 13:22:47,113,0,3050,2
2026-07-30 13:22:48,114,0,3050,2
2026-07-30 13:22:49,113,0,3050,2
2026-07-30 13:22:50,113,0,3050,2
2026-07-30 13:22:51,115,0,3050,2
2026-07-30 13:22:52,114,0,3050,2
2026-07-30 13:22:54,116,0,3050,2
2026-07-30 13:22:54,113,0,3050,2
2026-07-30 13:22:55,114,0,3050,2
2026-07-30 13:22:56,114,0,3050,2
2026-07-30 13:22:57,114,0,3050,2
2026-07-30 13:22:58,114,0,3050,2
2026-07-30 13:22:59,113,0,3050,2
2026-07-30 13:23:02,115,0,3050,2
2026-07-30 13:23:02,115,0,3050,2
2026-07-30 13:23:03,113,0,3050,2
2026-07-30 13:23:03,114,0,3050,2
2026-07-30 13:23:04,114,0,3050,2
2026-07-30 13:23:05,114,0,3050,2
2026-07-30 13:23:06,114,0,3050,2
2026-07-30 13:23:07,113,0,3050,2
2026-07-30 13:23:08,113,0,3050,2
2026-07-30 13:23:09,115,0,3050,2
2026-07-30 13:23:10,113,0,3050,2
2026-07-30 13:23:11,113,0,3050,2
2026-07-30 13:23:12,113,0,3050,2
2026-07-30 13:23:13,113,0,3050,2
2026-07-30 13:23:14,114,0,3050,2
2026-07-30 13:23:15,114,0,3050,2
2026-07-30 13:23:18,113,0,3050,2
2026-07-30 13:23:18,113,0,3050,2
2026-07-30 13:23:18,114,0,3050,2
2026-07-30 13:23:20,114,0,3050,2
2026-07-30 13:23:20,114,0,3050,2
2026-07-30 13:23:21,114,0,3050,2
2026-07-30 13:23:22,113,0,3050,2
2026-07-30 13:23:23,113,0,3050,2
2026-07-30 13:23:24,113,0,3050,2
2026-07-30 13:23:25,115,0,3050,2
2026-07-30 13:23:26,113,0,3050,2
2026-07-30 13:23:28,113,0,3050,2
2026-07-30 13:23:28,113,0,3050,2
2026-07-30 13:23:29,114,0,3050,2
2026-07-30 13:23:30,114,0,3050,2
2026-07-30 13:23:31,114,0,3050,2
2026-07-30 13:23:33,114,0,3050,2
2026-07-30 13:23:33,113,0,3050,2
2026-07-30 13:23:34,115,0,3050,2
2026-07-30 13:23:35,114,0,3050,2
2026-07-30 13:23:36,114,0,3050,2
2026-07-30 13:23:37,114,0,3050,2
2026-07-30 13:23:38,115,0,3050,2
2026-07-30 13:23:39,114,0,3050,2
2026-07-30 13:23:41,114,0,3050,2
2026-07-30 13:23:41,115,0,3050,2
2026-07-30 13:23:42,114,0,3050,2
2026-07-30 13:23:43,114,0,3050,2
2026-07-30 13:23:44,114,0,3050,2
2026-07-30 13:23:45,113,0,3050,2
2026-07-30 13:23:46,114,0,3050,2
2026-07-30 13:23:47,114,0,3050,2
2026-07-30 13:23:48,113,0,3050,2
2026-07-30 13:23:50,113,0,3050,2
2026-07-30 13:23:50,114,0,3050,2
2026-07-30 13:23:51,114,0,3050,2
2026-07-30 13:23:52,114,0,3050,2
2026-07-30 13:23:54,115,0,3050,2
2026-07-30 13:23:54,113,0,3050,2
2026-07-30 13:23:55,114,0,3050,2
2026-07-30 13:23:56,114,0,3050,2
2026-07-30 13:23:57,114,0,3050,2
2026-07-30 13:23:58,115,0,3050,2
2026-07-30 13:23:59,114,0,3050,2
2026-07-30 13:24:00,114,0,3050,2
2026-07-30 13:24:01,114,0,3050,2
2026-07-30 13:24:02,113,0,3050,2
2026-07-30 13:24:03,113,0,3050,2
2026-07-30 13:24:04,114,0,3050,2
2026-07-30 13:24:05,114,0,3050,2
2026-07-30 13:24:07,114,0,3050,2
2026-07-30 13:24:07,113,0,3050,2
2026-07-30 13:24:08,113,0,3050,2
2026-07-30 13:24:09,115,0,3050,2
2026-07-30 13:24:11,112,0,3050,2
2026-07-30 13:24:11,114,0,3050,2
2026-07-30 13:24:12,113,0,3050,2
2026-07-30 13:24:13,113,0,3050,2
2026-07-30 13:24:14,113,0,3050,2
2026-07-30 13:24:15,112,0,3050,2
2026-07-30 13:24:16,114,0,3050,2
2026-07-30 13:24:17,114,0,3050,2
2026-07-30 13:24:18,113,0,3050,2
2026-07-30 13:24:19,115,0,3050,2
2026-07-30 13:24:20,113,0,3050,2
2026-07-30 13:24:21,115,0,3050,2
2026-07-30 13:24:22,114,0,3050,2
2026-07-30 13:24:24,115,0,3050,2
2026-07-30 13:24:24,115,0,3050,2
2026-07-30 13:24:25,114,0,3050,2
2026-07-30 13:24:26,114,0,3050,2
2026-07-30 13:24:28,113,0,3050,2
2026-07-30 13:24:28,116,0,3050,2
2026-07-30 13:24:29,112,0,3050,2
2026-07-30 13:24:30,116,0,3050,2
2026-07-30 13:24:31,114,0,3050,2
2026-07-30 13:24:32,113,0,3050,2
2026-07-30 13:24:33,114,0,3050,2
2026-07-30 13:24:34,113,0,3050,2
2026-07-30 13:24:35,114,0,3050,2
2026-07-30 13:24:36,115,0,3050,2
2026-07-30 13:24:37,115,0,3050,2
2026-07-30 13:24:38,114,0,3050,2
2026-07-30 13:24:39,114,0,3050,2
2026-07-30 13:24:41,115,0,3050,2
2026-07-30 13:24:41,116,0,3050,2
2026-07-30 13:24:42,113,0,3050,2
2026-07-30 13:24:43,114,0,3050,2
2026-07-30 13:24:45,116,0,3050,2
2026-07-30 13:24:45,113,0,3050,2
2026-07-30 13:24:46,115,0,3050,2
2026-07-30 13:24:47,114,0,3050,2
2026-07-30 13:24:48,115,0,3050,2
2026-07-30 13:24:49,116,0,3050,2
2026-07-30 13:24:50,117,0,3050,2
2026-07-30 13:24:51,114,0,3050,2
2026-07-30 13:24:52,114,0,3050,2
2026-07-30 13:24:54,115,0,3050,2
2026-07-30 13:24:54,116,0,3050,2
2026-07-30 13:24:55,113,0,3050,2
2026-07-30 13:24:56,115,0,3050,2
2026-07-30 13:24:57,114,0,3050,2
2026-07-30 13:24:58,117,0,3050,2
2026-07-30 13:24:59,117,0,3050,2
2026-07-30 13:25:00,114,0,3050,2
2026-07-30 13:25:02,114,0,3050,2
2026-07-30 13:25:02,113,0,3050,2
2026-07-30 13:25:03,115,0,3050,2
2026-07-30 13:25:04,114,0,3050,2
2026-07-30 13:25:06,115,0,3050,2
2026-07-30 13:25:06,114,0,3050,2
2026-07-30 13:25:07,115,0,3050,2
2026-07-30 13:25:08,116,0,3050,2
2026-07-30 13:25:09,116,0,3050,2
2026-07-30 13:25:10,115,0,3050,2
2026-07-30 13:25:11,113,0,3050,2
2026-07-30 13:25:12,116,0,3050,2
2026-07-30 13:25:13,114,0,3050,2
2026-07-30 13:25:15,114,0,3050,2
2026-07-30 13:25:15,115,0,3050,2
2026-07-30 13:25:16,115,0,3050,2
2026-07-30 13:25:17,115,0,3050,2
2026-07-30 13:25:18,116,0,3050,2
2026-07-30 13:25:19,116,0,3050,2
2026-07-30 13:25:20,114,0,3050,2
2026-07-30 13:25:21,115,0,3050,2
2026-07-30 13:25:22,115,0,3050,2
2026-07-30 13:25:23,115,0,3050,2
2026-07-30 13:25:24,115,0,3050,2
2026-07-30 13:25:25,114,0,3050,2
2026-07-30 13:25:26,115,0,3050,2
2026-07-30 13:25:28,116,0,3050,2
2026-07-30 13:25:28,115,0,3050,2
2026-07-30 13:25:29,115,0,3050,2
2026-07-30 13:25:30,116,0,3050,2
2026-07-30 13:25:32,115,0,3050,2
2026-07-30 13:25:32,114,0,3050,2
2026-07-30 13:25:33,113,0,3050,2
2026-07-30 13:25:34,116,0,3050,2
2026-07-30 13:25:36,116,0,3050,2
2026-07-30 13:25:36,115,0,3050,2
2026-07-30 13:25:37,116,0,3050,2
2026-07-30 13:25:38,116,0,3050,2
2026-07-30 13:25:39,115,0,3050,2
2026-07-30 13:25:40,114,0,3050,2
2026-07-30 13:25:41,114,0,3050,2
2026-07-30 13:25:42,115,0,3050,2
2026-07-30 13:25:43,115,0,3050,2
2026-07-30 13:25:45,115,0,3050,2
2026-07-30 13:25:45,114,0,3050,2
2026-07-30 13:25:46,114,0,3050,2
2026-07-30 13:25:47,114,0,3050,2
2026-07-30 13:25:49,115,0,3050,2
2026-07-30 13:25:49,114,0,3050,2
2026-07-30 13:25:50,114,0,3050,2
2026-07-30 13:25:51,113,0,3050,2
2026-07-30 13:25:53,115,0,3050,2
2026-07-30 13:25:53,114,0,3050,2
2026-07-30 13:25:54,113,0,3050,2
2026-07-30 13:25:55,115,0,3050,2
2026-07-30 13:25:56,114,0,3050,2
2026-07-30 13:25:57,114,0,3050,2
2026-07-30 13:25:58,115,0,3050,2
2026-07-30 13:25:59,115,0,3050,2
2026-07-30 13:26:00,114,0,3050,2
2026-07-30 13:26:02,113,0,3050,2
2026-07-30 13:26:02,113,0,3050,2
2026-07-30 13:26:03,113,0,3050,2
2026-07-30 13:26:04,114,0,3050,2
2026-07-30 13:26:05,113,0,3050,2
2026-07-30 13:26:06,113,0,3050,2
2026-07-30 13:26:07,114,0,3050,2
2026-07-30 13:26:08,114,0,3050,2
2026-07-30 13:26:09,114,0,3050,2
2026-07-30 13:26:11,113,0,3050,2
2026-07-30 13:26:11,115,0,3050,2
2026-07-30 13:26:12,113,0,3050,2
2026-07-30 13:26:13,113,0,3050,2
2026-07-30 13:26:15,114,0,3050,2
2026-07-30 13:26:15,114,0,3050,2
2026-07-30 13:26:16,114,0,3050,2
2026-07-30 13:26:17,115,0,3050,2
2026-07-30 13:26:19,115,0,3050,2
2026-07-30 13:26:19,115,0,3050,2
2026-07-30 13:26:20,116,0,3050,2
2026-07-30 13:26:21,115,0,3050,2
2026-07-30 13:26:23,116,0,3050,2
2026-07-30 13:26:24,115,0,3050,2
2026-07-30 13:26:24,115,0,3050,2
2026-07-30 13:26:25,114,0,3050,2
2026-07-30 13:26:26,116,0,3050,2
2026-07-30 13:26:27,115,0,3050,2
2026-07-30 13:26:28,115,0,3050,2
2026-07-30 13:26:29,116,0,3050,2
2026-07-30 13:26:30,115,0,3050,2
2026-07-30 13:26:32,114,0,3050,2
2026-07-30 13:26:32,115,0,3050,2
2026-07-30 13:26:33,115,0,3050,2
2026-07-30 13:26:34,116,0,3050,2
2026-07-30 13:26:36,115,0,3050,2
2026-07-30 13:26:36,115,0,3050,2
2026-07-30 13:26:37,117,0,3050,2
2026-07-30 13:26:38,115,0,3050,2
2026-07-30 13:26:39,115,0,3050,2
2026-07-30 13:26:40,114,0,3050,2
2026-07-30 13:26:41,114,0,3050,2
2026-07-30 13:26:42,115,0,3050,2
2026-07-30 13:26:43,116,0,3050,2
2026-07-30 13:26:44,115,0,3050,2
2026-07-30 13:26:45,115,0,3050,2
2026-07-30 13:26:46,115,0,3050,2
2026-07-30 13:26:47,115,0,3050,2
2026-07-30 13:26:48,115,0,3050,2
2026-07-30 13:26:49,115,0,3050,2
2026-07-30 13:26:50,116,0,3050,2
2026-07-30 13:26:51,115,0,3050,2
2026-07-30 13:26:53,116,0,3050,2
2026-07-30 13:26:53,114,0,3050,2
2026-07-30 13:26:54,117,0,3050,2
2026-07-30 13:26:55,115,0,3050,2
2026-07-30 13:26:56,115,0,3050,2
2026-07-30 13:26:57,115,0,3050,2
2026-07-30 13:26:58,115,0,3050,2
2026-07-30 13:26:59,114,0,3050,2
2026-07-30 13:27:00,114,0,3050,2
2026-07-30 13:27:02,115,0,3050,2
2026-07-30 13:27:02,115,0,3050,2
2026-07-30 13:27:03,116,0,3050,2
2026-07-30 13:27:04,117,0,3050,2
2026-07-30 13:27:06,116,0,3050,2
2026-07-30 13:27:06,113,0,3050,2
2026-07-30 13:27:07,114,0,3050,2
2026-07-30 13:27:08,115,0,3050,2
2026-07-30 13:27:09,115,0,3050,2
2026-07-30 13:27:10,116,0,3050,2
2026-07-30 13:27:11,114,0,3050,2
2026-07-30 13:27:12,115,0,3050,2
2026-07-30 13:27:13,116,0,3050,2
2026-07-30 13:27:14,115,0,3050,2
2026-07-30 13:27:15,116,0,3050,2
2026-07-30 13:27:16,116,0,3050,2
2026-07-30 13:27:17,115,0,3050,2
2026-07-30 13:27:19,116,0,3050,2
2026-07-30 13:27:19,115,0,3050,2
2026-07-30 13:27:20,115,0,3050,2
2026-07-30 13:27:21,115,0,3050,2
2026-07-30 13:27:23,115,0,3050,2
2026-07-30 13:27:23,116,0,3050,2
2026-07-30 13:27:24,115,0,3050,2
2026-07-30 13:27:25,116,0,3050,2
2026-07-30 13:27:27,115,0,3050,2
2026-07-30 13:27:27,115,0,3050,2
2026-07-30 13:27:28,115,0,3050,2
2026-07-30 13:27:29,115,0,3050,2
2026-07-30 13:27:30,114,0,3050,2
2026-07-30 13:27:31,115,0,3050,2
2026-07-30 13:27:32,115,0,3050,2
2026-07-30 13:27:33,115,0,3050,2
2026-07-30 13:27:34,115,0,3050,2
2026-07-30 13:27:36,114,0,3050,2
2026-07-30 13:27:36,116,0,3050,2
2026-07-30 13:27:37,116,0,3050,2
2026-07-30 13:27:38,115,0,3050,2
2026-07-30 13:27:39,116,0,3050,2
2026-07-30 13:27:40,117,0,3050,2
2026-07-30 13:27:41,117,0,3050,2
2026-07-30 13:27:42,115,0,3050,2
2026-07-30 13:27:43,115,0,3050,2
2026-07-30 13:27:44,116,0,3050,2
2026-07-30 13:27:45,114,0,3050,2
2026-07-30 13:27:46,115,0,3050,2
2026-07-30 13:27:47,116,0,3050,2
2026-07-30 13:27:49,117,0,3050,2
2026-07-30 13:27:49,118,0,3050,2
2026-07-30 13:27:50,115,0,3050,2
2026-07-30 13:27:51,117,0,3050,2
2026-07-30 13:27:53,115,0,3050,2
2026-07-30 13:27:54,116,0,3050,2
2026-07-30 13:27:54,116,0,3050,2
2026-07-30 13:27:55,116,0,3050,2
2026-07-30 13:27:56,117,0,3050,2
2026-07-30 13:27:57,116,0,3050,2
2026-07-30 13:27:58,116,0,3050,2
2026-07-30 13:27:59,116,0,3050,2
2026-07-30 13:28:00,115,0,3050,2
2026-07-30 13:28:01,115,0,3050,2
2026-07-30 13:28:02,116,0,3050,2
2026-07-30 13:28:03,116,0,3050,2
2026-07-30 13:28:04,114,0,3050,2
2026-07-30 13:28:06,115,0,3050,2
2026-07-30 13:28:06,114,0,3050,2
2026-07-30 13:28:07,117,0,3050,2
2026-07-30 13:28:08,116,0,3050,2
2026-07-30 13:28:10,116,0,3050,2
2026-07-30 13:28:10,117,0,3050,2
2026-07-30 13:28:11,117,0,3050,2
2026-07-30 13:28:12,116,0,3050,2
2026-07-30 13:28:14,115,0,3050,2
2026-07-30 13:28:14,117,0,3050,2
2026-07-30 13:28:15,117,0,3050,2
2026-07-30 13:28:16,116,0,3050,2
2026-07-30 13:28:17,118,0,3050,2
2026-07-30 13:28:18,115,0,3050,2
2026-07-30 13:28:19,117,0,3050,2
2026-07-30 13:28:20,115,0,3050,2
2026-07-30 13:28:21,117,0,3050,2
2026-07-30 13:28:23,116,0,3050,2
2026-07-30 13:28:23,115,0,3050,2
2026-07-30 13:28:24,116,0,3050,2
2026-07-30 13:28:25,116,0,3050,2
2026-07-30 13:28:27,117,0,3050,2
2026-07-30 13:28:27,115,0,3050,2
2026-07-30 13:28:28,115,0,3050,2
2026-07-30 13:28:29,114,0,3050,2
2026-07-30 13:28:31,116,0,3050,2
2026-07-30 13:28:31,116,0,3050,2
2026-07-30 13:28:32,117,0,3050,2
2026-07-30 13:28:33,116,0,3050,2
2026-07-30 13:28:34,115,0,3050,2
2026-07-30 13:28:36,115,0,3050,2
2026-07-30 13:28:36,116,0,3050,2
2026-07-30 13:28:37,116,0,3050,2
2026-07-30 13:28:38,116,0,3050,2
2026-07-30 13:28:40,115,0,3050,2
2026-07-30 13:28:40,115,0,3050,2
2026-07-30 13:28:41,117,0,3050,2
2026-07-30 13:28:42,115,0,3050,2
2026-07-30 13:28:44,115,0,3050,2
2026-07-30 13:28:44,116,0,3050,2
2026-07-30 13:28:45,115,0,3050,2
2026-07-30 13:28:46,116,0,3050,2
2026-07-30 13:28:48,116,0,3050,2
2026-07-30 13:28:48,115,0,3050,2
2026-07-30 13:28:49,116,0,3050,2
2026-07-30 13:28:50,115,0,3050,2
2026-07-30 13:28:51,114,0,3050,2
2026-07-30 13:28:53,115,0,3050,2
2026-07-30 13:28:53,116,0,3050,2
2026-07-30 13:28:54,116,0,3050,2
2026-07-30 13:28:55,115,0,3050,2
2026-07-30 13:28:57,116,0,3050,2
2026-07-30 13:28:57,115,0,3050,2
2026-07-30 13:28:58,114,0,3050,2
2026-07-30 13:28:59,116,0,3050,2
2026-07-30 13:29:01,116,0,3050,2
2026-07-30 13:29:01,113,0,3050,2
2026-07-30 13:29:02,116,0,3050,2
2026-07-30 13:29:03,114,0,3050,2
2026-07-30 13:29:05,115,0,3050,2
2026-07-30 13:29:05,114,0,3050,2
2026-07-30 13:29:06,113,0,3050,2
2026-07-30 13:29:07,115,0,3050,2
2026-07-30 13:29:08,115,0,3050,2
2026-07-30 13:29:10,113,0,3050,2
2026-07-30 13:29:10,116,0,3050,2
2026-07-30 13:29:11,115,0,3050,2
2026-07-30 13:29:12,115,0,3050,2
2026-07-30 13:29:14,114,0,3050,2
2026-07-30 13:29:14,114,0,3050,2
2026-07-30 13:29:15,116,0,3050,2
2026-07-30 13:29:16,114,0,3050,2
2026-07-30 13:29:18,116,0,3050,2
2026-07-30 13:29:19,116,0,3050,2
2026-07-30 13:29:19,115,0,3050,2
2026-07-30 13:29:20,114,0,3050,2
2026-07-30 13:29:22,116,0,3050,2
2026-07-30 13:29:22,115,0,3050,2
2026-07-30 13:29:23,115,0,3050,2
2026-07-30 13:29:24,115,0,3050,2
2026-07-30 13:29:25,115,0,3050,2
2026-07-30 13:29:27,116,0,3050,2
2026-07-30 13:29:27,115,0,3050,2
2026-07-30 13:29:28,115,0,3050,2
2026-07-30 13:29:29,115,0,3050,2
2026-07-30 13:29:31,116,0,3050,2
2026-07-30 13:29:31,115,0,3050,2
2026-07-30 13:29:32,116,0,3050,2
2026-07-30 13:29:33,115,0,3050,2
2026-07-30 13:29:34,115,0,3050,2
2026-07-30 13:29:36,115,0,3050,2
2026-07-30 13:29:36,116,0,3050,2
2026-07-30 13:29:37,117,0,3050,2
2026-07-30 13:29:38,118,0,3050,2
2026-07-30 13:29:40,119,0,3050,2
2026-07-30 13:29:40,117,0,3050,2
2026-07-30 13:29:41,116,0,3050,2
2026-07-30 13:29:43,116,0,3050,2
2026-07-30 13:29:43,115,0,3050,2
2026-07-30 13:29:44,116,0,3050,2
2026-07-30 13:29:45,117,0,3050,2
2026-07-30 13:29:46,115,0,3050,2
2026-07-30 13:29:47,115,0,3050,2
2026-07-30 13:29:48,115,0,3050,2
2026-07-30 13:29:49,115,0,3050,2
2026-07-30 13:29:50,117,0,3050,2
2026-07-30 13:29:51,116,0,3050,2
2026-07-30 13:29:52,117,0,3050,2
2026-07-30 13:29:53,117,0,3050,2
2026-07-30 13:29:54,116,0,3050,2
2026-07-30 13:29:55,117,0,3050,2
2026-07-30 13:29:57,117,0,3050,2
2026-07-30 13:29:57,118,0,3050,2
2026-07-30 13:29:58,116,0,3050,2
2026-07-30 13:29:59,116,0,3050,2
2026-07-30 13:30:01,118,0,3050,2
2026-07-30 13:30:01,117,0,3050,2
2026-07-30 13:30:02,118,0,3050,2
2026-07-30 13:30:03,117,0,3050,2
2026-07-30 13:30:05,118,0,3050,2
2026-07-30 13:30:05,118,0,3050,2
2026-07-30 13:30:06,116,0,3050,2
2026-07-30 13:30:07,116,0,3050,2
2026-07-30 13:30:08,117,0,3050,2
2026-07-30 13:30:09,117,0,3050,2
2026-07-30 13:30:10,116,0,3050,2
2026-07-30 13:30:11,117,0,3050,2
2026-07-30 13:30:12,118,0,3050,2
2026-07-30 13:30:14,117,0,3050,2
2026-07-30 13:30:14,116,0,3050,2
2026-07-30 13:30:15,116,0,3050,2
2026-07-30 13:30:16,117,0,3050,2
2026-07-30 13:30:18,118,0,3050,2
2026-07-30 13:30:18,116,0,3050,2
2026-07-30 13:30:19,117,0,3050,2
2026-07-30 13:30:20,117,0,3050,2
2026-07-30 13:30:21,117,0,3050,2
2026-07-30 13:30:22,118,0,3050,2
2026-07-30 13:30:23,117,0,3050,2
2026-07-30 13:30:24,118,0,3050,2
2026-07-30 13:30:25,118,0,3050,2
2026-07-30 13:30:27,117,0,3050,2
2026-07-30 13:30:27,117,0,3050,2
2026-07-30 13:30:28,117,0,3050,2
2026-07-30 13:30:29,117,0,3050,2
2026-07-30 13:30:30,118,0,3050,2
2026-07-30 13:30:31,117,0,3050,2
2026-07-30 13:30:32,117,0,3050,2
2026-07-30 13:30:33,118,0,3050,2
2026-07-30 13:30:34,117,0,3050,2
2026-07-30 13:30:35,117,0,3050,2
2026-07-30 13:30:36,117,0,3050,2
2026-07-30 13:30:37,118,0,3050,2
2026-07-30 13:30:39,117,0,3050,2
2026-07-30 13:30:39,117,0,3050,2
2026-07-30 13:30:40,118,0,3050,2
2026-07-30 13:30:41,117,0,3050,2
2026-07-30 13:30:42,116,0,3050,2
2026-07-30 13:30:44,119,0,3050,2
2026-07-30 13:30:44,116,0,3050,2
2026-07-30 13:30:45,118,0,3050,2
2026-07-30 13:30:46,118,0,3050,2
2026-07-30 13:30:47,118,0,3050,2
2026-07-30 13:30:48,117,0,3050,2
2026-07-30 13:30:49,118,0,3050,2
2026-07-30 13:30:50,118,0,3050,2
2026-07-30 13:30:52,117,0,3050,2
2026-07-30 13:30:52,118,0,3050,2
2026-07-30 13:30:53,118,0,3050,2
2026-07-30 13:30:54,117,0,3050,2
2026-07-30 13:30:56,117,0,3050,2
2026-07-30 13:30:56,116,0,3050,2
2026-07-30 13:30:57,119,0,3050,2
2026-07-30 13:30:58,117,0,3050,2
2026-07-30 13:30:59,118,0,3050,2
2026-07-30 13:31:01,119,0,3050,2
2026-07-30 13:31:01,118,0,3050,2
2026-07-30 13:31:02,118,0,3050,2
2026-07-30 13:31:03,117,0,3050,2
2026-07-30 13:31:05,119,0,3050,2
2026-07-30 13:31:05,118,0,3050,2
2026-07-30 13:31:06,117,0,3050,2
2026-07-30 13:31:07,118,0,3050,2
2026-07-30 13:31:08,116,0,3050,2
2026-07-30 13:31:09,117,0,3050,2
2026-07-30 13:31:10,118,0,3050,2
2026-07-30 13:31:11,118,0,3050,2
2026-07-30 13:31:13,118,0,3050,2
2026-07-30 13:31:14,115,0,3050,2
2026-07-30 13:31:14,119,0,3050,2
2026-07-30 13:31:15,118,0,3050,2
2026-07-30 13:31:16,118,0,3050,2
2026-07-30 13:31:18,117,0,3050,2
2026-07-30 13:31:18,118,0,3050,2
2026-07-30 13:31:19,117,0,3050,2
2026-07-30 13:31:20,118,0,3050,2
2026-07-30 13:31:22,117,0,3050,2
2026-07-30 13:31:22,117,0,3050,2
2026-07-30 13:31:23,116,0,3050,2
2026-07-30 13:31:24,118,0,3050,2
2026-07-30 13:31:26,117,0,3050,2
2026-07-30 13:31:26,118,0,3050,2
2026-07-30 13:31:27,117,0,3050,2
2026-07-30 13:31:28,118,0,3050,2
2026-07-30 13:31:29,117,0,3050,2
2026-07-30 13:31:30,118,0,3050,2
2026-07-30 13:31:31,117,0,3050,2
2026-07-30 13:31:32,117,0,3050,2
2026-07-30 13:31:33,118,0,3050,2
2026-07-30 13:31:35,117,0,3050,2
2026-07-30 13:31:35,118,0,3050,2
2026-07-30 13:31:36,118,0,3050,2
2026-07-30 13:31:37,117,0,3050,2
2026-07-30 13:31:39,118,0,3050,2
2026-07-30 13:31:39,116,0,3050,2
2026-07-30 13:31:40,116,0,3050,2
2026-07-30 13:31:41,117,0,3050,2
2026-07-30 13:31:43,116,0,3050,2
2026-07-30 13:31:43,116,0,3050,2
2026-07-30 13:31:44,117,0,3050,2
2026-07-30 13:31:45,117,0,3050,2
2026-07-30 13:31:47,117,0,3050,2
2026-07-30 13:31:47,119,0,3050,2
2026-07-30 13:31:48,117,0,3050,2
2026-07-30 13:31:49,117,0,3050,2
2026-07-30 13:31:50,117,0,3050,2
2026-07-30 13:31:52,118,0,3050,2
2026-07-30 13:31:52,118,0,3050,2
2026-07-30 13:31:53,119,0,3050,2
2026-07-30 13:31:54,119,0,3050,2
2026-07-30 13:31:56,118,0,3050,2
2026-07-30 13:31:56,117,0,3050,2
2026-07-30 13:31:57,118,0,3050,2
2026-07-30 13:31:58,118,0,3050,2
2026-07-30 13:32:00,119,0,3050,2
2026-07-30 13:32:01,118,0,3050,2
2026-07-30 13:32:01,119,0,3050,2
2026-07-30 13:32:02,118,0,3050,2
2026-07-30 13:32:03,118,0,3050,2
2026-07-30 13:32:05,118,0,3050,2
2026-07-30 13:32:05,118,0,3050,2
2026-07-30 13:32:06,118,0,3050,2
2026-07-30 13:32:07,117,0,3050,2
2026-07-30 13:32:09,117,0,3050,2
2026-07-30 13:32:09,119,0,3050,2
2026-07-30 13:32:10,116,0,3050,2
2026-07-30 13:32:11,117,0,3050,2
2026-07-30 13:32:12,119,0,3050,2
2026-07-30 13:32:13,117,0,3050,2
2026-07-30 13:32:14,118,0,3050,2
2026-07-30 13:32:15,118,0,3050,2
2026-07-30 13:32:16,118,0,3050,2
2026-07-30 13:32:17,118,0,3050,2
2026-07-30 13:32:18,118,0,3050,2
2026-07-30 13:32:19,118,0,3050,2
2026-07-30 13:32:20,118,0,3050,2
2026-07-30 13:32:22,117,0,3050,2
2026-07-30 13:32:22,117,0,3050,2
2026-07-30 13:32:23,118,0,3050,2
2026-07-30 13:32:24,118,0,3050,2
2026-07-30 13:32:26,117,0,3050,2
2026-07-30 13:32:26,118,0,3050,2
2026-07-30 13:32:27,118,0,3050,2
2026-07-30 13:32:28,117,0,3050,2
2026-07-30 13:32:29,119,0,3050,2
2026-07-30 13:32:30,118,0,3050,2
2026-07-30 13:32:31,117,0,3050,2
2026-07-30 13:32:32,117,0,3050,2
2026-07-30 13:32:33,118,0,3050,2
2026-07-30 13:32:34,118,0,3050,2
2026-07-30 13:32:35,117,0,3050,2
2026-07-30 13:32:36,118,0,3050,2
2026-07-30 13:32:37,119,0,3050,2
2026-07-30 13:32:39,117,0,3050,2
2026-07-30 13:32:39,117,0,3050,2
2026-07-30 13:32:40,118,0,3050,2
2026-07-30 13:32:41,119,0,3050,2
2026-07-30 13:32:43,118,0,3050,2
2026-07-30 13:32:43,118,0,3050,2
2026-07-30 13:32:44,119,0,3050,2
2026-07-30 13:32:45,119,0,3050,2
2026-07-30 13:32:47,118,0,3050,2
2026-07-30 13:32:47,118,0,3050,2
2026-07-30 13:32:48,118,0,3050,2
2026-07-30 13:32:49,119,0,3050,2
2026-07-30 13:32:50,119,0,3050,2
2026-07-30 13:32:52,118,0,3050,2
2026-07-30 13:32:52,119,0,3050,2
2026-07-30 13:32:53,118,0,3050,2
2026-07-30 13:32:54,119,0,3050,2
2026-07-30 13:32:55,119,0,3050,2
2026-07-30 13:32:56,117,0,3050,2
2026-07-30 13:32:57,118,0,3050,2
2026-07-30 13:32:58,118,0,3050,2
2026-07-30 13:33:00,119,0,3050,2
2026-07-30 13:33:00,117,0,3050,2
2026-07-30 13:33:01,117,0,3050,2
2026-07-30 13:33:02,118,0,3050,2
2026-07-30 13:33:04,118,0,3050,2
2026-07-30 13:33:04,120,0,3050,2
2026-07-30 13:33:05,116,0,3050,2
2026-07-30 13:33:06,118,0,3050,2
2026-07-30 13:33:07,117,0,3050,2
2026-07-30 13:33:09,118,0,3050,2
2026-07-30 13:33:09,118,0,3050,2
2026-07-30 13:33:10,119,0,3050,2
2026-07-30 13:33:11,118,0,3050,2
2026-07-30 13:33:13,118,0,3050,2
2026-07-30 13:33:13,118,0,3050,2
2026-07-30 13:33:14,118,0,3050,2
2026-07-30 13:33:15,118,0,3050,2
2026-07-30 13:33:16,118,0,3050,2
2026-07-30 13:33:17,119,0,3050,2
2026-07-30 13:33:18,118,0,3050,2
2026-07-30 13:33:19,118,0,3050,2
2026-07-30 13:33:21,117,0,3050,2
2026-07-30 13:33:21,118,0,3050,2
2026-07-30 13:33:22,118,0,3050,2
2026-07-30 13:33:23,118,0,3050,2
2026-07-30 13:33:24,118,0,3050,2
2026-07-30 13:33:26,119,0,3050,2
2026-07-30 13:33:26,117,0,3050,2
2026-07-30 13:33:27,118,0,3050,2
2026-07-30 13:33:28,118,0,3050,2
2026-07-30 13:33:30,118,0,3050,2
2026-07-30 13:33:30,118,0,3050,2
2026-07-30 13:33:31,118,0,3050,2
2026-07-30 13:33:32,118,0,3050,2
2026-07-30 13:33:33,119,0,3050,2
2026-07-30 13:33:35,118,0,3050,2
2026-07-30 13:33:35,117,0,3050,2
2026-07-30 13:33:36,118,0,3050,2
2026-07-30 13:33:38,120,0,3050,2
2026-07-30 13:33:39,117,0,3050,2
2026-07-30 13:33:39,118,0,3050,2
2026-07-30 13:33:40,118,0,3050,2
2026-07-30 13:33:41,118,0,3050,2
2026-07-30 13:33:43,118,0,3050,2
2026-07-30 13:33:43,118,0,3050,2
2026-07-30 13:33:44,117,0,3050,2
2026-07-30 13:33:45,117,0,3050,2
2026-07-30 13:33:47,118,0,3050,2
2026-07-30 13:33:47,118,0,3050,2
2026-07-30 13:33:48,118,0,3050,2
2026-07-30 13:33:49,119,0,3050,2
2026-07-30 13:33:50,117,0,3050,2
2026-07-30 13:33:51,117,0,3050,2
2026-07-30 13:33:52,118,0,3050,2
2026-07-30 13:33:53,117,0,3050,2
2026-07-30 13:33:54,118,0,3050,2
2026-07-30 13:33:56,118,0,3050,2
2026-07-30 13:33:56,117,0,3050,2
2026-07-30 13:33:57,119,0,3050,2
2026-07-30 13:33:58,118,0,3050,2
2026-07-30 13:34:00,119,0,3050,2
2026-07-30 13:34:00,118,0,3050,2
2026-07-30 13:34:01,118,0,3050,2
2026-07-30 13:34:02,118,0,3050,2
2026-07-30 13:34:03,118,0,3050,2
2026-07-30 13:34:04,117,0,3050,2
2026-07-30 13:34:05,118,0,3050,2
2026-07-30 13:34:06,118,0,3050,2
2026-07-30 13:34:07,119,0,3050,2
2026-07-30 13:34:08,117,0,3050,2
2026-07-30 13:34:09,118,0,3050,2
2026-07-30 13:34:10,119,0,3050,2
2026-07-30 13:34:11,118,0,3050,2
2026-07-30 13:34:13,118,0,3050,2
2026-07-30 13:34:13,119,0,3050,2
2026-07-30 13:34:14,118,0,3050,2
2026-07-30 13:34:15,119,0,3050,2
2026-07-30 13:34:17,120,0,3050,2
2026-07-30 13:34:18,117,0,3050,2
2026-07-30 13:34:18,119,0,3050,2
2026-07-30 13:34:19,117,0,3050,2
2026-07-30 13:34:21,117,0,3050,2
2026-07-30 13:34:21,119,0,3050,2
2026-07-30 13:34:22,120,0,3050,2
2026-07-30 13:34:23,119,0,3050,2
2026-07-30 13:34:25,119,0,3050,2
2026-07-30 13:34:25,118,0,3050,2
2026-07-30 13:34:26,119,0,3050,2
2026-07-30 13:34:27,119,0,3050,2
2026-07-30 13:34:29,118,0,3050,2
2026-07-30 13:34:30,119,0,3050,2
2026-07-30 13:34:30,119,0,3050,2
2026-07-30 13:34:31,118,0,3050,2
2026-07-30 13:34:32,118,0,3050,2
2026-07-30 13:34:34,120,0,3050,2
2026-07-30 13:34:34,119,0,3050,2
2026-07-30 13:34:35,118,0,3050,2
2026-07-30 13:34:36,119,0,3050,2
2026-07-30 13:34:37,118,0,3050,2
2026-07-30 13:34:38,119,0,3050,2
2026-07-30 13:34:39,119,0,3050,2
2026-07-30 13:34:40,119,0,3050,2
2026-07-30 13:34:41,120,0,3050,2
2026-07-30 13:34:42,120,0,3050,2
2026-07-30 13:34:43,119,0,3050,2
2026-07-30 13:34:44,118,0,3050,2
2026-07-30 13:34:45,118,0,3050,2
2026-07-30 13:34:47,118,0,3050,2
2026-07-30 13:34:47,118,0,3050,2
2026-07-30 13:34:48,118,0,3050,2
2026-07-30 13:34:49,118,0,3050,2
2026-07-30 13:34:50,119,0,3050,2
2026-07-30 13:34:51,118,0,3050,2
2026-07-30 13:34:52,118,0,3050,2
2026-07-30 13:34:53,120,0,3050,2
2026-07-30 13:34:55,119,0,3050,2
2026-07-30 13:34:55,119,0,3050,2
2026-07-30 13:34:56,118,0,3050,2
2026-07-30 13:34:57,119,0,3050,2
2026-07-30 13:34:59,118,0,3050,2
2026-07-30 13:34:59,119,0,3050,2
2026-07-30 13:35:00,119,0,3050,2
2026-07-30 13:35:01,120,0,3050,2
2026-07-30 13:35:02,118,0,3050,2
2026-07-30 13:35:04,120,0,3050,2
2026-07-30 13:35:04,119,0,3050,2
2026-07-30 13:35:05,119,0,3050,2
2026-07-30 13:35:06,118,0,3050,2
2026-07-30 13:35:08,119,0,3050,2
2026-07-30 13:35:08,119,0,3050,2
2026-07-30 13:35:09,119,0,3050,2
2026-07-30 13:35:10,119,0,3050,2
2026-07-30 13:35:11,119,0,3050,2
2026-07-30 13:35:12,120,0,3050,2
2026-07-30 13:35:13,119,0,3050,2
2026-07-30 13:35:14,119,0,3050,2
2026-07-30 13:35:16,119,0,3050,2
2026-07-30 13:35:17,120,0,3050,2
2026-07-30 13:35:17,120,0,3050,2
2026-07-30 13:35:18,119,0,3050,2
2026-07-30 13:35:20,119,0,3050,2
2026-07-30 13:35:21,119,0,3050,2
2026-07-30 13:35:21,118,0,3050,2
2026-07-30 13:35:22,119,0,3050,2
2026-07-30 13:35:23,119,0,3050,2
2026-07-30 13:35:24,119,0,3050,2
2026-07-30 13:35:25,119,0,3050,2
2026-07-30 13:35:26,119,0,3050,2
2026-07-30 13:35:27,121,0,3050,2
2026-07-30 13:35:29,119,0,3050,2
2026-07-30 13:35:29,121,0,3050,2
2026-07-30 13:35:30,120,0,3050,2
2026-07-30 13:35:31,119,0,3050,2
2026-07-30 13:35:32,121,0,3050,2
2026-07-30 13:35:34,118,0,3050,2
2026-07-30 13:35:34,120,0,3050,2
2026-07-30 13:35:35,120,0,3050,2
2026-07-30 13:35:36,119,0,3050,2
2026-07-30 13:35:38,119,0,3050,2
2026-07-30 13:35:38,119,0,3050,2
2026-07-30 13:35:39,119,0,3050,2
2026-07-30 13:35:40,120,0,3050,2
2026-07-30 13:35:41,120,0,3050,2
2026-07-30 13:35:42,119,0,3050,2
2026-07-30 13:35:43,119,0,3050,2
2026-07-30 13:35:44,119,0,3050,2
2026-07-30 13:35:45,120,0,3050,2
2026-07-30 13:35:47,120,0,3050,2
2026-07-30 13:35:47,119,0,3050,2
2026-07-30 13:35:48,120,0,3050,2
2026-07-30 13:35:49,120,0,3050,2
2026-07-30 13:35:51,119,0,3050,2
2026-07-30 13:35:51,119,0,3050,2
2026-07-30 13:35:52,120,0,3050,2
2026-07-30 13:35:53,119,0,3050,2
2026-07-30 13:35:55,119,0,3050,2
2026-07-30 13:35:55,121,0,3050,2
2026-07-30 13:35:56,120,0,3050,2
2026-07-30 13:35:57,119,0,3050,2
2026-07-30 13:35:59,121,0,3050,2
2026-07-30 13:35:59,120,0,3050,2
2026-07-30 13:36:00,120,0,3050,2
2026-07-30 13:36:01,119,0,3050,2
2026-07-30 13:36:02,120,0,3050,2
2026-07-30 13:36:04,121,0,3050,2
2026-07-30 13:36:04,120,0,3050,2
2026-07-30 13:36:05,120,0,3050,2
2026-07-30 13:36:06,120,0,3050,2
2026-07-30 13:36:08,121,0,3050,2
2026-07-30 13:36:08,119,0,3050,2
2026-07-30 13:36:09,120,0,3050,2
2026-07-30 13:36:10,120,0,3050,2
2026-07-30 13:36:11,121,0,3050,2
2026-07-30 13:36:12,121,0,3050,2
2026-07-30 13:36:13,119,0,3050,2
2026-07-30 13:36:14,119,0,3050,2
2026-07-30 13:36:15,120,0,3050,2
2026-07-30 13:36:16,120,0,3050,2
2026-07-30 13:36:17,120,0,3050,2
2026-07-30 13:36:18,120,0,3050,2
2026-07-30 13:36:20,121,0,3050,2
2026-07-30 13:36:21,121,0,3050,2
2026-07-30 13:36:21,122,0,3050,2
2026-07-30 13:36:22,120,0,3050,2
2026-07-30 13:36:23,121,0,3050,2
2026-07-30 13:36:25,121,0,3050,2
2026-07-30 13:36:25,121,0,3050,2
2026-07-30 13:36:26,120,0,3050,2
2026-07-30 13:36:27,120,0,3050,2
2026-07-30 13:36:29,120,0,3050,2
2026-07-30 13:36:29,121,0,3050,2
2026-07-30 13:36:30,120,0,3050,2
2026-07-30 13:36:31,120,0,3050,2
2026-07-30 13:36:33,120,0,3050,2
2026-07-30 13:36:33,122,0,3050,2
2026-07-30 13:36:34,119,0,3050,2
2026-07-30 13:36:35,121,0,3050,2
2026-07-30 13:36:36,120,0,3050,2
2026-07-30 13:36:38,120,0,3050,2
2026-07-30 13:36:38,121,0,3050,2
2026-07-30 13:36:39,120,0,3050,2
2026-07-30 13:36:40,120,0,3050,2
2026-07-30 13:36:42,120,0,3050,2
2026-07-30 13:36:43,120,0,3050,2
2026-07-30 13:36:43,121,0,3050,2
2026-07-30 13:36:44,120,0,3050,2
2026-07-30 13:36:45,120,0,3050,2
2026-07-30 13:36:46,120,0,3050,2
2026-07-30 13:36:47,121,0,3050,2
2026-07-30 13:36:48,121,0,3050,2
2026-07-30 13:36:50,121,0,3050,2
2026-07-30 13:36:51,122,0,3050,2
2026-07-30 13:36:51,120,0,3050,2
2026-07-30 13:36:52,121,0,3050,2
2026-07-30 13:36:53,121,0,3050,2
2026-07-30 13:36:55,122,0,3050,2
2026-07-30 13:36:55,121,0,3050,2
2026-07-30 13:36:56,121,0,3050,2
2026-07-30 13:36:57,121,0,3050,2
2026-07-30 13:36:59,121,0,3050,2
2026-07-30 13:36:59,121,0,3050,2
2026-07-30 13:37:00,121,0,3050,2
2026-07-30 13:37:01,120,0,3050,2
2026-07-30 13:37:03,121,0,3050,2
2026-07-30 13:37:03,121,0,3050,2
2026-07-30 13:37:04,119,0,3050,2
2026-07-30 13:37:05,120,0,3050,2
2026-07-30 13:37:06,120,0,3050,2
2026-07-30 13:37:08,120,0,3050,2
2026-07-30 13:37:08,120,0,3050,2
2026-07-30 13:37:09,121,0,3050,2
2026-07-30 13:37:10,120,0,3050,2
2026-07-30 13:37:12,121,0,3050,2
2026-07-30 13:37:12,120,0,3050,2
2026-07-30 13:37:13,121,0,3050,2
2026-07-30 13:37:14,121,0,3050,2
2026-07-30 13:37:16,120,0,3050,2
2026-07-30 13:37:16,120,0,3050,2
2026-07-30 13:37:17,121,0,3050,2
2026-07-30 13:37:18,121,0,3050,2
2026-07-30 13:37:19,121,0,3050,2
2026-07-30 13:37:21,121,0,3050,2
2026-07-30 13:37:21,120,0,3050,2
2026-07-30 13:37:22,121,0,3050,2
2026-07-30 13:37:24,120,0,3050,2
2026-07-30 13:37:25,120,0,3050,2
2026-07-30 13:37:25,120,0,3050,2
2026-07-30 13:37:26,121,0,3050,2
2026-07-30 13:37:27,120,0,3050,2
2026-07-30 13:37:29,121,0,3050,2
2026-07-30 13:37:29,121,0,3050,2
2026-07-30 13:37:30,121,0,3050,2
2026-07-30 13:37:31,120,0,3050,2
2026-07-30 13:37:33,122,0,3050,2
2026-07-30 13:37:33,121,0,3050,2
2026-07-30 13:37:34,120,0,3050,2
2026-07-30 13:37:35,120,0,3050,2
2026-07-30 13:37:37,120,0,3050,2
2026-07-30 13:37:38,122,0,3050,2
2026-07-30 13:37:39,121,0,3050,2
2026-07-30 13:37:39,121,0,3050,2
2026-07-30 13:37:40,120,0,3050,2
2026-07-30 13:37:42,120,0,3050,2
2026-07-30 13:37:42,121,0,3050,2
2026-07-30 13:37:43,121,0,3050,2
2026-07-30 13:37:44,121,0,3050,2
2026-07-30 13:37:46,121,0,3050,2
2026-07-30 13:37:46,121,0,3050,2
2026-07-30 13:37:47,121,0,3050,2
2026-07-30 13:37:48,120,0,3050,2
2026-07-30 13:37:49,121,0,3050,2
2026-07-30 13:37:50,120,0,3050,2
2026-07-30 13:37:51,120,0,3050,2
2026-07-30 13:37:52,121,0,3050,2
2026-07-30 13:37:53,121,0,3050,2
2026-07-30 13:37:54,120,0,3050,2
2026-07-30 13:37:55,120,0,3050,2
2026-07-30 13:37:56,120,0,3050,2
2026-07-30 13:37:57,119,0,3050,2
2026-07-30 13:37:59,120,0,3050,2
2026-07-30 13:37:59,121,0,3050,2
2026-07-30 13:38:00,119,0,3050,2
2026-07-30 13:38:01,120,0,3050,2
2026-07-30 13:38:03,120,0,3050,2
2026-07-30 13:38:03,121,0,3050,2
2026-07-30 13:38:04,119,0,3050,2
2026-07-30 13:38:05,121,0,3050,2
2026-07-30 13:38:06,121,0,3050,2
2026-07-30 13:38:07,120,0,3050,2
2026-07-30 13:38:08,120,0,3050,2
2026-07-30 13:38:09,120,0,3050,2
2026-07-30 13:38:11,120,0,3050,2
2026-07-30 13:38:12,120,0,3050,2
2026-07-30 13:38:12,121,0,3050,2
2026-07-30 13:38:13,120,0,3050,2
2026-07-30 13:38:14,121,0,3050,2
2026-07-30 13:38:16,121,0,3050,2
2026-07-30 13:38:16,121,0,3050,2
2026-07-30 13:38:17,121,0,3050,2
2026-07-30 13:38:18,120,0,3050,2
2026-07-30 13:38:20,120,0,3050,2
2026-07-30 13:38:20,121,0,3050,2
2026-07-30 13:38:21,120,0,3050,2
2026-07-30 13:38:22,120,0,3050,2
2026-07-30 13:38:23,121,0,3050,2
2026-07-30 13:38:24,120,0,3050,2
2026-07-30 13:38:25,120,0,3050,2
2026-07-30 13:38:26,121,0,3050,2
2026-07-30 13:38:27,120,0,3050,2
2026-07-30 13:38:29,119,0,3050,2
2026-07-30 13:38:29,120,0,3050,2
2026-07-30 13:38:30,121,0,3050,2
2026-07-30 13:38:31,121,0,3050,2
2026-07-30 13:38:33,120,0,3050,2
2026-07-30 13:38:33,121,0,3050,2
2026-07-30 13:38:34,120,0,3050,2
2026-07-30 13:38:35,121,0,3050,2
2026-07-30 13:38:36,121,0,3050,2
2026-07-30 13:38:37,122,0,3050,2
2026-07-30 13:38:38,120,0,3050,2
2026-07-30 13:38:39,120,0,3050,2
2026-07-30 13:38:40,120,0,3050,2
2026-07-30 13:38:41,121,0,3050,2
2026-07-30 13:38:42,121,0,3050,2
2026-07-30 13:38:43,120,0,3050,2
2026-07-30 13:38:45,121,0,3050,2
2026-07-30 13:38:46,121,0,3050,2
2026-07-30 13:38:46,121,0,3050,2
2026-07-30 13:38:47,120,0,3050,2
2026-07-30 13:38:48,122,0,3050,2
2026-07-30 13:38:50,120,0,3050,2
2026-07-30 13:38:50,120,0,3050,2
2026-07-30 13:38:51,120,0,3050,2
2026-07-30 13:38:52,121,0,3050,2
2026-07-30 13:38:54,120,0,3050,2
2026-07-30 13:38:54,121,0,3050,2
2026-07-30 13:38:55,122,0,3050,2
2026-07-30 13:38:56,121,0,3050,2
2026-07-30 13:38:58,121,0,3050,2
2026-07-30 13:38:58,120,0,3050,2
2026-07-30 13:38:59,122,0,3050,2
2026-07-30 13:39:00,121,0,3050,2
2026-07-30 13:39:01,121,0,3050,2
2026-07-30 13:39:03,120,0,3050,2
2026-07-30 13:39:03,119,0,3050,2
2026-07-30 13:39:04,120,0,3050,2
2026-07-30 13:39:05,120,0,3050,2
2026-07-30 13:39:07,121,0,3050,2
2026-07-30 13:39:07,121,0,3050,2
2026-07-30 13:39:08,122,0,3050,2
2026-07-30 13:39:09,121,0,3050,2
2026-07-30 13:39:11,120,0,3050,2
2026-07-30 13:39:11,120,0,3050,2
2026-07-30 13:39:12,120,0,3050,2
2026-07-30 13:39:13,120,0,3050,2
2026-07-30 13:39:15,120,0,3050,2
2026-07-30 13:39:16,121,0,3050,2
2026-07-30 13:39:16,120,0,3050,2
2026-07-30 13:39:17,119,0,3050,2
2026-07-30 13:39:19,120,0,3050,2
2026-07-30 13:39:20,120,0,3050,2
2026-07-30 13:39:20,120,0,3050,2
2026-07-30 13:39:21,120,0,3050,2
2026-07-30 13:39:22,119,0,3050,2
2026-07-30 13:39:24,121,0,3050,2
2026-07-30 13:39:24,120,0,3050,2
2026-07-30 13:39:25,120,0,3050,2
2026-07-30 13:39:26,120,0,3050,2
2026-07-30 13:39:28,120,0,3050,2
2026-07-30 13:39:28,121,0,3050,2
2026-07-30 13:39:29,121,0,3050,2
2026-07-30 13:39:30,121,0,3050,2
2026-07-30 13:39:32,120,0,3050,2
2026-07-30 13:39:33,120,0,3050,2
2026-07-30 13:39:33,120,0,3050,2
2026-07-30 13:39:34,120,0,3050,2
2026-07-30 13:39:35,120,0,3050,2
2026-07-30 13:39:37,120,0,3050,2
2026-07-30 13:39:37,120,0,3050,2
2026-07-30 13:39:38,119,0,3050,2
2026-07-30 13:39:39,120,0,3050,2
2026-07-30 13:39:41,121,0,3050,2
2026-07-30 13:39:41,120,0,3050,2
2026-07-30 13:39:42,121,0,3050,2
2026-07-30 13:39:43,119,0,3050,2
2026-07-30 13:39:44,120,0,3050,2
2026-07-30 13:39:46,120,0,3050,2
2026-07-30 13:39:46,120,0,3050,2
2026-07-30 13:39:47,120,0,3050,2
2026-07-30 13:39:49,121,0,3050,2
2026-07-30 13:39:50,122,0,3050,2
2026-07-30 13:39:50,121,0,3050,2
2026-07-30 13:39:51,121,0,3050,2
2026-07-30 13:39:52,120,0,3050,2
2026-07-30 13:39:54,121,0,3050,2
2026-07-30 13:39:54,122,0,3050,2
2026-07-30 13:39:55,120,0,3050,2
2026-07-30 13:39:56,120,0,3050,2
2026-07-30 13:39:57,121,0,3050,2
2026-07-30 13:39:58,121,0,3050,2
2026-07-30 13:39:59,120,0,3050,2
2026-07-30 13:40:00,121,0,3050,2
2026-07-30 13:40:01,120,0,3050,2
2026-07-30 13:40:02,120,0,3050,2
2026-07-30 13:40:03,121,0,3050,2
2026-07-30 13:40:04,120,0,3050,2
2026-07-30 13:40:05,121,0,3050,2
2026-07-30 13:40:07,121,0,3050,2
2026-07-30 13:40:07,120,0,3050,2
2026-07-30 13:40:08,120,0,3050,2
2026-07-30 13:40:09,121,0,3050,2
2026-07-30 13:40:11,121,0,3050,2
2026-07-30 13:40:11,119,0,3050,2
2026-07-30 13:40:12,120,0,3050,2
2026-07-30 13:40:13,121,0,3050,2
2026-07-30 13:40:14,122,0,3050,2
2026-07-30 13:40:15,119,0,3050,2
2026-07-30 13:40:16,120,0,3050,2
2026-07-30 13:40:17,120,0,3050,2
2026-07-30 13:40:19,121,0,3050,2
2026-07-30 13:40:20,120,0,3050,2
2026-07-30 13:40:20,120,0,3050,2
2026-07-30 13:40:21,120,0,3050,2
2026-07-30 13:40:22,120,0,3050,2
2026-07-30 13:40:24,120,0,3050,2
2026-07-30 13:40:24,120,0,3050,2
2026-07-30 13:40:25,120,0,3050,2
2026-07-30 13:40:26,120,0,3050,2
2026-07-30 13:40:28,119,0,3050,2
2026-07-30 13:40:28,120,0,3050,2
2026-07-30 13:40:29,121,0,3050,2
2026-07-30 13:40:30,120,0,3050,2
2026-07-30 13:40:32,121,0,3050,2
2026-07-30 13:40:32,121,0,3050,2
2026-07-30 13:40:33,121,0,3050,2
2026-07-30 13:40:34,120,0,3050,2
2026-07-30 13:40:36,120,0,3050,2
2026-07-30 13:40:37,121,0,3050,2
2026-07-30 13:40:37,121,0,3050,2
2026-07-30 13:40:38,121,0,3050,2
2026-07-30 13:40:39,120,0,3050,2
2026-07-30 13:40:41,120,0,3050,2
2026-07-30 13:40:41,119,0,3050,2
2026-07-30 13:40:42,121,0,3050,2
2026-07-30 13:40:43,118,0,3050,2
2026-07-30 13:40:44,119,0,3050,2
2026-07-30 13:40:45,121,0,3050,2
2026-07-30 13:40:46,121,0,3050,2
2026-07-30 13:40:47,119,0,3050,2
2026-07-30 13:40:48,120,0,3050,2
2026-07-30 13:40:49,119,0,3050,2
2026-07-30 13:40:50,121,0,3050,2
2026-07-30 13:40:51,121,0,3050,2
2026-07-30 13:40:52,120,0,3050,2
2026-07-30 13:40:54,119,0,3050,2
2026-07-30 13:40:54,121,0,3050,2
2026-07-30 13:40:55,120,0,3050,2
2026-07-30 13:40:56,120,0,3050,2
2026-07-30 13:40:58,121,0,3050,2
2026-07-30 13:40:58,120,0,3050,2
2026-07-30 13:40:59,121,0,3050,2
2026-07-30 13:41:00,121,0,3050,2
2026-07-30 13:41:02,121,0,3050,2
2026-07-30 13:41:02,121,0,3050,2
2026-07-30 13:41:03,120,0,3050,2
2026-07-30 13:41:04,119,0,3050,2
2026-07-30 13:41:06,121,0,3050,2
2026-07-30 13:41:07,121,0,3050,2
2026-07-30 13:41:07,121,0,3050,2
2026-07-30 13:41:08,120,0,3050,2
2026-07-30 13:41:09,122,0,3050,2
2026-07-30 13:41:11,120,0,3050,2
2026-07-30 13:41:11,121,0,3050,2
2026-07-30 13:41:12,120,0,3050,2
2026-07-30 13:41:13,121,0,3050,2
2026-07-30 13:41:15,120,0,3050,2
2026-07-30 13:41:15,121,0,3050,2
2026-07-30 13:41:16,119,0,3050,2
2026-07-30 13:41:17,120,0,3050,2
2026-07-30 13:41:19,119,0,3050,2
2026-07-30 13:41:20,121,0,3050,2
2026-07-30 13:41:20,120,0,3050,2
2026-07-30 13:41:21,122,0,3050,2
2026-07-30 13:41:22,121,0,3050,2
2026-07-30 13:41:23,122,0,3050,2
2026-07-30 13:41:24,121,0,3050,2
2026-07-30 13:41:25,120,0,3050,2
2026-07-30 13:41:27,120,0,3050,2
2026-07-30 13:41:28,121,0,3050,2
2026-07-30 13:41:28,120,0,3050,2
2026-07-30 13:41:29,121,0,3050,2
2026-07-30 13:41:30,120,0,3050,2
2026-07-30 13:41:32,120,0,3050,2
2026-07-30 13:41:32,121,0,3050,2
2026-07-30 13:41:33,120,0,3050,2
2026-07-30 13:41:34,120,0,3050,2
2026-07-30 13:41:36,121,0,3050,2
2026-07-30 13:41:36,120,0,3050,2
2026-07-30 13:41:37,122,0,3050,2
2026-07-30 13:41:38,121,0,3050,2
2026-07-30 13:41:39,121,0,3050,2
2026-07-30 13:41:41,120,0,3050,2
2026-07-30 13:41:41,121,0,3050,2
2026-07-30 13:41:42,121,0,3050,2
2026-07-30 13:41:43,121,0,3050,2
2026-07-30 13:41:45,120,0,3050,2
2026-07-30 13:41:45,122,0,3050,2
2026-07-30 13:41:46,120,0,3050,2
2026-07-30 13:41:47,121,0,3050,2
2026-07-30 13:41:49,120,0,3050,2
2026-07-30 13:41:49,120,0,3050,2
2026-07-30 13:41:50,121,0,3050,2
2026-07-30 13:41:51,119,0,3050,2
2026-07-30 13:41:52,121,0,3050,2
2026-07-30 13:41:53,119,0,3050,2
2026-07-30 13:41:54,120,0,3050,2
2026-07-30 13:41:55,120,0,3050,2
2026-07-30 13:41:56,121,0,3050,2
2026-07-30 13:41:58,120,0,3050,2
2026-07-30 13:41:58,119,0,3050,2
2026-07-30 13:41:59,122,0,3050,2
2026-07-30 13:42:00,120,0,3050,2
2026-07-30 13:42:02,121,0,3050,2
2026-07-30 13:42:02,119,0,3050,2
2026-07-30 13:42:03,120,0,3050,2
2026-07-30 13:42:04,121,0,3050,2
2026-07-30 13:42:06,121,0,3050,2
2026-07-30 13:42:06,122,0,3050,2
2026-07-30 13:42:07,121,0,3050,2
2026-07-30 13:42:08,121,0,3050,2
2026-07-30 13:42:10,121,0,3050,2
2026-07-30 13:42:11,122,0,3050,2
2026-07-30 13:42:11,120,0,3050,2
2026-07-30 13:42:12,120,0,3050,2
2026-07-30 13:42:13,120,0,3050,2
2026-07-30 13:42:15,121,0,3050,2
2026-07-30 13:42:15,121,0,3050,2
2026-07-30 13:42:16,121,0,3050,2
2026-07-30 13:42:17,122,0,3050,2
2026-07-30 13:42:19,121,0,3050,2
2026-07-30 13:42:19,120,0,3050,2
2026-07-30 13:42:20,121,0,3050,2
2026-07-30 13:42:21,120,0,3050,2
2026-07-30 13:42:23,121,0,3050,2
2026-07-30 13:42:24,120,0,3050,2
2026-07-30 13:42:24,121,0,3050,2
2026-07-30 13:42:25,120,0,3050,2
2026-07-30 13:42:27,122,0,3050,2
2026-07-30 13:42:28,121,0,3050,2
2026-07-30 13:42:28,120,0,3050,2
2026-07-30 13:42:29,120,0,3050,2
2026-07-30 13:42:30,121,0,3050,2
2026-07-30 13:42:32,121,0,3050,2
2026-07-30 13:42:32,120,0,3050,2
2026-07-30 13:42:34,121,0,3050,2
2026-07-30 13:42:35,120,0,3050,2
2026-07-30 13:42:36,121,0,3050,2
2026-07-30 13:42:36,119,0,3050,2
2026-07-30 13:42:37,121,0,3050,2
2026-07-30 13:42:38,121,0,3050,2
2026-07-30 13:42:39,119,0,3050,2
2026-07-30 13:42:40,121,0,3050,2
2026-07-30 13:42:41,120,0,3050,2
2026-07-30 13:42:42,121,0,3050,2
2026-07-30 13:42:43,120,0,3050,2
2026-07-30 13:42:45,121,0,3050,2
2026-07-30 13:42:45,121,0,3050,2
2026-07-30 13:42:46,121,0,3050,2
2026-07-30 13:42:48,119,0,3050,2
2026-07-30 13:42:49,121,0,3050,2
2026-07-30 13:42:49,120,0,3050,2
2026-07-30 13:42:50,121,0,3050,2
2026-07-30 13:42:51,120,0,3050,2
2026-07-30 13:42:53,121,0,3050,2
2026-07-30 13:42:53,120,0,3050,2
2026-07-30 13:42:54,120,0,3050,2
2026-07-30 13:42:55,120,0,3050,2
2026-07-30 13:42:57,121,0,3050,2
2026-07-30 13:42:58,121,0,3050,2
2026-07-30 13:42:58,121,0,3050,2
2026-07-30 13:42:59,121,0,3050,2
2026-07-30 13:43:00,122,0,3050,2
2026-07-30 13:43:02,120,0,3050,2
2026-07-30 13:43:02,121,0,3050,2
2026-07-30 13:43:03,121,0,3050,2
2026-07-30 13:43:04,121,0,3050,2
2026-07-30 13:43:06,120,0,3050,2
2026-07-30 13:43:06,120,0,3050,2
2026-07-30 13:43:07,122,0,3050,2
2026-07-30 13:43:08,121,0,3050,2
2026-07-30 13:43:10,121,0,3050,2
2026-07-30 13:43:10,121,0,3050,2
2026-07-30 13:43:11,121,0,3050,2
2026-07-30 13:43:12,121,0,3050,2
2026-07-30 13:43:13,120,0,3050,2
2026-07-30 13:43:15,121,0,3050,2
2026-07-30 13:43:15,120,0,3050,2
2026-07-30 13:43:16,122,0,3050,2
2026-07-30 13:43:17,121,0,3050,2
2026-07-30 13:43:19,122,0,3050,2
2026-07-30 13:43:19,121,0,3050,2
2026-07-30 13:43:20,121,0,3050,2
2026-07-30 13:43:21,120,0,3050,2
2026-07-30 13:43:23,122,0,3050,2
2026-07-30 13:43:23,120,0,3050,2
2026-07-30 13:43:24,122,0,3050,2
2026-07-30 13:43:25,121,0,3050,2
2026-07-30 13:43:27,122,0,3050,2
2026-07-30 13:43:27,122,0,3050,2
2026-07-30 13:43:28,121,0,3050,2
2026-07-30 13:43:29,121,0,3050,2
2026-07-30 13:43:31,120,0,3050,2
2026-07-30 13:43:32,121,0,3050,2
2026-07-30 13:43:32,120,0,3050,2
2026-07-30 13:43:33,121,0,3050,2
2026-07-30 13:43:35,121,0,3050,2
2026-07-30 13:43:36,121,0,3050,2
2026-07-30 13:43:36,121,0,3050,2
2026-07-30 13:43:37,122,0,3050,2
2026-07-30 13:43:38,121,0,3050,2
2026-07-30 13:43:39,120,0,3050,2
2026-07-30 13:43:40,121,0,3050,2
2026-07-30 13:43:41,121,0,3050,2
2026-07-30 13:43:42,121,0,3050,2
2026-07-30 13:43:43,121,0,3050,2
2026-07-30 13:43:45,120,0,3050,2
2026-07-30 13:43:45,121,0,3050,2
2026-07-30 13:43:46,120,0,3050,2
2026-07-30 13:43:47,121,0,3050,2
2026-07-30 13:43:49,121,0,3050,2
2026-07-30 13:43:49,120,0,3050,2
2026-07-30 13:43:50,120,0,3050,2
2026-07-30 13:43:51,121,0,3050,2
2026-07-30 13:43:53,121,0,3050,2
2026-07-30 13:43:53,122,0,3050,2
2026-07-30 13:43:54,120,0,3050,2
2026-07-30 13:43:55,121,0,3050,2
2026-07-30 13:43:57,121,0,3050,2
2026-07-30 13:43:57,120,0,3050,2
2026-07-30 13:43:58,121,0,3050,2
2026-07-30 13:43:59,121,0,3050,2
2026-07-30 13:44:00,121,0,3050,2
2026-07-30 13:44:02,120,0,3050,2
2026-07-30 13:44:02,119,0,3050,2
2026-07-30 13:44:03,121,0,3050,2
2026-07-30 13:44:04,120,0,3050,2
2026-07-30 13:44:06,122,0,3050,2
2026-07-30 13:44:06,121,0,3050,2
2026-07-30 13:44:07,120,0,3050,2
2026-07-30 13:44:08,119,0,3050,2
2026-07-30 13:44:10,121,0,3050,2
2026-07-30 13:44:11,120,0,3050,2
2026-07-30 13:44:11,120,0,3050,2
2026-07-30 13:44:12,121,0,3050,2
2026-07-30 13:44:13,121,0,3050,2
2026-07-30 13:44:15,121,0,3050,2
2026-07-30 13:44:15,121,0,3050,2
2026-07-30 13:44:16,121,0,3050,2
2026-07-30 13:44:17,120,0,3050,2
2026-07-30 13:44:19,121,0,3050,2
2026-07-30 13:44:19,120,0,3050,2
2026-07-30 13:44:20,121,0,3050,2
2026-07-30 13:44:21,120,0,3050,2
2026-07-30 13:44:23,120,0,3050,2
2026-07-30 13:44:23,120,0,3050,2
2026-07-30 13:44:24,120,0,3050,2
2026-07-30 13:44:25,121,0,3050,2
2026-07-30 13:44:27,120,0,3050,2
2026-07-30 13:44:27,121,0,3050,2
2026-07-30 13:44:28,120,0,3050,2
2026-07-30 13:44:29,121,0,3050,2
2026-07-30 13:44:31,121,0,3050,2
2026-07-30 13:44:32,121,0,3050,2
2026-07-30 13:44:32,121,0,3050,2
2026-07-30 13:44:33,121,0,3050,2
2026-07-30 13:44:34,121,0,3050,2
2026-07-30 13:44:36,121,0,3050,2
2026-07-30 13:44:36,121,0,3050,2
2026-07-30 13:44:37,121,0,3050,2
2026-07-30 13:44:38,120,0,3050,2
2026-07-30 13:44:40,119,0,3050,2
2026-07-30 13:44:40,122,0,3050,2
2026-07-30 13:44:41,121,0,3050,2
2026-07-30 13:44:42,120,0,3050,2
2026-07-30 13:44:44,121,0,3050,2
2026-07-30 13:44:44,121,0,3050,2
2026-07-30 13:44:45,122,0,3050,2
2026-07-30 13:44:46,121,0,3050,2
2026-07-30 13:44:47,121,0,3050,2
2026-07-30 13:44:49,121,0,3050,2
2026-07-30 13:44:49,120,0,3050,2
2026-07-30 13:44:50,121,0,3050,2
2026-07-30 13:44:52,121,0,3050,2
2026-07-30 13:44:53,121,0,3050,2
2026-07-30 13:44:53,121,0,3050,2
2026-07-30 13:44:54,122,0,3050,2
2026-07-30 13:44:55,121,0,3050,2
2026-07-30 13:44:57,120,0,3050,2
2026-07-30 13:44:57,120,0,3050,2
2026-07-30 13:44:58,121,0,3050,2
2026-07-30 13:45:00,120,0,3050,2
2026-07-30 13:45:01,121,0,3050,2
2026-07-30 13:45:02,122,0,3050,2
2026-07-30 13:45:02,120,0,3050,2
2026-07-30 13:45:03,120,0,3050,2
2026-07-30 13:45:04,120,0,3050,2
2026-07-30 13:45:06,121,0,3050,2
2026-07-30 13:45:06,120,0,3050,2
2026-07-30 13:45:07,121,0,3050,2
2026-07-30 13:45:08,121,0,3050,2
2026-07-30 13:45:10,121,0,3050,2
2026-07-30 13:45:10,121,0,3050,2
2026-07-30 13:45:11,121,0,3050,2
2026-07-30 13:45:12,123,0,3050,2
2026-07-30 13:45:14,120,0,3050,2
2026-07-30 13:45:14,121,0,3050,2
2026-07-30 13:45:15,121,0,3050,2
2026-07-30 13:45:16,121,0,3050,2
2026-07-30 13:45:18,122,0,3050,2
2026-07-30 13:45:19,121,0,3050,2
2026-07-30 13:45:19,121,0,3050,2
2026-07-30 13:45:20,121,0,3050,2
2026-07-30 13:45:21,120,0,3050,2
2026-07-30 13:45:23,121,0,3050,2
2026-07-30 13:45:23,121,0,3050,2
2026-07-30 13:45:24,119,0,3050,2
2026-07-30 13:45:25,121,0,3050,2
2026-07-30 13:45:27,121,0,3050,2
2026-07-30 13:45:28,121,0,3050,2
2026-07-30 13:45:28,121,0,3050,2
2026-07-30 13:45:29,120,0,3050,2
2026-07-30 13:45:31,121,0,3050,2
2026-07-30 13:45:31,120,0,3050,2
2026-07-30 13:45:32,121,0,3050,2
2026-07-30 13:45:33,121,0,3050,2
2026-07-30 13:45:34,120,0,3050,2
2026-07-30 13:45:36,120,0,3050,2
2026-07-30 13:45:36,120,0,3050,2
2026-07-30 13:45:37,121,0,3050,2
2026-07-30 13:45:39,120,0,3050,2
2026-07-30 13:45:40,121,0,3050,2
2026-07-30 13:45:40,120,0,3050,2
2026-07-30 13:45:41,121,0,3050,2
2026-07-30 13:45:42,121,0,3050,2
2026-07-30 13:45:44,121,0,3050,2
2026-07-30 13:45:44,122,0,3050,2
2026-07-30 13:45:45,121,0,3050,2
2026-07-30 13:45:46,121,0,3050,2
2026-07-30 13:45:47,122,0,3050,2
2026-07-30 13:45:48,121,0,3050,2
2026-07-30 13:45:49,122,0,3050,2
2026-07-30 13:45:50,120,0,3050,2
2026-07-30 13:45:52,121,0,3050,2
2026-07-30 13:45:53,121,0,3050,2
2026-07-30 13:45:53,122,0,3050,2
2026-07-30 13:45:54,121,0,3050,2
2026-07-30 13:45:56,121,0,3050,2
2026-07-30 13:45:57,121,0,3050,2
2026-07-30 13:45:57,121,0,3050,2
2026-07-30 13:45:58,122,0,3050,2
2026-07-30 13:45:59,121,0,3050,2
2026-07-30 13:46:01,121,0,3050,2
2026-07-30 13:46:01,122,0,3050,2
2026-07-30 13:46:02,122,0,3050,2
2026-07-30 13:46:03,121,0,3050,2
2026-07-30 13:46:05,121,0,3050,2
2026-07-30 13:46:05,122,0,3050,2
2026-07-30 13:46:06,121,0,3050,2
2026-07-30 13:46:07,122,0,3050,2
2026-07-30 13:46:09,122,0,3050,2
2026-07-30 13:46:09,120,0,3050,2
2026-07-30 13:46:10,122,0,3050,2
2026-07-30 13:46:11,120,0,3050,2
2026-07-30 13:46:12,120,0,3050,2
2026-07-30 13:46:14,121,0,3050,2
2026-07-30 13:46:14,121,0,3050,2
2026-07-30 13:46:15,122,0,3050,2
2026-07-30 13:46:16,121,0,3050,2
2026-07-30 13:46:18,121,0,3050,2
2026-07-30 13:46:18,122,0,3050,2
2026-07-30 13:46:19,121,0,3050,2
2026-07-30 13:46:20,121,0,3050,2
2026-07-30 13:46:22,122,0,3050,2
2026-07-30 13:46:22,121,0,3050,2
2026-07-30 13:46:23,122,0,3050,2
2026-07-30 13:46:24,122,0,3050,2
2026-07-30 13:46:26,122,0,3050,2
2026-07-30 13:46:27,123,0,3050,2
2026-07-30 13:46:27,121,0,3050,2
2026-07-30 13:46:28,122,0,3050,2
2026-07-30 13:46:29,121,0,3050,2
2026-07-30 13:46:31,121,0,3050,2
2026-07-30 13:46:31,122,0,3050,2
2026-07-30 13:46:32,121,0,3050,2
2026-07-30 13:46:33,122,0,3050,2
2026-07-30 13:46:35,122,0,3050,2
2026-07-30 13:46:35,122,0,3050,2
2026-07-30 13:46:36,121,0,3050,2
2026-07-30 13:46:37,123,0,3050,2
2026-07-30 13:46:39,121,0,3050,2
2026-07-30 13:46:39,122,0,3050,2
2026-07-30 13:46:40,121,0,3050,2
2026-07-30 13:46:41,121,0,3050,2
2026-07-30 13:46:43,121,0,3050,2
2026-07-30 13:46:44,120,0,3050,2
2026-07-30 13:46:44,122,0,3050,2
2026-07-30 13:46:45,122,0,3050,2
2026-07-30 13:46:46,122,0,3050,2
2026-07-30 13:46:48,120,0,3050,2
2026-07-30 13:46:48,121,0,3050,2
2026-07-30 13:46:49,121,0,3050,2
2026-07-30 13:46:50,122,0,3050,2
2026-07-30 13:46:52,123,0,3050,2
2026-07-30 13:46:52,122,0,3050,2
2026-07-30 13:46:53,121,0,3050,2
2026-07-30 13:46:54,121,0,3050,2
2026-07-30 13:46:56,122,0,3050,2
2026-07-30 13:46:57,122,0,3050,2
2026-07-30 13:46:57,121,0,3050,2
2026-07-30 13:46:58,121,0,3050,2
2026-07-30 13:47:00,121,0,3050,2
2026-07-30 13:47:01,122,0,3050,2
2026-07-30 13:47:01,122,0,3050,2
2026-07-30 13:47:02,121,0,3050,2
2026-07-30 13:47:03,122,0,3050,2
2026-07-30 13:47:05,122,0,3050,2
2026-07-30 13:47:05,121,0,3050,2
2026-07-30 13:47:06,121,0,3050,2
2026-07-30 13:47:07,121,0,3050,2
2026-07-30 13:47:09,121,0,3050,2
2026-07-30 13:47:09,122,0,3050,2
2026-07-30 13:47:10,123,0,3050,2
2026-07-30 13:47:11,121,0,3050,2
2026-07-30 13:47:13,122,0,3050,2
2026-07-30 13:47:14,121,0,3050,2
2026-07-30 13:47:14,122,0,3050,2
2026-07-30 13:47:15,122,0,3050,2
2026-07-30 13:47:16,122,0,3050,2
2026-07-30 13:47:18,122,0,3050,2
2026-07-30 13:47:18,122,0,3050,2
2026-07-30 13:47:19,121,0,3050,2
2026-07-30 13:47:21,121,0,3050,2
2026-07-30 13:47:22,122,0,3050,2
2026-07-30 13:47:23,121,0,3050,2
2026-07-30 13:47:23,123,0,3050,2
2026-07-30 13:47:24,121,0,3050,2
2026-07-30 13:47:26,121,0,3050,2
2026-07-30 13:47:27,120,0,3050,2
2026-07-30 13:47:27,121,0,3050,2
2026-07-30 13:47:28,122,0,3050,2
2026-07-30 13:47:30,121,0,3050,2
2026-07-30 13:47:31,121,0,3050,2
2026-07-30 13:47:31,121,0,3050,2
2026-07-30 13:47:32,121,0,3050,2
2026-07-30 13:47:33,122,0,3050,2
2026-07-30 13:47:35,121,0,3050,2
2026-07-30 13:47:35,121,0,3050,2
2026-07-30 13:47:36,121,0,3050,2
2026-07-30 13:47:38,122,0,3050,2
2026-07-30 13:47:39,120,0,3050,2
2026-07-30 13:47:39,122,0,3050,2
2026-07-30 13:47:40,121,0,3050,2
2026-07-30 13:47:41,121,0,3050,2
2026-07-30 13:47:43,121,0,3050,2
2026-07-30 13:47:44,120,0,3050,2
2026-07-30 13:47:44,121,0,3050,2
2026-07-30 13:47:46,122,0,3050,2
2026-07-30 13:47:46,121,0,3050,2
2026-07-30 13:47:48,122,0,3050,2
2026-07-30 13:47:48,122,0,3050,2
2026-07-30 13:47:49,121,0,3050,2
2026-07-30 13:47:50,122,0,3050,2
2026-07-30 13:47:52,121,0,3050,2
2026-07-30 13:47:52,123,0,3050,2
2026-07-30 13:47:53,122,0,3050,2
2026-07-30 13:47:54,121,0,3050,2
2026-07-30 13:47:56,121,0,3050,2
2026-07-30 13:47:56,122,0,3050,2
2026-07-30 13:47:57,121,0,3050,2
2026-07-30 13:47:58,121,0,3050,2
2026-07-30 13:48:00,122,0,3050,2
2026-07-30 13:48:01,121,0,3050,2
2026-07-30 13:48:01,121,0,3050,2
2026-07-30 13:48:02,120,0,3050,2
2026-07-30 13:48:04,121,0,3050,2
2026-07-30 13:48:05,122,0,3050,2
2026-07-30 13:48:05,121,0,3050,2
2026-07-30 13:48:06,122,0,3050,2
2026-07-30 13:48:08,120,0,3050,2
2026-07-30 13:48:09,121,0,3050,2
2026-07-30 13:48:09,120,0,3050,2
2026-07-30 13:48:10,121,0,3050,2
2026-07-30 13:48:11,122,0,3050,2
2026-07-30 13:48:13,121,0,3050,2
2026-07-30 13:48:14,121,0,3050,2
2026-07-30 13:48:14,122,0,3050,2
2026-07-30 13:48:16,123,0,3050,2
2026-07-30 13:48:17,121,0,3050,2
2026-07-30 13:48:18,122,0,3050,2
2026-07-30 13:48:18,121,0,3050,2
2026-07-30 13:48:20,120,0,3050,2
2026-07-30 13:48:20,121,0,3050,2
2026-07-30 13:48:22,121,0,3050,2
2026-07-30 13:48:23,121,0,3050,2
2026-07-30 13:48:23,121,0,3050,2
2026-07-30 13:48:25,121,0,3050,2
2026-07-30 13:48:26,121,0,3050,2
2026-07-30 13:48:26,121,0,3050,2
2026-07-30 13:48:27,121,0,3050,2
2026-07-30 13:48:28,121,0,3050,2
2026-07-30 13:48:30,122,0,3050,2
2026-07-30 13:48:31,121,0,3050,2
2026-07-30 13:48:31,121,0,3050,2
2026-07-30 13:48:32,121,0,3050,2
2026-07-30 13:48:34,121,0,3050,2
2026-07-30 13:48:35,121,0,3050,2
2026-07-30 13:48:35,122,0,3050,2
2026-07-30 13:48:36,121,0,3050,2
2026-07-30 13:48:38,122,0,3050,2
2026-07-30 13:48:39,121,0,3050,2
2026-07-30 13:48:39,120,0,3050,2
2026-07-30 13:48:40,121,0,3050,2
2026-07-30 13:48:42,120,0,3050,2
2026-07-30 13:48:43,121,0,3050,2
2026-07-30 13:48:43,121,0,3050,2
2026-07-30 13:48:44,121,0,3050,2
2026-07-30 13:48:45,121,0,3050,2
2026-07-30 13:48:47,120,0,3050,2
2026-07-30 13:48:48,121,0,3050,2
2026-07-30 13:48:48,121,0,3050,2
2026-07-30 13:48:49,121,0,3050,2
2026-07-30 13:48:51,120,0,3050,2
2026-07-30 13:48:52,120,0,3050,2
2026-07-30 13:48:52,119,0,3050,2
2026-07-30 13:48:53,120,0,3050,2
2026-07-30 13:48:55,121,0,3050,2
2026-07-30 13:48:56,121,0,3050,2
2026-07-30 13:48:56,120,0,3050,2
2026-07-30 13:48:57,121,0,3050,2
2026-07-30 13:48:59,120,0,3050,2
2026-07-30 13:49:00,121,0,3050,2
2026-07-30 13:49:00,122,0,3050,2
2026-07-30 13:49:01,121,0,3050,2
2026-07-30 13:49:02,120,0,3050,2
2026-07-30 13:49:04,121,0,3050,2
2026-07-30 13:49:05,120,0,3050,2
2026-07-30 13:49:05,121,0,3050,2
2026-07-30 13:49:06,120,0,3050,2
2026-07-30 13:49:07,120,0,3050,2
2026-07-30 13:49:09,121,0,3050,2
2026-07-30 13:49:09,120,0,3050,2
2026-07-30 13:49:10,121,0,3050,2
2026-07-30 13:49:11,121,0,3050,2
2026-07-30 13:49:13,121,0,3050,2
2026-07-30 13:49:13,120,0,3050,2
2026-07-30 13:49:14,121,0,3050,2
2026-07-30 13:49:15,121,0,3050,2
2026-07-30 13:49:17,120,0,3050,2
2026-07-30 13:49:17,121,0,3050,2
2026-07-30 13:49:18,121,0,3050,2
2026-07-30 13:49:19,122,0,3050,2
2026-07-30 13:49:21,121,0,3050,2
2026-07-30 13:49:22,120,0,3050,2
2026-07-30 13:49:22,120,0,3050,2
2026-07-30 13:49:23,122,0,3050,2
2026-07-30 13:49:25,120,0,3050,2
2026-07-30 13:49:26,123,0,3050,2
2026-07-30 13:49:26,122,0,3050,2
2026-07-30 13:49:27,121,0,3050,2
2026-07-30 13:49:29,121,0,3050,2
2026-07-30 13:49:30,121,0,3050,2
2026-07-30 13:49:30,121,0,3050,2
2026-07-30 13:49:31,121,0,3050,2
2026-07-30 13:49:32,122,0,3050,2
2026-07-30 13:49:34,121,0,3050,2
2026-07-30 13:49:35,121,0,3050,2
2026-07-30 13:49:35,121,0,3050,2
2026-07-30 13:49:36,121,0,3050,2
2026-07-30 13:49:38,121,0,3050,2
2026-07-30 13:49:39,122,0,3050,2
2026-07-30 13:49:39,121,0,3050,2
2026-07-30 13:49:40,122,0,3050,2
2026-07-30 13:49:41,123,0,3050,2
2026-07-30 13:49:43,121,0,3050,2
2026-07-30 13:49:43,121,0,3050,2
2026-07-30 13:49:44,121,0,3050,2
2026-07-30 13:49:45,121,0,3050,2
2026-07-30 13:49:47,121,0,3050,2
2026-07-30 13:49:48,123,0,3050,2
2026-07-30 13:49:48,122,0,3050,2
2026-07-30 13:49:49,121,0,3050,2
2026-07-30 13:49:50,122,0,3050,2
2026-07-30 13:49:52,121,0,3050,2
2026-07-30 13:49:52,122,0,3050,2
2026-07-30 13:49:53,121,0,3050,2
2026-07-30 13:49:54,121,0,3050,2
2026-07-30 13:49:56,121,0,3050,2
2026-07-30 13:49:56,121,0,3050,2
2026-07-30 13:49:57,120,0,3050,2
2026-07-30 13:49:58,121,0,3050,2
2026-07-30 13:50:00,122,0,3050,2
2026-07-30 13:50:00,123,0,3050,2
2026-07-30 13:50:01,122,0,3050,2
2026-07-30 13:50:02,122,0,3050,2
2026-07-30 13:50:04,121,0,3050,2
2026-07-30 13:50:04,122,0,3050,2
2026-07-30 13:50:05,122,0,3050,2
2026-07-30 13:50:06,121,0,3050,2
2026-07-30 13:50:08,122,0,3050,2
2026-07-30 13:50:09,122,0,3050,2
2026-07-30 13:50:09,123,0,3050,2
2026-07-30 13:50:10,121,0,3050,2
2026-07-30 13:50:11,121,0,3050,2
2026-07-30 13:50:13,122,0,3050,2
2026-07-30 13:50:13,122,0,3050,2
2026-07-30 13:50:14,122,0,3050,2
2026-07-30 13:50:16,123,0,3050,2
2026-07-30 13:50:17,122,0,3050,2
2026-07-30 13:50:17,121,0,3050,2
2026-07-30 13:50:18,122,0,3050,2
2026-07-30 13:50:19,123,0,3050,2
2026-07-30 13:50:20,122,0,3050,2
2026-07-30 13:50:22,122,0,3050,2
2026-07-30 13:50:22,122,0,3050,2
2026-07-30 13:50:23,122,0,3050,2
2026-07-30 13:50:24,122,0,3050,2
2026-07-30 13:50:26,122,0,3050,2
2026-07-30 13:50:26,121,0,3050,2
2026-07-30 13:50:27,122,0,3050,2
2026-07-30 13:50:28,121,0,3050,2
2026-07-30 13:50:30,123,0,3050,2
2026-07-30 13:50:30,120,0,3050,2
2026-07-30 13:50:31,122,0,3050,2
2026-07-30 13:50:32,121,0,3050,2
2026-07-30 13:50:34,123,0,3050,2
2026-07-30 13:50:35,122,0,3050,2
2026-07-30 13:50:35,122,0,3050,2
2026-07-30 13:50:36,121,0,3050,2
2026-07-30 13:50:38,121,0,3050,2
2026-07-30 13:50:39,122,0,3050,2
2026-07-30 13:50:40,123,0,3050,2
2026-07-30 13:50:40,120,0,3050,2
2026-07-30 13:50:42,123,0,3050,2
2026-07-30 13:50:43,122,0,3050,2
2026-07-30 13:50:43,121,0,3050,2
2026-07-30 13:50:44,122,0,3050,2
2026-07-30 13:50:46,122,0,3050,2
2026-07-30 13:50:47,122,0,3050,2
2026-07-30 13:50:47,122,0,3050,2
2026-07-30 13:50:48,121,0,3050,2
2026-07-30 13:50:50,122,0,3050,2
2026-07-30 13:50:51,121,0,3050,2
2026-07-30 13:50:52,122,0,3050,2
2026-07-30 13:50:52,121,0,3050,2
2026-07-30 13:50:53,121,0,3050,2
2026-07-30 13:50:55,120,0,3050,2
2026-07-30 13:50:56,120,0,3050,2
2026-07-30 13:50:56,121,0,3050,2
2026-07-30 13:50:57,122,0,3050,2
2026-07-30 13:50:58,121,0,3050,2
2026-07-30 13:51:00,122,0,3050,2
2026-07-30 13:51:00,121,0,3050,2
2026-07-30 13:51:01,121,0,3050,2
2026-07-30 13:51:03,121,0,3050,2
2026-07-30 13:51:04,121,0,3050,2
2026-07-30 13:51:04,121,0,3050,2
2026-07-30 13:51:05,121,0,3050,2
2026-07-30 13:51:06,121,0,3050,2
2026-07-30 13:51:08,121,0,3050,2
2026-07-30 13:51:09,122,0,3050,2
2026-07-30 13:51:09,121,0,3050,2
2026-07-30 13:51:10,122,0,3050,2
2026-07-30 13:51:12,122,0,3050,2
2026-07-30 13:51:13,122,0,3050,2
2026-07-30 13:51:13,122,0,3050,2
2026-07-30 13:51:14,121,0,3050,2
2026-07-30 13:51:15,122,0,3050,2
2026-07-30 13:51:17,123,0,3050,2
2026-07-30 13:51:17,122,0,3050,2
2026-07-30 13:51:18,121,0,3050,2
2026-07-30 13:51:20,121,0,3050,2
2026-07-30 13:51:21,123,0,3050,2
2026-07-30 13:51:22,122,0,3050,2
2026-07-30 13:51:22,121,0,3050,2
2026-07-30 13:51:23,121,0,3050,2
2026-07-30 13:51:24,122,0,3050,2
2026-07-30 13:51:26,122,0,3050,2
2026-07-30 13:51:26,122,0,3050,2
2026-07-30 13:51:27,122,0,3050,2
2026-07-30 13:51:29,123,0,3050,2
2026-07-30 13:51:30,121,0,3050,2
2026-07-30 13:51:30,121,0,3050,2
2026-07-30 13:51:31,122,0,3050,2
2026-07-30 13:51:32,121,0,3050,2
2026-07-30 13:51:34,122,0,3050,2
2026-07-30 13:51:34,122,0,3050,2
2026-07-30 13:51:35,122,0,3050,2
2026-07-30 13:51:37,122,0,3050,2
2026-07-30 13:51:38,122,0,3050,2
2026-07-30 13:51:38,122,0,3050,2
2026-07-30 13:51:39,122,0,3050,2
2026-07-30 13:51:40,122,0,3050,2
2026-07-30 13:51:42,122,0,3050,2
2026-07-30 13:51:43,122,0,3050,2
2026-07-30 13:51:43,121,0,3050,2
2026-07-30 13:51:44,122,0,3050,2
2026-07-30 13:51:45,122,0,3050,2
2026-07-30 13:51:47,122,0,3050,2
2026-07-30 13:51:47,121,0,3050,2
2026-07-30 13:51:48,122,0,3050,2
2026-07-30 13:51:49,122,0,3050,2
2026-07-30 13:51:51,123,0,3050,2
2026-07-30 13:51:52,121,0,3050,2
2026-07-30 13:51:52,123,0,3050,2
2026-07-30 13:51:53,122,0,3050,2
2026-07-30 13:51:55,123,0,3050,2
2026-07-30 13:51:55,122,0,3050,2
2026-07-30 13:51:56,122,0,3050,2
2026-07-30 13:51:57,122,0,3050,2
2026-07-30 13:51:59,122,0,3050,2
2026-07-30 13:52:00,122,0,3050,2
2026-07-30 13:52:00,122,0,3050,2
2026-07-30 13:52:01,122,0,3050,2
2026-07-30 13:52:03,122,0,3050,2
2026-07-30 13:52:04,124,0,3050,2
2026-07-30 13:52:04,122,0,3050,2
2026-07-30 13:52:05,123,0,3050,2
2026-07-30 13:52:06,122,0,3050,2
2026-07-30 13:52:08,121,0,3050,2
2026-07-30 13:52:08,122,0,3050,2
2026-07-30 13:52:09,122,0,3050,2
2026-07-30 13:52:10,121,0,3050,2
2026-07-30 13:52:12,122,0,3050,2
2026-07-30 13:52:12,122,0,3050,2
2026-07-30 13:52:13,121,0,3050,2
2026-07-30 13:52:14,122,0,3050,2
2026-07-30 13:52:15,121,0,3050,2
2026-07-30 13:52:17,122,0,3050,2
2026-07-30 13:52:17,121,0,3050,2
2026-07-30 13:52:18,123,0,3050,2
2026-07-30 13:52:19,121,0,3050,2
2026-07-30 13:52:21,122,0,3050,2
2026-07-30 13:52:21,121,0,3050,2
2026-07-30 13:52:22,122,0,3050,2
2026-07-30 13:52:23,122,0,3050,2
2026-07-30 13:52:25,121,0,3050,2
2026-07-30 13:52:25,121,0,3050,2
2026-07-30 13:52:26,122,0,3050,2
2026-07-30 13:52:27,122,0,3050,2
2026-07-30 13:52:29,122,0,3050,2
2026-07-30 13:52:30,123,0,3050,2
2026-07-30 13:52:30,122,0,3050,2
2026-07-30 13:52:31,122,0,3050,2
2026-07-30 13:52:33,122,0,3050,2
2026-07-30 13:52:34,123,0,3050,2
2026-07-30 13:52:34,123,0,3050,2
2026-07-30 13:52:35,122,0,3050,2
2026-07-30 13:52:36,122,0,3050,2
2026-07-30 13:52:38,122,0,3050,2
2026-07-30 13:52:38,122,0,3050,2
2026-07-30 13:52:39,121,0,3050,2
2026-07-30 13:52:40,123,0,3050,2
2026-07-30 13:52:42,123,0,3050,2
2026-07-30 13:52:42,123,0,3050,2
2026-07-30 13:52:43,122,0,3050,2
2026-07-30 13:52:44,122,0,3050,2
2026-07-30 13:52:46,122,0,3050,2
2026-07-30 13:52:47,121,0,3050,2
2026-07-30 13:52:47,122,0,3050,2
2026-07-30 13:52:48,122,0,3050,2
2026-07-30 13:52:50,122,0,3050,2
2026-07-30 13:52:51,122,0,3050,2
2026-07-30 13:52:51,122,0,3050,2
2026-07-30 13:52:53,122,0,3050,2
2026-07-30 13:52:54,122,0,3050,2
2026-07-30 13:52:55,122,0,3050,2
2026-07-30 13:52:55,122,0,3050,2
2026-07-30 13:52:56,122,0,3050,2
2026-07-30 13:52:58,121,0,3050,2
2026-07-30 13:52:59,121,0,3050,2
2026-07-30 13:53:00,121,0,3050,2
2026-07-30 13:53:00,121,0,3050,2
2026-07-30 13:53:01,121,0,3050,2
2026-07-30 13:53:03,120,0,3050,2
2026-07-30 13:53:04,122,0,3050,2
2026-07-30 13:53:04,122,0,3050,2
2026-07-30 13:53:05,122,0,3050,2
2026-07-30 13:53:07,121,0,3050,2
2026-07-30 13:53:08,121,0,3050,2
2026-07-30 13:53:08,122,0,3050,2
2026-07-30 13:53:09,122,0,3050,2
2026-07-30 13:53:10,122,0,3050,2
2026-07-30 13:53:12,121,0,3050,2
2026-07-30 13:53:13,122,0,3050,2
2026-07-30 13:53:13,121,0,3050,2
2026-07-30 13:53:15,121,0,3050,2
2026-07-30 13:53:16,121,0,3050,2
2026-07-30 13:53:17,121,0,3050,2
2026-07-30 13:53:17,121,0,3050,2
2026-07-30 13:53:18,121,0,3050,2
2026-07-30 13:53:20,121,0,3050,2
2026-07-30 13:53:21,121,0,3050,2
2026-07-30 13:53:21,120,0,3050,2
2026-07-30 13:53:22,121,0,3050,2
2026-07-30 13:53:24,120,0,3050,2
2026-07-30 13:53:25,122,0,3050,2
2026-07-30 13:53:25,121,0,3050,2
2026-07-30 13:53:26,120,0,3050,2
2026-07-30 13:53:27,122,0,3050,2
2026-07-30 13:53:29,121,0,3050,2
2026-07-30 13:53:29,121,0,3050,2
2026-07-30 13:53:30,121,0,3050,2
2026-07-30 13:53:31,121,0,3050,2
2026-07-30 13:53:33,121,0,3050,2
2026-07-30 13:53:34,122,0,3050,2
2026-07-30 13:53:34,121,0,3050,2
2026-07-30 13:53:35,121,0,3050,2
2026-07-30 13:53:37,121,0,3050,2
2026-07-30 13:53:38,122,0,3050,2
2026-07-30 13:53:38,121,0,3050,2
2026-07-30 13:53:39,122,0,3050,2
2026-07-30 13:53:40,122,0,3050,2
2026-07-30 13:53:42,121,0,3050,2
2026-07-30 13:53:42,121,0,3050,2
2026-07-30 13:53:43,121,0,3050,2
2026-07-30 13:53:44,122,0,3050,2
2026-07-30 13:53:46,121,0,3050,2
2026-07-30 13:53:46,121,0,3050,2
2026-07-30 13:53:47,122,0,3050,2
2026-07-30 13:53:48,121,0,3050,2
2026-07-30 13:53:50,121,0,3050,2
2026-07-30 13:53:51,121,0,3050,2
2026-07-30 13:53:51,122,0,3050,2
2026-07-30 13:53:52,121,0,3050,2
2026-07-30 13:53:54,122,0,3050,2
2026-07-30 13:53:55,121,0,3050,2
2026-07-30 13:53:55,121,0,3050,2
2026-07-30 13:53:56,120,0,3050,2
2026-07-30 13:53:57,121,0,3050,2
2026-07-30 13:53:59,122,0,3050,2
2026-07-30 13:53:59,121,0,3050,2
2026-07-30 13:54:00,121,0,3050,2
2026-07-30 13:54:01,121,0,3050,2
2026-07-30 13:54:03,120,0,3050,2
2026-07-30 13:54:04,121,0,3050,2
2026-07-30 13:54:04,121,0,3050,2
2026-07-30 13:54:05,122,0,3050,2
2026-07-30 13:54:07,122,0,3050,2
2026-07-30 13:54:08,121,0,3050,2
2026-07-30 13:54:09,121,0,3050,2
2026-07-30 13:54:09,121,0,3050,2
2026-07-30 13:54:10,122,0,3050,2
2026-07-30 13:54:12,120,0,3050,2
2026-07-30 13:54:12,122,0,3050,2
2026-07-30 13:54:13,122,0,3050,2
2026-07-30 13:54:14,121,0,3050,2
2026-07-30 13:54:16,122,0,3050,2
2026-07-30 13:54:17,121,0,3050,2
2026-07-30 13:54:18,121,0,3050,2
2026-07-30 13:54:19,121,0,3050,2
2026-07-30 13:54:20,120,0,3050,2
2026-07-30 13:54:21,122,0,3050,2
2026-07-30 13:54:21,120,0,3050,2
2026-07-30 13:54:22,121,0,3050,2
2026-07-30 13:54:24,122,0,3050,2
2026-07-30 13:54:25,121,0,3050,2
2026-07-30 13:54:26,122,0,3050,2
2026-07-30 13:54:26,121,0,3050,2
2026-07-30 13:54:28,121,0,3050,2
2026-07-30 13:54:29,121,0,3050,2
2026-07-30 13:54:29,122,0,3050,2
2026-07-30 13:54:30,122,0,3050,2
2026-07-30 13:54:31,122,0,3050,2
2026-07-30 13:54:33,121,0,3050,2
2026-07-30 13:54:33,120,0,3050,2
2026-07-30 13:54:34,120,0,3050,2
2026-07-30 13:54:35,122,0,3050,2
2026-07-30 13:54:37,122,0,3050,2
2026-07-30 13:54:38,122,0,3050,2
2026-07-30 13:54:38,121,0,3050,2
2026-07-30 13:54:39,120,0,3050,2
2026-07-30 13:54:41,122,0,3050,2
2026-07-30 13:54:42,121,0,3050,2
2026-07-30 13:54:42,122,0,3050,2
2026-07-30 13:54:44,121,0,3050,2
2026-07-30 13:54:45,121,0,3050,2
2026-07-30 13:54:46,122,0,3050,2
2026-07-30 13:54:46,122,0,3050,2
2026-07-30 13:54:48,122,0,3050,2
2026-07-30 13:54:49,122,0,3050,2
2026-07-30 13:54:50,121,0,3050,2
2026-07-30 13:54:51,121,0,3050,2
2026-07-30 13:54:51,122,0,3050,2
2026-07-30 13:54:52,122,0,3050,2
2026-07-30 13:54:54,122,0,3050,2
2026-07-30 13:54:55,123,0,3050,2
2026-07-30 13:54:55,121,0,3050,2
2026-07-30 13:54:57,122,0,3050,2
2026-07-30 13:54:58,121,0,3050,2
2026-07-30 13:54:59,122,0,3050,2
2026-07-30 13:54:59,122,0,3050,2
2026-07-30 13:55:00,121,0,3050,2
2026-07-30 13:55:01,120,0,3050,2
2026-07-30 13:55:03,122,0,3050,2
2026-07-30 13:55:04,122,0,3050,2
2026-07-30 13:55:04,122,0,3050,2
2026-07-30 13:55:05,122,0,3050,2
2026-07-30 13:55:07,122,0,3050,2
2026-07-30 13:55:08,122,0,3050,2
2026-07-30 13:55:08,122,0,3050,2
2026-07-30 13:55:09,121,0,3050,2
2026-07-30 13:55:10,122,0,3050,2
2026-07-30 13:55:12,122,0,3050,2
2026-07-30 13:55:13,122,0,3050,2
2026-07-30 13:55:14,122,0,3050,2
2026-07-30 13:55:15,121,0,3050,2
2026-07-30 13:55:16,122,0,3050,2
2026-07-30 13:55:17,121,0,3050,2
2026-07-30 13:55:17,122,0,3050,2
2026-07-30 13:55:18,121,0,3050,2
2026-07-30 13:55:20,121,0,3050,2
2026-07-30 13:55:21,120,0,3050,2
2026-07-30 13:55:21,121,0,3050,2
2026-07-30 13:55:23,121,0,3050,2
2026-07-30 13:55:24,122,0,3050,2
2026-07-30 13:55:25,122,0,3050,2
2026-07-30 13:55:25,122,0,3050,2
2026-07-30 13:55:26,121,0,3050,2
2026-07-30 13:55:28,122,0,3050,2
2026-07-30 13:55:29,121,0,3050,2
2026-07-30 13:55:29,121,0,3050,2
2026-07-30 13:55:31,122,0,3050,2
2026-07-30 13:55:32,121,0,3050,2
2026-07-30 13:55:33,121,0,3050,2
2026-07-30 13:55:33,121,0,3050,2
2026-07-30 13:55:35,121,0,3050,2
2026-07-30 13:55:36,122,0,3050,2
2026-07-30 13:55:37,120,0,3050,2
2026-07-30 13:55:38,122,0,3050,2
2026-07-30 13:55:38,122,0,3050,2
2026-07-30 13:55:40,123,0,3050,2
2026-07-30 13:55:41,120,0,3050,2
2026-07-30 13:55:42,121,0,3050,2
2026-07-30 13:55:42,122,0,3050,2
2026-07-30 13:55:44,121,0,3050,2
2026-07-30 13:55:45,122,0,3050,2
2026-07-30 13:55:46,121,0,3050,2
2026-07-30 13:55:47,122,0,3050,2
2026-07-30 13:55:48,122,0,3050,2
2026-07-30 13:55:49,121,0,3050,2
2026-07-30 13:55:50,121,0,3050,2
2026-07-30 13:55:50,120,0,3050,2
2026-07-30 13:55:51,121,0,3050,2
2026-07-30 13:55:53,122,0,3050,2
2026-07-30 13:55:54,121,0,3050,2
2026-07-30 13:55:54,120,0,3050,2
2026-07-30 13:55:55,121,0,3050,2
2026-07-30 13:55:56,121,0,3050,2
2026-07-30 13:55:58,122,0,3050,2
2026-07-30 13:55:59,122,0,3050,2
2026-07-30 13:55:59,122,0,3050,2
2026-07-30 13:56:00,121,0,3050,2
2026-07-30 13:56:02,121,0,3050,2
2026-07-30 13:56:03,122,0,3050,2
2026-07-30 13:56:03,122,0,3050,2
2026-07-30 13:56:05,122,0,3050,2
2026-07-30 13:56:06,122,0,3050,2
2026-07-30 13:56:07,121,0,3050,2
2026-07-30 13:56:08,120,0,3050,2
2026-07-30 13:56:08,122,0,3050,2
2026-07-30 13:56:10,122,0,3050,2
2026-07-30 13:56:11,121,0,3050,2
2026-07-30 13:56:12,123,0,3050,2
2026-07-30 13:56:13,122,0,3050,2
2026-07-30 13:56:14,121,0,3050,2
2026-07-30 13:56:15,123,0,3050,2
2026-07-30 13:56:16,122,0,3050,2
2026-07-30 13:56:16,122,0,3050,2
2026-07-30 13:56:18,121,0,3050,2
2026-07-30 13:56:19,122,0,3050,2
2026-07-30 13:56:20,122,0,3050,2
2026-07-30 13:56:20,122,0,3050,2
2026-07-30 13:56:21,122,0,3050,2
2026-07-30 13:56:22,122,0,3050,2
2026-07-30 13:56:24,120,0,3050,2
2026-07-30 13:56:25,121,0,3050,2
2026-07-30 13:56:26,122,0,3050,2
2026-07-30 13:56:26,122,0,3050,2
2026-07-30 13:56:28,121,0,3050,2
2026-07-30 13:56:28,122,0,3050,2
2026-07-30 13:56:29,122,0,3050,2
2026-07-30 13:56:31,121,0,3050,2
2026-07-30 13:56:32,121,0,3050,2
2026-07-30 13:56:33,124,0,3050,2
2026-07-30 13:56:33,121,0,3050,2
2026-07-30 13:56:34,121,0,3050,2
2026-07-30 13:56:36,122,0,3050,2
2026-07-30 13:56:37,121,0,3050,2
2026-07-30 13:56:37,122,0,3050,2
2026-07-30 13:56:38,121,0,3050,2
2026-07-30 13:56:39,121,0,3050,2
2026-07-30 13:56:41,121,0,3050,2
2026-07-30 13:56:41,122,0,3050,2
2026-07-30 13:56:42,120,0,3050,2
2026-07-30 13:56:44,121,0,3050,2
2026-07-30 13:56:45,121,0,3050,2
2026-07-30 13:56:46,122,0,3050,2
2026-07-30 13:56:46,122,0,3050,2
2026-07-30 13:56:48,122,0,3050,2
2026-07-30 13:56:48,121,0,3050,2
2026-07-30 13:56:50,122,0,3050,2
2026-07-30 13:56:50,122,0,3050,2
2026-07-30 13:56:52,122,0,3050,2
2026-07-30 13:56:53,122,0,3050,2
2026-07-30 13:56:54,121,0,3050,2
2026-07-30 13:56:55,121,0,3050,2
2026-07-30 13:56:55,121,0,3050,2
2026-07-30 13:56:56,121,0,3050,2
2026-07-30 13:56:58,122,0,3050,2
2026-07-30 13:56:58,122,0,3050,2
2026-07-30 13:56:59,122,0,3050,2
2026-07-30 13:57:00,122,0,3050,2
2026-07-30 13:57:02,121,0,3050,2
2026-07-30 13:57:03,121,0,3050,2
2026-07-30 13:57:03,122,0,3050,2
2026-07-30 13:57:04,122,0,3050,2
2026-07-30 13:57:06,121,0,3050,2
2026-07-30 13:57:07,121,0,3050,2
2026-07-30 13:57:07,123,0,3050,2
2026-07-30 13:57:08,123,0,3050,2
2026-07-30 13:57:10,123,0,3050,2
2026-07-30 13:57:11,122,0,3050,2
2026-07-30 13:57:11,121,0,3050,2
2026-07-30 13:57:12,121,0,3050,2
2026-07-30 13:57:13,122,0,3050,2
2026-07-30 13:57:15,122,0,3050,2
2026-07-30 13:57:16,122,0,3050,2
2026-07-30 13:57:16,121,0,3050,2
2026-07-30 13:57:17,122,0,3050,2
2026-07-30 13:57:19,121,0,3050,2
2026-07-30 13:57:20,122,0,3050,2
2026-07-30 13:57:20,122,0,3050,2
2026-07-30 13:57:22,122,0,3050,2
2026-07-30 13:57:23,121,0,3050,2
2026-07-30 13:57:24,122,0,3050,2
2026-07-30 13:57:24,121,0,3050,2
2026-07-30 13:57:25,122,0,3050,2
2026-07-30 13:57:26,122,0,3050,2
2026-07-30 13:57:28,121,0,3050,2
2026-07-30 13:57:28,122,0,3050,2
2026-07-30 13:57:30,122,0,3050,2
2026-07-30 13:57:31,122,0,3050,2
2026-07-30 13:57:32,123,0,3050,2
2026-07-30 13:57:33,122,0,3050,2
2026-07-30 13:57:33,122,0,3050,2
2026-07-30 13:57:34,121,0,3050,2
2026-07-30 13:57:36,122,0,3050,2
2026-07-30 13:57:37,122,0,3050,2
2026-07-30 13:57:37,123,0,3050,2
2026-07-30 13:57:38,121,0,3050,2
2026-07-30 13:57:40,122,0,3050,2
2026-07-30 13:57:41,122,0,3050,2
2026-07-30 13:57:41,122,0,3050,2
2026-07-30 13:57:42,122,0,3050,2
2026-07-30 13:57:43,122,0,3050,2
2026-07-30 13:57:45,121,0,3050,2
2026-07-30 13:57:46,123,0,3050,2
2026-07-30 13:57:46,123,0,3050,2
2026-07-30 13:57:48,122,0,3050,2
2026-07-30 13:57:49,121,0,3050,2
2026-07-30 13:57:50,122,0,3050,2
2026-07-30 13:57:50,122,0,3050,2
2026-07-30 13:57:51,121,0,3050,2
2026-07-30 13:57:53,123,0,3050,2
2026-07-30 13:57:54,122,0,3050,2
2026-07-30 13:57:54,122,0,3050,2
2026-07-30 13:57:55,122,0,3050,2
2026-07-30 13:57:56,121,0,3050,2
2026-07-30 13:57:58,122,0,3050,2
2026-07-30 13:57:58,121,0,3050,2
2026-07-30 13:57:59,122,0,3050,2
2026-07-30 13:58:00,122,0,3050,2
2026-07-30 13:58:02,122,0,3050,2
2026-07-30 13:58:03,122,0,3050,2
2026-07-30 13:58:03,122,0,3050,2
2026-07-30 13:58:05,122,0,3050,2
2026-07-30 13:58:06,121,0,3050,2
2026-07-30 13:58:07,123,0,3050,2
2026-07-30 13:58:07,121,0,3050,2
2026-07-30 13:58:08,121,0,3050,2
2026-07-30 13:58:10,122,0,3050,2
2026-07-30 13:58:11,122,0,3050,2
2026-07-30 13:58:11,121,0,3050,2
2026-07-30 13:58:12,121,0,3050,2
2026-07-30 13:58:14,120,0,3050,2
2026-07-30 13:58:15,121,0,3050,2
2026-07-30 13:58:15,121,0,3050,2
2026-07-30 13:58:16,122,0,3050,2
2026-07-30 13:58:17,122,0,3050,2
2026-07-30 13:58:19,121,0,3050,2
2026-07-30 13:58:20,121,0,3050,2
2026-07-30 13:58:20,120,0,3050,2
2026-07-30 13:58:21,121,0,3050,2
2026-07-30 13:58:23,121,0,3050,2
2026-07-30 13:58:24,120,0,3050,2
2026-07-30 13:58:24,121,0,3050,2
2026-07-30 13:58:25,121,0,3050,2
2026-07-30 13:58:27,121,0,3050,2
2026-07-30 13:58:28,122,0,3050,2
2026-07-30 13:58:29,120,0,3050,2
2026-07-30 13:58:30,121,0,3050,2
2026-07-30 13:58:31,121,0,3050,2
2026-07-30 13:58:32,121,0,3050,2
2026-07-30 13:58:32,121,0,3050,2
2026-07-30 13:58:33,121,0,3050,2
2026-07-30 13:58:35,121,0,3050,2
2026-07-30 13:58:36,122,0,3050,2
2026-07-30 13:58:37,122,0,3050,2
2026-07-30 13:58:37,121,0,3050,2
2026-07-30 13:58:39,122,0,3050,2
2026-07-30 13:58:40,123,0,3050,2
2026-07-30 13:58:41,123,0,3050,2
2026-07-30 13:58:41,122,0,3050,2
2026-07-30 13:58:42,123,0,3050,2
2026-07-30 13:58:44,122,0,3050,2
2026-07-30 13:58:45,123,0,3050,2
2026-07-30 13:58:45,122,0,3050,2
2026-07-30 13:58:47,122,0,3050,2
2026-07-30 13:58:48,122,0,3050,2
2026-07-30 13:58:49,123,0,3050,2
2026-07-30 13:58:50,123,0,3050,2
2026-07-30 13:58:50,123,0,3050,2
2026-07-30 13:58:51,122,0,3050,2
2026-07-30 13:58:53,122,0,3050,2
2026-07-30 13:58:54,122,0,3050,2
2026-07-30 13:58:54,122,0,3050,2
2026-07-30 13:58:55,122,0,3050,2
2026-07-30 13:58:57,124,0,3050,2
2026-07-30 13:58:58,123,0,3050,2
2026-07-30 13:58:58,123,0,3050,2
2026-07-30 13:58:59,123,0,3050,2
2026-07-30 13:59:01,123,0,3050,2
2026-07-30 13:59:02,123,0,3050,2
2026-07-30 13:59:02,123,0,3050,2
2026-07-30 13:59:03,123,0,3050,2
2026-07-30 13:59:04,122,0,3050,2
2026-07-30 13:59:06,123,0,3050,2
2026-07-30 13:59:07,124,0,3050,2
2026-07-30 13:59:07,122,0,3050,2
2026-07-30 13:59:08,123,0,3050,2
2026-07-30 13:59:10,123,0,3050,2
2026-07-30 13:59:11,124,0,3050,2
2026-07-30 13:59:11,123,0,3050,2
2026-07-30 13:59:13,123,0,3050,2
2026-07-30 13:59:14,123,0,3050,2
2026-07-30 13:59:15,123,0,3050,2
2026-07-30 13:59:15,122,0,3050,2
2026-07-30 13:59:17,123,0,3050,2
2026-07-30 13:59:18,123,0,3050,2
2026-07-30 13:59:19,122,0,3050,2
2026-07-30 13:59:19,122,0,3050,2
2026-07-30 13:59:20,124,0,3050,2
2026-07-30 13:59:22,123,0,3050,2
2026-07-30 13:59:23,124,0,3050,2
2026-07-30 13:59:24,122,0,3050,2
2026-07-30 13:59:25,124,0,3050,2
2026-07-30 13:59:26,122,0,3050,2
2026-07-30 13:59:27,122,0,3050,2
2026-07-30 13:59:28,122,0,3050,2
2026-07-30 13:59:29,123,0,3050,2
2026-07-30 13:59:29,123,0,3050,2
2026-07-30 13:59:31,123,0,3050,2
2026-07-30 13:59:32,124,0,3050,2
2026-07-30 13:59:33,123,0,3050,2
2026-07-30 13:59:33,124,0,3050,2
2026-07-30 13:59:35,123,0,3050,2
2026-07-30 13:59:36,123,0,3050,2
2026-07-30 13:59:37,123,0,3050,2
2026-07-30 13:59:37,123,0,3050,2
2026-07-30 13:59:38,123,0,3050,2
2026-07-30 13:59:40,123,0,3050,2
2026-07-30 13:59:41,124,0,3050,2
2026-07-30 13:59:41,124,0,3050,2
2026-07-30 13:59:43,123,0,3050,2
2026-07-30 13:59:44,122,0,3050,2
2026-07-30 13:59:45,122,0,3050,2
2026-07-30 13:59:46,124,0,3050,2
2026-07-30 13:59:47,123,0,3050,2
2026-07-30 13:59:48,122,0,3050,2
2026-07-30 13:59:49,123,0,3050,2
2026-07-30 13:59:49,123,0,3050,2
2026-07-30 13:59:51,124,0,3050,2
2026-07-30 13:59:52,124,0,3050,2
2026-07-30 13:59:53,124,0,3050,2
2026-07-30 13:59:54,123,0,3050,2
2026-07-30 13:59:54,123,0,3050,2
2026-07-30 13:59:55,123,0,3050,2
2026-07-30 13:59:57,123,0,3050,2
2026-07-30 13:59:58,123,0,3050,2
2026-07-30 13:59:59,123,0,3050,2
2026-07-30 14:00:00,123,0,3050,2
2026-07-30 14:00:01,123,0,3050,2
2026-07-30 14:00:02,123,0,3050,2
2026-07-30 14:00:03,123,0,3050,2
2026-07-30 14:00:04,123,0,3050,2
2026-07-30 14:00:04,122,0,3050,2
2026-07-30 14:00:06,123,0,3050,2
2026-07-30 14:00:06,123,0,3050,2
2026-07-30 14:00:08,123,0,3050,2
2026-07-30 14:00:09,123,0,3050,2
2026-07-30 14:00:10,123,0,3050,2
2026-07-30 14:00:11,123,0,3050,2
2026-07-30 14:00:11,123,0,3050,2
2026-07-30 14:00:12,124,0,3050,2
2026-07-30 14:00:14,124,0,3050,2
2026-07-30 14:00:15,122,0,3050,2
2026-07-30 14:00:15,124,0,3050,2
2026-07-30 14:00:16,123,0,3050,2
2026-07-30 14:00:18,123,0,3050,2
2026-07-30 14:00:19,123,0,3050,2
2026-07-30 14:00:19,122,0,3050,2
2026-07-30 14:00:20,122,0,3050,2
2026-07-30 14:00:21,122,0,3050,2
2026-07-30 14:00:23,122,0,3050,2
2026-07-30 14:00:23,124,0,3050,2
2026-07-30 14:00:24,122,0,3050,2
2026-07-30 14:00:26,122,0,3050,2
2026-07-30 14:00:27,123,0,3050,2
2026-07-30 14:00:28,122,0,3050,2
2026-07-30 14:00:28,123,0,3050,2
2026-07-30 14:00:30,122,0,3050,2
2026-07-30 14:00:31,123,0,3050,2
2026-07-30 14:00:32,123,0,3050,2
2026-07-30 14:00:32,121,0,3050,2
2026-07-30 14:00:33,122,0,3050,2
2026-07-30 14:00:35,123,0,3050,2
2026-07-30 14:00:39,121,0,3050,2
2026-07-30 14:00:39,121,0,3050,2
2026-07-30 14:00:39,122,0,3050,2
2026-07-30 14:00:39,122,0,3050,2
2026-07-30 14:00:40,121,0,3050,2
2026-07-30 14:00:40,122,0,3050,2
2026-07-30 14:00:41,123,0,3050,2
2026-07-30 14:00:43,122,0,3050,2
2026-07-30 14:00:44,121,0,3050,2
2026-07-30 14:00:45,122,0,3050,2
2026-07-30 14:00:45,122,0,3050,2
2026-07-30 14:00:46,122,0,3050,2
2026-07-30 14:00:48,123,0,3050,2
2026-07-30 14:00:49,122,0,3050,2
2026-07-30 14:00:49,123,0,3050,2
2026-07-30 14:00:50,122,0,3050,2
2026-07-30 14:00:52,122,0,3050,2
2026-07-30 14:00:53,123,0,3050,2
2026-07-30 14:00:53,122,0,3050,2
2026-07-30 14:00:54,123,0,3050,2
2026-07-30 14:00:55,122,0,3050,2
2026-07-30 14:00:57,122,0,3050,2
2026-07-30 14:00:58,122,0,3050,2
2026-07-30 14:00:58,123,0,3050,2
2026-07-30 14:00:59,122,0,3050,2
2026-07-30 14:01:01,121,0,3050,2
2026-07-30 14:01:02,122,0,3050,2
2026-07-30 14:01:02,124,0,3050,2
2026-07-30 14:01:03,122,0,3050,2
2026-07-30 14:01:05,121,0,3050,2
2026-07-30 14:01:06,123,0,3050,2
2026-07-30 14:01:06,122,0,3050,2
2026-07-30 14:01:07,123,0,3050,2
2026-07-30 14:01:09,121,0,3050,2
2026-07-30 14:01:10,122,0,3050,2
2026-07-30 14:01:10,122,0,3050,2
2026-07-30 14:01:11,122,0,3050,2
2026-07-30 14:01:12,122,0,3050,2
2026-07-30 14:01:14,121,0,3050,2
2026-07-30 14:01:15,122,0,3050,2
2026-07-30 14:01:15,123,0,3050,2
2026-07-30 14:01:16,122,0,3050,2
2026-07-30 14:01:18,122,0,3050,2
2026-07-30 14:01:19,123,0,3050,2
2026-07-30 14:01:19,123,0,3050,2
2026-07-30 14:01:20,123,0,3050,2
2026-07-30 14:01:21,122,0,3050,2
2026-07-30 14:01:23,123,0,3050,2
2026-07-30 14:01:23,122,0,3050,2
2026-07-30 14:01:24,122,0,3050,2
2026-07-30 14:01:25,123,0,3050,2
2026-07-30 14:01:27,123,0,3050,2
2026-07-30 14:01:27,123,0,3050,2
2026-07-30 14:01:28,122,0,3050,2
2026-07-30 14:01:30,123,0,3050,2
2026-07-30 14:01:31,123,0,3050,2
2026-07-30 14:01:32,123,0,3050,2
2026-07-30 14:01:32,123,0,3050,2
2026-07-30 14:01:34,123,0,3050,2
2026-07-30 14:01:35,124,0,3050,2
2026-07-30 14:01:36,123,0,3050,2
2026-07-30 14:01:36,122,0,3050,2
2026-07-30 14:01:37,123,0,3050,2
2026-07-30 14:01:39,123,0,3050,2
2026-07-30 14:01:40,124,0,3050,2
2026-07-30 14:01:40,123,0,3050,2
2026-07-30 14:01:41,121,0,3050,2
2026-07-30 14:01:43,122,0,3050,2
2026-07-30 14:01:44,123,0,3050,2
2026-07-30 14:01:44,122,0,3050,2
2026-07-30 14:01:45,124,0,3050,2
2026-07-30 14:01:46,123,0,3050,2
2026-07-30 14:01:48,123,0,3050,2
2026-07-30 14:01:49,122,0,3050,2
2026-07-30 14:01:50,124,0,3050,2
2026-07-30 14:01:50,123,0,3050,2
2026-07-30 14:01:52,124,0,3050,2
2026-07-30 14:01:53,123,0,3050,2
2026-07-30 14:01:53,122,0,3050,2
2026-07-30 14:01:54,124,0,3050,2
2026-07-30 14:01:55,124,0,3050,2
2026-07-30 14:01:57,124,0,3050,2
2026-07-30 14:01:57,124,0,3050,2
2026-07-30 14:01:59,123,0,3050,2
2026-07-30 14:02:00,124,0,3050,2
2026-07-30 14:02:01,123,0,3050,2
2026-07-30 14:02:01,122,0,3050,2
2026-07-30 14:02:02,122,0,3050,2
2026-07-30 14:02:03,123,0,3050,2
2026-07-30 14:02:05,123,0,3050,2
2026-07-30 14:02:06,123,0,3050,2
2026-07-30 14:02:07,123,0,3050,2
2026-07-30 14:02:07,124,0,3050,2
2026-07-30 14:02:09,124,0,3050,2
2026-07-30 14:02:10,122,0,3050,2
2026-07-30 14:02:11,124,0,3050,2
2026-07-30 14:02:11,124,0,3050,2
2026-07-30 14:02:13,123,0,3050,2
2026-07-30 14:02:14,123,0,3050,2
2026-07-30 14:02:14,122,0,3050,2
2026-07-30 14:02:16,123,0,3050,2
2026-07-30 14:02:17,123,0,3050,2
2026-07-30 14:02:18,123,0,3050,2
2026-07-30 14:02:19,123,0,3050,2
2026-07-30 14:02:19,123,0,3050,2
2026-07-30 14:02:20,123,0,3050,2
2026-07-30 14:02:22,122,0,3050,2
2026-07-30 14:02:23,123,0,3050,2
2026-07-30 14:02:23,123,0,3050,2
2026-07-30 14:02:24,123,0,3050,2
2026-07-30 14:02:26,122,0,3050,2
2026-07-30 14:02:27,123,0,3050,2
2026-07-30 14:02:27,122,0,3050,2
2026-07-30 14:02:28,122,0,3050,2
2026-07-30 14:02:30,124,0,3050,2
2026-07-30 14:02:31,123,0,3050,2
2026-07-30 14:02:31,123,0,3050,2
2026-07-30 14:02:32,123,0,3050,2
2026-07-30 14:02:34,123,0,3050,2
2026-07-30 14:02:35,124,0,3050,2
2026-07-30 14:02:36,123,0,3050,2
2026-07-30 14:02:37,122,0,3050,2
2026-07-30 14:02:38,124,0,3050,2
2026-07-30 14:02:39,124,0,3050,2
2026-07-30 14:02:40,123,0,3050,2
2026-07-30 14:02:41,124,0,3050,2
2026-07-30 14:02:42,124,0,3050,2
2026-07-30 14:02:43,123,0,3050,2
2026-07-30 14:02:44,124,0,3050,2
2026-07-30 14:02:44,123,0,3050,2
2026-07-30 14:02:45,125,0,3050,2
2026-07-30 14:02:46,122,0,3050,2
2026-07-30 14:02:48,123,0,3050,2
2026-07-30 14:02:48,123,0,3050,2
2026-07-30 14:02:50,123,0,3050,2
2026-07-30 14:02:50,122,0,3050,2
2026-07-30 14:02:52,124,0,3050,2
2026-07-30 14:02:53,123,0,3050,2
2026-07-30 14:02:54,123,0,3050,2
2026-07-30 14:02:54,123,0,3050,2
2026-07-30 14:02:56,124,0,3050,2
2026-07-30 14:02:57,122,0,3050,2
2026-07-30 14:02:57,123,0,3050,2
2026-07-30 14:02:58,123,0,3050,2
2026-07-30 14:03:00,124,0,3050,2
2026-07-30 14:03:01,122,0,3050,2
2026-07-30 14:03:01,124,0,3050,2
2026-07-30 14:03:02,124,0,3050,2
2026-07-30 14:03:04,124,0,3050,2
2026-07-30 14:03:05,123,0,3050,2
2026-07-30 14:03:06,123,0,3050,2
2026-07-30 14:03:06,123,0,3050,2
2026-07-30 14:03:07,123,0,3050,2
2026-07-30 14:03:09,124,0,3050,2
2026-07-30 14:03:10,123,0,3050,2
2026-07-30 14:03:11,123,0,3050,2
2026-07-30 14:03:11,123,0,3050,2
2026-07-30 14:03:13,123,0,3050,2
2026-07-30 14:03:14,123,0,3050,2
2026-07-30 14:03:15,124,0,3050,2
2026-07-30 14:03:16,122,0,3050,2
2026-07-30 14:03:17,124,0,3050,2
2026-07-30 14:03:18,123,0,3050,2
2026-07-30 14:03:18,123,0,3050,2
2026-07-30 14:03:19,123,0,3050,2
2026-07-30 14:03:21,124,0,3050,2
2026-07-30 14:03:22,123,0,3050,2
2026-07-30 14:03:23,123,0,3050,2
2026-07-30 14:03:23,123,0,3050,2
2026-07-30 14:03:24,122,0,3050,2
2026-07-30 14:03:26,123,0,3050,2
2026-07-30 14:03:27,123,0,3050,2
2026-07-30 14:03:27,123,0,3050,2
2026-07-30 14:03:28,124,0,3050,2
2026-07-30 14:03:30,123,0,3050,2
2026-07-30 14:03:31,124,0,3050,2
2026-07-30 14:03:31,123,0,3050,2
2026-07-30 14:03:32,124,0,3050,2
2026-07-30 14:03:34,123,0,3050,2
2026-07-30 14:03:35,123,0,3050,2
2026-07-30 14:03:36,123,0,3050,2
2026-07-30 14:03:36,124,0,3050,2
2026-07-30 14:03:38,122,0,3050,2
2026-07-30 14:03:39,123,0,3050,2
2026-07-30 14:03:40,124,0,3050,2
2026-07-30 14:03:41,124,0,3050,2
2026-07-30 14:03:41,123,0,3050,2
2026-07-30 14:03:43,123,0,3050,2
2026-07-30 14:03:44,124,0,3050,2
2026-07-30 14:03:44,122,0,3050,2
2026-07-30 14:03:45,123,0,3050,2
2026-07-30 14:03:47,122,0,3050,2
2026-07-30 14:03:48,124,0,3050,2
2026-07-30 14:03:48,124,0,3050,2
2026-07-30 14:03:49,124,0,3050,2
2026-07-30 14:03:50,123,0,3050,2
2026-07-30 14:03:52,125,0,3050,2
2026-07-30 14:03:56,122,0,3050,2
2026-07-30 14:03:56,123,0,3050,2
2026-07-30 14:03:56,123,0,3050,2
2026-07-30 14:03:56,123,0,3050,2
2026-07-30 14:03:57,123,0,3050,2
2026-07-30 14:03:58,123,0,3050,2
2026-07-30 14:03:58,123,0,3050,2
2026-07-30 14:04:00,123,0,3050,2
2026-07-30 14:04:01,123,0,3050,2
2026-07-30 14:04:01,122,0,3050,2
2026-07-30 14:04:02,124,0,3050,2
2026-07-30 14:04:04,123,0,3050,2
2026-07-30 14:04:05,123,0,3050,2
2026-07-30 14:04:06,122,0,3050,2
2026-07-30 14:04:06,123,0,3050,2
2026-07-30 14:04:08,123,0,3050,2
2026-07-30 14:04:09,123,0,3050,2
2026-07-30 14:04:10,123,0,3050,2
2026-07-30 14:04:11,122,0,3050,2
2026-07-30 14:04:11,124,0,3050,2
2026-07-30 14:04:13,124,0,3050,2
2026-07-30 14:04:14,123,0,3050,2
2026-07-30 14:04:15,124,0,3050,2
2026-07-30 14:04:16,124,0,3050,2
2026-07-30 14:04:17,124,0,3050,2
2026-07-30 14:04:18,124,0,3050,2
2026-07-30 14:04:19,123,0,3050,2
2026-07-30 14:04:20,123,0,3050,2
2026-07-30 14:04:21,123,0,3050,2
2026-07-30 14:04:22,123,0,3050,2
2026-07-30 14:04:22,124,0,3050,2
2026-07-30 14:04:23,124,0,3050,2
2026-07-30 14:04:24,122,0,3050,2
2026-07-30 14:04:26,123,0,3050,2
2026-07-30 14:04:27,123,0,3050,2
2026-07-30 14:04:27,123,0,3050,2
2026-07-30 14:04:28,122,0,3050,2
2026-07-30 14:04:30,123,0,3050,2
2026-07-30 14:04:31,122,0,3050,2
2026-07-30 14:04:31,122,0,3050,2
2026-07-30 14:04:32,123,0,3050,2
2026-07-30 14:04:34,123,0,3050,2
2026-07-30 14:04:35,122,0,3050,2
2026-07-30 14:04:35,122,0,3050,2
2026-07-30 14:04:37,123,0,3050,2
2026-07-30 14:04:38,122,0,3050,2
2026-07-30 14:04:39,124,0,3050,2
2026-07-30 14:04:40,122,0,3050,2
2026-07-30 14:04:40,123,0,3050,2
2026-07-30 14:04:41,123,0,3050,2
2026-07-30 14:04:43,122,0,3050,2
2026-07-30 14:04:44,123,0,3050,2
2026-07-30 14:04:44,124,0,3050,2
2026-07-30 14:04:45,123,0,3050,2
2026-07-30 14:04:47,124,0,3050,2
2026-07-30 14:04:48,123,0,3050,2
2026-07-30 14:04:48,122,0,3050,2
2026-07-30 14:04:50,123,0,3050,2
2026-07-30 14:04:51,123,0,3050,2
2026-07-30 14:04:52,123,0,3050,2
2026-07-30 14:04:52,122,0,3050,2
2026-07-30 14:04:53,122,0,3050,2
2026-07-30 14:04:55,123,0,3050,2
2026-07-30 14:04:56,123,0,3050,2
2026-07-30 14:04:57,122,0,3050,2
2026-07-30 14:04:57,123,0,3050,2
2026-07-30 14:04:59,123,0,3050,2
2026-07-30 14:05:00,121,0,3050,2
2026-07-30 14:05:01,124,0,3050,2
2026-07-30 14:05:02,124,0,3050,2
2026-07-30 14:05:03,122,0,3050,2
2026-07-30 14:05:04,123,0,3050,2
2026-07-30 14:05:05,123,0,3050,2
2026-07-30 14:05:05,124,0,3050,2
2026-07-30 14:05:07,122,0,3050,2
2026-07-30 14:05:08,122,0,3050,2
2026-07-30 14:05:09,123,0,3050,2
2026-07-30 14:05:10,122,0,3050,2
2026-07-30 14:05:10,122,0,3050,2
2026-07-30 14:05:11,122,0,3050,2
2026-07-30 14:05:13,123,0,3050,2
2026-07-30 14:05:14,121,0,3050,2
2026-07-30 14:05:15,121,0,3050,2
2026-07-30 14:05:15,122,0,3050,2
2026-07-30 14:05:17,122,0,3050,2
2026-07-30 14:05:18,122,0,3050,2
2026-07-30 14:05:18,122,0,3050,2
2026-07-30 14:05:20,122,0,3050,2
2026-07-30 14:05:21,122,0,3050,2
2026-07-30 14:05:22,121,0,3050,2
2026-07-30 14:05:23,122,0,3050,2
2026-07-30 14:05:23,121,0,3050,2
2026-07-30 14:05:25,121,0,3050,2
2026-07-30 14:05:26,122,0,3050,2
2026-07-30 14:05:26,121,0,3050,2
2026-07-30 14:05:27,121,0,3050,2
2026-07-30 14:05:28,122,0,3050,2
2026-07-30 14:05:30,122,0,3050,2
2026-07-30 14:05:31,122,0,3050,2
2026-07-30 14:05:32,121,0,3050,2
2026-07-30 14:05:33,121,0,3050,2
2026-07-30 14:05:34,121,0,3050,2
2026-07-30 14:05:35,122,0,3050,2
2026-07-30 14:05:36,122,0,3050,2
2026-07-30 14:05:37,122,0,3050,2
2026-07-30 14:05:38,121,0,3050,2
2026-07-30 14:05:39,122,0,3050,2
2026-07-30 14:05:39,122,0,3050,2
2026-07-30 14:05:41,122,0,3050,2
2026-07-30 14:05:42,122,0,3050,2
2026-07-30 14:05:43,121,0,3050,2
2026-07-30 14:05:44,120,0,3050,2
2026-07-30 14:05:44,121,0,3050,2
2026-07-30 14:05:45,122,0,3050,2
2026-07-30 14:05:47,121,0,3050,2
2026-07-30 14:05:48,121,0,3050,2
2026-07-30 14:05:49,121,0,3050,2
2026-07-30 14:05:49,121,0,3050,2
2026-07-30 14:05:51,123,0,3050,2
2026-07-30 14:05:52,122,0,3050,2
2026-07-30 14:05:53,121,0,3050,2
2026-07-30 14:05:54,122,0,3050,2
2026-07-30 14:05:55,122,0,3050,2
2026-07-30 14:05:56,122,0,3050,2
2026-07-30 14:05:56,122,0,3050,2
2026-07-30 14:05:58,122,0,3050,2
2026-07-30 14:05:58,123,0,3050,2
2026-07-30 14:06:00,123,0,3050,2
2026-07-30 14:06:01,122,0,3050,2
2026-07-30 14:06:02,121,0,3050,2
2026-07-30 14:06:02,121,0,3050,2
2026-07-30 14:06:04,121,0,3050,2
2026-07-30 14:06:05,122,0,3050,2
2026-07-30 14:06:06,122,0,3050,2
2026-07-30 14:06:07,122,0,3050,2
2026-07-30 14:06:08,122,0,3050,2
2026-07-30 14:06:09,123,0,3050,2
2026-07-30 14:06:10,121,0,3050,2
2026-07-30 14:06:11,122,0,3050,2
2026-07-30 14:06:12,123,0,3050,2
2026-07-30 14:06:13,121,0,3050,2
2026-07-30 14:06:14,123,0,3050,2
2026-07-30 14:06:14,122,0,3050,2
2026-07-30 14:06:15,122,0,3050,2
2026-07-30 14:06:17,121,0,3050,2
2026-07-30 14:06:18,119,0,3050,2
2026-07-30 14:06:19,122,0,3050,2
2026-07-30 14:06:20,122,0,3050,2
2026-07-30 14:06:21,121,0,3050,2
2026-07-30 14:06:22,123,0,3050,2
2026-07-30 14:06:23,121,0,3050,2
2026-07-30 14:06:24,122,0,3050,2
2026-07-30 14:06:25,122,0,3050,2
2026-07-30 14:06:26,123,0,3050,2
2026-07-30 14:06:27,121,0,3050,2
2026-07-30 14:06:28,121,0,3050,2
2026-07-30 14:06:29,121,0,3050,2
2026-07-30 14:06:30,122,0,3050,2
2026-07-30 14:06:31,122,0,3050,2
2026-07-30 14:06:32,122,0,3050,2
2026-07-30 14:06:33,122,0,3050,2
2026-07-30 14:06:34,123,0,3050,2
2026-07-30 14:06:35,121,0,3050,2
2026-07-30 14:06:36,123,0,3050,2
2026-07-30 14:06:37,122,0,3050,2
2026-07-30 14:06:38,122,0,3050,2
2026-07-30 14:06:39,123,0,3050,2
2026-07-30 14:06:39,123,0,3050,2
2026-07-30 14:06:41,123,0,3050,2
2026-07-30 14:06:42,123,0,3050,2
2026-07-30 14:06:43,123,0,3050,2
2026-07-30 14:06:44,123,0,3050,2
2026-07-30 14:06:45,123,0,3050,2
2026-07-30 14:06:46,124,0,3050,2
2026-07-30 14:06:47,124,0,3050,2
2026-07-30 14:06:48,122,0,3050,2
2026-07-30 14:06:48,123,0,3050,2
2026-07-30 14:06:49,123,0,3050,2
2026-07-30 14:06:51,123,0,3050,2
2026-07-30 14:06:52,124,0,3050,2
2026-07-30 14:06:53,122,0,3050,2
2026-07-30 14:06:54,123,0,3050,2
2026-07-30 14:06:55,124,0,3050,2
2026-07-30 14:06:56,124,0,3050,2
2026-07-30 14:06:56,122,0,3050,2
2026-07-30 14:06:58,124,0,3050,2
2026-07-30 14:06:59,123,0,3050,2
2026-07-30 14:07:00,124,0,3050,2
2026-07-30 14:07:00,124,0,3050,2
2026-07-30 14:07:01,123,0,3050,2
2026-07-30 14:07:02,123,0,3050,2
2026-07-30 14:07:04,124,0,3050,2
2026-07-30 14:07:05,123,0,3050,2
2026-07-30 14:07:05,124,0,3050,2
2026-07-30 14:07:06,124,0,3050,2
2026-07-30 14:07:08,123,0,3050,2
2026-07-30 14:07:09,123,0,3050,2
2026-07-30 14:07:09,123,0,3050,2
2026-07-30 14:07:11,124,0,3050,2
2026-07-30 14:07:12,122,0,3050,2
2026-07-30 14:07:13,123,0,3050,2
2026-07-30 14:07:13,123,0,3050,2
2026-07-30 14:07:15,124,0,3050,2
2026-07-30 14:07:16,124,0,3050,2
2026-07-30 14:07:17,123,0,3050,2
2026-07-30 14:07:18,122,0,3050,2
2026-07-30 14:07:19,123,0,3050,2
2026-07-30 14:07:20,123,0,3050,2
2026-07-30 14:07:21,122,0,3050,2
2026-07-30 14:07:22,122,0,3050,2
2026-07-30 14:07:23,122,0,3050,2
2026-07-30 14:07:24,123,0,3050,2
2026-07-30 14:07:25,124,0,3050,2
2026-07-30 14:07:26,123,0,3050,2
2026-07-30 14:07:26,123,0,3050,2
2026-07-30 14:07:28,123,0,3050,2
2026-07-30 14:07:29,123,0,3050,2
2026-07-30 14:07:30,122,0,3050,2
2026-07-30 14:07:31,123,0,3050,2
2026-07-30 14:07:32,122,0,3050,2
2026-07-30 14:07:32,123,0,3050,2
2026-07-30 14:07:34,122,0,3050,2
2026-07-30 14:07:34,122,0,3050,2
2026-07-30 14:07:36,123,0,3050,2
2026-07-30 14:07:37,124,0,3050,2
2026-07-30 14:07:38,123,0,3050,2
2026-07-30 14:07:39,123,0,3050,2
2026-07-30 14:07:40,123,0,3050,2
2026-07-30 14:07:41,123,0,3050,2
2026-07-30 14:07:42,123,0,3050,2
2026-07-30 14:07:43,122,0,3050,2
2026-07-30 14:07:44,123,0,3050,2
2026-07-30 14:07:45,124,0,3050,2
2026-07-30 14:07:46,124,0,3050,2
2026-07-30 14:07:47,122,0,3050,2
2026-07-30 14:07:48,122,0,3050,2
2026-07-30 14:07:49,123,0,3050,2
2026-07-30 14:07:50,123,0,3050,2
2026-07-30 14:07:51,123,0,3050,2
2026-07-30 14:07:52,123,0,3050,2
2026-07-30 14:07:53,123,0,3050,2
2026-07-30 14:07:54,123,0,3050,2
2026-07-30 14:07:55,123,0,3050,2
2026-07-30 14:07:56,122,0,3050,2
2026-07-30 14:07:57,123,0,3050,2
2026-07-30 14:07:58,123,0,3050,2
2026-07-30 14:07:59,123,0,3050,2
2026-07-30 14:08:00,123,0,3050,2
2026-07-30 14:08:01,123,0,3050,2
2026-07-30 14:08:02,124,0,3050,2
2026-07-30 14:08:03,124,0,3050,2
2026-07-30 14:08:04,124,0,3050,2
2026-07-30 14:08:04,123,0,3050,2
2026-07-30 14:08:05,123,0,3050,2
2026-07-30 14:08:07,123,0,3050,2
2026-07-30 14:08:08,124,0,3050,2
2026-07-30 14:08:09,123,0,3050,2
2026-07-30 14:08:10,123,0,3050,2
2026-07-30 14:08:11,123,0,3050,2
2026-07-30 14:08:12,123,0,3050,2
2026-07-30 14:08:13,123,0,3050,2
2026-07-30 14:08:13,124,0,3050,2
2026-07-30 14:08:14,123,0,3050,2
2026-07-30 14:08:16,123,0,3050,2
2026-07-30 14:08:17,123,0,3050,2
2026-07-30 14:08:18,122,0,3050,2
2026-07-30 14:08:19,124,0,3050,2
2026-07-30 14:08:20,123,0,3050,2
2026-07-30 14:08:21,123,0,3050,2
2026-07-30 14:08:22,124,0,3050,2
2026-07-30 14:08:23,125,0,3050,2
2026-07-30 14:08:24,124,0,3050,2
2026-07-30 14:08:25,124,0,3050,2
2026-07-30 14:08:26,124,0,3050,2
2026-07-30 14:08:27,123,0,3050,2
2026-07-30 14:08:28,124,0,3050,2
2026-07-30 14:08:29,124,0,3050,2
2026-07-30 14:08:30,124,0,3050,2
2026-07-30 14:08:31,124,0,3050,2
2026-07-30 14:08:32,124,0,3050,2
2026-07-30 14:08:33,123,0,3050,2
2026-07-30 14:08:34,123,0,3050,2
2026-07-30 14:08:35,124,0,3050,2
2026-07-30 14:08:36,124,0,3050,2
2026-07-30 14:08:37,123,0,3050,2
2026-07-30 14:08:38,123,0,3050,2
2026-07-30 14:08:39,123,0,3050,2
2026-07-30 14:08:40,123,0,3050,2
2026-07-30 14:08:41,123,0,3050,2
2026-07-30 14:08:42,123,0,3050,2
2026-07-30 14:08:43,122,0,3050,2
2026-07-30 14:08:44,123,0,3050,2
2026-07-30 14:08:44,122,0,3050,2
2026-07-30 14:08:46,123,0,3050,2
2026-07-30 14:08:47,124,0,3050,2
2026-07-30 14:08:48,123,0,3050,2
2026-07-30 14:08:49,124,0,3050,2
2026-07-30 14:08:50,123,0,3050,2
2026-07-30 14:08:51,124,0,3050,2
2026-07-30 14:08:52,124,0,3050,2
2026-07-30 14:08:53,123,0,3050,2
2026-07-30 14:08:54,123,0,3050,2
2026-07-30 14:08:55,124,0,3050,2
2026-07-30 14:08:56,124,0,3050,2
2026-07-30 14:08:57,124,0,3050,2
2026-07-30 14:08:58,123,0,3050,2
2026-07-30 14:08:59,123,0,3050,2
2026-07-30 14:09:00,124,0,3050,2
2026-07-30 14:09:01,123,0,3050,2
2026-07-30 14:09:01,124,0,3050,2
2026-07-30 14:09:03,123,0,3050,2
2026-07-30 14:09:04,123,0,3050,2
2026-07-30 14:09:05,123,0,3050,2
2026-07-30 14:09:06,123,0,3050,2
2026-07-30 14:09:07,123,0,3050,2
2026-07-30 14:09:08,124,0,3050,2
2026-07-30 14:09:09,124,0,3050,2
2026-07-30 14:09:10,123,0,3050,2
2026-07-30 14:09:11,123,0,3050,2
2026-07-30 14:09:12,123,0,3050,2
2026-07-30 14:09:13,124,0,3050,2
2026-07-30 14:09:14,123,0,3050,2
2026-07-30 14:09:14,123,0,3050,2
2026-07-30 14:09:16,123,0,3050,2
2026-07-30 14:09:17,123,0,3050,2
2026-07-30 14:09:18,123,0,3050,2
2026-07-30 14:09:18,123,0,3050,2
2026-07-30 14:09:20,122,0,3050,2
2026-07-30 14:09:21,123,0,3050,2
2026-07-30 14:09:22,123,0,3050,2
2026-07-30 14:09:23,123,0,3050,2
2026-07-30 14:09:24,123,0,3050,2
2026-07-30 14:09:25,123,0,3050,2
2026-07-30 14:09:26,124,0,3050,2
2026-07-30 14:09:27,123,0,3050,2
2026-07-30 14:09:28,122,0,3050,2
2026-07-30 14:09:29,124,0,3050,2
2026-07-30 14:09:30,125,0,3050,2
2026-07-30 14:09:31,123,0,3050,2
2026-07-30 14:09:32,124,0,3050,2
2026-07-30 14:09:33,123,0,3050,2
2026-07-30 14:09:34,124,0,3050,2
2026-07-30 14:09:34,124,0,3050,2
2026-07-30 14:09:35,125,0,3050,2
2026-07-30 14:09:37,123,0,3050,2
2026-07-30 14:09:38,124,0,3050,2
2026-07-30 14:09:38,122,0,3050,2
2026-07-30 14:09:39,124,0,3050,2
2026-07-30 14:09:41,123,0,3050,2
2026-07-30 14:09:42,123,0,3050,2
2026-07-30 14:09:43,123,0,3050,2
2026-07-30 14:09:43,123,0,3050,2
2026-07-30 14:09:44,122,0,3050,2
2026-07-30 14:09:46,123,0,3050,2
2026-07-30 14:09:47,123,0,3050,2
2026-07-30 14:09:48,124,0,3050,2
2026-07-30 14:09:49,123,0,3050,2
2026-07-30 14:09:50,123,0,3050,2
2026-07-30 14:09:51,122,0,3050,2
2026-07-30 14:09:52,124,0,3050,2
2026-07-30 14:09:53,124,0,3050,2
2026-07-30 14:09:54,123,0,3050,2
2026-07-30 14:09:55,123,0,3050,2
2026-07-30 14:09:56,124,0,3050,2
2026-07-30 14:09:57,123,0,3050,2
2026-07-30 14:09:58,124,0,3050,2
2026-07-30 14:09:59,125,0,3050,2
2026-07-30 14:10:00,123,0,3050,2
2026-07-30 14:10:01,124,0,3050,2
2026-07-30 14:10:02,124,0,3050,2
2026-07-30 14:10:03,123,0,3050,2
2026-07-30 14:10:04,122,0,3050,2
2026-07-30 14:10:05,124,0,3050,2
2026-07-30 14:10:06,123,0,3050,2
2026-07-30 14:10:07,122,0,3050,2
2026-07-30 14:10:08,124,0,3050,2
2026-07-30 14:10:09,123,0,3050,2
2026-07-30 14:10:10,124,0,3050,2
2026-07-30 14:10:11,123,0,3050,2
2026-07-30 14:10:12,123,0,3050,2
2026-07-30 14:10:13,123,0,3050,2
2026-07-30 14:10:14,123,0,3050,2
2026-07-30 14:10:15,123,0,3050,2
2026-07-30 14:10:16,123,0,3050,2
2026-07-30 14:10:17,124,0,3050,2
2026-07-30 14:10:17,124,0,3050,2
2026-07-30 14:10:19,123,0,3050,2
2026-07-30 14:10:20,123,0,3050,2
2026-07-30 14:10:21,123,0,3050,2
2026-07-30 14:10:22,123,0,3050,2
2026-07-30 14:10:23,124,0,3050,2
2026-07-30 14:10:24,123,0,3050,2
2026-07-30 14:10:25,123,0,3050,2
2026-07-30 14:10:26,124,0,3050,2
2026-07-30 14:10:27,123,0,3050,2
2026-07-30 14:10:28,123,0,3050,2
2026-07-30 14:10:29,124,0,3050,2
2026-07-30 14:10:30,123,0,3050,2
2026-07-30 14:10:31,123,0,3050,2
2026-07-30 14:10:32,123,0,3050,2
2026-07-30 14:10:33,124,0,3050,2
2026-07-30 14:10:34,125,0,3050,2
2026-07-30 14:10:35,124,0,3050,2
2026-07-30 14:10:36,123,0,3050,2
2026-07-30 14:10:37,124,0,3050,2
2026-07-30 14:10:38,124,0,3050,2
2026-07-30 14:10:39,124,0,3050,2
2026-07-30 14:10:39,124,0,3050,2
2026-07-30 14:10:41,123,0,3050,2
2026-07-30 14:10:42,123,0,3050,2
2026-07-30 14:10:42,123,0,3050,2
2026-07-30 14:10:44,123,0,3050,2
2026-07-30 14:10:45,124,0,3050,2
2026-07-30 14:10:46,124,0,3050,2
2026-07-30 14:10:46,123,0,3050,2
2026-07-30 14:10:47,123,0,3050,2
2026-07-30 14:10:48,124,0,3050,2
2026-07-30 14:10:50,125,0,3050,2
2026-07-30 14:10:51,124,0,3050,2
2026-07-30 14:10:52,123,0,3050,2
2026-07-30 14:10:53,123,0,3050,2
2026-07-30 14:10:54,125,0,3050,2
2026-07-30 14:10:55,124,0,3050,2
2026-07-30 14:10:56,123,0,3050,2
2026-07-30 14:10:56,124,0,3050,2
2026-07-30 14:10:58,123,0,3050,2
2026-07-30 14:10:59,123,0,3050,2
2026-07-30 14:10:59,124,0,3050,2
2026-07-30 14:11:01,124,0,3050,2
2026-07-30 14:11:02,124,0,3050,2
2026-07-30 14:11:03,123,0,3050,2
2026-07-30 14:11:04,124,0,3050,2
2026-07-30 14:11:05,124,0,3050,2
2026-07-30 14:11:06,123,0,3050,2
2026-07-30 14:11:07,123,0,3050,2
2026-07-30 14:11:08,122,0,3050,2
2026-07-30 14:11:09,124,0,3050,2
2026-07-30 14:11:10,124,0,3050,2
2026-07-30 14:11:11,123,0,3050,2
2026-07-30 14:11:12,123,0,3050,2
2026-07-30 14:11:12,123,0,3050,2
2026-07-30 14:11:13,123,0,3050,2
2026-07-30 14:11:15,122,0,3050,2
2026-07-30 14:11:16,123,0,3050,2
2026-07-30 14:11:16,122,0,3050,2
2026-07-30 14:11:17,123,0,3050,2
2026-07-30 14:11:18,123,0,3050,2
2026-07-30 14:11:20,124,0,3050,2
2026-07-30 14:11:20,123,0,3050,2
2026-07-30 14:11:22,123,0,3050,2
2026-07-30 14:11:23,123,0,3050,2
2026-07-30 14:11:24,124,0,3050,2
2026-07-30 14:11:25,123,0,3050,2
2026-07-30 14:11:25,124,0,3050,2
2026-07-30 14:11:26,123,0,3050,2
2026-07-30 14:11:28,123,0,3050,2
2026-07-30 14:11:29,123,0,3050,2
2026-07-30 14:11:29,123,0,3050,2
2026-07-30 14:11:31,122,0,3050,2
2026-07-30 14:11:32,124,0,3050,2
2026-07-30 14:11:33,123,0,3050,2
2026-07-30 14:11:34,125,0,3050,2
2026-07-30 14:11:35,125,0,3050,2
2026-07-30 14:11:36,123,0,3050,2
2026-07-30 14:11:37,124,0,3050,2
2026-07-30 14:11:38,124,0,3050,2
2026-07-30 14:11:39,124,0,3050,2
2026-07-30 14:11:40,125,0,3050,2
2026-07-30 14:11:41,124,0,3050,2
2026-07-30 14:11:42,124,0,3050,2
2026-07-30 14:11:43,124,0,3050,2
2026-07-30 14:11:43,124,0,3050,2
2026-07-30 14:11:45,123,0,3050,2
2026-07-30 14:11:46,124,0,3050,2
2026-07-30 14:11:47,123,0,3050,2
2026-07-30 14:11:48,124,0,3050,2
2026-07-30 14:11:49,124,0,3050,2
2026-07-30 14:11:50,124,0,3050,2
2026-07-30 14:11:50,124,0,3050,2
2026-07-30 14:11:52,124,0,3050,2
2026-07-30 14:11:53,125,0,3050,2
2026-07-30 14:11:54,124,0,3050,2
2026-07-30 14:11:55,124,0,3050,2
2026-07-30 14:11:56,124,0,3050,2
2026-07-30 14:11:56,124,0,3050,2
2026-07-30 14:11:58,124,0,3050,2
2026-07-30 14:11:59,124,0,3050,2
2026-07-30 14:12:00,124,0,3050,2
2026-07-30 14:12:01,124,0,3050,2
2026-07-30 14:12:02,123,0,3050,2
2026-07-30 14:12:03,124,0,3050,2
2026-07-30 14:12:04,124,0,3050,2
2026-07-30 14:12:05,124,0,3050,2
2026-07-30 14:12:06,124,0,3050,2
2026-07-30 14:12:07,125,0,3050,2
2026-07-30 14:12:08,124,0,3050,2
2026-07-30 14:12:08,123,0,3050,2
2026-07-30 14:12:10,124,0,3050,2
2026-07-30 14:12:11,124,0,3050,2
2026-07-30 14:12:12,124,0,3050,2
2026-07-30 14:12:13,125,0,3050,2
2026-07-30 14:12:14,124,0,3050,2
2026-07-30 14:12:15,124,0,3050,2
2026-07-30 14:12:16,124,0,3050,2
2026-07-30 14:12:17,124,0,3050,2
2026-07-30 14:12:18,124,0,3050,2
2026-07-30 14:12:19,124,0,3050,2
2026-07-30 14:12:20,123,0,3050,2
2026-07-30 14:12:21,124,0,3050,2
2026-07-30 14:12:22,123,0,3050,2
2026-07-30 14:12:23,124,0,3050,2
2026-07-30 14:12:24,124,0,3050,2
2026-07-30 14:12:25,124,0,3050,2
2026-07-30 14:12:25,124,0,3050,2
2026-07-30 14:12:26,124,0,3050,2
2026-07-30 14:12:28,123,0,3050,2
2026-07-30 14:12:29,123,0,3050,2
2026-07-30 14:12:30,124,0,3050,2
2026-07-30 14:12:31,123,0,3050,2
2026-07-30 14:12:32,124,0,3050,2
2026-07-30 14:12:33,124,0,3050,2
2026-07-30 14:12:34,124,0,3050,2
2026-07-30 14:12:35,124,0,3050,2
2026-07-30 14:12:36,124,0,3050,2
2026-07-30 14:12:37,124,0,3050,2
2026-07-30 14:12:38,124,0,3050,2
2026-07-30 14:12:39,124,0,3050,2
2026-07-30 14:12:40,124,0,3050,2
2026-07-30 14:12:41,123,0,3050,2
2026-07-30 14:12:42,124,0,3050,2
2026-07-30 14:12:43,125,0,3050,2
2026-07-30 14:12:44,123,0,3050,2
2026-07-30 14:12:45,125,0,3050,2
2026-07-30 14:12:46,124,0,3050,2
2026-07-30 14:12:47,124,0,3050,2
2026-07-30 14:12:48,124,0,3050,2
2026-07-30 14:12:49,125,0,3050,2
2026-07-30 14:12:50,124,0,3050,2
2026-07-30 14:12:51,125,0,3050,2
2026-07-30 14:12:51,124,0,3050,2
2026-07-30 14:12:53,125,0,3050,2
2026-07-30 14:12:54,123,0,3050,2
2026-07-30 14:12:55,124,0,3050,2
2026-07-30 14:12:56,123,0,3050,2
2026-07-30 14:12:57,123,0,3050,2
2026-07-30 14:12:58,124,0,3050,2
2026-07-30 14:12:59,123,0,3050,2
2026-07-30 14:12:59,123,0,3050,2
2026-07-30 14:13:01,124,0,3050,2
2026-07-30 14:13:02,123,0,3050,2
2026-07-30 14:13:03,123,0,3050,2
2026-07-30 14:13:04,124,0,3050,2
2026-07-30 14:13:05,124,0,3050,2
2026-07-30 14:13:06,124,0,3050,2
2026-07-30 14:13:07,124,0,3050,2
2026-07-30 14:13:08,124,0,3050,2
2026-07-30 14:13:08,123,0,3050,2
2026-07-30 14:13:10,124,0,3050,2
2026-07-30 14:13:11,123,0,3050,2
2026-07-30 14:13:12,124,0,3050,2
2026-07-30 14:13:13,124,0,3050,2
2026-07-30 14:13:13,123,0,3050,2
2026-07-30 14:13:15,124,0,3050,2
2026-07-30 14:13:16,124,0,3050,2
2026-07-30 14:13:17,123,0,3050,2
2026-07-30 14:13:18,124,0,3050,2
2026-07-30 14:13:19,124,0,3050,2
2026-07-30 14:13:20,124,0,3050,2
2026-07-30 14:13:20,124,0,3050,2
2026-07-30 14:13:22,123,0,3050,2
2026-07-30 14:13:23,124,0,3050,2
2026-07-30 14:13:24,124,0,3050,2
2026-07-30 14:13:24,124,0,3050,2
2026-07-30 14:13:26,123,0,3050,2
2026-07-30 14:13:26,123,0,3050,2
2026-07-30 14:13:28,124,0,3050,2
2026-07-30 14:13:29,123,0,3050,2
2026-07-30 14:13:29,123,0,3050,2
2026-07-30 14:13:31,123,0,3050,2
2026-07-30 14:13:32,124,0,3050,2
2026-07-30 14:13:33,124,0,3050,2
2026-07-30 14:13:33,123,0,3050,2
2026-07-30 14:13:34,124,0,3050,2
2026-07-30 14:13:36,124,0,3050,2
2026-07-30 14:13:37,124,0,3050,2
2026-07-30 14:13:37,124,0,3050,2
2026-07-30 14:13:39,124,0,3050,2
2026-07-30 14:13:39,123,0,3050,2
2026-07-30 14:13:41,123,0,3050,2
2026-07-30 14:13:41,123,0,3050,2
2026-07-30 14:13:43,123,0,3050,2
2026-07-30 14:13:44,123,0,3050,2
2026-07-30 14:13:45,124,0,3050,2
2026-07-30 14:13:46,123,0,3050,2
2026-07-30 14:13:46,123,0,3050,2
2026-07-30 14:13:48,123,0,3050,2
2026-07-30 14:13:49,124,0,3050,2
2026-07-30 14:13:50,123,0,3050,2
2026-07-30 14:13:51,123,0,3050,2
2026-07-30 14:13:52,123,0,3050,2
2026-07-30 14:13:53,123,0,3050,2
2026-07-30 14:13:54,123,0,3050,2
2026-07-30 14:13:54,122,0,3050,2
2026-07-30 14:13:55,124,0,3050,2
2026-07-30 14:13:57,122,0,3050,2
2026-07-30 14:13:58,123,0,3050,2
2026-07-30 14:13:58,122,0,3050,2
2026-07-30 14:14:00,123,0,3050,2
2026-07-30 14:14:01,123,0,3050,2
2026-07-30 14:14:02,122,0,3050,2
2026-07-30 14:14:03,123,0,3050,2
2026-07-30 14:14:03,123,0,3050,2
2026-07-30 14:14:05,122,0,3050,2
2026-07-30 14:14:06,122,0,3050,2
2026-07-30 14:14:07,123,0,3050,2
2026-07-30 14:14:07,123,0,3050,2
2026-07-30 14:14:08,123,0,3050,2
2026-07-30 14:14:10,123,0,3050,2
2026-07-30 14:14:11,123,0,3050,2
2026-07-30 14:14:11,122,0,3050,2
2026-07-30 14:14:12,123,0,3050,2
2026-07-30 14:14:14,122,0,3050,2
2026-07-30 14:14:15,123,0,3050,2
2026-07-30 14:14:16,123,0,3050,2
2026-07-30 14:14:16,122,0,3050,2
2026-07-30 14:14:18,123,0,3050,2
2026-07-30 14:14:19,123,0,3050,2
2026-07-30 14:14:20,124,0,3050,2
2026-07-30 14:14:20,122,0,3050,2
2026-07-30 14:14:21,122,0,3050,2
2026-07-30 14:14:23,123,0,3050,2
2026-07-30 14:14:24,122,0,3050,2
2026-07-30 14:14:25,122,0,3050,2
2026-07-30 14:14:26,123,0,3050,2
2026-07-30 14:14:27,122,0,3050,2
2026-07-30 14:14:28,123,0,3050,2
2026-07-30 14:14:28,123,0,3050,2
2026-07-30 14:14:30,121,0,3050,2
2026-07-30 14:14:31,123,0,3050,2
2026-07-30 14:14:32,123,0,3050,2
2026-07-30 14:14:33,122,0,3050,2
2026-07-30 14:14:33,123,0,3050,2
2026-07-30 14:14:34,123,0,3050,2
2026-07-30 14:14:36,123,0,3050,2
2026-07-30 14:14:37,124,0,3050,2
2026-07-30 14:14:37,123,0,3050,2
2026-07-30 14:14:38,122,0,3050,2
2026-07-30 14:14:40,123,0,3050,2
2026-07-30 14:14:41,122,0,3050,2
2026-07-30 14:14:41,123,0,3050,2
2026-07-30 14:14:43,123,0,3050,2
2026-07-30 14:14:44,123,0,3050,2
2026-07-30 14:14:45,124,0,3050,2
2026-07-30 14:14:46,123,0,3050,2
2026-07-30 14:14:47,123,0,3050,2
2026-07-30 14:14:48,122,0,3050,2
2026-07-30 14:14:49,123,0,3050,2
2026-07-30 14:14:50,123,0,3050,2
2026-07-30 14:14:51,124,0,3050,2
2026-07-30 14:14:52,123,0,3050,2
2026-07-30 14:14:53,123,0,3050,2
2026-07-30 14:14:54,122,0,3050,2
2026-07-30 14:14:54,124,0,3050,2
2026-07-30 14:14:55,122,0,3050,2
2026-07-30 14:14:57,123,0,3050,2
2026-07-30 14:14:58,123,0,3050,2
2026-07-30 14:14:59,122,0,3050,2
2026-07-30 14:15:00,123,0,3050,2
2026-07-30 14:15:00,123,0,3050,2
2026-07-30 14:15:02,123,0,3050,2
2026-07-30 14:15:02,123,0,3050,2
2026-07-30 14:15:04,124,0,3050,2
2026-07-30 14:15:05,122,0,3050,2
2026-07-30 14:15:06,123,0,3050,2
2026-07-30 14:15:07,123,0,3050,2
2026-07-30 14:15:07,124,0,3050,2
2026-07-30 14:15:08,124,0,3050,2
2026-07-30 14:15:10,123,0,3050,2
2026-07-30 14:15:11,123,0,3050,2
2026-07-30 14:15:11,123,0,3050,2
2026-07-30 14:15:12,122,0,3050,2
2026-07-30 14:15:14,123,0,3050,2
2026-07-30 14:15:15,124,0,3050,2
2026-07-30 14:15:15,124,0,3050,2
2026-07-30 14:15:16,124,0,3050,2
2026-07-30 14:15:18,122,0,3050,2
2026-07-30 14:15:19,123,0,3050,2
2026-07-30 14:15:20,122,0,3050,2
2026-07-30 14:15:21,124,0,3050,2
2026-07-30 14:15:22,124,0,3050,2
2026-07-30 14:15:23,124,0,3050,2
2026-07-30 14:15:24,123,0,3050,2
2026-07-30 14:15:24,123,0,3050,2
2026-07-30 14:15:25,123,0,3050,2
2026-07-30 14:15:27,124,0,3050,2
2026-07-30 14:15:28,124,0,3050,2
2026-07-30 14:15:28,124,0,3050,2
2026-07-30 14:15:30,123,0,3050,2
2026-07-30 14:15:31,122,0,3050,2
2026-07-30 14:15:32,124,0,3050,2
2026-07-30 14:15:33,123,0,3050,2
2026-07-30 14:15:34,122,0,3050,2
2026-07-30 14:15:34,123,0,3050,2
2026-07-30 14:15:36,123,0,3050,2
2026-07-30 14:15:37,124,0,3050,2
2026-07-30 14:15:37,123,0,3050,2
2026-07-30 14:15:38,122,0,3050,2
2026-07-30 14:15:40,123,0,3050,2
2026-07-30 14:15:41,123,0,3050,2
2026-07-30 14:15:41,123,0,3050,2
2026-07-30 14:15:42,123,0,3050,2
2026-07-30 14:15:44,124,0,3050,2
2026-07-30 14:15:45,123,0,3050,2
2026-07-30 14:15:46,122,0,3050,2
2026-07-30 14:15:46,123,0,3050,2
2026-07-30 14:15:48,124,0,3050,2
2026-07-30 14:15:49,123,0,3050,2
2026-07-30 14:15:50,123,0,3050,2
2026-07-30 14:15:50,122,0,3050,2
2026-07-30 14:15:51,124,0,3050,2
2026-07-30 14:15:53,122,0,3050,2
2026-07-30 14:15:54,123,0,3050,2
2026-07-30 14:15:54,124,0,3050,2
2026-07-30 14:15:55,123,0,3050,2
2026-07-30 14:15:57,123,0,3050,2
2026-07-30 14:15:58,123,0,3050,2
2026-07-30 14:15:58,123,0,3050,2
2026-07-30 14:15:59,124,0,3050,2
2026-07-30 14:16:01,123,0,3050,2
2026-07-30 14:16:02,123,0,3050,2
2026-07-30 14:16:03,123,0,3050,2
2026-07-30 14:16:03,123,0,3050,2
2026-07-30 14:16:05,122,0,3050,2
2026-07-30 14:16:06,122,0,3050,2
2026-07-30 14:16:07,123,0,3050,2
2026-07-30 14:16:08,122,0,3050,2
2026-07-30 14:16:09,124,0,3050,2
2026-07-30 14:16:10,123,0,3050,2
2026-07-30 14:16:11,123,0,3050,2
2026-07-30 14:16:11,122,0,3050,2
2026-07-30 14:16:12,122,0,3050,2
2026-07-30 14:16:14,123,0,3050,2
2026-07-30 14:16:15,123,0,3050,2
2026-07-30 14:16:17,124,0,3050,2
2026-07-30 14:16:17,123,0,3050,2
2026-07-30 14:16:18,123,0,3050,2
2026-07-30 14:16:19,124,0,3050,2
2026-07-30 14:16:20,122,0,3050,2
2026-07-30 14:16:21,124,0,3050,2
2026-07-30 14:16:22,122,0,3050,2
2026-07-30 14:16:23,124,0,3050,2
2026-07-30 14:16:24,123,0,3050,2
2026-07-30 14:16:24,123,0,3050,2
2026-07-30 14:16:25,123,0,3050,2
2026-07-30 14:16:27,122,0,3050,2
2026-07-30 14:16:28,123,0,3050,2
2026-07-30 14:16:29,123,0,3050,2
2026-07-30 14:16:30,123,0,3050,2
2026-07-30 14:16:31,123,0,3050,2
2026-07-30 14:16:32,124,0,3050,2
2026-07-30 14:16:33,124,0,3050,2
2026-07-30 14:16:34,123,0,3050,2
2026-07-30 14:16:35,123,0,3050,2
2026-07-30 14:16:36,123,0,3050,2
2026-07-30 14:16:37,122,0,3050,2
2026-07-30 14:16:38,123,0,3050,2
2026-07-30 14:16:39,123,0,3050,2
2026-07-30 14:16:40,123,0,3050,2
2026-07-30 14:16:41,123,0,3050,2
2026-07-30 14:16:42,123,0,3050,2
2026-07-30 14:16:43,123,0,3050,2
2026-07-30 14:16:44,123,0,3050,2
2026-07-30 14:16:45,123,0,3050,2
2026-07-30 14:16:45,124,0,3050,2
2026-07-30 14:16:47,123,0,3050,2
2026-07-30 14:16:48,123,0,3050,2
2026-07-30 14:16:49,124,0,3050,2
2026-07-30 14:16:50,123,0,3050,2
2026-07-30 14:16:51,123,0,3050,2
2026-07-30 14:16:52,123,0,3050,2
2026-07-30 14:16:53,123,0,3050,2
2026-07-30 14:16:53,123,0,3050,2
2026-07-30 14:16:55,124,0,3050,2
2026-07-30 14:16:56,124,0,3050,2
2026-07-30 14:16:57,123,0,3050,2
2026-07-30 14:16:58,123,0,3050,2
2026-07-30 14:16:58,123,0,3050,2
2026-07-30 14:17:00,122,0,3050,2
2026-07-30 14:17:01,123,0,3050,2
2026-07-30 14:17:02,123,0,3050,2
2026-07-30 14:17:03,124,0,3050,2
2026-07-30 14:17:04,123,0,3050,2
2026-07-30 14:17:05,123,0,3050,2
2026-07-30 14:17:06,123,0,3050,2
2026-07-30 14:17:07,123,0,3050,2
2026-07-30 14:17:07,125,0,3050,2
2026-07-30 14:17:09,124,0,3050,2
2026-07-30 14:17:10,125,0,3050,2
2026-07-30 14:17:10,123,0,3050,2
2026-07-30 14:17:11,123,0,3050,2
2026-07-30 14:17:12,123,0,3050,2
2026-07-30 14:17:14,123,0,3050,2
2026-07-30 14:17:15,124,0,3050,2
2026-07-30 14:17:15,123,0,3050,2
2026-07-30 14:17:17,123,0,3050,2
2026-07-30 14:17:18,124,0,3050,2
2026-07-30 14:17:19,124,0,3050,2
2026-07-30 14:17:19,123,0,3050,2
2026-07-30 14:17:20,124,0,3050,2
2026-07-30 14:17:22,123,0,3050,2
2026-07-30 14:17:23,123,0,3050,2
2026-07-30 14:17:24,124,0,3050,2
2026-07-30 14:17:25,123,0,3050,2
2026-07-30 14:17:26,123,0,3050,2
2026-07-30 14:17:27,123,0,3050,2
2026-07-30 14:17:28,123,0,3050,2
2026-07-30 14:17:29,123,0,3050,2
2026-07-30 14:17:30,123,0,3050,2
2026-07-30 14:17:31,122,0,3050,2
2026-07-30 14:17:32,123,0,3050,2
2026-07-30 14:17:32,122,0,3050,2
2026-07-30 14:17:34,123,0,3050,2
2026-07-30 14:17:35,123,0,3050,2
2026-07-30 14:17:36,124,0,3050,2
2026-07-30 14:17:37,124,0,3050,2
2026-07-30 14:17:38,123,0,3050,2
2026-07-30 14:17:39,123,0,3050,2
2026-07-30 14:17:40,123,0,3050,2
2026-07-30 14:17:41,123,0,3050,2
2026-07-30 14:17:42,123,0,3050,2
2026-07-30 14:17:43,123,0,3050,2
2026-07-30 14:17:44,124,0,3050,2
2026-07-30 14:17:45,123,0,3050,2
2026-07-30 14:17:46,124,0,3050,2
2026-07-30 14:17:47,123,0,3050,2
2026-07-30 14:17:48,123,0,3050,2
2026-07-30 14:17:49,124,0,3050,2
2026-07-30 14:17:50,124,0,3050,2
2026-07-30 14:17:50,123,0,3050,2
2026-07-30 14:17:52,123,0,3050,2
2026-07-30 14:17:53,124,0,3050,2
2026-07-30 14:17:54,122,0,3050,2
2026-07-30 14:17:54,123,0,3050,2
2026-07-30 14:17:56,122,0,3050,2
2026-07-30 14:17:57,122,0,3050,2
2026-07-30 14:17:58,122,0,3050,2
2026-07-30 14:17:58,124,0,3050,2
2026-07-30 14:18:00,122,0,3050,2
2026-07-30 14:18:01,122,0,3050,2
2026-07-30 14:18:02,123,0,3050,2
2026-07-30 14:18:03,124,0,3050,2
2026-07-30 14:18:03,122,0,3050,2
2026-07-30 14:18:05,123,0,3050,2
2026-07-30 14:18:06,122,0,3050,2
2026-07-30 14:18:07,124,0,3050,2
2026-07-30 14:18:07,123,0,3050,2
2026-07-30 14:18:09,123,0,3050,2
2026-07-30 14:18:10,122,0,3050,2
2026-07-30 14:18:10,123,0,3050,2
2026-07-30 14:18:11,123,0,3050,2
2026-07-30 14:18:13,123,0,3050,2
2026-07-30 14:18:14,122,0,3050,2
2026-07-30 14:18:15,123,0,3050,2
2026-07-30 14:18:16,124,0,3050,2
2026-07-30 14:18:17,123,0,3050,2
2026-07-30 14:18:18,123,0,3050,2
2026-07-30 14:18:19,122,0,3050,2
2026-07-30 14:18:19,122,0,3050,2
2026-07-30 14:18:21,124,0,3050,2
2026-07-30 14:18:22,123,0,3050,2
2026-07-30 14:18:23,123,0,3050,2
2026-07-30 14:18:24,123,0,3050,2
2026-07-30 14:18:24,123,0,3050,2
2026-07-30 14:18:26,123,0,3050,2
2026-07-30 14:18:27,123,0,3050,2
2026-07-30 14:18:28,123,0,3050,2
2026-07-30 14:18:28,123,0,3050,2
2026-07-30 14:18:30,122,0,3050,2
2026-07-30 14:18:31,122,0,3050,2
2026-07-30 14:18:32,122,0,3050,2
2026-07-30 14:18:32,122,0,3050,2
2026-07-30 14:18:34,123,0,3050,2
2026-07-30 14:18:35,123,0,3050,2
2026-07-30 14:18:36,124,0,3050,2
2026-07-30 14:18:36,122,0,3050,2
2026-07-30 14:18:38,123,0,3050,2
2026-07-30 14:18:39,122,0,3050,2
2026-07-30 14:18:40,123,0,3050,2
2026-07-30 14:18:40,123,0,3050,2
2026-07-30 14:18:41,123,0,3050,2
2026-07-30 14:18:43,123,0,3050,2
2026-07-30 14:18:44,123,0,3050,2
2026-07-30 14:18:45,122,0,3050,2
2026-07-30 14:18:46,122,0,3050,2
2026-07-30 14:18:47,123,0,3050,2
2026-07-30 14:18:48,122,0,3050,2
2026-07-30 14:18:49,122,0,3050,2
2026-07-30 14:18:50,123,0,3050,2
2026-07-30 14:18:50,123,0,3050,2
2026-07-30 14:18:52,123,0,3050,2
2026-07-30 14:18:53,123,0,3050,2
2026-07-30 14:18:54,122,0,3050,2
2026-07-30 14:18:55,123,0,3050,2
2026-07-30 14:18:56,124,0,3050,2
2026-07-30 14:18:57,122,0,3050,2
2026-07-30 14:18:58,122,0,3050,2
2026-07-30 14:18:59,123,0,3050,2
2026-07-30 14:19:00,123,0,3050,2
2026-07-30 14:19:01,123,0,3050,2
2026-07-30 14:19:01,122,0,3050,2
2026-07-30 14:19:03,123,0,3050,2
2026-07-30 14:19:04,123,0,3050,2
2026-07-30 14:19:05,123,0,3050,2
2026-07-30 14:19:06,124,0,3050,2
2026-07-30 14:19:06,123,0,3050,2
2026-07-30 14:19:08,123,0,3050,2
2026-07-30 14:19:09,123,0,3050,2
2026-07-30 14:19:10,122,0,3050,2
2026-07-30 14:19:11,122,0,3050,2
2026-07-30 14:19:12,123,0,3050,2
2026-07-30 14:19:13,123,0,3050,2
2026-07-30 14:19:14,122,0,3050,2
2026-07-30 14:19:15,123,0,3050,2
2026-07-30 14:19:15,124,0,3050,2
2026-07-30 14:19:17,123,0,3050,2
2026-07-30 14:19:18,124,0,3050,2
2026-07-30 14:19:19,124,0,3050,2
2026-07-30 14:19:19,123,0,3050,2
2026-07-30 14:19:21,123,0,3050,2
2026-07-30 14:19:22,123,0,3050,2
2026-07-30 14:19:23,122,0,3050,2
2026-07-30 14:19:23,123,0,3050,2
2026-07-30 14:19:25,124,0,3050,2
2026-07-30 14:19:26,123,0,3050,2
2026-07-30 14:19:27,123,0,3050,2
2026-07-30 14:19:27,124,0,3050,2
2026-07-30 14:19:29,123,0,3050,2
2026-07-30 14:19:30,122,0,3050,2
2026-07-30 14:19:31,123,0,3050,2
2026-07-30 14:19:31,123,0,3050,2
2026-07-30 14:19:33,123,0,3050,2
2026-07-30 14:19:34,123,0,3050,2
2026-07-30 14:19:35,123,0,3050,2
2026-07-30 14:19:36,124,0,3050,2
2026-07-30 14:19:37,123,0,3050,2
2026-07-30 14:19:38,123,0,3050,2
2026-07-30 14:19:39,124,0,3050,2
2026-07-30 14:19:40,123,0,3050,2
2026-07-30 14:19:41,123,0,3050,2
2026-07-30 14:19:41,123,0,3050,2
2026-07-30 14:19:43,124,0,3050,2
2026-07-30 14:19:44,123,0,3050,2
2026-07-30 14:19:45,123,0,3050,2
2026-07-30 14:19:46,124,0,3050,2
2026-07-30 14:19:47,124,0,3050,2
2026-07-30 14:19:48,123,0,3050,2
2026-07-30 14:19:49,123,0,3050,2
2026-07-30 14:19:50,124,0,3050,2
2026-07-30 14:19:51,123,0,3050,2
2026-07-30 14:19:52,124,0,3050,2
2026-07-30 14:19:53,123,0,3050,2
2026-07-30 14:19:54,124,0,3050,2
2026-07-30 14:19:55,123,0,3050,2
2026-07-30 14:19:56,124,0,3050,2
2026-07-30 14:19:57,124,0,3050,2
2026-07-30 14:19:58,123,0,3050,2
2026-07-30 14:19:59,124,0,3050,2
2026-07-30 14:20:00,124,0,3050,2
2026-07-30 14:20:01,123,0,3050,2
2026-07-30 14:20:02,124,0,3050,2
2026-07-30 14:20:03,123,0,3050,2
2026-07-30 14:20:04,124,0,3050,2
2026-07-30 14:20:05,124,0,3050,2
2026-07-30 14:20:05,123,0,3050,2
2026-07-30 14:20:06,124,0,3050,2
2026-07-30 14:20:08,124,0,3050,2
2026-07-30 14:20:09,124,0,3050,2
2026-07-30 14:20:10,125,0,3050,2
2026-07-30 14:20:10,124,0,3050,2
2026-07-30 14:20:11,123,0,3050,2
2026-07-30 14:20:13,124,0,3050,2
2026-07-30 14:20:14,124,0,3050,2
2026-07-30 14:20:14,123,0,3050,2
2026-07-30 14:20:16,124,0,3050,2
2026-07-30 14:20:17,124,0,3050,2
2026-07-30 14:20:18,124,0,3050,2
2026-07-30 14:20:18,123,0,3050,2
2026-07-30 14:20:20,123,0,3050,2
2026-07-30 14:20:21,124,0,3050,2
2026-07-30 14:20:22,123,0,3050,2
2026-07-30 14:20:23,124,0,3050,2
2026-07-30 14:20:24,123,0,3050,2
2026-07-30 14:20:25,124,0,3050,2
2026-07-30 14:20:26,125,0,3050,2
2026-07-30 14:20:27,124,0,3050,2
2026-07-30 14:20:27,124,0,3050,2
2026-07-30 14:20:28,124,0,3050,2
2026-07-30 14:20:30,124,0,3050,2
2026-07-30 14:20:31,124,0,3050,2
2026-07-30 14:20:31,124,0,3050,2
2026-07-30 14:20:32,124,0,3050,2
2026-07-30 14:20:34,124,0,3050,2
2026-07-30 14:20:35,124,0,3050,2
2026-07-30 14:20:36,124,0,3050,2
2026-07-30 14:20:37,123,0,3050,2
2026-07-30 14:20:38,124,0,3050,2
2026-07-30 14:20:39,123,0,3050,2
2026-07-30 14:20:40,124,0,3050,2
2026-07-30 14:20:41,124,0,3050,2
2026-07-30 14:20:41,124,0,3050,2
2026-07-30 14:20:43,125,0,3050,2
2026-07-30 14:20:44,123,0,3050,2
2026-07-30 14:20:45,123,0,3050,2
2026-07-30 14:20:46,125,0,3050,2
2026-07-30 14:20:47,122,0,3050,2
2026-07-30 14:20:48,122,0,3050,2
2026-07-30 14:20:48,124,0,3050,2
2026-07-30 14:20:50,123,0,3050,2
2026-07-30 14:20:51,124,0,3050,2
2026-07-30 14:20:52,123,0,3050,2
2026-07-30 14:20:53,123,0,3050,2
2026-07-30 14:20:54,124,0,3050,2
2026-07-30 14:20:55,125,0,3050,2
2026-07-30 14:20:56,123,0,3050,2
2026-07-30 14:20:57,124,0,3050,2
2026-07-30 14:20:58,124,0,3050,2
2026-07-30 14:20:58,124,0,3050,2
2026-07-30 14:21:00,123,0,3050,2
2026-07-30 14:21:01,125,0,3050,2
2026-07-30 14:21:02,125,0,3050,2
2026-07-30 14:21:03,125,0,3050,2
2026-07-30 14:21:04,124,0,3050,2
2026-07-30 14:21:05,124,0,3050,2
2026-07-30 14:21:05,125,0,3050,2
2026-07-30 14:21:06,125,0,3050,2
2026-07-30 14:21:08,125,0,3050,2
2026-07-30 14:21:09,124,0,3050,2
2026-07-30 14:21:09,124,0,3050,2
2026-07-30 14:21:11,125,0,3050,2
2026-07-30 14:21:12,125,0,3050,2
2026-07-30 14:21:13,125,0,3050,2
2026-07-30 14:21:14,125,0,3050,2
2026-07-30 14:21:15,125,0,3050,2
2026-07-30 14:21:16,124,0,3050,2
2026-07-30 14:21:17,124,0,3050,2
2026-07-30 14:21:18,124,0,3050,2
2026-07-30 14:21:18,124,0,3050,2
2026-07-30 14:21:20,124,0,3050,2
2026-07-30 14:21:21,125,0,3050,2
2026-07-30 14:21:22,124,0,3050,2
2026-07-30 14:21:22,125,0,3050,2
2026-07-30 14:21:23,125,0,3050,2
2026-07-30 14:21:25,125,0,3050,2
2026-07-30 14:21:26,124,0,3050,2
2026-07-30 14:21:27,125,0,3050,2
2026-07-30 14:21:28,125,0,3050,2
2026-07-30 14:21:29,126,0,3050,2
2026-07-30 14:21:30,125,0,3050,2
2026-07-30 14:21:31,125,0,3050,2
2026-07-30 14:21:31,125,0,3050,2
2026-07-30 14:21:32,125,0,3050,2
2026-07-30 14:21:34,125,0,3050,2
2026-07-30 14:21:35,124,0,3050,2
2026-07-30 14:21:36,125,0,3050,2
2026-07-30 14:21:37,126,0,3050,2
2026-07-30 14:21:38,125,0,3050,2
2026-07-30 14:21:39,125,0,3050,2
2026-07-30 14:21:40,125,0,3050,2
2026-07-30 14:21:41,126,0,3050,2
2026-07-30 14:21:42,125,0,3050,2
2026-07-30 14:21:43,124,0,3050,2
2026-07-30 14:21:44,126,0,3050,2
2026-07-30 14:21:45,125,0,3050,2
2026-07-30 14:21:46,126,0,3050,2
2026-07-30 14:21:47,125,0,3050,2
2026-07-30 14:21:48,125,0,3050,2
2026-07-30 14:21:49,124,0,3050,2
2026-07-30 14:21:50,126,0,3050,2
2026-07-30 14:21:51,126,0,3050,2
2026-07-30 14:21:52,125,0,3050,2
2026-07-30 14:21:53,125,0,3050,2
2026-07-30 14:21:54,126,0,3050,2
2026-07-30 14:21:55,125,0,3050,2
2026-07-30 14:21:56,125,0,3050,2
2026-07-30 14:21:57,125,0,3050,2
2026-07-30 14:21:57,125,0,3050,2
2026-07-30 14:21:59,125,0,3050,2
2026-07-30 14:22:00,125,0,3050,2
2026-07-30 14:22:01,125,0,3050,2
2026-07-30 14:22:02,126,0,3050,2
2026-07-30 14:22:03,125,0,3050,2
2026-07-30 14:22:04,125,0,3050,2
2026-07-30 14:22:05,125,0,3050,2
2026-07-30 14:22:06,125,0,3050,2
2026-07-30 14:22:07,125,0,3050,2
2026-07-30 14:22:08,125,0,3050,2
2026-07-30 14:22:09,125,0,3050,2
2026-07-30 14:22:09,125,0,3050,2
2026-07-30 14:22:11,125,0,3050,2
2026-07-30 14:22:12,125,0,3050,2
2026-07-30 14:22:13,125,0,3050,2
2026-07-30 14:22:14,125,0,3050,2
2026-07-30 14:22:15,125,0,3050,2
2026-07-30 14:22:16,125,0,3050,2
2026-07-30 14:22:17,124,0,3050,2
2026-07-30 14:22:18,124,0,3050,2
2026-07-30 14:22:18,124,0,3050,2
2026-07-30 14:22:19,125,0,3050,2
2026-07-30 14:22:21,124,0,3050,2
2026-07-30 14:22:22,125,0,3050,2
2026-07-30 14:22:22,124,0,3050,2
2026-07-30 14:22:24,125,0,3050,2
2026-07-30 14:22:25,126,0,3050,2
2026-07-30 14:22:26,124,0,3050,2
2026-07-30 14:22:26,125,0,3050,2
2026-07-30 14:22:28,124,0,3050,2
2026-07-30 14:22:29,125,0,3050,2
2026-07-30 14:22:30,125,0,3050,2
2026-07-30 14:22:31,125,0,3050,2
2026-07-30 14:22:31,125,0,3050,2
2026-07-30 14:22:33,125,0,3050,2
2026-07-30 14:22:34,125,0,3050,2
2026-07-30 14:22:35,125,0,3050,2
2026-07-30 14:22:35,125,0,3050,2
2026-07-30 14:22:36,125,0,3050,2
2026-07-30 14:22:38,125,0,3050,2
2026-07-30 14:22:39,125,0,3050,2
2026-07-30 14:22:40,125,0,3050,2
2026-07-30 14:22:41,124,0,3050,2
2026-07-30 14:22:42,125,0,3050,2
2026-07-30 14:22:43,125,0,3050,2
2026-07-30 14:22:44,125,0,3050,2
2026-07-30 14:22:45,125,0,3050,2
2026-07-30 14:22:46,125,0,3050,2
2026-07-30 14:22:47,125,0,3050,2
2026-07-30 14:22:48,124,0,3050,2
2026-07-30 14:22:48,124,0,3050,2
2026-07-30 14:22:50,124,0,3050,2
2026-07-30 14:22:51,126,0,3050,2
2026-07-30 14:22:52,125,0,3050,2
2026-07-30 14:22:52,125,0,3050,2
2026-07-30 14:22:53,125,0,3050,2
2026-07-30 14:22:55,124,0,3050,2
2026-07-30 14:22:56,124,0,3050,2
2026-07-30 14:22:57,124,0,3050,2
2026-07-30 14:22:58,124,0,3050,2
2026-07-30 14:22:59,123,0,3050,2
2026-07-30 14:23:00,124,0,3050,2
2026-07-30 14:23:01,124,0,3050,2
2026-07-30 14:23:02,124,0,3050,2
2026-07-30 14:23:03,125,0,3050,2
2026-07-30 14:23:04,125,0,3050,2
2026-07-30 14:23:05,124,0,3050,2
2026-07-30 14:23:06,124,0,3050,2
2026-07-30 14:23:06,124,0,3050,2
2026-07-30 14:23:08,126,0,3050,2
2026-07-30 14:23:09,124,0,3050,2
2026-07-30 14:23:09,126,0,3050,2
2026-07-30 14:23:10,124,0,3050,2
2026-07-30 14:23:12,124,0,3050,2
2026-07-30 14:23:13,125,0,3050,2
2026-07-30 14:23:13,123,0,3050,2
2026-07-30 14:23:14,124,0,3050,2
2026-07-30 14:23:16,123,0,3050,2
2026-07-30 14:23:17,125,0,3050,2
2026-07-30 14:23:18,124,0,3050,2
2026-07-30 14:23:19,124,0,3050,2
2026-07-30 14:23:20,123,0,3050,2
2026-07-30 14:23:21,124,0,3050,2
2026-07-30 14:23:22,124,0,3050,2
2026-07-30 14:23:22,123,0,3050,2
2026-07-30 14:23:24,123,0,3050,2
2026-07-30 14:23:25,124,0,3050,2
2026-07-30 14:23:26,124,0,3050,2
2026-07-30 14:23:26,125,0,3050,2
2026-07-30 14:23:27,125,0,3050,2
2026-07-30 14:23:29,124,0,3050,2
2026-07-30 14:23:30,124,0,3050,2
2026-07-30 14:23:30,122,0,3050,2
2026-07-30 14:23:31,125,0,3050,2
2026-07-30 14:23:33,123,0,3050,2
2026-07-30 14:23:34,123,0,3050,2
2026-07-30 14:23:35,123,0,3050,2
2026-07-30 14:23:36,124,0,3050,2
2026-07-30 14:23:36,123,0,3050,2
2026-07-30 14:23:38,122,0,3050,2
2026-07-30 14:23:39,123,0,3050,2
2026-07-30 14:23:39,124,0,3050,2
2026-07-30 14:23:40,123,0,3050,2
2026-07-30 14:23:42,124,0,3050,2
2026-07-30 14:23:43,123,0,3050,2
2026-07-30 14:23:43,123,0,3050,2
2026-07-30 14:23:44,123,0,3050,2
2026-07-30 14:23:46,125,0,3050,2
2026-07-30 14:23:47,124,0,3050,2
2026-07-30 14:23:47,124,0,3050,2
2026-07-30 14:23:49,125,0,3050,2
2026-07-30 14:23:50,125,0,3050,2
2026-07-30 14:23:51,124,0,3050,2
2026-07-30 14:23:52,125,0,3050,2
2026-07-30 14:23:52,124,0,3050,2
2026-07-30 14:23:53,123,0,3050,2
2026-07-30 14:23:55,124,0,3050,2
2026-07-30 14:23:56,124,0,3050,2
2026-07-30 14:23:57,125,0,3050,2
2026-07-30 14:23:58,125,0,3050,2
2026-07-30 14:23:59,125,0,3050,2
2026-07-30 14:24:00,124,0,3050,2
2026-07-30 14:24:01,124,0,3050,2
2026-07-30 14:24:02,125,0,3050,2
2026-07-30 14:24:03,123,0,3050,2
2026-07-30 14:24:04,124,0,3050,2
2026-07-30 14:24:04,124,0,3050,2
2026-07-30 14:24:05,124,0,3050,2
2026-07-30 14:24:07,125,0,3050,2
2026-07-30 14:24:08,125,0,3050,2
2026-07-30 14:24:09,124,0,3050,2
2026-07-30 14:24:09,124,0,3050,2
2026-07-30 14:24:11,124,0,3050,2
2026-07-30 14:24:12,124,0,3050,2
2026-07-30 14:24:13,123,0,3050,2
2026-07-30 14:24:14,123,0,3050,2
2026-07-30 14:24:14,124,0,3050,2
2026-07-30 14:24:16,124,0,3050,2
2026-07-30 14:24:17,125,0,3050,2
2026-07-30 14:24:18,124,0,3050,2
2026-07-30 14:24:18,123,0,3050,2
2026-07-30 14:24:20,125,0,3050,2
2026-07-30 14:24:21,123,0,3050,2
2026-07-30 14:24:21,124,0,3050,2
2026-07-30 14:24:22,123,0,3050,2
2026-07-30 14:24:24,124,0,3050,2
2026-07-30 14:24:25,125,0,3050,2
2026-07-30 14:24:26,125,0,3050,2
2026-07-30 14:24:26,124,0,3050,2
2026-07-30 14:24:28,124,0,3050,2
2026-07-30 14:24:29,125,0,3050,2
2026-07-30 14:24:30,124,0,3050,2
2026-07-30 14:24:31,123,0,3050,2
2026-07-30 14:24:32,124,0,3050,2
2026-07-30 14:24:33,123,0,3050,2
2026-07-30 14:24:34,124,0,3050,2
2026-07-30 14:24:35,123,0,3050,2
2026-07-30 14:24:36,124,0,3050,2
2026-07-30 14:24:37,124,0,3050,2
2026-07-30 14:24:38,124,0,3050,2
2026-07-30 14:24:39,124,0,3050,2
2026-07-30 14:24:40,124,0,3050,2
2026-07-30 14:24:41,124,0,3050,2
2026-07-30 14:24:42,124,0,3050,2
2026-07-30 14:24:43,124,0,3050,2
2026-07-30 14:24:44,124,0,3050,2
2026-07-30 14:24:44,124,0,3050,2
2026-07-30 14:24:46,125,0,3050,2
2026-07-30 14:24:47,125,0,3050,2
2026-07-30 14:24:47,124,0,3050,2
2026-07-30 14:24:49,125,0,3050,2
2026-07-30 14:24:50,124,0,3050,2
2026-07-30 14:24:51,124,0,3050,2
2026-07-30 14:24:52,124,0,3050,2
2026-07-30 14:24:52,124,0,3050,2
2026-07-30 14:24:54,124,0,3050,2
2026-07-30 14:24:55,124,0,3050,2
2026-07-30 14:24:56,124,0,3050,2
2026-07-30 14:24:56,125,0,3050,2
2026-07-30 14:24:57,124,0,3050,2
2026-07-30 14:24:59,124,0,3050,2
2026-07-30 14:25:00,125,0,3050,2
2026-07-30 14:25:01,124,0,3050,2
2026-07-30 14:25:02,125,0,3050,2
2026-07-30 14:25:03,124,0,3050,2
2026-07-30 14:25:04,124,0,3050,2
2026-07-30 14:25:05,124,0,3050,2
2026-07-30 14:25:05,125,0,3050,2
2026-07-30 14:25:07,125,0,3050,2
2026-07-30 14:25:08,124,0,3050,2
2026-07-30 14:25:09,125,0,3050,2
2026-07-30 14:25:10,123,0,3050,2
2026-07-30 14:25:11,126,0,3050,2
2026-07-30 14:25:12,125,0,3050,2
2026-07-30 14:25:13,123,0,3050,2
2026-07-30 14:25:14,124,0,3050,2
2026-07-30 14:25:15,123,0,3050,2
2026-07-30 14:25:16,123,0,3050,2
2026-07-30 14:25:17,124,0,3050,2
2026-07-30 14:25:18,124,0,3050,2
2026-07-30 14:25:18,124,0,3050,2
2026-07-30 14:25:20,124,0,3050,2
2026-07-30 14:25:21,125,0,3050,2
2026-07-30 14:25:22,122,0,3050,2
2026-07-30 14:25:23,125,0,3050,2
2026-07-30 14:25:24,123,0,3050,2
2026-07-30 14:25:25,124,0,3050,2
2026-07-30 14:25:26,124,0,3050,2
2026-07-30 14:25:26,124,0,3050,2
2026-07-30 14:25:28,123,0,3050,2
2026-07-30 14:25:29,124,0,3050,2
2026-07-30 14:25:30,124,0,3050,2
2026-07-30 14:25:30,125,0,3050,2
2026-07-30 14:25:32,124,0,3050,2
2026-07-30 14:25:33,124,0,3050,2
2026-07-30 14:25:34,123,0,3050,2
2026-07-30 14:25:34,124,0,3050,2
2026-07-30 14:25:35,124,0,3050,2
2026-07-30 14:25:37,123,0,3050,2
2026-07-30 14:25:38,125,0,3050,2
2026-07-30 14:25:39,125,0,3050,2
2026-07-30 14:25:39,124,0,3050,2
2026-07-30 14:25:41,124,0,3050,2
2026-07-30 14:25:42,124,0,3050,2
2026-07-30 14:25:43,124,0,3050,2
2026-07-30 14:25:44,124,0,3050,2
2026-07-30 14:25:45,124,0,3050,2
2026-07-30 14:25:46,124,0,3050,2
2026-07-30 14:25:47,124,0,3050,2
2026-07-30 14:25:47,123,0,3050,2
2026-07-30 14:25:48,123,0,3050,2
2026-07-30 14:25:50,125,0,3050,2
2026-07-30 14:25:51,124,0,3050,2
2026-07-30 14:25:52,123,0,3050,2
2026-07-30 14:25:53,124,0,3050,2
2026-07-30 14:25:54,124,0,3050,2
2026-07-30 14:25:55,124,0,3050,2
2026-07-30 14:25:56,124,0,3050,2
2026-07-30 14:25:57,124,0,3050,2
2026-07-30 14:25:58,123,0,3050,2
2026-07-30 14:25:59,124,0,3050,2
2026-07-30 14:26:00,123,0,3050,2
2026-07-30 14:26:00,124,0,3050,2
2026-07-30 14:26:02,123,0,3050,2
2026-07-30 14:26:03,123,0,3050,2
2026-07-30 14:26:04,125,0,3050,2
2026-07-30 14:26:05,124,0,3050,2
2026-07-30 14:26:06,123,0,3050,2
2026-07-30 14:26:07,123,0,3050,2
2026-07-30 14:26:08,124,0,3050,2
2026-07-30 14:26:09,124,0,3050,2
2026-07-30 14:26:10,124,0,3050,2
2026-07-30 14:26:11,125,0,3050,2
2026-07-30 14:26:12,123,0,3050,2
2026-07-30 14:26:12,124,0,3050,2
2026-07-30 14:26:14,123,0,3050,2
2026-07-30 14:26:15,125,0,3050,2
2026-07-30 14:26:16,124,0,3050,2
2026-07-30 14:26:17,124,0,3050,2
2026-07-30 14:26:17,125,0,3050,2
2026-07-30 14:26:18,124,0,3050,2
2026-07-30 14:26:20,124,0,3050,2
2026-07-30 14:26:21,124,0,3050,2
2026-07-30 14:26:22,124,0,3050,2
2026-07-30 14:26:22,126,0,3050,2
2026-07-30 14:26:24,124,0,3050,2
2026-07-30 14:26:25,124,0,3050,2
2026-07-30 14:26:26,125,0,3050,2
2026-07-30 14:26:27,124,0,3050,2
2026-07-30 14:26:28,125,0,3050,2
2026-07-30 14:26:29,124,0,3050,2
2026-07-30 14:26:29,125,0,3050,2
2026-07-30 14:26:31,124,0,3050,2
2026-07-30 14:26:32,124,0,3050,2
2026-07-30 14:26:33,124,0,3050,2
2026-07-30 14:26:34,124,0,3050,2
2026-07-30 14:26:35,123,0,3050,2
2026-07-30 14:26:35,124,0,3050,2
2026-07-30 14:26:37,125,0,3050,2
2026-07-30 14:26:38,124,0,3050,2
2026-07-30 14:26:38,125,0,3050,2
2026-07-30 14:26:39,124,0,3050,2
2026-07-30 14:26:41,124,0,3050,2
2026-07-30 14:26:42,124,0,3050,2
2026-07-30 14:26:42,124,0,3050,2
2026-07-30 14:26:43,124,0,3050,2
2026-07-30 14:26:45,124,0,3050,2
2026-07-30 14:26:46,123,0,3050,2
2026-07-30 14:26:47,123,0,3050,2
2026-07-30 14:26:48,125,0,3050,2
2026-07-30 14:26:49,124,0,3050,2
2026-07-30 14:26:50,123,0,3050,2
2026-07-30 14:26:51,124,0,3050,2
2026-07-30 14:26:52,123,0,3050,2
2026-07-30 14:26:53,125,0,3050,2
2026-07-30 14:26:54,123,0,3050,2
2026-07-30 14:26:55,124,0,3050,2
2026-07-30 14:26:56,124,0,3050,2
2026-07-30 14:26:57,125,0,3050,2
2026-07-30 14:26:58,124,0,3050,2
2026-07-30 14:26:59,125,0,3050,2
2026-07-30 14:27:00,124,0,3050,2
2026-07-30 14:27:01,124,0,3050,2
2026-07-30 14:27:02,124,0,3050,2
2026-07-30 14:27:03,124,0,3050,2
2026-07-30 14:27:04,125,0,3050,2
2026-07-30 14:27:05,125,0,3050,2
2026-07-30 14:27:06,124,0,3050,2
2026-07-30 14:27:07,124,0,3050,2
2026-07-30 14:27:08,124,0,3050,2
2026-07-30 14:27:09,124,0,3050,2
2026-07-30 14:27:10,124,0,3050,2
2026-07-30 14:27:11,124,0,3050,2
2026-07-30 14:27:12,124,0,3050,2
2026-07-30 14:27:13,124,0,3050,2
2026-07-30 14:27:13,125,0,3050,2
2026-07-30 14:27:15,125,0,3050,2
2026-07-30 14:27:16,124,0,3050,2
2026-07-30 14:27:16,124,0,3050,2
2026-07-30 14:27:18,124,0,3050,2
2026-07-30 14:27:19,124,0,3050,2
2026-07-30 14:27:20,124,0,3050,2
2026-07-30 14:27:21,124,0,3050,2
2026-07-30 14:27:21,124,0,3050,2
2026-07-30 14:27:22,124,0,3050,2
2026-07-30 14:27:24,124,0,3050,2
2026-07-30 14:27:25,123,0,3050,2
2026-07-30 14:27:26,124,0,3050,2
2026-07-30 14:27:27,124,0,3050,2
2026-07-30 14:27:28,124,0,3050,2
2026-07-30 14:27:29,124,0,3050,2
2026-07-30 14:27:29,124,0,3050,2
2026-07-30 14:27:30,124,0,3050,2
2026-07-30 14:27:32,124,0,3050,2
2026-07-30 14:27:33,124,0,3050,2
2026-07-30 14:27:33,124,0,3050,2
2026-07-30 14:27:35,125,0,3050,2
2026-07-30 14:27:36,124,0,3050,2
2026-07-30 14:27:37,125,0,3050,2
2026-07-30 14:27:38,124,0,3050,2
2026-07-30 14:27:38,123,0,3050,2
2026-07-30 14:27:39,123,0,3050,2
2026-07-30 14:27:41,124,0,3050,2
2026-07-30 14:27:42,124,0,3050,2
2026-07-30 14:27:42,124,0,3050,2
2026-07-30 14:27:43,123,0,3050,2
2026-07-30 14:27:45,125,0,3050,2
2026-07-30 14:27:46,124,0,3050,2
2026-07-30 14:27:46,124,0,3050,2
2026-07-30 14:27:48,124,0,3050,2
2026-07-30 14:27:49,123,0,3050,2
2026-07-30 14:27:50,124,0,3050,2
2026-07-30 14:27:51,124,0,3050,2
2026-07-30 14:27:51,124,0,3050,2
2026-07-30 14:27:53,124,0,3050,2
2026-07-30 14:27:54,124,0,3050,2
2026-07-30 14:27:55,124,0,3050,2
2026-07-30 14:27:56,123,0,3050,2
2026-07-30 14:27:57,124,0,3050,2
2026-07-30 14:27:58,124,0,3050,2
2026-07-30 14:27:59,125,0,3050,2
2026-07-30 14:27:59,124,0,3050,2
2026-07-30 14:28:00,123,0,3050,2
2026-07-30 14:28:02,124,0,3050,2
2026-07-30 14:28:03,124,0,3050,2
2026-07-30 14:28:04,124,0,3050,2
2026-07-30 14:28:04,124,0,3050,2
2026-07-30 14:28:06,125,0,3050,2
2026-07-30 14:28:07,124,0,3050,2
2026-07-30 14:28:08,124,0,3050,2
2026-07-30 14:28:08,123,0,3050,2
2026-07-30 14:28:09,125,0,3050,2
2026-07-30 14:28:11,124,0,3050,2
2026-07-30 14:28:12,124,0,3050,2
2026-07-30 14:28:12,125,0,3050,2
2026-07-30 14:28:14,124,0,3050,2
2026-07-30 14:28:15,123,0,3050,2
2026-07-30 14:28:16,124,0,3050,2
2026-07-30 14:28:16,124,0,3050,2
2026-07-30 14:28:18,123,0,3050,2
2026-07-30 14:28:19,124,0,3050,2
2026-07-30 14:28:20,123,0,3050,2
2026-07-30 14:28:21,123,0,3050,2
2026-07-30 14:28:21,123,0,3050,2
2026-07-30 14:28:23,125,0,3050,2
2026-07-30 14:28:24,123,0,3050,2
2026-07-30 14:28:25,123,0,3050,2
2026-07-30 14:28:25,123,0,3050,2
2026-07-30 14:28:26,123,0,3050,2
2026-07-30 14:28:28,123,0,3050,2
2026-07-30 14:28:29,124,0,3050,2
2026-07-30 14:28:29,123,0,3050,2
2026-07-30 14:28:31,123,0,3050,2
2026-07-30 14:28:32,124,0,3050,2
2026-07-30 14:28:33,123,0,3050,2
2026-07-30 14:28:34,124,0,3050,2
2026-07-30 14:28:35,124,0,3050,2
2026-07-30 14:28:36,125,0,3050,2
2026-07-30 14:28:37,123,0,3050,2
2026-07-30 14:28:38,124,0,3050,2
2026-07-30 14:28:39,124,0,3050,2
2026-07-30 14:28:40,124,0,3050,2
2026-07-30 14:28:41,123,0,3050,2
2026-07-30 14:28:42,122,0,3050,2
2026-07-30 14:28:43,124,0,3050,2
2026-07-30 14:28:44,123,0,3050,2
2026-07-30 14:28:45,124,0,3050,2
2026-07-30 14:28:46,123,0,3050,2
2026-07-30 14:28:47,124,0,3050,2
2026-07-30 14:28:48,123,0,3050,2
2026-07-30 14:28:49,123,0,3050,2
2026-07-30 14:28:50,124,0,3050,2
2026-07-30 14:28:50,123,0,3050,2
2026-07-30 14:28:51,124,0,3050,2
2026-07-30 14:28:53,124,0,3050,2
2026-07-30 14:28:54,123,0,3050,2
2026-07-30 14:28:55,122,0,3050,2
2026-07-30 14:28:55,124,0,3050,2
2026-07-30 14:28:57,123,0,3050,2
2026-07-30 14:28:58,123,0,3050,2
2026-07-30 14:28:59,124,0,3050,2
2026-07-30 14:28:59,123,0,3050,2
2026-07-30 14:29:00,124,0,3050,2
2026-07-30 14:29:02,123,0,3050,2
2026-07-30 14:29:03,123,0,3050,2
2026-07-30 14:29:03,123,0,3050,2
2026-07-30 14:29:04,123,0,3050,2
2026-07-30 14:29:06,123,0,3050,2
2026-07-30 14:29:07,124,0,3050,2
2026-07-30 14:29:07,124,0,3050,2
2026-07-30 14:29:09,124,0,3050,2
2026-07-30 14:29:10,123,0,3050,2
2026-07-30 14:29:11,123,0,3050,2
2026-07-30 14:29:12,124,0,3050,2
2026-07-30 14:29:12,124,0,3050,2
2026-07-30 14:29:14,124,0,3050,2
2026-07-30 14:29:15,123,0,3050,2
2026-07-30 14:29:16,123,0,3050,2
2026-07-30 14:29:17,124,0,3050,2
2026-07-30 14:29:17,124,0,3050,2
2026-07-30 14:29:19,124,0,3050,2
2026-07-30 14:29:20,124,0,3050,2
2026-07-30 14:29:21,124,0,3050,2
2026-07-30 14:29:22,122,0,3050,2
2026-07-30 14:29:23,124,0,3050,2
2026-07-30 14:29:24,124,0,3050,2
2026-07-30 14:29:25,123,0,3050,2
2026-07-30 14:29:25,123,0,3050,2
2026-07-30 14:29:27,124,0,3050,2
2026-07-30 14:29:28,123,0,3050,2
2026-07-30 14:29:29,123,0,3050,2
2026-07-30 14:29:29,123,0,3050,2
2026-07-30 14:29:31,124,0,3050,2
2026-07-30 14:29:32,124,0,3050,2
2026-07-30 14:29:33,123,0,3050,2
2026-07-30 14:29:33,124,0,3050,2
2026-07-30 14:29:34,124,0,3050,2
2026-07-30 14:29:36,123,0,3050,2
2026-07-30 14:29:37,124,0,3050,2
2026-07-30 14:29:38,124,0,3050,2
2026-07-30 14:29:39,123,0,3050,2
2026-07-30 14:29:40,122,0,3050,2
2026-07-30 14:29:41,123,0,3050,2
2026-07-30 14:29:42,124,0,3050,2
2026-07-30 14:29:42,123,0,3050,2
2026-07-30 14:29:44,122,0,3050,2
2026-07-30 14:29:45,123,0,3050,2
2026-07-30 14:29:46,123,0,3050,2
2026-07-30 14:29:46,123,0,3050,2
2026-07-30 14:29:47,123,0,3050,2
2026-07-30 14:29:49,123,0,3050,2
2026-07-30 14:29:50,124,0,3050,2
2026-07-30 14:29:50,124,0,3050,2
2026-07-30 14:29:52,123,0,3050,2
2026-07-30 14:29:53,123,0,3050,2
2026-07-30 14:29:54,121,0,3050,2
2026-07-30 14:29:55,123,0,3050,2
2026-07-30 14:29:55,124,0,3050,2
2026-07-30 14:29:57,125,0,3050,2
2026-07-30 14:29:58,124,0,3050,2
2026-07-30 14:29:59,124,0,3050,2
2026-07-30 14:29:59,124,0,3050,2
2026-07-30 14:30:00,124,0,3050,2
2026-07-30 14:30:02,124,0,3050,2
2026-07-30 14:30:03,124,0,3050,2
2026-07-30 14:30:04,123,0,3050,2
2026-07-30 14:30:05,124,0,3050,2
2026-07-30 14:30:06,125,0,3050,2
2026-07-30 14:30:07,124,0,3050,2
2026-07-30 14:30:07,123,0,3050,2
2026-07-30 14:30:09,124,0,3050,2
2026-07-30 14:30:10,122,0,3050,2
2026-07-30 14:30:11,123,0,3050,2
2026-07-30 14:30:12,124,0,3050,2
2026-07-30 14:30:13,124,0,3050,2
2026-07-30 14:30:14,124,0,3050,2
2026-07-30 14:30:15,123,0,3050,2
2026-07-30 14:30:16,123,0,3050,2
2026-07-30 14:30:16,124,0,3050,2
2026-07-30 14:30:18,123,0,3050,2
2026-07-30 14:30:19,124,0,3050,2
2026-07-30 14:30:20,125,0,3050,2
2026-07-30 14:30:21,124,0,3050,2
2026-07-30 14:30:22,124,0,3050,2
2026-07-30 14:30:23,124,0,3050,2
2026-07-30 14:30:24,123,0,3050,2
2026-07-30 14:30:24,124,0,3050,2
2026-07-30 14:30:26,123,0,3050,2
2026-07-30 14:30:27,124,0,3050,2
2026-07-30 14:30:28,124,0,3050,2
2026-07-30 14:30:28,124,0,3050,2
2026-07-30 14:30:29,124,0,3050,2
2026-07-30 14:30:31,124,0,3050,2
2026-07-30 14:30:32,124,0,3050,2
2026-07-30 14:30:33,124,0,3050,2
2026-07-30 14:30:34,124,0,3050,2
2026-07-30 14:30:34,124,0,3050,2
2026-07-30 14:30:36,124,0,3050,2
2026-07-30 14:30:37,124,0,3050,2
2026-07-30 14:30:38,125,0,3050,2
2026-07-30 14:30:39,124,0,3050,2
2026-07-30 14:30:40,123,0,3050,2
2026-07-30 14:30:41,124,0,3050,2
2026-07-30 14:30:42,125,0,3050,2
2026-07-30 14:30:42,125,0,3050,2
2026-07-30 14:30:44,124,0,3050,2
2026-07-30 14:30:45,124,0,3050,2
2026-07-30 14:30:46,125,0,3050,2
2026-07-30 14:30:47,124,0,3050,2
2026-07-30 14:30:48,123,0,3050,2
2026-07-30 14:30:49,124,0,3050,2
2026-07-30 14:30:50,124,0,3050,2
2026-07-30 14:30:50,123,0,3050,2
2026-07-30 14:30:52,124,0,3050,2
2026-07-30 14:30:53,124,0,3050,2
2026-07-30 14:30:54,124,0,3050,2
2026-07-30 14:30:54,124,0,3050,2
2026-07-30 14:30:56,124,0,3050,2
2026-07-30 14:30:57,124,0,3050,2
2026-07-30 14:30:58,124,0,3050,2
2026-07-30 14:30:59,124,0,3050,2
2026-07-30 14:31:00,125,0,3050,2
2026-07-30 14:31:01,125,0,3050,2
2026-07-30 14:31:02,124,0,3050,2
2026-07-30 14:31:03,124,0,3050,2
2026-07-30 14:31:03,125,0,3050,2
2026-07-30 14:31:04,124,0,3050,2
2026-07-30 14:31:06,125,0,3050,2
2026-07-30 14:31:07,124,0,3050,2
2026-07-30 14:31:07,125,0,3050,2
2026-07-30 14:31:09,124,0,3050,2
2026-07-30 14:31:10,124,0,3050,2
2026-07-30 14:31:11,125,0,3050,2
2026-07-30 14:31:11,124,0,3050,2
2026-07-30 14:31:13,124,0,3050,2
2026-07-30 14:31:14,124,0,3050,2
2026-07-30 14:31:15,124,0,3050,2
2026-07-30 14:31:15,124,0,3050,2
2026-07-30 14:31:16,125,0,3050,2
2026-07-30 14:31:18,124,0,3050,2
2026-07-30 14:31:19,123,0,3050,2
2026-07-30 14:31:20,123,0,3050,2
2026-07-30 14:31:21,124,0,3050,2
2026-07-30 14:31:22,125,0,3050,2
2026-07-30 14:31:23,122,0,3050,2
2026-07-30 14:31:24,124,0,3050,2
2026-07-30 14:31:24,124,0,3050,2
2026-07-30 14:31:25,124,0,3050,2
2026-07-30 14:31:27,124,0,3050,2
2026-07-30 14:31:28,123,0,3050,2
2026-07-30 14:31:28,124,0,3050,2
2026-07-30 14:31:29,123,0,3050,2
2026-07-30 14:31:31,123,0,3050,2
2026-07-30 14:31:32,123,0,3050,2
2026-07-30 14:31:33,124,0,3050,2
2026-07-30 14:31:33,124,0,3050,2
2026-07-30 14:31:35,123,0,3050,2
2026-07-30 14:31:36,123,0,3050,2
2026-07-30 14:31:37,123,0,3050,2
2026-07-30 14:31:37,123,0,3050,2
2026-07-30 14:31:38,124,0,3050,2
2026-07-30 14:31:40,123,0,3050,2
2026-07-30 14:31:41,123,0,3050,2
2026-07-30 14:31:42,123,0,3050,2
2026-07-30 14:31:42,123,0,3050,2
2026-07-30 14:31:44,123,0,3050,2
2026-07-30 14:31:45,124,0,3050,2
2026-07-30 14:31:45,124,0,3050,2
2026-07-30 14:31:47,124,0,3050,2
2026-07-30 14:31:48,122,0,3050,2
2026-07-30 14:31:49,123,0,3050,2
2026-07-30 14:31:50,124,0,3050,2
2026-07-30 14:31:51,125,0,3050,2
2026-07-30 14:31:51,123,0,3050,2
2026-07-30 14:31:53,123,0,3050,2
2026-07-30 14:31:54,123,0,3050,2
2026-07-30 14:31:54,123,0,3050,2
2026-07-30 14:31:56,123,0,3050,2
2026-07-30 14:31:57,122,0,3050,2
2026-07-30 14:31:58,123,0,3050,2
2026-07-30 14:31:59,123,0,3050,2
2026-07-30 14:31:59,123,0,3050,2
2026-07-30 14:32:01,124,0,3050,2
2026-07-30 14:32:02,123,0,3050,2
2026-07-30 14:32:03,123,0,3050,2
2026-07-30 14:32:03,124,0,3050,2
2026-07-30 14:32:05,123,0,3050,2
2026-07-30 14:32:06,123,0,3050,2
2026-07-30 14:32:07,123,0,3050,2
2026-07-30 14:32:07,124,0,3050,2
2026-07-30 14:32:09,124,0,3050,2
2026-07-30 14:32:10,123,0,3050,2
2026-07-30 14:32:11,123,0,3050,2
2026-07-30 14:32:11,123,0,3050,2
2026-07-30 14:32:12,123,0,3050,2
2026-07-30 14:32:14,123,0,3050,2
2026-07-30 14:32:15,123,0,3050,2
2026-07-30 14:32:16,124,0,3050,2
2026-07-30 14:32:17,123,0,3050,2
2026-07-30 14:32:18,124,0,3050,2
2026-07-30 14:32:19,123,0,3050,2
2026-07-30 14:32:19,123,0,3050,2
2026-07-30 14:32:20,123,0,3050,2
2026-07-30 14:32:22,124,0,3050,2
2026-07-30 14:32:23,123,0,3050,2
2026-07-30 14:32:24,123,0,3050,2
2026-07-30 14:32:24,123,0,3050,2
2026-07-30 14:32:26,123,0,3050,2
2026-07-30 14:32:27,123,0,3050,2
2026-07-30 14:32:28,124,0,3050,2
2026-07-30 14:32:29,123,0,3050,2
2026-07-30 14:32:29,123,0,3050,2
2026-07-30 14:32:31,123,0,3050,2
2026-07-30 14:32:32,123,0,3050,2
2026-07-30 14:32:33,123,0,3050,2
2026-07-30 14:32:33,123,0,3050,2
2026-07-30 14:32:35,123,0,3050,2
2026-07-30 14:32:36,123,0,3050,2
2026-07-30 14:32:37,124,0,3050,2
2026-07-30 14:32:37,124,0,3050,2
2026-07-30 14:32:39,123,0,3050,2
2026-07-30 14:32:40,124,0,3050,2
2026-07-30 14:32:41,124,0,3050,2
2026-07-30 14:32:41,124,0,3050,2
2026-07-30 14:32:42,124,0,3050,2
2026-07-30 14:32:44,125,0,3050,2
2026-07-30 14:32:45,123,0,3050,2
2026-07-30 14:32:46,123,0,3050,2
2026-07-30 14:32:46,123,0,3050,2
2026-07-30 14:32:48,123,0,3050,2
2026-07-30 14:32:49,124,0,3050,2
2026-07-30 14:32:50,124,0,3050,2
2026-07-30 14:32:50,123,0,3050,2
2026-07-30 14:32:52,123,0,3050,2
2026-07-30 14:32:53,123,0,3050,2
2026-07-30 14:32:54,123,0,3050,2
2026-07-30 14:32:54,124,0,3050,2
2026-07-30 14:32:56,124,0,3050,2
2026-07-30 14:32:57,124,0,3050,2
2026-07-30 14:32:58,124,0,3050,2
2026-07-30 14:32:58,123,0,3050,2
2026-07-30 14:32:59,124,0,3050,2
2026-07-30 14:33:01,123,0,3050,2
2026-07-30 14:33:02,125,0,3050,2
2026-07-30 14:33:03,125,0,3050,2
2026-07-30 14:33:03,125,0,3050,2
2026-07-30 14:33:05,124,0,3050,2
2026-07-30 14:33:06,124,0,3050,2
2026-07-30 14:33:07,124,0,3050,2
2026-07-30 14:33:07,124,0,3050,2
2026-07-30 14:33:09,123,0,3050,2
2026-07-30 14:33:10,123,0,3050,2
2026-07-30 14:33:11,124,0,3050,2
2026-07-30 14:33:12,124,0,3050,2
2026-07-30 14:33:13,124,0,3050,2
2026-07-30 14:33:14,123,0,3050,2
2026-07-30 14:33:15,124,0,3050,2
2026-07-30 14:33:15,123,0,3050,2
2026-07-30 14:33:16,124,0,3050,2
2026-07-30 14:33:18,123,0,3050,2
2026-07-30 14:33:19,123,0,3050,2
2026-07-30 14:33:20,123,0,3050,2
2026-07-30 14:33:21,124,0,3050,2
2026-07-30 14:33:22,124,0,3050,2
2026-07-30 14:33:23,124,0,3050,2
2026-07-30 14:33:23,124,0,3050,2
2026-07-30 14:33:24,123,0,3050,2
2026-07-30 14:33:26,123,0,3050,2
2026-07-30 14:33:27,123,0,3050,2
2026-07-30 14:33:28,122,0,3050,2
2026-07-30 14:33:28,123,0,3050,2
2026-07-30 14:33:30,123,0,3050,2
2026-07-30 14:33:31,124,0,3050,2
2026-07-30 14:33:32,122,0,3050,2
2026-07-30 14:33:33,121,0,3050,2
2026-07-30 14:33:34,124,0,3050,2
2026-07-30 14:33:35,123,0,3050,2
2026-07-30 14:33:36,122,0,3050,2
2026-07-30 14:33:37,123,0,3050,2
2026-07-30 14:33:38,122,0,3050,2
2026-07-30 14:33:39,122,0,3050,2
2026-07-30 14:33:40,123,0,3050,2
2026-07-30 14:33:41,124,0,3050,2
2026-07-30 14:33:41,123,0,3050,2
2026-07-30 14:33:43,124,0,3050,2
2026-07-30 14:33:44,123,0,3050,2
2026-07-30 14:33:45,123,0,3050,2
2026-07-30 14:33:45,123,0,3050,2
2026-07-30 14:33:46,123,0,3050,2
2026-07-30 14:33:48,124,0,3050,2
2026-07-30 14:33:49,124,0,3050,2
2026-07-30 14:33:50,123,0,3050,2
2026-07-30 14:33:50,123,0,3050,2
2026-07-30 14:33:52,123,0,3050,2
2026-07-30 14:33:53,123,0,3050,2
2026-07-30 14:33:54,123,0,3050,2
2026-07-30 14:33:55,122,0,3050,2
2026-07-30 14:33:56,124,0,3050,2
2026-07-30 14:33:57,124,0,3050,2
2026-07-30 14:33:58,123,0,3050,2
2026-07-30 14:33:58,123,0,3050,2
2026-07-30 14:34:00,123,0,3050,2
2026-07-30 14:34:01,123,0,3050,2
2026-07-30 14:34:02,124,0,3050,2
2026-07-30 14:34:03,124,0,3050,2
2026-07-30 14:34:03,123,0,3050,2
2026-07-30 14:34:05,124,0,3050,2
2026-07-30 14:34:06,122,0,3050,2
2026-07-30 14:34:07,123,0,3050,2
2026-07-30 14:34:07,124,0,3050,2
2026-07-30 14:34:09,123,0,3050,2
2026-07-30 14:34:10,123,0,3050,2
2026-07-30 14:34:10,123,0,3050,2
2026-07-30 14:34:12,123,0,3050,2
2026-07-30 14:34:13,124,0,3050,2
2026-07-30 14:34:14,123,0,3050,2
2026-07-30 14:34:15,124,0,3050,2
2026-07-30 14:34:16,123,0,3050,2
2026-07-30 14:34:17,122,0,3050,2
2026-07-30 14:34:18,123,0,3050,2
2026-07-30 14:34:19,122,0,3050,2
2026-07-30 14:34:19,123,0,3050,2
2026-07-30 14:34:21,123,0,3050,2
2026-07-30 14:34:22,123,0,3050,2
2026-07-30 14:34:23,122,0,3050,2
2026-07-30 14:34:23,122,0,3050,2
2026-07-30 14:34:25,123,0,3050,2
2026-07-30 14:34:26,123,0,3050,2
2026-07-30 14:34:27,124,0,3050,2
2026-07-30 14:34:27,122,0,3050,2
2026-07-30 14:34:29,122,0,3050,2
2026-07-30 14:34:30,124,0,3050,2
2026-07-30 14:34:31,123,0,3050,2
2026-07-30 14:34:32,122,0,3050,2
2026-07-30 14:34:33,123,0,3050,2
2026-07-30 14:34:34,123,0,3050,2
2026-07-30 14:34:35,123,0,3050,2
2026-07-30 14:34:36,123,0,3050,2
2026-07-30 14:34:37,121,0,3050,2
2026-07-30 14:34:38,122,0,3050,2
2026-07-30 14:34:39,124,0,3050,2
2026-07-30 14:34:40,122,0,3050,2
2026-07-30 14:34:41,123,0,3050,2
2026-07-30 14:34:42,123,0,3050,2
2026-07-30 14:34:43,123,0,3050,2
2026-07-30 14:34:44,122,0,3050,2
2026-07-30 14:34:45,122,0,3050,2
2026-07-30 14:34:46,122,0,3050,2
2026-07-30 14:34:47,123,0,3050,2
2026-07-30 14:34:48,122,0,3050,2
2026-07-30 14:34:49,124,0,3050,2
2026-07-30 14:34:50,123,0,3050,2
2026-07-30 14:34:51,123,0,3050,2
2026-07-30 14:34:52,123,0,3050,2
2026-07-30 14:34:53,123,0,3050,2
2026-07-30 14:34:54,122,0,3050,2
2026-07-30 14:34:55,124,0,3050,2
2026-07-30 14:34:56,123,0,3050,2
2026-07-30 14:34:57,123,0,3050,2
2026-07-30 14:34:58,123,0,3050,2
2026-07-30 14:34:59,123,0,3050,2
2026-07-30 14:35:00,124,0,3050,2
2026-07-30 14:35:01,124,0,3050,2
2026-07-30 14:35:02,123,0,3050,2
2026-07-30 14:35:03,124,0,3050,2
2026-07-30 14:35:04,124,0,3050,2
2026-07-30 14:35:05,122,0,3050,2
2026-07-30 14:35:06,124,0,3050,2
2026-07-30 14:35:07,123,0,3050,2
2026-07-30 14:35:08,123,0,3050,2
2026-07-30 14:35:09,122,0,3050,2
2026-07-30 14:35:10,124,0,3050,2
2026-07-30 14:35:11,123,0,3050,2
2026-07-30 14:35:12,124,0,3050,2
2026-07-30 14:35:13,123,0,3050,2
2026-07-30 14:35:14,123,0,3050,2
2026-07-30 14:35:15,123,0,3050,2
2026-07-30 14:35:15,122,0,3050,2
2026-07-30 14:35:17,122,0,3050,2
2026-07-30 14:35:18,122,0,3050,2
2026-07-30 14:35:19,123,0,3050,2
2026-07-30 14:35:20,123,0,3050,2
2026-07-30 14:35:21,123,0,3050,2
2026-07-30 14:35:22,122,0,3050,2
2026-07-30 14:35:23,124,0,3050,2
2026-07-30 14:35:24,123,0,3050,2
2026-07-30 14:35:25,123,0,3050,2
2026-07-30 14:35:26,123,0,3050,2
2026-07-30 14:35:27,124,0,3050,2
2026-07-30 14:35:28,123,0,3050,2
2026-07-30 14:35:29,123,0,3050,2
2026-07-30 14:35:30,124,0,3050,2
2026-07-30 14:35:31,123,0,3050,2
2026-07-30 14:35:32,124,0,3050,2
2026-07-30 14:35:33,123,0,3050,2
2026-07-30 14:35:34,123,0,3050,2
2026-07-30 14:35:35,124,0,3050,2
2026-07-30 14:35:36,124,0,3050,2
2026-07-30 14:35:36,124,0,3050,2
2026-07-30 14:35:37,124,0,3050,2
2026-07-30 14:35:39,124,0,3050,2
2026-07-30 14:35:40,123,0,3050,2
2026-07-30 14:35:40,123,0,3050,2
2026-07-30 14:35:42,124,0,3050,2
2026-07-30 14:35:43,124,0,3050,2
2026-07-30 14:35:44,124,0,3050,2
2026-07-30 14:35:44,124,0,3050,2
2026-07-30 14:35:46,124,0,3050,2
2026-07-30 14:35:47,124,0,3050,2
2026-07-30 14:35:48,123,0,3050,2
2026-07-30 14:35:49,125,0,3050,2
2026-07-30 14:35:50,124,0,3050,2
2026-07-30 14:35:51,124,0,3050,2
2026-07-30 14:35:52,124,0,3050,2
2026-07-30 14:35:53,123,0,3050,2
2026-07-30 14:35:54,124,0,3050,2
2026-07-30 14:35:55,124,0,3050,2
2026-07-30 14:35:56,125,0,3050,2
2026-07-30 14:35:57,123,0,3050,2
2026-07-30 14:35:57,123,0,3050,2
2026-07-30 14:35:59,123,0,3050,2
2026-07-30 14:36:00,124,0,3050,2
2026-07-30 14:36:01,124,0,3050,2
2026-07-30 14:36:01,124,0,3050,2
2026-07-30 14:36:02,124,0,3050,2
2026-07-30 14:36:04,123,0,3050,2
2026-07-30 14:36:05,124,0,3050,2
2026-07-30 14:36:06,123,0,3050,2
2026-07-30 14:36:07,124,0,3050,2
2026-07-30 14:36:08,123,0,3050,2
2026-07-30 14:36:09,124,0,3050,2
2026-07-30 14:36:10,124,0,3050,2
2026-07-30 14:36:11,124,0,3050,2
2026-07-30 14:36:12,123,0,3050,2
2026-07-30 14:36:13,124,0,3050,2
2026-07-30 14:36:14,124,0,3050,2
2026-07-30 14:36:14,123,0,3050,2
2026-07-30 14:36:16,124,0,3050,2
2026-07-30 14:36:17,123,0,3050,2
2026-07-30 14:36:18,123,0,3050,2
2026-07-30 14:36:19,125,0,3050,2
2026-07-30 14:36:20,123,0,3050,2
2026-07-30 14:36:21,124,0,3050,2
2026-07-30 14:36:22,124,0,3050,2
2026-07-30 14:36:23,123,0,3050,2
2026-07-30 14:36:24,124,0,3050,2
2026-07-30 14:36:25,123,0,3050,2
2026-07-30 14:36:26,124,0,3050,2
2026-07-30 14:36:27,124,0,3050,2
2026-07-30 14:36:28,124,0,3050,2
2026-07-30 14:36:29,124,0,3050,2
2026-07-30 14:36:30,123,0,3050,2
2026-07-30 14:36:31,125,0,3050,2
2026-07-30 14:36:32,124,0,3050,2
2026-07-30 14:36:33,124,0,3050,2
2026-07-30 14:36:34,124,0,3050,2
2026-07-30 14:36:35,123,0,3050,2
2026-07-30 14:36:36,124,0,3050,2
2026-07-30 14:36:36,123,0,3050,2
2026-07-30 14:36:38,125,0,3050,2
2026-07-30 14:36:39,124,0,3050,2
2026-07-30 14:36:40,123,0,3050,2
2026-07-30 14:36:40,124,0,3050,2
2026-07-30 14:36:42,123,0,3050,2
2026-07-30 14:36:43,124,0,3050,2
2026-07-30 14:36:44,124,0,3050,2
2026-07-30 14:36:45,124,0,3050,2
2026-07-30 14:36:46,124,0,3050,2
2026-07-30 14:36:47,125,0,3050,2
2026-07-30 14:36:48,124,0,3050,2
2026-07-30 14:36:49,123,0,3050,2
2026-07-30 14:36:50,124,0,3050,2
2026-07-30 14:36:51,123,0,3050,2
2026-07-30 14:36:52,125,0,3050,2
2026-07-30 14:36:53,125,0,3050,2
2026-07-30 14:36:53,124,0,3050,2
2026-07-30 14:36:55,125,0,3050,2
2026-07-30 14:36:56,124,0,3050,2
2026-07-30 14:36:57,124,0,3050,2
2026-07-30 14:36:58,124,0,3050,2
2026-07-30 14:36:59,124,0,3050,2
2026-07-30 14:37:00,124,0,3050,2
2026-07-30 14:37:01,124,0,3050,2
2026-07-30 14:37:01,124,0,3050,2
2026-07-30 14:37:03,124,0,3050,2
2026-07-30 14:37:04,124,0,3050,2
2026-07-30 14:37:05,124,0,3050,2
2026-07-30 14:37:06,124,0,3050,2
2026-07-30 14:37:07,125,0,3050,2
2026-07-30 14:37:07,123,0,3050,2
2026-07-30 14:37:09,124,0,3050,2
2026-07-30 14:37:10,125,0,3050,2
2026-07-30 14:37:11,125,0,3050,2
2026-07-30 14:37:12,124,0,3050,2
2026-07-30 14:37:13,124,0,3050,2
2026-07-30 14:37:14,124,0,3050,2
2026-07-30 14:37:14,126,0,3050,2
2026-07-30 14:37:16,125,0,3050,2
2026-07-30 14:37:17,125,0,3050,2
2026-07-30 14:37:18,124,0,3050,2
2026-07-30 14:37:18,124,0,3050,2
2026-07-30 14:37:20,124,0,3050,2
2026-07-30 14:37:21,125,0,3050,2
2026-07-30 14:37:22,124,0,3050,2
2026-07-30 14:37:23,124,0,3050,2
2026-07-30 14:37:24,124,0,3050,2
2026-07-30 14:37:25,124,0,3050,2
2026-07-30 14:37:26,124,0,3050,2
2026-07-30 14:37:27,124,0,3050,2
2026-07-30 14:37:27,124,0,3050,2
2026-07-30 14:37:29,124,0,3050,2
2026-07-30 14:37:30,124,0,3050,2
2026-07-30 14:37:31,123,0,3050,2
2026-07-30 14:37:32,125,0,3050,2
2026-07-30 14:37:33,125,0,3050,2
2026-07-30 14:37:34,124,0,3050,2
2026-07-30 14:37:35,125,0,3050,2
2026-07-30 14:37:36,124,0,3050,2
2026-07-30 14:37:37,125,0,3050,2
2026-07-30 14:37:38,124,0,3050,2
2026-07-30 14:37:39,124,0,3050,2
2026-07-30 14:37:40,124,0,3050,2
2026-07-30 14:37:40,124,0,3050,2
2026-07-30 14:37:42,125,0,3050,2
2026-07-30 14:37:43,124,0,3050,2
2026-07-30 14:37:44,124,0,3050,2
2026-07-30 14:37:45,124,0,3050,2
2026-07-30 14:37:46,124,0,3050,2
2026-07-30 14:37:47,124,0,3050,2
2026-07-30 14:37:48,123,0,3050,2
2026-07-30 14:37:48,124,0,3050,2
2026-07-30 14:37:50,124,0,3050,2
2026-07-30 14:37:51,124,0,3050,2
2026-07-30 14:37:52,124,0,3050,2
2026-07-30 14:37:53,124,0,3050,2
2026-07-30 14:37:53,124,0,3050,2
2026-07-30 14:37:55,124,0,3050,2
2026-07-30 14:37:56,123,0,3050,2
2026-07-30 14:37:57,125,0,3050,2
2026-07-30 14:37:58,124,0,3050,2
2026-07-30 14:37:59,124,0,3050,2
2026-07-30 14:38:00,124,0,3050,2
2026-07-30 14:38:01,124,0,3050,2
2026-07-30 14:38:02,124,0,3050,2
2026-07-30 14:38:03,124,0,3050,2
2026-07-30 14:38:04,124,0,3050,2
2026-07-30 14:38:05,124,0,3050,2
2026-07-30 14:38:06,123,0,3050,2
2026-07-30 14:38:06,124,0,3050,2
2026-07-30 14:38:08,124,0,3050,2
2026-07-30 14:38:09,124,0,3050,2
2026-07-30 14:38:10,124,0,3050,2
2026-07-30 14:38:10,124,0,3050,2
2026-07-30 14:38:12,124,0,3050,2
2026-07-30 14:38:13,124,0,3050,2
2026-07-30 14:38:14,124,0,3050,2
2026-07-30 14:38:15,124,0,3050,2
2026-07-30 14:38:16,124,0,3050,2
2026-07-30 14:38:17,124,0,3050,2
2026-07-30 14:38:18,124,0,3050,2
2026-07-30 14:38:19,125,0,3050,2
2026-07-30 14:38:20,123,0,3050,2
2026-07-30 14:38:21,124,0,3050,2
2026-07-30 14:38:22,124,0,3050,2
2026-07-30 14:38:23,124,0,3050,2
2026-07-30 14:38:24,124,0,3050,2
2026-07-30 14:38:25,123,0,3050,2
2026-07-30 14:38:26,124,0,3050,2
2026-07-30 14:38:27,124,0,3050,2
2026-07-30 14:38:28,123,0,3050,2
2026-07-30 14:38:29,124,0,3050,2
2026-07-30 14:38:30,124,0,3050,2
2026-07-30 14:38:31,124,0,3050,2
2026-07-30 14:38:32,124,0,3050,2
2026-07-30 14:38:33,124,0,3050,2
2026-07-30 14:38:34,123,0,3050,2
2026-07-30 14:38:35,124,0,3050,2
2026-07-30 14:38:35,124,0,3050,2
2026-07-30 14:38:37,124,0,3050,2
2026-07-30 14:38:38,124,0,3050,2
2026-07-30 14:38:39,124,0,3050,2
2026-07-30 14:38:39,123,0,3050,2
2026-07-30 14:38:40,123,0,3050,2
2026-07-30 14:38:42,124,0,3050,2
2026-07-30 14:38:43,124,0,3050,2
2026-07-30 14:38:44,124,0,3050,2
2026-07-30 14:38:44,124,0,3050,2
2026-07-30 14:38:45,124,0,3050,2
2026-07-30 14:38:47,124,0,3050,2
2026-07-30 14:38:48,124,0,3050,2
2026-07-30 14:38:48,124,0,3050,2
2026-07-30 14:38:50,124,0,3050,2
2026-07-30 14:38:51,124,0,3050,2
2026-07-30 14:38:52,124,0,3050,2
2026-07-30 14:38:52,124,0,3050,2
2026-07-30 14:38:54,124,0,3050,2
2026-07-30 14:38:55,124,0,3050,2
2026-07-30 14:38:56,124,0,3050,2
2026-07-30 14:38:57,124,0,3050,2
2026-07-30 14:38:57,123,0,3050,2
2026-07-30 14:38:59,124,0,3050,2
2026-07-30 14:39:00,124,0,3050,2
2026-07-30 14:39:01,123,0,3050,2
2026-07-30 14:39:02,124,0,3050,2
2026-07-30 14:39:03,124,0,3050,2
2026-07-30 14:39:04,124,0,3050,2
2026-07-30 14:39:05,124,0,3050,2
2026-07-30 14:39:06,124,0,3050,2
2026-07-30 14:39:07,123,0,3050,2
2026-07-30 14:39:08,124,0,3050,2
2026-07-30 14:39:09,124,0,3050,2
2026-07-30 14:39:10,125,0,3050,2
2026-07-30 14:39:11,123,0,3050,2
2026-07-30 14:39:12,124,0,3050,2
2026-07-30 14:39:13,124,0,3050,2
2026-07-30 14:39:14,124,0,3050,2
2026-07-30 14:39:15,124,0,3050,2
2026-07-30 14:39:16,124,0,3050,2
2026-07-30 14:39:17,124,0,3050,2
2026-07-30 14:39:18,124,0,3050,2
2026-07-30 14:39:19,124,0,3050,2
2026-07-30 14:39:20,125,0,3050,2
2026-07-30 14:39:21,123,0,3050,2
2026-07-30 14:39:22,125,0,3050,2
2026-07-30 14:39:23,123,0,3050,2
2026-07-30 14:39:24,124,0,3050,2
2026-07-30 14:39:25,122,0,3050,2
2026-07-30 14:39:26,124,0,3050,2
2026-07-30 14:39:27,124,0,3050,2
2026-07-30 14:39:28,124,0,3050,2
2026-07-30 14:39:29,123,0,3050,2
2026-07-30 14:39:30,124,0,3050,2
2026-07-30 14:39:31,123,0,3050,2
2026-07-30 14:39:32,124,0,3050,2
2026-07-30 14:39:33,124,0,3050,2
2026-07-30 14:39:34,123,0,3050,2
2026-07-30 14:39:35,124,0,3050,2
2026-07-30 14:39:36,123,0,3050,2
2026-07-30 14:39:37,123,0,3050,2
2026-07-30 14:39:38,125,0,3050,2
2026-07-30 14:39:39,125,0,3050,2
2026-07-30 14:39:40,124,0,3050,2
2026-07-30 14:39:41,124,0,3050,2
2026-07-30 14:39:42,124,0,3050,2
2026-07-30 14:39:43,124,0,3050,2
2026-07-30 14:39:44,125,0,3050,2
2026-07-30 14:39:45,124,0,3050,2
2026-07-30 14:39:46,125,0,3050,2
2026-07-30 14:39:47,124,0,3050,2
2026-07-30 14:39:48,124,0,3050,2
2026-07-30 14:39:49,124,0,3050,2
2026-07-30 14:39:50,124,0,3050,2
2026-07-30 14:39:51,123,0,3050,2
2026-07-30 14:39:52,124,0,3050,2
2026-07-30 14:39:53,123,0,3050,2
2026-07-30 14:39:54,123,0,3050,2
2026-07-30 14:39:55,124,0,3050,2
2026-07-30 14:39:56,124,0,3050,2
2026-07-30 14:39:57,125,0,3050,2
2026-07-30 14:39:58,124,0,3050,2
2026-07-30 14:39:59,124,0,3050,2
2026-07-30 14:40:00,123,0,3050,2
2026-07-30 14:40:00,123,0,3050,2
2026-07-30 14:40:02,125,0,3050,2
2026-07-30 14:40:03,124,0,3050,2
2026-07-30 14:40:04,124,0,3050,2
2026-07-30 14:40:05,125,0,3050,2
2026-07-30 14:40:06,125,0,3050,2
2026-07-30 14:40:07,124,0,3050,2
2026-07-30 14:40:08,124,0,3050,2
2026-07-30 14:40:09,124,0,3050,2
2026-07-30 14:40:10,124,0,3050,2
2026-07-30 14:40:11,124,0,3050,2
2026-07-30 14:40:12,126,0,3050,2
2026-07-30 14:40:13,124,0,3050,2
2026-07-30 14:40:14,125,0,3050,2
2026-07-30 14:40:15,125,0,3050,2
2026-07-30 14:40:16,125,0,3050,2
2026-07-30 14:40:17,124,0,3050,2
2026-07-30 14:40:18,125,0,3050,2
2026-07-30 14:40:19,125,0,3050,2
2026-07-30 14:40:20,125,0,3050,2
2026-07-30 14:40:21,125,0,3050,2
2026-07-30 14:40:22,125,0,3050,2
2026-07-30 14:40:23,125,0,3050,2
2026-07-30 14:40:24,124,0,3050,2
2026-07-30 14:40:25,125,0,3050,2
2026-07-30 14:40:26,125,0,3050,2
2026-07-30 14:40:27,126,0,3050,2
2026-07-30 14:40:28,125,0,3050,2
2026-07-30 14:40:29,124,0,3050,2
2026-07-30 14:40:30,125,0,3050,2
2026-07-30 14:40:31,125,0,3050,2
2026-07-30 14:40:32,124,0,3050,2
2026-07-30 14:40:33,124,0,3050,2
2026-07-30 14:40:34,124,0,3050,2
2026-07-30 14:40:35,125,0,3050,2
2026-07-30 14:40:36,125,0,3050,2
2026-07-30 14:40:37,124,0,3050,2
2026-07-30 14:40:38,125,0,3050,2
2026-07-30 14:40:39,124,0,3050,2
2026-07-30 14:40:40,125,0,3050,2
2026-07-30 14:40:41,125,0,3050,2
2026-07-30 14:40:42,125,0,3050,2
2026-07-30 14:40:43,124,0,3050,2
2026-07-30 14:40:44,125,0,3050,2
2026-07-30 14:40:45,124,0,3050,2
2026-07-30 14:40:46,124,0,3050,2
2026-07-30 14:40:47,124,0,3050,2
2026-07-30 14:40:48,123,0,3050,2
2026-07-30 14:40:49,125,0,3050,2
2026-07-30 14:40:50,125,0,3050,2
2026-07-30 14:40:51,123,0,3050,2
2026-07-30 14:40:52,125,0,3050,2
2026-07-30 14:40:53,124,0,3050,2
2026-07-30 14:40:54,124,0,3050,2
2026-07-30 14:40:55,124,0,3050,2
2026-07-30 14:40:56,124,0,3050,2
2026-07-30 14:40:56,125,0,3050,2
2026-07-30 14:40:58,125,0,3050,2
2026-07-30 14:40:59,123,0,3050,2
2026-07-30 14:41:00,125,0,3050,2
2026-07-30 14:41:01,125,0,3050,2
2026-07-30 14:41:02,125,0,3050,2
2026-07-30 14:41:03,124,0,3050,2
2026-07-30 14:41:04,124,0,3050,2
2026-07-30 14:41:05,124,0,3050,2
2026-07-30 14:41:06,126,0,3050,2
2026-07-30 14:41:07,124,0,3050,2
2026-07-30 14:41:08,123,0,3050,2
2026-07-30 14:41:09,124,0,3050,2
2026-07-30 14:41:10,123,0,3050,2
2026-07-30 14:41:11,124,0,3050,2
2026-07-30 14:41:12,124,0,3050,2
2026-07-30 14:41:13,123,0,3050,2
2026-07-30 14:41:14,124,0,3050,2
2026-07-30 14:41:15,124,0,3050,2
2026-07-30 14:41:16,123,0,3050,2
2026-07-30 14:41:17,123,0,3050,2
2026-07-30 14:41:18,124,0,3050,2
2026-07-30 14:41:19,124,0,3050,2
2026-07-30 14:41:20,124,0,3050,2
2026-07-30 14:41:21,125,0,3050,2
2026-07-30 14:41:22,125,0,3050,2
2026-07-30 14:41:23,125,0,3050,2
2026-07-30 14:41:24,124,0,3050,2
2026-07-30 14:41:25,124,0,3050,2
2026-07-30 14:41:26,124,0,3050,2
2026-07-30 14:41:27,125,0,3050,2
2026-07-30 14:41:28,125,0,3050,2
2026-07-30 14:41:29,124,0,3050,2
2026-07-30 14:41:30,124,0,3050,2
2026-07-30 14:41:31,124,0,3050,2
2026-07-30 14:41:32,124,0,3050,2
2026-07-30 14:41:33,124,0,3050,2
2026-07-30 14:41:34,124,0,3050,2
2026-07-30 14:41:35,125,0,3050,2
2026-07-30 14:41:36,124,0,3050,2
2026-07-30 14:41:37,123,0,3050,2
2026-07-30 14:41:38,125,0,3050,2
2026-07-30 14:41:39,124,0,3050,2
2026-07-30 14:41:40,124,0,3050,2
2026-07-30 14:41:41,124,0,3050,2
2026-07-30 14:41:42,124,0,3050,2
2026-07-30 14:41:43,125,0,3050,2
2026-07-30 14:41:44,123,0,3050,2
2026-07-30 14:41:45,125,0,3050,2
2026-07-30 14:41:46,124,0,3050,2
2026-07-30 14:41:47,124,0,3050,2
2026-07-30 14:41:48,124,0,3050,2
2026-07-30 14:41:49,124,0,3050,2
2026-07-30 14:41:50,124,0,3050,2
2026-07-30 14:41:51,124,0,3050,2
2026-07-30 14:41:52,124,0,3050,2
2026-07-30 14:41:53,124,0,3050,2
2026-07-30 14:41:54,125,0,3050,2
2026-07-30 14:41:55,124,0,3050,2
2026-07-30 14:41:56,124,0,3050,2
2026-07-30 14:41:57,124,0,3050,2
2026-07-30 14:41:58,124,0,3050,2
2026-07-30 14:41:59,124,0,3050,2
2026-07-30 14:42:00,123,0,3050,2
2026-07-30 14:42:01,125,0,3050,2
2026-07-30 14:42:02,124,0,3050,2
2026-07-30 14:42:03,124,0,3050,2
2026-07-30 14:42:04,123,0,3050,2
2026-07-30 14:42:05,124,0,3050,2
2026-07-30 14:42:06,125,0,3050,2
2026-07-30 14:42:07,123,0,3050,2
2026-07-30 14:42:08,124,0,3050,2
2026-07-30 14:42:09,123,0,3050,2
2026-07-30 14:42:10,124,0,3050,2
2026-07-30 14:42:11,123,0,3050,2
2026-07-30 14:42:12,123,0,3050,2
2026-07-30 14:42:13,125,0,3050,2
2026-07-30 14:42:14,123,0,3050,2
2026-07-30 14:42:15,124,0,3050,2
2026-07-30 14:42:16,124,0,3050,2
2026-07-30 14:42:17,124,0,3050,2
2026-07-30 14:42:18,123,0,3050,2
2026-07-30 14:42:19,124,0,3050,2
2026-07-30 14:42:20,125,0,3050,2
2026-07-30 14:42:21,125,0,3050,2
2026-07-30 14:42:22,125,0,3050,2
2026-07-30 14:42:23,124,0,3050,2
2026-07-30 14:42:24,124,0,3050,2
2026-07-30 14:42:25,125,0,3050,2
2026-07-30 14:42:26,123,0,3050,2
2026-07-30 14:42:27,125,0,3050,2
2026-07-30 14:42:28,123,0,3050,2
2026-07-30 14:42:29,124,0,3050,2
2026-07-30 14:42:30,125,0,3050,2
2026-07-30 14:42:31,125,0,3050,2
2026-07-30 14:42:32,124,0,3050,2
2026-07-30 14:42:33,124,0,3050,2
2026-07-30 14:42:34,125,0,3050,2
2026-07-30 14:42:35,124,0,3050,2
2026-07-30 14:42:36,124,0,3050,2
2026-07-30 14:42:37,124,0,3050,2
2026-07-30 14:42:38,124,0,3050,2
2026-07-30 14:42:39,124,0,3050,2
2026-07-30 14:42:40,123,0,3050,2
2026-07-30 14:42:41,124,0,3050,2
2026-07-30 14:42:42,125,0,3050,2
2026-07-30 14:42:43,124,0,3050,2
2026-07-30 14:42:44,124,0,3050,2
2026-07-30 14:42:45,123,0,3050,2
2026-07-30 14:42:46,124,0,3050,2
2026-07-30 14:42:47,123,0,3050,2
2026-07-30 14:42:48,124,0,3050,2
2026-07-30 14:42:49,123,0,3050,2
2026-07-30 14:42:50,123,0,3050,2
2026-07-30 14:42:51,124,0,3050,2
2026-07-30 14:42:52,123,0,3050,2
2026-07-30 14:42:53,124,0,3050,2
2026-07-30 14:42:54,123,0,3050,2
2026-07-30 14:42:55,123,0,3050,2
2026-07-30 14:42:56,124,0,3050,2
2026-07-30 14:42:57,123,0,3050,2
2026-07-30 14:42:58,124,0,3050,2
2026-07-30 14:42:59,124,0,3050,2
2026-07-30 14:43:00,123,0,3050,2
2026-07-30 14:43:01,123,0,3050,2
2026-07-30 14:43:02,124,0,3050,2
2026-07-30 14:43:03,124,0,3050,2
2026-07-30 14:43:04,123,0,3050,2
2026-07-30 14:43:05,124,0,3050,2
2026-07-30 14:43:06,123,0,3050,2
2026-07-30 14:43:07,123,0,3050,2
2026-07-30 14:43:08,123,0,3050,2
2026-07-30 14:43:09,123,0,3050,2
2026-07-30 14:43:10,123,0,3050,2
2026-07-30 14:43:11,123,0,3050,2
2026-07-30 14:43:12,124,0,3050,2
2026-07-30 14:43:13,123,0,3050,2
2026-07-30 14:43:14,123,0,3050,2
2026-07-30 14:43:15,124,0,3050,2
2026-07-30 14:43:16,122,0,3050,2
2026-07-30 14:43:17,123,0,3050,2
2026-07-30 14:43:18,123,0,3050,2
2026-07-30 14:43:19,124,0,3050,2
2026-07-30 14:43:20,123,0,3050,2
2026-07-30 14:43:21,123,0,3050,2
2026-07-30 14:43:22,124,0,3050,2
2026-07-30 14:43:23,123,0,3050,2
2026-07-30 14:43:24,122,0,3050,2
2026-07-30 14:43:25,123,0,3050,2
2026-07-30 14:43:26,123,0,3050,2
2026-07-30 14:43:27,123,0,3050,2
2026-07-30 14:43:28,122,0,3050,2
2026-07-30 14:43:29,123,0,3050,2
2026-07-30 14:43:30,123,0,3050,2
2026-07-30 14:43:31,123,0,3050,2
2026-07-30 14:43:32,122,0,3050,2
2026-07-30 14:43:33,123,0,3050,2
2026-07-30 14:43:34,123,0,3050,2
2026-07-30 14:43:35,123,0,3050,2
2026-07-30 14:43:36,124,0,3050,2
2026-07-30 14:43:37,123,0,3050,2
2026-07-30 14:43:38,123,0,3050,2
2026-07-30 14:43:39,123,0,3050,2
2026-07-30 14:43:40,124,0,3050,2
2026-07-30 14:43:41,123,0,3050,2
2026-07-30 14:43:42,124,0,3050,2
2026-07-30 14:43:43,123,0,3050,2
2026-07-30 14:43:44,123,0,3050,2
2026-07-30 14:43:45,122,0,3050,2
2026-07-30 14:43:46,123,0,3050,2
2026-07-30 14:43:47,123,0,3050,2
2026-07-30 14:43:48,122,0,3050,2
2026-07-30 14:43:49,123,0,3050,2
2026-07-30 14:43:50,122,0,3050,2
2026-07-30 14:43:51,122,0,3050,2
2026-07-30 14:43:52,124,0,3050,2
2026-07-30 14:43:53,122,0,3050,2
2026-07-30 14:43:54,122,0,3050,2
2026-07-30 14:43:55,123,0,3050,2
2026-07-30 14:43:56,122,0,3050,2
2026-07-30 14:43:57,123,0,3050,2
2026-07-30 14:43:58,122,0,3050,2
2026-07-30 14:43:59,123,0,3050,2
2026-07-30 14:44:00,123,0,3050,2
2026-07-30 14:44:01,123,0,3050,2
2026-07-30 14:44:02,122,0,3050,2
2026-07-30 14:44:03,122,0,3050,2
2026-07-30 14:44:04,122,0,3050,2
2026-07-30 14:44:05,123,0,3050,2
2026-07-30 14:44:06,123,0,3050,2
2026-07-30 14:44:07,123,0,3050,2
2026-07-30 14:44:08,123,0,3050,2
2026-07-30 14:44:09,122,0,3050,2
2026-07-30 14:44:10,123,0,3050,2
2026-07-30 14:44:11,122,0,3050,2
2026-07-30 14:44:12,124,0,3050,2
2026-07-30 14:44:13,122,0,3050,2
2026-07-30 14:44:14,123,0,3050,2
2026-07-30 14:44:15,124,0,3050,2
2026-07-30 14:44:16,123,0,3050,2
2026-07-30 14:44:17,123,0,3050,2
2026-07-30 14:44:18,123,0,3050,2
2026-07-30 14:44:19,123,0,3050,2
2026-07-30 14:44:20,123,0,3050,2
2026-07-30 14:44:21,124,0,3050,2
2026-07-30 14:44:22,123,0,3050,2
2026-07-30 14:44:23,121,0,3050,2
2026-07-30 14:44:24,124,0,3050,2
2026-07-30 14:44:25,124,0,3050,2
2026-07-30 14:44:26,123,0,3050,2
2026-07-30 14:44:27,123,0,3050,2
2026-07-30 14:44:28,123,0,3050,2
2026-07-30 14:44:29,123,0,3050,2
2026-07-30 14:44:30,125,0,3050,2
2026-07-30 14:44:31,124,0,3050,2
2026-07-30 14:44:32,124,0,3050,2
2026-07-30 14:44:33,124,0,3050,2
2026-07-30 14:44:34,123,0,3050,2
2026-07-30 14:44:35,124,0,3050,2
2026-07-30 14:44:36,123,0,3050,2
2026-07-30 14:44:37,124,0,3050,2
2026-07-30 14:44:38,124,0,3050,2
2026-07-30 14:44:39,123,0,3050,2
2026-07-30 14:44:40,123,0,3050,2
2026-07-30 14:44:41,125,0,3050,2
2026-07-30 14:44:42,124,0,3050,2
2026-07-30 14:44:43,124,0,3050,2
2026-07-30 14:44:44,123,0,3050,2
2026-07-30 14:44:45,124,0,3050,2
2026-07-30 14:44:46,123,0,3050,2
2026-07-30 14:44:47,125,0,3050,2
2026-07-30 14:44:48,124,0,3050,2
2026-07-30 14:44:49,124,0,3050,2
2026-07-30 14:44:50,124,0,3050,2
2026-07-30 14:44:51,125,0,3050,2
2026-07-30 14:44:52,125,0,3050,2
2026-07-30 14:44:53,124,0,3050,2
2026-07-30 14:44:54,124,0,3050,2
2026-07-30 14:44:55,124,0,3050,2
2026-07-30 14:44:56,125,0,3050,2
2026-07-30 14:44:58,124,0,3050,2
2026-07-30 14:44:58,124,0,3050,2
2026-07-30 14:44:59,124,0,3050,2
2026-07-30 14:45:00,123,0,3050,2
2026-07-30 14:45:01,124,0,3050,2
2026-07-30 14:45:02,124,0,3050,2
2026-07-30 14:45:03,124,0,3050,2
2026-07-30 14:45:04,124,0,3050,2
2026-07-30 14:45:05,124,0,3050,2
2026-07-30 14:45:06,123,0,3050,2
2026-07-30 14:45:07,124,0,3050,2
2026-07-30 14:45:08,123,0,3050,2
2026-07-30 14:45:09,124,0,3050,2
2026-07-30 14:45:10,124,0,3050,2
2026-07-30 14:45:11,124,0,3050,2
2026-07-30 14:45:12,124,0,3050,2
2026-07-30 14:45:13,124,0,3050,2
2026-07-30 14:45:14,123,0,3050,2
2026-07-30 14:45:15,124,0,3050,2
2026-07-30 14:45:16,124,0,3050,2
2026-07-30 14:45:17,123,0,3050,2
2026-07-30 14:45:18,123,0,3050,2
2026-07-30 14:45:19,124,0,3050,2
2026-07-30 14:45:20,124,0,3050,2
2026-07-30 14:45:21,124,0,3050,2
2026-07-30 14:45:22,124,0,3050,2
2026-07-30 14:45:23,125,0,3050,2
2026-07-30 14:45:24,124,0,3050,2
2026-07-30 14:45:25,124,0,3050,2
2026-07-30 14:45:26,123,0,3050,2
2026-07-30 14:45:27,124,0,3050,2
2026-07-30 14:45:28,123,0,3050,2
2026-07-30 14:45:29,124,0,3050,2
2026-07-30 14:45:30,123,0,3050,2
2026-07-30 14:45:31,125,0,3050,2
2026-07-30 14:45:32,123,0,3050,2
2026-07-30 14:45:33,124,0,3050,2
2026-07-30 14:45:34,123,0,3050,2
2026-07-30 14:45:35,124,0,3050,2
2026-07-30 14:45:36,123,0,3050,2
2026-07-30 14:45:37,123,0,3050,2
2026-07-30 14:45:38,123,0,3050,2
2026-07-30 14:45:39,124,0,3050,2
2026-07-30 14:45:40,123,0,3050,2
2026-07-30 14:45:41,125,0,3050,2
2026-07-30 14:45:42,124,0,3050,2
2026-07-30 14:45:43,124,0,3050,2
2026-07-30 14:45:44,124,0,3050,2
2026-07-30 14:45:45,123,0,3050,2
2026-07-30 14:45:46,124,0,3050,2
2026-07-30 14:45:47,124,0,3050,2
2026-07-30 14:45:48,125,0,3050,2
2026-07-30 14:45:49,124,0,3050,2
2026-07-30 14:45:50,124,0,3050,2
2026-07-30 14:45:51,124,0,3050,2
2026-07-30 14:45:52,124,0,3050,2
2026-07-30 14:45:53,123,0,3050,2
2026-07-30 14:45:54,124,0,3050,2
2026-07-30 14:45:55,123,0,3050,2
2026-07-30 14:45:56,125,0,3050,2
2026-07-30 14:45:57,124,0,3050,2
2026-07-30 14:45:58,124,0,3050,2
2026-07-30 14:45:59,124,0,3050,2
2026-07-30 14:46:00,123,0,3050,2
2026-07-30 14:46:01,123,0,3050,2
2026-07-30 14:46:02,124,0,3050,2
2026-07-30 14:46:03,124,0,3050,2
2026-07-30 14:46:04,123,0,3050,2
2026-07-30 14:46:05,124,0,3050,2
2026-07-30 14:46:06,123,0,3050,2
2026-07-30 14:46:07,124,0,3050,2
2026-07-30 14:46:08,123,0,3050,2
2026-07-30 14:46:09,123,0,3050,2
2026-07-30 14:46:10,124,0,3050,2
2026-07-30 14:46:11,124,0,3050,2
2026-07-30 14:46:12,124,0,3050,2
2026-07-30 14:46:13,123,0,3050,2
2026-07-30 14:46:14,124,0,3050,2
2026-07-30 14:46:15,124,0,3050,2
2026-07-30 14:46:16,125,0,3050,2
2026-07-30 14:46:17,124,0,3050,2
2026-07-30 14:46:18,123,0,3050,2
2026-07-30 14:46:19,125,0,3050,2
2026-07-30 14:46:20,123,0,3050,2
2026-07-30 14:46:21,124,0,3050,2
2026-07-30 14:46:22,124,0,3050,2
2026-07-30 14:46:23,124,0,3050,2
2026-07-30 14:46:24,125,0,3050,2
2026-07-30 14:46:25,124,0,3050,2
2026-07-30 14:46:26,124,0,3050,2
2026-07-30 14:46:27,124,0,3050,2
2026-07-30 14:46:28,123,0,3050,2
2026-07-30 14:46:29,124,0,3050,2
2026-07-30 14:46:30,124,0,3050,2
2026-07-30 14:46:31,125,0,3050,2
2026-07-30 14:46:32,124,0,3050,2
2026-07-30 14:46:33,124,0,3050,2
2026-07-30 14:46:34,124,0,3050,2
2026-07-30 14:46:35,124,0,3050,2
2026-07-30 14:46:36,125,0,3050,2
2026-07-30 14:46:37,123,0,3050,2
2026-07-30 14:46:38,124,0,3050,2
2026-07-30 14:46:39,124,0,3050,2
2026-07-30 14:46:40,125,0,3050,2
2026-07-30 14:46:41,124,0,3050,2
2026-07-30 14:46:42,124,0,3050,2
2026-07-30 14:46:43,124,0,3050,2
2026-07-30 14:46:44,124,0,3050,2
2026-07-30 14:46:45,124,0,3050,2
2026-07-30 14:46:46,124,0,3050,2
2026-07-30 14:46:47,124,0,3050,2
2026-07-30 14:46:48,124,0,3050,2
2026-07-30 14:46:49,125,0,3050,2
2026-07-30 14:46:50,124,0,3050,2
2026-07-30 14:46:51,123,0,3050,2
2026-07-30 14:46:52,124,0,3050,2
2026-07-30 14:46:53,124,0,3050,2
2026-07-30 14:46:54,123,0,3050,2
2026-07-30 14:46:55,123,0,3050,2
2026-07-30 14:46:56,124,0,3050,2
2026-07-30 14:46:57,123,0,3050,2
2026-07-30 14:46:58,123,0,3050,2
2026-07-30 14:46:59,124,0,3050,2
2026-07-30 14:47:00,124,0,3050,2
2026-07-30 14:47:01,123,0,3050,2
2026-07-30 14:47:02,124,0,3050,2
2026-07-30 14:47:03,124,0,3050,2
2026-07-30 14:47:04,124,0,3050,2
2026-07-30 14:47:05,125,0,3050,2
2026-07-30 14:47:06,124,0,3050,2
2026-07-30 14:47:07,123,0,3050,2
2026-07-30 14:47:08,124,0,3050,2
2026-07-30 14:47:09,124,0,3050,2
2026-07-30 14:47:10,123,0,3050,2
2026-07-30 14:47:11,123,0,3050,2
2026-07-30 14:47:12,125,0,3050,2
2026-07-30 14:47:13,124,0,3050,2
2026-07-30 14:47:14,123,0,3050,2
2026-07-30 14:47:15,123,0,3050,2
2026-07-30 14:47:16,124,0,3050,2
2026-07-30 14:47:17,124,0,3050,2
2026-07-30 14:47:18,124,0,3050,2
2026-07-30 14:47:19,123,0,3050,2
2026-07-30 14:47:20,124,0,3050,2
2026-07-30 14:47:21,123,0,3050,2
2026-07-30 14:47:22,123,0,3050,2
2026-07-30 14:47:23,123,0,3050,2
2026-07-30 14:47:24,125,0,3050,2
2026-07-30 14:47:25,124,0,3050,2
2026-07-30 14:47:26,123,0,3050,2
2026-07-30 14:47:27,123,0,3050,2
2026-07-30 14:47:28,124,0,3050,2
2026-07-30 14:47:29,124,0,3050,2
2026-07-30 14:47:30,125,0,3050,2
2026-07-30 14:47:31,124,0,3050,2
2026-07-30 14:47:32,125,0,3050,2
2026-07-30 14:47:33,124,0,3050,2
2026-07-30 14:47:34,124,0,3050,2
2026-07-30 14:47:35,125,0,3050,2
2026-07-30 14:47:36,124,0,3050,2
2026-07-30 14:47:37,125,0,3050,2
2026-07-30 14:47:38,124,0,3050,2
2026-07-30 14:47:39,124,0,3050,2
2026-07-30 14:47:40,124,0,3050,2
2026-07-30 14:47:41,124,0,3050,2
2026-07-30 14:47:42,124,0,3050,2
2026-07-30 14:47:43,126,0,3050,2
2026-07-30 14:47:44,124,0,3050,2
2026-07-30 14:47:45,125,0,3050,2
2026-07-30 14:47:46,124,0,3050,2
2026-07-30 14:47:47,124,0,3050,2
2026-07-30 14:47:48,126,0,3050,2
2026-07-30 14:47:49,125,0,3050,2
2026-07-30 14:47:50,125,0,3050,2
2026-07-30 14:47:51,124,0,3050,2
2026-07-30 14:47:52,124,0,3050,2
2026-07-30 14:47:53,125,0,3050,2
2026-07-30 14:47:54,124,0,3050,2
2026-07-30 14:47:55,123,0,3050,2
2026-07-30 14:47:56,123,0,3050,2
2026-07-30 14:47:57,125,0,3050,2
2026-07-30 14:47:58,124,0,3050,2
2026-07-30 14:47:59,122,0,3050,2
2026-07-30 14:48:00,124,0,3050,2
2026-07-30 14:48:01,124,0,3050,2
2026-07-30 14:48:02,124,0,3050,2
2026-07-30 14:48:03,124,0,3050,2
2026-07-30 14:48:04,125,0,3050,2
2026-07-30 14:48:05,124,0,3050,2
2026-07-30 14:48:06,124,0,3050,2
2026-07-30 14:48:07,126,0,3050,2
2026-07-30 14:48:08,124,0,3050,2
2026-07-30 14:48:09,125,0,3050,2
2026-07-30 14:48:10,124,0,3050,2
2026-07-30 14:48:11,125,0,3050,2
2026-07-30 14:48:12,125,0,3050,2
2026-07-30 14:48:13,125,0,3050,2
2026-07-30 14:48:14,124,0,3050,2
2026-07-30 14:48:15,124,0,3050,2
2026-07-30 14:48:16,124,0,3050,2
2026-07-30 14:48:17,125,0,3050,2
2026-07-30 14:48:18,125,0,3050,2
2026-07-30 14:48:19,124,0,3050,2
2026-07-30 14:48:20,124,0,3050,2
2026-07-30 14:48:21,124,0,3050,2
2026-07-30 14:48:22,125,0,3050,2
2026-07-30 14:48:24,124,0,3050,2
2026-07-30 14:48:24,124,0,3050,2
2026-07-30 14:48:25,125,0,3050,2
2026-07-30 14:48:26,125,0,3050,2
2026-07-30 14:48:27,125,0,3050,2
2026-07-30 14:48:28,124,0,3050,2
2026-07-30 14:48:29,126,0,3050,2
2026-07-30 14:48:30,126,0,3050,2
2026-07-30 14:48:31,125,0,3050,2
2026-07-30 14:48:32,124,0,3050,2
2026-07-30 14:48:33,124,0,3050,2
2026-07-30 14:48:34,124,0,3050,2
2026-07-30 14:48:35,125,0,3050,2
2026-07-30 14:48:36,124,0,3050,2
2026-07-30 14:48:37,126,0,3050,2
2026-07-30 14:48:38,125,0,3050,2
2026-07-30 14:48:39,125,0,3050,2
2026-07-30 14:48:40,125,0,3050,2
2026-07-30 14:48:41,124,0,3050,2
2026-07-30 14:48:42,125,0,3050,2
2026-07-30 14:48:43,125,0,3050,2
2026-07-30 14:48:44,125,0,3050,2
2026-07-30 14:48:45,125,0,3050,2
2026-07-30 14:48:46,125,0,3050,2
2026-07-30 14:48:47,125,0,3050,2
2026-07-30 14:48:48,125,0,3050,2
2026-07-30 14:48:49,126,0,3050,2
2026-07-30 14:48:50,124,0,3050,2
2026-07-30 14:48:51,126,0,3050,2
2026-07-30 14:48:52,125,0,3050,2
2026-07-30 14:48:53,125,0,3050,2
2026-07-30 14:48:54,126,0,3050,2
2026-07-30 14:48:55,125,0,3050,2
2026-07-30 14:48:56,126,0,3050,2
2026-07-30 14:48:57,124,0,3050,2
2026-07-30 14:48:58,125,0,3050,2
2026-07-30 14:48:59,124,0,3050,2
2026-07-30 14:49:01,124,0,3050,2
2026-07-30 14:49:01,125,0,3050,2
2026-07-30 14:49:02,126,0,3050,2
2026-07-30 14:49:03,125,0,3050,2
2026-07-30 14:49:04,124,0,3050,2
2026-07-30 14:49:05,125,0,3050,2
2026-07-30 14:49:06,125,0,3050,2
2026-07-30 14:49:07,126,0,3050,2
2026-07-30 14:49:08,124,0,3050,2
2026-07-30 14:49:09,125,0,3050,2
2026-07-30 14:49:10,125,0,3050,2
2026-07-30 14:49:11,124,0,3050,2
2026-07-30 14:49:12,125,0,3050,2
2026-07-30 14:49:13,126,0,3050,2
2026-07-30 14:49:14,125,0,3050,2
2026-07-30 14:49:15,125,0,3050,2
2026-07-30 14:49:16,125,0,3050,2
2026-07-30 14:49:17,125,0,3050,2
2026-07-30 14:49:18,126,0,3050,2
2026-07-30 14:49:19,126,0,3050,2
2026-07-30 14:49:20,126,0,3050,2
2026-07-30 14:49:21,125,0,3050,2
2026-07-30 14:49:22,126,0,3050,2
2026-07-30 14:49:23,125,0,3050,2
2026-07-30 14:49:24,125,0,3050,2
2026-07-30 14:49:25,125,0,3050,2
2026-07-30 14:49:26,125,0,3050,2
2026-07-30 14:49:27,126,0,3050,2
2026-07-30 14:49:28,126,0,3050,2
2026-07-30 14:49:29,125,0,3050,2
2026-07-30 14:49:30,125,0,3050,2
2026-07-30 14:49:31,125,0,3050,2
2026-07-30 14:49:32,126,0,3050,2
2026-07-30 14:49:33,126,0,3050,2
2026-07-30 14:49:34,125,0,3050,2
2026-07-30 14:49:35,126,0,3050,2
2026-07-30 14:49:36,125,0,3050,2
2026-07-30 14:49:37,125,0,3050,2
2026-07-30 14:49:38,125,0,3050,2
2026-07-30 14:49:39,126,0,3050,2
2026-07-30 14:49:40,126,0,3050,2
2026-07-30 14:49:41,125,0,3050,2
2026-07-30 14:49:42,125,0,3050,2
2026-07-30 14:49:43,126,0,3050,2
2026-07-30 14:49:44,125,0,3050,2
2026-07-30 14:49:45,126,0,3050,2
2026-07-30 14:49:46,125,0,3050,2
2026-07-30 14:49:47,124,0,3050,2
2026-07-30 14:49:48,125,0,3050,2
2026-07-30 14:49:49,125,0,3050,2
2026-07-30 14:49:50,125,0,3050,2
2026-07-30 14:49:51,126,0,3050,2
2026-07-30 14:49:52,125,0,3050,2
2026-07-30 14:49:53,125,0,3050,2
2026-07-30 14:49:54,125,0,3050,2
2026-07-30 14:49:55,127,0,3050,2
2026-07-30 14:49:56,125,0,3050,2
2026-07-30 14:49:57,125,0,3050,2
2026-07-30 14:49:58,126,0,3050,2
2026-07-30 14:49:59,123,0,3050,2
2026-07-30 14:50:00,125,0,3050,2
2026-07-30 14:50:01,124,0,3050,2
2026-07-30 14:50:02,125,0,3050,2
2026-07-30 14:50:03,125,0,3050,2
2026-07-30 14:50:04,125,0,3050,2
2026-07-30 14:50:05,125,0,3050,2
2026-07-30 14:50:06,124,0,3050,2
2026-07-30 14:50:07,125,0,3050,2
2026-07-30 14:50:08,125,0,3050,2
2026-07-30 14:50:09,125,0,3050,2
2026-07-30 14:50:10,125,0,3050,2
2026-07-30 14:50:11,125,0,3050,2
2026-07-30 14:50:12,125,0,3050,2
2026-07-30 14:50:13,125,0,3050,2
2026-07-30 14:50:14,126,0,3050,2
2026-07-30 14:50:15,126,0,3050,2
2026-07-30 14:50:16,126,0,3050,2
2026-07-30 14:50:17,125,0,3050,2
2026-07-30 14:50:18,126,0,3050,2
2026-07-30 14:50:19,126,0,3050,2
2026-07-30 14:50:20,125,0,3050,2
2026-07-30 14:50:21,125,0,3050,2
2026-07-30 14:50:22,125,0,3050,2
2026-07-30 14:50:23,125,0,3050,2
2026-07-30 14:50:24,125,0,3050,2
2026-07-30 14:50:25,125,0,3050,2
2026-07-30 14:50:26,124,0,3050,2
2026-07-30 14:50:27,125,0,3050,2
2026-07-30 14:50:28,124,0,3050,2
2026-07-30 14:50:29,125,0,3050,2
2026-07-30 14:50:30,125,0,3050,2
2026-07-30 14:50:31,126,0,3050,2
2026-07-30 14:50:32,124,0,3050,2
2026-07-30 14:50:33,125,0,3050,2
2026-07-30 14:50:34,125,0,3050,2
2026-07-30 14:50:35,126,0,3050,2
2026-07-30 14:50:36,125,0,3050,2
2026-07-30 14:50:37,126,0,3050,2
2026-07-30 14:50:38,126,0,3050,2
2026-07-30 14:50:39,124,0,3050,2
2026-07-30 14:50:40,126,0,3050,2
2026-07-30 14:50:41,125,0,3050,2
2026-07-30 14:50:42,125,0,3050,2
2026-07-30 14:50:43,125,0,3050,2
2026-07-30 14:50:44,124,0,3050,2
2026-07-30 14:50:45,125,0,3050,2
2026-07-30 14:50:46,124,0,3050,2
2026-07-30 14:50:47,124,0,3050,2
2026-07-30 14:50:48,125,0,3050,2
2026-07-30 14:50:49,125,0,3050,2
2026-07-30 14:50:50,125,0,3050,2
2026-07-30 14:50:51,124,0,3050,2
2026-07-30 14:50:52,124,0,3050,2
2026-07-30 14:50:53,125,0,3050,2
2026-07-30 14:50:54,123,0,3050,2
2026-07-30 14:50:55,124,0,3050,2
2026-07-30 14:50:56,126,0,3050,2
2026-07-30 14:50:57,125,0,3050,2
2026-07-30 14:50:58,125,0,3050,2
2026-07-30 14:50:59,125,0,3050,2
2026-07-30 14:51:00,124,0,3050,2
2026-07-30 14:51:01,126,0,3050,2
2026-07-30 14:51:02,126,0,3050,2
2026-07-30 14:51:03,125,0,3050,2
2026-07-30 14:51:04,125,0,3050,2
2026-07-30 14:51:05,125,0,3050,2
2026-07-30 14:51:06,124,0,3050,2
2026-07-30 14:51:07,125,0,3050,2
2026-07-30 14:51:08,125,0,3050,2
2026-07-30 14:51:09,125,0,3050,2
2026-07-30 14:51:10,124,0,3050,2
2026-07-30 14:51:11,125,0,3050,2
2026-07-30 14:51:12,125,0,3050,2
2026-07-30 14:51:13,124,0,3050,2
2026-07-30 14:51:14,125,0,3050,2
2026-07-30 14:51:15,124,0,3050,2
2026-07-30 14:51:16,125,0,3050,2
2026-07-30 14:51:18,124,0,3050,2
2026-07-30 14:51:18,124,0,3050,2
2026-07-30 14:51:19,125,0,3050,2
2026-07-30 14:51:20,125,0,3050,2
2026-07-30 14:51:21,125,0,3050,2
2026-07-30 14:51:22,125,0,3050,2
2026-07-30 14:51:23,124,0,3050,2
2026-07-30 14:51:24,124,0,3050,2
2026-07-30 14:51:25,125,0,3050,2
2026-07-30 14:51:26,125,0,3050,2
2026-07-30 14:51:27,125,0,3050,2
2026-07-30 14:51:28,124,0,3050,2
2026-07-30 14:51:29,126,0,3050,2
2026-07-30 14:51:30,124,0,3050,2
2026-07-30 14:51:31,125,0,3050,2
2026-07-30 14:51:32,125,0,3050,2
2026-07-30 14:51:33,126,0,3050,2
2026-07-30 14:51:34,124,0,3050,2
2026-07-30 14:51:35,125,0,3050,2
2026-07-30 14:51:36,124,0,3050,2
2026-07-30 14:51:37,126,0,3050,2
2026-07-30 14:51:38,125,0,3050,2
2026-07-30 14:51:39,126,0,3050,2
2026-07-30 14:51:40,125,0,3050,2
2026-07-30 14:51:41,125,0,3050,2
2026-07-30 14:51:42,124,0,3050,2
2026-07-30 14:51:43,124,0,3050,2
2026-07-30 14:51:44,125,0,3050,2
2026-07-30 14:51:45,125,0,3050,2
2026-07-30 14:51:46,126,0,3050,2
2026-07-30 14:51:47,125,0,3050,2
2026-07-30 14:51:48,125,0,3050,2
2026-07-30 14:51:49,126,0,3050,2
2026-07-30 14:51:50,125,0,3050,2
2026-07-30 14:51:51,124,0,3050,2
2026-07-30 14:51:52,124,0,3050,2
2026-07-30 14:51:53,125,0,3050,2
2026-07-30 14:51:54,125,0,3050,2
2026-07-30 14:51:55,125,0,3050,2
2026-07-30 14:51:56,125,0,3050,2
2026-07-30 14:51:57,126,0,3050,2
2026-07-30 14:51:58,126,0,3050,2
2026-07-30 14:51:59,126,0,3050,2
2026-07-30 14:52:00,125,0,3050,2
2026-07-30 14:52:01,125,0,3050,2
2026-07-30 14:52:02,124,0,3050,2
2026-07-30 14:52:03,125,0,3050,2
2026-07-30 14:52:04,124,0,3050,2
2026-07-30 14:52:05,124,0,3050,2
2026-07-30 14:52:06,124,0,3050,2
2026-07-30 14:52:07,126,0,3050,2
2026-07-30 14:52:08,125,0,3050,2
2026-07-30 14:52:09,125,0,3050,2
2026-07-30 14:52:10,124,0,3050,2
2026-07-30 14:52:11,125,0,3050,2
2026-07-30 14:52:12,125,0,3050,2
2026-07-30 14:52:13,125,0,3050,2
2026-07-30 14:52:14,125,0,3050,2
2026-07-30 14:52:15,124,0,3050,2
2026-07-30 14:52:16,125,0,3050,2
2026-07-30 14:52:17,125,0,3050,2
2026-07-30 14:52:18,124,0,3050,2
2026-07-30 14:52:19,124,0,3050,2
2026-07-30 14:52:20,124,0,3050,2
2026-07-30 14:52:21,123,0,3050,2
2026-07-30 14:52:22,125,0,3050,2
2026-07-30 14:52:23,126,0,3050,2
2026-07-30 14:52:24,126,0,3050,2
2026-07-30 14:52:25,124,0,3050,2
2026-07-30 14:52:26,124,0,3050,2
2026-07-30 14:52:27,124,0,3050,2
2026-07-30 14:52:28,125,0,3050,2
2026-07-30 14:52:29,126,0,3050,2
2026-07-30 14:52:30,125,0,3050,2
2026-07-30 14:52:31,124,0,3050,2
2026-07-30 14:52:32,124,0,3050,2
2026-07-30 14:52:33,125,0,3050,2
2026-07-30 14:52:34,125,0,3050,2
2026-07-30 14:52:35,126,0,3050,2
2026-07-30 14:52:36,125,0,3050,2
2026-07-30 14:52:37,125,0,3050,2
2026-07-30 14:52:38,125,0,3050,2
2026-07-30 14:52:39,125,0,3050,2
2026-07-30 14:52:40,126,0,3050,2
2026-07-30 14:52:41,125,0,3050,2
2026-07-30 14:52:42,125,0,3050,2
2026-07-30 14:52:43,126,0,3050,2
2026-07-30 14:52:44,125,0,3050,2
2026-07-30 14:52:45,125,0,3050,2
2026-07-30 14:52:46,125,0,3050,2
2026-07-30 14:52:47,125,0,3050,2
2026-07-30 14:52:48,125,0,3050,2
2026-07-30 14:52:49,125,0,3050,2
2026-07-30 14:52:50,125,0,3050,2
2026-07-30 14:52:51,126,0,3050,2
2026-07-30 14:52:52,126,0,3050,2
2026-07-30 14:52:53,124,0,3050,2
2026-07-30 14:52:54,125,0,3050,2
2026-07-30 14:52:55,125,0,3050,2
2026-07-30 14:52:56,125,0,3050,2
2026-07-30 14:52:57,126,0,3050,2
2026-07-30 14:52:58,126,0,3050,2
2026-07-30 14:52:59,124,0,3050,2
2026-07-30 14:53:00,124,0,3050,2
2026-07-30 14:53:01,125,0,3050,2
2026-07-30 14:53:02,125,0,3050,2
2026-07-30 14:53:03,126,0,3050,2
2026-07-30 14:53:04,124,0,3050,2
2026-07-30 14:53:05,125,0,3050,2
2026-07-30 14:53:06,125,0,3050,2
2026-07-30 14:53:07,126,0,3050,2
2026-07-30 14:53:08,126,0,3050,2
2026-07-30 14:53:09,126,0,3050,2
2026-07-30 14:53:10,125,0,3050,2
2026-07-30 14:53:11,126,0,3050,2
2026-07-30 14:53:12,125,0,3050,2
2026-07-30 14:53:13,125,0,3050,2
2026-07-30 14:53:14,125,0,3050,2
2026-07-30 14:53:15,125,0,3050,2
2026-07-30 14:53:16,125,0,3050,2
2026-07-30 14:53:17,125,0,3050,2
2026-07-30 14:53:18,125,0,3050,2
2026-07-30 14:53:19,125,0,3050,2
2026-07-30 14:53:20,124,0,3050,2
2026-07-30 14:53:21,126,0,3050,2
2026-07-30 14:53:22,124,0,3050,2
2026-07-30 14:53:23,125,0,3050,2
2026-07-30 14:53:24,124,0,3050,2
2026-07-30 14:53:25,125,0,3050,2
2026-07-30 14:53:26,125,0,3050,2
2026-07-30 14:53:27,125,0,3050,2
2026-07-30 14:53:28,124,0,3050,2
2026-07-30 14:53:29,125,0,3050,2
2026-07-30 14:53:30,125,0,3050,2
2026-07-30 14:53:31,125,0,3050,2
2026-07-30 14:53:32,124,0,3050,2
2026-07-30 14:53:33,124,0,3050,2
2026-07-30 14:53:34,125,0,3050,2
2026-07-30 14:53:35,126,0,3050,2
2026-07-30 14:53:36,125,0,3050,2
2026-07-30 14:53:37,125,0,3050,2
2026-07-30 14:53:38,125,0,3050,2
2026-07-30 14:53:39,124,0,3050,2
2026-07-30 14:53:40,124,0,3050,2
2026-07-30 14:53:41,125,0,3050,2
2026-07-30 14:53:42,124,0,3050,2
2026-07-30 14:53:43,126,0,3050,2
2026-07-30 14:53:44,125,0,3050,2
2026-07-30 14:53:45,125,0,3050,2
2026-07-30 14:53:46,126,0,3050,2
2026-07-30 14:53:47,126,0,3050,2
2026-07-30 14:53:48,124,0,3050,2
2026-07-30 14:53:49,125,0,3050,2
2026-07-30 14:53:50,125,0,3050,2
2026-07-30 14:53:51,125,0,3050,2
2026-07-30 14:53:52,125,0,3050,2
2026-07-30 14:53:53,126,0,3050,2
2026-07-30 14:53:54,126,0,3050,2
2026-07-30 14:53:55,125,0,3050,2
2026-07-30 14:53:56,125,0,3050,2
2026-07-30 14:53:57,125,0,3050,2
2026-07-30 14:53:58,124,0,3050,2
2026-07-30 14:53:59,124,0,3050,2
2026-07-30 14:54:00,124,0,3050,2
2026-07-30 14:54:01,125,0,3050,2
2026-07-30 14:54:02,125,0,3050,2
2026-07-30 14:54:03,125,0,3050,2
2026-07-30 14:54:04,126,0,3050,2
2026-07-30 14:54:05,125,0,3050,2
2026-07-30 14:54:06,124,0,3050,2
2026-07-30 14:54:07,125,0,3050,2
2026-07-30 14:54:08,124,0,3050,2
2026-07-30 14:54:09,125,0,3050,2
2026-07-30 14:54:10,124,0,3050,2
2026-07-30 14:54:11,125,0,3050,2
2026-07-30 14:54:12,124,0,3050,2
2026-07-30 14:54:13,124,0,3050,2
2026-07-30 14:54:14,126,0,3050,2
2026-07-30 14:54:15,125,0,3050,2
2026-07-30 14:54:16,125,0,3050,2
2026-07-30 14:54:17,125,0,3050,2
2026-07-30 14:54:18,125,0,3050,2
2026-07-30 14:54:19,126,0,3050,2
2026-07-30 14:54:20,125,0,3050,2
2026-07-30 14:54:21,126,0,3050,2
2026-07-30 14:54:22,125,0,3050,2
2026-07-30 14:54:23,125,0,3050,2
2026-07-30 14:54:24,126,0,3050,2
2026-07-30 14:54:25,124,0,3050,2
2026-07-30 14:54:26,125,0,3050,2
2026-07-30 14:54:27,125,0,3050,2
2026-07-30 14:54:28,125,0,3050,2
2026-07-30 14:54:29,125,0,3050,2
2026-07-30 14:54:30,125,0,3050,2
2026-07-30 14:54:31,125,0,3050,2
2026-07-30 14:54:32,125,0,3050,2
2026-07-30 14:54:33,124,0,3050,2
2026-07-30 14:54:34,125,0,3050,2
2026-07-30 14:54:35,125,0,3050,2
2026-07-30 14:54:36,125,0,3050,2
2026-07-30 14:54:37,125,0,3050,2
2026-07-30 14:54:38,124,0,3050,2
2026-07-30 14:54:39,125,0,3050,2
2026-07-30 14:54:40,126,0,3050,2
2026-07-30 14:54:41,125,0,3050,2
2026-07-30 14:54:42,125,0,3050,2
2026-07-30 14:54:43,125,0,3050,2
2026-07-30 14:54:44,126,0,3050,2
2026-07-30 14:54:45,125,0,3050,2
2026-07-30 14:54:46,126,0,3050,2
2026-07-30 14:54:47,125,0,3050,2
2026-07-30 14:54:48,125,0,3050,2
2026-07-30 14:54:49,126,0,3050,2
2026-07-30 14:54:50,125,0,3050,2
2026-07-30 14:54:51,124,0,3050,2
2026-07-30 14:54:52,126,0,3050,2
2026-07-30 14:54:53,125,0,3050,2
2026-07-30 14:54:54,126,0,3050,2
2026-07-30 14:54:55,125,0,3050,2
2026-07-30 14:54:56,125,0,3050,2
2026-07-30 14:54:57,124,0,3050,2
2026-07-30 14:54:58,125,0,3050,2
2026-07-30 14:54:59,126,0,3050,2
2026-07-30 14:55:00,125,0,3050,2
2026-07-30 14:55:01,126,0,3050,2
2026-07-30 14:55:02,125,0,3050,2
2026-07-30 14:55:03,124,0,3050,2
2026-07-30 14:55:04,125,0,3050,2
2026-07-30 14:55:05,126,0,3050,2
2026-07-30 14:55:06,125,0,3050,2
2026-07-30 14:55:07,126,0,3050,2
2026-07-30 14:55:08,126,0,3050,2
2026-07-30 14:55:09,126,0,3050,2
2026-07-30 14:55:10,125,0,3050,2
2026-07-30 14:55:11,125,0,3050,2
2026-07-30 14:55:12,125,0,3050,2
2026-07-30 14:55:13,126,0,3050,2
2026-07-30 14:55:14,125,0,3050,2
2026-07-30 14:55:15,126,0,3050,2
2026-07-30 14:55:16,124,0,3050,2
2026-07-30 14:55:17,126,0,3050,2
2026-07-30 14:55:18,127,0,3050,2
2026-07-30 14:55:19,125,0,3050,2
2026-07-30 14:55:20,125,0,3050,2
2026-07-30 14:55:21,125,0,3050,2
2026-07-30 14:55:22,125,0,3050,2
2026-07-30 14:55:23,124,0,3050,2
2026-07-30 14:55:24,125,0,3050,2
2026-07-30 14:55:25,125,0,3050,2
2026-07-30 14:55:26,125,0,3050,2
2026-07-30 14:55:27,127,0,3050,2
2026-07-30 14:55:28,124,0,3050,2
2026-07-30 14:55:29,125,0,3050,2
2026-07-30 14:55:30,126,0,3050,2
2026-07-30 14:55:31,125,0,3050,2
2026-07-30 14:55:32,126,0,3050,2
2026-07-30 14:55:33,125,0,3050,2
2026-07-30 14:55:34,125,0,3050,2
2026-07-30 14:55:35,125,0,3050,2
2026-07-30 14:55:36,126,0,3050,2
2026-07-30 14:55:37,126,0,3050,2
2026-07-30 14:55:38,125,0,3050,2
2026-07-30 14:55:39,124,0,3050,2
2026-07-30 14:55:40,124,0,3050,2
2026-07-30 14:55:41,126,0,3050,2
2026-07-30 14:55:42,125,0,3050,2
2026-07-30 14:55:43,125,0,3050,2
2026-07-30 14:55:44,125,0,3050,2
2026-07-30 14:55:45,125,0,3050,2
2026-07-30 14:55:46,126,0,3050,2
2026-07-30 14:55:47,125,0,3050,2
2026-07-30 14:55:48,125,0,3050,2
2026-07-30 14:55:49,125,0,3050,2
2026-07-30 14:55:50,126,0,3050,2
2026-07-30 14:55:51,126,0,3050,2
2026-07-30 14:55:52,125,0,3050,2
2026-07-30 14:55:53,127,0,3050,2
2026-07-30 14:55:54,127,0,3050,2
2026-07-30 14:55:55,125,0,3050,2
2026-07-30 14:55:56,126,0,3050,2
2026-07-30 14:55:57,126,0,3050,2
2026-07-30 14:55:58,127,0,3050,2
2026-07-30 14:55:59,126,0,3050,2
2026-07-30 14:56:00,125,0,3050,2
2026-07-30 14:56:01,125,0,3050,2
2026-07-30 14:56:02,125,0,3050,2
2026-07-30 14:56:03,125,0,3050,2
2026-07-30 14:56:04,126,0,3050,2
2026-07-30 14:56:05,126,0,3050,2
2026-07-30 14:56:06,126,0,3050,2
2026-07-30 14:56:07,126,0,3050,2
2026-07-30 14:56:08,126,0,3050,2
2026-07-30 14:56:09,126,0,3050,2
2026-07-30 14:56:10,126,0,3050,2
2026-07-30 14:56:11,127,0,3050,2
2026-07-30 14:56:12,126,0,3050,2
2026-07-30 14:56:13,126,0,3050,2
2026-07-30 14:56:14,125,0,3050,2
2026-07-30 14:56:15,125,0,3050,2
2026-07-30 14:56:16,126,0,3050,2
2026-07-30 14:56:17,126,0,3050,2
2026-07-30 14:56:18,126,0,3050,2
2026-07-30 14:56:19,125,0,3050,2
2026-07-30 14:56:20,126,0,3050,2
2026-07-30 14:56:21,126,0,3050,2
2026-07-30 14:56:22,126,0,3050,2
2026-07-30 14:56:23,125,0,3050,2
2026-07-30 14:56:24,125,0,3050,2
2026-07-30 14:56:25,125,0,3050,2
2026-07-30 14:56:26,126,0,3050,2
2026-07-30 14:56:27,126,0,3050,2
2026-07-30 14:56:28,125,0,3050,2
2026-07-30 14:56:29,125,0,3050,2
2026-07-30 14:56:30,125,0,3050,2
2026-07-30 14:56:31,125,0,3050,2
2026-07-30 14:56:32,125,0,3050,2
2026-07-30 14:56:33,126,0,3050,2
2026-07-30 14:56:34,126,0,3050,2
2026-07-30 14:56:35,126,0,3050,2
2026-07-30 14:56:36,124,0,3050,2
2026-07-30 14:56:37,126,0,3050,2
2026-07-30 14:56:38,125,0,3050,2
2026-07-30 14:56:39,126,0,3050,2
2026-07-30 14:56:40,125,0,3050,2
2026-07-30 14:56:41,126,0,3050,2
2026-07-30 14:56:42,126,0,3050,2
2026-07-30 14:56:43,125,0,3050,2
2026-07-30 14:56:44,126,0,3050,2
2026-07-30 14:56:45,125,0,3050,2
2026-07-30 14:56:46,125,0,3050,2
2026-07-30 14:56:47,125,0,3050,2
2026-07-30 14:56:48,124,0,3050,2
2026-07-30 14:56:49,125,0,3050,2
2026-07-30 14:56:50,124,0,3050,2
2026-07-30 14:56:51,125,0,3050,2
2026-07-30 14:56:52,125,0,3050,2
2026-07-30 14:56:53,125,0,3050,2
2026-07-30 14:56:54,126,0,3050,2
2026-07-30 14:56:55,125,0,3050,2
2026-07-30 14:56:56,125,0,3050,2
2026-07-30 14:56:57,126,0,3050,2
2026-07-30 14:56:58,124,0,3050,2
2026-07-30 14:56:59,124,0,3050,2
2026-07-30 14:57:00,126,0,3050,2
2026-07-30 14:57:01,124,0,3050,2
2026-07-30 14:57:02,125,0,3050,2
2026-07-30 14:57:03,124,0,3050,2
2026-07-30 14:57:04,123,0,3050,2
2026-07-30 14:57:05,125,0,3050,2
2026-07-30 14:57:06,125,0,3050,2
2026-07-30 14:57:07,124,0,3050,2
2026-07-30 14:57:08,125,0,3050,2
2026-07-30 14:57:09,124,0,3050,2
2026-07-30 14:57:10,125,0,3050,2
2026-07-30 14:57:11,124,0,3050,2
2026-07-30 14:57:12,125,0,3050,2
2026-07-30 14:57:13,124,0,3050,2
2026-07-30 14:57:14,125,0,3050,2
2026-07-30 14:57:15,125,0,3050,2
2026-07-30 14:57:16,124,0,3050,2
2026-07-30 14:57:17,125,0,3050,2
2026-07-30 14:57:18,125,0,3050,2
2026-07-30 14:57:19,124,0,3050,2
2026-07-30 14:57:20,124,0,3050,2
2026-07-30 14:57:21,124,0,3050,2
2026-07-30 14:57:22,124,0,3050,2
2026-07-30 14:57:23,125,0,3050,2
2026-07-30 14:57:24,125,0,3050,2
2026-07-30 14:57:25,125,0,3050,2
2026-07-30 14:57:26,125,0,3050,2
2026-07-30 14:57:27,125,0,3050,2
2026-07-30 14:57:28,125,0,3050,2
2026-07-30 14:57:29,124,0,3050,2
2026-07-30 14:57:30,125,0,3050,2
2026-07-30 14:57:31,124,0,3050,2
2026-07-30 14:57:32,125,0,3050,2
2026-07-30 14:57:33,124,0,3050,2
2026-07-30 14:57:34,126,0,3050,2
2026-07-30 14:57:35,126,0,3050,2
2026-07-30 14:57:36,125,0,3050,2
2026-07-30 14:57:37,126,0,3050,2
2026-07-30 14:57:38,125,0,3050,2
2026-07-30 14:57:39,125,0,3050,2
2026-07-30 14:57:40,125,0,3050,2
2026-07-30 14:57:41,124,0,3050,2
2026-07-30 14:57:42,125,0,3050,2
2026-07-30 14:57:43,124,0,3050,2
2026-07-30 14:57:44,125,0,3050,2
2026-07-30 14:57:45,125,0,3050,2
2026-07-30 14:57:46,125,0,3050,2
2026-07-30 14:57:47,126,0,3050,2
2026-07-30 14:57:48,126,0,3050,2
2026-07-30 14:57:49,125,0,3050,2
2026-07-30 14:57:50,126,0,3050,2
2026-07-30 14:57:51,125,0,3050,2
2026-07-30 14:57:52,124,0,3050,2
2026-07-30 14:57:53,124,0,3050,2
2026-07-30 14:57:54,124,0,3050,2
2026-07-30 14:57:55,124,0,3050,2
2026-07-30 14:57:56,125,0,3050,2
2026-07-30 14:57:57,125,0,3050,2
2026-07-30 14:57:58,124,0,3050,2
2026-07-30 14:57:59,125,0,3050,2
2026-07-30 14:58:00,124,0,3050,2
2026-07-30 14:58:01,126,0,3050,2
2026-07-30 14:58:02,125,0,3050,2
2026-07-30 14:58:03,125,0,3050,2
2026-07-30 14:58:04,125,0,3050,2
2026-07-30 14:58:05,124,0,3050,2
2026-07-30 14:58:06,124,0,3050,2
2026-07-30 14:58:07,124,0,3050,2
2026-07-30 14:58:08,124,0,3050,2
2026-07-30 14:58:09,124,0,3050,2
2026-07-30 14:58:10,124,0,3050,2
2026-07-30 14:58:11,124,0,3050,2
2026-07-30 14:58:12,124,0,3050,2
2026-07-30 14:58:13,125,0,3050,2
2026-07-30 14:58:14,125,0,3050,2
2026-07-30 14:58:15,124,0,3050,2
2026-07-30 14:58:16,124,0,3050,2
2026-07-30 14:58:17,123,0,3050,2
2026-07-30 14:58:18,124,0,3050,2
2026-07-30 14:58:19,125,0,3050,2
2026-07-30 14:58:20,123,0,3050,2
2026-07-30 14:58:21,124,0,3050,2
2026-07-30 14:58:22,124,0,3050,2
2026-07-30 14:58:23,124,0,3050,2
2026-07-30 14:58:24,124,0,3050,2
2026-07-30 14:58:25,123,0,3050,2
2026-07-30 14:58:26,126,0,3050,2
2026-07-30 14:58:27,125,0,3050,2
2026-07-30 14:58:28,124,0,3050,2
2026-07-30 14:58:29,124,0,3050,2
2026-07-30 14:58:30,125,0,3050,2
2026-07-30 14:58:31,125,0,3050,2
2026-07-30 14:58:32,124,0,3050,2
2026-07-30 14:58:33,125,0,3050,2
2026-07-30 14:58:34,126,0,3050,2
2026-07-30 14:58:35,125,0,3050,2
2026-07-30 14:58:36,125,0,3050,2
2026-07-30 14:58:37,125,0,3050,2
2026-07-30 14:58:38,125,0,3050,2
2026-07-30 14:58:39,125,0,3050,2
2026-07-30 14:58:40,124,0,3050,2
2026-07-30 14:58:41,124,0,3050,2
2026-07-30 14:58:42,124,0,3050,2
2026-07-30 14:58:43,124,0,3050,2
2026-07-30 14:58:44,125,0,3050,2
2026-07-30 14:58:45,125,0,3050,2
2026-07-30 14:58:46,124,0,3050,2
2026-07-30 14:58:47,124,0,3050,2
2026-07-30 14:58:48,124,0,3050,2
2026-07-30 14:58:49,125,0,3050,2
2026-07-30 14:58:50,124,0,3050,2
2026-07-30 14:58:51,124,0,3050,2
2026-07-30 14:58:52,126,0,3050,2
2026-07-30 14:58:53,124,0,3050,2
2026-07-30 14:58:54,125,0,3050,2
2026-07-30 14:58:55,124,0,3050,2
2026-07-30 14:58:56,126,0,3050,2
2026-07-30 14:58:57,125,0,3050,2
2026-07-30 14:58:58,125,0,3050,2
2026-07-30 14:58:59,125,0,3050,2
2026-07-30 14:59:00,126,0,3050,2
2026-07-30 14:59:01,124,0,3050,2
2026-07-30 14:59:02,125,0,3050,2
2026-07-30 14:59:03,125,0,3050,2
2026-07-30 14:59:04,124,0,3050,2
2026-07-30 14:59:05,125,0,3050,2
2026-07-30 14:59:06,126,0,3050,2
2026-07-30 14:59:07,126,0,3050,2
2026-07-30 14:59:08,126,0,3050,2
2026-07-30 14:59:09,125,0,3050,2
2026-07-30 14:59:10,125,0,3050,2
2026-07-30 14:59:11,125,0,3050,2
2026-07-30 14:59:12,126,0,3050,2
2026-07-30 14:59:13,125,0,3050,2
2026-07-30 14:59:14,126,0,3050,2
2026-07-30 14:59:15,125,0,3050,2
2026-07-30 14:59:16,125,0,3050,2
2026-07-30 14:59:17,125,0,3050,2
2026-07-30 14:59:18,125,0,3050,2
2026-07-30 14:59:19,126,0,3050,2
2026-07-30 14:59:20,126,0,3050,2
2026-07-30 14:59:21,125,0,3050,2
2026-07-30 14:59:22,126,0,3050,2
2026-07-30 14:59:23,125,0,3050,2
2026-07-30 14:59:24,125,0,3050,2
2026-07-30 14:59:25,125,0,3050,2
2026-07-30 14:59:26,126,0,3050,2
2026-07-30 14:59:27,125,0,3050,2
2026-07-30 14:59:28,125,0,3050,2
2026-07-30 14:59:29,125,0,3050,2
2026-07-30 14:59:30,126,0,3050,2
2026-07-30 14:59:31,126,0,3050,2
2026-07-30 14:59:32,127,0,3050,2
2026-07-30 14:59:33,125,0,3050,2
2026-07-30 14:59:34,124,0,3050,2
2026-07-30 14:59:35,126,0,3050,2
2026-07-30 14:59:36,125,0,3050,2
2026-07-30 14:59:37,125,0,3050,2
2026-07-30 14:59:38,126,0,3050,2
2026-07-30 14:59:39,126,0,3050,2
2026-07-30 14:59:40,126,0,3050,2
2026-07-30 14:59:41,126,0,3050,2
2026-07-30 14:59:42,125,0,3050,2
2026-07-30 14:59:43,124,0,3050,2
2026-07-30 14:59:44,125,0,3050,2
2026-07-30 14:59:45,126,0,3050,2
2026-07-30 14:59:46,124,0,3050,2
2026-07-30 14:59:47,126,0,3050,2
2026-07-30 14:59:48,125,0,3050,2
2026-07-30 14:59:49,125,0,3050,2
2026-07-30 14:59:50,125,0,3050,2
2026-07-30 14:59:51,124,0,3050,2
2026-07-30 14:59:52,126,0,3050,2
2026-07-30 14:59:53,125,0,3050,2
2026-07-30 14:59:54,126,0,3050,2
2026-07-30 14:59:55,124,0,3050,2
2026-07-30 14:59:56,125,0,3050,2
2026-07-30 14:59:57,125,0,3050,2
2026-07-30 14:59:58,126,0,3050,2
2026-07-30 14:59:59,125,0,3050,2
2026-07-30 15:00:00,126,0,3050,2
2026-07-30 15:00:01,126,0,3050,2
2026-07-30 15:00:02,126,0,3050,2
2026-07-30 15:00:03,125,0,3050,2
2026-07-30 15:00:04,125,0,3050,2
2026-07-30 15:00:05,125,0,3050,2
2026-07-30 15:00:06,125,0,3050,2
2026-07-30 15:00:07,126,0,3050,2
2026-07-30 15:00:08,125,0,3050,2
2026-07-30 15:00:09,125,0,3050,2
2026-07-30 15:00:10,126,0,3050,2
2026-07-30 15:00:11,125,0,3050,2
2026-07-30 15:00:12,124,0,3050,2
2026-07-30 15:00:13,125,0,3050,2
2026-07-30 15:00:14,125,0,3050,2
2026-07-30 15:00:15,125,0,3050,2
2026-07-30 15:00:16,125,0,3050,2
2026-07-30 15:00:17,125,0,3050,2
2026-07-30 15:00:18,126,0,3050,2
2026-07-30 15:00:19,125,0,3050,2
2026-07-30 15:00:20,126,0,3050,2
2026-07-30 15:00:21,124,0,3050,2
2026-07-30 15:00:22,125,0,3050,2
2026-07-30 15:00:23,125,0,3050,2
2026-07-30 15:00:24,125,0,3050,2
2026-07-30 15:00:25,126,0,3050,2
2026-07-30 15:00:26,124,0,3050,2
2026-07-30 15:00:27,124,0,3050,2
2026-07-30 15:00:28,125,0,3050,2
2026-07-30 15:00:29,124,0,3050,2
2026-07-30 15:00:30,125,0,3050,2
2026-07-30 15:00:31,125,0,3050,2
2026-07-30 15:00:32,125,0,3050,2
2026-07-30 15:00:33,125,0,3050,2
2026-07-30 15:00:34,124,0,3050,2
2026-07-30 15:00:35,124,0,3050,2
2026-07-30 15:00:36,126,0,3050,2
2026-07-30 15:00:37,124,0,3050,2
2026-07-30 15:00:38,125,0,3050,2
2026-07-30 15:00:39,126,0,3050,2
2026-07-30 15:00:40,124,0,3050,2
2026-07-30 15:00:41,124,0,3050,2
2026-07-30 15:00:42,124,0,3050,2
2026-07-30 15:00:43,124,0,3050,2
2026-07-30 15:00:44,125,0,3050,2
2026-07-30 15:00:45,124,0,3050,2
2026-07-30 15:00:46,123,0,3050,2
2026-07-30 15:00:47,124,0,3050,2
2026-07-30 15:00:48,124,0,3050,2
2026-07-30 15:00:49,125,0,3050,2
2026-07-30 15:00:50,123,0,3050,2
2026-07-30 15:00:51,123,0,3050,2
2026-07-30 15:00:52,124,0,3050,2
2026-07-30 15:00:53,124,0,3050,2
2026-07-30 15:00:54,123,0,3050,2
2026-07-30 15:00:55,124,0,3050,2
2026-07-30 15:00:56,124,0,3050,2
2026-07-30 15:00:57,125,0,3050,2
2026-07-30 15:00:58,123,0,3050,2
2026-07-30 15:00:59,124,0,3050,2
2026-07-30 15:01:00,123,0,3050,2
2026-07-30 15:01:01,124,0,3050,2
2026-07-30 15:01:02,123,0,3050,2
2026-07-30 15:01:03,124,0,3050,2
2026-07-30 15:01:04,123,0,3050,2
2026-07-30 15:01:05,124,0,3050,2
2026-07-30 15:01:06,124,0,3050,2
2026-07-30 15:01:07,124,0,3050,2
2026-07-30 15:01:08,122,0,3050,2
2026-07-30 15:01:09,124,0,3050,2
2026-07-30 15:01:10,124,0,3050,2
2026-07-30 15:01:11,122,0,3050,2
2026-07-30 15:01:12,122,0,3050,2
2026-07-30 15:01:13,122,0,3050,2
2026-07-30 15:01:14,121,0,3050,2
2026-07-30 15:01:15,121,0,3050,2
2026-07-30 15:01:16,123,0,3050,2
2026-07-30 15:01:17,122,0,3050,2
2026-07-30 15:01:18,122,0,3050,2
2026-07-30 15:01:19,122,0,3050,2
2026-07-30 15:01:20,122,0,3050,2
2026-07-30 15:01:21,123,0,3050,2
2026-07-30 15:01:22,121,0,3050,2
2026-07-30 15:01:23,122,0,3050,2
2026-07-30 15:01:24,122,0,3050,2
2026-07-30 15:01:25,122,0,3050,2
2026-07-30 15:01:26,122,0,3050,2
2026-07-30 15:01:27,121,0,3050,2
2026-07-30 15:01:28,122,0,3050,2
2026-07-30 15:01:29,122,0,3050,2
2026-07-30 15:01:30,122,0,3050,2
2026-07-30 15:01:31,123,0,3050,2
2026-07-30 15:01:32,123,0,3050,2
2026-07-30 15:01:33,122,0,3050,2
2026-07-30 15:01:34,122,0,3050,2
2026-07-30 15:01:35,123,0,3050,2
2026-07-30 15:01:36,122,0,3050,2
2026-07-30 15:01:37,123,0,3050,2
2026-07-30 15:01:38,122,0,3050,2
2026-07-30 15:01:39,122,0,3050,2
2026-07-30 15:01:40,122,0,3050,2
2026-07-30 15:01:41,122,0,3050,2
2026-07-30 15:01:42,122,0,3050,2
2026-07-30 15:01:43,122,0,3050,2
2026-07-30 15:01:44,122,0,3050,2
2026-07-30 15:01:45,122,0,3050,2
2026-07-30 15:01:46,122,0,3050,2
2026-07-30 15:01:47,123,0,3050,2
2026-07-30 15:01:48,122,0,3050,2
2026-07-30 15:01:49,122,0,3050,2
2026-07-30 15:01:50,122,0,3050,2
2026-07-30 15:01:51,122,0,3050,2
2026-07-30 15:01:52,121,0,3050,2
2026-07-30 15:01:53,121,0,3050,2
2026-07-30 15:01:54,121,0,3050,2
2026-07-30 15:01:55,123,0,3050,2
2026-07-30 15:01:56,121,0,3050,2
2026-07-30 15:01:57,122,0,3050,2
2026-07-30 15:01:58,122,0,3050,2
2026-07-30 15:01:59,122,0,3050,2
2026-07-30 15:02:00,121,0,3050,2
2026-07-30 15:02:01,122,0,3050,2
2026-07-30 15:02:02,121,0,3050,2
2026-07-30 15:02:03,122,0,3050,2
2026-07-30 15:02:04,123,0,3050,2
2026-07-30 15:02:05,122,0,3050,2
2026-07-30 15:02:06,121,0,3050,2
2026-07-30 15:02:07,122,0,3050,2
2026-07-30 15:02:08,122,0,3050,2
2026-07-30 15:02:09,122,0,3050,2
2026-07-30 15:02:10,122,0,3050,2
2026-07-30 15:02:11,123,0,3050,2
2026-07-30 15:02:12,121,0,3050,2
2026-07-30 15:02:13,120,0,3050,2
2026-07-30 15:02:14,120,0,3050,2
2026-07-30 15:02:15,122,0,3050,2
2026-07-30 15:02:16,122,0,3050,2
2026-07-30 15:02:17,120,0,3050,2
2026-07-30 15:02:18,121,0,3050,2
2026-07-30 15:02:19,121,0,3050,2
2026-07-30 15:02:20,122,0,3050,2
2026-07-30 15:02:21,121,0,3050,2
2026-07-30 15:02:22,121,0,3050,2
2026-07-30 15:02:23,121,0,3050,2
2026-07-30 15:02:24,122,0,3050,2
2026-07-30 15:02:25,121,0,3050,2
2026-07-30 15:02:26,122,0,3050,2
2026-07-30 15:02:27,122,0,3050,2
2026-07-30 15:02:28,122,0,3050,2
2026-07-30 15:02:29,121,0,3050,2
2026-07-30 15:02:30,123,0,3050,2
2026-07-30 15:02:31,122,0,3050,2
2026-07-30 15:02:32,120,0,3050,2
2026-07-30 15:02:33,122,0,3050,2
2026-07-30 15:02:34,122,0,3050,2
2026-07-30 15:02:35,121,0,3050,2
2026-07-30 15:02:36,120,0,3050,2
2026-07-30 15:02:37,121,0,3050,2
2026-07-30 15:02:38,122,0,3050,2
2026-07-30 15:02:39,122,0,3050,2
2026-07-30 15:02:40,121,0,3050,2
2026-07-30 15:02:41,121,0,3050,2
2026-07-30 15:02:42,121,0,3050,2
2026-07-30 15:02:43,121,0,3050,2
2026-07-30 15:02:44,122,0,3050,2
2026-07-30 15:02:45,121,0,3050,2
2026-07-30 15:02:46,122,0,3050,2
2026-07-30 15:02:47,121,0,3050,2
2026-07-30 15:02:48,122,0,3050,2
2026-07-30 15:02:49,120,0,3050,2
2026-07-30 15:02:50,121,0,3050,2
2026-07-30 15:02:51,122,0,3050,2
2026-07-30 15:02:52,121,0,3050,2
2026-07-30 15:02:53,121,0,3050,2
2026-07-30 15:02:54,122,0,3050,2
2026-07-30 15:02:55,121,0,3050,2
2026-07-30 15:02:56,121,0,3050,2
2026-07-30 15:02:57,120,0,3050,2
2026-07-30 15:02:58,121,0,3050,2
2026-07-30 15:02:59,121,0,3050,2
2026-07-30 15:03:00,121,0,3050,2
2026-07-30 15:03:01,122,0,3050,2
2026-07-30 15:03:02,122,0,3050,2
2026-07-30 15:03:03,121,0,3050,2
2026-07-30 15:03:04,122,0,3050,2
2026-07-30 15:03:05,122,0,3050,2
2026-07-30 15:03:06,121,0,3050,2
2026-07-30 15:03:07,120,0,3050,2
2026-07-30 15:03:08,120,0,3050,2
2026-07-30 15:03:09,121,0,3050,2
2026-07-30 15:03:10,122,0,3050,2
2026-07-30 15:03:11,121,0,3050,2
2026-07-30 15:03:12,121,0,3050,2
2026-07-30 15:03:13,122,0,3050,2
2026-07-30 15:03:14,122,0,3050,2
2026-07-30 15:03:15,120,0,3050,2
2026-07-30 15:03:16,121,0,3050,2
2026-07-30 15:03:17,121,0,3050,2
2026-07-30 15:03:18,121,0,3050,2
2026-07-30 15:03:19,120,0,3050,2
2026-07-30 15:03:20,121,0,3050,2
2026-07-30 15:03:21,121,0,3050,2
2026-07-30 15:03:22,121,0,3050,2
2026-07-30 15:03:23,121,0,3050,2
2026-07-30 15:03:24,123,0,3050,2
2026-07-30 15:03:25,121,0,3050,2
2026-07-30 15:03:26,121,0,3050,2
2026-07-30 15:03:27,122,0,3050,2
2026-07-30 15:03:28,122,0,3050,2
2026-07-30 15:03:29,122,0,3050,2
2026-07-30 15:03:30,122,0,3050,2
2026-07-30 15:03:31,121,0,3050,2
2026-07-30 15:03:32,122,0,3050,2
2026-07-30 15:03:33,121,0,3050,2
2026-07-30 15:03:34,121,0,3050,2
2026-07-30 15:03:35,120,0,3050,2
2026-07-30 15:03:36,121,0,3050,2
2026-07-30 15:03:37,120,0,3050,2
2026-07-30 15:03:38,121,0,3050,2
2026-07-30 15:03:39,121,0,3050,2
2026-07-30 15:03:40,120,0,3050,2
2026-07-30 15:03:41,120,0,3050,2
2026-07-30 15:03:42,121,0,3050,2
2026-07-30 15:03:43,120,0,3050,2
2026-07-30 15:03:44,120,0,3050,2
2026-07-30 15:03:45,120,0,3050,2
2026-07-30 15:03:46,120,0,3050,2
2026-07-30 15:03:47,120,0,3050,2
2026-07-30 15:03:48,120,0,3050,2
2026-07-30 15:03:49,120,0,3050,2
2026-07-30 15:03:50,120,0,3050,2
2026-07-30 15:03:51,120,0,3050,2
2026-07-30 15:03:52,121,0,3050,2
2026-07-30 15:03:53,120,0,3050,2
2026-07-30 15:03:54,120,0,3050,2
2026-07-30 15:03:55,121,0,3050,2
2026-07-30 15:03:56,122,0,3050,2
2026-07-30 15:03:57,121,0,3050,2
2026-07-30 15:03:58,119,0,3050,2
2026-07-30 15:03:59,120,0,3050,2
2026-07-30 15:04:00,120,0,3050,2
2026-07-30 15:04:01,120,0,3050,2
2026-07-30 15:04:02,121,0,3050,2
2026-07-30 15:04:03,119,0,3050,2
2026-07-30 15:04:04,120,0,3050,2
2026-07-30 15:04:05,120,0,3050,2
2026-07-30 15:04:06,121,0,3050,2
2026-07-30 15:04:07,120,0,3050,2
2026-07-30 15:04:08,119,0,3050,2
2026-07-30 15:04:09,120,0,3050,2
2026-07-30 15:04:10,120,0,3050,2
2026-07-30 15:04:11,121,0,3050,2
2026-07-30 15:04:12,120,0,3050,2
2026-07-30 15:04:13,120,0,3050,2
2026-07-30 15:04:14,121,0,3050,2
2026-07-30 15:04:15,121,0,3050,2
2026-07-30 15:04:16,119,0,3050,2
2026-07-30 15:04:17,121,0,3050,2
2026-07-30 15:04:18,119,0,3050,2
2026-07-30 15:04:19,120,0,3050,2
2026-07-30 15:04:20,119,0,3050,2
2026-07-30 15:04:21,118,0,3050,2
2026-07-30 15:04:22,120,0,3050,2
2026-07-30 15:04:23,119,0,3050,2
2026-07-30 15:04:24,119,0,3050,2
2026-07-30 15:04:25,119,0,3050,2
2026-07-30 15:04:26,121,0,3050,2
2026-07-30 15:04:27,119,0,3050,2
2026-07-30 15:04:28,120,0,3050,2
2026-07-30 15:04:29,120,0,3050,2
2026-07-30 15:04:30,119,0,3050,2
2026-07-30 15:04:31,121,0,3050,2
2026-07-30 15:04:32,118,0,3050,2
2026-07-30 15:04:33,118,0,3050,2
2026-07-30 15:04:34,120,0,3050,2
2026-07-30 15:04:35,119,0,3050,2
2026-07-30 15:04:36,118,0,3050,2
2026-07-30 15:04:37,119,0,3050,2
2026-07-30 15:04:38,119,0,3050,2
2026-07-30 15:04:39,119,0,3050,2
2026-07-30 15:04:40,119,0,3050,2
2026-07-30 15:04:41,120,0,3050,2
2026-07-30 15:04:42,119,0,3050,2
2026-07-30 15:04:43,120,0,3050,2
2026-07-30 15:04:44,119,0,3050,2
2026-07-30 15:04:45,119,0,3050,2
2026-07-30 15:04:46,119,0,3050,2
