timestamp,sensor1,sensor2,sensor3,mqtt_state
2026-08-09 08:03:31,3050,3050,535,2
2026-08-09 08:03:32,3050,3050,517,2
2026-08-09 08:03:33,3050,3050,522,2
2026-08-09 08:03:34,3050,3050,504,2
2026-08-09 08:03:35,3050,3050,541,2
2026-08-09 08:03:36,3050,3050,525,2
2026-08-09 08:03:37,3050,3050,522,2
2026-08-09 08:03:38,3050,3050,524,2
2026-08-09 08:03:39,3050,3050,533,2
2026-08-09 08:03:40,3050,3050,520,2
2026-08-09 08:03:41,3050,3050,524,2
2026-08-09 08:03:42,3050,3050,534,2
2026-08-09 08:03:43,3050,3050,519,2
2026-08-09 08:03:44,3050,3050,534,2
2026-08-09 08:03:45,3050,3050,524,2
2026-08-09 08:03:46,3050,3050,517,2
2026-08-09 08:03:47,3050,3050,534,2
2026-08-09 08:03:48,3050,3050,537,2
2026-08-09 08:03:49,3050,3050,544,2
2026-08-09 08:03:50,3050,3050,514,2
2026-08-09 08:03:51,3050,3050,518,2
2026-08-09 08:03:52,3050,3050,524,2
2026-08-09 08:03:53,3050,3050,535,2
2026-08-09 08:03:54,3050,3050,544,2
2026-08-09 08:03:55,3050,3050,510,2
2026-08-09 08:03:56,3050,3050,548,2
2026-08-09 08:03:57,3050,3050,531,2
2026-08-09 08:03:58,3050,3050,523,2
2026-08-09 08:03:59,3050,3050,519,2
2026-08-09 08:04:00,3050,3050,527,2
2026-08-09 08:04:01,3050,3050,538,2
2026-08-09 08:04:02,3050,3050,523,2
2026-08-09 08:04:03,3050,3050,531,2
2026-08-09 08:04:04,3050,3050,529,2
2026-08-09 08:04:05,3050,3050,527,2
2026-08-09 08:04:06,3050,3050,526,2
2026-08-09 08:04:07,3050,3050,533,2
2026-08-09 08:04:08,3050,3050,515,2
2026-08-09 08:04:09,3050,3050,524,2
2026-08-09 08:04:10,3050,3050,530,2
2026-08-09 08:04:11,3050,3050,527,2
2026-08-09 08:04:12,3050,3050,528,2
2026-08-09 08:04:13,3050,3050,528,2
2026-08-09 08:04:14,3050,3050,525,2
2026-08-09 08:04:15,3050,3050,529,2
2026-08-09 08:04:16,3050,3050,531,2
2026-08-09 08:04:17,3050,3050,511,2
2026-08-09 08:04:18,3050,3050,528,2
2026-08-09 08:04:19,3050,3050,532,2
2026-08-09 08:04:20,3050,3050,521,2
2026-08-09 08:04:21,3050,3050,516,2
2026-08-09 08:04:22,3050,3050,528,2
2026-08-09 08:04:23,3050,3050,522,2
2026-08-09 08:04:24,3050,3050,528,2
2026-08-09 08:04:25,3050,3050,530,2
2026-08-09 08:04:26,3050,3050,524,2
2026-08-09 08:04:27,3050,3050,512,2
2026-08-09 08:04:28,3050,3050,528,2
2026-08-09 08:04:29,3050,3050,530,2
2026-08-09 08:04:30,3050,3050,532,2
2026-08-09 08:04:31,3050,3050,524,2
2026-08-09 08:04:32,3050,3050,525,2
2026-08-09 08:04:33,3050,3050,518,2
2026-08-09 08:04:34,3050,3050,528,2
2026-08-09 08:04:35,3050,3050,525,2
2026-08-09 08:04:36,3050,3050,527,2
2026-08-09 08:04:37,3050,3050,514,2
2026-08-09 08:04:38,3050,3050,516,2
2026-08-09 08:04:39,3050,3050,520,2
2026-08-09 08:04:40,3050,3050,534,2
2026-08-09 08:04:41,3050,3050,518,2
2026-08-09 08:04:42,3050,3050,532,2
2026-08-09 08:04:43,3050,3050,524,2
2026-08-09 08:04:44,3050,3050,527,2
2026-08-09 08:04:45,3050,3050,505,2
2026-08-09 08:04:46,3050,3050,523,2
2026-08-09 08:04:47,3050,3050,524,2
2026-08-09 08:04:48,3050,3050,526,2
2026-08-09 08:04:49,3050,3050,522,2
2026-08-09 08:04:50,3050,3050,533,2
2026-08-09 08:04:51,3050,3050,523,2
2026-08-09 08:04:52,3050,3050,521,2
2026-08-09 08:04:53,3050,3050,527,2
2026-08-09 08:04:54,3050,3050,543,2
2026-08-09 08:04:55,3050,3050,525,2
2026-08-09 08:04:56,3050,3050,508,2
2026-08-09 08:04:57,3050,3050,523,2
2026-08-09 08:04:58,3050,3050,521,2
2026-08-09 08:04:59,3050,3050,534,2
2026-08-09 08:05:00,3050,3050,513,2
2026-08-09 08:05:01,3050,3050,528,2
2026-08-09 08:05:02,3050,3050,537,2
2026-08-09 08:05:03,3050,3050,532,2
2026-08-09 08:05:04,3050,3050,518,2
2026-08-09 08:05:05,3050,3050,539,2
2026-08-09 08:05:06,3050,3050,531,2
2026-08-09 08:05:07,3050,3050,526,2
2026-08-09 08:05:08,3050,3050,524,2
2026-08-09 08:05:09,3050,3050,536,2
2026-08-09 08:05:10,3050,3050,529,2
2026-08-09 08:05:11,3050,3050,517,2
2026-08-09 08:05:12,3050,3050,526,2
2026-08-09 08:05:13,3050,3050,525,2
2026-08-09 08:05:14,3050,3050,528,2
2026-08-09 08:05:15,3050,3050,524,2
2026-08-09 08:05:16,3050,3050,512,2
2026-08-09 08:05:17,3050,3050,526,2
2026-08-09 08:05:18,3050,3050,538,2
2026-08-09 08:05:19,3050,3050,512,2
2026-08-09 08:05:20,3050,3050,520,2
2026-08-09 08:05:21,3050,3050,523,2
2026-08-09 08:05:22,3050,3050,543,2
2026-08-09 08:05:23,3050,3050,539,2
2026-08-09 08:05:24,3050,3050,511,2
2026-08-09 08:05:25,3050,3050,527,2
2026-08-09 08:05:26,3050,3050,531,2
2026-08-09 08:05:27,3050,3050,522,2
2026-08-09 08:05:28,3050,3050,534,2
2026-08-09 08:05:29,3050,3050,534,2
2026-08-09 08:05:30,3050,3050,525,2
2026-08-09 08:05:31,3050,3050,528,2
2026-08-09 08:05:32,3050,3050,533,2
2026-08-09 08:05:33,3050,3050,533,2
2026-08-09 08:05:34,3050,3050,528,2
2026-08-09 08:05:35,3050,3050,523,2
2026-08-09 08:05:36,3050,3050,528,2
2026-08-09 08:05:37,3050,3050,527,2
2026-08-09 08:05:38,3050,3050,526,2
2026-08-09 08:05:39,3050,3050,524,2
2026-08-09 08:05:40,3050,3050,522,2
2026-08-09 08:05:41,3050,3050,526,2
2026-08-09 08:05:42,3050,3050,524,2
2026-08-09 08:05:43,3050,3050,522,2
2026-08-09 08:05:44,3050,3050,536,2
2026-08-09 08:05:45,3050,3050,539,2
2026-08-09 08:05:46,3050,3050,542,2
2026-08-09 08:05:47,3050,3050,530,2
2026-08-09 08:05:48,3050,3050,522,2
2026-08-09 08:05:49,3050,3050,530,2
2026-08-09 08:05:50,3050,3050,527,2
2026-08-09 08:05:51,3050,3050,521,2
2026-08-09 08:05:52,3050,3050,518,2
2026-08-09 08:05:53,3050,3050,528,2
2026-08-09 08:05:54,3050,3050,524,2
2026-08-09 08:05:55,3050,3050,533,2
2026-08-09 08:05:56,3050,3050,526,2
2026-08-09 08:05:57,3050,3050,540,2
2026-08-09 08:05:58,3050,3050,523,2
2026-08-09 08:05:59,3050,3050,528,2
2026-08-09 08:06:00,3050,3050,505,2
2026-08-09 08:06:01,3050,3050,516,2
2026-08-09 08:06:02,3050,3050,525,2
2026-08-09 08:06:03,3050,3050,520,2
2026-08-09 08:06:04,3050,3050,523,2
2026-08-09 08:06:05,3050,3050,524,2
2026-08-09 08:06:06,3050,3050,533,2
2026-08-09 08:06:07,3050,3050,525,2
2026-08-09 08:06:08,3050,3050,521,2
2026-08-09 08:06:09,3050,3050,523,2
2026-08-09 08:06:10,3050,3050,556,2
2026-08-09 08:06:11,3050,3050,513,2
2026-08-09 08:06:12,3050,3050,525,2
2026-08-09 08:06:13,3050,3050,521,2
2026-08-09 08:06:14,3050,3050,522,2
2026-08-09 08:06:15,3050,3050,538,2
2026-08-09 08:06:16,3050,3050,535,2
2026-08-09 08:06:17,3050,3050,519,2
2026-08-09 08:06:18,3050,3050,521,2
2026-08-09 08:06:19,3050,3050,522,2
2026-08-09 08:06:20,3050,3050,537,2
2026-08-09 08:06:21,3050,3050,524,2
2026-08-09 08:06:22,3050,3050,527,2
2026-08-09 08:06:23,3050,3050,514,2
2026-08-09 08:06:24,3050,3050,525,2
2026-08-09 08:06:25,3050,3050,531,2
2026-08-09 08:06:26,3050,3050,533,2
2026-08-09 08:06:27,3050,3050,523,2
2026-08-09 08:06:28,3050,3050,531,2
2026-08-09 08:06:29,3050,3050,528,2
2026-08-09 08:06:30,3050,3050,516,2
2026-08-09 08:06:31,3050,3050,531,2
2026-08-09 08:06:32,3050,3050,535,2
2026-08-09 08:06:33,3050,3050,513,2
2026-08-09 08:06:34,3050,3050,523,2
2026-08-09 08:06:35,3050,3050,530,2
2026-08-09 08:06:36,3050,3050,538,2
2026-08-09 08:06:37,3050,3050,527,2
2026-08-09 08:06:38,3050,3050,519,2
2026-08-09 08:06:39,3050,3050,527,2
2026-08-09 08:06:40,3050,3050,530,2
2026-08-09 08:06:41,3050,3050,535,2
2026-08-09 08:06:42,3050,3050,523,2
2026-08-09 08:06:43,3050,3050,522,2
2026-08-09 08:06:44,3050,3050,516,2
2026-08-09 08:06:45,3050,3050,516,2
2026-08-09 08:06:46,3050,3050,523,2
2026-08-09 08:06:47,3050,3050,526,2
2026-08-09 08:06:48,3050,3050,529,2
2026-08-09 08:06:49,3050,3050,516,2
2026-08-09 08:06:50,3050,3050,516,2
2026-08-09 08:06:51,3050,3050,524,2
2026-08-09 08:06:52,3050,3050,524,2
2026-08-09 08:06:53,3050,3050,542,2
2026-08-09 08:06:54,3050,3050,519,2
2026-08-09 08:06:55,3050,3050,526,2
2026-08-09 08:06:56,3050,3050,518,2
2026-08-09 08:06:57,3050,3050,525,2
2026-08-09 08:06:58,3050,3050,524,2
2026-08-09 08:06:59,3050,3050,529,2
2026-08-09 08:07:00,3050,3050,530,2
2026-08-09 08:07:01,3050,3050,538,2
2026-08-09 08:07:02,3050,3050,525,2
2026-08-09 08:07:03,3050,3050,531,2
2026-08-09 08:07:04,3050,3050,524,2
2026-08-09 08:07:05,3050,3050,524,2
2026-08-09 08:07:06,3050,3050,523,2
2026-08-09 08:07:07,3050,3050,520,2
2026-08-09 08:07:08,3050,3050,525,2
2026-08-09 08:07:09,3050,3050,529,2
2026-08-09 08:07:10,3050,3050,524,2
2026-08-09 08:07:11,3050,3050,534,2
2026-08-09 08:07:12,3050,3050,525,2
2026-08-09 08:07:13,3050,3050,526,2
2026-08-09 08:07:14,3050,3050,519,2
2026-08-09 08:07:15,3050,3050,515,2
2026-08-09 08:07:16,3050,3050,535,2
2026-08-09 08:07:17,3050,3050,536,2
2026-08-09 08:07:18,3050,3050,510,2
2026-08-09 08:07:19,3050,3050,525,2
2026-08-09 08:07:20,3050,3050,532,2
2026-08-09 08:07:21,3050,3050,535,2
2026-08-09 08:07:22,3050,3050,520,2
2026-08-09 08:07:23,3050,3050,523,2
2026-08-09 08:07:24,3050,3050,532,2
2026-08-09 08:07:25,3050,3050,517,2
2026-08-09 08:07:26,3050,3050,535,2
2026-08-09 08:07:27,3050,3050,531,2
2026-08-09 08:07:28,3050,3050,532,2
2026-08-09 08:07:29,3050,3050,527,2
2026-08-09 08:07:30,3050,3050,521,2
2026-08-09 08:07:31,3050,3050,522,2
2026-08-09 08:07:32,3050,3050,529,2
2026-08-09 08:07:33,3050,3050,518,2
2026-08-09 08:07:34,3050,3050,527,2
2026-08-09 08:07:35,3050,3050,537,2
2026-08-09 08:07:36,3050,3050,510,2
2026-08-09 08:07:37,3050,3050,522,2
2026-08-09 08:07:38,3050,3050,542,2
2026-08-09 08:07:39,3050,3050,520,2
2026-08-09 08:07:40,3050,3050,527,2
2026-08-09 08:07:41,3050,3050,528,2
2026-08-09 08:07:42,3050,3050,527,2
2026-08-09 08:07:43,3050,3050,524,2
2026-08-09 08:07:44,3050,3050,526,2
2026-08-09 08:07:45,3050,3050,528,2
2026-08-09 08:07:46,3050,3050,519,2
2026-08-09 08:07:47,3050,3050,520,2
2026-08-09 08:07:48,3050,3050,531,2
2026-08-09 08:07:49,3050,3050,517,2
2026-08-09 08:07:50,3050,3050,533,2
2026-08-09 08:07:51,3050,3050,517,2
2026-08-09 08:07:52,3050,3050,532,2
2026-08-09 08:07:53,3050,3050,528,2
2026-08-09 08:07:54,3050,3050,536,2
2026-08-09 08:07:55,3050,3050,540,2
2026-08-09 08:07:56,3050,3050,524,2
2026-08-09 08:07:57,3050,3050,524,2
2026-08-09 08:07:58,3050,3050,525,2
2026-08-09 08:07:59,3050,3050,535,2
2026-08-09 08:08:00,3050,3050,516,2
2026-08-09 08:08:01,3050,3050,531,2
2026-08-09 08:08:02,3050,3050,527,2
2026-08-09 08:08:03,3050,3050,536,2
2026-08-09 08:08:04,3050,3050,536,2
2026-08-09 08:08:05,3050,3050,526,2
2026-08-09 08:08:06,3050,3050,522,2
2026-08-09 08:08:07,3050,3050,518,2
2026-08-09 08:08:08,3050,3050,551,2
2026-08-09 08:08:09,3050,3050,534,2
2026-08-09 08:08:10,3050,3050,544,2
2026-08-09 08:08:11,3050,3050,525,2
2026-08-09 08:08:12,3050,3050,538,2
2026-08-09 08:08:13,3050,3050,532,2
2026-08-09 08:08:14,3050,3050,517,2
2026-08-09 08:08:15,3050,3050,527,2
2026-08-09 08:08:16,3050,3050,527,2
2026-08-09 08:08:17,3050,3050,526,2
2026-08-09 08:08:18,3050,3050,529,2
2026-08-09 08:08:19,3050,3050,533,2
2026-08-09 08:08:20,3050,3050,519,2
2026-08-09 08:08:21,3050,3050,515,2
2026-08-09 08:08:22,3050,3050,517,2
2026-08-09 08:08:23,3050,3050,523,2
2026-08-09 08:08:24,3050,3050,535,2
2026-08-09 08:08:25,3050,3050,526,2
2026-08-09 08:08:26,3050,3050,537,2
2026-08-09 08:08:27,3050,3050,541,2
2026-08-09 08:08:28,3050,3050,516,2
2026-08-09 08:08:29,3050,3050,534,2
2026-08-09 08:08:30,3050,3050,527,2
2026-08-09 08:08:31,3050,3050,527,2
2026-08-09 08:08:32,3050,3050,539,2
2026-08-09 08:08:33,3050,3050,536,2
2026-08-09 08:08:34,3050,3050,524,2
2026-08-09 08:08:35,3050,3050,530,2
2026-08-09 08:08:36,3050,3050,522,2
2026-08-09 08:08:37,3050,3050,518,2
2026-08-09 08:08:38,3050,3050,517,2
2026-08-09 08:08:39,3050,3050,524,2
2026-08-09 08:08:40,3050,3050,526,2
2026-08-09 08:08:41,3050,3050,530,2
2026-08-09 08:08:42,3050,3050,536,2
2026-08-09 08:08:43,3050,3050,522,2
2026-08-09 08:08:44,3050,3050,519,2
2026-08-09 08:08:45,3050,3050,526,2
2026-08-09 08:08:46,3050,3050,535,2
2026-08-09 08:08:47,3050,3050,544,2
2026-08-09 08:08:48,3050,3050,525,2
2026-08-09 08:08:49,3050,3050,521,2
2026-08-09 08:08:50,3050,3050,517,2
2026-08-09 08:08:51,3050,3050,528,2
2026-08-09 08:08:52,3050,3050,520,2
2026-08-09 08:08:53,3050,3050,526,2
2026-08-09 08:08:54,3050,3050,527,2
2026-08-09 08:08:55,3050,3050,543,2
2026-08-09 08:08:56,3050,3050,533,2
2026-08-09 08:08:57,3050,3050,532,2
2026-08-09 08:08:58,3050,3050,514,2
2026-08-09 08:08:59,3050,3050,529,2
2026-08-09 08:09:00,3050,3050,536,2
2026-08-09 08:09:01,3050,3050,525,2
2026-08-09 08:09:02,3050,3050,512,2
2026-08-09 08:09:03,3050,3050,523,2
2026-08-09 08:09:04,3050,3050,507,2
2026-08-09 08:09:05,3050,3050,535,2
2026-08-09 08:09:06,3050,3050,515,2
2026-08-09 08:09:07,3050,3050,526,2
2026-08-09 08:09:08,3050,3050,526,2
2026-08-09 08:09:09,3050,3050,530,2
2026-08-09 08:09:10,3050,3050,534,2
2026-08-09 08:09:11,3050,3050,519,2
2026-08-09 08:09:12,3050,3050,525,2
2026-08-09 08:09:13,3050,3050,518,2
2026-08-09 08:09:14,3050,3050,519,2
2026-08-09 08:09:15,3050,3050,520,2
2026-08-09 08:09:16,3050,3050,529,2
2026-08-09 08:09:17,3050,3050,533,2
2026-08-09 08:09:18,3050,3050,526,2
2026-08-09 08:09:19,3050,3050,534,2
2026-08-09 08:09:20,3050,3050,522,2
2026-08-09 08:09:21,3050,3050,523,2
2026-08-09 08:09:22,3050,3050,532,2
2026-08-09 08:09:23,3050,3050,526,2
2026-08-09 08:09:24,3050,3050,529,2
2026-08-09 08:09:25,3050,3050,533,2
2026-08-09 08:09:26,3050,3050,529,2
2026-08-09 08:09:27,3050,3050,514,2
2026-08-09 08:09:28,3050,3050,532,2
2026-08-09 08:09:29,3050,3050,534,2
2026-08-09 08:09:30,3050,3050,523,2
2026-08-09 08:09:31,3050,3050,537,2
2026-08-09 08:09:32,3050,3050,535,2
2026-08-09 08:09:33,3050,3050,515,2
2026-08-09 08:09:34,3050,3050,537,2
2026-08-09 08:09:35,3050,3050,538,2
2026-08-09 08:09:36,3050,3050,526,2
2026-08-09 08:09:37,3050,3050,524,2
2026-08-09 08:09:38,3050,3050,530,2
2026-08-09 08:09:39,3050,3050,520,2
2026-08-09 08:09:40,3050,3050,532,2
2026-08-09 08:09:41,3050,3050,538,2
2026-08-09 08:09:42,3050,3050,528,2
2026-08-09 08:09:43,3050,3050,529,2
2026-08-09 08:09:44,3050,3050,523,2
2026-08-09 08:09:45,3050,3050,530,2
2026-08-09 08:09:46,3050,3050,525,2
2026-08-09 08:09:47,3050,3050,525,2
2026-08-09 08:09:48,3050,3050,524,2
2026-08-09 08:09:49,3050,3050,519,2
2026-08-09 08:09:50,3050,3050,544,2
2026-08-09 08:09:51,3050,3050,527,2
2026-08-09 08:09:52,3050,3050,534,2
2026-08-09 08:09:53,3050,3050,537,2
2026-08-09 08:09:54,3050,3050,525,2
2026-08-09 08:09:55,3050,3050,526,2
2026-08-09 08:09:56,3050,3050,531,2
2026-08-09 08:09:57,3050,3050,528,2
2026-08-09 08:09:58,3050,3050,515,2
2026-08-09 08:09:59,3050,3050,536,2
2026-08-09 08:10:00,3050,3050,533,2
2026-08-09 08:10:01,3050,3050,521,2
2026-08-09 08:10:02,3050,3050,528,2
2026-08-09 08:10:03,3050,3050,522,2
2026-08-09 08:10:04,3050,3050,525,2
2026-08-09 08:10:05,3050,3050,520,2
2026-08-09 08:10:06,3050,3050,525,2
2026-08-09 08:10:07,3050,3050,524,2
2026-08-09 08:10:08,3050,3050,530,2
2026-08-09 08:10:09,3050,3050,527,2
2026-08-09 08:10:10,3050,3050,531,2
2026-08-09 08:10:11,3050,3050,530,2
2026-08-09 08:10:12,3050,3050,526,2
2026-08-09 08:10:13,3050,3050,526,2
2026-08-09 08:10:14,3050,3050,527,2
2026-08-09 08:10:15,3050,3050,529,2
2026-08-09 08:10:16,3050,3050,531,2
2026-08-09 08:10:17,3050,3050,529,2
2026-08-09 08:10:18,3050,3050,533,2
2026-08-09 08:10:19,3050,3050,537,2
2026-08-09 08:10:20,3050,3050,529,2
2026-08-09 08:10:21,3050,3050,524,2
2026-08-09 08:10:22,3050,3050,520,2
2026-08-09 08:10:23,3050,3050,531,2
2026-08-09 08:10:24,3050,3050,522,2
2026-08-09 08:10:25,3050,3050,524,2
2026-08-09 08:10:26,3050,3050,522,2
2026-08-09 08:10:27,3050,3050,535,2
2026-08-09 08:10:28,3050,3050,535,2
2026-08-09 08:10:29,3050,3050,526,2
2026-08-09 08:10:30,3050,3050,529,2
2026-08-09 08:10:31,3050,3050,525,2
2026-08-09 08:10:32,3050,3050,527,2
2026-08-09 08:10:33,3050,3050,526,2
2026-08-09 08:10:34,3050,3050,537,2
2026-08-09 08:10:35,3050,3050,525,2
2026-08-09 08:10:36,3050,3050,539,2
2026-08-09 08:10:37,3050,3050,527,2
2026-08-09 08:10:38,3050,3050,517,2
2026-08-09 08:10:39,3050,3050,531,2
2026-08-09 08:10:40,3050,3050,536,2
2026-08-09 08:10:41,3050,3050,523,2
2026-08-09 08:10:42,3050,3050,536,2
2026-08-09 08:10:43,3050,3050,538,2
2026-08-09 08:10:44,3050,3050,525,2
2026-08-09 08:10:45,3050,3050,537,2
2026-08-09 08:10:46,3050,3050,526,2
2026-08-09 08:10:47,3050,3050,529,2
2026-08-09 08:10:48,3050,3050,523,2
2026-08-09 08:10:49,3050,3050,519,2
2026-08-09 08:10:50,3050,3050,518,2
2026-08-09 08:10:51,3050,3050,540,2
2026-08-09 08:10:52,3050,3050,520,2
2026-08-09 08:10:53,3050,3050,529,2
2026-08-09 08:10:54,3050,3050,531,2
2026-08-09 08:10:55,3050,3050,539,2
2026-08-09 08:10:56,3050,3050,518,2
2026-08-09 08:10:57,3050,3050,531,2
2026-08-09 08:10:58,3050,3050,523,2
2026-08-09 08:10:59,3050,3050,523,2
2026-08-09 08:11:00,3050,3050,530,2
2026-08-09 08:11:01,3050,3050,528,2
2026-08-09 08:11:02,3050,3050,523,2
2026-08-09 08:11:03,3050,3050,520,2
2026-08-09 08:11:04,3050,3050,535,2
2026-08-09 08:11:05,3050,3050,532,2
2026-08-09 08:11:06,3050,3050,518,2
2026-08-09 08:11:07,3050,3050,534,2
2026-08-09 08:11:08,3050,3050,523,2
2026-08-09 08:11:09,3050,3050,509,2
2026-08-09 08:11:10,3050,3050,543,2
2026-08-09 08:11:11,3050,3050,527,2
2026-08-09 08:11:12,3050,3050,519,2
2026-08-09 08:11:13,3050,3050,521,2
2026-08-09 08:11:14,3050,3050,528,2
2026-08-09 08:11:15,3050,3050,536,2
2026-08-09 08:11:16,3050,3050,516,2
2026-08-09 08:11:17,3050,3050,525,2
2026-08-09 08:11:18,3050,3050,528,2
2026-08-09 08:11:19,3050,3050,523,2
2026-08-09 08:11:20,3050,3050,524,2
2026-08-09 08:11:21,3050,3050,512,2
2026-08-09 08:11:22,3050,3050,529,2
2026-08-09 08:11:23,3050,3050,525,2
2026-08-09 08:11:24,3050,3050,538,2
2026-08-09 08:11:25,3050,3050,528,2
2026-08-09 08:11:26,3050,3050,520,2
2026-08-09 08:11:27,3050,3050,523,2
2026-08-09 08:11:28,3050,3050,529,2
2026-08-09 08:11:29,3050,3050,540,2
2026-08-09 08:11:30,3050,3050,526,2
2026-08-09 08:11:31,3050,3050,529,2
2026-08-09 08:11:32,3050,3050,525,2
2026-08-09 08:11:33,3050,3050,546,2
2026-08-09 08:11:34,3050,3050,525,2
2026-08-09 08:11:35,3050,3050,533,2
2026-08-09 08:11:36,3050,3050,529,2
2026-08-09 08:11:37,3050,3050,526,2
2026-08-09 08:11:38,3050,3050,520,2
2026-08-09 08:11:39,3050,3050,534,2
2026-08-09 08:11:40,3050,3050,519,2
2026-08-09 08:11:41,3050,3050,540,2
2026-08-09 08:11:42,3050,3050,534,2
2026-08-09 08:11:43,3050,3050,528,2
2026-08-09 08:11:44,3050,3050,525,2
2026-08-09 08:11:45,3050,3050,536,2
2026-08-09 08:11:46,3050,3050,531,2
2026-08-09 08:11:47,3050,3050,533,2
2026-08-09 08:11:48,3050,3050,530,2
2026-08-09 08:11:49,3050,3050,522,2
2026-08-09 08:11:50,3050,3050,539,2
2026-08-09 08:11:51,3050,3050,535,2
2026-08-09 08:11:52,3050,3050,532,2
2026-08-09 08:11:53,3050,3050,529,2
2026-08-09 08:11:54,3050,3050,521,2
2026-08-09 08:11:55,3050,3050,531,2
2026-08-09 08:11:56,3050,3050,520,2
2026-08-09 08:11:57,3050,3050,537,2
2026-08-09 08:11:58,3050,3050,525,2
2026-08-09 08:11:59,3050,3050,528,2
2026-08-09 08:12:00,3050,3050,532,2
2026-08-09 08:12:01,3050,3050,529,2
2026-08-09 08:12:02,3050,3050,526,2
2026-08-09 08:12:03,3050,3050,523,2
2026-08-09 08:12:04,3050,3050,519,2
2026-08-09 08:12:05,3050,3050,521,2
2026-08-09 08:12:06,3050,3050,520,2
2026-08-09 08:12:07,3050,3050,534,2
2026-08-09 08:12:08,3050,3050,516,2
2026-08-09 08:12:09,3050,3050,538,2
2026-08-09 08:12:10,3050,3050,533,2
2026-08-09 08:12:11,3050,3050,529,2
2026-08-09 08:12:12,3050,3050,530,2
2026-08-09 08:12:13,3050,3050,532,2
2026-08-09 08:12:14,3050,3050,537,2
2026-08-09 08:12:15,3050,3050,527,2
2026-08-09 08:12:16,3050,3050,522,2
2026-08-09 08:12:17,3050,3050,512,2
2026-08-09 08:12:18,3050,3050,524,2
2026-08-09 08:12:19,3050,3050,536,2
2026-08-09 08:12:20,3050,3050,534,2
2026-08-09 08:12:21,3050,3050,535,2
2026-08-09 08:12:22,3050,3050,522,2
2026-08-09 08:12:23,3050,3050,533,2
2026-08-09 08:12:24,3050,3050,534,2
2026-08-09 08:12:25,3050,3050,550,2
2026-08-09 08:12:26,3050,3050,527,2
2026-08-09 08:12:27,3050,3050,517,2
2026-08-09 08:12:28,3050,3050,528,2
2026-08-09 08:12:29,3050,3050,530,2
2026-08-09 08:12:30,3050,3050,541,2
2026-08-09 08:12:31,3050,3050,523,2
2026-08-09 08:12:32,3050,3050,534,2
2026-08-09 08:12:33,3050,3050,523,2
2026-08-09 08:12:34,3050,3050,530,2
2026-08-09 08:12:35,3050,3050,534,2
2026-08-09 08:12:36,3050,3050,522,2
2026-08-09 08:12:37,3050,3050,527,2
2026-08-09 08:12:38,3050,3050,522,2
2026-08-09 08:12:39,3050,3050,531,2
2026-08-09 08:12:40,3050,3050,521,2
2026-08-09 08:12:41,3050,3050,528,2
2026-08-09 08:12:42,3050,3050,537,2
2026-08-09 08:12:43,3050,3050,530,2
2026-08-09 08:12:44,3050,3050,533,2
2026-08-09 08:12:45,3050,3050,536,2
2026-08-09 08:12:46,3050,3050,530,2
2026-08-09 08:12:47,3050,3050,531,2
2026-08-09 08:12:48,3050,3050,533,2
2026-08-09 08:12:49,3050,3050,526,2
2026-08-09 08:12:50,3050,3050,534,2
2026-08-09 08:12:51,3050,3050,526,2
2026-08-09 08:12:52,3050,3050,514,2
2026-08-09 08:12:53,3050,3050,530,2
2026-08-09 08:12:54,3050,3050,529,2
2026-08-09 08:12:55,3050,3050,526,2
2026-08-09 08:12:56,3050,3050,533,2
2026-08-09 08:12:57,3050,3050,519,2
2026-08-09 08:12:58,3050,3050,544,2
2026-08-09 08:12:59,3050,3050,525,2
2026-08-09 08:13:00,3050,3050,534,2
2026-08-09 08:13:01,3050,3050,525,2
2026-08-09 08:13:02,3050,3050,520,2
2026-08-09 08:13:03,3050,3050,522,2
2026-08-09 08:13:04,3050,3050,531,2
2026-08-09 08:13:05,3050,3050,528,2
2026-08-09 08:13:06,3050,3050,527,2
2026-08-09 08:13:07,3050,3050,518,2
2026-08-09 08:13:08,3050,3050,540,2
2026-08-09 08:13:09,3050,3050,524,2
2026-08-09 08:13:10,3050,3050,517,2
2026-08-09 08:13:11,3050,3050,535,2
2026-08-09 08:13:12,3050,3050,527,2
2026-08-09 08:13:13,3050,3050,532,2
2026-08-09 08:13:14,3050,3050,529,2
2026-08-09 08:13:15,3050,3050,537,2
2026-08-09 08:13:16,3050,3050,532,2
2026-08-09 08:13:17,3050,3050,525,2
2026-08-09 08:13:18,3050,3050,531,2
2026-08-09 08:13:19,3050,3050,529,2
2026-08-09 08:13:20,3050,3050,522,2
2026-08-09 08:13:21,3050,3050,521,2
2026-08-09 08:13:22,3050,3050,538,2
2026-08-09 08:13:23,3050,3050,539,2
2026-08-09 08:13:24,3050,3050,533,2
2026-08-09 08:13:25,3050,3050,521,2
2026-08-09 08:13:26,3050,3050,523,2
2026-08-09 08:13:27,3050,3050,541,2
2026-08-09 08:13:28,3050,3050,534,2
2026-08-09 08:13:29,3050,3050,546,2
2026-08-09 08:13:30,3050,3050,530,2
2026-08-09 08:13:31,3050,3050,532,2
2026-08-09 08:13:32,3050,3050,536,2
2026-08-09 08:13:33,3050,3050,528,2
2026-08-09 08:13:34,3050,3050,528,2
2026-08-09 08:13:35,3050,3050,522,2
2026-08-09 08:13:36,3050,3050,529,2
2026-08-09 08:13:37,3050,3050,523,2
2026-08-09 08:13:38,3050,3050,525,2
2026-08-09 08:13:39,3050,3050,530,2
2026-08-09 08:13:40,3050,3050,527,2
2026-08-09 08:13:41,3050,3050,531,2
2026-08-09 08:13:42,3050,3050,536,2
2026-08-09 08:13:43,3050,3050,527,2
2026-08-09 08:13:44,3050,3050,520,2
2026-08-09 08:13:45,3050,3050,526,2
2026-08-09 08:13:46,3050,3050,520,2
2026-08-09 08:13:47,3050,3050,534,2
2026-08-09 08:13:48,3050,3050,516,2
2026-08-09 08:13:49,3050,3050,524,2
2026-08-09 08:13:50,3050,3050,536,2
2026-08-09 08:13:51,3050,3050,529,2
2026-08-09 08:13:52,3050,3050,517,2
2026-08-09 08:13:53,3050,3050,529,2
2026-08-09 08:13:54,3050,3050,536,2
2026-08-09 08:13:55,3050,3050,533,2
2026-08-09 08:13:56,3050,3050,521,2
2026-08-09 08:13:57,3050,3050,532,2
2026-08-09 08:13:58,3050,3050,531,2
2026-08-09 08:13:59,3050,3050,535,2
2026-08-09 08:14:00,3050,3050,532,2
2026-08-09 08:14:01,3050,3050,535,2
2026-08-09 08:14:02,3050,3050,518,2
2026-08-09 08:14:03,3050,3050,536,2
2026-08-09 08:14:04,3050,3050,524,2
2026-08-09 08:14:05,3050,3050,526,2
2026-08-09 08:14:06,3050,3050,533,2
2026-08-09 08:14:07,3050,3050,528,2
2026-08-09 08:14:08,3050,3050,532,2
2026-08-09 08:14:09,3050,3050,528,2
2026-08-09 08:14:10,3050,3050,528,2
2026-08-09 08:14:11,3050,3050,520,2
2026-08-09 08:14:12,3050,3050,528,2
2026-08-09 08:14:13,3050,3050,532,2
2026-08-09 08:14:14,3050,3050,536,2
2026-08-09 08:14:15,3050,3050,523,2
2026-08-09 08:14:16,3050,3050,531,2
2026-08-09 08:14:17,3050,3050,533,2
2026-08-09 08:14:18,3050,3050,529,2
2026-08-09 08:14:19,3050,3050,521,2
2026-08-09 08:14:20,3050,3050,538,2
2026-08-09 08:14:21,3050,3050,519,2
2026-08-09 08:14:22,3050,3050,508,2
2026-08-09 08:14:23,3050,3050,534,2
2026-08-09 08:14:24,3050,3050,530,2
2026-08-09 08:14:25,3050,3050,530,2
2026-08-09 08:14:26,3050,3050,546,2
2026-08-09 08:14:27,3050,3050,523,2
2026-08-09 08:14:28,3050,3050,528,2
2026-08-09 08:14:29,3050,3050,519,2
2026-08-09 08:14:30,3050,3050,526,2
2026-08-09 08:14:31,3050,3050,528,2
2026-08-09 08:14:32,3050,3050,520,2
2026-08-09 08:14:33,3050,3050,531,2
2026-08-09 08:14:34,3050,3050,542,2
2026-08-09 08:14:35,3050,3050,531,2
2026-08-09 08:14:36,3050,3050,533,2
2026-08-09 08:14:37,3050,3050,532,2
2026-08-09 08:14:38,3050,3050,535,2
2026-08-09 08:14:39,3050,3050,521,2
2026-08-09 08:14:40,3050,3050,534,2
2026-08-09 08:14:41,3050,3050,530,2
2026-08-09 08:14:42,3050,3050,533,2
2026-08-09 08:14:43,3050,3050,534,2
2026-08-09 08:14:44,3050,3050,537,2
2026-08-09 08:14:45,3050,3050,536,2
2026-08-09 08:14:46,3050,3050,543,2
2026-08-09 08:14:47,3050,3050,535,2
2026-08-09 08:14:48,3050,3050,537,2
2026-08-09 08:14:49,3050,3050,532,2
2026-08-09 08:14:50,3050,3050,526,2
2026-08-09 08:14:51,3050,3050,527,2
2026-08-09 08:14:52,3050,3050,529,2
2026-08-09 08:14:53,3050,3050,541,2
2026-08-09 08:14:54,3050,3050,539,2
2026-08-09 08:14:55,3050,3050,525,2
2026-08-09 08:14:56,3050,3050,522,2
2026-08-09 08:14:57,3050,3050,537,2
2026-08-09 08:14:58,3050,3050,524,2
2026-08-09 08:14:59,3050,3050,526,2
2026-08-09 08:15:00,3050,3050,530,2
2026-08-09 08:15:01,3050,3050,538,2
2026-08-09 08:15:02,3050,3050,532,2
2026-08-09 08:15:03,3050,3050,527,2
2026-08-09 08:15:04,3050,3050,535,2
2026-08-09 08:15:05,3050,3050,530,2
2026-08-09 08:15:06,3050,3050,541,2
2026-08-09 08:15:07,3050,3050,540,2
2026-08-09 08:15:08,3050,3050,539,2
2026-08-09 08:15:09,3050,3050,539,2
2026-08-09 08:15:10,3050,3050,525,2
2026-08-09 08:15:11,3050,3050,540,2
2026-08-09 08:15:12,3050,3050,531,2
2026-08-09 08:15:13,3050,3050,540,2
2026-08-09 08:15:14,3050,3050,532,2
2026-08-09 08:15:15,3050,3050,536,2
2026-08-09 08:15:16,3050,3050,527,2
2026-08-09 08:15:17,3050,3050,533,2
2026-08-09 08:15:18,3050,3050,534,2
2026-08-09 08:15:19,3050,3050,531,2
2026-08-09 08:15:20,3050,3050,524,2
2026-08-09 08:15:21,3050,3050,540,2
2026-08-09 08:15:22,3050,3050,521,2
2026-08-09 08:15:23,3050,3050,533,2
2026-08-09 08:15:24,3050,3050,530,2
2026-08-09 08:15:25,3050,3050,528,2
2026-08-09 08:15:26,3050,3050,534,2
2026-08-09 08:15:27,3050,3050,545,2
2026-08-09 08:15:28,3050,3050,524,2
2026-08-09 08:15:29,3050,3050,530,2
2026-08-09 08:15:30,3050,3050,532,2
2026-08-09 08:15:31,3050,3050,522,2
2026-08-09 08:15:32,3050,3050,522,2
2026-08-09 08:15:33,3050,3050,536,2
2026-08-09 08:15:34,3050,3050,540,2
2026-08-09 08:15:35,3050,3050,540,2
2026-08-09 08:15:36,3050,3050,531,2
2026-08-09 08:15:37,3050,3050,538,2
2026-08-09 08:15:38,3050,3050,543,2
2026-08-09 08:15:39,3050,3050,520,2
2026-08-09 08:15:40,3050,3050,520,2
2026-08-09 08:15:41,3050,3050,535,2
2026-08-09 08:15:42,3050,3050,536,2
2026-08-09 08:15:43,3050,3050,546,2
2026-08-09 08:15:44,3050,3050,532,2
2026-08-09 08:15:45,3050,3050,537,2
2026-08-09 08:15:46,3050,3050,531,2
2026-08-09 08:15:47,3050,3050,541,2
2026-08-09 08:15:48,3050,3050,548,2
2026-08-09 08:15:49,3050,3050,545,2
2026-08-09 08:15:50,3050,3050,535,2
2026-08-09 08:15:51,3050,3050,526,2
2026-08-09 08:15:52,3050,3050,537,2
2026-08-09 08:15:53,3050,3050,526,2
2026-08-09 08:15:54,3050,3050,540,2
2026-08-09 08:15:55,3050,3050,531,2
2026-08-09 08:15:56,3050,3050,526,2
2026-08-09 08:15:57,3050,3050,529,2
2026-08-09 08:15:58,3050,3050,536,2
2026-08-09 08:15:59,3050,3050,531,2
2026-08-09 08:16:00,3050,3050,535,2
2026-08-09 08:16:01,3050,3050,521,2
2026-08-09 08:16:02,3050,3050,539,2
2026-08-09 08:16:03,3050,3050,534,2
2026-08-09 08:16:04,3050,3050,538,2
2026-08-09 08:16:05,3050,3050,531,2
2026-08-09 08:16:06,3050,3050,536,2
2026-08-09 08:16:07,3050,3050,532,2
2026-08-09 08:16:08,3050,3050,535,2
2026-08-09 08:16:09,3050,3050,529,2
2026-08-09 08:16:10,3050,3050,536,2
2026-08-09 08:16:11,3050,3050,539,2
2026-08-09 08:16:12,3050,3050,533,2
2026-08-09 08:16:13,3050,3050,532,2
2026-08-09 08:16:14,3050,3050,528,2
2026-08-09 08:16:15,3050,3050,531,2
2026-08-09 08:16:16,3050,3050,524,2
2026-08-09 08:16:17,3050,3050,535,2
2026-08-09 08:16:18,3050,3050,516,2
2026-08-09 08:16:19,3050,3050,519,2
2026-08-09 08:16:20,3050,3050,534,2
2026-08-09 08:16:21,3050,3050,535,2
2026-08-09 08:16:22,3050,3050,520,2
2026-08-09 08:16:23,3050,3050,538,2
2026-08-09 08:16:24,3050,3050,536,2
2026-08-09 08:16:25,3050,3050,535,2
2026-08-09 08:16:26,3050,3050,529,2
2026-08-09 08:16:27,3050,3050,526,2
2026-08-09 08:16:28,3050,3050,535,2
2026-08-09 08:16:29,3050,3050,536,2
2026-08-09 08:16:31,3050,3050,536,2
2026-08-09 08:16:31,3050,3050,525,2
2026-08-09 08:16:32,3050,3050,541,2
2026-08-09 08:16:33,3050,3050,526,2
2026-08-09 08:16:34,3050,3050,529,2
2026-08-09 08:16:35,3050,3050,531,2
2026-08-09 08:16:36,3050,3050,537,2
2026-08-09 08:16:37,3050,3050,533,2
2026-08-09 08:16:38,3050,3050,530,2
2026-08-09 08:16:39,3050,3050,533,2
2026-08-09 08:16:40,3050,3050,536,2
2026-08-09 08:16:41,3050,3050,538,2
2026-08-09 08:16:42,3050,3050,534,2
2026-08-09 08:16:43,3050,3050,534,2
2026-08-09 08:16:44,3050,3050,542,2
2026-08-09 08:16:45,3050,3050,521,2
2026-08-09 08:16:46,3050,3050,541,2
2026-08-09 08:16:47,3050,3050,541,2
2026-08-09 08:16:48,3050,3050,545,2
2026-08-09 08:16:49,3050,3050,535,2
2026-08-09 08:16:50,3050,3050,536,2
2026-08-09 08:16:51,3050,3050,531,2
2026-08-09 08:16:52,3050,3050,528,2
2026-08-09 08:16:53,3050,3050,528,2
2026-08-09 08:16:54,3050,3050,535,2
2026-08-09 08:16:55,3050,3050,544,2
2026-08-09 08:16:56,3050,3050,532,2
2026-08-09 08:16:57,3050,3050,528,2
2026-08-09 08:16:58,3050,3050,541,2
2026-08-09 08:16:59,3050,3050,534,2
2026-08-09 08:17:00,3050,3050,537,2
2026-08-09 08:17:01,3050,3050,541,2
2026-08-09 08:17:02,3050,3050,526,2
2026-08-09 08:17:03,3050,3050,532,2
2026-08-09 08:17:04,3050,3050,527,2
2026-08-09 08:17:05,3050,3050,546,2
2026-08-09 08:17:06,3050,3050,542,2
2026-08-09 08:17:07,3050,3050,537,2
2026-08-09 08:17:08,3050,3050,526,2
2026-08-09 08:17:09,3050,3050,534,2
2026-08-09 08:17:10,3050,3050,523,2
2026-08-09 08:17:11,3050,3050,526,2
2026-08-09 08:17:12,3050,3050,529,2
2026-08-09 08:17:13,3050,3050,529,2
2026-08-09 08:17:14,3050,3050,537,2
2026-08-09 08:17:15,3050,3050,535,2
2026-08-09 08:17:16,3050,3050,529,2
2026-08-09 08:17:17,3050,3050,528,2
2026-08-09 08:17:18,3050,3050,529,2
2026-08-09 08:17:19,3050,3050,540,2
2026-08-09 08:17:20,3050,3050,529,2
2026-08-09 08:17:21,3050,3050,529,2
2026-08-09 08:17:22,3050,3050,530,2
2026-08-09 08:17:23,3050,3050,545,2
2026-08-09 08:17:24,3050,3050,536,2
2026-08-09 08:17:25,3050,3050,541,2
2026-08-09 08:17:26,3050,3050,540,2
2026-08-09 08:17:27,3050,3050,532,2
2026-08-09 08:17:28,3050,3050,531,2
2026-08-09 08:17:29,3050,3050,540,2
2026-08-09 08:17:30,3050,3050,534,2
2026-08-09 08:17:31,3050,3050,525,2
2026-08-09 08:17:32,3050,3050,538,2
2026-08-09 08:17:33,3050,3050,536,2
2026-08-09 08:17:34,3050,3050,535,2
2026-08-09 08:17:35,3050,3050,523,2
2026-08-09 08:17:36,3050,3050,540,2
2026-08-09 08:17:37,3050,3050,524,2
2026-08-09 08:17:38,3050,3050,520,2
2026-08-09 08:17:39,3050,3050,538,2
2026-08-09 08:17:40,3050,3050,527,2
2026-08-09 08:17:41,3050,3050,537,2
2026-08-09 08:17:42,3050,3050,543,2
2026-08-09 08:17:43,3050,3050,527,2
2026-08-09 08:17:44,3050,3050,538,2
2026-08-09 08:17:45,3050,3050,537,2
2026-08-09 08:17:46,3050,3050,538,2
2026-08-09 08:17:47,3050,3050,530,2
2026-08-09 08:17:48,3050,3050,530,2
2026-08-09 08:17:49,3050,3050,540,2
2026-08-09 08:17:50,3050,3050,535,2
2026-08-09 08:17:51,3050,3050,540,2
2026-08-09 08:17:52,3050,3050,525,2
2026-08-09 08:17:53,3050,3050,539,2
2026-08-09 08:17:54,3050,3050,534,2
2026-08-09 08:17:55,3050,3050,531,2
2026-08-09 08:17:56,3050,3050,527,2
2026-08-09 08:17:57,3050,3050,535,2
2026-08-09 08:17:58,3050,3050,537,2
2026-08-09 08:17:59,3050,3050,540,2
2026-08-09 08:18:00,3050,3050,538,2
2026-08-09 08:18:01,3050,3050,539,2
2026-08-09 08:18:02,3050,3050,532,2
2026-08-09 08:18:03,3050,3050,531,2
2026-08-09 08:18:04,3050,3050,542,2
2026-08-09 08:18:05,3050,3050,522,2
2026-08-09 08:18:06,3050,3050,540,2
2026-08-09 08:18:07,3050,3050,527,2
2026-08-09 08:18:08,3050,3050,539,2
2026-08-09 08:18:09,3050,3050,542,2
2026-08-09 08:18:10,3050,3050,528,2
2026-08-09 08:18:11,3050,3050,535,2
2026-08-09 08:18:12,3050,3050,549,2
2026-08-09 08:18:13,3050,3050,529,2
2026-08-09 08:18:14,3050,3050,538,2
2026-08-09 08:18:15,3050,3050,539,2
2026-08-09 08:18:16,3050,3050,547,2
2026-08-09 08:18:17,3050,3050,530,2
2026-08-09 08:18:18,3050,3050,532,2
2026-08-09 08:18:19,3050,3050,530,2
2026-08-09 08:18:20,3050,3050,526,2
2026-08-09 08:18:21,3050,3050,523,2
2026-08-09 08:18:22,3050,3050,541,2
2026-08-09 08:18:23,3050,3050,524,2
2026-08-09 08:18:24,3050,3050,533,2
2026-08-09 08:18:25,3050,3050,528,2
2026-08-09 08:18:26,3050,3050,547,2
2026-08-09 08:18:27,3050,3050,533,2
2026-08-09 08:18:28,3050,3050,543,2
2026-08-09 08:18:29,3050,3050,529,2
2026-08-09 08:18:30,3050,3050,530,2
2026-08-09 08:18:31,3050,3050,548,2
2026-08-09 08:18:32,3050,3050,536,2
2026-08-09 08:18:33,3050,3050,528,2
2026-08-09 08:18:34,3050,3050,534,2
2026-08-09 08:18:35,3050,3050,540,2
2026-08-09 08:18:36,3050,3050,534,2
2026-08-09 08:18:37,3050,3050,545,2
2026-08-09 08:18:38,3050,3050,532,2
2026-08-09 08:18:39,3050,3050,533,2
2026-08-09 08:18:40,3050,3050,538,2
2026-08-09 08:18:41,3050,3050,537,2
2026-08-09 08:18:42,3050,3050,539,2
2026-08-09 08:18:43,3050,3050,533,2
2026-08-09 08:18:44,3050,3050,538,2
2026-08-09 08:18:45,3050,3050,538,2
2026-08-09 08:18:46,3050,3050,529,2
2026-08-09 08:18:47,3050,3050,538,2
2026-08-09 08:18:48,3050,3050,543,2
2026-08-09 08:18:49,3050,3050,539,2
2026-08-09 08:18:50,3050,3050,535,2
2026-08-09 08:18:51,3050,3050,532,2
2026-08-09 08:18:52,3050,3050,529,2
2026-08-09 08:18:53,3050,3050,532,2
2026-08-09 08:18:54,3050,3050,540,2
2026-08-09 08:18:55,3050,3050,535,2
2026-08-09 08:18:56,3050,3050,540,2
2026-08-09 08:18:57,3050,3050,543,2
2026-08-09 08:18:58,3050,3050,528,2
2026-08-09 08:18:59,3050,3050,542,2
2026-08-09 08:19:00,3050,3050,542,2
2026-08-09 08:19:01,3050,3050,535,2
2026-08-09 08:19:02,3050,3050,535,2
2026-08-09 08:19:03,3050,3050,536,2
2026-08-09 08:19:04,3050,3050,538,2
2026-08-09 08:19:05,3050,3050,536,2
2026-08-09 08:19:06,3050,3050,531,2
2026-08-09 08:19:07,3050,3050,542,2
2026-08-09 08:19:08,3050,3050,534,2
2026-08-09 08:19:09,3050,3050,544,2
2026-08-09 08:19:10,3050,3050,536,2
2026-08-09 08:19:11,3050,3050,542,2
2026-08-09 08:19:12,3050,3050,542,2
2026-08-09 08:19:13,3050,3050,522,2
2026-08-09 08:19:14,3050,3050,535,2
2026-08-09 08:19:15,3050,3050,543,2
2026-08-09 08:19:16,3050,3050,533,2
2026-08-09 08:19:17,3050,3050,542,2
2026-08-09 08:19:18,3050,3050,533,2
2026-08-09 08:19:19,3050,3050,544,2
2026-08-09 08:19:20,3050,3050,536,2
2026-08-09 08:19:21,3050,3050,537,2
2026-08-09 08:19:22,3050,3050,534,2
2026-08-09 08:19:23,3050,3050,537,2
2026-08-09 08:19:24,3050,3050,541,2
2026-08-09 08:19:25,3050,3050,537,2
2026-08-09 08:19:26,3050,3050,548,2
2026-08-09 08:19:27,3050,3050,541,2
2026-08-09 08:19:28,3050,3050,538,2
2026-08-09 08:19:29,3050,3050,542,2
2026-08-09 08:19:30,3050,3050,527,2
2026-08-09 08:19:31,3050,3050,536,2
2026-08-09 08:19:32,3050,3050,536,2
2026-08-09 08:19:33,3050,3050,534,2
2026-08-09 08:19:34,3050,3050,529,2
2026-08-09 08:19:35,3050,3050,545,2
2026-08-09 08:19:36,3050,3050,539,2
2026-08-09 08:19:37,3050,3050,535,2
2026-08-09 08:19:38,3050,3050,536,2
2026-08-09 08:19:39,3050,3050,545,2
2026-08-09 08:19:40,3050,3050,542,2
2026-08-09 08:19:41,3050,3050,543,2
2026-08-09 08:19:42,3050,3050,540,2
2026-08-09 08:19:43,3050,3050,533,2
2026-08-09 08:19:44,3050,3050,537,2
2026-08-09 08:19:45,3050,3050,541,2
2026-08-09 08:19:46,3050,3050,549,2
2026-08-09 08:19:47,3050,3050,532,2
2026-08-09 08:19:48,3050,3050,542,2
2026-08-09 08:19:49,3050,3050,542,2
2026-08-09 08:19:50,3050,3050,546,2
2026-08-09 08:19:51,3050,3050,552,2
2026-08-09 08:19:52,3050,3050,536,2
2026-08-09 08:19:53,3050,3050,539,2
2026-08-09 08:19:54,3050,3050,531,2
2026-08-09 08:19:55,3050,3050,534,2
2026-08-09 08:19:56,3050,3050,544,2
2026-08-09 08:19:57,3050,3050,529,2
2026-08-09 08:19:58,3050,3050,525,2
2026-08-09 08:19:59,3050,3050,546,2
2026-08-09 08:20:00,3050,3050,534,2
2026-08-09 08:20:01,3050,3050,539,2
2026-08-09 08:20:02,3050,3050,543,2
2026-08-09 08:20:03,3050,3050,543,2
2026-08-09 08:20:04,3050,3050,520,2
2026-08-09 08:20:05,3050,3050,526,2
2026-08-09 08:20:06,3050,3050,533,2
2026-08-09 08:20:07,3050,3050,536,2
2026-08-09 08:20:08,3050,3050,543,2
2026-08-09 08:20:09,3050,3050,535,2
2026-08-09 08:20:10,3050,3050,539,2
2026-08-09 08:20:11,3050,3050,525,2
2026-08-09 08:20:12,3050,3050,531,2
2026-08-09 08:20:13,3050,3050,538,2
2026-08-09 08:20:14,3050,3050,540,2
2026-08-09 08:20:15,3050,3050,548,2
2026-08-09 08:20:16,3050,3050,533,2
2026-08-09 08:20:17,3050,3050,528,2
2026-08-09 08:20:18,3050,3050,543,2
2026-08-09 08:20:19,3050,3050,538,2
2026-08-09 08:20:20,3050,3050,539,2
2026-08-09 08:20:21,3050,3050,526,2
2026-08-09 08:20:22,3050,3050,526,2
2026-08-09 08:20:23,3050,3050,540,2
2026-08-09 08:20:24,3050,3050,538,2
2026-08-09 08:20:25,3050,3050,533,2
2026-08-09 08:20:26,3050,3050,532,2
2026-08-09 08:20:27,3050,3050,533,2
2026-08-09 08:20:28,3050,3050,534,2
2026-08-09 08:20:29,3050,3050,541,2
2026-08-09 08:20:30,3050,3050,533,2
2026-08-09 08:20:31,3050,3050,542,2
2026-08-09 08:20:32,3050,3050,531,2
2026-08-09 08:20:33,3050,3050,526,2
2026-08-09 08:20:34,3050,3050,540,2
2026-08-09 08:20:35,3050,3050,537,2
2026-08-09 08:20:36,3050,3050,547,2
2026-08-09 08:20:37,3050,3050,546,2
2026-08-09 08:20:38,3050,3050,530,2
2026-08-09 08:20:39,3050,3050,540,2
2026-08-09 08:20:40,3050,3050,538,2
2026-08-09 08:20:41,3050,3050,547,2
2026-08-09 08:20:42,3050,3050,538,2
2026-08-09 08:20:43,3050,3050,537,2
2026-08-09 08:20:44,3050,3050,531,2
2026-08-09 08:20:45,3050,3050,541,2
2026-08-09 08:20:46,3050,3050,545,2
2026-08-09 08:20:47,3050,3050,539,2
2026-08-09 08:20:48,3050,3050,533,2
2026-08-09 08:20:49,3050,3050,549,2
2026-08-09 08:20:50,3050,3050,536,2
2026-08-09 08:20:51,3050,3050,541,2
2026-08-09 08:20:52,3050,3050,547,2
2026-08-09 08:20:53,3050,3050,523,2
2026-08-09 08:20:54,3050,3050,534,2
2026-08-09 08:20:55,3050,3050,531,2
2026-08-09 08:20:56,3050,3050,541,2
2026-08-09 08:20:57,3050,3050,540,2
2026-08-09 08:20:58,3050,3050,535,2
2026-08-09 08:20:59,3050,3050,544,2
2026-08-09 08:21:00,3050,3050,537,2
2026-08-09 08:21:01,3050,3050,531,2
2026-08-09 08:21:02,3050,3050,552,2
2026-08-09 08:21:03,3050,3050,550,2
2026-08-09 08:21:04,3050,3050,541,2
2026-08-09 08:21:05,3050,3050,533,2
2026-08-09 08:21:06,3050,3050,537,2
2026-08-09 08:21:07,3050,3050,530,2
2026-08-09 08:21:08,3050,3050,528,2
2026-08-09 08:21:09,3050,3050,535,2
2026-08-09 08:21:10,3050,3050,541,2
2026-08-09 08:21:11,3050,3050,544,2
2026-08-09 08:21:12,3050,3050,535,2
2026-08-09 08:21:13,3050,3050,539,2
2026-08-09 08:21:14,3050,3050,538,2
2026-08-09 08:21:15,3050,3050,539,2
2026-08-09 08:21:16,3050,3050,537,2
2026-08-09 08:21:17,3050,3050,538,2
2026-08-09 08:21:18,3050,3050,539,2
2026-08-09 08:21:19,3050,3050,546,2
2026-08-09 08:21:20,3050,3050,532,2
2026-08-09 08:21:21,3050,3050,534,2
2026-08-09 08:21:22,3050,3050,536,2
2026-08-09 08:21:23,3050,3050,541,2
2026-08-09 08:21:24,3050,3050,535,2
2026-08-09 08:21:25,3050,3050,542,2
2026-08-09 08:21:26,3050,3050,543,2
2026-08-09 08:21:27,3050,3050,544,2
2026-08-09 08:21:28,3050,3050,535,2
2026-08-09 08:21:29,3050,3050,544,2
2026-08-09 08:21:30,3050,3050,545,2
2026-08-09 08:21:31,3050,3050,542,2
2026-08-09 08:21:32,3050,3050,532,2
2026-08-09 08:21:33,3050,3050,548,2
2026-08-09 08:21:34,3050,3050,541,2
2026-08-09 08:21:35,3050,3050,542,2
2026-08-09 08:21:36,3050,3050,546,2
2026-08-09 08:21:37,3050,3050,539,2
2026-08-09 08:21:38,3050,3050,539,2
2026-08-09 08:21:39,3050,3050,528,2
2026-08-09 08:21:40,3050,3050,529,2
2026-08-09 08:21:41,3050,3050,548,2
2026-08-09 08:21:42,3050,3050,537,2
2026-08-09 08:21:43,3050,3050,539,2
2026-08-09 08:21:44,3050,3050,543,2
2026-08-09 08:21:45,3050,3050,532,2
2026-08-09 08:21:46,3050,3050,547,2
2026-08-09 08:21:47,3050,3050,535,2
2026-08-09 08:21:48,3050,3050,535,2
2026-08-09 08:21:49,3050,3050,538,2
2026-08-09 08:21:50,3050,3050,543,2
2026-08-09 08:21:51,3050,3050,538,2
2026-08-09 08:21:52,3050,3050,537,2
2026-08-09 08:21:53,3050,3050,542,2
2026-08-09 08:21:54,3050,3050,541,2
2026-08-09 08:21:55,3050,3050,546,2
2026-08-09 08:21:56,3050,3050,534,2
2026-08-09 08:21:57,3050,3050,541,2
2026-08-09 08:21:58,3050,3050,542,2
2026-08-09 08:21:59,3050,3050,532,2
2026-08-09 08:22:00,3050,3050,539,2
2026-08-09 08:22:01,3050,3050,537,2
2026-08-09 08:22:02,3050,3050,532,2
2026-08-09 08:22:03,3050,3050,538,2
2026-08-09 08:22:04,3050,3050,540,2
2026-08-09 08:22:05,3050,3050,541,2
2026-08-09 08:22:06,3050,3050,529,2
2026-08-09 08:22:07,3050,3050,539,2
2026-08-09 08:22:08,3050,3050,540,2
2026-08-09 08:22:09,3050,3050,540,2
2026-08-09 08:22:10,3050,3050,542,2
2026-08-09 08:22:11,3050,3050,536,2
2026-08-09 08:22:12,3050,3050,544,2
2026-08-09 08:22:13,3050,3050,542,2
2026-08-09 08:22:14,3050,3050,534,2
2026-08-09 08:22:15,3050,3050,540,2
2026-08-09 08:22:16,3050,3050,530,2
2026-08-09 08:22:17,3050,3050,537,2
2026-08-09 08:22:18,3050,3050,545,2
2026-08-09 08:22:19,3050,3050,542,2
2026-08-09 08:22:20,3050,3050,535,2
2026-08-09 08:22:21,3050,3050,533,2
2026-08-09 08:22:22,3050,3050,536,2
2026-08-09 08:22:23,3050,3050,548,2
2026-08-09 08:22:24,3050,3050,544,2
2026-08-09 08:22:25,3050,3050,540,2
2026-08-09 08:22:26,3050,3050,532,2
2026-08-09 08:22:27,3050,3050,543,2
2026-08-09 08:22:28,3050,3050,536,2
2026-08-09 08:22:29,3050,3050,536,2
2026-08-09 08:22:30,3050,3050,540,2
2026-08-09 08:22:31,3050,3050,544,2
2026-08-09 08:22:32,3050,3050,547,2
2026-08-09 08:22:33,3050,3050,536,2
2026-08-09 08:22:34,3050,3050,537,2
2026-08-09 08:22:35,3050,3050,533,2
2026-08-09 08:22:36,3050,3050,537,2
2026-08-09 08:22:37,3050,3050,543,2
2026-08-09 08:22:38,3050,3050,537,2
2026-08-09 08:22:39,3050,3050,537,2
2026-08-09 08:22:40,3050,3050,538,2
2026-08-09 08:22:41,3050,3050,540,2
2026-08-09 08:22:42,3050,3050,546,2
2026-08-09 08:22:43,3050,3050,546,2
2026-08-09 08:22:44,3050,3050,539,2
2026-08-09 08:22:45,3050,3050,535,2
2026-08-09 08:22:46,3050,3050,535,2
2026-08-09 08:22:47,3050,3050,544,2
2026-08-09 08:22:48,3050,3050,537,2
2026-08-09 08:22:49,3050,3050,536,2
2026-08-09 08:22:50,3050,3050,544,2
2026-08-09 08:22:51,3050,3050,543,2
2026-08-09 08:22:52,3050,3050,540,2
2026-08-09 08:22:53,3050,3050,545,2
2026-08-09 08:22:54,3050,3050,544,2
2026-08-09 08:22:55,3050,3050,553,2
2026-08-09 08:22:56,3050,3050,534,2
2026-08-09 08:22:57,3050,3050,534,2
2026-08-09 08:22:58,3050,3050,534,2
2026-08-09 08:22:59,3050,3050,544,2
2026-08-09 08:23:00,3050,3050,548,2
2026-08-09 08:23:01,3050,3050,537,2
2026-08-09 08:23:02,3050,3050,548,2
2026-08-09 08:23:03,3050,3050,535,2
2026-08-09 08:23:04,3050,3050,546,2
2026-08-09 08:23:05,3050,3050,541,2
2026-08-09 08:23:06,3050,3050,533,2
2026-08-09 08:23:07,3050,3050,538,2
2026-08-09 08:23:08,3050,3050,533,2
2026-08-09 08:23:09,3050,3050,546,2
2026-08-09 08:23:10,3050,3050,543,2
2026-08-09 08:23:11,3050,3050,539,2
2026-08-09 08:23:12,3050,3050,555,2
2026-08-09 08:23:13,3050,3050,544,2
2026-08-09 08:23:14,3050,3050,549,2
2026-08-09 08:23:15,3050,3050,534,2
2026-08-09 08:23:16,3050,3050,540,2
2026-08-09 08:23:17,3050,3050,539,2
2026-08-09 08:23:18,3050,3050,542,2
2026-08-09 08:23:19,3050,3050,532,2
2026-08-09 08:23:20,3050,3050,541,2
2026-08-09 08:23:21,3050,3050,532,2
2026-08-09 08:23:22,3050,3050,547,2
2026-08-09 08:23:23,3050,3050,546,2
2026-08-09 08:23:24,3050,3050,527,2
2026-08-09 08:23:25,3050,3050,539,2
2026-08-09 08:23:26,3050,3050,536,2
2026-08-09 08:23:27,3050,3050,546,2
2026-08-09 08:23:28,3050,3050,536,2
2026-08-09 08:23:29,3050,3050,548,2
2026-08-09 08:23:30,3050,3050,542,2
2026-08-09 08:23:31,3050,3050,541,2
2026-08-09 08:23:32,3050,3050,546,2
2026-08-09 08:23:33,3050,3050,543,2
2026-08-09 08:23:34,3050,3050,537,2
2026-08-09 08:23:35,3050,3050,541,2
2026-08-09 08:23:36,3050,3050,548,2
2026-08-09 08:23:37,3050,3050,549,2
2026-08-09 08:23:38,3050,3050,545,2
2026-08-09 08:23:39,3050,3050,545,2
2026-08-09 08:23:40,3050,3050,536,2
2026-08-09 08:23:41,3050,3050,534,2
2026-08-09 08:23:42,3050,3050,531,2
2026-08-09 08:23:43,3050,3050,538,2
2026-08-09 08:23:44,3050,3050,536,2
2026-08-09 08:23:45,3050,3050,543,2
2026-08-09 08:23:46,3050,3050,544,2
2026-08-09 08:23:47,3050,3050,545,2
2026-08-09 08:23:48,3050,3050,535,2
2026-08-09 08:23:49,3050,3050,538,2
2026-08-09 08:23:50,3050,3050,546,2
2026-08-09 08:23:51,3050,3050,543,2
2026-08-09 08:23:52,3050,3050,544,2
2026-08-09 08:23:53,3050,3050,533,2
2026-08-09 08:23:54,3050,3050,549,2
2026-08-09 08:23:55,3050,3050,549,2
2026-08-09 08:23:56,3050,3050,553,2
2026-08-09 08:23:57,3050,3050,540,2
2026-08-09 08:23:58,3050,3050,547,2
2026-08-09 08:23:59,3050,3050,554,2
2026-08-09 08:24:00,3050,3050,541,2
2026-08-09 08:24:01,3050,3050,542,2
2026-08-09 08:24:02,3050,3050,544,2
2026-08-09 08:24:03,3050,3050,546,2
2026-08-09 08:24:04,3050,3050,532,2
2026-08-09 08:24:05,3050,3050,543,2
2026-08-09 08:24:06,3050,3050,535,2
2026-08-09 08:24:07,3050,3050,546,2
2026-08-09 08:24:08,3050,3050,549,2
2026-08-09 08:24:09,3050,3050,541,2
2026-08-09 08:24:10,3050,3050,552,2
2026-08-09 08:24:11,3050,3050,547,2
2026-08-09 08:24:12,3050,3050,548,2
2026-08-09 08:24:13,3050,3050,537,2
2026-08-09 08:24:14,3050,3050,543,2
2026-08-09 08:24:15,3050,3050,550,2
2026-08-09 08:24:16,3050,3050,549,2
2026-08-09 08:24:17,3050,3050,547,2
2026-08-09 08:24:18,3050,3050,547,2
2026-08-09 08:24:19,3050,3050,541,2
2026-08-09 08:24:20,3050,3050,537,2
2026-08-09 08:24:21,3050,3050,538,2
2026-08-09 08:24:22,3050,3050,545,2
2026-08-09 08:24:23,3050,3050,537,2
2026-08-09 08:24:24,3050,3050,545,2
2026-08-09 08:24:25,3050,3050,532,2
2026-08-09 08:24:26,3050,3050,546,2
2026-08-09 08:24:27,3050,3050,549,2
2026-08-09 08:24:28,3050,3050,545,2
2026-08-09 08:24:29,3050,3050,543,2
2026-08-09 08:24:30,3050,3050,541,2
2026-08-09 08:24:31,3050,3050,533,2
2026-08-09 08:24:32,3050,3050,541,2
2026-08-09 08:24:33,3050,3050,549,2
2026-08-09 08:24:34,3050,3050,543,2
2026-08-09 08:24:35,3050,3050,552,2
2026-08-09 08:24:36,3050,3050,540,2
2026-08-09 08:24:37,3050,3050,538,2
2026-08-09 08:24:38,3050,3050,553,2
2026-08-09 08:24:39,3050,3050,542,2
2026-08-09 08:24:40,3050,3050,546,2
2026-08-09 08:24:41,3050,3050,539,2
2026-08-09 08:24:42,3050,3050,537,2
2026-08-09 08:24:43,3050,3050,542,2
2026-08-09 08:24:44,3050,3050,546,2
2026-08-09 08:24:45,3050,3050,543,2
2026-08-09 08:24:46,3050,3050,542,2
2026-08-09 08:24:47,3050,3050,544,2
2026-08-09 08:24:48,3050,3050,542,2
2026-08-09 08:24:49,3050,3050,555,2
2026-08-09 08:24:50,3050,3050,553,2
2026-08-09 08:24:51,3050,3050,544,2
2026-08-09 08:24:52,3050,3050,543,2
2026-08-09 08:24:53,3050,3050,543,2
2026-08-09 08:24:54,3050,3050,545,2
2026-08-09 08:24:55,3050,3050,539,2
2026-08-09 08:24:56,3050,3050,542,2
2026-08-09 08:24:57,3050,3050,547,2
2026-08-09 08:24:58,3050,3050,552,2
2026-08-09 08:24:59,3050,3050,547,2
2026-08-09 08:25:00,3050,3050,551,2
2026-08-09 08:25:01,3050,3050,542,2
2026-08-09 08:25:02,3050,3050,543,2
2026-08-09 08:25:03,3050,3050,535,2
2026-08-09 08:25:04,3050,3050,557,2
2026-08-09 08:25:05,3050,3050,543,2
2026-08-09 08:25:06,3050,3050,546,2
2026-08-09 08:25:07,3050,3050,541,2
2026-08-09 08:25:08,3050,3050,546,2
2026-08-09 08:25:09,3050,3050,545,2
2026-08-09 08:25:10,3050,3050,551,2
2026-08-09 08:25:11,3050,3050,539,2
2026-08-09 08:25:12,3050,3050,541,2
2026-08-09 08:25:13,3050,3050,543,2
2026-08-09 08:25:14,3050,3050,545,2
2026-08-09 08:25:15,3050,3050,548,2
2026-08-09 08:25:16,3050,3050,545,2
2026-08-09 08:25:17,3050,3050,549,2
2026-08-09 08:25:18,3050,3050,545,2
2026-08-09 08:25:19,3050,3050,540,2
2026-08-09 08:25:20,3050,3050,550,2
2026-08-09 08:25:21,3050,3050,545,2
2026-08-09 08:25:22,3050,3050,546,2
2026-08-09 08:25:23,3050,3050,545,2
2026-08-09 08:25:24,3050,3050,541,2
2026-08-09 08:25:25,3050,3050,543,2
2026-08-09 08:25:26,3050,3050,542,2
2026-08-09 08:25:27,3050,3050,548,2
2026-08-09 08:25:28,3050,3050,542,2
2026-08-09 08:25:29,3050,3050,539,2
2026-08-09 08:25:30,3050,3050,536,2
2026-08-09 08:25:31,3050,3050,549,2
2026-08-09 08:25:32,3050,3050,553,2
2026-08-09 08:25:33,3050,3050,550,2
2026-08-09 08:25:34,3050,3050,542,2
2026-08-09 08:25:35,3050,3050,537,2
2026-08-09 08:25:36,3050,3050,560,2
2026-08-09 08:25:37,3050,3050,548,2
2026-08-09 08:25:38,3050,3050,546,2
2026-08-09 08:25:39,3050,3050,543,2
2026-08-09 08:25:40,3050,3050,540,2
2026-08-09 08:25:41,3050,3050,548,2
2026-08-09 08:25:42,3050,3050,553,2
2026-08-09 08:25:43,3050,3050,551,2
2026-08-09 08:25:44,3050,3050,546,2
2026-08-09 08:25:45,3050,3050,546,2
2026-08-09 08:25:46,3050,3050,548,2
2026-08-09 08:25:47,3050,3050,550,2
2026-08-09 08:25:48,3050,3050,547,2
2026-08-09 08:25:49,3050,3050,536,2
2026-08-09 08:25:50,3050,3050,542,2
2026-08-09 08:25:51,3050,3050,550,2
2026-08-09 08:25:52,3050,3050,543,2
2026-08-09 08:25:53,3050,3050,540,2
2026-08-09 08:25:54,3050,3050,539,2
2026-08-09 08:25:55,3050,3050,554,2
2026-08-09 08:25:56,3050,3050,548,2
2026-08-09 08:25:57,3050,3050,548,2
2026-08-09 08:25:58,3050,3050,549,2
2026-08-09 08:25:59,3050,3050,547,2
2026-08-09 08:26:00,3050,3050,560,2
2026-08-09 08:26:01,3050,3050,542,2
2026-08-09 08:26:02,3050,3050,542,2
2026-08-09 08:26:03,3050,3050,553,2
2026-08-09 08:26:04,3050,3050,548,2
2026-08-09 08:26:05,3050,3050,554,2
2026-08-09 08:26:06,3050,3050,554,2
2026-08-09 08:26:07,3050,3050,554,2
2026-08-09 08:26:08,3050,3050,544,2
2026-08-09 08:26:09,3050,3050,546,2
2026-08-09 08:26:10,3050,3050,544,2
2026-08-09 08:26:11,3050,3050,546,2
2026-08-09 08:26:12,3050,3050,550,2
2026-08-09 08:26:13,3050,3050,548,2
2026-08-09 08:26:14,3050,3050,555,2
2026-08-09 08:26:15,3050,3050,546,2
2026-08-09 08:26:16,3050,3050,552,2
2026-08-09 08:26:17,3050,3050,546,2
2026-08-09 08:26:18,3050,3050,552,2
2026-08-09 08:26:19,3050,3050,538,2
2026-08-09 08:26:20,3050,3050,551,2
2026-08-09 08:26:21,3050,3050,549,2
2026-08-09 08:26:22,3050,3050,548,2
2026-08-09 08:26:23,3050,3050,548,2
2026-08-09 08:26:24,3050,3050,551,2
2026-08-09 08:26:25,3050,3050,556,2
2026-08-09 08:26:26,3050,3050,549,2
2026-08-09 08:26:27,3050,3050,545,2
2026-08-09 08:26:28,3050,3050,554,2
2026-08-09 08:26:29,3050,3050,549,2
2026-08-09 08:26:30,3050,3050,549,2
2026-08-09 08:26:31,3050,3050,543,2
2026-08-09 08:26:32,3050,3050,542,2
2026-08-09 08:26:33,3050,3050,546,2
2026-08-09 08:26:34,3050,3050,553,2
2026-08-09 08:26:35,3050,3050,550,2
2026-08-09 08:26:36,3050,3050,549,2
2026-08-09 08:26:37,3050,3050,548,2
2026-08-09 08:26:38,3050,3050,537,2
2026-08-09 08:26:39,3050,3050,548,2
2026-08-09 08:26:40,3050,3050,542,2
2026-08-09 08:26:41,3050,3050,538,2
2026-08-09 08:26:42,3050,3050,543,2
2026-08-09 08:26:43,3050,3050,549,2
2026-08-09 08:26:44,3050,3050,545,2
2026-08-09 08:26:45,3050,3050,540,2
2026-08-09 08:26:46,3050,3050,547,2
2026-08-09 08:26:47,3050,3050,550,2
2026-08-09 08:26:48,3050,3050,549,2
2026-08-09 08:26:49,3050,3050,550,2
2026-08-09 08:26:50,3050,3050,548,2
2026-08-09 08:26:51,3050,3050,556,2
2026-08-09 08:26:52,3050,3050,551,2
2026-08-09 08:26:53,3050,3050,540,2
2026-08-09 08:26:54,3050,3050,543,2
2026-08-09 08:26:55,3050,3050,539,2
2026-08-09 08:26:56,3050,3050,540,2
2026-08-09 08:26:57,3050,3050,554,2
2026-08-09 08:26:58,3050,3050,552,2
2026-08-09 08:26:59,3050,3050,540,2
2026-08-09 08:27:00,3050,3050,555,2
2026-08-09 08:27:01,3050,3050,545,2
2026-08-09 08:27:02,3050,3050,547,2
2026-08-09 08:27:03,3050,3050,548,2
2026-08-09 08:27:04,3050,3050,548,2
2026-08-09 08:27:05,3050,3050,544,2
2026-08-09 08:27:06,3050,3050,555,2
2026-08-09 08:27:07,3050,3050,556,2
2026-08-09 08:27:08,3050,3050,545,2
2026-08-09 08:27:09,3050,3050,557,2
2026-08-09 08:27:10,3050,3050,557,2
2026-08-09 08:27:11,3050,3050,545,2
2026-08-09 08:27:12,3050,3050,552,2
2026-08-09 08:27:13,3050,3050,554,2
2026-08-09 08:27:14,3050,3050,548,2
2026-08-09 08:27:15,3050,3050,549,2
2026-08-09 08:27:16,3050,3050,541,2
2026-08-09 08:27:17,3050,3050,547,2
2026-08-09 08:27:18,3050,3050,553,2
2026-08-09 08:27:19,3050,3050,547,2
2026-08-09 08:27:20,3050,3050,552,2
2026-08-09 08:27:21,3050,3050,550,2
2026-08-09 08:27:22,3050,3050,542,2
2026-08-09 08:27:23,3050,3050,558,2
2026-08-09 08:27:24,3050,3050,548,2
2026-08-09 08:27:25,3050,3050,551,2
2026-08-09 08:27:26,3050,3050,551,2
2026-08-09 08:27:27,3050,3050,552,2
2026-08-09 08:27:28,3050,3050,550,2
2026-08-09 08:27:29,3050,3050,552,2
2026-08-09 08:27:30,3050,3050,547,2
2026-08-09 08:27:31,3050,3050,551,2
2026-08-09 08:27:32,3050,3050,551,2
2026-08-09 08:27:33,3050,3050,544,2
2026-08-09 08:27:34,3050,3050,548,2
2026-08-09 08:27:35,3050,3050,541,2
2026-08-09 08:27:36,3050,3050,549,2
2026-08-09 08:27:37,3050,3050,551,2
2026-08-09 08:27:38,3050,3050,549,2
2026-08-09 08:27:39,3050,3050,554,2
2026-08-09 08:27:40,3050,3050,549,2
2026-08-09 08:27:41,3050,3050,550,2
2026-08-09 08:27:42,3050,3050,544,2
2026-08-09 08:27:43,3050,3050,554,2
2026-08-09 08:27:44,3050,3050,553,2
2026-08-09 08:27:45,3050,3050,544,2
2026-08-09 08:27:46,3050,3050,550,2
2026-08-09 08:27:47,3050,3050,542,2
2026-08-09 08:27:48,3050,3050,554,2
2026-08-09 08:27:49,3050,3050,541,2
2026-08-09 08:27:50,3050,3050,544,2
2026-08-09 08:27:51,3050,3050,547,2
2026-08-09 08:27:52,3050,3050,553,2
2026-08-09 08:27:53,3050,3050,546,2
2026-08-09 08:27:54,3050,3050,550,2
2026-08-09 08:27:55,3050,3050,552,2
2026-08-09 08:27:56,3050,3050,558,2
2026-08-09 08:27:57,3050,3050,541,2
2026-08-09 08:27:58,3050,3050,554,2
2026-08-09 08:27:59,3050,3050,549,2
2026-08-09 08:28:00,3050,3050,551,2
2026-08-09 08:28:01,3050,3050,547,2
2026-08-09 08:28:02,3050,3050,553,2
2026-08-09 08:28:03,3050,3050,549,2
2026-08-09 08:28:04,3050,3050,557,2
2026-08-09 08:28:05,3050,3050,539,2
2026-08-09 08:28:06,3050,3050,557,2
2026-08-09 08:28:07,3050,3050,547,2
2026-08-09 08:28:08,3050,3050,551,2
2026-08-09 08:28:09,3050,3050,547,2
2026-08-09 08:28:10,3050,3050,547,2
2026-08-09 08:28:11,3050,3050,556,2
2026-08-09 08:28:12,3050,3050,544,2
2026-08-09 08:28:13,3050,3050,544,2
2026-08-09 08:28:14,3050,3050,542,2
2026-08-09 08:28:15,3050,3050,551,2
2026-08-09 08:28:16,3050,3050,542,2
2026-08-09 08:28:17,3050,3050,553,2
2026-08-09 08:28:18,3050,3050,557,2
2026-08-09 08:28:19,3050,3050,558,2
2026-08-09 08:28:20,3050,3050,553,2
2026-08-09 08:28:21,3050,3050,548,2
2026-08-09 08:28:22,3050,3050,550,2
2026-08-09 08:28:23,3050,3050,551,2
2026-08-09 08:28:24,3050,3050,552,2
2026-08-09 08:28:25,3050,3050,555,2
2026-08-09 08:28:26,3050,3050,546,2
2026-08-09 08:28:27,3050,3050,556,2
2026-08-09 08:28:28,3050,3050,549,2
2026-08-09 08:28:29,3050,3050,554,2
2026-08-09 08:28:30,3050,3050,552,2
2026-08-09 08:28:31,3050,3050,544,2
2026-08-09 08:28:32,3050,3050,556,2
2026-08-09 08:28:33,3050,3050,553,2
2026-08-09 08:28:34,3050,3050,545,2
2026-08-09 08:28:35,3050,3050,554,2
2026-08-09 08:28:36,3050,3050,548,2
2026-08-09 08:28:37,3050,3050,540,2
2026-08-09 08:28:38,3050,3050,550,2
2026-08-09 08:28:39,3050,3050,551,2
2026-08-09 08:28:40,3050,3050,544,2
2026-08-09 08:28:41,3050,3050,555,2
2026-08-09 08:28:42,3050,3050,549,2
2026-08-09 08:28:43,3050,3050,541,2
2026-08-09 08:28:44,3050,3050,547,2
2026-08-09 08:28:45,3050,3050,550,2
2026-08-09 08:28:46,3050,3050,564,2
2026-08-09 08:28:47,3050,3050,555,2
2026-08-09 08:28:48,3050,3050,552,2
2026-08-09 08:28:49,3050,3050,551,2
2026-08-09 08:28:50,3050,3050,549,2
2026-08-09 08:28:51,3050,3050,555,2
2026-08-09 08:28:52,3050,3050,547,2
2026-08-09 08:28:53,3050,3050,553,2
2026-08-09 08:28:54,3050,3050,548,2
2026-08-09 08:28:55,3050,3050,555,2
2026-08-09 08:28:56,3050,3050,554,2
2026-08-09 08:28:57,3050,3050,541,2
2026-08-09 08:28:58,3050,3050,556,2
2026-08-09 08:28:59,3050,3050,547,2
2026-08-09 08:29:00,3050,3050,552,2
2026-08-09 08:29:01,3050,3050,546,2
2026-08-09 08:29:02,3050,3050,556,2
2026-08-09 08:29:03,3050,3050,550,2
2026-08-09 08:29:04,3050,3050,541,2
2026-08-09 08:29:05,3050,3050,562,2
2026-08-09 08:29:06,3050,3050,552,2
2026-08-09 08:29:07,3050,3050,556,2
2026-08-09 08:29:08,3050,3050,548,2
2026-08-09 08:29:09,3050,3050,551,2
2026-08-09 08:29:10,3050,3050,554,2
2026-08-09 08:29:11,3050,3050,554,2
2026-08-09 08:29:12,3050,3050,549,2
2026-08-09 08:29:13,3050,3050,554,2
2026-08-09 08:29:14,3050,3050,546,2
2026-08-09 08:29:15,3050,3050,549,2
2026-08-09 08:29:16,3050,3050,549,2
2026-08-09 08:29:17,3050,3050,558,2
2026-08-09 08:29:18,3050,3050,548,2
2026-08-09 08:29:19,3050,3050,544,2
2026-08-09 08:29:20,3050,3050,553,2
2026-08-09 08:29:21,3050,3050,545,2
2026-08-09 08:29:22,3050,3050,550,2
2026-08-09 08:29:23,3050,3050,556,2
2026-08-09 08:29:24,3050,3050,548,2
2026-08-09 08:29:25,3050,3050,551,2
2026-08-09 08:29:26,3050,3050,549,2
2026-08-09 08:29:27,3050,3050,541,2
2026-08-09 08:29:28,3050,3050,555,2
2026-08-09 08:29:29,3050,3050,557,2
2026-08-09 08:29:30,3050,3050,554,2
2026-08-09 08:29:31,3050,3050,546,2
2026-08-09 08:29:32,3050,3050,553,2
2026-08-09 08:29:33,3050,3050,553,2
2026-08-09 08:29:34,3050,3050,549,2
2026-08-09 08:29:35,3050,3050,548,2
2026-08-09 08:29:36,3050,3050,539,2
2026-08-09 08:29:37,3050,3050,548,2
2026-08-09 08:29:38,3050,3050,552,2
2026-08-09 08:29:39,3050,3050,547,2
2026-08-09 08:29:40,3050,3050,551,2
2026-08-09 08:29:41,3050,3050,560,2
2026-08-09 08:29:42,3050,3050,556,2
2026-08-09 08:29:43,3050,3050,550,2
2026-08-09 08:29:44,3050,3050,552,2
2026-08-09 08:29:45,3050,3050,555,2
2026-08-09 08:29:46,3050,3050,553,2
2026-08-09 08:29:47,3050,3050,552,2
2026-08-09 08:29:48,3050,3050,545,2
2026-08-09 08:29:49,3050,3050,554,2
2026-08-09 08:29:50,3050,3050,558,2
2026-08-09 08:29:51,3050,3050,553,2
2026-08-09 08:29:52,3050,3050,555,2
2026-08-09 08:29:53,3050,3050,549,2
2026-08-09 08:29:54,3050,3050,559,2
2026-08-09 08:29:55,3050,3050,548,2
2026-08-09 08:29:56,3050,3050,550,2
2026-08-09 08:29:57,3050,3050,554,2
2026-08-09 08:29:58,3050,3050,553,2
2026-08-09 08:29:59,3050,3050,554,2
2026-08-09 08:30:00,3050,3050,546,2
2026-08-09 08:30:01,3050,3050,561,2
2026-08-09 08:30:02,3050,3050,554,2
2026-08-09 08:30:03,3050,3050,557,2
2026-08-09 08:30:04,3050,3050,552,2
2026-08-09 08:30:05,3050,3050,550,2
2026-08-09 08:30:06,3050,3050,555,2
2026-08-09 08:30:07,3050,3050,554,2
2026-08-09 08:30:08,3050,3050,550,2
2026-08-09 08:30:09,3050,3050,546,2
2026-08-09 08:30:10,3050,3050,550,2
2026-08-09 08:30:11,3050,3050,542,2
2026-08-09 08:30:12,3050,3050,553,2
2026-08-09 08:30:13,3050,3050,559,2
2026-08-09 08:30:14,3050,3050,556,2
2026-08-09 08:30:15,3050,3050,547,2
2026-08-09 08:30:16,3050,3050,547,2
2026-08-09 08:30:17,3050,3050,552,2
2026-08-09 08:30:18,3050,3050,552,2
2026-08-09 08:30:19,3050,3050,555,2
2026-08-09 08:30:20,3050,3050,552,2
2026-08-09 08:30:21,3050,3050,557,2
2026-08-09 08:30:22,3050,3050,552,2
2026-08-09 08:30:23,3050,3050,551,2
2026-08-09 08:30:24,3050,3050,550,2
2026-08-09 08:30:25,3050,3050,553,2
2026-08-09 08:30:26,3050,3050,550,2
2026-08-09 08:30:27,3050,3050,554,2
2026-08-09 08:30:28,3050,3050,553,2
2026-08-09 08:30:29,3050,3050,551,2
2026-08-09 08:30:30,3050,3050,553,2
2026-08-09 08:30:31,3050,3050,552,2
2026-08-09 08:30:32,3050,3050,552,2
2026-08-09 08:30:33,3050,3050,550,2
2026-08-09 08:30:34,3050,3050,550,2
2026-08-09 08:30:35,3050,3050,546,2
2026-08-09 08:30:36,3050,3050,555,2
2026-08-09 08:30:37,3050,3050,555,2
2026-08-09 08:30:38,3050,3050,547,2
2026-08-09 08:30:39,3050,3050,546,2
2026-08-09 08:30:40,3050,3050,551,2
2026-08-09 08:30:41,3050,3050,555,2
2026-08-09 08:30:42,3050,3050,561,2
2026-08-09 08:30:43,3050,3050,554,2
2026-08-09 08:30:44,3050,3050,555,2
2026-08-09 08:30:45,3050,3050,549,2
2026-08-09 08:30:46,3050,3050,554,2
2026-08-09 08:30:47,3050,3050,554,2
2026-08-09 08:30:48,3050,3050,558,2
2026-08-09 08:30:49,3050,3050,550,2
2026-08-09 08:30:50,3050,3050,545,2
2026-08-09 08:30:51,3050,3050,555,2
2026-08-09 08:30:52,3050,3050,555,2
2026-08-09 08:30:54,3050,3050,557,2
2026-08-09 08:30:54,3050,3050,552,2
2026-08-09 08:30:55,3050,3050,547,2
2026-08-09 08:30:56,3050,3050,553,2
2026-08-09 08:30:57,3050,3050,552,2
2026-08-09 08:30:58,3050,3050,555,2
2026-08-09 08:30:59,3050,3050,557,2
2026-08-09 08:31:00,3050,3050,551,2
2026-08-09 08:31:01,3050,3050,550,2
2026-08-09 08:31:02,3050,3050,546,2
2026-08-09 08:31:03,3050,3050,555,2
2026-08-09 08:31:04,3050,3050,546,2
2026-08-09 08:31:05,3050,3050,555,2
2026-08-09 08:31:06,3050,3050,559,2
2026-08-09 08:31:07,3050,3050,552,2
2026-08-09 08:31:08,3050,3050,556,2
2026-08-09 08:31:09,3050,3050,552,2
2026-08-09 08:31:10,3050,3050,548,2
2026-08-09 08:31:11,3050,3050,551,2
2026-08-09 08:31:12,3050,3050,545,2
2026-08-09 08:31:13,3050,3050,555,2
2026-08-09 08:31:14,3050,3050,547,2
2026-08-09 08:31:15,3050,3050,546,2
2026-08-09 08:31:16,3050,3050,560,2
2026-08-09 08:31:17,3050,3050,555,2
2026-08-09 08:31:18,3050,3050,557,2
2026-08-09 08:31:19,3050,3050,556,2
2026-08-09 08:31:20,3050,3050,554,2
2026-08-09 08:31:21,3050,3050,558,2
2026-08-09 08:31:22,3050,3050,550,2
2026-08-09 08:31:23,3050,3050,549,2
2026-08-09 08:31:24,3050,3050,552,2
2026-08-09 08:31:25,3050,3050,549,2
2026-08-09 08:31:26,3050,3050,552,2
2026-08-09 08:31:27,3050,3050,558,2
2026-08-09 08:31:28,3050,3050,553,2
2026-08-09 08:31:29,3050,3050,554,2
2026-08-09 08:31:30,3050,3050,554,2
2026-08-09 08:31:31,3050,3050,552,2
2026-08-09 08:31:32,3050,3050,550,2
2026-08-09 08:31:33,3050,3050,559,2
2026-08-09 08:31:34,3050,3050,550,2
2026-08-09 08:31:35,3050,3050,553,2
2026-08-09 08:31:36,3050,3050,562,2
2026-08-09 08:31:37,3050,3050,552,2
2026-08-09 08:31:38,3050,3050,554,2
2026-08-09 08:31:39,3050,3050,555,2
2026-08-09 08:31:40,3050,3050,549,2
2026-08-09 08:31:41,3050,3050,547,2
2026-08-09 08:31:42,3050,3050,547,2
2026-08-09 08:31:43,3050,3050,557,2
2026-08-09 08:31:44,3050,3050,551,2
2026-08-09 08:31:45,3050,3050,561,2
2026-08-09 08:31:46,3050,3050,565,2
2026-08-09 08:31:47,3050,3050,554,2
2026-08-09 08:31:48,3050,3050,561,2
2026-08-09 08:31:49,3050,3050,549,2
2026-08-09 08:31:50,3050,3050,556,2
2026-08-09 08:31:51,3050,3050,552,2
2026-08-09 08:31:52,3050,3050,555,2
2026-08-09 08:31:53,3050,3050,543,2
2026-08-09 08:31:54,3050,3050,550,2
2026-08-09 08:31:55,3050,3050,545,2
2026-08-09 08:31:56,3050,3050,562,2
2026-08-09 08:31:57,3050,3050,553,2
2026-08-09 08:31:58,3050,3050,551,2
2026-08-09 08:31:59,3050,3050,559,2
2026-08-09 08:32:00,3050,3050,555,2
2026-08-09 08:32:01,3050,3050,554,2
2026-08-09 08:32:02,3050,3050,568,2
2026-08-09 08:32:03,3050,3050,554,2
2026-08-09 08:32:04,3050,3050,547,2
2026-08-09 08:32:05,3050,3050,558,2
2026-08-09 08:32:06,3050,3050,551,2
2026-08-09 08:32:07,3050,3050,552,2
2026-08-09 08:32:08,3050,3050,551,2
2026-08-09 08:32:09,3050,3050,550,2
2026-08-09 08:32:10,3050,3050,556,2
2026-08-09 08:32:11,3050,3050,555,2
2026-08-09 08:32:12,3050,3050,546,2
2026-08-09 08:32:13,3050,3050,551,2
2026-08-09 08:32:14,3050,3050,555,2
2026-08-09 08:32:15,3050,3050,550,2
2026-08-09 08:32:16,3050,3050,560,2
2026-08-09 08:32:17,3050,3050,552,2
2026-08-09 08:32:18,3050,3050,562,2
2026-08-09 08:32:19,3050,3050,550,2
2026-08-09 08:32:20,3050,3050,555,2
2026-08-09 08:32:21,3050,3050,556,2
2026-08-09 08:32:22,3050,3050,560,2
2026-08-09 08:32:23,3050,3050,560,2
2026-08-09 08:32:24,3050,3050,562,2
2026-08-09 08:32:25,3050,3050,557,2
2026-08-09 08:32:26,3050,3050,555,2
2026-08-09 08:32:27,3050,3050,546,2
2026-08-09 08:32:28,3050,3050,557,2
2026-08-09 08:32:29,3050,3050,558,2
2026-08-09 08:32:30,3050,3050,552,2
2026-08-09 08:32:31,3050,3050,563,2
2026-08-09 08:32:32,3050,3050,567,2
2026-08-09 08:32:33,3050,3050,556,2
2026-08-09 08:32:34,3050,3050,555,2
2026-08-09 08:32:35,3050,3050,562,2
2026-08-09 08:32:36,3050,3050,555,2
2026-08-09 08:32:37,3050,3050,555,2
2026-08-09 08:32:38,3050,3050,555,2
2026-08-09 08:32:39,3050,3050,552,2
2026-08-09 08:32:40,3050,3050,549,2
2026-08-09 08:32:41,3050,3050,558,2
2026-08-09 08:32:42,3050,3050,547,2
2026-08-09 08:32:43,3050,3050,564,2
2026-08-09 08:32:44,3050,3050,561,2
2026-08-09 08:32:45,3050,3050,558,2
2026-08-09 08:32:46,3050,3050,547,2
2026-08-09 08:32:47,3050,3050,552,2
2026-08-09 08:32:48,3050,3050,548,2
2026-08-09 08:32:49,3050,3050,554,2
2026-08-09 08:32:50,3050,3050,551,2
2026-08-09 08:32:51,3050,3050,559,2
2026-08-09 08:32:52,3050,3050,550,2
2026-08-09 08:32:53,3050,3050,562,2
2026-08-09 08:32:54,3050,3050,557,2
2026-08-09 08:32:55,3050,3050,553,2
2026-08-09 08:32:56,3050,3050,540,2
2026-08-09 08:32:57,3050,3050,555,2
2026-08-09 08:32:58,3050,3050,554,2
2026-08-09 08:32:59,3050,3050,559,2
2026-08-09 08:33:00,3050,3050,552,2
2026-08-09 08:33:01,3050,3050,554,2
2026-08-09 08:33:02,3050,3050,556,2
2026-08-09 08:33:03,3050,3050,551,2
2026-08-09 08:33:04,3050,3050,557,2
2026-08-09 08:33:05,3050,3050,561,2
2026-08-09 08:33:06,3050,3050,559,2
2026-08-09 08:33:07,3050,3050,553,2
2026-08-09 08:33:08,3050,3050,547,2
2026-08-09 08:33:09,3050,3050,552,2
2026-08-09 08:33:10,3050,3050,563,2
2026-08-09 08:33:11,3050,3050,549,2
2026-08-09 08:33:12,3050,3050,551,2
2026-08-09 08:33:13,3050,3050,552,2
2026-08-09 08:33:14,3050,3050,559,2
2026-08-09 08:33:15,3050,3050,555,2
2026-08-09 08:33:16,3050,3050,554,2
2026-08-09 08:33:17,3050,3050,549,2
2026-08-09 08:33:18,3050,3050,562,2
2026-08-09 08:33:19,3050,3050,554,2
2026-08-09 08:33:20,3050,3050,554,2
2026-08-09 08:33:21,3050,3050,554,2
2026-08-09 08:33:22,3050,3050,553,2
2026-08-09 08:33:23,3050,3050,561,2
2026-08-09 08:33:24,3050,3050,565,2
2026-08-09 08:33:25,3050,3050,552,2
2026-08-09 08:33:26,3050,3050,554,2
2026-08-09 08:33:27,3050,3050,558,2
2026-08-09 08:33:28,3050,3050,553,2
2026-08-09 08:33:29,3050,3050,563,2
2026-08-09 08:33:30,3050,3050,561,2
2026-08-09 08:33:31,3050,3050,555,2
2026-08-09 08:33:32,3050,3050,556,2
2026-08-09 08:33:33,3050,3050,561,2
2026-08-09 08:33:34,3050,3050,564,2
2026-08-09 08:33:35,3050,3050,554,2
2026-08-09 08:33:36,3050,3050,557,2
2026-08-09 08:33:37,3050,3050,559,2
2026-08-09 08:33:38,3050,3050,551,2
2026-08-09 08:33:39,3050,3050,565,2
2026-08-09 08:33:40,3050,3050,558,2
2026-08-09 08:33:41,3050,3050,560,2
2026-08-09 08:33:42,3050,3050,556,2
2026-08-09 08:33:43,3050,3050,558,2
2026-08-09 08:33:44,3050,3050,552,2
2026-08-09 08:33:45,3050,3050,557,2
2026-08-09 08:33:46,3050,3050,559,2
2026-08-09 08:33:47,3050,3050,551,2
2026-08-09 08:33:48,3050,3050,556,2
2026-08-09 08:33:49,3050,3050,559,2
2026-08-09 08:33:50,3050,3050,553,2
2026-08-09 08:33:51,3050,3050,555,2
2026-08-09 08:33:52,3050,3050,554,2
2026-08-09 08:33:53,3050,3050,557,2
2026-08-09 08:33:54,3050,3050,554,2
2026-08-09 08:33:55,3050,3050,562,2
2026-08-09 08:33:56,3050,3050,562,2
2026-08-09 08:33:57,3050,3050,557,2
2026-08-09 08:33:58,3050,3050,552,2
2026-08-09 08:33:59,3050,3050,553,2
2026-08-09 08:34:00,3050,3050,563,2
2026-08-09 08:34:01,3050,3050,556,2
2026-08-09 08:34:02,3050,3050,552,2
2026-08-09 08:34:03,3050,3050,547,2
2026-08-09 08:34:04,3050,3050,552,2
2026-08-09 08:34:05,3050,3050,550,2
2026-08-09 08:34:06,3050,3050,557,2
2026-08-09 08:34:07,3050,3050,557,2
2026-08-09 08:34:08,3050,3050,546,2
2026-08-09 08:34:09,3050,3050,550,2
2026-08-09 08:34:10,3050,3050,563,2
2026-08-09 08:34:11,3050,3050,556,2
2026-08-09 08:34:12,3050,3050,563,2
2026-08-09 08:34:13,3050,3050,557,2
2026-08-09 08:34:14,3050,3050,546,2
2026-08-09 08:34:15,3050,3050,560,2
2026-08-09 08:34:16,3050,3050,558,2
2026-08-09 08:34:17,3050,3050,559,2
2026-08-09 08:34:18,3050,3050,558,2
2026-08-09 08:34:19,3050,3050,559,2
2026-08-09 08:34:20,3050,3050,551,2
2026-08-09 08:34:21,3050,3050,561,2
2026-08-09 08:34:22,3050,3050,563,2
2026-08-09 08:34:23,3050,3050,554,2
2026-08-09 08:34:24,3050,3050,549,2
2026-08-09 08:34:25,3050,3050,561,2
2026-08-09 08:34:26,3050,3050,544,2
2026-08-09 08:34:27,3050,3050,563,2
2026-08-09 08:34:28,3050,3050,557,2
2026-08-09 08:34:29,3050,3050,551,2
2026-08-09 08:34:30,3050,3050,558,2
2026-08-09 08:34:31,3050,3050,559,2
2026-08-09 08:34:32,3050,3050,558,2
2026-08-09 08:34:33,3050,3050,559,2
2026-08-09 08:34:34,3050,3050,559,2
2026-08-09 08:34:35,3050,3050,559,2
2026-08-09 08:34:36,3050,3050,559,2
2026-08-09 08:34:37,3050,3050,556,2
2026-08-09 08:34:38,3050,3050,555,2
2026-08-09 08:34:39,3050,3050,551,2
2026-08-09 08:34:40,3050,3050,556,2
2026-08-09 08:34:41,3050,3050,549,2
2026-08-09 08:34:42,3050,3050,562,2
2026-08-09 08:34:43,3050,3050,558,2
2026-08-09 08:34:44,3050,3050,552,2
2026-08-09 08:34:45,3050,3050,546,2
2026-08-09 08:34:46,3050,3050,562,2
2026-08-09 08:34:47,3050,3050,552,2
2026-08-09 08:34:48,3050,3050,567,2
2026-08-09 08:34:50,3050,3050,551,2
2026-08-09 08:34:51,3050,3050,555,2
2026-08-09 08:34:51,3050,3050,554,2
2026-08-09 08:34:52,3050,3050,560,2
2026-08-09 08:34:53,3050,3050,561,2
2026-08-09 08:34:54,3050,3050,557,2
2026-08-09 08:34:55,3050,3050,561,2
2026-08-09 08:34:56,3050,3050,557,2
2026-08-09 08:34:57,3050,3050,557,2
2026-08-09 08:34:58,3050,3050,564,2
2026-08-09 08:34:59,3050,3050,563,2
2026-08-09 08:35:00,3050,3050,551,2
2026-08-09 08:35:01,3050,3050,560,2
2026-08-09 08:35:02,3050,3050,560,2
2026-08-09 08:35:03,3050,3050,565,2
2026-08-09 08:35:04,3050,3050,562,2
2026-08-09 08:35:05,3050,3050,561,2
2026-08-09 08:35:06,3050,3050,558,2
2026-08-09 08:35:07,3050,3050,552,2
2026-08-09 08:35:08,3050,3050,552,2
2026-08-09 08:35:09,3050,3050,571,2
2026-08-09 08:35:10,3050,3050,563,2
2026-08-09 08:35:11,3050,3050,558,2
2026-08-09 08:35:12,3050,3050,557,2
2026-08-09 08:35:13,3050,3050,561,2
2026-08-09 08:35:14,3050,3050,556,2
2026-08-09 08:35:15,3050,3050,558,2
2026-08-09 08:35:16,3050,3050,567,2
2026-08-09 08:35:17,3050,3050,558,2
2026-08-09 08:35:18,3050,3050,552,2
2026-08-09 08:35:19,3050,3050,558,2
2026-08-09 08:35:20,3050,3050,559,2
2026-08-09 08:35:21,3050,3050,560,2
2026-08-09 08:35:22,3050,3050,556,2
2026-08-09 08:35:23,3050,3050,566,2
2026-08-09 08:35:24,3050,3050,559,2
2026-08-09 08:35:25,3050,3050,563,2
2026-08-09 08:35:26,3050,3050,566,2
2026-08-09 08:35:27,3050,3050,562,2
2026-08-09 08:35:28,3050,3050,550,2
2026-08-09 08:35:29,3050,3050,560,2
2026-08-09 08:35:30,3050,3050,555,2
2026-08-09 08:35:31,3050,3050,556,2
2026-08-09 08:35:32,3050,3050,555,2
2026-08-09 08:35:33,3050,3050,569,2
2026-08-09 08:35:34,3050,3050,559,2
2026-08-09 08:35:35,3050,3050,561,2
2026-08-09 08:35:37,3050,3050,561,2
2026-08-09 08:35:37,3050,3050,565,2
2026-08-09 08:35:38,3050,3050,559,2
2026-08-09 08:35:39,3050,3050,556,2
2026-08-09 08:35:40,3050,3050,559,2
2026-08-09 08:35:41,3050,3050,562,2
2026-08-09 08:35:42,3050,3050,557,2
2026-08-09 08:35:43,3050,3050,549,2
2026-08-09 08:35:44,3050,3050,560,2
2026-08-09 08:35:45,3050,3050,552,2
2026-08-09 08:35:46,3050,3050,566,2
2026-08-09 08:35:47,3050,3050,558,2
2026-08-09 08:35:48,3050,3050,550,2
2026-08-09 08:35:49,3050,3050,554,2
2026-08-09 08:35:50,3050,3050,559,2
2026-08-09 08:35:51,3050,3050,564,2
2026-08-09 08:35:52,3050,3050,562,2
2026-08-09 08:35:53,3050,3050,562,2
2026-08-09 08:35:54,3050,3050,554,2
2026-08-09 08:35:55,3050,3050,562,2
2026-08-09 08:35:56,3050,3050,567,2
2026-08-09 08:35:57,3050,3050,565,2
2026-08-09 08:35:58,3050,3050,563,2
2026-08-09 08:35:59,3050,3050,562,2
2026-08-09 08:36:00,3050,3050,560,2
2026-08-09 08:36:01,3050,3050,555,2
2026-08-09 08:36:02,3050,3050,559,2
2026-08-09 08:36:03,3050,3050,562,2
2026-08-09 08:36:04,3050,3050,560,2
2026-08-09 08:36:05,3050,3050,558,2
2026-08-09 08:36:06,3050,3050,565,2
2026-08-09 08:36:08,3050,3050,566,2
2026-08-09 08:36:08,3050,3050,568,2
2026-08-09 08:36:10,3050,3050,561,2
2026-08-09 08:36:10,3050,3050,571,2
2026-08-09 08:36:11,3050,3050,563,2
2026-08-09 08:36:12,3050,3050,563,2
2026-08-09 08:36:13,3050,3050,552,2
2026-08-09 08:36:14,3050,3050,563,2
2026-08-09 08:36:15,3050,3050,560,2
2026-08-09 08:36:16,3050,3050,558,2
2026-08-09 08:36:17,3050,3050,550,2
2026-08-09 08:36:18,3050,3050,565,2
2026-08-09 08:36:19,3050,3050,564,2
2026-08-09 08:36:20,3050,3050,566,2
2026-08-09 08:36:21,3050,3050,565,2
2026-08-09 08:36:22,3050,3050,559,2
2026-08-09 08:36:23,3050,3050,556,2
2026-08-09 08:36:24,3050,3050,566,2
2026-08-09 08:36:25,3050,3050,559,2
2026-08-09 08:36:26,3050,3050,558,2
2026-08-09 08:36:27,3050,3050,562,2
2026-08-09 08:36:28,3050,3050,559,2
2026-08-09 08:36:29,3050,3050,558,2
2026-08-09 08:36:30,3050,3050,562,2
2026-08-09 08:36:31,3050,3050,561,2
2026-08-09 08:36:32,3050,3050,570,2
2026-08-09 08:36:33,3050,3050,568,2
2026-08-09 08:36:34,3050,3050,558,2
2026-08-09 08:36:35,3050,3050,555,2
2026-08-09 08:36:36,3050,3050,562,2
2026-08-09 08:36:37,3050,3050,565,2
2026-08-09 08:36:38,3050,3050,564,2
2026-08-09 08:36:39,3050,3050,561,2
2026-08-09 08:36:40,3050,3050,566,2
2026-08-09 08:36:41,3050,3050,555,2
2026-08-09 08:36:42,3050,3050,559,2
2026-08-09 08:36:43,3050,3050,559,2
2026-08-09 08:36:44,3050,3050,554,2
2026-08-09 08:36:45,3050,3050,562,2
2026-08-09 08:36:46,3050,3050,561,2
2026-08-09 08:36:47,3050,3050,557,2
2026-08-09 08:36:48,3050,3050,567,2
2026-08-09 08:36:50,3050,3050,554,2
2026-08-09 08:36:50,3050,3050,561,2
2026-08-09 08:36:51,3050,3050,564,2
2026-08-09 08:36:52,3050,3050,559,2
2026-08-09 08:36:53,3050,3050,558,2
2026-08-09 08:36:54,3050,3050,557,2
2026-08-09 08:36:55,3050,3050,568,2
2026-08-09 08:36:56,3050,3050,562,2
2026-08-09 08:36:57,3050,3050,557,2
2026-08-09 08:36:58,3050,3050,564,2
2026-08-09 08:36:59,3050,3050,561,2
2026-08-09 08:37:00,3050,3050,558,2
2026-08-09 08:37:01,3050,3050,555,2
2026-08-09 08:37:02,3050,3050,564,2
2026-08-09 08:37:03,3050,3050,564,2
2026-08-09 08:37:04,3050,3050,564,2
2026-08-09 08:37:05,3050,3050,561,2
2026-08-09 08:37:06,3050,3050,567,2
2026-08-09 08:37:07,3050,3050,560,2
2026-08-09 08:37:08,3050,3050,562,2
2026-08-09 08:37:09,3050,3050,556,2
2026-08-09 08:37:10,3050,3050,565,2
2026-08-09 08:37:11,3050,3050,563,2
2026-08-09 08:37:12,3050,3050,558,2
2026-08-09 08:37:13,3050,3050,559,2
2026-08-09 08:37:14,3050,3050,561,2
2026-08-09 08:37:15,3050,3050,561,2
2026-08-09 08:37:16,3050,3050,559,2
2026-08-09 08:37:17,3050,3050,560,2
2026-08-09 08:37:18,3050,3050,560,2
2026-08-09 08:37:19,3050,3050,561,2
2026-08-09 08:37:20,3050,3050,559,2
2026-08-09 08:37:21,3050,3050,569,2
2026-08-09 08:37:22,3050,3050,554,2
2026-08-09 08:37:23,3050,3050,559,2
2026-08-09 08:37:24,3050,3050,566,2
2026-08-09 08:37:25,3050,3050,568,2
2026-08-09 08:37:26,3050,3050,561,2
2026-08-09 08:37:27,3050,3050,558,2
2026-08-09 08:37:28,3050,3050,563,2
2026-08-09 08:37:29,3050,3050,565,2
2026-08-09 08:37:30,3050,3050,562,2
2026-08-09 08:37:31,3050,3050,559,2
2026-08-09 08:37:32,3050,3050,560,2
2026-08-09 08:37:33,3050,3050,561,2
2026-08-09 08:37:34,3050,3050,563,2
2026-08-09 08:37:35,3050,3050,555,2
2026-08-09 08:37:36,3050,3050,558,2
2026-08-09 08:37:37,3050,3050,568,2
2026-08-09 08:37:38,3050,3050,559,2
2026-08-09 08:37:39,3050,3050,562,2
2026-08-09 08:37:40,3050,3050,565,2
2026-08-09 08:37:41,3050,3050,563,2
2026-08-09 08:37:42,3050,3050,560,2
2026-08-09 08:37:43,3050,3050,569,2
2026-08-09 08:37:44,3050,3050,565,2
2026-08-09 08:37:45,3050,3050,563,2
2026-08-09 08:37:46,3050,3050,566,2
2026-08-09 08:37:47,3050,3050,562,2
2026-08-09 08:37:48,3050,3050,558,2
2026-08-09 08:37:49,3050,3050,573,2
2026-08-09 08:37:50,3050,3050,565,2
2026-08-09 08:37:51,3050,3050,567,2
2026-08-09 08:37:52,3050,3050,574,2
2026-08-09 08:37:53,3050,3050,564,2
2026-08-09 08:37:54,3050,3050,569,2
2026-08-09 08:37:55,3050,3050,563,2
2026-08-09 08:37:56,3050,3050,559,2
2026-08-09 08:37:57,3050,3050,566,2
2026-08-09 08:37:58,3050,3050,562,2
2026-08-09 08:37:59,3050,3050,556,2
2026-08-09 08:38:00,3050,3050,563,2
2026-08-09 08:38:01,3050,3050,556,2
2026-08-09 08:38:02,3050,3050,565,2
2026-08-09 08:38:03,3050,3050,557,2
2026-08-09 08:38:04,3050,3050,561,2
2026-08-09 08:38:05,3050,3050,564,2
2026-08-09 08:38:06,3050,3050,565,2
2026-08-09 08:38:07,3050,3050,569,2
2026-08-09 08:38:08,3050,3050,559,2
2026-08-09 08:38:09,3050,3050,559,2
2026-08-09 08:38:10,3050,3050,561,2
2026-08-09 08:38:11,3050,3050,555,2
2026-08-09 08:38:12,3050,3050,559,2
2026-08-09 08:38:13,3050,3050,565,2
2026-08-09 08:38:14,3050,3050,566,2
2026-08-09 08:38:15,3050,3050,555,2
2026-08-09 08:38:16,3050,3050,559,2
2026-08-09 08:38:17,3050,3050,559,2
2026-08-09 08:38:18,3050,3050,564,2
2026-08-09 08:38:19,3050,3050,565,2
2026-08-09 08:38:20,3050,3050,563,2
2026-08-09 08:38:21,3050,3050,569,2
2026-08-09 08:38:22,3050,3050,566,2
2026-08-09 08:38:23,3050,3050,565,2
2026-08-09 08:38:24,3050,3050,563,2
2026-08-09 08:38:25,3050,3050,557,2
2026-08-09 08:38:26,3050,3050,563,2
2026-08-09 08:38:27,3050,3050,561,2
2026-08-09 08:38:28,3050,3050,566,2
2026-08-09 08:38:29,3050,3050,563,2
2026-08-09 08:38:30,3050,3050,566,2
2026-08-09 08:38:31,3050,3050,565,2
2026-08-09 08:38:32,3050,3050,560,2
2026-08-09 08:38:33,3050,3050,563,2
2026-08-09 08:38:34,3050,3050,565,2
2026-08-09 08:38:35,3050,3050,566,2
2026-08-09 08:38:36,3050,3050,564,2
2026-08-09 08:38:37,3050,3050,564,2
2026-08-09 08:38:38,3050,3050,568,2
2026-08-09 08:38:39,3050,3050,565,2
2026-08-09 08:38:40,3050,3050,569,2
2026-08-09 08:38:41,3050,3050,563,2
2026-08-09 08:38:42,3050,3050,564,2
2026-08-09 08:38:43,3050,3050,563,2
2026-08-09 08:38:44,3050,3050,569,2
2026-08-09 08:38:45,3050,3050,564,2
2026-08-09 08:38:46,3050,3050,563,2
2026-08-09 08:38:47,3050,3050,559,2
2026-08-09 08:38:48,3050,3050,566,2
2026-08-09 08:38:49,3050,3050,569,2
2026-08-09 08:38:50,3050,3050,557,2
2026-08-09 08:38:51,3050,3050,572,2
2026-08-09 08:38:52,3050,3050,558,2
2026-08-09 08:38:53,3050,3050,563,2
2026-08-09 08:38:54,3050,3050,566,2
2026-08-09 08:38:55,3050,3050,567,2
2026-08-09 08:38:56,3050,3050,568,2
2026-08-09 08:38:57,3050,3050,567,2
2026-08-09 08:38:58,3050,3050,566,2
2026-08-09 08:38:59,3050,3050,569,2
2026-08-09 08:39:00,3050,3050,570,2
2026-08-09 08:39:01,3050,3050,560,2
2026-08-09 08:39:02,3050,3050,565,2
2026-08-09 08:39:03,3050,3050,565,2
2026-08-09 08:39:04,3050,3050,562,2
2026-08-09 08:39:05,3050,3050,565,2
2026-08-09 08:39:06,3050,3050,563,2
2026-08-09 08:39:07,3050,3050,562,2
2026-08-09 08:39:08,3050,3050,555,2
2026-08-09 08:39:09,3050,3050,569,2
2026-08-09 08:39:10,3050,3050,563,2
2026-08-09 08:39:11,3050,3050,563,2
2026-08-09 08:39:12,3050,3050,569,2
2026-08-09 08:39:13,3050,3050,573,2
2026-08-09 08:39:14,3050,3050,564,2
2026-08-09 08:39:15,3050,3050,567,2
2026-08-09 08:39:16,3050,3050,563,2
2026-08-09 08:39:17,3050,3050,565,2
2026-08-09 08:39:18,3050,3050,568,2
2026-08-09 08:39:19,3050,3050,568,2
2026-08-09 08:39:20,3050,3050,560,2
2026-08-09 08:39:21,3050,3050,565,2
2026-08-09 08:39:22,3050,3050,572,2
2026-08-09 08:39:23,3050,3050,563,2
2026-08-09 08:39:24,3050,3050,562,2
2026-08-09 08:39:25,3050,3050,564,2
2026-08-09 08:39:26,3050,3050,570,2
2026-08-09 08:39:27,3050,3050,561,2
2026-08-09 08:39:28,3050,3050,563,2
2026-08-09 08:39:29,3050,3050,562,2
2026-08-09 08:39:30,3050,3050,563,2
2026-08-09 08:39:31,3050,3050,570,2
2026-08-09 08:39:32,3050,3050,565,2
2026-08-09 08:39:33,3050,3050,571,2
2026-08-09 08:39:34,3050,3050,564,2
2026-08-09 08:39:35,3050,3050,563,2
2026-08-09 08:39:36,3050,3050,568,2
2026-08-09 08:39:37,3050,3050,563,2
2026-08-09 08:39:38,3050,3050,571,2
2026-08-09 08:39:39,3050,3050,572,2
2026-08-09 08:39:40,3050,3050,566,2
2026-08-09 08:39:41,3050,3050,565,2
2026-08-09 08:39:42,3050,3050,563,2
2026-08-09 08:39:43,3050,3050,564,2
2026-08-09 08:39:44,3050,3050,561,2
2026-08-09 08:39:45,3050,3050,567,2
2026-08-09 08:39:46,3050,3050,565,2
2026-08-09 08:39:47,3050,3050,565,2
2026-08-09 08:39:48,3050,3050,566,2
2026-08-09 08:39:49,3050,3050,566,2
2026-08-09 08:39:50,3050,3050,562,2
2026-08-09 08:39:51,3050,3050,568,2
2026-08-09 08:39:52,3050,3050,568,2
2026-08-09 08:39:53,3050,3050,560,2
2026-08-09 08:39:54,3050,3050,556,2
2026-08-09 08:39:55,3050,3050,569,2
2026-08-09 08:39:56,3050,3050,562,2
2026-08-09 08:39:57,3050,3050,572,2
2026-08-09 08:39:58,3050,3050,568,2
2026-08-09 08:39:59,3050,3050,564,2
2026-08-09 08:40:00,3050,3050,566,2
2026-08-09 08:40:01,3050,3050,561,2
2026-08-09 08:40:02,3050,3050,570,2
2026-08-09 08:40:03,3050,3050,567,2
2026-08-09 08:40:04,3050,3050,565,2
2026-08-09 08:40:05,3050,3050,564,2
2026-08-09 08:40:06,3050,3050,560,2
2026-08-09 08:40:07,3050,3050,570,2
2026-08-09 08:40:08,3050,3050,568,2
2026-08-09 08:40:09,3050,3050,569,2
2026-08-09 08:40:10,3050,3050,562,2
2026-08-09 08:40:11,3050,3050,560,2
2026-08-09 08:40:12,3050,3050,560,2
2026-08-09 08:40:13,3050,3050,565,2
2026-08-09 08:40:14,3050,3050,565,2
2026-08-09 08:40:15,3050,3050,568,2
2026-08-09 08:40:16,3050,3050,564,2
2026-08-09 08:40:17,3050,3050,574,2
2026-08-09 08:40:18,3050,3050,569,2
2026-08-09 08:40:19,3050,3050,571,2
2026-08-09 08:40:20,3050,3050,558,2
2026-08-09 08:40:21,3050,3050,572,2
2026-08-09 08:40:22,3050,3050,564,2
2026-08-09 08:40:23,3050,3050,569,2
2026-08-09 08:40:24,3050,3050,565,2
2026-08-09 08:40:25,3050,3050,566,2
2026-08-09 08:40:26,3050,3050,571,2
2026-08-09 08:40:27,3050,3050,566,2
2026-08-09 08:40:28,3050,3050,565,2
2026-08-09 08:40:29,3050,3050,567,2
2026-08-09 08:40:30,3050,3050,570,2
2026-08-09 08:40:31,3050,3050,561,2
2026-08-09 08:40:32,3050,3050,568,2
2026-08-09 08:40:33,3050,3050,563,2
2026-08-09 08:40:34,3050,3050,561,2
2026-08-09 08:40:35,3050,3050,564,2
2026-08-09 08:40:36,3050,3050,571,2
2026-08-09 08:40:37,3050,3050,574,2
2026-08-09 08:40:38,3050,3050,565,2
2026-08-09 08:40:39,3050,3050,572,2
2026-08-09 08:40:40,3050,3050,563,2
2026-08-09 08:40:41,3050,3050,565,2
2026-08-09 08:40:42,3050,3050,556,2
2026-08-09 08:40:43,3050,3050,564,2
2026-08-09 08:40:44,3050,3050,564,2
2026-08-09 08:40:45,3050,3050,566,2
2026-08-09 08:40:46,3050,3050,572,2
2026-08-09 08:40:47,3050,3050,564,2
2026-08-09 08:40:48,3050,3050,563,2
2026-08-09 08:40:49,3050,3050,564,2
2026-08-09 08:40:50,3050,3050,559,2
2026-08-09 08:40:51,3050,3050,566,2
2026-08-09 08:40:52,3050,3050,569,2
2026-08-09 08:40:53,3050,3050,564,2
2026-08-09 08:40:54,3050,3050,563,2
2026-08-09 08:40:55,3050,3050,562,2
2026-08-09 08:40:56,3050,3050,561,2
2026-08-09 08:40:57,3050,3050,563,2
2026-08-09 08:40:58,3050,3050,570,2
2026-08-09 08:40:59,3050,3050,560,2
2026-08-09 08:41:00,3050,3050,564,2
2026-08-09 08:41:01,3050,3050,572,2
2026-08-09 08:41:02,3050,3050,565,2
2026-08-09 08:41:03,3050,3050,570,2
2026-08-09 08:41:04,3050,3050,568,2
2026-08-09 08:41:05,3050,3050,565,2
2026-08-09 08:41:06,3050,3050,566,2
2026-08-09 08:41:07,3050,3050,570,2
2026-08-09 08:41:08,3050,3050,570,2
2026-08-09 08:41:09,3050,3050,570,2
2026-08-09 08:41:10,3050,3050,570,2
2026-08-09 08:41:11,3050,3050,571,2
2026-08-09 08:41:12,3050,3050,569,2
2026-08-09 08:41:13,3050,3050,566,2
2026-08-09 08:41:14,3050,3050,568,2
2026-08-09 08:41:15,3050,3050,563,2
2026-08-09 08:41:16,3050,3050,567,2
2026-08-09 08:41:17,3050,3050,570,2
2026-08-09 08:41:18,3050,3050,575,2
2026-08-09 08:41:19,3050,3050,560,2
2026-08-09 08:41:20,3050,3050,563,2
2026-08-09 08:41:21,3050,3050,572,2
2026-08-09 08:41:22,3050,3050,562,2
2026-08-09 08:41:23,3050,3050,568,2
2026-08-09 08:41:24,3050,3050,570,2
2026-08-09 08:41:25,3050,3050,563,2
2026-08-09 08:41:26,3050,3050,569,2
2026-08-09 08:41:27,3050,3050,562,2
2026-08-09 08:41:28,3050,3050,563,2
2026-08-09 08:41:29,3050,3050,563,2
2026-08-09 08:41:30,3050,3050,566,2
2026-08-09 08:41:31,3050,3050,572,2
2026-08-09 08:41:32,3050,3050,566,2
2026-08-09 08:41:33,3050,3050,571,2
2026-08-09 08:41:34,3050,3050,568,2
2026-08-09 08:41:35,3050,3050,570,2
2026-08-09 08:41:36,3050,3050,568,2
2026-08-09 08:41:37,3050,3050,569,2
2026-08-09 08:41:38,3050,3050,570,2
2026-08-09 08:41:39,3050,3050,567,2
2026-08-09 08:41:40,3050,3050,571,2
2026-08-09 08:41:41,3050,3050,566,2
2026-08-09 08:41:42,3050,3050,565,2
2026-08-09 08:41:43,3050,3050,568,2
2026-08-09 08:41:44,3050,3050,568,2
2026-08-09 08:41:45,3050,3050,568,2
2026-08-09 08:41:46,3050,3050,566,2
2026-08-09 08:41:47,3050,3050,569,2
2026-08-09 08:41:48,3050,3050,568,2
2026-08-09 08:41:49,3050,3050,568,2
2026-08-09 08:41:50,3050,3050,563,2
2026-08-09 08:41:51,3050,3050,563,2
2026-08-09 08:41:52,3050,3050,574,2
2026-08-09 08:41:53,3050,3050,565,2
2026-08-09 08:41:54,3050,3050,569,2
2026-08-09 08:41:55,3050,3050,563,2
2026-08-09 08:41:56,3050,3050,566,2
2026-08-09 08:41:57,3050,3050,573,2
2026-08-09 08:41:58,3050,3050,570,2
2026-08-09 08:41:59,3050,3050,572,2
2026-08-09 08:42:00,3050,3050,558,2
2026-08-09 08:42:01,3050,3050,565,2
2026-08-09 08:42:02,3050,3050,568,2
2026-08-09 08:42:03,3050,3050,563,2
2026-08-09 08:42:04,3050,3050,569,2
2026-08-09 08:42:05,3050,3050,565,2
2026-08-09 08:42:06,3050,3050,569,2
2026-08-09 08:42:07,3050,3050,564,2
2026-08-09 08:42:08,3050,3050,569,2
2026-08-09 08:42:09,3050,3050,573,2
2026-08-09 08:42:10,3050,3050,569,2
2026-08-09 08:42:11,3050,3050,566,2
2026-08-09 08:42:12,3050,3050,572,2
2026-08-09 08:42:13,3050,3050,569,2
2026-08-09 08:42:14,3050,3050,565,2
2026-08-09 08:42:15,3050,3050,575,2
2026-08-09 08:42:16,3050,3050,567,2
2026-08-09 08:42:17,3050,3050,568,2
2026-08-09 08:42:18,3050,3050,569,2
2026-08-09 08:42:19,3050,3050,571,2
2026-08-09 08:42:20,3050,3050,573,2
2026-08-09 08:42:21,3050,3050,569,2
2026-08-09 08:42:22,3050,3050,573,2
2026-08-09 08:42:23,3050,3050,574,2
2026-08-09 08:42:24,3050,3050,564,2
2026-08-09 08:42:25,3050,3050,564,2
2026-08-09 08:42:26,3050,3050,563,2
2026-08-09 08:42:27,3050,3050,562,2
2026-08-09 08:42:28,3050,3050,568,2
2026-08-09 08:42:29,3050,3050,579,2
2026-08-09 08:42:30,3050,3050,570,2
2026-08-09 08:42:31,3050,3050,570,2
2026-08-09 08:42:32,3050,3050,571,2
2026-08-09 08:42:33,3050,3050,564,2
2026-08-09 08:42:34,3050,3050,563,2
2026-08-09 08:42:35,3050,3050,571,2
2026-08-09 08:42:36,3050,3050,566,2
2026-08-09 08:42:37,3050,3050,569,2
2026-08-09 08:42:38,3050,3050,567,2
2026-08-09 08:42:39,3050,3050,570,2
2026-08-09 08:42:40,3050,3050,572,2
2026-08-09 08:42:41,3050,3050,564,2
2026-08-09 08:42:42,3050,3050,570,2
2026-08-09 08:42:43,3050,3050,574,2
2026-08-09 08:42:44,3050,3050,565,2
2026-08-09 08:42:45,3050,3050,571,2
2026-08-09 08:42:46,3050,3050,568,2
2026-08-09 08:42:47,3050,3050,570,2
2026-08-09 08:42:48,3050,3050,571,2
2026-08-09 08:42:49,3050,3050,575,2
2026-08-09 08:42:50,3050,3050,567,2
2026-08-09 08:42:51,3050,3050,572,2
2026-08-09 08:42:52,3050,3050,577,2
2026-08-09 08:42:53,3050,3050,576,2
2026-08-09 08:42:54,3050,3050,569,2
2026-08-09 08:42:55,3050,3050,573,2
2026-08-09 08:42:56,3050,3050,574,2
2026-08-09 08:42:57,3050,3050,574,2
2026-08-09 08:42:58,3050,3050,571,2
2026-08-09 08:42:59,3050,3050,569,2
2026-08-09 08:43:00,3050,3050,570,2
2026-08-09 08:43:01,3050,3050,572,2
2026-08-09 08:43:02,3050,3050,569,2
2026-08-09 08:43:03,3050,3050,569,2
2026-08-09 08:43:04,3050,3050,575,2
2026-08-09 08:43:05,3050,3050,574,2
2026-08-09 08:43:06,3050,3050,579,2
2026-08-09 08:43:07,3050,3050,568,2
2026-08-09 08:43:08,3050,3050,572,2
2026-08-09 08:43:09,3050,3050,573,2
2026-08-09 08:43:10,3050,3050,576,2
2026-08-09 08:43:11,3050,3050,569,2
2026-08-09 08:43:12,3050,3050,575,2
2026-08-09 08:43:13,3050,3050,564,2
2026-08-09 08:43:14,3050,3050,572,2
2026-08-09 08:43:15,3050,3050,581,2
2026-08-09 08:43:16,3050,3050,573,2
2026-08-09 08:43:17,3050,3050,578,2
2026-08-09 08:43:18,3050,3050,567,2
2026-08-09 08:43:19,3050,3050,571,2
2026-08-09 08:43:20,3050,3050,577,2
2026-08-09 08:43:21,3050,3050,572,2
2026-08-09 08:43:22,3050,3050,569,2
2026-08-09 08:43:23,3050,3050,573,2
2026-08-09 08:43:24,3050,3050,569,2
2026-08-09 08:43:25,3050,3050,577,2
2026-08-09 08:43:26,3050,3050,576,2
2026-08-09 08:43:27,3050,3050,572,2
2026-08-09 08:43:28,3050,3050,574,2
2026-08-09 08:43:29,3050,3050,571,2
2026-08-09 08:43:30,3050,3050,564,2
2026-08-09 08:43:31,3050,3050,568,2
2026-08-09 08:43:32,3050,3050,568,2
2026-08-09 08:43:33,3050,3050,568,2
2026-08-09 08:43:34,3050,3050,574,2
2026-08-09 08:43:35,3050,3050,572,2
2026-08-09 08:43:36,3050,3050,572,2
2026-08-09 08:43:37,3050,3050,570,2
2026-08-09 08:43:38,3050,3050,570,2
2026-08-09 08:43:39,3050,3050,571,2
2026-08-09 08:43:40,3050,3050,575,2
2026-08-09 08:43:41,3050,3050,569,2
2026-08-09 08:43:42,3050,3050,573,2
2026-08-09 08:43:43,3050,3050,577,2
2026-08-09 08:43:44,3050,3050,571,2
2026-08-09 08:43:45,3050,3050,578,2
2026-08-09 08:43:46,3050,3050,572,2
2026-08-09 08:43:47,3050,3050,573,2
2026-08-09 08:43:48,3050,3050,565,2
2026-08-09 08:43:49,3050,3050,571,2
2026-08-09 08:43:50,3050,3050,575,2
2026-08-09 08:43:51,3050,3050,575,2
2026-08-09 08:43:52,3050,3050,570,2
2026-08-09 08:43:53,3050,3050,579,2
2026-08-09 08:43:54,3050,3050,574,2
2026-08-09 08:43:55,3050,3050,570,2
2026-08-09 08:43:56,3050,3050,565,2
2026-08-09 08:43:57,3050,3050,576,2
2026-08-09 08:43:58,3050,3050,567,2
2026-08-09 08:43:59,3050,3050,574,2
2026-08-09 08:44:00,3050,3050,569,2
2026-08-09 08:44:01,3050,3050,569,2
2026-08-09 08:44:02,3050,3050,579,2
2026-08-09 08:44:03,3050,3050,573,2
2026-08-09 08:44:04,3050,3050,577,2
2026-08-09 08:44:05,3050,3050,566,2
2026-08-09 08:44:06,3050,3050,567,2
2026-08-09 08:44:07,3050,3050,573,2
2026-08-09 08:44:08,3050,3050,575,2
2026-08-09 08:44:09,3050,3050,579,2
2026-08-09 08:44:10,3050,3050,577,2
2026-08-09 08:44:11,3050,3050,572,2
2026-08-09 08:44:12,3050,3050,572,2
2026-08-09 08:44:13,3050,3050,575,2
2026-08-09 08:44:14,3050,3050,575,2
2026-08-09 08:44:15,3050,3050,580,2
2026-08-09 08:44:16,3050,3050,571,2
2026-08-09 08:44:17,3050,3050,572,2
2026-08-09 08:44:18,3050,3050,571,2
2026-08-09 08:44:19,3050,3050,573,2
2026-08-09 08:44:20,3050,3050,577,2
2026-08-09 08:44:21,3050,3050,567,2
2026-08-09 08:44:22,3050,3050,576,2
2026-08-09 08:44:23,3050,3050,569,2
2026-08-09 08:44:24,3050,3050,576,2
2026-08-09 08:44:25,3050,3050,575,2
2026-08-09 08:44:26,3050,3050,570,2
2026-08-09 08:44:27,3050,3050,574,2
2026-08-09 08:44:28,3050,3050,576,2
2026-08-09 08:44:29,3050,3050,574,2
2026-08-09 08:44:30,3050,3050,573,2
2026-08-09 08:44:31,3050,3050,573,2
2026-08-09 08:44:32,3050,3050,576,2
2026-08-09 08:44:33,3050,3050,571,2
2026-08-09 08:44:34,3050,3050,570,2
2026-08-09 08:44:35,3050,3050,575,2
2026-08-09 08:44:36,3050,3050,579,2
2026-08-09 08:44:37,3050,3050,572,2
2026-08-09 08:44:38,3050,3050,575,2
2026-08-09 08:44:39,3050,3050,572,2
2026-08-09 08:44:40,3050,3050,572,2
2026-08-09 08:44:41,3050,3050,578,2
2026-08-09 08:44:42,3050,3050,577,2
2026-08-09 08:44:43,3050,3050,573,2
2026-08-09 08:44:44,3050,3050,572,2
2026-08-09 08:44:45,3050,3050,574,2
2026-08-09 08:44:46,3050,3050,571,2
2026-08-09 08:44:47,3050,3050,575,2
2026-08-09 08:44:48,3050,3050,575,2
2026-08-09 08:44:49,3050,3050,571,2
2026-08-09 08:44:50,3050,3050,576,2
2026-08-09 08:44:51,3050,3050,577,2
2026-08-09 08:44:52,3050,3050,570,2
2026-08-09 08:44:53,3050,3050,576,2
2026-08-09 08:44:54,3050,3050,574,2
2026-08-09 08:44:55,3050,3050,574,2
2026-08-09 08:44:56,3050,3050,575,2
2026-08-09 08:44:57,3050,3050,576,2
2026-08-09 08:44:58,3050,3050,575,2
2026-08-09 08:44:59,3050,3050,578,2
2026-08-09 08:45:00,3050,3050,579,2
2026-08-09 08:45:01,3050,3050,570,2
2026-08-09 08:45:02,3050,3050,567,2
2026-08-09 08:45:03,3050,3050,572,2
2026-08-09 08:45:04,3050,3050,579,2
2026-08-09 08:45:05,3050,3050,583,2
2026-08-09 08:45:06,3050,3050,572,2
2026-08-09 08:45:07,3050,3050,569,2
2026-08-09 08:45:08,3050,3050,569,2
2026-08-09 08:45:09,3050,3050,570,2
2026-08-09 08:45:10,3050,3050,570,2
2026-08-09 08:45:11,3050,3050,573,2
2026-08-09 08:45:12,3050,3050,569,2
2026-08-09 08:45:13,3050,3050,569,2
2026-08-09 08:45:14,3050,3050,579,2
2026-08-09 08:45:15,3050,3050,563,2
2026-08-09 08:45:16,3050,3050,580,2
2026-08-09 08:45:17,3050,3050,570,2
2026-08-09 08:45:18,3050,3050,578,2
2026-08-09 08:45:19,3050,3050,576,2
2026-08-09 08:45:20,3050,3050,574,2
2026-08-09 08:45:21,3050,3050,580,2
2026-08-09 08:45:22,3050,3050,572,2
2026-08-09 08:45:23,3050,3050,571,2
2026-08-09 08:45:24,3050,3050,569,2
2026-08-09 08:45:25,3050,3050,569,2
2026-08-09 08:45:26,3050,3050,573,2
2026-08-09 08:45:27,3050,3050,573,2
2026-08-09 08:45:28,3050,3050,575,2
2026-08-09 08:45:29,3050,3050,572,2
2026-08-09 08:45:30,3050,3050,569,2
2026-08-09 08:45:31,3050,3050,572,2
2026-08-09 08:45:32,3050,3050,578,2
2026-08-09 08:45:33,3050,3050,568,2
2026-08-09 08:45:34,3050,3050,577,2
2026-08-09 08:45:35,3050,3050,565,2
2026-08-09 08:45:36,3050,3050,568,2
2026-08-09 08:45:37,3050,3050,571,2
2026-08-09 08:45:38,3050,3050,570,2
2026-08-09 08:45:39,3050,3050,570,2
2026-08-09 08:45:40,3050,3050,572,2
2026-08-09 08:45:41,3050,3050,571,2
2026-08-09 08:45:42,3050,3050,576,2
2026-08-09 08:45:43,3050,3050,573,2
2026-08-09 08:45:44,3050,3050,577,2
2026-08-09 08:45:45,3050,3050,568,2
2026-08-09 08:45:46,3050,3050,579,2
2026-08-09 08:45:47,3050,3050,576,2
2026-08-09 08:45:48,3050,3050,571,2
2026-08-09 08:45:49,3050,3050,577,2
2026-08-09 08:45:50,3050,3050,570,2
2026-08-09 08:45:51,3050,3050,577,2
2026-08-09 08:45:52,3050,3050,574,2
2026-08-09 08:45:53,3050,3050,573,2
2026-08-09 08:45:54,3050,3050,568,2
2026-08-09 08:45:55,3050,3050,576,2
2026-08-09 08:45:56,3050,3050,570,2
2026-08-09 08:45:57,3050,3050,575,2
2026-08-09 08:45:58,3050,3050,570,2
2026-08-09 08:45:59,3050,3050,576,2
2026-08-09 08:46:00,3050,3050,574,2
2026-08-09 08:46:01,3050,3050,573,2
2026-08-09 08:46:02,3050,3050,580,2
2026-08-09 08:46:03,3050,3050,581,2
2026-08-09 08:46:04,3050,3050,570,2
2026-08-09 08:46:05,3050,3050,573,2
2026-08-09 08:46:06,3050,3050,568,2
2026-08-09 08:46:07,3050,3050,575,2
2026-08-09 08:46:08,3050,3050,574,2
2026-08-09 08:46:09,3050,3050,568,2
2026-08-09 08:46:10,3050,3050,573,2
2026-08-09 08:46:11,3050,3050,575,2
2026-08-09 08:46:12,3050,3050,573,2
2026-08-09 08:46:13,3050,3050,573,2
2026-08-09 08:46:14,3050,3050,572,2
2026-08-09 08:46:15,3050,3050,574,2
2026-08-09 08:46:16,3050,3050,579,2
2026-08-09 08:46:17,3050,3050,578,2
2026-08-09 08:46:18,3050,3050,571,2
2026-08-09 08:46:19,3050,3050,575,2
2026-08-09 08:46:20,3050,3050,580,2
2026-08-09 08:46:21,3050,3050,573,2
2026-08-09 08:46:22,3050,3050,575,2
2026-08-09 08:46:23,3050,3050,570,2
2026-08-09 08:46:24,3050,3050,577,2
2026-08-09 08:46:25,3050,3050,577,2
2026-08-09 08:46:26,3050,3050,576,2
2026-08-09 08:46:27,3050,3050,573,2
2026-08-09 08:46:28,3050,3050,578,2
2026-08-09 08:46:29,3050,3050,579,2
2026-08-09 08:46:30,3050,3050,575,2
2026-08-09 08:46:31,3050,3050,569,2
2026-08-09 08:46:32,3050,3050,570,2
2026-08-09 08:46:33,3050,3050,577,2
2026-08-09 08:46:34,3050,3050,577,2
2026-08-09 08:46:35,3050,3050,572,2
2026-08-09 08:46:36,3050,3050,582,2
2026-08-09 08:46:37,3050,3050,580,2
2026-08-09 08:46:38,3050,3050,570,2
2026-08-09 08:46:39,3050,3050,576,2
2026-08-09 08:46:40,3050,3050,575,2
2026-08-09 08:46:41,3050,3050,579,2
2026-08-09 08:46:42,3050,3050,570,2
2026-08-09 08:46:43,3050,3050,579,2
2026-08-09 08:46:44,3050,3050,578,2
2026-08-09 08:46:45,3050,3050,571,2
2026-08-09 08:46:46,3050,3050,579,2
2026-08-09 08:46:47,3050,3050,577,2
2026-08-09 08:46:48,3050,3050,580,2
2026-08-09 08:46:49,3050,3050,575,2
2026-08-09 08:46:50,3050,3050,569,2
2026-08-09 08:46:51,3050,3050,572,2
2026-08-09 08:46:52,3050,3050,577,2
2026-08-09 08:46:53,3050,3050,573,2
2026-08-09 08:46:54,3050,3050,571,2
2026-08-09 08:46:55,3050,3050,580,2
2026-08-09 08:46:56,3050,3050,578,2
2026-08-09 08:46:57,3050,3050,570,2
2026-08-09 08:46:58,3050,3050,575,2
2026-08-09 08:46:59,3050,3050,575,2
2026-08-09 08:47:00,3050,3050,572,2
2026-08-09 08:47:01,3050,3050,570,2
2026-08-09 08:47:02,3050,3050,576,2
2026-08-09 08:47:03,3050,3050,576,2
2026-08-09 08:47:04,3050,3050,572,2
2026-08-09 08:47:05,3050,3050,578,2
2026-08-09 08:47:06,3050,3050,570,2
2026-08-09 08:47:07,3050,3050,583,2
2026-08-09 08:47:08,3050,3050,573,2
2026-08-09 08:47:09,3050,3050,577,2
2026-08-09 08:47:10,3050,3050,571,2
2026-08-09 08:47:11,3050,3050,565,2
2026-08-09 08:47:12,3050,3050,577,2
2026-08-09 08:47:13,3050,3050,579,2
2026-08-09 08:47:14,3050,3050,575,2
2026-08-09 08:47:15,3050,3050,573,2
2026-08-09 08:47:16,3050,3050,579,2
2026-08-09 08:47:17,3050,3050,573,2
2026-08-09 08:47:18,3050,3050,576,2
2026-08-09 08:47:19,3050,3050,577,2
2026-08-09 08:47:20,3050,3050,574,2
2026-08-09 08:47:21,3050,3050,574,2
2026-08-09 08:47:22,3050,3050,578,2
2026-08-09 08:47:23,3050,3050,571,2
2026-08-09 08:47:24,3050,3050,575,2
2026-08-09 08:47:25,3050,3050,574,2
2026-08-09 08:47:26,3050,3050,572,2
2026-08-09 08:47:27,3050,3050,570,2
2026-08-09 08:47:28,3050,3050,563,2
2026-08-09 08:47:29,3050,3050,570,2
2026-08-09 08:47:30,3050,3050,580,2
2026-08-09 08:47:31,3050,3050,578,2
2026-08-09 08:47:32,3050,3050,574,2
2026-08-09 08:47:33,3050,3050,575,2
2026-08-09 08:47:34,3050,3050,577,2
2026-08-09 08:47:35,3050,3050,584,2
2026-08-09 08:47:36,3050,3050,572,2
2026-08-09 08:47:37,3050,3050,572,2
2026-08-09 08:47:38,3050,3050,576,2
2026-08-09 08:47:39,3050,3050,576,2
2026-08-09 08:47:40,3050,3050,578,2
2026-08-09 08:47:41,3050,3050,581,2
2026-08-09 08:47:42,3050,3050,574,2
2026-08-09 08:47:43,3050,3050,571,2
2026-08-09 08:47:44,3050,3050,571,2
2026-08-09 08:47:45,3050,3050,574,2
2026-08-09 08:47:46,3050,3050,579,2
2026-08-09 08:47:47,3050,3050,575,2
2026-08-09 08:47:48,3050,3050,570,2
2026-08-09 08:47:49,3050,3050,577,2
2026-08-09 08:47:50,3050,3050,575,2
2026-08-09 08:47:51,3050,3050,572,2
2026-08-09 08:47:52,3050,3050,576,2
2026-08-09 08:47:53,3050,3050,576,2
2026-08-09 08:47:54,3050,3050,575,2
2026-08-09 08:47:55,3050,3050,577,2
2026-08-09 08:47:56,3050,3050,580,2
2026-08-09 08:47:57,3050,3050,570,2
2026-08-09 08:47:58,3050,3050,576,2
2026-08-09 08:47:59,3050,3050,571,2
2026-08-09 08:48:00,3050,3050,573,2
2026-08-09 08:48:01,3050,3050,577,2
2026-08-09 08:48:02,3050,3050,574,2
2026-08-09 08:48:03,3050,3050,575,2
2026-08-09 08:48:04,3050,3050,572,2
2026-08-09 08:48:05,3050,3050,572,2
2026-08-09 08:48:06,3050,3050,576,2
2026-08-09 08:48:07,3050,3050,580,2
2026-08-09 08:48:08,3050,3050,574,2
2026-08-09 08:48:09,3050,3050,574,2
2026-08-09 08:48:12,3050,3050,575,2
2026-08-09 08:48:12,3050,3050,571,2
2026-08-09 08:48:12,3050,3050,579,2
2026-08-09 08:48:13,3050,3050,570,2
2026-08-09 08:48:14,3050,3050,581,2
2026-08-09 08:48:15,3050,3050,575,2
2026-08-09 08:48:16,3050,3050,571,2
2026-08-09 08:48:17,3050,3050,574,2
2026-08-09 08:48:18,3050,3050,581,2
2026-08-09 08:48:19,3050,3050,571,2
2026-08-09 08:48:20,3050,3050,572,2
2026-08-09 08:48:21,3050,3050,574,2
2026-08-09 08:48:22,3050,3050,580,2
2026-08-09 08:48:23,3050,3050,581,2
2026-08-09 08:48:24,3050,3050,573,2
2026-08-09 08:48:25,3050,3050,569,2
2026-08-09 08:48:26,3050,3050,579,2
2026-08-09 08:48:27,3050,3050,576,2
2026-08-09 08:48:28,3050,3050,577,2
2026-08-09 08:48:29,3050,3050,580,2
2026-08-09 08:48:31,3050,3050,576,2
2026-08-09 08:48:34,3050,3050,574,2
2026-08-09 08:48:35,3050,3050,573,2
2026-08-09 08:48:35,3050,3050,574,2
2026-08-09 08:48:35,3050,3050,577,2
2026-08-09 08:48:35,3050,3050,579,2
2026-08-09 08:48:36,3050,3050,571,2
2026-08-09 08:48:37,3050,3050,573,2
2026-08-09 08:48:38,3050,3050,575,2
2026-08-09 08:48:39,3050,3050,580,2
2026-08-09 08:48:40,3050,3050,580,2
2026-08-09 08:48:42,3050,3050,577,2
2026-08-09 08:48:42,3050,3050,575,2
2026-08-09 08:48:43,3050,3050,580,2
2026-08-09 08:48:46,3050,3050,578,2
2026-08-09 08:48:46,3050,3050,582,2
2026-08-09 08:48:46,3050,3050,581,2
2026-08-09 08:48:47,3050,3050,578,2
2026-08-09 08:48:48,3050,3050,570,2
2026-08-09 08:48:49,3050,3050,582,2
2026-08-09 08:48:50,3050,3050,577,2
2026-08-09 08:48:51,3050,3050,577,2
2026-08-09 08:48:52,3050,3050,579,2
2026-08-09 08:48:53,3050,3050,577,2
2026-08-09 08:48:54,3050,3050,567,2
2026-08-09 08:48:55,3050,3050,569,2
2026-08-09 08:48:56,3050,3050,572,2
2026-08-09 08:48:57,3050,3050,573,2
2026-08-09 08:48:58,3050,3050,571,2
2026-08-09 08:48:59,3050,3050,578,2
2026-08-09 08:49:00,3050,3050,575,2
2026-08-09 08:49:01,3050,3050,573,2
2026-08-09 08:49:02,3050,3050,574,2
2026-08-09 08:49:03,3050,3050,582,2
2026-08-09 08:49:04,3050,3050,574,2
2026-08-09 08:49:05,3050,3050,579,2
2026-08-09 08:49:06,3050,3050,579,2
2026-08-09 08:49:07,3050,3050,578,2
2026-08-09 08:49:08,3050,3050,573,2
2026-08-09 08:49:09,3050,3050,581,2
2026-08-09 08:49:10,3050,3050,576,2
2026-08-09 08:49:11,3050,3050,580,2
2026-08-09 08:49:12,3050,3050,581,2
2026-08-09 08:49:13,3050,3050,574,2
2026-08-09 08:49:14,3050,3050,577,2
2026-08-09 08:49:15,3050,3050,575,2
2026-08-09 08:49:16,3050,3050,585,2
2026-08-09 08:49:17,3050,3050,576,2
2026-08-09 08:49:18,3050,3050,581,2
2026-08-09 08:49:19,3050,3050,583,2
2026-08-09 08:49:20,3050,3050,579,2
2026-08-09 08:49:21,3050,3050,573,2
2026-08-09 08:49:22,3050,3050,576,2
2026-08-09 08:49:23,3050,3050,574,2
2026-08-09 08:49:24,3050,3050,583,2
2026-08-09 08:49:25,3050,3050,575,2
2026-08-09 08:49:26,3050,3050,573,2
2026-08-09 08:49:27,3050,3050,576,2
2026-08-09 08:49:28,3050,3050,572,2
2026-08-09 08:49:29,3050,3050,576,2
2026-08-09 08:49:30,3050,3050,580,2
2026-08-09 08:49:31,3050,3050,583,2
2026-08-09 08:49:32,3050,3050,570,2
2026-08-09 08:49:33,3050,3050,584,2
2026-08-09 08:49:34,3050,3050,577,2
2026-08-09 08:49:35,3050,3050,574,2
2026-08-09 08:49:36,3050,3050,580,2
2026-08-09 08:49:37,3050,3050,574,2
2026-08-09 08:49:38,3050,3050,578,2
2026-08-09 08:49:39,3050,3050,577,2
2026-08-09 08:49:40,3050,3050,577,2
2026-08-09 08:49:41,3050,3050,576,2
2026-08-09 08:49:42,3050,3050,578,2
2026-08-09 08:49:43,3050,3050,581,2
2026-08-09 08:49:44,3050,3050,582,2
2026-08-09 08:49:45,3050,3050,574,2
2026-08-09 08:49:46,3050,3050,574,2
2026-08-09 08:49:47,3050,3050,580,2
2026-08-09 08:49:48,3050,3050,578,2
2026-08-09 08:49:49,3050,3050,581,2
2026-08-09 08:49:50,3050,3050,579,2
2026-08-09 08:49:51,3050,3050,580,2
2026-08-09 08:49:52,3050,3050,574,2
2026-08-09 08:49:53,3050,3050,582,2
2026-08-09 08:49:54,3050,3050,575,2
2026-08-09 08:49:55,3050,3050,573,2
2026-08-09 08:49:56,3050,3050,574,2
2026-08-09 08:49:57,3050,3050,573,2
2026-08-09 08:49:58,3050,3050,573,2
2026-08-09 08:49:59,3050,3050,577,2
2026-08-09 08:50:00,3050,3050,581,2
2026-08-09 08:50:01,3050,3050,579,2
2026-08-09 08:50:02,3050,3050,574,2
2026-08-09 08:50:04,3050,3050,579,2
2026-08-09 08:50:04,3050,3050,579,2
2026-08-09 08:50:05,3050,3050,578,2
2026-08-09 08:50:06,3050,3050,585,2
2026-08-09 08:50:07,3050,3050,578,2
2026-08-09 08:50:08,3050,3050,584,2
2026-08-09 08:50:09,3050,3050,576,2
2026-08-09 08:50:10,3050,3050,579,2
2026-08-09 08:50:11,3050,3050,574,2
2026-08-09 08:50:12,3050,3050,577,2
2026-08-09 08:50:14,3050,3050,577,2
2026-08-09 08:50:14,3050,3050,581,2
2026-08-09 08:50:15,3050,3050,580,2
2026-08-09 08:50:16,3050,3050,583,2
2026-08-09 08:50:17,3050,3050,585,2
2026-08-09 08:50:18,3050,3050,576,2
2026-08-09 08:50:19,3050,3050,579,2
2026-08-09 08:50:20,3050,3050,579,2
2026-08-09 08:50:21,3050,3050,575,2
2026-08-09 08:50:22,3050,3050,573,2
2026-08-09 08:50:23,3050,3050,580,2
2026-08-09 08:50:24,3050,3050,573,2
2026-08-09 08:50:25,3050,3050,577,2
2026-08-09 08:50:26,3050,3050,571,2
2026-08-09 08:50:27,3050,3050,585,2
2026-08-09 08:50:28,3050,3050,580,2
2026-08-09 08:50:29,3050,3050,581,2
2026-08-09 08:50:30,3050,3050,573,2
2026-08-09 08:50:31,3050,3050,576,2
2026-08-09 08:50:32,3050,3050,581,2
2026-08-09 08:50:33,3050,3050,588,2
2026-08-09 08:50:34,3050,3050,580,2
2026-08-09 08:50:35,3050,3050,581,2
2026-08-09 08:50:36,3050,3050,576,2
2026-08-09 08:50:37,3050,3050,583,2
2026-08-09 08:50:38,3050,3050,581,2
2026-08-09 08:50:39,3050,3050,577,2
2026-08-09 08:50:41,3050,3050,592,2
2026-08-09 08:50:41,3050,3050,575,2
2026-08-09 08:50:42,3050,3050,578,2
2026-08-09 08:50:43,3050,3050,576,2
2026-08-09 08:50:44,3050,3050,575,2
2026-08-09 08:50:45,3050,3050,575,2
2026-08-09 08:50:46,3050,3050,574,2
2026-08-09 08:50:47,3050,3050,585,2
2026-08-09 08:50:48,3050,3050,581,2
2026-08-09 08:50:49,3050,3050,581,2
2026-08-09 08:50:50,3050,3050,584,2
2026-08-09 08:50:51,3050,3050,578,2
2026-08-09 08:50:52,3050,3050,577,2
2026-08-09 08:50:53,3050,3050,590,2
2026-08-09 08:50:54,3050,3050,578,2
2026-08-09 08:50:55,3050,3050,584,2
2026-08-09 08:50:56,3050,3050,579,2
2026-08-09 08:50:57,3050,3050,570,2
2026-08-09 08:50:58,3050,3050,576,2
2026-08-09 08:50:59,3050,3050,576,2
2026-08-09 08:51:00,3050,3050,576,2
2026-08-09 08:51:01,3050,3050,577,2
2026-08-09 08:51:02,3050,3050,585,2
2026-08-09 08:51:03,3050,3050,580,2
2026-08-09 08:51:04,3050,3050,581,2
2026-08-09 08:51:05,3050,3050,579,2
2026-08-09 08:51:06,3050,3050,588,2
2026-08-09 08:51:07,3050,3050,580,2
2026-08-09 08:51:08,3050,3050,578,2
2026-08-09 08:51:09,3050,3050,580,2
2026-08-09 08:51:10,3050,3050,581,2
2026-08-09 08:51:11,3050,3050,577,2
2026-08-09 08:51:12,3050,3050,585,2
2026-08-09 08:51:13,3050,3050,584,2
2026-08-09 08:51:14,3050,3050,588,2
2026-08-09 08:51:15,3050,3050,578,2
2026-08-09 08:51:16,3050,3050,580,2
2026-08-09 08:51:17,3050,3050,577,2
2026-08-09 08:51:18,3050,3050,582,2
2026-08-09 08:51:19,3050,3050,582,2
2026-08-09 08:51:20,3050,3050,584,2
2026-08-09 08:51:21,3050,3050,582,2
2026-08-09 08:51:22,3050,3050,581,2
2026-08-09 08:51:23,3050,3050,581,2
2026-08-09 08:51:24,3050,3050,576,2
2026-08-09 08:51:25,3050,3050,586,2
2026-08-09 08:51:26,3050,3050,580,2
2026-08-09 08:51:27,3050,3050,584,2
2026-08-09 08:51:28,3050,3050,579,2
2026-08-09 08:51:29,3050,3050,580,2
2026-08-09 08:51:30,3050,3050,581,2
2026-08-09 08:51:31,3050,3050,583,2
2026-08-09 08:51:32,3050,3050,584,2
2026-08-09 08:51:33,3050,3050,583,2
2026-08-09 08:51:34,3050,3050,582,2
2026-08-09 08:51:35,3050,3050,580,2
2026-08-09 08:51:36,3050,3050,577,2
2026-08-09 08:51:37,3050,3050,584,2
2026-08-09 08:51:38,3050,3050,580,2
2026-08-09 08:51:39,3050,3050,580,2
2026-08-09 08:51:40,3050,3050,578,2
2026-08-09 08:51:41,3050,3050,582,2
2026-08-09 08:51:42,3050,3050,578,2
2026-08-09 08:51:43,3050,3050,576,2
2026-08-09 08:51:44,3050,3050,580,2
2026-08-09 08:51:45,3050,3050,577,2
2026-08-09 08:51:46,3050,3050,581,2
2026-08-09 08:51:47,3050,3050,580,2
2026-08-09 08:51:48,3050,3050,581,2
2026-08-09 08:51:49,3050,3050,577,2
2026-08-09 08:51:50,3050,3050,584,2
2026-08-09 08:51:51,3050,3050,581,2
2026-08-09 08:51:52,3050,3050,582,2
2026-08-09 08:51:53,3050,3050,584,2
2026-08-09 08:51:54,3050,3050,583,2
2026-08-09 08:51:55,3050,3050,582,2
2026-08-09 08:51:56,3050,3050,582,2
2026-08-09 08:51:57,3050,3050,580,2
2026-08-09 08:51:58,3050,3050,581,2
2026-08-09 08:51:59,3050,3050,584,2
2026-08-09 08:52:00,3050,3050,576,2
2026-08-09 08:52:01,3050,3050,582,2
2026-08-09 08:52:02,3050,3050,586,2
2026-08-09 08:52:03,3050,3050,578,2
2026-08-09 08:52:04,3050,3050,584,2
2026-08-09 08:52:05,3050,3050,582,2
2026-08-09 08:52:06,3050,3050,587,2
2026-08-09 08:52:07,3050,3050,576,2
2026-08-09 08:52:08,3050,3050,577,2
2026-08-09 08:52:09,3050,3050,584,2
2026-08-09 08:52:10,3050,3050,573,2
2026-08-09 08:52:11,3050,3050,579,2
2026-08-09 08:52:12,3050,3050,586,2
2026-08-09 08:52:13,3050,3050,578,2
2026-08-09 08:52:14,3050,3050,578,2
2026-08-09 08:52:15,3050,3050,583,2
2026-08-09 08:52:16,3050,3050,577,2
2026-08-09 08:52:17,3050,3050,579,2
2026-08-09 08:52:18,3050,3050,587,2
2026-08-09 08:52:19,3050,3050,582,2
2026-08-09 08:52:20,3050,3050,589,2
2026-08-09 08:52:21,3050,3050,589,2
2026-08-09 08:52:22,3050,3050,580,2
2026-08-09 08:52:23,3050,3050,584,2
2026-08-09 08:52:24,3050,3050,581,2
2026-08-09 08:52:25,3050,3050,583,2
2026-08-09 08:52:26,3050,3050,581,2
2026-08-09 08:52:27,3050,3050,580,2
2026-08-09 08:52:28,3050,3050,584,2
2026-08-09 08:52:29,3050,3050,585,2
2026-08-09 08:52:30,3050,3050,582,2
2026-08-09 08:52:31,3050,3050,576,2
2026-08-09 08:52:32,3050,3050,582,2
2026-08-09 08:52:33,3050,3050,583,2
2026-08-09 08:52:34,3050,3050,578,2
2026-08-09 08:52:35,3050,3050,584,2
2026-08-09 08:52:36,3050,3050,582,2
2026-08-09 08:52:37,3050,3050,576,2
2026-08-09 08:52:38,3050,3050,584,2
2026-08-09 08:52:39,3050,3050,585,2
2026-08-09 08:52:40,3050,3050,579,2
2026-08-09 08:52:41,3050,3050,585,2
2026-08-09 08:52:42,3050,3050,583,2
2026-08-09 08:52:43,3050,3050,580,2
2026-08-09 08:52:44,3050,3050,584,2
2026-08-09 08:52:45,3050,3050,584,2
2026-08-09 08:52:46,3050,3050,580,2
2026-08-09 08:52:47,3050,3050,585,2
2026-08-09 08:52:48,3050,3050,581,2
2026-08-09 08:52:49,3050,3050,582,2
2026-08-09 08:52:50,3050,3050,583,2
2026-08-09 08:52:51,3050,3050,574,2
2026-08-09 08:52:52,3050,3050,588,2
2026-08-09 08:52:53,3050,3050,585,2
2026-08-09 08:52:54,3050,3050,582,2
2026-08-09 08:52:55,3050,3050,579,2
2026-08-09 08:52:56,3050,3050,583,2
2026-08-09 08:52:57,3050,3050,581,2
2026-08-09 08:52:58,3050,3050,586,2
2026-08-09 08:52:59,3050,3050,583,2
2026-08-09 08:53:00,3050,3050,584,2
2026-08-09 08:53:01,3050,3050,587,2
2026-08-09 08:53:02,3050,3050,586,2
2026-08-09 08:53:03,3050,3050,582,2
2026-08-09 08:53:04,3050,3050,584,2
2026-08-09 08:53:05,3050,3050,582,2
2026-08-09 08:53:06,3050,3050,583,2
2026-08-09 08:53:07,3050,3050,583,2
2026-08-09 08:53:08,3050,3050,584,2
2026-08-09 08:53:09,3050,3050,581,2
2026-08-09 08:53:10,3050,3050,577,2
2026-08-09 08:53:11,3050,3050,580,2
2026-08-09 08:53:12,3050,3050,577,2
2026-08-09 08:53:13,3050,3050,581,2
2026-08-09 08:53:14,3050,3050,587,2
2026-08-09 08:53:15,3050,3050,583,2
2026-08-09 08:53:16,3050,3050,578,2
2026-08-09 08:53:17,3050,3050,580,2
2026-08-09 08:53:18,3050,3050,579,2
2026-08-09 08:53:19,3050,3050,582,2
2026-08-09 08:53:20,3050,3050,580,2
2026-08-09 08:53:21,3050,3050,588,2
2026-08-09 08:53:22,3050,3050,579,2
2026-08-09 08:53:23,3050,3050,585,2
2026-08-09 08:53:24,3050,3050,581,2
2026-08-09 08:53:25,3050,3050,580,2
2026-08-09 08:53:26,3050,3050,580,2
2026-08-09 08:53:27,3050,3050,586,2
2026-08-09 08:53:28,3050,3050,582,2
2026-08-09 08:53:29,3050,3050,582,2
2026-08-09 08:53:30,3050,3050,582,2
2026-08-09 08:53:33,3050,3050,584,2
2026-08-09 08:53:33,3050,3050,583,2
2026-08-09 08:53:33,3050,3050,587,2
2026-08-09 08:53:34,3050,3050,588,2
2026-08-09 08:53:35,3050,3050,588,2
2026-08-09 08:53:36,3050,3050,579,2
2026-08-09 08:53:37,3050,3050,579,2
2026-08-09 08:53:38,3050,3050,585,2
2026-08-09 08:53:39,3050,3050,585,2
2026-08-09 08:53:40,3050,3050,583,2
2026-08-09 08:53:41,3050,3050,580,2
2026-08-09 08:53:42,3050,3050,585,2
2026-08-09 08:53:43,3050,3050,585,2
2026-08-09 08:53:44,3050,3050,581,2
2026-08-09 08:53:45,3050,3050,587,2
2026-08-09 08:53:46,3050,3050,581,2
2026-08-09 08:53:47,3050,3050,582,2
2026-08-09 08:53:48,3050,3050,583,2
2026-08-09 08:53:49,3050,3050,584,2
2026-08-09 08:53:50,3050,3050,580,2
2026-08-09 08:53:51,3050,3050,586,2
2026-08-09 08:53:52,3050,3050,580,2
2026-08-09 08:53:53,3050,3050,590,2
2026-08-09 08:53:54,3050,3050,580,2
2026-08-09 08:53:55,3050,3050,582,2
2026-08-09 08:53:56,3050,3050,580,2
2026-08-09 08:53:57,3050,3050,583,2
2026-08-09 08:53:58,3050,3050,584,2
2026-08-09 08:53:59,3050,3050,581,2
2026-08-09 08:54:00,3050,3050,585,2
2026-08-09 08:54:01,3050,3050,583,2
2026-08-09 08:54:02,3050,3050,595,2
2026-08-09 08:54:03,3050,3050,585,2
2026-08-09 08:54:04,3050,3050,580,2
2026-08-09 08:54:05,3050,3050,587,2
2026-08-09 08:54:06,3050,3050,594,2
2026-08-09 08:54:07,3050,3050,586,2
2026-08-09 08:54:08,3050,3050,586,2
2026-08-09 08:54:09,3050,3050,585,2
2026-08-09 08:54:10,3050,3050,582,2
2026-08-09 08:54:11,3050,3050,585,2
2026-08-09 08:54:12,3050,3050,583,2
2026-08-09 08:54:13,3050,3050,580,2
2026-08-09 08:54:14,3050,3050,584,2
2026-08-09 08:54:15,3050,3050,584,2
2026-08-09 08:54:16,3050,3050,584,2
2026-08-09 08:54:17,3050,3050,582,2
2026-08-09 08:54:18,3050,3050,587,2
2026-08-09 08:54:19,3050,3050,580,2
2026-08-09 08:54:20,3050,3050,583,2
2026-08-09 08:54:21,3050,3050,592,2
2026-08-09 08:54:22,3050,3050,588,2
2026-08-09 08:54:24,3050,3050,585,2
2026-08-09 08:54:24,3050,3050,581,2
2026-08-09 08:54:25,3050,3050,586,2
2026-08-09 08:54:26,3050,3050,584,2
2026-08-09 08:54:27,3050,3050,580,2
2026-08-09 08:54:28,3050,3050,581,2
2026-08-09 08:54:29,3050,3050,584,2
2026-08-09 08:54:30,3050,3050,588,2
2026-08-09 08:54:31,3050,3050,576,2
2026-08-09 08:54:32,3050,3050,582,2
2026-08-09 08:54:33,3050,3050,586,2
2026-08-09 08:54:34,3050,3050,587,2
2026-08-09 08:54:35,3050,3050,578,2
2026-08-09 08:54:36,3050,3050,588,2
2026-08-09 08:54:37,3050,3050,582,2
2026-08-09 08:54:38,3050,3050,583,2
2026-08-09 08:54:39,3050,3050,594,2
2026-08-09 08:54:40,3050,3050,586,2
2026-08-09 08:54:41,3050,3050,590,2
2026-08-09 08:54:42,3050,3050,585,2
2026-08-09 08:54:43,3050,3050,586,2
2026-08-09 08:54:44,3050,3050,585,2
2026-08-09 08:54:45,3050,3050,582,2
2026-08-09 08:54:46,3050,3050,588,2
2026-08-09 08:54:47,3050,3050,586,2
2026-08-09 08:54:48,3050,3050,585,2
2026-08-09 08:54:49,3050,3050,581,2
2026-08-09 08:54:50,3050,3050,587,2
2026-08-09 08:54:51,3050,3050,585,2
2026-08-09 08:54:52,3050,3050,583,2
2026-08-09 08:54:53,3050,3050,587,2
2026-08-09 08:54:54,3050,3050,584,2
2026-08-09 08:54:55,3050,3050,584,2
2026-08-09 08:54:56,3050,3050,585,2
2026-08-09 08:54:57,3050,3050,585,2
2026-08-09 08:54:58,3050,3050,585,2
2026-08-09 08:54:59,3050,3050,588,2
2026-08-09 08:55:00,3050,3050,584,2
2026-08-09 08:55:01,3050,3050,585,2
2026-08-09 08:55:02,3050,3050,579,2
2026-08-09 08:55:03,3050,3050,580,2
2026-08-09 08:55:04,3050,3050,579,2
2026-08-09 08:55:05,3050,3050,578,2
2026-08-09 08:55:06,3050,3050,588,2
2026-08-09 08:55:07,3050,3050,585,2
2026-08-09 08:55:09,3050,3050,587,2
2026-08-09 08:55:09,3050,3050,583,2
2026-08-09 08:55:10,3050,3050,583,2
2026-08-09 08:55:11,3050,3050,588,2
2026-08-09 08:55:12,3050,3050,585,2
2026-08-09 08:55:13,3050,3050,583,2
2026-08-09 08:55:14,3050,3050,590,2
2026-08-09 08:55:15,3050,3050,585,2
2026-08-09 08:55:16,3050,3050,588,2
2026-08-09 08:55:17,3050,3050,582,2
2026-08-09 08:55:18,3050,3050,591,2
2026-08-09 08:55:19,3050,3050,582,2
2026-08-09 08:55:20,3050,3050,589,2
2026-08-09 08:55:21,3050,3050,588,2
2026-08-09 08:55:22,3050,3050,586,2
2026-08-09 08:55:23,3050,3050,586,2
2026-08-09 08:55:24,3050,3050,585,2
2026-08-09 08:55:25,3050,3050,585,2
2026-08-09 08:55:26,3050,3050,581,2
2026-08-09 08:55:27,3050,3050,586,2
2026-08-09 08:55:28,3050,3050,586,2
2026-08-09 08:55:29,3050,3050,585,2
2026-08-09 08:55:30,3050,3050,590,2
2026-08-09 08:55:31,3050,3050,590,2
2026-08-09 08:55:32,3050,3050,587,2
2026-08-09 08:55:33,3050,3050,580,2
2026-08-09 08:55:34,3050,3050,588,2
2026-08-09 08:55:35,3050,3050,584,2
2026-08-09 08:55:36,3050,3050,590,2
2026-08-09 08:55:37,3050,3050,584,2
2026-08-09 08:55:38,3050,3050,585,2
2026-08-09 08:55:39,3050,3050,583,2
2026-08-09 08:55:40,3050,3050,589,2
2026-08-09 08:55:41,3050,3050,584,2
2026-08-09 08:55:42,3050,3050,586,2
2026-08-09 08:55:43,3050,3050,577,2
2026-08-09 08:55:44,3050,3050,588,2
2026-08-09 08:55:45,3050,3050,582,2
2026-08-09 08:55:46,3050,3050,586,2
2026-08-09 08:55:47,3050,3050,585,2
2026-08-09 08:55:48,3050,3050,588,2
2026-08-09 08:55:49,3050,3050,588,2
2026-08-09 08:55:50,3050,3050,590,2
2026-08-09 08:55:51,3050,3050,581,2
2026-08-09 08:55:52,3050,3050,589,2
2026-08-09 08:55:53,3050,3050,577,2
2026-08-09 08:55:54,3050,3050,587,2
2026-08-09 08:55:55,3050,3050,586,2
2026-08-09 08:55:56,3050,3050,586,2
2026-08-09 08:55:57,3050,3050,588,2
2026-08-09 08:55:58,3050,3050,584,2
2026-08-09 08:55:59,3050,3050,583,2
2026-08-09 08:56:00,3050,3050,594,2
2026-08-09 08:56:01,3050,3050,588,2
2026-08-09 08:56:02,3050,3050,583,2
2026-08-09 08:56:03,3050,3050,587,2
2026-08-09 08:56:04,3050,3050,587,2
2026-08-09 08:56:05,3050,3050,587,2
2026-08-09 08:56:06,3050,3050,585,2
2026-08-09 08:56:07,3050,3050,586,2
2026-08-09 08:56:08,3050,3050,587,2
2026-08-09 08:56:09,3050,3050,585,2
2026-08-09 08:56:10,3050,3050,580,2
2026-08-09 08:56:11,3050,3050,580,2
2026-08-09 08:56:12,3050,3050,585,2
2026-08-09 08:56:13,3050,3050,592,2
2026-08-09 08:56:14,3050,3050,586,2
2026-08-09 08:56:15,3050,3050,585,2
2026-08-09 08:56:16,3050,3050,581,2
2026-08-09 08:56:17,3050,3050,584,2
2026-08-09 08:56:18,3050,3050,586,2
2026-08-09 08:56:19,3050,3050,586,2
2026-08-09 08:56:20,3050,3050,588,2
2026-08-09 08:56:21,3050,3050,583,2
2026-08-09 08:56:22,3050,3050,590,2
2026-08-09 08:56:23,3050,3050,589,2
2026-08-09 08:56:24,3050,3050,586,2
2026-08-09 08:56:25,3050,3050,588,2
2026-08-09 08:56:26,3050,3050,582,2
2026-08-09 08:56:27,3050,3050,584,2
2026-08-09 08:56:28,3050,3050,587,2
2026-08-09 08:56:29,3050,3050,591,2
2026-08-09 08:56:30,3050,3050,592,2
2026-08-09 08:56:31,3050,3050,590,2
2026-08-09 08:56:32,3050,3050,586,2
2026-08-09 08:56:33,3050,3050,587,2
2026-08-09 08:56:34,3050,3050,588,2
2026-08-09 08:56:35,3050,3050,591,2
2026-08-09 08:56:36,3050,3050,589,2
2026-08-09 08:56:37,3050,3050,579,2
2026-08-09 08:56:38,3050,3050,596,2
2026-08-09 08:56:39,3050,3050,590,2
2026-08-09 08:56:40,3050,3050,592,2
2026-08-09 08:56:41,3050,3050,586,2
2026-08-09 08:56:42,3050,3050,586,2
2026-08-09 08:56:43,3050,3050,585,2
2026-08-09 08:56:44,3050,3050,591,2
2026-08-09 08:56:45,3050,3050,587,2
2026-08-09 08:56:46,3050,3050,588,2
2026-08-09 08:56:47,3050,3050,587,2
2026-08-09 08:56:48,3050,3050,591,2
2026-08-09 08:56:49,3050,3050,584,2
2026-08-09 08:56:50,3050,3050,588,2
2026-08-09 08:56:51,3050,3050,583,2
2026-08-09 08:56:52,3050,3050,585,2
2026-08-09 08:56:53,3050,3050,590,2
2026-08-09 08:56:54,3050,3050,588,2
2026-08-09 08:56:55,3050,3050,594,2
2026-08-09 08:56:56,3050,3050,593,2
2026-08-09 08:56:57,3050,3050,589,2
2026-08-09 08:56:58,3050,3050,589,2
2026-08-09 08:56:59,3050,3050,584,2
2026-08-09 08:57:00,3050,3050,591,2
2026-08-09 08:57:01,3050,3050,594,2
2026-08-09 08:57:02,3050,3050,591,2
2026-08-09 08:57:03,3050,3050,584,2
2026-08-09 08:57:04,3050,3050,589,2
2026-08-09 08:57:05,3050,3050,580,2
2026-08-09 08:57:06,3050,3050,585,2
2026-08-09 08:57:07,3050,3050,582,2
2026-08-09 08:57:08,3050,3050,578,2
2026-08-09 08:57:09,3050,3050,582,2
2026-08-09 08:57:10,3050,3050,586,2
2026-08-09 08:57:11,3050,3050,590,2
2026-08-09 08:57:12,3050,3050,589,2
2026-08-09 08:57:13,3050,3050,589,2
2026-08-09 08:57:14,3050,3050,590,2
2026-08-09 08:57:15,3050,3050,589,2
2026-08-09 08:57:16,3050,3050,591,2
2026-08-09 08:57:17,3050,3050,583,2
2026-08-09 08:57:18,3050,3050,588,2
2026-08-09 08:57:19,3050,3050,590,2
2026-08-09 08:57:20,3050,3050,589,2
2026-08-09 08:57:21,3050,3050,596,2
2026-08-09 08:57:22,3050,3050,593,2
2026-08-09 08:57:23,3050,3050,596,2
2026-08-09 08:57:24,3050,3050,589,2
2026-08-09 08:57:25,3050,3050,585,2
2026-08-09 08:57:26,3050,3050,585,2
2026-08-09 08:57:27,3050,3050,595,2
2026-08-09 08:57:28,3050,3050,588,2
2026-08-09 08:57:29,3050,3050,585,2
2026-08-09 08:57:30,3050,3050,591,2
2026-08-09 08:57:31,3050,3050,583,2
2026-08-09 08:57:32,3050,3050,586,2
2026-08-09 08:57:33,3050,3050,592,2
2026-08-09 08:57:34,3050,3050,585,2
2026-08-09 08:57:35,3050,3050,589,2
2026-08-09 08:57:36,3050,3050,584,2
2026-08-09 08:57:37,3050,3050,586,2
2026-08-09 08:57:38,3050,3050,586,2
2026-08-09 08:57:39,3050,3050,585,2
2026-08-09 08:57:40,3050,3050,579,2
2026-08-09 08:57:41,3050,3050,592,2
2026-08-09 08:57:42,3050,3050,593,2
2026-08-09 08:57:43,3050,3050,583,2
2026-08-09 08:57:44,3050,3050,595,2
2026-08-09 08:57:45,3050,3050,584,2
2026-08-09 08:57:46,3050,3050,585,2
2026-08-09 08:57:47,3050,3050,590,2
2026-08-09 08:57:48,3050,3050,587,2
2026-08-09 08:57:49,3050,3050,590,2
2026-08-09 08:57:50,3050,3050,589,2
2026-08-09 08:57:51,3050,3050,594,2
2026-08-09 08:57:52,3050,3050,589,2
2026-08-09 08:57:53,3050,3050,592,2
2026-08-09 08:57:54,3050,3050,586,2
2026-08-09 08:57:55,3050,3050,585,2
2026-08-09 08:57:56,3050,3050,588,2
2026-08-09 08:57:57,3050,3050,587,2
2026-08-09 08:57:58,3050,3050,589,2
2026-08-09 08:57:59,3050,3050,588,2
2026-08-09 08:58:00,3050,3050,591,2
2026-08-09 08:58:01,3050,3050,588,2
2026-08-09 08:58:02,3050,3050,592,2
2026-08-09 08:58:03,3050,3050,589,2
2026-08-09 08:58:04,3050,3050,584,2
2026-08-09 08:58:05,3050,3050,593,2
2026-08-09 08:58:06,3050,3050,586,2
2026-08-09 08:58:07,3050,3050,588,2
2026-08-09 08:58:08,3050,3050,588,2
2026-08-09 08:58:09,3050,3050,591,2
2026-08-09 08:58:10,3050,3050,594,2
2026-08-09 08:58:11,3050,3050,588,2
2026-08-09 08:58:12,3050,3050,588,2
2026-08-09 08:58:13,3050,3050,586,2
2026-08-09 08:58:14,3050,3050,581,2
2026-08-09 08:58:15,3050,3050,584,2
2026-08-09 08:58:16,3050,3050,588,2
2026-08-09 08:58:17,3050,3050,589,2
2026-08-09 08:58:18,3050,3050,592,2
2026-08-09 08:58:19,3050,3050,585,2
2026-08-09 08:58:20,3050,3050,591,2
2026-08-09 08:58:21,3050,3050,586,2
2026-08-09 08:58:22,3050,3050,594,2
2026-08-09 08:58:23,3050,3050,586,2
2026-08-09 08:58:24,3050,3050,591,2
2026-08-09 08:58:25,3050,3050,588,2
2026-08-09 08:58:26,3050,3050,589,2
2026-08-09 08:58:27,3050,3050,586,2
2026-08-09 08:58:28,3050,3050,588,2
2026-08-09 08:58:29,3050,3050,589,2
2026-08-09 08:58:30,3050,3050,591,2
2026-08-09 08:58:31,3050,3050,587,2
2026-08-09 08:58:32,3050,3050,587,2
2026-08-09 08:58:33,3050,3050,582,2
2026-08-09 08:58:34,3050,3050,586,2
2026-08-09 08:58:35,3050,3050,585,2
2026-08-09 08:58:36,3050,3050,594,2
2026-08-09 08:58:37,3050,3050,586,2
2026-08-09 08:58:38,3050,3050,587,2
2026-08-09 08:58:39,3050,3050,588,2
2026-08-09 08:58:40,3050,3050,584,2
2026-08-09 08:58:41,3050,3050,590,2
2026-08-09 08:58:42,3050,3050,587,2
2026-08-09 08:58:43,3050,3050,588,2
2026-08-09 08:58:44,3050,3050,586,2
2026-08-09 08:58:45,3050,3050,587,2
2026-08-09 08:58:46,3050,3050,593,2
2026-08-09 08:58:47,3050,3050,584,2
2026-08-09 08:58:48,3050,3050,591,2
2026-08-09 08:58:49,3050,3050,588,2
2026-08-09 08:58:50,3050,3050,594,2
2026-08-09 08:58:51,3050,3050,579,2
2026-08-09 08:58:52,3050,3050,589,2
2026-08-09 08:58:53,3050,3050,589,2
2026-08-09 08:58:54,3050,3050,589,2
2026-08-09 08:58:55,3050,3050,588,2
2026-08-09 08:58:56,3050,3050,592,2
2026-08-09 08:58:57,3050,3050,591,2
2026-08-09 08:58:58,3050,3050,592,2
2026-08-09 08:58:59,3050,3050,587,2
2026-08-09 08:59:00,3050,3050,588,2
2026-08-09 08:59:01,3050,3050,587,2
2026-08-09 08:59:02,3050,3050,584,2
2026-08-09 08:59:03,3050,3050,586,2
2026-08-09 08:59:04,3050,3050,587,2
2026-08-09 08:59:05,3050,3050,592,2
2026-08-09 08:59:06,3050,3050,585,2
2026-08-09 08:59:07,3050,3050,587,2
2026-08-09 08:59:08,3050,3050,585,2
2026-08-09 08:59:09,3050,3050,583,2
2026-08-09 08:59:10,3050,3050,591,2
2026-08-09 08:59:11,3050,3050,588,2
2026-08-09 08:59:12,3050,3050,584,2
2026-08-09 08:59:13,3050,3050,584,2
2026-08-09 08:59:14,3050,3050,593,2
2026-08-09 08:59:15,3050,3050,587,2
2026-08-09 08:59:16,3050,3050,590,2
2026-08-09 08:59:17,3050,3050,592,2
2026-08-09 08:59:18,3050,3050,587,2
2026-08-09 08:59:19,3050,3050,586,2
2026-08-09 08:59:20,3050,3050,584,2
2026-08-09 08:59:21,3050,3050,587,2
2026-08-09 08:59:22,3050,3050,585,2
2026-08-09 08:59:23,3050,3050,587,2
2026-08-09 08:59:24,3050,3050,586,2
2026-08-09 08:59:25,3050,3050,589,2
2026-08-09 08:59:26,3050,3050,586,2
2026-08-09 08:59:27,3050,3050,594,2
2026-08-09 08:59:28,3050,3050,590,2
2026-08-09 08:59:29,3050,3050,590,2
2026-08-09 08:59:30,3050,3050,588,2
2026-08-09 08:59:31,3050,3050,592,2
2026-08-09 08:59:32,3050,3050,587,2
2026-08-09 08:59:33,3050,3050,589,2
2026-08-09 08:59:34,3050,3050,588,2
2026-08-09 08:59:36,3050,3050,584,2
2026-08-09 08:59:36,3050,3050,588,2
2026-08-09 08:59:37,3050,3050,587,2
2026-08-09 08:59:38,3050,3050,594,2
2026-08-09 08:59:39,3050,3050,585,2
2026-08-09 08:59:41,3050,3050,590,2
2026-08-09 08:59:41,3050,3050,582,2
2026-08-09 08:59:42,3050,3050,588,2
2026-08-09 08:59:43,3050,3050,593,2
2026-08-09 08:59:44,3050,3050,585,2
2026-08-09 08:59:45,3050,3050,591,2
2026-08-09 08:59:46,3050,3050,592,2
2026-08-09 08:59:47,3050,3050,590,2
2026-08-09 08:59:48,3050,3050,588,2
2026-08-09 08:59:49,3050,3050,585,2
2026-08-09 08:59:50,3050,3050,583,2
2026-08-09 08:59:51,3050,3050,593,2
2026-08-09 08:59:52,3050,3050,586,2
2026-08-09 08:59:53,3050,3050,588,2
2026-08-09 08:59:54,3050,3050,589,2
2026-08-09 08:59:55,3050,3050,590,2
2026-08-09 08:59:56,3050,3050,590,2
2026-08-09 08:59:57,3050,3050,591,2
2026-08-09 08:59:58,3050,3050,588,2
2026-08-09 08:59:59,3050,3050,592,2
2026-08-09 09:00:00,3050,3050,591,2
2026-08-09 09:00:01,3050,3050,587,2
2026-08-09 09:00:02,3050,3050,591,2
2026-08-09 09:00:03,3050,3050,593,2
2026-08-09 09:00:04,3050,3050,590,2
2026-08-09 09:00:05,3050,3050,588,2
2026-08-09 09:00:06,3050,3050,594,2
2026-08-09 09:00:07,3050,3050,594,2
2026-08-09 09:00:08,3050,3050,597,2
2026-08-09 09:00:09,3050,3050,589,2
2026-08-09 09:00:10,3050,3050,586,2
2026-08-09 09:00:11,3050,3050,594,2
2026-08-09 09:00:12,3050,3050,588,2
2026-08-09 09:00:13,3050,3050,589,2
2026-08-09 09:00:14,3050,3050,592,2
2026-08-09 09:00:15,3050,3050,588,2
2026-08-09 09:00:16,3050,3050,592,2
2026-08-09 09:00:17,3050,3050,589,2
2026-08-09 09:00:18,3050,3050,591,2
2026-08-09 09:00:19,3050,3050,586,2
2026-08-09 09:00:20,3050,3050,588,2
2026-08-09 09:00:21,3050,3050,590,2
2026-08-09 09:00:22,3050,3050,585,2
2026-08-09 09:00:23,3050,3050,590,2
2026-08-09 09:00:24,3050,3050,594,2
2026-08-09 09:00:25,3050,3050,587,2
2026-08-09 09:00:26,3050,3050,587,2
2026-08-09 09:00:27,3050,3050,591,2
2026-08-09 09:00:28,3050,3050,592,2
2026-08-09 09:00:29,3050,3050,594,2
2026-08-09 09:00:30,3050,3050,594,2
2026-08-09 09:00:31,3050,3050,595,2
2026-08-09 09:00:32,3050,3050,589,2
2026-08-09 09:00:33,3050,3050,588,2
2026-08-09 09:00:34,3050,3050,588,2
2026-08-09 09:00:35,3050,3050,589,2
2026-08-09 09:00:36,3050,3050,584,2
2026-08-09 09:00:37,3050,3050,587,2
2026-08-09 09:00:38,3050,3050,588,2
2026-08-09 09:00:39,3050,3050,593,2
2026-08-09 09:00:40,3050,3050,590,2
2026-08-09 09:00:41,3050,3050,592,2
2026-08-09 09:00:42,3050,3050,588,2
2026-08-09 09:00:43,3050,3050,589,2
2026-08-09 09:00:44,3050,3050,590,2
2026-08-09 09:00:45,3050,3050,585,2
2026-08-09 09:00:46,3050,3050,587,2
2026-08-09 09:00:47,3050,3050,593,2
2026-08-09 09:00:48,3050,3050,583,2
2026-08-09 09:00:49,3050,3050,591,2
2026-08-09 09:00:50,3050,3050,588,2
2026-08-09 09:00:51,3050,3050,587,2
2026-08-09 09:00:52,3050,3050,585,2
2026-08-09 09:00:53,3050,3050,591,2
2026-08-09 09:00:54,3050,3050,586,2
2026-08-09 09:00:55,3050,3050,592,2
2026-08-09 09:00:56,3050,3050,593,2
2026-08-09 09:00:57,3050,3050,588,2
2026-08-09 09:00:58,3050,3050,590,2
2026-08-09 09:00:59,3050,3050,588,2
2026-08-09 09:01:00,3050,3050,591,2
2026-08-09 09:01:01,3050,3050,590,2
2026-08-09 09:01:02,3050,3050,592,2
2026-08-09 09:01:03,3050,3050,591,2
2026-08-09 09:01:04,3050,3050,591,2
2026-08-09 09:01:05,3050,3050,591,2
2026-08-09 09:01:06,3050,3050,589,2
2026-08-09 09:01:07,3050,3050,590,2
2026-08-09 09:01:08,3050,3050,594,2
2026-08-09 09:01:09,3050,3050,589,2
2026-08-09 09:01:10,3050,3050,590,2
2026-08-09 09:01:11,3050,3050,590,2
2026-08-09 09:01:12,3050,3050,592,2
2026-08-09 09:01:13,3050,3050,590,2
2026-08-09 09:01:14,3050,3050,596,2
2026-08-09 09:01:15,3050,3050,595,2
2026-08-09 09:01:16,3050,3050,592,2
2026-08-09 09:01:17,3050,3050,590,2
2026-08-09 09:01:18,3050,3050,592,2
2026-08-09 09:01:19,3050,3050,590,2
2026-08-09 09:01:20,3050,3050,585,2
2026-08-09 09:01:21,3050,3050,595,2
2026-08-09 09:01:22,3050,3050,588,2
2026-08-09 09:01:23,3050,3050,586,2
2026-08-09 09:01:24,3050,3050,584,2
2026-08-09 09:01:25,3050,3050,587,2
2026-08-09 09:01:26,3050,3050,591,2
2026-08-09 09:01:27,3050,3050,584,2
2026-08-09 09:01:28,3050,3050,589,2
2026-08-09 09:01:29,3050,3050,591,2
2026-08-09 09:01:30,3050,3050,583,2
2026-08-09 09:01:31,3050,3050,588,2
2026-08-09 09:01:32,3050,3050,594,2
2026-08-09 09:01:33,3050,3050,587,2
2026-08-09 09:01:34,3050,3050,591,2
2026-08-09 09:01:35,3050,3050,593,2
2026-08-09 09:01:36,3050,3050,588,2
2026-08-09 09:01:37,3050,3050,584,2
2026-08-09 09:01:38,3050,3050,590,2
2026-08-09 09:01:39,3050,3050,594,2
2026-08-09 09:01:40,3050,3050,592,2
2026-08-09 09:01:41,3050,3050,588,2
2026-08-09 09:01:42,3050,3050,589,2
2026-08-09 09:01:43,3050,3050,589,2
2026-08-09 09:01:44,3050,3050,584,2
2026-08-09 09:01:45,3050,3050,595,2
2026-08-09 09:01:46,3050,3050,593,2
2026-08-09 09:01:47,3050,3050,597,2
2026-08-09 09:01:48,3050,3050,588,2
2026-08-09 09:01:49,3050,3050,592,2
2026-08-09 09:01:50,3050,3050,590,2
2026-08-09 09:01:51,3050,3050,590,2
2026-08-09 09:01:52,3050,3050,589,2
2026-08-09 09:01:53,3050,3050,591,2
2026-08-09 09:01:54,3050,3050,591,2
2026-08-09 09:01:55,3050,3050,592,2
2026-08-09 09:01:56,3050,3050,587,2
2026-08-09 09:01:57,3050,3050,591,2
2026-08-09 09:01:58,3050,3050,594,2
2026-08-09 09:01:59,3050,3050,587,2
2026-08-09 09:02:00,3050,3050,598,2
2026-08-09 09:02:01,3050,3050,590,2
2026-08-09 09:02:02,3050,3050,588,2
2026-08-09 09:02:03,3050,3050,594,2
2026-08-09 09:02:04,3050,3050,588,2
2026-08-09 09:02:05,3050,3050,585,2
2026-08-09 09:02:06,3050,3050,592,2
2026-08-09 09:02:07,3050,3050,583,2
2026-08-09 09:02:08,3050,3050,593,2
2026-08-09 09:02:09,3050,3050,590,2
2026-08-09 09:02:10,3050,3050,587,2
2026-08-09 09:02:11,3050,3050,590,2
2026-08-09 09:02:12,3050,3050,596,2
2026-08-09 09:02:13,3050,3050,594,2
2026-08-09 09:02:14,3050,3050,587,2
2026-08-09 09:02:16,3050,3050,594,2
2026-08-09 09:02:16,3050,3050,594,2
2026-08-09 09:02:17,3050,3050,593,2
2026-08-09 09:02:18,3050,3050,587,2
2026-08-09 09:02:19,3050,3050,590,2
2026-08-09 09:02:20,3050,3050,588,2
2026-08-09 09:02:21,3050,3050,590,2
2026-08-09 09:02:22,3050,3050,593,2
2026-08-09 09:02:23,3050,3050,589,2
2026-08-09 09:02:24,3050,3050,589,2
2026-08-09 09:02:25,3050,3050,599,2
2026-08-09 09:02:26,3050,3050,594,2
2026-08-09 09:02:27,3050,3050,590,2
2026-08-09 09:02:28,3050,3050,592,2
2026-08-09 09:02:29,3050,3050,592,2
2026-08-09 09:02:30,3050,3050,580,2
2026-08-09 09:02:31,3050,3050,593,2
2026-08-09 09:02:32,3050,3050,591,2
2026-08-09 09:02:33,3050,3050,586,2
2026-08-09 09:02:34,3050,3050,589,2
2026-08-09 09:02:35,3050,3050,583,2
2026-08-09 09:02:36,3050,3050,586,2
2026-08-09 09:02:37,3050,3050,586,2
2026-08-09 09:02:38,3050,3050,594,2
2026-08-09 09:02:39,3050,3050,598,2
2026-08-09 09:02:40,3050,3050,588,2
2026-08-09 09:02:41,3050,3050,594,2
2026-08-09 09:02:42,3050,3050,593,2
2026-08-09 09:02:43,3050,3050,588,2
2026-08-09 09:02:44,3050,3050,588,2
2026-08-09 09:02:45,3050,3050,590,2
2026-08-09 09:02:46,3050,3050,591,2
2026-08-09 09:02:47,3050,3050,592,2
2026-08-09 09:02:48,3050,3050,593,2
2026-08-09 09:02:49,3050,3050,598,2
2026-08-09 09:02:50,3050,3050,592,2
2026-08-09 09:02:51,3050,3050,587,2
2026-08-09 09:02:52,3050,3050,579,2
2026-08-09 09:02:53,3050,3050,592,2
2026-08-09 09:02:54,3050,3050,587,2
2026-08-09 09:02:55,3050,3050,593,2
2026-08-09 09:02:56,3050,3050,589,2
2026-08-09 09:02:57,3050,3050,591,2
2026-08-09 09:02:58,3050,3050,586,2
2026-08-09 09:02:59,3050,3050,592,2
2026-08-09 09:03:00,3050,3050,591,2
2026-08-09 09:03:01,3050,3050,584,2
2026-08-09 09:03:02,3050,3050,591,2
2026-08-09 09:03:03,3050,3050,595,2
2026-08-09 09:03:04,3050,3050,590,2
2026-08-09 09:03:05,3050,3050,585,2
2026-08-09 09:03:06,3050,3050,596,2
2026-08-09 09:03:07,3050,3050,590,2
2026-08-09 09:03:08,3050,3050,590,2
2026-08-09 09:03:09,3050,3050,585,2
2026-08-09 09:03:10,3050,3050,593,2
2026-08-09 09:03:11,3050,3050,586,2
2026-08-09 09:03:12,3050,3050,589,2
2026-08-09 09:03:13,3050,3050,586,2
2026-08-09 09:03:14,3050,3050,587,2
2026-08-09 09:03:15,3050,3050,586,2
2026-08-09 09:03:16,3050,3050,592,2
2026-08-09 09:03:17,3050,3050,591,2
2026-08-09 09:03:18,3050,3050,593,2
2026-08-09 09:03:19,3050,3050,585,2
2026-08-09 09:03:20,3050,3050,591,2
2026-08-09 09:03:21,3050,3050,586,2
2026-08-09 09:03:22,3050,3050,592,2
2026-08-09 09:03:23,3050,3050,590,2
2026-08-09 09:03:24,3050,3050,593,2
2026-08-09 09:03:25,3050,3050,592,2
2026-08-09 09:03:26,3050,3050,588,2
2026-08-09 09:03:27,3050,3050,595,2
2026-08-09 09:03:28,3050,3050,587,2
2026-08-09 09:03:29,3050,3050,588,2
2026-08-09 09:03:30,3050,3050,588,2
2026-08-09 09:03:31,3050,3050,587,2
2026-08-09 09:03:32,3050,3050,588,2
2026-08-09 09:03:33,3050,3050,595,2
2026-08-09 09:03:34,3050,3050,593,2
2026-08-09 09:03:35,3050,3050,586,2
2026-08-09 09:03:36,3050,3050,591,2
2026-08-09 09:03:37,3050,3050,596,2
2026-08-09 09:03:38,3050,3050,594,2
2026-08-09 09:03:39,3050,3050,589,2
2026-08-09 09:03:40,3050,3050,590,2
2026-08-09 09:03:41,3050,3050,591,2
2026-08-09 09:03:42,3050,3050,588,2
2026-08-09 09:03:43,3050,3050,593,2
2026-08-09 09:03:44,3050,3050,594,2
2026-08-09 09:03:45,3050,3050,590,2
2026-08-09 09:03:46,3050,3050,588,2
2026-08-09 09:03:47,3050,3050,590,2
2026-08-09 09:03:48,3050,3050,591,2
2026-08-09 09:03:49,3050,3050,587,2
2026-08-09 09:03:50,3050,3050,590,2
2026-08-09 09:03:51,3050,3050,590,2
2026-08-09 09:03:52,3050,3050,588,2
2026-08-09 09:03:53,3050,3050,588,2
2026-08-09 09:03:54,3050,3050,592,2
2026-08-09 09:03:55,3050,3050,589,2
2026-08-09 09:03:56,3050,3050,589,2
2026-08-09 09:03:57,3050,3050,595,2
2026-08-09 09:03:58,3050,3050,598,2
2026-08-09 09:03:59,3050,3050,595,2
2026-08-09 09:04:00,3050,3050,594,2
2026-08-09 09:04:01,3050,3050,593,2
2026-08-09 09:04:02,3050,3050,590,2
2026-08-09 09:04:03,3050,3050,585,2
2026-08-09 09:04:04,3050,3050,593,2
2026-08-09 09:04:05,3050,3050,593,2
2026-08-09 09:04:06,3050,3050,583,2
2026-08-09 09:04:07,3050,3050,586,2
2026-08-09 09:04:08,3050,3050,594,2
2026-08-09 09:04:09,3050,3050,597,2
2026-08-09 09:04:10,3050,3050,603,2
2026-08-09 09:04:11,3050,3050,594,2
2026-08-09 09:04:12,3050,3050,593,2
2026-08-09 09:04:13,3050,3050,597,2
2026-08-09 09:04:14,3050,3050,593,2
2026-08-09 09:04:15,3050,3050,589,2
2026-08-09 09:04:16,3050,3050,588,2
2026-08-09 09:04:17,3050,3050,598,2
2026-08-09 09:04:18,3050,3050,590,2
2026-08-09 09:04:19,3050,3050,584,2
2026-08-09 09:04:20,3050,3050,592,2
2026-08-09 09:04:21,3050,3050,588,2
2026-08-09 09:04:22,3050,3050,597,2
2026-08-09 09:04:23,3050,3050,593,2
2026-08-09 09:04:24,3050,3050,589,2
2026-08-09 09:04:25,3050,3050,598,2
2026-08-09 09:04:26,3050,3050,589,2
2026-08-09 09:04:27,3050,3050,592,2
2026-08-09 09:04:28,3050,3050,591,2
2026-08-09 09:04:29,3050,3050,594,2
2026-08-09 09:04:30,3050,3050,593,2
2026-08-09 09:04:31,3050,3050,588,2
2026-08-09 09:04:32,3050,3050,587,2
2026-08-09 09:04:33,3050,3050,584,2
2026-08-09 09:04:34,3050,3050,593,2
2026-08-09 09:04:35,3050,3050,588,2
2026-08-09 09:04:36,3050,3050,589,2
2026-08-09 09:04:37,3050,3050,591,2
2026-08-09 09:04:38,3050,3050,585,2
2026-08-09 09:04:39,3050,3050,595,2
2026-08-09 09:04:40,3050,3050,587,2
2026-08-09 09:04:41,3050,3050,592,2
2026-08-09 09:04:42,3050,3050,596,2
2026-08-09 09:04:43,3050,3050,595,2
2026-08-09 09:04:44,3050,3050,589,2
2026-08-09 09:04:46,3050,3050,590,2
2026-08-09 09:04:46,3050,3050,591,2
2026-08-09 09:04:47,3050,3050,588,2
2026-08-09 09:04:48,3050,3050,584,2
2026-08-09 09:04:49,3050,3050,595,2
2026-08-09 09:04:50,3050,3050,588,2
2026-08-09 09:04:51,3050,3050,590,2
2026-08-09 09:04:52,3050,3050,590,2
2026-08-09 09:04:53,3050,3050,593,2
2026-08-09 09:04:54,3050,3050,592,2
2026-08-09 09:04:55,3050,3050,591,2
2026-08-09 09:04:56,3050,3050,592,2
2026-08-09 09:04:57,3050,3050,586,2
2026-08-09 09:04:58,3050,3050,587,2
2026-08-09 09:04:59,3050,3050,591,2
2026-08-09 09:05:00,3050,3050,596,2
2026-08-09 09:05:01,3050,3050,592,2
2026-08-09 09:05:02,3050,3050,592,2
2026-08-09 09:05:03,3050,3050,591,2
2026-08-09 09:05:04,3050,3050,590,2
2026-08-09 09:05:05,3050,3050,593,2
2026-08-09 09:05:06,3050,3050,592,2
2026-08-09 09:05:07,3050,3050,598,2
2026-08-09 09:05:08,3050,3050,593,2
2026-08-09 09:05:09,3050,3050,589,2
2026-08-09 09:05:10,3050,3050,596,2
2026-08-09 09:05:11,3050,3050,592,2
2026-08-09 09:05:12,3050,3050,595,2
2026-08-09 09:05:13,3050,3050,590,2
2026-08-09 09:05:14,3050,3050,593,2
2026-08-09 09:05:15,3050,3050,586,2
2026-08-09 09:05:16,3050,3050,592,2
2026-08-09 09:05:17,3050,3050,596,2
2026-08-09 09:05:18,3050,3050,596,2
2026-08-09 09:05:19,3050,3050,593,2
2026-08-09 09:05:21,3050,3050,590,2
2026-08-09 09:05:21,3050,3050,600,2
2026-08-09 09:05:22,3050,3050,591,2
2026-08-09 09:05:23,3050,3050,590,2
2026-08-09 09:05:24,3050,3050,591,2
2026-08-09 09:05:25,3050,3050,587,2
2026-08-09 09:05:26,3050,3050,595,2
2026-08-09 09:05:27,3050,3050,590,2
2026-08-09 09:05:28,3050,3050,592,2
2026-08-09 09:05:29,3050,3050,596,2
2026-08-09 09:05:30,3050,3050,593,2
2026-08-09 09:05:31,3050,3050,586,2
2026-08-09 09:05:32,3050,3050,594,2
2026-08-09 09:05:33,3050,3050,590,2
2026-08-09 09:05:34,3050,3050,593,2
2026-08-09 09:05:35,3050,3050,591,2
2026-08-09 09:05:36,3050,3050,593,2
2026-08-09 09:05:37,3050,3050,596,2
2026-08-09 09:05:38,3050,3050,595,2
2026-08-09 09:05:39,3045,3050,590,2
2026-08-09 09:05:40,3047,3050,591,2
2026-08-09 09:05:41,3050,3050,588,2
2026-08-09 09:05:42,3047,3050,590,2
2026-08-09 09:05:43,3050,3050,592,2
2026-08-09 09:05:44,3050,3050,591,2
2026-08-09 09:05:45,3043,3050,593,2
2026-08-09 09:05:46,3046,3050,598,2
2026-08-09 09:05:47,3047,3050,593,2
2026-08-09 09:05:48,3047,3050,594,2
2026-08-09 09:05:49,3046,3050,596,2
2026-08-09 09:05:50,3050,3050,591,2
2026-08-09 09:05:51,3044,3050,591,2
2026-08-09 09:05:52,3047,3050,592,2
2026-08-09 09:05:53,3050,3050,592,2
2026-08-09 09:05:54,3042,3050,589,2
2026-08-09 09:05:55,3038,3050,593,2
2026-08-09 09:05:56,3041,3050,589,2
2026-08-09 09:05:57,3044,3050,593,2
2026-08-09 09:05:58,3044,3050,597,2
2026-08-09 09:05:59,3041,3050,590,2
2026-08-09 09:06:00,3041,3050,592,2
2026-08-09 09:06:01,3045,3050,590,2
2026-08-09 09:06:02,3042,3050,593,2
2026-08-09 09:06:03,3029,3050,586,2
2026-08-09 09:06:04,3040,3050,592,2
2026-08-09 09:06:05,3033,3050,586,2
2026-08-09 09:06:06,3037,3050,592,2
2026-08-09 09:06:07,3040,3050,590,2
2026-08-09 09:06:08,3043,3050,592,2
2026-08-09 09:06:09,3043,3050,591,2
2026-08-09 09:06:10,3041,3050,594,2
2026-08-09 09:06:11,3039,3050,596,2
2026-08-09 09:06:12,3029,3050,591,2
2026-08-09 09:06:13,3032,3050,592,2
2026-08-09 09:06:14,3037,3050,593,2
2026-08-09 09:06:15,3030,3050,592,2
2026-08-09 09:06:16,3040,3050,590,2
2026-08-09 09:06:17,3031,3050,595,2
2026-08-09 09:06:18,3032,3050,594,2
2026-08-09 09:06:19,3029,3050,592,2
2026-08-09 09:06:20,3034,3050,587,2
2026-08-09 09:06:21,3028,3050,597,2
2026-08-09 09:06:22,3030,3050,595,2
2026-08-09 09:06:23,3030,3050,589,2
2026-08-09 09:06:24,3019,3050,590,2
2026-08-09 09:06:25,3021,3050,589,2
2026-08-09 09:06:26,3027,3050,590,2
2026-08-09 09:06:27,3031,3050,589,2
2026-08-09 09:06:28,3034,3050,589,2
2026-08-09 09:06:29,3030,3050,592,2
2026-08-09 09:06:30,3030,3050,589,2
2026-08-09 09:06:31,3036,3050,594,2
2026-08-09 09:06:32,3035,3050,593,2
2026-08-09 09:06:33,3025,3050,592,2
2026-08-09 09:06:34,3024,3050,594,2
2026-08-09 09:06:35,3028,3050,590,2
2026-08-09 09:06:36,3026,3050,592,2
2026-08-09 09:06:37,3021,3050,594,2
2026-08-09 09:06:38,3022,3050,593,2
2026-08-09 09:06:39,3021,3050,593,2
2026-08-09 09:06:40,3022,3050,593,2
2026-08-09 09:06:41,3012,3050,596,2
2026-08-09 09:06:42,3015,3050,589,2
2026-08-09 09:06:43,3015,3050,594,2
2026-08-09 09:06:44,3012,3050,588,2
2026-08-09 09:06:45,3006,3050,597,2
2026-08-09 09:06:46,3014,3050,590,2
2026-08-09 09:06:47,3012,3050,588,2
2026-08-09 09:06:48,3013,3050,595,2
2026-08-09 09:06:49,3006,3050,589,2
2026-08-09 09:06:50,3010,3050,596,2
2026-08-09 09:06:51,3005,3050,595,2
2026-08-09 09:06:52,3011,3050,591,2
2026-08-09 09:06:53,3017,3050,589,2
2026-08-09 09:06:54,3000,3050,595,2
2026-08-09 09:06:55,3003,3050,601,2
2026-08-09 09:06:56,3007,3050,598,2
2026-08-09 09:06:57,3014,3050,597,2
2026-08-09 09:06:58,3008,3050,595,2
2026-08-09 09:06:59,3007,3050,593,2
2026-08-09 09:07:00,3010,3050,590,2
2026-08-09 09:07:01,3012,3050,594,2
2026-08-09 09:07:02,3011,3050,597,2
2026-08-09 09:07:03,3005,3050,601,2
2026-08-09 09:07:04,3020,3050,595,2
2026-08-09 09:07:05,3017,3050,598,2
2026-08-09 09:07:06,3007,3050,595,2
2026-08-09 09:07:07,3012,3050,590,2
2026-08-09 09:07:08,3022,3050,597,2
2026-08-09 09:07:09,3016,3050,587,2
2026-08-09 09:07:10,3010,3050,584,2
2026-08-09 09:07:11,3016,3050,592,2
2026-08-09 09:07:12,3012,3050,596,2
2026-08-09 09:07:13,3011,3050,593,2
2026-08-09 09:07:14,3008,3050,590,2
2026-08-09 09:07:15,3001,3050,594,2
2026-08-09 09:07:16,3006,3050,594,2
2026-08-09 09:07:17,3000,3050,585,2
2026-08-09 09:07:24,3013,3050,592,2
2026-08-09 09:07:24,3003,3050,593,2
2026-08-09 09:07:24,2999,3050,592,2
2026-08-09 09:07:24,3002,3050,592,2
2026-08-09 09:07:24,3002,3050,592,2
2026-08-09 09:07:24,2996,3050,589,2
2026-08-09 09:07:24,2997,3050,598,2
2026-08-09 09:07:25,2995,3050,590,2
2026-08-09 09:07:26,2990,3050,586,2
2026-08-09 09:07:27,2998,3050,593,2
2026-08-09 09:07:28,2991,3050,593,2
2026-08-09 09:07:29,2998,3050,590,2
2026-08-09 09:07:30,2992,3050,591,2
2026-08-09 09:07:31,2992,3050,585,2
2026-08-09 09:07:32,2992,3050,591,2
2026-08-09 09:07:33,2994,3050,591,2
2026-08-09 09:07:34,2988,3050,595,2
2026-08-09 09:07:35,2983,3050,590,2
2026-08-09 09:07:36,2992,3050,591,2
2026-08-09 09:07:37,2985,3050,589,2
2026-08-09 09:07:38,2982,3050,588,2
2026-08-09 09:07:39,2983,3050,593,2
2026-08-09 09:07:40,2983,3050,591,2
2026-08-09 09:07:41,2981,3050,590,2
2026-08-09 09:07:42,2979,3050,594,2
2026-08-09 09:07:43,2970,3050,594,2
2026-08-09 09:07:44,2977,3050,588,2
2026-08-09 09:07:45,2982,3050,591,2
2026-08-09 09:07:46,2977,3050,592,2
2026-08-09 09:07:47,2972,3050,591,2
2026-08-09 09:07:48,2977,3050,591,2
2026-08-09 09:07:49,2976,3050,590,2
2026-08-09 09:07:50,2973,3050,589,2
2026-08-09 09:07:51,2974,3050,588,2
2026-08-09 09:07:52,2967,3050,596,2
2026-08-09 09:07:53,2971,3050,592,2
2026-08-09 09:07:55,2971,3050,591,2
2026-08-09 09:07:55,2972,3050,596,2
2026-08-09 09:07:56,2972,3050,591,2
2026-08-09 09:07:57,2964,3050,595,2
2026-08-09 09:07:58,2968,3050,597,2
2026-08-09 09:07:59,2965,3050,586,2
2026-08-09 09:08:00,2965,3050,595,2
2026-08-09 09:08:01,2965,3050,594,2
2026-08-09 09:08:02,2967,3050,594,2
2026-08-09 09:08:03,2973,3050,597,2
2026-08-09 09:08:04,2966,3050,595,2
2026-08-09 09:08:05,2967,3050,596,2
2026-08-09 09:08:06,2974,3050,594,2
2026-08-09 09:08:07,2959,3050,596,2
2026-08-09 09:08:08,2964,3050,590,2
2026-08-09 09:08:09,2969,3050,588,2
2026-08-09 09:08:10,2960,3050,593,2
2026-08-09 09:08:11,2964,3050,600,2
2026-08-09 09:08:12,2959,3050,596,2
2026-08-09 09:08:13,2957,3050,589,2
2026-08-09 09:08:14,2959,3050,589,2
2026-08-09 09:08:15,2958,3050,599,2
2026-08-09 09:08:16,2953,3050,596,2
2026-08-09 09:08:17,2953,3050,594,2
2026-08-09 09:08:18,2957,3050,588,2
2026-08-09 09:08:19,2958,3050,601,2
2026-08-09 09:08:20,2963,3050,591,2
2026-08-09 09:08:21,2961,3050,595,2
2026-08-09 09:08:22,2963,3050,596,2
2026-08-09 09:08:23,2963,3050,594,2
2026-08-09 09:08:24,2964,3050,597,2
2026-08-09 09:08:25,2959,3050,588,2
2026-08-09 09:08:26,2955,3050,599,2
2026-08-09 09:08:27,2956,3050,590,2
2026-08-09 09:08:28,2961,3050,591,2
2026-08-09 09:08:29,2956,3050,593,2
2026-08-09 09:08:30,2960,3050,594,2
2026-08-09 09:08:31,2956,3050,598,2
2026-08-09 09:08:32,2952,3050,593,2
2026-08-09 09:08:33,2949,3050,590,2
2026-08-09 09:08:34,2949,3050,593,2
2026-08-09 09:08:35,2948,3050,589,2
2026-08-09 09:08:36,2953,3050,590,2
2026-08-09 09:08:37,2947,3050,587,2
2026-08-09 09:08:38,2948,3050,593,2
2026-08-09 09:08:39,2952,3050,585,2
2026-08-09 09:08:40,2947,3050,597,2
2026-08-09 09:08:41,2941,3050,593,2
2026-08-09 09:08:42,2953,3050,588,2
2026-08-09 09:08:43,2954,3050,596,2
2026-08-09 09:08:44,2939,3050,589,2
2026-08-09 09:08:45,2952,3050,596,2
2026-08-09 09:08:47,2944,3050,592,2
2026-08-09 09:08:48,2954,3050,591,2
2026-08-09 09:08:49,2944,3050,593,2
2026-08-09 09:08:49,2956,3050,594,2
2026-08-09 09:08:50,2948,3050,596,2
2026-08-09 09:08:51,2961,3050,589,2
2026-08-09 09:08:52,2973,3050,595,2
2026-08-09 09:08:54,2973,3050,597,2
2026-08-09 09:08:55,2967,3050,598,2
2026-08-09 09:08:55,2972,3050,594,2
2026-08-09 09:08:56,2972,3050,595,2
2026-08-09 09:08:57,2970,3050,595,2
2026-08-09 09:08:58,2966,3050,592,2
2026-08-09 09:08:59,2958,3050,597,2
2026-08-09 09:09:00,2952,3050,597,2
2026-08-09 09:09:01,2947,3050,595,2
2026-08-09 09:09:02,2947,3050,592,2
2026-08-09 09:09:03,2950,3050,596,2
2026-08-09 09:09:04,2949,3050,591,2
2026-08-09 09:09:05,2939,3050,588,2
2026-08-09 09:09:06,2943,3050,585,2
2026-08-09 09:09:07,2940,3050,598,2
2026-08-09 09:09:08,2939,3050,597,2
2026-08-09 09:09:09,2938,3050,593,2
2026-08-09 09:09:10,2938,3050,596,2
2026-08-09 09:09:11,2941,3050,594,2
2026-08-09 09:09:12,2939,3050,592,2
2026-08-09 09:09:13,2940,3050,594,2
2026-08-09 09:09:14,2923,3050,594,2
2026-08-09 09:09:15,2936,3050,595,2
2026-08-09 09:09:16,2930,3050,593,2
2026-08-09 09:09:17,2924,3050,594,2
2026-08-09 09:09:18,2934,3050,595,2
2026-08-09 09:09:19,2931,3050,593,2
2026-08-09 09:09:20,2938,3050,599,2
2026-08-09 09:09:21,2931,3050,594,2
2026-08-09 09:09:22,2927,3050,593,2
2026-08-09 09:09:23,2931,3050,597,2
2026-08-09 09:09:24,2934,3050,596,2
2026-08-09 09:09:25,2937,3050,593,2
2026-08-09 09:09:26,2936,3050,588,2
2026-08-09 09:09:27,2944,3050,598,2
2026-08-09 09:09:28,2947,3050,597,2
2026-08-09 09:09:29,2949,3050,596,2
2026-08-09 09:09:30,2958,3050,594,2
2026-08-09 09:09:31,2951,3050,597,2
2026-08-09 09:09:32,2953,3050,591,2
2026-08-09 09:09:33,2952,3050,590,2
2026-08-09 09:09:34,2954,3050,596,2
2026-08-09 09:09:35,2949,3050,597,2
2026-08-09 09:09:36,2952,3050,597,2
2026-08-09 09:09:37,2944,3050,595,2
2026-08-09 09:09:38,2942,3050,594,2
2026-08-09 09:09:39,2942,3050,596,2
2026-08-09 09:09:40,2948,3050,594,2
2026-08-09 09:09:41,2946,3050,595,2
2026-08-09 09:09:42,2943,3050,596,2
2026-08-09 09:09:43,2930,3050,592,2
2026-08-09 09:09:44,2929,3050,596,2
2026-08-09 09:09:45,2922,3050,594,2
2026-08-09 09:09:46,2925,3050,593,2
2026-08-09 09:09:47,2928,3050,597,2
2026-08-09 09:09:49,2923,3050,596,2
2026-08-09 09:09:49,2923,3050,594,2
2026-08-09 09:09:50,2925,3050,598,2
2026-08-09 09:09:51,2917,3050,592,2
2026-08-09 09:09:52,2911,3050,594,2
2026-08-09 09:09:53,2910,3050,597,2
2026-08-09 09:09:54,2912,3050,594,2
2026-08-09 09:09:55,2915,3050,597,2
2026-08-09 09:09:56,2913,3050,595,2
2026-08-09 09:09:57,2911,3050,595,2
2026-08-09 09:09:58,2908,3050,597,2
2026-08-09 09:09:59,2908,3050,593,2
2026-08-09 09:10:00,2912,3050,600,2
2026-08-09 09:10:01,2905,3050,595,2
2026-08-09 09:10:02,2910,3050,598,2
2026-08-09 09:10:03,2913,3050,599,2
2026-08-09 09:10:04,2906,3050,594,2
2026-08-09 09:10:05,2911,3050,597,2
2026-08-09 09:10:06,2904,3050,593,2
2026-08-09 09:10:07,2910,3050,597,2
2026-08-09 09:10:08,2904,3050,594,2
2026-08-09 09:10:09,2907,3050,593,2
2026-08-09 09:10:10,2911,3050,594,2
2026-08-09 09:10:11,2905,3050,591,2
2026-08-09 09:10:12,2906,3050,594,2
2026-08-09 09:10:13,2907,3050,594,2
2026-08-09 09:10:14,2900,3050,591,2
2026-08-09 09:10:15,2900,3050,595,2
2026-08-09 09:10:16,2907,3050,597,2
2026-08-09 09:10:17,2906,3050,595,2
2026-08-09 09:10:18,2899,3050,597,2
2026-08-09 09:10:19,2899,3050,592,2
2026-08-09 09:10:20,2908,3050,591,2
2026-08-09 09:10:21,2911,3050,598,2
2026-08-09 09:10:22,2899,3050,590,2
2026-08-09 09:10:23,2903,3050,597,2
2026-08-09 09:10:24,2902,3050,597,2
2026-08-09 09:10:25,2905,3050,591,2
2026-08-09 09:10:26,2900,3050,596,2
2026-08-09 09:10:27,2898,3050,602,2
2026-08-09 09:10:28,2904,3050,599,2
2026-08-09 09:10:29,2899,3050,597,2
2026-08-09 09:10:30,2901,3050,596,2
2026-08-09 09:10:31,2900,3050,594,2
2026-08-09 09:10:32,2890,3050,600,2
2026-08-09 09:10:33,2893,3050,598,2
2026-08-09 09:10:34,2895,3050,594,2
2026-08-09 09:10:35,2901,3050,597,2
2026-08-09 09:10:36,2895,3050,597,2
2026-08-09 09:10:37,2900,3050,602,2
2026-08-09 09:10:38,2902,3050,598,2
2026-08-09 09:10:39,2901,3050,598,2
2026-08-09 09:10:40,2899,3050,595,2
2026-08-09 09:10:41,2899,3050,595,2
2026-08-09 09:10:42,2899,3050,595,2
2026-08-09 09:10:43,2887,3050,595,2
2026-08-09 09:10:44,2896,3050,594,2
2026-08-09 09:10:45,2898,3050,593,2
2026-08-09 09:10:46,2893,3050,593,2
2026-08-09 09:10:47,2902,3050,596,2
2026-08-09 09:10:48,2898,3050,596,2
2026-08-09 09:10:49,2896,3050,594,2
2026-08-09 09:10:50,2891,3050,592,2
2026-08-09 09:10:51,2889,3050,598,2
2026-08-09 09:10:52,2894,3050,596,2
2026-08-09 09:10:53,2890,3050,595,2
2026-08-09 09:10:54,2891,3050,598,2
2026-08-09 09:10:55,2892,3050,594,2
2026-08-09 09:10:56,2890,3050,599,2
2026-08-09 09:10:57,2887,3050,597,2
2026-08-09 09:10:58,2886,3050,595,2
2026-08-09 09:10:59,2884,3050,596,2
2026-08-09 09:11:00,2889,3050,600,2
2026-08-09 09:11:01,2884,3050,598,2
2026-08-09 09:11:02,2885,3050,592,2
2026-08-09 09:11:03,2888,3050,596,2
2026-08-09 09:11:04,2886,3050,604,2
2026-08-09 09:11:05,2886,3050,601,2
2026-08-09 09:11:06,2891,3050,593,2
2026-08-09 09:11:07,2879,3050,597,2
2026-08-09 09:11:08,2882,3050,597,2
2026-08-09 09:11:09,2888,3050,598,2
2026-08-09 09:11:10,2886,3050,596,2
2026-08-09 09:11:11,2886,3050,600,2
2026-08-09 09:11:12,2895,3050,596,2
2026-08-09 09:11:13,2889,3050,596,2
2026-08-09 09:11:14,2896,3050,598,2
2026-08-09 09:11:15,2886,3050,601,2
2026-08-09 09:11:16,2879,3050,598,2
2026-08-09 09:11:17,2881,3050,596,2
2026-08-09 09:11:18,2882,3050,592,2
2026-08-09 09:11:19,2881,3050,596,2
2026-08-09 09:11:20,2889,3050,594,2
2026-08-09 09:11:21,2888,3050,595,2
2026-08-09 09:11:22,2885,3050,597,2
2026-08-09 09:11:23,2884,3050,597,2
2026-08-09 09:11:24,2878,3050,597,2
2026-08-09 09:11:25,2884,3050,597,2
2026-08-09 09:11:26,2885,3050,594,2
2026-08-09 09:11:27,2882,3050,597,2
2026-08-09 09:11:28,2884,3050,597,2
2026-08-09 09:11:29,2884,3050,598,2
2026-08-09 09:11:30,2880,3050,602,2
2026-08-09 09:11:31,2881,3050,589,2
2026-08-09 09:11:32,2885,3050,593,2
2026-08-09 09:11:33,2880,3050,598,2
2026-08-09 09:11:34,2888,3050,594,2
2026-08-09 09:11:36,2881,3050,593,2
2026-08-09 09:11:36,2874,3050,589,2
2026-08-09 09:11:37,2886,3050,603,2
2026-08-09 09:11:38,2883,3050,598,2
2026-08-09 09:11:39,2880,3050,595,2
2026-08-09 09:11:40,2877,3050,593,2
2026-08-09 09:11:41,2876,3050,590,2
2026-08-09 09:11:42,2874,3050,593,2
2026-08-09 09:11:43,2875,3050,589,2
2026-08-09 09:11:44,2876,3050,601,2
2026-08-09 09:11:45,2875,3050,592,2
2026-08-09 09:11:46,2872,3050,590,2
2026-08-09 09:11:47,2878,3050,593,2
2026-08-09 09:11:48,2873,3050,594,2
2026-08-09 09:11:49,2872,3050,592,2
2026-08-09 09:11:50,2874,3050,599,2
2026-08-09 09:11:51,2874,3050,596,2
2026-08-09 09:11:52,2878,3050,597,2
2026-08-09 09:11:54,2877,3050,593,2
2026-08-09 09:11:54,2867,3050,593,2
2026-08-09 09:11:55,2873,3050,593,2
2026-08-09 09:11:56,2870,3050,596,2
2026-08-09 09:11:57,2871,3050,596,2
2026-08-09 09:11:58,2878,3050,596,2
2026-08-09 09:11:59,2872,3050,596,2
2026-08-09 09:12:00,2868,3050,600,2
2026-08-09 09:12:02,2870,3050,596,2
2026-08-09 09:12:02,2873,3050,602,2
2026-08-09 09:12:03,2870,3050,594,2
2026-08-09 09:12:04,2868,3050,600,2
2026-08-09 09:12:05,2867,3050,597,2
2026-08-09 09:12:06,2863,3050,594,2
2026-08-09 09:12:07,2866,3050,589,2
2026-08-09 09:12:08,2871,3050,596,2
2026-08-09 09:12:09,2868,3050,596,2
2026-08-09 09:12:10,2872,3050,601,2
2026-08-09 09:12:11,2871,3050,599,2
2026-08-09 09:12:12,2869,3050,598,2
2026-08-09 09:12:13,2869,3050,596,2
2026-08-09 09:12:14,2865,3050,595,2
2026-08-09 09:12:15,2865,3050,598,2
2026-08-09 09:12:16,2862,3050,595,2
2026-08-09 09:12:17,2862,3050,598,2
2026-08-09 09:12:18,2864,3050,593,2
2026-08-09 09:12:19,2860,3050,592,2
2026-08-09 09:12:20,2855,3050,592,2
2026-08-09 09:12:21,2855,3050,597,2
2026-08-09 09:12:22,2859,3050,598,2
2026-08-09 09:12:23,2864,3050,593,2
2026-08-09 09:12:24,2865,3050,596,2
2026-08-09 09:12:25,2861,3050,595,2
2026-08-09 09:12:26,2859,3050,595,2
2026-08-09 09:12:27,2861,3050,595,2
2026-08-09 09:12:28,2857,3050,604,2
2026-08-09 09:12:29,2858,3050,593,2
2026-08-09 09:12:30,2862,3050,595,2
2026-08-09 09:12:31,2863,3050,598,2
2026-08-09 09:12:32,2865,3050,595,2
2026-08-09 09:12:33,2865,3050,599,2
2026-08-09 09:12:34,2858,3050,598,2
2026-08-09 09:12:35,2864,3050,593,2
2026-08-09 09:12:36,2857,3050,595,2
2026-08-09 09:12:37,2866,3050,596,2
2026-08-09 09:12:38,2859,3050,604,2
2026-08-09 09:12:39,2861,3050,589,2
2026-08-09 09:12:40,2863,3050,595,2
2026-08-09 09:12:41,2864,3050,592,2
2026-08-09 09:12:42,2859,3050,598,2
2026-08-09 09:12:43,2865,3050,599,2
2026-08-09 09:12:44,2859,3050,597,2
2026-08-09 09:12:45,2863,3050,599,2
2026-08-09 09:12:46,2866,3050,600,2
2026-08-09 09:12:47,2865,3050,603,2
2026-08-09 09:12:48,2864,3050,596,2
2026-08-09 09:12:49,2867,3050,595,2
2026-08-09 09:12:50,2868,3050,598,2
2026-08-09 09:12:51,2859,3050,595,2
2026-08-09 09:12:52,2855,3050,600,2
2026-08-09 09:12:53,2862,3050,599,2
2026-08-09 09:12:54,2857,3050,597,2
2026-08-09 09:12:55,2867,3050,601,2
2026-08-09 09:12:56,2862,3050,597,2
2026-08-09 09:12:57,2862,3050,596,2
2026-08-09 09:12:58,2862,3050,599,2
2026-08-09 09:12:59,2861,3050,598,2
2026-08-09 09:13:00,2851,3050,595,2
2026-08-09 09:13:01,2857,3050,593,2
2026-08-09 09:13:02,2855,3050,600,2
2026-08-09 09:13:03,2854,3050,599,2
2026-08-09 09:13:04,2852,3050,599,2
2026-08-09 09:13:05,2862,3050,596,2
2026-08-09 09:13:06,2857,3050,592,2
2026-08-09 09:13:07,2854,3050,597,2
2026-08-09 09:13:08,2855,3050,594,2
2026-08-09 09:13:09,2854,3050,594,2
2026-08-09 09:13:10,2852,3050,595,2
2026-08-09 09:13:11,2847,3050,598,2
2026-08-09 09:13:12,2852,3050,598,2
2026-08-09 09:13:13,2846,3050,602,2
2026-08-09 09:13:14,2851,3050,595,2
2026-08-09 09:13:15,2853,3050,598,2
2026-08-09 09:13:16,2848,3050,599,2
2026-08-09 09:13:17,2857,3050,593,2
2026-08-09 09:13:18,2853,3050,600,2
2026-08-09 09:13:19,2845,3050,600,2
2026-08-09 09:13:20,2850,3050,593,2
2026-08-09 09:13:21,2848,3050,596,2
2026-08-09 09:13:22,2850,3050,592,2
2026-08-09 09:13:23,2857,3050,597,2
2026-08-09 09:13:24,2854,3050,601,2
2026-08-09 09:13:25,2846,3050,598,2
2026-08-09 09:13:26,2851,3050,594,2
2026-08-09 09:13:27,2848,3050,594,2
2026-08-09 09:13:28,2855,3050,593,2
2026-08-09 09:13:29,2853,3050,598,2
2026-08-09 09:13:30,2856,3050,594,2
2026-08-09 09:13:31,2847,3050,601,2
2026-08-09 09:13:32,2847,3050,601,2
2026-08-09 09:13:33,2850,3050,600,2
2026-08-09 09:13:34,2847,3050,596,2
2026-08-09 09:13:35,2853,3050,599,2
2026-08-09 09:13:36,2851,3050,601,2
2026-08-09 09:13:37,2852,3050,594,2
2026-08-09 09:13:38,2857,3050,598,2
2026-08-09 09:13:39,2851,3050,600,2
2026-08-09 09:13:40,2846,3050,598,2
2026-08-09 09:13:41,2838,3050,594,2
2026-08-09 09:13:42,2853,3050,594,2
2026-08-09 09:13:43,2847,3050,598,2
2026-08-09 09:13:44,2849,3050,600,2
2026-08-09 09:13:45,2845,3050,599,2
2026-08-09 09:13:46,2845,3050,598,2
2026-08-09 09:13:47,2841,3050,602,2
2026-08-09 09:13:48,2849,3050,597,2
2026-08-09 09:13:49,2850,3050,598,2
2026-08-09 09:13:50,2848,3050,596,2
2026-08-09 09:13:51,2844,3050,599,2
2026-08-09 09:13:52,2851,3050,594,2
2026-08-09 09:13:53,2855,3050,595,2
2026-08-09 09:13:54,2843,3050,596,2
2026-08-09 09:13:55,2852,3050,598,2
2026-08-09 09:13:56,2848,3050,599,2
2026-08-09 09:13:57,2846,3050,598,2
2026-08-09 09:13:58,2844,3050,601,2
2026-08-09 09:13:59,2850,3050,598,2
2026-08-09 09:14:00,2851,3050,600,2
2026-08-09 09:14:01,2850,3050,599,2
2026-08-09 09:14:02,2846,3050,596,2
2026-08-09 09:14:03,2850,3050,611,2
2026-08-09 09:14:04,2846,3050,595,2
2026-08-09 09:14:05,2846,3050,596,2
2026-08-09 09:14:06,2851,3050,597,2
2026-08-09 09:14:07,2851,3050,598,2
2026-08-09 09:14:08,2858,3050,599,2
2026-08-09 09:14:09,2848,3050,599,2
2026-08-09 09:14:10,2852,3050,598,2
2026-08-09 09:14:11,2850,3050,599,2
2026-08-09 09:14:12,2844,3050,602,2
2026-08-09 09:14:13,2846,3050,597,2
2026-08-09 09:14:14,2858,3050,594,2
2026-08-09 09:14:15,2870,3050,600,2
2026-08-09 09:14:16,2837,3050,598,2
2026-08-09 09:14:17,2766,3050,597,2
2026-08-09 09:14:18,2681,3050,601,2
2026-08-09 09:14:19,2601,3050,600,2
2026-08-09 09:14:20,2501,3050,603,2
2026-08-09 09:14:21,2443,3050,603,2
2026-08-09 09:14:22,2444,3050,596,2
2026-08-09 09:14:23,2462,3050,599,2
2026-08-09 09:14:24,2458,3050,597,2
2026-08-09 09:14:25,2460,3050,592,2
2026-08-09 09:14:26,2481,3050,600,2
2026-08-09 09:14:27,2517,3050,604,2
2026-08-09 09:14:28,2552,3050,595,2
2026-08-09 09:14:29,2568,3050,598,2
2026-08-09 09:14:30,2591,3050,593,2
2026-08-09 09:14:31,2593,3050,603,2
2026-08-09 09:14:32,2611,3050,607,2
2026-08-09 09:14:33,2627,3050,595,2
2026-08-09 09:14:34,2636,3050,599,2
2026-08-09 09:14:35,2638,3050,601,2
2026-08-09 09:14:36,2648,3050,598,2
2026-08-09 09:14:37,2650,3050,601,2
2026-08-09 09:14:38,2656,3050,599,2
2026-08-09 09:14:39,2659,3050,596,2
2026-08-09 09:14:40,2666,3050,601,2
2026-08-09 09:14:41,2666,3050,602,2
2026-08-09 09:14:42,2673,3050,599,2
2026-08-09 09:14:43,2670,3050,596,2
2026-08-09 09:14:44,2681,3050,595,2
2026-08-09 09:14:45,2675,3050,594,2
2026-08-09 09:14:46,2677,3050,595,2
2026-08-09 09:14:47,2677,3050,594,2
2026-08-09 09:14:48,2688,3050,600,2
2026-08-09 09:14:49,2690,3050,598,2
2026-08-09 09:14:50,2695,3050,594,2
2026-08-09 09:14:51,2692,3050,596,2
2026-08-09 09:14:52,2701,3050,595,2
2026-08-09 09:14:53,2697,3050,600,2
2026-08-09 09:14:54,2706,3050,595,2
2026-08-09 09:14:55,2706,3050,598,2
2026-08-09 09:14:56,2718,3050,599,2
2026-08-09 09:14:57,2707,3050,605,2
2026-08-09 09:14:58,2717,3050,597,2
2026-08-09 09:14:59,2717,3050,599,2
2026-08-09 09:15:00,2720,3050,601,2
2026-08-09 09:15:01,2722,3050,599,2
2026-08-09 09:15:02,2729,3050,597,2
2026-08-09 09:15:03,2719,3050,595,2
2026-08-09 09:15:04,2724,3050,595,2
2026-08-09 09:15:05,2728,3050,601,2
2026-08-09 09:15:06,2727,3050,597,2
2026-08-09 09:15:07,2721,3050,597,2
2026-08-09 09:15:08,2722,3050,599,2
2026-08-09 09:15:09,2733,3050,604,2
2026-08-09 09:15:10,2724,3050,602,2
2026-08-09 09:15:11,2728,3050,603,2
2026-08-09 09:15:12,2727,3050,601,2
2026-08-09 09:15:13,2729,3050,596,2
2026-08-09 09:15:14,2736,3050,599,2
2026-08-09 09:15:15,2726,3050,600,2
2026-08-09 09:15:16,2734,3050,597,2
2026-08-09 09:15:17,2732,3050,595,2
2026-08-09 09:15:18,2729,3050,602,2
2026-08-09 09:15:19,2727,3050,603,2
2026-08-09 09:15:20,2733,3050,596,2
2026-08-09 09:15:21,2723,3050,599,2
2026-08-09 09:15:22,2735,3050,603,2
2026-08-09 09:15:23,2730,3050,602,2
2026-08-09 09:15:24,2737,3050,595,2
2026-08-09 09:15:25,2735,3050,596,2
2026-08-09 09:15:26,2731,3050,602,2
2026-08-09 09:15:27,2736,3050,603,2
2026-08-09 09:15:28,2738,3050,600,2
2026-08-09 09:15:29,2736,3050,600,2
2026-08-09 09:15:30,2736,3050,597,2
2026-08-09 09:15:31,2739,3050,598,2
2026-08-09 09:15:32,2742,3050,601,2
2026-08-09 09:15:33,2740,3050,598,2
2026-08-09 09:15:34,2739,3050,598,2
2026-08-09 09:15:35,2746,3050,597,2
2026-08-09 09:15:36,2740,3050,595,2
2026-08-09 09:15:37,2743,3050,594,2
2026-08-09 09:15:38,2740,3050,598,2
2026-08-09 09:15:39,2745,3050,598,2
2026-08-09 09:15:40,2749,3050,598,2
2026-08-09 09:15:41,2750,3050,600,2
2026-08-09 09:15:42,2755,3050,601,2
2026-08-09 09:15:43,2753,3050,600,2
2026-08-09 09:15:44,2751,3050,597,2
2026-08-09 09:15:45,2755,3050,598,2
2026-08-09 09:15:46,2757,3050,601,2
2026-08-09 09:15:47,2756,3050,598,2
2026-08-09 09:15:48,2756,3050,596,2
2026-08-09 09:15:49,2756,3050,601,2
2026-08-09 09:15:50,2757,3050,598,2
2026-08-09 09:15:51,2754,3050,599,2
2026-08-09 09:15:52,2755,3050,604,2
2026-08-09 09:15:53,2753,3050,601,2
2026-08-09 09:15:54,2762,3050,604,2
2026-08-09 09:15:55,2760,3050,598,2
2026-08-09 09:15:56,2761,3050,597,2
2026-08-09 09:15:57,2766,3050,600,2
2026-08-09 09:15:58,2760,3050,597,2
2026-08-09 09:15:59,2762,3050,602,2
2026-08-09 09:16:00,2766,3050,599,2
2026-08-09 09:16:01,2762,3050,599,2
2026-08-09 09:16:02,2763,3050,600,2
2026-08-09 09:16:03,2761,3050,598,2
2026-08-09 09:16:04,2763,3050,601,2
2026-08-09 09:16:05,2766,3050,594,2
2026-08-09 09:16:06,2763,3050,599,2
2026-08-09 09:16:07,2763,3050,600,2
2026-08-09 09:16:08,2765,3050,598,2
2026-08-09 09:16:09,2760,3050,595,2
2026-08-09 09:16:10,2756,3050,600,2
2026-08-09 09:16:11,2761,3050,600,2
2026-08-09 09:16:12,2763,3050,601,2
2026-08-09 09:16:13,2765,3050,593,2
2026-08-09 09:16:14,2756,3050,600,2
2026-08-09 09:16:15,2760,3050,596,2
2026-08-09 09:16:16,2761,3050,594,2
2026-08-09 09:16:17,2763,3050,598,2
2026-08-09 09:16:18,2758,3050,600,2
2026-08-09 09:16:19,2754,3050,594,2
2026-08-09 09:16:20,2751,3050,597,2
2026-08-09 09:16:21,2753,3050,598,2
2026-08-09 09:16:22,2755,3050,600,2
2026-08-09 09:16:23,2752,3050,603,2
2026-08-09 09:16:24,2758,3050,600,2
2026-08-09 09:16:25,2756,3050,595,2
2026-08-09 09:16:26,2757,3050,597,2
2026-08-09 09:16:27,2750,3050,600,2
2026-08-09 09:16:28,2755,3050,595,2
2026-08-09 09:16:29,2758,3050,597,2
2026-08-09 09:16:30,2757,3050,600,2
2026-08-09 09:16:31,2754,3050,599,2
2026-08-09 09:16:33,2754,3050,599,2
2026-08-09 09:16:33,2762,3050,602,2
2026-08-09 09:16:34,2757,3050,602,2
2026-08-09 09:16:35,2751,3050,599,2
2026-08-09 09:16:36,2751,3050,594,2
2026-08-09 09:16:37,2762,3050,598,2
2026-08-09 09:16:38,2760,3050,598,2
2026-08-09 09:16:39,2756,3050,601,2
2026-08-09 09:16:40,2765,3050,597,2
2026-08-09 09:16:41,2759,3050,598,2
2026-08-09 09:16:42,2757,3050,601,2
2026-08-09 09:16:43,2760,3050,601,2
2026-08-09 09:16:44,2762,3050,601,2
2026-08-09 09:16:45,2758,3050,602,2
2026-08-09 09:16:46,2757,3050,607,2
2026-08-09 09:16:47,2760,3050,604,2
2026-08-09 09:16:48,2758,3050,598,2
2026-08-09 09:16:49,2764,3050,607,2
2026-08-09 09:16:51,2766,3050,599,2
2026-08-09 09:16:52,2765,3050,601,2
2026-08-09 09:16:53,2762,3050,598,2
2026-08-09 09:16:54,2766,3050,600,2
2026-08-09 09:16:54,2765,3050,596,2
2026-08-09 09:16:55,2760,3050,599,2
2026-08-09 09:16:57,2757,3050,597,2
2026-08-09 09:16:57,2768,3050,594,2
2026-08-09 09:16:58,2768,3050,598,2
2026-08-09 09:17:00,2761,3050,589,2
2026-08-09 09:17:01,2770,3050,610,2
2026-08-09 09:17:02,2763,3050,600,2
2026-08-09 09:17:03,2766,3050,603,2
2026-08-09 09:17:04,2766,3050,600,2
2026-08-09 09:17:05,2770,3050,601,2
2026-08-09 09:17:05,2767,3050,598,2
2026-08-09 09:17:07,2765,3050,601,2
2026-08-09 09:17:08,2771,3050,598,2
2026-08-09 09:17:09,2770,3050,600,2
2026-08-09 09:17:09,2768,3050,601,2
2026-08-09 09:17:10,2771,3050,604,2
2026-08-09 09:17:11,2769,3050,597,2
2026-08-09 09:17:12,2766,3050,604,2
2026-08-09 09:17:13,2773,3050,599,2
2026-08-09 09:17:14,2768,3050,602,2
2026-08-09 09:17:15,2765,3050,601,2
2026-08-09 09:17:16,2772,3050,601,2
2026-08-09 09:17:17,2769,3050,601,2
2026-08-09 09:17:18,2773,3050,601,2
2026-08-09 09:17:19,2774,3050,597,2
2026-08-09 09:17:20,2773,3050,601,2
2026-08-09 09:17:21,2765,3050,599,2
2026-08-09 09:17:22,2775,3050,595,2
2026-08-09 09:17:23,2769,3050,610,2
2026-08-09 09:17:24,2770,3050,600,2
2026-08-09 09:17:25,2772,3050,595,2
2026-08-09 09:17:26,2773,3050,599,2
2026-08-09 09:17:27,2767,3050,598,2
2026-08-09 09:17:28,2772,3050,599,2
2026-08-09 09:17:29,2774,3050,596,2
2026-08-09 09:17:30,2763,3050,595,2
2026-08-09 09:17:31,2773,3050,600,2
2026-08-09 09:17:32,2766,3050,599,2
2026-08-09 09:17:33,2775,3050,598,2
2026-08-09 09:17:34,2769,3050,600,2
2026-08-09 09:17:35,2764,3050,595,2
2026-08-09 09:17:36,2769,3050,601,3
2026-08-09 09:17:37,2777,3050,610,3
2026-08-09 09:17:38,2773,3050,600,3
2026-08-09 09:17:39,2772,3050,599,3
2026-08-09 09:17:40,2774,3050,605,3
2026-08-09 09:17:41,2776,3050,602,3
2026-08-09 09:17:42,2774,3050,598,3
2026-08-09 09:17:43,2773,3050,597,3
2026-08-09 09:17:44,2775,3050,599,3
2026-08-09 09:17:45,2778,3050,595,3
2026-08-09 09:17:46,2775,3050,601,3
2026-08-09 09:17:47,2772,3050,599,3
2026-08-09 09:17:48,2766,3050,597,3
2026-08-09 09:17:49,2772,3050,596,3
2026-08-09 09:17:50,2772,3050,598,3
2026-08-09 09:17:51,2771,3050,604,3
2026-08-09 09:17:52,2775,3050,599,3
2026-08-09 09:17:53,2772,3050,602,3
2026-08-09 09:17:54,2773,3050,600,3
2026-08-09 09:17:55,2773,3050,596,3
2026-08-09 09:17:56,2774,3050,598,3
2026-08-09 09:17:57,2772,3050,599,3
2026-08-09 09:17:58,2770,3050,600,3
2026-08-09 09:17:59,2770,3050,607,3
2026-08-09 09:18:00,2771,3050,595,3
2026-08-09 09:18:01,2765,3050,600,3
2026-08-09 09:18:02,2780,3050,602,3
2026-08-09 09:18:03,2769,3050,600,3
2026-08-09 09:18:04,2775,3050,599,3
2026-08-09 09:18:05,2768,3050,601,3
2026-08-09 09:18:06,2769,3050,595,3
2026-08-09 09:18:07,2772,3050,599,3
2026-08-09 09:18:08,2773,3050,598,3
2026-08-09 09:18:09,2772,3050,602,3
2026-08-09 09:18:10,2772,3050,599,3
2026-08-09 09:18:11,2777,3050,601,3
2026-08-09 09:18:12,2775,3050,605,3
2026-08-09 09:18:13,2773,3050,596,3
2026-08-09 09:18:14,2776,3050,597,3
2026-08-09 09:18:15,2773,3050,601,3
2026-08-09 09:18:16,2774,3050,597,3
2026-08-09 09:18:17,2773,3050,596,3
2026-08-09 09:18:18,2775,3050,597,3
2026-08-09 09:18:19,2776,3050,604,3
2026-08-09 09:18:20,2777,3050,599,3
2026-08-09 09:18:21,2773,3050,602,3
2026-08-09 09:18:22,2772,3050,600,3
2026-08-09 09:18:23,2777,3050,597,3
2026-08-09 09:18:24,2772,3050,601,3
2026-08-09 09:18:25,2774,3050,604,3
2026-08-09 09:18:26,2771,3050,601,3
2026-08-09 09:18:27,2772,3050,599,3
2026-08-09 09:18:28,2773,3050,602,3
2026-08-09 09:18:30,2771,3050,598,3
2026-08-09 09:18:30,2771,3050,604,3
2026-08-09 09:18:31,2767,3050,601,3
2026-08-09 09:18:32,2772,3050,602,3
2026-08-09 09:18:33,2775,3050,596,3
2026-08-09 09:18:34,2776,3050,599,3
2026-08-09 09:18:35,2774,3050,598,3
2026-08-09 09:18:36,2778,3050,598,3
2026-08-09 09:18:37,2773,3050,598,3
2026-08-09 09:18:38,2775,3050,599,3
2026-08-09 09:18:39,2770,3050,604,3
2026-08-09 09:18:40,2776,3050,600,3
2026-08-09 09:18:41,2773,3050,600,3
2026-08-09 09:18:42,2772,3050,598,3
2026-08-09 09:18:43,2773,3050,601,3
2026-08-09 09:18:44,2775,3050,605,3
2026-08-09 09:18:45,2772,3050,598,3
2026-08-09 09:18:46,2775,3050,599,3
2026-08-09 09:18:47,2770,3050,595,3
2026-08-09 09:18:48,2771,3050,603,3
2026-08-09 09:18:49,2772,3050,601,3
2026-08-09 09:18:50,2774,3050,601,3
2026-08-09 09:18:51,2772,3050,594,3
2026-08-09 09:18:52,2771,3050,603,3
2026-08-09 09:18:53,2772,3050,606,3
2026-08-09 09:18:54,2772,3050,601,3
2026-08-09 09:18:55,2769,3050,603,3
2026-08-09 09:18:56,2771,3050,596,3
2026-08-09 09:18:57,2778,3050,604,3
2026-08-09 09:18:59,2769,3050,602,3
2026-08-09 09:18:59,2772,3050,602,3
2026-08-09 09:19:00,2771,3050,602,3
2026-08-09 09:19:01,2771,3050,599,3
2026-08-09 09:19:02,2775,3050,603,3
2026-08-09 09:19:03,2770,3050,598,3
2026-08-09 09:19:04,2769,3050,601,3
2026-08-09 09:19:05,2766,3050,606,3
2026-08-09 09:19:06,2774,3050,595,3
2026-08-09 09:19:07,2770,3050,597,3
2026-08-09 09:19:08,2770,3050,606,3
2026-08-09 09:19:09,2774,3050,595,3
2026-08-09 09:19:10,2776,3050,599,3
2026-08-09 09:19:11,2773,3050,604,3
2026-08-09 09:19:12,2777,3050,602,3
2026-08-09 09:19:13,2770,3050,602,3
2026-08-09 09:19:14,2776,3050,599,3
2026-08-09 09:19:15,2770,3050,603,3
2026-08-09 09:19:16,2775,3050,589,3
2026-08-09 09:19:17,2771,3050,608,3
2026-08-09 09:19:18,2769,3050,597,3
2026-08-09 09:19:19,2771,3050,600,3
2026-08-09 09:19:20,2774,3050,603,3
2026-08-09 09:19:21,2772,3050,602,3
2026-08-09 09:19:22,2771,3050,601,3
2026-08-09 09:19:23,2770,3050,601,3
2026-08-09 09:19:24,2770,3050,603,3
2026-08-09 09:19:25,2768,3050,596,3
2026-08-09 09:19:26,2767,3050,604,3
2026-08-09 09:19:27,2771,3050,599,3
2026-08-09 09:19:28,2769,3050,598,3
2026-08-09 09:19:29,2771,3050,599,3
2026-08-09 09:19:30,2772,3050,602,3
2026-08-09 09:19:31,2769,3050,600,3
2026-08-09 09:19:32,2766,3050,597,3
2026-08-09 09:19:33,2767,3050,605,3
2026-08-09 09:19:34,2767,3050,599,3
2026-08-09 09:19:36,2771,3050,603,3
2026-08-09 09:19:36,2770,3050,604,3
2026-08-09 09:19:37,2771,3050,603,3
2026-08-09 09:19:38,2774,3050,607,3
2026-08-09 09:19:39,2767,3050,605,3
2026-08-09 09:19:40,2766,3050,598,3
2026-08-09 09:19:41,2770,3050,596,3
2026-08-09 09:19:42,2773,3050,601,3
2026-08-09 09:19:43,2766,3050,598,3
2026-08-09 09:19:44,2772,3050,605,3
2026-08-09 09:19:45,2766,3050,600,3
2026-08-09 09:19:46,2773,3050,600,3
2026-08-09 09:19:47,2767,3050,596,3
2026-08-09 09:19:48,2774,3050,596,3
2026-08-09 09:19:49,2770,3050,604,3
2026-08-09 09:19:50,2767,3050,602,3
2026-08-09 09:19:51,2768,3050,604,3
2026-08-09 09:19:52,2764,3050,600,3
2026-08-09 09:19:53,2774,3050,602,3
2026-08-09 09:19:54,2767,3050,603,3
2026-08-09 09:19:55,2770,3050,604,3
2026-08-09 09:19:56,2769,3050,599,3
2026-08-09 09:19:57,2765,3050,596,3
2026-08-09 09:19:58,2768,3050,598,3
2026-08-09 09:19:59,2768,3050,602,3
2026-08-09 09:20:00,2766,3050,600,3
2026-08-09 09:20:01,2764,3050,599,3
2026-08-09 09:20:02,2767,3050,592,3
2026-08-09 09:20:03,2766,3050,605,3
2026-08-09 09:20:04,2769,3050,599,3
2026-08-09 09:20:05,2770,3050,600,3
2026-08-09 09:20:06,2774,3050,603,3
2026-08-09 09:20:07,2772,3050,603,3
2026-08-09 09:20:08,2771,3050,603,3
2026-08-09 09:20:09,2780,3050,601,3
2026-08-09 09:20:10,2788,3050,598,3
2026-08-09 09:20:11,2784,3050,598,3
2026-08-09 09:20:12,2781,3050,602,3
2026-08-09 09:20:13,2779,3050,600,3
2026-08-09 09:20:14,2783,3050,604,3
2026-08-09 09:20:15,2775,3050,600,3
2026-08-09 09:20:16,2772,3050,599,3
2026-08-09 09:20:17,2778,3050,602,3
2026-08-09 09:20:18,2775,3050,600,3
2026-08-09 09:20:19,2774,3050,600,3
2026-08-09 09:20:20,2770,3050,595,3
2026-08-09 09:20:21,2774,3050,599,3
2026-08-09 09:20:22,2771,3050,594,3
2026-08-09 09:20:23,2771,3050,594,3
2026-08-09 09:20:24,2767,3050,603,3
2026-08-09 09:20:25,2769,3050,596,3
2026-08-09 09:20:26,2770,3050,605,3
2026-08-09 09:20:27,2771,3050,603,3
2026-08-09 09:20:28,2765,3050,602,3
2026-08-09 09:20:29,2770,3050,600,3
2026-08-09 09:20:30,2771,3050,598,3
2026-08-09 09:20:31,2769,3050,599,3
2026-08-09 09:20:32,2768,3050,597,3
2026-08-09 09:20:33,2770,3050,603,3
2026-08-09 09:20:34,2770,3050,602,3
2026-08-09 09:20:35,2767,3050,603,3
2026-08-09 09:20:36,2764,3050,601,3
2026-08-09 09:20:37,2773,3050,603,3
2026-08-09 09:20:38,2769,3050,604,3
2026-08-09 09:20:39,2768,3050,603,3
2026-08-09 09:20:40,2768,3050,598,3
2026-08-09 09:20:41,2767,3050,596,3
2026-08-09 09:20:42,2767,3050,605,3
2026-08-09 09:20:43,2770,3050,601,3
2026-08-09 09:20:44,2770,3050,601,3
2026-08-09 09:20:45,2769,3050,603,3
2026-08-09 09:20:46,2764,3050,600,3
2026-08-09 09:20:47,2765,3050,602,3
2026-08-09 09:20:48,2769,3050,597,3
2026-08-09 09:20:49,2764,3050,596,3
2026-08-09 09:20:50,2764,3050,600,3
2026-08-09 09:20:51,2767,3050,597,3
2026-08-09 09:20:52,2767,3050,603,3
2026-08-09 09:20:53,2767,3050,599,3
2026-08-09 09:20:54,2765,3050,599,3
2026-08-09 09:20:55,2764,3050,595,3
2026-08-09 09:20:56,2764,3050,600,3
2026-08-09 09:20:57,2764,3050,601,3
2026-08-09 09:20:58,2765,3050,601,3
2026-08-09 09:20:59,2764,3050,602,3
2026-08-09 09:21:00,2769,3050,604,3
2026-08-09 09:21:01,2768,3050,600,3
2026-08-09 09:21:02,2768,3050,602,3
2026-08-09 09:21:03,2765,3050,600,3
2026-08-09 09:21:04,2768,3050,602,3
2026-08-09 09:21:05,2767,3050,599,3
2026-08-09 09:21:06,2768,3050,606,3
2026-08-09 09:21:07,2766,3050,606,3
2026-08-09 09:21:08,2769,3050,599,3
2026-08-09 09:21:09,2769,3050,606,3
2026-08-09 09:21:10,2769,3050,601,3
2026-08-09 09:21:11,2768,3050,598,3
2026-08-09 09:21:12,2768,3050,598,3
2026-08-09 09:21:13,2770,3050,611,3
2026-08-09 09:21:14,2767,3050,597,3
2026-08-09 09:21:15,2763,3050,602,3
2026-08-09 09:21:16,2764,3050,600,3
2026-08-09 09:21:17,2768,3050,605,3
2026-08-09 09:21:18,2764,3050,601,3
2026-08-09 09:21:19,2769,3050,603,3
2026-08-09 09:21:20,2772,3050,603,3
2026-08-09 09:21:21,2772,3050,603,3
2026-08-09 09:21:22,2767,3050,602,3
2026-08-09 09:21:23,2767,3050,603,3
2026-08-09 09:21:24,2771,3050,600,3
2026-08-09 09:21:25,2767,3050,604,3
2026-08-09 09:21:26,2766,3050,602,3
2026-08-09 09:21:27,2765,3050,598,3
2026-08-09 09:21:28,2771,3050,598,3
2026-08-09 09:21:29,2769,3050,602,3
2026-08-09 09:21:31,2767,3050,603,3
2026-08-09 09:21:31,2770,3050,601,3
2026-08-09 09:21:32,2771,3050,600,3
2026-08-09 09:21:33,2767,3050,606,3
2026-08-09 09:21:34,2765,3050,600,3
2026-08-09 09:21:35,2773,3050,597,3
2026-08-09 09:21:36,2770,3050,599,3
2026-08-09 09:21:37,2775,3050,600,3
2026-08-09 09:21:38,2772,3050,607,3
2026-08-09 09:21:39,2770,3050,599,3
2026-08-09 09:21:40,2771,3050,604,3
2026-08-09 09:21:41,2769,3050,607,3
2026-08-09 09:21:42,2775,3050,608,3
2026-08-09 09:21:43,2769,3050,600,3
2026-08-09 09:21:44,2768,3050,605,3
2026-08-09 09:21:45,2769,3050,598,3
2026-08-09 09:21:46,2771,3050,611,3
2026-08-09 09:21:47,2768,3050,596,3
2026-08-09 09:21:48,2769,3050,599,3
2026-08-09 09:21:49,2772,3050,609,3
2026-08-09 09:21:50,2770,3050,599,3
2026-08-09 09:21:51,2770,3050,598,3
2026-08-09 09:21:52,2766,3050,598,3
2026-08-09 09:21:53,2770,3050,605,3
2026-08-09 09:21:54,2768,3050,602,3
2026-08-09 09:21:55,2774,3050,597,3
2026-08-09 09:21:56,2771,3050,591,3
2026-08-09 09:21:57,2768,3050,604,3
2026-08-09 09:21:58,2772,3050,605,3
2026-08-09 09:21:59,2772,3050,602,3
2026-08-09 09:22:00,2770,3050,606,3
2026-08-09 09:22:01,2767,3050,603,3
2026-08-09 09:22:02,2778,3050,599,3
2026-08-09 09:22:03,2775,3050,601,3
2026-08-09 09:22:04,2779,3050,601,3
2026-08-09 09:22:05,2768,3050,601,3
2026-08-09 09:22:06,2774,3050,605,3
2026-08-09 09:22:07,2771,3050,604,3
2026-08-09 09:22:08,2773,3050,600,3
2026-08-09 09:22:09,2773,3050,602,3
2026-08-09 09:22:10,2769,3050,603,3
2026-08-09 09:22:11,2772,3050,601,3
2026-08-09 09:22:12,2772,3050,600,3
2026-08-09 09:22:13,2765,3050,599,3
2026-08-09 09:22:14,2771,3050,600,3
2026-08-09 09:22:15,2771,3050,599,3
2026-08-09 09:22:16,2772,3050,600,3
2026-08-09 09:22:17,2768,3050,599,3
2026-08-09 09:22:18,2769,3050,597,3
2026-08-09 09:22:19,2769,3050,597,3
2026-08-09 09:22:21,2774,3050,601,3
2026-08-09 09:22:21,2770,3050,598,3
2026-08-09 09:22:22,2771,3050,604,3
2026-08-09 09:22:23,2767,3050,595,3
2026-08-09 09:22:24,2769,3050,599,3
2026-08-09 09:22:25,2771,3050,603,3
2026-08-09 09:22:26,2775,3050,604,3
2026-08-09 09:22:28,2770,3050,603,3
2026-08-09 09:22:29,2769,3050,598,3
2026-08-09 09:22:54,2762,3050,602,3
2026-08-09 09:22:55,2772,3050,599,3
2026-08-09 09:22:55,2769,3050,603,3
2026-08-09 09:22:56,2768,3050,602,3
2026-08-09 09:22:57,2764,3050,602,3
2026-08-09 09:22:59,2764,3050,596,3
2026-08-09 09:22:59,2771,3050,597,3
2026-08-09 09:23:00,2767,3050,595,3
2026-08-09 09:23:01,2768,3050,600,3
2026-08-09 09:23:02,2772,3050,603,3
2026-08-09 09:23:03,2769,3050,597,3
2026-08-09 09:23:04,2770,3050,597,3
2026-08-09 09:23:05,2766,3050,604,3
2026-08-09 09:23:06,2767,3050,605,3
2026-08-09 09:23:07,2763,3050,602,3
2026-08-09 09:23:08,2764,3050,605,3
2026-08-09 09:23:09,2771,3050,599,3
2026-08-09 09:23:10,2767,3050,602,3
2026-08-09 09:23:12,2768,3050,601,3
2026-08-09 09:23:12,2772,3050,601,3
2026-08-09 09:23:13,2769,3050,603,3
2026-08-09 09:23:14,2766,3050,600,3
2026-08-09 09:23:15,2765,3050,601,3
2026-08-09 09:23:16,2767,3050,601,3
2026-08-09 09:23:17,2765,3050,605,3
2026-08-09 09:23:18,2767,3050,604,3
2026-08-09 09:23:19,2765,3050,598,3
2026-08-09 09:23:20,2773,3050,603,3
2026-08-09 09:23:21,2766,3050,595,3
2026-08-09 09:23:22,2765,3050,596,3
2026-08-09 09:23:23,2764,3050,598,3
2026-08-09 09:23:24,2763,3050,601,3
2026-08-09 09:23:25,2767,3050,601,3
2026-08-09 09:23:26,2770,3050,600,3
2026-08-09 09:23:27,2764,3050,599,3
2026-08-09 09:23:28,2760,3050,592,3
2026-08-09 09:23:29,2766,3050,599,3
2026-08-09 09:23:30,2768,3050,603,3
2026-08-09 09:23:31,2764,3050,597,3
2026-08-09 09:23:32,2767,3050,606,3
2026-08-09 09:23:33,2763,3050,600,3
2026-08-09 09:23:34,2763,3050,597,3
2026-08-09 09:23:35,2769,3050,603,3
2026-08-09 09:23:36,2768,3050,599,3
2026-08-09 09:23:37,2767,3050,601,3
2026-08-09 09:23:38,2762,3050,601,3
2026-08-09 09:23:39,2766,3050,610,3
2026-08-09 09:23:40,2768,3050,601,3
2026-08-09 09:23:41,2764,3050,604,3
2026-08-09 09:23:42,2767,3050,599,3
2026-08-09 09:23:43,2764,3050,602,3
2026-08-09 09:23:44,2768,3050,605,3
2026-08-09 09:23:45,2769,3050,601,3
2026-08-09 09:23:46,2769,3050,604,3
2026-08-09 09:23:47,2765,3050,600,3
2026-08-09 09:23:48,2764,3050,602,3
2026-08-09 09:23:49,2765,3050,606,3
2026-08-09 09:23:50,2769,3050,604,3
2026-08-09 09:23:51,2768,3050,605,3
2026-08-09 09:23:52,2764,3050,601,3
2026-08-09 09:23:53,2769,3050,595,3
2026-08-09 09:23:54,2772,3050,597,3
2026-08-09 09:23:55,2781,3050,602,3
2026-08-09 09:23:56,2781,3050,596,3
2026-08-09 09:23:57,2776,3050,599,3
2026-08-09 09:23:58,2770,3050,604,3
2026-08-09 09:23:59,2772,3050,600,3
2026-08-09 09:24:00,2778,3050,601,3
2026-08-09 09:24:01,2773,3050,596,3
2026-08-09 09:24:02,2779,3050,601,3
2026-08-09 09:24:03,2773,3050,600,3
2026-08-09 09:24:04,2765,3050,602,3
2026-08-09 09:24:05,2770,3050,602,3
2026-08-09 09:24:06,2770,3050,599,3
2026-08-09 09:24:07,2766,3050,596,3
2026-08-09 09:24:08,2767,3050,599,3
2026-08-09 09:24:09,2768,3050,605,3
2026-08-09 09:24:10,2772,3050,600,3
2026-08-09 09:24:11,2764,3050,597,3
2026-08-09 09:24:12,2762,3050,597,3
2026-08-09 09:24:13,2767,3050,598,3
2026-08-09 09:24:14,2767,3050,598,3
2026-08-09 09:24:15,2766,3050,602,3
2026-08-09 09:24:16,2760,3050,600,3
2026-08-09 09:24:17,2767,3050,597,3
2026-08-09 09:24:18,2765,3050,603,3
2026-08-09 09:24:19,2762,3050,602,3
2026-08-09 09:24:20,2764,3050,601,3
2026-08-09 09:24:21,2764,3050,595,3
2026-08-09 09:24:22,2764,3050,598,3
2026-08-09 09:24:23,2764,3050,601,3
2026-08-09 09:24:24,2767,3050,601,3
2026-08-09 09:24:25,2763,3050,600,3
2026-08-09 09:24:26,2767,3050,598,3
2026-08-09 09:24:27,2766,3050,605,3
2026-08-09 09:24:28,2763,3050,596,3
2026-08-09 09:24:29,2765,3050,605,3
2026-08-09 09:24:30,2762,3050,596,3
2026-08-09 09:24:31,2763,3050,597,3
2026-08-09 09:24:32,2767,3050,601,3
2026-08-09 09:24:33,2766,3050,601,3
2026-08-09 09:24:34,2759,3050,602,3
2026-08-09 09:24:35,2768,3050,600,3
2026-08-09 09:24:36,2760,3050,604,3
2026-08-09 09:24:37,2763,3050,603,3
2026-08-09 09:24:38,2763,3050,596,3
2026-08-09 09:24:39,2765,3050,602,3
2026-08-09 09:24:40,2766,3050,599,3
2026-08-09 09:24:41,2769,3050,601,3
2026-08-09 09:24:42,2766,3050,600,3
2026-08-09 09:24:43,2768,3050,601,3
2026-08-09 09:24:44,2768,3050,603,3
2026-08-09 09:24:45,2762,3050,596,3
2026-08-09 09:24:46,2765,3050,597,3
2026-08-09 09:24:47,2765,3050,603,3
2026-08-09 09:24:49,2763,3050,599,3
2026-08-09 09:24:49,2764,3050,599,3
2026-08-09 09:24:50,2762,3050,604,3
2026-08-09 09:24:53,2763,3050,602,3
2026-08-09 09:24:53,2768,3050,598,3
2026-08-09 09:24:53,2762,3050,601,3
2026-08-09 09:24:54,2766,3050,600,3
2026-08-09 09:24:55,2768,3050,599,3
2026-08-09 09:24:56,2768,3050,603,3
2026-08-09 09:24:57,2765,3050,598,3
2026-08-09 09:24:58,2762,3050,606,3
2026-08-09 09:24:59,2768,3050,606,3
2026-08-09 09:25:00,2768,3050,604,3
2026-08-09 09:25:01,2770,3050,602,3
2026-08-09 09:25:02,2764,3050,599,3
2026-08-09 09:25:03,2767,3050,601,3
2026-08-09 09:25:04,2765,3050,602,3
2026-08-09 09:25:05,2769,3050,604,3
2026-08-09 09:25:06,2767,3050,601,3
2026-08-09 09:25:07,2769,3050,601,3
2026-08-09 09:25:08,2771,3050,604,3
2026-08-09 09:25:09,2770,3050,602,3
2026-08-09 09:25:10,2768,3050,603,3
2026-08-09 09:25:11,2766,3050,604,3
2026-08-09 09:25:12,2770,3050,603,3
2026-08-09 09:25:13,2767,3050,601,3
2026-08-09 09:25:14,2765,3050,607,3
2026-08-09 09:25:15,2768,3050,600,3
2026-08-09 09:25:16,2770,3050,599,3
2026-08-09 09:25:17,2768,3050,596,3
2026-08-09 09:25:18,2765,3050,601,3
2026-08-09 09:25:19,2772,3050,599,3
2026-08-09 09:25:20,2772,3050,602,3
2026-08-09 09:25:21,2770,3050,599,3
2026-08-09 09:25:22,2766,3050,601,3
2026-08-09 09:25:23,2763,3050,604,3
2026-08-09 09:25:24,2769,3050,598,3
2026-08-09 09:25:25,2768,3050,603,3
2026-08-09 09:25:26,2767,3050,602,3
2026-08-09 09:25:27,2767,3050,601,3
2026-08-09 09:25:28,2765,3050,600,3
2026-08-09 09:25:29,2770,3050,599,3
2026-08-09 09:25:30,2766,3050,599,3
2026-08-09 09:25:31,2765,3050,599,3
2026-08-09 09:25:32,2762,3050,599,3
2026-08-09 09:25:33,2767,3050,603,3
2026-08-09 09:25:34,2766,3050,602,3
2026-08-09 09:25:35,2768,3050,601,3
2026-08-09 09:25:36,2768,3050,604,3
2026-08-09 09:25:37,2768,3050,599,3
2026-08-09 09:25:38,2768,3050,600,3
2026-08-09 09:25:39,2768,3050,602,3
2026-08-09 09:25:40,2767,3050,601,3
2026-08-09 09:25:41,2766,3050,600,3
2026-08-09 09:25:42,2769,3050,606,3
2026-08-09 09:25:43,2771,3050,601,3
2026-08-09 09:25:44,2771,3050,599,3
2026-08-09 09:25:45,2772,3050,603,3
2026-08-09 09:25:46,2767,3050,599,3
2026-08-09 09:25:48,2768,3050,603,3
2026-08-09 09:25:48,2766,3050,598,3
2026-08-09 09:25:49,2770,3050,610,3
2026-08-09 09:25:50,2769,3050,600,3
2026-08-09 09:25:51,2769,3050,599,3
2026-08-09 09:25:52,2768,3050,599,3
2026-08-09 09:25:53,2770,3050,599,3
2026-08-09 09:25:55,2770,3050,603,3
2026-08-09 09:25:55,2773,3050,598,3
2026-08-09 09:25:56,2771,3050,602,3
2026-08-09 09:25:57,2773,3050,603,3
2026-08-09 09:25:58,2771,3050,594,3
2026-08-09 09:25:59,2770,3050,599,3
2026-08-09 09:26:00,2771,3050,599,3
2026-08-09 09:26:01,2769,3050,596,3
2026-08-09 09:26:02,2772,3050,598,3
2026-08-09 09:26:03,2773,3050,598,3
2026-08-09 09:26:04,2770,3050,602,3
2026-08-09 09:26:05,2772,3050,599,3
2026-08-09 09:26:06,2768,3050,597,3
2026-08-09 09:26:07,2770,3050,600,3
2026-08-09 09:26:08,2771,3050,603,3
2026-08-09 09:26:09,2771,3050,597,3
2026-08-09 09:26:10,2775,3050,598,3
2026-08-09 09:26:11,2772,3050,599,3
2026-08-09 09:26:12,2771,3050,602,3
2026-08-09 09:26:13,2765,3050,605,3
2026-08-09 09:26:14,2768,3050,601,3
2026-08-09 09:26:15,2769,3050,600,3
2026-08-09 09:26:16,2769,3050,604,3
2026-08-09 09:26:17,2771,3050,599,3
2026-08-09 09:26:18,2770,3050,599,3
2026-08-09 09:26:19,2770,3050,599,3
2026-08-09 09:26:20,2768,3050,600,3
2026-08-09 09:26:21,2765,3050,597,3
2026-08-09 09:26:22,2771,3050,598,3
2026-08-09 09:26:23,2771,3050,597,3
2026-08-09 09:26:24,2785,3050,599,3
2026-08-09 09:26:25,2781,3050,602,3
2026-08-09 09:26:26,2778,3050,597,3
2026-08-09 09:26:27,2783,3050,596,3
2026-08-09 09:26:28,2784,3050,601,3
2026-08-09 09:26:29,2781,3050,598,3
2026-08-09 09:26:30,2775,3050,597,3
2026-08-09 09:26:31,2775,3050,603,3
2026-08-09 09:26:32,2768,3050,600,3
2026-08-09 09:26:33,2775,3050,598,3
2026-08-09 09:26:34,2768,3050,590,3
2026-08-09 09:26:35,2769,3050,599,3
2026-08-09 09:26:36,2769,3050,597,3
2026-08-09 09:26:38,2770,3050,595,3
2026-08-09 09:26:38,2764,3050,601,3
2026-08-09 09:26:39,2773,3050,598,3
2026-08-09 09:26:40,2767,3050,598,3
2026-08-09 09:26:41,2771,3050,603,3
2026-08-09 09:26:42,2764,3050,597,3
2026-08-09 09:26:43,2767,3050,605,3
2026-08-09 09:26:44,2764,3050,600,3
2026-08-09 09:26:45,2767,3050,593,3
2026-08-09 09:26:46,2764,3050,601,3
2026-08-09 09:26:47,2766,3050,595,3
2026-08-09 09:26:48,2769,3050,600,3
2026-08-09 09:26:49,2771,3050,602,3
2026-08-09 09:26:50,2766,3050,599,3
2026-08-09 09:26:51,2765,3050,604,3
2026-08-09 09:26:52,2770,3050,599,3
2026-08-09 09:26:53,2773,3050,604,3
2026-08-09 09:26:54,2766,3050,599,3
2026-08-09 09:26:55,2767,3050,594,3
2026-08-09 09:26:56,2768,3050,594,3
2026-08-09 09:26:58,2764,3050,596,3
2026-08-09 09:26:58,2771,3050,600,3
2026-08-09 09:26:59,2767,3050,601,3
2026-08-09 09:27:00,2768,3050,605,3
2026-08-09 09:27:02,2768,3050,599,3
2026-08-09 09:27:02,2770,3050,604,3
2026-08-09 09:27:03,2764,3050,594,3
2026-08-09 09:27:04,2771,3050,603,3
2026-08-09 09:27:05,2773,3050,608,3
2026-08-09 09:27:06,2766,3050,595,3
2026-08-09 09:27:07,2772,3050,600,3
2026-08-09 09:27:08,2769,3050,603,3
2026-08-09 09:27:09,2772,3050,601,3
2026-08-09 09:27:10,2776,3050,606,3
2026-08-09 09:27:11,2773,3050,598,3
2026-08-09 09:27:12,2771,3050,606,3
2026-08-09 09:27:13,2773,3050,598,3
2026-08-09 09:27:14,2773,3050,607,3
2026-08-09 09:27:15,2770,3050,601,3
2026-08-09 09:27:16,2772,3050,603,3
2026-08-09 09:27:17,2771,3050,596,3
2026-08-09 09:27:18,2778,3050,602,3
2026-08-09 09:27:19,2773,3050,599,3
2026-08-09 09:27:20,2770,3050,597,3
2026-08-09 09:27:21,2773,3050,597,3
2026-08-09 09:27:22,2769,3050,605,3
2026-08-09 09:27:23,2770,3050,597,3
2026-08-09 09:27:24,2770,3050,598,3
2026-08-09 09:27:25,2770,3050,598,3
2026-08-09 09:27:26,2770,3050,600,3
2026-08-09 09:27:27,2771,3050,600,3
2026-08-09 09:27:28,2767,3050,600,3
2026-08-09 09:27:29,2771,3050,605,3
2026-08-09 09:27:30,2769,3050,597,3
2026-08-09 09:27:31,2771,3050,599,3
2026-08-09 09:27:32,2771,3050,599,3
2026-08-09 09:27:33,2772,3050,599,3
2026-08-09 09:27:34,2767,3050,603,3
2026-08-09 09:27:35,2770,3050,599,3
2026-08-09 09:27:36,2770,3050,596,3
2026-08-09 09:27:37,2774,3050,607,3
2026-08-09 09:27:38,2775,3050,608,3
2026-08-09 09:27:39,2776,3050,603,3
2026-08-09 09:27:40,2772,3050,604,3
2026-08-09 09:27:41,2771,3050,597,3
2026-08-09 09:27:42,2770,3050,603,3
2026-08-09 09:27:43,2770,3050,605,3
2026-08-09 09:27:44,2769,3050,604,3
2026-08-09 09:27:45,2771,3050,600,3
2026-08-09 09:27:46,2770,3050,600,3
2026-08-09 09:27:47,2774,3050,601,3
2026-08-09 09:27:48,2775,3050,591,3
2026-08-09 09:27:49,2774,3050,597,3
2026-08-09 09:27:50,2769,3050,601,3
2026-08-09 09:27:51,2773,3050,602,3
2026-08-09 09:27:52,2771,3050,599,3
2026-08-09 09:27:53,2774,3050,597,3
2026-08-09 09:27:54,2775,3050,599,3
2026-08-09 09:27:55,2782,3050,606,3
2026-08-09 09:27:56,2789,3050,595,3
2026-08-09 09:27:57,2781,3050,600,3
2026-08-09 09:27:58,2786,3050,598,3
2026-08-09 09:27:59,2789,3050,601,3
2026-08-09 09:28:00,2786,3050,596,3
2026-08-09 09:28:01,2789,3050,602,3
2026-08-09 09:28:02,2784,3050,596,3
2026-08-09 09:28:03,2786,3050,602,3
2026-08-09 09:28:04,2792,3050,602,3
2026-08-09 09:28:05,2785,3050,600,3
2026-08-09 09:28:06,2784,3050,601,3
2026-08-09 09:28:07,2784,3050,596,3
2026-08-09 09:28:08,2782,3050,603,3
2026-08-09 09:28:09,2778,3050,602,3
2026-08-09 09:28:10,2777,3050,599,3
2026-08-09 09:28:11,2780,3050,603,3
2026-08-09 09:28:12,2773,3050,600,3
2026-08-09 09:28:13,2780,3050,596,3
2026-08-09 09:28:14,2776,3050,603,3
2026-08-09 09:28:15,2774,3050,601,3
2026-08-09 09:28:16,2775,3050,597,3
2026-08-09 09:28:17,2774,3050,604,3
2026-08-09 09:28:18,2777,3050,602,3
2026-08-09 09:28:19,2771,3050,601,3
2026-08-09 09:28:20,2773,3050,597,3
2026-08-09 09:28:21,2774,3050,604,3
2026-08-09 09:28:22,2775,3050,605,3
2026-08-09 09:28:23,2772,3050,603,3
2026-08-09 09:28:24,2779,3050,605,3
2026-08-09 09:28:25,2776,3050,599,3
2026-08-09 09:28:26,2769,3050,599,3
2026-08-09 09:28:27,2773,3050,601,3
2026-08-09 09:28:28,2772,3050,597,3
2026-08-09 09:28:29,2772,3050,598,3
2026-08-09 09:28:30,2771,3050,601,3
2026-08-09 09:28:31,2771,3050,594,3
2026-08-09 09:28:32,2770,3050,594,3
2026-08-09 09:28:33,2776,3050,596,3
2026-08-09 09:28:34,2771,3050,599,3
2026-08-09 09:28:35,2770,3050,593,3
2026-08-09 09:28:36,2778,3050,599,3
2026-08-09 09:28:37,2776,3050,597,3
2026-08-09 09:28:38,2772,3050,600,3
2026-08-09 09:28:39,2765,3050,600,3
2026-08-09 09:28:40,2772,3050,599,3
2026-08-09 09:28:41,2769,3050,598,3
2026-08-09 09:28:42,2774,3050,600,3
2026-08-09 09:28:43,2768,3050,602,3
2026-08-09 09:28:44,2773,3050,598,3
2026-08-09 09:28:45,2777,3050,599,3
2026-08-09 09:28:46,2774,3050,597,3
2026-08-09 09:28:47,2770,3050,600,3
2026-08-09 09:28:48,2774,3050,598,3
2026-08-09 09:28:49,2771,3050,600,3
2026-08-09 09:28:50,2773,3050,601,3
2026-08-09 09:28:51,2770,3050,599,3
2026-08-09 09:28:52,2774,3050,622,3
2026-08-09 09:28:53,2768,3050,600,3
2026-08-09 09:28:54,2776,3050,600,3
2026-08-09 09:28:55,2770,3050,598,3
2026-08-09 09:28:56,2774,3050,597,3
2026-08-09 09:28:58,2775,3050,598,3
2026-08-09 09:28:58,2767,3050,599,3
2026-08-09 09:28:59,2771,3050,602,3
2026-08-09 09:29:00,2773,3050,598,3
2026-08-09 09:29:01,2768,3050,596,3
2026-08-09 09:29:02,2774,3050,601,3
2026-08-09 09:29:03,2772,3050,598,3
2026-08-09 09:29:04,2767,3050,598,3
2026-08-09 09:29:05,2769,3050,600,3
2026-08-09 09:29:06,2772,3050,600,3
2026-08-09 09:29:07,2770,3050,598,3
2026-08-09 09:29:08,2771,3050,601,3
2026-08-09 09:29:09,2770,3050,596,3
2026-08-09 09:29:10,2767,3050,600,3
2026-08-09 09:29:11,2773,3050,599,3
2026-08-09 09:29:12,2773,3050,604,3
2026-08-09 09:29:13,2773,3050,599,3
2026-08-09 09:29:14,2773,3050,601,3
2026-08-09 09:29:15,2775,3050,600,3
2026-08-09 09:29:16,2772,3050,602,3
2026-08-09 09:29:17,2775,3050,600,3
2026-08-09 09:29:18,2771,3050,601,3
2026-08-09 09:29:19,2769,3050,601,3
2026-08-09 09:29:20,2774,3050,605,3
2026-08-09 09:29:21,2772,3050,602,3
2026-08-09 09:29:22,2772,3050,605,3
2026-08-09 09:29:23,2777,3050,600,3
2026-08-09 09:29:24,2777,3050,602,3
2026-08-09 09:29:25,2779,3050,603,3
2026-08-09 09:29:26,2775,3050,601,3
2026-08-09 09:29:27,2774,3050,601,3
2026-08-09 09:29:28,2774,3050,597,3
2026-08-09 09:29:29,2777,3050,601,3
2026-08-09 09:29:30,2775,3050,601,3
2026-08-09 09:29:31,2776,3050,603,3
2026-08-09 09:29:32,2776,3050,609,3
2026-08-09 09:29:33,2774,3050,600,3
2026-08-09 09:29:34,2777,3050,598,3
2026-08-09 09:29:35,2777,3050,599,3
2026-08-09 09:29:36,2775,3050,601,3
2026-08-09 09:29:37,2776,3050,600,3
2026-08-09 09:29:38,2777,3050,597,3
2026-08-09 09:29:39,2776,3050,599,3
2026-08-09 09:29:40,2777,3050,600,3
2026-08-09 09:29:41,2780,3050,597,3
2026-08-09 09:29:42,2778,3050,603,3
2026-08-09 09:29:43,2778,3050,596,3
2026-08-09 09:29:46,2775,3050,602,3
2026-08-09 09:29:46,2780,3050,602,3
2026-08-09 09:29:46,2776,3050,599,3
2026-08-09 09:29:47,2780,3050,598,3
2026-08-09 09:29:48,2780,3050,602,3
2026-08-09 09:29:49,2775,3050,596,3
2026-08-09 09:29:50,2780,3050,597,3
2026-08-09 09:29:51,2781,3050,602,3
2026-08-09 09:29:52,2777,3050,597,3
2026-08-09 09:29:53,2778,3050,604,3
2026-08-09 09:29:54,2779,3050,591,3
2026-08-09 09:29:55,2778,3050,604,3
2026-08-09 09:29:56,2779,3050,606,3
2026-08-09 09:29:57,2781,3050,599,3
2026-08-09 09:29:58,2778,3050,600,3
2026-08-09 09:29:59,2780,3050,601,3
2026-08-09 09:30:00,2780,3050,613,3
2026-08-09 09:30:01,2778,3050,598,3
2026-08-09 09:30:02,2779,3050,596,3
2026-08-09 09:30:03,2776,3050,603,3
2026-08-09 09:30:04,2774,3050,601,3
2026-08-09 09:30:05,2775,3050,596,3
2026-08-09 09:30:07,2780,3050,606,3
2026-08-09 09:30:07,2777,3050,598,3
2026-08-09 09:30:08,2777,3050,598,3
2026-08-09 09:30:09,2777,3050,599,3
2026-08-09 09:30:10,2775,3050,602,3
2026-08-09 09:30:11,2780,3050,604,3
2026-08-09 09:30:12,2773,3050,599,3
2026-08-09 09:30:13,2773,3050,600,3
2026-08-09 09:30:14,2778,3050,602,3
2026-08-09 09:30:15,2779,3050,601,3
2026-08-09 09:30:16,2775,3050,596,3
2026-08-09 09:30:17,2776,3050,601,3
2026-08-09 09:30:18,2778,3050,601,3
2026-08-09 09:30:19,2779,3050,600,3
2026-08-09 09:30:20,2780,3050,596,3
2026-08-09 09:30:21,2779,3050,604,3
2026-08-09 09:30:22,2774,3050,601,3
2026-08-09 09:30:23,2777,3050,599,3
2026-08-09 09:30:24,2785,3050,596,3
2026-08-09 09:30:25,2781,3050,607,3
2026-08-09 09:30:26,2778,3050,598,3
2026-08-09 09:30:27,2784,3050,601,3
2026-08-09 09:30:28,2778,3050,601,3
2026-08-09 09:30:29,2780,3050,598,3
2026-08-09 09:30:30,2776,3050,595,3
2026-08-09 09:30:31,2780,3050,601,3
2026-08-09 09:30:32,2777,3050,605,3
2026-08-09 09:30:33,2781,3050,601,3
2026-08-09 09:30:34,2781,3050,603,3
2026-08-09 09:30:35,2784,3050,597,3
2026-08-09 09:30:36,2781,3050,596,3
2026-08-09 09:30:37,2781,3050,600,3
2026-08-09 09:30:38,2782,3050,601,3
2026-08-09 09:30:39,2780,3050,606,3
2026-08-09 09:30:40,2776,3050,602,3
2026-08-09 09:30:41,2788,3050,604,3
2026-08-09 09:30:42,2786,3050,606,3
2026-08-09 09:30:43,2780,3050,603,3
2026-08-09 09:30:44,2783,3050,594,3
2026-08-09 09:30:45,2787,3050,598,3
2026-08-09 09:30:46,2786,3050,600,3
2026-08-09 09:30:47,2783,3050,596,3
2026-08-09 09:30:48,2779,3050,599,3
2026-08-09 09:30:49,2783,3050,602,3
2026-08-09 09:30:50,2783,3050,598,3
2026-08-09 09:30:51,2788,3050,600,3
2026-08-09 09:30:52,2778,3050,603,3
2026-08-09 09:30:53,2781,3050,603,3
2026-08-09 09:30:54,2782,3050,602,3
2026-08-09 09:30:55,2779,3050,602,3
2026-08-09 09:30:56,2785,3050,600,3
2026-08-09 09:30:57,2783,3050,598,3
2026-08-09 09:30:58,2780,3050,601,3
2026-08-09 09:30:59,2782,3050,596,3
2026-08-09 09:31:00,2784,3050,601,3
2026-08-09 09:31:01,2788,3050,597,3
2026-08-09 09:31:02,2779,3050,600,3
2026-08-09 09:31:03,2786,3050,602,3
2026-08-09 09:31:04,2784,3050,600,3
2026-08-09 09:31:05,2785,3050,600,3
2026-08-09 09:31:06,2787,3050,599,3
2026-08-09 09:31:07,2790,3050,606,3
2026-08-09 09:31:08,2786,3050,601,3
2026-08-09 09:31:09,2789,3050,598,3
2026-08-09 09:31:10,2786,3050,596,3
2026-08-09 09:31:11,2788,3050,600,3
2026-08-09 09:31:12,2788,3050,600,3
2026-08-09 09:31:13,2786,3050,596,3
2026-08-09 09:31:14,2782,3050,599,3
2026-08-09 09:31:15,2789,3050,594,3
2026-08-09 09:31:16,2790,3050,599,3
2026-08-09 09:31:17,2784,3050,600,3
2026-08-09 09:31:18,2790,3050,598,3
2026-08-09 09:31:19,2781,3050,603,3
2026-08-09 09:31:20,2789,3050,605,3
2026-08-09 09:31:21,2780,3050,601,3
2026-08-09 09:31:22,2779,3050,600,3
2026-08-09 09:31:23,2787,3050,599,3
2026-08-09 09:31:24,2781,3050,597,3
2026-08-09 09:31:25,2789,3050,604,3
2026-08-09 09:31:26,2781,3050,598,3
2026-08-09 09:31:27,2787,3050,602,3
2026-08-09 09:31:28,2785,3050,602,3
2026-08-09 09:31:29,2787,3050,599,3
2026-08-09 09:31:30,2785,3050,600,3
2026-08-09 09:31:31,2784,3050,600,3
2026-08-09 09:31:32,2783,3050,602,3
2026-08-09 09:31:34,2784,3050,601,3
2026-08-09 09:31:34,2789,3050,596,3
2026-08-09 09:31:35,2787,3050,599,3
2026-08-09 09:31:36,2787,3050,595,3
2026-08-09 09:31:37,2782,3050,599,3
2026-08-09 09:31:38,2784,3050,602,3
2026-08-09 09:31:39,2785,3050,605,3
2026-08-09 09:31:40,2781,3050,595,3
2026-08-09 09:31:41,2792,3050,599,3
2026-08-09 09:31:42,2781,3050,602,3
2026-08-09 09:31:43,2784,3050,597,3
2026-08-09 09:31:44,2786,3050,595,3
2026-08-09 09:31:45,2782,3050,593,3
2026-08-09 09:31:46,2790,3050,600,3
2026-08-09 09:31:47,2787,3050,598,3
2026-08-09 09:31:48,2786,3050,597,3
2026-08-09 09:31:49,2783,3050,596,3
2026-08-09 09:31:50,2787,3050,600,3
2026-08-09 09:31:51,2783,3050,602,3
2026-08-09 09:31:53,2782,3050,598,3
2026-08-09 09:31:53,2783,3050,600,3
2026-08-09 09:31:54,2786,3050,596,3
2026-08-09 09:31:55,2786,3050,597,3
2026-08-09 09:31:56,2784,3050,600,3
2026-08-09 09:31:57,2783,3050,597,3
2026-08-09 09:31:58,2786,3050,599,3
2026-08-09 09:31:59,2780,3050,598,3
2026-08-09 09:32:00,2786,3050,603,3
2026-08-09 09:32:01,2787,3050,591,3
2026-08-09 09:32:02,2784,3050,599,3
2026-08-09 09:32:03,2782,3050,597,3
2026-08-09 09:32:04,2788,3050,599,3
2026-08-09 09:32:05,2787,3050,603,3
2026-08-09 09:32:06,2782,3050,598,3
2026-08-09 09:32:07,2783,3050,602,3
2026-08-09 09:32:08,2786,3050,601,3
2026-08-09 09:32:09,2783,3050,603,3
2026-08-09 09:32:10,2784,3050,600,3
2026-08-09 09:32:11,2783,3050,600,3
2026-08-09 09:32:12,2784,3050,600,3
2026-08-09 09:32:13,2783,3050,597,3
2026-08-09 09:32:14,2783,3050,597,3
2026-08-09 09:32:15,2783,3050,601,3
2026-08-09 09:32:16,2781,3050,602,3
2026-08-09 09:32:17,2783,3050,599,3
2026-08-09 09:32:18,2785,3050,595,3
2026-08-09 09:32:19,2783,3050,596,3
2026-08-09 09:32:20,2786,3050,598,3
2026-08-09 09:32:21,2785,3050,601,3
2026-08-09 09:32:22,2787,3050,602,3
2026-08-09 09:32:23,2781,3050,597,3
2026-08-09 09:32:24,2783,3050,600,3
2026-08-09 09:32:25,2783,3050,598,3
2026-08-09 09:32:26,2788,3050,600,3
2026-08-09 09:32:27,2782,3050,596,3
2026-08-09 09:32:28,2783,3050,600,3
2026-08-09 09:32:29,2784,3050,601,3
2026-08-09 09:32:30,2781,3050,601,3
2026-08-09 09:32:31,2785,3050,598,3
2026-08-09 09:32:32,2780,3050,597,3
2026-08-09 09:32:33,2782,3050,601,3
2026-08-09 09:32:34,2785,3050,600,3
2026-08-09 09:32:35,2782,3050,598,3
2026-08-09 09:32:36,2782,3050,595,3
2026-08-09 09:32:37,2783,3050,600,3
2026-08-09 09:32:38,2785,3050,599,3
2026-08-09 09:32:39,2780,3050,596,3
2026-08-09 09:32:40,2786,3050,603,3
2026-08-09 09:32:41,2784,3050,605,3
2026-08-09 09:32:42,2783,3050,602,3
2026-08-09 09:32:43,2782,3050,604,3
2026-08-09 09:32:44,2782,3050,595,3
2026-08-09 09:32:45,2783,3050,604,3
2026-08-09 09:32:46,2783,3050,593,3
2026-08-09 09:32:47,2786,3050,605,3
2026-08-09 09:32:48,2780,3050,597,3
2026-08-09 09:32:49,2784,3050,600,3
2026-08-09 09:32:50,2780,3050,603,3
2026-08-09 09:32:51,2782,3050,596,3
2026-08-09 09:32:52,2782,3050,600,3
2026-08-09 09:32:53,2781,3050,597,3
2026-08-09 09:32:54,2782,3050,593,3
2026-08-09 09:32:55,2785,3050,601,3
2026-08-09 09:32:56,2780,3050,604,3
2026-08-09 09:32:57,2784,3050,602,3
2026-08-09 09:32:58,2781,3050,596,3
2026-08-09 09:32:59,2783,3050,607,3
2026-08-09 09:33:00,2782,3050,600,3
2026-08-09 09:33:01,2778,3050,597,3
2026-08-09 09:33:02,2778,3050,598,3
2026-08-09 09:33:03,2782,3050,598,3
2026-08-09 09:33:04,2787,3050,594,3
2026-08-09 09:33:05,2781,3050,598,3
2026-08-09 09:33:06,2780,3050,596,3
2026-08-09 09:33:07,2777,3050,594,3
2026-08-09 09:33:08,2782,3050,598,3
2026-08-09 09:33:09,2782,3050,595,3
2026-08-09 09:33:11,2780,3050,598,3
2026-08-09 09:33:11,2779,3050,603,3
2026-08-09 09:33:12,2774,3050,602,3
2026-08-09 09:33:13,2776,3050,604,3
2026-08-09 09:33:14,2782,3050,599,3
2026-08-09 09:33:15,2780,3050,600,3
2026-08-09 09:33:16,2778,3050,600,3
2026-08-09 09:33:17,2783,3050,594,3
2026-08-09 09:33:18,2779,3050,595,3
2026-08-09 09:33:19,2775,3050,600,3
2026-08-09 09:33:20,2779,3050,603,3
2026-08-09 09:33:21,2777,3050,599,3
2026-08-09 09:33:22,2779,3050,594,3
2026-08-09 09:33:23,2780,3050,602,3
2026-08-09 09:33:24,2779,3050,594,3
2026-08-09 09:33:25,2780,3050,603,3
2026-08-09 09:33:26,2777,3050,599,3
2026-08-09 09:33:27,2780,3050,597,3
2026-08-09 09:33:28,2780,3050,602,3
2026-08-09 09:33:29,2781,3050,599,3
2026-08-09 09:33:30,2782,3050,605,3
2026-08-09 09:33:31,2783,3050,595,3
2026-08-09 09:33:32,2780,3050,598,3
2026-08-09 09:33:33,2778,3050,603,3
2026-08-09 09:33:34,2780,3050,599,3
2026-08-09 09:33:35,2776,3050,598,3
2026-08-09 09:33:36,2782,3050,599,3
2026-08-09 09:33:37,2784,3050,598,3
2026-08-09 09:33:38,2782,3050,601,3
2026-08-09 09:33:39,2778,3050,602,3
2026-08-09 09:33:40,2781,3050,602,3
2026-08-09 09:33:41,2782,3050,601,3
2026-08-09 09:33:42,2774,3050,596,3
2026-08-09 09:33:43,2784,3050,599,3
2026-08-09 09:33:44,2776,3050,600,3
2026-08-09 09:33:46,2785,3050,598,3
2026-08-09 09:33:46,2778,3050,599,3
2026-08-09 09:33:47,2782,3050,597,3
2026-08-09 09:33:49,2779,3050,601,3
2026-08-09 09:33:49,2782,3050,600,3
2026-08-09 09:33:50,2784,3050,600,3
2026-08-09 09:33:51,2784,3050,598,3
2026-08-09 09:33:52,2783,3050,592,3
2026-08-09 09:33:53,2782,3050,598,3
2026-08-09 09:33:54,2782,3050,597,3
2026-08-09 09:33:55,2781,3050,596,3
2026-08-09 09:33:56,2783,3050,599,3
2026-08-09 09:33:57,2776,3050,599,3
2026-08-09 09:33:58,2779,3050,599,3
2026-08-09 09:33:59,2776,3050,598,3
2026-08-09 09:34:00,2780,3050,597,3
2026-08-09 09:34:01,2782,3050,598,3
2026-08-09 09:34:02,2783,3050,595,3
2026-08-09 09:34:03,2781,3050,601,3
2026-08-09 09:34:04,2779,3050,602,3
2026-08-09 09:34:05,2781,3050,600,3
2026-08-09 09:34:06,2778,3050,602,3
2026-08-09 09:34:07,2782,3050,599,3
2026-08-09 09:34:08,2784,3050,598,3
2026-08-09 09:34:09,2781,3050,601,3
2026-08-09 09:34:10,2784,3050,601,3
2026-08-09 09:34:11,2782,3050,597,3
2026-08-09 09:34:12,2783,3050,598,3
2026-08-09 09:34:13,2782,3050,599,3
2026-08-09 09:34:14,2785,3050,598,3
2026-08-09 09:34:15,2783,3050,600,3
2026-08-09 09:34:16,2780,3050,597,3
2026-08-09 09:34:17,2784,3050,604,3
2026-08-09 09:34:18,2783,3050,602,3
2026-08-09 09:34:19,2781,3050,599,3
2026-08-09 09:34:20,2784,3050,600,3
2026-08-09 09:34:21,2781,3050,602,3
2026-08-09 09:34:22,2787,3050,604,3
2026-08-09 09:34:23,2783,3050,599,3
2026-08-09 09:34:25,2785,3050,596,3
2026-08-09 09:34:25,2780,3050,601,3
2026-08-09 09:34:26,2784,3050,596,3
2026-08-09 09:34:27,2786,3050,598,3
2026-08-09 09:34:28,2784,3050,597,3
2026-08-09 09:34:29,2786,3050,594,3
2026-08-09 09:34:30,2784,3050,603,3
2026-08-09 09:34:31,2787,3050,596,3
2026-08-09 09:34:32,2784,3050,594,3
2026-08-09 09:34:33,2781,3050,596,3
2026-08-09 09:34:35,2783,3050,596,3
2026-08-09 09:34:35,2784,3050,596,3
2026-08-09 09:34:36,2779,3050,596,3
2026-08-09 09:34:37,2784,3050,599,3
2026-08-09 09:34:38,2779,3050,603,3
2026-08-09 09:34:39,2782,3050,595,3
2026-08-09 09:34:40,2784,3050,593,3
2026-08-09 09:34:41,2778,3050,598,3
2026-08-09 09:34:42,2780,3050,593,3
2026-08-09 09:34:43,2779,3050,597,3
2026-08-09 09:34:44,2782,3050,594,3
2026-08-09 09:34:45,2780,3050,600,3
2026-08-09 09:34:46,2783,3050,593,3
2026-08-09 09:34:47,2782,3050,598,3
2026-08-09 09:34:48,2786,3050,597,3
2026-08-09 09:34:49,2785,3050,594,3
2026-08-09 09:34:50,2784,3050,591,3
2026-08-09 09:34:51,2785,3050,595,3
2026-08-09 09:34:52,2786,3050,595,3
2026-08-09 09:34:53,2783,3050,593,3
2026-08-09 09:34:54,2781,3050,598,3
2026-08-09 09:34:55,2784,3050,598,3
2026-08-09 09:34:56,2783,3050,597,3
2026-08-09 09:34:57,2785,3050,596,3
2026-08-09 09:34:58,2784,3050,592,3
2026-08-09 09:34:59,2787,3050,594,3
2026-08-09 09:35:00,2784,3050,596,3
2026-08-09 09:35:01,2785,3050,595,3
2026-08-09 09:35:02,2780,3050,602,3
2026-08-09 09:35:03,2781,3050,595,3
2026-08-09 09:35:04,2784,3050,592,3
2026-08-09 09:35:05,2784,3050,591,3
2026-08-09 09:35:06,2784,3050,597,3
2026-08-09 09:35:07,2780,3050,595,3
2026-08-09 09:35:08,2780,3050,594,3
2026-08-09 09:35:09,2784,3050,591,3
2026-08-09 09:35:10,2781,3050,594,3
2026-08-09 09:35:11,2780,3050,598,3
2026-08-09 09:35:12,2782,3050,595,3
2026-08-09 09:35:13,2781,3050,591,3
2026-08-09 09:35:14,2782,3050,593,3
2026-08-09 09:35:15,2782,3050,596,3
2026-08-09 09:35:16,2781,3050,592,3
2026-08-09 09:35:17,2783,3050,593,3
2026-08-09 09:35:18,2782,3050,598,3
2026-08-09 09:35:19,2783,3050,597,3
2026-08-09 09:35:20,2777,3050,597,3
2026-08-09 09:35:21,2778,3050,594,3
2026-08-09 09:35:22,2782,3050,592,3
2026-08-09 09:35:23,2783,3050,596,3
2026-08-09 09:35:24,2780,3050,593,3
2026-08-09 09:35:25,2779,3050,597,3
2026-08-09 09:35:26,2779,3050,596,3
2026-08-09 09:35:27,2780,3050,593,3
2026-08-09 09:35:28,2779,3050,595,3
2026-08-09 09:35:29,2772,3050,600,3
2026-08-09 09:35:30,2780,3050,596,3
2026-08-09 09:35:31,2780,3050,594,3
2026-08-09 09:35:32,2783,3050,596,3
2026-08-09 09:35:33,2779,3050,593,3
2026-08-09 09:35:34,2781,3050,594,3
2026-08-09 09:35:35,2779,3050,597,3
2026-08-09 09:35:36,2775,3050,598,3
2026-08-09 09:35:37,2784,3050,604,3
2026-08-09 09:35:38,2783,3050,593,3
2026-08-09 09:35:39,2781,3050,602,3
2026-08-09 09:35:40,2782,3050,592,3
2026-08-09 09:35:41,2778,3050,598,3
2026-08-09 09:35:42,2781,3050,598,3
2026-08-09 09:35:43,2777,3050,595,3
2026-08-09 09:35:44,2778,3050,588,3
2026-08-09 09:35:45,2776,3050,592,3
2026-08-09 09:35:46,2782,3050,592,3
2026-08-09 09:35:47,2777,3050,600,3
2026-08-09 09:35:48,2778,3050,593,3
2026-08-09 09:35:49,2778,3050,592,3
2026-08-09 09:35:50,2776,3050,595,3
2026-08-09 09:35:51,2778,3050,597,3
2026-08-09 09:35:52,2775,3050,597,3
2026-08-09 09:35:53,2780,3050,592,3
2026-08-09 09:35:54,2778,3050,594,3
2026-08-09 09:35:55,2777,3050,591,3
2026-08-09 09:35:56,2775,3050,599,3
2026-08-09 09:35:57,2781,3050,594,3
2026-08-09 09:35:58,2779,3050,600,3
2026-08-09 09:35:59,2773,3050,596,3
2026-08-09 09:36:00,2779,3050,593,3
2026-08-09 09:36:01,2777,3050,594,3
2026-08-09 09:36:02,2777,3050,596,3
2026-08-09 09:36:03,2777,3050,602,3
2026-08-09 09:36:04,2779,3050,595,3
2026-08-09 09:36:05,2778,3050,588,3
2026-08-09 09:36:06,2780,3050,591,3
2026-08-09 09:36:08,2780,3050,598,3
2026-08-09 09:36:08,2777,3050,596,3
2026-08-09 09:36:09,2780,3050,596,3
2026-08-09 09:36:10,2777,3050,589,3
2026-08-09 09:36:11,2781,3050,597,3
2026-08-09 09:36:12,2777,3050,594,3
2026-08-09 09:36:13,2774,3050,596,3
2026-08-09 09:36:14,2777,3050,594,3
2026-08-09 09:36:15,2777,3050,594,3
2026-08-09 09:36:16,2775,3050,599,3
2026-08-09 09:36:17,2779,3050,601,3
2026-08-09 09:36:18,2774,3050,597,3
2026-08-09 09:36:19,2775,3050,597,3
2026-08-09 09:36:20,2776,3050,596,3
2026-08-09 09:36:21,2781,3050,590,3
2026-08-09 09:36:22,2776,3050,598,3
2026-08-09 09:36:23,2777,3050,599,3
2026-08-09 09:36:24,2778,3050,594,3
2026-08-09 09:36:25,2775,3050,593,3
2026-08-09 09:36:26,2777,3050,593,3
2026-08-09 09:36:27,2777,3050,596,3
2026-08-09 09:36:28,2778,3050,598,3
2026-08-09 09:36:29,2778,3050,591,3
2026-08-09 09:36:30,2774,3050,594,3
2026-08-09 09:36:31,2781,3050,598,3
2026-08-09 09:36:33,2773,3050,597,3
2026-08-09 09:36:33,2777,3050,599,3
2026-08-09 09:36:34,2774,3050,600,3
2026-08-09 09:36:35,2773,3050,599,3
2026-08-09 09:36:36,2778,3050,595,3
2026-08-09 09:36:37,2775,3050,596,3
2026-08-09 09:36:38,2777,3050,599,3
2026-08-09 09:36:39,2775,3050,596,3
2026-08-09 09:36:40,2774,3050,595,3
2026-08-09 09:36:41,2776,3050,597,3
2026-08-09 09:36:42,2783,3050,600,3
2026-08-09 09:36:43,2772,3050,595,3
2026-08-09 09:36:44,2776,3050,598,3
2026-08-09 09:36:45,2772,3050,592,3
2026-08-09 09:36:46,2778,3050,594,3
2026-08-09 09:36:47,2772,3050,596,3
2026-08-09 09:36:48,2773,3050,600,3
2026-08-09 09:36:49,2781,3050,595,3
2026-08-09 09:36:50,2778,3050,599,3
2026-08-09 09:36:51,2777,3050,596,3
2026-08-09 09:36:52,2783,3050,602,3
2026-08-09 09:36:53,2776,3050,598,3
2026-08-09 09:36:54,2772,3050,602,3
2026-08-09 09:36:55,2774,3050,595,3
2026-08-09 09:36:56,2774,3050,594,3
2026-08-09 09:36:57,2772,3050,595,3
2026-08-09 09:36:58,2775,3050,591,3
2026-08-09 09:36:59,2776,3050,591,3
2026-08-09 09:37:00,2774,3050,596,3
2026-08-09 09:37:01,2774,3050,594,3
2026-08-09 09:37:02,2774,3050,596,3
2026-08-09 09:37:03,2775,3050,595,3
2026-08-09 09:37:04,2777,3050,597,3
2026-08-09 09:37:05,2781,3050,595,3
2026-08-09 09:37:06,2779,3050,594,3
2026-08-09 09:37:07,2776,3050,593,3
2026-08-09 09:37:08,2780,3050,596,3
2026-08-09 09:37:09,2776,3050,590,3
2026-08-09 09:37:10,2778,3050,595,3
2026-08-09 09:37:11,2776,3050,593,3
2026-08-09 09:37:12,2777,3050,594,3
2026-08-09 09:37:13,2781,3050,596,3
2026-08-09 09:37:14,2772,3050,595,3
2026-08-09 09:37:15,2778,3050,598,3
2026-08-09 09:37:16,2776,3050,594,3
2026-08-09 09:37:17,2778,3050,598,3
2026-08-09 09:37:18,2776,3050,601,3
2026-08-09 09:37:19,2777,3050,593,3
2026-08-09 09:37:20,2779,3050,597,3
2026-08-09 09:37:21,2776,3050,591,3
2026-08-09 09:37:22,2776,3050,599,3
2026-08-09 09:37:23,2775,3050,594,3
2026-08-09 09:37:24,2775,3050,594,3
2026-08-09 09:37:25,2774,3050,589,3
2026-08-09 09:37:26,2776,3050,596,3
2026-08-09 09:37:27,2776,3050,599,3
2026-08-09 09:37:28,2774,3050,594,3
2026-08-09 09:37:29,2772,3050,592,3
2026-08-09 09:37:30,2774,3050,594,3
2026-08-09 09:37:31,2773,3050,592,3
2026-08-09 09:37:32,2774,3050,591,3
2026-08-09 09:37:33,2775,3050,598,3
2026-08-09 09:37:34,2773,3050,600,3
2026-08-09 09:37:35,2775,3050,594,3
2026-08-09 09:37:36,2777,3050,593,3
2026-08-09 09:37:37,2778,3050,590,3
2026-08-09 09:37:38,2772,3050,598,3
2026-08-09 09:37:39,2777,3050,596,3
2026-08-09 09:37:40,2776,3050,594,3
2026-08-09 09:37:41,2777,3050,595,3
2026-08-09 09:37:42,2775,3050,598,3
2026-08-09 09:37:43,2776,3050,599,3
2026-08-09 09:37:44,2778,3050,592,3
2026-08-09 09:37:45,2781,3050,597,3
2026-08-09 09:37:46,2776,3050,594,3
2026-08-09 09:37:47,2779,3050,596,3
2026-08-09 09:37:48,2776,3050,598,3
2026-08-09 09:37:49,2779,3050,595,3
2026-08-09 09:37:50,2779,3050,597,3
2026-08-09 09:37:51,2773,3050,595,3
2026-08-09 09:37:52,2777,3050,594,3
2026-08-09 09:37:53,2773,3050,594,3
2026-08-09 09:37:54,2774,3050,596,3
2026-08-09 09:37:55,2773,3050,596,3
2026-08-09 09:37:56,2775,3050,597,3
2026-08-09 09:37:57,2779,3050,591,3
2026-08-09 09:37:58,2777,3050,600,3
2026-08-09 09:37:59,2774,3050,601,3
2026-08-09 09:38:00,2778,3050,602,3
2026-08-09 09:38:01,2776,3050,595,3
2026-08-09 09:38:02,2777,3050,598,3
2026-08-09 09:38:03,2773,3050,599,3
2026-08-09 09:38:04,2778,3050,600,3
2026-08-09 09:38:05,2776,3050,594,3
2026-08-09 09:38:06,2777,3050,598,3
2026-08-09 09:38:07,2781,3050,599,3
2026-08-09 09:38:08,2779,3050,592,3
2026-08-09 09:38:09,2781,3050,595,3
2026-08-09 09:38:10,2778,3050,596,3
2026-08-09 09:38:11,2777,3050,600,3
2026-08-09 09:38:12,2777,3050,594,3
2026-08-09 09:38:13,2777,3050,599,3
2026-08-09 09:38:14,2780,3050,592,3
2026-08-09 09:38:15,2779,3050,596,3
2026-08-09 09:38:16,2779,3050,597,3
2026-08-09 09:38:17,2776,3050,593,3
2026-08-09 09:38:18,2781,3050,597,3
2026-08-09 09:38:19,2781,3050,597,3
2026-08-09 09:38:20,2776,3050,597,3
2026-08-09 09:38:21,2776,3050,597,3
2026-08-09 09:38:22,2775,3050,600,3
2026-08-09 09:38:23,2780,3050,595,3
2026-08-09 09:38:24,2782,3050,593,3
2026-08-09 09:38:25,2776,3050,594,3
2026-08-09 09:38:26,2780,3047,596,3
2026-08-09 09:38:27,2775,3044,597,3
2026-08-09 09:38:28,2777,3048,595,3
2026-08-09 09:38:29,2777,3045,592,3
2026-08-09 09:38:30,2777,3040,598,3
2026-08-09 09:38:31,2780,3039,593,3
2026-08-09 09:38:32,2781,3040,603,3
2026-08-09 09:38:33,2780,3041,597,3
2026-08-09 09:38:34,2777,3038,598,3
2026-08-09 09:38:35,2779,3038,599,3
2026-08-09 09:38:36,2777,3039,598,3
2026-08-09 09:38:37,2777,3039,594,3
2026-08-09 09:38:38,2781,3038,592,3
2026-08-09 09:38:39,2779,3040,600,3
2026-08-09 09:38:40,2776,3037,595,3
2026-08-09 09:38:41,2777,3036,595,3
2026-08-09 09:38:44,2777,3038,588,3
2026-08-09 09:38:44,2778,3037,590,3
2026-08-09 09:38:44,2776,3036,594,3
2026-08-09 09:38:45,2781,3035,592,3
2026-08-09 09:38:46,2785,3038,596,3
2026-08-09 09:38:47,2776,3034,596,3
2026-08-09 09:38:48,2778,3033,594,3
2026-08-09 09:38:49,2782,3036,596,3
2026-08-09 09:38:50,2780,3036,596,3
2026-08-09 09:38:51,2781,3035,595,3
2026-08-09 09:38:52,2779,3033,592,3
2026-08-09 09:38:53,2780,3031,593,3
2026-08-09 09:38:54,2778,3031,593,3
2026-08-09 09:38:55,2778,3033,594,3
2026-08-09 09:38:56,2778,3031,596,3
2026-08-09 09:38:57,2778,3031,595,3
2026-08-09 09:38:58,2779,3032,596,3
2026-08-09 09:38:59,2775,3032,592,3
2026-08-09 09:39:00,2779,3029,593,3
2026-08-09 09:39:01,2777,3029,594,3
2026-08-09 09:39:02,2778,3029,593,3
2026-08-09 09:39:03,2776,3029,596,3
2026-08-09 09:39:04,2776,3030,588,3
2026-08-09 09:39:05,2777,3029,591,3
2026-08-09 09:39:06,2776,3026,588,3
2026-08-09 09:39:07,2778,3026,594,3
2026-08-09 09:39:08,2776,3025,594,3
2026-08-09 09:39:09,2777,3025,599,3
2026-08-09 09:39:10,2779,3026,590,3
2026-08-09 09:39:11,2780,3023,595,3
2026-08-09 09:39:12,2779,3023,587,3
2026-08-09 09:39:13,2777,3025,594,3
2026-08-09 09:39:14,2778,3025,598,3
2026-08-09 09:39:15,2778,3020,595,3
2026-08-09 09:39:16,2777,3018,595,3
2026-08-09 09:39:17,2780,3024,591,3
2026-08-09 09:39:18,2776,3019,596,3
2026-08-09 09:39:19,2775,3022,592,3
2026-08-09 09:39:20,2777,3028,594,3
2026-08-09 09:39:21,2777,3020,596,3
2026-08-09 09:39:22,2775,3020,596,3
2026-08-09 09:39:23,2773,3022,596,3
2026-08-09 09:39:24,2776,3018,593,3
2026-08-09 09:39:25,2776,3019,595,3
2026-08-09 09:39:26,2773,3020,594,3
2026-08-09 09:39:27,2775,3017,596,3
2026-08-09 09:39:28,2779,3019,596,3
2026-08-09 09:39:29,2775,3020,593,3
2026-08-09 09:39:30,2778,3017,595,3
2026-08-09 09:39:31,2774,3020,588,3
2026-08-09 09:39:32,2775,3017,592,3
2026-08-09 09:39:33,2778,3018,597,3
2026-08-09 09:39:34,2780,3016,591,3
2026-08-09 09:39:35,2778,3017,594,3
2026-08-09 09:39:36,2778,3014,595,3
2026-08-09 09:39:37,2776,3017,592,3
2026-08-09 09:39:38,2778,3012,594,3
2026-08-09 09:39:39,2776,3010,595,3
2026-08-09 09:39:40,2772,3008,587,3
2026-08-09 09:39:41,2777,3007,597,3
2026-08-09 09:39:42,2777,3008,596,3
2026-08-09 09:39:43,2777,3010,599,3
2026-08-09 09:39:44,2777,3008,592,3
2026-08-09 09:39:45,2777,3008,597,3
2026-08-09 09:39:46,2780,3007,593,3
2026-08-09 09:39:47,2779,3006,589,3
2026-08-09 09:39:48,2779,3007,594,3
2026-08-09 09:39:49,2775,3004,595,3
2026-08-09 09:39:50,2777,3005,593,3
2026-08-09 09:39:51,2777,3003,591,3
2026-08-09 09:39:52,2776,3001,590,3
2026-08-09 09:39:53,2774,3000,590,3
2026-08-09 09:39:54,2777,3003,593,3
2026-08-09 09:39:55,2778,3002,593,3
2026-08-09 09:39:56,2775,3001,596,3
2026-08-09 09:39:57,2777,3002,597,3
2026-08-09 09:39:58,2778,3000,593,3
2026-08-09 09:39:59,2782,3002,588,3
2026-08-09 09:40:00,2775,3001,589,3
2026-08-09 09:40:01,2776,3003,591,3
2026-08-09 09:40:02,2777,2998,597,3
2026-08-09 09:40:03,2775,2999,591,3
2026-08-09 09:40:04,2774,3001,595,3
2026-08-09 09:40:05,2775,2992,595,3
2026-08-09 09:40:06,2778,2998,594,3
2026-08-09 09:40:07,2776,2998,591,3
2026-08-09 09:40:08,2777,2997,592,3
2026-08-09 09:40:09,2779,2996,589,3
2026-08-09 09:40:10,2772,2997,601,3
2026-08-09 09:40:11,2780,2996,589,3
2026-08-09 09:40:12,2779,2995,598,3
2026-08-09 09:40:13,2775,2995,591,3
2026-08-09 09:40:14,2776,2995,588,3
2026-08-09 09:40:15,2776,2992,597,3
2026-08-09 09:40:16,2775,2990,592,3
2026-08-09 09:40:17,2780,2992,595,3
2026-08-09 09:40:18,2776,2993,594,3
2026-08-09 09:40:19,2775,2991,598,3
2026-08-09 09:40:20,2780,2990,593,3
2026-08-09 09:40:21,2779,2987,599,3
2026-08-09 09:40:22,2770,2990,588,3
2026-08-09 09:40:23,2778,2988,591,3
2026-08-09 09:40:24,2777,2991,589,3
2026-08-09 09:40:25,2772,2987,597,3
2026-08-09 09:40:26,2778,2993,591,3
2026-08-09 09:40:27,2776,2991,593,3
2026-08-09 09:40:28,2775,2987,598,3
2026-08-09 09:40:29,2774,2986,593,3
2026-08-09 09:40:30,2772,2990,590,3
2026-08-09 09:40:31,2778,2988,592,3
2026-08-09 09:40:32,2777,2986,596,3
2026-08-09 09:40:33,2773,2984,589,3
2026-08-09 09:40:34,2780,2986,592,3
2026-08-09 09:40:35,2773,2981,596,3
2026-08-09 09:40:36,2775,2983,592,3
2026-08-09 09:40:37,2778,2982,597,3
2026-08-09 09:40:38,2771,2981,594,3
2026-08-09 09:40:39,2776,2979,589,3
2026-08-09 09:40:40,2774,2987,596,3
2026-08-09 09:40:41,2773,2983,598,3
2026-08-09 09:40:42,2776,2983,591,3
2026-08-09 09:40:43,2774,2979,595,3
2026-08-09 09:40:44,2773,2977,594,3
2026-08-09 09:40:45,2777,2979,595,3
2026-08-09 09:40:46,2778,2979,595,3
2026-08-09 09:40:47,2775,2979,590,3
2026-08-09 09:40:48,2777,2980,590,3
2026-08-09 09:40:49,2778,2984,598,3
2026-08-09 09:40:50,2774,2979,596,3
2026-08-09 09:40:51,2779,2973,594,3
2026-08-09 09:40:52,2778,2973,593,3
2026-08-09 09:40:53,2776,2976,592,3
2026-08-09 09:40:54,2771,2970,596,3
2026-08-09 09:40:55,2777,2972,594,3
2026-08-09 09:40:56,2780,2971,588,3
2026-08-09 09:40:57,2775,2968,595,3
2026-08-09 09:40:58,2779,2972,592,3
2026-08-09 09:40:59,2779,2973,597,3
2026-08-09 09:41:00,2774,2969,596,3
2026-08-09 09:41:01,2782,2971,591,3
2026-08-09 09:41:02,2779,2970,600,3
2026-08-09 09:41:03,2779,2969,590,3
2026-08-09 09:41:04,2779,2968,595,3
2026-08-09 09:41:05,2776,2966,588,3
2026-08-09 09:41:06,2778,2968,595,3
2026-08-09 09:41:07,2783,2963,591,3
2026-08-09 09:41:08,2780,2966,592,3
2026-08-09 09:41:09,2778,2966,590,3
2026-08-09 09:41:10,2778,2966,598,3
2026-08-09 09:41:11,2781,2966,596,3
2026-08-09 09:41:12,2775,2965,594,3
2026-08-09 09:41:13,2775,2964,594,3
2026-08-09 09:41:14,2779,2965,586,3
2026-08-09 09:41:15,2779,2963,592,3
2026-08-09 09:41:16,2780,2962,592,3
2026-08-09 09:41:17,2778,2960,586,3
2026-08-09 09:41:18,2785,2959,590,3
2026-08-09 09:41:19,2776,2959,584,3
2026-08-09 09:41:20,2781,2958,590,3
2026-08-09 09:41:21,2778,2958,590,3
2026-08-09 09:41:22,2775,2957,596,3
2026-08-09 09:41:23,2780,2958,596,3
2026-08-09 09:41:24,2778,2958,590,3
2026-08-09 09:41:25,2780,2958,593,3
2026-08-09 09:41:26,2780,2956,591,3
2026-08-09 09:41:27,2779,2958,596,3
2026-08-09 09:41:28,2782,2957,593,3
2026-08-09 09:41:29,2779,2955,591,3
2026-08-09 09:41:30,2777,2956,593,3
2026-08-09 09:41:31,2778,2953,589,3
2026-08-09 09:41:32,2779,2954,590,3
2026-08-09 09:41:33,2778,2955,588,3
2026-08-09 09:41:34,2780,2957,587,3
2026-08-09 09:41:35,2784,2953,588,3
2026-08-09 09:41:37,2779,2952,588,3
2026-08-09 09:41:37,2777,2948,592,3
2026-08-09 09:41:38,2777,2946,589,3
2026-08-09 09:41:39,2777,2936,590,3
2026-08-09 09:41:40,2776,2935,591,3
2026-08-09 09:41:41,2782,2933,588,3
2026-08-09 09:41:42,2778,2929,593,3
2026-08-09 09:41:43,2776,2926,589,1
2026-08-09 09:41:44,2772,2925,589,1
2026-08-09 09:41:45,2781,2926,589,1
2026-08-09 09:41:46,2776,2924,592,1
2026-08-09 09:41:47,2776,2923,590,1
2026-08-09 09:41:48,2783,2922,589,1
2026-08-09 09:41:49,2782,2924,587,1
2026-08-09 09:41:50,2779,2924,590,1
2026-08-09 09:41:51,2776,2925,593,1
2026-08-09 09:41:52,2777,2919,590,1
2026-08-09 09:41:53,2779,2921,589,1
2026-08-09 09:41:54,2775,2919,593,1
2026-08-09 09:41:55,2781,2918,587,1
2026-08-09 09:41:56,2772,2915,592,1
2026-08-09 09:41:57,2777,2916,593,1
2026-08-09 09:41:58,2777,2915,589,1
2026-08-09 09:41:59,2777,2911,597,1
2026-08-09 09:42:00,2776,2914,594,1
2026-08-09 09:42:01,2776,2913,593,1
2026-08-09 09:42:02,2778,2911,592,1
2026-08-09 09:42:03,2781,2908,592,1
2026-08-09 09:42:04,2780,2909,590,1
2026-08-09 09:42:05,2778,2907,586,1
2026-08-09 09:42:06,2778,2905,589,1
2026-08-09 09:42:07,2773,2904,594,1
2026-08-09 09:42:08,2780,2905,590,1
2026-08-09 09:42:09,2777,2902,593,1
2026-08-09 09:42:10,2775,2904,591,1
2026-08-09 09:42:11,2778,2902,591,1
2026-08-09 09:42:12,2776,2902,594,1
2026-08-09 09:42:13,2778,2900,591,1
2026-08-09 09:42:14,2777,2901,591,1
2026-08-09 09:42:15,2775,2903,589,1
2026-08-09 09:42:16,2780,2902,590,1
2026-08-09 09:42:17,2775,2899,592,1
2026-08-09 09:42:18,2780,2899,589,1
2026-08-09 09:42:19,2775,2896,592,1
2026-08-09 09:42:20,2777,2896,590,1
2026-08-09 09:42:21,2775,2900,589,1
2026-08-09 09:42:22,2779,2896,585,1
2026-08-09 09:42:23,2778,2898,602,1
2026-08-09 09:42:24,2773,2898,583,1
2026-08-09 09:42:25,2782,2897,593,1
2026-08-09 09:42:26,2777,2895,592,1
2026-08-09 09:42:27,2772,2892,591,1
2026-08-09 09:42:28,2775,2892,593,1
2026-08-09 09:42:29,2779,2891,595,1
2026-08-09 09:42:30,2777,2891,593,1
2026-08-09 09:42:31,2780,2889,590,1
2026-08-09 09:42:32,2777,2891,589,1
2026-08-09 09:42:33,2783,2890,593,1
2026-08-09 09:42:34,2782,2888,584,1
2026-08-09 09:42:35,2778,2889,595,1
2026-08-09 09:42:36,2780,2888,593,1
2026-08-09 09:42:37,2775,2887,594,1
2026-08-09 09:42:38,2782,2886,593,1
2026-08-09 09:42:39,2781,2886,591,1
2026-08-09 09:42:40,2782,2880,589,1
2026-08-09 09:42:41,2779,2883,590,1
2026-08-09 09:42:42,2781,2883,596,1
2026-08-09 09:42:43,2780,2882,594,1
2026-08-09 09:42:44,2777,2881,590,1
2026-08-09 09:42:45,2778,2883,590,1
2026-08-09 09:42:46,2781,2878,592,1
2026-08-09 09:42:47,2781,2879,594,1
2026-08-09 09:42:48,2777,2879,594,1
2026-08-09 09:42:49,2776,2878,591,1
2026-08-09 09:42:50,2778,2877,593,1
2026-08-09 09:42:51,2781,2879,590,1
2026-08-09 09:42:52,2780,2877,591,1
2026-08-09 09:42:53,2786,2878,592,1
2026-08-09 09:42:54,2777,2875,595,1
2026-08-09 09:42:55,2780,2875,589,1
2026-08-09 09:42:56,2780,2875,589,1
2026-08-09 09:42:57,2781,2874,591,1
2026-08-09 09:42:58,2782,2871,592,1
2026-08-09 09:42:59,2780,2871,592,1
2026-08-09 09:43:00,2781,2871,595,1
2026-08-09 09:43:01,2779,2870,592,1
2026-08-09 09:43:02,2786,2867,595,1
2026-08-09 09:43:03,2782,2869,588,1
2026-08-09 09:43:04,2778,2869,591,1
2026-08-09 09:43:05,2782,2865,592,1
2026-08-09 09:43:06,2782,2865,591,1
2026-08-09 09:43:07,2785,2860,592,1
2026-08-09 09:43:08,2787,2862,594,1
2026-08-09 09:43:09,2785,2860,595,1
2026-08-09 09:43:10,2782,2860,589,1
2026-08-09 09:43:11,2780,2858,588,1
2026-08-09 09:43:12,2782,2859,596,1
2026-08-09 09:43:13,2778,2859,595,1
2026-08-09 09:43:14,2781,2856,592,1
2026-08-09 09:43:15,2778,2856,599,1
2026-08-09 09:43:16,2781,2856,593,1
2026-08-09 09:43:17,2783,2853,592,1
2026-08-09 09:43:18,2781,2853,591,1
2026-08-09 09:43:19,2782,2854,597,1
2026-08-09 09:43:20,2782,2853,590,1
2026-08-09 09:43:21,2780,2854,585,1
2026-08-09 09:43:22,2785,2856,588,1
2026-08-09 09:43:23,2779,2855,591,1
2026-08-09 09:43:24,2784,2849,590,1
2026-08-09 09:43:25,2779,2839,590,1
2026-08-09 09:43:26,2781,2840,590,1
2026-08-09 09:43:27,2789,2834,596,1
2026-08-09 09:43:28,2780,2831,589,1
2026-08-09 09:43:29,2782,2834,585,1
2026-08-09 09:43:30,2781,2832,590,1
2026-08-09 09:43:31,2787,2831,591,1
2026-08-09 09:43:32,2783,2832,591,1
2026-08-09 09:43:33,2781,2831,592,1
2026-08-09 09:43:34,2785,2830,595,1
2026-08-09 09:43:35,2784,2829,591,1
2026-08-09 09:43:36,2781,2827,595,1
2026-08-09 09:43:37,2783,2822,593,1
2026-08-09 09:43:38,2783,2823,594,1
2026-08-09 09:43:39,2780,2819,593,1
2026-08-09 09:43:40,2785,2818,593,1
2026-08-09 09:43:41,2789,2815,590,1
2026-08-09 09:43:42,2787,2813,590,1
2026-08-09 09:43:43,2787,2810,593,1
2026-08-09 09:43:44,2782,2810,586,1
2026-08-09 09:43:45,2779,2808,587,1
2026-08-09 09:43:46,2785,2810,589,1
2026-08-09 09:43:47,2788,2805,593,1
2026-08-09 09:43:48,2781,2803,589,1
2026-08-09 09:43:49,2782,2801,591,1
2026-08-09 09:43:50,2779,2799,597,1
2026-08-09 09:43:51,2779,2798,593,1
2026-08-09 09:43:52,2782,2800,592,1
2026-08-09 09:43:53,2783,2798,596,1
2026-08-09 09:43:54,2783,2796,593,1
2026-08-09 09:43:55,2781,2794,593,1
2026-08-09 09:43:56,2775,2793,590,1
2026-08-09 09:43:57,2783,2791,594,1
2026-08-09 09:43:58,2786,2794,591,1
2026-08-09 09:43:59,2777,2786,593,1
2026-08-09 09:44:00,2783,2788,594,1
2026-08-09 09:44:01,2785,2784,593,1
2026-08-09 09:44:02,2784,2781,593,1
2026-08-09 09:44:03,2785,2783,589,1
2026-08-09 09:44:04,2785,2783,594,1
2026-08-09 09:44:05,2786,2783,590,1
2026-08-09 09:44:06,2783,2780,593,1
2026-08-09 09:44:07,2789,2778,588,1
2026-08-09 09:44:08,2777,2778,586,1
2026-08-09 09:44:09,2782,2774,590,1
2026-08-09 09:44:10,2788,2774,596,1
2026-08-09 09:44:11,2785,2770,591,1
2026-08-09 09:44:12,2789,2767,590,1
2026-08-09 09:44:13,2784,2768,591,1
2026-08-09 09:44:14,2784,2765,589,1
2026-08-09 09:44:15,2788,2758,592,1
2026-08-09 09:44:16,2788,2758,593,1
2026-08-09 09:44:17,2786,2757,591,1
2026-08-09 09:44:18,2787,2757,587,1
2026-08-09 09:44:19,2784,2756,591,1
2026-08-09 09:44:20,2784,2754,591,1
2026-08-09 09:44:21,2787,2752,591,1
2026-08-09 09:44:22,2787,2757,588,1
2026-08-09 09:44:23,2784,2754,584,1
2026-08-09 09:44:24,2789,2754,590,1
2026-08-09 09:44:25,2794,2753,593,1
2026-08-09 09:44:26,2789,2756,590,1
2026-08-09 09:44:27,2786,2749,593,1
2026-08-09 09:44:28,2791,2747,589,1
2026-08-09 09:44:29,2789,2748,591,1
2026-08-09 09:44:30,2782,2745,589,1
2026-08-09 09:44:31,2780,2746,593,1
2026-08-09 09:44:32,2784,2746,588,1
2026-08-09 09:44:33,2786,2746,588,1
2026-08-09 09:44:34,2790,2745,584,1
2026-08-09 09:44:35,2785,2744,584,1
2026-08-09 09:44:36,2786,2745,585,1
2026-08-09 09:44:37,2789,2744,589,1
2026-08-09 09:44:38,2788,2743,589,1
2026-08-09 09:44:39,2783,2744,585,1
2026-08-09 09:44:40,2787,2738,589,1
2026-08-09 09:44:41,2786,2742,592,1
2026-08-09 09:44:42,2787,2742,587,1
2026-08-09 09:44:43,2786,2742,592,1
2026-08-09 09:44:44,2787,2742,590,1
2026-08-09 09:44:45,2785,2739,591,1
2026-08-09 09:44:46,2783,2736,586,1
2026-08-09 09:44:47,2784,2737,594,1
2026-08-09 09:44:48,2787,2737,589,1
2026-08-09 09:44:49,2784,2734,594,1
2026-08-09 09:44:50,2781,2738,589,1
2026-08-09 09:44:51,2780,2735,581,1
2026-08-09 09:44:52,2784,2735,594,1
2026-08-09 09:44:53,2783,2733,588,1
2026-08-09 09:44:54,2784,2733,587,1
2026-08-09 09:44:55,2783,2733,591,1
2026-08-09 09:44:56,2785,2735,591,1
2026-08-09 09:44:57,2784,2729,587,1
2026-08-09 09:44:58,2782,2733,592,1
2026-08-09 09:45:00,2787,2730,589,1
2026-08-09 09:45:00,2784,2730,588,1
2026-08-09 09:45:01,2781,2732,591,1
2026-08-09 09:45:02,2785,2730,588,1
2026-08-09 09:45:03,2785,2731,590,1
2026-08-09 09:45:04,2781,2732,584,1
2026-08-09 09:45:05,2784,2733,591,1
2026-08-09 09:45:06,2787,2731,591,1
2026-08-09 09:45:07,2782,2729,585,1
2026-08-09 09:45:08,2786,2730,591,1
2026-08-09 09:45:09,2781,2729,591,1
2026-08-09 09:45:10,2788,2729,588,1
2026-08-09 09:45:11,2785,2728,585,1
2026-08-09 09:45:12,2779,2729,588,1
2026-08-09 09:45:13,2785,2727,592,1
2026-08-09 09:45:14,2782,2733,587,1
2026-08-09 09:45:15,2784,2726,589,1
2026-08-09 09:45:16,2780,2730,592,1
2026-08-09 09:45:17,2778,2723,590,1
2026-08-09 09:45:18,2778,2726,587,1
2026-08-09 09:45:19,2782,2726,582,1
2026-08-09 09:45:20,2777,2730,587,1
2026-08-09 09:45:21,2783,2725,593,1
2026-08-09 09:45:22,2780,2725,589,1
2026-08-09 09:45:23,2785,2726,589,1
2026-08-09 09:45:24,2780,2729,591,1
2026-08-09 09:45:26,2777,2725,588,1
2026-08-09 09:45:26,2782,2726,588,1
2026-08-09 09:45:27,2783,2727,589,1
2026-08-09 09:45:28,2780,2727,590,1
2026-08-09 09:45:29,2785,2723,587,1
2026-08-09 09:45:30,2784,2728,591,1
2026-08-09 09:45:31,2782,2728,589,1
2026-08-09 09:45:32,2787,2724,588,1
2026-08-09 09:45:33,2780,2722,588,1
2026-08-09 09:45:34,2781,2727,590,1
2026-08-09 09:45:35,2783,2727,590,1
2026-08-09 09:45:36,2785,2727,590,1
2026-08-09 09:45:37,2782,2726,594,1
2026-08-09 09:45:38,2783,2724,590,1
2026-08-09 09:45:39,2780,2722,585,1
2026-08-09 09:45:40,2786,2727,586,1
2026-08-09 09:45:41,2786,2720,590,1
2026-08-09 09:45:42,2779,2722,586,1
2026-08-09 09:45:43,2784,2724,585,1
2026-08-09 09:45:44,2787,2723,592,1
2026-08-09 09:45:45,2782,2726,595,1
2026-08-09 09:45:46,2783,2723,588,1
2026-08-09 09:45:47,2786,2722,593,1
2026-08-09 09:45:48,2788,2718,592,1
2026-08-09 09:45:49,2778,2720,585,1
2026-08-09 09:45:50,2785,2722,590,1
2026-08-09 09:45:51,2787,2720,590,1
2026-08-09 09:45:52,2784,2718,592,1
2026-08-09 09:45:53,2788,2721,588,1
2026-08-09 09:45:54,2780,2719,583,1
2026-08-09 09:45:55,2783,2718,587,1
2026-08-09 09:45:56,2786,2719,591,1
2026-08-09 09:45:57,2787,2717,591,1
2026-08-09 09:45:58,2787,2722,591,1
2026-08-09 09:45:59,2787,2716,590,1
2026-08-09 09:46:00,2786,2719,586,1
2026-08-09 09:46:01,2785,2716,588,1
2026-08-09 09:46:02,2782,2716,585,1
2026-08-09 09:46:03,2784,2716,587,1
2026-08-09 09:46:04,2789,2716,591,1
2026-08-09 09:46:05,2785,2721,587,1
2026-08-09 09:46:06,2786,2713,587,1
2026-08-09 09:46:07,2786,2718,586,1
2026-08-09 09:46:08,2787,2712,585,1
2026-08-09 09:46:09,2783,2713,595,1
2026-08-09 09:46:10,2784,2715,586,1
2026-08-09 09:46:11,2791,2713,589,1
2026-08-09 09:46:12,2785,2712,584,1
2026-08-09 09:46:13,2789,2711,588,1
2026-08-09 09:46:14,2789,2713,586,1
2026-08-09 09:46:15,2786,2710,591,1
2026-08-09 09:46:16,2791,2713,588,1
2026-08-09 09:46:17,2787,2711,586,1
2026-08-09 09:46:18,2786,2708,588,1
2026-08-09 09:46:19,2787,2710,587,1
2026-08-09 09:46:20,2786,2715,588,1
2026-08-09 09:46:21,2785,2712,590,1
2026-08-09 09:46:22,2788,2713,583,1
2026-08-09 09:46:23,2791,2707,587,1
2026-08-09 09:46:24,2787,2707,590,1
2026-08-09 09:46:25,2783,2711,582,1
2026-08-09 09:46:26,2789,2708,589,1
2026-08-09 09:46:27,2784,2706,587,1
2026-08-09 09:46:28,2784,2706,583,1
2026-08-09 09:46:29,2785,2707,588,1
2026-08-09 09:46:30,2788,2704,588,1
2026-08-09 09:46:31,2783,2707,587,1
2026-08-09 09:46:32,2791,2705,588,1
2026-08-09 09:46:33,2786,2702,585,1
2026-08-09 09:46:34,2785,2702,591,1
2026-08-09 09:46:35,2787,2704,595,1
2026-08-09 09:46:36,2786,2704,584,1
2026-08-09 09:46:37,2781,2706,592,1
2026-08-09 09:46:38,2786,2704,588,1
2026-08-09 09:46:39,2787,2700,594,1
2026-08-09 09:46:40,2783,2701,584,1
2026-08-09 09:46:41,2788,2703,584,1
2026-08-09 09:46:42,2787,2702,590,1
2026-08-09 09:46:43,2787,2704,591,1
2026-08-09 09:46:44,2783,2705,584,1
2026-08-09 09:46:45,2786,2703,583,1
2026-08-09 09:46:46,2787,2697,591,1
2026-08-09 09:46:47,2787,2698,581,1
2026-08-09 09:46:48,2788,2698,588,1
2026-08-09 09:46:49,2788,2701,585,1
2026-08-09 09:46:50,2786,2706,585,1
2026-08-09 09:46:51,2784,2699,595,1
2026-08-09 09:46:52,2785,2700,587,1
2026-08-09 09:46:53,2790,2698,584,1
2026-08-09 09:46:54,2786,2698,585,1
2026-08-09 09:46:55,2793,2699,589,1
2026-08-09 09:46:56,2788,2697,589,1
2026-08-09 09:46:57,2785,2700,589,1
2026-08-09 09:46:58,2787,2700,580,1
2026-08-09 09:46:59,2788,2700,585,1
2026-08-09 09:47:00,2786,2699,592,1
2026-08-09 09:47:01,2788,2696,586,1
2026-08-09 09:47:02,2787,2696,589,1
2026-08-09 09:47:03,2788,2699,588,1
2026-08-09 09:47:04,2789,2698,587,1
2026-08-09 09:47:05,2788,2697,584,1
2026-08-09 09:47:06,2787,2693,585,1
2026-08-09 09:47:07,2788,2695,587,1
2026-08-09 09:47:08,2789,2696,586,1
2026-08-09 09:47:09,2787,2697,588,1
2026-08-09 09:47:10,2785,2692,584,1
2026-08-09 09:47:11,2792,2690,590,1
2026-08-09 09:47:12,2788,2695,583,1
2026-08-09 09:47:13,2787,2695,584,1
2026-08-09 09:47:14,2787,2691,585,1
2026-08-09 09:47:15,2794,2690,590,1
2026-08-09 09:47:16,2785,2691,584,1
2026-08-09 09:47:17,2787,2690,590,1
2026-08-09 09:47:18,2785,2690,592,1
2026-08-09 09:47:19,2786,2689,584,1
2026-08-09 09:47:20,2783,2690,583,1
2026-08-09 09:47:21,2784,2691,586,1
2026-08-09 09:47:22,2785,2690,582,1
2026-08-09 09:47:23,2791,2689,591,1
2026-08-09 09:47:24,2786,2690,588,1
2026-08-09 09:47:25,2788,2687,583,1
2026-08-09 09:47:26,2787,2690,588,1
2026-08-09 09:47:27,2783,2688,587,1
2026-08-09 09:47:28,2783,2689,578,1
2026-08-09 09:47:29,2789,2689,588,1
2026-08-09 09:47:30,2788,2692,586,1
2026-08-09 09:47:31,2787,2691,586,1
2026-08-09 09:47:32,2780,2686,585,1
2026-08-09 09:47:33,2787,2684,586,1
2026-08-09 09:47:34,2788,2686,587,1
2026-08-09 09:47:35,2787,2684,588,1
2026-08-09 09:47:36,2783,2685,589,1
2026-08-09 09:47:37,2784,2694,586,1
2026-08-09 09:47:38,2795,2688,584,1
2026-08-09 09:47:39,2786,2684,588,1
2026-08-09 09:47:40,2782,2682,582,1
2026-08-09 09:47:41,2786,2684,587,1
2026-08-09 09:47:42,2787,2681,591,1
2026-08-09 09:47:43,2784,2682,587,1
2026-08-09 09:47:44,2789,2687,583,1
2026-08-09 09:47:45,2790,2683,588,1
2026-08-09 09:47:46,2786,2686,588,1
2026-08-09 09:47:47,2786,2683,582,1
2026-08-09 09:47:48,2788,2684,587,1
2026-08-09 09:47:49,2789,2681,589,1
2026-08-09 09:47:50,2786,2681,584,1
2026-08-09 09:47:51,2788,2678,588,1
2026-08-09 09:47:52,2783,2683,589,1
2026-08-09 09:47:53,2786,2683,585,1
2026-08-09 09:47:54,2785,2683,581,1
2026-08-09 09:47:55,2784,2682,589,1
2026-08-09 09:47:56,2788,2682,584,1
2026-08-09 09:47:57,2787,2682,586,1
2026-08-09 09:47:58,2786,2683,580,1
2026-08-09 09:47:59,2786,2681,584,1
2026-08-09 09:48:01,2786,2677,586,1
2026-08-09 09:48:01,2782,2677,584,1
2026-08-09 09:48:02,2785,2677,582,1
2026-08-09 09:48:03,2784,2682,585,1
2026-08-09 09:48:04,2788,2678,593,1
2026-08-09 09:48:05,2788,2681,586,1
2026-08-09 09:48:06,2792,2676,591,1
2026-08-09 09:48:07,2786,2681,584,1
2026-08-09 09:48:08,2796,2678,581,1
2026-08-09 09:48:09,2794,2680,585,1
2026-08-09 09:48:10,2797,2677,587,1
2026-08-09 09:48:11,2791,2680,582,1
2026-08-09 09:48:12,2777,2679,587,1
2026-08-09 09:48:13,2753,2679,588,1
2026-08-09 09:48:14,2714,2676,585,1
2026-08-09 09:48:15,2683,2677,584,1
2026-08-09 09:48:16,2663,2679,587,1
2026-08-09 09:48:17,2663,2679,588,1
2026-08-09 09:48:18,2674,2676,588,1
2026-08-09 09:48:19,2678,2674,587,1
2026-08-09 09:48:20,2683,2673,582,1
2026-08-09 09:48:21,2705,2679,588,1
2026-08-09 09:48:22,2718,2675,586,1
2026-08-09 09:48:23,2728,2676,590,1
2026-08-09 09:48:24,2742,2676,583,1
2026-08-09 09:48:25,2743,2674,586,1
2026-08-09 09:48:26,2745,2673,588,1
2026-08-09 09:48:27,2750,2673,587,1
2026-08-09 09:48:28,2754,2675,584,1
2026-08-09 09:48:29,2755,2672,584,1
2026-08-09 09:48:30,2759,2673,587,1
2026-08-09 09:48:31,2756,2674,586,1
2026-08-09 09:48:32,2759,2673,589,1
2026-08-09 09:48:33,2764,2673,583,1
2026-08-09 09:48:34,2757,2674,586,1
2026-08-09 09:48:35,2763,2676,581,1
2026-08-09 09:48:36,2768,2678,589,1
2026-08-09 09:48:37,2766,2671,580,1
2026-08-09 09:48:38,2765,2670,589,1
2026-08-09 09:48:39,2763,2674,591,1
2026-08-09 09:48:40,2766,2670,594,1
2026-08-09 09:48:41,2765,2672,589,1
2026-08-09 09:48:42,2768,2673,587,1
2026-08-09 09:48:43,2763,2672,588,1
2026-08-09 09:48:44,2771,2673,601,1
2026-08-09 09:48:45,2767,2672,584,1
2026-08-09 09:48:46,2764,2674,587,1
2026-08-09 09:48:47,2768,2673,588,1
2026-08-09 09:48:48,2770,2672,581,1
2026-08-09 09:48:49,2769,2674,583,1
2026-08-09 09:48:50,2767,2667,579,1
2026-08-09 09:48:51,2767,2676,583,1
2026-08-09 09:48:52,2766,2674,577,1
2026-08-09 09:48:53,2764,2673,588,1
2026-08-09 09:48:54,2770,2672,586,1
2026-08-09 09:48:55,2775,2670,588,1
2026-08-09 09:48:56,2769,2672,580,1
2026-08-09 09:48:57,2771,2673,582,1
2026-08-09 09:48:58,2767,2672,585,1
2026-08-09 09:48:59,2771,2669,588,1
2026-08-09 09:49:00,2775,2670,585,1
2026-08-09 09:49:01,2771,2672,581,1
2026-08-09 09:49:02,2771,2667,584,1
2026-08-09 09:49:03,2777,2668,586,1
2026-08-09 09:49:04,2770,2667,582,1
2026-08-09 09:49:05,2773,2668,584,1
2026-08-09 09:49:06,2767,2672,581,1
2026-08-09 09:49:07,2770,2668,584,1
2026-08-09 09:49:08,2771,2671,586,1
2026-08-09 09:49:09,2772,2671,586,1
2026-08-09 09:49:10,2771,2669,585,1
2026-08-09 09:49:11,2774,2671,584,1
2026-08-09 09:49:12,2773,2668,589,1
2026-08-09 09:49:13,2771,2673,584,1
2026-08-09 09:49:14,2776,2668,585,1
2026-08-09 09:49:15,2772,2667,582,1
2026-08-09 09:49:16,2776,2672,586,1
2026-08-09 09:49:17,2772,2668,580,1
2026-08-09 09:49:18,2774,2668,587,1
2026-08-09 09:49:19,2773,2665,581,1
2026-08-09 09:49:20,2768,2668,583,1
2026-08-09 09:49:21,2772,2668,584,1
2026-08-09 09:49:22,2773,2664,587,1
2026-08-09 09:49:23,2771,2666,591,1
2026-08-09 09:49:24,2771,2667,589,1
2026-08-09 09:49:25,2771,2670,585,1
2026-08-09 09:49:26,2775,2662,586,1
2026-08-09 09:49:27,2774,2665,584,1
2026-08-09 09:49:28,2773,2665,585,1
2026-08-09 09:49:29,2774,2666,579,1
2026-08-09 09:49:30,2771,2669,590,1
2026-08-09 09:49:33,2770,2667,591,1
2026-08-09 09:49:33,2771,2669,584,1
2026-08-09 09:49:33,2772,2672,576,1
2026-08-09 09:49:34,2774,2670,586,1
2026-08-09 09:49:35,2770,2667,580,1
2026-08-09 09:49:36,2770,2667,577,1
2026-08-09 09:49:37,2771,2666,587,1
2026-08-09 09:49:38,2773,2662,586,1
2026-08-09 09:49:39,2773,2667,583,1
2026-08-09 09:49:40,2774,2663,579,1
2026-08-09 09:49:41,2777,2667,587,1
2026-08-09 09:49:42,2774,2663,585,1
2026-08-09 09:49:43,2778,2664,583,1
2026-08-09 09:49:44,2774,2666,585,1
2026-08-09 09:49:45,2772,2670,583,1
2026-08-09 09:49:46,2776,2663,580,1
2026-08-09 09:49:47,2773,2666,583,1
2026-08-09 09:49:48,2776,2663,583,1
2026-08-09 09:49:49,2773,2661,581,1
2026-08-09 09:49:50,2776,2675,582,1
2026-08-09 09:49:51,2773,2663,582,1
2026-08-09 09:49:52,2774,2666,583,1
2026-08-09 09:49:53,2774,2665,577,1
2026-08-09 09:49:54,2773,2666,585,1
2026-08-09 09:49:55,2774,2667,578,1
2026-08-09 09:49:56,2774,2666,581,1
2026-08-09 09:49:57,2769,2665,584,1
2026-08-09 09:49:59,2775,2666,585,1
2026-08-09 09:49:59,2773,2662,581,1
2026-08-09 09:50:00,2787,2661,585,1
2026-08-09 09:50:01,2765,2669,585,1
2026-08-09 09:50:02,2700,2662,589,1
2026-08-09 09:50:03,2624,2662,587,1
2026-08-09 09:50:04,2544,2665,593,1
2026-08-09 09:50:05,2476,2667,587,1
2026-08-09 09:50:06,2413,2666,586,1
2026-08-09 09:50:07,2341,2662,584,0
2026-08-09 09:50:08,2298,2663,585,0
2026-08-09 09:50:09,2319,2662,583,0
2026-08-09 09:50:10,2353,2659,586,0
2026-08-09 09:50:11,2367,2666,583,0
2026-08-09 09:50:12,2409,2663,589,0
2026-08-09 09:50:13,2458,2665,589,0
2026-08-09 09:50:14,2507,2659,592,0
2026-08-09 09:50:15,2552,2657,586,0
2026-08-09 09:50:16,2590,2664,588,0
2026-08-09 09:50:17,2614,2663,584,0
2026-08-09 09:50:18,2628,2659,591,0
2026-08-09 09:50:19,2644,2656,587,0
2026-08-09 09:50:20,2652,2662,586,0
2026-08-09 09:50:21,2663,2661,583,0
2026-08-09 09:50:22,2674,2658,583,0
2026-08-09 09:50:23,2675,2667,583,0
2026-08-09 09:50:24,2682,2657,582,0
2026-08-09 09:50:25,2680,2659,585,0
2026-08-09 09:50:26,2685,2660,591,0
2026-08-09 09:50:27,2691,2664,589,0
2026-08-09 09:50:28,2693,2663,585,0
2026-08-09 09:50:29,2692,2661,582,0
2026-08-09 09:50:30,2693,2662,588,0
2026-08-09 09:50:31,2703,2659,585,0
2026-08-09 09:50:32,2698,2659,579,0
2026-08-09 09:50:33,2701,2659,590,0
2026-08-09 09:50:34,2702,2661,591,0
2026-08-09 09:50:35,2701,2655,588,0
2026-08-09 09:50:36,2707,2661,586,0
2026-08-09 09:50:37,2704,2657,585,0
2026-08-09 09:50:38,2711,2663,591,0
2026-08-09 09:50:39,2707,2655,590,0
2026-08-09 09:50:40,2710,2659,583,0
2026-08-09 09:50:41,2710,2658,584,0
2026-08-09 09:50:42,2711,2661,579,0
2026-08-09 09:50:43,2710,2656,582,0
2026-08-09 09:50:44,2714,2658,588,0
2026-08-09 09:50:45,2711,2658,580,0
2026-08-09 09:50:46,2712,2663,581,0
2026-08-09 09:50:47,2719,2658,590,0
2026-08-09 09:50:48,2717,2657,582,0
2026-08-09 09:50:49,2719,2662,581,0
2026-08-09 09:50:50,2717,2659,586,0
2026-08-09 09:50:51,2721,2663,581,0
2026-08-09 09:50:52,2720,2655,585,0
2026-08-09 09:50:53,2722,2656,588,0
2026-08-09 09:50:54,2720,2657,584,0
2026-08-09 09:50:55,2717,2657,587,0
2026-08-09 09:50:56,2724,2657,583,0
2026-08-09 09:50:57,2723,2660,579,0
2026-08-09 09:50:58,2728,2659,590,0
2026-08-09 09:50:59,2722,2657,581,0
2026-08-09 09:51:00,2724,2660,583,0
2026-08-09 09:51:01,2726,2658,585,0
2026-08-09 09:51:02,2724,2654,583,0
2026-08-09 09:51:03,2729,2661,585,0
2026-08-09 09:51:04,2729,2657,581,0
2026-08-09 09:51:05,2726,2655,583,0
2026-08-09 09:51:06,2728,2655,582,0
2026-08-09 09:51:07,2729,2658,585,0
2026-08-09 09:51:08,2732,2652,582,0
2026-08-09 09:51:09,2726,2656,581,0
2026-08-09 09:51:10,2729,2657,586,0
2026-08-09 09:51:11,2727,2656,580,0
2026-08-09 09:51:12,2728,2654,585,0
2026-08-09 09:51:13,2730,2656,585,0
2026-08-09 09:51:14,2731,2655,581,0
2026-08-09 09:51:15,2726,2655,583,0
2026-08-09 09:51:16,2728,2651,581,0
2026-08-09 09:51:17,2735,2658,580,0
2026-08-09 09:51:18,2729,2656,589,0
2026-08-09 09:51:19,2728,2652,582,0
2026-08-09 09:51:20,2726,2653,587,0
2026-08-09 09:51:21,2730,2660,580,0
2026-08-09 09:51:22,2731,2654,584,0
2026-08-09 09:51:23,2731,2653,582,0
2026-08-09 09:51:24,2728,2655,582,0
2026-08-09 09:51:25,2729,2654,580,0
2026-08-09 09:51:26,2733,2652,583,0
2026-08-09 09:51:27,2732,2652,584,0
2026-08-09 09:51:29,2730,2652,587,0
2026-08-09 09:51:29,2730,2651,578,0
2026-08-09 09:51:30,2730,2650,583,0
2026-08-09 09:51:31,2735,2650,585,0
2026-08-09 09:51:32,2735,2651,583,0
2026-08-09 09:51:33,2726,2654,584,0
2026-08-09 09:51:34,2732,2655,583,0
2026-08-09 09:51:35,2729,2652,577,0
2026-08-09 09:51:36,2732,2653,583,0
2026-08-09 09:51:37,2735,2651,581,0
2026-08-09 09:51:38,2735,2652,583,0
2026-08-09 09:51:39,2734,2651,582,0
2026-08-09 09:51:41,2732,2653,584,0
2026-08-09 09:51:41,2738,2654,583,0
2026-08-09 09:51:42,2733,2651,586,0
2026-08-09 09:51:43,2735,2651,580,0
2026-08-09 09:51:44,2729,2652,580,0
2026-08-09 09:51:45,2738,2645,586,0
2026-08-09 09:51:46,2734,2651,582,0
2026-08-09 09:51:47,2735,2650,587,0
2026-08-09 09:51:49,2734,2654,582,0
2026-08-09 09:51:49,2733,2651,585,0
2026-08-09 09:51:50,2736,2646,586,0
2026-08-09 09:51:51,2735,2650,581,0
2026-08-09 09:51:52,2737,2649,580,0
2026-08-09 09:51:53,2736,2649,581,0
2026-08-09 09:51:54,2736,2648,583,0
2026-08-09 09:51:55,2735,2647,583,0
2026-08-09 09:51:56,2734,2647,577,0
2026-08-09 09:51:57,2735,2647,580,0
2026-08-09 09:51:58,2737,2647,574,0
2026-08-09 09:51:59,2737,2644,585,0
2026-08-09 09:52:00,2734,2649,581,0
2026-08-09 09:52:01,2738,2647,585,0
2026-08-09 09:52:02,2736,2647,579,0
2026-08-09 09:52:03,2739,2646,582,0
2026-08-09 09:52:04,2737,2647,583,0
2026-08-09 09:52:05,2731,2644,583,0
2026-08-09 09:52:06,2740,2649,589,0
2026-08-09 09:52:07,2740,2648,582,0
2026-08-09 09:52:08,2739,2649,587,0
2026-08-09 09:52:10,2743,2646,587,0
2026-08-09 09:52:10,2742,2647,582,0
2026-08-09 09:52:11,2740,2646,578,0
2026-08-09 09:52:12,2742,2644,584,0
2026-08-09 09:52:13,2740,2647,579,0
2026-08-09 09:52:14,2741,2643,585,0
2026-08-09 09:52:15,2735,2648,582,0
2026-08-09 09:52:16,2741,2645,582,0
2026-08-09 09:52:17,2737,2644,580,0
2026-08-09 09:52:18,2738,2645,580,0
2026-08-09 09:52:19,2739,2645,586,0
2026-08-09 09:52:20,2737,2645,587,0
2026-08-09 09:52:21,2739,2644,584,0
2026-08-09 09:52:22,2740,2647,584,0
2026-08-09 09:52:23,2737,2645,580,0
2026-08-09 09:52:24,2734,2646,584,0
2026-08-09 09:52:25,2739,2646,577,0
2026-08-09 09:52:26,2739,2642,579,0
2026-08-09 09:52:27,2739,2649,577,0
2026-08-09 09:52:28,2739,2640,578,0
2026-08-09 09:52:29,2744,2641,584,0
2026-08-09 09:52:30,2743,2642,582,0
2026-08-09 09:52:31,2745,2640,582,0
2026-08-09 09:52:32,2741,2645,590,0
2026-08-09 09:52:33,2741,2642,583,0
2026-08-09 09:52:34,2744,2643,586,0
2026-08-09 09:52:35,2740,2639,586,0
2026-08-09 09:52:36,2739,2643,584,0
2026-08-09 09:52:37,2745,2640,588,0
2026-08-09 09:52:38,2748,2638,585,0
2026-08-09 09:52:39,2742,2641,580,0
2026-08-09 09:52:40,2743,2642,584,0
2026-08-09 09:52:41,2743,2643,588,0
2026-08-09 09:52:42,2742,2635,582,0
2026-08-09 09:52:43,2739,2636,581,0
2026-08-09 09:52:44,2737,2638,584,0
2026-08-09 09:52:45,2744,2638,582,0
2026-08-09 09:52:46,2741,2640,583,0
2026-08-09 09:52:47,2741,2642,582,0
2026-08-09 09:52:49,2745,2640,580,0
2026-08-09 09:52:49,2738,2643,581,0
2026-08-09 09:52:50,2743,2638,576,0
2026-08-09 09:52:51,2738,2639,580,0
2026-08-09 09:52:52,2741,2637,583,0
2026-08-09 09:52:53,2738,2635,579,0
2026-08-09 09:52:54,2740,2638,582,0
2026-08-09 09:52:55,2743,2636,585,0
2026-08-09 09:52:56,2746,2638,588,0
2026-08-09 09:52:57,2744,2641,580,0
2026-08-09 09:52:58,2742,2639,582,0
2026-08-09 09:52:59,2739,2638,584,0
2026-08-09 09:53:00,2735,2636,577,0
2026-08-09 09:53:01,2741,2635,581,0
2026-08-09 09:53:02,2741,2638,581,0
2026-08-09 09:53:03,2741,2639,587,0
2026-08-09 09:53:04,2740,2637,581,0
2026-08-09 09:53:05,2741,2638,589,0
2026-08-09 09:53:06,2741,2636,583,0
2026-08-09 09:53:07,2740,2637,583,0
2026-08-09 09:53:08,2740,2638,587,0
2026-08-09 09:53:09,2743,2633,587,0
2026-08-09 09:53:10,2738,2637,584,0
2026-08-09 09:53:11,2742,2637,580,0
2026-08-09 09:53:12,2744,2635,577,0
2026-08-09 09:53:13,2742,2632,584,0
2026-08-09 09:53:14,2742,2636,583,0
2026-08-09 09:53:15,2742,2634,582,0
2026-08-09 09:53:16,2737,2640,581,0
2026-08-09 09:53:17,2739,2635,583,0
2026-08-09 09:53:18,2741,2635,584,0
2026-08-09 09:53:19,2745,2637,577,0
2026-08-09 09:53:20,2746,2639,581,0
2026-08-09 09:53:21,2746,2634,578,0
2026-08-09 09:53:22,2749,2637,579,0
2026-08-09 09:53:23,2745,2636,577,0
2026-08-09 09:53:24,2742,2633,585,0
2026-08-09 09:53:25,2740,2632,578,1
2026-08-09 09:53:26,2741,2634,576,1
2026-08-09 09:53:27,2743,2638,583,1
2026-08-09 09:53:28,2745,2632,572,1
2026-08-09 09:53:29,2749,2639,578,1
2026-08-09 09:53:30,2747,2639,578,1
2026-08-09 09:53:31,2729,2636,583,1
2026-08-09 09:53:32,2694,2634,582,1
2026-08-09 09:53:33,2684,2633,583,1
2026-08-09 09:53:34,2677,2631,588,1
2026-08-09 09:53:35,2680,2634,588,1
2026-08-09 09:53:36,2669,2631,587,1
2026-08-09 09:53:37,2672,2635,584,1
2026-08-09 09:53:38,2674,2633,586,1
2026-08-09 09:53:39,2683,2629,582,1
2026-08-09 09:53:40,2694,2632,585,1
2026-08-09 09:53:41,2695,2634,580,1
2026-08-09 09:53:42,2704,2632,588,1
2026-08-09 09:53:43,2707,2635,581,1
2026-08-09 09:53:44,2708,2634,587,1
2026-08-09 09:53:45,2707,2629,582,1
2026-08-09 09:53:46,2708,2630,580,1
2026-08-09 09:53:47,2708,2633,585,1
2026-08-09 09:53:48,2719,2631,582,1
2026-08-09 09:53:49,2716,2628,585,1
2026-08-09 09:53:50,2717,2630,584,1
2026-08-09 09:53:51,2719,2627,577,1
2026-08-09 09:53:52,2718,2632,580,1
2026-08-09 09:53:53,2720,2629,584,1
2026-08-09 09:53:54,2722,2626,579,1
2026-08-09 09:53:55,2725,2628,579,1
2026-08-09 09:53:56,2725,2626,581,1
2026-08-09 09:53:57,2729,2630,584,1
2026-08-09 09:53:58,2727,2634,589,1
2026-08-09 09:53:59,2726,2631,583,1
2026-08-09 09:54:00,2732,2629,576,1
2026-08-09 09:54:01,2732,2630,582,1
2026-08-09 09:54:02,2730,2631,582,1
2026-08-09 09:54:03,2729,2624,585,1
2026-08-09 09:54:04,2728,2628,588,1
2026-08-09 09:54:05,2729,2631,586,1
2026-08-09 09:54:06,2730,2627,584,1
2026-08-09 09:54:07,2726,2630,578,1
2026-08-09 09:54:08,2731,2626,581,1
2026-08-09 09:54:09,2726,2628,583,1
2026-08-09 09:54:10,2729,2623,580,1
2026-08-09 09:54:11,2730,2628,582,1
2026-08-09 09:54:12,2729,2630,584,1
2026-08-09 09:54:13,2731,2629,583,1
2026-08-09 09:54:14,2733,2629,585,1
2026-08-09 09:54:15,2729,2626,581,1
2026-08-09 09:54:16,2728,2621,588,1
2026-08-09 09:54:17,2732,2628,580,1
2026-08-09 09:54:18,2733,2625,588,1
2026-08-09 09:54:19,2734,2626,580,1
2026-08-09 09:54:20,2730,2626,587,1
2026-08-09 09:54:21,2733,2623,583,1
2026-08-09 09:54:22,2731,2624,587,1
2026-08-09 09:54:23,2727,2622,585,1
2026-08-09 09:54:24,2733,2623,577,1
2026-08-09 09:54:25,2734,2623,577,1
2026-08-09 09:54:26,2733,2625,580,1
2026-08-09 09:54:27,2727,2627,575,1
2026-08-09 09:54:28,2733,2625,587,1
2026-08-09 09:54:29,2733,2628,582,1
2026-08-09 09:54:30,2729,2622,581,1
2026-08-09 09:54:31,2733,2626,587,1
2026-08-09 09:54:32,2735,2623,588,1
2026-08-09 09:54:33,2734,2622,589,1
2026-08-09 09:54:34,2738,2623,586,1
2026-08-09 09:54:35,2731,2626,581,1
2026-08-09 09:54:36,2736,2624,578,1
2026-08-09 09:54:37,2735,2622,580,1
2026-08-09 09:54:38,2736,2626,580,1
2026-08-09 09:54:39,2733,2625,581,1
2026-08-09 09:54:40,2736,2624,579,1
2026-08-09 09:54:41,2738,2622,586,1
2026-08-09 09:54:43,2734,2626,586,1
2026-08-09 09:54:43,2732,2626,586,1
2026-08-09 09:54:44,2739,2625,583,1
2026-08-09 09:54:45,2736,2624,585,1
2026-08-09 09:54:46,2736,2623,580,1
2026-08-09 09:54:47,2735,2622,584,1
2026-08-09 09:54:48,2739,2622,579,1
2026-08-09 09:54:49,2738,2625,583,1
2026-08-09 09:54:50,2737,2622,576,1
2026-08-09 09:54:51,2740,2623,580,1
2026-08-09 09:54:52,2740,2622,584,1
2026-08-09 09:54:53,2736,2621,577,1
2026-08-09 09:54:54,2737,2622,576,1
2026-08-09 09:54:55,2735,2622,580,1
2026-08-09 09:54:56,2740,2622,580,1
2026-08-09 09:54:57,2735,2618,580,1
2026-08-09 09:54:58,2739,2623,582,1
2026-08-09 09:54:59,2741,2623,577,1
2026-08-09 09:55:00,2739,2623,581,1
2026-08-09 09:55:01,2737,2621,580,1
2026-08-09 09:55:02,2741,2622,584,1
2026-08-09 09:55:03,2738,2620,581,1
2026-08-09 09:55:04,2739,2624,578,1
2026-08-09 09:55:05,2738,2622,583,1
2026-08-09 09:55:06,2738,2622,578,1
2026-08-09 09:55:07,2731,2620,582,1
2026-08-09 09:55:08,2737,2623,583,1
2026-08-09 09:55:09,2737,2621,585,1
2026-08-09 09:55:10,2736,2620,584,1
2026-08-09 09:55:11,2739,2621,578,1
2026-08-09 09:55:12,2737,2621,574,1
2026-08-09 09:55:13,2734,2619,584,1
2026-08-09 09:55:14,2741,2622,579,1
2026-08-09 09:55:15,2737,2615,580,1
2026-08-09 09:55:16,2739,2621,581,1
2026-08-09 09:55:17,2736,2619,580,1
2026-08-09 09:55:18,2733,2617,580,1
2026-08-09 09:55:19,2740,2619,582,1
2026-08-09 09:55:21,2738,2621,582,1
2026-08-09 09:55:21,2732,2623,585,1
2026-08-09 09:55:22,2736,2621,580,1
2026-08-09 09:55:23,2737,2622,585,1
2026-08-09 09:55:24,2736,2621,578,1
2026-08-09 09:55:25,2734,2617,578,1
2026-08-09 09:55:26,2735,2620,579,1
2026-08-09 09:55:27,2736,2617,577,1
2026-08-09 09:55:28,2735,2620,572,1
2026-08-09 09:55:29,2736,2616,580,1
2026-08-09 09:55:30,2737,2619,577,1
2026-08-09 09:55:31,2738,2618,581,1
2026-08-09 09:55:32,2739,2622,578,1
2026-08-09 09:55:33,2743,2616,584,1
2026-08-09 09:55:34,2745,2615,580,1
2026-08-09 09:55:35,2751,2618,574,1
2026-08-09 09:55:36,2748,2616,580,1
2026-08-09 09:55:37,2740,2618,581,1
2026-08-09 09:55:38,2746,2618,576,1
2026-08-09 09:55:39,2740,2615,581,1
2026-08-09 09:55:40,2744,2615,578,1
2026-08-09 09:55:41,2745,2617,576,1
2026-08-09 09:55:42,2741,2617,582,1
2026-08-09 09:55:43,2744,2616,575,1
2026-08-09 09:55:44,2743,2616,578,1
2026-08-09 09:55:45,2742,2623,573,1
2026-08-09 09:55:46,2742,2615,577,1
2026-08-09 09:55:47,2743,2620,575,1
2026-08-09 09:55:48,2743,2616,577,1
2026-08-09 09:55:49,2740,2617,578,1
2026-08-09 09:55:50,2740,2615,586,1
2026-08-09 09:55:51,2739,2617,579,1
2026-08-09 09:55:52,2739,2613,583,1
2026-08-09 09:55:53,2737,2613,583,1
2026-08-09 09:55:54,2736,2618,581,1
2026-08-09 09:55:55,2741,2616,579,1
2026-08-09 09:55:56,2741,2613,579,1
2026-08-09 09:55:57,2739,2615,582,1
2026-08-09 09:55:59,2737,2613,583,1
2026-08-09 09:55:59,2738,2617,577,1
2026-08-09 09:56:00,2740,2616,579,1
2026-08-09 09:56:01,2740,2612,582,1
2026-08-09 09:56:02,2737,2616,577,1
2026-08-09 09:56:03,2737,2611,575,1
2026-08-09 09:56:04,2739,2613,578,1
2026-08-09 09:56:05,2737,2617,579,1
2026-08-09 09:56:06,2741,2616,582,1
2026-08-09 09:56:07,2742,2610,576,1
2026-08-09 09:56:08,2739,2613,577,1
2026-08-09 09:56:09,2738,2615,584,1
2026-08-09 09:56:10,2740,2608,578,1
2026-08-09 09:56:11,2739,2610,585,1
2026-08-09 09:56:12,2740,2608,580,1
2026-08-09 09:56:13,2745,2608,583,1
2026-08-09 09:56:14,2742,2614,585,1
2026-08-09 09:56:15,2737,2614,576,1
2026-08-09 09:56:17,2736,2612,584,1
2026-08-09 09:56:17,2736,2618,577,1
2026-08-09 09:56:18,2741,2615,576,1
2026-08-09 09:56:19,2740,2614,579,1
2026-08-09 09:56:21,2741,2610,576,1
