timestamp,sensor1,sensor2,sensor3,mqtt_state
2026-09-03 20:15:53,349,32,1462,0
2026-09-03 20:15:54,348,26,1462,0
2026-09-03 20:15:55,347,28,1462,0
2026-09-03 20:15:56,343,26,1458,0
2026-09-03 20:15:57,344,32,1464,0
2026-09-03 20:15:58,344,32,1471,0
2026-09-03 20:15:59,345,30,1464,0
2026-09-03 20:16:00,347,30,1457,0
2026-09-03 20:16:01,343,21,1466,0
2026-09-03 20:16:02,337,27,1466,0
2026-09-03 20:16:03,334,23,1460,0
2026-09-03 20:16:04,342,30,1463,0
2026-09-03 20:16:05,334,29,1475,0
2026-09-03 20:16:06,337,30,1463,0
2026-09-03 20:16:07,336,27,1456,0
2026-09-03 20:16:08,336,19,1461,0
2026-09-03 20:16:09,326,30,1460,0
2026-09-03 20:16:10,333,18,1456,0
2026-09-03 20:16:11,328,24,1455,0
2026-09-03 20:16:12,330,21,1459,0
2026-09-03 20:16:13,326,22,1469,0
2026-09-03 20:16:14,325,26,1461,0
2026-09-03 20:16:15,332,28,1458,0
2026-09-03 20:16:16,330,27,1467,0
2026-09-03 20:16:17,333,20,1459,0
2026-09-03 20:16:18,334,24,1464,0
2026-09-03 20:16:19,330,22,1459,0
2026-09-03 20:16:20,328,22,1467,0
2026-09-03 20:16:21,336,23,1462,0
2026-09-03 20:16:22,342,18,1460,0
2026-09-03 20:16:23,338,26,1457,0
2026-09-03 20:16:24,330,27,1461,0
2026-09-03 20:16:25,342,25,1465,0
2026-09-03 20:16:26,345,13,1470,0
2026-09-03 20:16:27,341,15,1470,0
2026-09-03 20:16:28,336,38,1466,0
2026-09-03 20:16:29,342,32,1460,0
2026-09-03 20:16:30,338,35,1468,0
2026-09-03 20:16:31,351,41,1462,0
2026-09-03 20:16:32,344,37,1461,0
2026-09-03 20:16:33,349,32,1467,0
2026-09-03 20:16:34,348,43,1464,0
2026-09-03 20:16:35,341,44,1457,0
2026-09-03 20:16:36,341,48,1461,0
2026-09-03 20:16:37,358,40,1468,0
2026-09-03 20:16:38,347,45,1457,0
2026-09-03 20:16:39,352,44,1455,0
2026-09-03 20:16:40,349,48,1456,0
2026-09-03 20:16:41,346,48,1461,0
2026-09-03 20:16:42,349,46,1456,0
2026-09-03 20:16:43,353,49,1464,0
2026-09-03 20:16:44,353,44,1466,0
2026-09-03 20:16:45,359,53,1465,0
2026-09-03 20:16:46,351,48,1458,0
2026-09-03 20:16:47,358,51,1457,0
2026-09-03 20:16:48,363,49,1461,0
2026-09-03 20:16:49,355,39,1469,0
2026-09-03 20:16:50,359,55,1458,0
2026-09-03 20:16:51,356,52,1468,0
2026-09-03 20:16:52,358,46,1457,0
2026-09-03 20:16:53,357,52,1469,0
2026-09-03 20:16:54,365,48,1457,0
2026-09-03 20:16:55,360,61,1455,0
2026-09-03 20:16:56,359,52,1459,0
2026-09-03 20:16:57,360,59,1460,0
2026-09-03 20:16:58,359,60,1464,0
2026-09-03 20:16:59,360,68,1456,0
2026-09-03 20:17:00,359,64,1463,0
2026-09-03 20:17:01,364,54,1462,0
2026-09-03 20:17:02,363,59,1463,0
2026-09-03 20:17:03,359,62,1463,0
2026-09-03 20:17:04,360,55,1467,0
2026-09-03 20:17:05,360,56,1457,0
2026-09-03 20:17:06,355,59,1462,0
2026-09-03 20:17:07,356,54,1459,0
2026-09-03 20:17:08,358,51,1458,0
2026-09-03 20:17:09,361,60,1458,0
2026-09-03 20:17:10,360,44,1463,0
2026-09-03 20:17:11,354,52,1460,0
2026-09-03 20:17:12,363,53,1465,0
2026-09-03 20:17:13,355,45,1467,0
2026-09-03 20:17:14,348,50,1462,0
2026-09-03 20:17:15,351,47,1457,0
2026-09-03 20:17:16,352,48,1459,0
2026-09-03 20:17:17,354,52,1460,0
2026-09-03 20:17:18,359,42,1459,0
2026-09-03 20:17:19,354,48,1456,0
2026-09-03 20:17:20,358,48,1455,0
2026-09-03 20:17:21,346,49,1464,0
2026-09-03 20:17:22,357,48,1461,0
2026-09-03 20:17:23,359,47,1455,0
2026-09-03 20:17:24,349,49,1456,0
2026-09-03 20:17:25,362,43,1463,0
2026-09-03 20:17:26,361,49,1464,0
2026-09-03 20:17:27,363,51,1464,0
2026-09-03 20:17:28,360,49,1456,0
2026-09-03 20:17:29,362,49,1456,0
2026-09-03 20:17:30,368,52,1465,0
2026-09-03 20:17:31,364,43,1465,0
2026-09-03 20:17:32,364,49,1459,0
2026-09-03 20:17:33,372,53,1458,0
2026-09-03 20:17:34,371,51,1458,0
2026-09-03 20:17:36,367,38,1461,0
2026-09-03 20:17:36,371,55,1455,0
2026-09-03 20:17:37,369,60,1460,0
2026-09-03 20:17:38,370,58,1463,0
2026-09-03 20:17:39,360,48,1457,0
2026-09-03 20:17:40,363,57,1461,0
2026-09-03 20:17:42,361,53,1460,0
2026-09-03 20:17:43,368,53,1455,0
2026-09-03 20:17:44,374,62,1462,0
2026-09-03 20:17:45,364,57,1463,0
2026-09-03 20:17:45,367,57,1458,0
2026-09-03 20:17:46,367,59,1457,0
2026-09-03 20:17:47,362,51,1460,0
2026-09-03 20:17:48,366,65,1458,0
2026-09-03 20:17:49,367,60,1469,0
2026-09-03 20:17:50,362,66,1460,0
2026-09-03 20:17:51,370,55,1463,0
2026-09-03 20:17:52,366,51,1464,0
2026-09-03 20:17:53,363,64,1466,0
2026-09-03 20:17:54,365,63,1456,0
2026-09-03 20:17:56,373,62,1459,0
2026-09-03 20:17:56,364,64,1466,0
2026-09-03 20:17:57,364,67,1474,0
2026-09-03 20:17:58,362,63,1457,0
2026-09-03 20:17:59,365,65,1461,0
2026-09-03 20:18:00,370,59,1466,0
2026-09-03 20:18:01,358,63,1459,0
2026-09-03 20:18:02,366,64,1460,0
2026-09-03 20:18:03,363,66,1463,0
2026-09-03 20:18:04,366,65,1460,0
2026-09-03 20:18:05,372,56,1462,0
2026-09-03 20:18:06,370,62,1459,0
2026-09-03 20:18:07,359,66,1459,0
2026-09-03 20:18:08,365,64,1466,0
2026-09-03 20:18:09,363,65,1458,0
2026-09-03 20:18:10,366,62,1465,0
2026-09-03 20:18:11,366,67,1460,0
2026-09-03 20:18:12,363,67,1462,0
2026-09-03 20:18:13,367,69,1466,0
2026-09-03 20:18:14,367,67,1461,0
2026-09-03 20:18:15,365,70,1463,0
2026-09-03 20:18:16,371,63,1463,0
2026-09-03 20:18:17,364,69,1461,0
2026-09-03 20:18:18,367,63,1465,0
2026-09-03 20:18:19,368,70,1459,0
2026-09-03 20:18:20,366,72,1457,0
2026-09-03 20:18:21,365,68,1464,0
2026-09-03 20:18:22,361,62,1460,0
2026-09-03 20:18:23,369,68,1460,0
2026-09-03 20:18:24,371,65,1464,0
2026-09-03 20:18:25,364,68,1460,0
2026-09-03 20:18:26,360,63,1458,0
2026-09-03 20:18:27,364,73,1467,0
2026-09-03 20:18:29,369,77,1463,0
2026-09-03 20:18:29,362,74,1459,0
2026-09-03 20:18:30,363,70,1457,0
2026-09-03 20:18:31,368,72,1454,0
2026-09-03 20:18:32,362,72,1464,0
2026-09-03 20:18:34,365,71,1460,0
2026-09-03 20:18:34,362,75,1466,0
2026-09-03 20:18:35,369,79,1465,0
2026-09-03 20:18:36,366,71,1461,0
2026-09-03 20:18:37,359,74,1466,0
2026-09-03 20:18:38,363,74,1458,0
2026-09-03 20:18:39,368,76,1467,0
2026-09-03 20:18:41,367,76,1457,0
2026-09-03 20:18:41,370,71,1469,0
2026-09-03 20:18:42,375,71,1461,0
2026-09-03 20:18:43,370,73,1458,0
2026-09-03 20:18:44,370,77,1456,0
2026-09-03 20:18:45,372,78,1459,0
2026-09-03 20:18:48,376,76,1466,0
2026-09-03 20:18:49,377,82,1461,0
2026-09-03 20:18:49,374,76,1466,0
2026-09-03 20:18:50,375,79,1471,0
2026-09-03 20:18:50,372,82,1463,0
2026-09-03 20:18:51,373,86,1468,0
2026-09-03 20:18:52,379,85,1464,0
2026-09-03 20:18:54,383,84,1466,0
2026-09-03 20:18:54,370,87,1464,0
2026-09-03 20:18:56,367,76,1465,0
2026-09-03 20:18:57,378,79,1470,0
2026-09-03 20:18:57,379,72,1465,0
2026-09-03 20:18:58,375,83,1458,0
2026-09-03 20:18:59,374,79,1458,0
2026-09-03 20:19:00,370,81,1473,0
2026-09-03 20:19:01,371,82,1467,0
2026-09-03 20:19:02,381,63,1475,0
2026-09-03 20:19:03,372,87,1466,0
2026-09-03 20:19:04,379,78,1470,0
2026-09-03 20:19:05,367,74,1466,0
2026-09-03 20:19:06,373,80,1467,0
2026-09-03 20:19:07,363,77,1475,0
2026-09-03 20:19:08,365,82,1461,0
2026-09-03 20:19:09,368,76,1472,0
2026-09-03 20:19:10,370,78,1467,0
2026-09-03 20:19:11,376,88,1464,0
2026-09-03 20:19:12,358,73,1467,0
2026-09-03 20:19:13,360,79,1464,0
2026-09-03 20:19:14,369,78,1456,0
2026-09-03 20:19:15,369,80,1472,0
2026-09-03 20:19:16,363,75,1470,0
2026-09-03 20:19:17,374,81,1477,0
2026-09-03 20:19:18,359,80,1470,0
2026-09-03 20:19:19,365,80,1466,0
2026-09-03 20:19:20,369,79,1470,0
2026-09-03 20:19:21,364,79,1475,0
2026-09-03 20:19:22,364,83,1470,0
2026-09-03 20:19:23,367,72,1469,0
2026-09-03 20:19:24,363,76,1470,0
2026-09-03 20:19:25,360,79,1466,0
2026-09-03 20:19:26,362,76,1469,0
2026-09-03 20:19:27,364,76,1468,0
2026-09-03 20:19:28,361,67,1465,0
2026-09-03 20:19:29,358,77,1472,0
2026-09-03 20:19:30,360,75,1472,0
2026-09-03 20:19:31,363,71,1477,0
2026-09-03 20:19:32,360,76,1469,0
2026-09-03 20:19:33,355,73,1467,0
2026-09-03 20:19:34,357,69,1474,0
2026-09-03 20:19:35,367,72,1470,0
2026-09-03 20:19:36,362,81,1474,0
2026-09-03 20:19:37,366,71,1471,0
2026-09-03 20:19:38,365,68,1471,0
2026-09-03 20:19:39,362,80,1472,0
2026-09-03 20:19:40,359,77,1466,0
2026-09-03 20:19:41,367,69,1471,0
2026-09-03 20:19:42,371,76,1466,0
2026-09-03 20:19:43,358,69,1459,0
2026-09-03 20:19:44,360,74,1466,0
2026-09-03 20:19:45,364,82,1470,0
2026-09-03 20:19:46,365,78,1471,0
2026-09-03 20:19:47,368,78,1469,0
2026-09-03 20:19:48,361,76,1470,0
2026-09-03 20:19:49,372,72,1475,0
2026-09-03 20:19:50,376,82,1461,0
2026-09-03 20:19:51,366,72,1466,0
2026-09-03 20:19:52,363,87,1471,0
2026-09-03 20:19:53,371,83,1466,0
2026-09-03 20:19:54,374,81,1472,0
2026-09-03 20:19:55,362,75,1467,0
2026-09-03 20:19:56,370,86,1468,0
2026-09-03 20:19:57,368,87,1472,0
2026-09-03 20:19:58,378,75,1474,0
2026-09-03 20:19:59,372,84,1468,0
2026-09-03 20:20:00,375,87,1464,0
2026-09-03 20:20:01,394,41,1482,0
2026-09-03 20:20:02,381,81,1470,0
2026-09-03 20:20:03,377,90,1473,0
2026-09-03 20:20:04,373,92,1469,0
2026-09-03 20:20:05,371,87,1468,0
2026-09-03 20:20:06,362,86,1466,0
2026-09-03 20:20:07,376,92,1477,0
2026-09-03 20:20:08,371,88,1470,0
2026-09-03 20:20:09,368,96,1464,0
2026-09-03 20:20:10,374,90,1469,0
2026-09-03 20:20:11,369,79,1470,0
2026-09-03 20:20:12,364,84,1470,0
2026-09-03 20:20:13,371,82,1472,0
2026-09-03 20:20:14,372,86,1467,0
2026-09-03 20:20:15,368,79,1469,0
2026-09-03 20:20:16,363,81,1470,0
2026-09-03 20:20:17,361,75,1474,0
2026-09-03 20:20:18,355,78,1475,0
2026-09-03 20:20:19,360,78,1468,0
2026-09-03 20:20:20,355,76,1470,0
2026-09-03 20:20:21,358,76,1474,0
2026-09-03 20:20:22,352,73,1469,0
2026-09-03 20:20:23,360,72,1475,0
2026-09-03 20:20:24,354,81,1469,0
2026-09-03 20:20:25,356,75,1471,0
2026-09-03 20:20:26,348,74,1470,0
2026-09-03 20:20:27,354,65,1468,0
2026-09-03 20:20:28,355,70,1472,0
2026-09-03 20:20:29,344,55,1470,0
2026-09-03 20:20:31,343,65,1467,0
2026-09-03 20:20:31,350,59,1468,0
2026-09-03 20:20:33,339,67,1461,0
2026-09-03 20:20:34,339,57,1473,0
2026-09-03 20:20:34,338,59,1471,0
2026-09-03 20:20:35,343,62,1479,0
2026-09-03 20:20:36,343,59,1471,0
2026-09-03 20:20:37,334,58,1472,0
2026-09-03 20:20:38,331,50,1473,0
2026-09-03 20:20:39,337,59,1465,0
2026-09-03 20:20:41,342,51,1471,0
2026-09-03 20:20:41,341,54,1472,0
2026-09-03 20:20:42,333,57,1470,0
2026-09-03 20:20:43,335,50,1474,0
2026-09-03 20:20:44,343,45,1476,0
2026-09-03 20:20:45,333,44,1477,0
2026-09-03 20:20:46,331,48,1471,0
2026-09-03 20:20:47,327,45,1472,0
2026-09-03 20:20:48,328,52,1479,0
2026-09-03 20:20:49,331,52,1473,0
2026-09-03 20:20:50,323,44,1470,0
2026-09-03 20:20:51,333,40,1468,0
2026-09-03 20:20:52,329,46,1476,0
2026-09-03 20:20:53,332,37,1477,0
2026-09-03 20:20:54,331,48,1468,0
2026-09-03 20:20:55,326,43,1475,0
2026-09-03 20:20:56,325,44,1474,0
2026-09-03 20:20:57,335,49,1461,0
2026-09-03 20:20:58,332,42,1471,0
2026-09-03 20:20:59,328,44,1462,0
2026-09-03 20:21:00,334,46,1471,0
2026-09-03 20:21:01,333,45,1473,0
2026-09-03 20:21:02,342,44,1475,0
2026-09-03 20:21:03,334,46,1465,0
2026-09-03 20:21:04,334,51,1472,0
2026-09-03 20:21:05,346,58,1471,0
2026-09-03 20:21:06,340,52,1476,0
2026-09-03 20:21:07,341,53,1470,0
2026-09-03 20:21:08,345,52,1478,0
2026-09-03 20:21:09,346,63,1477,0
2026-09-03 20:21:10,352,56,1469,0
2026-09-03 20:21:11,351,60,1469,0
2026-09-03 20:21:12,356,60,1470,0
2026-09-03 20:21:13,354,61,1478,0
2026-09-03 20:21:14,350,53,1473,0
2026-09-03 20:21:15,355,59,1473,0
2026-09-03 20:21:16,349,60,1471,0
2026-09-03 20:21:17,357,64,1467,0
2026-09-03 20:21:18,352,63,1479,0
2026-09-03 20:21:19,355,69,1476,0
2026-09-03 20:21:20,346,59,1472,0
2026-09-03 20:21:21,359,53,1474,0
2026-09-03 20:21:22,350,55,1473,0
2026-09-03 20:21:23,354,54,1475,0
2026-09-03 20:21:24,348,56,1483,0
2026-09-03 20:21:25,346,60,1476,0
2026-09-03 20:21:26,345,56,1481,0
2026-09-03 20:21:27,348,57,1475,0
2026-09-03 20:21:28,341,52,1473,0
2026-09-03 20:21:29,339,46,1480,0
2026-09-03 20:21:30,345,51,1472,0
2026-09-03 20:21:31,339,56,1481,0
2026-09-03 20:21:32,344,50,1474,0
2026-09-03 20:21:33,349,56,1477,0
2026-09-03 20:21:34,338,50,1477,0
2026-09-03 20:21:35,349,46,1480,0
2026-09-03 20:21:36,335,49,1472,0
2026-09-03 20:21:37,342,48,1475,0
2026-09-03 20:21:38,344,48,1475,0
2026-09-03 20:21:39,339,52,1474,0
2026-09-03 20:21:40,336,42,1478,0
2026-09-03 20:21:41,343,48,1471,0
2026-09-03 20:21:42,341,43,1478,0
2026-09-03 20:21:43,336,40,1474,0
2026-09-03 20:21:44,343,44,1474,0
2026-09-03 20:21:45,340,48,1478,0
2026-09-03 20:21:46,340,44,1473,0
2026-09-03 20:21:47,334,45,1471,0
2026-09-03 20:21:48,349,46,1471,0
2026-09-03 20:21:49,351,50,1478,0
2026-09-03 20:21:50,350,44,1474,0
2026-09-03 20:21:51,340,43,1467,0
2026-09-03 20:21:52,344,36,1465,0
2026-09-03 20:21:53,346,45,1476,0
2026-09-03 20:21:54,347,45,1466,0
2026-09-03 20:21:55,345,45,1475,0
2026-09-03 20:21:56,355,42,1479,0
2026-09-03 20:21:57,351,46,1476,0
2026-09-03 20:21:58,353,35,1478,0
2026-09-03 20:21:59,344,40,1473,0
2026-09-03 20:22:00,355,43,1475,0
2026-09-03 20:22:01,343,48,1473,0
2026-09-03 20:22:02,344,47,1482,0
2026-09-03 20:22:03,347,49,1479,0
2026-09-03 20:22:04,358,45,1479,0
2026-09-03 20:22:05,356,45,1471,0
2026-09-03 20:22:06,354,48,1485,0
2026-09-03 20:22:07,355,47,1484,0
2026-09-03 20:22:08,353,39,1477,0
2026-09-03 20:22:09,354,47,1481,0
2026-09-03 20:22:10,355,54,1483,0
2026-09-03 20:22:11,354,49,1486,0
2026-09-03 20:22:12,361,44,1481,0
2026-09-03 20:22:13,355,48,1484,0
2026-09-03 20:22:14,357,39,1478,0
2026-09-03 20:22:15,361,45,1483,0
2026-09-03 20:22:16,360,42,1476,0
2026-09-03 20:22:17,357,55,1475,0
2026-09-03 20:22:18,353,46,1486,0
2026-09-03 20:22:19,352,40,1483,0
2026-09-03 20:22:20,349,48,1478,0
2026-09-03 20:22:21,348,37,1485,0
2026-09-03 20:22:22,350,48,1481,0
2026-09-03 20:22:23,352,43,1477,0
2026-09-03 20:22:24,352,38,1487,0
2026-09-03 20:22:25,353,36,1484,0
2026-09-03 20:22:26,348,34,1493,0
2026-09-03 20:22:27,347,40,1484,0
2026-09-03 20:22:28,354,39,1489,0
2026-09-03 20:22:29,353,35,1489,0
2026-09-03 20:22:30,349,37,1482,0
2026-09-03 20:22:31,349,40,1495,0
2026-09-03 20:22:32,341,35,1490,0
2026-09-03 20:22:33,343,34,1487,0
2026-09-03 20:22:34,350,34,1489,0
2026-09-03 20:22:35,354,40,1494,0
2026-09-03 20:22:36,347,37,1487,0
2026-09-03 20:22:37,353,34,1494,0
2026-09-03 20:22:38,352,34,1491,0
2026-09-03 20:22:39,340,37,1490,0
2026-09-03 20:22:40,348,29,1489,0
2026-09-03 20:22:41,354,35,1491,0
2026-09-03 20:22:42,356,30,1489,0
2026-09-03 20:22:43,352,30,1495,0
2026-09-03 20:22:45,347,24,1491,0
2026-09-03 20:22:45,352,26,1489,0
2026-09-03 20:22:46,334,28,1493,0
2026-09-03 20:22:47,346,28,1489,0
2026-09-03 20:22:48,351,21,1490,0
2026-09-03 20:22:49,345,26,1483,0
2026-09-03 20:22:50,344,21,1487,0
2026-09-03 20:22:51,344,20,1491,0
2026-09-03 20:22:52,348,21,1486,0
2026-09-03 20:22:53,342,20,1492,0
2026-09-03 20:22:54,337,18,1495,0
2026-09-03 20:22:55,342,25,1495,0
2026-09-03 20:22:56,343,16,1482,0
2026-09-03 20:22:57,337,19,1491,0
2026-09-03 20:22:58,342,21,1488,0
2026-09-03 20:22:59,347,24,1492,0
2026-09-03 20:23:00,344,30,1493,0
2026-09-03 20:23:01,351,19,1492,0
2026-09-03 20:23:02,345,22,1488,0
2026-09-03 20:23:03,341,25,1487,0
2026-09-03 20:23:04,341,19,1492,0
2026-09-03 20:23:05,349,26,1487,0
2026-09-03 20:23:06,351,27,1494,0
2026-09-03 20:23:07,353,32,1488,0
2026-09-03 20:23:08,353,28,1486,0
2026-09-03 20:23:09,358,34,1491,0
2026-09-03 20:23:10,355,25,1483,0
2026-09-03 20:23:11,354,35,1485,0
2026-09-03 20:23:12,350,27,1488,0
2026-09-03 20:23:13,355,29,1487,0
2026-09-03 20:23:14,350,37,1480,0
2026-09-03 20:23:15,355,39,1483,0
2026-09-03 20:23:16,358,31,1482,0
2026-09-03 20:23:17,363,42,1491,0
2026-09-03 20:23:18,361,39,1481,0
2026-09-03 20:23:19,359,37,1485,0
2026-09-03 20:23:20,361,39,1487,0
2026-09-03 20:23:21,360,37,1485,0
2026-09-03 20:23:22,363,40,1487,0
2026-09-03 20:23:23,365,35,1482,0
2026-09-03 20:23:24,362,38,1487,0
2026-09-03 20:23:25,363,38,1485,0
2026-09-03 20:23:26,359,37,1481,0
2026-09-03 20:23:27,363,37,1487,0
2026-09-03 20:23:28,371,34,1488,0
2026-09-03 20:23:29,353,41,1483,0
2026-09-03 20:23:30,357,36,1487,0
2026-09-03 20:23:31,365,42,1486,0
2026-09-03 20:23:32,354,46,1489,0
2026-09-03 20:23:33,363,40,1491,0
2026-09-03 20:23:34,350,39,1491,0
2026-09-03 20:23:35,356,35,1487,0
2026-09-03 20:23:36,350,36,1483,0
2026-09-03 20:23:37,352,41,1492,0
2026-09-03 20:23:38,356,31,1481,0
2026-09-03 20:23:39,349,34,1489,0
2026-09-03 20:23:40,359,33,1484,0
2026-09-03 20:23:41,356,31,1488,0
2026-09-03 20:23:42,351,27,1483,0
2026-09-03 20:23:43,353,27,1484,0
2026-09-03 20:23:44,358,27,1495,0
2026-09-03 20:23:45,349,34,1487,0
2026-09-03 20:23:46,341,23,1481,0
2026-09-03 20:23:47,345,23,1482,0
2026-09-03 20:23:48,343,22,1481,0
2026-09-03 20:23:49,346,22,1488,0
2026-09-03 20:23:50,351,19,1488,0
2026-09-03 20:23:51,345,20,1489,0
2026-09-03 20:23:52,343,27,1489,0
2026-09-03 20:23:53,348,15,1480,0
2026-09-03 20:23:54,348,19,1492,0
2026-09-03 20:23:55,335,25,1486,0
2026-09-03 20:23:56,345,21,1487,0
2026-09-03 20:23:57,337,21,1491,0
2026-09-03 20:23:58,347,27,1492,0
2026-09-03 20:23:59,340,21,1483,0
2026-09-03 20:24:00,342,15,1480,0
2026-09-03 20:24:01,340,17,1489,0
2026-09-03 20:24:02,344,15,1486,0
2026-09-03 20:24:03,344,11,1482,0
2026-09-03 20:24:04,343,13,1485,0
2026-09-03 20:24:05,339,14,1484,0
2026-09-03 20:24:06,338,11,1484,0
2026-09-03 20:24:07,345,16,1484,0
2026-09-03 20:24:08,348,19,1480,0
2026-09-03 20:24:09,350,17,1490,0
2026-09-03 20:24:10,347,9,1486,0
2026-09-03 20:24:11,347,12,1480,0
2026-09-03 20:24:12,341,14,1485,0
2026-09-03 20:24:13,342,11,1495,0
2026-09-03 20:24:14,350,7,1483,0
2026-09-03 20:24:15,349,16,1493,0
2026-09-03 20:24:16,344,7,1484,0
2026-09-03 20:24:17,347,0,1495,0
2026-09-03 20:24:18,347,7,1485,0
2026-09-03 20:24:19,346,4,1497,0
2026-09-03 20:24:20,353,5,1490,0
2026-09-03 20:24:21,342,10,1486,0
2026-09-03 20:24:22,344,10,1489,0
2026-09-03 20:24:23,349,6,1490,0
2026-09-03 20:24:24,357,5,1491,0
2026-09-03 20:24:25,348,3,1486,0
2026-09-03 20:24:26,341,6,1486,0
2026-09-03 20:24:27,343,11,1488,0
2026-09-03 20:24:28,347,6,1489,0
2026-09-03 20:24:29,341,7,1495,0
2026-09-03 20:24:30,347,0,1489,0
2026-09-03 20:24:31,353,8,1498,0
2026-09-03 20:24:32,352,0,1489,0
2026-09-03 20:24:33,357,0,1497,0
2026-09-03 20:24:34,353,0,1499,0
2026-09-03 20:24:35,344,3,1489,0
2026-09-03 20:24:36,343,0,1490,0
2026-09-03 20:24:37,340,0,1493,0
2026-09-03 20:24:38,347,0,1494,0
2026-09-03 20:24:39,348,0,1492,0
2026-09-03 20:24:40,347,2,1491,0
2026-09-03 20:24:41,349,0,1491,0
2026-09-03 20:24:42,345,0,1483,0
2026-09-03 20:24:43,338,0,1492,0
2026-09-03 20:24:44,336,3,1489,0
2026-09-03 20:24:45,346,0,1485,0
2026-09-03 20:24:46,353,0,1490,0
2026-09-03 20:24:47,347,0,1502,0
2026-09-03 20:24:48,343,0,1490,0
2026-09-03 20:24:49,347,0,1493,0
2026-09-03 20:24:50,344,0,1490,0
2026-09-03 20:24:51,351,0,1486,0
2026-09-03 20:24:52,345,0,1494,0
2026-09-03 20:24:53,350,0,1489,0
2026-09-03 20:24:54,346,0,1492,0
2026-09-03 20:24:55,352,0,1496,0
2026-09-03 20:24:56,354,0,1492,0
2026-09-03 20:24:57,355,1,1486,0
2026-09-03 20:24:58,356,0,1496,0
2026-09-03 20:24:59,352,0,1490,0
2026-09-03 20:25:00,357,0,1497,0
2026-09-03 20:25:01,354,0,1486,0
2026-09-03 20:25:02,359,0,1486,0
2026-09-03 20:25:03,365,0,1492,0
2026-09-03 20:25:04,361,0,1494,0
2026-09-03 20:25:05,354,0,1488,0
2026-09-03 20:25:06,359,0,1488,0
2026-09-03 20:25:07,359,0,1495,0
2026-09-03 20:25:08,369,0,1495,0
2026-09-03 20:25:09,360,0,1490,0
2026-09-03 20:25:10,365,3,1490,0
2026-09-03 20:25:11,361,0,1480,0
2026-09-03 20:25:12,366,0,1486,0
2026-09-03 20:25:13,366,0,1490,0
2026-09-03 20:25:14,362,0,1490,0
2026-09-03 20:25:15,365,0,1494,0
2026-09-03 20:25:16,365,0,1493,0
2026-09-03 20:25:17,367,0,1488,0
2026-09-03 20:25:18,361,2,1497,0
2026-09-03 20:25:19,367,0,1493,0
2026-09-03 20:25:20,372,0,1497,0
2026-09-03 20:25:21,376,0,1491,0
2026-09-03 20:25:22,371,0,1488,0
2026-09-03 20:25:23,373,0,1488,0
2026-09-03 20:25:24,371,0,1498,0
2026-09-03 20:25:25,378,0,1486,0
2026-09-03 20:25:26,378,0,1492,0
2026-09-03 20:25:27,380,0,1488,0
2026-09-03 20:25:28,383,0,1497,0
2026-09-03 20:25:29,375,0,1486,0
2026-09-03 20:25:30,376,0,1489,0
2026-09-03 20:25:31,375,0,1485,0
2026-09-03 20:25:32,375,0,1494,0
2026-09-03 20:25:33,371,0,1497,0
2026-09-03 20:25:34,372,0,1492,0
2026-09-03 20:25:35,371,0,1488,0
2026-09-03 20:25:36,377,0,1489,0
2026-09-03 20:25:37,376,0,1496,0
2026-09-03 20:25:38,374,0,1496,0
2026-09-03 20:25:39,369,0,1490,0
2026-09-03 20:25:40,379,0,1490,0
2026-09-03 20:25:41,375,0,1499,0
2026-09-03 20:25:42,375,0,1497,0
2026-09-03 20:25:43,376,0,1493,0
2026-09-03 20:25:44,381,0,1494,0
2026-09-03 20:25:45,372,0,1488,0
2026-09-03 20:25:46,380,0,1490,0
2026-09-03 20:25:47,377,0,1495,0
2026-09-03 20:25:48,376,0,1492,0
2026-09-03 20:25:49,383,0,1496,0
2026-09-03 20:25:50,377,0,1493,0
2026-09-03 20:25:51,372,0,1497,0
2026-09-03 20:25:52,372,0,1496,0
2026-09-03 20:25:53,377,0,1496,0
2026-09-03 20:25:54,374,0,1496,0
2026-09-03 20:25:55,374,0,1493,0
2026-09-03 20:25:56,375,0,1494,0
2026-09-03 20:25:57,381,0,1494,0
2026-09-03 20:25:58,386,0,1500,0
2026-09-03 20:25:59,382,0,1500,0
2026-09-03 20:26:00,378,0,1499,0
2026-09-03 20:26:01,385,0,1501,0
2026-09-03 20:26:02,384,0,1495,0
2026-09-03 20:26:03,383,0,1492,0
2026-09-03 20:26:04,381,0,1502,0
2026-09-03 20:26:05,387,0,1494,0
2026-09-03 20:26:06,386,0,1497,0
2026-09-03 20:26:07,383,0,1494,0
2026-09-03 20:26:08,382,0,1501,0
2026-09-03 20:26:09,384,0,1501,0
2026-09-03 20:26:10,387,0,1497,0
2026-09-03 20:26:11,379,0,1500,0
2026-09-03 20:26:12,384,0,1501,0
2026-09-03 20:26:13,380,0,1506,0
2026-09-03 20:26:14,385,0,1508,0
2026-09-03 20:26:15,380,0,1499,0
2026-09-03 20:26:16,382,0,1496,0
2026-09-03 20:26:17,376,0,1498,0
2026-09-03 20:26:18,375,0,1502,0
2026-09-03 20:26:19,385,0,1490,0
2026-09-03 20:26:20,376,0,1501,0
2026-09-03 20:26:21,379,0,1503,0
2026-09-03 20:26:22,382,0,1501,0
2026-09-03 20:26:23,389,0,1505,0
2026-09-03 20:26:24,385,0,1494,0
2026-09-03 20:26:25,385,0,1492,0
2026-09-03 20:26:26,384,0,1497,0
2026-09-03 20:26:27,383,0,1495,0
2026-09-03 20:26:28,382,0,1497,0
2026-09-03 20:26:29,380,0,1502,0
2026-09-03 20:26:30,388,0,1500,0
2026-09-03 20:26:31,384,0,1494,0
2026-09-03 20:26:32,377,0,1495,0
2026-09-03 20:26:33,391,0,1503,0
2026-09-03 20:26:34,378,0,1500,0
2026-09-03 20:26:35,386,0,1501,0
2026-09-03 20:26:36,387,0,1498,0
2026-09-03 20:26:37,382,0,1496,0
2026-09-03 20:26:38,384,0,1502,0
2026-09-03 20:26:39,387,0,1502,0
2026-09-03 20:26:40,394,0,1495,0
2026-09-03 20:26:41,389,0,1501,0
2026-09-03 20:26:42,380,0,1500,0
2026-09-03 20:26:43,384,0,1496,0
2026-09-03 20:26:44,390,0,1503,0
2026-09-03 20:26:45,384,0,1497,0
2026-09-03 20:26:46,381,0,1495,0
2026-09-03 20:26:47,388,0,1499,0
2026-09-03 20:26:48,395,0,1502,0
2026-09-03 20:26:49,398,0,1498,0
2026-09-03 20:26:50,387,0,1504,0
2026-09-03 20:26:51,394,0,1502,0
2026-09-03 20:26:52,393,0,1495,0
2026-09-03 20:26:53,394,0,1508,0
2026-09-03 20:26:54,400,0,1504,0
2026-09-03 20:26:55,392,0,1504,0
2026-09-03 20:26:56,395,0,1497,0
2026-09-03 20:26:57,400,0,1505,0
2026-09-03 20:26:58,402,0,1501,0
2026-09-03 20:26:59,404,0,1502,0
2026-09-03 20:27:00,403,0,1500,0
2026-09-03 20:27:01,401,0,1504,0
2026-09-03 20:27:02,402,0,1503,0
2026-09-03 20:27:03,406,0,1496,0
2026-09-03 20:27:04,406,0,1504,0
2026-09-03 20:27:05,409,0,1500,0
2026-09-03 20:27:06,410,0,1500,0
2026-09-03 20:27:07,409,0,1500,0
2026-09-03 20:27:08,408,0,1502,0
2026-09-03 20:27:09,400,0,1503,0
2026-09-03 20:27:10,410,0,1499,0
2026-09-03 20:27:11,404,0,1508,0
2026-09-03 20:27:12,408,0,1498,0
2026-09-03 20:27:13,402,0,1501,0
2026-09-03 20:27:14,406,0,1509,0
2026-09-03 20:27:15,405,0,1502,0
2026-09-03 20:27:16,407,0,1501,0
2026-09-03 20:27:17,410,0,1506,0
2026-09-03 20:27:18,405,0,1507,0
2026-09-03 20:27:19,408,0,1502,0
2026-09-03 20:27:20,401,0,1498,0
2026-09-03 20:27:21,406,0,1502,0
2026-09-03 20:27:22,403,0,1498,0
2026-09-03 20:27:23,405,0,1501,0
2026-09-03 20:27:24,408,0,1501,0
2026-09-03 20:27:25,406,0,1502,0
2026-09-03 20:27:26,406,0,1502,0
2026-09-03 20:27:27,406,0,1507,0
2026-09-03 20:27:28,394,0,1501,0
2026-09-03 20:27:29,407,0,1506,0
2026-09-03 20:27:30,409,0,1502,0
2026-09-03 20:27:31,412,0,1494,0
2026-09-03 20:27:32,410,0,1498,0
2026-09-03 20:27:33,406,0,1497,0
2026-09-03 20:27:34,403,0,1497,0
2026-09-03 20:27:35,406,0,1497,0
2026-09-03 20:27:36,405,0,1499,0
2026-09-03 20:27:37,410,0,1502,0
2026-09-03 20:27:38,412,0,1505,0
2026-09-03 20:27:39,412,0,1501,0
2026-09-03 20:27:40,414,0,1496,0
2026-09-03 20:27:41,409,0,1490,0
2026-09-03 20:27:42,417,0,1495,0
2026-09-03 20:27:43,417,0,1494,0
2026-09-03 20:27:44,411,0,1500,0
2026-09-03 20:27:45,417,0,1493,0
2026-09-03 20:27:46,412,0,1501,0
2026-09-03 20:27:47,416,0,1504,0
2026-09-03 20:27:48,414,0,1498,0
2026-09-03 20:27:49,416,0,1497,0
2026-09-03 20:27:50,413,0,1501,0
2026-09-03 20:27:51,416,0,1506,0
2026-09-03 20:27:52,415,0,1497,0
2026-09-03 20:27:53,420,0,1500,0
2026-09-03 20:27:54,419,0,1506,0
2026-09-03 20:27:55,415,0,1506,0
2026-09-03 20:27:56,419,0,1497,0
2026-09-03 20:27:57,413,0,1501,0
2026-09-03 20:27:58,422,0,1500,0
2026-09-03 20:27:59,422,0,1499,0
2026-09-03 20:28:00,422,0,1501,0
2026-09-03 20:28:01,421,0,1498,0
2026-09-03 20:28:02,421,0,1496,0
2026-09-03 20:28:03,425,0,1503,0
2026-09-03 20:28:04,420,0,1494,0
2026-09-03 20:28:05,419,0,1491,0
2026-09-03 20:28:06,422,0,1494,0
2026-09-03 20:28:07,419,0,1511,0
2026-09-03 20:28:08,428,0,1500,0
2026-09-03 20:28:09,426,0,1500,0
2026-09-03 20:28:10,434,0,1501,0
2026-09-03 20:28:11,429,0,1499,0
2026-09-03 20:28:12,426,0,1502,0
2026-09-03 20:28:13,429,0,1501,0
2026-09-03 20:28:14,424,0,1501,0
2026-09-03 20:28:15,428,0,1502,0
2026-09-03 20:28:16,426,0,1506,0
2026-09-03 20:28:17,436,0,1502,0
2026-09-03 20:28:18,430,0,1501,0
2026-09-03 20:28:19,425,0,1507,0
2026-09-03 20:28:20,430,0,1502,0
2026-09-03 20:28:21,423,0,1498,0
2026-09-03 20:28:22,429,0,1499,0
2026-09-03 20:28:23,418,0,1498,0
2026-09-03 20:28:24,421,0,1501,0
2026-09-03 20:28:25,422,0,1504,0
2026-09-03 20:28:26,420,0,1497,0
2026-09-03 20:28:27,414,0,1496,0
2026-09-03 20:28:28,424,0,1506,0
2026-09-03 20:28:29,422,0,1509,0
2026-09-03 20:28:30,423,0,1504,0
2026-09-03 20:28:31,417,0,1502,0
2026-09-03 20:28:32,422,0,1507,0
2026-09-03 20:28:33,416,0,1508,0
2026-09-03 20:28:34,421,0,1509,0
2026-09-03 20:28:35,417,0,1499,0
2026-09-03 20:28:36,413,0,1506,0
2026-09-03 20:28:37,416,0,1506,0
2026-09-03 20:28:38,406,0,1505,0
2026-09-03 20:28:39,416,0,1501,0
2026-09-03 20:28:40,413,0,1506,0
2026-09-03 20:28:41,405,0,1507,0
2026-09-03 20:28:42,400,0,1503,0
2026-09-03 20:28:43,404,0,1508,0
2026-09-03 20:28:44,404,0,1505,0
2026-09-03 20:28:45,408,0,1500,0
2026-09-03 20:28:46,398,0,1501,0
2026-09-03 20:28:47,398,0,1511,0
2026-09-03 20:28:48,404,0,1505,0
2026-09-03 20:28:49,414,0,1499,0
2026-09-03 20:28:50,408,0,1511,0
2026-09-03 20:28:51,407,0,1498,0
2026-09-03 20:28:52,408,0,1509,0
2026-09-03 20:28:53,410,0,1505,0
2026-09-03 20:28:54,412,0,1502,0
2026-09-03 20:28:55,407,0,1504,0
2026-09-03 20:28:56,406,0,1500,0
2026-09-03 20:28:57,404,0,1506,0
2026-09-03 20:28:58,406,0,1506,0
2026-09-03 20:28:59,424,0,1500,0
2026-09-03 20:29:00,408,0,1502,0
2026-09-03 20:29:01,407,0,1497,0
2026-09-03 20:29:02,412,0,1507,0
2026-09-03 20:29:03,417,0,1509,0
2026-09-03 20:29:04,414,0,1500,0
2026-09-03 20:29:05,417,0,1506,0
2026-09-03 20:29:06,416,0,1503,0
2026-09-03 20:29:07,411,0,1501,0
2026-09-03 20:29:08,424,0,1501,0
2026-09-03 20:29:09,411,0,1507,0
2026-09-03 20:29:10,429,0,1505,0
2026-09-03 20:29:11,429,0,1504,0
2026-09-03 20:29:12,425,0,1506,0
2026-09-03 20:29:13,422,0,1511,0
2026-09-03 20:29:14,425,0,1504,0
2026-09-03 20:29:15,424,0,1501,0
2026-09-03 20:29:16,429,0,1500,0
2026-09-03 20:29:17,418,0,1506,0
2026-09-03 20:29:18,424,0,1503,0
2026-09-03 20:29:19,428,0,1504,0
2026-09-03 20:29:20,432,0,1513,0
2026-09-03 20:29:21,422,0,1510,0
2026-09-03 20:29:22,430,0,1507,0
2026-09-03 20:29:23,430,0,1512,0
2026-09-03 20:29:24,425,0,1505,0
2026-09-03 20:29:25,424,0,1512,0
2026-09-03 20:29:26,431,0,1508,0
2026-09-03 20:29:27,436,0,1505,0
2026-09-03 20:29:28,438,0,1501,0
2026-09-03 20:29:29,426,0,1508,0
2026-09-03 20:29:30,435,0,1511,0
2026-09-03 20:29:31,430,0,1504,0
2026-09-03 20:29:32,425,0,1510,0
2026-09-03 20:29:33,433,0,1502,0
2026-09-03 20:29:34,425,0,1517,0
2026-09-03 20:29:35,441,0,1509,0
2026-09-03 20:29:36,437,0,1516,0
2026-09-03 20:29:37,430,0,1508,0
2026-09-03 20:29:38,425,0,1519,0
2026-09-03 20:29:39,426,0,1510,0
2026-09-03 20:29:40,425,0,1512,0
2026-09-03 20:29:41,421,0,1509,0
2026-09-03 20:29:42,425,0,1513,0
2026-09-03 20:29:43,432,0,1505,0
2026-09-03 20:29:44,419,0,1504,0
2026-09-03 20:29:45,424,0,1509,0
2026-09-03 20:29:46,418,0,1510,0
2026-09-03 20:29:47,417,0,1513,0
2026-09-03 20:29:48,419,0,1507,0
2026-09-03 20:29:49,424,0,1510,0
2026-09-03 20:29:50,423,0,1515,0
2026-09-03 20:29:51,419,0,1513,0
2026-09-03 20:29:52,424,0,1507,0
2026-09-03 20:29:53,423,0,1505,0
2026-09-03 20:29:54,422,0,1510,0
2026-09-03 20:29:55,417,0,1508,0
2026-09-03 20:29:56,416,0,1509,0
2026-09-03 20:29:57,421,0,1509,0
2026-09-03 20:29:58,420,0,1513,0
2026-09-03 20:29:59,431,0,1511,0
2026-09-03 20:30:00,416,0,1508,0
2026-09-03 20:30:01,417,0,1511,0
2026-09-03 20:30:02,419,0,1503,0
2026-09-03 20:30:03,420,0,1503,0
2026-09-03 20:30:04,422,0,1511,0
2026-09-03 20:30:05,420,0,1508,0
2026-09-03 20:30:06,421,0,1501,0
2026-09-03 20:30:07,415,0,1500,0
2026-09-03 20:30:08,413,0,1509,0
2026-09-03 20:30:09,412,0,1507,0
2026-09-03 20:30:10,421,0,1500,0
2026-09-03 20:30:11,417,0,1510,0
2026-09-03 20:30:12,423,0,1495,0
2026-09-03 20:30:13,428,0,1504,0
2026-09-03 20:30:14,414,0,1510,0
2026-09-03 20:30:15,423,0,1500,0
2026-09-03 20:30:16,429,0,1507,0
2026-09-03 20:30:17,413,0,1504,0
2026-09-03 20:30:18,409,0,1509,0
2026-09-03 20:30:19,419,0,1501,0
2026-09-03 20:30:20,423,0,1509,0
2026-09-03 20:30:21,422,0,1506,0
2026-09-03 20:30:22,419,0,1509,0
2026-09-03 20:30:23,414,0,1509,0
2026-09-03 20:30:24,436,0,1508,0
2026-09-03 20:30:25,422,0,1509,0
2026-09-03 20:30:26,417,0,1507,0
2026-09-03 20:30:27,424,0,1507,0
2026-09-03 20:30:28,426,0,1504,0
2026-09-03 20:30:29,427,0,1506,0
2026-09-03 20:30:30,427,0,1502,0
2026-09-03 20:30:31,428,0,1504,0
2026-09-03 20:30:32,431,0,1506,0
2026-09-03 20:30:33,434,0,1508,0
2026-09-03 20:30:34,427,0,1505,0
2026-09-03 20:30:35,437,0,1506,0
2026-09-03 20:30:36,433,0,1505,0
2026-09-03 20:30:37,439,0,1507,0
2026-09-03 20:30:38,443,0,1498,0
2026-09-03 20:30:39,441,0,1507,0
2026-09-03 20:30:40,440,0,1506,0
2026-09-03 20:30:41,437,0,1502,0
2026-09-03 20:30:43,444,0,1499,0
2026-09-03 20:30:43,447,0,1503,0
2026-09-03 20:30:44,443,0,1506,0
2026-09-03 20:30:45,446,0,1503,0
2026-09-03 20:30:46,443,0,1504,0
2026-09-03 20:30:47,447,0,1503,0
2026-09-03 20:30:48,444,0,1502,0
2026-09-03 20:30:49,443,0,1501,0
2026-09-03 20:30:50,448,0,1502,0
2026-09-03 20:30:51,448,0,1505,0
2026-09-03 20:30:52,448,0,1508,0
2026-09-03 20:30:53,446,0,1511,0
2026-09-03 20:30:54,447,0,1508,0
2026-09-03 20:30:55,441,0,1501,0
2026-09-03 20:30:56,446,0,1511,0
2026-09-03 20:30:57,453,0,1506,0
2026-09-03 20:30:58,447,0,1516,0
2026-09-03 20:30:59,443,0,1505,0
2026-09-03 20:31:00,450,0,1505,0
2026-09-03 20:31:01,451,0,1511,0
2026-09-03 20:31:02,451,0,1505,0
2026-09-03 20:31:03,446,0,1501,0
2026-09-03 20:31:04,458,0,1503,0
2026-09-03 20:31:05,451,0,1512,0
2026-09-03 20:31:06,457,0,1506,0
2026-09-03 20:31:07,468,0,1510,0
2026-09-03 20:31:08,466,0,1506,0
2026-09-03 20:31:09,461,0,1513,0
2026-09-03 20:31:10,465,0,1508,0
2026-09-03 20:31:11,468,0,1511,0
2026-09-03 20:31:12,471,0,1503,0
2026-09-03 20:31:13,466,0,1506,0
2026-09-03 20:31:14,452,0,1516,0
2026-09-03 20:31:15,468,0,1498,0
2026-09-03 20:31:16,463,0,1515,0
2026-09-03 20:31:17,474,0,1510,0
2026-09-03 20:31:18,463,0,1505,0
2026-09-03 20:31:19,458,0,1509,0
2026-09-03 20:31:20,472,0,1510,0
2026-09-03 20:31:21,468,0,1502,0
2026-09-03 20:31:22,468,0,1509,0
2026-09-03 20:31:23,469,1,1505,0
2026-09-03 20:31:24,474,0,1516,0
2026-09-03 20:31:25,467,4,1515,0
2026-09-03 20:31:26,467,0,1504,0
2026-09-03 20:31:27,467,0,1507,0
2026-09-03 20:31:28,466,0,1510,0
2026-09-03 20:31:29,460,0,1510,0
2026-09-03 20:31:30,468,0,1506,0
2026-09-03 20:31:31,468,0,1510,0
2026-09-03 20:31:32,474,0,1508,0
2026-09-03 20:31:33,469,0,1504,0
2026-09-03 20:31:34,472,0,1505,0
2026-09-03 20:31:35,464,0,1505,0
2026-09-03 20:31:36,470,0,1507,0
2026-09-03 20:31:37,464,0,1513,0
2026-09-03 20:31:38,461,0,1508,0
2026-09-03 20:31:39,466,0,1502,0
2026-09-03 20:31:40,463,0,1508,0
2026-09-03 20:31:41,468,0,1513,0
2026-09-03 20:31:42,466,0,1515,0
2026-09-03 20:31:43,466,0,1507,0
2026-09-03 20:31:44,462,0,1511,0
2026-09-03 20:31:45,465,0,1509,0
2026-09-03 20:31:46,459,0,1514,0
2026-09-03 20:31:47,456,0,1510,0
2026-09-03 20:31:48,452,0,1510,0
2026-09-03 20:31:49,463,0,1513,0
2026-09-03 20:31:50,458,0,1514,0
2026-09-03 20:31:51,462,0,1514,0
2026-09-03 20:31:52,452,0,1511,0
2026-09-03 20:31:53,463,0,1511,0
2026-09-03 20:31:54,463,0,1517,0
2026-09-03 20:31:55,462,0,1511,0
2026-09-03 20:31:56,458,0,1516,0
2026-09-03 20:31:57,456,0,1512,0
2026-09-03 20:31:58,453,0,1511,0
2026-09-03 20:31:59,450,0,1509,0
2026-09-03 20:32:00,462,0,1508,0
2026-09-03 20:32:01,459,0,1514,0
2026-09-03 20:32:02,463,0,1512,0
2026-09-03 20:32:03,462,0,1514,0
2026-09-03 20:32:04,457,0,1509,0
2026-09-03 20:32:05,451,0,1507,0
2026-09-03 20:32:06,467,0,1514,0
2026-09-03 20:32:07,462,0,1516,0
2026-09-03 20:32:08,456,0,1519,0
2026-09-03 20:32:09,459,0,1513,0
2026-09-03 20:32:10,460,0,1513,0
2026-09-03 20:32:11,469,0,1516,0
2026-09-03 20:32:12,467,0,1518,0
2026-09-03 20:32:13,462,0,1522,0
2026-09-03 20:32:14,467,0,1517,0
2026-09-03 20:32:15,468,0,1521,0
2026-09-03 20:32:16,458,0,1517,0
2026-09-03 20:32:17,471,0,1518,0
2026-09-03 20:32:18,465,0,1522,0
2026-09-03 20:32:19,466,0,1519,0
2026-09-03 20:32:20,462,0,1521,0
2026-09-03 20:32:21,473,0,1519,0
2026-09-03 20:32:22,475,0,1519,0
2026-09-03 20:32:23,471,0,1521,0
2026-09-03 20:32:24,472,0,1518,0
2026-09-03 20:32:25,475,0,1518,0
2026-09-03 20:32:26,469,0,1525,0
2026-09-03 20:32:27,469,1,1521,0
2026-09-03 20:32:28,473,0,1517,0
2026-09-03 20:32:29,480,0,1518,0
2026-09-03 20:32:30,474,0,1514,0
2026-09-03 20:32:31,475,0,1516,0
2026-09-03 20:32:32,479,0,1518,0
2026-09-03 20:32:33,486,0,1516,0
2026-09-03 20:32:34,480,1,1523,0
2026-09-03 20:32:35,487,0,1519,0
2026-09-03 20:32:36,489,6,1523,0
2026-09-03 20:32:37,490,5,1521,0
2026-09-03 20:32:38,487,6,1518,0
2026-09-03 20:32:39,490,1,1522,0
2026-09-03 20:32:40,486,6,1517,0
2026-09-03 20:32:41,494,11,1515,0
2026-09-03 20:32:42,498,3,1511,0
2026-09-03 20:32:43,498,10,1524,0
2026-09-03 20:32:44,490,12,1514,0
2026-09-03 20:32:45,489,12,1515,0
2026-09-03 20:32:46,493,19,1523,0
2026-09-03 20:32:47,496,16,1517,0
2026-09-03 20:32:48,496,17,1520,0
2026-09-03 20:32:49,497,26,1517,0
2026-09-03 20:32:50,494,23,1516,0
2026-09-03 20:32:51,495,30,1515,0
2026-09-03 20:32:52,501,25,1519,0
2026-09-03 20:32:53,493,25,1518,0
2026-09-03 20:32:54,492,24,1516,0
2026-09-03 20:32:55,498,35,1527,0
2026-09-03 20:32:56,500,25,1520,0
2026-09-03 20:32:57,501,18,1514,0
2026-09-03 20:32:58,485,27,1514,0
2026-09-03 20:32:59,495,33,1521,0
2026-09-03 20:33:00,491,32,1524,0
2026-09-03 20:33:01,494,31,1511,0
2026-09-03 20:33:02,496,34,1509,0
2026-09-03 20:33:03,494,38,1518,0
2026-09-03 20:33:04,493,31,1510,0
2026-09-03 20:33:05,494,36,1509,0
2026-09-03 20:33:06,496,37,1519,0
2026-09-03 20:33:07,497,30,1515,0
2026-09-03 20:33:08,487,28,1514,0
2026-09-03 20:33:09,500,40,1515,0
2026-09-03 20:33:10,497,33,1508,0
2026-09-03 20:33:11,503,37,1515,0
2026-09-03 20:33:12,495,41,1518,0
2026-09-03 20:33:13,488,31,1519,0
2026-09-03 20:33:14,491,33,1523,0
2026-09-03 20:33:15,493,35,1518,0
2026-09-03 20:33:16,503,36,1517,0
2026-09-03 20:33:17,496,38,1514,0
2026-09-03 20:33:18,502,43,1509,0
2026-09-03 20:33:19,500,33,1519,0
2026-09-03 20:33:20,497,33,1511,0
2026-09-03 20:33:21,506,42,1518,0
2026-09-03 20:33:22,506,36,1520,0
2026-09-03 20:33:23,505,31,1518,0
2026-09-03 20:33:24,501,33,1517,0
2026-09-03 20:33:25,500,37,1516,0
2026-09-03 20:33:26,503,37,1514,0
2026-09-03 20:33:27,503,35,1517,0
2026-09-03 20:33:28,500,34,1509,0
2026-09-03 20:33:29,508,43,1518,0
2026-09-03 20:33:30,503,42,1526,0
2026-09-03 20:33:31,505,31,1522,0
2026-09-03 20:33:32,504,37,1516,0
2026-09-03 20:33:33,500,38,1522,0
2026-09-03 20:33:34,503,36,1520,0
2026-09-03 20:33:35,501,36,1524,0
2026-09-03 20:33:36,505,43,1530,0
2026-09-03 20:33:37,492,37,1523,0
2026-09-03 20:33:38,494,36,1519,0
2026-09-03 20:33:39,500,38,1516,0
2026-09-03 20:33:40,500,35,1515,0
2026-09-03 20:33:41,492,35,1522,0
2026-09-03 20:33:42,497,38,1525,0
2026-09-03 20:33:43,501,30,1519,0
2026-09-03 20:33:44,493,37,1518,0
2026-09-03 20:33:45,493,29,1519,0
2026-09-03 20:33:46,488,41,1518,0
2026-09-03 20:33:47,500,37,1523,0
2026-09-03 20:33:48,484,31,1523,0
2026-09-03 20:33:49,488,34,1520,0
2026-09-03 20:33:50,492,35,1525,0
2026-09-03 20:33:51,491,37,1518,0
2026-09-03 20:33:52,496,36,1517,0
2026-09-03 20:33:53,493,27,1520,0
2026-09-03 20:33:54,489,33,1521,0
2026-09-03 20:33:55,493,38,1517,0
2026-09-03 20:33:56,486,28,1522,0
2026-09-03 20:33:57,484,41,1515,0
2026-09-03 20:33:58,494,31,1521,0
2026-09-03 20:33:59,490,37,1519,0
2026-09-03 20:34:00,494,39,1516,0
2026-09-03 20:34:01,493,40,1517,0
2026-09-03 20:34:02,496,40,1513,0
2026-09-03 20:34:03,489,44,1512,0
2026-09-03 20:34:04,494,48,1518,0
2026-09-03 20:34:05,494,42,1516,0
2026-09-03 20:34:06,494,49,1523,0
2026-09-03 20:34:07,488,53,1516,0
2026-09-03 20:34:08,491,55,1519,0
2026-09-03 20:34:09,495,44,1518,0
2026-09-03 20:34:10,494,47,1518,0
2026-09-03 20:34:11,492,52,1516,0
2026-09-03 20:34:12,490,42,1512,0
2026-09-03 20:34:13,490,46,1514,0
2026-09-03 20:34:14,484,45,1517,0
2026-09-03 20:34:15,481,49,1521,0
2026-09-03 20:34:16,487,44,1525,0
2026-09-03 20:34:17,477,46,1519,0
2026-09-03 20:34:18,482,44,1522,0
2026-09-03 20:34:19,485,46,1517,0
2026-09-03 20:34:20,489,45,1516,0
2026-09-03 20:34:21,484,44,1525,0
2026-09-03 20:34:22,482,53,1525,0
2026-09-03 20:34:23,480,40,1518,0
2026-09-03 20:34:24,480,43,1519,0
2026-09-03 20:34:25,477,47,1520,0
2026-09-03 20:34:26,479,48,1518,0
2026-09-03 20:34:27,481,49,1526,0
2026-09-03 20:34:28,475,44,1526,0
2026-09-03 20:34:29,479,45,1521,0
2026-09-03 20:34:30,484,52,1517,0
2026-09-03 20:34:31,488,41,1528,0
2026-09-03 20:34:32,475,50,1519,0
2026-09-03 20:34:33,482,51,1524,0
2026-09-03 20:34:34,484,48,1524,0
2026-09-03 20:34:35,475,47,1522,0
2026-09-03 20:34:36,485,56,1516,0
2026-09-03 20:34:37,483,49,1515,0
2026-09-03 20:34:38,493,56,1520,0
2026-09-03 20:34:39,480,57,1529,0
2026-09-03 20:34:40,493,52,1522,0
2026-09-03 20:34:41,489,44,1526,0
2026-09-03 20:34:42,492,52,1518,0
2026-09-03 20:34:43,493,57,1528,0
2026-09-03 20:34:44,486,66,1518,0
2026-09-03 20:34:45,488,60,1517,0
2026-09-03 20:34:46,493,61,1519,0
2026-09-03 20:34:47,486,58,1514,0
2026-09-03 20:34:48,484,63,1521,0
2026-09-03 20:34:49,490,70,1529,0
2026-09-03 20:34:50,499,60,1516,0
2026-09-03 20:34:51,492,63,1516,0
2026-09-03 20:34:52,490,57,1525,0
2026-09-03 20:34:53,490,57,1517,0
2026-09-03 20:34:54,486,57,1515,0
2026-09-03 20:34:55,488,64,1525,0
2026-09-03 20:34:56,490,60,1521,0
2026-09-03 20:34:57,489,64,1515,0
2026-09-03 20:34:58,494,66,1516,0
2026-09-03 20:34:59,490,67,1520,0
2026-09-03 20:35:00,491,53,1518,0
2026-09-03 20:35:01,484,57,1521,0
2026-09-03 20:35:02,497,59,1518,0
2026-09-03 20:35:03,480,61,1517,0
2026-09-03 20:35:04,489,57,1516,0
2026-09-03 20:35:05,490,60,1517,0
2026-09-03 20:35:06,474,65,1518,0
2026-09-03 20:35:07,480,56,1515,0
2026-09-03 20:35:08,484,63,1525,0
2026-09-03 20:35:09,486,69,1520,0
2026-09-03 20:35:10,481,59,1516,0
2026-09-03 20:35:11,479,62,1519,0
2026-09-03 20:35:12,482,54,1519,0
2026-09-03 20:35:13,479,63,1508,0
2026-09-03 20:35:14,482,54,1516,0
2026-09-03 20:35:15,482,63,1514,0
2026-09-03 20:35:16,489,69,1509,0
2026-09-03 20:35:17,484,61,1511,0
2026-09-03 20:35:18,487,66,1516,0
2026-09-03 20:35:19,488,63,1516,0
2026-09-03 20:35:20,482,67,1509,0
2026-09-03 20:35:21,485,63,1518,0
2026-09-03 20:35:22,481,71,1508,0
2026-09-03 20:35:23,486,74,1514,0
2026-09-03 20:35:24,484,72,1522,0
2026-09-03 20:35:25,483,76,1518,0
2026-09-03 20:35:26,481,65,1518,0
2026-09-03 20:35:27,480,82,1520,0
2026-09-03 20:35:28,484,78,1518,0
2026-09-03 20:35:29,493,68,1528,0
2026-09-03 20:35:30,482,74,1511,0
2026-09-03 20:35:31,483,81,1518,0
2026-09-03 20:35:32,489,81,1515,0
2026-09-03 20:35:33,481,83,1523,0
2026-09-03 20:35:34,478,84,1519,0
2026-09-03 20:35:35,471,76,1519,0
2026-09-03 20:35:36,474,79,1514,0
2026-09-03 20:35:37,478,73,1516,0
2026-09-03 20:35:38,472,79,1520,0
2026-09-03 20:35:39,469,77,1521,0
2026-09-03 20:35:40,480,82,1519,0
2026-09-03 20:35:41,469,78,1520,0
2026-09-03 20:35:42,474,78,1522,0
2026-09-03 20:35:43,468,80,1526,0
2026-09-03 20:35:44,468,79,1527,0
2026-09-03 20:35:45,457,74,1517,0
2026-09-03 20:35:46,468,72,1515,0
2026-09-03 20:35:47,467,78,1513,0
2026-09-03 20:35:48,467,70,1519,0
2026-09-03 20:35:49,463,69,1521,0
2026-09-03 20:35:50,459,67,1515,0
2026-09-03 20:35:51,465,72,1522,0
2026-09-03 20:35:52,463,66,1523,0
2026-09-03 20:35:53,464,59,1516,0
2026-09-03 20:35:54,468,69,1533,0
2026-09-03 20:35:55,472,63,1525,0
2026-09-03 20:35:56,463,62,1526,0
2026-09-03 20:35:57,468,69,1526,0
2026-09-03 20:35:58,472,65,1525,0
2026-09-03 20:35:59,470,64,1523,0
2026-09-03 20:36:00,474,60,1518,0
2026-09-03 20:36:01,473,58,1520,0
2026-09-03 20:36:02,475,63,1524,0
2026-09-03 20:36:03,463,62,1521,0
2026-09-03 20:36:04,465,63,1529,0
2026-09-03 20:36:05,477,63,1523,0
2026-09-03 20:36:06,476,53,1525,0
2026-09-03 20:36:07,469,57,1524,0
2026-09-03 20:36:08,474,59,1527,0
2026-09-03 20:36:09,475,57,1525,0
2026-09-03 20:36:10,472,55,1528,0
2026-09-03 20:36:11,470,61,1525,0
2026-09-03 20:36:12,468,59,1527,0
2026-09-03 20:36:13,473,61,1526,0
2026-09-03 20:36:14,475,61,1527,0
2026-09-03 20:36:15,472,57,1519,0
2026-09-03 20:36:16,481,60,1529,0
2026-09-03 20:36:17,472,57,1527,0
2026-09-03 20:36:18,477,56,1523,0
2026-09-03 20:36:19,482,52,1532,0
2026-09-03 20:36:20,477,54,1528,0
2026-09-03 20:36:21,483,62,1525,0
2026-09-03 20:36:22,476,60,1520,0
2026-09-03 20:36:23,487,64,1522,0
2026-09-03 20:36:24,487,60,1526,0
2026-09-03 20:36:25,483,63,1520,0
2026-09-03 20:36:26,477,66,1529,0
2026-09-03 20:36:27,478,64,1519,0
2026-09-03 20:36:28,487,65,1525,0
2026-09-03 20:36:29,492,63,1524,0
2026-09-03 20:36:30,488,56,1534,0
2026-09-03 20:36:31,493,66,1527,0
2026-09-03 20:36:32,492,65,1530,0
2026-09-03 20:36:33,488,63,1529,0
2026-09-03 20:36:34,488,63,1523,0
2026-09-03 20:36:35,488,55,1528,0
2026-09-03 20:36:36,487,61,1534,0
2026-09-03 20:36:37,483,50,1525,0
2026-09-03 20:36:38,480,61,1528,0
2026-09-03 20:36:39,477,62,1532,0
2026-09-03 20:36:40,483,57,1530,0
2026-09-03 20:36:41,484,54,1528,0
2026-09-03 20:36:42,479,61,1528,0
2026-09-03 20:36:43,491,59,1538,0
2026-09-03 20:36:44,490,54,1527,0
2026-09-03 20:36:45,480,54,1523,0
2026-09-03 20:36:46,475,56,1525,0
2026-09-03 20:36:47,481,56,1525,0
2026-09-03 20:36:48,483,64,1534,0
2026-09-03 20:36:49,481,52,1527,0
2026-09-03 20:36:50,483,67,1530,0
2026-09-03 20:36:51,470,66,1526,0
2026-09-03 20:36:52,485,61,1528,0
2026-09-03 20:36:53,476,55,1530,0
2026-09-03 20:36:54,478,63,1524,0
2026-09-03 20:36:55,478,57,1525,0
2026-09-03 20:36:56,473,63,1521,0
2026-09-03 20:36:57,470,62,1523,0
2026-09-03 20:36:58,477,59,1520,0
2026-09-03 20:36:59,471,68,1519,0
2026-09-03 20:37:00,467,67,1532,0
2026-09-03 20:37:01,479,61,1531,0
2026-09-03 20:37:02,473,61,1527,0
2026-09-03 20:37:03,471,54,1526,0
2026-09-03 20:37:04,475,59,1525,0
2026-09-03 20:37:05,469,61,1520,0
2026-09-03 20:37:06,475,61,1517,0
2026-09-03 20:37:07,469,71,1530,0
2026-09-03 20:37:08,482,57,1528,0
2026-09-03 20:37:09,479,56,1522,0
2026-09-03 20:37:10,479,56,1529,0
2026-09-03 20:37:11,475,65,1525,0
2026-09-03 20:37:12,479,65,1523,0
2026-09-03 20:37:13,486,66,1521,0
2026-09-03 20:37:14,492,65,1523,0
2026-09-03 20:37:15,490,72,1521,0
2026-09-03 20:37:16,494,66,1517,0
2026-09-03 20:37:17,493,70,1524,0
2026-09-03 20:37:18,486,71,1526,0
2026-09-03 20:37:19,486,71,1522,0
2026-09-03 20:37:20,483,71,1521,0
2026-09-03 20:37:21,493,78,1522,0
2026-09-03 20:37:22,488,79,1523,0
2026-09-03 20:37:23,490,77,1516,0
2026-09-03 20:37:24,485,80,1518,0
2026-09-03 20:37:25,500,73,1527,0
2026-09-03 20:37:26,487,76,1529,0
2026-09-03 20:37:27,493,76,1525,0
2026-09-03 20:37:28,503,78,1530,0
2026-09-03 20:37:29,500,81,1527,0
2026-09-03 20:37:30,501,79,1524,0
2026-09-03 20:37:31,501,80,1523,0
2026-09-03 20:37:32,501,75,1522,0
2026-09-03 20:37:33,499,84,1528,0
2026-09-03 20:37:34,501,77,1519,0
2026-09-03 20:37:35,499,83,1522,0
2026-09-03 20:37:36,506,84,1517,0
2026-09-03 20:37:37,501,87,1524,0
2026-09-03 20:37:38,510,87,1530,0
2026-09-03 20:37:39,511,84,1525,0
2026-09-03 20:37:40,513,88,1529,0
2026-09-03 20:37:41,513,90,1517,0
2026-09-03 20:37:42,505,92,1522,0
2026-09-03 20:37:43,514,89,1522,0
2026-09-03 20:37:44,506,89,1517,0
2026-09-03 20:37:45,507,90,1522,0
2026-09-03 20:37:46,512,92,1527,0
2026-09-03 20:37:47,518,92,1524,0
2026-09-03 20:37:48,514,97,1522,0
2026-09-03 20:37:49,517,97,1518,0
2026-09-03 20:37:50,515,86,1520,0
2026-09-03 20:37:51,504,87,1520,0
2026-09-03 20:37:52,512,91,1514,0
2026-09-03 20:37:53,514,81,1520,0
2026-09-03 20:37:54,508,83,1522,0
2026-09-03 20:37:55,516,91,1527,0
2026-09-03 20:37:56,509,91,1514,0
2026-09-03 20:37:57,512,85,1519,0
2026-09-03 20:37:58,509,83,1528,0
2026-09-03 20:37:59,509,84,1520,0
2026-09-03 20:38:00,504,87,1527,0
2026-09-03 20:38:01,512,84,1522,0
2026-09-03 20:38:02,506,82,1525,0
2026-09-03 20:38:03,508,82,1521,0
2026-09-03 20:38:04,498,79,1521,0
2026-09-03 20:38:05,502,91,1521,0
2026-09-03 20:38:06,498,87,1525,0
2026-09-03 20:38:07,511,79,1518,0
2026-09-03 20:38:08,513,81,1524,0
2026-09-03 20:38:09,503,79,1524,0
2026-09-03 20:38:10,518,83,1523,0
2026-09-03 20:38:11,507,87,1526,0
2026-09-03 20:38:12,502,79,1529,0
2026-09-03 20:38:13,504,84,1528,0
2026-09-03 20:38:14,508,82,1522,0
2026-09-03 20:38:15,506,86,1521,0
2026-09-03 20:38:16,499,79,1527,0
2026-09-03 20:38:17,504,84,1520,0
2026-09-03 20:38:18,504,81,1524,0
2026-09-03 20:38:19,505,88,1528,0
2026-09-03 20:38:20,513,86,1522,0
2026-09-03 20:38:21,507,91,1523,0
2026-09-03 20:38:22,511,90,1528,0
2026-09-03 20:38:23,510,87,1520,0
2026-09-03 20:38:24,509,89,1524,0
2026-09-03 20:38:25,518,87,1522,0
2026-09-03 20:38:26,516,92,1517,0
2026-09-03 20:38:27,518,88,1529,0
2026-09-03 20:38:28,511,100,1529,0
2026-09-03 20:38:29,524,91,1533,0
2026-09-03 20:38:30,524,98,1526,0
2026-09-03 20:38:31,521,93,1526,0
2026-09-03 20:38:32,513,94,1529,0
2026-09-03 20:38:33,522,97,1524,0
2026-09-03 20:38:34,523,98,1525,0
2026-09-03 20:38:35,519,96,1528,0
2026-09-03 20:38:36,513,91,1524,0
2026-09-03 20:38:37,518,88,1532,0
2026-09-03 20:38:38,521,86,1526,0
2026-09-03 20:38:39,522,93,1533,0
2026-09-03 20:38:40,519,96,1531,0
2026-09-03 20:38:41,522,91,1527,0
2026-09-03 20:38:42,517,91,1532,0
2026-09-03 20:38:43,507,92,1532,0
2026-09-03 20:38:44,511,85,1533,0
2026-09-03 20:38:45,518,87,1526,0
2026-09-03 20:38:46,507,86,1533,0
2026-09-03 20:38:47,518,84,1524,0
2026-09-03 20:38:48,517,89,1521,0
2026-09-03 20:38:49,513,78,1526,0
2026-09-03 20:38:50,517,81,1531,0
2026-09-03 20:38:51,517,84,1527,0
2026-09-03 20:38:52,515,83,1531,0
2026-09-03 20:38:53,512,89,1532,0
2026-09-03 20:38:54,504,87,1528,0
2026-09-03 20:38:55,509,84,1536,0
2026-09-03 20:38:56,519,82,1527,0
2026-09-03 20:38:57,514,88,1534,0
2026-09-03 20:38:58,519,83,1517,0
2026-09-03 20:38:59,508,85,1532,0
2026-09-03 20:39:00,521,80,1535,0
2026-09-03 20:39:01,520,89,1528,0
2026-09-03 20:39:02,522,95,1528,0
2026-09-03 20:39:03,514,93,1535,0
2026-09-03 20:39:04,519,86,1522,0
2026-09-03 20:39:05,514,91,1528,0
2026-09-03 20:39:06,516,89,1528,0
2026-09-03 20:39:07,520,91,1527,0
2026-09-03 20:39:08,522,86,1534,0
2026-09-03 20:39:09,522,95,1531,0
2026-09-03 20:39:10,525,94,1536,0
2026-09-03 20:39:11,514,95,1535,0
2026-09-03 20:39:12,523,88,1533,0
2026-09-03 20:39:13,519,89,1532,0
2026-09-03 20:39:14,520,89,1535,0
2026-09-03 20:39:15,527,86,1529,0
2026-09-03 20:39:16,523,87,1532,0
2026-09-03 20:39:17,519,96,1539,0
2026-09-03 20:39:18,531,87,1532,0
2026-09-03 20:39:19,522,90,1536,0
2026-09-03 20:39:20,526,89,1540,0
2026-09-03 20:39:21,522,86,1539,0
2026-09-03 20:39:22,524,88,1526,0
2026-09-03 20:39:23,524,84,1535,0
2026-09-03 20:39:24,523,83,1531,0
2026-09-03 20:39:25,528,88,1532,0
2026-09-03 20:39:26,521,95,1533,0
2026-09-03 20:39:27,526,92,1533,0
2026-09-03 20:39:28,534,87,1528,0
2026-09-03 20:39:29,520,89,1527,0
2026-09-03 20:39:30,527,85,1531,0
2026-09-03 20:39:31,524,94,1533,0
2026-09-03 20:39:32,529,89,1537,0
2026-09-03 20:39:33,525,93,1539,0
2026-09-03 20:39:34,527,91,1542,0
2026-09-03 20:39:35,529,90,1544,0
2026-09-03 20:39:36,528,95,1531,0
2026-09-03 20:39:37,532,82,1528,0
2026-09-03 20:39:38,525,92,1531,0
2026-09-03 20:39:39,528,88,1536,0
2026-09-03 20:39:40,532,90,1534,0
2026-09-03 20:39:41,522,89,1534,0
2026-09-03 20:39:42,530,91,1538,0
2026-09-03 20:39:43,527,94,1532,0
2026-09-03 20:39:44,526,96,1538,0
2026-09-03 20:39:45,529,93,1530,0
2026-09-03 20:39:46,519,95,1543,0
2026-09-03 20:39:47,528,94,1531,0
2026-09-03 20:39:48,531,93,1528,0
2026-09-03 20:39:49,522,92,1535,0
2026-09-03 20:39:50,533,95,1544,0
2026-09-03 20:39:51,528,85,1535,0
2026-09-03 20:39:52,525,83,1535,0
2026-09-03 20:39:53,530,84,1534,0
2026-09-03 20:39:54,523,89,1537,0
2026-09-03 20:39:55,527,86,1536,0
2026-09-03 20:39:56,523,84,1538,0
2026-09-03 20:39:57,530,84,1537,0
2026-09-03 20:39:58,522,83,1541,0
2026-09-03 20:39:59,527,86,1534,0
2026-09-03 20:40:00,529,89,1537,0
2026-09-03 20:40:01,523,90,1538,0
2026-09-03 20:40:02,529,82,1544,0
2026-09-03 20:40:03,528,87,1542,0
2026-09-03 20:40:04,525,84,1545,0
2026-09-03 20:40:05,532,83,1546,0
2026-09-03 20:40:06,523,88,1541,0
2026-09-03 20:40:07,537,75,1541,0
2026-09-03 20:40:08,541,77,1541,0
2026-09-03 20:40:09,535,82,1541,0
2026-09-03 20:40:10,535,88,1543,0
2026-09-03 20:40:11,527,88,1547,0
2026-09-03 20:40:12,528,85,1541,0
2026-09-03 20:40:13,533,88,1539,0
2026-09-03 20:40:14,528,82,1545,0
2026-09-03 20:40:15,528,89,1536,0
2026-09-03 20:40:16,531,86,1546,0
2026-09-03 20:40:17,532,91,1544,0
2026-09-03 20:40:18,532,84,1547,0
2026-09-03 20:40:19,529,88,1537,0
2026-09-03 20:40:20,533,79,1535,0
2026-09-03 20:40:21,533,85,1542,0
2026-09-03 20:40:22,535,83,1540,0
2026-09-03 20:40:23,525,75,1537,0
2026-09-03 20:40:24,526,85,1543,0
2026-09-03 20:40:25,523,85,1540,0
2026-09-03 20:40:26,524,83,1541,0
2026-09-03 20:40:27,526,87,1540,0
2026-09-03 20:40:28,530,82,1539,0
2026-09-03 20:40:29,535,90,1535,0
2026-09-03 20:40:30,534,85,1538,0
2026-09-03 20:40:31,537,91,1535,0
2026-09-03 20:40:32,536,87,1539,0
2026-09-03 20:40:33,535,87,1539,0
2026-09-03 20:40:34,525,88,1533,0
2026-09-03 20:40:35,530,93,1537,0
2026-09-03 20:40:36,522,87,1538,0
2026-09-03 20:40:37,536,91,1537,0
2026-09-03 20:40:38,529,86,1536,0
2026-09-03 20:40:39,536,95,1537,0
2026-09-03 20:40:40,534,99,1539,0
2026-09-03 20:40:41,539,89,1536,0
2026-09-03 20:40:42,539,90,1539,0
2026-09-03 20:40:43,535,92,1543,0
2026-09-03 20:40:44,534,89,1536,0
2026-09-03 20:40:45,533,87,1541,0
2026-09-03 20:40:46,532,94,1532,0
2026-09-03 20:40:47,535,92,1552,0
2026-09-03 20:40:48,533,93,1537,0
2026-09-03 20:40:49,536,96,1543,0
2026-09-03 20:40:50,535,99,1538,0
2026-09-03 20:40:51,541,97,1541,0
2026-09-03 20:40:52,532,98,1536,0
2026-09-03 20:40:53,542,94,1534,0
2026-09-03 20:40:54,533,98,1542,0
2026-09-03 20:40:55,539,101,1542,0
2026-09-03 20:40:56,541,98,1533,0
2026-09-03 20:40:57,538,97,1531,0
2026-09-03 20:40:58,546,106,1529,0
2026-09-03 20:40:59,544,108,1538,0
2026-09-03 20:41:00,537,98,1535,0
2026-09-03 20:41:01,536,105,1535,0
2026-09-03 20:41:02,536,106,1548,0
2026-09-03 20:41:03,535,111,1531,0
2026-09-03 20:41:04,535,107,1533,0
2026-09-03 20:41:05,537,110,1542,0
2026-09-03 20:41:06,548,111,1534,0
2026-09-03 20:41:07,547,114,1544,0
2026-09-03 20:41:08,539,109,1540,0
2026-09-03 20:41:09,543,118,1544,0
2026-09-03 20:41:10,546,117,1543,0
2026-09-03 20:41:11,546,110,1540,0
2026-09-03 20:41:12,544,120,1543,0
2026-09-03 20:41:13,547,111,1537,0
2026-09-03 20:41:14,548,118,1545,0
2026-09-03 20:41:15,552,114,1533,0
2026-09-03 20:41:16,545,111,1539,0
2026-09-03 20:41:17,543,118,1538,0
2026-09-03 20:41:18,548,112,1536,0
2026-09-03 20:41:19,548,114,1546,0
2026-09-03 20:41:20,554,117,1539,0
2026-09-03 20:41:21,549,119,1539,0
2026-09-03 20:41:22,552,114,1542,0
2026-09-03 20:41:23,554,116,1536,0
2026-09-03 20:41:24,558,120,1541,0
2026-09-03 20:41:25,556,121,1539,0
2026-09-03 20:41:26,547,116,1534,0
2026-09-03 20:41:27,557,117,1545,0
2026-09-03 20:41:28,555,116,1539,0
2026-09-03 20:41:29,557,124,1539,0
2026-09-03 20:41:30,559,129,1540,0
2026-09-03 20:41:31,560,123,1536,0
2026-09-03 20:41:32,552,134,1537,0
2026-09-03 20:41:33,553,128,1539,0
2026-09-03 20:41:34,560,123,1548,0
2026-09-03 20:41:35,552,133,1543,0
2026-09-03 20:41:36,558,129,1536,0
2026-09-03 20:41:37,553,129,1544,0
2026-09-03 20:41:38,559,132,1550,0
2026-09-03 20:41:39,561,133,1539,0
2026-09-03 20:41:40,557,131,1537,0
2026-09-03 20:41:41,556,133,1542,0
2026-09-03 20:41:42,557,126,1536,0
2026-09-03 20:41:43,558,136,1536,0
2026-09-03 20:41:44,573,135,1538,0
2026-09-03 20:41:45,569,136,1541,0
2026-09-03 20:41:46,562,137,1541,0
2026-09-03 20:41:47,557,136,1537,0
2026-09-03 20:41:48,561,129,1540,0
2026-09-03 20:41:49,570,134,1538,0
2026-09-03 20:41:50,562,131,1543,0
2026-09-03 20:41:51,575,141,1551,0
2026-09-03 20:41:52,565,144,1542,0
2026-09-03 20:41:53,567,137,1543,0
2026-09-03 20:41:54,567,142,1541,0
2026-09-03 20:41:55,572,138,1544,0
2026-09-03 20:41:56,562,142,1541,0
2026-09-03 20:41:57,560,141,1549,0
2026-09-03 20:41:58,560,137,1543,0
2026-09-03 20:41:59,567,141,1540,0
2026-09-03 20:42:00,558,141,1536,0
2026-09-03 20:42:01,569,141,1543,0
2026-09-03 20:42:02,572,135,1538,0
2026-09-03 20:42:03,564,143,1532,0
2026-09-03 20:42:04,570,139,1540,0
2026-09-03 20:42:05,565,145,1534,0
2026-09-03 20:42:06,555,148,1531,0
2026-09-03 20:42:07,569,137,1537,0
2026-09-03 20:42:08,563,147,1539,0
2026-09-03 20:42:09,556,142,1539,0
2026-09-03 20:42:10,565,139,1543,0
2026-09-03 20:42:11,555,147,1533,0
2026-09-03 20:42:12,557,142,1537,0
2026-09-03 20:42:13,552,149,1533,0
2026-09-03 20:42:14,553,146,1535,0
2026-09-03 20:42:15,563,153,1538,0
2026-09-03 20:42:16,560,142,1539,0
2026-09-03 20:42:17,559,146,1546,0
2026-09-03 20:42:18,551,147,1545,0
2026-09-03 20:42:19,549,147,1539,0
2026-09-03 20:42:20,558,153,1541,0
2026-09-03 20:42:21,551,148,1535,0
2026-09-03 20:42:22,544,145,1536,0
2026-09-03 20:42:23,546,147,1543,0
2026-09-03 20:42:24,540,142,1536,0
2026-09-03 20:42:25,545,144,1542,0
2026-09-03 20:42:26,538,134,1546,0
2026-09-03 20:42:27,545,146,1539,0
2026-09-03 20:42:28,538,139,1542,0
2026-09-03 20:42:29,536,146,1540,0
2026-09-03 20:42:30,531,148,1538,0
2026-09-03 20:42:31,530,142,1538,0
2026-09-03 20:42:32,537,142,1536,0
2026-09-03 20:42:33,529,140,1541,0
2026-09-03 20:42:34,531,152,1539,0
2026-09-03 20:42:35,526,147,1542,0
2026-09-03 20:42:36,537,145,1538,0
2026-09-03 20:42:37,535,150,1533,0
2026-09-03 20:42:38,535,145,1539,0
2026-09-03 20:42:39,535,148,1538,0
2026-09-03 20:42:40,531,153,1533,0
2026-09-03 20:42:41,531,154,1540,0
2026-09-03 20:42:42,532,155,1533,0
2026-09-03 20:42:43,532,147,1541,0
2026-09-03 20:42:44,533,153,1541,0
2026-09-03 20:42:45,533,148,1537,0
2026-09-03 20:42:46,531,147,1541,0
2026-09-03 20:42:47,528,154,1537,0
2026-09-03 20:42:48,521,147,1542,0
2026-09-03 20:42:49,527,143,1539,0
2026-09-03 20:42:50,535,136,1538,0
2026-09-03 20:42:51,529,146,1546,0
2026-09-03 20:42:52,526,145,1537,0
2026-09-03 20:42:53,530,144,1546,0
2026-09-03 20:42:54,536,155,1544,0
2026-09-03 20:42:55,528,148,1539,0
2026-09-03 20:42:56,527,145,1537,0
2026-09-03 20:42:57,533,150,1537,0
2026-09-03 20:42:58,538,146,1534,0
2026-09-03 20:42:59,527,141,1537,0
2026-09-03 20:43:00,529,143,1544,0
2026-09-03 20:43:01,534,143,1545,0
2026-09-03 20:43:02,527,143,1529,0
2026-09-03 20:43:03,526,144,1536,0
2026-09-03 20:43:04,528,137,1539,0
2026-09-03 20:43:05,523,138,1545,0
2026-09-03 20:43:06,518,141,1536,0
2026-09-03 20:43:07,528,140,1542,0
2026-09-03 20:43:08,521,129,1539,0
2026-09-03 20:43:09,519,135,1548,0
2026-09-03 20:43:10,518,131,1543,0
2026-09-03 20:43:11,524,137,1541,0
2026-09-03 20:43:12,521,132,1541,0
2026-09-03 20:43:13,519,137,1539,0
2026-09-03 20:43:14,515,134,1538,0
2026-09-03 20:43:15,517,131,1542,0
2026-09-03 20:43:16,526,126,1537,0
2026-09-03 20:43:17,509,132,1540,0
2026-09-03 20:43:18,522,130,1545,0
2026-09-03 20:43:19,527,135,1531,0
2026-09-03 20:43:20,528,135,1546,0
2026-09-03 20:43:21,530,124,1546,0
2026-09-03 20:43:22,524,132,1543,0
2026-09-03 20:43:23,527,129,1541,0
2026-09-03 20:43:24,520,144,1543,0
2026-09-03 20:43:25,534,133,1551,0
2026-09-03 20:43:26,533,142,1553,0
2026-09-03 20:43:27,529,142,1548,0
2026-09-03 20:43:28,535,135,1542,0
2026-09-03 20:43:29,531,143,1542,0
2026-09-03 20:43:30,534,137,1544,0
2026-09-03 20:43:31,533,142,1540,0
2026-09-03 20:43:32,532,139,1537,0
2026-09-03 20:43:33,546,142,1541,0
2026-09-03 20:43:34,530,143,1541,0
2026-09-03 20:43:35,533,142,1551,0
2026-09-03 20:43:36,533,140,1538,0
2026-09-03 20:43:37,531,140,1536,0
2026-09-03 20:43:38,532,149,1539,0
2026-09-03 20:43:39,531,143,1544,0
2026-09-03 20:43:40,533,148,1541,0
2026-09-03 20:43:41,532,140,1552,0
2026-09-03 20:43:42,532,144,1548,0
2026-09-03 20:43:43,532,142,1541,0
2026-09-03 20:43:44,527,141,1549,0
2026-09-03 20:43:45,532,140,1538,0
2026-09-03 20:43:46,532,138,1548,0
2026-09-03 20:43:47,533,138,1547,0
2026-09-03 20:43:48,523,139,1549,0
2026-09-03 20:43:49,534,141,1548,0
2026-09-03 20:43:50,533,140,1551,0
2026-09-03 20:43:51,537,128,1544,0
2026-09-03 20:43:52,528,138,1547,0
2026-09-03 20:43:53,522,137,1554,0
2026-09-03 20:43:54,530,131,1551,0
2026-09-03 20:43:55,536,130,1550,0
2026-09-03 20:43:56,528,131,1548,0
2026-09-03 20:43:57,523,134,1551,0
2026-09-03 20:43:58,524,136,1558,0
2026-09-03 20:43:59,524,130,1546,0
2026-09-03 20:44:00,533,135,1551,0
2026-09-03 20:44:01,534,126,1550,0
2026-09-03 20:44:02,527,126,1553,0
2026-09-03 20:44:03,530,127,1547,0
2026-09-03 20:44:04,531,121,1563,0
2026-09-03 20:44:05,532,127,1553,0
2026-09-03 20:44:06,532,129,1556,0
2026-09-03 20:44:07,523,127,1551,0
2026-09-03 20:44:08,536,123,1564,0
2026-09-03 20:44:09,534,122,1557,0
2026-09-03 20:44:10,535,127,1553,0
2026-09-03 20:44:11,533,127,1556,0
2026-09-03 20:44:12,526,125,1551,0
2026-09-03 20:44:13,535,122,1547,0
2026-09-03 20:44:14,530,122,1546,0
2026-09-03 20:44:15,529,123,1549,0
2026-09-03 20:44:16,528,121,1551,0
2026-09-03 20:44:17,532,121,1549,0
2026-09-03 20:44:18,529,111,1553,0
2026-09-03 20:44:19,526,120,1541,0
2026-09-03 20:44:20,529,118,1544,0
2026-09-03 20:44:21,530,115,1547,0
2026-09-03 20:44:22,522,114,1548,0
2026-09-03 20:44:23,528,118,1548,0
2026-09-03 20:44:24,528,116,1555,0
2026-09-03 20:44:25,531,118,1556,0
2026-09-03 20:44:26,531,118,1556,0
2026-09-03 20:44:27,522,113,1556,0
2026-09-03 20:44:28,528,113,1549,0
2026-09-03 20:44:29,522,117,1546,0
2026-09-03 20:44:30,525,106,1553,0
2026-09-03 20:44:31,530,110,1553,0
2026-09-03 20:44:32,529,111,1552,0
2026-09-03 20:44:33,529,109,1560,0
2026-09-03 20:44:34,525,100,1555,0
2026-09-03 20:44:35,513,106,1549,0
2026-09-03 20:44:36,517,108,1552,0
2026-09-03 20:44:37,518,87,1546,0
2026-09-03 20:44:38,520,100,1560,0
2026-09-03 20:44:39,522,96,1559,0
2026-09-03 20:44:40,516,96,1556,0
2026-09-03 20:44:41,523,102,1554,0
2026-09-03 20:44:42,523,90,1557,0
2026-09-03 20:44:43,517,85,1563,0
2026-09-03 20:44:44,517,85,1560,0
2026-09-03 20:44:45,522,90,1569,0
2026-09-03 20:44:46,521,89,1563,0
2026-09-03 20:44:47,517,92,1557,0
2026-09-03 20:44:48,522,90,1560,0
2026-09-03 20:44:49,523,86,1567,0
2026-09-03 20:44:50,519,90,1558,0
2026-09-03 20:44:51,518,83,1553,0
2026-09-03 20:44:52,522,84,1558,0
2026-09-03 20:44:53,529,85,1552,0
2026-09-03 20:44:54,525,60,1558,0
2026-09-03 20:44:55,512,71,1559,0
2026-09-03 20:44:56,511,84,1552,0
2026-09-03 20:44:57,515,74,1551,0
2026-09-03 20:44:58,510,87,1558,0
2026-09-03 20:44:59,518,76,1548,0
2026-09-03 20:45:00,507,76,1556,0
2026-09-03 20:45:01,509,79,1557,0
2026-09-03 20:45:02,515,77,1549,0
2026-09-03 20:45:03,517,82,1548,0
2026-09-03 20:45:04,510,81,1551,0
2026-09-03 20:45:05,512,78,1549,0
2026-09-03 20:45:06,518,78,1552,0
2026-09-03 20:45:07,527,81,1560,0
2026-09-03 20:45:08,515,74,1555,0
2026-09-03 20:45:09,512,77,1551,0
2026-09-03 20:45:10,515,86,1552,0
2026-09-03 20:45:11,513,86,1559,0
2026-09-03 20:45:12,530,88,1554,0
2026-09-03 20:45:13,520,87,1554,0
2026-09-03 20:45:14,530,82,1556,0
2026-09-03 20:45:15,527,87,1556,0
2026-09-03 20:45:16,533,88,1550,0
2026-09-03 20:45:17,533,94,1553,0
2026-09-03 20:45:18,533,89,1552,0
2026-09-03 20:45:19,538,92,1551,0
2026-09-03 20:45:20,537,98,1554,0
2026-09-03 20:45:21,535,101,1553,0
2026-09-03 20:45:22,547,97,1556,0
2026-09-03 20:45:23,546,99,1561,0
2026-09-03 20:45:24,546,100,1555,0
2026-09-03 20:45:25,545,94,1560,0
2026-09-03 20:45:26,552,111,1556,0
2026-09-03 20:45:27,546,107,1561,0
2026-09-03 20:45:28,537,110,1552,0
2026-09-03 20:45:29,550,107,1561,0
2026-09-03 20:45:30,552,102,1550,0
2026-09-03 20:45:31,556,101,1554,0
2026-09-03 20:45:32,555,101,1559,0
2026-09-03 20:45:33,559,106,1558,0
2026-09-03 20:45:34,555,102,1557,0
2026-09-03 20:45:35,555,105,1561,0
2026-09-03 20:45:36,554,109,1560,0
2026-09-03 20:45:37,561,100,1554,0
2026-09-03 20:45:38,560,103,1559,0
2026-09-03 20:45:39,561,107,1565,0
2026-09-03 20:45:40,551,106,1553,0
2026-09-03 20:45:41,563,103,1561,0
2026-09-03 20:45:42,558,111,1557,0
2026-09-03 20:45:43,557,110,1561,0
2026-09-03 20:45:44,553,114,1564,0
2026-09-03 20:45:45,554,115,1561,0
2026-09-03 20:45:46,557,100,1568,0
2026-09-03 20:45:47,558,104,1559,0
2026-09-03 20:45:48,558,111,1562,0
2026-09-03 20:45:49,558,111,1561,0
2026-09-03 20:45:50,560,117,1550,0
2026-09-03 20:45:51,563,108,1557,0
2026-09-03 20:45:52,556,105,1560,0
2026-09-03 20:45:53,566,105,1562,0
2026-09-03 20:45:54,562,115,1563,0
2026-09-03 20:45:55,567,106,1561,0
2026-09-03 20:45:56,565,103,1564,0
2026-09-03 20:45:57,568,107,1568,0
2026-09-03 20:45:58,566,103,1564,0
2026-09-03 20:45:59,569,119,1558,0
2026-09-03 20:46:00,582,109,1558,0
2026-09-03 20:46:01,576,111,1570,0
2026-09-03 20:46:02,581,110,1569,0
2026-09-03 20:46:03,577,112,1560,0
2026-09-03 20:46:04,581,111,1562,0
2026-09-03 20:46:05,592,110,1557,0
2026-09-03 20:46:06,585,111,1562,0
2026-09-03 20:46:07,579,110,1565,0
2026-09-03 20:46:08,585,109,1570,0
2026-09-03 20:46:09,580,115,1574,0
2026-09-03 20:46:10,589,110,1561,0
2026-09-03 20:46:11,586,113,1562,0
2026-09-03 20:46:12,578,109,1570,0
2026-09-03 20:46:13,592,118,1567,0
2026-09-03 20:46:14,599,113,1566,0
2026-09-03 20:46:15,599,109,1567,0
2026-09-03 20:46:16,596,114,1570,0
2026-09-03 20:46:17,592,92,1566,0
2026-09-03 20:46:18,584,115,1566,0
2026-09-03 20:46:19,581,115,1576,0
2026-09-03 20:46:20,589,108,1575,0
2026-09-03 20:46:21,598,111,1572,0
2026-09-03 20:46:22,596,106,1564,0
2026-09-03 20:46:23,597,117,1571,0
2026-09-03 20:46:24,601,115,1570,0
2026-09-03 20:46:25,603,104,1571,0
2026-09-03 20:46:26,601,105,1569,0
2026-09-03 20:46:27,595,121,1572,0
2026-09-03 20:46:28,593,109,1570,0
2026-09-03 20:46:29,583,112,1574,0
2026-09-03 20:46:30,591,103,1569,0
2026-09-03 20:46:31,586,106,1569,0
2026-09-03 20:46:32,592,107,1569,0
2026-09-03 20:46:33,601,111,1574,0
2026-09-03 20:46:34,591,112,1577,0
2026-09-03 20:46:35,585,107,1570,0
2026-09-03 20:46:36,587,104,1576,0
2026-09-03 20:46:37,595,104,1569,0
2026-09-03 20:46:38,599,105,1577,0
2026-09-03 20:46:39,593,104,1567,0
2026-09-03 20:46:40,591,107,1576,0
2026-09-03 20:46:41,593,99,1576,0
2026-09-03 20:46:42,589,104,1570,0
2026-09-03 20:46:43,593,104,1575,0
2026-09-03 20:46:44,588,101,1577,0
2026-09-03 20:46:45,587,108,1575,0
2026-09-03 20:46:46,588,92,1574,0
2026-09-03 20:46:47,584,102,1570,0
2026-09-03 20:46:48,588,101,1566,1
2026-09-03 20:46:49,580,99,1576,1
2026-09-03 20:46:50,582,105,1567,1
2026-09-03 20:46:51,582,101,1565,1
2026-09-03 20:46:52,585,99,1574,1
2026-09-03 20:46:53,585,94,1567,1
2026-09-03 20:46:54,591,101,1576,1
2026-09-03 20:46:55,576,94,1572,1
2026-09-03 20:46:56,592,93,1580,1
2026-09-03 20:46:57,587,102,1581,1
2026-09-03 20:46:58,588,99,1583,1
2026-09-03 20:46:59,579,96,1582,1
2026-09-03 20:47:00,584,102,1579,1
2026-09-03 20:47:01,587,99,1577,1
2026-09-03 20:47:02,580,96,1582,1
2026-09-03 20:47:03,584,96,1579,1
2026-09-03 20:47:04,581,92,1583,1
2026-09-03 20:47:05,578,98,1588,1
2026-09-03 20:47:06,580,99,1584,1
2026-09-03 20:47:07,576,99,1581,1
2026-09-03 20:47:08,582,93,1587,1
2026-09-03 20:47:09,585,99,1584,1
2026-09-03 20:47:10,582,94,1581,1
2026-09-03 20:47:11,587,89,1574,1
2026-09-03 20:47:12,587,101,1581,1
2026-09-03 20:47:13,584,102,1578,1
2026-09-03 20:47:14,582,102,1584,1
2026-09-03 20:47:15,587,102,1584,1
2026-09-03 20:47:16,593,100,1581,1
2026-09-03 20:47:17,591,109,1581,1
2026-09-03 20:47:18,603,104,1579,1
2026-09-03 20:47:19,599,106,1580,1
2026-09-03 20:47:20,598,106,1582,1
2026-09-03 20:47:21,599,112,1581,1
2026-09-03 20:47:22,604,103,1580,1
2026-09-03 20:47:23,600,110,1580,1
2026-09-03 20:47:24,607,107,1587,1
2026-09-03 20:47:25,605,110,1591,1
2026-09-03 20:47:26,597,112,1580,1
2026-09-03 20:47:27,616,95,1587,1
2026-09-03 20:47:28,596,109,1581,1
2026-09-03 20:47:29,603,118,1587,1
2026-09-03 20:47:30,598,114,1578,1
2026-09-03 20:47:31,603,128,1580,1
2026-09-03 20:47:32,598,117,1578,1
2026-09-03 20:47:33,600,121,1580,1
2026-09-03 20:47:34,601,121,1585,1
2026-09-03 20:47:35,597,125,1583,1
2026-09-03 20:47:36,601,123,1582,1
2026-09-03 20:47:37,599,123,1585,1
2026-09-03 20:47:38,597,124,1588,1
2026-09-03 20:47:39,599,125,1580,1
2026-09-03 20:47:40,597,131,1587,1
2026-09-03 20:47:41,598,129,1586,1
2026-09-03 20:47:42,603,134,1582,1
2026-09-03 20:47:43,597,131,1585,1
2026-09-03 20:47:44,595,120,1586,1
2026-09-03 20:47:45,594,126,1586,1
2026-09-03 20:47:46,594,117,1587,1
2026-09-03 20:47:47,591,119,1587,1
2026-09-03 20:47:48,589,125,1585,1
2026-09-03 20:47:49,599,120,1586,1
2026-09-03 20:47:50,605,116,1585,1
2026-09-03 20:47:51,602,125,1586,1
2026-09-03 20:47:52,589,118,1588,1
2026-09-03 20:47:53,594,116,1587,1
2026-09-03 20:47:54,594,118,1592,1
2026-09-03 20:47:55,585,122,1590,1
2026-09-03 20:47:56,585,111,1584,1
2026-09-03 20:47:57,586,105,1590,1
2026-09-03 20:47:58,595,113,1588,1
2026-09-03 20:47:59,582,106,1593,1
2026-09-03 20:48:00,584,103,1585,1
2026-09-03 20:48:01,574,99,1580,1
2026-09-03 20:48:02,575,105,1585,1
2026-09-03 20:48:03,583,106,1590,1
2026-09-03 20:48:04,580,98,1583,1
2026-09-03 20:48:05,581,94,1582,1
2026-09-03 20:48:06,576,94,1579,1
2026-09-03 20:48:07,580,92,1584,1
2026-09-03 20:48:08,565,92,1589,1
2026-09-03 20:48:09,567,90,1581,1
2026-09-03 20:48:10,575,89,1580,1
2026-09-03 20:48:11,563,89,1583,1
2026-09-03 20:48:12,575,91,1584,1
2026-09-03 20:48:13,570,86,1582,1
2026-09-03 20:48:14,567,91,1583,1
2026-09-03 20:48:15,562,96,1579,1
2026-09-03 20:48:16,570,86,1587,1
2026-09-03 20:48:17,571,83,1583,1
2026-09-03 20:48:18,566,87,1578,1
2026-09-03 20:48:19,566,86,1581,1
2026-09-03 20:48:20,564,91,1587,1
2026-09-03 20:48:21,575,83,1585,1
2026-09-03 20:48:22,569,81,1584,1
2026-09-03 20:48:23,570,83,1586,1
2026-09-03 20:48:24,571,85,1581,1
2026-09-03 20:48:25,568,74,1585,1
2026-09-03 20:48:26,572,76,1582,1
2026-09-03 20:48:27,573,80,1581,1
2026-09-03 20:48:28,571,81,1586,1
2026-09-03 20:48:29,577,77,1585,1
2026-09-03 20:48:30,568,85,1595,1
2026-09-03 20:48:31,582,84,1592,1
2026-09-03 20:48:32,578,82,1580,1
2026-09-03 20:48:33,578,74,1585,1
2026-09-03 20:48:34,581,79,1588,1
2026-09-03 20:48:35,579,81,1587,1
2026-09-03 20:48:36,585,88,1584,1
2026-09-03 20:48:37,579,80,1594,1
2026-09-03 20:48:38,572,81,1589,1
2026-09-03 20:48:39,585,79,1584,1
2026-09-03 20:48:40,580,85,1588,1
2026-09-03 20:48:41,586,87,1578,1
2026-09-03 20:48:42,582,85,1589,1
2026-09-03 20:48:43,588,86,1588,1
2026-09-03 20:48:44,587,78,1593,1
2026-09-03 20:48:45,590,83,1582,1
2026-09-03 20:48:46,585,79,1588,1
2026-09-03 20:48:47,594,81,1591,1
2026-09-03 20:48:48,596,81,1590,1
2026-09-03 20:48:49,594,65,1592,1
2026-09-03 20:48:50,593,84,1594,1
2026-09-03 20:48:51,587,86,1587,1
2026-09-03 20:48:52,596,84,1588,1
2026-09-03 20:48:53,586,88,1593,1
2026-09-03 20:48:54,581,72,1595,1
2026-09-03 20:48:55,587,75,1588,1
2026-09-03 20:48:56,586,84,1597,1
2026-09-03 20:48:57,588,81,1595,1
2026-09-03 20:48:58,581,76,1591,1
2026-09-03 20:48:59,582,70,1592,1
2026-09-03 20:49:00,582,76,1594,1
2026-09-03 20:49:01,580,76,1595,1
2026-09-03 20:49:02,583,81,1592,1
2026-09-03 20:49:03,583,67,1601,1
2026-09-03 20:49:04,578,76,1589,1
2026-09-03 20:49:05,567,75,1601,1
2026-09-03 20:49:06,573,73,1593,1
2026-09-03 20:49:07,576,71,1587,1
2026-09-03 20:49:08,572,79,1596,1
2026-09-03 20:49:09,577,77,1595,1
2026-09-03 20:49:10,574,72,1601,1
2026-09-03 20:49:11,576,70,1592,1
2026-09-03 20:49:12,573,70,1598,1
2026-09-03 20:49:13,573,72,1600,1
2026-09-03 20:49:14,585,68,1601,1
2026-09-03 20:49:15,576,70,1602,1
2026-09-03 20:49:16,571,67,1600,1
2026-09-03 20:49:17,577,66,1601,1
2026-09-03 20:49:18,578,66,1599,1
2026-09-03 20:49:19,579,75,1602,1
2026-09-03 20:49:20,581,59,1603,1
2026-09-03 20:49:21,578,67,1611,1
2026-09-03 20:49:22,585,65,1600,1
2026-09-03 20:49:23,590,66,1606,1
2026-09-03 20:49:24,583,64,1604,1
2026-09-03 20:49:25,594,46,1602,1
2026-09-03 20:49:26,583,72,1603,1
2026-09-03 20:49:27,590,75,1595,1
2026-09-03 20:49:28,582,76,1599,1
2026-09-03 20:49:29,585,69,1607,1
2026-09-03 20:49:30,586,74,1599,1
2026-09-03 20:49:31,582,76,1596,1
2026-09-03 20:49:32,581,75,1597,1
2026-09-03 20:49:33,581,72,1602,1
2026-09-03 20:49:34,582,73,1600,1
2026-09-03 20:49:35,584,69,1599,1
2026-09-03 20:49:36,588,71,1604,1
2026-09-03 20:49:37,589,58,1606,1
2026-09-03 20:49:38,593,69,1604,1
2026-09-03 20:49:39,585,73,1600,1
2026-09-03 20:49:40,588,75,1599,1
2026-09-03 20:49:41,591,57,1603,1
2026-09-03 20:49:42,584,67,1596,1
2026-09-03 20:49:43,581,68,1596,1
2026-09-03 20:49:44,592,63,1592,1
2026-09-03 20:49:45,585,62,1595,1
2026-09-03 20:49:46,582,64,1597,1
2026-09-03 20:49:47,577,68,1599,1
2026-09-03 20:49:48,579,64,1599,1
2026-09-03 20:49:49,584,65,1594,1
2026-09-03 20:49:50,576,64,1601,1
2026-09-03 20:49:51,585,63,1590,1
2026-09-03 20:49:52,579,65,1595,1
2026-09-03 20:49:53,583,61,1596,1
2026-09-03 20:49:54,579,59,1595,1
2026-09-03 20:49:55,579,66,1592,1
2026-09-03 20:49:56,585,58,1602,1
2026-09-03 20:49:57,577,66,1595,1
2026-09-03 20:49:58,578,63,1605,1
2026-09-03 20:49:59,574,67,1600,1
2026-09-03 20:50:00,576,63,1594,1
2026-09-03 20:50:01,580,64,1595,1
2026-09-03 20:50:02,584,56,1601,1
2026-09-03 20:50:03,583,62,1600,1
2026-09-03 20:50:04,591,59,1603,1
2026-09-03 20:50:05,575,57,1600,1
2026-09-03 20:50:06,577,64,1595,1
2026-09-03 20:50:07,572,58,1598,1
2026-09-03 20:50:08,579,64,1597,1
2026-09-03 20:50:09,590,57,1595,1
2026-09-03 20:50:10,580,59,1604,1
2026-09-03 20:50:11,584,51,1599,1
2026-09-03 20:50:12,578,50,1607,1
2026-09-03 20:50:13,590,54,1604,1
2026-09-03 20:50:14,584,60,1603,1
2026-09-03 20:50:15,589,55,1603,1
2026-09-03 20:50:16,586,55,1604,1
2026-09-03 20:50:17,582,50,1602,1
2026-09-03 20:50:18,591,55,1606,1
2026-09-03 20:50:19,586,49,1601,1
2026-09-03 20:50:20,586,51,1600,1
2026-09-03 20:50:21,585,58,1604,1
2026-09-03 20:50:22,589,50,1598,1
2026-09-03 20:50:23,590,58,1599,1
2026-09-03 20:50:24,582,52,1608,1
2026-09-03 20:50:25,594,53,1598,1
2026-09-03 20:50:26,591,47,1607,1
2026-09-03 20:50:27,591,46,1602,1
2026-09-03 20:50:28,590,50,1599,1
2026-09-03 20:50:29,590,55,1606,1
2026-09-03 20:50:30,591,47,1600,1
2026-09-03 20:50:31,581,47,1602,1
2026-09-03 20:50:32,590,44,1604,1
2026-09-03 20:50:33,584,51,1604,1
2026-09-03 20:50:34,588,40,1604,1
2026-09-03 20:50:35,588,47,1601,1
2026-09-03 20:50:36,585,45,1602,1
2026-09-03 20:50:37,586,46,1602,1
2026-09-03 20:50:38,588,44,1607,1
2026-09-03 20:50:39,587,54,1605,1
2026-09-03 20:50:40,593,35,1604,1
2026-09-03 20:50:41,586,52,1606,1
2026-09-03 20:50:42,584,43,1600,1
2026-09-03 20:50:43,584,49,1606,1
2026-09-03 20:50:44,591,48,1604,1
2026-09-03 20:50:45,587,46,1605,1
2026-09-03 20:50:46,581,45,1604,1
2026-09-03 20:50:47,592,53,1610,1
2026-09-03 20:50:48,590,40,1602,1
2026-09-03 20:50:49,584,48,1606,1
2026-09-03 20:50:50,589,55,1600,1
2026-09-03 20:50:51,582,50,1606,1
2026-09-03 20:50:52,587,40,1598,1
2026-09-03 20:50:53,587,44,1597,1
2026-09-03 20:50:54,587,47,1598,1
2026-09-03 20:50:55,589,52,1595,1
2026-09-03 20:50:56,590,47,1600,1
2026-09-03 20:50:57,578,44,1598,1
2026-09-03 20:50:58,589,52,1598,1
2026-09-03 20:50:59,589,52,1598,1
2026-09-03 20:51:00,589,46,1597,1
2026-09-03 20:51:01,593,49,1597,1
2026-09-03 20:51:02,587,44,1601,1
2026-09-03 20:51:03,589,50,1601,1
2026-09-03 20:51:04,588,49,1596,1
2026-09-03 20:51:05,589,49,1603,1
2026-09-03 20:51:06,586,53,1600,1
2026-09-03 20:51:07,594,50,1606,1
2026-09-03 20:51:08,594,51,1605,1
2026-09-03 20:51:09,598,48,1599,1
2026-09-03 20:51:10,602,34,1603,1
2026-09-03 20:51:11,606,49,1602,1
2026-09-03 20:51:12,595,54,1601,1
2026-09-03 20:51:13,593,57,1602,1
2026-09-03 20:51:14,599,52,1605,1
2026-09-03 20:51:15,605,61,1598,1
2026-09-03 20:51:16,600,57,1610,1
2026-09-03 20:51:17,609,70,1607,1
2026-09-03 20:51:18,602,59,1609,1
2026-09-03 20:51:19,605,53,1599,1
2026-09-03 20:51:20,614,66,1603,1
2026-09-03 20:51:21,612,66,1603,1
2026-09-03 20:51:22,607,68,1610,1
2026-09-03 20:51:23,606,61,1599,1
2026-09-03 20:51:24,607,66,1608,1
2026-09-03 20:51:25,616,73,1605,1
2026-09-03 20:51:26,609,72,1604,1
2026-09-03 20:51:27,613,69,1598,1
2026-09-03 20:51:28,616,73,1609,1
2026-09-03 20:51:29,612,74,1610,1
2026-09-03 20:51:30,616,79,1609,1
2026-09-03 20:51:31,626,83,1598,1
2026-09-03 20:51:32,621,81,1605,1
2026-09-03 20:51:33,613,86,1598,1
2026-09-03 20:51:34,612,78,1599,1
2026-09-03 20:51:35,616,84,1604,1
2026-09-03 20:51:36,613,90,1604,1
2026-09-03 20:51:37,618,87,1607,1
2026-09-03 20:51:38,621,83,1594,1
2026-09-03 20:51:39,621,87,1599,1
2026-09-03 20:51:40,624,91,1609,1
2026-09-03 20:51:41,621,95,1600,1
2026-09-03 20:51:42,626,95,1598,1
2026-09-03 20:51:43,627,93,1604,1
2026-09-03 20:51:44,623,95,1608,1
2026-09-03 20:51:45,626,92,1608,1
2026-09-03 20:51:46,630,101,1598,1
2026-09-03 20:51:47,629,98,1610,1
2026-09-03 20:51:48,636,102,1599,1
2026-09-03 20:51:49,633,93,1604,1
2026-09-03 20:51:50,620,103,1599,1
2026-09-03 20:51:51,629,99,1592,1
2026-09-03 20:51:52,627,95,1597,1
2026-09-03 20:51:53,621,100,1601,1
2026-09-03 20:51:54,616,99,1599,1
2026-09-03 20:51:55,624,100,1603,1
2026-09-03 20:51:56,621,98,1601,1
2026-09-03 20:51:57,624,97,1598,1
2026-09-03 20:51:58,614,99,1594,1
2026-09-03 20:51:59,614,93,1603,1
2026-09-03 20:52:00,621,94,1591,1
2026-09-03 20:52:01,610,101,1600,1
2026-09-03 20:52:02,619,97,1604,1
2026-09-03 20:52:03,617,97,1602,1
2026-09-03 20:52:04,615,86,1604,1
2026-09-03 20:52:05,608,96,1595,1
2026-09-03 20:52:06,611,92,1600,1
2026-09-03 20:52:07,614,92,1597,1
2026-09-03 20:52:08,613,94,1598,1
2026-09-03 20:52:09,612,92,1602,1
2026-09-03 20:52:10,611,91,1602,1
2026-09-03 20:52:11,612,94,1606,1
2026-09-03 20:52:12,607,94,1612,1
2026-09-03 20:52:13,615,99,1600,1
2026-09-03 20:52:14,608,101,1599,1
2026-09-03 20:52:15,606,88,1596,1
2026-09-03 20:52:16,609,87,1601,1
2026-09-03 20:52:17,608,88,1601,1
2026-09-03 20:52:18,609,87,1598,1
2026-09-03 20:52:19,609,93,1600,1
2026-09-03 20:52:20,603,83,1603,1
2026-09-03 20:52:21,609,99,1611,1
2026-09-03 20:52:22,608,86,1603,1
2026-09-03 20:52:23,613,94,1607,1
2026-09-03 20:52:24,605,92,1599,1
2026-09-03 20:52:25,607,82,1604,1
2026-09-03 20:52:26,613,83,1600,1
2026-09-03 20:52:27,600,88,1605,1
2026-09-03 20:52:28,610,89,1605,1
2026-09-03 20:52:29,600,99,1596,1
2026-09-03 20:52:30,606,95,1599,1
2026-09-03 20:52:31,602,90,1604,1
2026-09-03 20:52:32,602,88,1594,1
2026-09-03 20:52:33,602,94,1603,1
2026-09-03 20:52:34,604,98,1603,1
2026-09-03 20:52:35,600,97,1599,1
2026-09-03 20:52:36,619,94,1605,1
2026-09-03 20:52:37,604,95,1601,1
2026-09-03 20:52:38,610,80,1603,1
2026-09-03 20:52:39,608,97,1602,1
2026-09-03 20:52:40,597,105,1604,1
2026-09-03 20:52:41,603,107,1600,1
2026-09-03 20:52:42,609,93,1605,1
2026-09-03 20:52:43,608,100,1600,1
2026-09-03 20:52:44,605,96,1603,1
2026-09-03 20:52:45,604,99,1601,1
2026-09-03 20:52:46,606,101,1602,1
2026-09-03 20:52:47,598,98,1602,1
2026-09-03 20:52:48,594,103,1603,1
2026-09-03 20:52:49,601,99,1607,1
2026-09-03 20:52:50,596,89,1592,1
2026-09-03 20:52:51,590,99,1596,1
2026-09-03 20:52:52,595,90,1593,1
2026-09-03 20:52:53,589,90,1598,1
2026-09-03 20:52:54,591,82,1592,1
2026-09-03 20:52:55,581,89,1599,1
2026-09-03 20:52:56,578,87,1596,1
2026-09-03 20:52:57,581,89,1593,1
2026-09-03 20:52:58,574,85,1591,1
2026-09-03 20:52:59,578,94,1593,1
2026-09-03 20:53:00,579,78,1605,1
2026-09-03 20:53:01,578,90,1600,1
2026-09-03 20:53:02,577,79,1596,1
2026-09-03 20:53:03,572,87,1595,1
2026-09-03 20:53:04,578,89,1592,1
2026-09-03 20:53:05,581,90,1591,1
2026-09-03 20:53:06,581,86,1599,1
2026-09-03 20:53:07,580,83,1588,1
2026-09-03 20:53:08,582,84,1594,1
2026-09-03 20:53:09,588,83,1590,1
2026-09-03 20:53:10,586,88,1590,1
2026-09-03 20:53:11,586,94,1592,1
2026-09-03 20:53:12,590,92,1591,1
2026-09-03 20:53:13,581,84,1596,1
2026-09-03 20:53:14,582,86,1595,1
2026-09-03 20:53:15,579,90,1598,1
2026-09-03 20:53:16,587,90,1595,1
2026-09-03 20:53:17,592,88,1588,1
2026-09-03 20:53:18,594,97,1599,1
2026-09-03 20:53:19,583,90,1602,1
2026-09-03 20:53:20,596,97,1598,1
2026-09-03 20:53:21,583,94,1599,1
2026-09-03 20:53:22,595,90,1601,1
2026-09-03 20:53:23,596,88,1597,1
2026-09-03 20:53:24,594,83,1596,1
2026-09-03 20:53:25,595,87,1605,1
2026-09-03 20:53:26,589,91,1601,1
2026-09-03 20:53:27,586,93,1595,1
2026-09-03 20:53:28,593,90,1597,1
2026-09-03 20:53:29,597,85,1598,1
2026-09-03 20:53:30,586,79,1600,1
2026-09-03 20:53:31,598,70,1592,1
2026-09-03 20:53:32,585,90,1599,1
2026-09-03 20:53:33,589,88,1601,1
2026-09-03 20:53:34,586,86,1590,1
2026-09-03 20:53:35,586,90,1605,1
2026-09-03 20:53:36,592,89,1600,1
2026-09-03 20:53:37,586,83,1597,1
2026-09-03 20:53:38,592,70,1597,1
2026-09-03 20:53:39,594,80,1598,1
2026-09-03 20:53:40,590,80,1594,1
2026-09-03 20:53:41,597,83,1610,1
2026-09-03 20:53:42,593,78,1608,1
2026-09-03 20:53:43,590,86,1605,1
2026-09-03 20:53:44,591,85,1598,1
2026-09-03 20:53:45,588,85,1610,1
2026-09-03 20:53:46,589,73,1601,1
2026-09-03 20:53:47,594,81,1599,1
2026-09-03 20:53:48,590,86,1606,1
2026-09-03 20:53:49,588,72,1600,1
2026-09-03 20:53:50,594,75,1604,1
2026-09-03 20:53:51,583,82,1602,1
2026-09-03 20:53:52,592,86,1594,1
2026-09-03 20:53:53,585,75,1602,1
2026-09-03 20:53:54,590,75,1606,1
2026-09-03 20:53:55,585,78,1607,1
2026-09-03 20:53:56,593,77,1603,1
2026-09-03 20:53:57,588,84,1600,1
2026-09-03 20:53:58,592,76,1599,1
2026-09-03 20:53:59,587,75,1604,1
2026-09-03 20:54:00,592,79,1610,1
2026-09-03 20:54:01,599,88,1600,1
2026-09-03 20:54:02,595,75,1599,1
2026-09-03 20:54:03,592,73,1601,1
2026-09-03 20:54:04,596,85,1598,1
2026-09-03 20:54:05,595,81,1603,1
2026-09-03 20:54:06,595,78,1589,1
2026-09-03 20:54:07,600,81,1595,1
2026-09-03 20:54:08,595,83,1606,1
2026-09-03 20:54:09,601,79,1607,1
2026-09-03 20:54:10,600,91,1599,1
2026-09-03 20:54:11,600,85,1599,1
2026-09-03 20:54:12,606,97,1601,1
2026-09-03 20:54:13,602,79,1605,1
2026-09-03 20:54:14,603,84,1603,1
2026-09-03 20:54:15,605,88,1596,1
2026-09-03 20:54:16,602,78,1600,1
2026-09-03 20:54:17,609,83,1601,1
2026-09-03 20:54:18,610,93,1605,1
2026-09-03 20:54:19,608,81,1595,1
2026-09-03 20:54:20,609,78,1606,1
2026-09-03 20:54:21,609,87,1599,1
2026-09-03 20:54:22,615,83,1602,1
2026-09-03 20:54:23,607,85,1601,1
2026-09-03 20:54:24,617,91,1607,1
2026-09-03 20:54:25,613,90,1595,1
2026-09-03 20:54:26,610,90,1603,1
2026-09-03 20:54:27,610,88,1599,1
2026-09-03 20:54:28,614,89,1601,1
2026-09-03 20:54:29,614,88,1604,1
2026-09-03 20:54:30,612,91,1606,1
2026-09-03 20:54:31,612,83,1603,1
2026-09-03 20:54:32,610,81,1604,1
2026-09-03 20:54:33,604,81,1600,1
2026-09-03 20:54:34,608,89,1598,1
2026-09-03 20:54:35,603,84,1600,1
2026-09-03 20:54:36,604,86,1601,1
2026-09-03 20:54:37,600,85,1603,1
2026-09-03 20:54:38,614,91,1594,1
2026-09-03 20:54:39,598,89,1599,1
2026-09-03 20:54:40,599,88,1601,1
2026-09-03 20:54:41,599,79,1599,1
2026-09-03 20:54:42,609,91,1597,1
2026-09-03 20:54:43,599,89,1601,1
2026-09-03 20:54:44,598,89,1597,1
2026-09-03 20:54:45,601,81,1594,1
2026-09-03 20:54:46,597,94,1598,1
2026-09-03 20:54:47,593,94,1601,1
2026-09-03 20:54:48,595,87,1596,1
2026-09-03 20:54:49,596,91,1602,1
2026-09-03 20:54:50,594,89,1595,1
2026-09-03 20:54:51,594,89,1594,1
2026-09-03 20:54:52,592,84,1593,1
2026-09-03 20:54:53,591,90,1593,1
2026-09-03 20:54:54,592,86,1596,1
2026-09-03 20:54:55,585,90,1595,1
2026-09-03 20:54:56,591,86,1591,1
2026-09-03 20:54:57,584,91,1599,1
2026-09-03 20:54:58,592,93,1600,1
2026-09-03 20:54:59,591,84,1594,1
2026-09-03 20:55:00,593,88,1599,1
2026-09-03 20:55:01,584,93,1592,1
2026-09-03 20:55:02,585,89,1598,1
2026-09-03 20:55:03,589,88,1593,1
2026-09-03 20:55:04,580,90,1602,1
2026-09-03 20:55:05,584,95,1593,1
2026-09-03 20:55:06,604,85,1595,1
2026-09-03 20:55:07,582,94,1591,1
2026-09-03 20:55:08,593,95,1597,1
2026-09-03 20:55:09,588,93,1589,1
2026-09-03 20:55:10,586,89,1593,1
2026-09-03 20:55:11,585,92,1589,1
2026-09-03 20:55:12,593,93,1595,1
2026-09-03 20:55:13,599,96,1595,1
2026-09-03 20:55:14,594,96,1594,1
2026-09-03 20:55:15,586,92,1601,1
2026-09-03 20:55:16,593,96,1594,1
2026-09-03 20:55:17,589,100,1595,1
2026-09-03 20:55:18,596,101,1594,1
2026-09-03 20:55:19,591,100,1601,1
2026-09-03 20:55:20,596,100,1595,1
2026-09-03 20:55:21,602,100,1598,1
2026-09-03 20:55:22,593,100,1590,1
2026-09-03 20:55:23,599,99,1593,1
2026-09-03 20:55:24,599,104,1588,1
2026-09-03 20:55:25,607,109,1592,1
2026-09-03 20:55:26,602,102,1598,1
2026-09-03 20:55:27,600,103,1596,1
2026-09-03 20:55:28,600,105,1582,1
2026-09-03 20:55:29,600,109,1596,1
2026-09-03 20:55:30,603,110,1591,1
2026-09-03 20:55:31,605,112,1595,1
2026-09-03 20:55:32,601,116,1592,1
2026-09-03 20:55:33,598,115,1595,1
2026-09-03 20:55:34,607,120,1594,1
2026-09-03 20:55:35,599,119,1594,1
2026-09-03 20:55:36,603,117,1594,1
2026-09-03 20:55:37,604,120,1594,1
2026-09-03 20:55:38,605,118,1594,1
2026-09-03 20:55:39,605,123,1595,1
2026-09-03 20:55:40,603,125,1595,1
2026-09-03 20:55:41,598,122,1598,1
2026-09-03 20:55:42,609,126,1589,1
2026-09-03 20:55:43,611,130,1590,1
2026-09-03 20:55:44,599,128,1596,1
2026-09-03 20:55:45,602,126,1591,1
2026-09-03 20:55:46,601,128,1591,1
2026-09-03 20:55:47,609,126,1594,1
2026-09-03 20:55:48,599,122,1596,1
2026-09-03 20:55:49,594,131,1590,1
2026-09-03 20:55:50,605,128,1592,1
2026-09-03 20:55:51,595,128,1594,1
2026-09-03 20:55:52,602,132,1591,1
2026-09-03 20:55:53,600,122,1586,1
2026-09-03 20:55:54,596,133,1598,1
2026-09-03 20:55:55,599,127,1586,1
2026-09-03 20:55:56,592,131,1593,1
2026-09-03 20:55:57,598,134,1584,1
2026-09-03 20:55:58,604,132,1593,1
2026-09-03 20:55:59,599,138,1586,1
2026-09-03 20:56:00,599,140,1581,1
2026-09-03 20:56:01,605,139,1586,1
2026-09-03 20:56:02,609,134,1587,1
2026-09-03 20:56:03,599,141,1587,1
2026-09-03 20:56:04,606,136,1588,1
2026-09-03 20:56:05,604,131,1589,1
2026-09-03 20:56:06,603,138,1581,1
2026-09-03 20:56:07,599,146,1588,1
2026-09-03 20:56:08,597,139,1592,1
2026-09-03 20:56:09,606,145,1588,1
2026-09-03 20:56:10,600,150,1594,1
2026-09-03 20:56:11,603,141,1590,1
2026-09-03 20:56:12,605,145,1590,1
2026-09-03 20:56:13,607,140,1581,1
2026-09-03 20:56:14,598,141,1587,1
2026-09-03 20:56:15,602,146,1582,1
2026-09-03 20:56:16,603,150,1582,1
2026-09-03 20:56:17,603,146,1589,1
2026-09-03 20:56:18,601,145,1577,1
2026-09-03 20:56:19,596,142,1586,1
2026-09-03 20:56:20,596,147,1583,1
2026-09-03 20:56:21,596,141,1594,1
2026-09-03 20:56:22,594,149,1587,1
2026-09-03 20:56:23,598,146,1584,1
2026-09-03 20:56:24,595,149,1585,1
2026-09-03 20:56:25,594,150,1588,1
2026-09-03 20:56:26,590,152,1580,1
2026-09-03 20:56:27,595,156,1584,1
2026-09-03 20:56:28,592,152,1580,1
2026-09-03 20:56:29,590,150,1582,1
2026-09-03 20:56:30,594,149,1585,1
2026-09-03 20:56:31,592,155,1586,1
2026-09-03 20:56:32,584,156,1581,1
2026-09-03 20:56:33,599,149,1585,1
2026-09-03 20:56:34,597,148,1594,1
2026-09-03 20:56:35,602,151,1591,1
2026-09-03 20:56:36,592,148,1590,1
2026-09-03 20:56:37,598,157,1585,1
2026-09-03 20:56:38,599,153,1587,1
2026-09-03 20:56:39,606,155,1584,1
2026-09-03 20:56:40,596,152,1585,1
2026-09-03 20:56:41,594,164,1586,1
2026-09-03 20:56:42,597,155,1584,1
2026-09-03 20:56:43,597,152,1580,1
2026-09-03 20:56:44,596,166,1589,1
2026-09-03 20:56:45,592,167,1582,1
2026-09-03 20:56:46,590,155,1588,1
2026-09-03 20:56:47,596,162,1585,1
2026-09-03 20:56:48,595,159,1590,1
2026-09-03 20:56:49,591,156,1593,1
2026-09-03 20:56:50,595,157,1584,1
2026-09-03 20:56:51,594,164,1590,1
2026-09-03 20:56:52,590,162,1589,1
2026-09-03 20:56:53,590,162,1595,1
2026-09-03 20:56:54,591,161,1591,1
2026-09-03 20:56:55,587,163,1589,1
2026-09-03 20:56:56,592,157,1588,1
2026-09-03 20:56:57,592,158,1583,1
2026-09-03 20:56:58,579,161,1587,1
2026-09-03 20:56:59,583,160,1588,1
2026-09-03 20:57:00,584,166,1592,1
2026-09-03 20:57:01,589,164,1580,1
2026-09-03 20:57:02,592,169,1581,1
2026-09-03 20:57:03,588,166,1581,1
2026-09-03 20:57:04,587,155,1596,3
2026-09-03 20:57:05,588,165,1587,3
2026-09-03 20:57:06,583,171,1586,3
2026-09-03 20:57:07,585,163,1583,3
2026-09-03 20:57:08,578,162,1585,3
2026-09-03 20:57:09,581,165,1582,3
2026-09-03 20:57:10,580,169,1586,3
2026-09-03 20:57:11,582,159,1588,3
2026-09-03 20:57:12,577,167,1590,3
2026-09-03 20:57:13,587,163,1582,3
2026-09-03 20:57:14,586,172,1590,3
2026-09-03 20:57:15,584,167,1586,3
2026-09-03 20:57:16,580,172,1585,3
2026-09-03 20:57:17,584,169,1589,3
2026-09-03 20:57:18,577,168,1582,3
2026-09-03 20:57:19,578,170,1580,3
2026-09-03 20:57:20,591,162,1586,3
2026-09-03 20:57:21,578,168,1582,3
2026-09-03 20:57:22,581,175,1586,3
2026-09-03 20:57:23,581,171,1580,3
2026-09-03 20:57:24,576,172,1585,3
2026-09-03 20:57:25,577,180,1582,3
2026-09-03 20:57:26,573,171,1587,3
2026-09-03 20:57:27,579,171,1591,3
2026-09-03 20:57:28,577,174,1580,3
2026-09-03 20:57:29,579,172,1588,3
2026-09-03 20:57:30,572,180,1591,3
2026-09-03 20:57:31,572,182,1582,3
2026-09-03 20:57:32,591,155,1591,3
2026-09-03 20:57:33,574,176,1580,3
2026-09-03 20:57:34,585,180,1590,3
2026-09-03 20:57:35,575,180,1584,3
2026-09-03 20:57:36,578,174,1587,3
2026-09-03 20:57:37,584,184,1582,3
2026-09-03 20:57:38,579,160,1595,3
2026-09-03 20:57:39,571,174,1587,3
2026-09-03 20:57:40,579,179,1591,3
2026-09-03 20:57:41,578,178,1591,3
2026-09-03 20:57:42,581,185,1596,3
2026-09-03 20:57:43,578,179,1589,3
2026-09-03 20:57:44,580,182,1587,3
2026-09-03 20:57:45,573,176,1586,3
2026-09-03 20:57:46,571,182,1590,3
2026-09-03 20:57:47,573,186,1583,3
2026-09-03 20:57:48,568,170,1592,3
2026-09-03 20:57:49,573,178,1592,3
2026-09-03 20:57:50,571,175,1589,3
2026-09-03 20:57:51,568,172,1595,3
2026-09-03 20:57:52,570,175,1588,3
2026-09-03 20:57:53,570,171,1589,3
2026-09-03 20:57:54,574,175,1589,3
2026-09-03 20:57:55,574,167,1590,3
2026-09-03 20:57:56,573,170,1593,3
2026-09-03 20:57:57,566,177,1601,3
2026-09-03 20:57:58,565,167,1596,3
2026-09-03 20:57:59,575,172,1587,3
2026-09-03 20:58:00,563,173,1593,3
2026-09-03 20:58:01,561,162,1598,3
2026-09-03 20:58:02,570,166,1597,3
2026-09-03 20:58:03,574,161,1587,3
2026-09-03 20:58:04,569,154,1600,3
2026-09-03 20:58:05,574,164,1588,3
2026-09-03 20:58:06,557,163,1601,3
2026-09-03 20:58:07,562,164,1595,3
2026-09-03 20:58:08,567,166,1599,3
2026-09-03 20:58:09,555,160,1598,3
2026-09-03 20:58:10,551,171,1592,3
2026-09-03 20:58:11,562,167,1592,3
2026-09-03 20:58:12,559,163,1601,3
2026-09-03 20:58:13,563,166,1597,3
2026-09-03 20:58:14,561,165,1601,3
2026-09-03 20:58:15,550,163,1596,3
2026-09-03 20:58:16,560,165,1597,3
2026-09-03 20:58:17,554,159,1595,3
2026-09-03 20:58:18,562,164,1600,3
2026-09-03 20:58:19,560,167,1601,3
2026-09-03 20:58:20,558,170,1599,3
2026-09-03 20:58:21,555,162,1598,3
2026-09-03 20:58:22,562,164,1604,3
2026-09-03 20:58:23,551,166,1605,3
2026-09-03 20:58:24,559,169,1600,3
2026-09-03 20:58:25,560,158,1603,3
2026-09-03 20:58:26,555,165,1602,3
2026-09-03 20:58:27,558,165,1604,3
2026-09-03 20:58:28,553,161,1606,3
2026-09-03 20:58:29,547,162,1607,3
2026-09-03 20:58:30,551,157,1612,3
2026-09-03 20:58:31,548,157,1606,3
2026-09-03 20:58:32,554,161,1604,3
2026-09-03 20:58:33,546,156,1602,3
2026-09-03 20:58:34,541,156,1606,3
2026-09-03 20:58:35,544,164,1604,3
2026-09-03 20:58:36,543,153,1607,3
2026-09-03 20:58:37,541,159,1612,3
2026-09-03 20:58:38,534,158,1619,3
2026-09-03 20:58:39,542,158,1612,3
2026-09-03 20:58:40,535,155,1612,3
2026-09-03 20:58:41,538,155,1612,3
2026-09-03 20:58:42,542,157,1611,3
2026-09-03 20:58:43,542,147,1608,3
2026-09-03 20:58:44,538,155,1605,3
2026-09-03 20:58:45,533,151,1608,3
2026-09-03 20:58:46,539,151,1608,3
2026-09-03 20:58:47,539,143,1611,3
2026-09-03 20:58:48,534,147,1614,3
2026-09-03 20:58:49,534,151,1611,3
2026-09-03 20:58:50,540,156,1607,3
2026-09-03 20:58:51,539,157,1610,3
2026-09-03 20:58:52,528,153,1608,3
2026-09-03 20:58:53,536,151,1610,3
2026-09-03 20:58:54,539,153,1607,3
2026-09-03 20:58:55,537,157,1611,3
2026-09-03 20:58:56,537,154,1605,3
2026-09-03 20:58:57,541,147,1605,3
2026-09-03 20:58:58,539,157,1602,3
2026-09-03 20:58:59,534,152,1611,3
2026-09-03 20:59:00,537,156,1604,3
2026-09-03 20:59:01,539,150,1604,3
2026-09-03 20:59:02,538,150,1606,3
2026-09-03 20:59:03,543,153,1605,3
2026-09-03 20:59:04,532,159,1609,3
2026-09-03 20:59:05,540,148,1605,3
2026-09-03 20:59:06,538,159,1608,3
2026-09-03 20:59:07,535,158,1607,3
2026-09-03 20:59:08,546,158,1613,3
2026-09-03 20:59:09,541,156,1606,3
2026-09-03 20:59:10,532,156,1607,3
2026-09-03 20:59:11,541,159,1610,3
2026-09-03 20:59:12,537,163,1614,3
2026-09-03 20:59:13,545,164,1614,3
2026-09-03 20:59:14,531,152,1612,3
2026-09-03 20:59:15,546,161,1610,3
2026-09-03 20:59:16,536,156,1618,3
2026-09-03 20:59:17,551,165,1618,3
2026-09-03 20:59:18,550,162,1614,3
2026-09-03 20:59:19,544,162,1621,3
2026-09-03 20:59:20,553,165,1614,3
2026-09-03 20:59:21,549,161,1611,3
2026-09-03 20:59:22,544,168,1615,3
2026-09-03 20:59:23,548,164,1618,3
2026-09-03 20:59:24,544,170,1615,3
2026-09-03 20:59:25,548,165,1618,3
2026-09-03 20:59:26,545,169,1618,3
2026-09-03 20:59:27,541,168,1613,3
2026-09-03 20:59:28,543,168,1613,3
2026-09-03 20:59:29,545,164,1623,3
2026-09-03 20:59:30,545,170,1614,3
2026-09-03 20:59:31,542,163,1626,3
2026-09-03 20:59:32,547,170,1612,3
2026-09-03 20:59:33,546,174,1619,3
2026-09-03 20:59:34,547,160,1618,3
2026-09-03 20:59:35,542,168,1620,3
2026-09-03 20:59:36,547,165,1621,3
2026-09-03 20:59:37,542,161,1612,3
2026-09-03 20:59:38,538,158,1618,3
2026-09-03 20:59:39,539,161,1614,3
2026-09-03 20:59:40,540,162,1614,3
2026-09-03 20:59:41,530,161,1617,3
2026-09-03 20:59:42,548,160,1608,3
2026-09-03 20:59:43,543,167,1621,3
2026-09-03 20:59:44,534,160,1620,3
2026-09-03 20:59:45,534,162,1616,3
2026-09-03 20:59:46,537,161,1622,3
2026-09-03 20:59:47,539,152,1621,3
2026-09-03 20:59:48,539,152,1625,3
2026-09-03 20:59:49,538,156,1616,3
2026-09-03 20:59:50,542,157,1613,3
2026-09-03 20:59:51,536,146,1620,3
2026-09-03 20:59:52,543,156,1614,3
2026-09-03 20:59:53,541,151,1624,3
2026-09-03 20:59:54,539,149,1624,3
2026-09-03 20:59:55,538,156,1622,3
2026-09-03 20:59:56,539,158,1619,3
2026-09-03 20:59:57,544,155,1624,3
2026-09-03 20:59:58,545,150,1627,3
2026-09-03 20:59:59,543,155,1625,3
2026-09-03 21:00:00,536,153,1623,3
2026-09-03 21:00:01,540,154,1624,3
2026-09-03 21:00:02,540,159,1626,3
2026-09-03 21:00:03,543,156,1634,3
2026-09-03 21:00:04,547,150,1622,3
2026-09-03 21:00:05,540,158,1634,3
2026-09-03 21:00:06,546,157,1625,3
2026-09-03 21:00:07,538,156,1620,3
2026-09-03 21:00:08,542,159,1631,3
2026-09-03 21:00:09,535,162,1619,3
2026-09-03 21:00:10,532,163,1627,3
2026-09-03 21:00:11,536,159,1621,3
2026-09-03 21:00:12,546,161,1625,3
2026-09-03 21:00:13,541,160,1633,3
2026-09-03 21:00:14,544,158,1624,3
2026-09-03 21:00:15,547,159,1621,3
2026-09-03 21:00:16,545,160,1629,3
2026-09-03 21:00:17,536,159,1637,3
2026-09-03 21:00:18,547,152,1629,3
2026-09-03 21:00:19,538,156,1629,3
2026-09-03 21:00:20,537,156,1623,3
2026-09-03 21:00:21,526,156,1627,3
2026-09-03 21:00:22,537,157,1627,3
2026-09-03 21:00:23,537,158,1630,3
2026-09-03 21:00:24,541,149,1628,3
2026-09-03 21:00:25,539,149,1629,3
2026-09-03 21:00:26,536,153,1631,3
2026-09-03 21:00:27,531,152,1627,3
2026-09-03 21:00:28,539,150,1624,3
2026-09-03 21:00:29,545,153,1626,3
2026-09-03 21:00:30,540,151,1625,3
2026-09-03 21:00:31,542,148,1634,3
2026-09-03 21:00:32,536,144,1626,3
2026-09-03 21:00:33,540,150,1621,3
2026-09-03 21:00:34,544,147,1628,3
2026-09-03 21:00:35,531,143,1625,3
2026-09-03 21:00:36,541,151,1632,3
2026-09-03 21:00:37,532,149,1626,3
2026-09-03 21:00:38,535,152,1631,3
2026-09-03 21:00:39,534,149,1626,3
2026-09-03 21:00:40,538,148,1626,3
2026-09-03 21:00:41,533,146,1628,3
2026-09-03 21:00:42,539,148,1626,3
2026-09-03 21:00:43,535,144,1621,3
2026-09-03 21:00:44,530,147,1620,3
2026-09-03 21:00:45,531,144,1629,3
2026-09-03 21:00:46,530,149,1624,3
2026-09-03 21:00:47,533,138,1627,3
2026-09-03 21:00:48,537,143,1625,3
2026-09-03 21:00:49,535,140,1630,3
2026-09-03 21:00:50,534,148,1623,3
2026-09-03 21:00:51,528,141,1626,3
2026-09-03 21:00:52,535,147,1623,3
2026-09-03 21:00:53,539,139,1626,3
2026-09-03 21:00:54,536,140,1628,3
2026-09-03 21:00:55,535,134,1624,3
2026-09-03 21:00:56,536,141,1625,3
2026-09-03 21:00:57,539,136,1624,3
2026-09-03 21:00:58,539,134,1627,3
2026-09-03 21:00:59,537,136,1630,3
2026-09-03 21:01:00,532,139,1624,3
2026-09-03 21:01:01,543,140,1625,3
2026-09-03 21:01:02,537,136,1625,3
2026-09-03 21:01:03,535,139,1626,3
2026-09-03 21:01:04,544,135,1621,3
2026-09-03 21:01:05,544,142,1623,3
2026-09-03 21:01:06,539,139,1618,3
2026-09-03 21:01:07,534,136,1627,3
2026-09-03 21:01:08,537,143,1615,3
2026-09-03 21:01:09,538,135,1623,3
2026-09-03 21:01:10,538,133,1621,3
2026-09-03 21:01:11,539,129,1615,3
2026-09-03 21:01:12,538,130,1626,3
2026-09-03 21:01:13,534,131,1625,3
2026-09-03 21:01:14,534,130,1621,3
2026-09-03 21:01:15,536,132,1622,3
2026-09-03 21:01:16,527,124,1626,3
2026-09-03 21:01:17,531,127,1629,3
2026-09-03 21:01:18,530,137,1625,3
2026-09-03 21:01:19,526,119,1626,3
2026-09-03 21:01:20,522,128,1627,3
2026-09-03 21:01:21,538,121,1630,3
2026-09-03 21:01:22,540,125,1624,3
2026-09-03 21:01:23,531,129,1623,3
2026-09-03 21:01:24,530,126,1627,3
2026-09-03 21:01:25,532,113,1628,3
2026-09-03 21:01:26,531,116,1630,3
2026-09-03 21:01:27,533,126,1634,3
2026-09-03 21:01:28,527,124,1635,3
2026-09-03 21:01:29,536,126,1628,3
2026-09-03 21:01:30,526,117,1627,3
2026-09-03 21:01:31,530,116,1631,3
2026-09-03 21:01:32,530,118,1624,3
2026-09-03 21:01:33,528,118,1631,3
2026-09-03 21:01:34,533,120,1635,3
2026-09-03 21:01:35,535,116,1630,3
2026-09-03 21:01:36,539,112,1632,3
2026-09-03 21:01:37,529,113,1627,3
2026-09-03 21:01:38,531,117,1635,3
2026-09-03 21:01:39,529,118,1629,3
2026-09-03 21:01:40,531,109,1625,3
2026-09-03 21:01:41,536,106,1626,3
2026-09-03 21:01:42,531,110,1639,3
2026-09-03 21:01:43,531,104,1628,3
2026-09-03 21:01:44,531,113,1630,3
2026-09-03 21:01:45,531,108,1631,3
2026-09-03 21:01:46,531,105,1632,3
2026-09-03 21:01:47,531,113,1635,3
2026-09-03 21:01:48,535,115,1629,3
2026-09-03 21:01:49,525,115,1631,3
2026-09-03 21:01:50,529,112,1633,3
2026-09-03 21:01:51,520,110,1636,3
2026-09-03 21:01:52,533,106,1628,3
2026-09-03 21:01:53,525,115,1630,3
2026-09-03 21:01:54,525,110,1628,3
2026-09-03 21:01:55,523,109,1625,3
2026-09-03 21:01:56,533,109,1633,3
2026-09-03 21:01:57,525,112,1630,3
2026-09-03 21:01:58,525,115,1624,3
2026-09-03 21:01:59,524,108,1628,3
2026-09-03 21:02:00,519,108,1621,3
2026-09-03 21:02:01,522,106,1626,3
2026-09-03 21:02:02,528,103,1621,3
2026-09-03 21:02:03,523,106,1616,3
2026-09-03 21:02:04,522,101,1623,3
2026-09-03 21:02:05,529,101,1628,3
2026-09-03 21:02:06,520,107,1632,3
2026-09-03 21:02:07,516,109,1620,3
2026-09-03 21:02:08,517,98,1631,3
2026-09-03 21:02:09,511,104,1633,3
2026-09-03 21:02:10,521,94,1634,3
2026-09-03 21:02:11,523,108,1633,3
2026-09-03 21:02:12,512,93,1631,3
2026-09-03 21:02:13,525,95,1633,3
2026-09-03 21:02:14,520,97,1634,3
2026-09-03 21:02:15,523,96,1633,3
2026-09-03 21:02:16,524,103,1631,3
2026-09-03 21:02:17,529,87,1637,3
2026-09-03 21:02:18,525,90,1631,3
2026-09-03 21:02:19,528,100,1634,3
2026-09-03 21:02:20,527,96,1634,3
2026-09-03 21:02:21,531,98,1627,3
2026-09-03 21:02:22,537,92,1631,3
2026-09-03 21:02:23,526,104,1633,3
2026-09-03 21:02:24,532,100,1637,3
2026-09-03 21:02:25,533,96,1639,3
2026-09-03 21:02:26,530,101,1639,3
2026-09-03 21:02:27,535,101,1633,3
2026-09-03 21:02:28,529,99,1633,3
2026-09-03 21:02:29,542,96,1631,3
2026-09-03 21:02:30,530,99,1633,3
2026-09-03 21:02:31,532,91,1639,3
2026-09-03 21:02:32,531,100,1625,3
2026-09-03 21:02:33,532,92,1628,3
2026-09-03 21:02:34,532,95,1639,3
2026-09-03 21:02:35,523,93,1641,3
2026-09-03 21:02:36,531,98,1634,3
2026-09-03 21:02:37,525,94,1626,3
2026-09-03 21:02:38,526,96,1630,3
2026-09-03 21:02:39,521,92,1640,3
2026-09-03 21:02:40,530,100,1639,3
2026-09-03 21:02:41,524,95,1639,3
2026-09-03 21:02:42,525,98,1633,3
2026-09-03 21:02:43,521,97,1634,3
2026-09-03 21:02:44,523,104,1629,3
2026-09-03 21:02:45,532,92,1638,3
2026-09-03 21:02:46,525,91,1641,3
2026-09-03 21:02:47,535,90,1638,3
2026-09-03 21:02:48,521,96,1633,3
2026-09-03 21:02:49,517,92,1634,3
2026-09-03 21:02:50,528,95,1637,3
2026-09-03 21:02:51,523,90,1636,3
2026-09-03 21:02:52,525,100,1644,3
2026-09-03 21:02:53,520,95,1638,3
2026-09-03 21:02:54,524,96,1643,3
2026-09-03 21:02:55,521,94,1630,3
2026-09-03 21:02:56,527,101,1637,3
2026-09-03 21:02:57,522,100,1640,3
2026-09-03 21:02:58,523,96,1642,3
2026-09-03 21:02:59,521,96,1636,3
2026-09-03 21:03:00,524,106,1637,3
2026-09-03 21:03:01,526,102,1632,3
2026-09-03 21:03:02,521,104,1638,3
2026-09-03 21:03:03,528,106,1633,3
2026-09-03 21:03:04,521,107,1635,3
2026-09-03 21:03:05,519,105,1634,3
2026-09-03 21:03:06,532,102,1640,3
2026-09-03 21:03:07,529,111,1644,3
2026-09-03 21:03:08,524,107,1631,3
2026-09-03 21:03:09,529,104,1632,3
2026-09-03 21:03:10,534,109,1631,3
2026-09-03 21:03:11,529,111,1632,3
2026-09-03 21:03:12,528,107,1632,3
2026-09-03 21:03:13,527,109,1637,3
2026-09-03 21:03:14,533,114,1636,3
2026-09-03 21:03:15,528,109,1637,3
2026-09-03 21:03:16,541,110,1640,3
2026-09-03 21:03:17,541,103,1633,3
2026-09-03 21:03:18,541,105,1633,3
2026-09-03 21:03:19,536,106,1638,3
2026-09-03 21:03:20,531,104,1637,3
2026-09-03 21:03:21,540,111,1636,3
2026-09-03 21:03:22,540,98,1636,3
2026-09-03 21:03:23,527,97,1641,3
2026-09-03 21:03:24,538,100,1631,3
2026-09-03 21:03:25,526,110,1641,3
2026-09-03 21:03:26,523,100,1638,3
2026-09-03 21:03:27,530,97,1635,3
2026-09-03 21:03:28,524,96,1640,3
2026-09-03 21:03:29,533,98,1637,3
2026-09-03 21:03:30,533,100,1636,3
2026-09-03 21:03:31,527,95,1632,3
2026-09-03 21:03:32,532,95,1638,3
2026-09-03 21:03:33,527,94,1632,3
2026-09-03 21:03:34,525,94,1628,3
2026-09-03 21:03:35,527,88,1627,3
2026-09-03 21:03:36,526,89,1631,3
2026-09-03 21:03:37,519,93,1635,3
2026-09-03 21:03:38,517,93,1632,3
2026-09-03 21:03:39,522,96,1631,3
2026-09-03 21:03:40,522,95,1630,3
2026-09-03 21:03:41,525,97,1635,3
2026-09-03 21:03:42,523,89,1628,3
2026-09-03 21:03:43,520,94,1635,3
2026-09-03 21:03:44,526,97,1632,3
2026-09-03 21:03:45,520,96,1633,3
2026-09-03 21:03:46,517,99,1638,3
2026-09-03 21:03:47,522,89,1636,3
2026-09-03 21:03:48,525,95,1635,3
2026-09-03 21:03:49,530,97,1625,3
2026-09-03 21:03:50,525,88,1640,3
2026-09-03 21:03:51,528,74,1632,3
2026-09-03 21:03:52,533,91,1624,3
2026-09-03 21:03:53,524,94,1630,3
2026-09-03 21:03:54,525,91,1632,3
2026-09-03 21:03:55,531,87,1634,3
2026-09-03 21:03:56,536,98,1633,3
2026-09-03 21:03:57,537,92,1634,3
2026-09-03 21:03:58,532,97,1633,3
2026-09-03 21:03:59,537,96,1633,3
2026-09-03 21:04:00,533,81,1633,3
2026-09-03 21:04:01,530,88,1632,3
2026-09-03 21:04:02,535,98,1634,3
2026-09-03 21:04:03,537,92,1625,3
2026-09-03 21:04:04,541,97,1628,3
2026-09-03 21:04:05,536,104,1634,3
2026-09-03 21:04:06,542,91,1630,3
2026-09-03 21:04:07,543,92,1632,3
2026-09-03 21:04:08,539,89,1635,3
2026-09-03 21:04:09,547,99,1630,3
2026-09-03 21:04:10,542,99,1636,3
2026-09-03 21:04:11,546,98,1630,3
2026-09-03 21:04:12,539,103,1632,3
2026-09-03 21:04:13,546,94,1630,3
2026-09-03 21:04:14,550,103,1626,3
2026-09-03 21:04:15,539,106,1628,3
2026-09-03 21:04:16,546,100,1631,3
2026-09-03 21:04:17,540,102,1625,3
2026-09-03 21:04:18,547,98,1628,3
2026-09-03 21:04:19,544,97,1636,3
2026-09-03 21:04:20,541,107,1630,3
2026-09-03 21:04:21,548,103,1625,3
2026-09-03 21:04:22,548,106,1629,3
2026-09-03 21:04:23,547,109,1623,3
2026-09-03 21:04:24,555,111,1624,3
2026-09-03 21:04:25,553,115,1624,3
2026-09-03 21:04:26,550,108,1626,3
2026-09-03 21:04:27,549,115,1617,3
2026-09-03 21:04:28,551,116,1625,3
2026-09-03 21:04:29,549,118,1625,3
2026-09-03 21:04:30,557,118,1622,3
2026-09-03 21:04:31,561,119,1621,3
2026-09-03 21:04:32,550,126,1623,3
2026-09-03 21:04:33,551,99,1624,3
2026-09-03 21:04:34,552,125,1625,3
2026-09-03 21:04:35,559,124,1622,3
2026-09-03 21:04:36,557,119,1618,3
2026-09-03 21:04:37,554,122,1624,3
2026-09-03 21:04:38,563,127,1626,3
2026-09-03 21:04:39,555,128,1614,3
2026-09-03 21:04:40,557,128,1619,3
2026-09-03 21:04:41,559,126,1620,3
2026-09-03 21:04:42,558,131,1627,3
2026-09-03 21:04:43,556,127,1625,3
2026-09-03 21:04:44,555,128,1625,3
2026-09-03 21:04:45,558,124,1614,3
2026-09-03 21:04:46,553,127,1619,3
2026-09-03 21:04:47,548,124,1627,3
2026-09-03 21:04:48,553,137,1614,3
2026-09-03 21:04:49,549,131,1622,3
2026-09-03 21:04:50,556,127,1621,3
2026-09-03 21:04:51,550,128,1617,3
2026-09-03 21:04:52,547,130,1615,3
2026-09-03 21:04:53,555,123,1612,3
2026-09-03 21:04:54,553,130,1619,3
2026-09-03 21:04:55,548,130,1615,3
2026-09-03 21:04:56,550,116,1619,3
2026-09-03 21:04:57,545,130,1620,3
2026-09-03 21:04:58,546,125,1616,3
2026-09-03 21:04:59,544,128,1617,3
2026-09-03 21:05:00,544,129,1615,3
2026-09-03 21:05:01,545,128,1610,3
2026-09-03 21:05:02,553,127,1617,3
2026-09-03 21:05:03,545,130,1621,3
2026-09-03 21:05:04,545,129,1617,3
2026-09-03 21:05:05,542,125,1614,3
2026-09-03 21:05:06,543,139,1617,3
2026-09-03 21:05:07,554,127,1624,3
2026-09-03 21:05:08,538,126,1616,3
2026-09-03 21:05:09,539,134,1616,3
2026-09-03 21:05:10,548,131,1615,3
2026-09-03 21:05:11,541,140,1621,3
2026-09-03 21:05:12,541,124,1615,3
2026-09-03 21:05:13,541,131,1621,3
2026-09-03 21:05:14,539,133,1621,3
2026-09-03 21:05:15,551,140,1619,3
2026-09-03 21:05:16,549,137,1623,3
2026-09-03 21:05:17,542,142,1616,3
2026-09-03 21:05:18,546,134,1622,3
2026-09-03 21:05:19,539,131,1618,3
2026-09-03 21:05:20,541,136,1622,3
2026-09-03 21:05:21,545,135,1615,3
2026-09-03 21:05:22,541,137,1617,3
2026-09-03 21:05:23,540,132,1622,3
2026-09-03 21:05:24,533,143,1619,3
2026-09-03 21:05:25,548,139,1624,3
2026-09-03 21:05:26,546,134,1623,3
2026-09-03 21:05:27,548,143,1619,3
2026-09-03 21:05:28,549,139,1618,3
2026-09-03 21:05:29,550,140,1615,3
2026-09-03 21:05:30,532,147,1618,3
2026-09-03 21:05:31,543,141,1610,3
2026-09-03 21:05:32,547,147,1609,3
2026-09-03 21:05:33,544,150,1606,3
2026-09-03 21:05:34,546,145,1621,3
2026-09-03 21:05:35,545,149,1611,3
2026-09-03 21:05:36,543,141,1616,3
2026-09-03 21:05:37,536,145,1609,3
2026-09-03 21:05:38,542,146,1608,3
2026-09-03 21:05:39,551,146,1612,3
2026-09-03 21:05:40,548,149,1612,3
2026-09-03 21:05:41,556,157,1610,3
2026-09-03 21:05:42,545,149,1612,3
2026-09-03 21:05:43,551,143,1608,3
2026-09-03 21:05:44,550,160,1610,3
2026-09-03 21:05:45,539,160,1616,3
2026-09-03 21:05:46,547,163,1613,3
2026-09-03 21:05:47,553,164,1618,3
2026-09-03 21:05:48,550,158,1611,3
2026-09-03 21:05:49,553,166,1613,3
2026-09-03 21:05:50,555,160,1615,3
2026-09-03 21:05:51,555,164,1609,3
2026-09-03 21:05:52,552,165,1613,3
2026-09-03 21:05:53,550,163,1602,3
2026-09-03 21:05:54,556,166,1616,3
2026-09-03 21:05:55,555,164,1611,3
2026-09-03 21:05:56,546,173,1603,3
2026-09-03 21:05:57,550,162,1600,3
2026-09-03 21:05:58,552,181,1602,3
2026-09-03 21:05:59,555,172,1603,3
2026-09-03 21:06:00,547,179,1606,3
2026-09-03 21:06:01,556,165,1596,3
2026-09-03 21:06:02,551,169,1602,3
2026-09-03 21:06:03,548,176,1601,3
2026-09-03 21:06:04,545,178,1599,3
2026-09-03 21:06:05,548,183,1601,3
2026-09-03 21:06:06,553,178,1597,3
2026-09-03 21:06:07,553,173,1598,3
2026-09-03 21:06:08,562,182,1600,3
2026-09-03 21:06:09,553,188,1600,3
2026-09-03 21:06:10,550,190,1601,3
2026-09-03 21:06:11,562,191,1602,3
2026-09-03 21:06:12,560,188,1598,3
2026-09-03 21:06:13,551,187,1599,3
2026-09-03 21:06:14,560,187,1600,3
2026-09-03 21:06:15,550,189,1598,3
2026-09-03 21:06:16,556,185,1600,3
2026-09-03 21:06:17,557,196,1599,3
2026-09-03 21:06:18,559,192,1600,3
2026-09-03 21:06:19,563,183,1596,3
2026-09-03 21:06:20,560,192,1595,3
2026-09-03 21:06:21,560,194,1594,3
2026-09-03 21:06:22,564,193,1584,3
2026-09-03 21:06:23,564,188,1598,3
2026-09-03 21:06:24,555,198,1590,3
2026-09-03 21:06:25,560,195,1595,3
2026-09-03 21:06:26,564,191,1586,3
2026-09-03 21:06:27,567,195,1595,3
2026-09-03 21:06:28,561,199,1592,3
2026-09-03 21:06:29,560,196,1593,3
2026-09-03 21:06:30,558,199,1593,3
2026-09-03 21:06:31,568,202,1594,3
2026-09-03 21:06:32,571,195,1596,3
2026-09-03 21:06:33,566,202,1594,3
2026-09-03 21:06:34,569,202,1594,3
2026-09-03 21:06:35,573,200,1590,3
2026-09-03 21:06:36,569,206,1599,3
2026-09-03 21:06:37,568,208,1590,3
2026-09-03 21:06:38,569,204,1599,3
2026-09-03 21:06:39,562,207,1593,3
2026-09-03 21:06:40,562,201,1599,3
2026-09-03 21:06:41,560,192,1596,3
2026-09-03 21:06:42,567,206,1582,3
2026-09-03 21:06:43,558,207,1595,3
2026-09-03 21:06:44,562,206,1593,3
2026-09-03 21:06:45,557,212,1598,3
2026-09-03 21:06:46,553,205,1590,3
2026-09-03 21:06:47,557,212,1591,3
2026-09-03 21:06:48,549,204,1587,3
2026-09-03 21:06:49,541,204,1587,3
2026-09-03 21:06:50,547,207,1587,3
2026-09-03 21:06:51,540,206,1583,3
2026-09-03 21:06:52,538,208,1581,3
2026-09-03 21:06:53,542,184,1590,3
2026-09-03 21:06:54,539,202,1585,3
2026-09-03 21:06:55,536,209,1579,3
2026-09-03 21:06:56,536,212,1586,3
2026-09-03 21:06:57,536,210,1586,3
2026-09-03 21:06:58,534,208,1586,3
2026-09-03 21:06:59,529,204,1578,3
2026-09-03 21:07:00,527,209,1579,3
2026-09-03 21:07:01,530,200,1580,3
2026-09-03 21:07:02,530,193,1575,3
2026-09-03 21:07:03,527,200,1583,3
2026-09-03 21:07:04,529,198,1577,3
2026-09-03 21:07:05,535,197,1578,3
2026-09-03 21:07:06,538,198,1586,3
2026-09-03 21:07:07,539,201,1586,3
2026-09-03 21:07:08,534,190,1583,3
2026-09-03 21:07:09,541,196,1583,3
2026-09-03 21:07:10,542,202,1586,3
2026-09-03 21:07:11,537,193,1587,3
2026-09-03 21:07:12,527,183,1595,3
2026-09-03 21:07:13,529,185,1596,3
2026-09-03 21:07:14,532,190,1587,3
2026-09-03 21:07:15,537,188,1589,3
2026-09-03 21:07:16,534,188,1593,3
2026-09-03 21:07:17,533,193,1593,3
2026-09-03 21:07:18,532,186,1593,3
2026-09-03 21:07:19,535,191,1591,3
2026-09-03 21:07:20,537,183,1590,3
2026-09-03 21:07:21,530,185,1590,3
2026-09-03 21:07:22,531,185,1595,3
2026-09-03 21:07:23,526,178,1591,3
2026-09-03 21:07:24,541,186,1593,3
2026-09-03 21:07:25,530,190,1591,3
2026-09-03 21:07:26,533,189,1597,3
2026-09-03 21:07:27,535,184,1591,3
2026-09-03 21:07:28,544,175,1595,3
2026-09-03 21:07:29,530,183,1591,3
2026-09-03 21:07:30,539,189,1597,3
2026-09-03 21:07:31,542,190,1587,3
2026-09-03 21:07:32,540,184,1595,3
2026-09-03 21:07:33,544,194,1594,3
2026-09-03 21:07:34,531,186,1592,3
2026-09-03 21:07:35,533,189,1587,3
2026-09-03 21:07:36,533,188,1592,3
2026-09-03 21:07:37,534,188,1591,3
2026-09-03 21:07:38,527,192,1585,3
2026-09-03 21:07:39,520,185,1594,3
2026-09-03 21:07:40,526,185,1585,3
2026-09-03 21:07:41,530,180,1587,3
2026-09-03 21:07:42,516,189,1582,3
2026-09-03 21:07:43,504,179,1587,3
2026-09-03 21:07:44,503,183,1585,3
2026-09-03 21:07:45,497,181,1585,3
2026-09-03 21:07:46,489,178,1587,3
2026-09-03 21:07:47,485,174,1586,3
2026-09-03 21:07:48,488,183,1574,3
2026-09-03 21:07:49,487,167,1585,3
2026-09-03 21:07:50,477,178,1586,3
2026-09-03 21:07:51,479,174,1589,3
2026-09-03 21:07:52,477,176,1586,3
2026-09-03 21:07:53,472,173,1585,3
2026-09-03 21:07:54,475,169,1587,3
2026-09-03 21:07:55,467,166,1578,3
2026-09-03 21:07:56,463,171,1584,3
2026-09-03 21:07:57,471,142,1588,3
2026-09-03 21:07:58,465,170,1578,3
2026-09-03 21:07:59,462,166,1579,3
2026-09-03 21:08:00,460,163,1584,3
2026-09-03 21:08:01,466,165,1587,3
2026-09-03 21:08:02,465,159,1585,3
2026-09-03 21:08:03,467,158,1580,3
2026-09-03 21:08:04,466,163,1584,3
2026-09-03 21:08:05,467,168,1583,3
2026-09-03 21:08:06,469,156,1587,3
2026-09-03 21:08:07,469,154,1589,3
2026-09-03 21:08:08,470,152,1591,3
2026-09-03 21:08:09,472,151,1585,3
2026-09-03 21:08:10,475,151,1593,3
2026-09-03 21:08:11,463,152,1592,3
2026-09-03 21:08:12,481,146,1585,3
2026-09-03 21:08:13,476,160,1592,3
2026-09-03 21:08:14,474,155,1584,3
2026-09-03 21:08:15,480,156,1585,3
2026-09-03 21:08:16,479,154,1590,3
2026-09-03 21:08:17,483,160,1583,3
2026-09-03 21:08:18,494,151,1589,3
2026-09-03 21:08:19,496,142,1590,2
2026-09-03 21:08:20,502,134,1585,2
2026-09-03 21:08:21,503,158,1587,2
2026-09-03 21:08:22,506,160,1588,2
2026-09-03 21:08:23,511,155,1580,2
2026-09-03 21:08:24,514,154,1588,2
2026-09-03 21:08:25,520,150,1582,2
2026-09-03 21:08:26,516,156,1585,2
2026-09-03 21:08:27,531,154,1578,2
2026-09-03 21:08:28,534,153,1586,2
2026-09-03 21:08:29,529,151,1590,2
2026-09-03 21:08:30,529,156,1585,2
2026-09-03 21:08:31,536,158,1589,2
2026-09-03 21:08:32,532,153,1590,2
2026-09-03 21:08:33,531,157,1591,2
2026-09-03 21:08:34,534,161,1597,2
2026-09-03 21:08:35,538,161,1593,2
2026-09-03 21:08:36,535,155,1598,2
2026-09-03 21:08:37,528,154,1588,2
2026-09-03 21:08:38,529,157,1597,2
2026-09-03 21:08:39,531,157,1599,2
2026-09-03 21:08:40,529,157,1589,2
2026-09-03 21:08:41,523,149,1592,2
2026-09-03 21:08:42,528,154,1594,2
2026-09-03 21:08:43,523,157,1600,2
2026-09-03 21:08:44,526,163,1595,2
2026-09-03 21:08:45,530,157,1595,2
2026-09-03 21:08:46,533,152,1599,2
2026-09-03 21:08:47,524,149,1598,2
2026-09-03 21:08:48,539,156,1594,2
2026-09-03 21:08:49,530,150,1597,2
2026-09-03 21:08:50,533,151,1593,2
2026-09-03 21:08:51,539,151,1603,2
2026-09-03 21:08:52,542,152,1590,2
2026-09-03 21:08:53,535,153,1601,2
2026-09-03 21:08:54,539,156,1600,2
2026-09-03 21:08:55,541,156,1595,2
2026-09-03 21:08:56,542,155,1600,2
2026-09-03 21:08:57,539,154,1591,2
2026-09-03 21:08:58,543,158,1599,2
2026-09-03 21:08:59,543,157,1598,2
2026-09-03 21:09:00,549,158,1600,2
2026-09-03 21:09:01,548,155,1594,2
2026-09-03 21:09:02,547,155,1599,2
2026-09-03 21:09:03,551,164,1610,2
2026-09-03 21:09:04,550,162,1597,2
2026-09-03 21:09:05,558,154,1599,2
2026-09-03 21:09:06,553,155,1598,2
2026-09-03 21:09:07,555,153,1600,2
2026-09-03 21:09:08,555,162,1592,2
2026-09-03 21:09:09,556,161,1601,2
2026-09-03 21:09:10,552,162,1607,2
2026-09-03 21:09:11,546,154,1600,2
2026-09-03 21:09:12,545,160,1605,2
2026-09-03 21:09:13,552,164,1599,2
2026-09-03 21:09:14,551,155,1598,2
2026-09-03 21:09:15,555,167,1602,2
2026-09-03 21:09:16,548,162,1610,2
2026-09-03 21:09:17,557,161,1603,2
2026-09-03 21:09:18,559,158,1614,2
2026-09-03 21:09:19,541,164,1601,2
2026-09-03 21:09:20,554,161,1609,2
2026-09-03 21:09:21,557,164,1609,2
2026-09-03 21:09:22,553,156,1596,2
2026-09-03 21:09:23,550,164,1607,2
2026-09-03 21:09:24,548,162,1604,2
2026-09-03 21:09:25,548,165,1608,2
2026-09-03 21:09:26,564,168,1610,2
2026-09-03 21:09:27,551,160,1599,2
2026-09-03 21:09:28,562,164,1613,2
2026-09-03 21:09:29,550,170,1610,2
2026-09-03 21:09:30,559,157,1609,2
2026-09-03 21:09:31,558,162,1606,2
2026-09-03 21:09:32,553,161,1605,2
2026-09-03 21:09:33,558,160,1614,2
2026-09-03 21:09:34,554,164,1611,2
2026-09-03 21:09:35,559,165,1607,2
2026-09-03 21:09:36,559,159,1606,2
2026-09-03 21:09:37,553,172,1607,2
2026-09-03 21:09:38,559,168,1601,2
2026-09-03 21:09:39,558,170,1610,2
2026-09-03 21:09:40,560,163,1604,2
2026-09-03 21:09:41,559,175,1601,2
2026-09-03 21:09:42,559,163,1604,2
2026-09-03 21:09:43,557,173,1611,2
2026-09-03 21:09:44,562,170,1609,2
2026-09-03 21:09:45,557,173,1605,2
2026-09-03 21:09:46,557,174,1603,2
2026-09-03 21:09:47,556,181,1608,2
2026-09-03 21:09:48,555,171,1610,2
2026-09-03 21:09:49,554,172,1609,2
2026-09-03 21:09:50,556,171,1610,2
2026-09-03 21:09:51,560,176,1600,2
2026-09-03 21:09:52,559,179,1608,2
2026-09-03 21:09:53,550,170,1612,2
2026-09-03 21:09:54,557,170,1612,2
2026-09-03 21:09:56,559,174,1611,2
2026-09-03 21:09:56,558,174,1609,2
2026-09-03 21:09:57,558,173,1605,2
2026-09-03 21:09:58,556,176,1615,2
2026-09-03 21:09:59,561,172,1607,2
2026-09-03 21:10:00,559,145,1612,2
2026-09-03 21:10:01,550,177,1613,2
2026-09-03 21:10:02,554,180,1610,2
2026-09-03 21:10:03,555,171,1610,2
2026-09-03 21:10:04,555,176,1609,2
2026-09-03 21:10:05,552,153,1605,2
2026-09-03 21:10:06,550,173,1607,2
2026-09-03 21:10:07,554,165,1609,2
2026-09-03 21:10:08,545,166,1607,2
2026-09-03 21:10:09,542,168,1607,2
2026-09-03 21:10:10,544,167,1607,2
2026-09-03 21:10:11,542,157,1613,2
2026-09-03 21:10:12,547,156,1605,2
2026-09-03 21:10:13,538,153,1610,2
2026-09-03 21:10:14,545,153,1607,2
2026-09-03 21:10:15,540,148,1602,2
2026-09-03 21:10:16,533,155,1611,2
2026-09-03 21:10:17,537,155,1607,2
2026-09-03 21:10:18,536,161,1602,2
2026-09-03 21:10:19,541,159,1608,2
2026-09-03 21:10:20,537,156,1601,2
2026-09-03 21:10:21,541,154,1601,2
2026-09-03 21:10:22,542,152,1602,2
2026-09-03 21:10:23,547,152,1605,2
2026-09-03 21:10:24,544,159,1603,2
2026-09-03 21:10:25,547,149,1599,2
2026-09-03 21:10:26,548,150,1605,2
2026-09-03 21:10:27,541,152,1605,2
2026-09-03 21:10:28,548,156,1605,2
2026-09-03 21:10:29,543,154,1605,2
2026-09-03 21:10:30,549,155,1611,2
2026-09-03 21:10:31,545,147,1608,2
2026-09-03 21:10:32,544,155,1608,2
2026-09-03 21:10:33,547,149,1610,2
2026-09-03 21:10:34,541,142,1602,2
2026-09-03 21:10:35,539,147,1604,2
2026-09-03 21:10:36,555,146,1604,2
2026-09-03 21:10:37,550,136,1607,2
2026-09-03 21:10:38,551,142,1612,2
2026-09-03 21:10:39,544,146,1612,2
2026-09-03 21:10:40,548,134,1606,2
2026-09-03 21:10:41,556,139,1605,2
2026-09-03 21:10:42,543,143,1607,2
2026-09-03 21:10:43,552,143,1612,2
2026-09-03 21:10:44,551,138,1607,2
2026-09-03 21:10:45,553,136,1619,2
2026-09-03 21:10:46,544,130,1617,2
2026-09-03 21:10:47,546,130,1612,2
2026-09-03 21:10:48,553,122,1611,2
2026-09-03 21:10:49,549,131,1621,2
2026-09-03 21:10:50,553,130,1617,2
2026-09-03 21:10:51,553,124,1613,2
2026-09-03 21:10:52,555,128,1616,2
2026-09-03 21:10:53,549,125,1616,2
2026-09-03 21:10:54,545,121,1615,2
2026-09-03 21:10:55,558,119,1617,2
2026-09-03 21:10:56,545,126,1611,2
2026-09-03 21:10:57,552,129,1615,2
2026-09-03 21:10:58,551,122,1612,2
2026-09-03 21:10:59,540,129,1618,2
2026-09-03 21:11:00,546,117,1616,2
2026-09-03 21:11:01,540,127,1615,2
2026-09-03 21:11:02,549,129,1616,2
2026-09-03 21:11:03,552,130,1602,2
2026-09-03 21:11:04,544,132,1620,2
2026-09-03 21:11:05,544,126,1617,2
2026-09-03 21:11:06,543,131,1606,2
2026-09-03 21:11:07,542,123,1605,2
2026-09-03 21:11:08,545,130,1608,2
2026-09-03 21:11:09,551,134,1614,2
2026-09-03 21:11:10,555,136,1602,2
2026-09-03 21:11:11,546,127,1607,2
2026-09-03 21:11:12,553,126,1615,2
2026-09-03 21:11:13,552,134,1602,2
2026-09-03 21:11:14,551,133,1606,2
2026-09-03 21:11:15,550,130,1606,2
2026-09-03 21:11:16,549,135,1606,2
2026-09-03 21:11:17,555,132,1607,2
2026-09-03 21:11:18,550,129,1606,2
2026-09-03 21:11:19,554,141,1606,2
2026-09-03 21:11:20,558,137,1609,2
2026-09-03 21:11:21,561,134,1607,2
2026-09-03 21:11:22,560,151,1602,2
2026-09-03 21:11:23,560,151,1606,2
2026-09-03 21:11:24,573,145,1606,2
2026-09-03 21:11:25,568,140,1607,2
2026-09-03 21:11:26,568,144,1606,2
2026-09-03 21:11:27,573,146,1601,2
2026-09-03 21:11:28,564,154,1600,2
2026-09-03 21:11:29,579,145,1609,2
2026-09-03 21:11:30,578,154,1606,2
2026-09-03 21:11:31,579,159,1611,2
2026-09-03 21:11:32,577,160,1602,2
2026-09-03 21:11:33,587,164,1603,2
2026-09-03 21:11:34,585,154,1611,2
2026-09-03 21:11:35,586,159,1614,2
2026-09-03 21:11:36,589,161,1607,2
2026-09-03 21:11:37,591,156,1603,2
2026-09-03 21:11:38,592,159,1604,2
2026-09-03 21:11:39,594,171,1608,2
2026-09-03 21:11:40,587,164,1602,2
2026-09-03 21:11:41,590,170,1599,2
2026-09-03 21:11:42,591,173,1607,2
2026-09-03 21:11:43,587,169,1603,2
2026-09-03 21:11:44,594,167,1608,2
2026-09-03 21:11:45,592,174,1604,2
2026-09-03 21:11:46,590,168,1608,2
2026-09-03 21:11:47,594,165,1609,2
2026-09-03 21:11:48,594,173,1608,2
2026-09-03 21:11:49,598,164,1606,2
2026-09-03 21:11:50,592,172,1609,2
2026-09-03 21:11:51,585,163,1612,2
2026-09-03 21:11:52,586,167,1605,2
2026-09-03 21:11:53,584,170,1613,2
2026-09-03 21:11:54,584,175,1610,2
2026-09-03 21:11:55,588,167,1611,2
2026-09-03 21:11:56,600,167,1605,2
2026-09-03 21:11:57,588,169,1612,2
2026-09-03 21:11:58,592,166,1602,2
2026-09-03 21:11:59,585,165,1612,2
2026-09-03 21:12:00,582,164,1612,2
2026-09-03 21:12:01,591,161,1608,2
2026-09-03 21:12:02,590,164,1613,2
2026-09-03 21:12:03,584,171,1610,2
2026-09-03 21:12:04,584,162,1610,2
2026-09-03 21:12:05,584,157,1609,2
2026-09-03 21:12:06,584,163,1611,2
2026-09-03 21:12:07,578,162,1605,2
2026-09-03 21:12:08,573,159,1606,2
2026-09-03 21:12:09,581,160,1606,2
2026-09-03 21:12:10,581,168,1608,2
2026-09-03 21:12:11,575,168,1605,2
2026-09-03 21:12:12,583,163,1614,2
2026-09-03 21:12:13,579,165,1609,2
2026-09-03 21:12:14,580,172,1617,2
2026-09-03 21:12:15,585,163,1609,2
2026-09-03 21:12:16,574,159,1608,2
2026-09-03 21:12:17,577,159,1612,2
2026-09-03 21:12:18,580,157,1615,2
2026-09-03 21:12:19,584,162,1612,2
2026-09-03 21:12:20,585,165,1614,2
2026-09-03 21:12:21,585,156,1611,2
2026-09-03 21:12:22,583,162,1606,2
2026-09-03 21:12:23,586,156,1615,2
2026-09-03 21:12:24,579,164,1614,2
2026-09-03 21:12:25,582,149,1609,2
2026-09-03 21:12:26,583,159,1607,2
2026-09-03 21:12:27,587,156,1610,2
2026-09-03 21:12:28,581,156,1612,2
2026-09-03 21:12:29,579,160,1607,2
2026-09-03 21:12:30,581,151,1616,2
2026-09-03 21:12:31,577,156,1613,2
2026-09-03 21:12:32,582,156,1607,2
2026-09-03 21:12:33,574,159,1610,2
2026-09-03 21:12:34,575,157,1609,2
2026-09-03 21:12:35,576,153,1606,2
2026-09-03 21:12:36,584,153,1615,2
2026-09-03 21:12:37,581,152,1600,2
2026-09-03 21:12:38,571,147,1601,2
2026-09-03 21:12:39,578,155,1609,2
2026-09-03 21:12:40,577,157,1614,2
2026-09-03 21:12:41,578,157,1612,2
2026-09-03 21:12:42,586,160,1607,2
2026-09-03 21:12:43,583,158,1603,2
2026-09-03 21:12:44,587,162,1604,2
2026-09-03 21:12:45,586,156,1612,2
2026-09-03 21:12:46,598,162,1608,2
2026-09-03 21:12:47,586,161,1597,2
2026-09-03 21:12:48,594,159,1605,2
2026-09-03 21:12:49,594,164,1604,2
2026-09-03 21:12:50,595,166,1606,2
2026-09-03 21:12:51,589,166,1604,2
2026-09-03 21:12:52,603,163,1607,2
2026-09-03 21:12:53,593,160,1606,2
2026-09-03 21:12:54,598,164,1610,2
2026-09-03 21:12:55,606,166,1610,2
2026-09-03 21:12:56,595,169,1602,2
2026-09-03 21:12:57,600,165,1603,2
2026-09-03 21:12:58,606,171,1602,2
2026-09-03 21:12:59,603,167,1605,2
2026-09-03 21:13:00,610,172,1606,2
2026-09-03 21:13:01,606,180,1606,2
2026-09-03 21:13:02,600,178,1606,2
2026-09-03 21:13:03,603,182,1602,2
2026-09-03 21:13:04,607,176,1604,2
2026-09-03 21:13:05,603,170,1605,2
2026-09-03 21:13:06,613,178,1606,2
2026-09-03 21:13:07,607,182,1603,2
2026-09-03 21:13:08,602,184,1605,2
2026-09-03 21:13:09,605,187,1606,2
2026-09-03 21:13:10,606,184,1606,2
2026-09-03 21:13:11,599,178,1602,2
2026-09-03 21:13:12,610,188,1606,2
2026-09-03 21:13:13,604,176,1602,2
2026-09-03 21:13:14,607,178,1607,2
2026-09-03 21:13:15,601,185,1606,2
2026-09-03 21:13:16,601,174,1610,2
2026-09-03 21:13:17,602,186,1609,2
2026-09-03 21:13:18,595,184,1601,2
2026-09-03 21:13:19,592,180,1605,2
2026-09-03 21:13:20,598,180,1607,2
2026-09-03 21:13:21,593,177,1609,2
2026-09-03 21:13:22,590,176,1607,2
2026-09-03 21:13:23,591,175,1601,2
2026-09-03 21:13:24,592,184,1604,2
2026-09-03 21:13:25,589,176,1607,2
2026-09-03 21:13:26,595,179,1605,2
2026-09-03 21:13:27,586,176,1610,2
2026-09-03 21:13:28,591,178,1613,2
2026-09-03 21:13:29,578,177,1605,2
2026-09-03 21:13:30,593,179,1609,2
2026-09-03 21:13:31,593,170,1614,2
2026-09-03 21:13:32,583,166,1614,2
2026-09-03 21:13:33,583,166,1605,2
2026-09-03 21:13:34,576,175,1607,2
2026-09-03 21:13:35,579,168,1605,2
2026-09-03 21:13:36,579,169,1607,2
2026-09-03 21:13:37,582,178,1612,2
2026-09-03 21:13:38,581,171,1609,2
2026-09-03 21:13:39,571,166,1605,2
2026-09-03 21:13:40,582,171,1613,2
2026-09-03 21:13:41,577,172,1611,2
2026-09-03 21:13:42,579,172,1613,2
2026-09-03 21:13:43,581,169,1609,2
2026-09-03 21:13:44,585,166,1612,2
2026-09-03 21:13:45,586,167,1614,2
2026-09-03 21:13:46,583,177,1614,2
2026-09-03 21:13:47,584,171,1608,2
2026-09-03 21:13:48,591,166,1613,2
2026-09-03 21:13:49,595,171,1612,2
2026-09-03 21:13:50,583,166,1611,2
2026-09-03 21:13:51,581,171,1612,2
2026-09-03 21:13:52,589,178,1618,2
2026-09-03 21:13:53,596,167,1607,2
2026-09-03 21:13:54,582,169,1614,2
2026-09-03 21:13:55,585,169,1614,2
2026-09-03 21:13:56,585,167,1607,2
2026-09-03 21:13:57,587,169,1601,2
2026-09-03 21:13:58,586,170,1616,2
2026-09-03 21:13:59,588,160,1614,2
2026-09-03 21:14:00,587,158,1611,2
2026-09-03 21:14:01,592,160,1620,2
2026-09-03 21:14:02,597,154,1618,2
2026-09-03 21:14:03,587,165,1612,2
2026-09-03 21:14:04,596,154,1613,2
2026-09-03 21:14:05,591,156,1619,2
2026-09-03 21:14:06,597,164,1616,2
2026-09-03 21:14:07,595,161,1623,2
2026-09-03 21:14:08,596,155,1616,2
2026-09-03 21:14:09,600,156,1612,2
2026-09-03 21:14:10,599,151,1620,2
2026-09-03 21:14:11,598,157,1620,2
2026-09-03 21:14:12,590,152,1612,2
2026-09-03 21:14:13,599,153,1618,2
2026-09-03 21:14:14,599,154,1614,2
2026-09-03 21:14:15,603,149,1616,2
2026-09-03 21:14:16,594,157,1618,2
2026-09-03 21:14:17,593,157,1617,2
2026-09-03 21:14:18,601,154,1611,2
2026-09-03 21:14:19,593,148,1609,2
2026-09-03 21:14:20,606,150,1619,2
2026-09-03 21:14:21,596,154,1619,2
2026-09-03 21:14:22,597,156,1612,2
2026-09-03 21:14:23,600,151,1610,2
2026-09-03 21:14:24,597,153,1619,2
2026-09-03 21:14:25,604,148,1620,2
2026-09-03 21:14:26,602,157,1615,2
2026-09-03 21:14:27,597,155,1619,2
2026-09-03 21:14:28,603,162,1615,2
2026-09-03 21:14:29,611,157,1615,2
2026-09-03 21:14:30,608,165,1617,2
2026-09-03 21:14:31,600,158,1615,2
2026-09-03 21:14:32,603,154,1619,2
2026-09-03 21:14:33,602,157,1618,2
2026-09-03 21:14:34,603,151,1618,2
2026-09-03 21:14:35,604,159,1612,2
2026-09-03 21:14:36,603,152,1617,2
2026-09-03 21:14:37,606,156,1618,2
2026-09-03 21:14:38,604,155,1618,2
2026-09-03 21:14:39,604,166,1616,2
2026-09-03 21:14:40,611,156,1618,2
2026-09-03 21:14:41,606,158,1613,2
2026-09-03 21:14:42,608,154,1614,2
2026-09-03 21:14:43,603,162,1610,2
2026-09-03 21:14:44,609,154,1616,2
2026-09-03 21:14:45,609,153,1616,2
2026-09-03 21:14:46,612,151,1613,2
2026-09-03 21:14:47,603,156,1610,2
2026-09-03 21:14:48,613,149,1612,2
2026-09-03 21:14:49,611,155,1611,2
2026-09-03 21:14:50,607,154,1610,2
2026-09-03 21:14:51,611,151,1603,2
2026-09-03 21:14:52,611,158,1613,2
2026-09-03 21:14:53,609,152,1623,2
2026-09-03 21:14:54,608,151,1615,2
2026-09-03 21:14:55,613,160,1612,2
2026-09-03 21:14:56,620,149,1627,2
2026-09-03 21:14:57,610,159,1620,2
2026-09-03 21:14:58,615,158,1606,2
2026-09-03 21:14:59,617,155,1615,2
2026-09-03 21:15:00,623,139,1623,2
2026-09-03 21:15:01,606,155,1613,2
2026-09-03 21:15:02,615,160,1613,2
2026-09-03 21:15:03,617,157,1615,2
2026-09-03 21:15:04,613,158,1614,2
2026-09-03 21:15:05,621,153,1617,2
2026-09-03 21:15:06,611,156,1618,2
2026-09-03 21:15:07,607,152,1611,2
2026-09-03 21:15:08,611,150,1615,2
2026-09-03 21:15:09,608,156,1615,2
2026-09-03 21:15:10,607,150,1618,2
2026-09-03 21:15:11,609,149,1618,2
2026-09-03 21:15:12,606,144,1620,2
2026-09-03 21:15:13,606,141,1619,2
2026-09-03 21:15:14,594,148,1623,2
2026-09-03 21:15:15,596,153,1615,2
2026-09-03 21:15:16,590,148,1612,2
2026-09-03 21:15:17,593,144,1618,2
2026-09-03 21:15:18,585,135,1610,2
2026-09-03 21:15:19,590,144,1620,2
2026-09-03 21:15:20,582,141,1621,2
2026-09-03 21:15:21,580,149,1615,2
2026-09-03 21:15:22,579,147,1625,2
2026-09-03 21:15:23,573,143,1621,2
2026-09-03 21:15:24,578,144,1624,2
2026-09-03 21:15:25,582,141,1622,2
2026-09-03 21:15:26,581,138,1624,2
2026-09-03 21:15:27,587,141,1620,2
2026-09-03 21:15:28,579,146,1624,2
2026-09-03 21:15:29,597,138,1622,2
2026-09-03 21:15:30,588,142,1616,2
2026-09-03 21:15:31,586,135,1617,2
2026-09-03 21:15:32,591,138,1628,2
2026-09-03 21:15:33,593,142,1626,2
2026-09-03 21:15:34,598,139,1620,2
2026-09-03 21:15:35,606,137,1613,2
2026-09-03 21:15:36,601,135,1618,2
2026-09-03 21:15:37,607,137,1621,2
2026-09-03 21:15:38,601,143,1624,2
2026-09-03 21:15:39,603,129,1623,2
2026-09-03 21:15:40,602,137,1626,2
2026-09-03 21:15:41,611,140,1623,2
2026-09-03 21:15:42,608,129,1626,2
2026-09-03 21:15:43,614,139,1623,2
2026-09-03 21:15:44,604,137,1624,2
2026-09-03 21:15:45,623,135,1621,2
2026-09-03 21:15:46,610,133,1627,2
2026-09-03 21:15:47,625,127,1622,2
2026-09-03 21:15:48,616,131,1633,2
2026-09-03 21:15:49,623,130,1624,2
2026-09-03 21:15:50,626,126,1619,2
2026-09-03 21:15:51,627,133,1623,2
2026-09-03 21:15:52,618,131,1629,2
2026-09-03 21:15:53,626,133,1625,2
2026-09-03 21:15:54,624,140,1621,2
2026-09-03 21:15:55,630,129,1617,2
2026-09-03 21:15:56,633,103,1617,2
2026-09-03 21:15:57,624,132,1625,2
2026-09-03 21:15:58,626,135,1631,2
2026-09-03 21:15:59,636,133,1625,2
2026-09-03 21:16:00,633,133,1624,2
2026-09-03 21:16:01,626,132,1633,2
2026-09-03 21:16:02,639,135,1623,2
2026-09-03 21:16:03,634,140,1629,2
2026-09-03 21:16:04,632,134,1625,2
2026-09-03 21:16:05,641,133,1626,2
2026-09-03 21:16:06,646,131,1632,2
2026-09-03 21:16:07,645,139,1621,2
2026-09-03 21:16:08,640,132,1625,2
2026-09-03 21:16:09,641,139,1629,2
2026-09-03 21:16:10,642,131,1641,2
2026-09-03 21:16:11,646,131,1632,2
2026-09-03 21:16:12,645,136,1627,2
2026-09-03 21:16:13,652,138,1629,2
2026-09-03 21:16:14,646,138,1624,2
2026-09-03 21:16:15,650,147,1632,2
2026-09-03 21:16:16,658,144,1628,2
2026-09-03 21:16:17,654,140,1628,2
2026-09-03 21:16:18,660,149,1627,2
2026-09-03 21:16:19,656,146,1625,2
2026-09-03 21:16:20,657,148,1633,2
2026-09-03 21:16:21,666,147,1631,2
2026-09-03 21:16:22,656,145,1639,2
2026-09-03 21:16:23,659,147,1631,2
2026-09-03 21:16:24,655,154,1622,2
2026-09-03 21:16:25,668,154,1636,2
2026-09-03 21:16:26,662,166,1638,2
2026-09-03 21:16:27,660,153,1628,2
2026-09-03 21:16:28,665,158,1641,2
2026-09-03 21:16:29,667,160,1631,2
2026-09-03 21:16:30,669,160,1631,2
2026-09-03 21:16:31,662,154,1628,2
2026-09-03 21:16:32,665,160,1632,2
2026-09-03 21:16:33,674,168,1633,2
2026-09-03 21:16:34,670,164,1629,2
2026-09-03 21:16:35,667,165,1631,2
2026-09-03 21:16:36,669,173,1637,2
2026-09-03 21:16:37,674,177,1632,2
2026-09-03 21:16:38,674,174,1636,2
2026-09-03 21:16:39,678,175,1633,2
2026-09-03 21:16:40,673,154,1635,2
2026-09-03 21:16:41,678,179,1635,2
2026-09-03 21:16:42,678,176,1629,2
2026-09-03 21:16:43,682,177,1637,2
2026-09-03 21:16:44,682,175,1634,2
2026-09-03 21:16:45,672,184,1635,3
2026-09-03 21:16:46,682,180,1638,3
2026-09-03 21:16:47,684,183,1639,3
2026-09-03 21:16:48,684,190,1633,3
2026-09-03 21:16:49,683,182,1634,3
2026-09-03 21:16:50,688,186,1636,3
2026-09-03 21:16:51,681,189,1634,3
2026-09-03 21:16:52,682,193,1643,3
2026-09-03 21:16:53,680,192,1650,3
2026-09-03 21:16:54,692,186,1637,3
2026-09-03 21:16:55,680,194,1640,3
2026-09-03 21:16:56,682,194,1631,3
2026-09-03 21:16:57,681,199,1635,3
2026-09-03 21:16:58,675,197,1645,3
2026-09-03 21:16:59,684,202,1641,3
2026-09-03 21:17:00,680,196,1636,3
2026-09-03 21:17:01,677,192,1635,3
2026-09-03 21:17:02,680,203,1639,3
2026-09-03 21:17:03,678,202,1637,3
2026-09-03 21:17:04,675,204,1637,3
2026-09-03 21:17:05,678,208,1641,3
2026-09-03 21:17:06,680,201,1644,3
2026-09-03 21:17:07,687,203,1638,3
2026-09-03 21:17:08,681,207,1639,3
2026-09-03 21:17:09,684,208,1631,3
2026-09-03 21:17:10,685,205,1636,3
2026-09-03 21:17:11,680,208,1642,3
2026-09-03 21:17:12,678,214,1635,3
2026-09-03 21:17:13,683,207,1643,3
2026-09-03 21:17:14,689,208,1637,3
2026-09-03 21:17:15,683,219,1638,3
2026-09-03 21:17:16,688,218,1638,3
2026-09-03 21:17:17,680,213,1645,3
2026-09-03 21:17:18,673,214,1642,3
2026-09-03 21:17:19,677,208,1637,3
2026-09-03 21:17:20,686,215,1642,3
2026-09-03 21:17:21,678,217,1646,3
2026-09-03 21:17:22,674,215,1648,3
2026-09-03 21:17:23,671,219,1634,3
2026-09-03 21:17:24,676,213,1638,3
2026-09-03 21:17:25,676,217,1642,3
2026-09-03 21:17:26,666,221,1643,3
2026-09-03 21:17:27,674,218,1637,3
2026-09-03 21:17:28,680,219,1634,3
2026-09-03 21:17:29,665,223,1636,3
2026-09-03 21:17:30,674,220,1642,3
2026-09-03 21:17:31,669,226,1638,3
2026-09-03 21:17:32,668,227,1639,3
2026-09-03 21:17:33,672,226,1641,3
2026-09-03 21:17:34,664,215,1639,3
2026-09-03 21:17:35,672,226,1637,3
2026-09-03 21:17:36,662,227,1642,3
2026-09-03 21:17:37,662,225,1640,3
2026-09-03 21:17:39,677,231,1642,3
2026-09-03 21:17:39,669,234,1645,3
2026-09-03 21:17:40,669,227,1642,3
2026-09-03 21:17:41,670,228,1648,3
2026-09-03 21:17:42,672,227,1646,3
2026-09-03 21:17:43,675,234,1655,3
2026-09-03 21:17:44,678,238,1651,3
2026-09-03 21:17:45,671,239,1647,3
2026-09-03 21:17:46,670,237,1646,3
2026-09-03 21:17:47,670,235,1647,3
2026-09-03 21:17:48,673,236,1656,3
2026-09-03 21:17:49,677,240,1645,3
2026-09-03 21:17:50,680,236,1654,3
2026-09-03 21:17:51,674,246,1651,3
2026-09-03 21:17:52,672,233,1655,3
2026-09-03 21:17:53,677,238,1650,3
2026-09-03 21:17:54,672,233,1653,3
2026-09-03 21:17:55,672,247,1648,3
2026-09-03 21:17:56,683,233,1652,3
2026-09-03 21:17:57,678,241,1657,3
2026-09-03 21:17:58,675,243,1655,3
2026-09-03 21:17:59,682,244,1654,3
2026-09-03 21:18:00,675,248,1652,3
2026-09-03 21:18:01,673,247,1653,3
2026-09-03 21:18:02,676,250,1653,3
2026-09-03 21:18:03,677,241,1652,3
2026-09-03 21:18:04,666,243,1654,3
2026-09-03 21:18:05,674,244,1649,3
2026-09-03 21:18:06,666,248,1643,3
2026-09-03 21:18:07,671,239,1651,3
2026-09-03 21:18:08,675,246,1649,3
2026-09-03 21:18:09,674,246,1647,3
2026-09-03 21:18:10,669,243,1660,3
2026-09-03 21:18:11,664,245,1649,3
2026-09-03 21:18:12,664,244,1655,3
2026-09-03 21:18:13,673,250,1651,3
2026-09-03 21:18:14,666,245,1652,3
2026-09-03 21:18:15,679,241,1652,3
2026-09-03 21:18:16,663,241,1658,3
2026-09-03 21:18:17,669,244,1653,3
2026-09-03 21:18:18,663,245,1654,3
2026-09-03 21:18:19,667,247,1657,3
2026-09-03 21:18:20,660,253,1653,3
2026-09-03 21:18:21,662,242,1654,3
2026-09-03 21:18:22,660,245,1655,3
2026-09-03 21:18:23,653,248,1653,3
2026-09-03 21:18:24,655,253,1644,3
2026-09-03 21:18:25,656,250,1653,3
2026-09-03 21:18:26,662,250,1661,3
2026-09-03 21:18:27,660,251,1658,3
2026-09-03 21:18:28,661,248,1651,3
2026-09-03 21:18:29,652,248,1654,3
2026-09-03 21:18:30,652,244,1650,3
2026-09-03 21:18:31,651,233,1649,3
2026-09-03 21:18:32,649,244,1649,3
2026-09-03 21:18:33,651,248,1655,3
2026-09-03 21:18:34,650,239,1651,3
2026-09-03 21:18:35,639,236,1649,3
2026-09-03 21:18:36,644,241,1655,3
2026-09-03 21:18:37,637,231,1652,3
2026-09-03 21:18:38,636,230,1656,3
2026-09-03 21:18:39,638,242,1652,3
2026-09-03 21:18:40,629,229,1656,3
2026-09-03 21:18:41,627,224,1659,3
2026-09-03 21:18:42,625,220,1649,3
2026-09-03 21:18:43,632,217,1660,3
2026-09-03 21:18:44,636,221,1665,3
2026-09-03 21:18:45,623,225,1659,3
2026-09-03 21:18:46,618,217,1654,3
2026-09-03 21:18:47,626,223,1663,3
2026-09-03 21:18:48,627,211,1656,3
2026-09-03 21:18:49,618,208,1663,3
2026-09-03 21:18:50,622,216,1657,3
2026-09-03 21:18:51,607,213,1654,3
2026-09-03 21:18:52,616,208,1653,3
2026-09-03 21:18:53,609,211,1659,3
2026-09-03 21:18:54,611,207,1654,3
2026-09-03 21:18:55,610,205,1655,3
2026-09-03 21:18:56,609,207,1652,3
2026-09-03 21:18:57,613,204,1651,3
2026-09-03 21:18:58,610,195,1654,3
2026-09-03 21:18:59,616,186,1659,3
2026-09-03 21:19:00,609,203,1659,3
2026-09-03 21:19:01,605,201,1649,3
2026-09-03 21:19:02,609,196,1664,3
2026-09-03 21:19:03,609,194,1656,3
2026-09-03 21:19:04,609,189,1653,3
2026-09-03 21:19:05,606,190,1659,3
2026-09-03 21:19:06,601,190,1667,3
2026-09-03 21:19:07,609,190,1647,3
2026-09-03 21:19:08,594,190,1661,3
2026-09-03 21:19:09,600,190,1659,3
2026-09-03 21:19:10,600,185,1658,3
2026-09-03 21:19:11,608,186,1654,3
2026-09-03 21:19:12,598,180,1662,3
2026-09-03 21:19:13,603,175,1661,3
2026-09-03 21:19:14,594,172,1670,3
2026-09-03 21:19:15,602,186,1665,3
2026-09-03 21:19:16,601,173,1663,3
2026-09-03 21:19:17,599,183,1666,3
2026-09-03 21:19:18,596,176,1659,3
2026-09-03 21:19:19,594,174,1665,3
2026-09-03 21:19:20,596,166,1671,3
2026-09-03 21:19:21,599,172,1675,3
2026-09-03 21:19:22,594,169,1665,3
2026-09-03 21:19:23,605,137,1671,3
2026-09-03 21:19:24,598,167,1658,3
2026-09-03 21:19:25,597,167,1665,3
2026-09-03 21:19:26,587,159,1669,3
2026-09-03 21:19:27,603,162,1666,3
2026-09-03 21:19:28,593,162,1663,3
2026-09-03 21:19:29,591,155,1665,3
2026-09-03 21:19:30,600,160,1667,3
2026-09-03 21:19:31,590,163,1674,3
2026-09-03 21:19:32,587,157,1666,2
2026-09-03 21:19:33,589,148,1676,2
2026-09-03 21:19:34,586,162,1673,2
2026-09-03 21:19:35,595,149,1679,2
2026-09-03 21:19:36,596,150,1679,2
2026-09-03 21:19:37,597,149,1669,2
2026-09-03 21:19:38,581,150,1663,2
2026-09-03 21:19:39,582,150,1670,2
2026-09-03 21:19:40,587,145,1677,2
2026-09-03 21:19:41,592,153,1674,2
2026-09-03 21:19:42,590,145,1662,2
2026-09-03 21:19:43,593,143,1670,2
2026-09-03 21:19:44,597,141,1682,2
2026-09-03 21:19:45,594,141,1671,2
2026-09-03 21:19:46,592,146,1676,2
2026-09-03 21:19:47,595,150,1675,2
2026-09-03 21:19:48,592,141,1673,2
2026-09-03 21:19:49,590,143,1679,2
2026-09-03 21:19:50,594,142,1664,2
2026-09-03 21:19:51,595,142,1673,2
2026-09-03 21:19:52,603,143,1668,2
2026-09-03 21:19:53,596,138,1683,2
2026-09-03 21:19:54,590,144,1669,2
2026-09-03 21:19:55,593,138,1677,2
2026-09-03 21:19:56,598,138,1677,2
2026-09-03 21:19:57,603,148,1670,2
2026-09-03 21:19:58,595,138,1669,2
2026-09-03 21:19:59,604,137,1671,2
2026-09-03 21:20:00,592,144,1681,2
2026-09-03 21:20:01,599,136,1670,2
2026-09-03 21:20:02,596,143,1665,0
2026-09-03 21:20:03,599,142,1667,0
2026-09-03 21:20:04,601,144,1666,0
2026-09-03 21:20:05,599,137,1671,0
2026-09-03 21:20:06,607,143,1669,0
2026-09-03 21:20:07,597,142,1672,0
2026-09-03 21:20:08,605,148,1665,0
2026-09-03 21:20:09,607,141,1666,0
2026-09-03 21:20:10,615,152,1679,0
2026-09-03 21:20:11,606,143,1673,0
2026-09-03 21:20:12,605,150,1672,0
2026-09-03 21:20:13,609,145,1675,0
2026-09-03 21:20:14,613,145,1678,0
2026-09-03 21:20:15,612,146,1674,0
2026-09-03 21:20:16,607,150,1677,0
2026-09-03 21:20:17,610,146,1680,0
2026-09-03 21:20:18,612,149,1670,0
2026-09-03 21:20:19,609,148,1676,0
2026-09-03 21:20:20,616,148,1686,0
2026-09-03 21:20:21,609,142,1691,0
2026-09-03 21:20:22,611,150,1680,0
2026-09-03 21:20:23,612,141,1680,0
2026-09-03 21:20:24,613,146,1684,0
2026-09-03 21:20:25,611,138,1686,0
2026-09-03 21:20:26,608,137,1681,0
2026-09-03 21:20:27,606,140,1678,0
2026-09-03 21:20:28,605,132,1676,0
2026-09-03 21:20:29,614,134,1681,0
2026-09-03 21:20:30,611,136,1677,0
2026-09-03 21:20:31,607,142,1674,0
2026-09-03 21:20:32,614,141,1685,0
2026-09-03 21:20:33,614,136,1681,0
2026-09-03 21:20:34,609,134,1682,0
2026-09-03 21:20:35,610,134,1685,0
2026-09-03 21:20:36,608,136,1685,0
2026-09-03 21:20:37,611,137,1680,0
2026-09-03 21:20:38,604,127,1675,0
2026-09-03 21:20:39,609,132,1673,0
2026-09-03 21:20:40,598,126,1675,0
2026-09-03 21:20:41,604,124,1681,0
2026-09-03 21:20:42,602,130,1680,0
2026-09-03 21:20:43,599,131,1678,0
2026-09-03 21:20:44,603,132,1678,0
2026-09-03 21:20:45,606,128,1685,0
2026-09-03 21:20:46,603,129,1687,0
2026-09-03 21:20:47,598,127,1676,0
2026-09-03 21:20:48,604,127,1680,0
2026-09-03 21:20:49,607,126,1682,0
2026-09-03 21:20:50,603,118,1686,0
2026-09-03 21:20:51,603,120,1683,0
2026-09-03 21:20:52,598,132,1681,0
2026-09-03 21:20:53,599,126,1683,0
2026-09-03 21:20:54,607,130,1692,0
2026-09-03 21:20:55,599,125,1685,0
2026-09-03 21:20:56,601,134,1681,0
2026-09-03 21:20:57,608,127,1686,0
2026-09-03 21:20:58,603,125,1674,0
2026-09-03 21:20:59,598,126,1683,0
2026-09-03 21:21:00,599,132,1678,0
2026-09-03 21:21:01,605,125,1691,0
2026-09-03 21:21:02,603,129,1682,0
2026-09-03 21:21:03,605,128,1679,0
2026-09-03 21:21:04,608,127,1683,0
2026-09-03 21:21:05,609,136,1677,0
2026-09-03 21:21:06,606,140,1676,0
2026-09-03 21:21:07,603,138,1674,0
2026-09-03 21:21:08,606,140,1676,0
2026-09-03 21:21:09,606,136,1678,0
2026-09-03 21:21:10,615,139,1684,0
2026-09-03 21:21:11,606,133,1681,0
2026-09-03 21:21:12,608,135,1682,0
2026-09-03 21:21:13,605,135,1678,0
2026-09-03 21:21:14,607,133,1677,0
2026-09-03 21:21:15,600,136,1686,0
2026-09-03 21:21:16,608,134,1677,0
2026-09-03 21:21:17,600,136,1682,0
2026-09-03 21:21:18,606,136,1681,0
2026-09-03 21:21:19,595,134,1693,0
2026-09-03 21:21:20,602,128,1679,0
2026-09-03 21:21:21,598,132,1682,0
2026-09-03 21:21:22,603,130,1681,0
2026-09-03 21:21:23,603,135,1680,0
2026-09-03 21:21:24,604,130,1680,0
2026-09-03 21:21:25,596,138,1672,0
2026-09-03 21:21:26,599,128,1682,0
2026-09-03 21:21:27,603,137,1682,0
2026-09-03 21:21:28,602,134,1676,0
2026-09-03 21:21:29,603,128,1678,0
2026-09-03 21:21:30,598,125,1671,0
2026-09-03 21:21:31,600,133,1671,0
2026-09-03 21:21:32,600,131,1673,0
2026-09-03 21:21:33,608,126,1675,0
2026-09-03 21:21:34,604,127,1679,0
2026-09-03 21:21:35,606,132,1683,0
2026-09-03 21:21:36,608,131,1681,0
2026-09-03 21:21:37,609,128,1682,0
2026-09-03 21:21:38,606,127,1677,0
2026-09-03 21:21:39,610,128,1682,0
2026-09-03 21:21:40,603,133,1677,0
2026-09-03 21:21:41,613,126,1677,0
2026-09-03 21:21:42,614,125,1688,0
2026-09-03 21:21:43,618,135,1685,0
2026-09-03 21:21:44,619,127,1701,0
2026-09-03 21:21:45,621,120,1694,0
2026-09-03 21:21:46,613,130,1686,0
2026-09-03 21:21:47,618,119,1683,0
2026-09-03 21:21:48,612,122,1693,0
2026-09-03 21:21:49,617,122,1686,0
2026-09-03 21:21:50,611,122,1687,0
2026-09-03 21:21:51,616,111,1689,0
2026-09-03 21:21:52,613,118,1689,0
2026-09-03 21:21:53,614,115,1684,0
2026-09-03 21:21:54,614,122,1687,0
2026-09-03 21:21:55,617,121,1686,0
2026-09-03 21:21:56,631,117,1693,0
2026-09-03 21:21:57,618,120,1683,0
2026-09-03 21:21:58,622,122,1683,0
2026-09-03 21:21:59,632,126,1685,0
2026-09-03 21:22:00,616,123,1689,0
2026-09-03 21:22:01,624,118,1687,0
2026-09-03 21:22:02,627,123,1686,0
2026-09-03 21:22:03,627,126,1679,0
2026-09-03 21:22:04,619,128,1686,0
2026-09-03 21:22:05,618,124,1687,0
2026-09-03 21:22:06,625,131,1693,0
2026-09-03 21:22:07,623,130,1688,0
2026-09-03 21:22:08,629,129,1686,0
2026-09-03 21:22:09,630,131,1681,0
2026-09-03 21:22:10,633,133,1685,0
2026-09-03 21:22:11,629,132,1684,0
2026-09-03 21:22:12,637,131,1688,0
2026-09-03 21:22:13,629,126,1684,0
2026-09-03 21:22:14,630,132,1688,0
2026-09-03 21:22:15,635,142,1681,0
2026-09-03 21:22:16,634,142,1684,0
2026-09-03 21:22:17,632,139,1679,0
2026-09-03 21:22:18,637,147,1682,0
2026-09-03 21:22:19,627,143,1685,0
2026-09-03 21:22:20,630,141,1687,0
2026-09-03 21:22:21,646,147,1684,0
2026-09-03 21:22:22,642,151,1693,0
2026-09-03 21:22:23,646,145,1686,0
2026-09-03 21:22:24,654,140,1678,0
2026-09-03 21:22:25,638,151,1683,0
2026-09-03 21:22:26,640,151,1681,0
2026-09-03 21:22:27,653,149,1686,0
2026-09-03 21:22:28,646,149,1681,0
2026-09-03 21:22:29,649,155,1681,0
2026-09-03 21:22:30,640,159,1680,0
2026-09-03 21:22:31,643,154,1680,0
2026-09-03 21:22:32,645,155,1680,0
2026-09-03 21:22:33,642,150,1684,0
2026-09-03 21:22:34,644,160,1681,0
2026-09-03 21:22:35,640,155,1679,0
2026-09-03 21:22:36,640,148,1687,0
2026-09-03 21:22:37,647,156,1679,0
2026-09-03 21:22:38,641,149,1681,0
2026-09-03 21:22:39,646,155,1679,0
2026-09-03 21:22:40,645,151,1683,0
2026-09-03 21:22:41,643,157,1682,0
2026-09-03 21:22:42,646,156,1682,0
2026-09-03 21:22:43,642,165,1674,0
2026-09-03 21:22:44,641,162,1678,0
2026-09-03 21:22:45,633,161,1681,0
2026-09-03 21:22:46,640,163,1676,0
2026-09-03 21:22:47,641,171,1667,0
2026-09-03 21:22:48,637,163,1684,0
2026-09-03 21:22:49,640,165,1678,0
2026-09-03 21:22:50,637,167,1670,0
2026-09-03 21:22:51,649,174,1675,0
2026-09-03 21:22:52,650,167,1673,0
2026-09-03 21:22:53,645,166,1676,0
2026-09-03 21:22:54,641,172,1676,0
2026-09-03 21:22:55,646,172,1680,0
2026-09-03 21:22:56,645,175,1682,0
2026-09-03 21:22:57,649,174,1673,0
2026-09-03 21:22:58,641,176,1672,0
2026-09-03 21:22:59,651,174,1675,0
2026-09-03 21:23:00,649,172,1677,0
2026-09-03 21:23:01,650,179,1678,0
2026-09-03 21:23:02,645,180,1672,0
2026-09-03 21:23:03,643,174,1675,0
2026-09-03 21:23:04,644,182,1683,0
2026-09-03 21:23:05,638,182,1673,0
2026-09-03 21:23:06,651,176,1673,0
2026-09-03 21:23:07,642,180,1673,0
2026-09-03 21:23:08,641,184,1682,0
2026-09-03 21:23:09,649,178,1669,0
2026-09-03 21:23:10,649,184,1672,0
2026-09-03 21:23:11,645,189,1668,0
2026-09-03 21:23:12,646,195,1676,0
2026-09-03 21:23:13,656,187,1679,0
2026-09-03 21:23:14,647,190,1673,0
2026-09-03 21:23:15,646,189,1670,0
2026-09-03 21:23:16,642,197,1682,0
2026-09-03 21:23:17,641,195,1665,0
2026-09-03 21:23:18,641,197,1671,0
2026-09-03 21:23:19,645,198,1671,0
2026-09-03 21:23:20,638,198,1669,0
2026-09-03 21:23:21,647,188,1669,0
2026-09-03 21:23:22,649,201,1673,0
2026-09-03 21:23:23,648,206,1671,0
2026-09-03 21:23:24,640,199,1675,0
2026-09-03 21:23:25,649,205,1670,0
2026-09-03 21:23:26,648,203,1672,0
2026-09-03 21:23:27,644,197,1666,0
2026-09-03 21:23:28,642,196,1668,0
2026-09-03 21:23:29,647,203,1666,0
2026-09-03 21:23:30,639,201,1674,0
2026-09-03 21:23:31,649,204,1671,0
2026-09-03 21:23:32,639,197,1672,0
2026-09-03 21:23:33,642,196,1672,0
2026-09-03 21:23:34,640,207,1679,0
2026-09-03 21:23:35,642,208,1671,0
2026-09-03 21:23:36,647,206,1673,0
2026-09-03 21:23:37,648,205,1672,0
2026-09-03 21:23:38,646,204,1670,0
2026-09-03 21:23:39,641,206,1671,0
2026-09-03 21:23:40,645,200,1673,0
2026-09-03 21:23:41,637,210,1672,0
2026-09-03 21:23:42,629,205,1666,0
2026-09-03 21:23:43,635,211,1665,0
2026-09-03 21:23:44,643,209,1661,0
2026-09-03 21:23:45,643,210,1665,0
2026-09-03 21:23:46,641,207,1664,2
2026-09-03 21:23:47,637,210,1664,2
2026-09-03 21:23:48,646,210,1668,2
2026-09-03 21:23:49,639,213,1663,2
2026-09-03 21:23:50,642,211,1663,2
2026-09-03 21:23:51,641,213,1668,2
2026-09-03 21:23:52,641,208,1663,2
2026-09-03 21:23:53,635,215,1671,2
2026-09-03 21:23:54,641,216,1667,2
2026-09-03 21:23:55,629,225,1668,2
2026-09-03 21:23:56,640,212,1671,2
2026-09-03 21:23:57,640,216,1671,2
2026-09-03 21:23:58,643,216,1662,2
2026-09-03 21:23:59,639,225,1670,2
2026-09-03 21:24:00,635,221,1663,2
2026-09-03 21:24:01,634,218,1665,2
2026-09-03 21:24:02,640,226,1661,2
2026-09-03 21:24:03,640,229,1661,2
2026-09-03 21:24:04,636,223,1663,2
2026-09-03 21:24:05,643,228,1669,2
2026-09-03 21:24:06,643,225,1661,2
2026-09-03 21:24:07,640,228,1670,2
2026-09-03 21:24:08,653,226,1670,2
2026-09-03 21:24:09,647,229,1670,2
2026-09-03 21:24:10,657,229,1673,2
2026-09-03 21:24:11,648,229,1665,2
2026-09-03 21:24:12,645,241,1661,2
2026-09-03 21:24:13,649,240,1664,2
2026-09-03 21:24:14,650,234,1663,2
2026-09-03 21:24:15,654,232,1668,2
2026-09-03 21:24:16,647,233,1665,2
2026-09-03 21:24:17,646,245,1663,2
2026-09-03 21:24:18,649,236,1662,2
2026-09-03 21:24:19,656,244,1665,2
2026-09-03 21:24:20,655,241,1666,2
2026-09-03 21:24:21,654,246,1675,2
2026-09-03 21:24:22,649,249,1669,2
2026-09-03 21:24:23,655,244,1665,2
2026-09-03 21:24:24,644,247,1671,2
2026-09-03 21:24:25,654,240,1666,2
2026-09-03 21:24:26,652,242,1666,2
2026-09-03 21:24:27,647,245,1662,2
2026-09-03 21:24:28,649,244,1657,2
2026-09-03 21:24:29,650,244,1661,2
2026-09-03 21:24:30,648,253,1660,2
2026-09-03 21:24:31,653,254,1660,2
2026-09-03 21:24:32,651,248,1655,2
2026-09-03 21:24:33,649,258,1664,2
2026-09-03 21:24:34,654,243,1662,2
2026-09-03 21:24:35,652,253,1666,2
2026-09-03 21:24:36,646,254,1663,2
2026-09-03 21:24:37,655,251,1658,2
2026-09-03 21:24:38,649,252,1660,2
2026-09-03 21:24:39,652,250,1658,2
2026-09-03 21:24:40,650,258,1659,2
2026-09-03 21:24:41,653,260,1652,2
2026-09-03 21:24:42,651,267,1647,2
2026-09-03 21:24:43,654,258,1648,2
2026-09-03 21:24:44,645,262,1648,2
2026-09-03 21:24:45,644,259,1650,2
2026-09-03 21:24:46,651,263,1655,2
2026-09-03 21:24:47,646,258,1651,2
2026-09-03 21:24:48,647,266,1636,2
2026-09-03 21:24:49,653,263,1642,2
2026-09-03 21:24:50,645,265,1644,2
2026-09-03 21:24:51,656,268,1652,2
2026-09-03 21:24:52,648,271,1635,2
2026-09-03 21:24:53,653,269,1643,2
2026-09-03 21:24:54,658,275,1637,2
2026-09-03 21:24:55,659,273,1642,2
2026-09-03 21:24:56,657,270,1637,2
2026-09-03 21:24:57,658,271,1636,2
2026-09-03 21:24:58,663,273,1646,2
2026-09-03 21:24:59,660,275,1644,2
2026-09-03 21:25:00,656,273,1648,2
2026-09-03 21:25:01,665,270,1644,2
2026-09-03 21:25:02,664,270,1650,2
2026-09-03 21:25:03,665,270,1646,2
2026-09-03 21:25:04,666,280,1647,2
2026-09-03 21:25:05,665,279,1643,2
2026-09-03 21:25:06,667,282,1648,2
2026-09-03 21:25:07,667,280,1648,2
2026-09-03 21:25:08,671,276,1651,2
2026-09-03 21:25:09,670,280,1650,2
2026-09-03 21:25:10,670,284,1650,2
2026-09-03 21:25:11,670,275,1647,2
2026-09-03 21:25:12,669,281,1651,2
2026-09-03 21:25:13,665,287,1655,2
2026-09-03 21:25:14,674,282,1655,2
2026-09-03 21:25:15,678,280,1647,2
2026-09-03 21:25:16,674,277,1650,2
2026-09-03 21:25:17,669,285,1654,2
2026-09-03 21:25:18,671,275,1660,2
2026-09-03 21:25:19,670,283,1655,2
2026-09-03 21:25:20,672,283,1657,2
2026-09-03 21:25:21,663,289,1656,2
2026-09-03 21:25:22,674,289,1658,2
2026-09-03 21:25:23,662,291,1657,2
2026-09-03 21:25:24,679,285,1642,2
2026-09-03 21:25:25,671,284,1659,2
2026-09-03 21:25:26,673,287,1655,2
2026-09-03 21:25:27,659,281,1664,2
2026-09-03 21:25:28,664,278,1659,2
2026-09-03 21:25:29,666,290,1655,2
2026-09-03 21:25:30,662,285,1655,2
2026-09-03 21:25:31,662,283,1655,2
2026-09-03 21:25:32,658,284,1658,2
2026-09-03 21:25:33,660,291,1661,2
2026-09-03 21:25:34,662,290,1653,2
2026-09-03 21:25:35,662,291,1653,2
2026-09-03 21:25:36,661,287,1650,2
2026-09-03 21:25:37,657,281,1651,2
2026-09-03 21:25:38,664,285,1652,2
2026-09-03 21:25:39,647,281,1653,2
2026-09-03 21:25:40,654,286,1653,2
2026-09-03 21:25:41,651,285,1649,2
2026-09-03 21:25:42,656,278,1648,2
2026-09-03 21:25:43,651,284,1654,2
2026-09-03 21:25:44,646,284,1655,2
2026-09-03 21:25:45,652,279,1656,2
2026-09-03 21:25:46,646,278,1658,2
2026-09-03 21:25:47,647,282,1654,2
2026-09-03 21:25:48,648,284,1655,2
2026-09-03 21:25:49,651,286,1662,2
2026-09-03 21:25:50,649,292,1651,2
2026-09-03 21:25:51,651,287,1651,2
2026-09-03 21:25:52,649,276,1658,2
2026-09-03 21:25:53,651,286,1652,2
2026-09-03 21:25:54,651,287,1658,2
2026-09-03 21:25:55,654,288,1657,2
2026-09-03 21:25:56,656,288,1653,2
2026-09-03 21:25:57,655,276,1658,2
2026-09-03 21:25:58,654,281,1658,2
2026-09-03 21:25:59,659,284,1658,2
2026-09-03 21:26:00,660,282,1659,2
2026-09-03 21:26:01,656,282,1660,2
2026-09-03 21:26:02,653,274,1653,2
2026-09-03 21:26:03,649,282,1651,2
2026-09-03 21:26:04,650,282,1656,2
2026-09-03 21:26:05,648,286,1660,2
2026-09-03 21:26:06,645,285,1658,2
2026-09-03 21:26:07,646,276,1645,2
2026-09-03 21:26:08,643,279,1652,2
2026-09-03 21:26:09,640,283,1651,2
2026-09-03 21:26:10,643,289,1641,2
2026-09-03 21:26:11,641,280,1648,2
2026-09-03 21:26:12,653,278,1657,2
2026-09-03 21:26:13,641,277,1649,2
2026-09-03 21:26:14,637,289,1649,2
2026-09-03 21:26:15,650,274,1644,2
2026-09-03 21:26:16,644,281,1646,2
2026-09-03 21:26:17,637,286,1645,2
2026-09-03 21:26:18,639,281,1647,2
2026-09-03 21:26:19,640,282,1641,2
2026-09-03 21:26:20,631,277,1651,2
2026-09-03 21:26:21,633,281,1648,2
2026-09-03 21:26:22,631,274,1652,2
2026-09-03 21:26:23,638,279,1651,2
2026-09-03 21:26:24,641,271,1649,2
2026-09-03 21:26:25,636,272,1643,2
2026-09-03 21:26:26,624,273,1657,2
2026-09-03 21:26:27,631,276,1659,2
2026-09-03 21:26:28,638,272,1656,2
2026-09-03 21:26:29,631,278,1658,2
2026-09-03 21:26:30,621,271,1649,2
2026-09-03 21:26:31,620,274,1653,2
2026-09-03 21:26:32,624,264,1654,2
2026-09-03 21:26:33,625,267,1656,2
2026-09-03 21:26:34,627,267,1649,2
2026-09-03 21:26:35,628,272,1646,2
2026-09-03 21:26:36,620,267,1652,2
2026-09-03 21:26:37,618,257,1648,2
2026-09-03 21:26:38,628,274,1649,2
2026-09-03 21:26:39,622,272,1654,2
2026-09-03 21:26:40,620,271,1644,2
2026-09-03 21:26:41,621,269,1643,2
2026-09-03 21:26:42,620,265,1648,2
2026-09-03 21:26:43,618,271,1650,2
2026-09-03 21:26:44,621,270,1642,2
2026-09-03 21:26:45,627,272,1641,2
2026-09-03 21:26:46,627,273,1647,2
2026-09-03 21:26:47,620,264,1643,2
2026-09-03 21:26:49,618,270,1641,2
2026-09-03 21:26:49,626,267,1647,2
2026-09-03 21:26:50,626,273,1641,2
2026-09-03 21:26:51,637,267,1640,2
2026-09-03 21:26:52,629,262,1631,2
2026-09-03 21:26:53,632,263,1641,2
2026-09-03 21:26:54,624,272,1642,2
2026-09-03 21:26:55,635,274,1644,2
2026-09-03 21:26:56,632,270,1637,2
2026-09-03 21:26:57,630,273,1639,2
2026-09-03 21:26:58,636,269,1638,2
2026-09-03 21:26:59,631,278,1640,2
2026-09-03 21:27:00,635,271,1651,2
2026-09-03 21:27:01,634,277,1643,2
2026-09-03 21:27:02,637,277,1645,2
2026-09-03 21:27:03,641,273,1640,2
2026-09-03 21:27:04,635,276,1645,2
2026-09-03 21:27:05,643,268,1639,2
2026-09-03 21:27:06,638,277,1641,2
2026-09-03 21:27:07,631,275,1637,2
2026-09-03 21:27:08,634,277,1637,2
2026-09-03 21:27:09,638,276,1636,2
2026-09-03 21:27:10,632,275,1636,2
2026-09-03 21:27:11,631,278,1639,2
2026-09-03 21:27:12,633,284,1637,2
2026-09-03 21:27:13,633,282,1639,2
2026-09-03 21:27:14,635,283,1636,2
2026-09-03 21:27:15,626,279,1634,2
2026-09-03 21:27:16,629,284,1640,2
2026-09-03 21:27:17,624,289,1634,2
2026-09-03 21:27:18,628,278,1633,2
2026-09-03 21:27:19,629,284,1633,2
2026-09-03 21:27:20,641,276,1638,2
2026-09-03 21:27:21,646,282,1634,2
2026-09-03 21:27:22,636,277,1629,2
2026-09-03 21:27:23,639,279,1637,2
2026-09-03 21:27:24,640,288,1637,2
2026-09-03 21:27:25,636,272,1634,2
2026-09-03 21:27:26,635,285,1634,2
2026-09-03 21:27:27,628,278,1639,2
2026-09-03 21:27:28,630,288,1633,2
2026-09-03 21:27:29,631,283,1637,2
2026-09-03 21:27:30,643,280,1631,2
2026-09-03 21:27:31,644,277,1637,2
2026-09-03 21:27:32,639,287,1631,2
2026-09-03 21:27:33,644,283,1636,2
2026-09-03 21:27:34,644,291,1628,2
2026-09-03 21:27:35,644,285,1631,2
2026-09-03 21:27:36,650,276,1636,2
2026-09-03 21:27:37,642,293,1629,2
2026-09-03 21:27:38,645,291,1629,2
2026-09-03 21:27:39,655,286,1634,2
2026-09-03 21:27:40,647,298,1636,2
2026-09-03 21:27:41,650,292,1625,2
2026-09-03 21:27:42,650,291,1633,2
2026-09-03 21:27:43,639,297,1632,2
2026-09-03 21:27:44,653,298,1632,2
2026-09-03 21:27:45,647,296,1634,2
2026-09-03 21:27:46,655,292,1637,2
2026-09-03 21:27:47,664,268,1640,2
2026-09-03 21:27:48,654,309,1636,2
2026-09-03 21:27:49,652,292,1642,2
2026-09-03 21:27:50,662,299,1634,2
2026-09-03 21:27:51,648,298,1640,2
2026-09-03 21:27:52,647,299,1641,2
2026-09-03 21:27:53,646,293,1633,2
2026-09-03 21:27:54,647,293,1639,2
2026-09-03 21:27:55,638,297,1640,2
2026-09-03 21:27:56,641,296,1642,2
2026-09-03 21:27:57,636,301,1639,2
2026-09-03 21:27:58,644,298,1637,2
2026-09-03 21:27:59,643,297,1637,2
2026-09-03 21:28:00,648,302,1628,2
2026-09-03 21:28:01,646,296,1641,2
2026-09-03 21:28:02,644,299,1636,2
2026-09-03 21:28:03,639,298,1634,2
2026-09-03 21:28:04,637,299,1634,2
2026-09-03 21:28:05,640,297,1634,2
2026-09-03 21:28:06,640,300,1637,2
2026-09-03 21:28:07,635,301,1634,2
2026-09-03 21:28:08,636,301,1639,2
2026-09-03 21:28:09,632,295,1635,2
2026-09-03 21:28:10,640,300,1633,2
2026-09-03 21:28:11,639,296,1628,2
2026-09-03 21:28:12,633,300,1630,2
2026-09-03 21:28:13,634,300,1641,2
2026-09-03 21:28:14,630,304,1631,2
2026-09-03 21:28:15,629,299,1627,2
2026-09-03 21:28:16,633,301,1633,2
2026-09-03 21:28:17,625,299,1631,2
2026-09-03 21:28:18,622,298,1646,2
2026-09-03 21:28:19,626,304,1640,2
2026-09-03 21:28:20,625,308,1641,2
2026-09-03 21:28:21,628,306,1633,2
2026-09-03 21:28:22,633,301,1637,2
2026-09-03 21:28:23,626,300,1632,2
2026-09-03 21:28:24,628,305,1636,2
2026-09-03 21:28:25,629,303,1639,2
2026-09-03 21:28:26,630,303,1635,2
2026-09-03 21:28:28,634,299,1634,2
2026-09-03 21:28:28,630,301,1640,2
2026-09-03 21:28:29,627,301,1636,2
2026-09-03 21:28:30,620,304,1635,2
2026-09-03 21:28:31,625,302,1637,2
2026-09-03 21:28:32,625,295,1638,2
2026-09-03 21:28:33,633,295,1634,2
2026-09-03 21:28:34,627,305,1636,2
2026-09-03 21:28:35,630,297,1639,2
2026-09-03 21:28:36,632,296,1644,2
2026-09-03 21:28:37,631,295,1641,2
2026-09-03 21:28:38,626,301,1644,2
2026-09-03 21:28:39,623,294,1636,2
2026-09-03 21:28:40,627,293,1648,2
2026-09-03 21:28:41,619,293,1640,2
2026-09-03 21:28:42,621,301,1639,2
2026-09-03 21:28:43,622,282,1638,2
2026-09-03 21:28:48,614,295,1637,2
2026-09-03 21:28:48,624,287,1638,2
2026-09-03 21:28:48,625,290,1637,2
2026-09-03 21:28:48,620,292,1636,2
2026-09-03 21:28:48,616,294,1636,2
2026-09-03 21:28:49,628,283,1639,2
2026-09-03 21:28:50,619,284,1637,2
2026-09-03 21:28:51,618,289,1647,2
2026-09-03 21:28:53,616,288,1643,2
2026-09-03 21:28:53,623,288,1639,2
2026-09-03 21:28:54,623,287,1641,2
2026-09-03 21:28:55,618,288,1637,2
2026-09-03 21:28:56,620,288,1640,2
2026-09-03 21:28:57,624,289,1644,2
2026-09-03 21:28:58,615,277,1649,2
2026-09-03 21:28:59,626,284,1645,2
2026-09-03 21:29:00,628,283,1638,2
2026-09-03 21:29:01,630,287,1645,2
2026-09-03 21:29:02,623,285,1645,2
2026-09-03 21:29:03,630,280,1650,2
2026-09-03 21:29:04,627,286,1646,2
2026-09-03 21:29:05,627,280,1650,2
2026-09-03 21:29:08,631,282,1654,2
2026-09-03 21:29:08,620,287,1650,2
2026-09-03 21:29:08,623,287,1654,2
2026-09-03 21:29:09,627,286,1653,2
2026-09-03 21:29:10,637,285,1650,2
2026-09-03 21:29:11,631,290,1653,2
2026-09-03 21:29:12,639,295,1653,2
2026-09-03 21:29:13,637,283,1656,2
2026-09-03 21:29:14,633,289,1659,2
2026-09-03 21:29:15,630,288,1661,2
2026-09-03 21:29:16,643,284,1665,2
2026-09-03 21:29:17,642,295,1648,2
2026-09-03 21:29:18,632,288,1653,2
2026-09-03 21:29:19,628,290,1657,2
2026-09-03 21:29:20,626,292,1659,2
2026-09-03 21:29:21,627,287,1659,2
2026-09-03 21:29:22,623,285,1651,2
2026-09-03 21:29:23,631,286,1654,2
2026-09-03 21:29:24,630,284,1657,2
2026-09-03 21:29:25,614,287,1657,2
2026-09-03 21:29:26,623,283,1656,2
2026-09-03 21:29:27,623,288,1660,2
2026-09-03 21:29:28,631,287,1655,2
2026-09-03 21:29:29,626,286,1658,2
2026-09-03 21:29:30,624,283,1655,2
2026-09-03 21:29:31,620,287,1664,2
2026-09-03 21:29:32,620,285,1658,2
2026-09-03 21:29:33,617,282,1659,2
2026-09-03 21:29:34,614,278,1656,2
2026-09-03 21:29:35,623,281,1659,2
2026-09-03 21:29:36,612,286,1659,2
2026-09-03 21:29:37,619,280,1658,2
2026-09-03 21:29:38,618,289,1657,2
2026-09-03 21:29:39,620,283,1663,2
2026-09-03 21:29:40,617,282,1654,2
2026-09-03 21:29:41,610,282,1658,2
2026-09-03 21:29:42,621,284,1658,2
2026-09-03 21:29:43,623,279,1658,2
2026-09-03 21:29:44,620,284,1646,2
2026-09-03 21:29:45,622,279,1662,2
2026-09-03 21:29:46,616,286,1658,2
2026-09-03 21:29:47,629,285,1645,2
2026-09-03 21:29:48,614,286,1649,2
2026-09-03 21:29:49,623,286,1652,2
2026-09-03 21:29:50,623,293,1651,2
2026-09-03 21:29:51,629,291,1653,2
2026-09-03 21:29:52,627,289,1652,2
2026-09-03 21:29:53,623,285,1658,2
2026-09-03 21:29:54,624,291,1656,2
2026-09-03 21:29:55,624,289,1653,2
2026-09-03 21:29:56,622,288,1653,2
2026-09-03 21:29:57,611,292,1653,2
2026-09-03 21:29:58,623,299,1651,2
2026-09-03 21:29:59,623,293,1653,2
2026-09-03 21:30:00,620,292,1652,2
2026-09-03 21:30:01,624,294,1653,2
2026-09-03 21:30:02,617,297,1644,2
2026-09-03 21:30:03,627,292,1645,2
2026-09-03 21:30:04,624,292,1654,2
2026-09-03 21:30:05,627,301,1652,2
2026-09-03 21:30:06,611,290,1650,2
2026-09-03 21:30:07,625,296,1646,2
2026-09-03 21:30:08,618,298,1648,2
2026-09-03 21:30:09,618,295,1641,2
2026-09-03 21:30:10,619,293,1652,2
2026-09-03 21:30:11,625,302,1652,2
2026-09-03 21:30:12,627,293,1647,2
2026-09-03 21:30:13,619,300,1647,2
2026-09-03 21:30:14,627,300,1655,2
2026-09-03 21:30:15,617,295,1653,2
2026-09-03 21:30:16,631,298,1653,2
2026-09-03 21:30:17,616,300,1646,2
2026-09-03 21:30:18,617,300,1649,2
2026-09-03 21:30:19,615,295,1651,2
2026-09-03 21:30:20,628,303,1644,2
2026-09-03 21:30:21,613,302,1651,2
2026-09-03 21:30:22,621,301,1651,2
2026-09-03 21:30:23,616,301,1644,2
2026-09-03 21:30:24,618,301,1650,2
2026-09-03 21:30:25,617,298,1640,2
2026-09-03 21:30:26,614,300,1646,2
2026-09-03 21:30:27,616,299,1649,2
2026-09-03 21:30:28,605,301,1649,2
2026-09-03 21:30:29,594,295,1646,2
2026-09-03 21:30:30,605,299,1654,2
2026-09-03 21:30:31,606,297,1649,2
2026-09-03 21:30:32,602,291,1652,2
2026-09-03 21:30:33,589,295,1655,2
2026-09-03 21:30:34,593,290,1654,2
2026-09-03 21:30:35,590,293,1651,2
2026-09-03 21:30:36,593,286,1654,2
2026-09-03 21:30:37,593,291,1647,2
2026-09-03 21:30:38,600,277,1647,2
2026-09-03 21:30:39,594,287,1649,2
2026-09-03 21:30:40,600,286,1652,2
2026-09-03 21:30:41,598,276,1660,2
2026-09-03 21:30:42,595,275,1655,2
2026-09-03 21:30:43,602,276,1652,2
2026-09-03 21:30:44,603,281,1661,2
2026-09-03 21:30:45,609,269,1655,2
2026-09-03 21:30:46,610,272,1658,2
2026-09-03 21:30:47,614,277,1655,2
2026-09-03 21:30:48,622,270,1660,2
2026-09-03 21:30:49,617,274,1654,2
2026-09-03 21:30:50,610,267,1650,2
2026-09-03 21:30:51,617,272,1656,2
2026-09-03 21:30:52,615,276,1656,2
2026-09-03 21:30:53,622,267,1658,2
2026-09-03 21:30:54,617,261,1653,2
2026-09-03 21:30:55,623,267,1656,2
2026-09-03 21:30:56,624,260,1650,2
2026-09-03 21:30:57,614,270,1652,2
2026-09-03 21:30:58,620,262,1655,2
2026-09-03 21:30:59,631,265,1657,2
2026-09-03 21:31:00,619,264,1650,2
2026-09-03 21:31:01,615,263,1656,2
2026-09-03 21:31:02,617,259,1660,2
2026-09-03 21:31:03,618,266,1655,2
2026-09-03 21:31:04,621,267,1658,2
2026-09-03 21:31:05,611,259,1657,2
2026-09-03 21:31:06,614,248,1663,2
2026-09-03 21:31:07,602,255,1656,2
2026-09-03 21:31:08,617,255,1661,2
2026-09-03 21:31:09,606,250,1661,2
2026-09-03 21:31:10,609,255,1653,2
2026-09-03 21:31:11,600,253,1659,2
2026-09-03 21:31:12,608,258,1656,2
2026-09-03 21:31:13,607,249,1655,2
2026-09-03 21:31:14,606,252,1656,2
2026-09-03 21:31:15,601,245,1654,2
2026-09-03 21:31:16,605,249,1660,2
2026-09-03 21:31:17,615,253,1659,2
2026-09-03 21:31:18,613,248,1651,2
2026-09-03 21:31:19,611,250,1656,2
2026-09-03 21:31:20,604,255,1661,2
2026-09-03 21:31:21,604,253,1660,2
2026-09-03 21:31:22,606,259,1659,2
2026-09-03 21:31:23,606,260,1657,2
2026-09-03 21:31:24,607,261,1653,2
2026-09-03 21:31:25,607,258,1655,2
2026-09-03 21:31:26,610,252,1659,2
2026-09-03 21:31:28,608,259,1658,2
2026-09-03 21:31:28,618,254,1661,2
2026-09-03 21:31:29,627,254,1661,2
2026-09-03 21:31:30,618,257,1662,2
2026-09-03 21:31:31,624,256,1662,2
2026-09-03 21:31:32,629,261,1663,2
2026-09-03 21:31:33,632,260,1659,2
2026-09-03 21:31:34,630,264,1661,2
2026-09-03 21:31:35,632,268,1664,2
2026-09-03 21:31:36,635,260,1656,2
2026-09-03 21:31:37,637,261,1662,2
2026-09-03 21:31:38,642,267,1658,2
2026-09-03 21:31:39,638,267,1656,2
2026-09-03 21:31:40,638,266,1663,2
2026-09-03 21:31:41,638,267,1659,2
2026-09-03 21:31:42,643,268,1660,2
2026-09-03 21:31:43,642,268,1656,2
2026-09-03 21:31:44,644,274,1655,2
2026-09-03 21:31:45,646,264,1663,2
2026-09-03 21:31:46,644,271,1661,2
2026-09-03 21:31:47,654,271,1662,2
2026-09-03 21:31:48,646,272,1663,2
2026-09-03 21:31:49,646,273,1669,2
2026-09-03 21:31:50,652,273,1663,2
2026-09-03 21:31:51,649,273,1670,2
2026-09-03 21:31:52,649,271,1666,2
2026-09-03 21:31:53,649,274,1660,2
2026-09-03 21:31:54,643,272,1674,2
2026-09-03 21:31:55,651,276,1664,2
2026-09-03 21:31:56,650,266,1668,2
2026-09-03 21:31:57,646,271,1671,2
2026-09-03 21:31:58,650,272,1663,2
2026-09-03 21:31:59,652,270,1667,2
2026-09-03 21:32:00,653,274,1669,2
2026-09-03 21:32:01,647,273,1669,2
2026-09-03 21:32:02,646,273,1658,2
2026-09-03 21:32:03,649,273,1661,2
2026-09-03 21:32:04,648,268,1671,2
2026-09-03 21:32:05,651,269,1671,2
2026-09-03 21:32:06,659,276,1668,2
2026-09-03 21:32:07,652,270,1667,2
2026-09-03 21:32:08,645,278,1668,2
2026-09-03 21:32:09,650,276,1672,2
2026-09-03 21:32:10,651,264,1673,2
2026-09-03 21:32:11,648,274,1670,2
2026-09-03 21:32:12,649,267,1667,2
2026-09-03 21:32:13,646,268,1679,2
2026-09-03 21:32:14,643,268,1675,2
2026-09-03 21:32:15,647,258,1674,2
2026-09-03 21:32:16,651,267,1674,2
2026-09-03 21:32:17,643,270,1669,2
2026-09-03 21:32:18,647,266,1668,2
2026-09-03 21:32:19,647,270,1675,2
2026-09-03 21:32:20,646,265,1676,2
2026-09-03 21:32:21,651,263,1675,2
2026-09-03 21:32:22,655,258,1674,2
2026-09-03 21:32:23,650,264,1675,2
2026-09-03 21:32:24,642,265,1673,2
2026-09-03 21:32:25,649,266,1682,2
2026-09-03 21:32:26,642,260,1669,2
2026-09-03 21:32:27,644,263,1672,2
2026-09-03 21:32:28,653,264,1667,2
2026-09-03 21:32:29,649,260,1674,2
2026-09-03 21:32:30,649,267,1671,2
2026-09-03 21:32:31,649,261,1669,2
2026-09-03 21:32:32,651,254,1671,2
2026-09-03 21:32:33,646,261,1672,2
2026-09-03 21:32:34,650,263,1670,2
2026-09-03 21:32:35,640,260,1672,2
2026-09-03 21:32:36,656,245,1671,2
2026-09-03 21:32:37,652,267,1670,2
2026-09-03 21:32:38,652,260,1672,2
2026-09-03 21:32:39,647,265,1676,2
2026-09-03 21:32:40,649,268,1673,2
2026-09-03 21:32:41,649,263,1674,2
2026-09-03 21:32:42,642,268,1677,2
2026-09-03 21:32:43,641,264,1671,2
2026-09-03 21:32:44,652,261,1674,2
2026-09-03 21:32:45,643,260,1673,2
2026-09-03 21:32:46,645,266,1676,2
2026-09-03 21:32:47,646,271,1672,2
2026-09-03 21:32:48,652,271,1676,2
2026-09-03 21:32:49,649,270,1673,2
2026-09-03 21:32:50,653,275,1676,2
2026-09-03 21:32:51,644,267,1673,2
2026-09-03 21:32:52,642,275,1679,2
2026-09-03 21:32:53,647,269,1672,2
2026-09-03 21:32:54,650,276,1670,2
2026-09-03 21:32:55,647,276,1672,2
2026-09-03 21:32:56,649,273,1670,2
2026-09-03 21:32:57,656,277,1667,2
2026-09-03 21:32:58,655,267,1669,2
2026-09-03 21:32:59,656,270,1670,2
2026-09-03 21:33:00,655,275,1673,2
2026-09-03 21:33:01,652,275,1671,2
2026-09-03 21:33:02,657,282,1676,2
2026-09-03 21:33:03,665,279,1671,2
2026-09-03 21:33:04,663,272,1660,2
2026-09-03 21:33:05,661,281,1666,2
2026-09-03 21:33:06,662,279,1663,2
2026-09-03 21:33:07,665,286,1667,2
2026-09-03 21:33:08,663,287,1664,2
2026-09-03 21:33:09,656,283,1662,2
2026-09-03 21:33:10,667,284,1663,2
2026-09-03 21:33:11,668,277,1664,2
2026-09-03 21:33:12,668,284,1672,2
2026-09-03 21:33:13,665,289,1665,2
2026-09-03 21:33:14,658,285,1675,2
2026-09-03 21:33:15,672,287,1666,2
2026-09-03 21:33:16,669,291,1664,2
2026-09-03 21:33:17,666,294,1674,2
2026-09-03 21:33:18,667,289,1658,2
2026-09-03 21:33:19,675,284,1663,2
2026-09-03 21:33:20,669,299,1665,2
2026-09-03 21:33:21,664,298,1663,2
2026-09-03 21:33:22,671,291,1668,2
2026-09-03 21:33:23,665,293,1664,2
2026-09-03 21:33:24,673,302,1664,2
2026-09-03 21:33:25,665,288,1663,2
2026-09-03 21:33:26,669,293,1670,2
2026-09-03 21:33:27,669,292,1661,2
2026-09-03 21:33:28,677,292,1668,2
2026-09-03 21:33:29,676,297,1664,2
2026-09-03 21:33:30,674,305,1667,2
2026-09-03 21:33:31,675,297,1665,2
2026-09-03 21:33:32,675,294,1663,2
2026-09-03 21:33:33,670,296,1668,2
2026-09-03 21:33:34,672,292,1677,2
2026-09-03 21:33:35,678,298,1666,2
2026-09-03 21:33:36,676,301,1671,2
2026-09-03 21:33:37,678,301,1665,2
2026-09-03 21:33:38,677,301,1671,2
2026-09-03 21:33:39,679,302,1671,2
2026-09-03 21:33:40,683,302,1668,2
2026-09-03 21:33:41,686,304,1671,2
2026-09-03 21:33:42,684,307,1670,2
2026-09-03 21:33:43,687,305,1659,2
2026-09-03 21:33:44,685,305,1671,2
2026-09-03 21:33:45,684,307,1670,2
2026-09-03 21:33:46,687,309,1672,2
2026-09-03 21:33:47,680,303,1668,2
2026-09-03 21:33:48,685,303,1661,2
2026-09-03 21:33:49,685,311,1658,2
2026-09-03 21:33:50,675,315,1664,2
2026-09-03 21:33:51,685,312,1665,2
2026-09-03 21:33:52,679,311,1669,2
2026-09-03 21:33:53,687,314,1663,2
2026-09-03 21:33:54,685,310,1660,2
2026-09-03 21:33:55,677,313,1663,2
2026-09-03 21:33:56,686,316,1667,2
2026-09-03 21:33:57,691,310,1662,2
2026-09-03 21:33:58,682,321,1658,2
2026-09-03 21:33:59,685,319,1672,2
2026-09-03 21:34:00,687,325,1666,2
2026-09-03 21:34:01,676,317,1663,2
2026-09-03 21:34:02,677,324,1663,2
2026-09-03 21:34:03,682,316,1659,2
2026-09-03 21:34:04,679,318,1672,2
2026-09-03 21:34:05,664,309,1657,2
2026-09-03 21:34:06,681,316,1667,2
2026-09-03 21:34:07,677,319,1665,2
2026-09-03 21:34:08,674,316,1668,2
2026-09-03 21:34:09,676,324,1670,2
2026-09-03 21:34:10,670,316,1664,2
2026-09-03 21:34:11,666,324,1668,2
2026-09-03 21:34:12,665,318,1663,2
2026-09-03 21:34:13,667,310,1662,2
2026-09-03 21:34:14,669,312,1663,2
2026-09-03 21:34:15,665,317,1663,2
2026-09-03 21:34:16,656,306,1663,2
2026-09-03 21:34:17,658,309,1669,2
2026-09-03 21:34:18,658,304,1666,2
2026-09-03 21:34:19,663,303,1670,2
2026-09-03 21:34:20,650,307,1670,2
2026-09-03 21:34:21,659,304,1660,2
2026-09-03 21:34:22,650,304,1663,2
2026-09-03 21:34:23,646,299,1664,2
2026-09-03 21:34:24,639,298,1657,2
2026-09-03 21:34:25,643,300,1661,2
2026-09-03 21:34:26,636,306,1665,2
2026-09-03 21:34:27,644,299,1669,2
2026-09-03 21:34:28,638,295,1660,2
2026-09-03 21:34:29,641,296,1670,2
2026-09-03 21:34:30,635,286,1665,2
2026-09-03 21:34:31,634,288,1665,2
2026-09-03 21:34:32,632,287,1655,2
2026-09-03 21:34:33,622,287,1657,2
2026-09-03 21:34:34,634,282,1668,2
2026-09-03 21:34:35,627,284,1668,2
2026-09-03 21:34:36,629,280,1662,2
2026-09-03 21:34:37,632,282,1663,2
2026-09-03 21:34:38,625,273,1661,2
2026-09-03 21:34:39,621,281,1664,2
2026-09-03 21:34:40,625,274,1663,2
2026-09-03 21:34:41,623,276,1670,2
2026-09-03 21:34:42,627,272,1667,2
2026-09-03 21:34:43,628,276,1668,2
2026-09-03 21:34:44,631,274,1666,2
2026-09-03 21:34:45,631,276,1673,2
2026-09-03 21:34:46,637,268,1670,2
2026-09-03 21:34:47,635,270,1671,2
2026-09-03 21:34:48,628,267,1666,2
2026-09-03 21:34:49,630,265,1667,2
2026-09-03 21:34:50,633,261,1666,2
2026-09-03 21:34:51,630,257,1672,2
2026-09-03 21:34:52,632,265,1665,2
2026-09-03 21:34:53,633,266,1670,2
2026-09-03 21:34:54,630,265,1676,2
2026-09-03 21:34:55,632,260,1671,2
2026-09-03 21:34:56,634,257,1673,2
2026-09-03 21:34:57,631,261,1670,2
2026-09-03 21:34:58,631,249,1668,2
2026-09-03 21:34:59,623,253,1670,2
2026-09-03 21:35:00,628,254,1672,2
2026-09-03 21:35:01,628,249,1671,2
2026-09-03 21:35:02,619,252,1671,2
2026-09-03 21:35:03,627,252,1665,2
2026-09-03 21:35:04,617,249,1665,2
2026-09-03 21:35:05,620,250,1677,2
2026-09-03 21:35:06,617,251,1675,2
2026-09-03 21:35:07,617,249,1674,2
2026-09-03 21:35:08,624,244,1669,2
2026-09-03 21:35:09,617,244,1673,2
2026-09-03 21:35:10,614,242,1672,2
2026-09-03 21:35:11,628,243,1675,2
2026-09-03 21:35:12,622,247,1670,2
2026-09-03 21:35:13,628,247,1678,2
2026-09-03 21:35:14,625,235,1671,2
2026-09-03 21:35:15,635,247,1672,2
2026-09-03 21:35:16,636,242,1675,2
2026-09-03 21:35:17,635,242,1676,2
2026-09-03 21:35:18,632,247,1675,2
2026-09-03 21:35:19,640,241,1668,2
2026-09-03 21:35:20,639,241,1679,2
2026-09-03 21:35:21,633,232,1680,2
2026-09-03 21:35:22,641,239,1677,2
2026-09-03 21:35:23,643,240,1672,2
2026-09-03 21:35:24,632,240,1673,2
2026-09-03 21:35:25,632,238,1672,2
2026-09-03 21:35:26,639,239,1668,2
2026-09-03 21:35:27,645,237,1673,2
2026-09-03 21:35:28,641,235,1672,2
2026-09-03 21:35:29,639,232,1675,2
2026-09-03 21:35:30,649,233,1678,2
2026-09-03 21:35:31,648,233,1668,2
2026-09-03 21:35:32,651,228,1671,2
2026-09-03 21:35:33,652,233,1678,2
2026-09-03 21:35:34,642,236,1679,2
2026-09-03 21:35:35,650,230,1673,2
2026-09-03 21:35:36,649,228,1670,2
2026-09-03 21:35:37,649,230,1682,2
2026-09-03 21:35:38,656,231,1677,2
2026-09-03 21:35:39,647,227,1669,2
2026-09-03 21:35:40,636,226,1676,2
2026-09-03 21:35:41,645,233,1679,2
2026-09-03 21:35:42,652,231,1670,2
2026-09-03 21:35:43,642,228,1680,2
2026-09-03 21:35:44,638,226,1674,2
2026-09-03 21:35:45,643,231,1676,2
2026-09-03 21:35:46,641,227,1675,2
2026-09-03 21:35:47,639,224,1675,2
2026-09-03 21:35:48,639,222,1678,2
2026-09-03 21:35:49,649,224,1683,2
2026-09-03 21:35:50,646,224,1679,2
2026-09-03 21:35:51,645,214,1673,2
2026-09-03 21:35:52,651,222,1679,2
2026-09-03 21:35:53,646,216,1676,2
2026-09-03 21:35:54,650,223,1678,2
2026-09-03 21:35:55,656,222,1681,2
2026-09-03 21:35:56,650,218,1677,2
2026-09-03 21:35:57,653,218,1673,2
2026-09-03 21:35:58,648,222,1676,2
2026-09-03 21:35:59,652,218,1677,2
2026-09-03 21:36:00,655,216,1676,2
2026-09-03 21:36:01,655,216,1675,2
2026-09-03 21:36:02,653,221,1683,2
2026-09-03 21:36:03,660,218,1678,2
2026-09-03 21:36:04,658,222,1676,2
2026-09-03 21:36:05,657,219,1678,2
2026-09-03 21:36:06,660,213,1669,2
2026-09-03 21:36:07,658,218,1680,2
2026-09-03 21:36:08,666,216,1682,2
2026-09-03 21:36:09,661,213,1669,2
2026-09-03 21:36:10,667,220,1678,2
2026-09-03 21:36:11,672,221,1681,2
2026-09-03 21:36:12,667,213,1675,2
2026-09-03 21:36:13,668,220,1678,0
2026-09-03 21:36:14,664,218,1677,0
2026-09-03 21:36:15,668,219,1675,0
2026-09-03 21:36:16,660,211,1675,0
2026-09-03 21:36:17,664,216,1671,0
2026-09-03 21:36:18,662,217,1673,0
2026-09-03 21:36:19,665,207,1678,0
2026-09-03 21:36:20,661,216,1678,0
2026-09-03 21:36:21,670,219,1679,0
2026-09-03 21:36:22,661,208,1676,0
2026-09-03 21:36:23,661,209,1679,0
2026-09-03 21:36:24,670,211,1674,0
2026-09-03 21:36:25,659,214,1680,0
2026-09-03 21:36:26,670,211,1683,0
2026-09-03 21:36:27,668,223,1682,0
2026-09-03 21:36:28,675,213,1670,0
2026-09-03 21:36:29,673,219,1680,0
2026-09-03 21:36:30,677,222,1675,0
2026-09-03 21:36:31,675,210,1682,0
2026-09-03 21:36:32,675,214,1681,0
2026-09-03 21:36:33,675,214,1682,0
2026-09-03 21:36:34,672,225,1679,0
2026-09-03 21:36:35,681,221,1684,0
2026-09-03 21:36:36,671,222,1677,0
2026-09-03 21:36:37,675,222,1682,0
2026-09-03 21:36:38,690,223,1682,0
2026-09-03 21:36:39,699,209,1686,0
2026-09-03 21:36:40,688,225,1680,0
2026-09-03 21:36:41,689,219,1677,0
2026-09-03 21:36:42,690,230,1679,0
2026-09-03 21:36:43,684,232,1688,0
2026-09-03 21:36:44,690,234,1682,0
2026-09-03 21:36:45,683,226,1680,0
2026-09-03 21:36:46,689,230,1679,0
2026-09-03 21:36:47,690,235,1677,0
2026-09-03 21:36:48,690,243,1679,0
2026-09-03 21:36:49,706,234,1685,0
2026-09-03 21:36:50,697,242,1685,0
2026-09-03 21:36:51,699,244,1680,0
2026-09-03 21:36:52,693,248,1681,0
2026-09-03 21:36:53,684,235,1684,0
2026-09-03 21:36:54,699,239,1679,0
2026-09-03 21:36:55,694,255,1683,0
2026-09-03 21:36:56,693,242,1677,0
2026-09-03 21:36:57,699,249,1685,0
2026-09-03 21:36:58,700,263,1684,0
2026-09-03 21:36:59,699,251,1686,0
2026-09-03 21:37:00,704,255,1678,0
2026-09-03 21:37:01,707,254,1682,0
2026-09-03 21:37:02,711,255,1683,0
2026-09-03 21:37:03,704,259,1687,0
2026-09-03 21:37:04,708,256,1676,0
2026-09-03 21:37:05,717,260,1677,0
2026-09-03 21:37:06,710,260,1683,0
2026-09-03 21:37:07,714,267,1689,0
2026-09-03 21:37:08,719,268,1687,0
2026-09-03 21:37:09,713,267,1682,0
2026-09-03 21:37:10,720,268,1684,0
2026-09-03 21:37:11,716,270,1688,0
2026-09-03 21:37:12,721,277,1683,0
2026-09-03 21:37:13,720,282,1692,0
2026-09-03 21:37:14,711,270,1682,0
2026-09-03 21:37:15,715,271,1683,0
2026-09-03 21:37:16,719,271,1685,0
2026-09-03 21:37:17,725,283,1685,0
2026-09-03 21:37:18,718,269,1686,0
2026-09-03 21:37:19,713,277,1681,0
2026-09-03 21:37:20,712,276,1680,0
2026-09-03 21:37:21,710,281,1684,0
2026-09-03 21:37:22,709,285,1683,0
2026-09-03 21:37:23,704,286,1681,0
2026-09-03 21:37:24,700,280,1676,0
2026-09-03 21:37:25,711,281,1684,0
2026-09-03 21:37:26,706,287,1686,0
2026-09-03 21:37:27,711,281,1687,0
2026-09-03 21:37:28,696,284,1689,0
2026-09-03 21:37:29,699,282,1693,0
2026-09-03 21:37:30,701,278,1690,0
2026-09-03 21:37:31,690,282,1687,0
2026-09-03 21:37:32,699,278,1688,0
2026-09-03 21:37:33,694,284,1689,0
2026-09-03 21:37:34,700,284,1690,0
2026-09-03 21:37:35,700,283,1692,0
2026-09-03 21:37:36,690,277,1695,0
2026-09-03 21:37:37,699,281,1690,0
2026-09-03 21:37:38,694,280,1689,0
2026-09-03 21:37:39,696,271,1690,0
2026-09-03 21:37:40,696,280,1699,0
2026-09-03 21:37:41,692,278,1696,0
2026-09-03 21:37:42,696,272,1694,0
2026-09-03 21:37:43,702,272,1684,0
2026-09-03 21:37:44,707,271,1685,0
2026-09-03 21:37:45,694,275,1684,0
2026-09-03 21:37:46,704,276,1696,0
2026-09-03 21:37:47,702,277,1691,0
2026-09-03 21:37:48,695,279,1688,0
2026-09-03 21:37:49,698,279,1695,0
2026-09-03 21:37:50,701,278,1692,0
2026-09-03 21:37:51,699,285,1691,0
2026-09-03 21:37:52,703,276,1695,0
2026-09-03 21:37:53,699,274,1689,0
2026-09-03 21:37:54,697,284,1693,0
2026-09-03 21:37:55,701,282,1693,0
2026-09-03 21:37:56,698,273,1685,0
2026-09-03 21:37:57,701,270,1693,0
2026-09-03 21:37:58,702,270,1693,0
2026-09-03 21:37:59,706,271,1693,0
2026-09-03 21:38:00,692,272,1696,0
2026-09-03 21:38:01,695,273,1692,0
2026-09-03 21:38:02,705,275,1690,0
2026-09-03 21:38:03,693,274,1685,0
2026-09-03 21:38:04,704,271,1692,0
2026-09-03 21:38:05,703,275,1689,0
2026-09-03 21:38:06,703,270,1693,0
2026-09-03 21:38:07,700,272,1693,0
2026-09-03 21:38:08,701,261,1687,0
2026-09-03 21:38:09,705,270,1692,0
2026-09-03 21:38:10,707,272,1683,0
2026-09-03 21:38:11,699,268,1692,0
2026-09-03 21:38:12,702,272,1685,0
2026-09-03 21:38:13,704,279,1684,0
2026-09-03 21:38:14,706,271,1695,0
2026-09-03 21:38:15,712,269,1685,0
2026-09-03 21:38:16,710,270,1689,0
2026-09-03 21:38:17,704,265,1701,0
2026-09-03 21:38:18,706,278,1689,0
2026-09-03 21:38:19,719,278,1687,0
2026-09-03 21:38:20,715,279,1690,0
2026-09-03 21:38:21,718,269,1686,0
2026-09-03 21:38:22,720,277,1689,0
2026-09-03 21:38:23,717,285,1697,0
2026-09-03 21:38:24,717,278,1689,0
2026-09-03 21:38:25,714,278,1689,0
2026-09-03 21:38:26,719,269,1691,0
2026-09-03 21:38:27,714,273,1696,0
2026-09-03 21:38:28,716,276,1692,0
2026-09-03 21:38:29,716,275,1697,0
2026-09-03 21:38:30,721,279,1697,0
2026-09-03 21:38:31,722,274,1685,0
2026-09-03 21:38:32,722,281,1692,0
2026-09-03 21:38:33,732,279,1687,0
2026-09-03 21:38:34,734,274,1679,0
2026-09-03 21:38:35,731,285,1691,0
2026-09-03 21:38:36,721,275,1699,0
2026-09-03 21:38:37,729,276,1688,0
2026-09-03 21:38:38,734,284,1687,0
2026-09-03 21:38:39,728,287,1691,0
2026-09-03 21:38:40,729,292,1696,0
2026-09-03 21:38:41,732,283,1696,0
2026-09-03 21:38:42,732,282,1688,0
2026-09-03 21:38:43,729,290,1693,0
2026-09-03 21:38:44,721,289,1697,0
2026-09-03 21:38:45,718,282,1692,0
2026-09-03 21:38:46,709,298,1693,0
2026-09-03 21:38:47,701,284,1685,0
2026-09-03 21:38:48,712,289,1691,0
2026-09-03 21:38:49,718,289,1696,0
2026-09-03 21:38:50,713,291,1695,0
2026-09-03 21:38:51,714,283,1699,0
2026-09-03 21:38:52,705,264,1699,0
2026-09-03 21:38:53,705,276,1689,0
2026-09-03 21:38:54,700,283,1696,0
2026-09-03 21:38:55,704,275,1696,0
2026-09-03 21:38:56,706,278,1696,0
2026-09-03 21:38:57,700,270,1699,0
2026-09-03 21:38:58,698,274,1690,0
2026-09-03 21:38:59,695,277,1694,0
2026-09-03 21:39:00,699,278,1696,0
2026-09-03 21:39:01,697,272,1699,0
2026-09-03 21:39:02,695,269,1692,0
2026-09-03 21:39:03,702,274,1692,0
2026-09-03 21:39:04,696,266,1691,0
2026-09-03 21:39:05,702,270,1700,0
2026-09-03 21:39:06,701,274,1696,0
2026-09-03 21:39:07,691,265,1692,0
2026-09-03 21:39:08,698,268,1694,0
2026-09-03 21:39:09,694,271,1694,0
2026-09-03 21:39:10,693,266,1697,0
2026-09-03 21:39:11,702,267,1693,0
2026-09-03 21:39:12,700,264,1695,0
2026-09-03 21:39:13,705,265,1691,0
2026-09-03 21:39:14,702,260,1694,0
2026-09-03 21:39:15,703,264,1695,0
2026-09-03 21:39:16,705,262,1688,0
2026-09-03 21:39:17,702,258,1687,0
2026-09-03 21:39:18,708,267,1687,0
2026-09-03 21:39:19,704,255,1693,0
2026-09-03 21:39:20,704,273,1686,0
2026-09-03 21:39:21,700,269,1698,0
2026-09-03 21:39:22,716,270,1682,0
2026-09-03 21:39:23,711,266,1687,0
2026-09-03 21:39:24,705,278,1692,0
2026-09-03 21:39:25,708,267,1691,0
2026-09-03 21:39:26,711,270,1689,0
2026-09-03 21:39:27,711,275,1690,0
2026-09-03 21:39:28,709,268,1702,0
2026-09-03 21:39:29,715,276,1696,0
2026-09-03 21:39:30,711,273,1697,0
2026-09-03 21:39:31,718,277,1698,0
2026-09-03 21:39:32,718,276,1693,0
2026-09-03 21:39:33,724,272,1701,0
2026-09-03 21:39:34,721,263,1696,0
2026-09-03 21:39:35,715,278,1691,0
2026-09-03 21:39:36,723,276,1700,0
2026-09-03 21:39:37,718,271,1700,0
2026-09-03 21:39:38,718,281,1700,0
2026-09-03 21:39:39,725,275,1695,0
2026-09-03 21:39:40,717,279,1700,0
2026-09-03 21:39:41,715,275,1698,0
2026-09-03 21:39:42,718,278,1699,0
2026-09-03 21:39:43,714,271,1698,0
2026-09-03 21:39:44,711,278,1697,0
2026-09-03 21:39:45,711,278,1696,0
2026-09-03 21:39:46,712,282,1697,0
2026-09-03 21:39:47,712,277,1699,0
2026-09-03 21:39:48,712,278,1699,0
2026-09-03 21:39:49,711,281,1688,0
2026-09-03 21:39:50,708,286,1701,0
2026-09-03 21:39:51,701,289,1699,0
2026-09-03 21:39:52,708,272,1700,0
2026-09-03 21:39:53,705,289,1693,0
2026-09-03 21:39:54,704,292,1705,0
2026-09-03 21:39:55,709,284,1701,0
2026-09-03 21:39:56,704,283,1695,0
2026-09-03 21:39:57,699,291,1699,0
2026-09-03 21:39:58,697,282,1699,0
2026-09-03 21:39:59,706,290,1694,0
2026-09-03 21:40:00,704,293,1702,0
2026-09-03 21:40:01,700,290,1705,0
2026-09-03 21:40:02,701,286,1701,0
2026-09-03 21:40:03,708,284,1696,0
2026-09-03 21:40:04,697,293,1704,0
2026-09-03 21:40:05,702,283,1705,0
2026-09-03 21:40:06,694,292,1706,0
2026-09-03 21:40:07,702,291,1701,0
2026-09-03 21:40:08,699,296,1700,0
2026-09-03 21:40:09,695,291,1703,0
2026-09-03 21:40:10,711,296,1695,0
2026-09-03 21:40:11,706,293,1697,0
2026-09-03 21:40:12,710,302,1697,0
2026-09-03 21:40:13,719,299,1688,0
2026-09-03 21:40:14,716,294,1702,0
2026-09-03 21:40:15,717,302,1703,0
2026-09-03 21:40:16,715,300,1698,0
2026-09-03 21:40:17,721,294,1695,0
2026-09-03 21:40:18,722,304,1703,0
2026-09-03 21:40:19,718,301,1702,0
2026-09-03 21:40:20,725,301,1709,0
2026-09-03 21:40:21,722,304,1702,0
2026-09-03 21:40:22,729,308,1704,0
2026-09-03 21:40:23,731,303,1699,0
2026-09-03 21:40:24,726,304,1701,0
2026-09-03 21:40:25,734,309,1696,0
2026-09-03 21:40:26,735,307,1699,0
2026-09-03 21:40:27,743,317,1706,0
2026-09-03 21:40:28,734,314,1700,0
2026-09-03 21:40:29,741,311,1700,0
2026-09-03 21:40:30,744,314,1707,0
2026-09-03 21:40:31,753,309,1705,0
2026-09-03 21:40:32,748,313,1699,0
2026-09-03 21:40:33,751,313,1696,0
2026-09-03 21:40:34,752,315,1707,0
2026-09-03 21:40:35,753,314,1697,0
2026-09-03 21:40:36,753,326,1704,0
2026-09-03 21:40:37,748,324,1703,0
2026-09-03 21:40:38,752,324,1699,0
2026-09-03 21:40:39,753,324,1709,0
2026-09-03 21:40:40,751,318,1704,0
2026-09-03 21:40:41,759,325,1707,0
2026-09-03 21:40:42,748,325,1696,0
2026-09-03 21:40:44,756,317,1703,0
2026-09-03 21:40:44,752,323,1702,0
2026-09-03 21:40:45,747,330,1693,0
2026-09-03 21:40:46,755,327,1708,0
2026-09-03 21:40:47,746,322,1705,0
2026-09-03 21:40:48,757,326,1701,0
2026-09-03 21:40:49,759,327,1703,0
2026-09-03 21:40:50,757,330,1706,0
2026-09-03 21:40:51,759,327,1710,0
2026-09-03 21:40:52,758,329,1701,0
2026-09-03 21:40:53,763,329,1704,0
2026-09-03 21:40:54,760,329,1703,0
2026-09-03 21:40:55,760,337,1703,0
2026-09-03 21:40:56,766,319,1703,0
2026-09-03 21:40:57,762,328,1703,0
2026-09-03 21:40:58,758,332,1701,0
2026-09-03 21:40:59,762,328,1705,0
2026-09-03 21:41:00,774,334,1709,0
2026-09-03 21:41:01,772,332,1706,0
2026-09-03 21:41:02,768,339,1708,0
2026-09-03 21:41:03,771,339,1706,0
2026-09-03 21:41:04,772,338,1709,0
2026-09-03 21:41:05,764,348,1708,0
2026-09-03 21:41:06,772,338,1703,0
2026-09-03 21:41:07,770,341,1714,0
2026-09-03 21:41:08,768,337,1707,0
2026-09-03 21:41:09,772,340,1703,0
2026-09-03 21:41:10,770,346,1707,0
2026-09-03 21:41:11,771,338,1701,0
2026-09-03 21:41:12,770,347,1703,0
2026-09-03 21:41:13,772,351,1709,0
2026-09-03 21:41:14,777,342,1712,0
2026-09-03 21:41:15,767,348,1697,0
2026-09-03 21:41:19,772,346,1708,0
2026-09-03 21:41:19,784,355,1701,0
2026-09-03 21:41:19,777,348,1701,0
2026-09-03 21:41:19,773,351,1703,0
2026-09-03 21:41:20,780,356,1700,0
2026-09-03 21:41:21,784,350,1710,0
2026-09-03 21:41:22,779,356,1705,0
2026-09-03 21:41:23,776,354,1704,0
2026-09-03 21:41:24,772,356,1700,0
2026-09-03 21:41:25,777,362,1704,0
2026-09-03 21:41:26,785,361,1696,0
2026-09-03 21:41:27,777,355,1699,0
2026-09-03 21:41:28,781,359,1698,2
2026-09-03 21:41:29,773,361,1703,2
2026-09-03 21:41:30,768,357,1700,2
2026-09-03 21:41:31,773,364,1704,2
2026-09-03 21:41:32,774,359,1704,2
2026-09-03 21:41:33,772,368,1702,2
2026-09-03 21:41:34,764,367,1700,2
2026-09-03 21:41:35,767,359,1704,2
2026-09-03 21:41:36,764,365,1707,2
2026-09-03 21:41:37,764,373,1712,2
2026-09-03 21:41:38,761,360,1704,2
2026-09-03 21:41:39,764,368,1713,2
2026-09-03 21:41:40,757,365,1703,2
2026-09-03 21:41:41,762,377,1708,2
2026-09-03 21:41:42,747,373,1709,2
2026-09-03 21:41:43,757,376,1704,2
2026-09-03 21:41:44,754,377,1704,2
2026-09-03 21:41:45,755,373,1708,2
2026-09-03 21:41:46,758,377,1705,2
2026-09-03 21:41:47,756,387,1707,2
2026-09-03 21:41:48,762,379,1710,2
2026-09-03 21:41:49,765,375,1713,2
2026-09-03 21:41:50,763,380,1710,2
2026-09-03 21:41:51,767,373,1702,2
2026-09-03 21:41:52,775,380,1707,2
2026-09-03 21:41:53,764,385,1713,2
2026-09-03 21:41:54,772,381,1709,2
2026-09-03 21:41:55,781,389,1705,2
2026-09-03 21:41:56,774,380,1711,2
2026-09-03 21:41:57,785,390,1715,2
2026-09-03 21:41:58,785,389,1712,2
2026-09-03 21:41:59,782,364,1701,2
2026-09-03 21:42:00,792,386,1711,2
2026-09-03 21:42:01,787,395,1713,2
2026-09-03 21:42:02,785,391,1712,2
2026-09-03 21:42:03,778,398,1714,2
2026-09-03 21:42:04,780,390,1714,2
2026-09-03 21:42:05,782,390,1708,2
2026-09-03 21:42:06,786,391,1714,2
2026-09-03 21:42:07,782,396,1718,2
2026-09-03 21:42:08,782,390,1711,2
2026-09-03 21:42:09,786,394,1714,2
2026-09-03 21:42:10,786,391,1704,2
2026-09-03 21:42:11,787,396,1710,2
2026-09-03 21:42:12,786,390,1717,2
2026-09-03 21:42:13,788,388,1711,2
2026-09-03 21:42:14,787,394,1714,2
2026-09-03 21:42:15,794,395,1714,2
2026-09-03 21:42:16,789,398,1714,2
2026-09-03 21:42:17,783,398,1713,2
2026-09-03 21:42:18,790,394,1707,2
2026-09-03 21:42:19,788,402,1715,2
2026-09-03 21:42:20,788,398,1719,2
2026-09-03 21:42:21,785,401,1717,2
2026-09-03 21:42:22,790,395,1716,2
2026-09-03 21:42:23,775,399,1720,2
2026-09-03 21:42:24,769,391,1716,2
2026-09-03 21:42:25,776,394,1716,2
2026-09-03 21:42:26,761,398,1721,2
2026-09-03 21:42:27,769,397,1719,2
2026-09-03 21:42:28,770,393,1712,2
2026-09-03 21:42:29,765,390,1720,2
2026-09-03 21:42:30,762,392,1719,2
2026-09-03 21:42:31,759,384,1713,2
2026-09-03 21:42:32,759,386,1721,2
2026-09-03 21:42:33,758,387,1716,2
2026-09-03 21:42:34,758,382,1721,2
2026-09-03 21:42:35,756,383,1719,2
2026-09-03 21:42:36,756,383,1726,2
2026-09-03 21:42:37,751,380,1719,2
2026-09-03 21:42:38,755,382,1725,2
2026-09-03 21:42:39,761,383,1731,2
2026-09-03 21:42:40,766,375,1725,2
2026-09-03 21:42:41,758,374,1724,2
2026-09-03 21:42:42,758,373,1724,2
2026-09-03 21:42:43,750,376,1726,2
2026-09-03 21:42:44,760,380,1725,2
2026-09-03 21:42:45,758,381,1724,2
2026-09-03 21:42:46,760,366,1721,2
2026-09-03 21:42:47,759,370,1728,2
2026-09-03 21:42:48,751,372,1729,2
2026-09-03 21:42:49,757,370,1720,2
2026-09-03 21:42:50,753,375,1721,2
2026-09-03 21:42:51,762,376,1725,2
2026-09-03 21:42:52,760,371,1717,2
2026-09-03 21:42:53,755,373,1728,2
2026-09-03 21:42:54,764,371,1724,2
2026-09-03 21:42:55,750,378,1728,2
2026-09-03 21:42:56,764,374,1728,2
2026-09-03 21:42:57,761,378,1721,2
2026-09-03 21:42:58,757,368,1729,2
2026-09-03 21:42:59,755,368,1727,2
2026-09-03 21:43:00,759,370,1727,2
2026-09-03 21:43:01,748,367,1725,2
2026-09-03 21:43:02,756,377,1724,2
2026-09-03 21:43:03,752,372,1719,2
2026-09-03 21:43:04,748,361,1723,2
2026-09-03 21:43:05,752,363,1721,2
2026-09-03 21:43:06,744,370,1727,2
2026-09-03 21:43:07,743,369,1720,2
2026-09-03 21:43:08,754,363,1725,2
2026-09-03 21:43:09,748,367,1723,2
2026-09-03 21:43:10,747,370,1729,2
2026-09-03 21:43:11,745,358,1727,2
2026-09-03 21:43:12,748,363,1723,2
2026-09-03 21:43:13,747,359,1721,2
2026-09-03 21:43:14,743,368,1722,2
2026-09-03 21:43:15,742,361,1723,2
2026-09-03 21:43:16,734,364,1725,2
2026-09-03 21:43:17,745,359,1732,2
2026-09-03 21:43:18,747,350,1726,2
2026-09-03 21:43:19,743,364,1724,2
2026-09-03 21:43:20,741,354,1726,2
2026-09-03 21:43:21,745,364,1730,2
2026-09-03 21:43:22,744,353,1719,2
2026-09-03 21:43:23,746,360,1733,2
2026-09-03 21:43:24,748,351,1723,2
2026-09-03 21:43:25,741,355,1726,2
2026-09-03 21:43:26,735,356,1732,2
2026-09-03 21:43:27,743,354,1733,2
2026-09-03 21:43:28,737,359,1730,2
2026-09-03 21:43:29,751,320,1728,2
2026-09-03 21:43:30,733,358,1723,2
2026-09-03 21:43:31,744,354,1721,2
2026-09-03 21:43:32,736,358,1731,2
2026-09-03 21:43:33,737,347,1733,2
2026-09-03 21:43:34,745,346,1727,2
2026-09-03 21:43:35,738,353,1731,2
2026-09-03 21:43:36,738,349,1728,2
2026-09-03 21:43:37,736,353,1726,2
2026-09-03 21:43:38,744,348,1727,2
2026-09-03 21:43:39,733,348,1726,2
2026-09-03 21:43:40,734,347,1731,2
2026-09-03 21:43:41,737,352,1736,2
2026-09-03 21:43:42,733,347,1726,2
2026-09-03 21:43:43,731,352,1724,2
2026-09-03 21:43:44,737,341,1733,2
2026-09-03 21:43:45,736,349,1730,2
2026-09-03 21:43:46,731,346,1724,2
2026-09-03 21:43:47,736,344,1722,2
2026-09-03 21:43:48,740,346,1729,2
2026-09-03 21:43:49,736,349,1729,2
2026-09-03 21:43:50,740,344,1729,2
2026-09-03 21:43:51,730,347,1732,2
2026-09-03 21:43:52,737,351,1729,2
2026-09-03 21:43:53,744,352,1732,2
2026-09-03 21:43:54,744,353,1727,2
2026-09-03 21:43:55,744,352,1731,2
2026-09-03 21:43:56,745,353,1730,2
2026-09-03 21:43:57,745,351,1724,2
2026-09-03 21:43:58,738,348,1733,2
2026-09-03 21:43:59,740,351,1729,2
2026-09-03 21:44:00,741,347,1739,2
2026-09-03 21:44:01,736,354,1731,2
2026-09-03 21:44:02,741,352,1732,2
2026-09-03 21:44:03,731,351,1728,2
2026-09-03 21:44:04,729,360,1729,2
2026-09-03 21:44:05,722,357,1737,2
2026-09-03 21:44:06,727,345,1733,2
2026-09-03 21:44:07,715,351,1732,2
2026-09-03 21:44:08,714,349,1724,2
2026-09-03 21:44:09,714,356,1731,2
2026-09-03 21:44:10,720,361,1727,2
2026-09-03 21:44:11,711,343,1732,2
2026-09-03 21:44:12,717,348,1732,2
2026-09-03 21:44:13,710,347,1725,2
2026-09-03 21:44:14,705,350,1732,2
2026-09-03 21:44:15,710,344,1735,2
2026-09-03 21:44:16,712,348,1734,2
2026-09-03 21:44:17,709,339,1735,2
2026-09-03 21:44:18,703,341,1735,2
2026-09-03 21:44:19,723,353,1739,2
2026-09-03 21:44:20,708,335,1735,2
2026-09-03 21:44:21,718,349,1738,2
2026-09-03 21:44:22,723,341,1737,2
2026-09-03 21:44:23,719,334,1744,2
2026-09-03 21:44:24,716,344,1739,2
2026-09-03 21:44:25,723,335,1745,2
2026-09-03 21:44:26,719,337,1741,2
2026-09-03 21:44:27,727,336,1739,2
2026-09-03 21:44:28,727,338,1738,2
2026-09-03 21:44:29,714,330,1743,2
2026-09-03 21:44:30,723,326,1748,2
2026-09-03 21:44:31,726,329,1746,2
2026-09-03 21:44:32,718,333,1747,2
2026-09-03 21:44:33,715,330,1744,2
2026-09-03 21:44:34,721,325,1750,2
2026-09-03 21:44:35,718,321,1739,2
2026-09-03 21:44:36,719,330,1748,2
2026-09-03 21:44:37,723,331,1748,2
2026-09-03 21:44:38,718,318,1753,2
2026-09-03 21:44:39,711,314,1753,2
2026-09-03 21:44:40,714,321,1755,2
2026-09-03 21:44:41,715,312,1741,2
2026-09-03 21:44:42,716,325,1748,2
2026-09-03 21:44:43,721,321,1749,2
2026-09-03 21:44:44,720,313,1754,2
2026-09-03 21:44:45,715,312,1748,2
2026-09-03 21:44:46,724,313,1751,2
2026-09-03 21:44:47,723,316,1752,2
2026-09-03 21:44:48,720,309,1751,2
2026-09-03 21:44:49,722,313,1750,2
2026-09-03 21:44:50,715,312,1751,2
2026-09-03 21:44:51,716,307,1756,2
2026-09-03 21:44:52,721,308,1752,2
2026-09-03 21:44:53,716,310,1748,2
2026-09-03 21:44:54,712,309,1746,2
2026-09-03 21:44:55,713,306,1760,2
2026-09-03 21:44:56,700,300,1755,2
2026-09-03 21:44:57,709,298,1758,2
2026-09-03 21:44:58,698,295,1754,2
2026-09-03 21:44:59,707,292,1760,2
2026-09-03 21:45:00,692,286,1762,2
2026-09-03 21:45:01,684,298,1761,2
2026-09-03 21:45:02,682,295,1751,2
2026-09-03 21:45:03,678,295,1761,2
2026-09-03 21:45:04,664,289,1764,2
2026-09-03 21:45:05,664,296,1756,2
2026-09-03 21:45:06,653,291,1758,2
2026-09-03 21:45:07,652,290,1761,2
2026-09-03 21:45:08,656,283,1753,2
2026-09-03 21:45:09,647,288,1754,2
2026-09-03 21:45:10,646,287,1755,2
2026-09-03 21:45:11,646,285,1752,2
2026-09-03 21:45:12,646,288,1762,2
2026-09-03 21:45:13,643,286,1756,2
2026-09-03 21:45:14,641,280,1763,0
2026-09-03 21:45:15,643,289,1759,0
2026-09-03 21:45:16,642,284,1749,0
2026-09-03 21:45:17,653,286,1757,0
2026-09-03 21:45:18,646,281,1757,0
2026-09-03 21:45:19,647,280,1754,0
2026-09-03 21:45:20,643,278,1757,0
2026-09-03 21:45:21,651,285,1756,0
2026-09-03 21:45:22,646,280,1751,0
2026-09-03 21:45:23,648,281,1755,0
2026-09-03 21:45:24,658,279,1756,0
2026-09-03 21:45:25,653,279,1753,0
2026-09-03 21:45:26,656,278,1753,0
2026-09-03 21:45:27,648,279,1755,0
2026-09-03 21:45:28,662,279,1763,0
2026-09-03 21:45:29,661,285,1754,0
2026-09-03 21:45:30,662,278,1754,0
2026-09-03 21:45:31,664,283,1757,0
2026-09-03 21:45:32,671,277,1754,0
2026-09-03 21:45:33,679,280,1759,0
2026-09-03 21:45:34,686,279,1762,0
2026-09-03 21:45:35,689,272,1762,0
2026-09-03 21:45:36,694,280,1762,0
2026-09-03 21:45:37,699,274,1760,0
2026-09-03 21:45:38,709,277,1759,0
2026-09-03 21:45:39,711,273,1756,0
2026-09-03 21:45:40,711,276,1765,0
2026-09-03 21:45:41,722,270,1751,0
2026-09-03 21:45:42,728,269,1761,0
2026-09-03 21:45:43,726,265,1761,0
2026-09-03 21:45:44,729,277,1760,0
2026-09-03 21:45:45,741,273,1757,0
2026-09-03 21:45:46,733,272,1757,0
2026-09-03 21:45:47,740,270,1760,0
2026-09-03 21:45:48,743,278,1761,0
2026-09-03 21:45:49,747,276,1762,0
2026-09-03 21:45:50,749,266,1766,0
2026-09-03 21:45:51,753,274,1760,0
2026-09-03 21:45:52,753,278,1768,0
2026-09-03 21:45:53,753,276,1757,0
2026-09-03 21:45:54,743,274,1758,0
2026-09-03 21:45:55,757,276,1761,0
2026-09-03 21:45:56,758,271,1759,0
2026-09-03 21:45:57,756,266,1757,0
2026-09-03 21:45:58,762,275,1758,0
2026-09-03 21:45:59,768,274,1757,0
2026-09-03 21:46:00,764,280,1752,0
2026-09-03 21:46:01,764,283,1768,0
2026-09-03 21:46:02,765,279,1759,0
2026-09-03 21:46:03,770,279,1751,0
2026-09-03 21:46:04,784,279,1759,0
2026-09-03 21:46:05,773,280,1760,0
2026-09-03 21:46:06,781,277,1757,0
2026-09-03 21:46:07,771,287,1762,0
2026-09-03 21:46:08,782,279,1765,0
2026-09-03 21:46:09,780,282,1755,0
2026-09-03 21:46:10,781,282,1765,0
2026-09-03 21:46:11,779,274,1753,0
2026-09-03 21:46:12,781,290,1760,0
2026-09-03 21:46:13,776,281,1757,0
2026-09-03 21:46:14,773,285,1754,0
2026-09-03 21:46:15,765,291,1756,0
2026-09-03 21:46:16,765,279,1751,0
2026-09-03 21:46:17,766,298,1759,0
2026-09-03 21:46:18,766,276,1753,0
2026-09-03 21:46:19,769,285,1760,0
2026-09-03 21:46:20,758,284,1753,0
2026-09-03 21:46:21,754,284,1761,0
2026-09-03 21:46:22,760,292,1759,0
2026-09-03 21:46:23,752,288,1754,0
2026-09-03 21:46:24,755,287,1761,0
2026-09-03 21:46:25,758,291,1758,0
2026-09-03 21:46:26,755,286,1750,0
2026-09-03 21:46:27,753,289,1757,0
2026-09-03 21:46:28,754,280,1755,0
2026-09-03 21:46:29,749,287,1754,0
2026-09-03 21:46:30,760,288,1754,0
2026-09-03 21:46:31,759,291,1751,0
2026-09-03 21:46:32,762,288,1756,0
2026-09-03 21:46:33,764,295,1762,0
2026-09-03 21:46:34,764,290,1761,0
2026-09-03 21:46:35,771,289,1760,0
2026-09-03 21:46:36,773,286,1754,0
2026-09-03 21:46:37,771,281,1759,0
2026-09-03 21:46:38,777,293,1759,0
2026-09-03 21:46:39,780,284,1756,0
2026-09-03 21:46:40,778,286,1764,0
2026-09-03 21:46:41,792,292,1755,0
2026-09-03 21:46:42,788,301,1758,0
2026-09-03 21:46:43,787,296,1751,0
2026-09-03 21:46:44,789,295,1758,0
2026-09-03 21:46:45,790,288,1762,0
2026-09-03 21:46:46,796,292,1756,0
2026-09-03 21:46:47,802,283,1753,0
2026-09-03 21:46:48,797,292,1756,0
2026-09-03 21:46:49,802,291,1759,0
2026-09-03 21:46:50,800,291,1755,0
2026-09-03 21:46:51,813,291,1766,1
2026-09-03 21:46:52,820,287,1763,1
2026-09-03 21:46:53,814,299,1757,1
2026-09-03 21:46:54,814,299,1767,1
2026-09-03 21:46:55,814,295,1752,1
2026-09-03 21:46:56,810,288,1761,1
2026-09-03 21:46:57,815,289,1751,1
2026-09-03 21:46:58,821,287,1763,1
2026-09-03 21:46:59,821,286,1756,1
2026-09-03 21:47:00,818,286,1757,1
2026-09-03 21:47:01,820,291,1761,1
2026-09-03 21:47:02,814,293,1760,1
2026-09-03 21:47:03,817,287,1762,1
2026-09-03 21:47:04,818,289,1766,1
2026-09-03 21:47:05,819,289,1754,1
2026-09-03 21:47:06,814,286,1762,1
2026-09-03 21:47:07,819,286,1762,1
2026-09-03 21:47:08,825,288,1763,1
2026-09-03 21:47:09,820,287,1759,1
2026-09-03 21:47:10,813,293,1764,1
2026-09-03 21:47:11,814,297,1764,1
2026-09-03 21:47:12,814,289,1762,1
2026-09-03 21:47:13,818,293,1766,1
2026-09-03 21:47:14,820,297,1760,1
2026-09-03 21:47:15,816,302,1759,1
2026-09-03 21:47:16,812,299,1762,1
2026-09-03 21:47:17,821,301,1758,1
2026-09-03 21:47:18,816,305,1760,1
2026-09-03 21:47:19,819,304,1763,1
2026-09-03 21:47:20,808,296,1761,1
2026-09-03 21:47:21,813,305,1765,1
2026-09-03 21:47:22,806,309,1759,1
2026-09-03 21:47:23,816,305,1758,1
2026-09-03 21:47:24,813,309,1759,1
2026-09-03 21:47:25,814,305,1763,1
2026-09-03 21:47:26,821,308,1760,1
2026-09-03 21:47:27,822,313,1755,1
2026-09-03 21:47:28,816,319,1763,1
2026-09-03 21:47:29,825,323,1764,1
2026-09-03 21:47:30,819,317,1759,1
2026-09-03 21:47:31,823,322,1758,1
2026-09-03 21:47:32,828,322,1754,1
2026-09-03 21:47:33,830,321,1759,1
2026-09-03 21:47:34,829,323,1767,1
2026-09-03 21:47:39,832,330,1754,1
2026-09-03 21:47:39,835,319,1762,1
2026-09-03 21:47:39,834,329,1754,1
2026-09-03 21:47:39,835,329,1760,1
2026-09-03 21:47:39,838,324,1763,1
2026-09-03 21:47:40,837,340,1759,1
2026-09-03 21:47:41,826,331,1754,1
2026-09-03 21:47:42,842,326,1757,1
2026-09-03 21:47:43,836,329,1759,1
2026-09-03 21:47:44,841,334,1756,1
2026-09-03 21:47:45,833,330,1763,1
2026-09-03 21:47:46,846,326,1764,1
2026-09-03 21:47:47,836,332,1757,1
2026-09-03 21:47:48,835,325,1765,1
2026-09-03 21:47:49,841,331,1760,1
2026-09-03 21:47:50,841,325,1757,1
2026-09-03 21:47:51,848,326,1758,1
2026-09-03 21:47:52,835,329,1766,1
2026-09-03 21:47:53,836,314,1751,1
2026-09-03 21:47:54,832,326,1762,1
2026-09-03 21:47:55,838,316,1758,1
2026-09-03 21:47:56,846,323,1763,1
2026-09-03 21:47:57,837,326,1765,1
2026-09-03 21:47:58,837,326,1763,1
2026-09-03 21:47:59,835,322,1761,1
2026-09-03 21:48:00,832,321,1753,1
2026-09-03 21:48:01,835,317,1754,1
2026-09-03 21:48:02,835,313,1754,1
2026-09-03 21:48:03,837,322,1766,1
2026-09-03 21:48:04,828,319,1751,1
2026-09-03 21:48:05,837,315,1756,1
2026-09-03 21:48:06,825,313,1758,1
2026-09-03 21:48:07,829,310,1761,1
2026-09-03 21:48:08,824,311,1765,1
2026-09-03 21:48:09,829,310,1757,1
2026-09-03 21:48:10,827,317,1760,1
2026-09-03 21:48:11,824,312,1752,1
2026-09-03 21:48:12,823,312,1748,1
2026-09-03 21:48:13,825,305,1757,1
2026-09-03 21:48:14,824,312,1760,1
2026-09-03 21:48:15,828,311,1750,1
2026-09-03 21:48:16,819,320,1757,1
2026-09-03 21:48:17,819,313,1759,1
2026-09-03 21:48:18,825,316,1759,1
2026-09-03 21:48:19,824,310,1765,1
2026-09-03 21:48:20,825,311,1747,1
2026-09-03 21:48:21,816,315,1757,1
2026-09-03 21:48:22,821,308,1764,1
2026-09-03 21:48:23,824,312,1765,1
2026-09-03 21:48:24,827,315,1757,1
2026-09-03 21:48:25,827,306,1755,1
2026-09-03 21:48:26,823,313,1761,1
2026-09-03 21:48:27,822,319,1754,1
2026-09-03 21:48:28,821,313,1755,1
2026-09-03 21:48:29,825,314,1754,1
2026-09-03 21:48:30,820,318,1755,1
2026-09-03 21:48:31,819,316,1753,1
2026-09-03 21:48:32,820,318,1750,1
2026-09-03 21:48:33,815,310,1764,1
2026-09-03 21:48:34,820,308,1754,1
2026-09-03 21:48:35,812,317,1758,1
2026-09-03 21:48:36,819,305,1752,1
2026-09-03 21:48:37,810,315,1757,1
2026-09-03 21:48:38,815,311,1752,1
2026-09-03 21:48:39,811,309,1753,1
2026-09-03 21:48:40,808,312,1757,1
2026-09-03 21:48:41,808,316,1751,1
2026-09-03 21:48:42,806,311,1752,1
2026-09-03 21:48:43,805,313,1748,1
2026-09-03 21:48:45,813,305,1747,1
2026-09-03 21:48:45,805,308,1750,1
2026-09-03 21:48:46,806,309,1758,1
2026-09-03 21:48:47,801,310,1754,1
2026-09-03 21:48:48,808,311,1755,1
2026-09-03 21:48:49,804,310,1754,1
2026-09-03 21:48:50,808,312,1750,1
2026-09-03 21:48:51,804,307,1760,1
2026-09-03 21:48:52,804,309,1751,1
2026-09-03 21:48:53,806,301,1753,1
2026-09-03 21:48:54,804,310,1755,1
2026-09-03 21:48:55,809,310,1753,1
2026-09-03 21:48:56,816,303,1755,1
2026-09-03 21:48:57,811,308,1751,1
2026-09-03 21:48:58,811,309,1758,1
2026-09-03 21:48:59,813,304,1753,1
2026-09-03 21:49:00,822,304,1758,1
2026-09-03 21:49:01,813,302,1756,1
2026-09-03 21:49:02,808,304,1763,1
2026-09-03 21:49:03,810,306,1749,1
2026-09-03 21:49:04,811,305,1760,1
2026-09-03 21:49:05,816,305,1762,1
2026-09-03 21:49:06,811,305,1758,1
2026-09-03 21:49:07,806,299,1754,1
2026-09-03 21:49:08,814,302,1756,1
2026-09-03 21:49:09,808,295,1762,1
2026-09-03 21:49:10,814,302,1759,1
2026-09-03 21:49:11,813,301,1759,1
2026-09-03 21:49:12,807,306,1754,1
2026-09-03 21:49:13,816,304,1760,1
2026-09-03 21:49:14,827,300,1753,1
2026-09-03 21:49:15,814,304,1757,1
2026-09-03 21:49:16,814,302,1761,1
2026-09-03 21:49:17,820,311,1762,1
2026-09-03 21:49:18,822,303,1759,1
2026-09-03 21:49:19,825,302,1763,1
2026-09-03 21:49:20,835,308,1752,1
2026-09-03 21:49:21,825,312,1759,1
2026-09-03 21:49:22,828,304,1755,1
2026-09-03 21:49:23,830,309,1757,1
2026-09-03 21:49:24,835,310,1758,1
2026-09-03 21:49:25,834,312,1765,1
2026-09-03 21:49:26,838,313,1759,1
2026-09-03 21:49:27,839,311,1761,1
2026-09-03 21:49:28,840,317,1757,1
2026-09-03 21:49:29,834,317,1754,1
2026-09-03 21:49:30,835,313,1759,1
2026-09-03 21:49:31,837,307,1763,1
2026-09-03 21:49:32,833,324,1760,1
2026-09-03 21:49:33,834,316,1761,1
2026-09-03 21:49:34,832,312,1756,1
2026-09-03 21:49:35,830,319,1759,1
2026-09-03 21:49:36,823,315,1758,1
2026-09-03 21:49:37,831,315,1755,1
2026-09-03 21:49:38,833,310,1763,1
2026-09-03 21:49:39,831,315,1761,1
2026-09-03 21:49:40,837,306,1763,1
2026-09-03 21:49:41,845,289,1768,1
2026-09-03 21:49:42,836,312,1764,1
2026-09-03 21:49:43,831,314,1761,1
2026-09-03 21:49:44,831,311,1754,1
2026-09-03 21:49:45,828,318,1761,1
2026-09-03 21:49:46,837,311,1756,1
2026-09-03 21:49:47,828,310,1761,1
2026-09-03 21:49:48,832,315,1766,1
2026-09-03 21:49:49,826,316,1762,1
2026-09-03 21:49:50,827,315,1761,1
2026-09-03 21:49:51,829,318,1757,1
2026-09-03 21:49:52,830,319,1764,1
2026-09-03 21:49:53,841,319,1749,1
2026-09-03 21:49:54,837,320,1758,1
2026-09-03 21:49:55,841,325,1769,1
2026-09-03 21:49:56,838,320,1763,1
2026-09-03 21:49:57,841,319,1764,1
2026-09-03 21:49:58,834,327,1769,1
2026-09-03 21:49:59,834,324,1762,1
2026-09-03 21:50:00,842,329,1773,1
2026-09-03 21:50:01,839,327,1765,1
2026-09-03 21:50:02,843,328,1767,1
2026-09-03 21:50:03,843,339,1760,1
2026-09-03 21:50:04,848,311,1764,1
2026-09-03 21:50:05,841,333,1768,1
2026-09-03 21:50:06,841,333,1759,1
2026-09-03 21:50:07,842,331,1762,1
2026-09-03 21:50:08,842,331,1767,1
2026-09-03 21:50:09,846,332,1763,1
2026-09-03 21:50:10,843,330,1767,1
2026-09-03 21:50:15,841,343,1767,1
2026-09-03 21:50:15,845,335,1763,1
2026-09-03 21:50:15,845,338,1769,1
2026-09-03 21:50:15,843,349,1768,1
2026-09-03 21:50:15,846,334,1766,1
2026-09-03 21:50:16,845,340,1764,1
2026-09-03 21:50:17,849,337,1766,1
2026-09-03 21:50:18,854,348,1771,1
2026-09-03 21:50:19,852,341,1770,1
2026-09-03 21:50:20,859,343,1768,1
2026-09-03 21:50:21,862,342,1770,1
2026-09-03 21:50:22,859,342,1762,1
2026-09-03 21:50:23,857,341,1768,1
2026-09-03 21:50:24,855,342,1770,1
2026-09-03 21:50:25,855,349,1769,1
2026-09-03 21:50:26,855,342,1773,1
2026-09-03 21:50:27,858,346,1770,1
2026-09-03 21:50:28,860,325,1772,1
2026-09-03 21:50:29,855,346,1770,1
2026-09-03 21:50:30,857,343,1769,1
2026-09-03 21:50:31,854,345,1769,1
2026-09-03 21:50:32,847,345,1775,1
2026-09-03 21:50:33,860,347,1771,1
2026-09-03 21:50:34,849,348,1768,1
2026-09-03 21:50:35,848,338,1775,1
2026-09-03 21:50:36,847,345,1771,1
2026-09-03 21:50:37,842,341,1775,1
2026-09-03 21:50:38,842,342,1776,1
2026-09-03 21:50:39,847,334,1780,1
2026-09-03 21:50:40,845,339,1774,1
2026-09-03 21:50:41,845,335,1775,1
2026-09-03 21:50:42,836,331,1777,1
2026-09-03 21:50:43,837,330,1777,1
2026-09-03 21:50:44,832,327,1777,1
2026-09-03 21:50:45,831,339,1777,1
2026-09-03 21:50:46,830,337,1774,1
2026-09-03 21:50:47,828,335,1774,1
2026-09-03 21:50:48,829,330,1777,1
2026-09-03 21:50:49,830,320,1768,1
2026-09-03 21:50:50,834,322,1765,1
2026-09-03 21:50:51,825,332,1767,1
2026-09-03 21:50:52,824,334,1771,1
2026-09-03 21:50:53,832,335,1776,1
2026-09-03 21:50:54,830,330,1771,1
2026-09-03 21:50:55,819,329,1767,1
2026-09-03 21:50:56,816,330,1776,1
2026-09-03 21:50:57,819,325,1771,1
2026-09-03 21:50:58,821,325,1766,1
2026-09-03 21:50:59,821,327,1772,1
2026-09-03 21:51:00,829,333,1771,1
2026-09-03 21:51:01,821,331,1765,1
2026-09-03 21:51:02,823,325,1765,1
2026-09-03 21:51:03,828,326,1766,1
2026-09-03 21:51:04,817,330,1761,1
2026-09-03 21:51:05,822,328,1767,1
2026-09-03 21:51:06,822,334,1768,1
2026-09-03 21:51:07,821,327,1760,1
2026-09-03 21:51:08,810,327,1769,1
2026-09-03 21:51:09,828,333,1765,1
2026-09-03 21:51:10,823,334,1764,1
2026-09-03 21:51:11,818,326,1762,1
2026-09-03 21:51:12,815,334,1770,1
2026-09-03 21:51:13,820,332,1761,1
2026-09-03 21:51:14,821,334,1761,1
2026-09-03 21:51:15,827,328,1766,1
2026-09-03 21:51:16,821,339,1763,1
2026-09-03 21:51:17,821,340,1761,1
2026-09-03 21:51:18,824,334,1767,1
2026-09-03 21:51:19,822,331,1769,1
2026-09-03 21:51:20,826,336,1761,1
2026-09-03 21:51:21,820,336,1764,1
2026-09-03 21:51:22,822,338,1758,1
2026-09-03 21:51:23,824,335,1760,1
2026-09-03 21:51:24,824,332,1765,1
2026-09-03 21:51:25,817,335,1768,1
2026-09-03 21:51:26,818,332,1760,1
2026-09-03 21:51:27,816,329,1760,1
2026-09-03 21:51:28,820,333,1762,1
2026-09-03 21:51:29,812,328,1758,1
2026-09-03 21:51:30,822,326,1764,1
2026-09-03 21:51:31,829,332,1769,1
2026-09-03 21:51:32,826,328,1767,1
2026-09-03 21:51:33,819,332,1759,1
2026-09-03 21:51:34,820,329,1764,1
2026-09-03 21:51:35,831,320,1759,1
2026-09-03 21:51:36,827,333,1756,1
2026-09-03 21:51:37,820,335,1759,1
2026-09-03 21:51:38,816,339,1761,1
2026-09-03 21:51:39,828,342,1766,1
2026-09-03 21:51:40,823,338,1761,1
2026-09-03 21:51:41,826,343,1763,1
2026-09-03 21:51:42,819,330,1769,1
2026-09-03 21:51:43,822,335,1773,1
2026-09-03 21:51:44,826,340,1771,1
2026-09-03 21:51:45,828,348,1772,1
2026-09-03 21:51:46,828,335,1767,1
2026-09-03 21:51:47,829,341,1770,1
2026-09-03 21:51:48,837,333,1764,1
2026-09-03 21:51:49,834,336,1767,1
2026-09-03 21:51:50,827,339,1768,1
2026-09-03 21:51:51,824,341,1761,1
2026-09-03 21:51:52,832,345,1771,1
2026-09-03 21:51:53,833,338,1776,1
2026-09-03 21:51:54,836,344,1772,1
2026-09-03 21:51:55,834,342,1773,1
2026-09-03 21:51:56,822,344,1775,1
2026-09-03 21:51:57,822,333,1776,1
2026-09-03 21:51:58,818,341,1770,1
2026-09-03 21:51:59,827,345,1769,1
2026-09-03 21:52:00,822,343,1774,1
2026-09-03 21:52:01,828,335,1772,1
2026-09-03 21:52:02,824,336,1779,1
2026-09-03 21:52:03,819,334,1774,1
2026-09-03 21:52:04,819,333,1770,1
2026-09-03 21:52:05,815,336,1772,1
2026-09-03 21:52:06,803,328,1766,1
2026-09-03 21:52:07,809,339,1766,1
2026-09-03 21:52:08,806,335,1766,1
2026-09-03 21:52:09,807,336,1774,1
2026-09-03 21:52:10,802,325,1778,1
2026-09-03 21:52:11,804,327,1775,1
2026-09-03 21:52:12,799,330,1778,1
2026-09-03 21:52:13,791,325,1765,1
2026-09-03 21:52:14,798,317,1765,1
2026-09-03 21:52:15,791,322,1770,1
2026-09-03 21:52:16,788,314,1767,1
2026-09-03 21:52:17,799,298,1779,1
2026-09-03 21:52:18,789,319,1773,1
2026-09-03 21:52:19,795,316,1766,1
2026-09-03 21:52:20,795,315,1769,1
2026-09-03 21:52:21,792,312,1762,1
2026-09-03 21:52:22,786,305,1765,1
2026-09-03 21:52:23,783,307,1766,1
2026-09-03 21:52:24,790,314,1764,1
2026-09-03 21:52:25,788,307,1763,1
2026-09-03 21:52:26,781,316,1760,1
2026-09-03 21:52:27,782,309,1754,1
2026-09-03 21:52:28,783,308,1764,1
2026-09-03 21:52:29,794,311,1761,1
2026-09-03 21:52:30,785,302,1760,1
2026-09-03 21:52:31,783,310,1768,1
2026-09-03 21:52:32,782,302,1762,1
2026-09-03 21:52:33,791,303,1765,1
2026-09-03 21:52:34,788,306,1764,1
2026-09-03 21:52:35,791,309,1761,1
2026-09-03 21:52:36,788,313,1759,1
2026-09-03 21:52:37,800,307,1761,1
2026-09-03 21:52:38,794,305,1758,1
2026-09-03 21:52:39,792,310,1751,1
2026-09-03 21:52:40,797,312,1758,1
2026-09-03 21:52:41,787,307,1754,1
2026-09-03 21:52:42,797,308,1762,1
2026-09-03 21:52:43,790,313,1762,1
2026-09-03 21:52:44,794,311,1759,1
2026-09-03 21:52:45,792,319,1764,1
2026-09-03 21:52:46,799,308,1756,1
2026-09-03 21:52:47,801,309,1755,1
2026-09-03 21:52:48,799,314,1763,1
2026-09-03 21:52:49,799,309,1756,1
2026-09-03 21:52:50,799,311,1756,1
2026-09-03 21:52:51,803,319,1765,1
2026-09-03 21:52:52,810,319,1756,1
2026-09-03 21:52:53,814,315,1762,1
2026-09-03 21:52:54,811,318,1758,1
2026-09-03 21:52:55,810,324,1756,1
2026-09-03 21:52:56,806,321,1765,1
2026-09-03 21:52:57,804,325,1754,1
2026-09-03 21:52:58,817,320,1764,1
2026-09-03 21:52:59,814,317,1755,1
2026-09-03 21:53:00,820,327,1754,1
2026-09-03 21:53:01,817,329,1754,1
2026-09-03 21:53:02,819,325,1759,1
2026-09-03 21:53:03,819,326,1763,1
2026-09-03 21:53:04,824,323,1756,1
2026-09-03 21:53:05,817,332,1761,1
2026-09-03 21:53:06,823,325,1761,1
2026-09-03 21:53:07,822,338,1756,1
2026-09-03 21:53:08,830,329,1757,1
2026-09-03 21:53:09,812,325,1753,1
2026-09-03 21:53:10,822,331,1754,1
2026-09-03 21:53:11,823,331,1755,1
2026-09-03 21:53:12,820,330,1752,1
2026-09-03 21:53:13,822,331,1762,1
2026-09-03 21:53:15,822,339,1758,1
2026-09-03 21:53:15,823,336,1759,1
2026-09-03 21:53:16,819,339,1750,1
2026-09-03 21:53:17,819,334,1753,1
2026-09-03 21:53:18,819,342,1755,1
2026-09-03 21:53:19,823,336,1759,1
2026-09-03 21:53:20,814,335,1754,1
2026-09-03 21:53:21,820,337,1757,1
2026-09-03 21:53:22,814,336,1762,1
2026-09-03 21:53:23,817,339,1754,1
2026-09-03 21:53:24,813,341,1767,1
2026-09-03 21:53:25,816,342,1769,1
2026-09-03 21:53:26,811,348,1761,1
2026-09-03 21:53:27,814,339,1757,1
2026-09-03 21:53:28,816,346,1759,1
2026-09-03 21:53:29,824,329,1761,1
2026-09-03 21:53:30,812,337,1754,1
2026-09-03 21:53:31,822,337,1758,1
2026-09-03 21:53:32,819,347,1766,1
2026-09-03 21:53:33,830,346,1766,1
2026-09-03 21:53:34,823,348,1763,1
2026-09-03 21:53:35,822,341,1757,1
2026-09-03 21:53:36,835,342,1758,1
2026-09-03 21:53:37,828,352,1757,1
2026-09-03 21:53:38,831,347,1760,1
2026-09-03 21:53:39,832,345,1762,1
2026-09-03 21:53:40,830,347,1762,1
2026-09-03 21:53:41,833,345,1761,1
2026-09-03 21:53:42,838,352,1757,1
2026-09-03 21:53:43,830,345,1766,1
2026-09-03 21:53:44,836,344,1759,1
2026-09-03 21:53:45,835,351,1766,1
2026-09-03 21:53:46,831,347,1760,1
2026-09-03 21:53:47,834,349,1763,1
2026-09-03 21:53:48,836,356,1761,1
2026-09-03 21:53:49,833,355,1764,1
2026-09-03 21:53:50,833,354,1760,1
2026-09-03 21:53:51,831,354,1758,1
2026-09-03 21:53:52,819,354,1763,1
2026-09-03 21:53:53,826,356,1760,1
2026-09-03 21:53:54,825,354,1757,1
2026-09-03 21:53:55,826,349,1750,1
2026-09-03 21:53:56,829,357,1758,1
2026-09-03 21:53:57,824,356,1760,1
2026-09-03 21:53:58,822,356,1761,1
2026-09-03 21:53:59,822,352,1756,1
2026-09-03 21:54:00,819,355,1759,1
2026-09-03 21:54:01,814,359,1762,1
2026-09-03 21:54:02,817,356,1760,1
2026-09-03 21:54:03,826,358,1766,1
2026-09-03 21:54:04,816,352,1764,1
2026-09-03 21:54:05,819,362,1766,1
2026-09-03 21:54:06,808,348,1763,1
2026-09-03 21:54:07,814,358,1758,1
2026-09-03 21:54:08,814,349,1755,1
2026-09-03 21:54:09,810,350,1758,1
2026-09-03 21:54:10,814,355,1760,1
2026-09-03 21:54:11,808,352,1760,1
2026-09-03 21:54:12,804,364,1761,1
2026-09-03 21:54:13,816,359,1763,1
2026-09-03 21:54:14,812,357,1757,1
2026-09-03 21:54:15,809,354,1759,1
2026-09-03 21:54:16,816,357,1768,1
2026-09-03 21:54:17,814,360,1769,1
2026-09-03 21:54:18,812,357,1760,1
2026-09-03 21:54:19,811,357,1761,1
2026-09-03 21:54:20,812,357,1763,1
2026-09-03 21:54:21,813,362,1765,1
2026-09-03 21:54:22,810,357,1762,1
2026-09-03 21:54:23,813,357,1764,1
2026-09-03 21:54:24,809,360,1761,1
2026-09-03 21:54:25,816,355,1764,1
2026-09-03 21:54:26,803,356,1761,1
2026-09-03 21:54:27,808,352,1756,1
2026-09-03 21:54:28,817,360,1766,1
2026-09-03 21:54:29,814,359,1761,1
2026-09-03 21:54:30,812,360,1760,1
2026-09-03 21:54:31,815,364,1765,1
2026-09-03 21:54:32,814,364,1762,1
2026-09-03 21:54:33,812,366,1757,1
2026-09-03 21:54:34,806,361,1767,1
2026-09-03 21:54:35,812,359,1769,1
2026-09-03 21:54:36,819,363,1760,1
2026-09-03 21:54:37,808,367,1769,1
2026-09-03 21:54:38,814,358,1770,1
2026-09-03 21:54:39,816,362,1765,1
2026-09-03 21:54:40,799,350,1768,1
2026-09-03 21:54:41,806,358,1762,1
2026-09-03 21:54:42,805,363,1760,1
2026-09-03 21:54:43,802,354,1768,1
2026-09-03 21:54:44,805,351,1768,1
2026-09-03 21:54:45,797,352,1764,1
2026-09-03 21:54:46,803,351,1763,1
2026-09-03 21:54:47,803,360,1764,1
2026-09-03 21:54:48,795,359,1772,1
2026-09-03 21:54:49,800,356,1769,1
2026-09-03 21:54:50,797,354,1760,1
2026-09-03 21:54:51,796,350,1771,1
2026-09-03 21:54:52,798,354,1760,1
2026-09-03 21:54:53,799,352,1769,1
2026-09-03 21:54:54,800,351,1768,1
2026-09-03 21:54:55,795,358,1759,1
2026-09-03 21:54:56,799,360,1767,1
2026-09-03 21:54:57,799,350,1765,1
2026-09-03 21:54:58,799,351,1766,1
2026-09-03 21:54:59,801,359,1763,1
2026-09-03 21:55:00,797,358,1760,1
2026-09-03 21:55:01,793,360,1766,1
2026-09-03 21:55:02,798,358,1770,1
2026-09-03 21:55:03,799,357,1769,1
2026-09-03 21:55:04,798,361,1762,1
2026-09-03 21:55:05,792,366,1770,1
2026-09-03 21:55:06,802,362,1760,1
2026-09-03 21:55:07,799,368,1769,1
2026-09-03 21:55:08,794,364,1762,1
2026-09-03 21:55:09,799,366,1768,1
2026-09-03 21:55:10,796,369,1760,1
2026-09-03 21:55:11,798,366,1764,1
2026-09-03 21:55:12,803,373,1762,1
2026-09-03 21:55:13,794,369,1759,1
2026-09-03 21:55:14,799,368,1764,1
2026-09-03 21:55:15,789,372,1761,1
2026-09-03 21:55:16,792,365,1759,1
2026-09-03 21:55:17,795,369,1763,1
2026-09-03 21:55:18,797,369,1756,1
2026-09-03 21:55:19,792,368,1765,1
2026-09-03 21:55:20,806,375,1762,1
2026-09-03 21:55:21,790,376,1754,1
2026-09-03 21:55:22,791,375,1760,1
2026-09-03 21:55:23,791,376,1759,1
2026-09-03 21:55:24,797,376,1755,1
2026-09-03 21:55:25,794,378,1766,1
2026-09-03 21:55:26,791,381,1754,1
2026-09-03 21:55:27,798,376,1756,1
2026-09-03 21:55:28,793,382,1754,1
2026-09-03 21:55:29,789,380,1759,1
2026-09-03 21:55:30,794,379,1764,1
2026-09-03 21:55:31,788,390,1765,1
2026-09-03 21:55:32,795,385,1758,1
2026-09-03 21:55:33,790,377,1759,1
2026-09-03 21:55:34,790,377,1769,1
2026-09-03 21:55:35,795,378,1760,1
2026-09-03 21:55:36,791,375,1759,1
2026-09-03 21:55:37,795,380,1766,1
2026-09-03 21:55:38,789,385,1768,1
2026-09-03 21:55:39,791,375,1762,1
2026-09-03 21:55:40,792,375,1763,1
2026-09-03 21:55:41,781,376,1772,1
2026-09-03 21:55:42,793,359,1770,1
2026-09-03 21:55:43,790,375,1764,1
2026-09-03 21:55:44,783,379,1765,1
2026-09-03 21:55:45,781,374,1776,1
2026-09-03 21:55:46,785,372,1763,1
2026-09-03 21:55:47,779,377,1760,1
2026-09-03 21:55:48,784,368,1768,1
2026-09-03 21:55:49,782,368,1762,1
2026-09-03 21:55:50,774,373,1767,1
2026-09-03 21:55:51,776,368,1764,1
2026-09-03 21:55:52,789,356,1770,1
2026-09-03 21:55:53,774,375,1760,1
2026-09-03 21:55:54,786,374,1763,1
2026-09-03 21:55:55,783,370,1767,1
2026-09-03 21:55:56,781,370,1766,1
2026-09-03 21:55:57,777,368,1768,1
2026-09-03 21:55:58,773,365,1768,1
2026-09-03 21:55:59,783,367,1762,1
2026-09-03 21:56:00,785,362,1766,1
2026-09-03 21:56:01,773,367,1762,1
2026-09-03 21:56:02,782,371,1772,1
2026-09-03 21:56:03,786,367,1778,1
2026-09-03 21:56:04,787,365,1770,1
2026-09-03 21:56:05,784,370,1765,1
2026-09-03 21:56:06,782,368,1769,1
2026-09-03 21:56:07,784,370,1766,1
2026-09-03 21:56:08,782,340,1770,1
2026-09-03 21:56:09,791,365,1772,1
2026-09-03 21:56:10,781,370,1775,1
2026-09-03 21:56:11,785,368,1761,1
2026-09-03 21:56:12,779,372,1760,1
2026-09-03 21:56:13,787,370,1762,1
2026-09-03 21:56:14,789,368,1769,1
2026-09-03 21:56:15,781,370,1766,1
2026-09-03 21:56:16,784,374,1770,1
2026-09-03 21:56:17,794,374,1767,1
2026-09-03 21:56:18,798,362,1766,1
2026-09-03 21:56:19,800,382,1762,1
2026-09-03 21:56:20,791,365,1778,1
2026-09-03 21:56:21,796,382,1764,1
2026-09-03 21:56:22,799,373,1764,1
2026-09-03 21:56:23,787,384,1774,1
2026-09-03 21:56:24,803,378,1769,1
2026-09-03 21:56:25,793,375,1770,1
2026-09-03 21:56:26,803,353,1778,1
2026-09-03 21:56:27,795,378,1771,1
2026-09-03 21:56:28,797,375,1777,1
2026-09-03 21:56:29,798,376,1773,1
2026-09-03 21:56:30,800,380,1768,1
2026-09-03 21:56:31,802,379,1771,1
2026-09-03 21:56:32,795,382,1774,1
2026-09-03 21:56:33,798,389,1774,1
2026-09-03 21:56:34,790,388,1772,1
2026-09-03 21:56:35,796,382,1772,1
2026-09-03 21:56:36,791,378,1777,1
2026-09-03 21:56:37,795,387,1773,1
2026-09-03 21:56:38,790,387,1776,1
2026-09-03 21:56:39,790,387,1771,1
2026-09-03 21:56:40,789,391,1769,1
2026-09-03 21:56:41,792,387,1772,1
2026-09-03 21:56:42,784,389,1771,1
2026-09-03 21:56:43,797,379,1775,1
2026-09-03 21:56:44,786,383,1768,1
2026-09-03 21:56:45,788,387,1784,1
2026-09-03 21:56:46,795,387,1774,1
2026-09-03 21:56:47,790,390,1776,1
2026-09-03 21:56:48,780,395,1775,1
2026-09-03 21:56:49,785,383,1773,1
2026-09-03 21:56:50,789,385,1770,1
2026-09-03 21:56:51,787,383,1774,1
2026-09-03 21:56:52,774,396,1778,1
2026-09-03 21:56:53,774,383,1780,1
2026-09-03 21:56:54,775,388,1782,1
2026-09-03 21:56:55,777,387,1769,1
2026-09-03 21:56:56,772,396,1772,1
2026-09-03 21:56:57,770,383,1772,1
2026-09-03 21:56:58,765,385,1768,1
2026-09-03 21:56:59,774,384,1771,1
2026-09-03 21:57:00,767,394,1771,1
2026-09-03 21:57:01,765,387,1768,1
2026-09-03 21:57:02,772,391,1773,1
2026-09-03 21:57:03,773,397,1774,1
2026-09-03 21:57:04,778,390,1770,1
2026-09-03 21:57:05,771,399,1767,1
2026-09-03 21:57:06,767,398,1764,1
2026-09-03 21:57:07,768,394,1769,1
2026-09-03 21:57:08,767,394,1766,1
2026-09-03 21:57:09,768,391,1772,1
2026-09-03 21:57:10,767,397,1767,1
2026-09-03 21:57:11,770,405,1775,1
2026-09-03 21:57:12,767,396,1767,1
2026-09-03 21:57:13,774,408,1766,1
2026-09-03 21:57:14,761,402,1766,1
2026-09-03 21:57:15,763,402,1767,1
2026-09-03 21:57:16,765,401,1770,1
2026-09-03 21:57:17,768,401,1772,1
2026-09-03 21:57:18,765,404,1767,1
2026-09-03 21:57:19,765,404,1767,1
2026-09-03 21:57:20,763,405,1771,1
2026-09-03 21:57:21,767,405,1767,1
2026-09-03 21:57:22,766,400,1774,1
2026-09-03 21:57:23,760,407,1776,1
2026-09-03 21:57:24,766,406,1769,1
2026-09-03 21:57:25,770,405,1772,1
2026-09-03 21:57:26,769,410,1772,1
2026-09-03 21:57:27,758,418,1775,1
2026-09-03 21:57:28,772,399,1772,1
2026-09-03 21:57:29,759,404,1776,1
2026-09-03 21:57:30,770,414,1774,1
2026-09-03 21:57:31,769,412,1774,1
2026-09-03 21:57:32,768,405,1771,1
2026-09-03 21:57:33,771,411,1772,1
2026-09-03 21:57:34,769,409,1766,1
2026-09-03 21:57:35,769,418,1767,1
2026-09-03 21:57:36,764,413,1765,1
2026-09-03 21:57:37,766,419,1770,1
2026-09-03 21:57:38,767,417,1770,1
2026-09-03 21:57:39,767,413,1769,1
2026-09-03 21:57:40,758,407,1776,1
2026-09-03 21:57:41,767,409,1772,1
2026-09-03 21:57:42,762,420,1769,1
2026-09-03 21:57:43,766,413,1766,1
2026-09-03 21:57:44,768,420,1771,1
2026-09-03 21:57:45,765,419,1769,1
2026-09-03 21:57:46,766,409,1772,1
2026-09-03 21:57:47,770,420,1766,1
2026-09-03 21:57:48,765,419,1762,1
2026-09-03 21:57:49,767,418,1764,1
2026-09-03 21:57:50,768,409,1763,1
2026-09-03 21:57:51,771,418,1768,1
2026-09-03 21:57:52,768,413,1766,1
2026-09-03 21:57:53,772,415,1765,1
2026-09-03 21:57:54,773,414,1765,1
2026-09-03 21:57:55,772,415,1768,1
2026-09-03 21:57:56,779,417,1770,1
2026-09-03 21:57:57,777,418,1766,1
2026-09-03 21:57:58,777,421,1763,1
2026-09-03 21:57:59,777,419,1769,1
2026-09-03 21:58:00,772,419,1773,1
2026-09-03 21:58:01,781,416,1763,1
2026-09-03 21:58:02,778,422,1772,1
2026-09-03 21:58:03,775,417,1773,1
2026-09-03 21:58:04,773,414,1769,1
2026-09-03 21:58:05,774,416,1762,1
2026-09-03 21:58:06,775,409,1768,1
2026-09-03 21:58:07,770,422,1772,1
2026-09-03 21:58:08,772,422,1767,1
2026-09-03 21:58:09,763,419,1770,1
2026-09-03 21:58:10,767,410,1761,1
2026-09-03 21:58:11,761,417,1765,1
2026-09-03 21:58:12,768,418,1758,1
2026-09-03 21:58:13,757,422,1766,1
2026-09-03 21:58:14,777,419,1761,1
2026-09-03 21:58:15,760,420,1766,1
2026-09-03 21:58:16,766,420,1756,1
2026-09-03 21:58:17,758,417,1769,1
2026-09-03 21:58:18,763,423,1759,1
2026-09-03 21:58:19,767,426,1762,1
2026-09-03 21:58:20,758,425,1763,1
2026-09-03 21:58:21,766,416,1766,1
2026-09-03 21:58:22,758,420,1763,1
2026-09-03 21:58:23,763,420,1767,1
2026-09-03 21:58:24,765,418,1754,1
2026-09-03 21:58:25,767,421,1767,1
2026-09-03 21:58:26,759,421,1759,1
2026-09-03 21:58:27,770,424,1758,1
2026-09-03 21:58:28,764,425,1768,1
2026-09-03 21:58:29,763,425,1768,1
2026-09-03 21:58:30,764,423,1765,1
2026-09-03 21:58:31,765,414,1767,1
2026-09-03 21:58:32,772,426,1760,1
2026-09-03 21:58:33,766,432,1765,1
2026-09-03 21:58:34,772,420,1765,1
2026-09-03 21:58:35,765,428,1770,1
2026-09-03 21:58:36,772,431,1762,1
2026-09-03 21:58:37,764,429,1770,1
2026-09-03 21:58:38,771,429,1765,1
2026-09-03 21:58:39,770,429,1761,1
2026-09-03 21:58:40,768,436,1758,1
2026-09-03 21:58:41,763,430,1765,1
2026-09-03 21:58:42,766,427,1761,1
2026-09-03 21:58:43,765,429,1755,1
2026-09-03 21:58:44,771,425,1760,1
2026-09-03 21:58:45,776,427,1767,1
2026-09-03 21:58:46,772,428,1763,1
2026-09-03 21:58:47,767,435,1758,1
2026-09-03 21:58:48,769,430,1760,1
2026-09-03 21:58:49,768,435,1761,1
2026-09-03 21:58:50,776,441,1767,1
2026-09-03 21:58:51,778,431,1771,1
2026-09-03 21:58:52,774,439,1762,1
2026-09-03 21:58:53,776,437,1768,1
2026-09-03 21:58:54,782,436,1771,1
2026-09-03 21:58:55,785,438,1771,1
2026-09-03 21:58:56,776,435,1771,1
2026-09-03 21:58:57,783,442,1767,1
2026-09-03 21:58:58,773,432,1775,1
2026-09-03 21:58:59,785,432,1772,1
2026-09-03 21:59:00,785,436,1768,1
2026-09-03 21:59:01,782,429,1764,1
2026-09-03 21:59:02,777,439,1771,1
2026-09-03 21:59:03,777,441,1778,1
2026-09-03 21:59:04,784,445,1770,1
2026-09-03 21:59:05,785,439,1771,1
2026-09-03 21:59:06,777,445,1768,1
2026-09-03 21:59:08,782,445,1776,1
2026-09-03 21:59:11,781,450,1778,1
2026-09-03 21:59:11,782,444,1775,1
2026-09-03 21:59:11,783,436,1771,1
2026-09-03 21:59:11,786,439,1766,1
2026-09-03 21:59:12,780,438,1768,1
2026-09-03 21:59:13,786,441,1769,1
2026-09-03 21:59:14,780,450,1775,1
2026-09-03 21:59:15,781,439,1767,1
2026-09-03 21:59:16,779,434,1764,1
2026-09-03 21:59:17,781,443,1768,1
2026-09-03 21:59:18,778,445,1775,1
2026-09-03 21:59:19,775,450,1768,1
2026-09-03 21:59:20,780,445,1776,1
2026-09-03 21:59:21,781,445,1769,1
2026-09-03 21:59:22,779,448,1772,1
2026-09-03 21:59:23,775,448,1775,1
2026-09-03 21:59:24,780,461,1773,1
2026-09-03 21:59:25,778,452,1768,1
2026-09-03 21:59:26,783,450,1772,1
2026-09-03 21:59:27,778,447,1777,1
2026-09-03 21:59:28,776,452,1768,1
2026-09-03 21:59:29,777,458,1773,1
2026-09-03 21:59:30,786,440,1772,1
2026-09-03 21:59:31,774,446,1771,1
2026-09-03 21:59:32,783,447,1765,1
2026-09-03 21:59:33,780,448,1777,1
2026-09-03 21:59:34,790,454,1771,1
2026-09-03 21:59:35,788,459,1764,1
2026-09-03 21:59:36,791,456,1778,1
2026-09-03 21:59:37,784,451,1772,1
2026-09-03 21:59:38,797,457,1778,1
2026-09-03 21:59:39,787,457,1770,1
2026-09-03 21:59:40,789,454,1771,1
2026-09-03 21:59:41,789,456,1772,1
2026-09-03 21:59:42,792,460,1780,1
2026-09-03 21:59:43,799,448,1779,1
2026-09-03 21:59:44,782,456,1780,1
2026-09-03 21:59:45,789,457,1775,1
2026-09-03 21:59:46,785,461,1774,1
2026-09-03 21:59:47,786,460,1775,1
2026-09-03 21:59:48,797,455,1778,1
2026-09-03 21:59:49,787,456,1785,1
2026-09-03 21:59:50,798,461,1776,1
2026-09-03 21:59:51,789,464,1776,1
2026-09-03 21:59:52,794,458,1783,1
2026-09-03 21:59:53,791,458,1770,1
2026-09-03 21:59:54,786,463,1781,1
2026-09-03 21:59:55,781,457,1769,1
2026-09-03 21:59:56,785,463,1783,1
2026-09-03 21:59:57,785,459,1772,1
2026-09-03 21:59:58,788,461,1771,1
2026-09-03 21:59:59,781,464,1772,1
2026-09-03 22:00:00,787,464,1773,1
2026-09-03 22:00:01,786,461,1773,1
2026-09-03 22:00:02,792,457,1770,1
2026-09-03 22:00:03,785,457,1771,1
2026-09-03 22:00:04,784,468,1777,1
2026-09-03 22:00:05,786,463,1775,1
2026-09-03 22:00:06,785,467,1785,1
2026-09-03 22:00:07,780,458,1779,1
2026-09-03 22:00:08,790,459,1774,1
2026-09-03 22:00:09,778,454,1770,1
2026-09-03 22:00:10,780,460,1780,1
2026-09-03 22:00:11,784,458,1778,1
2026-09-03 22:00:12,783,456,1779,1
2026-09-03 22:00:13,781,452,1784,1
2026-09-03 22:00:14,786,457,1781,1
2026-09-03 22:00:15,784,463,1778,1
2026-09-03 22:00:16,779,464,1778,1
2026-09-03 22:00:17,787,457,1787,1
2026-09-03 22:00:18,788,455,1783,1
2026-09-03 22:00:19,786,463,1776,1
2026-09-03 22:00:20,785,459,1786,1
2026-09-03 22:00:21,781,456,1776,1
2026-09-03 22:00:22,779,453,1772,1
2026-09-03 22:00:23,780,445,1783,1
2026-09-03 22:00:24,774,449,1789,1
2026-09-03 22:00:25,773,448,1785,1
2026-09-03 22:00:26,778,447,1792,1
2026-09-03 22:00:27,770,441,1786,1
2026-09-03 22:00:28,774,446,1790,1
2026-09-03 22:00:29,776,448,1797,1
2026-09-03 22:00:30,775,445,1791,1
2026-09-03 22:00:31,776,440,1797,1
2026-09-03 22:00:32,770,446,1789,1
2026-09-03 22:00:33,771,436,1793,1
2026-09-03 22:00:34,766,440,1800,1
2026-09-03 22:00:35,774,449,1793,1
2026-09-03 22:00:36,766,448,1789,1
2026-09-03 22:00:37,769,438,1797,1
2026-09-03 22:00:38,772,439,1798,1
2026-09-03 22:00:39,763,436,1795,1
2026-09-03 22:00:40,763,437,1795,1
2026-09-03 22:00:41,772,433,1800,1
2026-09-03 22:00:42,758,430,1801,1
2026-09-03 22:00:43,754,438,1793,1
2026-09-03 22:00:44,766,434,1799,1
2026-09-03 22:00:45,753,436,1805,1
2026-09-03 22:00:46,761,430,1807,1
2026-09-03 22:00:47,749,424,1794,1
2026-09-03 22:00:48,753,432,1795,1
2026-09-03 22:00:49,750,426,1801,1
2026-09-03 22:00:50,746,430,1798,1
2026-09-03 22:00:51,751,423,1806,1
2026-09-03 22:00:52,746,424,1802,1
2026-09-03 22:00:53,749,426,1797,1
2026-09-03 22:00:54,750,422,1794,1
2026-09-03 22:00:55,743,424,1794,1
2026-09-03 22:00:56,748,422,1802,1
2026-09-03 22:00:57,742,412,1794,1
2026-09-03 22:00:58,740,417,1800,1
2026-09-03 22:00:59,744,415,1797,1
2026-09-03 22:01:00,747,412,1796,1
2026-09-03 22:01:01,748,421,1797,1
2026-09-03 22:01:02,752,421,1805,1
2026-09-03 22:01:03,742,420,1804,1
2026-09-03 22:01:04,752,414,1795,1
2026-09-03 22:01:05,745,419,1802,1
2026-09-03 22:01:06,749,422,1800,1
2026-09-03 22:01:07,754,411,1801,1
2026-09-03 22:01:08,755,419,1800,1
2026-09-03 22:01:09,757,419,1808,1
2026-09-03 22:01:10,748,413,1811,1
2026-09-03 22:01:11,752,426,1807,1
2026-09-03 22:01:12,744,421,1817,1
2026-09-03 22:01:13,752,416,1813,1
2026-09-03 22:01:14,752,417,1811,1
2026-09-03 22:01:15,745,415,1813,1
2026-09-03 22:01:16,749,420,1815,1
2026-09-03 22:01:17,750,423,1808,1
2026-09-03 22:01:18,756,424,1819,1
2026-09-03 22:01:19,752,423,1823,1
2026-09-03 22:01:20,752,421,1819,1
2026-09-03 22:01:21,752,418,1825,1
2026-09-03 22:01:22,755,420,1818,1
2026-09-03 22:01:23,752,421,1825,1
2026-09-03 22:01:24,748,417,1822,1
2026-09-03 22:01:25,751,422,1823,1
2026-09-03 22:01:26,747,415,1815,1
2026-09-03 22:01:27,752,422,1821,1
2026-09-03 22:01:28,749,427,1821,1
2026-09-03 22:01:29,737,424,1813,1
2026-09-03 22:01:30,748,419,1825,1
2026-09-03 22:01:31,743,417,1812,1
2026-09-03 22:01:32,743,427,1811,1
2026-09-03 22:01:33,743,422,1813,1
2026-09-03 22:01:34,744,418,1818,1
2026-09-03 22:01:35,745,428,1820,1
2026-09-03 22:01:36,746,430,1818,1
2026-09-03 22:01:37,744,426,1810,1
2026-09-03 22:01:38,752,425,1810,1
2026-09-03 22:01:39,749,424,1803,1
2026-09-03 22:01:40,753,427,1807,1
2026-09-03 22:01:41,756,423,1811,1
2026-09-03 22:01:42,754,422,1809,1
2026-09-03 22:01:43,758,424,1810,1
2026-09-03 22:01:44,755,425,1809,1
2026-09-03 22:01:45,764,435,1805,1
2026-09-03 22:01:46,755,426,1812,1
2026-09-03 22:01:47,763,434,1806,1
2026-09-03 22:01:48,757,425,1807,1
2026-09-03 22:01:49,760,428,1806,1
2026-09-03 22:01:50,760,430,1812,1
2026-09-03 22:01:51,762,430,1811,1
2026-09-03 22:01:52,775,432,1807,1
2026-09-03 22:01:53,761,435,1808,1
2026-09-03 22:01:54,760,434,1801,1
2026-09-03 22:01:55,764,441,1800,1
2026-09-03 22:01:56,759,440,1810,1
2026-09-03 22:01:57,768,438,1803,1
2026-09-03 22:01:58,757,436,1800,1
2026-09-03 22:01:59,761,436,1805,1
2026-09-03 22:02:00,764,435,1801,1
2026-09-03 22:02:01,769,439,1805,1
2026-09-03 22:02:02,769,437,1806,1
2026-09-03 22:02:03,764,441,1813,1
2026-09-03 22:02:04,776,439,1808,1
2026-09-03 22:02:05,770,439,1810,1
2026-09-03 22:02:06,771,436,1813,1
2026-09-03 22:02:07,767,433,1814,1
2026-09-03 22:02:08,779,441,1818,1
2026-09-03 22:02:09,779,445,1812,1
2026-09-03 22:02:10,785,442,1814,1
2026-09-03 22:02:11,785,449,1814,1
2026-09-03 22:02:12,782,445,1818,1
2026-09-03 22:02:13,775,442,1816,1
2026-09-03 22:02:14,783,447,1816,1
2026-09-03 22:02:15,779,445,1816,1
2026-09-03 22:02:16,784,446,1818,1
2026-09-03 22:02:17,777,438,1811,1
2026-09-03 22:02:18,779,443,1818,1
2026-09-03 22:02:19,775,444,1810,1
2026-09-03 22:02:20,778,440,1817,1
2026-09-03 22:02:21,773,446,1813,1
2026-09-03 22:02:22,779,444,1813,1
2026-09-03 22:02:23,773,450,1815,1
2026-09-03 22:02:24,781,448,1816,1
2026-09-03 22:02:25,771,445,1812,1
2026-09-03 22:02:26,767,444,1818,1
2026-09-03 22:02:27,768,449,1819,1
2026-09-03 22:02:28,771,446,1815,1
2026-09-03 22:02:29,772,444,1815,1
2026-09-03 22:02:30,770,442,1816,1
2026-09-03 22:02:31,777,447,1821,1
2026-09-03 22:02:32,772,444,1823,1
2026-09-03 22:02:33,774,440,1820,1
2026-09-03 22:02:34,763,441,1824,1
2026-09-03 22:02:35,771,447,1822,1
2026-09-03 22:02:36,769,449,1822,1
2026-09-03 22:02:37,774,446,1823,1
2026-09-03 22:02:38,765,440,1823,1
2026-09-03 22:02:39,769,436,1812,1
2026-09-03 22:02:40,770,434,1811,1
2026-09-03 22:02:41,761,442,1818,1
2026-09-03 22:02:42,773,442,1821,1
2026-09-03 22:02:43,764,438,1824,1
2026-09-03 22:02:44,770,435,1816,1
2026-09-03 22:02:45,767,446,1820,1
2026-09-03 22:02:46,764,441,1814,1
2026-09-03 22:02:47,767,441,1822,1
2026-09-03 22:02:48,763,444,1819,1
2026-09-03 22:02:49,757,449,1823,1
2026-09-03 22:02:50,760,442,1821,1
2026-09-03 22:02:51,767,447,1817,1
2026-09-03 22:02:52,762,438,1825,1
2026-09-03 22:02:53,762,443,1824,1
2026-09-03 22:02:54,759,440,1813,1
2026-09-03 22:02:55,762,440,1816,1
2026-09-03 22:02:56,765,443,1817,1
2026-09-03 22:02:57,758,443,1823,1
2026-09-03 22:02:58,758,438,1828,1
2026-09-03 22:02:59,754,438,1820,1
2026-09-03 22:03:00,757,437,1824,1
2026-09-03 22:03:01,752,439,1818,1
2026-09-03 22:03:02,747,443,1815,1
2026-09-03 22:03:03,762,434,1817,1
2026-09-03 22:03:04,742,428,1820,1
2026-09-03 22:03:05,751,434,1824,1
2026-09-03 22:03:06,747,428,1819,1
2026-09-03 22:03:07,743,433,1823,1
2026-09-03 22:03:08,745,433,1824,1
2026-09-03 22:03:09,741,432,1815,1
2026-09-03 22:03:10,742,435,1820,1
2026-09-03 22:03:11,746,428,1818,1
2026-09-03 22:03:12,745,427,1820,1
2026-09-03 22:03:13,741,428,1824,1
2026-09-03 22:03:14,742,421,1822,1
2026-09-03 22:03:16,739,417,1819,1
2026-09-03 22:03:16,740,425,1822,1
2026-09-03 22:03:17,731,418,1829,1
2026-09-03 22:03:18,739,422,1817,1
2026-09-03 22:03:19,734,419,1821,1
2026-09-03 22:03:20,734,420,1822,1
2026-09-03 22:03:21,739,427,1814,1
2026-09-03 22:03:22,741,424,1825,1
2026-09-03 22:03:23,735,417,1816,1
2026-09-03 22:03:24,738,420,1819,1
2026-09-03 22:03:25,746,418,1820,1
2026-09-03 22:03:26,739,421,1811,1
2026-09-03 22:03:27,741,421,1823,1
2026-09-03 22:03:28,733,422,1819,1
2026-09-03 22:03:30,750,425,1814,1
2026-09-03 22:03:30,737,425,1816,1
2026-09-03 22:03:31,746,418,1821,1
2026-09-03 22:03:32,748,425,1823,1
2026-09-03 22:03:33,737,415,1820,1
2026-09-03 22:03:34,749,414,1820,1
2026-09-03 22:03:35,746,426,1817,1
2026-09-03 22:03:36,746,420,1823,1
2026-09-03 22:03:37,740,423,1815,1
2026-09-03 22:03:38,746,426,1815,1
2026-09-03 22:03:39,748,424,1812,1
2026-09-03 22:03:40,743,421,1819,1
2026-09-03 22:03:41,744,420,1818,1
2026-09-03 22:03:42,750,426,1815,1
2026-09-03 22:03:43,755,434,1817,1
2026-09-03 22:03:44,751,432,1818,1
2026-09-03 22:03:45,751,432,1821,1
2026-09-03 22:03:46,756,428,1814,1
2026-09-03 22:03:47,757,428,1817,1
2026-09-03 22:03:48,746,431,1820,1
2026-09-03 22:03:49,758,438,1820,1
2026-09-03 22:03:50,756,431,1823,1
2026-09-03 22:03:51,748,432,1821,1
2026-09-03 22:03:52,755,431,1817,1
2026-09-03 22:03:53,749,439,1814,1
2026-09-03 22:03:55,755,429,1814,1
2026-09-03 22:03:55,749,443,1818,1
2026-09-03 22:03:56,751,440,1817,1
2026-09-03 22:03:57,752,432,1818,1
2026-09-03 22:03:58,753,437,1820,1
2026-09-03 22:03:59,754,438,1815,1
2026-09-03 22:04:00,753,435,1811,1
2026-09-03 22:04:01,763,436,1816,1
2026-09-03 22:04:02,759,433,1821,1
2026-09-03 22:04:03,747,440,1814,1
2026-09-03 22:04:04,751,434,1808,1
2026-09-03 22:04:05,754,430,1811,1
2026-09-03 22:04:06,754,445,1820,1
2026-09-03 22:04:07,750,439,1820,1
2026-09-03 22:04:08,749,443,1816,1
2026-09-03 22:04:09,753,441,1819,1
2026-09-03 22:04:10,751,438,1817,1
2026-09-03 22:04:11,742,442,1818,1
2026-09-03 22:04:12,749,438,1817,1
2026-09-03 22:04:13,740,442,1814,1
2026-09-03 22:04:14,745,445,1819,1
2026-09-03 22:04:15,747,436,1810,1
2026-09-03 22:04:16,736,436,1818,1
2026-09-03 22:04:17,738,442,1819,1
2026-09-03 22:04:18,746,440,1812,1
2026-09-03 22:04:19,738,436,1815,1
2026-09-03 22:04:20,736,447,1815,1
2026-09-03 22:04:21,735,434,1818,1
2026-09-03 22:04:22,737,434,1817,1
2026-09-03 22:04:23,740,447,1814,1
2026-09-03 22:04:24,739,440,1814,1
2026-09-03 22:04:25,739,448,1818,1
2026-09-03 22:04:26,741,445,1826,1
2026-09-03 22:04:27,740,447,1814,1
2026-09-03 22:04:28,729,448,1818,1
2026-09-03 22:04:29,731,446,1820,1
2026-09-03 22:04:30,742,447,1823,1
2026-09-03 22:04:31,739,446,1821,1
2026-09-03 22:04:32,732,444,1830,1
2026-09-03 22:04:33,736,446,1823,1
2026-09-03 22:04:34,736,447,1826,1
2026-09-03 22:04:35,740,445,1818,1
2026-09-03 22:04:36,733,443,1812,1
2026-09-03 22:04:37,732,440,1822,1
2026-09-03 22:04:38,732,447,1820,1
2026-09-03 22:04:39,732,448,1815,1
2026-09-03 22:04:40,733,442,1816,1
2026-09-03 22:04:41,735,443,1824,1
2026-09-03 22:04:42,736,439,1824,1
2026-09-03 22:04:43,733,448,1823,1
2026-09-03 22:04:44,730,443,1819,1
2026-09-03 22:04:45,724,442,1821,1
2026-09-03 22:04:46,728,450,1822,1
2026-09-03 22:04:47,731,443,1823,1
2026-09-03 22:04:48,732,439,1823,1
2026-09-03 22:04:49,731,446,1818,1
2026-09-03 22:04:50,727,443,1821,1
2026-09-03 22:04:51,733,443,1827,1
2026-09-03 22:04:52,732,438,1821,1
2026-09-03 22:04:53,728,444,1817,1
2026-09-03 22:04:54,739,447,1824,1
2026-09-03 22:04:55,733,444,1822,1
2026-09-03 22:04:56,732,435,1816,1
2026-09-03 22:04:57,730,441,1818,1
2026-09-03 22:04:58,732,444,1813,1
2026-09-03 22:04:59,734,436,1814,1
2026-09-03 22:05:00,739,436,1818,1
2026-09-03 22:05:01,737,439,1824,1
2026-09-03 22:05:02,736,445,1818,1
2026-09-03 22:05:03,735,454,1814,1
2026-09-03 22:05:04,735,450,1819,1
2026-09-03 22:05:05,731,442,1822,1
2026-09-03 22:05:06,737,442,1817,1
2026-09-03 22:05:07,732,446,1812,1
2026-09-03 22:05:08,740,446,1812,1
2026-09-03 22:05:09,743,446,1821,1
2026-09-03 22:05:10,740,447,1819,1
2026-09-03 22:05:11,744,452,1815,1
2026-09-03 22:05:12,743,447,1819,1
2026-09-03 22:05:13,742,443,1821,1
2026-09-03 22:05:14,741,448,1823,1
2026-09-03 22:05:15,737,444,1821,1
2026-09-03 22:05:16,738,444,1814,1
2026-09-03 22:05:17,749,446,1820,1
2026-09-03 22:05:18,747,444,1817,1
2026-09-03 22:05:19,750,441,1820,1
2026-09-03 22:05:20,739,434,1823,1
2026-09-03 22:05:21,739,440,1820,1
2026-09-03 22:05:22,737,445,1822,1
2026-09-03 22:05:23,739,445,1821,1
2026-09-03 22:05:24,743,448,1816,1
2026-09-03 22:05:25,746,443,1811,1
2026-09-03 22:05:26,743,440,1822,1
2026-09-03 22:05:27,738,434,1813,1
2026-09-03 22:05:28,735,438,1819,1
2026-09-03 22:05:29,743,440,1818,1
2026-09-03 22:05:30,734,439,1821,1
2026-09-03 22:05:31,737,445,1816,1
2026-09-03 22:05:32,735,445,1821,1
2026-09-03 22:05:33,738,443,1817,1
2026-09-03 22:05:34,734,441,1815,1
2026-09-03 22:05:35,739,447,1818,1
2026-09-03 22:05:36,740,446,1819,1
2026-09-03 22:05:37,743,448,1816,1
2026-09-03 22:05:38,735,444,1819,1
2026-09-03 22:05:39,743,453,1816,1
2026-09-03 22:05:40,745,442,1808,1
2026-09-03 22:05:41,748,449,1809,1
2026-09-03 22:05:42,746,447,1824,1
2026-09-03 22:05:43,745,441,1810,1
2026-09-03 22:05:44,747,445,1816,1
2026-09-03 22:05:45,755,454,1814,1
2026-09-03 22:05:46,747,447,1812,1
2026-09-03 22:05:47,746,441,1814,1
2026-09-03 22:05:48,752,450,1819,1
2026-09-03 22:05:49,745,451,1814,1
2026-09-03 22:05:50,748,452,1807,1
2026-09-03 22:05:51,745,454,1810,1
2026-09-03 22:05:52,758,454,1805,1
2026-09-03 22:05:53,750,451,1810,1
2026-09-03 22:05:54,750,447,1804,1
2026-09-03 22:05:55,746,445,1809,1
2026-09-03 22:05:56,747,454,1808,1
2026-09-03 22:05:57,746,447,1805,1
2026-09-03 22:05:58,744,450,1805,1
2026-09-03 22:05:59,749,455,1801,1
2026-09-03 22:06:00,740,453,1808,1
2026-09-03 22:06:01,735,451,1815,1
2026-09-03 22:06:02,751,453,1810,1
2026-09-03 22:06:03,753,458,1803,1
2026-09-03 22:06:04,747,453,1810,1
2026-09-03 22:06:05,756,453,1807,1
2026-09-03 22:06:06,761,453,1813,1
2026-09-03 22:06:07,757,459,1809,1
2026-09-03 22:06:08,757,457,1806,1
2026-09-03 22:06:09,765,450,1811,1
2026-09-03 22:06:10,756,453,1813,1
2026-09-03 22:06:11,759,452,1807,1
2026-09-03 22:06:12,765,462,1815,1
2026-09-03 22:06:13,762,451,1810,1
2026-09-03 22:06:14,765,458,1812,1
2026-09-03 22:06:15,760,456,1815,1
2026-09-03 22:06:16,768,456,1809,1
2026-09-03 22:06:17,766,454,1813,1
2026-09-03 22:06:18,762,455,1819,1
2026-09-03 22:06:19,762,455,1818,1
2026-09-03 22:06:20,768,458,1820,1
2026-09-03 22:06:21,759,450,1813,1
2026-09-03 22:06:22,754,457,1815,1
2026-09-03 22:06:23,760,456,1809,1
2026-09-03 22:06:24,763,458,1809,1
2026-09-03 22:06:25,763,454,1809,1
2026-09-03 22:06:26,758,450,1813,1
2026-09-03 22:06:27,759,451,1805,1
2026-09-03 22:06:28,754,455,1806,1
2026-09-03 22:06:29,756,452,1818,1
2026-09-03 22:06:30,763,460,1805,1
2026-09-03 22:06:31,755,452,1810,1
2026-09-03 22:06:32,762,454,1813,1
2026-09-03 22:06:33,754,454,1810,1
2026-09-03 22:06:34,750,453,1816,1
2026-09-03 22:06:35,756,456,1806,1
2026-09-03 22:06:36,765,458,1811,1
2026-09-03 22:06:37,759,458,1807,1
2026-09-03 22:06:38,754,455,1815,1
2026-09-03 22:06:39,753,454,1820,1
2026-09-03 22:06:40,754,457,1817,1
2026-09-03 22:06:41,761,469,1813,1
2026-09-03 22:06:42,757,462,1814,1
2026-09-03 22:06:43,751,458,1818,1
2026-09-03 22:06:44,757,457,1815,1
2026-09-03 22:06:45,753,464,1805,1
2026-09-03 22:06:46,755,462,1810,1
2026-09-03 22:06:47,754,462,1813,1
2026-09-03 22:06:48,753,462,1821,1
2026-09-03 22:06:49,754,458,1807,1
2026-09-03 22:06:50,757,462,1808,1
2026-09-03 22:06:51,756,463,1818,1
2026-09-03 22:06:52,748,453,1808,1
2026-09-03 22:06:53,749,454,1811,1
2026-09-03 22:06:54,749,458,1812,1
2026-09-03 22:06:55,747,454,1811,1
2026-09-03 22:06:56,744,460,1814,1
2026-09-03 22:06:57,742,459,1816,1
2026-09-03 22:06:58,743,463,1813,1
2026-09-03 22:06:59,750,456,1814,1
2026-09-03 22:07:00,739,455,1806,1
2026-09-03 22:07:01,744,452,1815,1
2026-09-03 22:07:02,748,428,1816,1
2026-09-03 22:07:03,744,450,1812,1
2026-09-03 22:07:04,744,457,1810,1
2026-09-03 22:07:05,741,447,1816,1
2026-09-03 22:07:06,739,453,1818,1
2026-09-03 22:07:07,735,455,1812,1
2026-09-03 22:07:08,739,453,1812,1
2026-09-03 22:07:09,732,448,1813,1
2026-09-03 22:07:10,732,447,1813,1
2026-09-03 22:07:11,735,440,1798,1
2026-09-03 22:07:12,735,446,1807,1
2026-09-03 22:07:13,730,436,1811,1
2026-09-03 22:07:14,740,447,1806,1
2026-09-03 22:07:15,733,445,1816,1
2026-09-03 22:07:16,736,441,1813,1
2026-09-03 22:07:17,735,443,1814,1
2026-09-03 22:07:18,745,441,1811,1
2026-09-03 22:07:19,734,438,1810,1
2026-09-03 22:07:20,743,441,1814,1
2026-09-03 22:07:21,736,439,1812,1
2026-09-03 22:07:22,737,444,1812,1
2026-09-03 22:07:23,727,441,1810,1
2026-09-03 22:07:24,729,441,1819,1
2026-09-03 22:07:25,733,438,1813,1
2026-09-03 22:07:26,735,442,1816,1
2026-09-03 22:07:27,727,443,1808,1
2026-09-03 22:07:28,730,444,1811,1
2026-09-03 22:07:29,730,441,1806,1
2026-09-03 22:07:30,729,447,1813,1
2026-09-03 22:07:31,732,434,1813,1
2026-09-03 22:07:32,727,445,1806,1
2026-09-03 22:07:33,727,441,1806,1
2026-09-03 22:07:34,724,440,1808,1
2026-09-03 22:07:35,725,438,1811,1
2026-09-03 22:07:36,728,439,1818,1
2026-09-03 22:07:37,726,436,1810,1
2026-09-03 22:07:38,731,441,1816,1
2026-09-03 22:07:39,726,442,1814,1
2026-09-03 22:07:40,729,440,1808,1
2026-09-03 22:07:41,724,443,1820,1
2026-09-03 22:07:42,716,446,1814,1
2026-09-03 22:07:43,727,440,1810,1
2026-09-03 22:07:44,718,446,1809,1
2026-09-03 22:07:45,721,451,1817,1
2026-09-03 22:07:46,718,441,1811,1
2026-09-03 22:07:47,722,447,1819,1
2026-09-03 22:07:48,716,444,1817,1
2026-09-03 22:07:49,725,446,1815,1
2026-09-03 22:07:50,721,446,1820,1
2026-09-03 22:07:51,714,449,1813,1
2026-09-03 22:07:52,717,446,1807,1
2026-09-03 22:07:53,717,447,1814,1
2026-09-03 22:07:54,717,445,1806,1
2026-09-03 22:07:55,722,450,1810,1
2026-09-03 22:07:56,712,445,1808,1
2026-09-03 22:07:57,716,454,1807,1
2026-09-03 22:07:58,716,451,1805,1
2026-09-03 22:07:59,711,457,1800,1
2026-09-03 22:08:00,714,453,1805,1
2026-09-03 22:08:01,717,450,1803,1
2026-09-03 22:08:02,714,450,1805,1
2026-09-03 22:08:03,722,456,1801,1
2026-09-03 22:08:04,717,448,1803,1
2026-09-03 22:08:05,717,445,1803,1
2026-09-03 22:08:06,714,446,1807,1
2026-09-03 22:08:07,720,440,1804,1
2026-09-03 22:08:08,720,451,1807,1
2026-09-03 22:08:09,729,442,1804,1
2026-09-03 22:08:10,719,446,1801,1
2026-09-03 22:08:11,721,443,1807,1
2026-09-03 22:08:12,727,445,1802,1
2026-09-03 22:08:13,719,453,1806,1
2026-09-03 22:08:14,723,450,1807,1
2026-09-03 22:08:15,728,445,1808,1
2026-09-03 22:08:16,737,448,1808,1
2026-09-03 22:08:17,731,448,1806,1
2026-09-03 22:08:18,728,445,1799,1
2026-09-03 22:08:19,725,446,1804,1
2026-09-03 22:08:20,736,452,1804,1
2026-09-03 22:08:21,730,452,1807,1
2026-09-03 22:08:22,730,454,1804,1
2026-09-03 22:08:23,731,458,1803,1
2026-09-03 22:08:24,740,444,1794,1
2026-09-03 22:08:25,736,452,1799,1
2026-09-03 22:08:26,739,449,1800,1
2026-09-03 22:08:27,736,451,1801,1
2026-09-03 22:08:28,743,453,1800,1
2026-09-03 22:08:29,735,445,1805,1
2026-09-03 22:08:30,738,453,1805,1
2026-09-03 22:08:31,735,460,1797,1
2026-09-03 22:08:32,737,451,1808,1
2026-09-03 22:08:33,736,454,1801,1
2026-09-03 22:08:34,744,459,1803,1
2026-09-03 22:08:35,738,451,1812,1
2026-09-03 22:08:36,736,456,1812,1
2026-09-03 22:08:37,734,456,1809,1
2026-09-03 22:08:38,738,452,1813,1
2026-09-03 22:08:39,741,458,1811,1
2026-09-03 22:08:40,738,457,1812,1
2026-09-03 22:08:41,737,456,1817,1
2026-09-03 22:08:42,738,455,1808,1
2026-09-03 22:08:43,731,457,1812,1
2026-09-03 22:08:44,731,447,1809,1
2026-09-03 22:08:45,731,453,1810,1
2026-09-03 22:08:46,723,458,1814,1
2026-09-03 22:08:47,724,449,1806,1
2026-09-03 22:08:48,737,458,1813,1
2026-09-03 22:08:49,733,443,1809,1
2026-09-03 22:08:50,739,447,1805,1
2026-09-03 22:08:51,735,453,1817,1
2026-09-03 22:08:52,729,449,1813,1
2026-09-03 22:08:53,738,446,1810,1
2026-09-03 22:08:54,731,440,1821,1
2026-09-03 22:08:55,733,443,1807,1
2026-09-03 22:08:56,727,445,1820,1
2026-09-03 22:08:57,733,448,1810,1
2026-09-03 22:08:58,735,446,1820,1
2026-09-03 22:08:59,740,443,1821,1
2026-09-03 22:09:00,737,441,1814,1
2026-09-03 22:09:01,735,447,1828,1
2026-09-03 22:09:02,733,439,1816,1
2026-09-03 22:09:03,738,438,1819,1
2026-09-03 22:09:04,750,439,1823,1
2026-09-03 22:09:05,742,438,1814,1
2026-09-03 22:09:06,744,445,1817,1
2026-09-03 22:09:07,746,443,1819,1
2026-09-03 22:09:08,746,446,1825,1
2026-09-03 22:09:09,748,440,1820,1
2026-09-03 22:09:10,755,442,1818,1
2026-09-03 22:09:11,756,446,1821,1
2026-09-03 22:09:12,746,443,1820,1
2026-09-03 22:09:13,749,445,1819,1
2026-09-03 22:09:14,761,443,1817,1
2026-09-03 22:09:15,757,449,1819,1
2026-09-03 22:09:16,754,451,1823,1
2026-09-03 22:09:17,745,440,1825,1
2026-09-03 22:09:18,749,440,1810,1
2026-09-03 22:09:19,747,448,1823,1
2026-09-03 22:09:20,750,447,1816,1
2026-09-03 22:09:21,754,451,1810,1
2026-09-03 22:09:22,755,452,1815,1
2026-09-03 22:09:23,740,455,1818,1
2026-09-03 22:09:24,749,451,1812,1
2026-09-03 22:09:25,753,448,1816,1
2026-09-03 22:09:26,745,448,1817,1
2026-09-03 22:09:27,744,453,1813,1
2026-09-03 22:09:28,747,450,1821,1
2026-09-03 22:09:29,747,451,1816,1
2026-09-03 22:09:30,751,459,1817,1
2026-09-03 22:09:31,751,452,1818,1
2026-09-03 22:09:32,750,442,1811,1
2026-09-03 22:09:33,749,453,1810,1
2026-09-03 22:09:34,744,449,1816,1
2026-09-03 22:09:35,743,457,1819,1
2026-09-03 22:09:36,747,458,1818,1
2026-09-03 22:09:37,749,447,1816,1
2026-09-03 22:09:38,748,443,1811,1
2026-09-03 22:09:39,736,451,1821,1
2026-09-03 22:09:40,746,457,1818,1
2026-09-03 22:09:41,740,447,1807,1
2026-09-03 22:09:42,744,449,1818,1
2026-09-03 22:09:43,740,443,1820,1
2026-09-03 22:09:44,739,449,1814,1
2026-09-03 22:09:45,741,442,1816,1
2026-09-03 22:09:46,738,456,1810,1
2026-09-03 22:09:47,741,436,1812,1
2026-09-03 22:09:48,734,447,1816,1
2026-09-03 22:09:49,730,446,1820,1
2026-09-03 22:09:50,737,442,1807,1
2026-09-03 22:09:51,733,438,1819,1
2026-09-03 22:09:52,742,441,1816,1
2026-09-03 22:09:53,743,447,1819,1
2026-09-03 22:09:54,729,444,1820,1
2026-09-03 22:09:55,733,434,1818,1
2026-09-03 22:09:56,729,441,1816,1
2026-09-03 22:09:57,731,449,1812,1
2026-09-03 22:09:58,738,438,1810,1
2026-09-03 22:09:59,738,435,1822,1
2026-09-03 22:10:00,729,439,1815,1
2026-09-03 22:10:01,739,438,1822,1
2026-09-03 22:10:02,744,436,1816,1
2026-09-03 22:10:03,739,440,1815,1
2026-09-03 22:10:04,738,445,1814,1
2026-09-03 22:10:05,734,436,1819,1
2026-09-03 22:10:06,739,448,1820,1
2026-09-03 22:10:07,738,435,1815,1
2026-09-03 22:10:08,737,443,1819,1
2026-09-03 22:10:09,733,441,1822,1
2026-09-03 22:10:10,741,442,1822,1
2026-09-03 22:10:11,735,435,1824,1
2026-09-03 22:10:12,735,435,1823,1
2026-09-03 22:10:13,727,434,1818,1
2026-09-03 22:10:14,720,440,1819,1
2026-09-03 22:10:15,726,438,1826,1
2026-09-03 22:10:16,723,441,1816,1
2026-09-03 22:10:17,728,432,1817,1
2026-09-03 22:10:18,728,433,1818,1
2026-09-03 22:10:19,731,417,1816,1
2026-09-03 22:10:20,728,432,1818,1
2026-09-03 22:10:21,724,433,1822,1
2026-09-03 22:10:22,723,427,1815,1
2026-09-03 22:10:23,718,430,1818,1
2026-09-03 22:10:24,722,427,1820,1
2026-09-03 22:10:25,722,423,1816,1
2026-09-03 22:10:26,723,425,1812,1
2026-09-03 22:10:27,713,423,1819,1
2026-09-03 22:10:28,720,426,1819,1
2026-09-03 22:10:29,717,428,1814,1
2026-09-03 22:10:30,719,424,1816,1
2026-09-03 22:10:31,723,433,1819,1
2026-09-03 22:10:32,722,426,1817,1
2026-09-03 22:10:33,726,422,1823,1
2026-09-03 22:10:34,717,422,1813,1
2026-09-03 22:10:35,722,433,1822,1
2026-09-03 22:10:36,715,425,1820,1
2026-09-03 22:10:37,718,428,1816,1
2026-09-03 22:10:38,709,427,1809,1
2026-09-03 22:10:39,714,417,1810,1
2026-09-03 22:10:40,707,425,1812,1
2026-09-03 22:10:41,697,422,1806,1
2026-09-03 22:10:42,696,416,1811,1
2026-09-03 22:10:43,703,421,1803,1
2026-09-03 22:10:44,692,416,1807,1
2026-09-03 22:10:45,697,422,1806,1
2026-09-03 22:10:46,693,419,1806,1
2026-09-03 22:10:47,696,420,1797,1
2026-09-03 22:10:48,701,413,1809,1
2026-09-03 22:10:49,695,414,1802,1
2026-09-03 22:10:50,687,403,1802,1
2026-09-03 22:10:51,694,405,1802,1
2026-09-03 22:10:52,682,403,1801,1
2026-09-03 22:10:53,671,404,1804,1
2026-09-03 22:10:54,685,404,1799,1
2026-09-03 22:10:55,676,397,1805,1
2026-09-03 22:10:56,682,400,1798,1
2026-09-03 22:10:57,690,401,1799,1
2026-09-03 22:10:58,683,393,1805,1
2026-09-03 22:10:59,687,396,1794,1
2026-09-03 22:11:00,682,404,1800,1
2026-09-03 22:11:01,692,404,1800,1
2026-09-03 22:11:02,687,399,1802,1
2026-09-03 22:11:03,681,402,1800,1
2026-09-03 22:11:04,682,395,1800,1
2026-09-03 22:11:05,687,401,1798,1
2026-09-03 22:11:06,685,390,1795,1
2026-09-03 22:11:07,689,407,1800,1
2026-09-03 22:11:08,688,406,1795,1
2026-09-03 22:11:09,688,401,1797,1
2026-09-03 22:11:10,689,406,1793,1
2026-09-03 22:11:11,683,405,1794,1
2026-09-03 22:11:12,690,404,1797,1
2026-09-03 22:11:13,691,410,1792,1
2026-09-03 22:11:14,692,396,1800,1
2026-09-03 22:11:15,695,401,1793,1
2026-09-03 22:11:16,700,403,1800,1
2026-09-03 22:11:17,696,404,1796,1
2026-09-03 22:11:18,690,396,1799,1
2026-09-03 22:11:19,693,396,1796,1
2026-09-03 22:11:20,698,399,1800,1
2026-09-03 22:11:21,697,402,1798,1
2026-09-03 22:11:22,701,402,1794,1
2026-09-03 22:11:23,698,399,1800,1
2026-09-03 22:11:24,698,401,1797,1
2026-09-03 22:11:25,698,402,1799,1
2026-09-03 22:11:26,705,394,1795,1
2026-09-03 22:11:27,700,393,1805,1
2026-09-03 22:11:28,709,403,1797,1
2026-09-03 22:11:29,704,404,1802,1
2026-09-03 22:11:30,714,401,1799,1
2026-09-03 22:11:31,708,398,1795,1
2026-09-03 22:11:32,708,399,1795,1
2026-09-03 22:11:33,707,401,1802,1
2026-09-03 22:11:34,706,396,1799,1
2026-09-03 22:11:35,707,408,1794,1
2026-09-03 22:11:36,710,396,1793,1
2026-09-03 22:11:37,709,401,1801,1
2026-09-03 22:11:38,709,401,1798,1
2026-09-03 22:11:39,705,401,1794,1
2026-09-03 22:11:40,701,406,1796,1
2026-09-03 22:11:41,714,403,1803,1
2026-09-03 22:11:42,708,405,1793,1
2026-09-03 22:11:43,714,406,1793,1
2026-09-03 22:11:44,718,400,1805,1
2026-09-03 22:11:45,715,393,1806,1
2026-09-03 22:11:46,717,389,1803,1
2026-09-03 22:11:47,715,400,1803,1
2026-09-03 22:11:48,719,393,1801,1
2026-09-03 22:11:49,718,400,1798,1
2026-09-03 22:11:50,722,391,1806,1
2026-09-03 22:11:51,717,391,1801,1
2026-09-03 22:11:52,711,394,1805,1
2026-09-03 22:11:53,714,402,1804,1
2026-09-03 22:11:54,716,392,1809,1
2026-09-03 22:11:55,722,399,1808,1
2026-09-03 22:11:56,728,398,1811,1
2026-09-03 22:11:57,730,398,1807,1
2026-09-03 22:11:58,719,395,1809,1
2026-09-03 22:11:59,725,397,1812,1
2026-09-03 22:12:00,721,400,1812,1
2026-09-03 22:12:01,729,399,1803,1
2026-09-03 22:12:02,724,395,1812,1
2026-09-03 22:12:03,724,403,1809,1
2026-09-03 22:12:04,728,392,1808,1
2026-09-03 22:12:05,727,400,1808,1
2026-09-03 22:12:06,727,405,1816,1
2026-09-03 22:12:07,725,400,1821,1
2026-09-03 22:12:08,733,400,1812,1
2026-09-03 22:12:09,723,396,1815,1
2026-09-03 22:12:10,728,402,1812,1
2026-09-03 22:12:11,727,391,1813,1
2026-09-03 22:12:12,722,396,1808,1
2026-09-03 22:12:13,722,395,1821,1
2026-09-03 22:12:14,725,394,1806,1
2026-09-03 22:12:15,720,393,1816,1
2026-09-03 22:12:16,717,398,1810,1
2026-09-03 22:12:17,719,389,1810,1
2026-09-03 22:12:18,720,397,1813,1
2026-09-03 22:12:19,719,401,1809,1
2026-09-03 22:12:20,722,392,1810,1
2026-09-03 22:12:21,715,391,1815,1
2026-09-03 22:12:22,727,388,1812,1
2026-09-03 22:12:23,719,388,1812,1
2026-09-03 22:12:24,711,389,1807,1
2026-09-03 22:12:25,717,389,1812,1
2026-09-03 22:12:26,712,382,1803,1
2026-09-03 22:12:27,714,384,1810,1
2026-09-03 22:12:28,715,384,1809,1
2026-09-03 22:12:29,717,382,1813,1
2026-09-03 22:12:30,708,388,1813,1
2026-09-03 22:12:31,715,378,1808,1
2026-09-03 22:12:32,702,383,1811,1
2026-09-03 22:12:33,710,379,1815,1
2026-09-03 22:12:34,711,382,1807,1
2026-09-03 22:12:35,716,380,1810,1
2026-09-03 22:12:36,712,379,1811,1
2026-09-03 22:12:37,708,373,1813,1
2026-09-03 22:12:38,715,369,1813,1
2026-09-03 22:12:39,711,369,1806,1
2026-09-03 22:12:40,707,372,1810,1
2026-09-03 22:12:41,717,370,1810,1
2026-09-03 22:12:42,709,365,1813,1
2026-09-03 22:12:43,714,364,1813,1
2026-09-03 22:12:44,714,365,1813,1
2026-09-03 22:12:45,711,371,1810,1
2026-09-03 22:12:46,714,361,1804,1
2026-09-03 22:12:47,712,365,1811,1
2026-09-03 22:12:48,712,358,1810,1
2026-09-03 22:12:49,712,361,1815,1
2026-09-03 22:12:50,711,360,1810,1
2026-09-03 22:12:51,720,360,1816,1
2026-09-03 22:12:52,710,365,1807,1
2026-09-03 22:12:53,716,357,1810,1
2026-09-03 22:12:54,716,366,1809,1
2026-09-03 22:12:55,719,362,1817,1
2026-09-03 22:12:56,722,358,1819,1
2026-09-03 22:12:57,724,362,1815,1
2026-09-03 22:12:58,724,365,1812,1
2026-09-03 22:12:59,715,355,1807,1
2026-09-03 22:13:00,718,359,1811,1
2026-09-03 22:13:01,715,361,1808,1
2026-09-03 22:13:02,716,360,1816,1
2026-09-03 22:13:03,717,359,1806,1
2026-09-03 22:13:04,714,356,1818,1
2026-09-03 22:13:05,716,357,1815,1
2026-09-03 22:13:06,712,354,1810,1
2026-09-03 22:13:07,721,356,1812,1
2026-09-03 22:13:08,716,348,1811,1
2026-09-03 22:13:09,719,342,1812,1
2026-09-03 22:13:10,724,358,1819,1
2026-09-03 22:13:11,716,351,1810,1
2026-09-03 22:13:12,719,348,1815,1
2026-09-03 22:13:13,717,354,1812,1
2026-09-03 22:13:14,711,351,1811,1
2026-09-03 22:13:15,725,344,1811,1
2026-09-03 22:13:16,719,349,1811,1
2026-09-03 22:13:17,712,347,1811,1
2026-09-03 22:13:18,719,353,1809,1
2026-09-03 22:13:19,723,348,1809,1
2026-09-03 22:13:20,716,352,1813,1
2026-09-03 22:13:21,712,342,1810,1
2026-09-03 22:13:22,721,344,1815,1
2026-09-03 22:13:23,718,352,1809,1
2026-09-03 22:13:24,726,351,1817,1
2026-09-03 22:13:25,724,347,1814,1
2026-09-03 22:13:26,718,345,1814,1
2026-09-03 22:13:27,715,344,1812,1
2026-09-03 22:13:28,719,345,1815,1
2026-09-03 22:13:29,721,351,1815,1
2026-09-03 22:13:30,724,343,1813,1
2026-09-03 22:13:31,719,352,1815,1
2026-09-03 22:13:32,721,345,1812,1
2026-09-03 22:13:33,721,350,1808,1
2026-09-03 22:13:34,720,353,1819,1
2026-09-03 22:13:35,725,351,1812,1
2026-09-03 22:13:36,723,344,1810,1
2026-09-03 22:13:37,722,352,1812,1
2026-09-03 22:13:38,713,353,1812,1
2026-09-03 22:13:39,723,353,1811,1
2026-09-03 22:13:40,720,353,1806,1
2026-09-03 22:13:41,729,351,1814,1
2026-09-03 22:13:42,720,347,1816,1
2026-09-03 22:13:43,727,348,1819,1
2026-09-03 22:13:44,730,356,1815,1
2026-09-03 22:13:45,729,355,1811,1
2026-09-03 22:13:46,728,350,1809,1
2026-09-03 22:13:47,718,356,1808,1
2026-09-03 22:13:48,720,343,1806,1
2026-09-03 22:13:49,719,349,1817,1
2026-09-03 22:13:50,723,353,1813,1
2026-09-03 22:13:51,726,358,1817,1
2026-09-03 22:13:52,722,343,1813,1
2026-09-03 22:13:53,718,347,1804,1
2026-09-03 22:13:54,723,344,1799,1
2026-09-03 22:13:55,714,340,1807,1
2026-09-03 22:13:56,716,344,1809,1
2026-09-03 22:13:57,717,340,1813,1
2026-09-03 22:13:58,720,343,1808,1
2026-09-03 22:13:59,721,343,1818,1
2026-09-03 22:14:00,712,345,1809,1
2026-09-03 22:14:01,714,340,1810,1
2026-09-03 22:14:02,716,339,1812,1
2026-09-03 22:14:03,721,347,1809,1
2026-09-03 22:14:04,721,336,1809,1
2026-09-03 22:14:05,717,337,1813,1
2026-09-03 22:14:06,718,343,1810,1
2026-09-03 22:14:07,729,336,1799,1
2026-09-03 22:14:08,721,343,1808,1
2026-09-03 22:14:09,721,348,1807,1
2026-09-03 22:14:10,720,347,1813,1
2026-09-03 22:14:11,721,347,1818,1
2026-09-03 22:14:12,724,346,1813,1
2026-09-03 22:14:13,723,354,1813,1
2026-09-03 22:14:14,724,352,1806,1
2026-09-03 22:14:15,731,350,1818,1
2026-09-03 22:14:16,728,349,1814,1
2026-09-03 22:14:17,732,349,1810,1
2026-09-03 22:14:18,725,348,1817,1
2026-09-03 22:14:19,728,356,1817,1
2026-09-03 22:14:20,734,356,1812,1
2026-09-03 22:14:22,727,356,1814,1
2026-09-03 22:14:22,732,359,1811,1
2026-09-03 22:14:23,729,356,1804,1
2026-09-03 22:14:24,731,349,1807,1
2026-09-03 22:14:25,741,359,1808,1
2026-09-03 22:14:26,737,354,1814,1
2026-09-03 22:14:27,735,359,1815,1
2026-09-03 22:14:28,731,358,1800,1
2026-09-03 22:14:29,735,356,1811,1
2026-09-03 22:14:30,742,357,1804,1
2026-09-03 22:14:31,735,361,1806,1
2026-09-03 22:14:32,736,362,1813,1
2026-09-03 22:14:33,741,358,1810,1
2026-09-03 22:14:34,748,366,1814,1
2026-09-03 22:14:35,740,359,1808,1
2026-09-03 22:14:36,740,363,1805,1
2026-09-03 22:14:37,745,370,1809,1
2026-09-03 22:14:38,748,371,1814,1
2026-09-03 22:14:39,738,365,1804,1
2026-09-03 22:14:40,746,367,1815,1
2026-09-03 22:14:41,750,368,1811,1
2026-09-03 22:14:42,748,366,1805,1
2026-09-03 22:14:43,751,366,1815,1
2026-09-03 22:14:44,754,369,1812,1
2026-09-03 22:14:45,746,372,1816,1
2026-09-03 22:14:46,746,368,1811,1
2026-09-03 22:14:47,751,367,1812,1
2026-09-03 22:14:48,749,371,1806,1
2026-09-03 22:14:49,749,380,1809,1
2026-09-03 22:14:50,752,377,1811,1
2026-09-03 22:14:51,748,375,1813,1
2026-09-03 22:14:52,755,372,1812,1
2026-09-03 22:14:53,747,377,1812,1
2026-09-03 22:14:54,751,372,1810,1
2026-09-03 22:14:55,738,369,1813,1
2026-09-03 22:14:56,741,383,1812,1
2026-09-03 22:14:57,736,380,1815,1
2026-09-03 22:14:58,732,374,1803,1
2026-09-03 22:14:59,744,367,1808,1
2026-09-03 22:15:00,733,366,1812,1
2026-09-03 22:15:01,729,371,1807,1
2026-09-03 22:15:02,735,377,1812,1
2026-09-03 22:15:03,725,371,1805,1
2026-09-03 22:15:04,726,369,1811,1
2026-09-03 22:15:05,729,370,1807,1
2026-09-03 22:15:06,730,370,1812,1
2026-09-03 22:15:07,724,369,1809,1
2026-09-03 22:15:08,732,374,1808,1
2026-09-03 22:15:09,739,365,1800,1
2026-09-03 22:15:10,730,374,1806,1
2026-09-03 22:15:11,730,358,1815,1
2026-09-03 22:15:12,727,365,1809,1
2026-09-03 22:15:13,735,364,1804,1
2026-09-03 22:15:14,722,374,1815,1
2026-09-03 22:15:15,725,365,1810,1
2026-09-03 22:15:16,729,364,1804,1
2026-09-03 22:15:17,727,366,1809,1
2026-09-03 22:15:18,727,369,1812,1
2026-09-03 22:15:19,729,360,1804,1
2026-09-03 22:15:20,724,370,1800,1
2026-09-03 22:15:21,725,360,1804,1
2026-09-03 22:15:22,723,370,1800,1
2026-09-03 22:15:23,723,366,1804,1
2026-09-03 22:15:24,725,369,1811,1
2026-09-03 22:15:25,725,365,1812,1
2026-09-03 22:15:26,728,361,1808,1
2026-09-03 22:15:27,717,361,1807,1
2026-09-03 22:15:28,729,364,1803,1
2026-09-03 22:15:29,733,368,1801,1
2026-09-03 22:15:30,721,370,1808,1
2026-09-03 22:15:31,728,370,1804,1
2026-09-03 22:15:32,724,360,1802,1
2026-09-03 22:15:33,727,371,1804,1
2026-09-03 22:15:34,726,369,1797,1
2026-09-03 22:15:35,725,370,1810,1
2026-09-03 22:15:36,730,367,1800,1
2026-09-03 22:15:37,726,371,1805,1
2026-09-03 22:15:38,722,369,1803,1
2026-09-03 22:15:39,727,367,1798,1
2026-09-03 22:15:40,724,371,1805,1
2026-09-03 22:15:41,719,369,1802,1
2026-09-03 22:15:42,726,376,1801,1
2026-09-03 22:15:43,723,366,1801,1
2026-09-03 22:15:44,728,369,1804,1
2026-09-03 22:15:45,724,364,1799,1
2026-09-03 22:15:46,717,365,1800,1
2026-09-03 22:15:47,722,373,1806,1
2026-09-03 22:15:48,721,375,1804,1
2026-09-03 22:15:49,714,370,1795,1
2026-09-03 22:15:50,727,371,1799,1
2026-09-03 22:15:51,720,375,1800,1
2026-09-03 22:15:52,719,371,1804,1
2026-09-03 22:15:53,729,367,1801,1
2026-09-03 22:15:54,719,371,1794,1
2026-09-03 22:15:55,726,366,1798,1
2026-09-03 22:15:56,722,376,1797,1
2026-09-03 22:15:57,732,374,1798,1
2026-09-03 22:15:58,731,371,1793,1
2026-09-03 22:15:59,730,367,1796,1
2026-09-03 22:16:00,732,378,1799,1
2026-09-03 22:16:01,728,374,1803,1
2026-09-03 22:16:02,727,378,1792,1
2026-09-03 22:16:03,724,371,1794,1
2026-09-03 22:16:04,731,366,1794,1
2026-09-03 22:16:05,730,379,1789,1
2026-09-03 22:16:06,729,370,1791,1
2026-09-03 22:16:07,737,370,1792,1
2026-09-03 22:16:08,730,376,1801,1
2026-09-03 22:16:09,717,369,1795,1
2026-09-03 22:16:10,731,375,1797,1
2026-09-03 22:16:11,724,371,1794,1
2026-09-03 22:16:12,722,377,1798,1
2026-09-03 22:16:13,727,374,1798,1
2026-09-03 22:16:14,727,372,1796,1
2026-09-03 22:16:15,728,377,1795,1
2026-09-03 22:16:16,725,381,1792,1
2026-09-03 22:16:17,732,378,1796,1
2026-09-03 22:16:18,727,381,1802,1
2026-09-03 22:16:19,717,374,1791,1
2026-09-03 22:16:20,724,369,1799,1
2026-09-03 22:16:21,729,384,1793,1
2026-09-03 22:16:22,723,381,1794,1
2026-09-03 22:16:23,720,383,1792,1
2026-09-03 22:16:24,720,376,1793,1
2026-09-03 22:16:25,723,387,1794,1
2026-09-03 22:16:26,720,381,1797,1
2026-09-03 22:16:27,711,382,1792,1
2026-09-03 22:16:28,727,384,1794,1
2026-09-03 22:16:29,725,376,1793,1
2026-09-03 22:16:30,725,380,1793,1
2026-09-03 22:16:31,722,386,1792,1
2026-09-03 22:16:32,727,387,1800,1
2026-09-03 22:16:33,720,379,1793,1
2026-09-03 22:16:34,730,379,1793,1
2026-09-03 22:16:35,725,379,1795,1
2026-09-03 22:16:36,717,381,1794,1
2026-09-03 22:16:37,720,383,1793,1
2026-09-03 22:16:38,718,382,1798,1
2026-09-03 22:16:39,732,388,1797,1
2026-09-03 22:16:40,732,378,1807,1
2026-09-03 22:16:41,728,388,1802,1
2026-09-03 22:16:42,728,389,1801,1
2026-09-03 22:16:43,727,391,1805,1
2026-09-03 22:16:44,727,383,1799,1
2026-09-03 22:16:45,724,393,1797,1
2026-09-03 22:16:46,727,388,1796,1
2026-09-03 22:16:47,729,390,1803,1
2026-09-03 22:16:48,733,391,1807,1
2026-09-03 22:16:49,724,390,1799,1
2026-09-03 22:16:50,729,393,1804,1
2026-09-03 22:16:51,724,390,1808,1
2026-09-03 22:16:52,728,389,1797,1
2026-09-03 22:16:53,727,385,1806,1
2026-09-03 22:16:54,735,390,1803,1
2026-09-03 22:16:55,733,390,1799,1
2026-09-03 22:16:56,731,387,1808,1
2026-09-03 22:16:57,733,397,1800,1
2026-09-03 22:16:58,735,395,1801,1
2026-09-03 22:16:59,729,397,1796,1
2026-09-03 22:17:00,736,400,1796,1
2026-09-03 22:17:01,734,398,1797,1
2026-09-03 22:17:02,732,398,1797,1
2026-09-03 22:17:03,735,392,1798,1
2026-09-03 22:17:04,730,401,1801,1
2026-09-03 22:17:05,725,406,1798,1
2026-09-03 22:17:06,727,401,1796,1
2026-09-03 22:17:07,728,407,1802,1
2026-09-03 22:17:08,724,401,1805,1
2026-09-03 22:17:09,722,406,1806,1
2026-09-03 22:17:10,729,395,1795,1
2026-09-03 22:17:11,722,398,1806,1
2026-09-03 22:17:12,725,395,1802,1
2026-09-03 22:17:13,727,396,1798,1
2026-09-03 22:17:14,730,396,1795,1
2026-09-03 22:17:15,722,401,1803,1
2026-09-03 22:17:16,728,395,1805,1
2026-09-03 22:17:17,718,396,1807,1
2026-09-03 22:17:18,719,392,1800,1
2026-09-03 22:17:19,722,395,1806,1
2026-09-03 22:17:20,721,397,1815,1
2026-09-03 22:17:21,720,392,1804,1
2026-09-03 22:17:22,717,396,1800,1
2026-09-03 22:17:23,723,392,1797,1
2026-09-03 22:17:24,721,390,1807,1
2026-09-03 22:17:25,721,398,1804,1
2026-09-03 22:17:26,723,400,1799,1
2026-09-03 22:17:27,725,397,1798,1
2026-09-03 22:17:28,717,395,1808,1
2026-09-03 22:17:29,724,399,1804,1
2026-09-03 22:17:30,720,394,1808,1
2026-09-03 22:17:31,725,390,1817,1
2026-09-03 22:17:32,718,400,1815,1
2026-09-03 22:17:33,720,396,1811,1
2026-09-03 22:17:34,729,386,1820,1
2026-09-03 22:17:35,722,393,1803,1
2026-09-03 22:17:36,723,399,1802,1
2026-09-03 22:17:37,710,397,1802,1
2026-09-03 22:17:38,724,394,1803,1
2026-09-03 22:17:39,713,403,1808,1
2026-09-03 22:17:40,721,399,1807,1
2026-09-03 22:17:41,726,396,1808,1
2026-09-03 22:17:42,726,401,1808,1
2026-09-03 22:17:43,726,399,1804,1
2026-09-03 22:17:44,721,399,1806,1
2026-09-03 22:17:45,719,394,1803,1
2026-09-03 22:17:46,722,405,1808,1
2026-09-03 22:17:47,721,405,1806,1
2026-09-03 22:17:48,729,406,1800,1
2026-09-03 22:17:49,727,398,1806,1
2026-09-03 22:17:50,723,407,1798,1
2026-09-03 22:17:51,722,404,1803,1
2026-09-03 22:17:52,718,402,1806,1
2026-09-03 22:17:53,721,397,1806,1
2026-09-03 22:17:54,718,400,1809,1
2026-09-03 22:17:55,715,400,1797,1
2026-09-03 22:17:56,730,407,1807,1
2026-09-03 22:17:57,720,405,1797,1
2026-09-03 22:17:58,726,409,1804,1
2026-09-03 22:17:59,717,413,1797,1
2026-09-03 22:18:00,724,408,1807,1
2026-09-03 22:18:01,720,414,1802,1
2026-09-03 22:18:02,724,418,1797,1
2026-09-03 22:18:03,722,416,1797,1
2026-09-03 22:18:04,728,414,1794,1
2026-09-03 22:18:05,729,411,1805,1
2026-09-03 22:18:06,726,413,1795,1
2026-09-03 22:18:07,731,416,1798,1
2026-09-03 22:18:08,726,414,1798,1
2026-09-03 22:18:09,724,417,1798,1
2026-09-03 22:18:10,726,416,1793,1
2026-09-03 22:18:11,729,419,1793,1
2026-09-03 22:18:12,729,417,1785,1
2026-09-03 22:18:13,728,417,1794,1
2026-09-03 22:18:14,724,415,1798,1
2026-09-03 22:18:15,731,423,1800,1
2026-09-03 22:18:16,723,418,1791,1
2026-09-03 22:18:17,728,419,1797,1
2026-09-03 22:18:18,726,412,1797,1
2026-09-03 22:18:19,732,422,1797,1
2026-09-03 22:18:20,733,416,1804,1
2026-09-03 22:18:21,729,412,1801,1
2026-09-03 22:18:22,724,418,1803,1
2026-09-03 22:18:23,724,419,1797,1
2026-09-03 22:18:24,721,419,1796,1
2026-09-03 22:18:25,733,416,1806,1
2026-09-03 22:18:26,719,419,1797,1
2026-09-03 22:18:27,716,418,1809,1
2026-09-03 22:18:28,734,418,1807,1
2026-09-03 22:18:29,720,422,1805,1
2026-09-03 22:18:30,715,422,1799,1
2026-09-03 22:18:31,714,421,1806,1
2026-09-03 22:18:32,717,418,1797,1
2026-09-03 22:18:33,722,423,1802,1
2026-09-03 22:18:34,709,420,1802,1
2026-09-03 22:18:35,710,416,1802,1
2026-09-03 22:18:38,714,412,1799,1
2026-09-03 22:18:38,705,422,1797,1
2026-09-03 22:18:39,710,418,1802,1
2026-09-03 22:18:39,708,426,1802,1
2026-09-03 22:18:40,707,417,1804,1
2026-09-03 22:18:41,698,425,1802,1
2026-09-03 22:18:42,707,410,1801,1
2026-09-03 22:18:43,702,417,1807,1
2026-09-03 22:18:44,700,411,1800,1
2026-09-03 22:18:45,703,423,1801,1
2026-09-03 22:18:46,702,416,1800,1
2026-09-03 22:18:47,697,419,1795,1
2026-09-03 22:18:48,704,407,1798,1
2026-09-03 22:18:49,698,408,1794,1
2026-09-03 22:18:50,692,404,1798,1
2026-09-03 22:18:51,701,402,1798,1
2026-09-03 22:18:52,696,406,1798,1
2026-09-03 22:18:54,694,403,1795,1
2026-09-03 22:18:58,710,399,1801,1
2026-09-03 22:18:58,702,403,1803,1
2026-09-03 22:18:58,704,404,1795,1
2026-09-03 22:18:58,699,398,1799,1
2026-09-03 22:18:58,703,399,1805,1
2026-09-03 22:19:03,701,401,1801,1
2026-09-03 22:19:03,697,406,1802,1
2026-09-03 22:19:03,695,397,1802,1
2026-09-03 22:19:03,696,406,1803,1
2026-09-03 22:19:08,697,402,1801,1
2026-09-03 22:19:08,701,404,1804,1
2026-09-03 22:19:08,698,406,1802,1
2026-09-03 22:19:08,693,396,1795,1
2026-09-03 22:19:08,690,400,1799,1
2026-09-03 22:19:08,697,401,1794,1
2026-09-03 22:19:09,697,402,1793,1
2026-09-03 22:19:10,698,402,1801,1
2026-09-03 22:19:11,699,408,1798,1
2026-09-03 22:19:12,704,406,1796,1
2026-09-03 22:19:13,704,406,1793,1
2026-09-03 22:19:14,706,397,1796,1
2026-09-03 22:19:15,711,394,1795,1
2026-09-03 22:19:16,710,409,1797,1
2026-09-03 22:19:17,707,406,1801,1
2026-09-03 22:19:18,709,405,1804,1
2026-09-03 22:19:19,708,402,1802,1
2026-09-03 22:19:20,718,404,1794,1
2026-09-03 22:19:21,703,401,1804,1
2026-09-03 22:19:22,711,406,1798,1
2026-09-03 22:19:23,705,401,1801,1
2026-09-03 22:19:24,707,404,1795,1
2026-09-03 22:19:25,704,401,1795,1
2026-09-03 22:19:26,712,403,1797,1
2026-09-03 22:19:27,703,397,1801,1
2026-09-03 22:19:28,705,409,1796,1
2026-09-03 22:19:29,699,405,1788,1
2026-09-03 22:19:30,698,404,1800,1
2026-09-03 22:19:31,701,404,1800,1
2026-09-03 22:19:32,704,406,1796,1
2026-09-03 22:19:33,715,408,1796,1
2026-09-03 22:19:34,707,396,1799,1
2026-09-03 22:19:35,706,405,1802,1
2026-09-03 22:19:36,700,398,1798,1
2026-09-03 22:19:37,712,406,1789,1
2026-09-03 22:19:38,709,409,1793,1
2026-09-03 22:19:39,711,410,1796,1
2026-09-03 22:19:40,715,409,1795,1
2026-09-03 22:19:41,713,412,1792,1
2026-09-03 22:19:42,713,415,1803,1
2026-09-03 22:19:43,721,410,1797,1
2026-09-03 22:19:44,720,410,1795,1
2026-09-03 22:19:45,713,411,1799,1
2026-09-03 22:19:46,720,410,1798,1
2026-09-03 22:19:47,720,411,1797,1
2026-09-03 22:19:48,714,415,1798,1
2026-09-03 22:19:49,718,413,1796,1
2026-09-03 22:19:50,718,409,1795,1
2026-09-03 22:19:51,713,418,1795,1
2026-09-03 22:19:52,720,412,1792,1
2026-09-03 22:19:53,722,414,1794,1
2026-09-03 22:19:54,724,409,1791,1
2026-09-03 22:19:55,715,413,1789,1
2026-09-03 22:19:56,713,419,1787,1
2026-09-03 22:19:57,718,410,1787,1
2026-09-03 22:19:58,720,415,1794,1
2026-09-03 22:19:59,724,418,1791,1
2026-09-03 22:20:00,716,414,1794,1
2026-09-03 22:20:03,718,418,1798,1
2026-09-03 22:20:03,720,417,1790,1
2026-09-03 22:20:03,715,410,1791,1
2026-09-03 22:20:05,724,419,1792,1
2026-09-03 22:20:08,717,412,1788,1
2026-09-03 22:20:08,725,411,1787,1
2026-09-03 22:20:08,716,419,1793,1
2026-09-03 22:20:08,715,419,1790,1
2026-09-03 22:20:09,714,417,1797,1
2026-09-03 22:20:10,718,416,1785,1
2026-09-03 22:20:11,720,415,1783,1
2026-09-03 22:20:12,714,417,1794,1
2026-09-03 22:20:13,714,421,1789,1
2026-09-03 22:20:14,722,422,1785,1
2026-09-03 22:20:15,721,420,1790,1
2026-09-03 22:20:16,719,416,1791,1
2026-09-03 22:20:17,725,418,1783,1
2026-09-03 22:20:18,725,425,1795,1
2026-09-03 22:20:19,734,420,1793,1
2026-09-03 22:20:20,736,430,1791,1
2026-09-03 22:20:21,726,429,1781,1
2026-09-03 22:20:23,727,424,1784,1
2026-09-03 22:20:23,728,424,1780,1
2026-09-03 22:20:25,718,419,1794,1
2026-09-03 22:20:25,725,421,1794,1
2026-09-03 22:20:26,728,429,1792,1
2026-09-03 22:20:27,724,420,1780,1
2026-09-03 22:20:28,722,430,1787,1
2026-09-03 22:20:29,725,426,1779,1
2026-09-03 22:20:30,728,422,1794,1
2026-09-03 22:20:31,728,424,1791,1
2026-09-03 22:20:32,729,430,1782,1
2026-09-03 22:20:33,727,428,1790,1
2026-09-03 22:20:34,726,421,1786,1
2026-09-03 22:20:35,726,426,1793,1
2026-09-03 22:20:36,726,418,1780,1
2026-09-03 22:20:37,725,426,1787,1
2026-09-03 22:20:38,725,422,1789,1
2026-09-03 22:20:39,723,424,1789,1
2026-09-03 22:20:40,719,419,1786,1
2026-09-03 22:20:41,722,421,1786,1
2026-09-03 22:20:42,718,425,1786,1
2026-09-03 22:20:43,726,426,1794,1
2026-09-03 22:20:44,722,422,1790,1
2026-09-03 22:20:45,724,421,1786,1
2026-09-03 22:20:46,719,425,1788,1
2026-09-03 22:20:47,718,421,1779,1
2026-09-03 22:20:48,724,422,1781,1
2026-09-03 22:20:49,723,426,1785,1
2026-09-03 22:20:50,720,420,1782,1
2026-09-03 22:20:51,720,422,1786,1
2026-09-03 22:20:52,732,424,1787,1
2026-09-03 22:20:53,726,419,1780,1
2026-09-03 22:20:54,717,429,1786,1
2026-09-03 22:20:55,723,417,1788,1
2026-09-03 22:20:56,721,425,1781,1
2026-09-03 22:20:57,720,421,1785,1
2026-09-03 22:20:58,715,422,1780,1
2026-09-03 22:20:59,722,426,1780,1
2026-09-03 22:21:00,716,421,1787,1
2026-09-03 22:21:01,716,425,1781,1
2026-09-03 22:21:02,718,423,1778,1
2026-09-03 22:21:03,725,427,1791,1
2026-09-03 22:21:04,721,431,1781,1
2026-09-03 22:21:05,728,427,1788,1
2026-09-03 22:21:06,715,425,1787,1
2026-09-03 22:21:07,719,422,1780,1
2026-09-03 22:21:08,719,423,1789,1
2026-09-03 22:21:09,724,427,1790,1
2026-09-03 22:21:10,714,426,1793,1
2026-09-03 22:21:11,714,423,1789,1
2026-09-03 22:21:12,726,429,1788,1
2026-09-03 22:21:13,721,420,1797,1
2026-09-03 22:21:14,723,419,1797,1
2026-09-03 22:21:15,721,420,1803,1
2026-09-03 22:21:16,713,418,1797,1
2026-09-03 22:21:17,722,424,1798,1
2026-09-03 22:21:18,722,409,1794,1
2026-09-03 22:21:19,723,422,1791,1
2026-09-03 22:21:21,707,424,1805,1
2026-09-03 22:21:23,710,423,1804,1
2026-09-03 22:21:23,712,420,1808,1
2026-09-03 22:21:23,717,417,1801,1
2026-09-03 22:21:24,719,422,1806,1
2026-09-03 22:21:25,716,417,1800,1
2026-09-03 22:21:26,704,415,1803,1
2026-09-03 22:21:27,709,414,1811,1
2026-09-03 22:21:28,706,416,1809,1
2026-09-03 22:21:29,709,409,1806,1
2026-09-03 22:21:30,705,414,1811,1
2026-09-03 22:21:32,702,414,1807,1
2026-09-03 22:21:33,705,412,1807,1
2026-09-03 22:21:33,699,403,1807,1
2026-09-03 22:21:34,701,397,1801,1
2026-09-03 22:21:35,700,404,1811,1
2026-09-03 22:21:36,704,393,1815,1
2026-09-03 22:21:37,699,402,1818,1
2026-09-03 22:21:38,693,390,1811,1
2026-09-03 22:21:39,694,396,1810,1
2026-09-03 22:21:40,697,395,1811,1
2026-09-03 22:21:41,706,397,1805,1
2026-09-03 22:21:42,700,387,1813,1
2026-09-03 22:21:43,700,392,1808,1
2026-09-03 22:21:44,695,390,1801,1
2026-09-03 22:21:45,699,391,1812,1
2026-09-03 22:21:46,697,377,1810,1
2026-09-03 22:21:47,695,389,1812,1
2026-09-03 22:21:48,694,378,1810,1
2026-09-03 22:21:49,689,382,1814,1
2026-09-03 22:21:50,691,381,1813,1
2026-09-03 22:21:51,692,376,1813,1
2026-09-03 22:21:52,693,369,1812,1
2026-09-03 22:21:53,692,369,1813,1
2026-09-03 22:21:54,692,381,1813,1
2026-09-03 22:21:55,690,361,1811,1
2026-09-03 22:21:56,686,379,1808,1
2026-09-03 22:21:57,688,378,1808,1
2026-09-03 22:21:58,691,370,1808,1
2026-09-03 22:21:59,690,370,1820,1
2026-09-03 22:22:00,705,348,1814,1
2026-09-03 22:22:01,677,375,1810,1
2026-09-03 22:22:02,683,373,1814,1
2026-09-03 22:22:04,689,365,1812,1
2026-09-03 22:22:08,684,369,1808,1
2026-09-03 22:22:08,689,366,1802,1
2026-09-03 22:22:08,686,369,1809,1
2026-09-03 22:22:08,689,362,1809,1
2026-09-03 22:22:08,682,378,1804,1
2026-09-03 22:22:09,689,366,1807,1
2026-09-03 22:22:10,693,376,1806,1
2026-09-03 22:22:11,687,367,1808,1
2026-09-03 22:22:13,683,362,1810,1
2026-09-03 22:22:13,684,366,1803,1
2026-09-03 22:22:14,694,367,1800,1
2026-09-03 22:22:18,688,366,1809,1
2026-09-03 22:22:18,685,369,1805,1
2026-09-03 22:22:18,695,370,1805,1
2026-09-03 22:22:18,690,358,1805,1
2026-09-03 22:22:19,689,359,1805,1
2026-09-03 22:22:20,691,368,1808,1
2026-09-03 22:22:21,685,367,1805,1
2026-09-03 22:22:22,694,357,1807,1
2026-09-03 22:22:23,690,363,1805,1
2026-09-03 22:22:24,692,365,1811,1
2026-09-03 22:22:25,693,369,1811,1
2026-09-03 22:22:26,698,375,1803,1
2026-09-03 22:22:27,690,363,1813,1
2026-09-03 22:22:28,695,365,1809,1
2026-09-03 22:22:29,689,362,1810,1
2026-09-03 22:22:30,691,358,1807,1
2026-09-03 22:22:31,697,351,1796,1
2026-09-03 22:22:32,689,363,1807,1
2026-09-03 22:22:33,699,356,1804,1
2026-09-03 22:22:34,693,346,1802,1
2026-09-03 22:22:35,699,357,1807,1
2026-09-03 22:22:36,694,364,1804,1
2026-09-03 22:22:37,689,359,1810,1
2026-09-03 22:22:38,691,360,1802,1
2026-09-03 22:22:39,697,359,1806,1
2026-09-03 22:22:40,688,355,1805,1
2026-09-03 22:22:41,694,359,1800,1
2026-09-03 22:22:42,689,355,1803,1
2026-09-03 22:22:43,694,351,1804,1
2026-09-03 22:22:44,693,359,1793,1
2026-09-03 22:22:45,690,352,1800,1
2026-09-03 22:22:46,703,331,1805,1
2026-09-03 22:22:47,690,357,1803,1
2026-09-03 22:22:48,695,358,1796,1
2026-09-03 22:22:49,698,363,1800,1
2026-09-03 22:22:50,699,364,1794,1
2026-09-03 22:22:51,702,358,1795,1
2026-09-03 22:22:52,698,353,1800,1
2026-09-03 22:22:53,704,364,1801,1
2026-09-03 22:22:54,701,353,1799,1
2026-09-03 22:22:55,703,355,1798,1
2026-09-03 22:22:56,701,365,1803,1
2026-09-03 22:22:57,707,371,1802,1
2026-09-03 22:22:58,696,361,1803,1
2026-09-03 22:22:59,706,355,1800,1
2026-09-03 22:23:00,706,366,1800,1
2026-09-03 22:23:01,710,364,1796,1
2026-09-03 22:23:02,710,367,1801,1
2026-09-03 22:23:03,704,368,1798,1
2026-09-03 22:23:04,718,372,1809,1
2026-09-03 22:23:05,711,368,1811,1
2026-09-03 22:23:06,712,366,1811,1
2026-09-03 22:23:07,713,363,1809,1
2026-09-03 22:23:08,710,365,1804,1
2026-09-03 22:23:09,710,364,1811,1
2026-09-03 22:23:10,701,357,1805,1
2026-09-03 22:23:11,698,350,1806,1
2026-09-03 22:23:12,699,356,1811,1
2026-09-03 22:23:13,711,359,1809,1
2026-09-03 22:23:14,702,359,1804,1
2026-09-03 22:23:15,706,360,1806,1
2026-09-03 22:23:16,710,351,1809,1
2026-09-03 22:23:17,702,355,1806,1
2026-09-03 22:23:18,698,346,1806,1
2026-09-03 22:23:19,699,341,1810,1
2026-09-03 22:23:20,702,348,1808,1
2026-09-03 22:23:21,690,352,1811,1
2026-09-03 22:23:22,703,346,1812,1
2026-09-03 22:23:23,702,342,1805,1
2026-09-03 22:23:24,706,344,1808,1
2026-09-03 22:23:25,705,346,1808,1
2026-09-03 22:23:26,698,348,1810,1
2026-09-03 22:23:27,704,342,1802,1
2026-09-03 22:23:28,696,344,1813,1
2026-09-03 22:23:29,703,340,1815,1
2026-09-03 22:23:30,705,336,1808,1
2026-09-03 22:23:31,700,342,1805,1
2026-09-03 22:23:32,703,337,1817,1
2026-09-03 22:23:33,696,339,1807,1
2026-09-03 22:23:34,702,341,1810,1
2026-09-03 22:23:35,697,334,1809,1
2026-09-03 22:23:36,697,339,1810,1
2026-09-03 22:23:37,701,336,1805,1
2026-09-03 22:23:38,698,349,1808,1
2026-09-03 22:23:39,703,335,1807,1
2026-09-03 22:23:40,695,338,1800,1
2026-09-03 22:23:41,698,341,1804,1
2026-09-03 22:23:42,696,337,1808,1
2026-09-03 22:23:43,700,337,1806,1
2026-09-03 22:23:44,699,333,1802,1
2026-09-03 22:23:45,698,343,1813,1
2026-09-03 22:23:46,701,335,1811,1
2026-09-03 22:23:47,698,331,1808,1
2026-09-03 22:23:48,697,330,1811,1
2026-09-03 22:23:49,702,330,1808,1
2026-09-03 22:23:50,701,327,1807,1
2026-09-03 22:23:51,691,321,1816,1
2026-09-03 22:23:52,705,316,1808,1
2026-09-03 22:23:53,691,319,1815,1
2026-09-03 22:23:54,686,323,1808,1
2026-09-03 22:23:55,696,309,1812,1
2026-09-03 22:23:56,700,305,1808,1
2026-09-03 22:23:57,705,314,1802,1
2026-09-03 22:23:58,698,312,1815,1
2026-09-03 22:23:59,701,312,1808,1
2026-09-03 22:24:00,702,302,1811,1
2026-09-03 22:24:01,697,304,1815,1
2026-09-03 22:24:02,696,303,1813,1
2026-09-03 22:24:03,693,297,1818,1
2026-09-03 22:24:04,698,303,1813,1
2026-09-03 22:24:05,698,303,1812,1
2026-09-03 22:24:06,695,307,1817,1
2026-09-03 22:24:07,691,303,1813,1
2026-09-03 22:24:08,689,296,1815,1
2026-09-03 22:24:09,696,301,1813,1
2026-09-03 22:24:10,696,294,1820,1
2026-09-03 22:24:11,692,298,1814,1
2026-09-03 22:24:12,687,299,1817,1
2026-09-03 22:24:13,691,304,1810,1
2026-09-03 22:24:14,692,304,1816,1
2026-09-03 22:24:15,697,294,1814,1
2026-09-03 22:24:16,694,306,1817,1
2026-09-03 22:24:17,702,307,1816,1
2026-09-03 22:24:18,702,306,1803,1
2026-09-03 22:24:19,699,302,1812,1
2026-09-03 22:24:20,699,290,1815,1
2026-09-03 22:24:21,695,309,1809,1
2026-09-03 22:24:22,700,304,1815,1
2026-09-03 22:24:23,701,308,1815,1
2026-09-03 22:24:24,706,308,1811,1
2026-09-03 22:24:25,706,313,1815,1
2026-09-03 22:24:26,705,305,1807,1
2026-09-03 22:24:27,707,305,1815,1
2026-09-03 22:24:28,713,309,1802,1
2026-09-03 22:24:29,707,312,1816,1
2026-09-03 22:24:30,712,313,1808,1
2026-09-03 22:24:31,717,319,1808,1
2026-09-03 22:24:32,711,321,1804,1
2026-09-03 22:24:33,712,318,1808,1
2026-09-03 22:24:34,716,315,1809,1
2026-09-03 22:24:35,708,318,1809,1
2026-09-03 22:24:36,709,321,1807,1
2026-09-03 22:24:37,715,324,1814,1
2026-09-03 22:24:38,709,319,1807,1
2026-09-03 22:24:39,714,324,1815,1
2026-09-03 22:24:40,713,325,1812,1
2026-09-03 22:24:41,716,317,1815,1
2026-09-03 22:24:42,719,324,1805,1
2026-09-03 22:24:43,729,323,1811,1
2026-09-03 22:24:44,717,321,1816,1
2026-09-03 22:24:45,721,321,1809,1
2026-09-03 22:24:46,724,321,1815,1
2026-09-03 22:24:47,727,325,1812,1
2026-09-03 22:24:48,724,326,1817,1
2026-09-03 22:24:49,734,328,1811,1
2026-09-03 22:24:50,727,322,1813,1
2026-09-03 22:24:51,737,323,1813,1
2026-09-03 22:24:52,730,327,1810,1
2026-09-03 22:24:53,737,329,1814,1
2026-09-03 22:24:54,741,328,1813,1
2026-09-03 22:24:55,737,334,1817,1
2026-09-03 22:24:56,739,333,1812,1
2026-09-03 22:24:57,734,333,1814,1
2026-09-03 22:24:58,747,338,1803,1
2026-09-03 22:24:59,746,340,1808,1
2026-09-03 22:25:00,747,338,1815,1
2026-09-03 22:25:01,743,338,1815,1
2026-09-03 22:25:02,748,342,1810,1
2026-09-03 22:25:03,747,343,1809,1
2026-09-03 22:25:04,744,340,1813,1
2026-09-03 22:25:05,748,343,1811,1
2026-09-03 22:25:06,740,344,1811,1
2026-09-03 22:25:07,737,347,1812,1
2026-09-03 22:25:08,754,351,1813,1
2026-09-03 22:25:09,741,357,1811,1
2026-09-03 22:25:10,755,327,1814,1
2026-09-03 22:25:11,749,352,1807,1
2026-09-03 22:25:12,752,352,1810,1
2026-09-03 22:25:13,743,356,1806,1
2026-09-03 22:25:14,751,366,1807,1
2026-09-03 22:25:15,751,357,1805,1
2026-09-03 22:25:16,743,363,1806,1
2026-09-03 22:25:17,743,355,1808,1
2026-09-03 22:25:18,743,360,1811,1
2026-09-03 22:25:19,741,364,1806,1
2026-09-03 22:25:20,749,359,1808,1
2026-09-03 22:25:21,748,355,1809,1
2026-09-03 22:25:22,754,361,1816,1
2026-09-03 22:25:23,761,353,1802,1
2026-09-03 22:25:24,745,360,1810,1
2026-09-03 22:25:25,749,356,1808,1
2026-09-03 22:25:26,751,366,1816,1
2026-09-03 22:25:27,750,364,1812,1
2026-09-03 22:25:28,750,372,1812,1
2026-09-03 22:25:29,751,365,1814,1
2026-09-03 22:25:30,746,363,1805,1
2026-09-03 22:25:31,748,358,1817,1
2026-09-03 22:25:32,751,366,1811,1
2026-09-03 22:25:33,744,358,1808,1
2026-09-03 22:25:34,751,361,1814,1
2026-09-03 22:25:35,749,363,1805,1
2026-09-03 22:25:36,746,365,1811,1
2026-09-03 22:25:37,747,362,1806,1
2026-09-03 22:25:38,749,364,1812,1
2026-09-03 22:25:39,737,365,1810,1
2026-09-03 22:25:40,752,364,1808,1
2026-09-03 22:25:41,744,374,1817,1
2026-09-03 22:25:42,746,369,1809,1
2026-09-03 22:25:43,733,364,1815,1
2026-09-03 22:25:44,744,373,1809,1
2026-09-03 22:25:45,741,359,1807,1
2026-09-03 22:25:46,740,363,1810,1
2026-09-03 22:25:47,742,361,1820,1
2026-09-03 22:25:48,745,360,1813,1
2026-09-03 22:25:49,744,368,1822,1
2026-09-03 22:25:50,741,363,1809,1
2026-09-03 22:25:51,747,366,1805,1
2026-09-03 22:25:52,743,363,1812,1
2026-09-03 22:25:53,740,365,1808,1
2026-09-03 22:25:54,748,365,1809,1
2026-09-03 22:25:55,746,360,1807,1
2026-09-03 22:25:56,733,369,1804,1
2026-09-03 22:25:57,737,374,1813,1
2026-09-03 22:25:58,736,374,1804,1
2026-09-03 22:25:59,741,369,1811,1
2026-09-03 22:26:00,741,364,1812,1
2026-09-03 22:26:01,735,374,1812,1
2026-09-03 22:26:02,742,366,1803,1
2026-09-03 22:26:03,744,371,1805,1
2026-09-03 22:26:04,741,365,1809,1
2026-09-03 22:26:05,734,376,1798,1
2026-09-03 22:26:06,739,372,1799,1
2026-09-03 22:26:07,736,372,1801,1
2026-09-03 22:26:08,735,377,1804,1
2026-09-03 22:26:09,732,372,1801,1
2026-09-03 22:26:10,740,370,1805,1
2026-09-03 22:26:11,743,371,1806,1
2026-09-03 22:26:12,739,376,1804,1
2026-09-03 22:26:13,733,374,1811,1
2026-09-03 22:26:14,743,373,1807,1
2026-09-03 22:26:15,738,370,1813,1
2026-09-03 22:26:16,736,370,1807,1
2026-09-03 22:26:17,738,376,1808,1
2026-09-03 22:26:18,741,377,1817,1
2026-09-03 22:26:19,731,372,1816,1
2026-09-03 22:26:20,740,379,1816,1
2026-09-03 22:26:21,734,380,1810,1
2026-09-03 22:26:22,741,379,1812,1
2026-09-03 22:26:23,733,375,1816,1
2026-09-03 22:26:24,737,390,1818,1
2026-09-03 22:26:25,739,387,1807,1
2026-09-03 22:26:26,743,387,1814,1
2026-09-03 22:26:27,748,386,1812,1
2026-09-03 22:26:28,742,384,1809,1
2026-09-03 22:26:29,747,394,1817,1
2026-09-03 22:26:30,745,387,1807,1
2026-09-03 22:26:31,744,391,1814,1
2026-09-03 22:26:32,754,391,1815,1
2026-09-03 22:26:33,745,393,1807,1
2026-09-03 22:26:34,747,392,1817,1
2026-09-03 22:26:35,748,390,1807,1
2026-09-03 22:26:36,748,394,1809,1
2026-09-03 22:26:37,751,403,1810,1
2026-09-03 22:26:38,742,394,1810,1
2026-09-03 22:26:39,752,397,1815,1
2026-09-03 22:26:40,747,391,1809,1
2026-09-03 22:26:41,745,396,1806,1
2026-09-03 22:26:42,752,395,1805,1
2026-09-03 22:26:43,751,400,1813,1
2026-09-03 22:26:44,748,396,1816,1
2026-09-03 22:26:45,753,404,1808,1
2026-09-03 22:26:46,747,403,1812,1
2026-09-03 22:26:47,744,399,1806,1
2026-09-03 22:26:48,750,407,1807,1
2026-09-03 22:26:49,752,406,1805,1
2026-09-03 22:26:50,753,399,1808,1
2026-09-03 22:26:51,753,400,1800,1
2026-09-03 22:26:52,741,404,1806,1
2026-09-03 22:26:53,745,406,1804,1
2026-09-03 22:26:54,758,399,1809,1
2026-09-03 22:26:55,746,398,1809,1
2026-09-03 22:26:56,747,407,1812,1
2026-09-03 22:26:57,751,402,1806,1
2026-09-03 22:26:58,752,400,1804,1
2026-09-03 22:26:59,752,400,1801,1
2026-09-03 22:27:00,757,406,1809,1
2026-09-03 22:27:01,759,403,1810,1
2026-09-03 22:27:02,750,401,1813,1
2026-09-03 22:27:03,751,407,1806,1
2026-09-03 22:27:04,760,403,1809,1
2026-09-03 22:27:05,750,408,1812,1
2026-09-03 22:27:06,754,405,1811,1
2026-09-03 22:27:07,755,404,1808,1
2026-09-03 22:27:08,751,406,1807,1
2026-09-03 22:27:09,757,398,1806,1
2026-09-03 22:27:10,751,405,1807,3
2026-09-03 22:27:11,751,412,1804,3
2026-09-03 22:27:12,749,409,1809,3
2026-09-03 22:27:13,752,400,1809,3
2026-09-03 22:27:14,753,406,1803,3
2026-09-03 22:27:15,746,406,1806,3
2026-09-03 22:27:16,749,403,1811,3
2026-09-03 22:27:17,751,404,1806,3
2026-09-03 22:27:18,751,404,1797,3
2026-09-03 22:27:19,753,409,1799,3
2026-09-03 22:27:20,753,396,1799,3
2026-09-03 22:27:21,745,395,1802,3
2026-09-03 22:27:22,753,408,1796,3
2026-09-03 22:27:23,751,411,1807,3
2026-09-03 22:27:24,741,403,1791,3
2026-09-03 22:27:25,750,417,1796,3
2026-09-03 22:27:26,752,413,1800,3
2026-09-03 22:27:27,748,403,1801,3
2026-09-03 22:27:28,750,408,1803,3
2026-09-03 22:27:29,747,413,1797,3
2026-09-03 22:27:30,749,412,1796,3
2026-09-03 22:27:31,741,415,1799,3
2026-09-03 22:27:32,744,413,1800,3
2026-09-03 22:27:33,748,417,1797,3
2026-09-03 22:27:34,750,409,1799,3
2026-09-03 22:27:35,748,414,1799,3
2026-09-03 22:27:36,740,411,1794,3
2026-09-03 22:27:37,749,414,1802,3
2026-09-03 22:27:38,739,411,1798,3
2026-09-03 22:27:39,755,415,1799,3
2026-09-03 22:27:40,747,414,1797,3
2026-09-03 22:27:41,746,413,1785,3
2026-09-03 22:27:42,753,418,1796,3
2026-09-03 22:27:43,757,396,1796,3
2026-09-03 22:27:44,740,421,1793,3
2026-09-03 22:27:45,744,420,1794,3
2026-09-03 22:27:46,747,417,1791,3
2026-09-03 22:27:47,742,428,1789,3
2026-09-03 22:27:48,743,416,1788,3
2026-09-03 22:27:49,738,426,1787,3
2026-09-03 22:27:50,747,427,1789,3
2026-09-03 22:27:51,740,421,1795,3
2026-09-03 22:27:52,745,424,1792,3
2026-09-03 22:27:53,744,422,1788,3
2026-09-03 22:27:54,748,420,1792,3
2026-09-03 22:27:55,756,420,1785,3
2026-09-03 22:27:56,753,420,1788,3
2026-09-03 22:27:57,744,416,1797,3
2026-09-03 22:27:58,745,419,1790,3
2026-09-03 22:27:59,749,422,1791,3
2026-09-03 22:28:00,748,417,1790,3
2026-09-03 22:28:01,746,420,1800,3
2026-09-03 22:28:02,739,430,1795,3
2026-09-03 22:28:03,742,429,1786,3
2026-09-03 22:28:04,743,423,1790,3
2026-09-03 22:28:05,748,425,1793,3
2026-09-03 22:28:06,742,418,1796,3
2026-09-03 22:28:07,738,423,1794,3
2026-09-03 22:28:08,739,422,1791,3
2026-09-03 22:28:09,736,428,1797,3
2026-09-03 22:28:10,736,421,1794,3
2026-09-03 22:28:11,737,419,1789,3
2026-09-03 22:28:12,733,428,1795,3
2026-09-03 22:28:13,735,418,1794,3
2026-09-03 22:28:14,733,425,1795,3
2026-09-03 22:28:15,733,419,1785,3
2026-09-03 22:28:16,731,423,1803,3
2026-09-03 22:28:17,725,421,1793,3
2026-09-03 22:28:18,728,425,1798,3
2026-09-03 22:28:19,725,415,1792,3
2026-09-03 22:28:20,723,430,1796,3
2026-09-03 22:28:21,729,426,1799,3
2026-09-03 22:28:22,718,417,1790,3
2026-09-03 22:28:23,728,418,1794,3
2026-09-03 22:28:24,729,417,1785,3
2026-09-03 22:28:25,730,420,1789,3
2026-09-03 22:28:26,716,424,1793,3
2026-09-03 22:28:27,726,418,1801,3
2026-09-03 22:28:28,725,423,1791,3
2026-09-03 22:28:29,716,415,1794,3
2026-09-03 22:28:30,722,414,1794,3
2026-09-03 22:28:31,722,418,1795,3
2026-09-03 22:28:32,728,416,1795,3
2026-09-03 22:28:33,720,417,1800,3
2026-09-03 22:28:34,722,422,1789,3
2026-09-03 22:28:35,726,415,1798,3
2026-09-03 22:28:36,719,427,1790,3
2026-09-03 22:28:37,719,420,1793,3
2026-09-03 22:28:38,721,417,1794,3
2026-09-03 22:28:39,721,419,1797,3
2026-09-03 22:28:40,726,424,1795,3
2026-09-03 22:28:41,718,419,1790,3
2026-09-03 22:28:42,724,419,1799,3
2026-09-03 22:28:43,728,422,1797,3
2026-09-03 22:28:44,716,419,1788,3
2026-09-03 22:28:45,727,422,1799,3
2026-09-03 22:28:46,721,420,1796,3
2026-09-03 22:28:47,723,419,1798,3
2026-09-03 22:28:48,720,425,1794,3
2026-09-03 22:28:49,727,419,1801,3
2026-09-03 22:28:50,717,423,1797,3
2026-09-03 22:28:51,721,425,1803,3
2026-09-03 22:28:52,727,422,1809,3
2026-09-03 22:28:53,718,424,1801,3
2026-09-03 22:28:54,715,427,1801,3
2026-09-03 22:28:55,711,429,1811,3
2026-09-03 22:28:56,719,430,1800,3
2026-09-03 22:28:57,717,420,1810,3
2026-09-03 22:28:58,712,416,1802,3
2026-09-03 22:28:59,717,422,1804,3
2026-09-03 22:29:00,716,425,1804,3
2026-09-03 22:29:01,718,423,1805,3
2026-09-03 22:29:02,716,428,1805,3
2026-09-03 22:29:03,704,422,1810,3
2026-09-03 22:29:04,717,428,1799,3
2026-09-03 22:29:05,722,429,1798,3
2026-09-03 22:29:06,714,430,1803,3
2026-09-03 22:29:07,722,427,1805,3
2026-09-03 22:29:08,718,428,1802,3
2026-09-03 22:29:09,715,432,1800,3
2026-09-03 22:29:10,717,425,1801,3
2026-09-03 22:29:14,715,425,1804,3
2026-09-03 22:29:14,711,420,1795,3
2026-09-03 22:29:14,713,423,1799,3
2026-09-03 22:29:14,715,433,1804,3
2026-09-03 22:29:15,717,429,1789,3
2026-09-03 22:29:16,717,419,1798,3
2026-09-03 22:29:17,716,432,1809,3
2026-09-03 22:29:18,713,427,1798,3
2026-09-03 22:29:19,724,430,1797,3
2026-09-03 22:29:20,719,425,1808,3
2026-09-03 22:29:21,720,430,1802,3
2026-09-03 22:29:22,718,433,1801,3
2026-09-03 22:29:23,718,430,1802,3
2026-09-03 22:29:24,714,435,1791,3
2026-09-03 22:29:25,714,435,1788,3
2026-09-03 22:29:26,723,433,1799,3
2026-09-03 22:29:27,715,429,1803,3
2026-09-03 22:29:28,726,435,1800,3
2026-09-03 22:29:29,720,429,1798,3
2026-09-03 22:29:30,719,432,1796,3
2026-09-03 22:29:31,720,428,1798,3
2026-09-03 22:29:32,715,435,1801,3
2026-09-03 22:29:33,715,431,1797,3
2026-09-03 22:29:34,722,430,1797,3
2026-09-03 22:29:35,714,430,1791,3
2026-09-03 22:29:36,726,431,1785,3
2026-09-03 22:29:37,723,434,1802,3
2026-09-03 22:29:38,724,433,1796,3
2026-09-03 22:29:39,718,431,1793,3
2026-09-03 22:29:40,715,434,1806,3
2026-09-03 22:29:41,722,431,1799,3
2026-09-03 22:29:42,718,435,1801,3
2026-09-03 22:29:43,715,434,1806,3
2026-09-03 22:29:44,719,427,1800,3
2026-09-03 22:29:45,720,430,1801,3
2026-09-03 22:29:46,718,434,1796,3
2026-09-03 22:29:47,715,437,1803,3
2026-09-03 22:29:48,713,429,1803,3
2026-09-03 22:29:49,720,435,1800,3
2026-09-03 22:29:50,705,432,1804,3
2026-09-03 22:29:51,711,425,1797,3
2026-09-03 22:29:52,712,421,1807,3
2026-09-03 22:29:53,711,431,1803,3
2026-09-03 22:29:54,711,428,1797,3
2026-09-03 22:29:55,710,428,1802,3
2026-09-03 22:29:56,712,425,1808,3
2026-09-03 22:29:57,715,432,1801,3
2026-09-03 22:29:58,712,430,1790,3
2026-09-03 22:29:59,712,432,1804,3
2026-09-03 22:30:00,713,425,1798,3
2026-09-03 22:30:01,714,429,1798,3
2026-09-03 22:30:02,709,432,1804,3
2026-09-03 22:30:03,715,428,1804,3
2026-09-03 22:30:04,713,426,1801,3
2026-09-03 22:30:05,706,422,1800,3
2026-09-03 22:30:06,709,421,1797,3
2026-09-03 22:30:07,710,434,1805,3
2026-09-03 22:30:08,711,429,1805,3
2026-09-03 22:30:09,720,430,1798,3
2026-09-03 22:30:10,720,422,1799,3
2026-09-03 22:30:11,716,424,1795,3
2026-09-03 22:30:12,714,432,1800,3
2026-09-03 22:30:13,721,428,1795,3
2026-09-03 22:30:14,715,425,1800,3
2026-09-03 22:30:15,709,422,1800,3
2026-09-03 22:30:16,719,427,1798,3
2026-09-03 22:30:18,711,435,1795,3
2026-09-03 22:30:18,714,430,1799,3
2026-09-03 22:30:19,717,426,1800,3
2026-09-03 22:30:20,719,423,1797,3
2026-09-03 22:30:22,717,421,1811,3
2026-09-03 22:30:22,719,429,1797,3
2026-09-03 22:30:23,722,430,1803,3
2026-09-03 22:30:24,718,423,1802,3
2026-09-03 22:30:25,726,426,1796,3
2026-09-03 22:30:27,717,423,1806,3
2026-09-03 22:30:29,723,422,1798,3
2026-09-03 22:30:29,725,425,1806,3
2026-09-03 22:30:29,723,421,1800,3
2026-09-03 22:30:30,720,412,1800,3
2026-09-03 22:30:31,718,420,1807,3
2026-09-03 22:30:32,721,424,1798,3
2026-09-03 22:30:33,720,420,1799,3
2026-09-03 22:30:34,716,433,1791,3
2026-09-03 22:30:35,721,421,1796,3
2026-09-03 22:30:36,734,422,1793,3
2026-09-03 22:30:37,714,421,1792,3
2026-09-03 22:30:39,720,427,1805,3
2026-09-03 22:30:39,718,425,1794,3
2026-09-03 22:30:40,721,424,1796,3
2026-09-03 22:30:41,732,428,1797,3
2026-09-03 22:30:43,723,419,1796,3
2026-09-03 22:30:44,732,422,1793,3
2026-09-03 22:30:44,725,427,1793,3
2026-09-03 22:30:45,730,430,1793,3
2026-09-03 22:30:46,719,431,1799,3
2026-09-03 22:30:47,730,431,1792,3
2026-09-03 22:30:48,716,430,1798,3
2026-09-03 22:30:49,721,433,1791,3
2026-09-03 22:30:50,728,425,1797,3
2026-09-03 22:30:51,719,425,1800,3
2026-09-03 22:30:52,716,427,1791,3
2026-09-03 22:30:53,720,423,1791,3
2026-09-03 22:30:54,725,425,1792,3
2026-09-03 22:30:55,717,423,1799,3
2026-09-03 22:30:56,715,431,1792,3
2026-09-03 22:30:57,718,429,1790,3
2026-09-03 22:30:58,712,428,1793,3
2026-09-03 22:30:59,717,423,1796,3
2026-09-03 22:31:00,712,429,1788,3
2026-09-03 22:31:01,711,425,1785,3
2026-09-03 22:31:02,714,427,1793,3
2026-09-03 22:31:03,722,397,1796,3
2026-09-03 22:31:04,714,436,1791,3
2026-09-03 22:31:05,722,435,1784,3
2026-09-03 22:31:06,716,426,1791,3
2026-09-03 22:31:07,717,431,1791,3
2026-09-03 22:31:08,709,434,1784,3
2026-09-03 22:31:09,712,432,1793,3
2026-09-03 22:31:10,717,430,1791,3
2026-09-03 22:31:11,719,428,1792,3
2026-09-03 22:31:12,712,440,1787,3
2026-09-03 22:31:14,711,429,1784,3
2026-09-03 22:31:14,715,425,1779,3
2026-09-03 22:31:15,709,424,1782,3
2026-09-03 22:31:16,719,432,1777,3
2026-09-03 22:31:17,717,428,1786,3
2026-09-03 22:31:18,713,427,1792,3
2026-09-03 22:31:19,703,430,1782,3
2026-09-03 22:31:20,702,423,1785,3
2026-09-03 22:31:21,708,434,1791,3
2026-09-03 22:31:22,716,433,1784,3
2026-09-03 22:31:23,714,426,1785,3
2026-09-03 22:31:24,715,434,1781,3
2026-09-03 22:31:26,717,426,1783,3
2026-09-03 22:31:26,716,430,1776,3
2026-09-03 22:31:27,715,423,1784,3
2026-09-03 22:31:28,722,422,1788,3
2026-09-03 22:31:29,714,434,1778,3
2026-09-03 22:31:30,719,431,1775,3
2026-09-03 22:31:31,715,435,1783,3
2026-09-03 22:31:32,717,423,1784,3
2026-09-03 22:31:33,718,429,1784,3
2026-09-03 22:31:34,715,428,1779,3
2026-09-03 22:31:35,721,437,1782,3
2026-09-03 22:31:36,728,426,1774,3
2026-09-03 22:31:37,725,432,1779,3
2026-09-03 22:31:38,725,428,1782,3
2026-09-03 22:31:39,722,427,1775,3
2026-09-03 22:31:40,723,422,1777,3
2026-09-03 22:31:41,722,432,1778,3
2026-09-03 22:31:42,723,430,1777,3
2026-09-03 22:31:43,722,430,1776,3
2026-09-03 22:31:44,727,431,1785,3
2026-09-03 22:31:45,722,430,1786,3
2026-09-03 22:31:46,714,425,1787,3
2026-09-03 22:31:47,727,430,1785,3
2026-09-03 22:31:48,727,426,1784,3
2026-09-03 22:31:49,721,429,1792,3
2026-09-03 22:31:50,720,428,1788,3
2026-09-03 22:31:51,709,431,1787,3
2026-09-03 22:31:52,720,421,1794,3
2026-09-03 22:31:53,712,427,1785,3
2026-09-03 22:31:54,717,434,1786,3
2026-09-03 22:31:55,714,435,1794,3
2026-09-03 22:31:56,721,424,1797,3
2026-09-03 22:31:57,708,425,1800,3
2026-09-03 22:31:58,710,423,1793,3
2026-09-03 22:31:59,719,427,1803,3
2026-09-03 22:32:00,711,428,1796,3
2026-09-03 22:32:01,722,423,1804,3
2026-09-03 22:32:02,717,430,1802,3
2026-09-03 22:32:03,709,435,1808,3
2026-09-03 22:32:04,713,430,1804,3
2026-09-03 22:32:05,717,431,1805,3
2026-09-03 22:32:06,709,425,1809,3
2026-09-03 22:32:07,711,427,1796,3
2026-09-03 22:32:08,711,427,1801,3
2026-09-03 22:32:09,710,424,1804,3
2026-09-03 22:32:10,705,438,1811,3
2026-09-03 22:32:11,706,432,1808,3
2026-09-03 22:32:12,710,432,1803,3
2026-09-03 22:32:13,710,427,1809,3
2026-09-03 22:32:14,705,432,1800,3
2026-09-03 22:32:15,711,432,1809,3
2026-09-03 22:32:16,714,425,1809,3
2026-09-03 22:32:17,706,429,1806,3
2026-09-03 22:32:18,717,430,1809,3
2026-09-03 22:32:19,710,428,1811,3
2026-09-03 22:32:20,711,434,1810,3
2026-09-03 22:32:21,707,430,1809,3
2026-09-03 22:32:22,711,416,1808,3
2026-09-03 22:32:23,705,422,1808,3
2026-09-03 22:32:24,707,426,1803,3
2026-09-03 22:32:25,710,431,1809,3
2026-09-03 22:32:26,706,430,1803,3
2026-09-03 22:32:27,701,436,1806,3
2026-09-03 22:32:28,711,429,1809,3
2026-09-03 22:32:29,709,433,1801,3
2026-09-03 22:32:30,704,433,1803,3
2026-09-03 22:32:31,705,432,1799,3
2026-09-03 22:32:32,712,432,1805,3
2026-09-03 22:32:33,704,436,1803,3
2026-09-03 22:32:34,701,430,1803,3
2026-09-03 22:32:35,701,435,1810,3
2026-09-03 22:32:36,701,436,1800,3
2026-09-03 22:32:37,703,441,1805,3
2026-09-03 22:32:38,712,438,1799,3
2026-09-03 22:32:39,703,438,1801,3
2026-09-03 22:32:40,704,442,1806,3
2026-09-03 22:32:41,703,436,1802,3
2026-09-03 22:32:42,701,437,1800,3
2026-09-03 22:32:43,694,439,1807,3
2026-09-03 22:32:44,703,436,1807,3
2026-09-03 22:32:45,708,440,1808,3
2026-09-03 22:32:46,705,439,1807,3
2026-09-03 22:32:47,704,439,1804,3
2026-09-03 22:32:48,708,445,1798,3
2026-09-03 22:32:49,710,442,1804,3
2026-09-03 22:32:50,701,446,1805,3
2026-09-03 22:32:51,706,440,1798,3
2026-09-03 22:32:52,703,443,1804,3
2026-09-03 22:32:53,698,444,1802,3
2026-09-03 22:32:54,702,435,1796,3
2026-09-03 22:32:55,701,439,1797,3
2026-09-03 22:32:56,713,448,1803,3
2026-09-03 22:32:57,706,445,1797,3
2026-09-03 22:32:58,709,447,1802,3
2026-09-03 22:32:59,703,446,1799,3
2026-09-03 22:33:00,694,451,1800,3
2026-09-03 22:33:01,702,446,1802,3
2026-09-03 22:33:02,702,450,1801,3
2026-09-03 22:33:03,696,452,1795,3
2026-09-03 22:33:04,702,449,1796,3
2026-09-03 22:33:05,710,451,1798,3
2026-09-03 22:33:06,698,451,1797,3
2026-09-03 22:33:07,705,445,1801,3
2026-09-03 22:33:08,700,449,1796,3
2026-09-03 22:33:09,698,452,1801,3
2026-09-03 22:33:10,704,453,1803,3
2026-09-03 22:33:11,701,454,1807,3
2026-09-03 22:33:13,702,449,1797,3
2026-09-03 22:33:13,701,448,1800,3
2026-09-03 22:33:14,699,453,1796,3
2026-09-03 22:33:15,704,454,1800,3
2026-09-03 22:33:16,709,463,1798,3
2026-09-03 22:33:17,707,463,1798,3
2026-09-03 22:33:18,702,452,1798,3
2026-09-03 22:33:19,712,453,1805,3
2026-09-03 22:33:20,703,451,1797,3
2026-09-03 22:33:21,707,455,1806,3
2026-09-03 22:33:22,709,457,1804,3
2026-09-03 22:33:23,709,453,1793,3
2026-09-03 22:33:24,712,454,1794,3
2026-09-03 22:33:25,717,459,1796,3
2026-09-03 22:33:26,715,444,1802,3
2026-09-03 22:33:27,713,456,1803,3
2026-09-03 22:33:28,713,454,1799,3
2026-09-03 22:33:29,716,454,1801,3
2026-09-03 22:33:30,717,459,1804,3
2026-09-03 22:33:31,715,462,1807,3
2026-09-03 22:33:32,728,458,1806,3
2026-09-03 22:33:33,715,450,1796,3
2026-09-03 22:33:34,726,459,1796,3
2026-09-03 22:33:35,718,459,1808,3
2026-09-03 22:33:36,718,458,1796,3
2026-09-03 22:33:37,712,457,1794,3
2026-09-03 22:33:38,714,462,1801,3
2026-09-03 22:33:39,712,454,1799,3
2026-09-03 22:33:40,714,458,1799,3
2026-09-03 22:33:41,714,460,1793,3
2026-09-03 22:33:42,713,456,1798,3
2026-09-03 22:33:43,711,460,1793,3
2026-09-03 22:33:44,712,454,1794,3
2026-09-03 22:33:45,709,462,1799,3
2026-09-03 22:33:46,714,460,1793,3
2026-09-03 22:33:47,716,456,1791,3
2026-09-03 22:33:48,716,458,1797,3
2026-09-03 22:33:49,719,460,1793,3
2026-09-03 22:33:50,714,457,1780,3
2026-09-03 22:33:51,715,454,1794,3
2026-09-03 22:33:52,711,452,1793,3
2026-09-03 22:33:53,704,462,1797,3
2026-09-03 22:33:54,710,467,1795,3
2026-09-03 22:33:55,713,462,1798,3
2026-09-03 22:33:56,706,457,1797,3
2026-09-03 22:33:57,707,456,1793,3
2026-09-03 22:33:58,702,457,1801,3
2026-09-03 22:33:59,712,454,1801,3
2026-09-03 22:34:00,705,449,1800,3
2026-09-03 22:34:01,709,457,1797,3
2026-09-03 22:34:02,701,460,1798,3
2026-09-03 22:34:03,698,460,1804,3
2026-09-03 22:34:04,693,456,1805,3
2026-09-03 22:34:05,704,465,1799,3
2026-09-03 22:34:06,718,455,1801,3
2026-09-03 22:34:07,705,460,1805,3
2026-09-03 22:34:08,710,459,1811,3
2026-09-03 22:34:09,711,458,1806,3
2026-09-03 22:34:10,713,461,1804,3
2026-09-03 22:34:11,710,469,1807,3
2026-09-03 22:34:12,713,464,1806,3
2026-09-03 22:34:13,712,462,1803,3
2026-09-03 22:34:14,711,452,1806,3
2026-09-03 22:34:15,716,456,1811,3
2026-09-03 22:34:16,710,463,1805,3
2026-09-03 22:34:17,706,462,1807,3
2026-09-03 22:34:18,711,470,1803,3
2026-09-03 22:34:19,715,445,1811,3
2026-09-03 22:34:20,706,468,1807,3
2026-09-03 22:34:21,705,473,1793,3
2026-09-03 22:34:22,710,473,1806,3
2026-09-03 22:34:23,701,468,1810,3
2026-09-03 22:34:24,704,467,1808,3
2026-09-03 22:34:25,704,463,1811,3
2026-09-03 22:34:26,712,478,1809,3
2026-09-03 22:34:27,700,457,1814,3
2026-09-03 22:34:28,701,470,1813,3
2026-09-03 22:34:29,700,467,1810,3
2026-09-03 22:34:30,704,465,1821,3
2026-09-03 22:34:31,698,476,1812,3
2026-09-03 22:34:32,711,474,1811,3
2026-09-03 22:34:33,704,465,1814,3
2026-09-03 22:34:34,696,469,1817,3
2026-09-03 22:34:35,708,459,1815,3
2026-09-03 22:34:36,695,466,1809,3
2026-09-03 22:34:37,703,469,1817,3
2026-09-03 22:34:38,701,472,1826,3
2026-09-03 22:34:39,706,454,1820,3
2026-09-03 22:34:40,702,478,1828,3
2026-09-03 22:34:41,703,479,1813,3
2026-09-03 22:34:42,694,466,1818,3
2026-09-03 22:34:43,698,478,1809,3
2026-09-03 22:34:44,705,472,1813,3
2026-09-03 22:34:45,708,472,1826,3
2026-09-03 22:34:46,701,465,1816,3
2026-09-03 22:34:47,696,476,1815,3
2026-09-03 22:34:48,699,466,1811,3
2026-09-03 22:34:49,703,470,1815,3
2026-09-03 22:34:50,703,473,1816,3
2026-09-03 22:34:51,700,479,1822,3
2026-09-03 22:34:52,700,468,1821,3
2026-09-03 22:34:53,696,469,1821,3
2026-09-03 22:34:54,711,467,1817,3
2026-09-03 22:34:55,700,463,1820,3
2026-09-03 22:34:56,703,470,1814,3
2026-09-03 22:34:57,698,459,1818,3
2026-09-03 22:34:58,693,456,1818,3
2026-09-03 22:34:59,700,461,1813,3
2026-09-03 22:35:00,702,451,1820,3
2026-09-03 22:35:01,702,455,1819,3
2026-09-03 22:35:02,696,453,1823,3
2026-09-03 22:35:03,697,451,1820,3
2026-09-03 22:35:04,698,449,1822,3
2026-09-03 22:35:05,690,452,1816,3
2026-09-03 22:35:06,691,450,1819,3
2026-09-03 22:35:07,696,447,1829,3
2026-09-03 22:35:08,703,447,1829,3
2026-09-03 22:35:09,698,440,1832,3
2026-09-03 22:35:10,699,447,1828,3
2026-09-03 22:35:11,696,450,1830,3
2026-09-03 22:35:12,699,446,1831,3
2026-09-03 22:35:13,700,446,1832,3
2026-09-03 22:35:14,699,449,1833,3
2026-09-03 22:35:15,701,451,1831,3
2026-09-03 22:35:16,692,452,1835,3
2026-09-03 22:35:17,694,446,1838,3
2026-09-03 22:35:18,697,447,1837,3
2026-09-03 22:35:19,688,451,1844,3
2026-09-03 22:35:20,691,446,1838,3
2026-09-03 22:35:21,685,449,1841,3
2026-09-03 22:35:22,681,450,1849,3
2026-09-03 22:35:23,682,453,1839,3
2026-09-03 22:35:24,691,455,1841,3
2026-09-03 22:35:25,691,449,1840,3
2026-09-03 22:35:26,684,450,1842,3
2026-09-03 22:35:27,694,455,1850,3
2026-09-03 22:35:28,689,470,1849,3
2026-09-03 22:35:29,692,464,1851,3
2026-09-03 22:35:30,684,463,1854,3
2026-09-03 22:35:31,684,466,1850,3
2026-09-03 22:35:32,688,463,1857,3
2026-09-03 22:35:33,691,463,1849,3
2026-09-03 22:35:34,691,463,1857,3
2026-09-03 22:35:35,681,474,1857,3
2026-09-03 22:35:36,687,466,1857,3
2026-09-03 22:35:37,684,464,1868,3
2026-09-03 22:35:38,690,466,1853,3
2026-09-03 22:35:39,686,464,1867,3
2026-09-03 22:35:40,686,478,1862,3
2026-09-03 22:35:41,694,475,1863,3
2026-09-03 22:35:42,689,472,1865,3
2026-09-03 22:35:43,693,471,1865,3
2026-09-03 22:35:44,688,466,1866,3
2026-09-03 22:35:45,685,465,1868,3
2026-09-03 22:35:46,683,471,1873,3
2026-09-03 22:35:47,687,470,1867,3
2026-09-03 22:35:48,682,457,1871,3
2026-09-03 22:35:49,688,465,1870,3
2026-09-03 22:35:50,684,470,1876,3
2026-09-03 22:35:51,684,461,1879,3
2026-09-03 22:35:52,676,470,1874,3
2026-09-03 22:35:53,687,465,1879,3
2026-09-03 22:35:54,677,476,1878,3
2026-09-03 22:35:55,692,464,1885,3
2026-09-03 22:35:56,681,451,1877,3
2026-09-03 22:35:57,693,469,1879,3
2026-09-03 22:35:58,690,452,1884,3
2026-09-03 22:35:59,680,464,1880,3
2026-09-03 22:36:00,687,473,1880,3
2026-09-03 22:36:01,686,464,1883,3
2026-09-03 22:36:02,681,472,1883,3
2026-09-03 22:36:03,678,473,1884,3
2026-09-03 22:36:04,675,472,1886,3
2026-09-03 22:36:05,678,476,1885,7
2026-09-03 22:36:06,684,469,1886,7
2026-09-03 22:36:07,683,481,1882,7
2026-09-03 22:36:08,681,477,1895,7
2026-09-03 22:36:09,684,473,1898,7
2026-09-03 22:36:10,687,474,1898,7
2026-09-03 22:36:11,680,478,1890,7
2026-09-03 22:36:12,686,477,1892,7
2026-09-03 22:36:13,689,475,1900,7
2026-09-03 22:36:14,675,478,1894,7
2026-09-03 22:36:15,678,480,1883,7
2026-09-03 22:36:16,680,474,1886,7
2026-09-03 22:36:17,683,481,1898,7
2026-09-03 22:36:18,675,478,1894,7
2026-09-03 22:36:19,682,477,1896,7
2026-09-03 22:36:20,683,472,1900,7
2026-09-03 22:36:21,684,479,1898,7
2026-09-03 22:36:22,683,476,1898,7
2026-09-03 22:36:23,682,485,1893,7
2026-09-03 22:36:24,689,474,1899,7
2026-09-03 22:36:25,676,474,1898,7
2026-09-03 22:36:26,684,471,1899,7
2026-09-03 22:36:27,690,467,1907,7
2026-09-03 22:36:28,679,472,1907,7
2026-09-03 22:36:29,680,468,1902,7
2026-09-03 22:36:30,679,474,1898,7
2026-09-03 22:36:31,677,469,1900,7
2026-09-03 22:36:32,680,465,1905,7
2026-09-03 22:36:33,682,464,1916,7
2026-09-03 22:36:34,684,465,1915,7
2026-09-03 22:36:35,684,467,1920,7
2026-09-03 22:36:36,678,468,1911,7
2026-09-03 22:36:37,677,465,1913,7
2026-09-03 22:36:38,674,463,1918,7
2026-09-03 22:36:39,680,471,1918,7
2026-09-03 22:36:40,681,467,1922,7
2026-09-03 22:36:41,684,466,1925,7
2026-09-03 22:36:42,688,464,1917,7
2026-09-03 22:36:43,685,462,1923,7
2026-09-03 22:36:44,688,470,1922,7
2026-09-03 22:36:45,685,466,1919,7
2026-09-03 22:36:46,679,473,1926,7
2026-09-03 22:36:47,676,467,1930,7
2026-09-03 22:36:48,685,475,1921,7
2026-09-03 22:36:49,680,472,1923,7
2026-09-03 22:36:50,685,477,1928,7
2026-09-03 22:36:51,682,482,1928,7
2026-09-03 22:36:52,686,478,1928,7
2026-09-03 22:36:53,683,481,1932,7
2026-09-03 22:36:54,686,477,1929,7
2026-09-03 22:36:55,680,482,1930,7
2026-09-03 22:36:56,684,480,1936,7
2026-09-03 22:36:57,679,485,1938,7
2026-09-03 22:36:58,684,486,1935,7
2026-09-03 22:36:59,678,490,1932,7
2026-09-03 22:37:00,683,488,1947,7
2026-09-03 22:37:01,686,489,1941,7
2026-09-03 22:37:02,678,490,1942,7
2026-09-03 22:37:03,682,489,1941,7
2026-09-03 22:37:04,679,500,1941,7
2026-09-03 22:37:05,677,497,1943,7
2026-09-03 22:37:06,690,495,1937,7
2026-09-03 22:37:07,678,492,1947,7
2026-09-03 22:37:08,677,489,1947,7
2026-09-03 22:37:09,683,495,1942,7
2026-09-03 22:37:10,666,500,1951,7
2026-09-03 22:37:11,682,493,1946,7
2026-09-03 22:37:12,682,494,1941,7
2026-09-03 22:37:13,680,490,1947,7
2026-09-03 22:37:14,687,487,1950,7
2026-09-03 22:37:15,679,488,1952,7
2026-09-03 22:37:17,671,492,1956,7
2026-09-03 22:37:17,675,496,1944,7
2026-09-03 22:37:18,668,490,1954,7
2026-09-03 22:37:19,669,497,1946,7
2026-09-03 22:37:20,676,484,1948,7
2026-09-03 22:37:21,675,490,1948,7
2026-09-03 22:37:22,674,481,1952,7
2026-09-03 22:37:23,666,482,1950,7
2026-09-03 22:37:24,668,479,1946,7
2026-09-03 22:37:25,671,475,1949,7
2026-09-03 22:37:26,673,470,1945,7
2026-09-03 22:37:27,671,479,1946,7
2026-09-03 22:37:28,670,467,1941,7
2026-09-03 22:37:29,672,468,1948,7
2026-09-03 22:37:30,666,467,1944,7
2026-09-03 22:37:31,661,467,1944,7
2026-09-03 22:37:32,662,456,1942,7
2026-09-03 22:37:33,663,460,1944,7
2026-09-03 22:37:34,659,453,1947,7
2026-09-03 22:37:35,666,455,1944,7
2026-09-03 22:37:36,663,452,1952,7
2026-09-03 22:37:37,674,440,1946,7
2026-09-03 22:37:38,664,451,1941,7
2026-09-03 22:37:39,663,444,1946,7
2026-09-03 22:37:40,658,444,1943,7
2026-09-03 22:37:41,657,428,1941,7
2026-09-03 22:37:42,664,437,1938,7
2026-09-03 22:37:43,656,427,1948,7
2026-09-03 22:37:44,662,426,1943,7
2026-09-03 22:37:45,666,424,1938,7
2026-09-03 22:37:46,658,420,1928,7
2026-09-03 22:37:47,662,425,1938,7
2026-09-03 22:37:48,656,420,1939,7
2026-09-03 22:37:49,658,414,1932,7
2026-09-03 22:37:50,672,419,1928,7
2026-09-03 22:37:51,660,406,1925,7
2026-09-03 22:37:52,664,411,1925,7
2026-09-03 22:37:53,662,405,1928,7
2026-09-03 22:37:54,657,405,1924,7
2026-09-03 22:37:55,661,403,1917,7
2026-09-03 22:37:56,656,394,1923,7
2026-09-03 22:37:57,652,400,1931,7
2026-09-03 22:37:58,654,392,1928,7
2026-09-03 22:37:59,663,398,1927,7
2026-09-03 22:38:00,662,395,1922,7
2026-09-03 22:38:01,663,389,1928,7
2026-09-03 22:38:02,652,389,1926,7
2026-09-03 22:38:03,661,392,1923,7
2026-09-03 22:38:04,661,382,1934,7
2026-09-03 22:38:05,661,381,1932,7
2026-09-03 22:38:06,664,382,1933,7
2026-09-03 22:38:07,663,377,1927,7
2026-09-03 22:38:08,657,386,1931,7
2026-09-03 22:38:09,655,377,1934,7
2026-09-03 22:38:10,661,381,1933,7
2026-09-03 22:38:11,663,384,1937,7
2026-09-03 22:38:13,664,376,1935,7
2026-09-03 22:38:13,660,380,1930,7
2026-09-03 22:38:14,664,368,1935,7
2026-09-03 22:38:15,663,375,1930,7
2026-09-03 22:38:16,661,369,1931,7
2026-09-03 22:38:17,667,376,1929,5
2026-09-03 22:38:18,672,375,1927,5
2026-09-03 22:38:19,667,377,1934,5
2026-09-03 22:38:20,671,378,1930,5
2026-09-03 22:38:21,670,375,1932,5
2026-09-03 22:38:22,674,376,1929,5
2026-09-03 22:38:23,672,369,1934,5
2026-09-03 22:38:24,681,377,1934,5
2026-09-03 22:38:25,682,374,1939,5
2026-09-03 22:38:26,673,371,1933,5
2026-09-03 22:38:27,676,385,1941,5
2026-09-03 22:38:28,687,373,1939,5
2026-09-03 22:38:29,683,383,1943,5
2026-09-03 22:38:30,694,378,1933,5
2026-09-03 22:38:31,698,378,1934,5
2026-09-03 22:38:32,688,380,1942,5
2026-09-03 22:38:33,697,377,1947,5
2026-09-03 22:38:34,687,379,1942,5
2026-09-03 22:38:35,697,381,1939,5
2026-09-03 22:38:36,697,379,1937,5
2026-09-03 22:38:37,690,383,1936,5
2026-09-03 22:38:38,687,382,1945,5
2026-09-03 22:38:39,693,379,1940,5
2026-09-03 22:38:40,694,383,1947,5
2026-09-03 22:38:41,691,382,1942,5
2026-09-03 22:38:42,693,388,1941,5
2026-09-03 22:38:43,689,377,1938,5
2026-09-03 22:38:44,693,380,1948,5
2026-09-03 22:38:45,698,385,1937,5
2026-09-03 22:38:47,690,375,1954,5
2026-09-03 22:38:47,690,372,1942,5
2026-09-03 22:38:48,692,377,1939,5
2026-09-03 22:38:49,697,375,1943,5
2026-09-03 22:38:50,690,365,1941,5
2026-09-03 22:38:51,696,366,1942,5
2026-09-03 22:38:52,701,366,1945,5
2026-09-03 22:38:53,695,372,1940,5
2026-09-03 22:38:54,696,360,1945,5
2026-09-03 22:38:55,693,364,1944,5
2026-09-03 22:38:56,692,357,1944,5
2026-09-03 22:38:57,703,357,1944,5
2026-09-03 22:38:58,698,352,1942,5
2026-09-03 22:38:59,707,355,1954,5
2026-09-03 22:39:00,691,349,1950,5
2026-09-03 22:39:01,703,350,1943,5
2026-09-03 22:39:02,702,351,1949,5
2026-09-03 22:39:03,701,357,1944,5
2026-09-03 22:39:04,699,345,1950,5
2026-09-03 22:39:05,699,343,1947,5
2026-09-03 22:39:06,696,348,1948,5
2026-09-03 22:39:07,700,338,1945,5
2026-09-03 22:39:08,697,335,1944,5
2026-09-03 22:39:11,693,346,1943,5
2026-09-03 22:39:11,695,334,1947,5
2026-09-03 22:39:11,689,343,1952,5
2026-09-03 22:39:12,694,333,1945,5
2026-09-03 22:39:13,698,339,1954,5
2026-09-03 22:39:14,692,332,1950,5
2026-09-03 22:39:15,693,334,1939,5
2026-09-03 22:39:16,690,334,1943,5
2026-09-03 22:39:17,684,332,1942,5
2026-09-03 22:39:18,695,326,1942,5
2026-09-03 22:39:19,688,334,1942,5
2026-09-03 22:39:20,692,334,1947,5
2026-09-03 22:39:21,696,331,1946,5
2026-09-03 22:39:22,696,331,1949,5
2026-09-03 22:39:23,687,320,1941,5
2026-09-03 22:39:24,693,316,1946,5
2026-09-03 22:39:25,686,328,1938,5
2026-09-03 22:39:26,691,320,1940,5
2026-09-03 22:39:27,698,326,1944,5
2026-09-03 22:39:29,698,323,1938,5
2026-09-03 22:39:30,699,326,1942,5
2026-09-03 22:39:30,692,328,1940,5
2026-09-03 22:39:31,700,319,1951,5
2026-09-03 22:39:32,701,323,1944,5
2026-09-03 22:39:33,693,324,1944,5
2026-09-03 22:39:34,696,327,1953,5
2026-09-03 22:39:35,700,328,1954,5
2026-09-03 22:39:36,699,329,1955,5
2026-09-03 22:39:37,703,319,1950,5
2026-09-03 22:39:38,710,326,1953,5
2026-09-03 22:39:39,705,317,1949,5
2026-09-03 22:39:40,707,313,1966,5
2026-09-03 22:39:41,712,312,1961,5
2026-09-03 22:39:42,709,320,1964,5
2026-09-03 22:39:43,713,314,1954,5
2026-09-03 22:39:44,714,322,1961,5
2026-09-03 22:39:45,705,310,1959,5
2026-09-03 22:39:46,710,314,1960,5
2026-09-03 22:39:47,713,314,1955,5
2026-09-03 22:39:48,723,290,1963,5
2026-09-03 22:39:49,715,300,1957,5
2026-09-03 22:39:51,718,299,1954,5
2026-09-03 22:39:51,713,305,1958,5
2026-09-03 22:39:52,710,296,1956,5
2026-09-03 22:39:53,709,297,1960,5
2026-09-03 22:39:54,712,300,1961,5
2026-09-03 22:39:55,715,299,1958,5
2026-09-03 22:39:56,715,301,1951,5
2026-09-03 22:39:57,712,305,1957,5
2026-09-03 22:39:58,715,292,1959,5
2026-09-03 22:40:00,713,295,1964,5
2026-09-03 22:40:00,717,293,1959,5
2026-09-03 22:40:01,715,296,1952,5
2026-09-03 22:40:02,722,291,1954,5
2026-09-03 22:40:03,709,291,1961,5
2026-09-03 22:40:04,716,296,1950,5
2026-09-03 22:40:05,723,293,1953,5
2026-09-03 22:40:06,724,292,1965,5
2026-09-03 22:40:07,714,287,1963,5
2026-09-03 22:40:08,722,286,1957,5
2026-09-03 22:40:09,716,287,1961,5
2026-09-03 22:40:10,727,290,1964,5
2026-09-03 22:40:11,710,277,1963,5
2026-09-03 22:40:12,717,295,1965,5
2026-09-03 22:40:13,726,284,1963,5
2026-09-03 22:40:14,726,288,1963,5
2026-09-03 22:40:15,720,281,1962,5
2026-09-03 22:40:16,724,275,1965,5
2026-09-03 22:40:17,722,272,1963,5
2026-09-03 22:40:18,720,277,1957,5
2026-09-03 22:40:19,714,277,1964,5
2026-09-03 22:40:20,723,271,1959,5
2026-09-03 22:40:21,717,277,1950,5
2026-09-03 22:40:22,725,277,1954,5
2026-09-03 22:40:23,731,274,1956,5
2026-09-03 22:40:24,730,266,1957,5
2026-09-03 22:40:25,727,270,1952,5
2026-09-03 22:40:26,723,270,1955,5
2026-09-03 22:40:27,719,266,1960,5
2026-09-03 22:40:28,722,270,1969,5
2026-09-03 22:40:30,735,266,1961,5
2026-09-03 22:40:30,726,269,1959,5
2026-09-03 22:40:31,722,257,1960,5
2026-09-03 22:40:32,726,265,1967,5
2026-09-03 22:40:33,727,264,1968,5
2026-09-03 22:40:34,725,256,1967,5
2026-09-03 22:40:35,729,256,1968,5
2026-09-03 22:40:36,726,257,1973,5
2026-09-03 22:40:37,724,254,1968,5
2026-09-03 22:40:38,729,257,1964,5
2026-09-03 22:40:39,730,254,1965,5
2026-09-03 22:40:40,726,258,1963,5
2026-09-03 22:40:41,727,251,1966,5
2026-09-03 22:40:42,728,254,1965,5
2026-09-03 22:40:43,726,252,1957,5
2026-09-03 22:40:45,726,248,1969,5
2026-09-03 22:40:45,731,245,1963,5
2026-09-03 22:40:47,731,248,1969,5
2026-09-03 22:40:47,734,248,1970,5
2026-09-03 22:40:48,732,249,1973,5
2026-09-03 22:40:49,733,247,1967,5
2026-09-03 22:40:51,730,243,1961,5
2026-09-03 22:40:51,729,253,1973,5
2026-09-03 22:40:52,730,247,1971,5
2026-09-03 22:40:53,725,246,1965,5
2026-09-03 22:40:54,731,253,1971,5
2026-09-03 22:40:55,736,256,1974,5
2026-09-03 22:40:56,740,249,1973,5
2026-09-03 22:40:57,741,243,1972,5
2026-09-03 22:40:58,742,240,1974,5
2026-09-03 22:40:59,741,246,1975,5
2026-09-03 22:41:00,747,248,1972,5
2026-09-03 22:41:01,755,248,1981,5
2026-09-03 22:41:02,750,244,1973,5
2026-09-03 22:41:04,750,245,1976,5
2026-09-03 22:41:04,746,254,1980,5
2026-09-03 22:41:05,749,260,1976,5
2026-09-03 22:41:07,752,256,1971,5
2026-09-03 22:41:07,756,257,1975,5
2026-09-03 22:41:08,755,264,1974,5
2026-09-03 22:41:09,753,260,1966,5
2026-09-03 22:41:10,754,255,1977,5
2026-09-03 22:41:11,756,255,1973,5
2026-09-03 22:41:12,745,260,1976,5
2026-09-03 22:41:13,755,257,1980,5
2026-09-03 22:41:14,750,257,1981,5
2026-09-03 22:41:15,753,258,1975,5
2026-09-03 22:41:17,760,264,1976,5
2026-09-03 22:41:17,753,266,1979,5
2026-09-03 22:41:18,750,265,1978,5
2026-09-03 22:41:19,758,264,1976,5
2026-09-03 22:41:20,755,265,1976,5
2026-09-03 22:41:21,753,269,1981,5
2026-09-03 22:41:22,756,265,1977,5
2026-09-03 22:41:23,748,271,1978,5
2026-09-03 22:41:24,761,265,1976,5
2026-09-03 22:41:25,757,267,1980,5
2026-09-03 22:41:26,762,279,1985,5
2026-09-03 22:41:27,760,270,1970,5
2026-09-03 22:41:28,763,266,1980,5
2026-09-03 22:41:29,764,271,1985,5
2026-09-03 22:41:30,769,269,1981,5
2026-09-03 22:41:31,765,269,1986,5
2026-09-03 22:41:32,757,272,1983,5
2026-09-03 22:41:34,765,268,1978,5
2026-09-03 22:41:34,760,263,1978,5
2026-09-03 22:41:35,755,276,1983,5
2026-09-03 22:41:36,756,268,1983,5
2026-09-03 22:41:37,757,271,1980,5
2026-09-03 22:41:38,766,268,1978,5
2026-09-03 22:41:39,756,264,1975,5
2026-09-03 22:41:40,768,254,1973,5
2026-09-03 22:41:41,764,266,1972,5
2026-09-03 22:41:42,755,266,1977,5
2026-09-03 22:41:43,759,258,1979,5
2026-09-03 22:41:44,764,266,1970,5
2026-09-03 22:41:45,766,257,1981,5
2026-09-03 22:41:47,754,272,1984,5
2026-09-03 22:41:47,759,257,1979,5
2026-09-03 22:41:48,755,261,1976,5
2026-09-03 22:41:49,759,265,1968,5
2026-09-03 22:41:51,761,256,1978,5
2026-09-03 22:41:51,756,261,1984,5
2026-09-03 22:41:52,762,260,1980,5
2026-09-03 22:41:53,757,255,1983,5
2026-09-03 22:41:54,758,254,1988,5
2026-09-03 22:41:56,760,253,1987,5
2026-09-03 22:42:00,761,257,1984,5
2026-09-03 22:42:00,757,251,1992,5
2026-09-03 22:42:00,761,251,1990,5
2026-09-03 22:42:00,758,256,1988,5
2026-09-03 22:42:00,751,251,1992,5
2026-09-03 22:42:01,768,252,1999,5
2026-09-03 22:42:02,756,256,1990,5
2026-09-03 22:42:04,764,250,1992,5
2026-09-03 22:42:04,764,248,1994,5
2026-09-03 22:42:05,754,249,1999,5
2026-09-03 22:42:06,759,253,1996,5
2026-09-03 22:42:08,762,248,1997,5
2026-09-03 22:42:09,758,245,1993,5
2026-09-03 22:42:09,760,238,1996,5
2026-09-03 22:42:10,756,242,2000,5
2026-09-03 22:42:11,760,241,1998,5
2026-09-03 22:42:12,763,245,1993,5
2026-09-03 22:42:13,750,235,1995,5
2026-09-03 22:42:14,758,240,1991,5
2026-09-03 22:42:16,760,243,1991,5
2026-09-03 22:42:16,755,239,1989,5
2026-09-03 22:42:17,757,236,1989,5
2026-09-03 22:42:18,755,241,1989,5
2026-09-03 22:42:19,755,232,1987,5
2026-09-03 22:42:21,755,243,1991,5
2026-09-03 22:42:21,760,240,1989,5
2026-09-03 22:42:22,756,228,1998,5
2026-09-03 22:42:23,764,234,1990,5
2026-09-03 22:42:25,764,235,1994,5
2026-09-03 22:42:25,764,234,1992,5
2026-09-03 22:42:26,759,232,1991,5
2026-09-03 22:42:27,769,226,1999,5
2026-09-03 22:42:28,765,230,1991,5
2026-09-03 22:42:29,762,220,1999,5
2026-09-03 22:42:30,764,216,2001,5
2026-09-03 22:42:31,762,226,1998,5
2026-09-03 22:42:32,761,216,1992,5
2026-09-03 22:42:34,755,225,1993,5
2026-09-03 22:42:34,757,216,1996,5
2026-09-03 22:42:35,766,220,1999,5
2026-09-03 22:42:36,765,207,1992,5
2026-09-03 22:42:38,763,216,1992,5
2026-09-03 22:42:38,761,215,1989,5
2026-09-03 22:42:39,759,218,1997,5
2026-09-03 22:42:40,765,215,1996,5
2026-09-03 22:42:41,762,215,1998,5
2026-09-03 22:42:42,774,214,1995,5
2026-09-03 22:42:43,768,222,1998,5
2026-09-03 22:42:44,776,216,2001,5
2026-09-03 22:42:45,771,217,1997,5
2026-09-03 22:42:46,776,216,2004,5
2026-09-03 22:42:47,778,214,1999,5
2026-09-03 22:42:48,776,207,2001,5
2026-09-03 22:42:50,772,211,2013,5
2026-09-03 22:42:51,778,205,1998,5
2026-09-03 22:42:51,780,212,2001,5
2026-09-03 22:42:52,782,207,2004,5
2026-09-03 22:42:53,780,210,2014,5
2026-09-03 22:42:55,795,210,2011,5
2026-09-03 22:42:55,791,206,2008,5
2026-09-03 22:42:56,793,209,2008,5
2026-09-03 22:42:57,791,208,2015,5
2026-09-03 22:42:58,786,213,2007,5
2026-09-03 22:42:59,782,207,2006,5
2026-09-03 22:43:00,788,207,2011,5
2026-09-03 22:43:01,789,215,2009,5
2026-09-03 22:43:02,797,222,2008,5
2026-09-03 22:43:03,783,221,2014,5
2026-09-03 22:43:04,798,218,2011,5
2026-09-03 22:43:05,790,221,2011,5
2026-09-03 22:43:07,799,222,2020,5
2026-09-03 22:43:08,788,221,2020,5
2026-09-03 22:43:08,795,226,2019,5
2026-09-03 22:43:09,791,228,2016,5
2026-09-03 22:43:10,797,219,2026,5
2026-09-03 22:43:12,797,224,2029,5
2026-09-03 22:43:12,796,229,2026,5
2026-09-03 22:43:13,805,216,2017,5
2026-09-03 22:43:14,802,230,2027,5
2026-09-03 22:43:15,797,223,2023,5
2026-09-03 22:43:16,800,224,2028,5
2026-09-03 22:43:17,810,218,2029,5
2026-09-03 22:43:19,804,227,2018,5
2026-09-03 22:43:19,798,220,2018,5
2026-09-03 22:43:21,799,217,2021,5
2026-09-03 22:43:21,803,226,2019,5
2026-09-03 22:43:22,807,222,2018,5
2026-09-03 22:43:23,804,223,2027,5
2026-09-03 22:43:25,801,231,2018,5
2026-09-03 22:43:25,804,221,2024,5
2026-09-03 22:43:26,810,225,2018,5
2026-09-03 22:43:27,798,222,2026,5
2026-09-03 22:43:28,801,222,2021,5
2026-09-03 22:43:29,800,223,2022,5
2026-09-03 22:43:30,798,225,2023,5
2026-09-03 22:43:31,809,216,2019,5
2026-09-03 22:43:33,807,220,2025,5
2026-09-03 22:43:33,803,222,2019,5
2026-09-03 22:43:34,805,226,2017,5
2026-09-03 22:43:35,805,222,2022,5
2026-09-03 22:43:36,800,234,2029,5
2026-09-03 22:43:38,805,225,2017,5
2026-09-03 22:43:38,799,231,2018,5
2026-09-03 22:43:39,811,226,2018,5
2026-09-03 22:43:40,808,231,2022,5
2026-09-03 22:43:42,813,230,2021,5
2026-09-03 22:43:42,809,234,2023,5
2026-09-03 22:43:43,810,230,2019,5
2026-09-03 22:43:45,813,243,2031,5
2026-09-03 22:43:46,817,242,2021,5
2026-09-03 22:43:46,811,241,2021,5
2026-09-03 22:43:47,825,245,2028,5
2026-09-03 22:43:48,824,250,2023,5
2026-09-03 22:43:49,825,250,2027,5
2026-09-03 22:43:51,825,253,2030,5
2026-09-03 22:43:51,828,253,2029,5
2026-09-03 22:43:52,829,244,2030,5
2026-09-03 22:43:53,825,250,2034,5
2026-09-03 22:43:55,820,259,2037,5
2026-09-03 22:43:55,820,257,2041,5
2026-09-03 22:43:56,835,260,2040,5
2026-09-03 22:43:57,825,257,2034,5
2026-09-03 22:43:59,832,261,2036,5
2026-09-03 22:43:59,833,268,2032,5
2026-09-03 22:44:00,840,263,2037,5
2026-09-03 22:44:01,843,273,2037,5
2026-09-03 22:44:02,836,261,2033,5
2026-09-03 22:44:03,833,270,2046,5
2026-09-03 22:44:04,853,273,2041,5
2026-09-03 22:44:06,831,278,2036,5
2026-09-03 22:44:06,839,278,2039,5
2026-09-03 22:44:08,834,278,2038,5
2026-09-03 22:44:08,846,284,2037,5
2026-09-03 22:44:09,840,284,2040,5
2026-09-03 22:44:10,847,282,2037,5
2026-09-03 22:44:12,839,291,2043,5
2026-09-03 22:44:12,842,295,2036,5
2026-09-03 22:44:13,840,288,2030,5
2026-09-03 22:44:14,841,299,2032,5
2026-09-03 22:44:16,841,301,2033,5
2026-09-03 22:44:16,838,298,2038,5
2026-09-03 22:44:17,839,288,2034,5
2026-09-03 22:44:18,837,296,2033,5
2026-09-03 22:44:19,840,297,2037,5
2026-09-03 22:44:20,843,302,2040,5
2026-09-03 22:44:21,845,294,2046,5
2026-09-03 22:44:22,839,307,2037,5
2026-09-03 22:44:23,849,302,2044,5
2026-09-03 22:44:25,843,295,2041,5
2026-09-03 22:44:25,843,306,2040,5
2026-09-03 22:44:26,836,307,2041,5
2026-09-03 22:44:27,850,304,2038,5
2026-09-03 22:44:29,838,298,2039,5
2026-09-03 22:44:29,840,303,2042,5
2026-09-03 22:44:30,844,302,2044,5
2026-09-03 22:44:31,843,295,2041,5
2026-09-03 22:44:33,848,301,2040,5
2026-09-03 22:44:33,844,298,2042,5
2026-09-03 22:44:34,842,309,2050,5
2026-09-03 22:44:35,841,305,2036,5
2026-09-03 22:44:37,848,303,2039,5
2026-09-03 22:44:38,842,304,2044,5
2026-09-03 22:44:38,854,302,2046,5
2026-09-03 22:44:40,846,308,2047,5
2026-09-03 22:44:40,849,301,2044,5
2026-09-03 22:44:42,850,298,2049,5
2026-09-03 22:44:42,846,314,2054,5
2026-09-03 22:44:43,847,310,2045,5
2026-09-03 22:44:44,850,322,2049,5
2026-09-03 22:44:46,849,316,2040,5
2026-09-03 22:44:46,857,324,2048,5
2026-09-03 22:44:47,860,318,2049,7
2026-09-03 22:44:48,852,325,2045,7
2026-09-03 22:44:49,855,325,2046,7
2026-09-03 22:44:50,859,331,2048,7
2026-09-03 22:44:51,855,324,2047,7
2026-09-03 22:44:52,851,324,2048,7
2026-09-03 22:44:53,864,332,2044,7
2026-09-03 22:44:55,862,325,2051,7
2026-09-03 22:44:55,859,326,2044,7
2026-09-03 22:44:56,855,327,2043,7
2026-09-03 22:44:57,850,328,2046,7
2026-09-03 22:44:59,860,326,2043,7
2026-09-03 22:44:59,855,331,2051,7
2026-09-03 22:45:00,860,318,2052,7
2026-09-03 22:45:01,852,324,2041,7
2026-09-03 22:45:03,857,323,2043,7
2026-09-03 22:45:03,861,329,2052,7
2026-09-03 22:45:04,855,332,2039,7
2026-09-03 22:45:05,861,329,2049,7
2026-09-03 22:45:06,853,325,2049,7
2026-09-03 22:45:07,859,329,2049,7
2026-09-03 22:45:08,853,319,2049,7
2026-09-03 22:45:09,859,312,2043,7
2026-09-03 22:45:10,859,317,2044,7
2026-09-03 22:45:12,862,317,2044,7
2026-09-03 22:45:12,854,319,2049,7
2026-09-03 22:45:13,859,314,2047,7
2026-09-03 22:45:14,853,316,2051,7
2026-09-03 22:45:16,856,318,2050,7
2026-09-03 22:45:16,854,308,2053,7
2026-09-03 22:45:17,859,306,2048,7
2026-09-03 22:45:18,849,298,2055,7
2026-09-03 22:45:20,852,301,2048,7
2026-09-03 22:45:20,859,301,2044,7
2026-09-03 22:45:21,851,297,2043,7
2026-09-03 22:45:22,848,297,2046,7
2026-09-03 22:45:23,849,302,2043,7
2026-09-03 22:45:24,854,302,2051,7
2026-09-03 22:45:25,852,306,2041,7
2026-09-03 22:45:26,858,306,2049,7
2026-09-03 22:45:27,857,297,2052,7
2026-09-03 22:45:29,847,297,2046,7
2026-09-03 22:45:29,849,297,2056,7
2026-09-03 22:45:30,854,303,2059,7
2026-09-03 22:45:31,854,305,2049,7
2026-09-03 22:45:33,841,305,2053,7
2026-09-03 22:45:33,851,296,2056,7
2026-09-03 22:45:34,854,301,2055,7
2026-09-03 22:45:35,852,303,2062,7
2026-09-03 22:45:37,850,301,2058,7
2026-09-03 22:45:37,847,312,2053,7
2026-09-03 22:45:38,857,311,2072,7
2026-09-03 22:45:39,864,304,2064,7
2026-09-03 22:45:40,849,310,2059,7
2026-09-03 22:45:42,860,308,2055,7
2026-09-03 22:45:42,853,316,2057,7
2026-09-03 22:45:43,858,305,2064,7
2026-09-03 22:45:44,845,318,2061,7
2026-09-03 22:45:46,854,311,2057,7
2026-09-03 22:45:46,855,313,2056,7
2026-09-03 22:45:47,851,320,2064,7
2026-09-03 22:45:48,844,309,2063,7
2026-09-03 22:45:50,855,315,2063,7
2026-09-03 22:45:50,854,320,2062,7
2026-09-03 22:45:51,855,322,2067,7
2026-09-03 22:45:52,856,325,2064,7
2026-09-03 22:45:53,855,323,2071,7
2026-09-03 22:45:54,862,327,2072,7
2026-09-03 22:45:55,854,325,2067,7
2026-09-03 22:45:56,860,320,2073,7
2026-09-03 22:45:57,859,320,2073,7
2026-09-03 22:45:59,855,335,2068,7
2026-09-03 22:45:59,857,335,2078,7
2026-09-03 22:46:00,853,332,2077,7
2026-09-03 22:46:01,852,331,2074,7
2026-09-03 22:46:02,852,335,2073,7
2026-09-03 22:46:03,858,342,2068,7
2026-09-03 22:46:04,862,333,2073,7
2026-09-03 22:46:05,860,337,2081,7
2026-09-03 22:46:07,872,340,2085,7
2026-09-03 22:46:07,871,346,2083,7
2026-09-03 22:46:08,864,342,2085,7
2026-09-03 22:46:09,874,337,2079,7
2026-09-03 22:46:10,870,347,2075,7
2026-09-03 22:46:12,869,341,2072,7
2026-09-03 22:46:12,866,337,2080,7
2026-09-03 22:46:13,872,341,2082,7
2026-09-03 22:46:14,872,339,2081,7
2026-09-03 22:46:16,871,333,2078,7
2026-09-03 22:46:16,868,336,2078,7
2026-09-03 22:46:17,871,331,2075,7
2026-09-03 22:46:19,870,334,2079,7
2026-09-03 22:46:20,868,327,2073,7
2026-09-03 22:46:20,859,324,2080,7
2026-09-03 22:46:21,863,327,2082,7
2026-09-03 22:46:22,869,318,2080,7
2026-09-03 22:46:24,870,321,2077,7
2026-09-03 22:46:25,877,325,2072,7
2026-09-03 22:46:25,870,323,2073,7
2026-09-03 22:46:26,868,324,2074,7
2026-09-03 22:46:27,869,318,2080,7
2026-09-03 22:46:29,874,325,2066,7
2026-09-03 22:46:29,877,323,2071,7
2026-09-03 22:46:30,866,322,2073,7
2026-09-03 22:46:31,869,317,2073,7
2026-09-03 22:46:33,870,320,2071,7
2026-09-03 22:46:33,863,312,2071,7
2026-09-03 22:46:34,870,319,2071,7
2026-09-03 22:46:35,872,312,2081,7
2026-09-03 22:46:37,869,322,2079,7
2026-09-03 22:46:37,872,314,2075,7
2026-09-03 22:46:38,874,311,2074,7
2026-09-03 22:46:39,864,315,2078,7
2026-09-03 22:46:40,869,308,2072,7
2026-09-03 22:46:42,870,313,2072,7
2026-09-03 22:46:42,870,322,2072,7
2026-09-03 22:46:43,871,312,2067,7
2026-09-03 22:46:44,872,312,2070,7
2026-09-03 22:46:46,872,314,2072,7
2026-09-03 22:46:46,865,315,2071,7
2026-09-03 22:46:47,865,318,2070,7
2026-09-03 22:46:49,873,315,2081,7
2026-09-03 22:46:50,867,316,2062,7
2026-09-03 22:46:50,869,324,2058,7
2026-09-03 22:46:51,868,323,2062,7
2026-09-03 22:46:52,866,328,2071,7
2026-09-03 22:46:54,864,324,2063,7
2026-09-03 22:46:54,862,320,2060,7
2026-09-03 22:46:55,861,310,2064,7
2026-09-03 22:46:56,865,321,2067,7
2026-09-03 22:46:58,863,325,2062,7
2026-09-03 22:46:59,865,326,2065,7
2026-09-03 22:46:59,860,316,2060,7
2026-09-03 22:47:00,867,319,2066,7
2026-09-03 22:47:01,868,317,2061,7
2026-09-03 22:47:03,861,319,2069,7
2026-09-03 22:47:03,869,309,2067,7
2026-09-03 22:47:04,863,315,2058,7
2026-09-03 22:47:05,871,317,2062,7
2026-09-03 22:47:07,869,304,2079,7
2026-09-03 22:47:07,869,308,2074,7
2026-09-03 22:47:08,862,303,2073,7
2026-09-03 22:47:09,879,302,2066,7
2026-09-03 22:47:11,861,303,2073,7
2026-09-03 22:47:12,869,299,2077,7
2026-09-03 22:47:12,861,304,2062,7
2026-09-03 22:47:13,863,303,2069,7
2026-09-03 22:47:15,863,306,2071,7
2026-09-03 22:47:16,873,296,2075,7
2026-09-03 22:47:16,862,300,2065,7
2026-09-03 22:47:17,861,299,2067,7
2026-09-03 22:47:18,866,291,2068,7
2026-09-03 22:47:20,871,293,2061,7
2026-09-03 22:47:20,870,296,2072,7
2026-09-03 22:47:21,871,293,2073,7
2026-09-03 22:47:22,863,302,2061,7
2026-09-03 22:47:24,875,300,2067,7
2026-09-03 22:47:24,871,294,2063,7
2026-09-03 22:47:25,873,296,2071,7
2026-09-03 22:47:26,876,294,2068,7
2026-09-03 22:47:28,877,303,2057,7
2026-09-03 22:47:29,875,294,2063,7
2026-09-03 22:47:29,866,298,2062,7
2026-09-03 22:47:30,877,300,2061,7
2026-09-03 22:47:31,876,302,2070,7
2026-09-03 22:47:33,871,306,2074,7
2026-09-03 22:47:33,877,302,2075,7
2026-09-03 22:47:34,872,319,2067,7
2026-09-03 22:47:36,878,314,2070,7
2026-09-03 22:47:37,872,308,2069,7
2026-09-03 22:47:37,879,316,2071,7
2026-09-03 22:47:38,870,316,2071,7
2026-09-03 22:47:39,880,303,2072,7
2026-09-03 22:47:41,875,324,2071,7
2026-09-03 22:47:41,874,321,2064,7
2026-09-03 22:47:42,876,324,2066,7
2026-09-03 22:47:43,879,328,2070,7
2026-09-03 22:47:44,874,323,2075,7
2026-09-03 22:47:46,868,317,2071,7
2026-09-03 22:47:47,873,323,2074,7
2026-09-03 22:47:47,882,334,2062,7
2026-09-03 22:47:48,878,324,2073,7
2026-09-03 22:47:50,884,322,2068,7
2026-09-03 22:47:50,875,331,2064,7
2026-09-03 22:47:51,882,323,2077,7
2026-09-03 22:47:53,887,328,2062,7
2026-09-03 22:47:54,895,321,2069,7
2026-09-03 22:47:54,887,318,2066,7
2026-09-03 22:47:55,888,327,2065,7
2026-09-03 22:47:56,887,314,2065,7
2026-09-03 22:47:58,883,318,2061,7
2026-09-03 22:47:59,889,321,2068,7
2026-09-03 22:47:59,888,322,2062,7
2026-09-03 22:48:00,892,322,2072,7
2026-09-03 22:48:01,893,321,2070,7
2026-09-03 22:48:03,889,320,2068,7
2026-09-03 22:48:03,886,321,2070,7
2026-09-03 22:48:04,893,317,2077,7
2026-09-03 22:48:05,896,321,2076,7
2026-09-03 22:48:07,889,325,2066,7
2026-09-03 22:48:07,887,328,2068,7
2026-09-03 22:48:08,888,315,2073,7
2026-09-03 22:48:09,888,324,2068,7
2026-09-03 22:48:10,893,319,2070,7
2026-09-03 22:48:11,894,321,2069,7
2026-09-03 22:48:12,885,326,2068,7
2026-09-03 22:48:13,898,319,2070,7
2026-09-03 22:48:15,890,328,2068,7
2026-09-03 22:48:16,885,333,2067,7
2026-09-03 22:48:16,897,326,2067,7
2026-09-03 22:48:17,889,325,2067,7
2026-09-03 22:48:18,892,334,2067,7
2026-09-03 22:48:20,892,336,2065,7
2026-09-03 22:48:20,888,326,2059,7
2026-09-03 22:48:21,892,329,2055,7
2026-09-03 22:48:22,898,328,2061,7
2026-09-03 22:48:24,891,327,2058,7
2026-09-03 22:48:24,886,331,2063,7
2026-09-03 22:48:26,894,330,2059,7
2026-09-03 22:48:27,899,335,2066,7
2026-09-03 22:48:28,891,323,2068,7
2026-09-03 22:48:29,896,333,2063,7
2026-09-03 22:48:29,900,328,2064,7
2026-09-03 22:48:30,893,327,2063,7
2026-09-03 22:48:32,891,330,2066,7
2026-09-03 22:48:33,896,321,2056,7
2026-09-03 22:48:33,898,324,2067,7
2026-09-03 22:48:34,894,329,2071,7
2026-09-03 22:48:35,888,319,2059,7
2026-09-03 22:48:37,888,326,2068,7
2026-09-03 22:48:38,885,319,2066,7
2026-09-03 22:48:38,891,315,2056,7
2026-09-03 22:48:40,901,322,2055,7
2026-09-03 22:48:41,891,323,2056,7
2026-09-03 22:48:41,895,321,2049,7
2026-09-03 22:48:42,892,328,2052,7
2026-09-03 22:48:44,891,318,2049,7
2026-09-03 22:48:45,894,315,2046,7
2026-09-03 22:48:46,888,324,2044,7
2026-09-03 22:48:46,888,327,2057,7
2026-09-03 22:48:47,899,323,2048,7
2026-09-03 22:48:49,894,322,2040,7
2026-09-03 22:48:50,894,316,2041,7
2026-09-03 22:48:50,889,319,2047,7
2026-09-03 22:48:51,893,317,2048,7
2026-09-03 22:48:52,890,322,2041,7
2026-09-03 22:48:54,894,324,2042,7
2026-09-03 22:48:54,902,320,2040,7
2026-09-03 22:48:55,883,316,2038,7
2026-09-03 22:48:56,885,308,2036,7
2026-09-03 22:48:58,893,311,2045,7
2026-09-03 22:48:58,887,308,2035,7
2026-09-03 22:48:59,889,306,2042,7
2026-09-03 22:49:00,887,306,2040,7
2026-09-03 22:49:02,888,309,2038,7
2026-09-03 22:49:03,892,310,2038,7
2026-09-03 22:49:03,898,306,2040,7
2026-09-03 22:49:04,888,311,2038,7
2026-09-03 22:49:05,891,299,2039,7
2026-09-03 22:49:07,893,305,2040,7
2026-09-03 22:49:07,896,300,2042,7
2026-09-03 22:49:08,884,302,2038,7
2026-09-03 22:49:10,889,304,2044,7
2026-09-03 22:49:11,882,298,2050,7
2026-09-03 22:49:11,889,299,2037,7
2026-09-03 22:49:13,885,297,2042,7
2026-09-03 22:49:14,891,299,2043,7
2026-09-03 22:49:15,890,297,2041,7
2026-09-03 22:49:16,880,301,2045,7
2026-09-03 22:49:17,885,297,2039,7
2026-09-03 22:49:17,888,299,2036,7
2026-09-03 22:49:19,887,299,2041,7
2026-09-03 22:49:20,887,291,2036,7
2026-09-03 22:49:20,885,286,2039,7
2026-09-03 22:49:21,879,284,2045,7
2026-09-03 22:49:23,890,290,2041,7
2026-09-03 22:49:24,875,283,2046,7
2026-09-03 22:49:24,883,286,2042,7
2026-09-03 22:49:25,882,286,2038,7
2026-09-03 22:49:27,886,275,2041,7
2026-09-03 22:49:28,891,282,2037,7
2026-09-03 22:49:28,878,280,2044,7
2026-09-03 22:49:29,886,274,2039,7
2026-09-03 22:49:30,884,274,2037,7
2026-09-03 22:49:32,884,280,2024,7
2026-09-03 22:49:33,887,279,2037,7
2026-09-03 22:49:33,889,271,2028,7
2026-09-03 22:49:34,888,271,2029,7
2026-09-03 22:49:36,883,275,2024,7
2026-09-03 22:49:37,893,266,2026,7
2026-09-03 22:49:37,889,274,2033,7
2026-09-03 22:49:38,890,269,2024,7
2026-09-03 22:49:39,890,273,2022,7
2026-09-03 22:49:41,892,270,2016,7
2026-09-03 22:49:41,893,271,2022,7
2026-09-03 22:49:42,894,273,2025,7
2026-09-03 22:49:43,893,270,2026,7
2026-09-03 22:49:45,888,269,2022,7
2026-09-03 22:49:45,890,271,2030,7
2026-09-03 22:49:46,890,269,2021,7
2026-09-03 22:49:48,895,273,2029,7
2026-09-03 22:49:49,898,275,2028,7
2026-09-03 22:49:50,883,274,2028,7
2026-09-03 22:49:50,891,282,2017,7
2026-09-03 22:49:51,891,274,2031,7
2026-09-03 22:49:52,902,275,2024,7
2026-09-03 22:49:54,907,271,2020,7
2026-09-03 22:49:54,900,282,2018,7
2026-09-03 22:49:55,901,274,2023,7
2026-09-03 22:49:57,903,279,2028,7
2026-09-03 22:49:58,904,277,2025,7
2026-09-03 22:49:58,902,274,2026,7
2026-09-03 22:49:59,896,275,2027,7
2026-09-03 22:50:01,894,281,2023,7
2026-09-03 22:50:02,896,277,2027,7
2026-09-03 22:50:03,899,277,2031,7
2026-09-03 22:50:04,903,269,2033,7
2026-09-03 22:50:04,900,271,2026,7
2026-09-03 22:50:06,902,268,2033,7
2026-09-03 22:50:07,901,272,2023,7
2026-09-03 22:50:07,903,273,2032,7
2026-09-03 22:50:08,905,266,2032,7
2026-09-03 22:50:10,914,273,2031,7
2026-09-03 22:50:11,911,262,2034,7
2026-09-03 22:50:11,911,272,2034,7
2026-09-03 22:50:12,913,265,2035,7
2026-09-03 22:50:14,912,267,2032,7
2026-09-03 22:50:15,907,265,2039,7
2026-09-03 22:50:15,916,264,2036,7
2026-09-03 22:50:16,911,261,2035,7
2026-09-03 22:50:18,904,264,2036,7
2026-09-03 22:50:19,913,263,2034,7
2026-09-03 22:50:20,914,258,2036,7
2026-09-03 22:50:20,921,256,2042,7
2026-09-03 22:50:21,923,255,2039,7
2026-09-03 22:50:23,923,253,2035,7
2026-09-03 22:50:24,917,254,2031,7
2026-09-03 22:50:24,912,248,2039,7
2026-09-03 22:50:25,918,254,2039,7
2026-09-03 22:50:27,921,249,2038,7
2026-09-03 22:50:28,922,249,2037,7
2026-09-03 22:50:29,922,257,2029,7
2026-09-03 22:50:29,923,249,2037,7
2026-09-03 22:50:30,916,253,2026,7
2026-09-03 22:50:32,931,255,2043,7
2026-09-03 22:50:33,931,250,2045,7
2026-09-03 22:50:33,929,257,2039,7
2026-09-03 22:50:35,927,256,2033,7
2026-09-03 22:50:36,934,261,2045,7
2026-09-03 22:50:37,929,255,2038,7
2026-09-03 22:50:37,937,256,2044,7
2026-09-03 22:50:38,936,267,2040,7
2026-09-03 22:50:40,933,260,2043,7
2026-09-03 22:50:41,935,256,2045,7
2026-09-03 22:50:41,937,264,2034,7
2026-09-03 22:50:43,942,261,2040,7
2026-09-03 22:50:44,935,265,2043,7
2026-09-03 22:50:45,939,262,2040,7
2026-09-03 22:50:45,946,273,2039,7
2026-09-03 22:50:46,948,263,2044,7
2026-09-03 22:50:47,935,278,2042,7
2026-09-03 22:50:49,943,277,2046,7
2026-09-03 22:50:50,947,274,2041,7
2026-09-03 22:50:50,933,272,2044,7
2026-09-03 22:50:52,944,271,2049,7
2026-09-03 22:50:53,935,268,2045,7
2026-09-03 22:50:54,947,273,2046,7
2026-09-03 22:50:54,944,267,2052,7
2026-09-03 22:50:55,940,267,2044,7
2026-09-03 22:50:57,942,275,2041,7
2026-09-03 22:50:58,943,274,2052,7
2026-09-03 22:50:58,944,276,2047,7
2026-09-03 22:50:59,945,272,2048,7
2026-09-03 22:51:01,939,268,2054,7
2026-09-03 22:51:02,945,267,2053,7
2026-09-03 22:51:02,935,267,2057,7
2026-09-03 22:51:03,938,281,2054,7
2026-09-03 22:51:04,942,265,2054,7
2026-09-03 22:51:06,930,273,2047,7
2026-09-03 22:51:07,935,262,2056,7
2026-09-03 22:51:07,942,270,2050,7
2026-09-03 22:51:09,939,260,2055,7
2026-09-03 22:51:10,942,269,2052,7
2026-09-03 22:51:11,944,265,2051,7
2026-09-03 22:51:11,932,269,2056,7
2026-09-03 22:51:12,942,264,2049,7
2026-09-03 22:51:13,943,270,2053,7
2026-09-03 22:51:15,942,267,2042,7
2026-09-03 22:51:16,932,265,2051,7
2026-09-03 22:51:16,942,268,2044,7
2026-09-03 22:51:18,943,275,2049,7
2026-09-03 22:51:19,942,268,2049,7
2026-09-03 22:51:20,943,268,2058,7
2026-09-03 22:51:20,940,276,2042,7
2026-09-03 22:51:21,950,272,2042,7
2026-09-03 22:51:23,939,275,2042,7
2026-09-03 22:51:24,943,270,2039,7
2026-09-03 22:51:24,941,273,2044,7
2026-09-03 22:51:25,946,281,2039,7
2026-09-03 22:51:27,949,274,2038,7
2026-09-03 22:51:28,956,269,2039,7
2026-09-03 22:51:28,944,274,2035,7
2026-09-03 22:51:29,945,271,2042,7
2026-09-03 22:51:30,950,272,2046,7
2026-09-03 22:51:32,948,276,2041,7
2026-09-03 22:51:32,954,271,2044,7
2026-09-03 22:51:33,954,264,2049,7
2026-09-03 22:51:34,956,279,2041,7
2026-09-03 22:51:36,951,269,2039,7
2026-09-03 22:51:37,957,278,2043,7
2026-09-03 22:51:37,946,271,2039,7
2026-09-03 22:51:38,944,275,2034,7
2026-09-03 22:51:40,954,264,2039,7
2026-09-03 22:51:41,951,268,2034,7
2026-09-03 22:51:41,952,265,2043,7
2026-09-03 22:51:42,940,269,2033,7
2026-09-03 22:51:43,942,259,2034,7
2026-09-03 22:51:45,945,270,2035,7
2026-09-03 22:51:45,947,268,2037,7
2026-09-03 22:51:46,940,267,2034,7
2026-09-03 22:51:47,940,264,2037,7
2026-09-03 22:51:49,936,262,2029,7
2026-09-03 22:51:50,938,264,2033,7
2026-09-03 22:51:50,944,268,2037,7
2026-09-03 22:51:51,943,262,2041,7
2026-09-03 22:51:53,939,267,2039,7
2026-09-03 22:51:54,949,271,2031,7
2026-09-03 22:51:54,939,266,2039,7
2026-09-03 22:51:55,946,261,2034,7
2026-09-03 22:51:56,945,262,2036,7
2026-09-03 22:51:58,945,265,2038,7
2026-09-03 22:51:58,949,258,2042,7
2026-09-03 22:51:59,949,262,2032,7
2026-09-03 22:52:00,947,259,2043,7
2026-09-03 22:52:02,950,262,2034,7
2026-09-03 22:52:02,954,259,2034,7
2026-09-03 22:52:03,947,263,2033,7
2026-09-03 22:52:04,950,259,2043,7
2026-09-03 22:52:06,947,257,2029,7
2026-09-03 22:52:07,953,264,2042,7
2026-09-03 22:52:07,949,262,2038,7
2026-09-03 22:52:08,951,261,2033,7
2026-09-03 22:52:10,958,254,2033,7
2026-09-03 22:52:11,954,263,2026,7
2026-09-03 22:52:11,944,256,2029,7
2026-09-03 22:52:12,950,259,2031,7
2026-09-03 22:52:13,957,260,2043,7
2026-09-03 22:52:15,948,257,2033,7
2026-09-03 22:52:15,952,260,2044,7
2026-09-03 22:52:16,954,247,2039,7
2026-09-03 22:52:17,952,253,2029,7
2026-09-03 22:52:19,956,252,2036,7
2026-09-03 22:52:19,961,262,2035,7
2026-09-03 22:52:20,953,258,2027,7
2026-09-03 22:52:21,954,257,2033,7
2026-09-03 22:52:23,950,254,2028,7
2026-09-03 22:52:24,949,262,2031,7
2026-09-03 22:52:24,954,255,2029,7
2026-09-03 22:52:25,961,251,2026,7
2026-09-03 22:52:27,954,262,2020,7
2026-09-03 22:52:28,951,261,2029,7
2026-09-03 22:52:29,958,258,2040,7
2026-09-03 22:52:29,960,259,2031,7
2026-09-03 22:52:31,959,253,2031,7
2026-09-03 22:52:32,958,258,2031,7
2026-09-03 22:52:32,954,251,2027,7
2026-09-03 22:52:33,959,260,2030,7
2026-09-03 22:52:34,955,258,2028,7
2026-09-03 22:52:36,956,265,2025,7
2026-09-03 22:52:37,961,257,2030,7
2026-09-03 22:52:38,963,256,2026,7
2026-09-03 22:52:38,958,268,2027,7
2026-09-03 22:52:40,955,254,2022,7
2026-09-03 22:52:41,961,261,2024,7
2026-09-03 22:52:41,964,254,2019,7
2026-09-03 22:52:42,971,258,2025,7
2026-09-03 22:52:44,963,258,2026,7
2026-09-03 22:52:45,959,258,2024,7
2026-09-03 22:52:45,960,256,2027,7
2026-09-03 22:52:46,955,259,2020,7
2026-09-03 22:52:47,966,271,2030,7
2026-09-03 22:52:49,965,270,2028,7
2026-09-03 22:52:49,970,261,2027,7
2026-09-03 22:52:50,966,265,2026,7
2026-09-03 22:52:51,967,267,2031,7
2026-09-03 22:52:53,969,263,2030,7
2026-09-03 22:52:54,973,266,2027,7
2026-09-03 22:52:54,971,267,2033,7
2026-09-03 22:52:55,970,269,2029,7
2026-09-03 22:52:57,971,268,2031,7
2026-09-03 22:52:58,971,261,2036,7
2026-09-03 22:52:58,976,266,2029,7
2026-09-03 22:52:59,980,265,2029,7
2026-09-03 22:53:01,982,272,2028,7
2026-09-03 22:53:02,980,269,2033,7
2026-09-03 22:53:02,977,268,2035,7
2026-09-03 22:53:03,983,270,2040,7
2026-09-03 22:53:04,984,268,2042,7
2026-09-03 22:53:06,981,271,2038,7
2026-09-03 22:53:06,979,275,2035,7
2026-09-03 22:53:07,969,267,2042,7
2026-09-03 22:53:08,972,278,2035,7
2026-09-03 22:53:10,981,274,2035,7
2026-09-03 22:53:11,978,263,2031,7
2026-09-03 22:53:12,978,267,2033,7
2026-09-03 22:53:12,977,270,2038,7
2026-09-03 22:53:14,977,274,2037,7
2026-09-03 22:53:15,979,275,2034,7
2026-09-03 22:53:15,978,272,2031,7
2026-09-03 22:53:16,977,270,2041,7
2026-09-03 22:53:18,976,267,2037,7
2026-09-03 22:53:19,978,265,2037,7
2026-09-03 22:53:19,976,263,2037,7
2026-09-03 22:53:20,971,271,2039,7
2026-09-03 22:53:21,977,259,2029,7
2026-09-03 22:53:23,974,266,2036,7
2026-09-03 22:53:24,983,265,2034,7
2026-09-03 22:53:24,976,257,2041,7
2026-09-03 22:53:26,970,255,2042,7
2026-09-03 22:53:27,974,257,2046,7
2026-09-03 22:53:28,972,259,2041,7
2026-09-03 22:53:28,976,256,2043,7
2026-09-03 22:53:29,976,253,2043,7
2026-09-03 22:53:31,982,256,2040,7
2026-09-03 22:53:32,979,261,2034,7
2026-09-03 22:53:32,977,257,2039,7
2026-09-03 22:53:33,982,257,2038,7
2026-09-03 22:53:35,985,250,2036,7
2026-09-03 22:53:36,980,256,2042,7
2026-09-03 22:53:36,983,246,2041,7
2026-09-03 22:53:37,972,253,2040,7
2026-09-03 22:53:38,976,255,2034,7
2026-09-03 22:53:40,973,256,2037,7
2026-09-03 22:53:41,981,250,2034,7
2026-09-03 22:53:41,973,253,2032,7
2026-09-03 22:53:42,980,248,2032,7
2026-09-03 22:53:44,979,250,2035,7
2026-09-03 22:53:45,968,247,2037,7
2026-09-03 22:53:45,977,250,2027,7
2026-09-03 22:53:47,970,247,2030,7
2026-09-03 22:53:48,977,253,2032,7
2026-09-03 22:53:49,977,249,2034,7
2026-09-03 22:53:49,977,252,2043,7
2026-09-03 22:53:50,977,256,2030,7
2026-09-03 22:53:51,972,253,2031,7
2026-09-03 22:53:53,976,261,2033,7
2026-09-03 22:53:53,977,259,2034,7
2026-09-03 22:53:54,977,261,2030,7
2026-09-03 22:53:55,980,261,2040,7
2026-09-03 22:53:57,978,259,2036,7
2026-09-03 22:53:58,979,260,2019,7
2026-09-03 22:53:58,976,254,2032,7
2026-09-03 22:53:59,975,249,2037,7
2026-09-03 22:54:01,983,257,2026,7
2026-09-03 22:54:02,983,257,2030,7
2026-09-03 22:54:02,984,259,2037,7
2026-09-03 22:54:03,976,251,2030,7
2026-09-03 22:54:05,988,256,2031,7
2026-09-03 22:54:06,974,257,2026,7
2026-09-03 22:54:06,978,258,2030,7
2026-09-03 22:54:07,986,249,2029,7
2026-09-03 22:54:08,980,256,2026,7
2026-09-03 22:54:10,978,262,2031,7
2026-09-03 22:54:11,981,254,2033,7
2026-09-03 22:54:11,977,246,2029,7
2026-09-03 22:54:12,979,250,2033,7
2026-09-03 22:54:14,984,250,2032,7
2026-09-03 22:54:15,974,253,2036,7
2026-09-03 22:54:15,983,252,2030,7
2026-09-03 22:54:16,990,254,2028,7
2026-09-03 22:54:18,977,247,2028,7
2026-09-03 22:54:19,986,254,2034,7
2026-09-03 22:54:19,982,249,2029,7
2026-09-03 22:54:21,980,249,2033,7
2026-09-03 22:54:22,989,244,2031,7
2026-09-03 22:54:23,992,250,2034,7
2026-09-03 22:54:23,992,249,2034,7
2026-09-03 22:54:25,997,243,2032,7
2026-09-03 22:54:26,994,248,2023,7
2026-09-03 22:54:27,987,254,2030,7
2026-09-03 22:54:28,986,248,2036,7
2026-09-03 22:54:28,988,252,2033,7
2026-09-03 22:54:29,987,245,2027,7
2026-09-03 22:54:31,984,245,2034,7
2026-09-03 22:54:32,990,255,2026,7
2026-09-03 22:54:32,993,247,2026,7
2026-09-03 22:54:33,985,249,2033,7
2026-09-03 22:54:35,987,246,2027,7
2026-09-03 22:54:36,991,243,2028,7
2026-09-03 22:54:36,988,248,2030,7
2026-09-03 22:54:37,984,248,2033,7
2026-09-03 22:54:39,995,244,2026,7
2026-09-03 22:54:40,992,242,2032,7
2026-09-03 22:54:41,987,245,2028,7
2026-09-03 22:54:41,987,247,2033,7
2026-09-03 22:54:42,993,249,2035,7
2026-09-03 22:54:44,992,245,2028,7
2026-09-03 22:54:45,995,242,2033,7
2026-09-03 22:54:45,990,252,2035,7
2026-09-03 22:54:46,991,248,2034,7
2026-09-03 22:54:48,992,243,2035,7
2026-09-03 22:54:49,994,249,2039,7
2026-09-03 22:54:49,995,246,2041,7
2026-09-03 22:54:50,998,250,2041,7
2026-09-03 22:54:52,995,255,2042,7
2026-09-03 22:54:53,993,249,2035,7
2026-09-03 22:54:53,1002,260,2035,7
2026-09-03 22:54:54,1000,258,2032,7
2026-09-03 22:54:55,999,259,2041,7
2026-09-03 22:54:57,1003,264,2039,7
2026-09-03 22:54:58,995,256,2031,7
2026-09-03 22:54:58,993,264,2035,7
2026-09-03 22:54:59,993,258,2033,7
2026-09-03 22:55:01,995,258,2038,7
2026-09-03 22:55:02,1002,268,2048,7
2026-09-03 22:55:02,1009,259,2040,7
2026-09-03 22:55:03,1002,261,2030,7
2026-09-03 22:55:05,999,259,2031,7
2026-09-03 22:55:06,995,261,2037,7
2026-09-03 22:55:06,1000,265,2032,7
2026-09-03 22:55:07,990,268,2029,7
2026-09-03 22:55:09,1000,258,2032,7
2026-09-03 22:55:10,994,258,2036,7
2026-09-03 22:55:10,993,259,2040,7
2026-09-03 22:55:11,993,264,2036,7
2026-09-03 22:55:12,1000,260,2029,7
2026-09-03 22:55:14,1005,266,2040,7
2026-09-03 22:55:15,1001,265,2033,7
2026-09-03 22:55:15,995,270,2039,7
2026-09-03 22:55:16,1009,272,2035,7
2026-09-03 22:55:18,1002,265,2037,7
2026-09-03 22:55:19,1004,273,2026,7
2026-09-03 22:55:19,1013,268,2037,7
2026-09-03 22:55:20,1002,264,2041,7
2026-09-03 22:55:22,1001,264,2038,7
2026-09-03 22:55:23,1011,267,2033,7
2026-09-03 22:55:23,1000,270,2033,7
2026-09-03 22:55:24,1004,264,2043,7
2026-09-03 22:55:26,1005,269,2036,7
2026-09-03 22:55:27,1013,266,2027,7
2026-09-03 22:55:28,1001,260,2036,7
2026-09-03 22:55:28,1009,275,2039,7
2026-09-03 22:55:29,1008,267,2035,7
2026-09-03 22:55:31,1005,262,2029,7
2026-09-03 22:55:32,1006,263,2036,7
2026-09-03 22:55:32,1010,264,2035,7
2026-09-03 22:55:33,1011,276,2032,7
2026-09-03 22:55:35,1008,267,2041,7
2026-09-03 22:55:36,1007,263,2038,7
2026-09-03 22:55:36,998,266,2043,7
2026-09-03 22:55:37,1008,268,2042,7
2026-09-03 22:55:39,1005,267,2033,7
2026-09-03 22:55:40,1010,260,2035,7
2026-09-03 22:55:40,1006,261,2038,7
2026-09-03 22:55:41,1017,263,2047,7
2026-09-03 22:55:42,1009,264,2046,7
2026-09-03 22:55:44,1008,262,2035,7
2026-09-03 22:55:45,1011,263,2042,7
2026-09-03 22:55:45,1004,258,2046,7
2026-09-03 22:55:46,1008,253,2033,7
2026-09-03 22:55:48,1017,271,2039,7
2026-09-03 22:55:49,999,256,2037,7
2026-09-03 22:55:49,1019,263,2038,7
2026-09-03 22:55:50,1014,250,2032,7
2026-09-03 22:55:52,1014,258,2036,7
2026-09-03 22:55:53,1012,265,2039,7
2026-09-03 22:55:53,1017,263,2035,7
2026-09-03 22:55:54,1005,261,2043,7
2026-09-03 22:55:55,1012,254,2040,7
2026-09-03 22:55:57,1011,254,2039,7
2026-09-03 22:55:58,1012,252,2036,7
2026-09-03 22:55:59,1009,252,2047,7
2026-09-03 22:55:59,1004,251,2040,7
2026-09-03 22:56:01,1015,250,2041,7
2026-09-03 22:56:02,1011,254,2042,7
2026-09-03 22:56:02,1009,247,2040,7
2026-09-03 22:56:04,1017,255,2045,7
2026-09-03 22:56:05,1012,247,2047,7
2026-09-03 22:56:06,1005,252,2039,7
2026-09-03 22:56:06,1002,257,2038,7
2026-09-03 22:56:08,1012,246,2039,7
2026-09-03 22:56:09,1008,246,2047,7
2026-09-03 22:56:10,1008,243,2037,7
2026-09-03 22:56:10,1003,244,2037,7
2026-09-03 22:56:11,1004,240,2042,7
2026-09-03 22:56:12,1012,239,2049,7
2026-09-03 22:56:14,998,243,2045,7
2026-09-03 22:56:15,1004,240,2037,7
2026-09-03 22:56:15,1003,239,2041,7
2026-09-03 22:56:16,1003,240,2046,7
2026-09-03 22:56:18,1002,244,2041,7
2026-09-03 22:56:19,1000,237,2049,7
2026-09-03 22:56:19,1000,232,2048,7
2026-09-03 22:56:21,1005,230,2043,7
2026-09-03 22:56:22,1002,238,2043,7
2026-09-03 22:56:23,1001,231,2047,7
2026-09-03 22:56:24,993,230,2051,7
2026-09-03 22:56:24,1001,227,2050,7
2026-09-03 22:56:26,1003,229,2046,7
2026-09-03 22:56:27,993,227,2046,7
2026-09-03 22:56:28,999,230,2039,7
2026-09-03 22:56:28,990,232,2041,7
2026-09-03 22:56:30,997,230,2046,7
2026-09-03 22:56:31,997,223,2046,7
2026-09-03 22:56:32,995,228,2047,7
2026-09-03 22:56:32,993,220,2047,7
2026-09-03 22:56:33,1006,226,2042,7
2026-09-03 22:56:35,1001,235,2043,7
2026-09-03 22:56:36,1000,229,2053,7
2026-09-03 22:56:36,1003,234,2053,7
2026-09-03 22:56:38,1002,224,2048,7
2026-09-03 22:56:39,1004,234,2046,7
2026-09-03 22:56:40,1007,227,2047,7
2026-09-03 22:56:40,1010,234,2043,7
2026-09-03 22:56:42,1005,236,2045,7
2026-09-03 22:56:42,1007,232,2050,7
2026-09-03 22:56:44,1005,234,2049,7
2026-09-03 22:56:45,1006,241,2050,7
2026-09-03 22:56:45,1011,235,2047,7
2026-09-03 22:56:47,1008,242,2050,7
2026-09-03 22:56:48,1012,250,2042,7
2026-09-03 22:56:49,1003,241,2052,7
2026-09-03 22:56:50,1005,241,2048,7
2026-09-03 22:56:50,1005,245,2060,7
2026-09-03 22:56:52,1002,257,2062,7
2026-09-03 22:56:53,1015,251,2051,7
2026-09-03 22:56:53,1015,257,2055,7
2026-09-03 22:56:55,1011,255,2056,7
2026-09-03 22:56:56,1017,257,2056,7
2026-09-03 22:56:57,1021,257,2059,7
2026-09-03 22:56:58,1015,265,2061,7
2026-09-03 22:56:58,1028,268,2057,7
2026-09-03 22:56:59,1013,268,2061,7
2026-09-03 22:57:01,1022,267,2058,7
2026-09-03 22:57:02,1018,275,2062,7
2026-09-03 22:57:02,1016,279,2061,7
2026-09-03 22:57:04,1015,278,2058,7
2026-09-03 22:57:05,1014,286,2060,7
2026-09-03 22:57:06,1019,277,2058,7
2026-09-03 22:57:06,1025,281,2063,7
2026-09-03 22:57:08,1020,285,2063,7
2026-09-03 22:57:09,1029,284,2064,7
2026-09-03 22:57:10,1018,285,2065,7
2026-09-03 22:57:11,1013,285,2051,7
2026-09-03 22:57:11,1016,291,2068,7
2026-09-03 22:57:13,1010,282,2062,7
2026-09-03 22:57:14,1013,286,2067,7
2026-09-03 22:57:15,1008,280,2067,7
2026-09-03 22:57:15,1011,273,2071,7
2026-09-03 22:57:16,1010,278,2062,7
2026-09-03 22:57:18,1009,277,2067,7
2026-09-03 22:57:19,1011,289,2070,7
2026-09-03 22:57:20,1008,274,2073,7
2026-09-03 22:57:21,1009,273,2065,7
2026-09-03 22:57:22,1007,277,2063,7
2026-09-03 22:57:23,1011,278,2057,7
2026-09-03 22:57:23,1008,271,2056,7
2026-09-03 22:57:25,1004,272,2062,7
2026-09-03 22:57:26,1007,266,2065,7
2026-09-03 22:57:27,1007,263,2068,7
2026-09-03 22:57:27,1001,268,2058,7
2026-09-03 22:57:29,1007,259,2064,7
2026-09-03 22:57:30,1007,263,2068,7
2026-09-03 22:57:31,999,258,2060,7
2026-09-03 22:57:32,1006,258,2056,7
2026-09-03 22:57:32,1008,260,2068,7
2026-09-03 22:57:34,1014,264,2065,7
2026-09-03 22:57:35,1015,255,2061,7
2026-09-03 22:57:36,1010,256,2065,7
2026-09-03 22:57:37,1010,256,2065,7
2026-09-03 22:57:38,1002,255,2069,7
2026-09-03 22:57:39,1005,252,2061,7
2026-09-03 22:57:40,1007,249,2075,7
2026-09-03 22:57:40,1003,258,2069,7
2026-09-03 22:57:42,1002,253,2070,7
2026-09-03 22:57:43,1000,254,2071,7
2026-09-03 22:57:44,1014,260,2067,7
2026-09-03 22:57:45,1014,258,2061,7
2026-09-03 22:57:46,1015,254,2066,7
2026-09-03 22:57:47,1008,258,2072,7
2026-09-03 22:57:48,1010,254,2067,7
2026-09-03 22:57:49,1018,252,2060,7
2026-09-03 22:57:50,1006,252,2071,7
2026-09-03 22:57:50,1010,259,2057,7
2026-09-03 22:57:52,1008,260,2067,7
2026-09-03 22:57:53,1008,262,2065,7
2026-09-03 22:57:53,1014,259,2069,7
2026-09-03 22:57:54,1012,259,2068,7
2026-09-03 22:57:56,1014,260,2062,7
2026-09-03 22:57:57,1016,265,2064,7
2026-09-03 22:57:58,1016,266,2058,7
2026-09-03 22:57:59,1012,267,2063,7
2026-09-03 22:58:00,1013,266,2065,7
2026-09-03 22:58:01,1013,264,2070,7
2026-09-03 22:58:02,1017,271,2063,7
2026-09-03 22:58:03,1016,268,2076,7
2026-09-03 22:58:04,1014,267,2068,7
2026-09-03 22:58:05,1019,264,2066,7
2026-09-03 22:58:06,1023,274,2061,7
2026-09-03 22:58:06,1013,273,2056,7
2026-09-03 22:58:08,1013,278,2069,7
2026-09-03 22:58:09,1012,276,2065,7
2026-09-03 22:58:10,1015,274,2067,7
2026-09-03 22:58:10,1010,277,2059,7
2026-09-03 22:58:12,1009,279,2058,7
2026-09-03 22:58:13,1007,274,2057,7
2026-09-03 22:58:14,1013,286,2065,7
2026-09-03 22:58:15,1013,284,2060,7
2026-09-03 22:58:16,1018,279,2054,7
2026-09-03 22:58:17,1014,285,2061,7
2026-09-03 22:58:18,1013,280,2064,7
2026-09-03 22:58:19,1018,279,2064,7
2026-09-03 22:58:20,1016,280,2065,7
2026-09-03 22:58:20,1006,279,2063,7
2026-09-03 22:58:22,1003,285,2053,7
2026-09-03 22:58:23,1005,284,2067,7
2026-09-03 22:58:24,1017,288,2056,7
2026-09-03 22:58:24,1012,282,2065,7
2026-09-03 22:58:26,1009,278,2059,7
2026-09-03 22:58:27,1010,285,2061,7
2026-09-03 22:58:28,1008,285,2068,7
2026-09-03 22:58:29,1008,287,2061,7
2026-09-03 22:58:30,1016,280,2060,7
2026-09-03 22:58:31,1012,289,2051,7
2026-09-03 22:58:32,1006,279,2060,7
2026-09-03 22:58:33,1013,286,2058,7
2026-09-03 22:58:34,1014,286,2065,7
2026-09-03 22:58:35,1012,286,2055,7
2026-09-03 22:58:36,1015,292,2055,7
2026-09-03 22:58:37,1010,288,2059,7
2026-09-03 22:58:38,1009,295,2061,7
2026-09-03 22:58:39,1008,291,2061,7
2026-09-03 22:58:40,1011,290,2061,7
2026-09-03 22:58:41,1005,291,2054,7
2026-09-03 22:58:41,1008,286,2058,7
2026-09-03 22:58:43,1009,287,2061,7
2026-09-03 22:58:44,1007,288,2057,7
2026-09-03 22:58:45,1004,285,2063,7
2026-09-03 22:58:45,1007,289,2053,7
2026-09-03 22:58:47,1011,291,2061,7
2026-09-03 22:58:48,1003,289,2052,7
2026-09-03 22:58:49,997,286,2064,7
2026-09-03 22:58:50,990,288,2055,7
2026-09-03 22:58:51,997,281,2062,7
2026-09-03 22:58:52,995,285,2060,7
2026-09-03 22:58:53,995,274,2064,7
2026-09-03 22:58:54,994,283,2066,7
2026-09-03 22:58:55,993,280,2063,7
2026-09-03 22:58:56,993,276,2071,7
2026-09-03 22:58:57,990,270,2060,7
2026-09-03 22:58:58,990,271,2060,7
2026-09-03 22:58:59,993,273,2064,7
2026-09-03 22:59:00,999,272,2061,7
2026-09-03 22:59:01,985,272,2055,7
2026-09-03 22:59:02,987,272,2054,7
2026-09-03 22:59:03,988,272,2057,7
2026-09-03 22:59:04,987,268,2048,7
2026-09-03 22:59:05,990,261,2049,7
2026-09-03 22:59:06,986,260,2047,7
2026-09-03 22:59:06,983,269,2047,7
2026-09-03 22:59:07,987,265,2045,7
2026-09-03 22:59:09,985,265,2047,7
2026-09-03 22:59:10,984,262,2056,7
2026-09-03 22:59:11,990,264,2050,7
2026-09-03 22:59:12,993,257,2050,7
2026-09-03 22:59:13,994,265,2046,7
2026-09-03 22:59:14,986,269,2048,7
2026-09-03 22:59:15,994,260,2043,7
2026-09-03 22:59:16,988,251,2043,7
2026-09-03 22:59:17,995,260,2041,7
2026-09-03 22:59:18,990,260,2049,7
2026-09-03 22:59:19,995,256,2051,7
2026-09-03 22:59:20,992,255,2043,7
2026-09-03 22:59:21,988,258,2045,7
2026-09-03 22:59:22,991,261,2048,7
2026-09-03 22:59:23,990,255,2051,7
2026-09-03 22:59:24,994,256,2054,7
2026-09-03 22:59:25,998,265,2053,7
2026-09-03 22:59:26,996,261,2047,7
2026-09-03 22:59:27,1000,266,2048,7
2026-09-03 22:59:28,993,268,2054,7
2026-09-03 22:59:29,991,267,2048,7
2026-09-03 22:59:30,995,271,2047,7
2026-09-03 22:59:31,1007,277,2045,7
2026-09-03 22:59:32,1000,274,2048,7
2026-09-03 22:59:33,996,283,2053,7
2026-09-03 22:59:34,996,282,2047,7
2026-09-03 22:59:35,997,281,2051,7
2026-09-03 22:59:36,993,288,2044,7
2026-09-03 22:59:37,999,289,2053,7
2026-09-03 22:59:38,1003,287,2045,7
2026-09-03 22:59:39,1001,284,2049,7
2026-09-03 22:59:40,1003,287,2059,7
2026-09-03 22:59:41,1002,296,2052,7
2026-09-03 22:59:42,1001,292,2054,7
2026-09-03 22:59:43,1002,303,2054,7
2026-09-03 22:59:44,1001,295,2048,7
2026-09-03 22:59:44,1004,295,2056,7
2026-09-03 22:59:46,1003,302,2050,7
2026-09-03 22:59:47,1003,303,2058,7
2026-09-03 22:59:48,1010,302,2049,7
2026-09-03 22:59:49,1013,308,2056,7
2026-09-03 22:59:50,1008,307,2050,7
2026-09-03 22:59:51,1013,303,2048,7
2026-09-03 22:59:52,1009,304,2050,7
2026-09-03 22:59:53,1005,310,2052,7
2026-09-03 22:59:54,1001,310,2055,7
2026-09-03 22:59:55,1012,310,2059,7
2026-09-03 22:59:56,1006,305,2053,7
2026-09-03 22:59:57,1010,318,2053,7
2026-09-03 22:59:58,1016,324,2056,7
2026-09-03 22:59:59,1024,318,2057,7
2026-09-03 23:00:00,1006,311,2058,7
2026-09-03 23:00:01,1008,313,2062,7
2026-09-03 23:00:02,1011,315,2062,7
2026-09-03 23:00:03,1011,321,2049,7
2026-09-03 23:00:04,1000,320,2055,7
2026-09-03 23:00:05,1005,316,2048,7
2026-09-03 23:00:06,1013,321,2053,7
2026-09-03 23:00:07,1015,318,2058,7
2026-09-03 23:00:08,1017,324,2049,7
2026-09-03 23:00:09,1006,319,2052,7
2026-09-03 23:00:10,1014,323,2051,7
2026-09-03 23:00:11,1009,323,2047,7
2026-09-03 23:00:12,1013,319,2049,7
2026-09-03 23:00:13,1012,325,2044,7
2026-09-03 23:00:14,1006,323,2046,7
2026-09-03 23:00:15,1008,327,2042,7
2026-09-03 23:00:16,1012,326,2044,7
2026-09-03 23:00:17,1008,323,2041,7
2026-09-03 23:00:18,1011,326,2043,7
2026-09-03 23:00:19,1016,322,2040,7
2026-09-03 23:00:20,1011,323,2048,7
2026-09-03 23:00:21,1019,326,2044,7
2026-09-03 23:00:22,1008,323,2039,7
2026-09-03 23:00:23,1003,324,2030,7
2026-09-03 23:00:24,1010,322,2037,7
2026-09-03 23:00:25,1009,321,2037,7
2026-09-03 23:00:26,1017,326,2037,7
2026-09-03 23:00:27,1009,322,2038,7
2026-09-03 23:00:28,1012,326,2033,7
2026-09-03 23:00:29,1015,321,2040,7
2026-09-03 23:00:30,1013,326,2035,7
2026-09-03 23:00:31,1007,323,2032,7
2026-09-03 23:00:32,1008,330,2032,7
2026-09-03 23:00:33,1007,313,2034,7
2026-09-03 23:00:34,1008,324,2032,7
2026-09-03 23:00:35,1005,328,2037,7
2026-09-03 23:00:36,1007,327,2033,7
2026-09-03 23:00:37,994,323,2032,7
2026-09-03 23:00:38,1012,325,2033,7
2026-09-03 23:00:39,1015,321,2030,7
2026-09-03 23:00:40,1003,321,2028,7
2026-09-03 23:00:41,1007,312,2039,7
2026-09-03 23:00:42,1010,314,2036,7
2026-09-03 23:00:43,1004,302,2041,7
2026-09-03 23:00:44,1011,306,2044,7
2026-09-03 23:00:45,1004,308,2036,7
2026-09-03 23:00:46,1009,304,2037,7
2026-09-03 23:00:47,1009,303,2035,7
2026-09-03 23:00:48,1003,308,2045,7
2026-09-03 23:00:49,1007,305,2049,7
2026-09-03 23:00:50,1006,304,2050,7
2026-09-03 23:00:51,1001,303,2040,7
2026-09-03 23:00:52,1010,305,2046,7
2026-09-03 23:00:53,1010,295,2045,7
2026-09-03 23:00:53,996,308,2039,7
2026-09-03 23:00:55,1001,298,2047,7
2026-09-03 23:00:56,1005,299,2042,7
2026-09-03 23:00:57,1007,301,2043,7
2026-09-03 23:00:58,1012,297,2046,7
2026-09-03 23:00:59,1003,298,2045,7
2026-09-03 23:01:00,1006,296,2040,7
2026-09-03 23:01:01,1014,297,2050,7
2026-09-03 23:01:02,1008,296,2040,7
2026-09-03 23:01:03,1008,298,2043,7
2026-09-03 23:01:04,1008,294,2046,7
2026-09-03 23:01:05,1007,292,2039,7
2026-09-03 23:01:06,1000,296,2044,7
2026-09-03 23:01:07,1013,302,2045,7
2026-09-03 23:01:08,1010,301,2045,7
2026-09-03 23:01:09,1011,303,2034,7
2026-09-03 23:01:10,1005,299,2045,7
2026-09-03 23:01:11,1007,300,2049,7
2026-09-03 23:01:12,1011,300,2041,7
2026-09-03 23:01:13,1005,296,2044,7
2026-09-03 23:01:14,1010,309,2040,7
2026-09-03 23:01:15,1015,294,2042,7
2026-09-03 23:01:16,1003,302,2043,7
2026-09-03 23:01:17,1017,300,2043,7
2026-09-03 23:01:18,1008,313,2040,7
2026-09-03 23:01:19,1012,304,2044,7
2026-09-03 23:01:20,1011,315,2043,7
2026-09-03 23:01:21,1013,310,2039,7
2026-09-03 23:01:22,1018,308,2045,7
2026-09-03 23:01:23,1011,313,2045,7
2026-09-03 23:01:24,1007,317,2042,7
2026-09-03 23:01:25,1009,308,2047,7
2026-09-03 23:01:26,1008,309,2040,7
2026-09-03 23:01:27,1017,309,2050,7
2026-09-03 23:01:28,1005,311,2045,7
2026-09-03 23:01:29,1013,316,2054,7
2026-09-03 23:01:30,1010,318,2036,7
2026-09-03 23:01:31,1016,325,2039,7
2026-09-03 23:01:32,1009,321,2047,7
2026-09-03 23:01:33,1011,318,2046,7
2026-09-03 23:01:34,1004,321,2042,7
2026-09-03 23:01:35,1012,323,2051,7
2026-09-03 23:01:36,1010,331,2045,7
2026-09-03 23:01:37,1004,330,2038,7
2026-09-03 23:01:38,1013,328,2049,7
2026-09-03 23:01:39,1019,334,2037,7
2026-09-03 23:01:40,1015,329,2046,7
2026-09-03 23:01:41,1022,329,2045,7
2026-09-03 23:01:42,1010,338,2051,7
2026-09-03 23:01:43,1014,331,2052,7
2026-09-03 23:01:44,1019,342,2048,7
2026-09-03 23:01:47,1014,338,2039,7
2026-09-03 23:01:47,1018,331,2049,7
2026-09-03 23:01:47,1025,333,2051,7
2026-09-03 23:01:48,1021,338,2054,7
2026-09-03 23:01:49,1017,337,2059,7
2026-09-03 23:01:50,1024,338,2050,7
2026-09-03 23:01:51,1016,338,2052,7
2026-09-03 23:01:52,1018,342,2056,7
2026-09-03 23:01:53,1020,336,2049,7
2026-09-03 23:01:54,1016,344,2055,7
2026-09-03 23:01:55,1013,340,2054,7
2026-09-03 23:01:56,1017,344,2053,7
2026-09-03 23:01:57,1009,342,2059,7
2026-09-03 23:01:58,1006,343,2054,7
2026-09-03 23:01:59,1013,348,2054,7
2026-09-03 23:02:00,1009,339,2055,7
2026-09-03 23:02:01,1017,351,2052,7
2026-09-03 23:02:02,1021,352,2050,7
2026-09-03 23:02:03,1011,354,2048,7
2026-09-03 23:02:04,1012,348,2052,7
2026-09-03 23:02:05,1015,351,2048,7
2026-09-03 23:02:06,1007,359,2057,7
2026-09-03 23:02:07,1020,365,2051,7
2026-09-03 23:02:08,1025,361,2054,7
2026-09-03 23:02:09,1018,360,2052,7
2026-09-03 23:02:10,1020,368,2048,7
2026-09-03 23:02:11,1030,364,2047,7
2026-09-03 23:02:12,1021,365,2048,7
2026-09-03 23:02:13,1026,366,2041,7
2026-09-03 23:02:14,1022,371,2044,7
2026-09-03 23:02:15,1035,374,2038,7
2026-09-03 23:02:16,1027,373,2043,7
2026-09-03 23:02:17,1029,368,2045,7
2026-09-03 23:02:18,1019,374,2047,7
2026-09-03 23:02:19,1024,376,2040,7
2026-09-03 23:02:20,1021,377,2046,7
2026-09-03 23:02:21,1019,381,2040,7
2026-09-03 23:02:22,1021,386,2048,7
2026-09-03 23:02:23,1021,381,2041,7
2026-09-03 23:02:24,1021,381,2041,7
2026-09-03 23:02:25,1022,391,2043,7
2026-09-03 23:02:26,1014,394,2036,7
2026-09-03 23:02:27,1026,394,2037,7
2026-09-03 23:02:28,1025,391,2039,7
2026-09-03 23:02:29,1014,393,2044,7
2026-09-03 23:02:30,1018,403,2043,7
2026-09-03 23:02:31,1013,393,2037,7
2026-09-03 23:02:32,1013,400,2038,7
2026-09-03 23:02:33,1014,407,2043,7
2026-09-03 23:02:34,1009,403,2041,7
2026-09-03 23:02:35,1016,408,2033,7
2026-09-03 23:02:36,1016,406,2041,7
2026-09-03 23:02:37,1014,408,2041,7
2026-09-03 23:02:38,1006,411,2036,7
2026-09-03 23:02:39,1018,412,2039,7
2026-09-03 23:02:40,1014,419,2043,7
2026-09-03 23:02:41,1007,412,2038,7
2026-09-03 23:02:42,1000,415,2038,7
2026-09-03 23:02:43,1017,421,2045,7
2026-09-03 23:02:44,1009,425,2041,7
2026-09-03 23:02:45,1011,418,2036,7
2026-09-03 23:02:46,1005,425,2044,7
2026-09-03 23:02:47,1005,419,2042,7
2026-09-03 23:02:48,1001,423,2045,7
2026-09-03 23:02:49,1000,419,2043,7
2026-09-03 23:02:50,996,427,2043,7
2026-09-03 23:02:51,994,425,2033,7
2026-09-03 23:02:52,988,427,2041,7
2026-09-03 23:02:53,983,428,2046,7
2026-09-03 23:02:54,997,430,2045,7
2026-09-03 23:02:55,1000,426,2042,7
2026-09-03 23:02:56,991,427,2044,7
2026-09-03 23:02:57,1002,427,2040,7
2026-09-03 23:02:58,998,424,2041,7
2026-09-03 23:02:59,995,437,2051,7
2026-09-03 23:03:00,991,429,2040,7
2026-09-03 23:03:01,995,429,2037,7
2026-09-03 23:03:02,993,440,2050,7
2026-09-03 23:03:03,995,430,2052,7
2026-09-03 23:03:04,984,433,2047,7
2026-09-03 23:03:05,987,437,2046,7
2026-09-03 23:03:06,990,438,2048,7
2026-09-03 23:03:07,988,442,2045,7
2026-09-03 23:03:08,991,437,2052,7
2026-09-03 23:03:09,989,436,2049,7
2026-09-03 23:03:10,990,441,2042,7
2026-09-03 23:03:11,995,448,2050,7
2026-09-03 23:03:12,995,444,2056,7
2026-09-03 23:03:13,989,448,2051,7
2026-09-03 23:03:14,990,447,2049,7
2026-09-03 23:03:15,994,446,2050,7
2026-09-03 23:03:16,988,446,2053,7
2026-09-03 23:03:17,991,450,2062,7
2026-09-03 23:03:18,986,450,2050,7
2026-09-03 23:03:19,984,449,2054,7
2026-09-03 23:03:20,985,458,2058,7
2026-09-03 23:03:21,984,452,2053,7
2026-09-03 23:03:22,979,458,2041,7
2026-09-03 23:03:23,978,454,2053,7
2026-09-03 23:03:24,987,458,2053,7
2026-09-03 23:03:25,979,458,2050,7
2026-09-03 23:03:26,973,448,2056,7
2026-09-03 23:03:27,975,444,2054,7
2026-09-03 23:03:28,982,449,2050,7
2026-09-03 23:03:29,978,448,2050,7
2026-09-03 23:03:30,981,444,2043,7
2026-09-03 23:03:31,984,441,2048,7
2026-09-03 23:03:32,979,444,2051,7
2026-09-03 23:03:33,980,444,2051,7
2026-09-03 23:03:34,982,437,2048,7
2026-09-03 23:03:35,978,442,2053,7
2026-09-03 23:03:36,983,441,2053,7
2026-09-03 23:03:37,977,448,2048,7
2026-09-03 23:03:38,982,448,2056,7
2026-09-03 23:03:39,984,443,2058,7
2026-09-03 23:03:40,976,441,2051,7
2026-09-03 23:03:41,985,442,2052,7
2026-09-03 23:03:42,987,446,2055,7
2026-09-03 23:03:43,985,448,2041,7
2026-09-03 23:03:44,984,448,2055,7
2026-09-03 23:03:45,986,451,2051,7
2026-09-03 23:03:46,985,444,2053,7
2026-09-03 23:03:47,983,453,2050,7
2026-09-03 23:03:48,986,458,2045,7
2026-09-03 23:03:49,989,454,2046,7
2026-09-03 23:03:50,976,449,2046,7
2026-09-03 23:03:51,977,457,2051,7
2026-09-03 23:03:52,985,453,2046,7
2026-09-03 23:03:53,977,454,2050,7
2026-09-03 23:03:54,983,457,2047,7
2026-09-03 23:03:55,979,467,2047,7
2026-09-03 23:03:56,983,460,2048,7
2026-09-03 23:03:57,983,466,2047,7
2026-09-03 23:03:58,982,458,2048,7
2026-09-03 23:03:59,976,469,2053,7
2026-09-03 23:04:00,980,469,2046,7
2026-09-03 23:04:01,978,466,2044,7
2026-09-03 23:04:02,973,464,2048,7
2026-09-03 23:04:03,988,468,2040,7
2026-09-03 23:04:04,980,470,2051,7
2026-09-03 23:04:05,970,481,2045,7
2026-09-03 23:04:06,975,478,2045,7
2026-09-03 23:04:07,982,473,2048,7
2026-09-03 23:04:08,975,479,2044,7
2026-09-03 23:04:09,972,479,2045,7
2026-09-03 23:04:10,977,484,2050,7
2026-09-03 23:04:11,970,475,2045,7
2026-09-03 23:04:12,978,477,2052,7
2026-09-03 23:04:13,974,484,2048,7
2026-09-03 23:04:14,979,488,2048,7
2026-09-03 23:04:15,977,486,2044,7
2026-09-03 23:04:16,978,486,2047,7
2026-09-03 23:04:17,971,486,2044,7
2026-09-03 23:04:18,973,486,2051,7
2026-09-03 23:04:19,974,494,2050,7
2026-09-03 23:04:20,982,491,2041,7
2026-09-03 23:04:21,979,486,2041,7
2026-09-03 23:04:22,967,486,2053,7
2026-09-03 23:04:23,966,495,2049,7
2026-09-03 23:04:24,972,490,2047,7
2026-09-03 23:04:25,964,494,2037,7
2026-09-03 23:04:26,968,494,2037,7
2026-09-03 23:04:27,971,504,2035,7
2026-09-03 23:04:28,960,502,2041,7
2026-09-03 23:04:29,964,501,2041,7
2026-09-03 23:04:30,974,498,2034,7
2026-09-03 23:04:31,956,498,2035,7
2026-09-03 23:04:32,970,503,2040,7
2026-09-03 23:04:33,967,509,2031,7
2026-09-03 23:04:34,971,505,2036,7
2026-09-03 23:04:35,965,511,2027,7
2026-09-03 23:04:36,964,513,2033,7
2026-09-03 23:04:37,970,505,2029,7
2026-09-03 23:04:38,968,510,2029,7
2026-09-03 23:04:39,964,508,2025,7
2026-09-03 23:04:40,967,518,2024,7
2026-09-03 23:04:41,970,507,2028,7
2026-09-03 23:04:42,959,511,2020,7
2026-09-03 23:04:43,958,507,2016,7
2026-09-03 23:04:44,960,516,2022,7
2026-09-03 23:04:45,963,513,2020,7
2026-09-03 23:04:46,957,508,2016,7
2026-09-03 23:04:47,961,506,2021,7
2026-09-03 23:04:48,958,514,2012,7
2026-09-03 23:04:49,960,512,2013,7
2026-09-03 23:04:50,955,512,2018,7
2026-09-03 23:04:51,954,510,2009,7
2026-09-03 23:04:52,965,513,2016,7
2026-09-03 23:04:53,960,514,2010,7
2026-09-03 23:04:54,970,517,2013,7
2026-09-03 23:04:55,953,514,2011,7
2026-09-03 23:04:56,951,507,2012,7
2026-09-03 23:04:57,953,513,2009,7
2026-09-03 23:04:58,949,508,2008,7
2026-09-03 23:04:59,962,511,2011,7
2026-09-03 23:05:00,956,498,2008,7
2026-09-03 23:05:01,955,506,2014,7
2026-09-03 23:05:02,954,503,2007,7
2026-09-03 23:05:03,954,510,2016,7
2026-09-03 23:05:04,951,500,2018,7
2026-09-03 23:05:05,945,501,2009,7
2026-09-03 23:05:06,952,500,2013,7
2026-09-03 23:05:07,951,497,2012,7
2026-09-03 23:05:08,951,491,2015,7
2026-09-03 23:05:09,949,491,2008,7
2026-09-03 23:05:10,950,492,2015,7
2026-09-03 23:05:11,941,491,2008,7
2026-09-03 23:05:12,943,495,2015,7
2026-09-03 23:05:13,944,484,2007,7
2026-09-03 23:05:14,934,482,2009,7
2026-09-03 23:05:15,936,482,2005,7
2026-09-03 23:05:16,935,480,2005,7
2026-09-03 23:05:17,945,475,2003,7
2026-09-03 23:05:18,932,481,2001,7
2026-09-03 23:05:19,932,474,2002,7
2026-09-03 23:05:20,938,469,1996,7
2026-09-03 23:05:21,936,471,2006,7
2026-09-03 23:05:22,933,468,2001,7
2026-09-03 23:05:23,937,465,2001,7
2026-09-03 23:05:24,939,464,1993,7
2026-09-03 23:05:25,928,463,2003,7
2026-09-03 23:05:26,933,459,1995,7
2026-09-03 23:05:27,928,456,2001,7
2026-09-03 23:05:28,936,456,1999,7
2026-09-03 23:05:29,936,458,1996,7
2026-09-03 23:05:30,927,451,1998,7
2026-09-03 23:05:31,944,440,1999,7
2026-09-03 23:05:32,939,444,1992,7
2026-09-03 23:05:33,942,446,1995,7
2026-09-03 23:05:34,937,442,2001,7
2026-09-03 23:05:35,930,445,1990,7
2026-09-03 23:05:36,923,444,1994,7
2026-09-03 23:05:37,928,436,1996,7
2026-09-03 23:05:38,937,431,1987,7
2026-09-03 23:05:39,927,435,1991,7
2026-09-03 23:05:40,932,430,1996,7
2026-09-03 23:05:41,936,437,1993,7
2026-09-03 23:05:42,934,435,1998,7
2026-09-03 23:05:43,937,427,1999,7
2026-09-03 23:05:44,932,427,1992,7
2026-09-03 23:05:45,924,429,1998,7
2026-09-03 23:05:46,929,430,1993,7
2026-09-03 23:05:47,925,427,2000,7
2026-09-03 23:05:48,930,433,1997,7
2026-09-03 23:05:49,928,425,1995,7
2026-09-03 23:05:50,935,424,1992,7
2026-09-03 23:05:51,927,424,1996,7
2026-09-03 23:05:52,929,418,1998,7
2026-09-03 23:05:53,932,422,1996,7
2026-09-03 23:05:54,927,416,1996,7
2026-09-03 23:05:55,929,421,1990,7
2026-09-03 23:05:56,930,419,1992,7
2026-09-03 23:05:57,930,415,1987,7
2026-09-03 23:05:58,919,411,1993,7
2026-09-03 23:05:59,924,413,2003,7
2026-09-03 23:06:00,927,409,2002,7
2026-09-03 23:06:01,925,411,1996,7
2026-09-03 23:06:02,931,403,2000,7
2026-09-03 23:06:03,935,401,1995,7
2026-09-03 23:06:04,929,411,1990,7
2026-09-03 23:06:05,935,401,1990,7
2026-09-03 23:06:06,934,403,2000,7
2026-09-03 23:06:07,930,406,1996,7
2026-09-03 23:06:08,932,401,1997,7
2026-09-03 23:06:09,932,396,1991,7
2026-09-03 23:06:10,929,404,1994,7
2026-09-03 23:06:11,936,400,2001,7
2026-09-03 23:06:12,934,403,1995,7
2026-09-03 23:06:13,936,397,1998,7
2026-09-03 23:06:14,932,402,1994,7
2026-09-03 23:06:15,928,403,1988,7
2026-09-03 23:06:16,931,397,1994,7
2026-09-03 23:06:17,929,393,1989,7
2026-09-03 23:06:18,936,385,1995,7
2026-09-03 23:06:19,928,391,1998,7
2026-09-03 23:06:20,928,402,1987,7
2026-09-03 23:06:21,937,391,1990,7
2026-09-03 23:06:22,932,385,1987,7
2026-09-03 23:06:23,939,383,1990,7
2026-09-03 23:06:24,934,378,1991,7
2026-09-03 23:06:25,933,384,2001,7
2026-09-03 23:06:26,928,380,1994,7
2026-09-03 23:06:27,936,379,1997,5
2026-09-03 23:06:28,939,381,1996,5
2026-09-03 23:06:29,935,379,1993,5
2026-09-03 23:06:30,931,375,1991,5
2026-09-03 23:06:31,938,369,1994,5
2026-09-03 23:06:32,936,372,1986,5
2026-09-03 23:06:33,935,371,1992,5
2026-09-03 23:06:34,937,374,2002,5
2026-09-03 23:06:35,934,371,1994,5
2026-09-03 23:06:36,936,368,1993,5
2026-09-03 23:06:37,941,365,1995,5
2026-09-03 23:06:38,934,366,1993,5
2026-09-03 23:06:39,940,363,1989,5
2026-09-03 23:06:40,936,367,1998,5
2026-09-03 23:06:41,940,364,1996,5
2026-09-03 23:06:42,941,362,1997,5
2026-09-03 23:06:43,930,363,2000,5
2026-09-03 23:06:44,940,357,1996,5
2026-09-03 23:06:45,939,357,1995,5
2026-09-03 23:06:46,942,361,1987,5
2026-09-03 23:06:47,939,361,1994,5
2026-09-03 23:06:48,930,362,1988,5
2026-09-03 23:06:49,936,353,1992,5
2026-09-03 23:06:50,940,358,2000,5
2026-09-03 23:06:51,932,356,1996,5
2026-09-03 23:06:52,935,364,1993,5
2026-09-03 23:06:53,938,351,1999,5
2026-09-03 23:06:54,945,351,1995,5
2026-09-03 23:06:55,938,358,1992,5
2026-09-03 23:06:56,937,350,2006,5
2026-09-03 23:06:57,935,349,1994,5
2026-09-03 23:06:58,935,359,1997,5
2026-09-03 23:06:59,933,355,2000,5
2026-09-03 23:07:00,939,352,1995,5
2026-09-03 23:07:01,928,349,2006,5
2026-09-03 23:07:02,930,348,1993,5
2026-09-03 23:07:03,928,353,2004,5
2026-09-03 23:07:04,935,349,1998,5
2026-09-03 23:07:05,937,351,2003,5
2026-09-03 23:07:06,937,350,1992,5
2026-09-03 23:07:07,940,357,2000,5
2026-09-03 23:07:08,935,347,2004,5
2026-09-03 23:07:09,936,347,2004,5
2026-09-03 23:07:10,942,349,2000,5
2026-09-03 23:07:11,925,343,1998,5
2026-09-03 23:07:12,930,357,1985,5
2026-09-03 23:07:13,936,352,2001,5
2026-09-03 23:07:14,935,347,1999,5
2026-09-03 23:07:15,937,353,2000,5
2026-09-03 23:07:16,943,347,1993,5
2026-09-03 23:07:17,944,353,1998,5
2026-09-03 23:07:18,942,347,1998,5
2026-09-03 23:07:19,940,352,1999,5
2026-09-03 23:07:20,944,355,2000,5
2026-09-03 23:07:21,941,354,1996,5
2026-09-03 23:07:22,942,346,1998,5
2026-09-03 23:07:23,940,344,1997,5
2026-09-03 23:07:24,948,354,2000,5
2026-09-03 23:07:25,947,350,1994,5
2026-09-03 23:07:26,952,355,2003,5
2026-09-03 23:07:27,947,356,1997,5
2026-09-03 23:07:28,944,349,1995,5
2026-09-03 23:07:29,941,351,2003,5
2026-09-03 23:07:30,942,358,1988,5
2026-09-03 23:07:31,942,348,1999,5
2026-09-03 23:07:32,942,353,1992,5
2026-09-03 23:07:33,938,351,1991,5
2026-09-03 23:07:34,941,353,2000,5
2026-09-03 23:07:35,934,356,1995,5
2026-09-03 23:07:36,942,354,1993,5
2026-09-03 23:07:37,940,348,2005,5
2026-09-03 23:07:38,935,354,1997,5
2026-09-03 23:07:39,940,349,2001,5
2026-09-03 23:07:40,938,345,1996,5
2026-09-03 23:07:41,930,358,1991,5
2026-09-03 23:07:42,937,345,1993,5
2026-09-03 23:07:43,944,352,1991,5
2026-09-03 23:07:44,940,347,1996,5
2026-09-03 23:07:45,937,350,1992,5
2026-09-03 23:07:46,935,346,1993,5
2026-09-03 23:07:47,936,350,1999,5
2026-09-03 23:07:48,938,360,2000,5
2026-09-03 23:07:49,942,330,2002,5
2026-09-03 23:07:50,935,345,2001,5
2026-09-03 23:07:51,944,338,1999,5
2026-09-03 23:07:52,938,341,2000,5
2026-09-03 23:07:53,939,348,2003,5
2026-09-03 23:07:54,940,348,2002,5
2026-09-03 23:07:55,940,338,1997,5
2026-09-03 23:07:56,948,343,2002,5
2026-09-03 23:07:57,939,339,2001,5
2026-09-03 23:07:58,949,341,1994,5
2026-09-03 23:07:59,943,341,1996,5
2026-09-03 23:08:00,948,347,1992,5
2026-09-03 23:08:01,939,339,1997,5
2026-09-03 23:08:02,944,342,2002,5
2026-09-03 23:08:03,954,337,1990,5
2026-09-03 23:08:04,943,338,1995,5
2026-09-03 23:08:05,950,342,1994,5
2026-09-03 23:08:06,953,342,2002,5
2026-09-03 23:08:07,948,343,1997,5
2026-09-03 23:08:08,954,342,1998,5
2026-09-03 23:08:09,948,344,2001,5
2026-09-03 23:08:10,955,352,2002,5
2026-09-03 23:08:11,955,351,2007,5
2026-09-03 23:08:12,954,355,2003,5
2026-09-03 23:08:13,962,349,2000,5
2026-09-03 23:08:14,952,344,1995,5
2026-09-03 23:08:15,954,352,2000,5
2026-09-03 23:08:16,953,358,1995,5
2026-09-03 23:08:17,956,354,2000,5
2026-09-03 23:08:18,957,357,1994,5
2026-09-03 23:08:19,956,352,2010,5
2026-09-03 23:08:20,952,351,2004,5
2026-09-03 23:08:21,951,357,1998,5
2026-09-03 23:08:22,957,350,2004,5
2026-09-03 23:08:23,959,362,1999,5
2026-09-03 23:08:24,952,353,1993,5
2026-09-03 23:08:25,952,358,1998,5
2026-09-03 23:08:26,957,365,2002,5
2026-09-03 23:08:27,951,368,2000,5
2026-09-03 23:08:28,946,370,1993,5
2026-09-03 23:08:29,955,362,1996,5
2026-09-03 23:08:30,956,365,1994,5
2026-09-03 23:08:31,953,366,2000,5
2026-09-03 23:08:32,958,366,1998,5
2026-09-03 23:08:33,950,364,1999,5
2026-09-03 23:08:34,952,362,1998,5
2026-09-03 23:08:35,952,367,1994,5
2026-09-03 23:08:36,952,370,2007,5
2026-09-03 23:08:37,953,367,2001,5
2026-09-03 23:08:38,956,368,1997,5
2026-09-03 23:08:39,949,371,1994,5
2026-09-03 23:08:40,950,368,2000,5
2026-09-03 23:08:41,952,367,2000,5
2026-09-03 23:08:42,957,380,1983,5
2026-09-03 23:08:43,957,377,1992,5
2026-09-03 23:08:44,956,370,1996,5
2026-09-03 23:08:45,949,380,1996,5
2026-09-03 23:08:46,944,374,2001,5
2026-09-03 23:08:47,953,378,1995,5
2026-09-03 23:08:48,948,378,1994,5
2026-09-03 23:08:49,951,379,1989,5
2026-09-03 23:08:50,947,381,1991,5
2026-09-03 23:08:51,952,382,1998,5
2026-09-03 23:08:52,950,395,1997,5
2026-09-03 23:08:53,946,388,1993,5
2026-09-03 23:08:54,942,392,1991,5
2026-09-03 23:08:55,948,385,2002,5
2026-09-03 23:08:56,950,384,1992,5
2026-09-03 23:08:57,946,390,1992,5
2026-09-03 23:08:58,943,402,1991,5
2026-09-03 23:08:59,948,398,1995,5
2026-09-03 23:09:00,947,394,1995,5
2026-09-03 23:09:01,942,390,1992,5
2026-09-03 23:09:02,938,391,1998,5
2026-09-03 23:09:03,945,390,1991,5
2026-09-03 23:09:04,942,389,1992,5
2026-09-03 23:09:05,948,388,1994,5
2026-09-03 23:09:06,943,392,1997,5
2026-09-03 23:09:07,944,393,1997,5
2026-09-03 23:09:08,948,384,1998,5
2026-09-03 23:09:09,944,384,1994,5
2026-09-03 23:09:10,943,387,1988,5
2026-09-03 23:09:11,944,386,1999,5
2026-09-03 23:09:12,947,392,1999,5
2026-09-03 23:09:13,950,387,2001,5
2026-09-03 23:09:14,954,384,2000,5
2026-09-03 23:09:15,942,388,1996,5
2026-09-03 23:09:16,949,394,1993,5
2026-09-03 23:09:17,944,395,2003,5
2026-09-03 23:09:18,946,391,1993,5
2026-09-03 23:09:19,948,387,2001,5
2026-09-03 23:09:20,938,393,2002,5
2026-09-03 23:09:21,946,387,2000,5
2026-09-03 23:09:22,946,390,2002,5
2026-09-03 23:09:23,939,391,1998,5
2026-09-03 23:09:24,947,388,1987,5
2026-09-03 23:09:25,934,387,1999,5
2026-09-03 23:09:26,938,394,1997,5
2026-09-03 23:09:27,936,391,2003,5
2026-09-03 23:09:28,939,391,2002,5
2026-09-03 23:09:29,933,394,2001,5
2026-09-03 23:09:30,942,390,2005,5
2026-09-03 23:09:31,941,382,2000,5
2026-09-03 23:09:32,928,396,1999,5
2026-09-03 23:09:33,929,392,1991,5
2026-09-03 23:09:34,939,393,1991,5
2026-09-03 23:09:35,933,389,2002,5
2026-09-03 23:09:36,941,392,2001,5
2026-09-03 23:09:37,926,389,2001,5
2026-09-03 23:09:38,937,390,2002,5
2026-09-03 23:09:39,942,402,2000,5
2026-09-03 23:09:40,932,390,2000,5
2026-09-03 23:09:41,924,399,2005,5
2026-09-03 23:09:42,929,390,2002,5
2026-09-03 23:09:43,936,393,2002,5
2026-09-03 23:09:44,934,397,2005,5
2026-09-03 23:09:45,937,391,2003,5
2026-09-03 23:09:46,930,395,1996,5
2026-09-03 23:09:47,940,399,1996,5
2026-09-03 23:09:48,930,395,1999,5
2026-09-03 23:09:49,927,397,1999,5
2026-09-03 23:09:50,937,402,1995,5
2026-09-03 23:09:51,933,396,2000,5
2026-09-03 23:09:52,931,391,2004,5
2026-09-03 23:09:53,926,395,2003,5
2026-09-03 23:09:54,930,397,1998,5
2026-09-03 23:09:55,930,406,1998,5
2026-09-03 23:09:56,922,401,1996,5
2026-09-03 23:09:57,935,390,1998,5
2026-09-03 23:09:58,934,393,1995,5
2026-09-03 23:09:59,933,396,1999,5
2026-09-03 23:10:00,933,400,1994,5
2026-09-03 23:10:01,932,400,1999,5
2026-09-03 23:10:02,932,406,1988,5
2026-09-03 23:10:03,935,409,1990,5
2026-09-03 23:10:04,926,400,1993,5
2026-09-03 23:10:05,926,405,1994,5
2026-09-03 23:10:06,928,405,1989,5
2026-09-03 23:10:07,922,409,1986,5
2026-09-03 23:10:08,925,409,1995,5
2026-09-03 23:10:09,920,410,1988,5
2026-09-03 23:10:10,925,413,1989,5
2026-09-03 23:10:11,927,422,1992,5
2026-09-03 23:10:12,923,411,1992,5
2026-09-03 23:10:13,923,411,1982,5
2026-09-03 23:10:14,918,418,1982,5
2026-09-03 23:10:15,934,414,1987,5
2026-09-03 23:10:16,931,417,1982,5
2026-09-03 23:10:17,924,422,1985,5
2026-09-03 23:10:18,923,419,1976,5
2026-09-03 23:10:19,931,418,1986,5
2026-09-03 23:10:20,931,420,1975,5
2026-09-03 23:10:21,932,414,1987,5
2026-09-03 23:10:22,936,418,1985,5
2026-09-03 23:10:23,931,425,1978,5
2026-09-03 23:10:24,925,426,1975,5
2026-09-03 23:10:25,928,423,1970,5
2026-09-03 23:10:26,927,436,1975,5
2026-09-03 23:10:27,932,427,1975,5
2026-09-03 23:10:28,933,433,1975,5
2026-09-03 23:10:29,930,430,1972,5
2026-09-03 23:10:30,928,433,1976,5
2026-09-03 23:10:31,925,434,1965,5
2026-09-03 23:10:32,931,439,1973,5
2026-09-03 23:10:33,923,438,1978,5
2026-09-03 23:10:34,924,433,1965,5
2026-09-03 23:10:35,919,434,1967,5
2026-09-03 23:10:36,925,441,1966,5
2026-09-03 23:10:37,928,436,1968,5
2026-09-03 23:10:38,927,437,1959,5
2026-09-03 23:10:39,914,444,1961,5
2026-09-03 23:10:40,922,441,1961,5
2026-09-03 23:10:41,921,449,1969,5
2026-09-03 23:10:42,916,443,1958,5
2026-09-03 23:10:43,915,443,1964,5
2026-09-03 23:10:44,909,444,1959,5
2026-09-03 23:10:45,916,450,1966,5
2026-09-03 23:10:46,918,446,1963,5
2026-09-03 23:10:47,912,450,1958,5
2026-09-03 23:10:48,907,451,1957,7
2026-09-03 23:10:49,914,448,1953,7
2026-09-03 23:10:50,911,447,1957,7
2026-09-03 23:10:51,906,449,1962,7
2026-09-03 23:10:52,902,453,1953,7
2026-09-03 23:10:53,908,447,1963,7
2026-09-03 23:10:54,903,459,1959,7
2026-09-03 23:10:55,908,451,1955,7
2026-09-03 23:10:56,908,453,1960,7
2026-09-03 23:10:57,905,461,1950,7
2026-09-03 23:10:58,909,469,1944,7
2026-09-03 23:10:59,909,453,1940,7
2026-09-03 23:11:00,906,463,1947,7
2026-09-03 23:11:01,911,452,1950,7
2026-09-03 23:11:02,912,463,1950,7
2026-09-03 23:11:03,910,463,1956,7
2026-09-03 23:11:04,912,460,1949,7
2026-09-03 23:11:05,903,465,1952,7
2026-09-03 23:11:06,904,465,1944,7
2026-09-03 23:11:07,900,466,1940,7
2026-09-03 23:11:08,899,470,1941,7
2026-09-03 23:11:09,899,465,1940,7
2026-09-03 23:11:10,896,465,1941,7
2026-09-03 23:11:11,900,465,1946,7
2026-09-03 23:11:12,895,472,1932,7
2026-09-03 23:11:13,893,467,1939,7
2026-09-03 23:11:14,901,468,1934,7
2026-09-03 23:11:15,900,477,1939,7
2026-09-03 23:11:16,896,467,1944,7
2026-09-03 23:11:17,901,478,1939,7
2026-09-03 23:11:18,899,477,1939,7
2026-09-03 23:11:19,900,476,1937,7
2026-09-03 23:11:20,890,479,1939,7
2026-09-03 23:11:21,901,484,1937,7
2026-09-03 23:11:22,897,482,1929,7
2026-09-03 23:11:23,889,478,1929,7
2026-09-03 23:11:24,899,487,1930,7
2026-09-03 23:11:25,907,486,1930,7
2026-09-03 23:11:26,908,489,1933,7
2026-09-03 23:11:27,915,488,1939,7
2026-09-03 23:11:28,916,482,1932,7
2026-09-03 23:11:29,909,481,1933,7
2026-09-03 23:11:30,909,489,1929,7
2026-09-03 23:11:31,917,488,1930,7
2026-09-03 23:11:32,909,488,1934,7
2026-09-03 23:11:33,912,498,1930,7
2026-09-03 23:11:34,910,498,1933,7
2026-09-03 23:11:35,912,495,1929,7
2026-09-03 23:11:36,913,498,1930,7
2026-09-03 23:11:37,910,500,1924,7
2026-09-03 23:11:38,909,501,1923,7
2026-09-03 23:11:39,911,505,1925,7
2026-09-03 23:11:40,906,506,1925,7
2026-09-03 23:11:41,904,509,1928,7
2026-09-03 23:11:42,906,498,1923,7
2026-09-03 23:11:43,901,503,1928,7
2026-09-03 23:11:44,899,505,1926,7
2026-09-03 23:11:45,899,507,1925,7
2026-09-03 23:11:46,896,505,1917,7
2026-09-03 23:11:47,892,506,1926,7
2026-09-03 23:11:48,905,506,1922,7
2026-09-03 23:11:49,900,508,1924,7
2026-09-03 23:11:50,906,505,1918,7
2026-09-03 23:11:51,890,510,1921,7
2026-09-03 23:11:52,899,505,1921,7
2026-09-03 23:11:53,899,505,1922,7
2026-09-03 23:11:54,894,508,1913,7
2026-09-03 23:11:55,899,509,1923,7
2026-09-03 23:11:56,904,512,1921,7
2026-09-03 23:11:57,901,510,1910,7
2026-09-03 23:11:58,900,506,1924,7
2026-09-03 23:11:59,891,513,1925,7
2026-09-03 23:12:00,890,522,1923,7
2026-09-03 23:12:01,893,512,1923,7
2026-09-03 23:12:02,887,514,1927,7
2026-09-03 23:12:03,891,506,1920,7
2026-09-03 23:12:04,886,518,1922,7
2026-09-03 23:12:05,895,511,1925,7
2026-09-03 23:12:06,895,511,1925,7
2026-09-03 23:12:07,878,512,1920,7
2026-09-03 23:12:08,888,515,1917,7
2026-09-03 23:12:09,879,519,1919,7
2026-09-03 23:12:10,886,514,1925,7
2026-09-03 23:12:11,881,507,1915,7
2026-09-03 23:12:12,889,517,1917,7
2026-09-03 23:12:13,883,516,1917,7
2026-09-03 23:12:14,879,513,1913,7
2026-09-03 23:12:15,884,514,1912,7
2026-09-03 23:12:16,885,515,1915,7
2026-09-03 23:12:17,890,511,1921,7
2026-09-03 23:12:18,888,514,1915,7
2026-09-03 23:12:19,884,512,1911,7
2026-09-03 23:12:20,888,511,1918,7
2026-09-03 23:12:21,886,519,1913,7
2026-09-03 23:12:22,880,519,1908,7
2026-09-03 23:12:23,878,518,1919,7
2026-09-03 23:12:24,877,526,1913,7
2026-09-03 23:12:25,879,521,1918,7
2026-09-03 23:12:26,879,509,1916,7
2026-09-03 23:12:27,882,520,1918,7
2026-09-03 23:12:28,886,513,1922,7
2026-09-03 23:12:29,881,516,1926,7
2026-09-03 23:12:30,883,520,1920,7
2026-09-03 23:12:31,888,520,1915,7
2026-09-03 23:12:32,894,518,1912,7
2026-09-03 23:12:33,891,517,1919,7
2026-09-03 23:12:34,886,518,1914,7
2026-09-03 23:12:35,887,530,1912,7
2026-09-03 23:12:36,892,523,1909,7
2026-09-03 23:12:37,887,526,1917,7
2026-09-03 23:12:38,887,525,1920,7
2026-09-03 23:12:39,892,518,1919,7
2026-09-03 23:12:40,889,518,1920,7
2026-09-03 23:12:41,888,538,1912,7
2026-09-03 23:12:42,890,521,1914,7
2026-09-03 23:12:43,888,523,1917,7
2026-09-03 23:12:44,887,531,1915,7
2026-09-03 23:12:45,886,523,1909,7
2026-09-03 23:12:46,887,528,1915,7
2026-09-03 23:12:47,881,517,1905,7
2026-09-03 23:12:48,888,527,1917,7
2026-09-03 23:12:49,886,522,1906,7
2026-09-03 23:12:50,878,523,1918,7
2026-09-03 23:12:51,885,530,1908,7
2026-09-03 23:12:52,884,534,1915,7
2026-09-03 23:12:53,878,529,1910,7
2026-09-03 23:12:54,875,523,1915,7
2026-09-03 23:12:55,877,532,1909,7
2026-09-03 23:12:56,880,521,1911,7
2026-09-03 23:12:57,875,528,1912,7
2026-09-03 23:12:58,872,532,1909,7
2026-09-03 23:12:59,878,525,1912,7
2026-09-03 23:13:00,879,532,1906,7
2026-09-03 23:13:01,876,532,1912,7
2026-09-03 23:13:02,869,532,1906,7
2026-09-03 23:13:03,877,532,1916,7
2026-09-03 23:13:04,883,538,1906,7
2026-09-03 23:13:05,879,536,1914,7
2026-09-03 23:13:06,887,537,1916,7
2026-09-03 23:13:07,881,533,1901,7
2026-09-03 23:13:08,883,531,1907,7
2026-09-03 23:13:09,885,531,1904,7
2026-09-03 23:13:10,877,531,1905,7
2026-09-03 23:13:11,878,532,1906,7
2026-09-03 23:13:12,882,541,1905,7
2026-09-03 23:13:13,877,533,1907,7
2026-09-03 23:13:14,873,541,1905,7
2026-09-03 23:13:15,880,535,1915,7
2026-09-03 23:13:16,875,541,1913,7
2026-09-03 23:13:17,876,542,1900,7
2026-09-03 23:13:18,883,539,1908,7
2026-09-03 23:13:19,885,541,1901,7
2026-09-03 23:13:20,879,538,1902,7
2026-09-03 23:13:21,879,543,1910,7
2026-09-03 23:13:22,887,545,1917,7
2026-09-03 23:13:23,875,544,1914,7
2026-09-03 23:13:24,881,543,1911,7
2026-09-03 23:13:25,888,533,1910,7
2026-09-03 23:13:26,877,546,1912,7
2026-09-03 23:13:27,881,538,1907,7
2026-09-03 23:13:28,873,540,1912,7
2026-09-03 23:13:29,879,536,1909,7
2026-09-03 23:13:30,871,545,1905,7
2026-09-03 23:13:31,882,534,1911,7
2026-09-03 23:13:32,874,533,1909,7
2026-09-03 23:13:33,872,535,1912,7
2026-09-03 23:13:34,873,527,1908,7
2026-09-03 23:13:35,877,537,1902,7
2026-09-03 23:13:36,870,524,1903,7
2026-09-03 23:13:37,869,528,1907,7
2026-09-03 23:13:38,872,522,1906,7
2026-09-03 23:13:39,866,528,1911,7
2026-09-03 23:13:40,870,524,1909,7
2026-09-03 23:13:41,875,525,1907,7
2026-09-03 23:13:42,860,526,1907,7
2026-09-03 23:13:43,864,518,1913,7
2026-09-03 23:13:44,864,527,1900,7
2026-09-03 23:13:45,867,518,1897,7
2026-09-03 23:13:46,866,513,1906,7
2026-09-03 23:13:47,862,525,1915,7
2026-09-03 23:13:48,867,518,1909,7
2026-09-03 23:13:49,876,525,1910,7
2026-09-03 23:13:50,868,518,1910,7
2026-09-03 23:13:51,862,516,1912,7
2026-09-03 23:13:52,869,520,1906,7
2026-09-03 23:13:53,863,523,1910,7
2026-09-03 23:13:54,864,522,1913,7
2026-09-03 23:13:55,862,519,1918,7
2026-09-03 23:13:56,870,513,1912,7
2026-09-03 23:13:57,867,519,1905,7
2026-09-03 23:13:58,862,523,1914,7
2026-09-03 23:13:59,863,520,1919,7
2026-09-03 23:14:00,865,512,1917,7
2026-09-03 23:14:01,861,513,1913,7
2026-09-03 23:14:02,863,520,1912,7
2026-09-03 23:14:03,853,524,1918,7
2026-09-03 23:14:04,864,519,1917,7
2026-09-03 23:14:05,862,523,1914,7
2026-09-03 23:14:06,862,514,1922,7
2026-09-03 23:14:07,864,523,1912,7
2026-09-03 23:14:08,859,521,1909,7
2026-09-03 23:14:09,866,516,1910,7
2026-09-03 23:14:10,868,525,1902,7
2026-09-03 23:14:11,870,527,1905,7
2026-09-03 23:14:12,862,525,1908,7
2026-09-03 23:14:13,859,525,1903,7
2026-09-03 23:14:14,860,527,1903,7
2026-09-03 23:14:15,866,529,1911,7
2026-09-03 23:14:16,868,531,1909,7
2026-09-03 23:14:17,859,530,1908,7
2026-09-03 23:14:18,870,526,1903,7
2026-09-03 23:14:19,860,525,1912,7
2026-09-03 23:14:20,861,534,1906,7
2026-09-03 23:14:21,861,529,1901,7
2026-09-03 23:14:22,868,530,1909,7
2026-09-03 23:14:23,864,529,1913,7
2026-09-03 23:14:24,865,527,1911,7
2026-09-03 23:14:25,871,532,1904,7
2026-09-03 23:14:26,866,525,1903,7
2026-09-03 23:14:27,858,531,1906,7
2026-09-03 23:14:28,861,533,1903,7
2026-09-03 23:14:29,861,536,1905,7
2026-09-03 23:14:30,858,529,1900,7
2026-09-03 23:14:31,863,543,1902,7
2026-09-03 23:14:32,864,531,1900,7
2026-09-03 23:14:33,867,534,1897,7
2026-09-03 23:14:34,869,533,1901,7
2026-09-03 23:14:35,865,539,1908,7
2026-09-03 23:14:36,871,538,1900,7
2026-09-03 23:14:37,869,535,1899,7
2026-09-03 23:14:38,869,540,1901,7
2026-09-03 23:14:39,879,538,1904,7
2026-09-03 23:14:40,885,540,1892,7
2026-09-03 23:14:41,875,539,1900,7
2026-09-03 23:14:42,876,539,1898,7
2026-09-03 23:14:43,874,541,1899,7
2026-09-03 23:14:44,871,535,1896,7
2026-09-03 23:14:45,868,544,1891,7
2026-09-03 23:14:46,867,539,1902,7
2026-09-03 23:14:47,868,538,1896,7
2026-09-03 23:14:48,874,545,1897,7
2026-09-03 23:14:49,875,537,1897,7
2026-09-03 23:14:50,872,535,1892,7
2026-09-03 23:14:51,869,540,1899,7
2026-09-03 23:14:52,864,542,1900,7
2026-09-03 23:14:53,874,539,1897,7
2026-09-03 23:14:54,871,542,1897,7
2026-09-03 23:14:55,866,540,1898,7
2026-09-03 23:14:56,870,535,1904,7
2026-09-03 23:14:57,871,530,1895,7
2026-09-03 23:14:58,880,535,1890,7
2026-09-03 23:14:59,882,539,1905,7
2026-09-03 23:15:00,870,537,1900,7
2026-09-03 23:15:01,876,539,1898,7
2026-09-03 23:15:02,865,536,1898,7
2026-09-03 23:15:03,873,543,1896,7
2026-09-03 23:15:04,873,527,1896,7
2026-09-03 23:15:05,868,535,1902,7
2026-09-03 23:15:06,873,532,1899,7
2026-09-03 23:15:07,875,536,1897,7
2026-09-03 23:15:08,867,530,1905,7
2026-09-03 23:15:09,871,533,1905,7
2026-09-03 23:15:10,875,532,1907,7
2026-09-03 23:15:11,866,528,1907,7
2026-09-03 23:15:12,864,530,1907,7
2026-09-03 23:15:13,874,528,1901,7
2026-09-03 23:15:14,865,531,1902,7
2026-09-03 23:15:15,869,532,1905,7
2026-09-03 23:15:16,867,529,1908,7
2026-09-03 23:15:17,860,525,1908,7
2026-09-03 23:15:18,868,530,1900,7
2026-09-03 23:15:19,866,530,1903,7
2026-09-03 23:15:20,866,528,1900,7
2026-09-03 23:15:21,866,524,1910,7
2026-09-03 23:15:22,864,529,1905,7
2026-09-03 23:15:23,869,521,1902,7
2026-09-03 23:15:24,862,529,1901,7
2026-09-03 23:15:25,865,528,1908,7
2026-09-03 23:15:26,868,517,1903,7
2026-09-03 23:15:27,863,521,1912,7
2026-09-03 23:15:28,858,524,1903,7
2026-09-03 23:15:29,863,533,1900,7
2026-09-03 23:15:30,858,518,1910,7
2026-09-03 23:15:31,859,527,1904,7
2026-09-03 23:15:32,858,518,1903,7
2026-09-03 23:15:33,862,520,1904,7
2026-09-03 23:15:34,859,522,1893,7
2026-09-03 23:15:35,859,528,1901,7
2026-09-03 23:15:36,859,521,1901,7
2026-09-03 23:15:37,859,535,1900,7
2026-09-03 23:15:38,856,526,1896,7
2026-09-03 23:15:39,857,524,1906,7
2026-09-03 23:15:40,854,522,1900,7
2026-09-03 23:15:41,851,527,1907,7
2026-09-03 23:15:42,852,520,1901,7
2026-09-03 23:15:43,853,520,1901,7
2026-09-03 23:15:44,845,524,1897,7
2026-09-03 23:15:45,849,526,1897,7
2026-09-03 23:15:46,846,525,1897,7
2026-09-03 23:15:47,847,520,1901,7
2026-09-03 23:15:48,852,517,1896,7
2026-09-03 23:15:49,847,520,1894,7
2026-09-03 23:15:50,850,517,1894,7
2026-09-03 23:15:51,842,527,1895,7
2026-09-03 23:15:52,849,528,1891,7
2026-09-03 23:15:53,849,529,1892,7
2026-09-03 23:15:54,848,523,1890,7
2026-09-03 23:15:55,843,521,1900,7
2026-09-03 23:15:56,849,522,1891,7
2026-09-03 23:15:57,842,531,1879,7
2026-09-03 23:15:58,845,529,1893,7
2026-09-03 23:15:59,848,529,1897,7
2026-09-03 23:16:00,849,532,1891,7
2026-09-03 23:16:01,849,529,1887,7
2026-09-03 23:16:02,845,529,1892,7
2026-09-03 23:16:03,859,533,1890,7
2026-09-03 23:16:04,853,527,1892,7
2026-09-03 23:16:05,859,521,1897,7
2026-09-03 23:16:06,852,532,1897,7
2026-09-03 23:16:07,853,529,1895,7
2026-09-03 23:16:08,845,534,1890,7
2026-09-03 23:16:09,845,540,1903,7
2026-09-03 23:16:10,850,537,1887,7
2026-09-03 23:16:11,844,533,1903,7
2026-09-03 23:16:12,842,530,1904,7
2026-09-03 23:16:13,845,528,1902,7
2026-09-03 23:16:14,835,532,1896,7
2026-09-03 23:16:15,843,532,1898,7
2026-09-03 23:16:16,847,540,1901,7
2026-09-03 23:16:17,842,530,1897,7
2026-09-03 23:16:18,843,537,1896,7
2026-09-03 23:16:19,844,536,1903,7
2026-09-03 23:16:20,845,539,1899,7
2026-09-03 23:16:21,841,537,1898,7
2026-09-03 23:16:22,844,538,1901,7
2026-09-03 23:16:23,847,539,1899,7
2026-09-03 23:16:24,849,530,1896,7
2026-09-03 23:16:25,849,539,1895,7
2026-09-03 23:16:26,853,536,1892,7
2026-09-03 23:16:27,844,528,1899,7
2026-09-03 23:16:28,846,533,1900,7
2026-09-03 23:16:29,847,536,1893,7
2026-09-03 23:16:30,849,529,1901,7
2026-09-03 23:16:31,844,531,1903,7
2026-09-03 23:16:32,850,532,1891,7
2026-09-03 23:16:33,843,535,1890,7
2026-09-03 23:16:34,850,526,1905,7
2026-09-03 23:16:35,846,528,1897,7
2026-09-03 23:16:36,851,531,1901,7
2026-09-03 23:16:37,856,534,1893,7
2026-09-03 23:16:38,851,526,1902,7
2026-09-03 23:16:39,854,532,1904,7
2026-09-03 23:16:40,852,535,1902,7
2026-09-03 23:16:41,850,535,1903,7
2026-09-03 23:16:42,848,526,1907,7
2026-09-03 23:16:43,852,534,1914,7
2026-09-03 23:16:44,849,533,1902,7
2026-09-03 23:16:45,851,533,1905,7
2026-09-03 23:16:46,850,539,1909,7
2026-09-03 23:16:47,847,536,1902,7
2026-09-03 23:16:48,855,538,1905,7
2026-09-03 23:16:49,846,535,1912,7
2026-09-03 23:16:50,854,530,1902,7
2026-09-03 23:16:51,855,528,1916,7
2026-09-03 23:16:52,845,526,1903,7
2026-09-03 23:16:53,846,532,1898,7
2026-09-03 23:16:54,853,531,1908,7
2026-09-03 23:16:55,852,536,1911,7
2026-09-03 23:16:56,848,532,1906,7
2026-09-03 23:16:57,846,533,1911,7
2026-09-03 23:16:58,854,529,1904,7
2026-09-03 23:16:59,854,533,1902,7
2026-09-03 23:17:00,852,526,1911,7
2026-09-03 23:17:01,860,526,1902,7
2026-09-03 23:17:02,850,529,1901,7
2026-09-03 23:17:03,853,533,1901,7
2026-09-03 23:17:04,851,538,1905,7
2026-09-03 23:17:05,856,530,1899,7
2026-09-03 23:17:06,853,536,1898,7
2026-09-03 23:17:07,860,534,1891,7
2026-09-03 23:17:08,849,540,1899,7
2026-09-03 23:17:09,853,535,1903,7
2026-09-03 23:17:10,857,538,1900,7
2026-09-03 23:17:11,848,538,1906,7
2026-09-03 23:17:12,851,536,1904,7
2026-09-03 23:17:13,851,540,1896,7
2026-09-03 23:17:14,851,538,1908,7
2026-09-03 23:17:15,852,530,1901,7
2026-09-03 23:17:16,854,536,1896,7
2026-09-03 23:17:17,854,539,1906,7
2026-09-03 23:17:18,858,534,1911,7
2026-09-03 23:17:19,853,534,1904,7
2026-09-03 23:17:20,857,538,1899,7
2026-09-03 23:17:21,848,535,1904,7
2026-09-03 23:17:22,858,541,1904,7
2026-09-03 23:17:23,853,537,1907,7
2026-09-03 23:17:24,849,539,1906,7
2026-09-03 23:17:25,852,535,1900,7
2026-09-03 23:17:26,854,542,1905,7
2026-09-03 23:17:27,851,532,1899,7
2026-09-03 23:17:28,851,537,1897,7
2026-09-03 23:17:29,844,541,1895,7
2026-09-03 23:17:30,850,538,1896,7
2026-09-03 23:17:31,842,545,1892,7
2026-09-03 23:17:32,854,537,1893,7
2026-09-03 23:17:33,850,539,1895,7
2026-09-03 23:17:34,845,534,1900,7
2026-09-03 23:17:35,842,545,1897,7
2026-09-03 23:17:36,845,544,1899,7
2026-09-03 23:17:37,852,544,1899,7
2026-09-03 23:17:38,847,540,1898,7
2026-09-03 23:17:39,863,521,1900,7
2026-09-03 23:17:40,852,543,1900,7
2026-09-03 23:17:41,853,541,1888,7
2026-09-03 23:17:42,853,547,1896,7
2026-09-03 23:17:43,848,536,1896,7
2026-09-03 23:17:44,855,542,1897,7
2026-09-03 23:17:45,856,542,1895,7
2026-09-03 23:17:46,850,550,1901,7
2026-09-03 23:17:47,842,545,1893,7
2026-09-03 23:17:48,850,538,1894,7
2026-09-03 23:17:49,842,544,1893,7
2026-09-03 23:17:50,849,541,1895,7
2026-09-03 23:17:51,848,544,1889,7
2026-09-03 23:17:52,839,546,1887,7
2026-09-03 23:17:53,852,538,1896,7
2026-09-03 23:17:54,852,543,1897,7
2026-09-03 23:17:55,843,543,1895,7
2026-09-03 23:17:56,837,546,1898,7
2026-09-03 23:17:57,850,537,1904,7
2026-09-03 23:17:58,848,544,1898,7
2026-09-03 23:17:59,849,549,1907,7
2026-09-03 23:18:00,839,539,1899,7
2026-09-03 23:18:01,843,541,1902,7
2026-09-03 23:18:02,847,548,1901,7
2026-09-03 23:18:03,828,543,1902,7
2026-09-03 23:18:04,840,543,1904,7
2026-09-03 23:18:05,836,548,1894,7
2026-09-03 23:18:06,840,541,1896,7
2026-09-03 23:18:07,846,547,1900,7
2026-09-03 23:18:08,835,543,1905,7
2026-09-03 23:18:09,838,543,1894,7
2026-09-03 23:18:10,837,541,1900,7
2026-09-03 23:18:11,839,550,1906,7
2026-09-03 23:18:12,837,543,1897,7
2026-09-03 23:18:13,834,545,1904,7
2026-09-03 23:18:14,837,540,1902,7
2026-09-03 23:18:15,831,550,1904,7
2026-09-03 23:18:16,836,548,1902,7
2026-09-03 23:18:17,836,540,1901,7
2026-09-03 23:18:18,830,535,1904,7
2026-09-03 23:18:19,828,539,1907,7
2026-09-03 23:18:20,834,541,1908,7
2026-09-03 23:18:21,841,533,1905,7
2026-09-03 23:18:22,833,524,1894,7
2026-09-03 23:18:23,830,532,1900,7
2026-09-03 23:18:24,824,525,1901,7
2026-09-03 23:18:25,831,527,1906,7
2026-09-03 23:18:26,828,532,1904,7
2026-09-03 23:18:27,828,526,1902,7
2026-09-03 23:18:28,825,524,1901,7
2026-09-03 23:18:29,827,525,1906,7
2026-09-03 23:18:30,819,518,1899,7
2026-09-03 23:18:31,825,528,1900,7
2026-09-03 23:18:32,818,533,1899,7
2026-09-03 23:18:33,826,521,1896,7
2026-09-03 23:18:34,821,526,1902,7
2026-09-03 23:18:35,816,530,1897,7
2026-09-03 23:18:36,817,525,1893,7
2026-09-03 23:18:37,819,520,1900,7
2026-09-03 23:18:38,816,525,1903,7
2026-09-03 23:18:39,816,529,1896,7
2026-09-03 23:18:40,821,526,1896,7
2026-09-03 23:18:41,822,527,1901,7
2026-09-03 23:18:42,817,525,1902,7
2026-09-03 23:18:43,816,524,1893,7
2026-09-03 23:18:44,815,525,1893,7
2026-09-03 23:18:45,828,531,1895,7
2026-09-03 23:18:46,815,527,1897,7
2026-09-03 23:18:47,815,515,1899,7
2026-09-03 23:18:48,825,524,1897,7
2026-09-03 23:18:49,821,525,1892,7
2026-09-03 23:18:50,823,524,1896,7
2026-09-03 23:18:51,815,520,1889,7
2026-09-03 23:18:52,826,526,1898,7
2026-09-03 23:18:53,832,531,1899,7
2026-09-03 23:18:54,832,525,1890,7
2026-09-03 23:18:55,828,521,1894,7
2026-09-03 23:18:56,823,531,1892,7
2026-09-03 23:18:57,819,529,1887,7
2026-09-03 23:18:58,818,528,1887,7
2026-09-03 23:18:59,821,527,1893,7
2026-09-03 23:19:00,816,526,1891,7
2026-09-03 23:19:01,822,522,1882,7
2026-09-03 23:19:02,821,523,1893,7
2026-09-03 23:19:03,824,534,1890,7
2026-09-03 23:19:04,820,529,1892,7
2026-09-03 23:19:05,825,521,1896,7
2026-09-03 23:19:06,823,527,1898,7
2026-09-03 23:19:07,825,521,1891,7
2026-09-03 23:19:08,822,526,1886,7
2026-09-03 23:19:09,833,522,1885,7
2026-09-03 23:19:10,842,525,1883,7
2026-09-03 23:19:11,841,531,1884,7
2026-09-03 23:19:12,834,530,1887,7
2026-09-03 23:19:13,832,525,1882,7
2026-09-03 23:19:14,843,533,1887,7
2026-09-03 23:19:15,838,527,1884,7
2026-09-03 23:19:16,831,527,1887,7
2026-09-03 23:19:17,843,530,1887,7
2026-09-03 23:19:18,843,530,1894,7
2026-09-03 23:19:19,845,538,1895,7
2026-09-03 23:19:20,848,525,1878,7
2026-09-03 23:19:21,850,530,1886,7
2026-09-03 23:19:22,845,521,1887,7
2026-09-03 23:19:23,850,534,1887,7
2026-09-03 23:19:24,855,528,1892,7
2026-09-03 23:19:25,849,533,1884,7
2026-09-03 23:19:26,853,537,1886,7
2026-09-03 23:19:27,847,529,1885,7
2026-09-03 23:19:28,846,525,1891,7
2026-09-03 23:19:29,847,527,1892,7
2026-09-03 23:19:30,849,533,1891,7
2026-09-03 23:19:31,847,532,1889,7
2026-09-03 23:19:32,848,527,1892,7
2026-09-03 23:19:33,848,531,1891,7
2026-09-03 23:19:34,843,527,1887,7
2026-09-03 23:19:35,848,529,1888,7
2026-09-03 23:19:36,841,529,1894,7
2026-09-03 23:19:37,842,524,1893,7
2026-09-03 23:19:38,842,529,1890,7
2026-09-03 23:19:39,846,520,1897,7
2026-09-03 23:19:40,840,520,1899,7
2026-09-03 23:19:41,846,523,1900,7
2026-09-03 23:19:42,837,530,1898,7
2026-09-03 23:19:43,839,523,1898,7
2026-09-03 23:19:44,840,519,1897,7
2026-09-03 23:19:45,835,517,1900,7
2026-09-03 23:19:46,836,517,1901,7
2026-09-03 23:19:47,834,515,1896,7
2026-09-03 23:19:48,836,510,1897,7
2026-09-03 23:19:49,840,511,1897,7
2026-09-03 23:19:50,835,511,1903,7
2026-09-03 23:19:51,834,510,1900,7
2026-09-03 23:19:52,826,510,1901,7
2026-09-03 23:19:53,830,506,1898,7
2026-09-03 23:19:54,830,507,1899,7
2026-09-03 23:19:55,838,500,1904,7
2026-09-03 23:19:56,827,509,1895,7
2026-09-03 23:19:57,828,508,1902,7
2026-09-03 23:19:58,825,499,1903,7
2026-09-03 23:19:59,823,498,1899,7
2026-09-03 23:20:00,833,497,1903,7
2026-09-03 23:20:01,823,489,1903,7
2026-09-03 23:20:02,820,487,1903,7
2026-09-03 23:20:03,822,491,1901,7
2026-09-03 23:20:04,827,492,1911,7
2026-09-03 23:20:05,823,489,1903,7
2026-09-03 23:20:06,823,487,1909,7
2026-09-03 23:20:07,824,488,1899,7
2026-09-03 23:20:08,827,489,1902,7
2026-09-03 23:20:09,824,489,1905,7
2026-09-03 23:20:10,812,489,1904,7
2026-09-03 23:20:11,821,492,1906,7
2026-09-03 23:20:12,815,486,1902,7
2026-09-03 23:20:13,819,486,1907,7
2026-09-03 23:20:14,822,482,1907,7
2026-09-03 23:20:15,822,483,1907,7
2026-09-03 23:20:16,830,482,1910,7
2026-09-03 23:20:17,825,486,1909,7
2026-09-03 23:20:18,828,482,1898,7
2026-09-03 23:20:19,821,478,1903,7
2026-09-03 23:20:20,822,480,1905,7
2026-09-03 23:20:21,823,474,1910,7
2026-09-03 23:20:22,825,474,1906,7
2026-09-03 23:20:23,825,483,1910,7
2026-09-03 23:20:24,824,479,1905,7
2026-09-03 23:20:25,834,477,1903,7
2026-09-03 23:20:26,822,481,1907,7
2026-09-03 23:20:27,833,473,1906,7
2026-09-03 23:20:28,823,474,1907,7
2026-09-03 23:20:29,822,483,1911,7
2026-09-03 23:20:30,817,477,1906,7
2026-09-03 23:20:31,832,477,1913,7
2026-09-03 23:20:32,824,476,1920,7
2026-09-03 23:20:33,825,478,1909,7
2026-09-03 23:20:34,818,471,1914,7
2026-09-03 23:20:35,819,473,1907,7
2026-09-03 23:20:36,829,471,1917,7
2026-09-03 23:20:37,825,469,1914,7
2026-09-03 23:20:38,822,474,1917,7
2026-09-03 23:20:39,821,477,1911,7
2026-09-03 23:20:40,821,471,1912,7
2026-09-03 23:20:41,821,467,1916,7
2026-09-03 23:20:42,821,468,1912,7
2026-09-03 23:20:43,822,459,1917,7
2026-09-03 23:20:44,825,463,1916,7
2026-09-03 23:20:45,820,462,1917,7
2026-09-03 23:20:46,817,463,1912,7
2026-09-03 23:20:47,818,461,1913,7
2026-09-03 23:20:48,822,459,1913,7
2026-09-03 23:20:49,822,457,1913,7
2026-09-03 23:20:50,824,470,1911,7
2026-09-03 23:20:51,816,465,1914,7
2026-09-03 23:20:52,812,464,1909,7
2026-09-03 23:20:53,819,450,1919,7
2026-09-03 23:20:54,817,461,1911,7
2026-09-03 23:20:55,814,462,1916,7
2026-09-03 23:20:56,816,456,1909,7
2026-09-03 23:20:57,817,466,1913,7
2026-09-03 23:20:58,817,466,1913,7
2026-09-03 23:20:59,825,463,1914,7
2026-09-03 23:21:00,815,470,1921,7
2026-09-03 23:21:01,810,464,1908,7
2026-09-03 23:21:02,816,454,1904,7
2026-09-03 23:21:03,820,464,1909,7
2026-09-03 23:21:04,830,475,1917,7
2026-09-03 23:21:05,827,469,1907,7
2026-09-03 23:21:06,823,469,1907,7
2026-09-03 23:21:07,820,475,1916,7
2026-09-03 23:21:08,824,477,1913,7
2026-09-03 23:21:09,829,479,1909,7
2026-09-03 23:21:10,830,484,1914,7
2026-09-03 23:21:11,829,478,1908,7
2026-09-03 23:21:12,839,477,1915,7
2026-09-03 23:21:13,836,468,1913,7
2026-09-03 23:21:14,832,483,1912,7
2026-09-03 23:21:15,836,470,1913,7
2026-09-03 23:21:16,821,479,1910,7
2026-09-03 23:21:17,834,477,1917,7
2026-09-03 23:21:18,832,482,1910,7
2026-09-03 23:21:19,833,481,1910,7
2026-09-03 23:21:20,830,489,1908,7
2026-09-03 23:21:21,834,481,1903,7
2026-09-03 23:21:22,835,481,1907,7
2026-09-03 23:21:23,833,478,1911,7
2026-09-03 23:21:24,838,493,1904,7
2026-09-03 23:21:25,827,485,1907,7
2026-09-03 23:21:26,838,486,1906,7
2026-09-03 23:21:27,830,493,1909,7
2026-09-03 23:21:28,840,495,1901,7
2026-09-03 23:21:29,845,490,1902,7
2026-09-03 23:21:30,846,496,1905,7
2026-09-03 23:21:31,839,497,1906,7
2026-09-03 23:21:32,844,485,1908,7
2026-09-03 23:21:33,850,499,1897,7
2026-09-03 23:21:34,850,494,1903,7
2026-09-03 23:21:35,847,494,1902,7
2026-09-03 23:21:36,856,489,1913,7
2026-09-03 23:21:37,851,502,1901,7
2026-09-03 23:21:38,845,506,1909,7
2026-09-03 23:21:39,847,503,1905,7
2026-09-03 23:21:40,847,493,1904,7
2026-09-03 23:21:41,848,502,1907,7
2026-09-03 23:21:42,852,507,1913,7
2026-09-03 23:21:43,854,496,1912,7
2026-09-03 23:21:44,870,504,1905,7
2026-09-03 23:21:45,854,503,1902,7
2026-09-03 23:21:46,863,498,1907,7
2026-09-03 23:21:47,853,499,1907,7
2026-09-03 23:21:48,860,504,1907,7
2026-09-03 23:21:49,864,508,1912,7
2026-09-03 23:21:50,866,504,1915,7
2026-09-03 23:21:51,861,501,1911,7
2026-09-03 23:21:52,860,509,1905,7
2026-09-03 23:21:53,861,510,1900,7
2026-09-03 23:21:54,861,508,1906,7
2026-09-03 23:21:55,860,508,1908,7
2026-09-03 23:21:56,858,516,1908,7
2026-09-03 23:21:57,866,514,1906,7
2026-09-03 23:21:58,863,522,1904,7
2026-09-03 23:21:59,860,519,1907,7
2026-09-03 23:22:00,860,516,1907,7
2026-09-03 23:22:01,859,510,1900,7
2026-09-03 23:22:02,858,515,1909,7
2026-09-03 23:22:03,863,517,1911,7
2026-09-03 23:22:04,867,517,1905,7
2026-09-03 23:22:05,866,520,1901,7
2026-09-03 23:22:06,861,519,1906,7
2026-09-03 23:22:07,863,522,1904,7
2026-09-03 23:22:08,865,520,1898,7
2026-09-03 23:22:09,867,520,1902,7
2026-09-03 23:22:10,862,518,1905,7
2026-09-03 23:22:11,864,522,1904,7
2026-09-03 23:22:12,858,526,1903,7
2026-09-03 23:22:13,854,530,1902,7
2026-09-03 23:22:14,861,523,1898,7
2026-09-03 23:22:15,863,523,1900,7
2026-09-03 23:22:16,861,521,1907,7
2026-09-03 23:22:17,861,528,1897,7
2026-09-03 23:22:18,866,527,1894,7
2026-09-03 23:22:19,857,518,1904,7
2026-09-03 23:22:20,857,524,1901,7
2026-09-03 23:22:21,864,525,1897,7
2026-09-03 23:22:22,861,533,1904,7
2026-09-03 23:22:23,859,533,1897,7
2026-09-03 23:22:24,858,528,1900,7
2026-09-03 23:22:25,857,536,1894,7
2026-09-03 23:22:26,861,532,1899,7
2026-09-03 23:22:27,857,539,1900,7
2026-09-03 23:22:28,859,537,1900,7
2026-09-03 23:22:29,861,534,1895,7
2026-09-03 23:22:30,860,535,1899,7
2026-09-03 23:22:31,859,536,1903,7
2026-09-03 23:22:32,860,537,1902,7
2026-09-03 23:22:33,849,546,1903,7
2026-09-03 23:22:34,858,535,1900,7
2026-09-03 23:22:35,851,540,1899,7
2026-09-03 23:22:36,859,534,1898,7
2026-09-03 23:22:37,854,548,1898,7
2026-09-03 23:22:38,852,543,1902,7
2026-09-03 23:22:39,856,544,1898,7
2026-09-03 23:22:40,857,551,1902,7
2026-09-03 23:22:41,852,543,1901,7
2026-09-03 23:22:42,857,545,1895,7
2026-09-03 23:22:43,863,544,1898,7
2026-09-03 23:22:44,858,543,1905,7
2026-09-03 23:22:45,858,551,1895,7
2026-09-03 23:22:46,860,541,1896,7
2026-09-03 23:22:47,862,547,1897,7
2026-09-03 23:22:48,868,542,1895,7
2026-09-03 23:22:49,871,550,1905,7
2026-09-03 23:22:50,855,545,1903,7
2026-09-03 23:22:51,857,545,1903,7
2026-09-03 23:22:52,855,542,1902,7
2026-09-03 23:22:53,863,553,1902,7
2026-09-03 23:22:54,850,548,1905,7
2026-09-03 23:22:55,853,548,1891,7
2026-09-03 23:22:56,845,543,1903,7
2026-09-03 23:22:57,851,551,1899,7
2026-09-03 23:22:58,850,547,1905,7
2026-09-03 23:22:59,859,546,1905,7
2026-09-03 23:23:00,849,550,1901,7
2026-09-03 23:23:01,861,551,1899,7
2026-09-03 23:23:02,854,562,1900,7
2026-09-03 23:23:03,857,545,1898,7
2026-09-03 23:23:04,850,543,1907,7
2026-09-03 23:23:05,848,549,1903,7
2026-09-03 23:23:06,863,555,1906,7
2026-09-03 23:23:07,850,537,1900,7
2026-09-03 23:23:08,848,552,1903,7
2026-09-03 23:23:09,851,552,1910,7
2026-09-03 23:23:10,844,548,1899,7
2026-09-03 23:23:11,844,554,1907,7
2026-09-03 23:23:12,837,544,1902,7
2026-09-03 23:23:13,847,552,1898,7
2026-09-03 23:23:14,840,554,1904,7
2026-09-03 23:23:15,847,530,1901,7
2026-09-03 23:23:16,847,549,1905,7
2026-09-03 23:23:17,851,543,1905,7
2026-09-03 23:23:18,845,553,1900,7
2026-09-03 23:23:19,839,543,1900,7
2026-09-03 23:23:20,852,552,1904,7
2026-09-03 23:23:21,847,546,1901,7
2026-09-03 23:23:22,840,554,1899,7
2026-09-03 23:23:23,835,550,1907,7
2026-09-03 23:23:24,836,558,1903,7
2026-09-03 23:23:25,838,550,1902,7
2026-09-03 23:23:26,842,553,1902,7
2026-09-03 23:23:27,845,555,1900,7
2026-09-03 23:23:28,844,551,1903,7
2026-09-03 23:23:29,842,550,1902,7
2026-09-03 23:23:30,835,558,1899,7
2026-09-03 23:23:31,845,551,1908,7
2026-09-03 23:23:32,849,552,1902,7
2026-09-03 23:23:33,857,565,1904,7
2026-09-03 23:23:34,848,562,1908,7
2026-09-03 23:23:35,850,557,1904,7
2026-09-03 23:23:36,852,562,1912,7
2026-09-03 23:23:37,850,560,1910,7
2026-09-03 23:23:38,849,562,1912,7
2026-09-03 23:23:39,849,562,1903,7
2026-09-03 23:23:40,848,565,1898,7
2026-09-03 23:23:41,840,561,1901,7
2026-09-03 23:23:42,855,562,1911,7
2026-09-03 23:23:43,840,561,1904,7
2026-09-03 23:23:44,848,560,1898,7
2026-09-03 23:23:45,845,562,1906,7
2026-09-03 23:23:46,851,564,1907,7
2026-09-03 23:23:47,845,563,1908,7
2026-09-03 23:23:48,844,562,1906,7
2026-09-03 23:23:49,835,558,1898,7
2026-09-03 23:23:50,846,568,1903,7
2026-09-03 23:23:51,840,564,1905,7
2026-09-03 23:23:52,841,567,1909,7
2026-09-03 23:23:53,833,558,1908,7
2026-09-03 23:23:54,843,563,1900,7
2026-09-03 23:23:55,834,564,1907,7
2026-09-03 23:23:56,841,568,1909,7
2026-09-03 23:23:57,847,567,1903,7
2026-09-03 23:23:58,837,571,1899,7
2026-09-03 23:23:59,841,565,1899,7
2026-09-03 23:24:00,848,572,1903,7
2026-09-03 23:24:01,846,570,1903,7
2026-09-03 23:24:02,852,564,1899,7
2026-09-03 23:24:03,842,571,1902,7
2026-09-03 23:24:04,842,574,1903,7
2026-09-03 23:24:05,836,574,1896,7
2026-09-03 23:24:06,837,570,1896,7
2026-09-03 23:24:07,845,571,1903,7
2026-09-03 23:24:08,841,575,1903,7
2026-09-03 23:24:09,842,579,1903,7
2026-09-03 23:24:10,838,583,1899,7
2026-09-03 23:24:11,838,572,1900,7
2026-09-03 23:24:12,837,575,1908,7
2026-09-03 23:24:13,833,573,1902,7
2026-09-03 23:24:14,836,573,1905,7
2026-09-03 23:24:15,830,574,1904,7
2026-09-03 23:24:16,827,575,1904,7
2026-09-03 23:24:17,835,573,1905,7
2026-09-03 23:24:18,828,577,1903,7
2026-09-03 23:24:19,828,567,1908,7
2026-09-03 23:24:20,833,578,1902,7
2026-09-03 23:24:21,828,566,1902,7
2026-09-03 23:24:22,827,574,1907,7
2026-09-03 23:24:23,831,578,1905,7
2026-09-03 23:24:24,833,573,1906,7
2026-09-03 23:24:25,823,576,1900,7
2026-09-03 23:24:26,824,569,1897,7
2026-09-03 23:24:27,823,577,1909,7
2026-09-03 23:24:28,825,576,1903,7
2026-09-03 23:24:29,824,578,1914,7
2026-09-03 23:24:30,819,570,1909,7
2026-09-03 23:24:31,818,581,1904,7
2026-09-03 23:24:32,819,576,1909,7
2026-09-03 23:24:33,821,575,1915,7
2026-09-03 23:24:34,817,566,1911,7
2026-09-03 23:24:35,818,565,1914,7
2026-09-03 23:24:36,826,568,1909,7
2026-09-03 23:24:37,815,570,1912,7
2026-09-03 23:24:38,819,570,1909,7
2026-09-03 23:24:39,810,565,1919,7
2026-09-03 23:24:40,819,568,1915,7
2026-09-03 23:24:41,814,559,1913,7
2026-09-03 23:24:42,813,564,1909,7
2026-09-03 23:24:43,811,567,1916,7
2026-09-03 23:24:44,817,567,1912,7
2026-09-03 23:24:45,815,564,1918,7
2026-09-03 23:24:46,811,566,1914,7
2026-09-03 23:24:47,815,562,1911,7
2026-09-03 23:24:48,816,563,1914,7
2026-09-03 23:24:49,803,564,1910,7
2026-09-03 23:24:50,811,556,1909,7
2026-09-03 23:24:51,811,562,1914,7
2026-09-03 23:24:52,810,560,1912,7
2026-09-03 23:24:53,814,556,1913,7
2026-09-03 23:24:54,811,556,1911,7
2026-09-03 23:24:55,811,553,1922,7
2026-09-03 23:24:56,811,556,1919,7
2026-09-03 23:24:57,798,555,1919,7
2026-09-03 23:24:58,804,553,1917,7
2026-09-03 23:24:59,808,547,1927,7
2026-09-03 23:25:00,811,551,1923,7
2026-09-03 23:25:01,807,551,1928,7
2026-09-03 23:25:02,801,551,1919,7
2026-09-03 23:25:03,804,545,1925,7
2026-09-03 23:25:04,797,546,1929,7
2026-09-03 23:25:05,802,549,1924,7
2026-09-03 23:25:06,803,546,1926,7
2026-09-03 23:25:07,796,543,1924,7
2026-09-03 23:25:08,802,538,1926,7
2026-09-03 23:25:09,798,546,1919,7
2026-09-03 23:25:10,801,546,1922,7
2026-09-03 23:25:11,800,549,1926,7
2026-09-03 23:25:12,799,539,1920,7
2026-09-03 23:25:13,803,512,1928,7
2026-09-03 23:25:14,793,532,1927,7
2026-09-03 23:25:15,796,545,1919,7
2026-09-03 23:25:16,796,537,1916,7
2026-09-03 23:25:17,792,531,1924,7
2026-09-03 23:25:18,798,543,1923,7
2026-09-03 23:25:19,788,537,1918,7
2026-09-03 23:25:20,800,534,1915,7
2026-09-03 23:25:21,801,533,1915,7
2026-09-03 23:25:22,804,542,1919,7
2026-09-03 23:25:23,799,529,1922,7
2026-09-03 23:25:24,803,533,1917,7
2026-09-03 23:25:25,802,539,1922,7
2026-09-03 23:25:26,796,529,1918,7
2026-09-03 23:25:27,787,534,1917,7
2026-09-03 23:25:28,796,536,1919,7
2026-09-03 23:25:29,799,536,1922,7
2026-09-03 23:25:30,795,535,1922,7
2026-09-03 23:25:31,787,540,1914,7
2026-09-03 23:25:32,798,537,1923,7
2026-09-03 23:25:33,802,540,1919,7
2026-09-03 23:25:34,794,541,1925,7
2026-09-03 23:25:35,789,540,1917,7
2026-09-03 23:25:36,792,535,1922,7
2026-09-03 23:25:37,792,538,1921,7
2026-09-03 23:25:38,795,530,1926,7
2026-09-03 23:25:39,795,536,1927,7
2026-09-03 23:25:40,786,540,1927,7
2026-09-03 23:25:41,780,534,1925,7
2026-09-03 23:25:42,790,537,1925,7
2026-09-03 23:25:43,789,538,1923,7
2026-09-03 23:25:44,791,542,1919,7
2026-09-03 23:25:45,784,533,1929,7
2026-09-03 23:25:46,787,536,1926,7
2026-09-03 23:25:47,784,540,1924,7
2026-09-03 23:25:48,784,545,1930,7
2026-09-03 23:25:49,778,540,1931,7
2026-09-03 23:25:50,784,540,1925,7
2026-09-03 23:25:51,781,535,1934,7
2026-09-03 23:25:52,783,538,1923,7
2026-09-03 23:25:53,784,536,1930,7
2026-09-03 23:25:54,781,532,1925,7
2026-09-03 23:25:55,778,533,1931,7
2026-09-03 23:25:56,769,532,1934,7
2026-09-03 23:25:57,786,533,1932,7
2026-09-03 23:25:58,772,531,1927,7
2026-09-03 23:25:59,778,531,1930,7
2026-09-03 23:26:00,774,531,1934,7
2026-09-03 23:26:01,772,536,1930,7
2026-09-03 23:26:02,780,532,1936,7
2026-09-03 23:26:03,778,530,1943,7
2026-09-03 23:26:04,780,527,1935,7
2026-09-03 23:26:05,781,531,1943,7
2026-09-03 23:26:06,776,530,1929,7
2026-09-03 23:26:07,776,529,1935,7
2026-09-03 23:26:08,775,525,1939,7
2026-09-03 23:26:09,771,523,1936,7
2026-09-03 23:26:10,773,529,1939,7
2026-09-03 23:26:11,775,529,1941,7
2026-09-03 23:26:12,767,524,1938,7
2026-09-03 23:26:13,780,528,1932,7
2026-09-03 23:26:14,780,506,1926,7
2026-09-03 23:26:15,772,510,1933,7
2026-09-03 23:26:16,774,517,1933,7
2026-09-03 23:26:17,774,516,1936,7
2026-09-03 23:26:18,774,524,1939,7
2026-09-03 23:26:19,773,511,1940,7
2026-09-03 23:26:20,763,512,1934,7
2026-09-03 23:26:21,775,508,1931,7
2026-09-03 23:26:22,771,510,1936,7
2026-09-03 23:26:23,769,515,1936,7
2026-09-03 23:26:24,766,513,1930,7
2026-09-03 23:26:25,775,508,1939,7
2026-09-03 23:26:26,777,511,1936,7
2026-09-03 23:26:27,775,505,1941,7
2026-09-03 23:26:28,771,510,1935,7
2026-09-03 23:26:29,778,513,1935,7
2026-09-03 23:26:30,769,508,1934,7
2026-09-03 23:26:31,781,503,1931,7
2026-09-03 23:26:32,774,504,1935,7
2026-09-03 23:26:33,780,503,1940,7
2026-09-03 23:26:34,782,511,1933,7
2026-09-03 23:26:35,782,508,1944,7
2026-09-03 23:26:36,781,509,1937,7
2026-09-03 23:26:37,776,500,1938,7
2026-09-03 23:26:38,773,499,1935,7
2026-09-03 23:26:39,771,502,1942,7
2026-09-03 23:26:40,774,497,1941,7
2026-09-03 23:26:41,773,497,1943,7
2026-09-03 23:26:42,765,501,1940,7
2026-09-03 23:26:43,772,496,1944,7
2026-09-03 23:26:44,776,496,1937,7
2026-09-03 23:26:45,776,502,1942,7
2026-09-03 23:26:46,774,491,1941,7
2026-09-03 23:26:47,775,494,1942,7
2026-09-03 23:26:48,774,495,1937,7
2026-09-03 23:26:49,775,489,1939,7
2026-09-03 23:26:50,774,493,1944,7
2026-09-03 23:26:51,775,486,1942,7
2026-09-03 23:26:52,776,486,1942,7
2026-09-03 23:26:53,770,490,1944,7
2026-09-03 23:26:54,768,489,1943,7
2026-09-03 23:26:55,772,493,1942,7
2026-09-03 23:26:56,776,480,1951,7
2026-09-03 23:26:57,780,498,1948,7
2026-09-03 23:26:58,776,492,1943,7
2026-09-03 23:26:59,779,484,1944,7
2026-09-03 23:27:00,779,484,1943,7
2026-09-03 23:27:01,788,492,1945,7
2026-09-03 23:27:02,784,492,1947,7
2026-09-03 23:27:03,787,497,1944,7
2026-09-03 23:27:04,783,490,1949,7
2026-09-03 23:27:05,790,491,1944,7
2026-09-03 23:27:06,783,480,1941,7
2026-09-03 23:27:07,779,483,1938,7
2026-09-03 23:27:08,791,485,1937,7
2026-09-03 23:27:09,783,487,1940,7
2026-09-03 23:27:10,779,489,1940,7
2026-09-03 23:27:11,782,491,1944,7
2026-09-03 23:27:12,780,489,1942,7
2026-09-03 23:27:13,785,484,1936,7
2026-09-03 23:27:14,789,466,1950,7
2026-09-03 23:27:15,788,481,1937,7
2026-09-03 23:27:16,788,482,1932,7
2026-09-03 23:27:17,793,485,1938,7
2026-09-03 23:27:18,792,472,1944,7
2026-09-03 23:27:19,791,486,1939,7
2026-09-03 23:27:20,791,479,1933,7
2026-09-03 23:27:21,788,476,1940,7
2026-09-03 23:27:22,789,479,1942,7
2026-09-03 23:27:23,785,483,1943,7
2026-09-03 23:27:24,788,488,1938,7
2026-09-03 23:27:25,793,486,1934,7
2026-09-03 23:27:26,801,480,1940,5
2026-09-03 23:27:27,794,478,1930,5
2026-09-03 23:27:28,794,475,1937,5
2026-09-03 23:27:29,795,486,1936,5
2026-09-03 23:27:30,788,479,1936,5
2026-09-03 23:27:31,791,479,1942,5
2026-09-03 23:27:32,786,482,1946,5
2026-09-03 23:27:33,784,478,1937,5
2026-09-03 23:27:34,788,478,1941,5
2026-09-03 23:27:35,792,472,1939,5
2026-09-03 23:27:36,792,474,1946,5
2026-09-03 23:27:37,801,478,1931,5
2026-09-03 23:27:38,797,476,1940,5
2026-09-03 23:27:39,795,474,1940,5
2026-09-03 23:27:40,792,477,1938,5
2026-09-03 23:27:41,795,481,1939,5
2026-09-03 23:27:42,796,482,1946,5
2026-09-03 23:27:43,788,480,1937,5
2026-09-03 23:27:44,796,478,1950,5
2026-09-03 23:27:45,796,477,1940,5
2026-09-03 23:27:46,790,474,1948,5
2026-09-03 23:27:47,790,474,1937,5
2026-09-03 23:27:48,788,478,1940,5
2026-09-03 23:27:49,788,474,1948,5
2026-09-03 23:27:50,794,475,1946,5
2026-09-03 23:27:51,789,473,1945,5
2026-09-03 23:27:52,793,470,1953,5
2026-09-03 23:27:53,795,462,1955,5
2026-09-03 23:27:54,787,476,1945,5
2026-09-03 23:27:55,787,463,1951,5
2026-09-03 23:27:56,795,470,1958,5
2026-09-03 23:27:57,785,454,1957,5
2026-09-03 23:27:58,784,460,1959,5
2026-09-03 23:27:59,785,458,1959,5
2026-09-03 23:28:00,789,467,1954,5
2026-09-03 23:28:01,782,468,1957,5
2026-09-03 23:28:02,792,465,1961,5
2026-09-03 23:28:03,783,469,1959,5
2026-09-03 23:28:04,785,463,1957,5
2026-09-03 23:28:05,786,463,1952,5
2026-09-03 23:28:06,784,461,1963,5
2026-09-03 23:28:07,794,464,1956,5
2026-09-03 23:28:08,792,463,1951,5
2026-09-03 23:28:09,786,467,1964,5
2026-09-03 23:28:10,796,469,1963,5
2026-09-03 23:28:11,784,468,1963,5
2026-09-03 23:28:12,787,468,1962,5
2026-09-03 23:28:13,787,471,1959,5
2026-09-03 23:28:14,785,474,1962,5
2026-09-03 23:28:15,789,462,1965,5
2026-09-03 23:28:16,773,475,1958,5
2026-09-03 23:28:17,785,470,1962,5
2026-09-03 23:28:18,798,472,1963,5
2026-09-03 23:28:19,781,477,1972,5
2026-09-03 23:28:20,794,474,1972,5
2026-09-03 23:28:21,786,478,1969,5
2026-09-03 23:28:22,784,479,1965,5
2026-09-03 23:28:23,778,486,1972,5
2026-09-03 23:28:24,789,480,1977,5
2026-09-03 23:28:25,789,483,1973,5
2026-09-03 23:28:26,784,484,1972,5
2026-09-03 23:28:27,789,488,1976,5
2026-09-03 23:28:28,782,491,1970,5
2026-09-03 23:28:29,789,500,1973,5
2026-09-03 23:28:30,784,491,1979,5
2026-09-03 23:28:31,792,495,1976,5
2026-09-03 23:28:32,788,492,1978,5
2026-09-03 23:28:33,789,490,1977,5
2026-09-03 23:28:34,796,503,1975,5
2026-09-03 23:28:35,790,499,1975,5
2026-09-03 23:28:36,782,497,1982,5
2026-09-03 23:28:37,786,503,1979,5
2026-09-03 23:28:38,795,495,1977,5
2026-09-03 23:28:39,793,496,1970,5
2026-09-03 23:28:40,790,509,1976,5
2026-09-03 23:28:41,789,499,1970,5
2026-09-03 23:28:42,787,498,1969,5
2026-09-03 23:28:43,789,505,1969,5
2026-09-03 23:28:44,782,507,1970,5
2026-09-03 23:28:45,785,503,1968,5
2026-09-03 23:28:46,787,505,1980,5
2026-09-03 23:28:47,783,507,1969,5
2026-09-03 23:28:48,791,500,1973,5
2026-09-03 23:28:49,788,504,1972,5
2026-09-03 23:28:50,790,511,1971,5
2026-09-03 23:28:51,794,512,1977,5
2026-09-03 23:28:52,793,508,1976,5
2026-09-03 23:28:53,782,506,1973,5
2026-09-03 23:28:54,790,515,1974,5
2026-09-03 23:28:55,780,508,1981,5
2026-09-03 23:28:56,790,508,1977,5
2026-09-03 23:28:57,787,504,1975,5
2026-09-03 23:28:58,793,504,1979,5
2026-09-03 23:28:59,790,510,1974,5
2026-09-03 23:29:00,784,510,1984,5
2026-09-03 23:29:01,784,506,1979,5
2026-09-03 23:29:02,792,506,1983,5
2026-09-03 23:29:03,787,511,1981,5
2026-09-03 23:29:04,782,504,1979,5
2026-09-03 23:29:05,774,509,1981,5
2026-09-03 23:29:06,792,517,1982,5
2026-09-03 23:29:07,782,512,1982,5
2026-09-03 23:29:08,777,509,1978,5
2026-09-03 23:29:09,780,509,1983,5
2026-09-03 23:29:10,785,501,1988,5
2026-09-03 23:29:11,781,508,1976,5
2026-09-03 23:29:12,777,500,1987,5
2026-09-03 23:29:13,786,512,1987,5
2026-09-03 23:29:14,776,506,1984,5
2026-09-03 23:29:15,784,510,1989,5
2026-09-03 23:29:16,787,504,1981,5
2026-09-03 23:29:17,784,507,1982,5
2026-09-03 23:29:18,780,507,1990,5
2026-09-03 23:29:19,790,507,1994,5
2026-09-03 23:29:20,790,513,1987,5
2026-09-03 23:29:21,786,508,1985,5
2026-09-03 23:29:22,783,509,1991,5
2026-09-03 23:29:23,778,507,1993,5
2026-09-03 23:29:24,786,504,1990,5
2026-09-03 23:29:25,776,507,1992,5
2026-09-03 23:29:26,791,507,1994,5
2026-09-03 23:29:27,786,505,1989,5
2026-09-03 23:29:28,782,503,1988,5
2026-09-03 23:29:29,781,495,1995,5
2026-09-03 23:29:30,780,501,1991,5
2026-09-03 23:29:31,777,496,1991,5
2026-09-03 23:29:32,781,501,1988,5
2026-09-03 23:29:33,772,504,1996,5
2026-09-03 23:29:34,775,492,1993,5
2026-09-03 23:29:35,775,497,1995,5
2026-09-03 23:29:36,772,492,2002,5
2026-09-03 23:29:37,768,495,1999,5
2026-09-03 23:29:38,770,494,1998,5
2026-09-03 23:29:39,779,493,1993,5
2026-09-03 23:29:40,776,491,1989,5
2026-09-03 23:29:41,772,495,1995,5
2026-09-03 23:29:42,772,495,1998,5
2026-09-03 23:29:43,777,490,2003,5
2026-09-03 23:29:44,777,490,2002,5
2026-09-03 23:29:45,777,496,2009,5
2026-09-03 23:29:46,776,490,1999,5
2026-09-03 23:29:47,769,491,1998,5
2026-09-03 23:29:48,772,488,2006,5
2026-09-03 23:29:49,774,490,1996,5
2026-09-03 23:29:50,780,496,2005,5
2026-09-03 23:29:51,775,496,2007,5
2026-09-03 23:29:52,775,491,2004,5
2026-09-03 23:29:53,774,490,2011,5
2026-09-03 23:29:54,779,494,2009,5
2026-09-03 23:29:55,769,491,2006,5
2026-09-03 23:29:56,780,490,2008,5
2026-09-03 23:29:57,777,486,2010,5
2026-09-03 23:29:58,786,486,2008,5
2026-09-03 23:29:59,785,492,2010,5
2026-09-03 23:30:00,789,490,2005,5
2026-09-03 23:30:01,775,489,2018,5
2026-09-03 23:30:02,782,491,2011,5
2026-09-03 23:30:03,777,486,2010,5
2026-09-03 23:30:04,784,491,2021,5
2026-09-03 23:30:05,774,485,2011,5
2026-09-03 23:30:06,781,490,2018,5
2026-09-03 23:30:07,778,487,2007,5
2026-09-03 23:30:08,779,486,2005,5
2026-09-03 23:30:09,781,491,2014,5
2026-09-03 23:30:10,791,486,2013,5
2026-09-03 23:30:11,784,493,2008,5
2026-09-03 23:30:12,785,492,2017,5
2026-09-03 23:30:13,777,494,2015,5
2026-09-03 23:30:14,775,491,2018,5
2026-09-03 23:30:15,778,493,2009,5
2026-09-03 23:30:16,788,491,2018,5
2026-09-03 23:30:17,779,494,2018,5
2026-09-03 23:30:18,787,499,2013,5
2026-09-03 23:30:19,789,496,2013,5
2026-09-03 23:30:20,781,495,2016,5
2026-09-03 23:30:21,782,499,2015,5
2026-09-03 23:30:22,786,502,2009,5
2026-09-03 23:30:23,778,501,2017,5
2026-09-03 23:30:24,780,500,2018,5
2026-09-03 23:30:25,785,504,2013,5
2026-09-03 23:30:26,773,504,2021,5
2026-09-03 23:30:27,784,511,2021,5
2026-09-03 23:30:28,781,507,2015,5
2026-09-03 23:30:29,778,496,2014,5
2026-09-03 23:30:30,777,502,2023,5
2026-09-03 23:30:31,777,508,2014,5
2026-09-03 23:30:32,777,506,2027,5
2026-09-03 23:30:33,779,510,2028,5
2026-09-03 23:30:34,781,509,2028,5
2026-09-03 23:30:35,773,511,2023,5
2026-09-03 23:30:36,785,502,2021,5
2026-09-03 23:30:37,773,510,2018,5
2026-09-03 23:30:38,777,512,2028,5
2026-09-03 23:30:39,778,505,2021,5
2026-09-03 23:30:40,782,505,2025,5
2026-09-03 23:30:41,777,500,2021,5
2026-09-03 23:30:42,778,501,2020,5
2026-09-03 23:30:43,768,504,2024,5
2026-09-03 23:30:44,780,510,2029,5
2026-09-03 23:30:45,782,505,2028,5
2026-09-03 23:30:46,771,506,2030,5
2026-09-03 23:30:47,778,505,2020,5
2026-09-03 23:30:48,776,504,2020,5
2026-09-03 23:30:49,770,504,2025,5
2026-09-03 23:30:50,781,496,2015,5
2026-09-03 23:30:51,775,503,2023,5
2026-09-03 23:30:52,776,501,2016,5
2026-09-03 23:30:53,773,505,2025,5
2026-09-03 23:30:54,772,495,2019,5
2026-09-03 23:30:55,772,507,2019,5
2026-09-03 23:30:56,770,497,2020,5
2026-09-03 23:30:57,774,495,2021,5
2026-09-03 23:30:58,766,500,2022,5
2026-09-03 23:30:59,773,498,2024,5
2026-09-03 23:31:00,766,495,2024,5
2026-09-03 23:31:01,770,492,2024,5
2026-09-03 23:31:02,771,493,2023,5
2026-09-03 23:31:03,767,487,2019,5
2026-09-03 23:31:04,769,492,2023,5
2026-09-03 23:31:05,766,487,2023,5
2026-09-03 23:31:06,776,488,2022,5
2026-09-03 23:31:07,773,479,2025,5
2026-09-03 23:31:08,767,490,2016,5
2026-09-03 23:31:09,775,483,2020,5
2026-09-03 23:31:10,768,486,2024,5
2026-09-03 23:31:11,774,491,2018,5
2026-09-03 23:31:12,771,489,2019,5
2026-09-03 23:31:13,774,484,2031,5
2026-09-03 23:31:14,780,481,2020,5
2026-09-03 23:31:15,768,493,2025,5
2026-09-03 23:31:16,773,483,2030,5
2026-09-03 23:31:17,772,492,2030,5
2026-09-03 23:31:18,769,492,2025,5
2026-09-03 23:31:19,777,491,2027,5
2026-09-03 23:31:20,780,493,2028,5
2026-09-03 23:31:21,778,492,2027,5
2026-09-03 23:31:22,774,488,2027,5
2026-09-03 23:31:23,783,492,2026,5
2026-09-03 23:31:24,777,489,2022,5
2026-09-03 23:31:25,769,482,2030,5
2026-09-03 23:31:26,778,490,2029,5
2026-09-03 23:31:27,777,494,2035,5
2026-09-03 23:31:28,763,488,2030,5
2026-09-03 23:31:29,779,491,2026,5
2026-09-03 23:31:30,784,489,2036,5
2026-09-03 23:31:31,774,488,2036,5
2026-09-03 23:31:32,781,487,2028,5
2026-09-03 23:31:33,772,483,2031,5
2026-09-03 23:31:34,782,488,2032,5
2026-09-03 23:31:35,778,486,2024,5
2026-09-03 23:31:36,779,494,2030,5
2026-09-03 23:31:37,780,489,2034,5
2026-09-03 23:31:38,780,488,2031,5
2026-09-03 23:31:39,781,489,2035,5
2026-09-03 23:31:40,783,493,2034,5
2026-09-03 23:31:41,791,493,2040,5
2026-09-03 23:31:42,786,498,2026,5
2026-09-03 23:31:43,782,489,2029,5
2026-09-03 23:31:44,796,487,2031,5
2026-09-03 23:31:45,784,492,2030,5
2026-09-03 23:31:46,791,495,2028,5
2026-09-03 23:31:47,782,485,2025,5
2026-09-03 23:31:48,785,497,2035,5
2026-09-03 23:31:49,783,497,2028,5
2026-09-03 23:31:50,785,498,2028,5
2026-09-03 23:31:51,785,506,2024,5
2026-09-03 23:31:52,785,494,2032,5
2026-09-03 23:31:53,783,492,2029,5
2026-09-03 23:31:54,780,493,2025,5
2026-09-03 23:31:55,781,494,2029,5
2026-09-03 23:31:56,774,497,2026,5
2026-09-03 23:31:57,782,505,2026,5
2026-09-03 23:31:58,784,500,2034,5
2026-09-03 23:31:59,778,495,2025,5
2026-09-03 23:32:00,782,496,2025,5
2026-09-03 23:32:01,783,497,2028,5
2026-09-03 23:32:02,777,497,2018,5
2026-09-03 23:32:03,784,493,2034,5
2026-09-03 23:32:04,784,488,2026,5
2026-09-03 23:32:05,782,488,2027,5
2026-09-03 23:32:06,782,495,2022,5
2026-09-03 23:32:07,784,486,2025,5
2026-09-03 23:32:08,786,487,2025,5
2026-09-03 23:32:09,782,486,2032,5
2026-09-03 23:32:10,782,486,2032,5
2026-09-03 23:32:11,777,484,2028,5
2026-09-03 23:32:12,785,485,2028,5
2026-09-03 23:32:13,785,486,2029,5
2026-09-03 23:32:14,782,491,2021,5
2026-09-03 23:32:15,784,492,2036,5
2026-09-03 23:32:16,790,477,2028,5
2026-09-03 23:32:17,784,484,2037,5
2026-09-03 23:32:18,786,483,2031,5
2026-09-03 23:32:19,798,486,2034,5
2026-09-03 23:32:20,782,481,2033,5
2026-09-03 23:32:21,782,485,2035,5
2026-09-03 23:32:22,781,489,2026,5
2026-09-03 23:32:23,792,485,2029,5
2026-09-03 23:32:24,788,484,2036,5
2026-09-03 23:32:25,780,487,2029,5
2026-09-03 23:32:26,785,494,2027,5
2026-09-03 23:32:27,781,485,2030,5
2026-09-03 23:32:28,781,489,2031,5
2026-09-03 23:32:29,781,490,2027,5
2026-09-03 23:32:30,789,485,2035,5
2026-09-03 23:32:31,788,492,2025,5
2026-09-03 23:32:32,779,493,2029,5
2026-09-03 23:32:33,785,490,2032,5
2026-09-03 23:32:34,787,486,2026,5
2026-09-03 23:32:35,781,496,2029,5
2026-09-03 23:32:36,783,494,2033,5
2026-09-03 23:32:37,785,497,2036,5
2026-09-03 23:32:38,781,490,2030,5
2026-09-03 23:32:39,786,494,2030,5
2026-09-03 23:32:40,784,488,2024,5
2026-09-03 23:32:41,789,503,2036,5
2026-09-03 23:32:42,789,502,2035,5
2026-09-03 23:32:43,789,494,2026,5
2026-09-03 23:32:44,788,490,2031,5
2026-09-03 23:32:45,783,491,2024,5
2026-09-03 23:32:46,786,493,2025,5
2026-09-03 23:32:47,792,489,2021,5
2026-09-03 23:32:48,787,495,2030,5
2026-09-03 23:32:49,784,483,2025,5
2026-09-03 23:32:50,785,488,2016,5
2026-09-03 23:32:51,780,488,2028,5
2026-09-03 23:32:52,785,487,2023,5
2026-09-03 23:32:53,780,485,2033,5
2026-09-03 23:32:54,778,487,2031,5
2026-09-03 23:32:55,784,482,2028,5
2026-09-03 23:32:56,780,486,2031,5
2026-09-03 23:32:57,781,481,2027,5
2026-09-03 23:32:58,774,487,2032,5
2026-09-03 23:32:59,778,487,2028,5
2026-09-03 23:33:00,785,482,2024,5
2026-09-03 23:33:01,785,483,2026,5
2026-09-03 23:33:02,783,489,2020,5
2026-09-03 23:33:03,780,485,2031,5
2026-09-03 23:33:04,778,491,2026,5
2026-09-03 23:33:05,781,484,2029,5
2026-09-03 23:33:06,783,483,2029,5
2026-09-03 23:33:07,783,486,2026,5
2026-09-03 23:33:08,788,480,2033,5
2026-09-03 23:33:09,791,489,2024,5
2026-09-03 23:33:10,789,482,2030,5
2026-09-03 23:33:11,789,493,2017,5
2026-09-03 23:33:12,792,492,2030,5
2026-09-03 23:33:13,793,492,2025,5
2026-09-03 23:33:14,800,491,2028,5
2026-09-03 23:33:15,793,494,2027,5
2026-09-03 23:33:16,790,492,2026,5
2026-09-03 23:33:17,794,493,2024,5
2026-09-03 23:33:18,801,498,2029,5
2026-09-03 23:33:19,803,504,2021,5
2026-09-03 23:33:20,802,499,2029,5
2026-09-03 23:33:21,801,500,2024,5
2026-09-03 23:33:22,799,499,2025,5
2026-09-03 23:33:23,808,498,2026,5
2026-09-03 23:33:24,799,496,2019,5
2026-09-03 23:33:25,811,504,2022,5
2026-09-03 23:33:26,804,505,2021,5
2026-09-03 23:33:27,809,511,2031,5
2026-09-03 23:33:28,808,509,2029,5
2026-09-03 23:33:29,802,509,2020,5
2026-09-03 23:33:30,809,512,2019,5
2026-09-03 23:33:31,806,513,2019,5
2026-09-03 23:33:32,805,520,2027,5
2026-09-03 23:33:33,804,514,2018,5
2026-09-03 23:33:34,814,511,2016,5
2026-09-03 23:33:35,806,510,2011,5
2026-09-03 23:33:36,802,510,2009,5
2026-09-03 23:33:37,810,511,2014,5
2026-09-03 23:33:38,807,529,2014,5
2026-09-03 23:33:39,809,516,2016,5
2026-09-03 23:33:40,809,513,2015,5
2026-09-03 23:33:41,810,523,2019,5
2026-09-03 23:33:42,807,522,2019,5
2026-09-03 23:33:43,802,520,2022,5
2026-09-03 23:33:44,805,520,2026,5
2026-09-03 23:33:45,808,514,2018,5
2026-09-03 23:33:46,812,521,2021,5
2026-09-03 23:33:47,804,523,2019,5
2026-09-03 23:33:48,809,521,2023,5
2026-09-03 23:33:49,801,524,2016,5
2026-09-03 23:33:50,801,534,2017,5
2026-09-03 23:33:51,803,538,2015,5
2026-09-03 23:33:52,804,528,2016,5
2026-09-03 23:33:53,801,533,2024,5
2026-09-03 23:33:54,803,530,2025,5
2026-09-03 23:33:55,807,531,2015,5
2026-09-03 23:33:56,802,532,2028,5
2026-09-03 23:33:57,795,539,2017,5
2026-09-03 23:33:58,799,533,2022,5
2026-09-03 23:33:59,797,531,2025,5
2026-09-03 23:34:00,794,536,2021,5
2026-09-03 23:34:01,797,540,2013,5
2026-09-03 23:34:02,800,537,2017,5
2026-09-03 23:34:03,794,533,2011,5
2026-09-03 23:34:04,791,532,2019,5
2026-09-03 23:34:05,793,539,2012,5
2026-09-03 23:34:06,791,535,2017,5
2026-09-03 23:34:07,791,536,2004,5
2026-09-03 23:34:08,802,538,2010,5
2026-09-03 23:34:09,796,547,2013,5
2026-09-03 23:34:10,797,547,2004,5
2026-09-03 23:34:11,794,541,2004,5
2026-09-03 23:34:12,801,538,2008,5
2026-09-03 23:34:13,796,530,2013,5
2026-09-03 23:34:14,799,537,2019,5
2026-09-03 23:34:15,787,540,2017,5
2026-09-03 23:34:16,792,541,2016,5
2026-09-03 23:34:17,786,540,2015,5
2026-09-03 23:34:18,788,549,2005,5
2026-09-03 23:34:19,789,539,2004,5
2026-09-03 23:34:20,792,537,1998,5
2026-09-03 23:34:21,791,536,2002,5
2026-09-03 23:34:22,797,537,1995,5
2026-09-03 23:34:23,794,536,2000,5
2026-09-03 23:34:24,780,537,2006,5
2026-09-03 23:34:25,784,531,2004,5
2026-09-03 23:34:26,784,524,2004,5
2026-09-03 23:34:27,784,533,2010,5
2026-09-03 23:34:28,780,533,2008,5
2026-09-03 23:34:29,785,524,2012,5
2026-09-03 23:34:30,784,522,2014,5
2026-09-03 23:34:31,789,526,2006,5
2026-09-03 23:34:32,780,520,2007,5
2026-09-03 23:34:33,786,518,2009,5
2026-09-03 23:34:34,779,524,2011,5
2026-09-03 23:34:35,779,520,2006,5
2026-09-03 23:34:36,787,518,2001,5
2026-09-03 23:34:37,784,519,2009,5
2026-09-03 23:34:38,780,516,2009,5
2026-09-03 23:34:39,782,524,2008,5
2026-09-03 23:34:40,786,514,2025,5
2026-09-03 23:34:41,778,512,2017,5
2026-09-03 23:34:42,779,517,2012,5
2026-09-03 23:34:43,789,515,2007,5
2026-09-03 23:34:44,786,514,2013,5
2026-09-03 23:34:45,782,514,2012,5
2026-09-03 23:34:46,782,518,2011,5
2026-09-03 23:34:47,788,513,2011,5
2026-09-03 23:34:48,779,509,2019,5
2026-09-03 23:34:49,778,506,2013,5
2026-09-03 23:34:50,783,512,2020,5
2026-09-03 23:34:51,782,506,2024,5
2026-09-03 23:34:52,774,512,2019,5
2026-09-03 23:34:53,778,508,2023,5
2026-09-03 23:34:54,778,505,2015,5
2026-09-03 23:34:55,776,510,2025,5
2026-09-03 23:34:56,772,510,2020,5
2026-09-03 23:34:57,774,507,2023,5
2026-09-03 23:34:58,778,508,2017,5
2026-09-03 23:34:59,776,510,2009,5
2026-09-03 23:35:00,776,508,2019,5
2026-09-03 23:35:01,775,508,2023,5
2026-09-03 23:35:02,778,503,2016,5
2026-09-03 23:35:03,781,509,2009,5
2026-09-03 23:35:04,779,510,2010,5
2026-09-03 23:35:05,780,502,2011,5
2026-09-03 23:35:06,778,512,2014,5
2026-09-03 23:35:07,775,512,2010,5
2026-09-03 23:35:08,774,507,2002,5
2026-09-03 23:35:09,779,504,2009,5
2026-09-03 23:35:10,782,506,2006,5
2026-09-03 23:35:11,781,499,2006,5
2026-09-03 23:35:12,778,509,2002,5
2026-09-03 23:35:13,781,508,2009,5
2026-09-03 23:35:14,773,511,2003,5
2026-09-03 23:35:15,778,514,2013,5
2026-09-03 23:35:16,772,498,2012,5
2026-09-03 23:35:17,774,503,2012,5
2026-09-03 23:35:18,780,507,2003,5
2026-09-03 23:35:19,771,509,2004,5
2026-09-03 23:35:20,781,505,2009,5
2026-09-03 23:35:21,770,499,1998,5
2026-09-03 23:35:22,772,507,2002,5
2026-09-03 23:35:23,771,503,2000,5
2026-09-03 23:35:24,779,508,2000,5
2026-09-03 23:35:25,775,505,1997,5
2026-09-03 23:35:26,775,507,2002,5
2026-09-03 23:35:27,773,495,1992,5
2026-09-03 23:35:28,778,501,1992,5
2026-09-03 23:35:29,781,500,1999,5
2026-09-03 23:35:30,778,507,1994,5
2026-09-03 23:35:31,779,508,1998,5
2026-09-03 23:35:32,777,509,1996,5
2026-09-03 23:35:33,779,505,2002,5
2026-09-03 23:35:34,781,506,2000,5
2026-09-03 23:35:35,781,511,2001,5
2026-09-03 23:35:36,784,499,2000,5
2026-09-03 23:35:37,786,516,1996,5
2026-09-03 23:35:38,784,511,1997,5
2026-09-03 23:35:39,786,515,1994,5
2026-09-03 23:35:40,787,517,1994,5
2026-09-03 23:35:41,792,511,1994,5
2026-09-03 23:35:42,787,515,1997,5
2026-09-03 23:35:43,789,511,1996,5
2026-09-03 23:35:44,784,518,1992,5
2026-09-03 23:35:45,791,518,2005,5
2026-09-03 23:35:46,789,521,1999,5
2026-09-03 23:35:47,787,517,1987,5
2026-09-03 23:35:48,791,518,2000,5
2026-09-03 23:35:49,790,527,1993,5
2026-09-03 23:35:50,794,519,1994,5
2026-09-03 23:35:51,788,523,1999,5
2026-09-03 23:35:52,796,524,2001,5
2026-09-03 23:35:53,796,519,1995,5
2026-09-03 23:35:54,792,513,1994,5
2026-09-03 23:35:55,789,519,1990,5
2026-09-03 23:35:56,795,511,1991,5
2026-09-03 23:35:57,793,519,1993,5
2026-09-03 23:35:58,792,524,1998,5
2026-09-03 23:35:59,791,511,1984,5
2026-09-03 23:36:00,783,518,1989,5
2026-09-03 23:36:01,794,521,1984,5
2026-09-03 23:36:02,793,510,1990,5
2026-09-03 23:36:03,785,517,1990,5
2026-09-03 23:36:04,776,516,1986,5
2026-09-03 23:36:05,793,520,1986,5
2026-09-03 23:36:06,788,521,1989,5
2026-09-03 23:36:07,784,517,1986,5
2026-09-03 23:36:08,793,515,1981,5
2026-09-03 23:36:09,785,518,1985,5
2026-09-03 23:36:10,787,507,1986,5
2026-09-03 23:36:11,787,513,1990,5
2026-09-03 23:36:12,791,510,1993,5
2026-09-03 23:36:13,785,507,1993,5
2026-09-03 23:36:14,798,511,2000,5
2026-09-03 23:36:15,786,511,1995,5
2026-09-03 23:36:16,794,517,1995,5
2026-09-03 23:36:17,788,516,1991,5
2026-09-03 23:36:18,792,517,1995,5
2026-09-03 23:36:19,784,515,1998,5
2026-09-03 23:36:20,786,519,1997,5
2026-09-03 23:36:21,786,518,1998,5
2026-09-03 23:36:22,786,524,1991,5
2026-09-03 23:36:23,781,515,1997,5
2026-09-03 23:36:24,787,522,2002,5
2026-09-03 23:36:25,780,518,1998,5
2026-09-03 23:36:26,784,520,2001,5
2026-09-03 23:36:27,791,512,2004,5
2026-09-03 23:36:28,782,526,2005,5
2026-09-03 23:36:29,777,530,1999,5
2026-09-03 23:36:30,775,519,1999,5
2026-09-03 23:36:31,781,524,2008,5
2026-09-03 23:36:32,776,519,2006,5
2026-09-03 23:36:33,784,520,2004,5
2026-09-03 23:36:34,787,518,2002,5
2026-09-03 23:36:35,786,523,2008,5
2026-09-03 23:36:36,787,530,2003,5
2026-09-03 23:36:37,786,524,2004,5
2026-09-03 23:36:38,781,521,1999,5
2026-09-03 23:36:39,782,521,2005,5
2026-09-03 23:36:40,780,516,2009,5
2026-09-03 23:36:41,781,516,2012,5
2026-09-03 23:36:42,785,511,2006,5
2026-09-03 23:36:43,780,515,2008,5
2026-09-03 23:36:44,782,512,2011,5
2026-09-03 23:36:45,784,512,2014,5
2026-09-03 23:36:46,777,512,2004,5
2026-09-03 23:36:47,790,518,2002,5
2026-09-03 23:36:48,779,522,2008,5
2026-09-03 23:36:49,778,526,2009,5
2026-09-03 23:36:50,782,511,2013,5
2026-09-03 23:36:51,777,514,2009,5
2026-09-03 23:36:52,782,516,2011,5
2026-09-03 23:36:53,786,516,2010,5
2026-09-03 23:36:54,790,516,2006,5
2026-09-03 23:36:55,782,514,2000,5
2026-09-03 23:36:56,791,510,2012,5
2026-09-03 23:36:57,792,518,2009,5
2026-09-03 23:36:58,793,515,2007,5
2026-09-03 23:36:59,782,514,2015,5
2026-09-03 23:37:00,785,515,2013,5
2026-09-03 23:37:01,795,514,2007,5
2026-09-03 23:37:02,792,515,2015,5
2026-09-03 23:37:03,788,515,2014,5
2026-09-03 23:37:04,787,517,2013,5
2026-09-03 23:37:05,787,519,2012,5
2026-09-03 23:37:06,783,524,2015,5
2026-09-03 23:37:07,786,515,2007,5
2026-09-03 23:37:08,783,518,2018,5
2026-09-03 23:37:09,788,520,2019,5
2026-09-03 23:37:10,785,519,2015,5
2026-09-03 23:37:11,791,516,2006,5
2026-09-03 23:37:12,792,524,2014,5
2026-09-03 23:37:13,791,515,2019,5
2026-09-03 23:37:14,790,520,2018,5
2026-09-03 23:37:15,792,516,2018,5
2026-09-03 23:37:16,789,526,2016,5
2026-09-03 23:37:17,793,523,2027,5
2026-09-03 23:37:18,787,529,2024,5
2026-09-03 23:37:19,795,530,2035,5
2026-09-03 23:37:20,789,528,2022,5
2026-09-03 23:37:21,795,521,2026,5
2026-09-03 23:37:22,792,527,2035,5
2026-09-03 23:37:23,792,526,2031,5
2026-09-03 23:37:24,796,523,2023,5
2026-09-03 23:37:25,796,540,2029,5
2026-09-03 23:37:26,795,532,2025,5
2026-09-03 23:37:27,789,537,2029,5
2026-09-03 23:37:28,784,535,2035,5
2026-09-03 23:37:29,789,534,2030,5
2026-09-03 23:37:30,790,540,2029,5
2026-09-03 23:37:31,783,535,2022,5
2026-09-03 23:37:32,798,544,2022,5
2026-09-03 23:37:33,803,540,2019,5
2026-09-03 23:37:34,798,539,2017,5
2026-09-03 23:37:35,802,533,2020,5
2026-09-03 23:37:36,789,545,2023,5
2026-09-03 23:37:37,797,549,2016,5
2026-09-03 23:37:38,792,545,2019,5
2026-09-03 23:37:39,795,550,2010,5
2026-09-03 23:37:40,794,547,2022,5
2026-09-03 23:37:41,805,541,2029,5
2026-09-03 23:37:42,804,545,2020,5
2026-09-03 23:37:43,804,546,2024,5
2026-09-03 23:37:44,809,546,2021,5
2026-09-03 23:37:45,803,552,2020,5
2026-09-03 23:37:46,802,553,2019,5
2026-09-03 23:37:47,802,554,2021,5
2026-09-03 23:37:48,796,545,2020,5
2026-09-03 23:37:49,803,554,2026,5
2026-09-03 23:37:50,798,563,2021,5
2026-09-03 23:37:51,802,549,2022,5
2026-09-03 23:37:52,805,556,2025,5
2026-09-03 23:37:53,795,558,2023,5
2026-09-03 23:37:54,795,561,2020,5
2026-09-03 23:37:55,795,558,2030,5
2026-09-03 23:37:56,805,563,2021,5
2026-09-03 23:37:57,802,564,2022,5
2026-09-03 23:37:58,802,559,2024,5
2026-09-03 23:37:59,798,561,2027,5
2026-09-03 23:38:00,806,553,2032,5
2026-09-03 23:38:01,800,558,2027,5
2026-09-03 23:38:02,793,562,2038,5
2026-09-03 23:38:03,806,559,2031,5
2026-09-03 23:38:04,798,563,2024,5
2026-09-03 23:38:05,799,553,2027,5
2026-09-03 23:38:06,798,555,2029,5
2026-09-03 23:38:07,793,559,2031,5
2026-09-03 23:38:08,803,556,2027,5
2026-09-03 23:38:09,801,564,2022,5
2026-09-03 23:38:10,799,561,2022,5
2026-09-03 23:38:11,798,551,2026,5
2026-09-03 23:38:12,802,546,2029,5
2026-09-03 23:38:13,791,552,2031,5
2026-09-03 23:38:14,798,545,2033,5
2026-09-03 23:38:15,789,545,2033,5
2026-09-03 23:38:16,792,539,2020,5
2026-09-03 23:38:17,789,539,2030,5
2026-09-03 23:38:18,791,536,2028,5
2026-09-03 23:38:19,794,536,2028,5
2026-09-03 23:38:20,782,525,2027,5
2026-09-03 23:38:21,784,521,2025,5
2026-09-03 23:38:22,784,527,2025,5
2026-09-03 23:38:23,772,519,2029,5
2026-09-03 23:38:24,780,517,2020,5
2026-09-03 23:38:25,780,512,2024,5
2026-09-03 23:38:26,776,509,2010,5
2026-09-03 23:38:27,777,507,2017,5
2026-09-03 23:38:28,770,505,2013,5
2026-09-03 23:38:29,775,512,2010,5
2026-09-03 23:38:30,780,507,2021,5
2026-09-03 23:38:31,785,499,2017,5
2026-09-03 23:38:32,776,503,2014,5
2026-09-03 23:38:33,783,502,2015,5
2026-09-03 23:38:34,778,499,2009,5
2026-09-03 23:38:35,777,493,2016,5
2026-09-03 23:38:36,781,499,2022,5
2026-09-03 23:38:37,781,489,2021,5
2026-09-03 23:38:38,770,492,2018,5
2026-09-03 23:38:39,782,500,2019,5
2026-09-03 23:38:40,787,501,2019,5
2026-09-03 23:38:41,780,496,2013,5
2026-09-03 23:38:42,783,502,2017,5
2026-09-03 23:38:43,785,497,2014,5
2026-09-03 23:38:44,790,495,2017,5
2026-09-03 23:38:45,780,496,2023,5
2026-09-03 23:38:46,783,498,2022,5
2026-09-03 23:38:47,780,503,2015,5
2026-09-03 23:38:48,778,505,2015,5
2026-09-03 23:38:49,782,495,2015,5
2026-09-03 23:38:50,781,503,2017,5
2026-09-03 23:38:51,778,509,2016,5
2026-09-03 23:38:52,781,515,2018,5
2026-09-03 23:38:53,779,512,2019,5
2026-09-03 23:38:54,782,514,2018,5
2026-09-03 23:38:55,785,510,2020,5
2026-09-03 23:38:56,784,512,2018,5
2026-09-03 23:38:57,779,513,2020,5
2026-09-03 23:38:58,782,518,2010,5
2026-09-03 23:38:59,786,525,2017,5
2026-09-03 23:39:00,783,516,2013,5
2026-09-03 23:39:01,785,518,2019,5
2026-09-03 23:39:02,789,529,2018,5
2026-09-03 23:39:03,789,523,2017,5
2026-09-03 23:39:04,790,534,2017,5
2026-09-03 23:39:05,792,535,2016,5
2026-09-03 23:39:06,794,532,2021,5
2026-09-03 23:39:07,789,538,2026,5
2026-09-03 23:39:08,790,533,2024,5
2026-09-03 23:39:09,790,542,2024,5
2026-09-03 23:39:10,791,538,2025,5
2026-09-03 23:39:11,787,538,2022,5
2026-09-03 23:39:12,788,535,2022,5
2026-09-03 23:39:13,789,533,2023,5
2026-09-03 23:39:14,791,540,2030,5
2026-09-03 23:39:15,790,537,2035,5
2026-09-03 23:39:16,791,539,2026,5
2026-09-03 23:39:17,790,544,2036,5
2026-09-03 23:39:18,793,547,2035,5
2026-09-03 23:39:19,789,540,2038,5
2026-09-03 23:39:20,792,546,2034,5
2026-09-03 23:39:21,793,551,2036,5
2026-09-03 23:39:22,797,544,2036,5
2026-09-03 23:39:23,795,550,2032,5
2026-09-03 23:39:24,787,551,2032,5
2026-09-03 23:39:25,794,547,2038,5
2026-09-03 23:39:26,789,551,2034,5
2026-09-03 23:39:27,796,549,2039,5
2026-09-03 23:39:28,786,558,2036,5
2026-09-03 23:39:29,789,552,2044,5
2026-09-03 23:39:30,793,553,2036,5
2026-09-03 23:39:31,789,559,2048,5
2026-09-03 23:39:32,796,552,2040,5
2026-09-03 23:39:33,798,561,2034,5
2026-09-03 23:39:34,789,553,2030,5
2026-09-03 23:39:35,790,549,2042,5
2026-09-03 23:39:36,795,558,2042,5
2026-09-03 23:39:37,794,556,2039,5
2026-09-03 23:39:38,791,553,2043,5
2026-09-03 23:39:39,788,556,2030,5
2026-09-03 23:39:40,787,555,2039,5
2026-09-03 23:39:41,792,555,2036,5
2026-09-03 23:39:42,786,551,2026,5
2026-09-03 23:39:43,786,556,2034,5
2026-09-03 23:39:44,793,557,2030,5
2026-09-03 23:39:45,792,553,2025,5
2026-09-03 23:39:46,785,544,2034,5
2026-09-03 23:39:47,783,546,2021,5
2026-09-03 23:39:48,782,544,2031,5
2026-09-03 23:39:49,786,548,2022,5
2026-09-03 23:39:50,789,553,2025,5
2026-09-03 23:39:51,794,542,2024,5
2026-09-03 23:39:52,791,539,2026,5
2026-09-03 23:39:53,790,540,2021,5
2026-09-03 23:39:54,790,547,2018,5
2026-09-03 23:39:55,788,535,2023,5
2026-09-03 23:39:56,788,531,2019,5
2026-09-03 23:39:57,790,532,2018,5
2026-09-03 23:39:58,776,526,2018,5
2026-09-03 23:39:59,778,527,2016,5
2026-09-03 23:40:00,777,531,2019,5
2026-09-03 23:40:01,780,521,2015,5
2026-09-03 23:40:02,776,522,2010,5
2026-09-03 23:40:03,779,524,2014,5
2026-09-03 23:40:04,783,521,2018,5
2026-09-03 23:40:05,770,520,2020,5
2026-09-03 23:40:06,779,533,2010,5
2026-09-03 23:40:07,776,516,2007,5
2026-09-03 23:40:08,776,522,2009,5
2026-09-03 23:40:09,778,522,2010,5
2026-09-03 23:40:10,773,515,2009,5
2026-09-03 23:40:11,779,511,2011,5
2026-09-03 23:40:12,772,518,2020,5
2026-09-03 23:40:13,774,504,2012,5
2026-09-03 23:40:14,771,518,2019,5
2026-09-03 23:40:15,774,507,2011,5
2026-09-03 23:40:16,774,507,2013,5
2026-09-03 23:40:17,773,510,2016,5
2026-09-03 23:40:18,772,506,2012,5
2026-09-03 23:40:19,780,508,2015,5
2026-09-03 23:40:20,767,505,2013,5
2026-09-03 23:40:21,774,510,2014,5
2026-09-03 23:40:22,770,509,2018,5
2026-09-03 23:40:23,773,502,2019,5
2026-09-03 23:40:24,777,503,2013,5
2026-09-03 23:40:25,770,504,2016,5
2026-09-03 23:40:26,771,503,2010,5
2026-09-03 23:40:27,768,507,2016,5
2026-09-03 23:40:28,777,504,2018,5
2026-09-03 23:40:29,777,495,2019,5
2026-09-03 23:40:30,764,497,2019,5
2026-09-03 23:40:31,761,493,2015,5
2026-09-03 23:40:32,766,496,2016,5
2026-09-03 23:40:33,779,499,2022,5
2026-09-03 23:40:34,767,492,2018,5
2026-09-03 23:40:35,765,495,2025,5
2026-09-03 23:40:36,762,504,2021,5
2026-09-03 23:40:37,768,494,2021,5
2026-09-03 23:40:38,769,492,2019,5
2026-09-03 23:40:39,770,493,2020,5
2026-09-03 23:40:40,772,502,2017,5
2026-09-03 23:40:41,762,487,2023,5
2026-09-03 23:40:42,773,489,2027,5
2026-09-03 23:40:43,768,491,2017,5
2026-09-03 23:40:44,774,492,2020,5
2026-09-03 23:40:45,776,495,2021,5
2026-09-03 23:40:46,768,485,2021,5
2026-09-03 23:40:47,770,492,2021,5
2026-09-03 23:40:48,767,484,2025,5
2026-09-03 23:40:49,766,483,2018,5
2026-09-03 23:40:50,766,478,2019,5
2026-09-03 23:40:51,771,488,2011,5
2026-09-03 23:40:52,777,486,2031,5
2026-09-03 23:40:53,767,481,2020,5
2026-09-03 23:40:54,770,481,2021,5
2026-09-03 23:40:55,773,480,2021,5
2026-09-03 23:40:56,765,476,2022,5
2026-09-03 23:40:57,770,474,2023,5
2026-09-03 23:40:58,770,476,2020,5
2026-09-03 23:40:59,772,464,2021,5
2026-09-03 23:41:00,771,477,2019,5
2026-09-03 23:41:01,778,463,2022,5
2026-09-03 23:41:02,775,460,2026,5
2026-09-03 23:41:03,771,468,2020,5
2026-09-03 23:41:04,779,457,2015,5
2026-09-03 23:41:05,765,462,2019,5
2026-09-03 23:41:06,769,463,2018,5
2026-09-03 23:41:07,767,460,2026,5
2026-09-03 23:41:08,769,463,2030,5
2026-09-03 23:41:09,770,455,2026,5
2026-09-03 23:41:10,775,459,2027,5
2026-09-03 23:41:11,771,457,2024,5
2026-09-03 23:41:12,776,458,2028,5
2026-09-03 23:41:13,772,455,2030,5
2026-09-03 23:41:14,768,450,2027,5
2026-09-03 23:41:15,769,449,2039,5
2026-09-03 23:41:16,767,455,2035,5
2026-09-03 23:41:17,773,448,2039,5
2026-09-03 23:41:18,772,453,2044,5
2026-09-03 23:41:19,771,443,2038,5
2026-09-03 23:41:20,773,443,2036,5
2026-09-03 23:41:21,776,457,2041,5
2026-09-03 23:41:22,777,452,2040,5
2026-09-03 23:41:23,771,447,2037,5
2026-09-03 23:41:24,778,448,2040,5
2026-09-03 23:41:25,781,454,2042,5
2026-09-03 23:41:26,781,458,2044,5
2026-09-03 23:41:27,778,450,2047,5
2026-09-03 23:41:28,783,459,2045,5
2026-09-03 23:41:29,782,452,2049,5
2026-09-03 23:41:30,788,455,2046,5
2026-09-03 23:41:31,791,461,2044,5
2026-09-03 23:41:32,781,455,2040,5
2026-09-03 23:41:33,782,452,2046,5
2026-09-03 23:41:34,793,460,2037,5
2026-09-03 23:41:35,789,449,2042,5
2026-09-03 23:41:36,786,455,2043,5
2026-09-03 23:41:37,789,453,2041,5
2026-09-03 23:41:38,784,459,2041,5
2026-09-03 23:41:39,787,452,2039,5
2026-09-03 23:41:40,787,457,2039,5
2026-09-03 23:41:41,788,458,2043,5
2026-09-03 23:41:42,792,455,2039,5
2026-09-03 23:41:43,795,460,2040,5
2026-09-03 23:41:44,791,456,2039,5
2026-09-03 23:41:45,794,451,2040,5
2026-09-03 23:41:46,795,450,2040,5
2026-09-03 23:41:47,792,451,2039,5
2026-09-03 23:41:48,794,455,2037,5
2026-09-03 23:41:49,791,455,2036,5
2026-09-03 23:41:50,789,449,2039,5
2026-09-03 23:41:51,799,453,2044,5
2026-09-03 23:41:52,789,443,2035,5
2026-09-03 23:41:53,792,447,2035,5
2026-09-03 23:41:54,793,449,2039,5
2026-09-03 23:41:55,791,443,2042,5
2026-09-03 23:41:56,791,444,2044,5
2026-09-03 23:41:57,792,445,2040,5
2026-09-03 23:41:58,791,439,2035,5
2026-09-03 23:41:59,794,439,2046,5
2026-09-03 23:42:00,794,431,2044,5
2026-09-03 23:42:01,783,433,2043,5
2026-09-03 23:42:02,793,421,2043,5
2026-09-03 23:42:03,791,426,2043,5
2026-09-03 23:42:04,788,421,2042,5
2026-09-03 23:42:05,792,425,2041,5
2026-09-03 23:42:06,788,416,2040,5
2026-09-03 23:42:07,788,421,2033,5
2026-09-03 23:42:08,784,416,2037,5
2026-09-03 23:42:09,784,409,2039,5
2026-09-03 23:42:10,786,418,2035,5
2026-09-03 23:42:11,780,406,2026,5
2026-09-03 23:42:12,784,401,2037,5
2026-09-03 23:42:13,783,402,2025,5
2026-09-03 23:42:14,780,396,2029,5
2026-09-03 23:42:15,782,398,2033,5
2026-09-03 23:42:16,782,392,2027,5
2026-09-03 23:42:17,785,400,2028,5
2026-09-03 23:42:18,781,398,2023,5
2026-09-03 23:42:19,779,393,2023,5
2026-09-03 23:42:20,783,395,2029,5
2026-09-03 23:42:21,783,393,2034,5
2026-09-03 23:42:22,788,394,2024,5
2026-09-03 23:42:23,774,392,2026,5
2026-09-03 23:42:24,786,391,2014,5
2026-09-03 23:42:25,788,392,2022,5
2026-09-03 23:42:26,785,391,2021,5
2026-09-03 23:42:27,794,394,2029,5
2026-09-03 23:42:28,794,391,2013,5
2026-09-03 23:42:29,789,387,2013,5
2026-09-03 23:42:30,797,393,2025,5
2026-09-03 23:42:31,789,386,2017,5
2026-09-03 23:42:32,787,393,2021,5
2026-09-03 23:42:33,790,393,2027,5
2026-09-03 23:42:34,782,397,2025,5
2026-09-03 23:42:35,792,389,2029,5
2026-09-03 23:42:36,797,380,2039,5
2026-09-03 23:42:37,788,387,2031,5
2026-09-03 23:42:38,791,396,2032,5
2026-09-03 23:42:39,792,395,2024,5
2026-09-03 23:42:40,790,396,2033,5
2026-09-03 23:42:41,797,387,2040,5
2026-09-03 23:42:42,788,393,2033,5
2026-09-03 23:42:43,791,392,2027,5
2026-09-03 23:42:44,790,386,2034,5
2026-09-03 23:42:45,794,392,2035,5
2026-09-03 23:42:46,786,389,2036,5
2026-09-03 23:42:47,790,392,2042,5
2026-09-03 23:42:48,791,392,2036,5
2026-09-03 23:42:49,787,387,2046,5
2026-09-03 23:42:50,789,388,2044,5
2026-09-03 23:42:51,797,394,2041,5
2026-09-03 23:42:52,795,390,2036,5
2026-09-03 23:42:53,794,385,2043,5
2026-09-03 23:42:54,792,384,2053,5
2026-09-03 23:42:55,794,386,2055,5
2026-09-03 23:42:56,805,401,2053,5
2026-09-03 23:42:57,796,379,2052,5
2026-09-03 23:42:58,801,394,2049,5
2026-09-03 23:42:59,797,395,2043,5
2026-09-03 23:43:00,804,394,2052,5
2026-09-03 23:43:01,800,390,2054,5
2026-09-03 23:43:02,796,405,2047,5
2026-09-03 23:43:03,797,396,2041,5
2026-09-03 23:43:04,797,405,2051,5
2026-09-03 23:43:05,808,399,2054,5
2026-09-03 23:43:06,799,405,2058,5
2026-09-03 23:43:07,797,402,2049,5
2026-09-03 23:43:08,808,407,2050,5
2026-09-03 23:43:09,809,418,2060,5
2026-09-03 23:43:10,805,415,2056,5
2026-09-03 23:43:11,811,411,2050,5
2026-09-03 23:43:12,806,411,2055,5
2026-09-03 23:43:13,811,410,2048,5
2026-09-03 23:43:14,806,413,2054,5
2026-09-03 23:43:15,795,415,2057,5
2026-09-03 23:43:16,801,411,2058,5
2026-09-03 23:43:17,809,401,2060,5
2026-09-03 23:43:18,812,415,2054,5
2026-09-03 23:43:19,806,412,2054,5
2026-09-03 23:43:20,805,407,2055,5
2026-09-03 23:43:21,810,411,2059,5
2026-09-03 23:43:22,809,404,2067,5
2026-09-03 23:43:23,815,408,2058,5
2026-09-03 23:43:24,814,415,2058,5
2026-09-03 23:43:25,807,404,2060,5
2026-09-03 23:43:26,815,398,2055,5
2026-09-03 23:43:27,807,392,2053,5
2026-09-03 23:43:28,810,393,2073,5
2026-09-03 23:43:29,804,388,2064,5
2026-09-03 23:43:30,808,391,2063,5
2026-09-03 23:43:31,805,392,2064,5
2026-09-03 23:43:32,807,397,2058,5
2026-09-03 23:43:33,806,386,2062,5
2026-09-03 23:43:34,805,389,2064,5
2026-09-03 23:43:35,802,387,2061,5
2026-09-03 23:43:36,802,392,2069,5
2026-09-03 23:43:37,804,389,2063,5
2026-09-03 23:43:38,811,389,2054,5
2026-09-03 23:43:39,805,388,2067,5
2026-09-03 23:43:40,807,386,2069,5
2026-09-03 23:43:45,809,390,2058,5
2026-09-03 23:43:45,816,389,2059,5
2026-09-03 23:43:45,814,393,2066,5
2026-09-03 23:43:45,812,393,2068,5
2026-09-03 23:43:45,822,387,2071,5
2026-09-03 23:43:46,821,387,2063,5
2026-09-03 23:43:50,818,391,2065,5
2026-09-03 23:43:50,819,391,2067,5
2026-09-03 23:43:50,820,388,2058,5
2026-09-03 23:43:50,822,391,2061,5
2026-09-03 23:43:51,831,395,2058,5
2026-09-03 23:43:52,823,386,2062,5
2026-09-03 23:43:53,828,391,2062,5
2026-09-03 23:43:54,825,384,2061,5
2026-09-03 23:43:55,825,388,2062,5
2026-09-03 23:43:56,822,381,2067,5
2026-09-03 23:43:57,829,385,2065,5
2026-09-03 23:43:58,821,389,2070,5
2026-09-03 23:43:59,824,382,2067,5
2026-09-03 23:44:00,822,379,2072,5
2026-09-03 23:44:01,820,382,2065,5
2026-09-03 23:44:02,828,384,2065,5
2026-09-03 23:44:03,826,380,2064,5
2026-09-03 23:44:04,825,385,2065,5
2026-09-03 23:44:05,826,381,2072,5
2026-09-03 23:44:06,827,377,2066,5
2026-09-03 23:44:07,830,384,2066,5
2026-09-03 23:44:08,824,383,2072,5
2026-09-03 23:44:09,833,385,2071,5
2026-09-03 23:44:10,831,376,2077,5
2026-09-03 23:44:11,829,380,2065,5
2026-09-03 23:44:12,834,383,2075,5
2026-09-03 23:44:13,826,380,2068,5
2026-09-03 23:44:14,823,375,2067,5
2026-09-03 23:44:15,822,380,2070,5
2026-09-03 23:44:16,827,381,2078,5
2026-09-03 23:44:17,826,377,2074,5
2026-09-03 23:44:18,822,386,2078,5
2026-09-03 23:44:19,827,380,2081,5
2026-09-03 23:44:20,832,384,2076,5
2026-09-03 23:44:21,833,381,2080,5
2026-09-03 23:44:22,835,383,2082,5
2026-09-03 23:44:23,832,381,2073,5
2026-09-03 23:44:24,832,381,2069,5
2026-09-03 23:44:25,829,385,2081,5
2026-09-03 23:44:26,826,388,2073,5
2026-09-03 23:44:27,828,394,2071,5
2026-09-03 23:44:28,826,387,2074,5
2026-09-03 23:44:29,824,392,2082,5
2026-09-03 23:44:30,831,381,2081,5
2026-09-03 23:44:31,832,394,2080,5
2026-09-03 23:44:32,840,385,2082,5
2026-09-03 23:44:33,830,390,2082,5
2026-09-03 23:44:34,835,385,2078,5
2026-09-03 23:44:35,834,394,2083,5
2026-09-03 23:44:36,839,388,2076,5
2026-09-03 23:44:37,834,389,2075,5
2026-09-03 23:44:38,835,391,2076,5
2026-09-03 23:44:39,829,390,2086,5
2026-09-03 23:44:40,835,376,2085,5
2026-09-03 23:44:41,834,392,2088,5
2026-09-03 23:44:42,834,386,2089,5
2026-09-03 23:44:43,838,394,2085,5
2026-09-03 23:44:44,839,382,2082,5
2026-09-03 23:44:45,834,388,2087,5
2026-09-03 23:44:46,837,392,2091,5
2026-09-03 23:44:47,834,388,2090,5
2026-09-03 23:44:48,841,390,2093,5
2026-09-03 23:44:49,836,391,2091,5
2026-09-03 23:44:50,836,383,2093,5
2026-09-03 23:44:51,837,389,2095,5
2026-09-03 23:44:52,843,394,2096,5
2026-09-03 23:44:53,849,401,2092,5
2026-09-03 23:44:54,845,401,2080,5
2026-09-03 23:44:55,854,397,2092,5
2026-09-03 23:44:56,849,395,2093,5
2026-09-03 23:44:57,843,397,2091,5
2026-09-03 23:44:58,843,404,2099,5
2026-09-03 23:44:59,842,401,2089,5
2026-09-03 23:45:00,842,405,2087,5
2026-09-03 23:45:01,847,406,2086,5
2026-09-03 23:45:02,843,402,2094,5
2026-09-03 23:45:03,838,403,2099,5
2026-09-03 23:45:04,845,402,2090,5
2026-09-03 23:45:05,844,400,2094,5
2026-09-03 23:45:06,842,401,2093,5
2026-09-03 23:45:07,845,403,2089,5
2026-09-03 23:45:08,848,406,2089,5
2026-09-03 23:45:09,844,401,2093,5
2026-09-03 23:45:10,841,401,2096,5
2026-09-03 23:45:11,839,403,2089,5
2026-09-03 23:45:12,839,398,2096,5
2026-09-03 23:45:13,841,399,2082,5
2026-09-03 23:45:14,840,396,2089,5
2026-09-03 23:45:15,839,401,2086,5
2026-09-03 23:45:16,846,396,2090,5
2026-09-03 23:45:17,840,391,2087,5
2026-09-03 23:45:18,839,387,2096,5
2026-09-03 23:45:19,846,389,2091,5
2026-09-03 23:45:20,844,380,2095,5
2026-09-03 23:45:21,834,377,2090,5
2026-09-03 23:45:22,840,386,2092,5
2026-09-03 23:45:23,842,383,2090,5
2026-09-03 23:45:24,840,381,2090,5
2026-09-03 23:45:25,841,381,2089,5
2026-09-03 23:45:26,841,381,2087,5
2026-09-03 23:45:27,834,381,2093,5
2026-09-03 23:45:28,841,376,2080,5
2026-09-03 23:45:29,831,382,2099,5
2026-09-03 23:45:30,841,378,2084,5
2026-09-03 23:45:31,842,367,2094,5
2026-09-03 23:45:32,831,375,2099,5
2026-09-03 23:45:33,832,373,2099,5
2026-09-03 23:45:34,842,385,2089,5
2026-09-03 23:45:35,843,376,2098,5
2026-09-03 23:45:36,842,377,2099,5
2026-09-03 23:45:37,841,374,2099,5
2026-09-03 23:45:38,849,380,2099,5
2026-09-03 23:45:39,850,382,2095,5
2026-09-03 23:45:40,846,376,2097,5
2026-09-03 23:45:41,844,386,2093,5
2026-09-03 23:45:42,842,385,2106,5
2026-09-03 23:45:43,848,382,2089,5
2026-09-03 23:45:44,845,394,2099,5
2026-09-03 23:45:45,845,382,2101,5
2026-09-03 23:45:46,844,380,2095,5
2026-09-03 23:45:47,837,386,2104,5
2026-09-03 23:45:48,832,381,2094,5
2026-09-03 23:45:49,841,383,2095,5
2026-09-03 23:45:50,839,379,2101,5
2026-09-03 23:45:51,833,378,2098,5
2026-09-03 23:45:52,834,375,2098,5
2026-09-03 23:45:53,842,383,2099,5
2026-09-03 23:45:54,836,371,2101,5
2026-09-03 23:45:55,844,368,2096,5
2026-09-03 23:45:56,849,374,2086,5
2026-09-03 23:45:57,844,369,2097,5
2026-09-03 23:45:58,841,369,2105,5
2026-09-03 23:45:59,838,366,2098,5
2026-09-03 23:46:00,838,376,2094,5
2026-09-03 23:46:01,842,366,2094,5
2026-09-03 23:46:02,839,372,2096,5
2026-09-03 23:46:03,845,371,2097,5
2026-09-03 23:46:04,842,366,2096,5
2026-09-03 23:46:05,851,366,2097,5
2026-09-03 23:46:06,848,369,2102,5
2026-09-03 23:46:07,848,365,2097,5
2026-09-03 23:46:08,847,369,2097,5
2026-09-03 23:46:09,853,372,2100,5
2026-09-03 23:46:10,856,364,2107,5
2026-09-03 23:46:11,853,370,2100,5
2026-09-03 23:46:12,850,370,2099,5
2026-09-03 23:46:13,856,367,2099,5
2026-09-03 23:46:14,850,367,2099,5
2026-09-03 23:46:15,857,368,2107,5
2026-09-03 23:46:16,856,367,2105,5
2026-09-03 23:46:17,852,359,2098,5
2026-09-03 23:46:18,851,363,2094,5
2026-09-03 23:46:19,848,366,2094,5
2026-09-03 23:46:20,849,365,2095,5
2026-09-03 23:46:21,841,358,2096,5
2026-09-03 23:46:22,847,359,2084,5
2026-09-03 23:46:23,847,359,2095,5
2026-09-03 23:46:24,843,363,2092,5
2026-09-03 23:46:25,850,359,2092,5
2026-09-03 23:46:26,834,349,2088,5
2026-09-03 23:46:27,845,352,2085,5
2026-09-03 23:46:28,840,354,2093,5
2026-09-03 23:46:29,839,356,2084,5
2026-09-03 23:46:30,845,354,2092,5
2026-09-03 23:46:31,839,350,2081,5
2026-09-03 23:46:32,848,350,2089,5
2026-09-03 23:46:33,847,350,2085,5
2026-09-03 23:46:34,840,351,2080,5
2026-09-03 23:46:35,842,343,2084,5
2026-09-03 23:46:36,843,340,2088,5
2026-09-03 23:46:37,841,348,2085,5
2026-09-03 23:46:38,844,353,2089,5
2026-09-03 23:46:39,841,346,2082,5
2026-09-03 23:46:40,842,345,2087,5
2026-09-03 23:46:41,841,345,2090,5
2026-09-03 23:46:42,848,335,2086,5
2026-09-03 23:46:43,845,341,2092,5
2026-09-03 23:46:44,848,335,2080,5
2026-09-03 23:46:45,848,338,2090,5
2026-09-03 23:46:46,844,335,2088,5
2026-09-03 23:46:47,852,337,2085,5
2026-09-03 23:46:48,854,335,2087,5
2026-09-03 23:46:49,852,322,2087,5
2026-09-03 23:46:50,850,328,2090,5
2026-09-03 23:46:51,857,323,2096,5
2026-09-03 23:46:52,859,328,2086,5
2026-09-03 23:46:53,853,329,2082,5
2026-09-03 23:46:54,851,332,2088,5
2026-09-03 23:46:55,850,326,2084,5
2026-09-03 23:46:56,854,324,2085,5
2026-09-03 23:46:57,858,326,2082,5
2026-09-03 23:46:58,852,320,2086,5
2026-09-03 23:46:59,863,319,2090,5
2026-09-03 23:47:00,858,326,2085,5
2026-09-03 23:47:01,862,321,2083,5
2026-09-03 23:47:02,870,323,2084,5
2026-09-03 23:47:03,862,323,2083,5
2026-09-03 23:47:04,865,323,2087,5
2026-09-03 23:47:05,872,321,2082,5
2026-09-03 23:47:06,861,320,2096,5
2026-09-03 23:47:07,868,321,2085,5
2026-09-03 23:47:08,868,316,2082,5
2026-09-03 23:47:09,862,321,2084,5
2026-09-03 23:47:10,862,322,2087,5
2026-09-03 23:47:11,873,319,2089,5
2026-09-03 23:47:12,869,324,2090,5
2026-09-03 23:47:13,862,319,2091,5
2026-09-03 23:47:14,863,326,2094,5
2026-09-03 23:47:15,868,313,2090,5
2026-09-03 23:47:16,860,322,2091,5
2026-09-03 23:47:17,868,322,2093,5
2026-09-03 23:47:18,867,321,2086,5
2026-09-03 23:47:19,873,327,2090,5
2026-09-03 23:47:20,872,325,2096,5
2026-09-03 23:47:21,867,328,2087,5
2026-09-03 23:47:22,881,327,2090,5
2026-09-03 23:47:23,871,330,2096,5
2026-09-03 23:47:24,877,331,2095,5
2026-09-03 23:47:25,880,339,2098,5
2026-09-03 23:47:26,872,340,2091,5
2026-09-03 23:47:27,872,337,2094,5
2026-09-03 23:47:28,863,341,2095,5
2026-09-03 23:47:29,874,347,2099,5
2026-09-03 23:47:30,870,344,2101,5
2026-09-03 23:47:31,874,352,2100,5
2026-09-03 23:47:32,873,342,2096,5
2026-09-03 23:47:33,874,352,2103,5
2026-09-03 23:47:34,873,349,2100,5
2026-09-03 23:47:35,875,362,2093,5
2026-09-03 23:47:36,878,360,2103,5
2026-09-03 23:47:37,866,359,2095,5
2026-09-03 23:47:38,868,358,2100,5
2026-09-03 23:47:39,877,371,2094,5
2026-09-03 23:47:40,870,365,2090,5
2026-09-03 23:47:41,869,370,2096,5
2026-09-03 23:47:42,870,365,2104,5
2026-09-03 23:47:43,873,365,2100,5
2026-09-03 23:47:44,873,365,2106,5
2026-09-03 23:47:45,874,370,2099,5
2026-09-03 23:47:46,868,374,2102,5
2026-09-03 23:47:47,870,369,2099,5
2026-09-03 23:47:48,872,367,2102,5
2026-09-03 23:47:49,868,368,2110,5
2026-09-03 23:47:50,872,372,2100,5
2026-09-03 23:47:51,877,371,2105,5
2026-09-03 23:47:52,871,380,2104,5
2026-09-03 23:47:53,877,380,2099,5
2026-09-03 23:47:54,881,375,2103,5
2026-09-03 23:47:55,874,380,2095,5
2026-09-03 23:47:56,872,376,2094,5
2026-09-03 23:47:57,882,378,2095,5
2026-09-03 23:47:58,874,379,2092,5
2026-09-03 23:47:59,876,383,2104,5
2026-09-03 23:48:00,884,384,2097,5
2026-09-03 23:48:01,872,387,2096,5
2026-09-03 23:48:02,873,385,2098,5
2026-09-03 23:48:03,878,386,2099,5
2026-09-03 23:48:04,875,386,2100,5
2026-09-03 23:48:05,879,389,2099,5
2026-09-03 23:48:06,887,388,2101,5
2026-09-03 23:48:07,881,395,2105,5
2026-09-03 23:48:08,876,388,2100,5
2026-09-03 23:48:09,884,381,2100,5
2026-09-03 23:48:10,885,400,2103,5
2026-09-03 23:48:11,883,394,2103,5
2026-09-03 23:48:12,882,396,2096,5
2026-09-03 23:48:13,880,393,2099,5
2026-09-03 23:48:14,876,393,2108,5
2026-09-03 23:48:15,887,396,2099,5
2026-09-03 23:48:16,888,390,2105,5
2026-09-03 23:48:17,891,402,2111,5
2026-09-03 23:48:18,879,394,2101,5
2026-09-03 23:48:19,886,395,2100,5
2026-09-03 23:48:20,879,397,2097,5
2026-09-03 23:48:21,881,401,2097,5
2026-09-03 23:48:22,881,397,2101,5
2026-09-03 23:48:23,886,393,2100,5
2026-09-03 23:48:24,885,391,2092,5
2026-09-03 23:48:25,888,402,2100,5
2026-09-03 23:48:26,879,406,2094,5
2026-09-03 23:48:27,885,403,2092,5
2026-09-03 23:48:28,892,402,2091,5
2026-09-03 23:48:29,887,406,2095,5
2026-09-03 23:48:30,896,397,2100,5
2026-09-03 23:48:31,886,405,2103,5
2026-09-03 23:48:32,894,405,2098,5
2026-09-03 23:48:33,898,403,2103,5
2026-09-03 23:48:34,891,406,2099,5
2026-09-03 23:48:35,896,408,2097,5
2026-09-03 23:48:36,894,401,2099,5
2026-09-03 23:48:37,888,404,2098,5
2026-09-03 23:48:38,887,399,2104,5
2026-09-03 23:48:39,892,404,2102,5
2026-09-03 23:48:40,888,405,2102,5
2026-09-03 23:48:41,886,406,2104,5
2026-09-03 23:48:42,892,404,2105,5
2026-09-03 23:48:43,889,413,2101,5
2026-09-03 23:48:44,895,406,2104,5
2026-09-03 23:48:45,890,411,2100,5
2026-09-03 23:48:46,891,406,2113,5
2026-09-03 23:48:47,888,408,2097,5
2026-09-03 23:48:48,883,415,2099,5
2026-09-03 23:48:49,889,419,2113,5
2026-09-03 23:48:50,893,421,2106,5
2026-09-03 23:48:51,889,417,2107,5
2026-09-03 23:48:52,880,426,2103,5
2026-09-03 23:48:53,885,424,2110,5
2026-09-03 23:48:54,882,424,2100,5
2026-09-03 23:48:55,892,424,2104,5
2026-09-03 23:48:56,889,429,2105,5
2026-09-03 23:48:57,882,429,2102,5
2026-09-03 23:48:58,884,432,2098,5
2026-09-03 23:48:59,893,434,2103,5
2026-09-03 23:49:00,889,430,2108,5
2026-09-03 23:49:01,885,438,2109,5
2026-09-03 23:49:02,887,436,2104,5
2026-09-03 23:49:03,893,436,2106,5
2026-09-03 23:49:04,892,438,2102,5
2026-09-03 23:49:05,886,437,2111,5
2026-09-03 23:49:06,893,439,2100,5
2026-09-03 23:49:07,894,445,2099,5
2026-09-03 23:49:08,891,436,2105,5
2026-09-03 23:49:09,887,434,2104,5
2026-09-03 23:49:10,894,435,2099,5
2026-09-03 23:49:11,887,439,2106,7
2026-09-03 23:49:12,884,434,2101,7
2026-09-03 23:49:13,886,437,2093,7
2026-09-03 23:49:14,895,445,2102,7
2026-09-03 23:49:15,890,453,2097,7
2026-09-03 23:49:16,889,445,2107,7
2026-09-03 23:49:17,891,440,2093,7
2026-09-03 23:49:18,892,452,2107,7
2026-09-03 23:49:19,889,453,2103,7
2026-09-03 23:49:20,885,444,2108,7
2026-09-03 23:49:21,885,456,2107,7
2026-09-03 23:49:22,885,449,2111,7
2026-09-03 23:49:23,893,458,2100,7
2026-09-03 23:49:24,886,456,2100,7
2026-09-03 23:49:25,892,451,2101,7
2026-09-03 23:49:26,888,448,2094,7
2026-09-03 23:49:27,891,455,2096,7
2026-09-03 23:49:28,886,457,2099,7
2026-09-03 23:49:29,894,462,2098,7
2026-09-03 23:49:30,888,461,2100,7
2026-09-03 23:49:31,888,470,2094,7
2026-09-03 23:49:32,886,471,2106,7
2026-09-03 23:49:33,881,466,2095,7
2026-09-03 23:49:34,883,467,2092,7
2026-09-03 23:49:35,890,464,2096,7
2026-09-03 23:49:36,889,464,2097,7
2026-09-03 23:49:37,889,467,2105,7
2026-09-03 23:49:38,888,466,2104,7
2026-09-03 23:49:39,887,468,2104,7
2026-09-03 23:49:40,884,470,2108,7
2026-09-03 23:49:41,886,469,2106,7
2026-09-03 23:49:42,889,472,2106,7
2026-09-03 23:49:43,890,480,2106,7
2026-09-03 23:49:44,893,477,2108,7
2026-09-03 23:49:45,892,472,2108,7
2026-09-03 23:49:46,889,473,2108,7
2026-09-03 23:49:47,886,480,2106,7
2026-09-03 23:49:48,886,476,2106,7
2026-09-03 23:49:49,884,474,2107,7
2026-09-03 23:49:50,892,477,2111,7
2026-09-03 23:49:51,885,480,2104,7
2026-09-03 23:49:52,882,477,2106,7
2026-09-03 23:49:53,879,478,2100,7
2026-09-03 23:49:54,884,482,2101,7
2026-09-03 23:49:55,885,480,2105,7
2026-09-03 23:49:56,883,472,2102,7
2026-09-03 23:49:57,880,479,2098,7
2026-09-03 23:49:58,882,480,2094,7
2026-09-03 23:49:59,874,477,2099,7
2026-09-03 23:50:00,880,477,2101,7
2026-09-03 23:50:01,876,481,2104,7
2026-09-03 23:50:02,870,481,2102,7
2026-09-03 23:50:03,881,484,2106,7
2026-09-03 23:50:04,883,478,2103,7
2026-09-03 23:50:05,880,480,2108,7
2026-09-03 23:50:06,886,479,2103,7
2026-09-03 23:50:07,880,479,2101,7
2026-09-03 23:50:08,881,478,2104,7
2026-09-03 23:50:09,884,481,2107,7
2026-09-03 23:50:10,882,485,2099,7
2026-09-03 23:50:11,882,486,2102,7
2026-09-03 23:50:16,881,480,2106,7
2026-09-03 23:50:16,884,479,2109,7
2026-09-03 23:50:16,881,495,2100,7
2026-09-03 23:50:16,877,481,2110,7
2026-09-03 23:50:16,879,482,2107,7
2026-09-03 23:50:17,887,476,2107,7
2026-09-03 23:50:18,874,480,2108,7
2026-09-03 23:50:19,883,478,2108,7
2026-09-03 23:50:20,880,481,2111,7
2026-09-03 23:50:21,873,483,2105,7
2026-09-03 23:50:22,881,479,2103,7
2026-09-03 23:50:23,876,486,2106,7
2026-09-03 23:50:24,871,483,2098,7
2026-09-03 23:50:25,873,485,2107,7
2026-09-03 23:50:26,874,483,2103,7
2026-09-03 23:50:27,869,482,2099,7
2026-09-03 23:50:28,870,480,2100,7
2026-09-03 23:50:29,869,471,2097,7
2026-09-03 23:50:30,872,476,2100,7
2026-09-03 23:50:31,866,468,2105,7
2026-09-03 23:50:32,873,474,2103,7
2026-09-03 23:50:33,872,470,2106,7
2026-09-03 23:50:34,864,469,2100,7
2026-09-03 23:50:35,870,465,2104,7
2026-09-03 23:50:36,865,476,2104,7
2026-09-03 23:50:37,860,464,2109,7
2026-09-03 23:50:38,865,468,2104,7
2026-09-03 23:50:39,867,460,2105,7
2026-09-03 23:50:40,865,459,2099,7
2026-09-03 23:50:41,860,457,2099,7
2026-09-03 23:50:42,864,458,2100,7
2026-09-03 23:50:43,864,459,2091,7
2026-09-03 23:50:44,868,460,2102,7
2026-09-03 23:50:45,867,458,2101,7
2026-09-03 23:50:46,861,451,2098,7
2026-09-03 23:50:47,858,457,2096,7
2026-09-03 23:50:48,867,466,2107,7
2026-09-03 23:50:49,865,458,2102,7
2026-09-03 23:50:50,876,461,2105,7
2026-09-03 23:50:51,864,462,2112,7
2026-09-03 23:50:52,865,456,2105,7
2026-09-03 23:50:53,876,454,2103,7
2026-09-03 23:50:54,871,458,2108,7
2026-09-03 23:50:56,869,447,2105,7
2026-09-03 23:50:56,862,454,2092,7
2026-09-03 23:50:57,864,450,2101,7
2026-09-03 23:50:59,868,443,2101,7
2026-09-03 23:50:59,866,453,2106,7
2026-09-03 23:51:00,860,446,2095,7
2026-09-03 23:51:01,861,455,2106,7
2026-09-03 23:51:02,865,454,2106,7
2026-09-03 23:51:03,863,451,2101,7
2026-09-03 23:51:04,864,449,2099,7
2026-09-03 23:51:05,860,447,2105,7
2026-09-03 23:51:06,865,445,2104,7
2026-09-03 23:51:07,852,448,2113,7
2026-09-03 23:51:08,862,438,2105,7
2026-09-03 23:51:09,870,447,2112,7
2026-09-03 23:51:11,860,446,2110,7
2026-09-03 23:51:11,869,450,2113,7
2026-09-03 23:51:12,859,449,2111,7
2026-09-03 23:51:13,861,446,2103,7
2026-09-03 23:51:14,864,450,2117,7
2026-09-03 23:51:15,863,454,2112,7
2026-09-03 23:51:16,869,456,2115,7
2026-09-03 23:51:17,855,449,2107,7
2026-09-03 23:51:18,858,456,2106,7
2026-09-03 23:51:19,859,454,2115,7
2026-09-03 23:51:20,857,453,2114,7
2026-09-03 23:51:21,853,459,2115,7
2026-09-03 23:51:23,859,463,2109,7
2026-09-03 23:51:23,850,463,2107,7
2026-09-03 23:51:24,857,463,2113,7
2026-09-03 23:51:25,853,469,2114,7
2026-09-03 23:51:26,870,442,2118,7
2026-09-03 23:51:27,860,464,2110,7
2026-09-03 23:51:28,855,466,2110,7
2026-09-03 23:51:29,857,467,2116,7
2026-09-03 23:51:30,864,455,2120,7
2026-09-03 23:51:31,859,472,2113,7
2026-09-03 23:51:32,852,482,2116,7
2026-09-03 23:51:33,864,473,2116,7
2026-09-03 23:51:34,857,479,2121,7
2026-09-03 23:51:35,857,480,2123,7
2026-09-03 23:51:36,855,483,2121,7
2026-09-03 23:51:37,862,478,2120,7
2026-09-03 23:51:38,862,488,2112,7
2026-09-03 23:51:39,859,485,2121,7
2026-09-03 23:51:40,867,488,2117,7
2026-09-03 23:51:41,855,493,2122,7
2026-09-03 23:51:42,868,468,2126,7
2026-09-03 23:51:43,862,493,2114,7
2026-09-03 23:51:44,860,500,2124,7
2026-09-03 23:51:45,860,494,2121,7
2026-09-03 23:51:46,858,502,2124,7
2026-09-03 23:51:47,861,500,2120,7
2026-09-03 23:51:48,861,506,2124,7
2026-09-03 23:51:49,857,507,2126,7
2026-09-03 23:51:50,858,497,2114,7
2026-09-03 23:51:51,856,506,2126,7
2026-09-03 23:51:52,864,504,2120,7
2026-09-03 23:51:53,862,510,2121,7
2026-09-03 23:51:54,856,506,2116,7
2026-09-03 23:51:55,863,504,2118,7
2026-09-03 23:51:56,860,504,2117,7
2026-09-03 23:51:57,852,508,2127,7
2026-09-03 23:51:58,864,512,2116,7
2026-09-03 23:51:59,851,509,2115,7
2026-09-03 23:52:00,859,507,2120,7
2026-09-03 23:52:01,856,514,2115,7
2026-09-03 23:52:02,852,509,2117,7
2026-09-03 23:52:03,848,509,2107,7
2026-09-03 23:52:04,854,514,2113,7
2026-09-03 23:52:05,852,515,2109,7
2026-09-03 23:52:06,845,514,2112,7
2026-09-03 23:52:07,847,514,2116,7
2026-09-03 23:52:08,856,514,2111,7
2026-09-03 23:52:09,846,516,2108,7
2026-09-03 23:52:10,843,514,2102,7
2026-09-03 23:52:11,843,511,2112,7
2026-09-03 23:52:12,835,506,2108,7
2026-09-03 23:52:13,844,504,2113,7
2026-09-03 23:52:14,842,504,2104,7
2026-09-03 23:52:15,850,506,2101,7
2026-09-03 23:52:16,856,515,2101,7
2026-09-03 23:52:17,841,508,2100,7
2026-09-03 23:52:18,832,512,2099,7
2026-09-03 23:52:19,845,502,2099,7
2026-09-03 23:52:20,845,512,2101,7
2026-09-03 23:52:21,843,510,2109,7
2026-09-03 23:52:22,843,502,2102,7
2026-09-03 23:52:23,842,502,2101,7
2026-09-03 23:52:24,843,510,2105,7
2026-09-03 23:52:25,842,508,2105,7
2026-09-03 23:52:26,845,501,2106,7
2026-09-03 23:52:27,845,500,2104,7
2026-09-03 23:52:28,837,503,2092,7
2026-09-03 23:52:29,839,503,2101,7
2026-09-03 23:52:30,843,502,2099,7
2026-09-03 23:52:31,838,505,2100,7
2026-09-03 23:52:32,844,500,2102,7
2026-09-03 23:52:33,834,502,2095,7
2026-09-03 23:52:34,835,494,2103,7
2026-09-03 23:52:35,840,496,2102,7
2026-09-03 23:52:36,833,506,2097,7
2026-09-03 23:52:37,835,503,2105,7
2026-09-03 23:52:38,838,509,2104,7
2026-09-03 23:52:39,836,499,2099,7
2026-09-03 23:52:40,839,505,2105,7
2026-09-03 23:52:41,843,495,2099,7
2026-09-03 23:52:42,840,499,2101,7
2026-09-03 23:52:43,839,501,2099,7
2026-09-03 23:52:44,845,499,2094,7
2026-09-03 23:52:45,837,501,2099,7
2026-09-03 23:52:46,842,498,2097,7
2026-09-03 23:52:47,841,501,2103,7
2026-09-03 23:52:48,831,495,2098,7
2026-09-03 23:52:49,838,497,2094,7
2026-09-03 23:52:50,838,502,2101,7
2026-09-03 23:52:51,830,494,2098,7
2026-09-03 23:52:52,824,497,2094,7
2026-09-03 23:52:53,838,504,2101,7
2026-09-03 23:52:54,833,497,2097,7
2026-09-03 23:52:55,837,508,2104,7
2026-09-03 23:52:56,839,504,2095,7
2026-09-03 23:52:57,832,503,2100,7
2026-09-03 23:52:58,839,503,2108,7
2026-09-03 23:52:59,834,505,2090,7
2026-09-03 23:53:00,839,502,2104,7
2026-09-03 23:53:01,839,502,2103,7
2026-09-03 23:53:02,842,493,2103,7
2026-09-03 23:53:03,832,505,2104,7
2026-09-03 23:53:04,839,502,2102,7
2026-09-03 23:53:05,834,506,2095,7
2026-09-03 23:53:06,837,502,2097,7
2026-09-03 23:53:07,833,491,2097,7
2026-09-03 23:53:08,840,509,2094,7
2026-09-03 23:53:09,838,494,2088,7
2026-09-03 23:53:10,839,495,2096,7
2026-09-03 23:53:11,843,490,2089,7
2026-09-03 23:53:12,837,489,2088,7
2026-09-03 23:53:13,848,490,2084,7
2026-09-03 23:53:14,840,488,2084,7
2026-09-03 23:53:15,837,491,2086,7
2026-09-03 23:53:16,838,483,2086,7
2026-09-03 23:53:17,841,496,2087,7
2026-09-03 23:53:18,843,492,2090,7
2026-09-03 23:53:19,844,491,2095,7
2026-09-03 23:53:20,845,481,2092,7
2026-09-03 23:53:21,828,497,2091,7
2026-09-03 23:53:22,834,483,2094,7
2026-09-03 23:53:23,836,489,2084,7
2026-09-03 23:53:24,836,483,2089,7
2026-09-03 23:53:25,842,482,2085,7
2026-09-03 23:53:26,842,484,2079,7
2026-09-03 23:53:27,839,482,2085,7
2026-09-03 23:53:28,838,477,2087,7
2026-09-03 23:53:29,837,487,2082,7
2026-09-03 23:53:30,839,482,2083,7
2026-09-03 23:53:31,834,476,2072,7
2026-09-03 23:53:32,841,483,2086,7
2026-09-03 23:53:33,832,478,2080,7
2026-09-03 23:53:34,830,474,2078,7
2026-09-03 23:53:35,825,475,2086,7
2026-09-03 23:53:36,833,475,2084,7
2026-09-03 23:53:37,831,481,2081,7
2026-09-03 23:53:38,831,482,2082,7
2026-09-03 23:53:39,832,469,2079,7
2026-09-03 23:53:40,836,469,2086,7
2026-09-03 23:53:41,842,465,2082,7
2026-09-03 23:53:42,826,474,2081,7
2026-09-03 23:53:43,828,470,2083,7
2026-09-03 23:53:44,828,476,2074,7
2026-09-03 23:53:45,825,473,2073,7
2026-09-03 23:53:46,834,481,2084,7
2026-09-03 23:53:47,823,482,2074,7
2026-09-03 23:53:48,837,466,2069,7
2026-09-03 23:53:49,834,473,2078,7
2026-09-03 23:53:50,829,473,2081,7
2026-09-03 23:53:51,830,472,2078,7
2026-09-03 23:53:52,831,469,2081,7
2026-09-03 23:53:53,823,470,2076,7
2026-09-03 23:53:54,835,476,2075,7
2026-09-03 23:53:55,839,471,2075,7
2026-09-03 23:53:56,836,469,2079,7
2026-09-03 23:53:57,837,477,2080,7
2026-09-03 23:53:58,836,477,2085,7
2026-09-03 23:53:59,836,471,2083,7
2026-09-03 23:54:00,834,475,2075,7
2026-09-03 23:54:01,828,474,2080,7
2026-09-03 23:54:02,837,478,2084,7
2026-09-03 23:54:03,834,478,2079,7
2026-09-03 23:54:04,841,473,2081,7
2026-09-03 23:54:05,836,478,2078,7
2026-09-03 23:54:07,837,477,2077,7
2026-09-03 23:54:07,844,473,2077,7
2026-09-03 23:54:08,848,476,2079,7
2026-09-03 23:54:09,834,474,2077,7
2026-09-03 23:54:10,834,477,2075,7
2026-09-03 23:54:11,833,477,2068,7
2026-09-03 23:54:12,836,476,2075,7
2026-09-03 23:54:13,831,471,2078,7
2026-09-03 23:54:14,830,471,2077,7
2026-09-03 23:54:15,827,479,2066,7
2026-09-03 23:54:16,832,475,2070,7
2026-09-03 23:54:17,832,470,2075,7
2026-09-03 23:54:18,833,461,2071,7
2026-09-03 23:54:19,836,467,2078,7
2026-09-03 23:54:20,838,474,2077,7
2026-09-03 23:54:21,840,462,2076,7
2026-09-03 23:54:22,836,462,2074,7
2026-09-03 23:54:23,831,472,2067,7
2026-09-03 23:54:24,822,461,2072,7
2026-09-03 23:54:25,824,464,2060,7
2026-09-03 23:54:26,830,466,2067,7
2026-09-03 23:54:27,827,468,2064,7
2026-09-03 23:54:28,822,463,2065,7
2026-09-03 23:54:29,824,454,2069,7
2026-09-03 23:54:30,820,458,2065,7
2026-09-03 23:54:31,823,453,2057,7
2026-09-03 23:54:32,818,449,2062,7
2026-09-03 23:54:33,820,460,2062,7
2026-09-03 23:54:34,824,451,2061,7
2026-09-03 23:54:35,818,452,2059,7
2026-09-03 23:54:36,819,446,2062,7
2026-09-03 23:54:37,807,446,2064,7
2026-09-03 23:54:38,818,450,2065,7
2026-09-03 23:54:39,821,446,2063,7
2026-09-03 23:54:40,817,446,2060,7
2026-09-03 23:54:41,806,444,2066,7
2026-09-03 23:54:42,810,447,2060,7
2026-09-03 23:54:43,814,440,2060,7
2026-09-03 23:54:44,827,447,2060,7
2026-09-03 23:54:45,814,440,2060,7
2026-09-03 23:54:46,811,439,2062,7
2026-09-03 23:54:47,815,446,2062,7
2026-09-03 23:54:48,811,446,2062,7
2026-09-03 23:54:49,809,440,2055,7
2026-09-03 23:54:50,808,441,2060,7
2026-09-03 23:54:51,814,448,2062,7
2026-09-03 23:54:52,819,447,2063,7
2026-09-03 23:54:53,828,446,2054,7
2026-09-03 23:54:54,822,447,2061,7
2026-09-03 23:54:55,810,444,2056,7
2026-09-03 23:54:56,824,453,2062,7
2026-09-03 23:54:57,824,459,2054,7
2026-09-03 23:54:58,825,456,2055,7
2026-09-03 23:54:59,826,448,2056,7
2026-09-03 23:55:00,827,458,2053,7
2026-09-03 23:55:01,829,455,2059,7
2026-09-03 23:55:02,829,463,2053,7
2026-09-03 23:55:03,835,462,2059,7
2026-09-03 23:55:04,824,465,2054,7
2026-09-03 23:55:05,835,464,2058,7
2026-09-03 23:55:06,830,468,2057,7
2026-09-03 23:55:07,831,468,2051,7
2026-09-03 23:55:08,828,465,2051,7
2026-09-03 23:55:09,834,467,2049,7
2026-09-03 23:55:10,830,468,2053,7
2026-09-03 23:55:11,832,473,2050,7
2026-09-03 23:55:12,840,472,2046,7
2026-09-03 23:55:13,829,476,2046,7
2026-09-03 23:55:14,826,468,2047,7
2026-09-03 23:55:15,840,483,2040,7
2026-09-03 23:55:16,830,482,2037,7
2026-09-03 23:55:17,841,477,2039,7
2026-09-03 23:55:18,838,478,2045,7
2026-09-03 23:55:19,833,487,2048,7
2026-09-03 23:55:20,836,487,2044,7
2026-09-03 23:55:21,832,486,2043,7
2026-09-03 23:55:22,832,491,2047,7
2026-09-03 23:55:23,840,486,2044,7
2026-09-03 23:55:24,841,486,2042,7
2026-09-03 23:55:25,840,487,2034,7
2026-09-03 23:55:26,843,489,2041,7
2026-09-03 23:55:27,844,491,2045,7
2026-09-03 23:55:28,840,489,2038,7
2026-09-03 23:55:29,845,484,2035,7
2026-09-03 23:55:30,839,482,2033,7
2026-09-03 23:55:31,840,490,2034,7
2026-09-03 23:55:32,838,493,2035,7
2026-09-03 23:55:33,838,487,2037,7
2026-09-03 23:55:34,838,493,2040,7
2026-09-03 23:55:35,850,495,2041,7
2026-09-03 23:55:36,849,488,2041,7
2026-09-03 23:55:37,835,489,2036,7
2026-09-03 23:55:38,841,493,2035,7
2026-09-03 23:55:39,834,491,2037,7
2026-09-03 23:55:40,839,500,2037,7
2026-09-03 23:55:41,829,498,2034,7
2026-09-03 23:55:42,837,499,2029,7
2026-09-03 23:55:43,840,495,2037,7
2026-09-03 23:55:44,846,489,2036,7
2026-09-03 23:55:45,841,497,2037,7
2026-09-03 23:55:46,832,499,2036,7
2026-09-03 23:55:47,843,493,2036,7
2026-09-03 23:55:48,840,496,2031,7
2026-09-03 23:55:49,841,493,2037,7
2026-09-03 23:55:50,837,499,2036,7
2026-09-03 23:55:51,836,500,2036,7
2026-09-03 23:55:52,838,498,2037,7
2026-09-03 23:55:53,832,502,2032,7
2026-09-03 23:55:54,834,507,2034,7
2026-09-03 23:55:55,832,507,2030,7
2026-09-03 23:55:56,837,498,2034,7
2026-09-03 23:55:57,830,502,2034,7
2026-09-03 23:55:58,836,508,2035,7
2026-09-03 23:55:59,833,500,2030,7
2026-09-03 23:56:00,833,506,2028,7
2026-09-03 23:56:01,836,503,2022,7
2026-09-03 23:56:02,828,501,2023,7
2026-09-03 23:56:03,838,498,2026,7
2026-09-03 23:56:04,833,513,2018,7
2026-09-03 23:56:05,833,509,2022,7
2026-09-03 23:56:06,833,507,2025,7
2026-09-03 23:56:07,834,506,2028,7
2026-09-03 23:56:08,829,504,2020,7
2026-09-03 23:56:09,824,502,2025,7
2026-09-03 23:56:10,834,500,2020,7
2026-09-03 23:56:11,830,504,2020,7
2026-09-03 23:56:12,826,503,2013,7
2026-09-03 23:56:13,826,504,2006,7
2026-09-03 23:56:14,831,505,2009,7
2026-09-03 23:56:15,828,506,2012,7
2026-09-03 23:56:16,825,511,2009,7
2026-09-03 23:56:17,820,504,2006,7
2026-09-03 23:56:18,825,502,2004,7
2026-09-03 23:56:19,822,501,2012,7
2026-09-03 23:56:20,825,505,2005,7
2026-09-03 23:56:21,833,501,2004,7
2026-09-03 23:56:22,830,497,2004,7
2026-09-03 23:56:23,827,506,2002,7
2026-09-03 23:56:24,837,508,2007,7
2026-09-03 23:56:25,822,503,2007,7
2026-09-03 23:56:26,828,501,2004,7
2026-09-03 23:56:27,823,497,2003,7
2026-09-03 23:56:28,829,495,2010,7
2026-09-03 23:56:29,837,502,1998,7
2026-09-03 23:56:30,830,503,2003,7
2026-09-03 23:56:31,830,502,2005,7
2026-09-03 23:56:32,817,499,2014,7
2026-09-03 23:56:33,825,499,2004,7
2026-09-03 23:56:34,829,493,2007,7
2026-09-03 23:56:35,818,505,2013,7
2026-09-03 23:56:36,819,505,1998,7
2026-09-03 23:56:37,823,507,2004,7
2026-09-03 23:56:38,813,498,2010,7
2026-09-03 23:56:39,822,504,2005,7
2026-09-03 23:56:40,816,506,2013,7
2026-09-03 23:56:41,811,505,2001,7
2026-09-03 23:56:42,819,506,2006,7
2026-09-03 23:56:43,824,500,1999,7
2026-09-03 23:56:44,823,505,2006,7
2026-09-03 23:56:45,820,502,2001,7
2026-09-03 23:56:46,821,513,2002,7
2026-09-03 23:56:47,817,509,1997,7
2026-09-03 23:56:48,823,507,1996,7
2026-09-03 23:56:49,820,503,2001,7
2026-09-03 23:56:50,816,508,1997,7
2026-09-03 23:56:51,812,506,2002,7
2026-09-03 23:56:52,819,507,1995,7
2026-09-03 23:56:53,820,513,1993,7
2026-09-03 23:56:54,821,508,1995,7
2026-09-03 23:56:55,814,514,1997,7
2026-09-03 23:56:56,810,519,1995,7
2026-09-03 23:56:57,819,517,2003,7
2026-09-03 23:56:58,815,516,1993,7
2026-09-03 23:56:59,811,516,1998,7
2026-09-03 23:57:00,811,509,1997,7
2026-09-03 23:57:01,815,514,1994,7
2026-09-03 23:57:02,817,513,1998,7
2026-09-03 23:57:03,833,524,1996,7
2026-09-03 23:57:04,821,519,1997,7
2026-09-03 23:57:05,822,515,1994,7
2026-09-03 23:57:06,823,515,1991,7
2026-09-03 23:57:07,828,518,1997,7
2026-09-03 23:57:08,834,519,1996,7
2026-09-03 23:57:09,827,516,1996,7
2026-09-03 23:57:10,832,525,2001,7
2026-09-03 23:57:11,829,517,1998,7
2026-09-03 23:57:12,828,516,1991,7
2026-09-03 23:57:13,829,528,1994,7
2026-09-03 23:57:14,833,525,2001,7
2026-09-03 23:57:15,835,521,1995,7
2026-09-03 23:57:16,835,514,1998,7
2026-09-03 23:57:17,838,517,1991,7
2026-09-03 23:57:18,837,530,1991,7
2026-09-03 23:57:19,844,518,1993,7
2026-09-03 23:57:20,846,518,1994,7
2026-09-03 23:57:21,845,523,1987,7
2026-09-03 23:57:22,839,527,1992,7
2026-09-03 23:57:23,847,524,1992,7
2026-09-03 23:57:24,853,528,1987,7
2026-09-03 23:57:25,848,528,1990,7
2026-09-03 23:57:26,849,532,1990,7
2026-09-03 23:57:27,850,533,1990,7
2026-09-03 23:57:28,848,529,1985,7
2026-09-03 23:57:29,854,524,1988,7
2026-09-03 23:57:30,853,520,1989,7
2026-09-03 23:57:31,853,530,1989,7
2026-09-03 23:57:32,844,537,1985,7
2026-09-03 23:57:33,853,540,1983,7
2026-09-03 23:57:34,853,531,1984,7
2026-09-03 23:57:35,850,536,1986,7
2026-09-03 23:57:36,859,530,1985,7
2026-09-03 23:57:37,851,529,1990,7
2026-09-03 23:57:38,851,533,1981,7
2026-09-03 23:57:39,852,533,1985,7
2026-09-03 23:57:40,846,536,1981,7
2026-09-03 23:57:41,841,529,1986,7
2026-09-03 23:57:42,841,540,1981,7
2026-09-03 23:57:43,842,539,1984,7
2026-09-03 23:57:44,846,541,1988,7
2026-09-03 23:57:45,849,542,1986,7
2026-09-03 23:57:46,844,549,1981,7
2026-09-03 23:57:47,846,546,1987,7
2026-09-03 23:57:48,843,548,1986,7
2026-09-03 23:57:49,837,548,1989,7
2026-09-03 23:57:50,846,552,1990,7
2026-09-03 23:57:51,838,543,1995,7
2026-09-03 23:57:52,836,548,1992,7
2026-09-03 23:57:53,835,543,1991,7
2026-09-03 23:57:54,840,546,1993,7
2026-09-03 23:57:55,834,534,1989,7
2026-09-03 23:57:56,829,544,1988,7
2026-09-03 23:57:57,828,542,1997,7
2026-09-03 23:57:58,840,540,1997,7
2026-09-03 23:57:59,830,532,1992,7
2026-09-03 23:58:00,831,538,1997,7
2026-09-03 23:58:01,824,532,1992,7
2026-09-03 23:58:02,828,529,1995,7
2026-09-03 23:58:03,828,531,1999,7
2026-09-03 23:58:04,835,534,1998,7
2026-09-03 23:58:05,825,531,2003,7
2026-09-03 23:58:06,827,531,2004,7
2026-09-03 23:58:07,832,529,2003,7
2026-09-03 23:58:08,827,532,1996,7
2026-09-03 23:58:09,821,535,2006,7
2026-09-03 23:58:10,821,530,2011,7
2026-09-03 23:58:11,824,534,2004,7
2026-09-03 23:58:12,819,524,2008,7
2026-09-03 23:58:13,824,523,2003,7
2026-09-03 23:58:14,821,525,2003,7
2026-09-03 23:58:15,820,530,2008,7
2026-09-03 23:58:16,818,526,2014,7
2026-09-03 23:58:17,818,529,2010,7
2026-09-03 23:58:18,821,532,2013,7
2026-09-03 23:58:19,818,525,2018,7
2026-09-03 23:58:20,813,534,2024,7
2026-09-03 23:58:21,821,534,2013,7
2026-09-03 23:58:22,822,528,2020,7
2026-09-03 23:58:23,812,530,2024,7
2026-09-03 23:58:24,809,533,2017,7
2026-09-03 23:58:25,816,530,2021,7
2026-09-03 23:58:26,816,529,2018,7
2026-09-03 23:58:27,813,535,2027,7
2026-09-03 23:58:28,811,530,2018,7
2026-09-03 23:58:29,818,531,2019,7
2026-09-03 23:58:30,812,540,2019,7
2026-09-03 23:58:31,826,536,2022,7
2026-09-03 23:58:32,812,538,2027,7
2026-09-03 23:58:33,830,536,2026,7
2026-09-03 23:58:34,815,540,2032,7
2026-09-03 23:58:35,828,541,2012,7
2026-09-03 23:58:36,820,545,2014,7
2026-09-03 23:58:37,824,546,2025,7
2026-09-03 23:58:38,828,537,2026,7
2026-09-03 23:58:39,821,552,2019,7
2026-09-03 23:58:40,825,551,2016,7
2026-09-03 23:58:41,817,544,2019,7
2026-09-03 23:58:42,829,556,2018,7
2026-09-03 23:58:43,831,553,2022,7
2026-09-03 23:58:44,831,552,2015,7
2026-09-03 23:58:45,826,550,2020,7
2026-09-03 23:58:46,825,549,2017,7
2026-09-03 23:58:47,822,551,2015,7
2026-09-03 23:58:48,828,560,2032,7
2026-09-03 23:58:49,828,549,2021,7
2026-09-03 23:58:50,822,557,2027,7
2026-09-03 23:58:51,821,560,2020,7
2026-09-03 23:58:52,830,552,2027,7
2026-09-03 23:58:53,821,564,2027,7
2026-09-03 23:58:54,823,560,2032,7
2026-09-03 23:58:55,822,554,2030,7
2026-09-03 23:58:56,825,564,2028,7
2026-09-03 23:58:57,827,560,2034,7
2026-09-03 23:58:58,820,562,2030,7
2026-09-03 23:58:59,818,562,2030,7
2026-09-03 23:59:00,820,556,2029,7
2026-09-03 23:59:01,819,570,2032,7
2026-09-03 23:59:02,817,553,2036,7
2026-09-03 23:59:03,819,564,2042,7
2026-09-03 23:59:04,822,556,2037,7
2026-09-03 23:59:05,816,563,2031,7
2026-09-03 23:59:06,815,564,2040,7
2026-09-03 23:59:07,818,561,2039,7
2026-09-03 23:59:08,810,564,2044,7
2026-09-03 23:59:09,809,561,2046,7
2026-09-03 23:59:10,812,562,2048,7
2026-09-03 23:59:11,815,567,2040,7
2026-09-03 23:59:12,812,570,2046,7
2026-09-03 23:59:13,811,561,2053,7
2026-09-03 23:59:14,811,564,2052,7
2026-09-03 23:59:15,811,563,2047,7
2026-09-03 23:59:16,811,572,2049,7
2026-09-03 23:59:17,810,571,2055,7
2026-09-03 23:59:18,808,568,2057,7
2026-09-03 23:59:19,817,572,2043,7
2026-09-03 23:59:20,819,570,2051,7
2026-09-03 23:59:21,805,575,2051,7
2026-09-03 23:59:22,808,575,2059,7
2026-09-03 23:59:23,816,578,2052,7
2026-09-03 23:59:24,807,579,2057,7
2026-09-03 23:59:25,821,574,2054,7
2026-09-03 23:59:26,806,582,2057,7
2026-09-03 23:59:27,796,580,2052,7
2026-09-03 23:59:28,811,590,2049,7
2026-09-03 23:59:29,803,582,2053,7
2026-09-03 23:59:30,806,584,2050,7
2026-09-03 23:59:31,797,588,2052,7
2026-09-03 23:59:32,800,587,2062,7
2026-09-03 23:59:33,802,590,2058,7
2026-09-03 23:59:34,804,589,2061,7
2026-09-03 23:59:35,811,591,2043,7
2026-09-03 23:59:36,802,586,2048,7
2026-09-03 23:59:37,807,591,2047,7
2026-09-03 23:59:38,807,595,2051,7
2026-09-03 23:59:39,803,597,2053,7
2026-09-03 23:59:40,812,592,2054,7
2026-09-03 23:59:41,798,592,2048,7
2026-09-03 23:59:42,806,582,2055,7
2026-09-03 23:59:43,797,588,2053,7
2026-09-03 23:59:44,800,589,2047,7
2026-09-03 23:59:45,800,585,2052,7
2026-09-03 23:59:46,799,597,2047,7
2026-09-03 23:59:47,801,589,2044,7
2026-09-03 23:59:48,798,591,2044,7
2026-09-03 23:59:49,803,588,2045,7
2026-09-03 23:59:50,801,591,2046,7
2026-09-03 23:59:51,809,590,2040,7
2026-09-03 23:59:52,802,584,2043,7
2026-09-03 23:59:53,805,582,2042,7
2026-09-03 23:59:54,803,588,2049,7
2026-09-03 23:59:55,806,587,2043,7
2026-09-03 23:59:56,804,585,2046,7
2026-09-03 23:59:57,803,592,2045,7
2026-09-03 23:59:58,806,589,2041,7
2026-09-03 23:59:59,804,591,2045,7
